v -0.020000 0.041641 0.014800
v -0.021405 0.041703 0.015000
v -0.021366 0.041507 0.014800
v -0.022679 0.041108 0.014800
v -0.025091 0.039732 0.015000
v -0.024950 0.039591 0.014800
v -0.023889 0.040461 0.014800
v -0.026865 0.036007 0.014800
v -0.026467 0.037320 0.014800
v -0.026652 0.037396 0.015000
v -0.024000 0.040628 0.015000
v -0.022755 0.041293 0.015000
v -0.020000 0.041841 0.015000
v -0.025987 0.038641 0.015000
v -0.025820 0.038530 0.014800
v -0.027062 0.036046 0.015000
v -0.021405 0.027579 0.015000
v -0.020000 0.027441 0.015000
v -0.020000 0.027641 0.014800
v -0.026467 0.031962 0.014800
v -0.026865 0.033275 0.014800
v -0.027062 0.033236 0.015000
v -0.026652 0.031886 0.015000
v -0.025820 0.030752 0.014800
v -0.027000 0.034641 0.014800
v -0.027200 0.034641 0.015000
v -0.021366 0.027776 0.014800
v -0.022679 0.028174 0.014800
v -0.023889 0.028821 0.014800
v -0.022755 0.027989 0.015000
v -0.025987 0.030641 0.015000
v -0.024950 0.029691 0.014800
v -0.025091 0.029550 0.015000
v -0.024000 0.028654 0.015000
v -0.042679 0.006467 0.014800
v -0.041366 0.006865 0.014800
v -0.041405 0.007062 0.015000
v -0.040000 0.007000 0.014800
v -0.040000 0.007200 0.015000
v -0.045091 0.005091 0.015000
v -0.044950 0.004950 0.014800
v -0.043889 0.005820 0.014800
v -0.044000 0.005987 0.015000
v -0.045820 0.003889 0.014800
v -0.042755 0.006652 0.015000
v -0.045987 0.004000 0.015000
v -0.046652 0.002755 0.015000
v -0.047062 0.001405 0.015000
v -0.046467 0.002679 0.014800
v -0.046865 0.001366 0.014800
v -0.041405 -0.007062 0.015000
v -0.040000 -0.007200 0.015000
v -0.040000 -0.007000 0.014800
v -0.046467 -0.002679 0.014800
v -0.046865 -0.001366 0.014800
v -0.046652 -0.002755 0.015000
v -0.045820 -0.003889 0.014800
v -0.047000 -0.000000 0.014800
v -0.047062 -0.001405 0.015000
v -0.045091 -0.005091 0.015000
v -0.044950 -0.004950 0.014800
v -0.042679 -0.006467 0.014800
v -0.043889 -0.005820 0.014800
v -0.042755 -0.006652 0.015000
v -0.044000 -0.005987 0.015000
v -0.041366 -0.006865 0.014800
v -0.047200 -0.000000 0.015000
v -0.045987 -0.004000 0.015000
v -0.021366 -0.027776 0.014800
v -0.022755 -0.027989 0.015000
v -0.022679 -0.028174 0.014800
v -0.021405 -0.027579 0.015000
v -0.020000 -0.027641 0.014800
v -0.026865 -0.033275 0.014800
v -0.026467 -0.031962 0.014800
v -0.026652 -0.031886 0.015000
v -0.025820 -0.030752 0.014800
v -0.023889 -0.028821 0.014800
v -0.020000 -0.027441 0.015000
v -0.025091 -0.029550 0.015000
v -0.024950 -0.029691 0.014800
v -0.024000 -0.028654 0.015000
v -0.025987 -0.030641 0.015000
v -0.027062 -0.033236 0.015000
v -0.021366 -0.041507 0.014800
v -0.020000 -0.041841 0.015000
v -0.020000 -0.041641 0.014800
v -0.026865 -0.036007 0.014800
v -0.027000 -0.034641 0.014800
v -0.027200 -0.034641 0.015000
v -0.025987 -0.038641 0.015000
v -0.025820 -0.038530 0.014800
v -0.026467 -0.037320 0.014800
v -0.027062 -0.036046 0.015000
v -0.022755 -0.041293 0.015000
v -0.022679 -0.041108 0.014800
v -0.023889 -0.040461 0.014800
v -0.021405 -0.041703 0.015000
v -0.024950 -0.039591 0.014800
v -0.025091 -0.039732 0.015000
v -0.026652 -0.037396 0.015000
v -0.024000 -0.040628 0.015000
v 0.018634 -0.027776 0.014800
v 0.017245 -0.027989 0.015000
v 0.017321 -0.028174 0.014800
v 0.020000 -0.027641 0.014800
v 0.018595 -0.027579 0.015000
v 0.013533 -0.031962 0.014800
v 0.014180 -0.030752 0.014800
v 0.013348 -0.031886 0.015000
v 0.015050 -0.029691 0.014800
v 0.014909 -0.029550 0.015000
v 0.013135 -0.033275 0.014800
v 0.020000 -0.027441 0.015000
v 0.016000 -0.028654 0.015000
v 0.016111 -0.028821 0.014800
v 0.014013 -0.030641 0.015000
v 0.012938 -0.033236 0.015000
v 0.018634 -0.041507 0.014800
v 0.020000 -0.041841 0.015000
v 0.020000 -0.041641 0.014800
v 0.013533 -0.037320 0.014800
v 0.013135 -0.036007 0.014800
v 0.012938 -0.036046 0.015000
v 0.013000 -0.034641 0.014800
v 0.012800 -0.034641 0.015000
v 0.013348 -0.037396 0.015000
v 0.014180 -0.038530 0.014800
v 0.017245 -0.041293 0.015000
v 0.017321 -0.041108 0.014800
v 0.016111 -0.040461 0.014800
v 0.018595 -0.041703 0.015000
v 0.015050 -0.039591 0.014800
v 0.014013 -0.038641 0.015000
v 0.014909 -0.039732 0.015000
v 0.016000 -0.040628 0.015000
v 0.037321 0.006467 0.014800
v 0.038634 0.006865 0.014800
v 0.038595 0.007062 0.015000
v 0.040000 0.007000 0.014800
v 0.040000 0.007200 0.015000
v 0.034909 0.005091 0.015000
v 0.035050 0.004950 0.014800
v 0.036111 0.005820 0.014800
v 0.036000 0.005987 0.015000
v 0.034180 0.003889 0.014800
v 0.037245 0.006652 0.015000
v 0.034013 0.004000 0.015000
v 0.033348 0.002755 0.015000
v 0.032938 0.001405 0.015000
v 0.033533 0.002679 0.014800
v 0.033135 0.001366 0.014800
v 0.038595 -0.007062 0.015000
v 0.040000 -0.007200 0.015000
v 0.040000 -0.007000 0.014800
v 0.033533 -0.002679 0.014800
v 0.033135 -0.001366 0.014800
v 0.033348 -0.002755 0.015000
v 0.034180 -0.003889 0.014800
v 0.033000 -0.000000 0.014800
v 0.032938 -0.001405 0.015000
v 0.034909 -0.005091 0.015000
v 0.035050 -0.004950 0.014800
v 0.037321 -0.006467 0.014800
v 0.036111 -0.005820 0.014800
v 0.037245 -0.006652 0.015000
v 0.036000 -0.005987 0.015000
v 0.038634 -0.006865 0.014800
v 0.032800 -0.000000 0.015000
v 0.034013 -0.004000 0.015000
v 0.020000 0.041641 0.014800
v 0.018595 0.041703 0.015000
v 0.018634 0.041507 0.014800
v 0.017245 0.041293 0.015000
v 0.017321 0.041108 0.014800
v 0.013533 0.037320 0.014800
v 0.014180 0.038530 0.014800
v 0.013348 0.037396 0.015000
v 0.015050 0.039591 0.014800
v 0.014013 0.038641 0.015000
v 0.013135 0.036007 0.014800
v 0.020000 0.041841 0.015000
v 0.016000 0.040628 0.015000
v 0.014909 0.039732 0.015000
v 0.016111 0.040461 0.014800
v 0.012938 0.036046 0.015000
v 0.018595 0.027579 0.015000
v 0.020000 0.027441 0.015000
v 0.020000 0.027641 0.014800
v 0.013533 0.031962 0.014800
v 0.013135 0.033275 0.014800
v 0.012938 0.033236 0.015000
v 0.013348 0.031886 0.015000
v 0.014180 0.030752 0.014800
v 0.013000 0.034641 0.014800
v 0.012800 0.034641 0.015000
v 0.018634 0.027776 0.014800
v 0.017321 0.028174 0.014800
v 0.016111 0.028821 0.014800
v 0.017245 0.027989 0.015000
v 0.014013 0.030641 0.015000
v 0.015050 0.029691 0.014800
v 0.014909 0.029550 0.015000
v 0.016000 0.028654 0.015000
v -0.003088 0.031348 0.016000
v 0.000000 0.031500 0.016000
v 0.000000 0.031576 0.015617
v -0.003095 0.031424 0.015617
v -0.003088 -0.031348 0.016000
v 0.000000 -0.031576 0.015617
v 0.000000 -0.031500 0.016000
v -0.006160 0.030969 0.015617
v -0.006145 0.030895 0.016000
v -0.009144 0.030144 0.016000
v -0.009166 0.030216 0.015617
v -0.012055 0.029102 0.016000
v -0.014849 0.027781 0.016000
v -0.012084 0.029173 0.015617
v 0.000000 0.031793 0.015293
v -0.006202 0.031182 0.015293
v -0.003116 0.031640 0.015293
v -0.006266 0.031500 0.015076
v -0.009229 0.030424 0.015293
v 0.000000 0.032117 0.015076
v -0.012167 0.029373 0.015293
v -0.014987 0.028039 0.015293
v -0.014885 0.027848 0.015617
v -0.012291 0.029673 0.015076
v -0.009323 0.030734 0.015076
v -0.017500 0.026191 0.016000
v -0.003095 -0.031424 0.015617
v 0.000000 -0.031793 0.015293
v -0.017543 0.026255 0.015617
v -0.019983 0.024350 0.016000
v -0.022328 0.022328 0.015617
v -0.024350 0.019983 0.016000
v -0.022274 0.022274 0.016000
v -0.024409 0.020032 0.015617
v -0.026191 0.017500 0.016000
v -0.020032 0.024409 0.015617
v -0.029173 0.012084 0.015617
v -0.029102 0.012055 0.016000
v -0.027781 0.014849 0.016000
v -0.030969 0.006160 0.015617
v -0.030895 0.006145 0.016000
v -0.030144 0.009144 0.016000
v -0.031424 0.003095 0.015617
v -0.031348 0.003088 0.016000
v -0.030216 0.009166 0.015617
v -0.027848 0.014885 0.015617
v -0.017663 0.026435 0.015293
v -0.022481 0.022481 0.015293
v -0.020169 0.024576 0.015293
v -0.024576 0.020169 0.015293
v -0.026255 0.017543 0.015617
v -0.026435 0.017663 0.015293
v -0.028039 0.014987 0.015293
v -0.030424 0.009229 0.015293
v -0.031182 0.006202 0.015293
v -0.029373 0.012167 0.015293
v -0.031640 0.003116 0.015293
v -0.031576 0.000000 0.015617
v -0.031500 0.000000 0.016000
v -0.015140 0.028325 0.015076
v -0.006340 0.031876 0.015000
v -0.003148 0.031963 0.015076
v -0.009434 0.031101 0.015000
v 0.000000 0.032500 0.015000
v -0.020375 0.024827 0.015076
v -0.015320 0.028662 0.015000
v -0.017843 0.026705 0.015076
v -0.018056 0.027023 0.015000
v -0.012437 0.030026 0.015000
v -0.003186 0.032344 0.015000
v -0.020618 0.025123 0.015000
v -0.022981 0.022981 0.015000
v -0.022710 0.022710 0.015076
v -0.003148 -0.031963 0.015076
v 0.000000 -0.032500 0.015000
v 0.000000 -0.032117 0.015076
v -0.024827 0.020375 0.015076
v -0.026705 0.017843 0.015076
v -0.028325 0.015140 0.015076
v -0.030734 0.009323 0.015076
v -0.029673 0.012291 0.015076
v -0.031500 0.006266 0.015076
v -0.025123 0.020618 0.015000
v -0.028662 0.015320 0.015000
v -0.027023 0.018056 0.015000
v -0.030026 0.012437 0.015000
v -0.031101 0.009434 0.015000
v -0.031876 0.006340 0.015000
v -0.032344 0.003186 0.015000
v -0.031963 0.003148 0.015076
v -0.003116 -0.031640 0.015293
v -0.031424 -0.003095 0.015617
v -0.031348 -0.003088 0.016000
v -0.030969 -0.006160 0.015617
v -0.030895 -0.006145 0.016000
v -0.031640 -0.003116 0.015293
v -0.031793 0.000000 0.015293
v -0.030216 -0.009166 0.015617
v -0.029102 -0.012055 0.016000
v -0.027848 -0.014885 0.015617
v -0.027781 -0.014849 0.016000
v -0.029173 -0.012084 0.015617
v -0.030144 -0.009144 0.016000
v -0.026255 -0.017543 0.015617
v -0.026191 -0.017500 0.016000
v -0.031182 -0.006202 0.015293
v -0.030424 -0.009229 0.015293
v -0.031963 -0.003148 0.015076
v -0.031500 -0.006266 0.015076
v -0.032117 0.000000 0.015076
v -0.028039 -0.014987 0.015293
v -0.029673 -0.012291 0.015076
v -0.029373 -0.012167 0.015293
v -0.028325 -0.015140 0.015076
v -0.026435 -0.017663 0.015293
v -0.030734 -0.009323 0.015076
v -0.024409 -0.020032 0.015617
v -0.022274 -0.022274 0.016000
v -0.020032 -0.024409 0.015617
v -0.019983 -0.024350 0.016000
v -0.022328 -0.022328 0.015617
v -0.024350 -0.019983 0.016000
v -0.017543 -0.026255 0.015617
v -0.017500 -0.026191 0.016000
v -0.014849 -0.027781 0.016000
v -0.014885 -0.027848 0.015617
v -0.009144 -0.030144 0.016000
v -0.012055 -0.029102 0.016000
v -0.009166 -0.030216 0.015617
v -0.006145 -0.030895 0.016000
v -0.006160 -0.030969 0.015617
v -0.012084 -0.029173 0.015617
v -0.022481 -0.022481 0.015293
v -0.024576 -0.020169 0.015293
v -0.020169 -0.024576 0.015293
v -0.024827 -0.020375 0.015076
v -0.017663 -0.026435 0.015293
v -0.014987 -0.028039 0.015293
v -0.009229 -0.030424 0.015293
v -0.006202 -0.031182 0.015293
v -0.012167 -0.029373 0.015293
v -0.026705 -0.017843 0.015076
v -0.032500 -0.000000 0.015000
v -0.031876 -0.006340 0.015000
v -0.031101 -0.009434 0.015000
v -0.032344 -0.003186 0.015000
v -0.027023 -0.018056 0.015000
v -0.025123 -0.020618 0.015000
v -0.022710 -0.022710 0.015076
v -0.028662 -0.015320 0.015000
v -0.030026 -0.012437 0.015000
v -0.022981 -0.022981 0.015000
v -0.020618 -0.025123 0.015000
v -0.020375 -0.024827 0.015076
v -0.017843 -0.026705 0.015076
v -0.015140 -0.028325 0.015076
v -0.018056 -0.027023 0.015000
v -0.012291 -0.029673 0.015076
v -0.006266 -0.031500 0.015076
v -0.009323 -0.030734 0.015076
v -0.015320 -0.028662 0.015000
v -0.012437 -0.030026 0.015000
v -0.009434 -0.031101 0.015000
v -0.006340 -0.031876 0.015000
v -0.003186 -0.032344 0.015000
v -0.001531 0.036304 0.005000
v -0.001531 0.036304 0.013200
v -0.000780 0.036077 0.013200
v -0.000780 0.036077 0.005000
v -0.000000 0.036000 0.013200
v -0.002828 0.037172 0.005000
v -0.002828 0.037172 0.013200
v -0.002222 0.036674 0.013200
v -0.003696 0.038469 0.005000
v -0.003696 0.038469 0.013200
v -0.003326 0.037778 0.013200
v -0.003326 0.037778 0.005000
v -0.002222 0.036674 0.005000
v -0.000000 0.036000 0.005000
v -0.003923 0.039220 0.005000
v -0.003923 0.039220 0.013200
v -0.000780 0.043923 0.005000
v -0.000000 0.044000 0.005000
v -0.000000 0.044000 0.013200
v -0.003923 0.040780 0.005000
v -0.003923 0.040780 0.013200
v -0.004000 0.040000 0.013200
v -0.003326 0.042222 0.005000
v -0.003326 0.042222 0.013200
v -0.003696 0.041531 0.013200
v -0.003696 0.041531 0.005000
v -0.002222 0.043326 0.005000
v -0.002222 0.043326 0.013200
v -0.002828 0.042828 0.013200
v -0.000780 0.043923 0.013200
v -0.001531 0.043696 0.013200
v -0.001531 0.043696 0.005000
v -0.002828 0.042828 0.005000
v -0.004000 0.040000 0.005000
v 0.003088 0.031348 0.020500
v 0.000000 0.030500 0.021500
v 0.002990 0.030353 0.021500
v 0.009144 0.030144 0.020500
v 0.005950 0.029914 0.021500
v 0.008854 0.029187 0.021500
v 0.006145 0.030895 0.020500
v 0.014849 0.027781 0.020500
v 0.011672 0.028178 0.021500
v 0.014378 0.026899 0.021500
v 0.019983 0.024350 0.020500
v 0.016945 0.025360 0.021500
v 0.019349 0.023577 0.021500
v 0.017500 0.026191 0.020500
v 0.012055 0.029102 0.020500
v 0.023577 0.019349 0.021500
v 0.025360 0.016945 0.021500
v 0.026191 0.017500 0.020500
v 0.029187 0.008854 0.021500
v 0.029102 0.012055 0.020500
v 0.028178 0.011672 0.021500
v 0.030895 0.006145 0.020500
v 0.029914 0.005950 0.021500
v 0.031348 0.003088 0.020500
v 0.030353 0.002990 0.021500
v 0.031500 0.000000 0.020500
v 0.021567 0.021567 0.021500
v 0.022274 0.022274 0.020500
v 0.024350 0.019983 0.020500
v 0.000000 0.031500 0.020500
v 0.027781 0.014849 0.020500
v 0.026899 0.014378 0.021500
v 0.030144 0.009144 0.020500
v 0.030500 -0.000000 0.021500
v 0.030895 -0.006145 0.020500
v 0.030353 -0.002990 0.021500
v 0.029914 -0.005950 0.021500
v 0.029102 -0.012055 0.020500
v 0.029187 -0.008854 0.021500
v 0.028178 -0.011672 0.021500
v 0.026899 -0.014378 0.021500
v 0.025360 -0.016945 0.021500
v 0.026191 -0.017500 0.020500
v 0.024350 -0.019983 0.020500
v 0.023577 -0.019349 0.021500
v 0.021567 -0.021567 0.021500
v 0.030144 -0.009144 0.020500
v 0.019983 -0.024350 0.020500
v 0.019349 -0.023577 0.021500
v 0.016945 -0.025360 0.021500
v 0.014378 -0.026899 0.021500
v 0.011672 -0.028178 0.021500
v 0.012055 -0.029102 0.020500
v 0.005950 -0.029914 0.021500
v 0.006145 -0.030895 0.020500
v 0.008854 -0.029187 0.021500
v 0.003088 -0.031348 0.020500
v 0.002990 -0.030353 0.021500
v 0.000000 -0.031500 0.020500
v 0.000000 -0.030500 0.021500
v 0.022274 -0.022274 0.020500
v 0.014849 -0.027781 0.020500
v 0.031348 -0.003088 0.020500
v 0.027781 -0.014849 0.020500
v 0.017500 -0.026191 0.020500
v 0.009144 -0.030144 0.020500
v 0.023098 0.043214 0.015000
v 0.027223 0.040742 0.015000
v 0.027779 0.041573 0.014000
v 0.014514 0.047847 0.014000
v 0.009559 0.048058 0.015000
v 0.014224 0.046890 0.015000
v 0.009755 0.049039 0.014000
v 0.004803 0.048764 0.015000
v 0.034648 0.034648 0.015000
v 0.035355 0.035355 0.014000
v 0.031085 0.037878 0.015000
v 0.018751 0.045270 0.015000
v 0.019134 0.046194 0.014000
v 0.031720 0.038651 0.014000
v 0.023570 0.044096 0.014000
v 0.041573 0.027779 0.014000
v 0.037878 0.031085 0.015000
v 0.040742 0.027223 0.015000
v 0.043214 0.023098 0.015000
v 0.045270 0.018751 0.015000
v 0.046890 0.014224 0.015000
v 0.047847 0.014514 0.014000
v 0.049759 0.004901 0.014000
v 0.048058 0.009559 0.015000
v 0.048764 0.004803 0.015000
v 0.049039 0.009755 0.014000
v 0.049000 -0.000000 0.015000
v 0.050000 0.000000 0.014000
v 0.038651 0.031720 0.014000
v 0.044096 0.023570 0.014000
v 0.004901 0.049759 0.014000
v 0.000000 0.050000 0.014000
v 0.000000 0.049000 0.015000
v 0.046194 0.019134 0.014000
v 0.049039 -0.009755 0.014000
v 0.048764 -0.004803 0.015000
v 0.048058 -0.009559 0.015000
v 0.046890 -0.014224 0.015000
v 0.047847 -0.014514 0.014000
v 0.045270 -0.018751 0.015000
v 0.041573 -0.027779 0.014000
v 0.043214 -0.023098 0.015000
v 0.040742 -0.027223 0.015000
v 0.038651 -0.031720 0.014000
v 0.037878 -0.031085 0.015000
v 0.034648 -0.034648 0.015000
v 0.044096 -0.023570 0.014000
v 0.031720 -0.038651 0.014000
v 0.031085 -0.037878 0.015000
v 0.027223 -0.040742 0.015000
v 0.023570 -0.044096 0.014000
v 0.023098 -0.043214 0.015000
v 0.018751 -0.045270 0.015000
v 0.014224 -0.046890 0.015000
v 0.019134 -0.046194 0.014000
v 0.004901 -0.049759 0.014000
v 0.009559 -0.048058 0.015000
v 0.004803 -0.048764 0.015000
v 0.009755 -0.049039 0.014000
v 0.000000 -0.050000 0.014000
v 0.000000 -0.049000 0.015000
v 0.035355 -0.035355 0.014000
v 0.046194 -0.019134 0.014000
v 0.049759 -0.004901 0.014000
v 0.014514 -0.047847 0.014000
v 0.027779 -0.041573 0.014000
v 0.017321 0.041108 0.014800
v 0.017321 0.041108 0.009000
v 0.018634 0.041507 0.009000
v 0.018634 0.041507 0.014800
v 0.020000 0.041641 0.009000
v 0.015050 0.039591 0.014800
v 0.015050 0.039591 0.009000
v 0.016111 0.040461 0.009000
v 0.013533 0.037320 0.014800
v 0.013533 0.037320 0.009000
v 0.014180 0.038530 0.009000
v 0.014180 0.038530 0.014800
v 0.016111 0.040461 0.014800
v 0.020000 0.041641 0.014800
v 0.013135 0.036007 0.014800
v 0.013135 0.036007 0.009000
v 0.018634 0.027776 0.014800
v 0.020000 0.027641 0.014800
v 0.020000 0.027641 0.009000
v 0.013135 0.033275 0.014800
v 0.013135 0.033275 0.009000
v 0.013000 0.034641 0.009000
v 0.014180 0.030752 0.014800
v 0.014180 0.030752 0.009000
v 0.013533 0.031962 0.009000
v 0.013533 0.031962 0.014800
v 0.016111 0.028821 0.014800
v 0.016111 0.028821 0.009000
v 0.015050 0.029691 0.009000
v 0.018634 0.027776 0.009000
v 0.017321 0.028174 0.009000
v 0.017321 0.028174 0.014800
v 0.015050 0.029691 0.014800
v 0.013000 0.034641 0.014800
v 0.019122 0.039055 0.009000
v 0.018278 0.038798 0.005000
v 0.019122 0.039055 0.005000
v 0.020000 0.039141 0.009000
v 0.020000 0.039141 0.005000
v 0.016818 0.037823 0.009000
v 0.016818 0.037823 0.005000
v 0.017500 0.038383 0.005000
v 0.015843 0.036363 0.009000
v 0.015843 0.036363 0.005000
v 0.016258 0.037141 0.005000
v 0.016258 0.037141 0.009000
v 0.017500 0.038383 0.009000
v 0.018278 0.038798 0.009000
v 0.015586 0.035519 0.009000
v 0.015586 0.035519 0.005000
v 0.019122 0.030227 0.009000
v 0.020000 0.030141 0.009000
v 0.020000 0.030141 0.005000
v 0.015586 0.033763 0.009000
v 0.015586 0.033763 0.005000
v 0.015500 0.034641 0.005000
v 0.015843 0.032919 0.009000
v 0.016258 0.032141 0.005000
v 0.015843 0.032919 0.005000
v 0.016818 0.031459 0.009000
v 0.017500 0.030899 0.005000
v 0.016818 0.031459 0.005000
v 0.019122 0.030227 0.005000
v 0.018278 0.030484 0.005000
v 0.017500 0.030899 0.009000
v 0.016258 0.032141 0.009000
v 0.015500 0.034641 0.009000
v 0.018278 0.030484 0.009000
v -0.022679 -0.028174 0.014800
v -0.022679 -0.028174 0.009000
v -0.021366 -0.027776 0.009000
v -0.021366 -0.027776 0.014800
v -0.020000 -0.027641 0.009000
v -0.024950 -0.029691 0.014800
v -0.024950 -0.029691 0.009000
v -0.023889 -0.028821 0.009000
v -0.026467 -0.031962 0.014800
v -0.026467 -0.031962 0.009000
v -0.025820 -0.030752 0.009000
v -0.025820 -0.030752 0.014800
v -0.023889 -0.028821 0.014800
v -0.020000 -0.027641 0.014800
v -0.026865 -0.033275 0.014800
v -0.026865 -0.033275 0.009000
v -0.021366 -0.041507 0.014800
v -0.020000 -0.041641 0.014800
v -0.020000 -0.041641 0.009000
v -0.026865 -0.036007 0.014800
v -0.026865 -0.036007 0.009000
v -0.027000 -0.034641 0.009000
v -0.025820 -0.038530 0.014800
v -0.025820 -0.038530 0.009000
v -0.026467 -0.037320 0.009000
v -0.026467 -0.037320 0.014800
v -0.023889 -0.040461 0.014800
v -0.023889 -0.040461 0.009000
v -0.024950 -0.039591 0.009000
v -0.021366 -0.041507 0.009000
v -0.022679 -0.041108 0.009000
v -0.022679 -0.041108 0.014800
v -0.024950 -0.039591 0.014800
v -0.027000 -0.034641 0.014800
v -0.021722 -0.030484 0.009000
v -0.021722 -0.030484 0.005000
v -0.020878 -0.030227 0.005000
v -0.020878 -0.030227 0.009000
v -0.020000 -0.030141 0.005000
v -0.023182 -0.031459 0.009000
v -0.023182 -0.031459 0.005000
v -0.022500 -0.030899 0.005000
v -0.024157 -0.032919 0.009000
v -0.024157 -0.032919 0.005000
v -0.023742 -0.032141 0.005000
v -0.023742 -0.032141 0.009000
v -0.022500 -0.030899 0.009000
v -0.020000 -0.030141 0.009000
v -0.024414 -0.033763 0.009000
v -0.024414 -0.033763 0.005000
v -0.020878 -0.039055 0.009000
v -0.020000 -0.039141 0.009000
v -0.020000 -0.039141 0.005000
v -0.024414 -0.035519 0.009000
v -0.024414 -0.035519 0.005000
v -0.024500 -0.034641 0.005000
v -0.023742 -0.037141 0.009000
v -0.023742 -0.037141 0.005000
v -0.024157 -0.036363 0.005000
v -0.024157 -0.036363 0.009000
v -0.022500 -0.038383 0.009000
v -0.022500 -0.038383 0.005000
v -0.023182 -0.037823 0.005000
v -0.020878 -0.039055 0.005000
v -0.021722 -0.038798 0.005000
v -0.021722 -0.038798 0.009000
v -0.023182 -0.037823 0.009000
v -0.024500 -0.034641 0.009000
v -0.022679 0.041108 0.014800
v -0.022679 0.041108 0.009000
v -0.021366 0.041507 0.009000
v -0.021366 0.041507 0.014800
v -0.020000 0.041641 0.009000
v -0.024950 0.039591 0.014800
v -0.024950 0.039591 0.009000
v -0.023889 0.040461 0.009000
v -0.026467 0.037320 0.014800
v -0.026467 0.037320 0.009000
v -0.025820 0.038530 0.009000
v -0.025820 0.038530 0.014800
v -0.023889 0.040461 0.014800
v -0.020000 0.041641 0.014800
v -0.026865 0.036007 0.014800
v -0.026865 0.036007 0.009000
v -0.021366 0.027776 0.014800
v -0.020000 0.027641 0.014800
v -0.020000 0.027641 0.009000
v -0.026865 0.033275 0.014800
v -0.026865 0.033275 0.009000
v -0.027000 0.034641 0.009000
v -0.025820 0.030752 0.014800
v -0.025820 0.030752 0.009000
v -0.026467 0.031962 0.009000
v -0.026467 0.031962 0.014800
v -0.023889 0.028821 0.014800
v -0.023889 0.028821 0.009000
v -0.024950 0.029691 0.009000
v -0.021366 0.027776 0.009000
v -0.022679 0.028174 0.009000
v -0.022679 0.028174 0.014800
v -0.024950 0.029691 0.014800
v -0.027000 0.034641 0.014800
v -0.020878 0.039055 0.009000
v -0.021722 0.038798 0.005000
v -0.020878 0.039055 0.005000
v -0.020000 0.039141 0.009000
v -0.020000 0.039141 0.005000
v -0.023182 0.037823 0.009000
v -0.023182 0.037823 0.005000
v -0.022500 0.038383 0.005000
v -0.024157 0.036363 0.009000
v -0.024157 0.036363 0.005000
v -0.023742 0.037141 0.005000
v -0.023742 0.037141 0.009000
v -0.022500 0.038383 0.009000
v -0.021722 0.038798 0.009000
v -0.024414 0.035519 0.009000
v -0.024414 0.035519 0.005000
v -0.020878 0.030227 0.009000
v -0.020000 0.030141 0.009000
v -0.020000 0.030141 0.005000
v -0.024414 0.033763 0.009000
v -0.024414 0.033763 0.005000
v -0.024500 0.034641 0.005000
v -0.024157 0.032919 0.009000
v -0.023742 0.032141 0.005000
v -0.024157 0.032919 0.005000
v -0.023182 0.031459 0.009000
v -0.022500 0.030899 0.005000
v -0.023182 0.031459 0.005000
v -0.020878 0.030227 0.005000
v -0.021722 0.030484 0.005000
v -0.022500 0.030899 0.009000
v -0.024500 0.034641 0.009000
v -0.023742 0.032141 0.009000
v -0.021722 0.030484 0.009000
v 0.037321 0.006467 0.014800
v 0.037321 0.006467 0.009000
v 0.038634 0.006865 0.009000
v 0.038634 0.006865 0.014800
v 0.040000 0.007000 0.009000
v 0.035050 0.004950 0.014800
v 0.035050 0.004950 0.009000
v 0.036111 0.005820 0.009000
v 0.033533 0.002679 0.014800
v 0.033533 0.002679 0.009000
v 0.034180 0.003889 0.009000
v 0.034180 0.003889 0.014800
v 0.036111 0.005820 0.014800
v 0.040000 0.007000 0.014800
v 0.033135 0.001366 0.014800
v 0.033135 0.001366 0.009000
v 0.038634 -0.006865 0.014800
v 0.040000 -0.007000 0.014800
v 0.040000 -0.007000 0.009000
v 0.033135 -0.001366 0.014800
v 0.033135 -0.001366 0.009000
v 0.033000 -0.000000 0.009000
v 0.034180 -0.003889 0.014800
v 0.034180 -0.003889 0.009000
v 0.033533 -0.002679 0.009000
v 0.033533 -0.002679 0.014800
v 0.036111 -0.005820 0.014800
v 0.036111 -0.005820 0.009000
v 0.035050 -0.004950 0.009000
v 0.038634 -0.006865 0.009000
v 0.037321 -0.006467 0.009000
v 0.037321 -0.006467 0.014800
v 0.035050 -0.004950 0.014800
v 0.033000 -0.000000 0.014800
v 0.038278 0.004157 0.009000
v 0.038278 0.004157 0.005000
v 0.039122 0.004414 0.005000
v 0.039122 0.004414 0.009000
v 0.040000 0.004500 0.005000
v 0.036818 0.003182 0.009000
v 0.036818 0.003182 0.005000
v 0.037500 0.003742 0.005000
v 0.035843 0.001722 0.009000
v 0.035843 0.001722 0.005000
v 0.036258 0.002500 0.005000
v 0.036258 0.002500 0.009000
v 0.037500 0.003742 0.009000
v 0.040000 0.004500 0.009000
v 0.035586 0.000878 0.009000
v 0.035586 0.000878 0.005000
v 0.039122 -0.004414 0.009000
v 0.040000 -0.004500 0.009000
v 0.040000 -0.004500 0.005000
v 0.035586 -0.000878 0.009000
v 0.035586 -0.000878 0.005000
v 0.035500 -0.000000 0.005000
v 0.036258 -0.002500 0.009000
v 0.036258 -0.002500 0.005000
v 0.035843 -0.001722 0.005000
v 0.035843 -0.001722 0.009000
v 0.037500 -0.003742 0.009000
v 0.037500 -0.003742 0.005000
v 0.036818 -0.003182 0.005000
v 0.039122 -0.004414 0.005000
v 0.038278 -0.004157 0.005000
v 0.038278 -0.004157 0.009000
v 0.036818 -0.003182 0.009000
v 0.035500 -0.000000 0.009000
v 0.017321 -0.028174 0.014800
v 0.017321 -0.028174 0.009000
v 0.018634 -0.027776 0.009000
v 0.018634 -0.027776 0.014800
v 0.020000 -0.027641 0.009000
v 0.015050 -0.029691 0.014800
v 0.015050 -0.029691 0.009000
v 0.016111 -0.028821 0.009000
v 0.013533 -0.031962 0.014800
v 0.013533 -0.031962 0.009000
v 0.014180 -0.030752 0.009000
v 0.014180 -0.030752 0.014800
v 0.016111 -0.028821 0.014800
v 0.020000 -0.027641 0.014800
v 0.013135 -0.033275 0.014800
v 0.013135 -0.033275 0.009000
v 0.018634 -0.041507 0.014800
v 0.020000 -0.041641 0.014800
v 0.020000 -0.041641 0.009000
v 0.013135 -0.036007 0.014800
v 0.013135 -0.036007 0.009000
v 0.013000 -0.034641 0.009000
v 0.014180 -0.038530 0.014800
v 0.014180 -0.038530 0.009000
v 0.013533 -0.037320 0.009000
v 0.013533 -0.037320 0.014800
v 0.016111 -0.040461 0.014800
v 0.016111 -0.040461 0.009000
v 0.015050 -0.039591 0.009000
v 0.018634 -0.041507 0.009000
v 0.017321 -0.041108 0.009000
v 0.017321 -0.041108 0.014800
v 0.015050 -0.039591 0.014800
v 0.013000 -0.034641 0.014800
v 0.018278 -0.030484 0.009000
v 0.018278 -0.030484 0.005000
v 0.019122 -0.030227 0.005000
v 0.020000 -0.030141 0.009000
v 0.020000 -0.030141 0.005000
v 0.016818 -0.031459 0.009000
v 0.016818 -0.031459 0.005000
v 0.017500 -0.030899 0.005000
v 0.015843 -0.032919 0.009000
v 0.015843 -0.032919 0.005000
v 0.016258 -0.032141 0.005000
v 0.016258 -0.032141 0.009000
v 0.017500 -0.030899 0.009000
v 0.019122 -0.030227 0.009000
v 0.015586 -0.033763 0.009000
v 0.015586 -0.033763 0.005000
v 0.019122 -0.039055 0.009000
v 0.020000 -0.039141 0.009000
v 0.020000 -0.039141 0.005000
v 0.015500 -0.034641 0.009000
v 0.015500 -0.034641 0.005000
v 0.015586 -0.035519 0.009000
v 0.015843 -0.036363 0.005000
v 0.015586 -0.035519 0.005000
v 0.016818 -0.037823 0.009000
v 0.016818 -0.037823 0.005000
v 0.016258 -0.037141 0.005000
v 0.017500 -0.038383 0.009000
v 0.018278 -0.038798 0.005000
v 0.017500 -0.038383 0.005000
v 0.015843 -0.036363 0.009000
v 0.016258 -0.037141 0.009000
v 0.018278 -0.038798 0.009000
v 0.019122 -0.039055 0.005000
v -0.042679 0.006467 0.014800
v -0.042679 0.006467 0.009000
v -0.041366 0.006865 0.009000
v -0.041366 0.006865 0.014800
v -0.040000 0.007000 0.009000
v -0.044950 0.004950 0.014800
v -0.044950 0.004950 0.009000
v -0.043889 0.005820 0.009000
v -0.046467 0.002679 0.014800
v -0.046467 0.002679 0.009000
v -0.045820 0.003889 0.009000
v -0.045820 0.003889 0.014800
v -0.043889 0.005820 0.014800
v -0.040000 0.007000 0.014800
v -0.046865 0.001366 0.014800
v -0.046865 0.001366 0.009000
v -0.041366 -0.006865 0.014800
v -0.040000 -0.007000 0.014800
v -0.040000 -0.007000 0.009000
v -0.046865 -0.001366 0.014800
v -0.046865 -0.001366 0.009000
v -0.047000 -0.000000 0.009000
v -0.045820 -0.003889 0.014800
v -0.045820 -0.003889 0.009000
v -0.046467 -0.002679 0.009000
v -0.046467 -0.002679 0.014800
v -0.043889 -0.005820 0.014800
v -0.043889 -0.005820 0.009000
v -0.044950 -0.004950 0.009000
v -0.041366 -0.006865 0.009000
v -0.042679 -0.006467 0.009000
v -0.042679 -0.006467 0.014800
v -0.044950 -0.004950 0.014800
v -0.047000 -0.000000 0.014800
v -0.041722 0.004157 0.009000
v -0.041722 0.004157 0.005000
v -0.040878 0.004414 0.005000
v -0.040878 0.004414 0.009000
v -0.040000 0.004500 0.005000
v -0.043182 0.003182 0.009000
v -0.043182 0.003182 0.005000
v -0.042500 0.003742 0.005000
v -0.044157 0.001722 0.009000
v -0.044157 0.001722 0.005000
v -0.043742 0.002500 0.005000
v -0.043742 0.002500 0.009000
v -0.042500 0.003742 0.009000
v -0.040000 0.004500 0.009000
v -0.044414 0.000878 0.009000
v -0.044414 0.000878 0.005000
v -0.040878 -0.004414 0.009000
v -0.040000 -0.004500 0.009000
v -0.040000 -0.004500 0.005000
v -0.044414 -0.000878 0.009000
v -0.044414 -0.000878 0.005000
v -0.044500 -0.000000 0.005000
v -0.043742 -0.002500 0.009000
v -0.043742 -0.002500 0.005000
v -0.044157 -0.001722 0.005000
v -0.044157 -0.001722 0.009000
v -0.042500 -0.003742 0.009000
v -0.042500 -0.003742 0.005000
v -0.043182 -0.003182 0.005000
v -0.040878 -0.004414 0.005000
v -0.041722 -0.004157 0.005000
v -0.041722 -0.004157 0.009000
v -0.043182 -0.003182 0.009000
v -0.044500 -0.000000 0.009000
v 0.000000 -0.031500 0.016000
v 0.003088 -0.031348 0.016000
v 0.003088 -0.031348 0.020500
v 0.006145 -0.030895 0.016000
v 0.009144 -0.030144 0.016000
v 0.006145 -0.030895 0.020500
v 0.012055 -0.029102 0.016000
v 0.014849 -0.027781 0.016000
v 0.014849 -0.027781 0.020500
v 0.017500 -0.026191 0.016000
v 0.019983 -0.024350 0.016000
v 0.019983 -0.024350 0.020500
v 0.012055 -0.029102 0.020500
v 0.022274 -0.022274 0.016000
v 0.024350 -0.019983 0.016000
v 0.024350 -0.019983 0.020500
v 0.026191 -0.017500 0.016000
v 0.027781 -0.014849 0.016000
v 0.026191 -0.017500 0.020500
v 0.029102 -0.012055 0.016000
v 0.030144 -0.009144 0.016000
v 0.030144 -0.009144 0.020500
v 0.030895 -0.006145 0.016000
v 0.031348 -0.003088 0.016000
v 0.030895 -0.006145 0.020500
v 0.029102 -0.012055 0.020500
v 0.022274 -0.022274 0.020500
v 0.000000 -0.031500 0.020500
v 0.009144 -0.030144 0.020500
v 0.017500 -0.026191 0.020500
v 0.027781 -0.014849 0.020500
v 0.031348 -0.003088 0.020500
v 0.031500 -0.000000 0.016000
v 0.031500 0.000000 0.020500
v 0.031348 0.003088 0.016000
v 0.030895 0.006145 0.016000
v 0.031348 0.003088 0.020500
v 0.030144 0.009144 0.016000
v 0.029102 0.012055 0.016000
v 0.029102 0.012055 0.020500
v 0.030895 0.006145 0.020500
v 0.027781 0.014849 0.016000
v 0.026191 0.017500 0.016000
v 0.026191 0.017500 0.020500
v 0.024350 0.019983 0.016000
v 0.022274 0.022274 0.016000
v 0.024350 0.019983 0.020500
v 0.027781 0.014849 0.020500
v 0.019983 0.024350 0.016000
v 0.017500 0.026191 0.016000
v 0.019983 0.024350 0.020500
v 0.014849 0.027781 0.016000
v 0.012055 0.029102 0.016000
v 0.014849 0.027781 0.020500
v 0.017500 0.026191 0.020500
v 0.009144 0.030144 0.016000
v 0.006145 0.030895 0.016000
v 0.009144 0.030144 0.020500
v 0.003088 0.031348 0.016000
v 0.000000 0.031500 0.016000
v 0.003088 0.031348 0.020500
v 0.006145 0.030895 0.020500
v 0.012055 0.029102 0.020500
v 0.022274 0.022274 0.020500
v 0.030144 0.009144 0.020500
v 0.000000 0.031500 0.020500
v -0.001642 0.016669 0.021500
v -0.003073 0.015447 0.020500
v -0.001544 0.015674 0.020500
v 0.000000 0.016750 0.021500
v 0.000000 0.015750 0.020500
v -0.004862 0.016029 0.021500
v -0.006027 0.014551 0.020500
v -0.004572 0.015072 0.020500
v -0.009306 0.013927 0.021500
v -0.008750 0.013096 0.020500
v -0.007424 0.013890 0.020500
v -0.006410 0.015475 0.021500
v -0.003268 0.016428 0.021500
v -0.010626 0.012948 0.021500
v -0.011137 0.011137 0.020500
v -0.009992 0.012175 0.020500
v -0.011844 0.011844 0.021500
v -0.012175 0.009992 0.020500
v -0.014772 0.007896 0.021500
v -0.013890 0.007424 0.020500
v -0.013096 0.008750 0.020500
v -0.015475 0.006410 0.021500
v -0.014551 0.006027 0.020500
v -0.015447 0.003073 0.020500
v -0.016428 0.003268 0.021500
v -0.015674 0.001544 0.020500
v -0.012948 0.010626 0.021500
v -0.007896 0.014772 0.021500
v -0.013927 0.009306 0.021500
v -0.016029 0.004862 0.021500
v -0.015072 0.004572 0.020500
v -0.016669 0.001642 0.021500
v -0.001544 -0.015674 0.020500
v 0.000000 -0.016750 0.021500
v 0.000000 -0.015750 0.020500
v -0.015674 -0.001544 0.020500
v -0.015750 0.000000 0.020500
v -0.016750 -0.000000 0.021500
v -0.016428 -0.003268 0.021500
v -0.015447 -0.003073 0.020500
v -0.014551 -0.006027 0.020500
v -0.014772 -0.007896 0.021500
v -0.013890 -0.007424 0.020500
v -0.015072 -0.004572 0.020500
v -0.016029 -0.004862 0.021500
v -0.013927 -0.009306 0.021500
v -0.013096 -0.008750 0.020500
v -0.012948 -0.010626 0.021500
v -0.012175 -0.009992 0.020500
v -0.007424 -0.013890 0.020500
v -0.008750 -0.013096 0.020500
v -0.007896 -0.014772 0.021500
v -0.009306 -0.013927 0.021500
v -0.009992 -0.012175 0.020500
v -0.006027 -0.014551 0.020500
v -0.006410 -0.015475 0.021500
v -0.004862 -0.016029 0.021500
v -0.004572 -0.015072 0.020500
v -0.003268 -0.016428 0.021500
v -0.003073 -0.015447 0.020500
v -0.011844 -0.011844 0.021500
v -0.011137 -0.011137 0.020500
v -0.010626 -0.012948 0.021500
v -0.016669 -0.001642 0.021500
v -0.015475 -0.006410 0.021500
v -0.001642 -0.016669 0.021500
v 0.009755 -0.049039 0.006000
v 0.004803 -0.048764 0.005000
v 0.009559 -0.048058 0.005000
v 0.014514 -0.047847 0.006000
v 0.014224 -0.046890 0.005000
v 0.018751 -0.045270 0.005000
v 0.023098 -0.043214 0.005000
v 0.027223 -0.040742 0.005000
v 0.027779 -0.041573 0.006000
v 0.031085 -0.037878 0.005000
v 0.034648 -0.034648 0.005000
v 0.035355 -0.035355 0.006000
v 0.023570 -0.044096 0.006000
v 0.037878 -0.031085 0.005000
v 0.040742 -0.027223 0.005000
v 0.041573 -0.027779 0.006000
v 0.044096 -0.023570 0.006000
v 0.043214 -0.023098 0.005000
v 0.045270 -0.018751 0.005000
v 0.046890 -0.014224 0.005000
v 0.048058 -0.009559 0.005000
v 0.049039 -0.009755 0.006000
v 0.048764 -0.004803 0.005000
v 0.049759 -0.004901 0.006000
v 0.050000 -0.000000 0.006000
v 0.038651 -0.031720 0.006000
v 0.046194 -0.019134 0.006000
v 0.000000 -0.049000 0.005000
v 0.000000 -0.050000 0.006000
v 0.004901 -0.049759 0.006000
v 0.019134 -0.046194 0.006000
v 0.031720 -0.038651 0.006000
v 0.047847 -0.014514 0.006000
v 0.049000 0.000000 0.005000
v 0.049039 0.009755 0.006000
v 0.048764 0.004803 0.005000
v 0.048058 0.009559 0.005000
v 0.046890 0.014224 0.005000
v 0.045270 0.018751 0.005000
v 0.047847 0.014514 0.006000
v 0.040742 0.027223 0.005000
v 0.044096 0.023570 0.006000
v 0.043214 0.023098 0.005000
v 0.046194 0.019134 0.006000
v 0.037878 0.031085 0.005000
v 0.038651 0.031720 0.006000
v 0.034648 0.034648 0.005000
v 0.035355 0.035355 0.006000
v 0.027779 0.041573 0.006000
v 0.031085 0.037878 0.005000
v 0.027223 0.040742 0.005000
v 0.023570 0.044096 0.006000
v 0.023098 0.043214 0.005000
v 0.009559 0.048058 0.005000
v 0.009755 0.049039 0.006000
v 0.014224 0.046890 0.005000
v 0.014514 0.047847 0.006000
v 0.018751 0.045270 0.005000
v 0.004901 0.049759 0.006000
v 0.004803 0.048764 0.005000
v 0.000000 0.050000 0.006000
v 0.000000 0.049000 0.005000
v 0.031720 0.038651 0.006000
v 0.019134 0.046194 0.006000
v 0.049759 0.004901 0.006000
v 0.041573 0.027779 0.006000
v 0.002450 -0.024880 0.001000
v 0.000000 -0.024000 0.000000
v 0.002352 -0.023884 0.000000
v 0.007257 -0.023924 0.001000
v 0.004682 -0.023539 0.000000
v 0.006967 -0.022967 0.000000
v 0.004877 -0.024520 0.001000
v 0.011785 -0.022048 0.001000
v 0.009184 -0.022173 0.000000
v 0.011314 -0.021166 0.000000
v 0.015860 -0.019325 0.001000
v 0.013334 -0.019955 0.000000
v 0.015225 -0.018552 0.000000
v 0.013889 -0.020787 0.001000
v 0.009567 -0.023097 0.001000
v 0.019325 -0.015860 0.001000
v 0.016971 -0.016971 0.000000
v 0.018552 -0.015225 0.000000
v 0.020787 -0.013889 0.001000
v 0.019955 -0.013334 0.000000
v 0.021166 -0.011314 0.000000
v 0.023924 -0.007257 0.001000
v 0.022173 -0.009184 0.000000
v 0.022967 -0.006967 0.000000
v 0.024520 -0.004877 0.001000
v 0.023539 -0.004682 0.000000
v 0.017678 -0.017678 0.001000
v 0.022048 -0.011785 0.001000
v 0.000000 -0.025000 0.001000
v 0.023097 -0.009567 0.001000
v 0.024880 -0.002450 0.001000
v 0.023884 -0.002352 0.000000
v 0.025000 -0.000000 0.001000
v 0.024000 -0.000000 0.000000
v 0.019955 0.013334 0.000000
v 0.018552 0.015225 0.000000
v 0.019325 0.015860 0.001000
v 0.023884 0.002352 0.000000
v 0.023539 0.004682 0.000000
v 0.024520 0.004877 0.001000
v 0.020787 0.013889 0.001000
v 0.021166 0.011314 0.000000
v 0.023097 0.009567 0.001000
v 0.022173 0.009184 0.000000
v 0.023924 0.007257 0.001000
v 0.022967 0.006967 0.000000
v 0.016971 0.016971 0.000000
v 0.011785 0.022048 0.001000
v 0.011314 0.021166 0.000000
v 0.009184 0.022173 0.000000
v 0.013334 0.019955 0.000000
v 0.004682 0.023539 0.000000
v 0.002352 0.023884 0.000000
v 0.002450 0.024880 0.001000
v 0.009567 0.023097 0.001000
v 0.006967 0.022967 0.000000
v 0.004877 0.024520 0.001000
v 0.000000 0.024000 0.000000
v 0.000000 0.025000 0.001000
v 0.015225 0.018552 0.000000
v 0.017678 0.017678 0.001000
v 0.015860 0.019325 0.001000
v 0.024880 0.002450 0.001000
v 0.022048 0.011785 0.001000
v 0.013889 0.020787 0.001000
v 0.007257 0.023924 0.001000
v -0.001642 -0.016669 0.000000
v -0.003073 -0.015447 0.001000
v -0.001544 -0.015674 0.001000
v 0.000000 -0.016750 0.000000
v 0.000000 -0.015750 0.001000
v -0.004862 -0.016029 0.000000
v -0.006027 -0.014551 0.001000
v -0.004572 -0.015072 0.001000
v -0.010626 -0.012948 0.000000
v -0.009992 -0.012175 0.001000
v -0.008750 -0.013096 0.001000
v -0.003268 -0.016428 0.000000
v -0.015475 -0.006410 0.000000
v -0.014551 -0.006027 0.001000
v -0.013890 -0.007424 0.001000
v -0.015447 -0.003073 0.001000
v -0.015072 -0.004572 0.001000
v -0.016428 -0.003268 0.000000
v -0.016029 -0.004862 0.000000
v -0.011844 -0.011844 0.000000
v -0.012175 -0.009992 0.001000
v -0.011137 -0.011137 0.001000
v -0.014772 -0.007896 0.000000
v -0.013096 -0.008750 0.001000
v -0.012948 -0.010626 0.000000
v -0.016669 -0.001642 0.000000
v -0.015674 -0.001544 0.001000
v -0.006410 -0.015475 0.000000
v -0.007424 -0.013890 0.001000
v -0.007896 -0.014772 0.000000
v -0.009306 -0.013927 0.000000
v -0.013927 -0.009306 0.000000
v -0.001642 0.016669 0.000000
v 0.000000 0.016750 0.000000
v 0.000000 0.015750 0.001000
v -0.015072 0.004572 0.001000
v -0.015475 0.006410 0.000000
v -0.014551 0.006027 0.001000
v -0.016428 0.003268 0.000000
v -0.015447 0.003073 0.001000
v -0.015674 0.001544 0.001000
v -0.012175 0.009992 0.001000
v -0.013096 0.008750 0.001000
v -0.012948 0.010626 0.000000
v -0.013890 0.007424 0.001000
v -0.013927 0.009306 0.000000
v -0.016029 0.004862 0.000000
v -0.016669 0.001642 0.000000
v -0.015750 -0.000000 0.001000
v -0.011844 0.011844 0.000000
v -0.011137 0.011137 0.001000
v -0.008750 0.013096 0.001000
v -0.009992 0.012175 0.001000
v -0.009306 0.013927 0.000000
v -0.010626 0.012948 0.000000
v -0.006027 0.014551 0.001000
v -0.007424 0.013890 0.001000
v -0.006410 0.015475 0.000000
v -0.003073 0.015447 0.001000
v -0.004572 0.015072 0.001000
v -0.003268 0.016428 0.000000
v -0.004862 0.016029 0.000000
v -0.007896 0.014772 0.000000
v -0.001544 0.015674 0.001000
v -0.016750 -0.000000 0.000000
v -0.014772 0.007896 0.000000
v -0.002121 0.027121 0.021000
v -0.003234 0.026339 0.021500
v -0.002772 0.026148 0.021000
v -0.001148 0.027772 0.021000
v -0.002475 0.027475 0.021500
v 0.000000 0.028000 0.021000
v 0.000000 0.028500 0.021500
v -0.001339 0.028234 0.021500
v -0.001339 0.021766 0.021500
v 0.000000 0.021500 0.021500
v 0.000000 0.022000 0.021000
v -0.003234 0.023661 0.021500
v -0.002772 0.023852 0.021000
v -0.003000 0.025000 0.021000
v -0.002475 0.022525 0.021500
v -0.001148 0.022228 0.021000
v -0.002121 0.022879 0.021000
v -0.003500 0.025000 0.021500
v -0.002121 0.027121 0.021000
v -0.002121 0.027121 0.015300
v -0.001148 0.027772 0.015300
v -0.001148 0.027772 0.021000
v 0.000000 0.028000 0.015300
v 0.000000 0.028000 0.021000
v -0.002772 0.026148 0.021000
v -0.002772 0.026148 0.015300
v -0.001148 0.022228 0.021000
v 0.000000 0.022000 0.021000
v 0.000000 0.022000 0.015300
v -0.002772 0.023852 0.021000
v -0.002772 0.023852 0.015300
v -0.003000 0.025000 0.015300
v -0.001148 0.022228 0.015300
v -0.002121 0.022879 0.015300
v -0.002121 0.022879 0.021000
v -0.003000 0.025000 0.021000
v -0.001148 0.027772 0.015300
v -0.000000 0.025000 0.013497
v 0.000000 0.028000 0.015300
v -0.002121 0.027121 0.015300
v -0.000000 0.025000 0.013497
v -0.001148 0.022228 0.015300
v 0.000000 0.022000 0.015300
v -0.000000 0.025000 0.013497
v -0.002772 0.026148 0.015300
v -0.000000 0.025000 0.013497
v -0.002121 0.022879 0.015300
v -0.000000 0.025000 0.013497
v -0.003000 0.025000 0.015300
v -0.002772 0.023852 0.015300
v -0.000000 0.025000 0.013497
v -0.000000 0.025000 0.013497
v -0.000000 0.025000 0.013497
v -0.003073 0.015447 0.020500
v -0.003073 0.015447 0.001000
v -0.001544 0.015674 0.001000
v -0.001544 0.015674 0.020500
v 0.000000 0.015750 0.001000
v -0.006027 0.014551 0.020500
v -0.006027 0.014551 0.001000
v -0.004572 0.015072 0.001000
v -0.008750 0.013096 0.020500
v -0.008750 0.013096 0.001000
v -0.007424 0.013890 0.001000
v -0.007424 0.013890 0.020500
v -0.004572 0.015072 0.020500
v -0.011137 0.011137 0.020500
v -0.011137 0.011137 0.001000
v -0.009992 0.012175 0.001000
v -0.013096 0.008750 0.020500
v -0.013096 0.008750 0.001000
v -0.012175 0.009992 0.001000
v -0.012175 0.009992 0.020500
v -0.013890 0.007424 0.020500
v -0.014551 0.006027 0.001000
v -0.013890 0.007424 0.001000
v -0.015447 0.003073 0.020500
v -0.015447 0.003073 0.001000
v -0.015072 0.004572 0.001000
v -0.014551 0.006027 0.020500
v -0.009992 0.012175 0.020500
v 0.000000 0.015750 0.020500
v -0.015072 0.004572 0.020500
v -0.015674 0.001544 0.020500
v -0.015674 0.001544 0.001000
v -0.001544 -0.015674 0.020500
v 0.000000 -0.015750 0.020500
v 0.000000 -0.015750 0.001000
v -0.015674 -0.001544 0.020500
v -0.015674 -0.001544 0.001000
v -0.015750 -0.000000 0.001000
v -0.015072 -0.004572 0.020500
v -0.015072 -0.004572 0.001000
v -0.015447 -0.003073 0.001000
v -0.015447 -0.003073 0.020500
v -0.014551 -0.006027 0.020500
v -0.013890 -0.007424 0.001000
v -0.014551 -0.006027 0.001000
v -0.012175 -0.009992 0.020500
v -0.012175 -0.009992 0.001000
v -0.013096 -0.008750 0.001000
v -0.013096 -0.008750 0.020500
v -0.009992 -0.012175 0.020500
v -0.009992 -0.012175 0.001000
v -0.011137 -0.011137 0.001000
v -0.007424 -0.013890 0.020500
v -0.007424 -0.013890 0.001000
v -0.008750 -0.013096 0.001000
v -0.008750 -0.013096 0.020500
v -0.004572 -0.015072 0.020500
v -0.004572 -0.015072 0.001000
v -0.006027 -0.014551 0.001000
v -0.001544 -0.015674 0.001000
v -0.003073 -0.015447 0.001000
v -0.003073 -0.015447 0.020500
v -0.006027 -0.014551 0.020500
v -0.011137 -0.011137 0.020500
v -0.015750 0.000000 0.020500
v -0.013890 -0.007424 0.020500
v -0.018921 0.020680 0.021500
v -0.019445 0.019445 0.020750
v -0.018634 0.019987 0.020750
v -0.017678 0.020928 0.021500
v -0.017678 0.020178 0.020750
v -0.019976 0.019976 0.021500
v -0.020680 0.018921 0.021500
v -0.019987 0.018634 0.020750
v -0.018634 0.015368 0.020750
v -0.017678 0.014428 0.021500
v -0.017678 0.015178 0.020750
v -0.020178 0.017678 0.020750
v -0.020928 0.017678 0.021500
v -0.018921 0.014675 0.021500
v -0.019445 0.015910 0.020750
v -0.020680 0.016434 0.021500
v -0.019987 0.016721 0.020750
v -0.019976 0.015380 0.021500
v -0.019445 0.019445 0.020750
v -0.019445 0.019445 0.009500
v -0.018634 0.019987 0.009500
v -0.018634 0.019987 0.020750
v -0.017678 0.020178 0.009500
v -0.017678 0.020178 0.020750
v -0.019987 0.018634 0.020750
v -0.019987 0.018634 0.009500
v -0.018634 0.015368 0.020750
v -0.017678 0.015178 0.020750
v -0.017678 0.015178 0.009500
v -0.019987 0.016721 0.020750
v -0.019987 0.016721 0.009500
v -0.020178 0.017678 0.009500
v -0.018634 0.015368 0.009500
v -0.019445 0.015910 0.009500
v -0.019445 0.015910 0.020750
v -0.020178 0.017678 0.020750
v -0.017678 0.017678 0.007998
v -0.017678 0.020178 0.009500
v -0.018634 0.019987 0.009500
v -0.019445 0.019445 0.009500
v -0.017678 0.017678 0.007998
v -0.018634 0.015368 0.009500
v -0.017678 0.015178 0.009500
v -0.017678 0.017678 0.007998
v -0.019987 0.018634 0.009500
v -0.017678 0.017678 0.007998
v -0.020178 0.017678 0.009500
v -0.017678 0.017678 0.007998
v -0.019987 0.016721 0.009500
v -0.017678 0.017678 0.007998
v -0.019445 0.015910 0.009500
v -0.017678 0.017678 0.007998
v -0.017678 0.017678 0.007998
v -0.018634 -0.015368 0.020750
v -0.017678 -0.015178 0.020750
v -0.018921 -0.014675 0.021500
v -0.019976 -0.015380 0.021500
v -0.017678 -0.014428 0.021500
v -0.019445 -0.015910 0.020750
v -0.020680 -0.016434 0.021500
v -0.019987 -0.016721 0.020750
v -0.018634 -0.019987 0.020750
v -0.017678 -0.020928 0.021500
v -0.017678 -0.020178 0.020750
v -0.019987 -0.018634 0.020750
v -0.020178 -0.017678 0.020750
v -0.020680 -0.018921 0.021500
v -0.018921 -0.020680 0.021500
v -0.019445 -0.019445 0.020750
v -0.020928 -0.017678 0.021500
v -0.019976 -0.019976 0.021500
v -0.019445 -0.015910 0.020750
v -0.019445 -0.015910 0.009500
v -0.018634 -0.015368 0.009500
v -0.018634 -0.015368 0.020750
v -0.017678 -0.015178 0.009500
v -0.017678 -0.015178 0.020750
v -0.019987 -0.016721 0.020750
v -0.019987 -0.016721 0.009500
v -0.018634 -0.019987 0.020750
v -0.017678 -0.020178 0.020750
v -0.017678 -0.020178 0.009500
v -0.019987 -0.018634 0.020750
v -0.019987 -0.018634 0.009500
v -0.020178 -0.017678 0.009500
v -0.018634 -0.019987 0.009500
v -0.019445 -0.019445 0.009500
v -0.019445 -0.019445 0.020750
v -0.020178 -0.017678 0.020750
v -0.018634 -0.015368 0.009500
v -0.017678 -0.017678 0.007998
v -0.017678 -0.015178 0.009500
v -0.019445 -0.015910 0.009500
v -0.017678 -0.017678 0.007998
v -0.018634 -0.019987 0.009500
v -0.017678 -0.020178 0.009500
v -0.017678 -0.017678 0.007998
v -0.017678 -0.017678 0.007998
v -0.019987 -0.016721 0.009500
v -0.017678 -0.017678 0.007998
v -0.020178 -0.017678 0.009500
v -0.019987 -0.018634 0.009500
v -0.019445 -0.019445 0.009500
v -0.017678 -0.017678 0.007998
v -0.017678 -0.017678 0.007998
v -0.017678 -0.017678 0.007998
v 0.015910 -0.015910 0.020750
v 0.014675 -0.016434 0.021500
v 0.015368 -0.016721 0.020750
v 0.015380 -0.015380 0.021500
v 0.016721 -0.015368 0.020750
v 0.017678 -0.015178 0.020750
v 0.017678 -0.014428 0.021500
v 0.016434 -0.014675 0.021500
v 0.016721 -0.019987 0.020750
v 0.017678 -0.020928 0.021500
v 0.017678 -0.020178 0.020750
v 0.015368 -0.018634 0.020750
v 0.015178 -0.017678 0.020750
v 0.014428 -0.017678 0.021500
v 0.016434 -0.020680 0.021500
v 0.015910 -0.019445 0.020750
v 0.014675 -0.018921 0.021500
v 0.015380 -0.019976 0.021500
v 0.016721 -0.015368 0.020750
v 0.015910 -0.015910 0.009500
v 0.016721 -0.015368 0.009500
v 0.017678 -0.015178 0.020750
v 0.017678 -0.015178 0.009500
v 0.015910 -0.015910 0.020750
v 0.015368 -0.016721 0.020750
v 0.015368 -0.016721 0.009500
v 0.016721 -0.019987 0.009500
v 0.017678 -0.020178 0.020750
v 0.017678 -0.020178 0.009500
v 0.015178 -0.017678 0.020750
v 0.015178 -0.017678 0.009500
v 0.015368 -0.018634 0.020750
v 0.015910 -0.019445 0.009500
v 0.015368 -0.018634 0.009500
v 0.015910 -0.019445 0.020750
v 0.016721 -0.019987 0.020750
v 0.016721 -0.015368 0.009500
v 0.017678 -0.017678 0.007998
v 0.017678 -0.015178 0.009500
v 0.015910 -0.015910 0.009500
v 0.017678 -0.017678 0.007998
v 0.016721 -0.019987 0.009500
v 0.017678 -0.020178 0.009500
v 0.017678 -0.017678 0.007998
v 0.015178 -0.017678 0.009500
v 0.017678 -0.017678 0.007998
v 0.015368 -0.016721 0.009500
v 0.017678 -0.017678 0.007998
v 0.015368 -0.018634 0.009500
v 0.017678 -0.017678 0.007998
v 0.015910 -0.019445 0.009500
v 0.017678 -0.017678 0.007998
v 0.017678 -0.017678 0.007998
v 0.015380 0.019976 0.021500
v 0.015910 0.019445 0.020750
v 0.016721 0.019987 0.020750
v 0.017678 0.020178 0.020750
v 0.016434 0.020680 0.021500
v 0.017678 0.020928 0.021500
v 0.014675 0.018921 0.021500
v 0.015368 0.018634 0.020750
v 0.016434 0.014675 0.021500
v 0.017678 0.014428 0.021500
v 0.017678 0.015178 0.020750
v 0.014428 0.017678 0.021500
v 0.015368 0.016721 0.020750
v 0.015178 0.017678 0.020750
v 0.016721 0.015368 0.020750
v 0.015910 0.015910 0.020750
v 0.015380 0.015380 0.021500
v 0.014675 0.016434 0.021500
v 0.016721 0.019987 0.020750
v 0.015910 0.019445 0.009500
v 0.016721 0.019987 0.009500
v 0.017678 0.020178 0.020750
v 0.017678 0.020178 0.009500
v 0.015910 0.019445 0.020750
v 0.015368 0.018634 0.020750
v 0.015368 0.018634 0.009500
v 0.016721 0.015368 0.009500
v 0.017678 0.015178 0.020750
v 0.017678 0.015178 0.009500
v 0.015178 0.017678 0.020750
v 0.015178 0.017678 0.009500
v 0.015910 0.015910 0.020750
v 0.015910 0.015910 0.009500
v 0.015368 0.016721 0.009500
v 0.015368 0.016721 0.020750
v 0.016721 0.015368 0.020750
v 0.017678 0.017678 0.007998
v 0.017678 0.020178 0.009500
v 0.016721 0.019987 0.009500
v 0.015910 0.019445 0.009500
v 0.017678 0.017678 0.007998
v 0.016721 0.015368 0.009500
v 0.017678 0.015178 0.009500
v 0.017678 0.017678 0.007998
v 0.015178 0.017678 0.009500
v 0.017678 0.017678 0.007998
v 0.015368 0.018634 0.009500
v 0.017678 0.017678 0.007998
v 0.015368 0.016721 0.009500
v 0.017678 0.017678 0.007998
v 0.015910 0.015910 0.009500
v 0.017678 0.017678 0.007998
v 0.017678 0.017678 0.007998
v 0.000000 -0.025000 0.001000
v 0.002450 -0.024880 0.001000
v 0.000000 -0.025000 0.005000
v 0.004877 -0.024520 0.001000
v 0.007257 -0.023924 0.001000
v 0.004877 -0.024520 0.005000
v 0.002450 -0.024880 0.005000
v 0.009567 -0.023097 0.001000
v 0.011785 -0.022048 0.001000
v 0.009567 -0.023097 0.005000
v 0.013889 -0.020787 0.001000
v 0.015860 -0.019325 0.001000
v 0.013889 -0.020787 0.005000
v 0.007257 -0.023924 0.005000
v 0.017678 -0.017678 0.001000
v 0.019325 -0.015860 0.001000
v 0.017678 -0.017678 0.005000
v 0.020787 -0.013889 0.001000
v 0.022048 -0.011785 0.001000
v 0.020787 -0.013889 0.005000
v 0.019325 -0.015860 0.005000
v 0.023097 -0.009567 0.001000
v 0.023924 -0.007257 0.001000
v 0.023924 -0.007257 0.005000
v 0.024520 -0.004877 0.001000
v 0.024880 -0.002450 0.001000
v 0.024520 -0.004877 0.005000
v 0.023097 -0.009567 0.005000
v 0.015860 -0.019325 0.005000
v 0.011785 -0.022048 0.005000
v 0.022048 -0.011785 0.005000
v 0.024880 -0.002450 0.005000
v 0.025000 -0.000000 0.001000
v 0.025000 -0.000000 0.005000
v 0.024880 0.002450 0.001000
v 0.024520 0.004877 0.001000
v 0.024880 0.002450 0.005000
v 0.023924 0.007257 0.001000
v 0.023097 0.009567 0.001000
v 0.023924 0.007257 0.005000
v 0.024520 0.004877 0.005000
v 0.022048 0.011785 0.001000
v 0.020787 0.013889 0.001000
v 0.022048 0.011785 0.005000
v 0.019325 0.015860 0.001000
v 0.017678 0.017678 0.001000
v 0.017678 0.017678 0.005000
v 0.020787 0.013889 0.005000
v 0.015860 0.019325 0.001000
v 0.013889 0.020787 0.001000
v 0.013889 0.020787 0.005000
v 0.011785 0.022048 0.001000
v 0.009567 0.023097 0.001000
v 0.009567 0.023097 0.005000
v 0.007257 0.023924 0.001000
v 0.004877 0.024520 0.001000
v 0.007257 0.023924 0.005000
v 0.002450 0.024880 0.001000
v 0.000000 0.025000 0.001000
v 0.000000 0.025000 0.005000
v 0.004877 0.024520 0.005000
v 0.015860 0.019325 0.005000
v 0.023097 0.009567 0.005000
v 0.019325 0.015860 0.005000
v 0.011785 0.022048 0.005000
v 0.002450 0.024880 0.005000
v 0.000000 0.050000 0.014000
v 0.004901 0.049759 0.014000
v 0.000000 0.050000 0.006000
v 0.009755 0.049039 0.014000
v 0.014514 0.047847 0.014000
v 0.009755 0.049039 0.006000
v 0.019134 0.046194 0.014000
v 0.023570 0.044096 0.014000
v 0.019134 0.046194 0.006000
v 0.027779 0.041573 0.014000
v 0.031720 0.038651 0.014000
v 0.027779 0.041573 0.006000
v 0.014514 0.047847 0.006000
v 0.035355 0.035355 0.014000
v 0.038651 0.031720 0.014000
v 0.035355 0.035355 0.006000
v 0.041573 0.027779 0.014000
v 0.044096 0.023570 0.014000
v 0.041573 0.027779 0.006000
v 0.038651 0.031720 0.006000
v 0.046194 0.019134 0.014000
v 0.047847 0.014514 0.014000
v 0.047847 0.014514 0.006000
v 0.049039 0.009755 0.014000
v 0.049759 0.004901 0.014000
v 0.049039 0.009755 0.006000
v 0.046194 0.019134 0.006000
v 0.031720 0.038651 0.006000
v 0.004901 0.049759 0.006000
v 0.023570 0.044096 0.006000
v 0.044096 0.023570 0.006000
v 0.049759 0.004901 0.006000
v 0.050000 0.000000 0.014000
v 0.050000 -0.000000 0.006000
v 0.049759 -0.004901 0.014000
v 0.049039 -0.009755 0.014000
v 0.049759 -0.004901 0.006000
v 0.047847 -0.014514 0.014000
v 0.046194 -0.019134 0.014000
v 0.047847 -0.014514 0.006000
v 0.049039 -0.009755 0.006000
v 0.044096 -0.023570 0.014000
v 0.041573 -0.027779 0.014000
v 0.044096 -0.023570 0.006000
v 0.038651 -0.031720 0.014000
v 0.035355 -0.035355 0.014000
v 0.035355 -0.035355 0.006000
v 0.041573 -0.027779 0.006000
v 0.031720 -0.038651 0.014000
v 0.027779 -0.041573 0.014000
v 0.027779 -0.041573 0.006000
v 0.023570 -0.044096 0.014000
v 0.019134 -0.046194 0.014000
v 0.019134 -0.046194 0.006000
v 0.014514 -0.047847 0.014000
v 0.009755 -0.049039 0.014000
v 0.014514 -0.047847 0.006000
v 0.004901 -0.049759 0.014000
v 0.000000 -0.050000 0.014000
v 0.000000 -0.050000 0.006000
v 0.009755 -0.049039 0.006000
v 0.031720 -0.038651 0.006000
v 0.046194 -0.019134 0.006000
v 0.038651 -0.031720 0.006000
v 0.023570 -0.044096 0.006000
v 0.004901 -0.049759 0.006000
v -0.019349 0.023577 0.021500
v -0.021567 0.021567 0.021500
v -0.018921 0.020680 0.021500
v -0.019976 0.019976 0.021500
v -0.017678 0.020928 0.021500
v -0.016945 0.025360 0.021500
v -0.016434 0.020680 0.021500
v -0.014378 0.026899 0.021500
v -0.023577 0.019349 0.021500
v -0.020928 0.017678 0.021500
v -0.020680 0.018921 0.021500
v -0.025360 0.016945 0.021500
v -0.003234 0.023661 0.021500
v -0.014675 0.018921 0.021500
v -0.006410 0.015475 0.021500
v -0.015380 0.019976 0.021500
v -0.011672 0.028178 0.021500
v -0.003234 0.026339 0.021500
v -0.002475 0.027475 0.021500
v -0.005950 0.029914 0.021500
v -0.008854 0.029187 0.021500
v 0.000000 0.030500 0.021500
v -0.002990 0.030353 0.021500
v -0.001339 0.028234 0.021500
v 0.000000 0.028500 0.021500
v -0.003500 0.025000 0.021500
v -0.001642 0.016669 0.021500
v 0.000000 0.021500 0.021500
v -0.001339 0.021766 0.021500
v -0.004862 0.016029 0.021500
v -0.002475 0.022525 0.021500
v -0.003268 0.016428 0.021500
v -0.014428 0.017678 0.021500
v -0.007896 0.014772 0.021500
v -0.020680 0.016434 0.021500
v -0.026899 0.014378 0.021500
v -0.019976 0.015380 0.021500
v -0.018921 0.014675 0.021500
v -0.028178 0.011672 0.021500
v -0.014772 0.007896 0.021500
v -0.017678 0.014428 0.021500
v -0.013927 0.009306 0.021500
v -0.016434 0.014675 0.021500
v -0.016029 0.004862 0.021500
v -0.029187 0.008854 0.021500
v -0.029914 0.005950 0.021500
v -0.016669 0.001642 0.021500
v -0.016428 0.003268 0.021500
v -0.015475 0.006410 0.021500
v -0.009306 0.013927 0.021500
v -0.010626 0.012948 0.021500
v -0.014675 0.016434 0.021500
v -0.015380 0.015380 0.021500
v -0.012948 0.010626 0.021500
v -0.011844 0.011844 0.021500
v 0.000000 0.016750 0.021500
v 0.001339 0.028234 0.021500
v 0.002990 0.030353 0.021500
v 0.005950 0.029914 0.021500
v 0.002475 0.027475 0.021500
v 0.003234 0.026339 0.021500
v 0.008854 0.029187 0.021500
v 0.011672 0.028178 0.021500
v 0.003500 0.025000 0.021500
v 0.003234 0.023661 0.021500
v 0.006410 0.015475 0.021500
v 0.014675 0.018921 0.021500
v 0.015380 0.019976 0.021500
v 0.014378 0.026899 0.021500
v 0.004862 0.016029 0.021500
v 0.002475 0.022525 0.021500
v 0.016434 0.020680 0.021500
v 0.016945 0.025360 0.021500
v 0.017678 0.020928 0.021500
v 0.021567 0.021567 0.021500
v 0.019349 0.023577 0.021500
v 0.018921 0.020680 0.021500
v 0.019976 0.019976 0.021500
v 0.007896 0.014772 0.021500
v 0.014428 0.017678 0.021500
v 0.023577 0.019349 0.021500
v 0.020680 0.018921 0.021500
v 0.020928 0.017678 0.021500
v 0.025360 0.016945 0.021500
v 0.020680 0.016434 0.021500
v 0.001339 0.021766 0.021500
v 0.003268 0.016428 0.021500
v 0.001642 0.016669 0.021500
v 0.009306 0.013927 0.021500
v 0.010626 0.012948 0.021500
v 0.014675 0.016434 0.021500
v 0.015380 0.015380 0.021500
v 0.011844 0.011844 0.021500
v 0.016434 0.014675 0.021500
v 0.012948 0.010626 0.021500
v 0.013927 0.009306 0.021500
v 0.017678 0.014428 0.021500
v 0.014772 0.007896 0.021500
v 0.019976 0.015380 0.021500
v 0.026899 0.014378 0.021500
v 0.028178 0.011672 0.021500
v 0.018921 0.014675 0.021500
v 0.016029 0.004862 0.021500
v 0.016428 0.003268 0.021500
v 0.029187 0.008854 0.021500
v 0.015475 0.006410 0.021500
v 0.029914 0.005950 0.021500
v 0.016669 0.001642 0.021500
v 0.030353 0.002990 0.021500
v -0.030353 0.002990 0.021500
v -0.016750 -0.000000 0.021500
v -0.030500 0.000000 0.021500
v -0.030353 -0.002990 0.021500
v -0.016669 -0.001642 0.021500
v -0.029914 -0.005950 0.021500
v -0.016428 -0.003268 0.021500
v -0.028178 -0.011672 0.021500
v -0.015475 -0.006410 0.021500
v -0.029187 -0.008854 0.021500
v -0.019976 -0.015380 0.021500
v -0.026899 -0.014378 0.021500
v -0.018921 -0.014675 0.021500
v -0.017678 -0.014428 0.021500
v -0.014772 -0.007896 0.021500
v -0.020680 -0.016434 0.021500
v -0.016434 -0.014675 0.021500
v -0.013927 -0.009306 0.021500
v -0.016029 -0.004862 0.021500
v -0.011844 -0.011844 0.021500
v -0.012948 -0.010626 0.021500
v -0.015380 -0.015380 0.021500
v -0.009306 -0.013927 0.021500
v -0.010626 -0.012948 0.021500
v -0.014675 -0.016434 0.021500
v -0.007896 -0.014772 0.021500
v -0.014428 -0.017678 0.021500
v -0.014675 -0.018921 0.021500
v -0.006410 -0.015475 0.021500
v -0.000942 -0.024500 0.021500
v -0.003268 -0.016428 0.021500
v -0.004862 -0.016029 0.021500
v -0.008854 -0.029187 0.021500
v -0.025360 -0.016945 0.021500
v -0.023577 -0.019349 0.021500
v -0.020928 -0.017678 0.021500
v -0.020680 -0.018921 0.021500
v -0.021567 -0.021567 0.021500
v -0.019976 -0.019976 0.021500
v -0.018921 -0.020680 0.021500
v -0.019349 -0.023577 0.021500
v -0.017678 -0.020928 0.021500
v -0.014378 -0.026899 0.021500
v -0.015380 -0.019976 0.021500
v -0.016434 -0.020680 0.021500
v -0.016945 -0.025360 0.021500
v -0.011672 -0.028178 0.021500
v 0.000000 -0.016750 0.021500
v -0.001642 -0.016669 0.021500
v 0.000897 -0.024500 0.021500
v -0.005950 -0.029914 0.021500
v -0.000942 -0.024859 0.021500
v -0.000179 -0.024859 0.021500
v -0.000179 -0.028000 0.021500
v -0.002990 -0.030353 0.021500
v 0.000000 -0.030500 0.021500
v 0.012948 -0.010626 0.021500
v 0.011844 -0.011844 0.021500
v 0.015380 -0.015380 0.021500
v 0.016434 -0.014675 0.021500
v 0.013927 -0.009306 0.021500
v 0.018921 -0.014675 0.021500
v 0.015475 -0.006410 0.021500
v 0.014772 -0.007896 0.021500
v 0.029187 -0.008854 0.021500
v 0.016029 -0.004862 0.021500
v 0.017678 -0.014428 0.021500
v 0.008854 -0.029187 0.021500
v 0.006410 -0.015475 0.021500
v 0.004862 -0.016029 0.021500
v 0.014675 -0.018921 0.021500
v 0.007896 -0.014772 0.021500
v 0.010626 -0.012948 0.021500
v 0.014675 -0.016434 0.021500
v 0.009306 -0.013927 0.021500
v 0.014428 -0.017678 0.021500
v 0.016669 -0.001642 0.021500
v 0.016428 -0.003268 0.021500
v 0.029914 -0.005950 0.021500
v 0.016750 0.000000 0.021500
v 0.030500 -0.000000 0.021500
v 0.030353 -0.002990 0.021500
v 0.028178 -0.011672 0.021500
v 0.026899 -0.014378 0.021500
v 0.019976 -0.015380 0.021500
v 0.020680 -0.016434 0.021500
v 0.003268 -0.016428 0.021500
v 0.001642 -0.016669 0.021500
v 0.000897 -0.024859 0.021500
v 0.000135 -0.024859 0.021500
v 0.000135 -0.028000 0.021500
v 0.005950 -0.029914 0.021500
v 0.002990 -0.030353 0.021500
v 0.011672 -0.028178 0.021500
v 0.014378 -0.026899 0.021500
v 0.015380 -0.019976 0.021500
v 0.025360 -0.016945 0.021500
v 0.020928 -0.017678 0.021500
v 0.023577 -0.019349 0.021500
v 0.020680 -0.018921 0.021500
v 0.021567 -0.021567 0.021500
v 0.016434 -0.020680 0.021500
v 0.016945 -0.025360 0.021500
v 0.017678 -0.020928 0.021500
v 0.019349 -0.023577 0.021500
v 0.019976 -0.019976 0.021500
v 0.018921 -0.020680 0.021500
v -0.004901 -0.049759 0.014000
v -0.009755 -0.049039 0.014000
v -0.009755 -0.049039 0.006000
v -0.004901 -0.049759 0.006000
v -0.014514 -0.047847 0.014000
v -0.019134 -0.046194 0.014000
v -0.019134 -0.046194 0.006000
v -0.023570 -0.044096 0.014000
v -0.027779 -0.041573 0.014000
v -0.023570 -0.044096 0.006000
v -0.014514 -0.047847 0.006000
v -0.031720 -0.038651 0.014000
v -0.035355 -0.035355 0.014000
v -0.035355 -0.035355 0.006000
v -0.038651 -0.031720 0.014000
v -0.041573 -0.027779 0.014000
v -0.041573 -0.027779 0.006000
v -0.038651 -0.031720 0.006000
v -0.044096 -0.023570 0.014000
v -0.046194 -0.019134 0.014000
v -0.046194 -0.019134 0.006000
v -0.047847 -0.014514 0.014000
v -0.049039 -0.009755 0.014000
v -0.049039 -0.009755 0.006000
v -0.047847 -0.014514 0.006000
v -0.044096 -0.023570 0.006000
v -0.031720 -0.038651 0.006000
v -0.027779 -0.041573 0.006000
v -0.049759 -0.004901 0.006000
v -0.049759 -0.004901 0.014000
v -0.004901 0.049759 0.006000
v -0.050000 -0.000000 0.014000
v -0.049759 0.004901 0.014000
v -0.049759 0.004901 0.006000
v -0.049039 0.009755 0.014000
v -0.047847 0.014514 0.014000
v -0.049039 0.009755 0.006000
v -0.046194 0.019134 0.014000
v -0.044096 0.023570 0.014000
v -0.044096 0.023570 0.006000
v -0.041573 0.027779 0.014000
v -0.038651 0.031720 0.014000
v -0.041573 0.027779 0.006000
v -0.046194 0.019134 0.006000
v -0.035355 0.035355 0.014000
v -0.031720 0.038651 0.014000
v -0.035355 0.035355 0.006000
v -0.027779 0.041573 0.014000
v -0.023570 0.044096 0.014000
v -0.023570 0.044096 0.006000
v -0.031720 0.038651 0.006000
v -0.019134 0.046194 0.014000
v -0.014514 0.047847 0.014000
v -0.019134 0.046194 0.006000
v -0.009755 0.049039 0.014000
v -0.004901 0.049759 0.014000
v -0.009755 0.049039 0.006000
v -0.038651 0.031720 0.006000
v -0.050000 0.000000 0.006000
v -0.047847 0.014514 0.006000
v -0.027779 0.041573 0.006000
v -0.014514 0.047847 0.006000
v -0.022500 0.038383 0.005000
v -0.027223 0.040742 0.005000
v -0.023098 0.043214 0.005000
v -0.021722 0.038798 0.005000
v -0.023182 0.037823 0.005000
v -0.020878 0.039055 0.005000
v -0.018751 0.045270 0.005000
v -0.020000 0.039141 0.005000
v -0.019122 0.039055 0.005000
v -0.017500 0.038383 0.005000
v -0.018278 0.038798 0.005000
v -0.014224 0.046890 0.005000
v -0.031085 0.037878 0.005000
v -0.024157 0.036363 0.005000
v -0.024414 0.035519 0.005000
v -0.024500 0.034641 0.005000
v -0.024414 0.033763 0.005000
v -0.024157 0.032919 0.005000
v -0.034648 0.034648 0.005000
v -0.023742 0.037141 0.005000
v -0.003923 0.039220 0.005000
v -0.015586 0.035519 0.005000
v -0.015843 0.036363 0.005000
v -0.016258 0.037141 0.005000
v -0.016818 0.037823 0.005000
v -0.004000 0.040000 0.005000
v -0.009559 0.048058 0.005000
v -0.004803 0.048764 0.005000
v -0.003326 0.042222 0.005000
v -0.003696 0.041531 0.005000
v -0.003923 0.040780 0.005000
v -0.000780 0.043923 0.005000
v -0.001531 0.043696 0.005000
v 0.000000 0.049000 0.005000
v -0.002222 0.043326 0.005000
v -0.002828 0.042828 0.005000
v -0.000000 0.044000 0.005000
v -0.015500 0.034641 0.005000
v -0.003696 0.038469 0.005000
v -0.003326 0.037778 0.005000
v -0.015586 0.033763 0.005000
v -0.002828 0.037172 0.005000
v -0.002222 0.036674 0.005000
v -0.004877 0.024520 0.005000
v -0.001531 0.036304 0.005000
v -0.000780 0.036077 0.005000
v -0.002450 0.024880 0.005000
v -0.000000 0.036000 0.005000
v 0.000000 0.025000 0.005000
v -0.007257 0.023924 0.005000
v -0.040742 0.027223 0.005000
v -0.022048 0.011785 0.005000
v -0.043214 0.023098 0.005000
v -0.023097 0.009567 0.005000
v -0.038278 0.004157 0.005000
v -0.045270 0.018751 0.005000
v -0.039122 0.004414 0.005000
v -0.046890 0.014224 0.005000
v -0.023742 0.032141 0.005000
v -0.037878 0.031085 0.005000
v -0.023182 0.031459 0.005000
v -0.022500 0.030899 0.005000
v -0.036818 0.003182 0.005000
v -0.023924 0.007257 0.005000
v -0.024520 0.004877 0.005000
v -0.037500 0.003742 0.005000
v -0.040878 0.004414 0.005000
v -0.048058 0.009559 0.005000
v -0.040000 0.004500 0.005000
v -0.041722 0.004157 0.005000
v -0.042500 0.003742 0.005000
v -0.048764 0.004803 0.005000
v -0.043182 0.003182 0.005000
v -0.043742 0.002500 0.005000
v -0.036258 0.002500 0.005000
v -0.019325 0.015860 0.005000
v -0.021722 0.030484 0.005000
v -0.020000 0.030141 0.005000
v -0.019122 0.030227 0.005000
v -0.015860 0.019325 0.005000
v -0.018278 0.030484 0.005000
v -0.013889 0.020787 0.005000
v -0.020878 0.030227 0.005000
v -0.017678 0.017678 0.005000
v -0.016258 0.032141 0.005000
v -0.015843 0.032919 0.005000
v -0.017500 0.030899 0.005000
v -0.016818 0.031459 0.005000
v -0.011785 0.022048 0.005000
v -0.009567 0.023097 0.005000
v -0.020787 0.013889 0.005000
v 0.001531 0.043696 0.005000
v 0.000780 0.043923 0.005000
v 0.002222 0.043326 0.005000
v 0.004803 0.048764 0.005000
v 0.002828 0.042828 0.005000
v 0.014224 0.046890 0.005000
v 0.003923 0.040780 0.005000
v 0.009559 0.048058 0.005000
v 0.003326 0.042222 0.005000
v 0.003696 0.041531 0.005000
v 0.016258 0.037141 0.005000
v 0.015586 0.033763 0.005000
v 0.002828 0.037172 0.005000
v 0.003326 0.037778 0.005000
v 0.004877 0.024520 0.005000
v 0.002222 0.036674 0.005000
v 0.007257 0.023924 0.005000
v 0.015843 0.032919 0.005000
v 0.015586 0.035519 0.005000
v 0.003696 0.038469 0.005000
v 0.003923 0.039220 0.005000
v 0.004000 0.040000 0.005000
v 0.015843 0.036363 0.005000
v 0.015500 0.034641 0.005000
v 0.001531 0.036304 0.005000
v 0.023098 0.043214 0.005000
v 0.020000 0.039141 0.005000
v 0.018751 0.045270 0.005000
v 0.019122 0.039055 0.005000
v 0.018278 0.038798 0.005000
v 0.017500 0.038383 0.005000
v 0.022500 0.038383 0.005000
v 0.027223 0.040742 0.005000
v 0.020878 0.039055 0.005000
v 0.021722 0.038798 0.005000
v 0.031085 0.037878 0.005000
v 0.024157 0.036363 0.005000
v 0.023182 0.037823 0.005000
v 0.016818 0.037823 0.005000
v 0.024414 0.035519 0.005000
v 0.024500 0.034641 0.005000
v 0.034648 0.034648 0.005000
v 0.024414 0.033763 0.005000
v 0.024157 0.032919 0.005000
v 0.023742 0.037141 0.005000
v 0.002450 0.024880 0.005000
v 0.000780 0.036077 0.005000
v 0.016258 0.032141 0.005000
v 0.016818 0.031459 0.005000
v 0.009567 0.023097 0.005000
v 0.011785 0.022048 0.005000
v 0.017500 0.030899 0.005000
v 0.018278 0.030484 0.005000
v 0.019325 0.015860 0.005000
v 0.021722 0.030484 0.005000
v 0.022500 0.030899 0.005000
v 0.019122 0.030227 0.005000
v 0.020000 0.030141 0.005000
v 0.015860 0.019325 0.005000
v 0.020878 0.030227 0.005000
v 0.013889 0.020787 0.005000
v 0.017678 0.017678 0.005000
v 0.022048 0.011785 0.005000
v 0.020787 0.013889 0.005000
v 0.043214 0.023098 0.005000
v 0.040742 0.027223 0.005000
v 0.023097 0.009567 0.005000
v 0.037878 0.031085 0.005000
v 0.023742 0.032141 0.005000
v 0.023182 0.031459 0.005000
v 0.037500 0.003742 0.005000
v 0.023924 0.007257 0.005000
v 0.045270 0.018751 0.005000
v 0.038278 0.004157 0.005000
v 0.046890 0.014224 0.005000
v 0.039122 0.004414 0.005000
v 0.048058 0.009559 0.005000
v 0.040878 0.004414 0.005000
v 0.036818 0.003182 0.005000
v 0.024520 0.004877 0.005000
v 0.040000 0.004500 0.005000
v 0.042500 0.003742 0.005000
v 0.041722 0.004157 0.005000
v 0.048764 0.004803 0.005000
v 0.043742 0.002500 0.005000
v 0.043182 0.003182 0.005000
v 0.044157 0.001722 0.005000
v 0.036258 0.002500 0.005000
v -0.035843 0.001722 0.005000
v -0.049000 -0.000000 0.005000
v -0.044157 0.001722 0.005000
v -0.044414 0.000878 0.005000
v -0.044414 -0.000878 0.005000
v -0.044500 -0.000000 0.005000
v -0.044157 -0.001722 0.005000
v -0.043742 -0.002500 0.005000
v -0.048764 -0.004803 0.005000
v -0.043182 -0.003182 0.005000
v -0.042500 -0.003742 0.005000
v -0.041722 -0.004157 0.005000
v -0.048058 -0.009559 0.005000
v -0.045270 -0.018751 0.005000
v -0.046890 -0.014224 0.005000
v -0.039122 -0.004414 0.005000
v -0.040878 -0.004414 0.005000
v -0.038278 -0.004157 0.005000
v -0.023097 -0.009567 0.005000
v -0.037500 -0.003742 0.005000
v -0.040000 -0.004500 0.005000
v -0.036818 -0.003182 0.005000
v -0.023924 -0.007257 0.005000
v -0.022048 -0.011785 0.005000
v -0.043214 -0.023098 0.005000
v -0.024880 0.002450 0.005000
v -0.035586 0.000878 0.005000
v -0.024520 -0.004877 0.005000
v -0.036258 -0.002500 0.005000
v -0.035843 -0.001722 0.005000
v -0.024880 -0.002450 0.005000
v -0.035586 -0.000878 0.005000
v -0.025000 -0.000000 0.005000
v -0.035500 -0.000000 0.005000
v -0.040742 -0.027223 0.005000
v -0.020787 -0.013889 0.005000
v -0.022500 -0.030899 0.005000
v -0.019325 -0.015860 0.005000
v -0.015860 -0.019325 0.005000
v -0.013889 -0.020787 0.005000
v -0.019122 -0.030227 0.005000
v -0.011785 -0.022048 0.005000
v -0.018278 -0.030484 0.005000
v -0.009567 -0.023097 0.005000
v -0.007257 -0.023924 0.005000
v -0.016258 -0.032141 0.005000
v -0.004877 -0.024520 0.005000
v -0.015586 -0.033763 0.005000
v -0.016818 -0.031459 0.005000
v -0.017678 -0.017678 0.005000
v -0.021722 -0.030484 0.005000
v -0.020878 -0.030227 0.005000
v -0.037878 -0.031085 0.005000
v -0.023182 -0.031459 0.005000
v -0.024157 -0.032919 0.005000
v -0.024414 -0.033763 0.005000
v -0.034648 -0.034648 0.005000
v -0.024500 -0.034641 0.005000
v -0.031085 -0.037878 0.005000
v -0.023742 -0.032141 0.005000
v -0.020000 -0.030141 0.005000
v -0.024414 -0.035519 0.005000
v -0.027223 -0.040742 0.005000
v -0.024157 -0.036363 0.005000
v -0.023742 -0.037141 0.005000
v -0.023182 -0.037823 0.005000
v -0.022500 -0.038383 0.005000
v -0.020878 -0.039055 0.005000
v -0.023098 -0.043214 0.005000
v -0.021722 -0.038798 0.005000
v -0.020000 -0.039141 0.005000
v -0.017500 -0.030899 0.005000
v -0.015843 -0.032919 0.005000
v 0.000000 -0.025000 0.005000
v 0.000000 -0.049000 0.005000
v -0.002450 -0.024880 0.005000
v -0.015500 -0.034641 0.005000
v -0.015586 -0.035519 0.005000
v -0.004803 -0.048764 0.005000
v -0.018751 -0.045270 0.005000
v -0.018278 -0.038798 0.005000
v -0.017500 -0.038383 0.005000
v -0.019122 -0.039055 0.005000
v -0.014224 -0.046890 0.005000
v -0.016818 -0.037823 0.005000
v -0.016258 -0.037141 0.005000
v -0.009559 -0.048058 0.005000
v -0.015843 -0.036363 0.005000
v 0.035586 0.000878 0.005000
v 0.025000 -0.000000 0.005000
v 0.024880 0.002450 0.005000
v 0.036258 -0.002500 0.005000
v 0.024520 -0.004877 0.005000
v 0.035843 -0.001722 0.005000
v 0.024880 -0.002450 0.005000
v 0.035586 -0.000878 0.005000
v 0.035843 0.001722 0.005000
v 0.035500 -0.000000 0.005000
v 0.023924 -0.007257 0.005000
v 0.036818 -0.003182 0.005000
v 0.013889 -0.020787 0.005000
v 0.015860 -0.019325 0.005000
v 0.019122 -0.030227 0.005000
v 0.007257 -0.023924 0.005000
v 0.009567 -0.023097 0.005000
v 0.016258 -0.032141 0.005000
v 0.011785 -0.022048 0.005000
v 0.016818 -0.031459 0.005000
v 0.018278 -0.030484 0.005000
v 0.022048 -0.011785 0.005000
v 0.023097 -0.009567 0.005000
v 0.045270 -0.018751 0.005000
v 0.037500 -0.003742 0.005000
v 0.020787 -0.013889 0.005000
v 0.022500 -0.030899 0.005000
v 0.019325 -0.015860 0.005000
v 0.040742 -0.027223 0.005000
v 0.043214 -0.023098 0.005000
v 0.020878 -0.030227 0.005000
v 0.017678 -0.017678 0.005000
v 0.021722 -0.030484 0.005000
v 0.043742 -0.002500 0.005000
v 0.044157 -0.001722 0.005000
v 0.048764 -0.004803 0.005000
v 0.049000 0.000000 0.005000
v 0.044414 0.000878 0.005000
v 0.044500 -0.000000 0.005000
v 0.044414 -0.000878 0.005000
v 0.043182 -0.003182 0.005000
v 0.046890 -0.014224 0.005000
v 0.039122 -0.004414 0.005000
v 0.040000 -0.004500 0.005000
v 0.040878 -0.004414 0.005000
v 0.038278 -0.004157 0.005000
v 0.048058 -0.009559 0.005000
v 0.041722 -0.004157 0.005000
v 0.042500 -0.003742 0.005000
v 0.015586 -0.033763 0.005000
v 0.004877 -0.024520 0.005000
v 0.015843 -0.032919 0.005000
v 0.015500 -0.034641 0.005000
v 0.002450 -0.024880 0.005000
v 0.015586 -0.035519 0.005000
v 0.004803 -0.048764 0.005000
v 0.020000 -0.030141 0.005000
v 0.017500 -0.030899 0.005000
v 0.014224 -0.046890 0.005000
v 0.009559 -0.048058 0.005000
v 0.016258 -0.037141 0.005000
v 0.015843 -0.036363 0.005000
v 0.016818 -0.037823 0.005000
v 0.017500 -0.038383 0.005000
v 0.019122 -0.039055 0.005000
v 0.018751 -0.045270 0.005000
v 0.018278 -0.038798 0.005000
v 0.020000 -0.039141 0.005000
v 0.037878 -0.031085 0.005000
v 0.023742 -0.032141 0.005000
v 0.023182 -0.031459 0.005000
v 0.034648 -0.034648 0.005000
v 0.024157 -0.032919 0.005000
v 0.031085 -0.037878 0.005000
v 0.024414 -0.033763 0.005000
v 0.024500 -0.034641 0.005000
v 0.023098 -0.043214 0.005000
v 0.021722 -0.038798 0.005000
v 0.022500 -0.038383 0.005000
v 0.020878 -0.039055 0.005000
v 0.027223 -0.040742 0.005000
v 0.023742 -0.037141 0.005000
v 0.024157 -0.036363 0.005000
v 0.024414 -0.035519 0.005000
v 0.023182 -0.037823 0.005000
v -0.002450 0.024880 0.001000
v -0.004877 0.024520 0.001000
v -0.004877 0.024520 0.005000
v -0.002450 0.024880 0.005000
v -0.007257 0.023924 0.001000
v -0.009567 0.023097 0.001000
v -0.009567 0.023097 0.005000
v -0.011785 0.022048 0.001000
v -0.013889 0.020787 0.001000
v -0.011785 0.022048 0.005000
v -0.007257 0.023924 0.005000
v -0.015860 0.019325 0.001000
v -0.017678 0.017678 0.001000
v -0.017678 0.017678 0.005000
v -0.019325 0.015860 0.001000
v -0.020787 0.013889 0.001000
v -0.020787 0.013889 0.005000
v -0.019325 0.015860 0.005000
v -0.022048 0.011785 0.001000
v -0.023097 0.009567 0.001000
v -0.023097 0.009567 0.005000
v -0.023924 0.007257 0.001000
v -0.024520 0.004877 0.001000
v -0.024520 0.004877 0.005000
v -0.023924 0.007257 0.005000
v -0.022048 0.011785 0.005000
v -0.015860 0.019325 0.005000
v -0.013889 0.020787 0.005000
v -0.024880 0.002450 0.005000
v -0.024880 0.002450 0.001000
v -0.002450 -0.024880 0.005000
v -0.025000 -0.000000 0.001000
v -0.024880 -0.002450 0.001000
v -0.024880 -0.002450 0.005000
v -0.024520 -0.004877 0.001000
v -0.023924 -0.007257 0.001000
v -0.024520 -0.004877 0.005000
v -0.023097 -0.009567 0.001000
v -0.022048 -0.011785 0.001000
v -0.022048 -0.011785 0.005000
v -0.020787 -0.013889 0.001000
v -0.019325 -0.015860 0.001000
v -0.020787 -0.013889 0.005000
v -0.023097 -0.009567 0.005000
v -0.017678 -0.017678 0.001000
v -0.015860 -0.019325 0.001000
v -0.017678 -0.017678 0.005000
v -0.013889 -0.020787 0.001000
v -0.011785 -0.022048 0.001000
v -0.011785 -0.022048 0.005000
v -0.015860 -0.019325 0.005000
v -0.009567 -0.023097 0.001000
v -0.007257 -0.023924 0.001000
v -0.009567 -0.023097 0.005000
v -0.004877 -0.024520 0.001000
v -0.002450 -0.024880 0.001000
v -0.004877 -0.024520 0.005000
v -0.019325 -0.015860 0.005000
v -0.025000 -0.000000 0.005000
v -0.023924 -0.007257 0.005000
v -0.013889 -0.020787 0.005000
v -0.007257 -0.023924 0.005000
v -0.011314 -0.021166 0.000000
v -0.013334 -0.019955 0.000000
v -0.009306 -0.013927 0.000000
v -0.006410 -0.015475 0.000000
v -0.009184 -0.022173 0.000000
v -0.015225 -0.018552 0.000000
v -0.011844 -0.011844 0.000000
v -0.016971 -0.016971 0.000000
v -0.007896 -0.014772 0.000000
v -0.018552 -0.015225 0.000000
v -0.010626 -0.012948 0.000000
v -0.001642 -0.016669 0.000000
v -0.002352 -0.023884 0.000000
v -0.004682 -0.023539 0.000000
v 0.000000 -0.016750 0.000000
v 0.000000 -0.024000 0.000000
v -0.006967 -0.022967 0.000000
v -0.003268 -0.016428 0.000000
v -0.004862 -0.016029 0.000000
v -0.022173 -0.009184 0.000000
v -0.014772 -0.007896 0.000000
v -0.021166 -0.011314 0.000000
v -0.013927 -0.009306 0.000000
v -0.019955 -0.013334 0.000000
v -0.016029 -0.004862 0.000000
v -0.022967 -0.006967 0.000000
v -0.023884 -0.002352 0.000000
v -0.024000 -0.000000 0.000000
v -0.016669 -0.001642 0.000000
v -0.023539 -0.004682 0.000000
v -0.016428 -0.003268 0.000000
v -0.012948 -0.010626 0.000000
v -0.015475 -0.006410 0.000000
v 0.004682 -0.023539 0.000000
v 0.002352 -0.023884 0.000000
v 0.001642 -0.016669 0.000000
v 0.004862 -0.016029 0.000000
v 0.006967 -0.022967 0.000000
v 0.003268 -0.016428 0.000000
v 0.006410 -0.015475 0.000000
v 0.009184 -0.022173 0.000000
v 0.009306 -0.013927 0.000000
v 0.013334 -0.019955 0.000000
v 0.011314 -0.021166 0.000000
v 0.015225 -0.018552 0.000000
v 0.011844 -0.011844 0.000000
v 0.016971 -0.016971 0.000000
v 0.012948 -0.010626 0.000000
v 0.018552 -0.015225 0.000000
v 0.010626 -0.012948 0.000000
v 0.007896 -0.014772 0.000000
v 0.013927 -0.009306 0.000000
v 0.019955 -0.013334 0.000000
v 0.014772 -0.007896 0.000000
v 0.015475 -0.006410 0.000000
v 0.022173 -0.009184 0.000000
v 0.016029 -0.004862 0.000000
v 0.016428 -0.003268 0.000000
v 0.022967 -0.006967 0.000000
v 0.021166 -0.011314 0.000000
v 0.023884 -0.002352 0.000000
v 0.016669 -0.001642 0.000000
v 0.024000 -0.000000 0.000000
v 0.023539 -0.004682 0.000000
v 0.016750 -0.000000 0.000000
v -0.016750 -0.000000 0.000000
v -0.023884 0.002352 0.000000
v -0.023539 0.004682 0.000000
v -0.016669 0.001642 0.000000
v -0.016428 0.003268 0.000000
v -0.022967 0.006967 0.000000
v -0.022173 0.009184 0.000000
v -0.016029 0.004862 0.000000
v -0.021166 0.011314 0.000000
v -0.014772 0.007896 0.000000
v -0.019955 0.013334 0.000000
v -0.015475 0.006410 0.000000
v -0.018552 0.015225 0.000000
v -0.012948 0.010626 0.000000
v -0.013927 0.009306 0.000000
v -0.016971 0.016971 0.000000
v -0.010626 0.012948 0.000000
v -0.011844 0.011844 0.000000
v -0.015225 0.018552 0.000000
v -0.011314 0.021166 0.000000
v -0.007896 0.014772 0.000000
v -0.009306 0.013927 0.000000
v -0.013334 0.019955 0.000000
v -0.006410 0.015475 0.000000
v -0.009184 0.022173 0.000000
v -0.004862 0.016029 0.000000
v -0.001642 0.016669 0.000000
v -0.003268 0.016428 0.000000
v -0.004682 0.023539 0.000000
v -0.002352 0.023884 0.000000
v 0.000000 0.024000 0.000000
v 0.000000 0.016750 0.000000
v -0.006967 0.022967 0.000000
v 0.015475 0.006410 0.000000
v 0.014772 0.007896 0.000000
v 0.021166 0.011314 0.000000
v 0.016428 0.003268 0.000000
v 0.016029 0.004862 0.000000
v 0.023539 0.004682 0.000000
v 0.022173 0.009184 0.000000
v 0.018552 0.015225 0.000000
v 0.012948 0.010626 0.000000
v 0.011844 0.011844 0.000000
v 0.013927 0.009306 0.000000
v 0.019955 0.013334 0.000000
v 0.016669 0.001642 0.000000
v 0.023884 0.002352 0.000000
v 0.022967 0.006967 0.000000
v 0.010626 0.012948 0.000000
v 0.015225 0.018552 0.000000
v 0.003268 0.016428 0.000000
v 0.001642 0.016669 0.000000
v 0.004682 0.023539 0.000000
v 0.006410 0.015475 0.000000
v 0.004862 0.016029 0.000000
v 0.006967 0.022967 0.000000
v 0.002352 0.023884 0.000000
v 0.009184 0.022173 0.000000
v 0.016971 0.016971 0.000000
v 0.009306 0.013927 0.000000
v 0.007896 0.014772 0.000000
v 0.013334 0.019955 0.000000
v 0.011314 0.021166 0.000000
v 0.018634 0.015368 0.009500
v 0.017678 0.017678 0.007998
v 0.019445 0.015910 0.009500
v 0.017678 0.017678 0.007998
v 0.017678 0.017678 0.007998
v 0.019987 0.016721 0.009500
v 0.020178 0.017678 0.009500
v 0.017678 0.017678 0.007998
v 0.017678 0.017678 0.007998
v 0.019987 0.018634 0.009500
v 0.019445 0.019445 0.009500
v 0.017678 0.017678 0.007998
v 0.017678 0.017678 0.007998
v 0.018634 0.019987 0.009500
v 0.017678 0.017678 0.007998
v 0.018634 0.015368 0.009500
v 0.019987 0.016721 0.020750
v 0.019987 0.016721 0.009500
v 0.019445 0.015910 0.009500
v 0.018634 0.015368 0.020750
v 0.019445 0.015910 0.020750
v 0.020178 0.017678 0.009500
v 0.020178 0.017678 0.020750
v 0.019987 0.018634 0.020750
v 0.019445 0.019445 0.009500
v 0.019987 0.018634 0.009500
v 0.018634 0.019987 0.009500
v 0.018634 0.019987 0.020750
v 0.019445 0.019445 0.020750
v 0.018634 0.015368 0.020750
v 0.018921 0.014675 0.021500
v 0.019987 0.016721 0.020750
v 0.020680 0.016434 0.021500
v 0.020178 0.017678 0.020750
v 0.019445 0.015910 0.020750
v 0.019976 0.015380 0.021500
v 0.020928 0.017678 0.021500
v 0.019976 0.019976 0.021500
v 0.019445 0.019445 0.020750
v 0.019987 0.018634 0.020750
v 0.018921 0.020680 0.021500
v 0.018634 0.019987 0.020750
v 0.020680 0.018921 0.021500
v 0.018634 -0.019987 0.009500
v 0.017678 -0.017678 0.007998
v 0.019445 -0.019445 0.009500
v 0.017678 -0.017678 0.007998
v 0.019987 -0.018634 0.009500
v 0.017678 -0.017678 0.007998
v 0.020178 -0.017678 0.009500
v 0.017678 -0.017678 0.007998
v 0.017678 -0.017678 0.007998
v 0.019987 -0.016721 0.009500
v 0.019445 -0.015910 0.009500
v 0.017678 -0.017678 0.007998
v 0.017678 -0.017678 0.007998
v 0.018634 -0.015368 0.009500
v 0.017678 -0.017678 0.007998
v 0.018634 -0.019987 0.009500
v 0.019987 -0.018634 0.020750
v 0.019987 -0.018634 0.009500
v 0.019445 -0.019445 0.009500
v 0.018634 -0.019987 0.020750
v 0.019445 -0.019445 0.020750
v 0.020178 -0.017678 0.009500
v 0.020178 -0.017678 0.020750
v 0.019987 -0.016721 0.020750
v 0.019445 -0.015910 0.009500
v 0.019987 -0.016721 0.009500
v 0.018634 -0.015368 0.009500
v 0.018634 -0.015368 0.020750
v 0.019445 -0.015910 0.020750
v 0.018921 -0.020680 0.021500
v 0.018634 -0.019987 0.020750
v 0.020178 -0.017678 0.020750
v 0.019987 -0.018634 0.020750
v 0.020680 -0.018921 0.021500
v 0.019445 -0.019445 0.020750
v 0.019976 -0.019976 0.021500
v 0.020928 -0.017678 0.021500
v 0.019445 -0.015910 0.020750
v 0.019987 -0.016721 0.020750
v 0.019976 -0.015380 0.021500
v 0.018634 -0.015368 0.020750
v 0.018921 -0.014675 0.021500
v 0.020680 -0.016434 0.021500
v -0.016721 -0.019987 0.009500
v -0.017678 -0.017678 0.007998
v -0.017678 -0.017678 0.007998
v -0.015910 -0.019445 0.009500
v -0.017678 -0.017678 0.007998
v -0.015368 -0.018634 0.009500
v -0.015178 -0.017678 0.009500
v -0.017678 -0.017678 0.007998
v -0.015368 -0.016721 0.009500
v -0.017678 -0.017678 0.007998
v -0.015910 -0.015910 0.009500
v -0.017678 -0.017678 0.007998
v -0.017678 -0.017678 0.007998
v -0.016721 -0.015368 0.009500
v -0.017678 -0.017678 0.007998
v -0.016721 -0.019987 0.020750
v -0.016721 -0.019987 0.009500
v -0.015368 -0.018634 0.020750
v -0.015368 -0.018634 0.009500
v -0.015910 -0.019445 0.009500
v -0.015910 -0.019445 0.020750
v -0.015178 -0.017678 0.020750
v -0.015178 -0.017678 0.009500
v -0.015910 -0.015910 0.020750
v -0.015910 -0.015910 0.009500
v -0.015368 -0.016721 0.009500
v -0.016721 -0.015368 0.009500
v -0.016721 -0.015368 0.020750
v -0.015368 -0.016721 0.020750
v -0.016434 -0.020680 0.021500
v -0.016721 -0.019987 0.020750
v -0.015380 -0.019976 0.021500
v -0.015368 -0.018634 0.020750
v -0.015910 -0.019445 0.020750
v -0.014675 -0.018921 0.021500
v -0.014428 -0.017678 0.021500
v -0.015178 -0.017678 0.020750
v -0.015380 -0.015380 0.021500
v -0.015910 -0.015910 0.020750
v -0.015368 -0.016721 0.020750
v -0.016721 -0.015368 0.020750
v -0.016434 -0.014675 0.021500
v -0.014675 -0.016434 0.021500
v -0.016721 0.015368 0.009500
v -0.017678 0.017678 0.007998
v -0.017678 0.017678 0.007998
v -0.015910 0.015910 0.009500
v -0.017678 0.017678 0.007998
v -0.015368 0.016721 0.009500
v -0.015178 0.017678 0.009500
v -0.017678 0.017678 0.007998
v -0.015368 0.018634 0.009500
v -0.017678 0.017678 0.007998
v -0.015910 0.019445 0.009500
v -0.017678 0.017678 0.007998
v -0.017678 0.017678 0.007998
v -0.016721 0.019987 0.009500
v -0.017678 0.017678 0.007998
v -0.016721 0.015368 0.020750
v -0.016721 0.015368 0.009500
v -0.015368 0.016721 0.020750
v -0.015368 0.016721 0.009500
v -0.015910 0.015910 0.009500
v -0.015910 0.015910 0.020750
v -0.015178 0.017678 0.020750
v -0.015178 0.017678 0.009500
v -0.015910 0.019445 0.020750
v -0.015910 0.019445 0.009500
v -0.015368 0.018634 0.009500
v -0.016721 0.019987 0.009500
v -0.016721 0.019987 0.020750
v -0.015368 0.018634 0.020750
v -0.015380 0.015380 0.021500
v -0.015910 0.015910 0.020750
v -0.016721 0.015368 0.020750
v -0.015368 0.016721 0.020750
v -0.015178 0.017678 0.020750
v -0.014675 0.016434 0.021500
v -0.016434 0.014675 0.021500
v -0.014428 0.017678 0.021500
v -0.014675 0.018921 0.021500
v -0.015910 0.019445 0.020750
v -0.015368 0.018634 0.020750
v -0.016434 0.020680 0.021500
v -0.016721 0.019987 0.020750
v -0.015380 0.019976 0.021500
v 0.001544 -0.015674 0.020500
v 0.001544 -0.015674 0.001000
v 0.000000 -0.015750 0.001000
v 0.003073 -0.015447 0.020500
v 0.004572 -0.015072 0.001000
v 0.003073 -0.015447 0.001000
v 0.007424 -0.013890 0.020500
v 0.007424 -0.013890 0.001000
v 0.006027 -0.014551 0.001000
v 0.008750 -0.013096 0.020500
v 0.009992 -0.012175 0.001000
v 0.008750 -0.013096 0.001000
v 0.006027 -0.014551 0.020500
v 0.012175 -0.009992 0.020500
v 0.012175 -0.009992 0.001000
v 0.011137 -0.011137 0.001000
v 0.013890 -0.007424 0.020500
v 0.013890 -0.007424 0.001000
v 0.013096 -0.008750 0.001000
v 0.013096 -0.008750 0.020500
v 0.015072 -0.004572 0.020500
v 0.015072 -0.004572 0.001000
v 0.014551 -0.006027 0.001000
v 0.015674 -0.001544 0.020500
v 0.015674 -0.001544 0.001000
v 0.015447 -0.003073 0.001000
v 0.015447 -0.003073 0.020500
v 0.014551 -0.006027 0.020500
v 0.011137 -0.011137 0.020500
v 0.004572 -0.015072 0.020500
v 0.009992 -0.012175 0.020500
v 0.015750 -0.000000 0.020500
v 0.015750 -0.000000 0.001000
v 0.015674 0.001544 0.020500
v 0.015674 0.001544 0.001000
v 0.015072 0.004572 0.020500
v 0.015072 0.004572 0.001000
v 0.015447 0.003073 0.001000
v 0.015447 0.003073 0.020500
v 0.013890 0.007424 0.020500
v 0.013890 0.007424 0.001000
v 0.014551 0.006027 0.001000
v 0.012175 0.009992 0.020500
v 0.012175 0.009992 0.001000
v 0.013096 0.008750 0.001000
v 0.013096 0.008750 0.020500
v 0.014551 0.006027 0.020500
v 0.009992 0.012175 0.020500
v 0.009992 0.012175 0.001000
v 0.011137 0.011137 0.001000
v 0.007424 0.013890 0.020500
v 0.007424 0.013890 0.001000
v 0.008750 0.013096 0.001000
v 0.008750 0.013096 0.020500
v 0.004572 0.015072 0.020500
v 0.004572 0.015072 0.001000
v 0.006027 0.014551 0.001000
v 0.001544 0.015674 0.020500
v 0.001544 0.015674 0.001000
v 0.003073 0.015447 0.001000
v 0.003073 0.015447 0.020500
v 0.006027 0.014551 0.020500
v 0.011137 0.011137 0.020500
v 0.001148 0.022228 0.015300
v -0.000000 0.025000 0.013497
v -0.000000 0.025000 0.013497
v 0.002121 0.022879 0.015300
v -0.000000 0.025000 0.013497
v 0.002772 0.023852 0.015300
v 0.003000 0.025000 0.015300
v -0.000000 0.025000 0.013497
v 0.001148 0.027772 0.015300
v -0.000000 0.025000 0.013497
v 0.002121 0.027121 0.015300
v 0.002772 0.026148 0.015300
v -0.000000 0.025000 0.013497
v -0.000000 0.025000 0.013497
v -0.000000 0.025000 0.013497
v 0.001148 0.022228 0.021000
v 0.001148 0.022228 0.015300
v 0.002772 0.023852 0.021000
v 0.002772 0.023852 0.015300
v 0.002121 0.022879 0.015300
v 0.002121 0.022879 0.021000
v 0.003000 0.025000 0.021000
v 0.003000 0.025000 0.015300
v 0.002121 0.027121 0.021000
v 0.002121 0.027121 0.015300
v 0.002772 0.026148 0.015300
v 0.001148 0.027772 0.015300
v 0.001148 0.027772 0.021000
v 0.002772 0.026148 0.021000
v 0.001148 0.022228 0.021000
v 0.001339 0.021766 0.021500
v 0.002475 0.022525 0.021500
v 0.002772 0.023852 0.021000
v 0.002121 0.022879 0.021000
v 0.003234 0.023661 0.021500
v 0.003500 0.025000 0.021500
v 0.003000 0.025000 0.021000
v 0.002121 0.027121 0.021000
v 0.002772 0.026148 0.021000
v 0.003234 0.026339 0.021500
v 0.002475 0.027475 0.021500
v 0.001148 0.027772 0.021000
v 0.001339 0.028234 0.021500
v 0.001544 0.015674 0.001000
v 0.001642 0.016669 0.000000
v 0.004572 0.015072 0.001000
v 0.003073 0.015447 0.001000
v 0.003268 0.016428 0.000000
v 0.007424 0.013890 0.001000
v 0.006027 0.014551 0.001000
v 0.006410 0.015475 0.000000
v 0.009992 0.012175 0.001000
v 0.008750 0.013096 0.001000
v 0.010626 0.012948 0.000000
v 0.007896 0.014772 0.000000
v 0.012175 0.009992 0.001000
v 0.011137 0.011137 0.001000
v 0.011844 0.011844 0.000000
v 0.012948 0.010626 0.000000
v 0.013096 0.008750 0.001000
v 0.016029 0.004862 0.000000
v 0.015072 0.004572 0.001000
v 0.014551 0.006027 0.001000
v 0.016428 0.003268 0.000000
v 0.015674 0.001544 0.001000
v 0.015447 0.003073 0.001000
v 0.015475 0.006410 0.000000
v 0.013890 0.007424 0.001000
v 0.013927 0.009306 0.000000
v 0.004862 0.016029 0.000000
v 0.009306 0.013927 0.000000
v 0.014772 0.007896 0.000000
v 0.016669 0.001642 0.000000
v 0.016750 -0.000000 0.000000
v 0.015750 -0.000000 0.001000
v 0.015447 -0.003073 0.001000
v 0.015674 -0.001544 0.001000
v 0.016669 -0.001642 0.000000
v 0.015072 -0.004572 0.001000
v 0.016428 -0.003268 0.000000
v 0.014772 -0.007896 0.000000
v 0.013890 -0.007424 0.001000
v 0.014551 -0.006027 0.001000
v 0.012948 -0.010626 0.000000
v 0.011137 -0.011137 0.001000
v 0.012175 -0.009992 0.001000
v 0.013096 -0.008750 0.001000
v 0.013927 -0.009306 0.000000
v 0.015475 -0.006410 0.000000
v 0.010626 -0.012948 0.000000
v 0.008750 -0.013096 0.001000
v 0.009992 -0.012175 0.001000
v 0.007896 -0.014772 0.000000
v 0.007424 -0.013890 0.001000
v 0.003073 -0.015447 0.001000
v 0.004572 -0.015072 0.001000
v 0.004862 -0.016029 0.000000
v 0.006027 -0.014551 0.001000
v 0.006410 -0.015475 0.000000
v 0.001642 -0.016669 0.000000
v 0.001544 -0.015674 0.001000
v 0.003268 -0.016428 0.000000
v 0.011844 -0.011844 0.000000
v 0.016029 -0.004862 0.000000
v 0.009306 -0.013927 0.000000
v -0.007257 0.023924 0.001000
v -0.004682 0.023539 0.000000
v -0.006967 0.022967 0.000000
v -0.009184 0.022173 0.000000
v -0.004877 0.024520 0.001000
v -0.002352 0.023884 0.000000
v -0.011314 0.021166 0.000000
v -0.009567 0.023097 0.001000
v -0.011785 0.022048 0.001000
v -0.013334 0.019955 0.000000
v -0.018552 0.015225 0.000000
v -0.019955 0.013334 0.000000
v -0.019325 0.015860 0.001000
v -0.023924 0.007257 0.001000
v -0.022173 0.009184 0.000000
v -0.022967 0.006967 0.000000
v -0.022048 0.011785 0.001000
v -0.021166 0.011314 0.000000
v -0.015225 0.018552 0.000000
v -0.016971 0.016971 0.000000
v -0.015860 0.019325 0.001000
v -0.023539 0.004682 0.000000
v -0.017678 0.017678 0.001000
v -0.013889 0.020787 0.001000
v -0.002450 0.024880 0.001000
v -0.020787 0.013889 0.001000
v -0.023097 0.009567 0.001000
v -0.024520 0.004877 0.001000
v -0.024880 0.002450 0.001000
v -0.023884 0.002352 0.000000
v -0.002352 -0.023884 0.000000
v -0.023924 -0.007257 0.001000
v -0.022967 -0.006967 0.000000
v -0.022173 -0.009184 0.000000
v -0.023884 -0.002352 0.000000
v -0.023539 -0.004682 0.000000
v -0.024520 -0.004877 0.001000
v -0.021166 -0.011314 0.000000
v -0.023097 -0.009567 0.001000
v -0.019325 -0.015860 0.001000
v -0.019955 -0.013334 0.000000
v -0.018552 -0.015225 0.000000
v -0.022048 -0.011785 0.001000
v -0.024000 -0.000000 0.000000
v -0.025000 -0.000000 0.001000
v -0.015860 -0.019325 0.001000
v -0.016971 -0.016971 0.000000
v -0.015225 -0.018552 0.000000
v -0.009567 -0.023097 0.001000
v -0.011314 -0.021166 0.000000
v -0.009184 -0.022173 0.000000
v -0.011785 -0.022048 0.001000
v -0.013334 -0.019955 0.000000
v -0.004682 -0.023539 0.000000
v -0.002450 -0.024880 0.001000
v -0.007257 -0.023924 0.001000
v -0.006967 -0.022967 0.000000
v -0.017678 -0.017678 0.001000
v -0.013889 -0.020787 0.001000
v -0.024880 -0.002450 0.001000
v -0.020787 -0.013889 0.001000
v -0.004877 -0.024520 0.001000
v -0.014224 0.046890 0.005000
v -0.018751 0.045270 0.005000
v -0.019134 0.046194 0.006000
v -0.004901 0.049759 0.006000
v -0.004803 0.048764 0.005000
v -0.027223 0.040742 0.005000
v -0.027779 0.041573 0.006000
v -0.023098 0.043214 0.005000
v -0.009559 0.048058 0.005000
v -0.009755 0.049039 0.006000
v -0.023570 0.044096 0.006000
v -0.014514 0.047847 0.006000
v -0.035355 0.035355 0.006000
v -0.031085 0.037878 0.005000
v -0.034648 0.034648 0.005000
v -0.037878 0.031085 0.005000
v -0.040742 0.027223 0.005000
v -0.041573 0.027779 0.006000
v -0.045270 0.018751 0.005000
v -0.044096 0.023570 0.006000
v -0.043214 0.023098 0.005000
v -0.049039 0.009755 0.006000
v -0.048058 0.009559 0.005000
v -0.048764 0.004803 0.005000
v -0.031720 0.038651 0.006000
v -0.038651 0.031720 0.006000
v -0.047847 0.014514 0.006000
v -0.046194 0.019134 0.006000
v -0.046890 0.014224 0.005000
v -0.049759 0.004901 0.006000
v -0.004901 -0.049759 0.006000
v -0.049000 -0.000000 0.005000
v -0.048764 -0.004803 0.005000
v -0.050000 0.000000 0.006000
v -0.043214 -0.023098 0.005000
v -0.044096 -0.023570 0.006000
v -0.045270 -0.018751 0.005000
v -0.048058 -0.009559 0.005000
v -0.046890 -0.014224 0.005000
v -0.047847 -0.014514 0.006000
v -0.040742 -0.027223 0.005000
v -0.037878 -0.031085 0.005000
v -0.041573 -0.027779 0.006000
v -0.046194 -0.019134 0.006000
v -0.049039 -0.009755 0.006000
v -0.034648 -0.034648 0.005000
v -0.031085 -0.037878 0.005000
v -0.035355 -0.035355 0.006000
v -0.027223 -0.040742 0.005000
v -0.023098 -0.043214 0.005000
v -0.023570 -0.044096 0.006000
v -0.031720 -0.038651 0.006000
v -0.018751 -0.045270 0.005000
v -0.014224 -0.046890 0.005000
v -0.019134 -0.046194 0.006000
v -0.009559 -0.048058 0.005000
v -0.004803 -0.048764 0.005000
v -0.009755 -0.049039 0.006000
v -0.038651 -0.031720 0.006000
v -0.049759 -0.004901 0.006000
v -0.027779 -0.041573 0.006000
v -0.014514 -0.047847 0.006000
v 0.001544 -0.015674 0.020500
v 0.001642 -0.016669 0.021500
v 0.003073 -0.015447 0.020500
v 0.006027 -0.014551 0.020500
v 0.006410 -0.015475 0.021500
v 0.007424 -0.013890 0.020500
v 0.004572 -0.015072 0.020500
v 0.008750 -0.013096 0.020500
v 0.007896 -0.014772 0.021500
v 0.010626 -0.012948 0.021500
v 0.009992 -0.012175 0.020500
v 0.003268 -0.016428 0.021500
v 0.011137 -0.011137 0.020500
v 0.011844 -0.011844 0.021500
v 0.013096 -0.008750 0.020500
v 0.012175 -0.009992 0.020500
v 0.012948 -0.010626 0.021500
v 0.015674 -0.001544 0.020500
v 0.015447 -0.003073 0.020500
v 0.016428 -0.003268 0.021500
v 0.015072 -0.004572 0.020500
v 0.016029 -0.004862 0.021500
v 0.013890 -0.007424 0.020500
v 0.013927 -0.009306 0.021500
v 0.015750 -0.000000 0.020500
v 0.016669 -0.001642 0.021500
v 0.004862 -0.016029 0.021500
v 0.009306 -0.013927 0.021500
v 0.014772 -0.007896 0.021500
v 0.015475 -0.006410 0.021500
v 0.014551 -0.006027 0.020500
v 0.016750 0.000000 0.021500
v 0.015447 0.003073 0.020500
v 0.015674 0.001544 0.020500
v 0.016669 0.001642 0.021500
v 0.015475 0.006410 0.021500
v 0.014551 0.006027 0.020500
v 0.015072 0.004572 0.020500
v 0.013890 0.007424 0.020500
v 0.013927 0.009306 0.021500
v 0.013096 0.008750 0.020500
v 0.014772 0.007896 0.021500
v 0.012175 0.009992 0.020500
v 0.012948 0.010626 0.021500
v 0.011137 0.011137 0.020500
v 0.016428 0.003268 0.021500
v 0.009992 0.012175 0.020500
v 0.011844 0.011844 0.021500
v 0.008750 0.013096 0.020500
v 0.010626 0.012948 0.021500
v 0.006027 0.014551 0.020500
v 0.007424 0.013890 0.020500
v 0.007896 0.014772 0.021500
v 0.006410 0.015475 0.021500
v 0.004572 0.015072 0.020500
v 0.001544 0.015674 0.020500
v 0.003073 0.015447 0.020500
v 0.003268 0.016428 0.021500
v 0.004862 0.016029 0.021500
v 0.009306 0.013927 0.021500
v 0.001642 0.016669 0.021500
v 0.016029 0.004862 0.021500
v -0.023098 0.043214 0.015000
v -0.027223 0.040742 0.015000
v -0.024000 0.040628 0.015000
v -0.025091 0.039732 0.015000
v -0.025987 0.038641 0.015000
v -0.026652 0.037396 0.015000
v -0.022755 0.041293 0.015000
v -0.018751 0.045270 0.015000
v -0.020000 0.041841 0.015000
v -0.018595 0.041703 0.015000
v -0.021405 0.041703 0.015000
v -0.017245 0.041293 0.015000
v -0.031085 0.037878 0.015000
v -0.027062 0.036046 0.015000
v -0.027200 0.034641 0.015000
v -0.034648 0.034648 0.015000
v -0.027062 0.033236 0.015000
v -0.026652 0.031886 0.015000
v -0.037878 0.031085 0.015000
v -0.025987 0.030641 0.015000
v -0.025123 0.020618 0.015000
v -0.025091 0.029550 0.015000
v -0.014224 0.046890 0.015000
v -0.016000 0.040628 0.015000
v -0.014909 0.039732 0.015000
v -0.009559 0.048058 0.015000
v -0.014013 0.038641 0.015000
v -0.004803 0.048764 0.015000
v 0.000000 0.032500 0.015000
v 0.000000 0.049000 0.015000
v -0.013348 0.037396 0.015000
v -0.003186 0.032344 0.015000
v -0.012938 0.036046 0.015000
v -0.006340 0.031876 0.015000
v -0.012938 0.033236 0.015000
v -0.013348 0.031886 0.015000
v -0.009434 0.031101 0.015000
v -0.012437 0.030026 0.015000
v -0.014013 0.030641 0.015000
v -0.014909 0.029550 0.015000
v -0.015320 0.028662 0.015000
v -0.012800 0.034641 0.015000
v -0.016000 0.028654 0.015000
v -0.045270 0.018751 0.015000
v -0.028662 0.015320 0.015000
v -0.043214 0.023098 0.015000
v -0.046890 0.014224 0.015000
v -0.048058 0.009559 0.015000
v -0.042755 0.006652 0.015000
v -0.044000 0.005987 0.015000
v -0.040000 0.007200 0.015000
v -0.041405 0.007062 0.015000
v -0.030026 0.012437 0.015000
v -0.038595 0.007062 0.015000
v -0.040742 0.027223 0.015000
v -0.037245 0.006652 0.015000
v -0.031101 0.009434 0.015000
v -0.048764 0.004803 0.015000
v -0.045987 0.004000 0.015000
v -0.045091 0.005091 0.015000
v -0.046652 0.002755 0.015000
v -0.047062 0.001405 0.015000
v -0.049000 0.000000 0.015000
v -0.031876 0.006340 0.015000
v -0.036000 0.005987 0.015000
v -0.034909 0.005091 0.015000
v -0.034013 0.004000 0.015000
v -0.022755 0.027989 0.015000
v -0.024000 0.028654 0.015000
v -0.022981 0.022981 0.015000
v -0.020618 0.025123 0.015000
v -0.021405 0.027579 0.015000
v -0.020000 0.027441 0.015000
v -0.017245 0.027989 0.015000
v -0.018056 0.027023 0.015000
v -0.018595 0.027579 0.015000
v -0.032344 0.003186 0.015000
v -0.032938 0.001405 0.015000
v -0.032500 -0.000000 0.015000
v -0.033348 0.002755 0.015000
v -0.027023 0.018056 0.015000
v -0.047200 -0.000000 0.015000
v 0.009559 0.048058 0.015000
v 0.004803 0.048764 0.015000
v 0.013348 0.037396 0.015000
v 0.006340 0.031876 0.015000
v 0.012938 0.036046 0.015000
v 0.012800 0.034641 0.015000
v 0.003186 0.032344 0.015000
v 0.014013 0.038641 0.015000
v 0.014224 0.046890 0.015000
v 0.017245 0.041293 0.015000
v 0.018751 0.045270 0.015000
v 0.016000 0.040628 0.015000
v 0.014909 0.039732 0.015000
v 0.009434 0.031101 0.015000
v 0.012437 0.030026 0.015000
v 0.013348 0.031886 0.015000
v 0.012938 0.033236 0.015000
v 0.014909 0.029550 0.015000
v 0.014013 0.030641 0.015000
v 0.015320 0.028662 0.015000
v 0.023098 0.043214 0.015000
v 0.020000 0.041841 0.015000
v 0.018595 0.041703 0.015000
v 0.021405 0.041703 0.015000
v 0.022755 0.041293 0.015000
v 0.027223 0.040742 0.015000
v 0.024000 0.040628 0.015000
v 0.025091 0.039732 0.015000
v 0.025987 0.038641 0.015000
v 0.026652 0.037396 0.015000
v 0.027062 0.036046 0.015000
v 0.031085 0.037878 0.015000
v 0.037878 0.031085 0.015000
v 0.025987 0.030641 0.015000
v 0.025123 0.020618 0.015000
v 0.026652 0.031886 0.015000
v 0.034648 0.034648 0.015000
v 0.027200 0.034641 0.015000
v 0.027062 0.033236 0.015000
v 0.025091 0.029550 0.015000
v 0.016000 0.028654 0.015000
v 0.017245 0.027989 0.015000
v 0.018595 0.027579 0.015000
v 0.018056 0.027023 0.015000
v 0.020000 0.027441 0.015000
v 0.020618 0.025123 0.015000
v 0.024000 0.028654 0.015000
v 0.022755 0.027989 0.015000
v 0.022981 0.022981 0.015000
v 0.021405 0.027579 0.015000
v 0.027023 0.018056 0.015000
v 0.030026 0.012437 0.015000
v 0.031101 0.009434 0.015000
v 0.038595 0.007062 0.015000
v 0.040742 0.027223 0.015000
v 0.028662 0.015320 0.015000
v 0.034013 0.004000 0.015000
v 0.031876 0.006340 0.015000
v 0.032344 0.003186 0.015000
v 0.032938 0.001405 0.015000
v 0.033348 0.002755 0.015000
v 0.032500 0.000000 0.015000
v 0.036000 0.005987 0.015000
v 0.045270 0.018751 0.015000
v 0.040000 0.007200 0.015000
v 0.043214 0.023098 0.015000
v 0.037245 0.006652 0.015000
v 0.046890 0.014224 0.015000
v 0.041405 0.007062 0.015000
v 0.042755 0.006652 0.015000
v 0.048058 0.009559 0.015000
v 0.044000 0.005987 0.015000
v 0.034909 0.005091 0.015000
v 0.045091 0.005091 0.015000
v 0.048764 0.004803 0.015000
v 0.045987 0.004000 0.015000
v 0.046652 0.002755 0.015000
v 0.047062 0.001405 0.015000
v 0.049000 -0.000000 0.015000
v 0.047200 0.000000 0.015000
v 0.032800 -0.000000 0.015000
v -0.032800 0.000000 0.015000
v -0.047062 -0.001405 0.015000
v -0.046652 -0.002755 0.015000
v -0.048764 -0.004803 0.015000
v -0.045987 -0.004000 0.015000
v -0.045091 -0.005091 0.015000
v -0.031876 -0.006340 0.015000
v -0.034013 -0.004000 0.015000
v -0.034909 -0.005091 0.015000
v -0.048058 -0.009559 0.015000
v -0.044000 -0.005987 0.015000
v -0.036000 -0.005987 0.015000
v -0.042755 -0.006652 0.015000
v -0.046890 -0.014224 0.015000
v -0.040000 -0.007200 0.015000
v -0.045270 -0.018751 0.015000
v -0.041405 -0.007062 0.015000
v -0.030026 -0.012437 0.015000
v -0.038595 -0.007062 0.015000
v -0.037245 -0.006652 0.015000
v -0.031101 -0.009434 0.015000
v -0.043214 -0.023098 0.015000
v -0.028662 -0.015320 0.015000
v -0.040742 -0.027223 0.015000
v -0.032938 -0.001405 0.015000
v -0.032344 -0.003186 0.015000
v -0.033348 -0.002755 0.015000
v -0.027023 -0.018056 0.015000
v -0.025123 -0.020618 0.015000
v -0.037878 -0.031085 0.015000
v -0.020618 -0.025123 0.015000
v -0.022981 -0.022981 0.015000
v -0.022755 -0.027989 0.015000
v -0.021405 -0.027579 0.015000
v -0.024000 -0.028654 0.015000
v -0.020000 -0.027441 0.015000
v -0.018056 -0.027023 0.015000
v -0.018595 -0.027579 0.015000
v -0.017245 -0.027989 0.015000
v -0.015320 -0.028662 0.015000
v -0.025091 -0.029550 0.015000
v -0.016000 -0.028654 0.015000
v -0.026652 -0.031886 0.015000
v -0.034648 -0.034648 0.015000
v -0.027062 -0.033236 0.015000
v -0.027200 -0.034641 0.015000
v -0.031085 -0.037878 0.015000
v -0.027062 -0.036046 0.015000
v -0.025987 -0.030641 0.015000
v -0.026652 -0.037396 0.015000
v -0.027223 -0.040742 0.015000
v -0.025091 -0.039732 0.015000
v -0.025987 -0.038641 0.015000
v -0.024000 -0.040628 0.015000
v -0.023098 -0.043214 0.015000
v -0.022755 -0.041293 0.015000
v -0.020000 -0.041841 0.015000
v -0.021405 -0.041703 0.015000
v -0.018751 -0.045270 0.015000
v -0.018595 -0.041703 0.015000
v -0.017245 -0.041293 0.015000
v -0.012437 -0.030026 0.015000
v -0.014909 -0.029550 0.015000
v -0.013348 -0.031886 0.015000
v -0.012938 -0.033236 0.015000
v -0.009434 -0.031101 0.015000
v -0.014013 -0.030641 0.015000
v -0.013348 -0.037396 0.015000
v -0.003186 -0.032344 0.015000
v -0.006340 -0.031876 0.015000
v -0.004803 -0.048764 0.015000
v 0.000000 -0.032500 0.015000
v -0.012800 -0.034641 0.015000
v -0.009559 -0.048058 0.015000
v -0.014013 -0.038641 0.015000
v -0.014909 -0.039732 0.015000
v -0.016000 -0.040628 0.015000
v -0.014224 -0.046890 0.015000
v -0.012938 -0.036046 0.015000
v 0.000000 -0.049000 0.015000
v 0.031101 -0.009434 0.015000
v 0.030026 -0.012437 0.015000
v 0.038595 -0.007062 0.015000
v 0.040742 -0.027223 0.015000
v 0.027023 -0.018056 0.015000
v 0.025123 -0.020618 0.015000
v 0.043214 -0.023098 0.015000
v 0.028662 -0.015320 0.015000
v 0.032938 -0.001405 0.015000
v 0.034013 -0.004000 0.015000
v 0.033348 -0.002755 0.015000
v 0.032344 -0.003186 0.015000
v 0.031876 -0.006340 0.015000
v 0.036000 -0.005987 0.015000
v 0.018056 -0.027023 0.015000
v 0.020000 -0.027441 0.015000
v 0.020618 -0.025123 0.015000
v 0.018595 -0.027579 0.015000
v 0.017245 -0.027989 0.015000
v 0.015320 -0.028662 0.015000
v 0.016000 -0.028654 0.015000
v 0.022981 -0.022981 0.015000
v 0.022755 -0.027989 0.015000
v 0.024000 -0.028654 0.015000
v 0.021405 -0.027579 0.015000
v 0.037878 -0.031085 0.015000
v 0.034909 -0.005091 0.015000
v 0.048764 -0.004803 0.015000
v 0.045091 -0.005091 0.015000
v 0.048058 -0.009559 0.015000
v 0.047062 -0.001405 0.015000
v 0.046652 -0.002755 0.015000
v 0.045987 -0.004000 0.015000
v 0.044000 -0.005987 0.015000
v 0.040000 -0.007200 0.015000
v 0.045270 -0.018751 0.015000
v 0.037245 -0.006652 0.015000
v 0.041405 -0.007062 0.015000
v 0.046890 -0.014224 0.015000
v 0.042755 -0.006652 0.015000
v 0.025091 -0.029550 0.015000
v 0.013348 -0.031886 0.015000
v 0.012437 -0.030026 0.015000
v 0.009434 -0.031101 0.015000
v 0.012800 -0.034641 0.015000
v 0.006340 -0.031876 0.015000
v 0.012938 -0.036046 0.015000
v 0.013348 -0.037396 0.015000
v 0.003186 -0.032344 0.015000
v 0.012938 -0.033236 0.015000
v 0.014909 -0.029550 0.015000
v 0.014013 -0.030641 0.015000
v 0.004803 -0.048764 0.015000
v 0.009559 -0.048058 0.015000
v 0.014013 -0.038641 0.015000
v 0.014909 -0.039732 0.015000
v 0.016000 -0.040628 0.015000
v 0.014224 -0.046890 0.015000
v 0.017245 -0.041293 0.015000
v 0.018751 -0.045270 0.015000
v 0.025987 -0.030641 0.015000
v 0.026652 -0.031886 0.015000
v 0.027062 -0.033236 0.015000
v 0.034648 -0.034648 0.015000
v 0.027200 -0.034641 0.015000
v 0.031085 -0.037878 0.015000
v 0.027062 -0.036046 0.015000
v 0.026652 -0.037396 0.015000
v 0.027223 -0.040742 0.015000
v 0.023098 -0.043214 0.015000
v 0.021405 -0.041703 0.015000
v 0.020000 -0.041841 0.015000
v 0.018595 -0.041703 0.015000
v 0.022755 -0.041293 0.015000
v 0.025987 -0.038641 0.015000
v 0.025091 -0.039732 0.015000
v 0.024000 -0.040628 0.015000
v -0.003088 0.031348 0.016000
v -0.006145 0.030895 0.016000
v -0.003088 0.031348 0.020500
v -0.009144 0.030144 0.016000
v -0.012055 0.029102 0.016000
v -0.009144 0.030144 0.020500
v -0.014849 0.027781 0.016000
v -0.017500 0.026191 0.016000
v -0.017500 0.026191 0.020500
v -0.014849 0.027781 0.020500
v -0.006145 0.030895 0.020500
v -0.019983 0.024350 0.016000
v -0.022274 0.022274 0.016000
v -0.019983 0.024350 0.020500
v -0.024350 0.019983 0.016000
v -0.026191 0.017500 0.016000
v -0.024350 0.019983 0.020500
v -0.022274 0.022274 0.020500
v -0.027781 0.014849 0.016000
v -0.029102 0.012055 0.016000
v -0.029102 0.012055 0.020500
v -0.030144 0.009144 0.016000
v -0.030895 0.006145 0.016000
v -0.030895 0.006145 0.020500
v -0.030144 0.009144 0.020500
v -0.027781 0.014849 0.020500
v -0.012055 0.029102 0.020500
v -0.026191 0.017500 0.020500
v -0.031348 0.003088 0.020500
v -0.031348 0.003088 0.016000
v -0.003088 -0.031348 0.020500
v -0.031500 0.000000 0.016000
v -0.031348 -0.003088 0.016000
v -0.031348 -0.003088 0.020500
v -0.030895 -0.006145 0.016000
v -0.030144 -0.009144 0.016000
v -0.030144 -0.009144 0.020500
v -0.030895 -0.006145 0.020500
v -0.029102 -0.012055 0.016000
v -0.027781 -0.014849 0.016000
v -0.027781 -0.014849 0.020500
v -0.026191 -0.017500 0.016000
v -0.024350 -0.019983 0.016000
v -0.024350 -0.019983 0.020500
v -0.026191 -0.017500 0.020500
v -0.029102 -0.012055 0.020500
v -0.022274 -0.022274 0.016000
v -0.019983 -0.024350 0.016000
v -0.019983 -0.024350 0.020500
v -0.017500 -0.026191 0.016000
v -0.014849 -0.027781 0.016000
v -0.014849 -0.027781 0.020500
v -0.017500 -0.026191 0.020500
v -0.012055 -0.029102 0.016000
v -0.009144 -0.030144 0.016000
v -0.009144 -0.030144 0.020500
v -0.006145 -0.030895 0.016000
v -0.003088 -0.031348 0.016000
v -0.006145 -0.030895 0.020500
v -0.012055 -0.029102 0.020500
v -0.022274 -0.022274 0.020500
v -0.031500 -0.000000 0.020500
v -0.039122 -0.004414 0.009000
v -0.039122 -0.004414 0.005000
v -0.037500 -0.003742 0.009000
v -0.037500 -0.003742 0.005000
v -0.038278 -0.004157 0.005000
v -0.038278 -0.004157 0.009000
v -0.036258 -0.002500 0.009000
v -0.036258 -0.002500 0.005000
v -0.036818 -0.003182 0.005000
v -0.035586 -0.000878 0.009000
v -0.035586 -0.000878 0.005000
v -0.035843 -0.001722 0.005000
v -0.035843 -0.001722 0.009000
v -0.036818 -0.003182 0.009000
v -0.035500 -0.000000 0.009000
v -0.035500 -0.000000 0.005000
v -0.035843 0.001722 0.009000
v -0.035843 0.001722 0.005000
v -0.035586 0.000878 0.005000
v -0.036818 0.003182 0.009000
v -0.036818 0.003182 0.005000
v -0.036258 0.002500 0.005000
v -0.036258 0.002500 0.009000
v -0.038278 0.004157 0.009000
v -0.038278 0.004157 0.005000
v -0.037500 0.003742 0.005000
v -0.039122 0.004414 0.005000
v -0.039122 0.004414 0.009000
v -0.037500 0.003742 0.009000
v -0.035586 0.000878 0.009000
v -0.042500 -0.003742 0.009000
v -0.042679 -0.006467 0.009000
v -0.041722 -0.004157 0.009000
v -0.043889 -0.005820 0.009000
v -0.044950 -0.004950 0.009000
v -0.041366 -0.006865 0.009000
v -0.040878 -0.004414 0.009000
v -0.040000 -0.007000 0.009000
v -0.040000 -0.004500 0.009000
v -0.038634 -0.006865 0.009000
v -0.046467 -0.002679 0.009000
v -0.045820 -0.003889 0.009000
v -0.043742 -0.002500 0.009000
v -0.044414 -0.000878 0.009000
v -0.046865 -0.001366 0.009000
v -0.044500 -0.000000 0.009000
v -0.044157 -0.001722 0.009000
v -0.043182 -0.003182 0.009000
v -0.039122 -0.004414 0.009000
v -0.037321 -0.006467 0.009000
v -0.038278 -0.004157 0.009000
v -0.037500 -0.003742 0.009000
v -0.036111 -0.005820 0.009000
v -0.035050 -0.004950 0.009000
v -0.034180 -0.003889 0.009000
v -0.036258 -0.002500 0.009000
v -0.036818 -0.003182 0.009000
v -0.035843 -0.001722 0.009000
v -0.033135 -0.001366 0.009000
v -0.035586 -0.000878 0.009000
v -0.033533 -0.002679 0.009000
v -0.033135 0.001366 0.009000
v -0.035500 -0.000000 0.009000
v -0.033000 -0.000000 0.009000
v -0.046865 0.001366 0.009000
v -0.047000 -0.000000 0.009000
v -0.044414 0.000878 0.009000
v -0.046467 0.002679 0.009000
v -0.044157 0.001722 0.009000
v -0.043742 0.002500 0.009000
v -0.043182 0.003182 0.009000
v -0.044950 0.004950 0.009000
v -0.045820 0.003889 0.009000
v -0.042500 0.003742 0.009000
v -0.043889 0.005820 0.009000
v -0.042679 0.006467 0.009000
v -0.041722 0.004157 0.009000
v -0.040000 0.004500 0.009000
v -0.041366 0.006865 0.009000
v -0.040878 0.004414 0.009000
v -0.034180 0.003889 0.009000
v -0.036258 0.002500 0.009000
v -0.035843 0.001722 0.009000
v -0.036818 0.003182 0.009000
v -0.035050 0.004950 0.009000
v -0.035586 0.000878 0.009000
v -0.033533 0.002679 0.009000
v -0.037500 0.003742 0.009000
v -0.038634 0.006865 0.009000
v -0.039122 0.004414 0.009000
v -0.040000 0.007000 0.009000
v -0.038278 0.004157 0.009000
v -0.037321 0.006467 0.009000
v -0.036111 0.005820 0.009000
v -0.038634 -0.006865 0.014800
v -0.038634 -0.006865 0.009000
v -0.036111 -0.005820 0.014800
v -0.036111 -0.005820 0.009000
v -0.037321 -0.006467 0.009000
v -0.037321 -0.006467 0.014800
v -0.034180 -0.003889 0.014800
v -0.034180 -0.003889 0.009000
v -0.035050 -0.004950 0.009000
v -0.033135 -0.001366 0.014800
v -0.033135 -0.001366 0.009000
v -0.033533 -0.002679 0.009000
v -0.033533 -0.002679 0.014800
v -0.035050 -0.004950 0.014800
v -0.033000 -0.000000 0.014800
v -0.033000 -0.000000 0.009000
v -0.033533 0.002679 0.014800
v -0.033533 0.002679 0.009000
v -0.033135 0.001366 0.009000
v -0.035050 0.004950 0.014800
v -0.035050 0.004950 0.009000
v -0.034180 0.003889 0.009000
v -0.034180 0.003889 0.014800
v -0.037321 0.006467 0.014800
v -0.037321 0.006467 0.009000
v -0.036111 0.005820 0.009000
v -0.038634 0.006865 0.009000
v -0.038634 0.006865 0.014800
v -0.036111 0.005820 0.014800
v -0.033135 0.001366 0.014800
v 0.020878 -0.039055 0.005000
v 0.022500 -0.038383 0.009000
v 0.022500 -0.038383 0.005000
v 0.021722 -0.038798 0.005000
v 0.020878 -0.039055 0.009000
v 0.023182 -0.037823 0.009000
v 0.023742 -0.037141 0.005000
v 0.023182 -0.037823 0.005000
v 0.024414 -0.035519 0.009000
v 0.024414 -0.035519 0.005000
v 0.024157 -0.036363 0.005000
v 0.024157 -0.036363 0.009000
v 0.021722 -0.038798 0.009000
v 0.023742 -0.037141 0.009000
v 0.024500 -0.034641 0.009000
v 0.024500 -0.034641 0.005000
v 0.024157 -0.032919 0.009000
v 0.024157 -0.032919 0.005000
v 0.024414 -0.033763 0.005000
v 0.023182 -0.031459 0.009000
v 0.023182 -0.031459 0.005000
v 0.023742 -0.032141 0.005000
v 0.023742 -0.032141 0.009000
v 0.021722 -0.030484 0.009000
v 0.021722 -0.030484 0.005000
v 0.022500 -0.030899 0.005000
v 0.020878 -0.030227 0.009000
v 0.020878 -0.030227 0.005000
v 0.022500 -0.030899 0.009000
v 0.024414 -0.033763 0.009000
v 0.016111 -0.040461 0.009000
v 0.017321 -0.041108 0.009000
v 0.017500 -0.038383 0.009000
v 0.016818 -0.037823 0.009000
v 0.015050 -0.039591 0.009000
v 0.020000 -0.041641 0.009000
v 0.019122 -0.039055 0.009000
v 0.018634 -0.041507 0.009000
v 0.018278 -0.038798 0.009000
v 0.014180 -0.038530 0.009000
v 0.013135 -0.036007 0.009000
v 0.013533 -0.037320 0.009000
v 0.015843 -0.036363 0.009000
v 0.015500 -0.034641 0.009000
v 0.013000 -0.034641 0.009000
v 0.013135 -0.033275 0.009000
v 0.015586 -0.035519 0.009000
v 0.016258 -0.037141 0.009000
v 0.020878 -0.039055 0.009000
v 0.021366 -0.041507 0.009000
v 0.020000 -0.039141 0.009000
v 0.022679 -0.041108 0.009000
v 0.023889 -0.040461 0.009000
v 0.022500 -0.038383 0.009000
v 0.021722 -0.038798 0.009000
v 0.024950 -0.039591 0.009000
v 0.023182 -0.037823 0.009000
v 0.023742 -0.037141 0.009000
v 0.025820 -0.038530 0.009000
v 0.024157 -0.036363 0.009000
v 0.026467 -0.037320 0.009000
v 0.024500 -0.034641 0.009000
v 0.024414 -0.035519 0.009000
v 0.026865 -0.036007 0.009000
v 0.013533 -0.031962 0.009000
v 0.015586 -0.033763 0.009000
v 0.015843 -0.032919 0.009000
v 0.014180 -0.030752 0.009000
v 0.016258 -0.032141 0.009000
v 0.016818 -0.031459 0.009000
v 0.017500 -0.030899 0.009000
v 0.015050 -0.029691 0.009000
v 0.017321 -0.028174 0.009000
v 0.016111 -0.028821 0.009000
v 0.018278 -0.030484 0.009000
v 0.019122 -0.030227 0.009000
v 0.020000 -0.027641 0.009000
v 0.020000 -0.030141 0.009000
v 0.018634 -0.027776 0.009000
v 0.021366 -0.027776 0.009000
v 0.026865 -0.033275 0.009000
v 0.024157 -0.032919 0.009000
v 0.024414 -0.033763 0.009000
v 0.023742 -0.032141 0.009000
v 0.025820 -0.030752 0.009000
v 0.026467 -0.031962 0.009000
v 0.027000 -0.034641 0.009000
v 0.023182 -0.031459 0.009000
v 0.021722 -0.030484 0.009000
v 0.022500 -0.030899 0.009000
v 0.022679 -0.028174 0.009000
v 0.020878 -0.030227 0.009000
v 0.024950 -0.029691 0.009000
v 0.023889 -0.028821 0.009000
v 0.021366 -0.041507 0.014800
v 0.021366 -0.041507 0.009000
v 0.023889 -0.040461 0.014800
v 0.023889 -0.040461 0.009000
v 0.022679 -0.041108 0.009000
v 0.022679 -0.041108 0.014800
v 0.025820 -0.038530 0.014800
v 0.025820 -0.038530 0.009000
v 0.024950 -0.039591 0.009000
v 0.026865 -0.036007 0.014800
v 0.026865 -0.036007 0.009000
v 0.026467 -0.037320 0.009000
v 0.026467 -0.037320 0.014800
v 0.024950 -0.039591 0.014800
v 0.027000 -0.034641 0.014800
v 0.027000 -0.034641 0.009000
v 0.026467 -0.031962 0.014800
v 0.026467 -0.031962 0.009000
v 0.026865 -0.033275 0.009000
v 0.024950 -0.029691 0.014800
v 0.024950 -0.029691 0.009000
v 0.025820 -0.030752 0.009000
v 0.025820 -0.030752 0.014800
v 0.022679 -0.028174 0.014800
v 0.022679 -0.028174 0.009000
v 0.023889 -0.028821 0.009000
v 0.021366 -0.027776 0.009000
v 0.021366 -0.027776 0.014800
v 0.023889 -0.028821 0.014800
v 0.026865 -0.033275 0.014800
v 0.040878 -0.004414 0.009000
v 0.040878 -0.004414 0.005000
v 0.042500 -0.003742 0.009000
v 0.042500 -0.003742 0.005000
v 0.041722 -0.004157 0.005000
v 0.041722 -0.004157 0.009000
v 0.043742 -0.002500 0.009000
v 0.043742 -0.002500 0.005000
v 0.043182 -0.003182 0.005000
v 0.044414 -0.000878 0.009000
v 0.044414 -0.000878 0.005000
v 0.044157 -0.001722 0.005000
v 0.044157 -0.001722 0.009000
v 0.043182 -0.003182 0.009000
v 0.044500 -0.000000 0.009000
v 0.044500 -0.000000 0.005000
v 0.044157 0.001722 0.009000
v 0.044157 0.001722 0.005000
v 0.044414 0.000878 0.005000
v 0.043182 0.003182 0.009000
v 0.043182 0.003182 0.005000
v 0.043742 0.002500 0.005000
v 0.043742 0.002500 0.009000
v 0.041722 0.004157 0.009000
v 0.041722 0.004157 0.005000
v 0.042500 0.003742 0.005000
v 0.040878 0.004414 0.005000
v 0.040878 0.004414 0.009000
v 0.042500 0.003742 0.009000
v 0.044414 0.000878 0.009000
v 0.037500 -0.003742 0.009000
v 0.037321 -0.006467 0.009000
v 0.038278 -0.004157 0.009000
v 0.036111 -0.005820 0.009000
v 0.035050 -0.004950 0.009000
v 0.038634 -0.006865 0.009000
v 0.039122 -0.004414 0.009000
v 0.040000 -0.007000 0.009000
v 0.040000 -0.004500 0.009000
v 0.041366 -0.006865 0.009000
v 0.033533 -0.002679 0.009000
v 0.034180 -0.003889 0.009000
v 0.036258 -0.002500 0.009000
v 0.035586 -0.000878 0.009000
v 0.033135 -0.001366 0.009000
v 0.035500 -0.000000 0.009000
v 0.035843 -0.001722 0.009000
v 0.036818 -0.003182 0.009000
v 0.040878 -0.004414 0.009000
v 0.042679 -0.006467 0.009000
v 0.041722 -0.004157 0.009000
v 0.042500 -0.003742 0.009000
v 0.043889 -0.005820 0.009000
v 0.044950 -0.004950 0.009000
v 0.045820 -0.003889 0.009000
v 0.043742 -0.002500 0.009000
v 0.043182 -0.003182 0.009000
v 0.044157 -0.001722 0.009000
v 0.046865 -0.001366 0.009000
v 0.044414 -0.000878 0.009000
v 0.046467 -0.002679 0.009000
v 0.046865 0.001366 0.009000
v 0.044500 -0.000000 0.009000
v 0.047000 -0.000000 0.009000
v 0.033135 0.001366 0.009000
v 0.033000 -0.000000 0.009000
v 0.035586 0.000878 0.009000
v 0.033533 0.002679 0.009000
v 0.035843 0.001722 0.009000
v 0.036258 0.002500 0.009000
v 0.036818 0.003182 0.009000
v 0.035050 0.004950 0.009000
v 0.034180 0.003889 0.009000
v 0.037500 0.003742 0.009000
v 0.036111 0.005820 0.009000
v 0.037321 0.006467 0.009000
v 0.038278 0.004157 0.009000
v 0.040000 0.004500 0.009000
v 0.038634 0.006865 0.009000
v 0.039122 0.004414 0.009000
v 0.045820 0.003889 0.009000
v 0.043742 0.002500 0.009000
v 0.044157 0.001722 0.009000
v 0.043182 0.003182 0.009000
v 0.044950 0.004950 0.009000
v 0.044414 0.000878 0.009000
v 0.046467 0.002679 0.009000
v 0.042500 0.003742 0.009000
v 0.041366 0.006865 0.009000
v 0.040878 0.004414 0.009000
v 0.040000 0.007000 0.009000
v 0.041722 0.004157 0.009000
v 0.042679 0.006467 0.009000
v 0.043889 0.005820 0.009000
v 0.041366 -0.006865 0.014800
v 0.041366 -0.006865 0.009000
v 0.043889 -0.005820 0.014800
v 0.043889 -0.005820 0.009000
v 0.042679 -0.006467 0.009000
v 0.042679 -0.006467 0.014800
v 0.045820 -0.003889 0.014800
v 0.045820 -0.003889 0.009000
v 0.044950 -0.004950 0.009000
v 0.046865 -0.001366 0.014800
v 0.046865 -0.001366 0.009000
v 0.046467 -0.002679 0.009000
v 0.046467 -0.002679 0.014800
v 0.044950 -0.004950 0.014800
v 0.047000 -0.000000 0.014800
v 0.047000 -0.000000 0.009000
v 0.046467 0.002679 0.014800
v 0.046467 0.002679 0.009000
v 0.046865 0.001366 0.009000
v 0.044950 0.004950 0.014800
v 0.044950 0.004950 0.009000
v 0.045820 0.003889 0.009000
v 0.045820 0.003889 0.014800
v 0.042679 0.006467 0.014800
v 0.042679 0.006467 0.009000
v 0.043889 0.005820 0.009000
v 0.041366 0.006865 0.009000
v 0.041366 0.006865 0.014800
v 0.043889 0.005820 0.014800
v 0.046865 0.001366 0.014800
v -0.019122 0.030227 0.009000
v -0.019122 0.030227 0.005000
v -0.017500 0.030899 0.009000
v -0.017500 0.030899 0.005000
v -0.018278 0.030484 0.005000
v -0.018278 0.030484 0.009000
v -0.016818 0.031459 0.009000
v -0.016258 0.032141 0.005000
v -0.016818 0.031459 0.005000
v -0.015586 0.033763 0.009000
v -0.015586 0.033763 0.005000
v -0.015843 0.032919 0.005000
v -0.015843 0.032919 0.009000
v -0.016258 0.032141 0.009000
v -0.015500 0.034641 0.009000
v -0.015500 0.034641 0.005000
v -0.015843 0.036363 0.009000
v -0.015843 0.036363 0.005000
v -0.015586 0.035519 0.005000
v -0.016818 0.037823 0.009000
v -0.016818 0.037823 0.005000
v -0.016258 0.037141 0.005000
v -0.016258 0.037141 0.009000
v -0.017500 0.038383 0.009000
v -0.018278 0.038798 0.005000
v -0.017500 0.038383 0.005000
v -0.019122 0.039055 0.005000
v -0.019122 0.039055 0.009000
v -0.015586 0.035519 0.009000
v -0.018278 0.038798 0.009000
v -0.023889 0.028821 0.009000
v -0.022679 0.028174 0.009000
v -0.022500 0.030899 0.009000
v -0.023182 0.031459 0.009000
v -0.024950 0.029691 0.009000
v -0.020000 0.030141 0.009000
v -0.020878 0.030227 0.009000
v -0.021366 0.027776 0.009000
v -0.021722 0.030484 0.009000
v -0.023742 0.032141 0.009000
v -0.025820 0.030752 0.009000
v -0.026865 0.033275 0.009000
v -0.026467 0.031962 0.009000
v -0.024157 0.032919 0.009000
v -0.024500 0.034641 0.009000
v -0.027000 0.034641 0.009000
v -0.024414 0.035519 0.009000
v -0.024414 0.033763 0.009000
v -0.020000 0.027641 0.009000
v -0.018634 0.027776 0.009000
v -0.019122 0.030227 0.009000
v -0.018278 0.030484 0.009000
v -0.017321 0.028174 0.009000
v -0.016111 0.028821 0.009000
v -0.017500 0.030899 0.009000
v -0.015050 0.029691 0.009000
v -0.016818 0.031459 0.009000
v -0.014180 0.030752 0.009000
v -0.015843 0.032919 0.009000
v -0.016258 0.032141 0.009000
v -0.013533 0.031962 0.009000
v -0.015500 0.034641 0.009000
v -0.015586 0.033763 0.009000
v -0.013135 0.033275 0.009000
v -0.026865 0.036007 0.009000
v -0.024157 0.036363 0.009000
v -0.026467 0.037320 0.009000
v -0.025820 0.038530 0.009000
v -0.023742 0.037141 0.009000
v -0.023182 0.037823 0.009000
v -0.022500 0.038383 0.009000
v -0.024950 0.039591 0.009000
v -0.022679 0.041108 0.009000
v -0.023889 0.040461 0.009000
v -0.021722 0.038798 0.009000
v -0.021366 0.041507 0.009000
v -0.020000 0.041641 0.009000
v -0.020878 0.039055 0.009000
v -0.020000 0.039141 0.009000
v -0.019122 0.039055 0.009000
v -0.013533 0.037320 0.009000
v -0.015843 0.036363 0.009000
v -0.015586 0.035519 0.009000
v -0.014180 0.038530 0.009000
v -0.016258 0.037141 0.009000
v -0.013000 0.034641 0.009000
v -0.013135 0.036007 0.009000
v -0.016818 0.037823 0.009000
v -0.018278 0.038798 0.009000
v -0.017500 0.038383 0.009000
v -0.017321 0.041108 0.009000
v -0.018634 0.041507 0.009000
v -0.015050 0.039591 0.009000
v -0.016111 0.040461 0.009000
v -0.018634 0.027776 0.014800
v -0.018634 0.027776 0.009000
v -0.016111 0.028821 0.014800
v -0.016111 0.028821 0.009000
v -0.017321 0.028174 0.009000
v -0.017321 0.028174 0.014800
v -0.014180 0.030752 0.014800
v -0.014180 0.030752 0.009000
v -0.015050 0.029691 0.009000
v -0.013135 0.033275 0.014800
v -0.013135 0.033275 0.009000
v -0.013533 0.031962 0.009000
v -0.013533 0.031962 0.014800
v -0.015050 0.029691 0.014800
v -0.013000 0.034641 0.014800
v -0.013000 0.034641 0.009000
v -0.013533 0.037320 0.014800
v -0.013533 0.037320 0.009000
v -0.013135 0.036007 0.009000
v -0.015050 0.039591 0.014800
v -0.015050 0.039591 0.009000
v -0.014180 0.038530 0.009000
v -0.014180 0.038530 0.014800
v -0.017321 0.041108 0.014800
v -0.017321 0.041108 0.009000
v -0.016111 0.040461 0.009000
v -0.018634 0.041507 0.009000
v -0.018634 0.041507 0.014800
v -0.016111 0.040461 0.014800
v -0.013135 0.036007 0.014800
v -0.019122 -0.039055 0.009000
v -0.019122 -0.039055 0.005000
v -0.017500 -0.038383 0.009000
v -0.017500 -0.038383 0.005000
v -0.018278 -0.038798 0.005000
v -0.018278 -0.038798 0.009000
v -0.016258 -0.037141 0.009000
v -0.016258 -0.037141 0.005000
v -0.016818 -0.037823 0.005000
v -0.015586 -0.035519 0.009000
v -0.015586 -0.035519 0.005000
v -0.015843 -0.036363 0.005000
v -0.015843 -0.036363 0.009000
v -0.016818 -0.037823 0.009000
v -0.015500 -0.034641 0.009000
v -0.015500 -0.034641 0.005000
v -0.015843 -0.032919 0.009000
v -0.015843 -0.032919 0.005000
v -0.015586 -0.033763 0.005000
v -0.016818 -0.031459 0.009000
v -0.016818 -0.031459 0.005000
v -0.016258 -0.032141 0.005000
v -0.016258 -0.032141 0.009000
v -0.018278 -0.030484 0.009000
v -0.018278 -0.030484 0.005000
v -0.017500 -0.030899 0.005000
v -0.019122 -0.030227 0.005000
v -0.019122 -0.030227 0.009000
v -0.017500 -0.030899 0.009000
v -0.015586 -0.033763 0.009000
v -0.023889 -0.040461 0.009000
v -0.022679 -0.041108 0.009000
v -0.021722 -0.038798 0.009000
v -0.024950 -0.039591 0.009000
v -0.022500 -0.038383 0.009000
v -0.023182 -0.037823 0.009000
v -0.020000 -0.041641 0.009000
v -0.020878 -0.039055 0.009000
v -0.021366 -0.041507 0.009000
v -0.023742 -0.037141 0.009000
v -0.025820 -0.038530 0.009000
v -0.026865 -0.036007 0.009000
v -0.026467 -0.037320 0.009000
v -0.024157 -0.036363 0.009000
v -0.024500 -0.034641 0.009000
v -0.027000 -0.034641 0.009000
v -0.024414 -0.033763 0.009000
v -0.024414 -0.035519 0.009000
v -0.019122 -0.039055 0.009000
v -0.018634 -0.041507 0.009000
v -0.020000 -0.039141 0.009000
v -0.018278 -0.038798 0.009000
v -0.017321 -0.041108 0.009000
v -0.016111 -0.040461 0.009000
v -0.017500 -0.038383 0.009000
v -0.015050 -0.039591 0.009000
v -0.016818 -0.037823 0.009000
v -0.016258 -0.037141 0.009000
v -0.013533 -0.037320 0.009000
v -0.015843 -0.036363 0.009000
v -0.014180 -0.038530 0.009000
v -0.015500 -0.034641 0.009000
v -0.015586 -0.035519 0.009000
v -0.013135 -0.036007 0.009000
v -0.026467 -0.031962 0.009000
v -0.026865 -0.033275 0.009000
v -0.024157 -0.032919 0.009000
v -0.025820 -0.030752 0.009000
v -0.023742 -0.032141 0.009000
v -0.023182 -0.031459 0.009000
v -0.022500 -0.030899 0.009000
v -0.024950 -0.029691 0.009000
v -0.022679 -0.028174 0.009000
v -0.023889 -0.028821 0.009000
v -0.021722 -0.030484 0.009000
v -0.021366 -0.027776 0.009000
v -0.020878 -0.030227 0.009000
v -0.020000 -0.030141 0.009000
v -0.020000 -0.027641 0.009000
v -0.018634 -0.027776 0.009000
v -0.013135 -0.033275 0.009000
v -0.015843 -0.032919 0.009000
v -0.015586 -0.033763 0.009000
v -0.014180 -0.030752 0.009000
v -0.016258 -0.032141 0.009000
v -0.013533 -0.031962 0.009000
v -0.013000 -0.034641 0.009000
v -0.015050 -0.029691 0.009000
v -0.016818 -0.031459 0.009000
v -0.018278 -0.030484 0.009000
v -0.017500 -0.030899 0.009000
v -0.017321 -0.028174 0.009000
v -0.019122 -0.030227 0.009000
v -0.016111 -0.028821 0.009000
v -0.018634 -0.041507 0.014800
v -0.018634 -0.041507 0.009000
v -0.016111 -0.040461 0.014800
v -0.016111 -0.040461 0.009000
v -0.017321 -0.041108 0.009000
v -0.017321 -0.041108 0.014800
v -0.014180 -0.038530 0.014800
v -0.014180 -0.038530 0.009000
v -0.015050 -0.039591 0.009000
v -0.013135 -0.036007 0.014800
v -0.013135 -0.036007 0.009000
v -0.013533 -0.037320 0.009000
v -0.013533 -0.037320 0.014800
v -0.015050 -0.039591 0.014800
v -0.013000 -0.034641 0.014800
v -0.013000 -0.034641 0.009000
v -0.013533 -0.031962 0.014800
v -0.013533 -0.031962 0.009000
v -0.013135 -0.033275 0.009000
v -0.015050 -0.029691 0.014800
v -0.015050 -0.029691 0.009000
v -0.014180 -0.030752 0.009000
v -0.014180 -0.030752 0.014800
v -0.017321 -0.028174 0.014800
v -0.017321 -0.028174 0.009000
v -0.016111 -0.028821 0.009000
v -0.018634 -0.027776 0.009000
v -0.018634 -0.027776 0.014800
v -0.016111 -0.028821 0.014800
v -0.013135 -0.033275 0.014800
v 0.020878 0.030227 0.009000
v 0.020878 0.030227 0.005000
v 0.022500 0.030899 0.009000
v 0.022500 0.030899 0.005000
v 0.021722 0.030484 0.005000
v 0.021722 0.030484 0.009000
v 0.023182 0.031459 0.009000
v 0.023742 0.032141 0.005000
v 0.023182 0.031459 0.005000
v 0.024414 0.033763 0.009000
v 0.024414 0.033763 0.005000
v 0.024157 0.032919 0.005000
v 0.024157 0.032919 0.009000
v 0.023742 0.032141 0.009000
v 0.024500 0.034641 0.009000
v 0.024500 0.034641 0.005000
v 0.024157 0.036363 0.009000
v 0.024157 0.036363 0.005000
v 0.024414 0.035519 0.005000
v 0.023182 0.037823 0.009000
v 0.023182 0.037823 0.005000
v 0.023742 0.037141 0.005000
v 0.023742 0.037141 0.009000
v 0.022500 0.038383 0.009000
v 0.021722 0.038798 0.005000
v 0.022500 0.038383 0.005000
v 0.020878 0.039055 0.005000
v 0.020878 0.039055 0.009000
v 0.024414 0.035519 0.009000
v 0.021722 0.038798 0.009000
v 0.016111 0.028821 0.009000
v 0.017321 0.028174 0.009000
v 0.017500 0.030899 0.009000
v 0.016818 0.031459 0.009000
v 0.015050 0.029691 0.009000
v 0.020000 0.030141 0.009000
v 0.019122 0.030227 0.009000
v 0.018634 0.027776 0.009000
v 0.018278 0.030484 0.009000
v 0.016258 0.032141 0.009000
v 0.014180 0.030752 0.009000
v 0.013135 0.033275 0.009000
v 0.013533 0.031962 0.009000
v 0.015843 0.032919 0.009000
v 0.015500 0.034641 0.009000
v 0.013000 0.034641 0.009000
v 0.015586 0.035519 0.009000
v 0.015586 0.033763 0.009000
v 0.020000 0.027641 0.009000
v 0.021366 0.027776 0.009000
v 0.020878 0.030227 0.009000
v 0.021722 0.030484 0.009000
v 0.022679 0.028174 0.009000
v 0.023889 0.028821 0.009000
v 0.022500 0.030899 0.009000
v 0.024950 0.029691 0.009000
v 0.023182 0.031459 0.009000
v 0.025820 0.030752 0.009000
v 0.024157 0.032919 0.009000
v 0.023742 0.032141 0.009000
v 0.026467 0.031962 0.009000
v 0.024500 0.034641 0.009000
v 0.024414 0.033763 0.009000
v 0.026865 0.033275 0.009000
v 0.013135 0.036007 0.009000
v 0.015843 0.036363 0.009000
v 0.013533 0.037320 0.009000
v 0.014180 0.038530 0.009000
v 0.016258 0.037141 0.009000
v 0.016818 0.037823 0.009000
v 0.017500 0.038383 0.009000
v 0.016111 0.040461 0.009000
v 0.015050 0.039591 0.009000
v 0.017321 0.041108 0.009000
v 0.018278 0.038798 0.009000
v 0.018634 0.041507 0.009000
v 0.020000 0.041641 0.009000
v 0.019122 0.039055 0.009000
v 0.020000 0.039141 0.009000
v 0.020878 0.039055 0.009000
v 0.026467 0.037320 0.009000
v 0.024157 0.036363 0.009000
v 0.024414 0.035519 0.009000
v 0.025820 0.038530 0.009000
v 0.023742 0.037141 0.009000
v 0.027000 0.034641 0.009000
v 0.026865 0.036007 0.009000
v 0.024950 0.039591 0.009000
v 0.023182 0.037823 0.009000
v 0.021722 0.038798 0.009000
v 0.022500 0.038383 0.009000
v 0.022679 0.041108 0.009000
v 0.021366 0.041507 0.009000
v 0.023889 0.040461 0.009000
v 0.021366 0.027776 0.014800
v 0.021366 0.027776 0.009000
v 0.023889 0.028821 0.014800
v 0.023889 0.028821 0.009000
v 0.022679 0.028174 0.009000
v 0.022679 0.028174 0.014800
v 0.025820 0.030752 0.014800
v 0.025820 0.030752 0.009000
v 0.024950 0.029691 0.009000
v 0.026865 0.033275 0.014800
v 0.026865 0.033275 0.009000
v 0.026467 0.031962 0.009000
v 0.026467 0.031962 0.014800
v 0.024950 0.029691 0.014800
v 0.027000 0.034641 0.014800
v 0.027000 0.034641 0.009000
v 0.026467 0.037320 0.014800
v 0.026467 0.037320 0.009000
v 0.026865 0.036007 0.009000
v 0.024950 0.039591 0.014800
v 0.024950 0.039591 0.009000
v 0.025820 0.038530 0.009000
v 0.025820 0.038530 0.014800
v 0.022679 0.041108 0.014800
v 0.022679 0.041108 0.009000
v 0.023889 0.040461 0.009000
v 0.021366 0.041507 0.009000
v 0.021366 0.041507 0.014800
v 0.023889 0.040461 0.014800
v 0.026865 0.036007 0.014800
v -0.004803 -0.048764 0.015000
v -0.009559 -0.048058 0.015000
v -0.009755 -0.049039 0.014000
v -0.004901 -0.049759 0.014000
v -0.014224 -0.046890 0.015000
v -0.018751 -0.045270 0.015000
v -0.014514 -0.047847 0.014000
v -0.023098 -0.043214 0.015000
v -0.027223 -0.040742 0.015000
v -0.027779 -0.041573 0.014000
v -0.019134 -0.046194 0.014000
v -0.034648 -0.034648 0.015000
v -0.037878 -0.031085 0.015000
v -0.035355 -0.035355 0.014000
v -0.040742 -0.027223 0.015000
v -0.043214 -0.023098 0.015000
v -0.044096 -0.023570 0.014000
v -0.038651 -0.031720 0.014000
v -0.045270 -0.018751 0.015000
v -0.046890 -0.014224 0.015000
v -0.047847 -0.014514 0.014000
v -0.048764 -0.004803 0.015000
v -0.049759 -0.004901 0.014000
v -0.048058 -0.009559 0.015000
v -0.049039 -0.009755 0.014000
v -0.023570 -0.044096 0.014000
v -0.031085 -0.037878 0.015000
v -0.031720 -0.038651 0.014000
v -0.041573 -0.027779 0.014000
v -0.046194 -0.019134 0.014000
v 0.000000 0.049000 0.015000
v -0.004803 0.048764 0.015000
v -0.049759 0.004901 0.014000
v -0.049000 0.000000 0.015000
v -0.048764 0.004803 0.015000
v -0.049039 0.009755 0.014000
v -0.048058 0.009559 0.015000
v -0.046194 0.019134 0.014000
v -0.045270 0.018751 0.015000
v -0.043214 0.023098 0.015000
v -0.047847 0.014514 0.014000
v -0.046890 0.014224 0.015000
v -0.040742 0.027223 0.015000
v -0.041573 0.027779 0.014000
v -0.037878 0.031085 0.015000
v -0.038651 0.031720 0.014000
v -0.035355 0.035355 0.014000
v -0.034648 0.034648 0.015000
v -0.031720 0.038651 0.014000
v -0.031085 0.037878 0.015000
v -0.023570 0.044096 0.014000
v -0.027223 0.040742 0.015000
v -0.023098 0.043214 0.015000
v -0.009559 0.048058 0.015000
v -0.014514 0.047847 0.014000
v -0.014224 0.046890 0.015000
v -0.018751 0.045270 0.015000
v -0.019134 0.046194 0.014000
v -0.027779 0.041573 0.014000
v -0.004901 0.049759 0.014000
v -0.050000 -0.000000 0.014000
v -0.044096 0.023570 0.014000
v -0.009755 0.049039 0.014000
v -0.006145 -0.030895 0.020500
v -0.002990 -0.030353 0.021500
v -0.005950 -0.029914 0.021500
v -0.003088 -0.031348 0.020500
v -0.008854 -0.029187 0.021500
v -0.011672 -0.028178 0.021500
v -0.009144 -0.030144 0.020500
v -0.017500 -0.026191 0.020500
v -0.014378 -0.026899 0.021500
v -0.016945 -0.025360 0.021500
v -0.012055 -0.029102 0.020500
v -0.022274 -0.022274 0.020500
v -0.021567 -0.021567 0.021500
v -0.023577 -0.019349 0.021500
v -0.027781 -0.014849 0.020500
v -0.025360 -0.016945 0.021500
v -0.026899 -0.014378 0.021500
v -0.029914 -0.005950 0.021500
v -0.030144 -0.009144 0.020500
v -0.029187 -0.008854 0.021500
v -0.028178 -0.011672 0.021500
v -0.024350 -0.019983 0.020500
v -0.030353 -0.002990 0.021500
v -0.031348 -0.003088 0.020500
v -0.014849 -0.027781 0.020500
v -0.019349 -0.023577 0.021500
v -0.019983 -0.024350 0.020500
v -0.026191 -0.017500 0.020500
v -0.029102 -0.012055 0.020500
v -0.030895 -0.006145 0.020500
v 0.000000 0.030500 0.021500
v -0.002990 0.030353 0.021500
v -0.026899 0.014378 0.021500
v -0.025360 0.016945 0.021500
v -0.026191 0.017500 0.020500
v -0.030144 0.009144 0.020500
v -0.029914 0.005950 0.021500
v -0.029187 0.008854 0.021500
v -0.030895 0.006145 0.020500
v -0.030353 0.002990 0.021500
v -0.028178 0.011672 0.021500
v -0.029102 0.012055 0.020500
v -0.024350 0.019983 0.020500
v -0.023577 0.019349 0.021500
v -0.030500 0.000000 0.021500
v -0.031500 -0.000000 0.020500
v -0.019983 0.024350 0.020500
v -0.021567 0.021567 0.021500
v -0.019349 0.023577 0.021500
v -0.017500 0.026191 0.020500
v -0.016945 0.025360 0.021500
v -0.008854 0.029187 0.021500
v -0.009144 0.030144 0.020500
v -0.011672 0.028178 0.021500
v -0.012055 0.029102 0.020500
v -0.014378 0.026899 0.021500
v -0.006145 0.030895 0.020500
v -0.005950 0.029914 0.021500
v -0.003088 0.031348 0.020500
v -0.022274 0.022274 0.020500
v -0.031348 0.003088 0.020500
v -0.027781 0.014849 0.020500
v -0.014849 0.027781 0.020500
v 0.000780 0.043923 0.005000
v 0.000780 0.043923 0.013200
v 0.002222 0.043326 0.005000
v 0.002222 0.043326 0.013200
v 0.001531 0.043696 0.013200
v 0.001531 0.043696 0.005000
v 0.003326 0.042222 0.005000
v 0.003326 0.042222 0.013200
v 0.002828 0.042828 0.013200
v 0.003923 0.040780 0.005000
v 0.003923 0.040780 0.013200
v 0.003696 0.041531 0.013200
v 0.003696 0.041531 0.005000
v 0.002828 0.042828 0.005000
v 0.004000 0.040000 0.005000
v 0.004000 0.040000 0.013200
v 0.003696 0.038469 0.005000
v 0.003696 0.038469 0.013200
v 0.003923 0.039220 0.013200
v 0.002828 0.037172 0.005000
v 0.002828 0.037172 0.013200
v 0.003326 0.037778 0.013200
v 0.003326 0.037778 0.005000
v 0.001531 0.036304 0.005000
v 0.001531 0.036304 0.013200
v 0.002222 0.036674 0.013200
v 0.000780 0.036077 0.013200
v 0.000780 0.036077 0.005000
v 0.002222 0.036674 0.005000
v 0.003923 0.039220 0.005000
v -0.002222 0.036674 0.013200
v -0.002828 0.037172 0.013200
v -0.001531 0.036304 0.013200
v -0.000000 0.036000 0.013200
v -0.000780 0.036077 0.013200
v -0.003696 0.038469 0.013200
v -0.003923 0.039220 0.013200
v -0.003326 0.037778 0.013200
v -0.003696 0.041531 0.013200
v 0.000780 0.036077 0.013200
v 0.001531 0.036304 0.013200
v 0.002828 0.037172 0.013200
v 0.002222 0.036674 0.013200
v 0.003326 0.037778 0.013200
v 0.003696 0.038469 0.013200
v 0.003696 0.041531 0.013200
v 0.003923 0.039220 0.013200
v -0.004000 0.040000 0.013200
v -0.003923 0.040780 0.013200
v -0.000780 0.043923 0.013200
v -0.003326 0.042222 0.013200
v -0.002828 0.042828 0.013200
v -0.001531 0.043696 0.013200
v -0.002222 0.043326 0.013200
v 0.000780 0.043923 0.013200
v -0.000000 0.044000 0.013200
v 0.002828 0.042828 0.013200
v 0.003326 0.042222 0.013200
v 0.004000 0.040000 0.013200
v 0.003923 0.040780 0.013200
v 0.002222 0.043326 0.013200
v 0.001531 0.043696 0.013200
v -0.000942 -0.024859 0.021000
v -0.000942 -0.024859 0.021500
v -0.000179 -0.024859 0.021500
v -0.000179 -0.024859 0.021000
v -0.000942 -0.024500 0.021000
v -0.000942 -0.024500 0.021500
v -0.000942 -0.024859 0.021500
v -0.000942 -0.024859 0.021000
v -0.000942 -0.024500 0.021500
v -0.000942 -0.024500 0.021000
v 0.000897 -0.024500 0.021000
v 0.000897 -0.024500 0.021500
v 0.000897 -0.024500 0.021500
v 0.000897 -0.024500 0.021000
v 0.000897 -0.024859 0.021000
v 0.000897 -0.024859 0.021500
v 0.000135 -0.024859 0.021000
v 0.000135 -0.024859 0.021500
v 0.000897 -0.024859 0.021500
v 0.000897 -0.024859 0.021000
v 0.000135 -0.024859 0.021500
v 0.000135 -0.024859 0.021000
v 0.000135 -0.028000 0.021000
v 0.000135 -0.028000 0.021500
v -0.000179 -0.028000 0.021000
v -0.000179 -0.028000 0.021500
v 0.000135 -0.028000 0.021500
v 0.000135 -0.028000 0.021000
v -0.000179 -0.024859 0.021000
v -0.000179 -0.024859 0.021500
v -0.000179 -0.028000 0.021500
v -0.000179 -0.028000 0.021000
v 0.000135 -0.028000 0.021000
v 0.000135 -0.024859 0.021000
v -0.000179 -0.028000 0.021000
v -0.000179 -0.024859 0.021000
v -0.000942 -0.024500 0.021000
v -0.000942 -0.024859 0.021000
v 0.000897 -0.024500 0.021000
v 0.000897 -0.024859 0.021000
v 0.003088 -0.031348 0.016000
v 0.003095 -0.031424 0.015617
v 0.006160 -0.030969 0.015617
v 0.006145 -0.030895 0.016000
v 0.009166 -0.030216 0.015617
v 0.012055 -0.029102 0.016000
v 0.014885 -0.027848 0.015617
v 0.014849 -0.027781 0.016000
v 0.012084 -0.029173 0.015617
v 0.009144 -0.030144 0.016000
v 0.017500 -0.026191 0.016000
v 0.017543 -0.026255 0.015617
v 0.006202 -0.031182 0.015293
v 0.003116 -0.031640 0.015293
v 0.009229 -0.030424 0.015293
v 0.006266 -0.031500 0.015076
v 0.009323 -0.030734 0.015076
v 0.012167 -0.029373 0.015293
v 0.014987 -0.028039 0.015293
v 0.017663 -0.026435 0.015293
v 0.015140 -0.028325 0.015076
v 0.012291 -0.029673 0.015076
v 0.020032 -0.024409 0.015617
v 0.019983 -0.024350 0.016000
v 0.022328 -0.022328 0.015617
v 0.022274 -0.022274 0.016000
v 0.024409 -0.020032 0.015617
v 0.026191 -0.017500 0.016000
v 0.024350 -0.019983 0.016000
v 0.027848 -0.014885 0.015617
v 0.027781 -0.014849 0.016000
v 0.030216 -0.009166 0.015617
v 0.030144 -0.009144 0.016000
v 0.029102 -0.012055 0.016000
v 0.031424 -0.003095 0.015617
v 0.031348 -0.003088 0.016000
v 0.030895 -0.006145 0.016000
v 0.031576 -0.000000 0.015617
v 0.031500 -0.000000 0.016000
v 0.030969 -0.006160 0.015617
v 0.029173 -0.012084 0.015617
v 0.020169 -0.024576 0.015293
v 0.024576 -0.020169 0.015293
v 0.022481 -0.022481 0.015293
v 0.026255 -0.017543 0.015617
v 0.026435 -0.017663 0.015293
v 0.028039 -0.014987 0.015293
v 0.029373 -0.012167 0.015293
v 0.031182 -0.006202 0.015293
v 0.031640 -0.003116 0.015293
v 0.030424 -0.009229 0.015293
v 0.031793 -0.000000 0.015293
v 0.031424 0.003095 0.015617
v 0.031348 0.003088 0.016000
v 0.017843 -0.026705 0.015076
v 0.003148 -0.031963 0.015076
v 0.006340 -0.031876 0.015000
v 0.012437 -0.030026 0.015000
v 0.003186 -0.032344 0.015000
v 0.022710 -0.022710 0.015076
v 0.015320 -0.028662 0.015000
v 0.020375 -0.024827 0.015076
v 0.020618 -0.025123 0.015000
v 0.009434 -0.031101 0.015000
v 0.018056 -0.027023 0.015000
v 0.022981 -0.022981 0.015000
v 0.024827 -0.020375 0.015076
v 0.026705 -0.017843 0.015076
v 0.028325 -0.015140 0.015076
v 0.027023 -0.018056 0.015000
v 0.025123 -0.020618 0.015000
v 0.029673 -0.012291 0.015076
v 0.031500 -0.006266 0.015076
v 0.030734 -0.009323 0.015076
v 0.031963 -0.003148 0.015076
v 0.028662 -0.015320 0.015000
v 0.030026 -0.012437 0.015000
v 0.031101 -0.009434 0.015000
v 0.031876 -0.006340 0.015000
v 0.032344 -0.003186 0.015000
v 0.032117 -0.000000 0.015076
v 0.030969 0.006160 0.015617
v 0.030895 0.006145 0.016000
v 0.030216 0.009166 0.015617
v 0.030144 0.009144 0.016000
v 0.031182 0.006202 0.015293
v 0.031640 0.003116 0.015293
v 0.029173 0.012084 0.015617
v 0.027781 0.014849 0.016000
v 0.026255 0.017543 0.015617
v 0.026191 0.017500 0.016000
v 0.027848 0.014885 0.015617
v 0.029102 0.012055 0.016000
v 0.024409 0.020032 0.015617
v 0.030424 0.009229 0.015293
v 0.029373 0.012167 0.015293
v 0.031500 0.006266 0.015076
v 0.030734 0.009323 0.015076
v 0.031963 0.003148 0.015076
v 0.026435 0.017663 0.015293
v 0.028325 0.015140 0.015076
v 0.028039 0.014987 0.015293
v 0.026705 0.017843 0.015076
v 0.024576 0.020169 0.015293
v 0.029673 0.012291 0.015076
v 0.024350 0.019983 0.016000
v 0.019983 0.024350 0.016000
v 0.022274 0.022274 0.016000
v 0.020032 0.024409 0.015617
v 0.014849 0.027781 0.016000
v 0.017500 0.026191 0.016000
v 0.014885 0.027848 0.015617
v 0.012055 0.029102 0.016000
v 0.012084 0.029173 0.015617
v 0.017543 0.026255 0.015617
v 0.006145 0.030895 0.016000
v 0.009144 0.030144 0.016000
v 0.006160 0.030969 0.015617
v 0.003088 0.031348 0.016000
v 0.003095 0.031424 0.015617
v 0.009166 0.030216 0.015617
v 0.022481 0.022481 0.015293
v 0.022328 0.022328 0.015617
v 0.020169 0.024576 0.015293
v 0.017663 0.026435 0.015293
v 0.012167 0.029373 0.015293
v 0.009229 0.030424 0.015293
v 0.003116 0.031640 0.015293
v 0.006202 0.031182 0.015293
v 0.014987 0.028039 0.015293
v 0.024827 0.020375 0.015076
v 0.032344 0.003186 0.015000
v 0.031876 0.006340 0.015000
v 0.030026 0.012437 0.015000
v 0.022710 0.022710 0.015076
v 0.028662 0.015320 0.015000
v 0.027023 0.018056 0.015000
v 0.020375 0.024827 0.015076
v 0.032500 0.000000 0.015000
v 0.031101 0.009434 0.015000
v 0.022981 0.022981 0.015000
v 0.025123 0.020618 0.015000
v 0.020618 0.025123 0.015000
v 0.017843 0.026705 0.015076
v 0.015140 0.028325 0.015076
v 0.012291 0.029673 0.015076
v 0.018056 0.027023 0.015000
v 0.009323 0.030734 0.015076
v 0.006266 0.031500 0.015076
v 0.003148 0.031963 0.015076
v 0.015320 0.028662 0.015000
v 0.012437 0.030026 0.015000
v 0.009434 0.031101 0.015000
v 0.006340 0.031876 0.015000
v 0.003186 0.032344 0.015000
v 0.022679 0.028174 0.014800
v 0.021366 0.027776 0.014800
v 0.022755 0.027989 0.015000
v 0.024000 0.028654 0.015000
v 0.023889 0.028821 0.014800
v 0.026467 0.031962 0.014800
v 0.025820 0.030752 0.014800
v 0.025987 0.030641 0.015000
v 0.027062 0.033236 0.015000
v 0.026865 0.033275 0.014800
v 0.027200 0.034641 0.015000
v 0.021405 0.027579 0.015000
v 0.025091 0.029550 0.015000
v 0.024950 0.029691 0.014800
v 0.026652 0.031886 0.015000
v 0.027000 0.034641 0.014800
v 0.026467 0.037320 0.014800
v 0.026865 0.036007 0.014800
v 0.027062 0.036046 0.015000
v 0.024950 0.039591 0.014800
v 0.025820 0.038530 0.014800
v 0.025091 0.039732 0.015000
v 0.025987 0.038641 0.015000
v 0.021405 0.041703 0.015000
v 0.021366 0.041507 0.014800
v 0.022679 0.041108 0.014800
v 0.022755 0.041293 0.015000
v 0.023889 0.040461 0.014800
v 0.024000 0.040628 0.015000
v 0.026652 0.037396 0.015000
v 0.041366 -0.006865 0.014800
v 0.043889 -0.005820 0.014800
v 0.042679 -0.006467 0.014800
v 0.044000 -0.005987 0.015000
v 0.041405 -0.007062 0.015000
v 0.047000 -0.000000 0.014800
v 0.046865 -0.001366 0.014800
v 0.047062 -0.001405 0.015000
v 0.045091 -0.005091 0.015000
v 0.044950 -0.004950 0.014800
v 0.045820 -0.003889 0.014800
v 0.042755 -0.006652 0.015000
v 0.045987 -0.004000 0.015000
v 0.046467 -0.002679 0.014800
v 0.046652 -0.002755 0.015000
v 0.047200 0.000000 0.015000
v 0.045987 0.004000 0.015000
v 0.045820 0.003889 0.014800
v 0.046467 0.002679 0.014800
v 0.045091 0.005091 0.015000
v 0.044950 0.004950 0.014800
v 0.047062 0.001405 0.015000
v 0.046865 0.001366 0.014800
v 0.041405 0.007062 0.015000
v 0.041366 0.006865 0.014800
v 0.042679 0.006467 0.014800
v 0.043889 0.005820 0.014800
v 0.044000 0.005987 0.015000
v 0.046652 0.002755 0.015000
v 0.042755 0.006652 0.015000
v 0.022679 -0.041108 0.014800
v 0.021366 -0.041507 0.014800
v 0.021405 -0.041703 0.015000
v 0.024000 -0.040628 0.015000
v 0.023889 -0.040461 0.014800
v 0.027062 -0.036046 0.015000
v 0.026865 -0.036007 0.014800
v 0.026467 -0.037320 0.014800
v 0.024950 -0.039591 0.014800
v 0.027200 -0.034641 0.015000
v 0.022755 -0.041293 0.015000
v 0.025987 -0.038641 0.015000
v 0.025820 -0.038530 0.014800
v 0.025091 -0.039732 0.015000
v 0.026652 -0.037396 0.015000
v 0.027000 -0.034641 0.014800
v 0.026467 -0.031962 0.014800
v 0.026865 -0.033275 0.014800
v 0.027062 -0.033236 0.015000
v 0.024950 -0.029691 0.014800
v 0.025820 -0.030752 0.014800
v 0.025987 -0.030641 0.015000
v 0.022755 -0.027989 0.015000
v 0.022679 -0.028174 0.014800
v 0.023889 -0.028821 0.014800
v 0.021366 -0.027776 0.014800
v 0.021405 -0.027579 0.015000
v 0.025091 -0.029550 0.015000
v 0.026652 -0.031886 0.015000
v 0.024000 -0.028654 0.015000
v -0.017321 -0.041108 0.014800
v -0.018634 -0.041507 0.014800
v -0.017245 -0.041293 0.015000
v -0.013533 -0.037320 0.014800
v -0.014180 -0.038530 0.014800
v -0.013348 -0.037396 0.015000
v -0.012938 -0.036046 0.015000
v -0.013135 -0.036007 0.014800
v -0.015050 -0.039591 0.014800
v -0.014909 -0.039732 0.015000
v -0.012800 -0.034641 0.015000
v -0.018595 -0.041703 0.015000
v -0.016000 -0.040628 0.015000
v -0.016111 -0.040461 0.014800
v -0.014013 -0.038641 0.015000
v -0.013000 -0.034641 0.014800
v -0.013533 -0.031962 0.014800
v -0.013135 -0.033275 0.014800
v -0.012938 -0.033236 0.015000
v -0.015050 -0.029691 0.014800
v -0.014180 -0.030752 0.014800
v -0.014013 -0.030641 0.015000
v -0.018634 -0.027776 0.014800
v -0.017321 -0.028174 0.014800
v -0.017245 -0.027989 0.015000
v -0.018595 -0.027579 0.015000
v -0.016111 -0.028821 0.014800
v -0.016000 -0.028654 0.015000
v -0.014909 -0.029550 0.015000
v -0.013348 -0.031886 0.015000
v -0.038634 -0.006865 0.014800
v -0.036111 -0.005820 0.014800
v -0.037321 -0.006467 0.014800
v -0.036000 -0.005987 0.015000
v -0.038595 -0.007062 0.015000
v -0.033000 -0.000000 0.014800
v -0.033135 -0.001366 0.014800
v -0.032938 -0.001405 0.015000
v -0.034909 -0.005091 0.015000
v -0.035050 -0.004950 0.014800
v -0.034180 -0.003889 0.014800
v -0.037245 -0.006652 0.015000
v -0.034013 -0.004000 0.015000
v -0.033533 -0.002679 0.014800
v -0.033348 -0.002755 0.015000
v -0.032800 0.000000 0.015000
v -0.034013 0.004000 0.015000
v -0.034180 0.003889 0.014800
v -0.033533 0.002679 0.014800
v -0.034909 0.005091 0.015000
v -0.035050 0.004950 0.014800
v -0.032938 0.001405 0.015000
v -0.033135 0.001366 0.014800
v -0.038595 0.007062 0.015000
v -0.038634 0.006865 0.014800
v -0.037321 0.006467 0.014800
v -0.036111 0.005820 0.014800
v -0.036000 0.005987 0.015000
v -0.033348 0.002755 0.015000
v -0.037245 0.006652 0.015000
v -0.018634 0.027776 0.014800
v -0.018595 0.027579 0.015000
v -0.017321 0.028174 0.014800
v -0.013533 0.031962 0.014800
v -0.014180 0.030752 0.014800
v -0.014013 0.030641 0.015000
v -0.012938 0.033236 0.015000
v -0.013135 0.033275 0.014800
v -0.014909 0.029550 0.015000
v -0.015050 0.029691 0.014800
v -0.012800 0.034641 0.015000
v -0.017245 0.027989 0.015000
v -0.016000 0.028654 0.015000
v -0.013348 0.031886 0.015000
v -0.016111 0.028821 0.014800
v -0.013000 0.034641 0.014800
v -0.013533 0.037320 0.014800
v -0.013135 0.036007 0.014800
v -0.012938 0.036046 0.015000
v -0.015050 0.039591 0.014800
v -0.014180 0.038530 0.014800
v -0.014013 0.038641 0.015000
v -0.018595 0.041703 0.015000
v -0.018634 0.041507 0.014800
v -0.017321 0.041108 0.014800
v -0.017245 0.041293 0.015000
v -0.016111 0.040461 0.014800
v -0.014909 0.039732 0.015000
v -0.013348 0.037396 0.015000
v -0.016000 0.040628 0.015000
f 1 2 3
f 3 2 4
f 5 6 7
f 8 9 10
f 11 7 4
f 4 2 12
f 2 1 13
f 5 14 15
f 10 15 14
f 7 11 5
f 10 9 15
f 4 12 11
f 6 5 15
f 10 16 8
f 17 18 19
f 20 21 22
f 23 24 20
f 25 26 21
f 27 28 17
f 29 30 28
f 31 32 24
f 32 33 29
f 25 16 26
f 20 22 23
f 22 21 26
f 31 33 32
f 34 29 33
f 28 30 17
f 30 29 34
f 31 24 23
f 17 19 27
f 8 16 25
f 35 36 37
f 36 38 39
f 40 41 42
f 43 42 35
f 41 40 44
f 45 35 37
f 39 37 36
f 43 40 42
f 35 45 43
f 46 44 40
f 47 44 46
f 48 49 47
f 47 49 44
f 48 50 49
f 51 52 53
f 54 55 56
f 54 56 57
f 58 59 55
f 60 61 57
f 62 63 64
f 63 61 65
f 66 62 64
f 58 48 67
f 55 59 56
f 59 58 67
f 57 68 60
f 63 65 64
f 66 64 51
f 65 61 60
f 68 57 56
f 51 53 66
f 50 48 58
f 69 70 71
f 72 69 73
f 74 75 76
f 76 75 77
f 71 70 78
f 79 72 73
f 72 70 69
f 80 81 82
f 78 70 82
f 81 80 83
f 77 81 83
f 83 76 77
f 82 81 78
f 76 84 74
f 85 86 87
f 88 89 90
f 91 92 93
f 93 88 94
f 95 96 97
f 96 98 85
f 91 99 92
f 97 99 100
f 89 84 90
f 93 94 101
f 94 88 90
f 91 100 99
f 102 97 100
f 97 102 95
f 95 98 96
f 91 93 101
f 98 86 85
f 74 84 89
f 103 104 105
f 106 107 103
f 108 109 110
f 109 111 112
f 113 108 110
f 104 103 107
f 114 107 106
f 104 115 116
f 115 111 116
f 112 111 115
f 117 109 112
f 117 110 109
f 116 105 104
f 110 118 113
f 119 120 121
f 122 123 124
f 125 126 123
f 127 128 122
f 129 130 131
f 130 132 119
f 133 128 134
f 131 133 135
f 125 118 126
f 122 124 127
f 124 123 126
f 133 134 135
f 131 136 129
f 130 129 132
f 136 131 135
f 134 128 127
f 132 120 119
f 113 118 125
f 137 138 139
f 138 140 141
f 142 143 144
f 145 144 137
f 143 142 146
f 147 137 139
f 141 139 138
f 145 142 144
f 137 147 145
f 148 146 142
f 149 146 148
f 150 151 149
f 149 151 146
f 150 152 151
f 153 154 155
f 156 157 158
f 156 158 159
f 160 161 157
f 162 163 159
f 164 165 166
f 165 163 167
f 168 164 166
f 160 150 169
f 157 161 158
f 161 160 169
f 159 170 162
f 165 167 166
f 168 166 153
f 167 163 162
f 170 159 158
f 153 155 168
f 152 150 160
f 171 172 173
f 173 174 175
f 176 177 178
f 177 179 180
f 181 176 178
f 174 173 172
f 182 172 171
f 175 174 183
f 184 185 183
f 179 185 184
f 180 179 184
f 180 178 177
f 183 185 175
f 178 186 181
f 187 188 189
f 190 191 192
f 193 194 190
f 195 196 191
f 197 198 187
f 199 200 198
f 201 202 194
f 202 203 199
f 195 186 196
f 190 192 193
f 192 191 196
f 202 201 203
f 199 204 200
f 198 200 187
f 204 199 203
f 201 194 193
f 187 189 197
f 181 186 195
f 205 206 207
f 208 205 207
f 209 210 211
f 212 213 208
f 214 215 216
f 212 214 213
f 217 216 218
f 205 208 213
f 219 208 207
f 208 220 212
f 208 219 221
f 221 220 208
f 222 220 221
f 212 223 215
f 221 219 224
f 225 218 215
f 216 215 218
f 223 225 215
f 226 227 218
f 225 226 218
f 228 225 223
f 227 217 218
f 212 220 223
f 215 214 212
f 229 223 220
f 227 230 217
f 210 231 232
f 233 234 230
f 235 236 237
f 238 239 236
f 240 237 234
f 241 242 243
f 244 245 246
f 247 248 245
f 249 246 242
f 250 243 239
f 226 251 227
f 234 233 240
f 240 252 235
f 253 240 233
f 236 235 238
f 235 254 238
f 235 237 240
f 251 233 227
f 255 238 256
f 239 255 250
f 243 250 241
f 250 255 257
f 249 241 258
f 246 249 244
f 245 244 247
f 244 249 259
f 249 242 241
f 241 250 260
f 255 239 238
f 261 247 244
f 248 262 263
f 230 227 233
f 264 226 225
f 265 222 266
f 221 266 222
f 220 222 229
f 267 229 222
f 221 224 266
f 266 224 268
f 251 269 253
f 233 251 253
f 270 264 228
f 264 225 228
f 271 226 264
f 272 271 264
f 251 271 269
f 223 229 228
f 271 251 226
f 273 228 229
f 265 266 274
f 267 222 265
f 268 274 266
f 273 270 228
f 229 267 273
f 272 264 270
f 275 271 272
f 269 276 277
f 271 275 269
f 253 277 252
f 278 279 280
f 281 254 252
f 235 252 254
f 277 281 252
f 282 256 254
f 281 282 254
f 276 281 277
f 256 238 254
f 253 269 277
f 282 283 256
f 250 257 260
f 260 284 258
f 285 260 257
f 249 258 259
f 259 258 286
f 258 241 260
f 257 256 283
f 257 255 256
f 287 282 281
f 276 287 281
f 282 288 283
f 289 282 287
f 288 282 289
f 288 290 283
f 291 284 285
f 260 285 284
f 258 284 286
f 292 286 284
f 285 290 291
f 284 291 292
f 293 294 286
f 283 290 285
f 285 257 283
f 294 261 259
f 269 275 276
f 252 240 253
f 261 244 259
f 280 232 295
f 296 297 263
f 262 296 263
f 298 299 297
f 296 298 297
f 300 296 262
f 262 247 301
f 298 302 299
f 303 304 305
f 306 303 307
f 308 309 305
f 307 299 302
f 310 298 296
f 247 261 301
f 302 298 311
f 312 300 301
f 300 262 301
f 310 296 300
f 313 310 300
f 298 310 311
f 314 301 261
f 315 304 306
f 303 306 304
f 316 317 311
f 317 302 311
f 306 317 315
f 318 315 317
f 319 308 304
f 306 302 317
f 306 307 302
f 320 311 310
f 304 308 305
f 262 248 247
f 308 321 309
f 322 323 324
f 325 322 326
f 324 327 328
f 326 309 321
f 329 328 330
f 331 332 333
f 334 331 335
f 332 329 336
f 209 334 231
f 321 337 325
f 326 321 325
f 308 319 338
f 337 321 338
f 325 339 323
f 340 338 319
f 323 322 325
f 321 308 338
f 327 323 341
f 328 327 330
f 329 330 336
f 330 327 342
f 333 336 343
f 331 333 335
f 334 335 231
f 335 333 344
f 333 332 336
f 336 330 345
f 327 324 323
f 231 335 295
f 231 210 209
f 304 315 319
f 346 319 315
f 347 314 294
f 314 261 294
f 348 313 312
f 313 300 312
f 320 310 313
f 349 320 313
f 314 312 301
f 350 312 314
f 316 318 317
f 311 320 316
f 351 346 318
f 346 315 318
f 340 319 346
f 352 340 346
f 338 340 353
f 354 318 316
f 337 338 353
f 355 316 320
f 347 294 293
f 348 312 350
f 349 313 348
f 347 350 314
f 355 354 316
f 320 349 355
f 354 351 318
f 352 346 351
f 356 340 352
f 353 357 358
f 353 340 356
f 337 358 339
f 286 292 293
f 359 341 339
f 323 339 341
f 358 359 339
f 360 342 341
f 359 360 341
f 361 359 358
f 342 327 341
f 337 353 358
f 360 362 342
f 336 345 343
f 343 363 344
f 364 343 345
f 335 344 295
f 295 344 278
f 344 333 343
f 345 342 362
f 345 330 342
f 365 360 359
f 357 361 358
f 360 366 362
f 365 359 361
f 366 360 365
f 366 367 362
f 368 363 364
f 343 364 363
f 344 363 278
f 369 278 363
f 364 367 368
f 363 368 369
f 369 279 278
f 362 367 364
f 364 345 362
f 295 278 280
f 353 356 357
f 339 325 337
f 232 231 295
f 259 286 294
f 370 371 372
f 373 372 374
f 375 376 377
f 378 379 380
f 381 380 376
f 382 377 371
f 370 372 373
f 383 373 374
f 382 375 377
f 371 370 382
f 381 376 375
f 378 380 381
f 379 378 384
f 379 384 385
f 386 387 388
f 389 390 391
f 392 393 394
f 395 394 390
f 396 397 398
f 386 399 400
f 401 400 397
f 402 398 393
f 403 385 384
f 390 389 395
f 389 391 403
f 393 392 402
f 397 396 401
f 400 401 386
f 396 398 402
f 392 394 395
f 386 388 399
f 391 385 403
f 404 405 406
f 407 408 409
f 410 406 408
f 411 412 413
f 414 415 416
f 417 413 415
f 418 409 412
f 419 420 421
f 422 423 424
f 425 422 426
f 427 426 428
f 428 429 427
f 416 430 431
f 419 432 430
f 433 405 404
f 410 408 407
f 406 410 404
f 418 412 411
f 414 417 415
f 411 413 417
f 409 418 407
f 420 434 421
f 421 432 419
f 434 435 423
f 422 425 436
f 431 430 432
f 422 436 423
f 423 435 424
f 426 427 425
f 431 414 416
f 435 434 420
f 428 437 429
f 438 439 440
f 441 442 443
f 441 443 444
f 445 446 444
f 447 448 449
f 448 446 445
f 450 440 442
f 451 452 453
f 454 455 456
f 457 458 459
f 455 459 456
f 460 457 461
f 462 461 463
f 464 449 452
f 454 465 453
f 437 466 429
f 441 444 467
f 439 438 466
f 442 441 450
f 450 438 440
f 446 467 444
f 447 446 448
f 447 449 464
f 451 453 468
f 452 451 464
f 465 454 456
f 469 459 458
f 458 457 460
f 459 469 456
f 453 465 468
f 461 462 460
f 466 437 439
f 470 471 472
f 473 474 475
f 476 477 474
f 478 479 480
f 481 482 475
f 471 480 483
f 484 481 470
f 485 486 487
f 485 487 488
f 489 490 491
f 492 493 494
f 490 493 495
f 494 496 497
f 498 478 486
f 488 489 499
f 500 501 502
f 477 476 500
f 473 476 474
f 472 484 470
f 482 481 484
f 500 502 477
f 473 475 482
f 483 472 471
f 479 483 480
f 498 479 478
f 489 491 503
f 488 499 485
f 489 503 499
f 485 498 486
f 490 495 491
f 493 492 495
f 497 492 494
f 504 505 506
f 506 507 508
f 509 508 507
f 510 511 512
f 513 514 515
f 513 512 514
f 516 509 511
f 517 518 519
f 520 519 521
f 522 523 524
f 525 526 527
f 523 526 528
f 529 527 530
f 515 518 531
f 521 522 520
f 532 508 509
f 510 516 511
f 532 509 516
f 496 533 497
f 505 504 533
f 512 513 510
f 506 508 504
f 524 520 522
f 528 534 523
f 524 523 534
f 531 513 515
f 525 528 526
f 519 535 517
f 527 529 525
f 518 517 531
f 520 535 519
f 533 496 505
f 536 537 538
f 539 538 540
f 541 542 543
f 544 545 546
f 547 546 542
f 548 543 537
f 536 538 539
f 549 539 540
f 548 541 543
f 537 536 548
f 547 542 541
f 544 546 547
f 545 544 550
f 545 550 551
f 552 553 554
f 555 556 557
f 558 559 560
f 561 560 556
f 562 563 564
f 552 565 566
f 567 566 563
f 568 564 559
f 569 551 550
f 556 555 561
f 555 557 569
f 559 558 568
f 563 562 567
f 566 567 552
f 562 564 568
f 558 560 561
f 552 554 565
f 557 551 569
f 570 571 572
f 573 572 574
f 575 576 577
f 578 579 580
f 581 580 576
f 582 577 571
f 583 571 570
f 573 570 572
f 582 575 577
f 571 583 582
f 581 576 575
f 578 580 581
f 578 584 585
f 578 585 579
f 586 587 588
f 589 590 591
f 592 593 594
f 589 594 590
f 595 596 597
f 586 598 599
f 600 599 596
f 601 597 593
f 591 584 602
f 594 589 592
f 589 591 602
f 597 601 595
f 599 600 603
f 599 603 586
f 600 596 595
f 601 593 592
f 586 588 598
f 585 584 591
f 604 605 606
f 607 606 608
f 609 610 611
f 612 613 614
f 615 614 610
f 616 611 605
f 604 606 607
f 617 607 608
f 616 609 611
f 605 604 616
f 615 610 609
f 612 614 615
f 613 612 618
f 613 618 619
f 620 621 622
f 623 624 625
f 626 627 628
f 629 628 624
f 630 631 632
f 620 633 634
f 635 634 631
f 636 632 627
f 637 619 618
f 624 623 629
f 623 625 637
f 627 626 636
f 631 630 635
f 634 635 620
f 630 632 636
f 626 628 629
f 620 622 633
f 625 619 637
f 638 639 640
f 641 640 642
f 643 644 645
f 646 647 648
f 649 648 644
f 650 645 639
f 638 640 641
f 651 641 642
f 650 643 645
f 639 638 650
f 649 644 643
f 646 648 649
f 647 646 652
f 647 652 653
f 654 655 656
f 657 658 659
f 660 661 662
f 663 662 658
f 664 665 666
f 654 667 668
f 669 668 665
f 670 666 661
f 671 653 652
f 658 657 663
f 657 659 671
f 661 660 670
f 665 664 669
f 668 669 654
f 664 666 670
f 660 662 663
f 654 656 667
f 659 653 671
f 672 673 674
f 675 674 676
f 677 678 679
f 680 681 682
f 683 682 678
f 684 679 673
f 672 674 675
f 685 675 676
f 684 677 679
f 673 672 684
f 683 678 677
f 680 682 683
f 681 680 686
f 681 686 687
f 688 689 690
f 691 692 693
f 694 695 696
f 697 696 692
f 698 699 700
f 688 701 702
f 703 702 699
f 704 700 695
f 705 687 686
f 692 691 697
f 691 693 705
f 695 694 704
f 699 698 703
f 702 703 688
f 698 700 704
f 694 696 697
f 688 690 701
f 693 687 705
f 706 707 708
f 709 708 710
f 711 712 713
f 714 715 716
f 717 716 712
f 718 713 707
f 719 707 706
f 709 706 708
f 718 711 713
f 707 719 718
f 717 712 711
f 714 716 717
f 714 720 721
f 714 721 715
f 722 723 724
f 725 726 727
f 728 729 730
f 725 730 726
f 731 732 733
f 722 734 735
f 736 735 732
f 731 733 729
f 727 720 737
f 730 725 728
f 725 727 737
f 729 738 731
f 735 736 739
f 735 739 722
f 736 732 731
f 738 729 728
f 722 724 734
f 721 720 727
f 740 741 742
f 743 742 744
f 745 746 747
f 748 749 750
f 751 750 746
f 752 747 741
f 740 742 743
f 753 743 744
f 752 745 747
f 741 740 752
f 751 746 745
f 748 750 751
f 749 748 754
f 749 754 755
f 756 757 758
f 759 760 761
f 762 763 764
f 765 764 760
f 766 767 768
f 756 769 770
f 771 770 767
f 772 768 763
f 773 755 754
f 760 759 765
f 759 761 773
f 763 762 772
f 767 766 771
f 770 771 756
f 766 768 772
f 762 764 765
f 756 758 769
f 761 755 773
f 774 775 776
f 777 776 778
f 779 780 781
f 782 783 784
f 785 784 780
f 786 781 775
f 774 776 777
f 787 777 778
f 786 779 781
f 775 774 786
f 785 780 779
f 782 784 785
f 783 782 788
f 783 788 789
f 790 791 792
f 793 794 795
f 796 797 798
f 799 798 794
f 800 801 802
f 790 803 804
f 805 804 801
f 806 802 797
f 807 789 788
f 794 793 799
f 793 795 807
f 797 796 806
f 801 800 805
f 804 805 790
f 800 802 806
f 796 798 799
f 790 792 803
f 795 789 807
f 808 809 810
f 811 810 812
f 813 814 815
f 816 817 818
f 819 818 814
f 820 815 809
f 808 810 811
f 821 811 812
f 820 813 815
f 809 808 820
f 819 814 813
f 816 818 819
f 817 816 822
f 817 822 823
f 824 825 826
f 827 828 829
f 830 831 832
f 833 832 828
f 834 835 836
f 824 837 838
f 839 838 835
f 840 836 831
f 841 823 822
f 828 827 833
f 827 829 841
f 831 830 840
f 835 834 839
f 838 839 824
f 834 836 840
f 830 832 833
f 824 826 837
f 829 823 841
f 842 843 844
f 845 844 846
f 847 848 849
f 850 851 852
f 853 852 848
f 854 849 843
f 844 855 842
f 855 844 845
f 849 854 847
f 852 853 850
f 851 850 856
f 853 848 847
f 854 843 842
f 856 857 851
f 858 859 860
f 861 862 857
f 863 864 865
f 863 865 862
f 866 867 868
f 869 870 871
f 866 871 867
f 872 868 864
f 863 862 861
f 873 868 872
f 863 872 864
f 866 869 871
f 868 873 866
f 874 870 869
f 858 870 874
f 858 860 875
f 858 875 870
f 856 861 857
f 876 877 878
f 879 878 880
f 881 882 883
f 884 885 886
f 887 886 882
f 888 883 877
f 876 878 879
f 889 879 880
f 888 881 883
f 877 876 888
f 887 882 881
f 884 886 887
f 885 884 890
f 885 890 891
f 892 893 894
f 895 896 897
f 898 899 900
f 901 900 896
f 902 903 904
f 892 905 906
f 907 906 903
f 908 904 899
f 909 891 890
f 896 895 901
f 895 897 909
f 899 898 908
f 903 902 907
f 906 907 892
f 902 904 908
f 898 900 901
f 892 894 905
f 897 891 909
f 910 911 912
f 913 912 914
f 915 916 917
f 918 919 920
f 921 920 916
f 922 917 911
f 910 912 913
f 923 913 914
f 922 915 917
f 911 910 922
f 921 916 915
f 918 920 921
f 919 918 924
f 919 924 925
f 926 927 928
f 929 930 931
f 932 933 934
f 935 934 930
f 936 937 938
f 926 939 940
f 941 940 937
f 942 938 933
f 943 925 924
f 930 929 935
f 929 931 943
f 933 932 942
f 937 936 941
f 940 941 926
f 936 938 942
f 932 934 935
f 926 928 939
f 931 925 943
f 944 945 946
f 947 948 949
f 945 947 946
f 950 951 952
f 953 954 955
f 951 953 952
f 948 950 956
f 957 958 959
f 960 961 962
f 958 960 959
f 963 964 965
f 966 967 968
f 964 966 965
f 961 963 969
f 954 957 970
f 971 944 946
f 949 948 972
f 947 949 946
f 956 950 952
f 973 953 955
f 953 973 952
f 948 956 972
f 970 957 959
f 961 974 962
f 962 959 960
f 955 954 970
f 974 961 969
f 965 966 968
f 968 967 975
f 963 965 969
f 976 977 975
f 975 967 976
f 978 979 980
f 981 982 983
f 979 981 984
f 985 986 987
f 988 989 990
f 986 988 987
f 982 985 991
f 992 993 994
f 995 996 997
f 993 995 998
f 999 1000 1001
f 1002 1003 1004
f 1000 1002 1005
f 996 999 1006
f 989 992 1007
f 980 977 978
f 1008 984 981
f 980 979 984
f 991 983 982
f 990 987 988
f 991 985 987
f 1008 981 983
f 994 1007 992
f 997 998 995
f 994 993 998
f 1001 1006 999
f 1004 1005 1002
f 1009 1004 1003
f 1001 1000 1005
f 997 996 1006
f 990 989 1007
f 978 977 976
f 1010 1011 1012
f 1013 1012 1014
f 1015 1016 1017
f 1018 1019 1020
f 1021 1020 1016
f 1022 1017 1011
f 1023 1024 1025
f 1026 1027 1024
f 1028 1029 1030
f 1031 1032 1029
f 1033 1034 1035
f 1036 1030 1027
f 1018 1025 1019
f 1022 1011 1010
f 1013 1010 1012
f 1021 1016 1015
f 1018 1020 1037
f 1021 1037 1020
f 1017 1022 1015
f 1026 1024 1023
f 1036 1038 1030
f 1027 1026 1036
f 1023 1025 1018
f 1028 1030 1038
f 1029 1028 1031
f 1032 1031 1039
f 1039 1034 1040
f 1034 1033 1040
f 1032 1039 1040
f 1034 1041 1035
f 1042 1043 1044
f 1045 1046 1047
f 1045 1048 1049
f 1050 1051 1052
f 1053 1054 1050
f 1052 1055 1056
f 1056 1057 1058
f 1053 1049 1048
f 1059 1060 1061
f 1062 1060 1063
f 1064 1059 1065
f 1064 1066 1067
f 1068 1042 1069
f 1067 1068 1069
f 1070 1071 1058
f 1072 1063 1071
f 1047 1035 1041
f 1073 1045 1047
f 1053 1048 1054
f 1073 1048 1045
f 1051 1050 1074
f 1074 1050 1054
f 1052 1051 1055
f 1055 1057 1056
f 1072 1062 1063
f 1071 1070 1072
f 1058 1057 1070
f 1061 1060 1062
f 1066 1064 1065
f 1061 1065 1059
f 1075 1042 1068
f 1068 1067 1066
f 1075 1043 1042
f 1046 1035 1047
f 1076 1077 1078
f 1079 1080 1081
f 1079 1078 1080
f 1082 1083 1084
f 1085 1086 1087
f 1083 1085 1084
f 1088 1081 1082
f 1089 1090 1091
f 1092 1093 1094
f 1092 1090 1093
f 1095 1096 1097
f 1096 1098 1099
f 1100 1099 1098
f 1089 1101 1086
f 1095 1102 1094
f 1103 1077 1104
f 1104 1077 1105
f 1076 1105 1077
f 1076 1078 1079
f 1106 1081 1088
f 1081 1106 1079
f 1084 1088 1082
f 1084 1085 1107
f 1087 1086 1101
f 1085 1087 1107
f 1091 1090 1092
f 1102 1095 1108
f 1108 1095 1097
f 1094 1102 1092
f 1089 1091 1101
f 1096 1099 1097
f 1098 1109 1100
f 1110 1111 1112
f 1113 1114 1115
f 1116 1117 1118
f 1114 1118 1119
f 1120 1121 1116
f 1122 1123 1120
f 1115 1112 1113
f 1124 1125 1126
f 1127 1126 1128
f 1129 1130 1131
f 1131 1132 1133
f 1134 1129 1135
f 1136 1135 1137
f 1122 1125 1138
f 1133 1139 1128
f 1100 1111 1140
f 1111 1110 1140
f 1119 1118 1117
f 1115 1110 1112
f 1115 1114 1119
f 1141 1117 1116
f 1121 1141 1116
f 1138 1123 1122
f 1132 1139 1133
f 1139 1127 1128
f 1125 1124 1138
f 1126 1127 1124
f 1134 1130 1129
f 1136 1134 1135
f 1132 1131 1130
f 1120 1123 1121
f 1111 1100 1109
f 1142 1143 1144
f 1145 1146 1147
f 1148 1144 1146
f 1149 1150 1151
f 1152 1153 1154
f 1155 1151 1153
f 1147 1150 1156
f 1157 1158 1159
f 1160 1161 1162
f 1160 1159 1161
f 1163 1164 1165
f 1166 1165 1167
f 1154 1158 1168
f 1162 1164 1169
f 1148 1142 1144
f 1156 1145 1147
f 1149 1151 1155
f 1143 1142 1170
f 1145 1148 1146
f 1150 1149 1156
f 1153 1152 1155
f 1159 1160 1157
f 1157 1168 1158
f 1164 1163 1171
f 1162 1169 1160
f 1152 1154 1168
f 1164 1171 1169
f 1163 1165 1166
f 1166 1167 1172
f 1172 1173 1174
f 1172 1167 1173
f 1173 1175 1174
f 1176 1177 1178
f 1179 1180 1181
f 1182 1183 1176
f 1183 1184 1185
f 1186 1180 1187
f 1184 1187 1185
f 1178 1177 1188
f 1189 1190 1191
f 1190 1189 1192
f 1193 1194 1195
f 1196 1191 1197
f 1198 1197 1193
f 1199 1200 1194
f 1188 1201 1202
f 1192 1203 1201
f 1181 1204 1179
f 1181 1180 1186
f 1205 1184 1183
f 1186 1187 1184
f 1175 1204 1174
f 1182 1176 1178
f 1205 1183 1182
f 1202 1201 1203
f 1200 1195 1194
f 1192 1206 1203
f 1197 1207 1196
f 1189 1206 1192
f 1207 1197 1198
f 1198 1193 1195
f 1191 1196 1189
f 1188 1202 1178
f 1204 1175 1179
f 1208 1209 1210
f 1211 1210 1212
f 1213 1214 1215
f 1216 1217 1218
f 1219 1215 1209
f 1220 1221 1222
f 1223 1224 1225
f 1224 1221 1226
f 1227 1228 1229
f 1230 1222 1231
f 1232 1231 1228
f 1223 1233 1234
f 1216 1229 1217
f 1208 1219 1209
f 1210 1211 1208
f 1214 1235 1236
f 1213 1215 1219
f 1236 1235 1237
f 1213 1235 1214
f 1237 1238 1236
f 1218 1236 1238
f 1227 1229 1216
f 1238 1216 1218
f 1239 1231 1232
f 1220 1222 1230
f 1226 1221 1220
f 1239 1230 1231
f 1227 1232 1228
f 1226 1225 1224
f 1223 1225 1233
f 1240 1241 1242
f 1243 1244 1245
f 1246 1247 1248
f 1249 1250 1251
f 1252 1253 1250
f 1243 1247 1254
f 1245 1244 1252
f 1255 1248 1256
f 1257 1258 1249
f 1259 1260 1261
f 1260 1258 1262
f 1263 1264 1265
f 1266 1267 1268
f 1267 1263 1269
f 1264 1259 1270
f 1271 1266 1240
f 1233 1272 1234
f 1246 1248 1255
f 1272 1255 1256
f 1244 1243 1254
f 1253 1252 1273
f 1244 1273 1252
f 1246 1254 1247
f 1257 1249 1251
f 1261 1260 1262
f 1251 1250 1253
f 1270 1259 1261
f 1269 1263 1265
f 1268 1267 1269
f 1270 1265 1264
f 1268 1240 1266
f 1262 1258 1257
f 1240 1242 1271
f 1256 1234 1272
f 1274 1275 1276
f 1274 1277 1278
f 1279 1280 1281
f 1277 1279 1281
f 1281 1278 1277
f 1274 1278 1275
f 1282 1283 1284
f 1285 1286 1287
f 1288 1289 1290
f 1288 1290 1286
f 1275 1291 1276
f 1287 1291 1285
f 1289 1288 1282
f 1286 1285 1288
f 1282 1284 1289
f 1287 1276 1291
f 1292 1293 1294
f 1295 1294 1296
f 1295 1292 1294
f 1296 1297 1295
f 1292 1298 1293
f 1298 1299 1293
f 1300 1301 1302
f 1303 1304 1305
f 1300 1306 1307
f 1308 1307 1304
f 1309 1299 1298
f 1304 1303 1308
f 1307 1308 1300
f 1303 1305 1309
f 1300 1302 1306
f 1305 1299 1309
f 1310 1311 1312
f 1310 1313 1314
f 1315 1316 1317
f 1313 1318 1319
f 1320 1315 1321
f 1322 1323 1324
f 1325 1318 1322
f 1326 1323 1320
f 1327 1328 1329
f 1330 1329 1331
f 1332 1333 1334
f 1335 1336 1337
f 1338 1337 1333
f 1339 1334 1328
f 1340 1341 1342
f 1343 1344 1345
f 1346 1345 1341
f 1347 1348 1349
f 1350 1351 1352
f 1353 1352 1348
f 1347 1349 1344
f 1354 1342 1336
f 1327 1329 1330
f 1355 1330 1331
f 1332 1334 1339
f 1335 1337 1338
f 1332 1338 1333
f 1327 1339 1328
f 1340 1342 1354
f 1346 1343 1345
f 1341 1340 1346
f 1354 1336 1335
f 1347 1344 1343
f 1356 1352 1353
f 1350 1352 1356
f 1347 1353 1348
f 1351 1350 1357
f 1357 1358 1351
f 1359 1360 1361
f 1362 1363 1364
f 1365 1366 1367
f 1368 1367 1363
f 1369 1370 1371
f 1372 1373 1374
f 1375 1374 1370
f 1365 1371 1366
f 1376 1377 1378
f 1379 1380 1381
f 1382 1381 1377
f 1383 1384 1385
f 1359 1386 1387
f 1388 1387 1384
f 1389 1385 1380
f 1390 1378 1373
f 1391 1358 1357
f 1363 1362 1368
f 1362 1364 1391
f 1371 1365 1369
f 1370 1392 1375
f 1392 1370 1369
f 1365 1367 1368
f 1373 1372 1390
f 1377 1376 1382
f 1376 1378 1390
f 1380 1379 1389
f 1384 1383 1388
f 1387 1388 1359
f 1383 1385 1389
f 1379 1381 1382
f 1372 1374 1375
f 1359 1361 1386
f 1364 1358 1391
f 1393 1394 1395
f 1396 1395 1397
f 1394 1393 1398
f 1394 1398 1399
f 1393 1395 1396
f 1399 1400 1394
f 1401 1402 1403
f 1404 1400 1405
f 1406 1401 1407
f 1408 1409 1405
f 1404 1405 1409
f 1409 1408 1410
f 1407 1409 1410
f 1410 1406 1407
f 1406 1402 1401
f 1399 1405 1400
f 1411 1412 1413
f 1414 1413 1415
f 1414 1411 1413
f 1415 1416 1414
f 1411 1417 1412
f 1417 1418 1412
f 1419 1420 1421
f 1422 1423 1424
f 1419 1425 1426
f 1427 1426 1423
f 1428 1418 1417
f 1423 1422 1427
f 1426 1427 1419
f 1422 1424 1428
f 1419 1421 1425
f 1424 1418 1428
f 1429 1430 1431
f 1431 1432 1433
f 1434 1435 1436
f 1432 1437 1438
f 1437 1439 1440
f 1439 1441 1442
f 1443 1444 1441
f 1434 1445 1443
f 1446 1447 1448
f 1448 1449 1446
f 1447 1450 1448
f 1451 1449 1452
f 1451 1446 1449
f 1452 1453 1451
f 1454 1455 1456
f 1457 1458 1459
f 1460 1454 1461
f 1461 1457 1459
f 1458 1452 1462
f 1461 1459 1463
f 1461 1463 1460
f 1459 1458 1462
f 1460 1455 1454
f 1453 1452 1458
f 1464 1465 1466
f 1467 1466 1468
f 1467 1464 1466
f 1468 1469 1467
f 1464 1470 1465
f 1470 1471 1465
f 1472 1473 1474
f 1475 1476 1477
f 1472 1478 1479
f 1480 1479 1476
f 1481 1471 1470
f 1476 1475 1480
f 1479 1480 1472
f 1475 1477 1481
f 1472 1474 1478
f 1477 1471 1481
f 1482 1483 1484
f 1482 1485 1486
f 1487 1488 1489
f 1490 1485 1491
f 1492 1491 1493
f 1494 1495 1496
f 1495 1487 1497
f 1498 1493 1494
f 1499 1500 1501
f 1502 1499 1503
f 1504 1505 1506
f 1503 1504 1506
f 1506 1502 1503
f 1499 1502 1500
f 1507 1508 1509
f 1510 1511 1512
f 1513 1507 1514
f 1514 1510 1515
f 1512 1501 1500
f 1514 1515 1516
f 1514 1516 1513
f 1515 1510 1512
f 1513 1508 1507
f 1511 1501 1512
f 1517 1518 1519
f 1520 1519 1521
f 1518 1517 1522
f 1518 1522 1523
f 1517 1519 1520
f 1523 1524 1518
f 1525 1526 1527
f 1528 1529 1524
f 1530 1531 1532
f 1528 1532 1529
f 1530 1532 1528
f 1533 1534 1531
f 1531 1530 1533
f 1526 1525 1534
f 1525 1531 1534
f 1523 1528 1524
f 1535 1536 1537
f 1535 1538 1539
f 1540 1541 1542
f 1543 1544 1545
f 1546 1543 1547
f 1548 1549 1540
f 1550 1547 1549
f 1551 1538 1545
f 1552 1553 1554
f 1554 1555 1556
f 1556 1552 1554
f 1555 1557 1556
f 1552 1558 1553
f 1558 1559 1553
f 1560 1561 1562
f 1563 1564 1565
f 1560 1566 1567
f 1568 1567 1564
f 1563 1559 1558
f 1564 1569 1568
f 1567 1568 1560
f 1569 1564 1563
f 1560 1562 1566
f 1565 1559 1563
f 1570 1571 1572
f 1573 1572 1574
f 1571 1570 1575
f 1571 1575 1576
f 1570 1572 1573
f 1576 1577 1571
f 1578 1579 1580
f 1581 1582 1577
f 1583 1584 1585
f 1581 1585 1582
f 1586 1585 1581
f 1583 1587 1584
f 1585 1586 1583
f 1579 1578 1587
f 1578 1584 1587
f 1576 1581 1577
f 1588 1589 1590
f 1590 1591 1592
f 1593 1594 1595
f 1596 1597 1598
f 1599 1596 1600
f 1601 1602 1593
f 1603 1600 1602
f 1604 1591 1598
f 1605 1606 1607
f 1608 1609 1610
f 1606 1608 1611
f 1612 1613 1614
f 1615 1616 1617
f 1613 1615 1617
f 1609 1612 1618
f 1619 1620 1621
f 1622 1623 1624
f 1620 1622 1625
f 1626 1627 1628
f 1629 1630 1631
f 1627 1629 1628
f 1623 1626 1632
f 1616 1619 1633
f 1607 1606 1611
f 1610 1609 1618
f 1608 1610 1611
f 1614 1613 1634
f 1617 1616 1633
f 1613 1617 1634
f 1612 1614 1618
f 1621 1620 1625
f 1623 1635 1624
f 1624 1625 1622
f 1633 1619 1621
f 1635 1623 1632
f 1628 1629 1631
f 1631 1630 1636
f 1626 1628 1632
f 1637 1638 1636
f 1636 1630 1637
f 1639 1640 1641
f 1642 1643 1644
f 1640 1642 1645
f 1646 1647 1648
f 1649 1650 1651
f 1647 1649 1652
f 1643 1646 1648
f 1653 1654 1655
f 1656 1657 1658
f 1654 1656 1655
f 1659 1660 1661
f 1662 1663 1664
f 1660 1662 1665
f 1657 1659 1661
f 1650 1653 1666
f 1641 1638 1639
f 1644 1645 1642
f 1641 1640 1645
f 1648 1667 1643
f 1668 1652 1649
f 1648 1647 1652
f 1644 1643 1667
f 1666 1651 1650
f 1669 1655 1656
f 1666 1653 1655
f 1661 1658 1657
f 1670 1665 1662
f 1664 1670 1662
f 1661 1660 1665
f 1669 1656 1658
f 1668 1649 1651
f 1639 1638 1637
f 1671 1672 1673
f 1674 1675 1676
f 1672 1674 1676
f 1677 1678 1679
f 1680 1681 1682
f 1678 1680 1682
f 1675 1677 1683
f 1684 1685 1686
f 1687 1688 1689
f 1685 1687 1690
f 1691 1692 1693
f 1694 1695 1696
f 1692 1694 1693
f 1688 1691 1697
f 1681 1684 1698
f 1673 1672 1699
f 1676 1675 1683
f 1672 1676 1699
f 1679 1678 1700
f 1682 1681 1698
f 1678 1682 1700
f 1677 1679 1683
f 1686 1685 1690
f 1688 1701 1689
f 1689 1690 1687
f 1698 1684 1686
f 1701 1688 1697
f 1693 1694 1696
f 1696 1695 1702
f 1691 1693 1697
f 1703 1704 1702
f 1702 1695 1703
f 1705 1706 1707
f 1708 1709 1710
f 1706 1708 1711
f 1712 1713 1714
f 1715 1716 1717
f 1713 1715 1718
f 1709 1712 1714
f 1719 1720 1721
f 1722 1723 1724
f 1720 1722 1721
f 1725 1726 1727
f 1728 1729 1730
f 1726 1728 1731
f 1723 1725 1727
f 1716 1719 1732
f 1707 1704 1705
f 1710 1711 1708
f 1707 1706 1711
f 1714 1733 1709
f 1734 1718 1715
f 1714 1713 1718
f 1710 1709 1733
f 1732 1717 1716
f 1735 1721 1722
f 1732 1719 1721
f 1727 1724 1723
f 1736 1731 1728
f 1730 1736 1728
f 1727 1726 1731
f 1735 1722 1724
f 1734 1715 1717
f 1705 1704 1703
f 1737 1738 1739
f 1739 1738 1740
f 1737 1739 1741
f 1742 1741 1743
f 1741 1742 1737
f 1744 1742 1743
f 1745 1746 1747
f 1746 1745 1748
f 1747 1740 1738
f 1749 1750 1751
f 1744 1743 1752
f 1747 1738 1745
f 1753 1752 1750
f 1754 1755 1756
f 1757 1754 1756
f 1758 1759 1760
f 1755 1760 1759
f 1759 1756 1755
f 1761 1758 1760
f 1757 1753 1762
f 1762 1754 1757
f 1753 1749 1762
f 1744 1752 1753
f 1753 1750 1749
f 1763 1764 1765
f 1749 1766 1767
f 1767 1768 1765
f 1750 1769 1770
f 1771 1772 1773
f 1774 1773 1775
f 1776 1777 1774
f 1778 1779 1777
f 1772 1771 1748
f 1780 1781 1782
f 1783 1784 1782
f 1774 1775 1785
f 1780 1775 1781
f 1782 1784 1780
f 1775 1773 1772
f 1775 1780 1785
f 1769 1786 1770
f 1787 1788 1789
f 1770 1751 1750
f 1763 1765 1768
f 1766 1749 1751
f 1767 1766 1768
f 1788 1786 1769
f 1790 1779 1778
f 1778 1777 1776
f 1787 1786 1788
f 1790 1791 1789
f 1787 1789 1791
f 1790 1789 1779
f 1774 1785 1776
f 1746 1748 1771
f 1764 1763 1792
f 1758 1793 1794
f 1793 1758 1761
f 1795 1794 1796
f 1795 1797 1798
f 1799 1798 1800
f 1793 1796 1794
f 1801 1802 1803
f 1800 1801 1799
f 1798 1797 1800
f 1799 1804 1805
f 1801 1803 1799
f 1806 1801 1807
f 1797 1795 1796
f 1805 1808 1809
f 1805 1804 1808
f 1809 1808 1810
f 1811 1812 1813
f 1810 1813 1812
f 1812 1809 1810
f 1811 1813 1814
f 1815 1816 1803
f 1817 1818 1819
f 1817 1811 1818
f 1819 1820 1817
f 1821 1820 1819
f 1818 1811 1814
f 1799 1803 1804
f 1807 1822 1823
f 1806 1807 1823
f 1823 1822 1824
f 1802 1815 1803
f 1801 1806 1802
f 1815 1825 1816
f 1825 1826 1827
f 1825 1827 1816
f 1828 1826 1829
f 1830 1831 1832
f 1828 1829 1831
f 1827 1826 1828
f 1833 1832 1834
f 1828 1831 1830
f 1830 1832 1833
f 1821 1835 1836
f 1835 1837 1836
f 1838 1837 1835
f 1821 1836 1820
f 1833 1834 1838
f 1839 1840 1841
f 1842 1839 1841
f 1837 1842 1841
f 1841 1840 1843
f 1843 1844 1845
f 1844 1843 1840
f 1842 1837 1838
f 1838 1834 1842
f 1764 1824 1822
f 1792 1824 1764
f 1783 1782 1846
f 1847 1848 1849
f 1850 1849 1851
f 1847 1783 1848
f 1850 1847 1849
f 1850 1851 1852
f 1848 1783 1846
f 1853 1854 1855
f 1856 1853 1857
f 1854 1853 1858
f 1858 1853 1856
f 1858 1859 1860
f 1857 1861 1856
f 1855 1852 1851
f 1862 1863 1859
f 1852 1855 1864
f 1864 1855 1854
f 1860 1859 1863
f 1865 1866 1867
f 1862 1866 1863
f 1858 1860 1854
f 1868 1869 1870
f 1867 1869 1865
f 1871 1868 1872
f 1873 1874 1871
f 1875 1876 1877
f 1877 1874 1878
f 1867 1870 1869
f 1867 1866 1862
f 1879 1880 1881
f 1881 1880 1882
f 1879 1881 1861
f 1883 1884 1882
f 1882 1880 1883
f 1879 1861 1857
f 1885 1883 1886
f 1883 1885 1884
f 1885 1886 1887
f 1888 1889 1890
f 1887 1891 1890
f 1891 1887 1886
f 1888 1890 1891
f 1874 1873 1892
f 1873 1871 1872
f 1893 1894 1875
f 1895 1893 1875
f 1894 1876 1875
f 1875 1896 1897
f 1892 1878 1874
f 1872 1868 1870
f 1878 1875 1877
f 1878 1896 1875
f 1898 1897 1899
f 1899 1897 1900
f 1896 1900 1897
f 1899 1900 1901
f 1873 1889 1892
f 1889 1888 1892
f 1902 1903 1904
f 1905 1906 1902
f 1907 1908 1909
f 1910 1911 1908
f 1909 1906 1912
f 1913 1914 1915
f 1916 1917 1914
f 1904 1918 1919
f 1918 1920 1919
f 1917 1921 1920
f 1918 1904 1903
f 1905 1902 1904
f 1922 1923 1924
f 1925 1926 1844
f 1925 1922 1926
f 1926 1922 1927
f 1922 1924 1927
f 1911 1924 1923
f 1844 1926 1845
f 1908 1907 1928
f 1908 1928 1910
f 1910 1924 1911
f 1929 1930 1931
f 1930 1929 1928
f 1907 1930 1928
f 1909 1912 1907
f 1906 1905 1912
f 1895 1915 1932
f 1895 1933 1893
f 1934 1935 1936
f 1895 1913 1915
f 1920 1921 1919
f 1933 1895 1932
f 1921 1917 1916
f 1895 1934 1937
f 1936 1901 1938
f 1938 1937 1934
f 1916 1914 1939
f 1914 1913 1939
f 1913 1895 1937
f 1938 1934 1936
f 1899 1901 1936
f 1940 1941 1939
f 1916 1939 1941
f 1942 1943 1944
f 1943 1942 1931
f 1945 1944 1943
f 1946 1944 1945
f 1931 1942 1929
f 1947 1948 1949
f 1947 1941 1940
f 1949 1948 1950
f 1951 1952 1946
f 1950 1946 1952
f 1952 1949 1950
f 1951 1946 1945
f 1948 1947 1940
f 1953 1954 1955
f 1729 1953 1956
f 1957 1958 1959
f 1960 1961 1962
f 1958 1960 1962
f 1954 1957 1963
f 1964 1965 1966
f 1967 1968 1969
f 1965 1967 1970
f 1971 1972 1973
f 1974 1975 1976
f 1972 1974 1977
f 1968 1971 1978
f 1961 1964 1979
f 1956 1953 1955
f 1729 1956 1730
f 1963 1957 1959
f 1962 1961 1980
f 1958 1962 1959
f 1954 1963 1955
f 1979 1964 1966
f 1967 1969 1970
f 1970 1966 1965
f 1980 1961 1979
f 1969 1968 1978
f 1973 1972 1977
f 1977 1974 1976
f 1971 1973 1978
f 1981 1976 1975
f 1975 1982 1981
f 1671 1673 1983
f 1984 1985 1986
f 1987 1988 1989
f 1985 1987 1986
f 1990 1991 1992
f 1993 1994 1995
f 1991 1993 1995
f 1988 1990 1996
f 1997 1998 1999
f 2000 2001 2002
f 1998 2000 2003
f 2004 2005 2006
f 2007 2008 2009
f 2005 2007 2009
f 2001 2004 2002
f 1994 1997 2010
f 1981 1982 2011
f 1989 1986 1987
f 2011 1984 1986
f 1996 2012 1988
f 1995 1992 1991
f 1996 1990 1992
f 1989 1988 2012
f 1999 2010 1997
f 2013 2003 2000
f 1999 1998 2003
f 2006 2002 2004
f 2009 2014 2005
f 1983 2009 2008
f 2006 2005 2014
f 2013 2000 2002
f 1995 1994 2010
f 2008 1671 1983
f 2011 1982 1984
f 2015 2016 2017
f 2018 2015 2017
f 2016 2015 2019
f 2020 2018 2017
f 2021 2022 2017
f 2020 2017 2022
f 2023 2022 2021
f 2021 2024 2025
f 2021 2025 2023
f 2024 2021 2026
f 2027 2016 2028
f 2029 2027 2028
f 2027 2030 2031
f 2032 2033 2031
f 2027 2029 2030
f 2028 2016 2034
f 2034 2016 2019
f 2035 2036 2037
f 2038 2039 2026
f 2039 2024 2026
f 2031 2033 2027
f 2037 2038 2040
f 2041 2042 2043
f 2041 2044 2045
f 2045 2038 2026
f 2026 2041 2045
f 2044 2041 2043
f 2046 2047 2048
f 2048 2047 2042
f 2042 2049 2050
f 2042 2050 2043
f 2049 2042 2047
f 2051 2046 2048
f 2035 2037 2040
f 2052 2053 2054
f 2036 2035 2053
f 2055 2052 2054
f 2045 2040 2038
f 2055 2054 2056
f 2056 2057 2058
f 2059 2060 2061
f 2062 2063 2060
f 2058 2057 2059
f 2064 2055 2056
f 2052 2036 2053
f 2065 2066 2067
f 2068 2069 2070
f 2070 2067 2066
f 2071 2072 2070
f 2073 2033 2032
f 2074 2073 2075
f 2075 2076 2065
f 2077 2078 2079
f 2074 2075 2065
f 2073 2074 2033
f 2080 2068 2078
f 2081 2082 2072
f 2072 2083 2081
f 2081 2084 2082
f 2085 2082 2084
f 2086 2085 2087
f 2087 2088 2086
f 2070 2069 2071
f 2072 2071 2083
f 2079 2089 2077
f 2078 2077 2080
f 2080 2069 2068
f 2082 2085 2086
f 2090 2076 2091
f 2092 2093 2094
f 2093 2095 2096
f 2097 2098 2091
f 2099 2100 2064
f 2061 2058 2059
f 2101 2102 2103
f 2101 2103 2095
f 2104 2102 2099
f 2064 2100 2055
f 2094 2097 2092
f 2091 2098 2090
f 2065 2076 2105
f 2066 2065 2105
f 2105 2076 2090
f 2064 2056 2058
f 2099 2064 2104
f 2095 2103 2096
f 2093 2096 2094
f 2103 2102 2104
f 2097 2094 2098
f 2066 2068 2070
f 2061 2060 2063
f 2106 2107 2048
f 2107 2051 2048
f 2108 2106 2109
f 2109 2106 2048
f 2110 2108 2109
f 2111 2112 2113
f 2109 2113 2114
f 2113 2112 2115
f 2113 2115 2114
f 2114 2110 2109
f 2112 2111 2116
f 2117 2118 2119
f 2118 2120 2121
f 2117 2122 2118
f 2122 2117 2123
f 2124 2125 2126
f 2126 2127 2128
f 2125 2124 2129
f 2119 2125 2129
f 2129 2117 2119
f 2127 2112 2116
f 2130 2121 2120
f 2126 2128 2124
f 2131 2132 2133
f 2134 2133 2132
f 2133 2134 2135
f 2133 2135 2136
f 2133 2136 2111
f 2137 2131 2138
f 2132 2131 2139
f 2139 2131 2140
f 2141 2142 2138
f 2138 2143 2137
f 2140 2131 2137
f 2116 2111 2144
f 2136 2144 2111
f 2145 2141 2146
f 2142 2141 2145
f 2147 2148 2141
f 2148 2146 2141
f 2148 2147 2149
f 2142 2150 2138
f 2143 2138 2150
f 2116 2128 2127
f 2151 2152 2130
f 2153 2154 2155
f 2156 2154 2157
f 2120 2151 2130
f 2156 2157 2158
f 2151 2063 2152
f 2159 2160 2161
f 2162 2163 2164
f 2163 2165 2164
f 2166 2158 2162
f 2167 2165 2160
f 2120 2118 2122
f 2123 2153 2122
f 2158 2166 2156
f 2154 2156 2155
f 2153 2155 2122
f 2160 2159 2167
f 2165 2167 2164
f 2168 2169 2170
f 2171 2169 2161
f 2161 2169 2159
f 2162 2164 2166
f 2172 2168 2170
f 2173 2174 2147
f 2161 2175 2171
f 2176 2177 2172
f 2174 2173 2175
f 2178 2179 2172
f 2169 2171 2170
f 2175 2173 2171
f 2180 2181 2178
f 2172 2170 2178
f 2180 2182 2183
f 2184 2185 2177
f 2149 2147 2174
f 2180 2186 2181
f 2176 2172 2179
f 2177 2176 2184
f 2179 2178 2181
f 2182 2187 2188
f 2188 2183 2182
f 2189 2187 2182
f 2189 2190 2191
f 2189 2191 2187
f 2192 2190 2189
f 2186 2180 2183
f 2193 2185 2184
f 2152 2063 2062
f 2079 2194 2089
f 2195 2196 2197
f 2198 2195 2199
f 2197 2199 2195
f 2200 2195 2198
f 2196 2086 2088
f 2200 2201 2202
f 2203 2204 2202
f 2202 2201 2203
f 2200 2202 2195
f 2195 2086 2196
f 2205 2206 2204
f 2207 2208 2209
f 2206 2210 2208
f 2211 2212 2207
f 2211 2213 2212
f 2208 2210 2214
f 2208 2214 2209
f 2210 2206 2205
f 2207 2209 2211
f 2215 2216 2213
f 2206 2202 2204
f 2217 2218 2207
f 2219 2220 2194
f 2221 2222 2223
f 2224 2223 2225
f 2219 2226 2220
f 2227 2220 2226
f 2226 2225 2227
f 2224 2225 2226
f 2221 2223 2224
f 2222 2221 2215
f 2215 2221 2216
f 2194 2079 2219
f 2212 2213 2216
f 2228 2217 2229
f 2230 2229 2231
f 2212 2217 2207
f 2232 2233 2234
f 2233 2235 2236
f 2237 2238 2239
f 2238 2240 2241
f 2242 2235 2237
f 2243 2244 2231
f 2232 2245 2243
f 2217 2228 2218
f 2246 2228 2247
f 2248 2249 2250
f 2249 2251 2252
f 2253 2250 2246
f 2250 2253 2248
f 2245 2232 2254
f 2244 2243 2245
f 2228 2230 2247
f 2246 2247 2253
f 2244 2230 2231
f 2254 2232 2234
f 2250 2249 2252
f 2255 2252 2251
f 2256 2252 2257
f 2255 2257 2252
f 2258 2256 2257
f 2259 2256 2258
f 2260 2256 2259
f 2261 2262 2263
f 2260 2263 2262
f 2264 2262 2261
f 2256 2260 2262
f 2236 2235 2265
f 2239 2238 2266
f 2242 2237 2239
f 2265 2235 2242
f 2267 2268 2269
f 2241 2266 2238
f 2270 2241 2240
f 2269 2271 2270
f 2240 2269 2270
f 2271 2269 2272
f 2236 2234 2233
f 2273 2274 2275
f 2273 2264 2276
f 2262 2264 2273
f 2274 2273 2276
f 2277 2273 2275
f 2277 2278 2279
f 2280 2279 2281
f 2280 2271 2272
f 2277 2279 2280
f 2277 2275 2278
f 2281 2271 2280
f 2272 2269 2268
f 2228 2229 2230
f 2282 2283 2284
f 2285 2286 2287
f 2287 2286 2288
f 2289 2288 2283
f 2290 2185 2193
f 2284 2290 2282
f 2283 2291 2289
f 2288 2289 2287
f 2291 2283 2282
f 2292 2286 2293
f 2290 2284 2185
f 2294 2295 2296
f 2297 2298 2299
f 2298 2300 2301
f 2300 2294 2302
f 2303 2304 2305
f 2304 2292 2306
f 2307 2308 2309
f 2303 2310 2307
f 2303 2311 2310
f 2312 2295 2313
f 2309 2314 2313
f 2306 2292 2293
f 2285 2293 2286
f 2315 2316 2317
f 2318 2319 2192
f 2320 2319 2318
f 2189 2318 2192
f 2318 2316 2321
f 2318 2321 2320
f 2316 2318 2317
f 2317 2322 2315
f 2323 2324 2325
f 2323 2325 2326
f 2324 2305 2327
f 2328 2326 2329
f 2317 2328 2330
f 2328 2329 2330
f 2322 2317 2330
f 2326 2328 2323
f 2323 2305 2324
f 2327 2305 2304
f 2327 2304 2306
f 2305 2311 2303
f 2331 2332 2297
f 2297 2299 2333
f 2333 2331 2297
f 2334 2332 2331
f 2335 2334 2336
f 2336 2337 2335
f 2296 2295 2338
f 2302 2294 2296
f 2301 2300 2339
f 2299 2298 2301
f 2302 2339 2300
f 2338 2295 2312
f 2340 2341 2342
f 2343 2342 2341
f 2343 2341 2336
f 2341 2337 2336
f 2335 2337 2267
f 2344 2340 2342
f 2345 2340 2344
f 2346 2347 2348
f 2345 2348 2347
f 2340 2345 2347
f 2337 2268 2267
f 2347 2346 2349
f 2314 2309 2308
f 2350 2351 2352
f 2310 2352 2308
f 2307 2310 2308
f 2310 2350 2352
f 2353 2354 2351
f 2350 2353 2351
f 2355 2356 2353
f 2357 2356 2355
f 2354 2353 2356
f 2314 2312 2313
f 2358 2359 2360
f 2358 2349 2361
f 2347 2349 2358
f 2359 2358 2361
f 2362 2358 2360
f 2362 2363 2364
f 2355 2364 2365
f 2364 2355 2362
f 2360 2366 2362
f 2366 2363 2362
f 2357 2355 2365
f 2332 2334 2335
f 2367 2368 2369
f 1663 2367 2370
f 2371 2372 2373
f 2374 2375 2376
f 2372 2374 2373
f 2368 2371 2377
f 2378 2379 2380
f 2381 2382 2383
f 2379 2381 2384
f 2385 2386 2387
f 2388 2389 2390
f 2386 2388 2391
f 2382 2385 2392
f 2375 2378 2393
f 2370 2367 2369
f 1663 2370 1664
f 2377 2371 2373
f 2376 2375 2394
f 2374 2376 2373
f 2368 2377 2369
f 2393 2378 2380
f 2381 2383 2384
f 2384 2380 2379
f 2394 2375 2393
f 2383 2382 2392
f 2387 2386 2391
f 2391 2388 2390
f 2385 2387 2392
f 2395 2390 2389
f 2389 2396 2395
f 1605 1607 2397
f 2398 2399 2400
f 2401 2402 2403
f 2399 2401 2400
f 2404 2405 2406
f 2407 2408 2409
f 2405 2407 2409
f 2402 2404 2410
f 2411 2412 2413
f 2414 2415 2416
f 2412 2414 2417
f 2418 2419 2420
f 2421 2422 2423
f 2419 2421 2423
f 2415 2418 2416
f 2408 2411 2424
f 2395 2396 2425
f 2403 2400 2401
f 2425 2398 2400
f 2410 2426 2402
f 2409 2406 2405
f 2410 2404 2406
f 2403 2402 2426
f 2413 2424 2411
f 2427 2417 2414
f 2413 2412 2417
f 2420 2416 2418
f 2423 2428 2419
f 2397 2423 2422
f 2420 2419 2428
f 2427 2414 2416
f 2409 2408 2424
f 2422 1605 2397
f 2425 2396 2398
f 2429 2430 2431
f 2429 2432 2433
f 2431 2430 2434
f 2435 2434 2436
f 2437 2429 2431
f 2436 2438 2435
f 2439 2431 2434
f 2432 2429 2437
f 2440 2441 2442
f 2441 2443 2444
f 2442 2445 2446
f 2447 2445 2433
f 2446 2440 2442
f 2447 2446 2445
f 2433 2432 2447
f 2443 2441 2440
f 2448 2449 2450
f 2450 2451 2452
f 2453 2448 2454
f 2455 2456 2457
f 2454 2458 2453
f 2457 2458 2455
f 2459 2458 2457
f 2451 2460 2452
f 2439 2434 2435
f 2435 2438 2460
f 2459 2453 2458
f 2461 2449 2448
f 2453 2461 2448
f 2451 2450 2449
f 2438 2452 2460
f 2462 2463 2464
f 2464 2444 2443
f 2465 2466 2462
f 2463 2444 2464
f 2464 2467 2462
f 2465 2468 2466
f 2467 2465 2462
f 2466 2468 2469
f 2470 2471 2472
f 2470 2473 2471
f 2469 2468 2472
f 2473 2474 2475
f 2476 2477 2475
f 2478 2473 2470
f 2470 2472 2479
f 2468 2479 2472
f 2476 2475 2474
f 2476 2480 2481
f 2476 2481 2477
f 2482 2483 2484
f 2485 2486 2487
f 2483 2485 2487
f 2480 2482 2481
f 2488 2482 2484
f 2487 2484 2483
f 2488 2481 2482
f 2489 2490 2491
f 2489 2492 2490
f 2490 2493 2491
f 2492 2487 2486
f 2486 2490 2492
f 2474 2473 2478
f 2457 2456 2494
f 2495 2496 2497
f 2497 2494 2495
f 2497 2496 2498
f 2495 2494 2456
f 2499 2500 2501
f 2500 2502 2503
f 2496 2499 2501
f 2503 2502 2504
f 2501 2498 2496
f 2503 2505 2500
f 2501 2500 2505
f 2506 2507 2508
f 2509 2510 2511
f 2511 2507 2506
f 2503 2504 2508
f 2504 2506 2508
f 2512 2510 2509
f 2513 2514 2515
f 2510 2512 2515
f 2509 2511 2506
f 2516 2513 2515
f 2513 2517 2514
f 2515 2512 2516
f 2517 2513 2518
f 2517 2518 2519
f 2520 2521 2522
f 2519 2522 2521
f 2523 2520 2522
f 2524 2520 2523
f 2524 2525 2520
f 2522 2519 2526
f 2518 2526 2519
f 2527 2528 2529
f 2530 2531 2532
f 2527 2533 2531
f 2534 2535 2536
f 2537 2535 2538
f 2535 2534 2538
f 2528 2537 2529
f 2539 2532 2540
f 2539 2530 2532
f 2540 2491 2539
f 2491 2493 2539
f 2531 2533 2541
f 2531 2541 2532
f 2527 2529 2533
f 2537 2538 2529
f 2536 2542 2543
f 2544 2545 2546
f 2547 2548 2549
f 2544 2549 2548
f 2550 2546 2545
f 2549 2544 2546
f 2545 2524 2550
f 2545 2525 2524
f 2547 2549 2551
f 2536 2543 2552
f 2534 2536 2552
f 2553 2554 2555
f 2553 2555 2542
f 2555 2554 2556
f 2542 2555 2543
f 2554 2547 2556
f 2547 2551 2556
f 1594 2557 2558
f 2559 2560 2557
f 2561 2559 2562
f 2562 2563 2564
f 2565 2566 2567
f 2563 2566 2568
f 1589 2569 2570
f 2570 2571 2567
f 1579 2572 1580
f 2573 2574 2575
f 2576 2575 2572
f 2576 2572 1579
f 2577 2573 2575
f 2575 2576 2577
f 2578 2574 2579
f 2574 2573 2579
f 2580 2581 2582
f 1573 1574 2583
f 2584 2583 2581
f 2582 2579 2580
f 2581 2585 2584
f 2583 2584 1573
f 2585 2581 2580
f 2578 2579 2582
f 2586 1562 2587
f 2588 2589 2590
f 2587 1562 1561
f 2591 2592 2588
f 2589 2588 2592
f 2586 2587 2592
f 2586 2592 2591
f 2589 2593 2590
f 2594 2595 2596
f 2597 1555 2598
f 2594 2598 2595
f 2599 2590 2593
f 2598 2594 2597
f 1555 2597 1557
f 2594 2596 2599
f 2596 2590 2599
f 2600 2601 1541
f 2600 2602 2603
f 2604 2605 2602
f 2604 2606 2607
f 2608 2609 2610
f 2606 2609 2611
f 1537 2612 2613
f 2613 2614 2610
f 1526 2615 1527
f 2616 2617 2618
f 2619 2618 2615
f 2619 2615 1526
f 2620 2616 2618
f 2618 2619 2620
f 2621 2617 2622
f 2617 2616 2622
f 2623 2624 2625
f 1520 1521 2626
f 2627 2626 2624
f 2625 2622 2623
f 2624 2628 2627
f 2626 2627 1520
f 2628 2624 2623
f 2621 2622 2625
f 2629 2630 1509
f 2631 2632 2633
f 2629 1509 1508
f 2634 2635 2632
f 2633 2632 2635
f 2630 2629 2635
f 2630 2635 2634
f 2633 2636 2631
f 2637 2638 2639
f 2639 2640 2637
f 2640 2641 1504
f 2642 2631 2636
f 2640 2639 2641
f 1504 2641 1505
f 2639 2638 2642
f 2638 2631 2642
f 2643 2644 1488
f 2645 2643 2646
f 2647 2646 2648
f 2648 2649 2650
f 2651 2652 2649
f 2653 2654 2651
f 2655 2653 2656
f 2657 2656 1484
f 2658 2659 1474
f 2660 2661 2662
f 2663 2662 2659
f 2658 1474 1473
f 2663 2660 2662
f 2659 2658 2663
f 2660 2664 2661
f 2664 2665 2661
f 2666 2667 2668
f 1469 1468 2669
f 2670 2669 2667
f 2671 2665 2664
f 2667 2666 2670
f 2669 2670 1469
f 2666 2668 2671
f 2668 2665 2671
f 2672 2673 1456
f 2674 2675 2676
f 2674 2676 2673
f 2672 1456 1455
f 2674 2677 2675
f 2673 2672 2674
f 2678 2679 2677
f 2679 2675 2677
f 2680 2681 2682
f 2680 2683 2681
f 1447 2683 2684
f 2685 2679 2678
f 2683 2680 2684
f 1447 2684 1450
f 2680 2682 2685
f 2682 2679 2685
f 2686 2687 1435
f 2688 2686 2689
f 2690 2689 2691
f 2691 2692 2693
f 2694 2695 2692
f 2696 2697 2694
f 2698 2696 2699
f 2700 2699 1430
f 2701 2702 1421
f 2703 2704 2705
f 2706 2705 2702
f 2701 1421 1420
f 2706 2703 2705
f 2702 2701 2706
f 2703 2707 2704
f 2707 2708 2704
f 2709 2710 2711
f 1416 1415 2712
f 2713 2712 2710
f 2714 2708 2707
f 2710 2709 2713
f 2712 2713 1416
f 2709 2711 2714
f 2711 2708 2714
f 2715 2716 2717
f 2715 2718 2716
f 2719 2718 2720
f 2721 1403 1402
f 2717 1403 2721
f 2715 2717 2721
f 2715 2720 2718
f 2720 2722 2719
f 2723 2724 2725
f 2726 1397 2727
f 2728 2727 2724
f 2725 2722 2723
f 2727 2728 2726
f 1397 2726 1396
f 2728 2724 2723
f 2719 2722 2725
f 2729 2730 2731
f 2732 2733 2734
f 2732 2734 2730
f 2735 2736 2737
f 2738 2739 2740
f 2738 2740 2736
f 2741 2737 2733
f 2742 2743 2744
f 2745 2746 2747
f 2748 2747 2743
f 2749 2750 2751
f 2752 2753 2754
f 2755 2754 2750
f 2756 2751 2746
f 2757 2744 2739
f 2731 1360 2729
f 2733 2732 2758
f 2732 2730 2729
f 2737 2741 2735
f 2739 2738 2759
f 2738 2736 2735
f 2741 2733 2758
f 2744 2757 2742
f 2747 2748 2745
f 2748 2743 2742
f 2751 2756 2749
f 2754 2755 2752
f 2753 2752 2760
f 2755 2750 2749
f 2756 2746 2745
f 2757 2739 2759
f 2760 2761 2753
f 2762 2763 2761
f 2764 2765 2766
f 2767 2766 2763
f 2768 2769 2770
f 2771 2772 2773
f 2774 2773 2769
f 2775 2770 2765
f 2776 2777 2778
f 2779 2780 2781
f 2782 2781 2777
f 2783 2784 2785
f 2786 2787 2788
f 2789 2788 2784
f 2790 2785 2780
f 2791 2778 2772
f 2767 2763 2762
f 2775 2765 2764
f 2767 2764 2766
f 2774 2769 2768
f 2791 2772 2771
f 2774 2771 2773
f 2775 2768 2770
f 2782 2777 2776
f 2779 2790 2780
f 2781 2782 2779
f 2776 2778 2791
f 2783 2785 2790
f 2786 2788 2789
f 1355 2787 2786
f 2783 2789 2784
f 1331 2787 1355
f 2760 2762 2761
f 2792 2793 1316
f 2794 2792 2795
f 2796 2795 2797
f 2797 2798 2799
f 2800 2801 2802
f 2803 2802 2804
f 1312 2805 2800
f 2806 2798 2803
f 2807 2808 1302
f 2809 2810 2811
f 2812 2811 2808
f 2807 1302 1301
f 2812 2809 2811
f 2808 2807 2812
f 2809 2813 2810
f 2813 2814 2810
f 2815 2816 2817
f 1297 1296 2818
f 2819 2818 2816
f 2820 2814 2813
f 2816 2815 2819
f 2818 2819 1297
f 2815 2817 2820
f 2817 2814 2820
f 2821 1284 2822
f 2823 2824 2825
f 2825 2821 2823
f 2822 1284 1283
f 2823 2826 2824
f 2821 2822 2823
f 2827 2828 2826
f 2828 2824 2826
f 2829 2830 2831
f 2832 2833 2829
f 2833 2834 1279
f 2830 2827 2831
f 2832 2834 2833
f 1280 1279 2834
f 2832 2829 2831
f 2828 2827 2830
f 2835 1242 2836
f 2837 2838 2839
f 2838 2835 2836
f 2840 2841 2842
f 2843 2844 2845
f 2844 2840 2846
f 2841 2837 2842
f 2847 2848 2849
f 2850 2851 2847
f 2849 2848 2843
f 2852 2853 2854
f 2855 2856 2857
f 2852 2857 2853
f 2858 2854 2859
f 2859 2851 2860
f 2836 1242 1241
f 2861 2837 2839
f 2836 2839 2838
f 2846 2840 2842
f 2845 2844 2862
f 2846 2862 2844
f 2861 2842 2837
f 2850 2847 2849
f 2860 2863 2859
f 2851 2850 2860
f 2849 2843 2845
f 2858 2859 2863
f 2855 2857 2852
f 2864 2856 2855
f 2858 2852 2854
f 2864 2865 2866
f 2866 2856 2864
f 2867 2868 2869
f 2870 2867 2871
f 2872 2873 2874
f 2875 2876 2877
f 2878 2873 2879
f 2877 2878 2879
f 2880 2874 2870
f 2881 2882 2883
f 2884 2885 2882
f 2886 2887 2888
f 2889 2890 2887
f 2891 1212 2892
f 2893 2892 2886
f 2890 2889 2885
f 2894 2883 2876
f 2869 2866 2865
f 2870 2871 2895
f 2871 2867 2869
f 2874 2880 2872
f 2877 2879 2875
f 2879 2873 2872
f 2880 2870 2895
f 2883 2894 2881
f 2882 2896 2884
f 2896 2882 2881
f 2887 2890 2888
f 2892 2893 2891
f 1212 2891 1211
f 2893 2886 2888
f 2890 2885 2884
f 2894 2876 2875
f 2868 2866 2869
f 2897 2898 2899
f 2900 2897 2899
f 2901 2902 2898
f 2900 2903 2904
f 2905 2903 2906
f 1200 1199 2902
f 2907 2908 2909
f 2910 2911 2912
f 2913 2914 2911
f 2915 2916 2917
f 2912 2918 2910
f 2908 2914 2913
f 2916 2907 2919
f 2906 2915 2920
f 2903 2905 2904
f 2904 2897 2900
f 2921 1200 2902
f 2898 2897 2901
f 2921 2902 2901
f 2906 2920 2905
f 2917 2916 2919
f 2908 2922 2909
f 2909 2919 2907
f 2920 2915 2917
f 2922 2908 2913
f 2913 2911 2923
f 2910 2918 2924
f 2910 2923 2911
f 2925 2924 2918
f 2918 2926 2925
f 1143 1170 2927
f 2928 2929 2930
f 2931 2932 2933
f 2928 2932 2929
f 2934 2935 2930
f 2936 2937 2938
f 2934 2937 2939
f 2940 2931 2941
f 2942 2943 2944
f 2945 2946 2947
f 2946 2948 2949
f 2950 2927 2951
f 2952 2947 2953
f 2952 2953 2950
f 2954 2938 2943
f 2949 2955 2944
f 2925 2926 2941
f 2931 2933 2956
f 2937 2957 2939
f 2932 2928 2933
f 2928 2930 2935
f 2956 2941 2931
f 2935 2934 2939
f 2936 2957 2937
f 2947 2952 2945
f 2954 2943 2942
f 2949 2948 2955
f 2955 2942 2944
f 2958 2952 2950
f 2946 2945 2948
f 2950 2951 2958
f 2938 2954 2936
f 2927 1170 2951
f 2941 2926 2940
f 2959 2960 2961
f 2962 1137 2963
f 2964 2965 2966
f 2967 2968 2963
f 2960 2966 2969
f 2970 2967 2959
f 2971 2972 2973
f 2974 2975 2976
f 2977 2978 2979
f 2975 2979 2976
f 2980 2981 2982
f 2964 2972 2983
f 2973 2974 2984
f 2963 2968 2962
f 2962 1136 1137
f 2970 2959 2961
f 2967 2970 2968
f 2969 2966 2965
f 2960 2969 2961
f 2973 2984 2971
f 2971 2983 2972
f 2979 2978 2976
f 2976 2984 2974
f 2965 2964 2983
f 2985 2986 2987
f 2980 2985 2987
f 2986 2978 2977
f 2987 2981 2980
f 2977 2987 2986
f 2982 2988 2980
f 1103 1104 2989
f 2990 2991 2992
f 2993 2994 2995
f 2996 2997 2998
f 2999 3000 3001
f 3002 2997 2995
f 2999 2994 2993
f 2991 2996 3003
f 3004 3005 3006
f 3007 3008 3009
f 3005 3007 3010
f 3011 3012 3013
f 3014 3015 2989
f 3012 3014 3016
f 3008 3011 3009
f 3000 3004 3017
f 2988 2982 2992
f 3003 3018 2991
f 2992 2991 3018
f 3002 2998 2997
f 3001 2994 2999
f 3002 2995 2994
f 3003 2996 2998
f 3006 3017 3004
f 3019 3010 3007
f 3006 3005 3010
f 3013 3009 3011
f 3016 3020 3012
f 2989 3016 3014
f 3013 3012 3020
f 3019 3007 3009
f 3001 3000 3017
f 3015 1103 2989
f 2992 2982 2990
f 3021 1044 3022
f 3023 3021 3022
f 3024 3025 3026
f 3027 3025 3024
f 3028 3026 3029
f 3028 3030 3031
f 3023 3032 3027
f 3033 3031 3034
f 3035 3036 3037
f 3036 3033 3034
f 3038 3039 3040
f 3039 3041 3042
f 3043 3035 3044
f 3045 3038 3046
f 3023 3022 3032
f 3027 3032 3047
f 3022 1044 1043
f 3026 3025 3029
f 3028 3048 3030
f 3048 3028 3029
f 3047 3025 3027
f 3049 3043 3044
f 3035 3037 3044
f 3040 3039 3042
f 3040 3046 3038
f 3050 3042 3041
f 3037 3036 3034
f 3050 3043 3049
f 3041 3051 3050
f 3031 3030 3034
f 3051 3043 3050
f 3046 3052 3045
f 3053 3054 3055
f 3056 3057 3058
f 3059 3060 3061
f 3062 3059 3057
f 3063 3061 3060
f 3063 3064 3065
f 3058 3053 3066
f 3067 3065 3068
f 3069 3067 3070
f 3071 3072 3073
f 3071 3074 3075
f 3076 3077 3078
f 3075 3079 3077
f 3072 3069 3080
f 1014 3076 3081
f 3045 3052 3055
f 3066 3053 3055
f 3057 3056 3062
f 3082 3056 3058
f 3066 3082 3058
f 3063 3060 3064
f 3060 3059 3062
f 3067 3068 3070
f 3071 3073 3074
f 3080 3073 3072
f 3070 3080 3069
f 3078 3081 3076
f 1013 1014 3081
f 3074 3079 3075
f 3079 3078 3077
f 3068 3065 3064
f 3054 3045 3055
f 3083 3084 3085
f 3086 3085 3084
f 3087 3086 3084
f 3084 3088 3087
f 3083 3085 3089
f 3090 3091 3092
f 3090 3083 3091
f 3091 3083 3093
f 3083 3089 3093
f 3090 3092 3094
f 3095 3096 3088
f 3096 3095 3097
f 3097 3098 3099
f 3100 3098 3101
f 3098 3097 3095
f 3102 3100 3101
f 3103 3104 3102
f 3099 3098 3100
f 3102 3101 3103
f 3095 3088 3084
f 3105 3094 3106
f 3094 3105 3090
f 3105 3107 3108
f 3106 3107 3105
f 3108 3107 3109
f 3110 3111 3112
f 3110 3113 3114
f 3113 3108 3109
f 3113 3110 3108
f 3115 3116 3113
f 3117 3118 3119
f 3120 3121 3122
f 3120 3122 3123
f 3118 3121 3120
f 3116 3115 3124
f 3113 3116 3114
f 3119 3116 3124
f 3119 3124 3117
f 3118 3120 3119
f 3122 3125 3123
f 3111 3110 3114
f 3126 3127 3128
f 3129 3130 3131
f 3131 3130 3132
f 3126 3129 3133
f 3131 3134 3129
f 3135 3126 3136
f 3126 3133 3136
f 3128 3127 3137
f 3129 3134 3133
f 3136 3138 3139
f 3140 3141 3142
f 3141 3140 3143
f 3140 3144 3143
f 3144 3140 3145
f 3146 3147 3148
f 3130 3142 3132
f 3139 3138 3147
f 3142 3130 3140
f 3146 3148 3149
f 3150 3151 3152
f 3150 3153 3154
f 3153 3150 3152
f 3154 3153 3155
f 3151 3103 3152
f 3156 3157 3123
f 3158 3155 3157
f 3157 3155 3153
f 3158 3157 3156
f 3146 3149 3159
f 3159 3160 3161
f 3162 3160 3159
f 3139 3147 3146
f 3151 3104 3103
f 3163 3137 3127
f 3139 3135 3136
f 3137 3163 3103
f 3149 3162 3159
f 3126 3135 3127
f 3123 3125 3156
f 3144 3145 3164
f 3103 3101 3137
f 3165 3166 3167
f 3168 3169 3167
f 3168 3170 3169
f 3171 3167 3166
f 3165 3167 3172
f 3173 3174 3175
f 3174 3173 3176
f 3177 3176 3173
f 3177 3173 3165
f 3165 3172 3177
f 3168 3167 3171
f 3178 3179 3180
f 3178 3181 3170
f 3178 3170 3168
f 3180 3181 3178
f 3179 3182 3183
f 3182 3179 3184
f 3180 3179 3183
f 3171 3166 3111
f 3166 3112 3111
f 3185 3175 3186
f 3186 3175 3187
f 3185 3186 3188
f 3175 3174 3187
f 3185 3188 3189
f 3190 3185 3191
f 3192 3193 3190
f 3191 3192 3190
f 3185 3189 3191
f 3190 3193 3194
f 3194 3195 3196
f 3197 3198 3199
f 3200 3198 3197
f 3201 3196 3202
f 3200 3201 3203
f 3201 3200 3197
f 3203 3201 3202
f 3196 3195 3202
f 3198 3204 3199
f 3194 3196 3190
f 3182 3184 3205
f 3205 3184 3206
f 3207 3208 3209
f 3208 3207 3206
f 3209 3208 3210
f 3211 3212 3213
f 3210 3213 3212
f 3210 3214 3209
f 3210 3212 3214
f 3211 3213 3199
f 3184 3208 3206
f 3215 3197 3199
f 3216 3217 3218
f 3219 3215 3220
f 3197 3215 3219
f 3221 3222 3223
f 3223 3224 3225
f 3224 3223 3226
f 3217 3222 3227
f 3225 3221 3223
f 3228 3220 3216
f 3229 3228 3218
f 3228 3216 3218
f 3220 3230 3219
f 3218 3217 3231
f 3232 3229 3233
f 3220 3228 3230
f 3232 3234 3235
f 3232 3228 3229
f 3235 3234 3236
f 3234 3232 3233
f 3227 3222 3237
f 3217 3227 3231
f 3238 3239 3235
f 3239 3240 3241
f 3240 3239 3238
f 3239 3242 3243
f 3241 3242 3239
f 3243 3242 3244
f 3238 3235 3236
f 3222 3221 3237
f 3245 3224 3226
f 3199 3204 3211
f 3246 3161 3160
f 3164 3145 3247
f 3248 3249 3250
f 3249 3248 3247
f 3250 3249 3251
f 3145 3249 3247
f 3252 3253 3254
f 3255 3256 3251
f 3252 3254 3257
f 3251 3249 3255
f 3258 3255 3259
f 3255 3258 3256
f 3260 3259 3261
f 3259 3262 3258
f 3263 3264 3261
f 3265 3264 3266
f 3259 3260 3262
f 3263 3261 3267
f 3261 3264 3260
f 3257 3265 3266
f 3268 3267 3269
f 3161 3270 3271
f 3161 3246 3270
f 3253 3271 3272
f 3253 3252 3271
f 3272 3271 3270
f 3263 3266 3264
f 3268 3269 3273
f 3274 3273 3275
f 3267 3268 3263
f 3257 3266 3252
f 3276 3277 3278
f 3278 3279 3276
f 3280 3278 3277
f 3277 3274 3280
f 3276 3279 3281
f 3282 3281 3283
f 3281 3282 3276
f 3282 3284 3285
f 3283 3284 3282
f 3280 3274 3286
f 3287 3285 3284
f 3275 3273 3269
f 3288 3289 3290
f 3289 3288 3275
f 3291 3289 3292
f 3289 3291 3290
f 3291 3292 3293
f 3286 3274 3294
f 3295 3293 3292
f 3294 3275 3288
f 3292 3296 3295
f 3294 3274 3275
f 3297 3298 3296
f 3299 3296 3300
f 3296 3299 3297
f 3299 3300 3301
f 3298 3295 3296
f 3300 3302 3303
f 3303 3301 3300
f 3302 3304 3305
f 3304 3302 3300
f 3305 3304 3306
f 3307 3285 3308
f 3287 3308 3285
f 3309 3310 3311
f 3312 3309 3307
f 3307 3308 3312
f 3311 3307 3309
f 3313 3314 3315
f 3316 3317 3314
f 3315 3311 3318
f 3310 3318 3311
f 3319 3320 3321
f 3322 3306 3323
f 3323 3306 3304
f 3322 3323 3321
f 3319 3321 3323
f 3313 3315 3324
f 3313 3319 3316
f 3319 3313 3320
f 3316 3314 3313
f 3324 3315 3318
f 3317 3316 3325
f 3326 3327 3328
f 3329 3330 3331
f 3332 3333 3330
f 3332 3327 3333
f 3245 3226 3334
f 3335 3336 3337
f 3337 3336 3334
f 3338 3335 3337
f 3338 3326 3339
f 3340 3341 3342
f 3341 3340 3343
f 3344 3343 3340
f 3345 3346 3344
f 3347 3342 3348
f 3348 3349 3347
f 3350 3348 3342
f 3342 3341 3350
f 3347 3349 3331
f 3345 3344 3340
f 3226 3337 3334
f 3329 3331 3351
f 3352 3338 3339
f 3338 3352 3335
f 3353 3354 3355
f 3243 3356 3353
f 3244 3356 3243
f 3357 3358 3353
f 3353 3358 3354
f 3357 3353 3356
f 3354 3359 3355
f 3360 3328 3361
f 3326 3328 3362
f 3363 3360 3364
f 3339 3326 3362
f 3361 3327 3332
f 3365 3355 3359
f 3355 3365 3364
f 3363 3364 3365
f 3360 3361 3364
f 3327 3361 3328
f 3330 3329 3332
f 3331 3349 3366
f 3367 3368 3369
f 3370 3371 3372
f 3373 3371 3374
f 3371 3370 3369
f 3375 3369 3370
f 3345 3368 3376
f 3367 3377 3368
f 3375 3367 3369
f 3368 3377 3376
f 3372 3371 3373
f 3373 3378 3379
f 3374 3378 3373
f 3374 3325 3378
f 3373 3379 3380
f 3380 3379 3381
f 3382 3383 3384
f 3383 3382 3381
f 3384 3383 3385
f 3379 3383 3381
f 3374 3317 3325
f 3386 3351 3331
f 3387 3388 3389
f 3386 3387 3351
f 3387 3389 3351
f 3389 3388 3390
f 3390 3391 3389
f 3391 3390 3392
f 3391 3392 3393
f 3393 3394 3391
f 3386 3331 3366
f 3395 3396 3397
f 3385 3397 3398
f 3399 3396 3395
f 3398 3384 3385
f 3385 3395 3397
f 3400 3401 3394
f 3402 3395 3394
f 3395 3402 3399
f 3402 3394 3401
f 3400 3394 3393
f 3376 3346 3345
f 3403 3404 3405
f 1003 3403 1009
f 3406 3407 3408
f 3409 3410 3411
f 3407 3409 3412
f 3404 3406 3413
f 3414 3415 3416
f 3417 3418 3419
f 3415 3417 3420
f 3421 3422 3423
f 3424 3425 3426
f 3422 3424 3427
f 3418 3421 3428
f 3410 3414 3411
f 3405 3404 3413
f 3403 3405 1009
f 3408 3407 3429
f 3412 3409 3411
f 3407 3412 3429
f 3406 3408 3413
f 3416 3415 3420
f 3418 3430 3419
f 3419 3420 3417
f 3411 3414 3416
f 3430 3418 3428
f 3423 3422 3427
f 3427 3424 3426
f 3421 3423 3428
f 3431 3426 3425
f 3425 3432 3431
f 944 971 3433
f 3434 3435 3436
f 3437 3438 3439
f 3435 3437 3440
f 3441 3442 3443
f 3444 3445 3446
f 3442 3444 3447
f 3438 3441 3448
f 3449 3450 3451
f 3452 3453 3454
f 3450 3452 3455
f 3456 3457 3458
f 3459 3460 3433
f 3457 3459 3461
f 3453 3456 3462
f 3445 3449 3463
f 3431 3432 3464
f 3440 3436 3435
f 3464 3434 3436
f 3448 3439 3438
f 3447 3443 3442
f 3448 3441 3443
f 3440 3437 3439
f 3463 3446 3445
f 3455 3451 3450
f 3463 3449 3451
f 3462 3454 3453
f 3461 3458 3457
f 3433 3461 3459
f 3462 3456 3458
f 3455 3452 3454
f 3447 3444 3446
f 3460 944 3433
f 3464 3432 3434
f 3465 3466 928
f 3467 3468 3469
f 3470 3469 3466
f 3471 3472 3473
f 3474 3475 3476
f 3477 3476 3472
f 3478 3473 3468
f 3465 928 927
f 3467 3469 3470
f 3465 3470 3466
f 3478 3471 3473
f 3468 3467 3478
f 3477 3472 3471
f 3474 3476 3477
f 3475 3474 3479
f 3475 3479 3480
f 3481 3482 3483
f 3484 3485 3486
f 3487 3486 3482
f 3488 3489 3490
f 923 914 3491
f 3492 3491 3489
f 3493 3490 3485
f 3494 3480 3479
f 3482 3481 3487
f 3481 3483 3494
f 3485 3484 3493
f 3489 3488 3492
f 3491 3492 923
f 3488 3490 3493
f 3484 3486 3487
f 3483 3480 3494
f 3495 3496 3497
f 3495 3498 3496
f 3499 3498 3495
f 3500 3497 3496
f 3501 3500 3502
f 3502 3503 3501
f 3501 3497 3500
f 3504 3503 3502
f 3505 3506 3507
f 3505 3508 3509
f 3510 3509 3508
f 3508 3505 3511
f 3512 3499 3495
f 3505 3507 3511
f 3512 3507 3499
f 3507 3506 3499
f 3513 3504 3514
f 3503 3504 3513
f 3515 3513 3514
f 3516 3515 3514
f 3517 3516 3514
f 3518 3516 3517
f 3519 3520 3518
f 3521 3516 3518
f 3520 3519 3522
f 3523 3524 3522
f 3519 3525 3522
f 3523 3522 3525
f 3526 3527 3528
f 3523 3528 3527
f 3523 3527 3524
f 3521 3518 3520
f 3529 3530 3510
f 3509 3510 3530
f 3531 3529 3510
f 3532 3529 3533
f 3529 3531 3533
f 3534 3535 3536
f 3537 3533 3534
f 3532 3533 3537
f 3538 3536 3535
f 3538 3539 3536
f 3539 3538 3540
f 3541 3540 3538
f 3542 3543 3544
f 3540 3541 3544
f 3540 3544 3543
f 3537 3534 3536
f 3545 3546 3547
f 3548 3546 3549
f 3549 3546 3545
f 3527 3526 3550
f 3526 3547 3550
f 3551 3547 3526
f 3551 3545 3547
f 3549 3552 3548
f 3553 3542 3554
f 3542 3553 3555
f 3555 3543 3542
f 3556 3553 3554
f 3557 3556 3552
f 3549 3558 3552
f 3557 3552 3558
f 3557 3553 3556
f 3559 3560 894
f 3561 3562 3563
f 3564 3563 3560
f 3565 3566 3567
f 3568 3569 3570
f 3571 3570 3566
f 3572 3567 3562
f 3559 894 893
f 3561 3563 3564
f 3559 3564 3560
f 3572 3565 3567
f 3562 3561 3572
f 3571 3566 3565
f 3568 3570 3571
f 3569 3568 3573
f 3569 3573 3574
f 3575 3576 3577
f 3578 3579 3580
f 3581 3580 3576
f 3582 3583 3584
f 889 880 3585
f 3586 3585 3583
f 3587 3584 3579
f 3588 3574 3573
f 3576 3575 3581
f 3575 3577 3588
f 3579 3578 3587
f 3583 3582 3586
f 3585 3586 889
f 3582 3584 3587
f 3578 3580 3581
f 3577 3574 3588
f 859 3589 860
f 3590 3591 3592
f 3593 3592 3589
f 3594 3595 3596
f 3597 3598 3599
f 3600 3599 3595
f 3594 3596 3591
f 3593 3589 859
f 3590 3592 3601
f 3593 3601 3592
f 3594 3602 3595
f 3591 3590 3594
f 3600 3595 3602
f 3597 3599 3600
f 3597 3603 3604
f 3597 3604 3598
f 3605 3606 3607
f 3608 3609 3610
f 3611 3610 3606
f 3612 3613 3614
f 3615 846 3616
f 3615 3616 3613
f 3617 3614 3609
f 3618 3604 3603
f 3606 3605 3611
f 3605 3607 3618
f 3609 3608 3617
f 3613 3612 3615
f 846 3615 845
f 3612 3614 3617
f 3608 3610 3611
f 3607 3604 3618
f 3619 3620 3621
f 3619 3621 3622
f 3619 3622 3623
f 3624 3625 3626
f 3625 3620 3626
f 3627 3620 3625
f 3627 3621 3620
f 3622 3628 3623
f 3629 3630 3631
f 3629 3632 3633
f 3634 3633 3632
f 3632 3629 3635
f 3636 3628 3622
f 3629 3631 3635
f 3636 3631 3628
f 3631 3630 3628
f 3637 3624 3638
f 3624 3637 3639
f 3639 3625 3624
f 3640 3637 3638
f 3640 3641 3642
f 3640 3642 3643
f 3644 3642 3641
f 3643 3637 3640
f 3645 3644 3646
f 3647 3648 3646
f 3644 3647 3646
f 3649 3648 3647
f 3650 3651 3652
f 3648 3649 3652
f 3648 3652 3651
f 3642 3644 3645
f 3653 3634 3654
f 3632 3654 3634
f 3655 3653 3654
f 3656 3653 3655
f 3656 3655 3657
f 3658 3659 3660
f 3658 3656 3657
f 3660 3656 3658
f 3659 3661 3662
f 3660 3659 3662
f 3659 3663 3661
f 3664 3661 3663
f 3665 3664 3666
f 3664 3665 3667
f 3667 3661 3664
f 3668 3665 3666
f 3669 3670 3671
f 3672 3670 3673
f 3673 3670 3674
f 3652 3675 3650
f 3669 3650 3675
f 3671 3650 3669
f 3669 3674 3670
f 3673 3676 3672
f 3677 3678 3679
f 3677 3668 3680
f 3666 3680 3668
f 3668 3677 3679
f 3673 3681 3676
f 3678 3681 3682
f 3678 3682 3679
f 3678 3676 3681
f 3683 3684 826
f 3685 3686 3687
f 3688 3687 3684
f 3689 3690 3691
f 3692 3693 3694
f 3695 3694 3690
f 3696 3691 3686
f 3683 826 825
f 3685 3687 3688
f 3683 3688 3684
f 3696 3689 3691
f 3686 3685 3696
f 3695 3690 3689
f 3692 3694 3695
f 3693 3692 3697
f 3693 3697 3698
f 3699 3700 3701
f 3702 3703 3704
f 3705 3704 3700
f 3706 3707 3708
f 821 812 3709
f 3710 3709 3707
f 3711 3708 3703
f 3712 3698 3697
f 3700 3699 3705
f 3699 3701 3712
f 3703 3702 3711
f 3707 3706 3710
f 3709 3710 821
f 3706 3708 3711
f 3702 3704 3705
f 3701 3698 3712
f 3713 3714 792
f 3715 3716 3717
f 3718 3717 3714
f 3719 3720 3721
f 3722 3723 3724
f 3725 3724 3720
f 3726 3721 3716
f 3713 792 791
f 3715 3717 3718
f 3713 3718 3714
f 3726 3719 3721
f 3716 3715 3726
f 3725 3720 3719
f 3722 3724 3725
f 3723 3722 3727
f 3723 3727 3728
f 3729 3730 3731
f 3732 3733 3734
f 3735 3734 3730
f 3736 3737 3738
f 787 778 3739
f 3740 3739 3737
f 3741 3738 3733
f 3742 3728 3727
f 3730 3729 3735
f 3729 3731 3742
f 3733 3732 3741
f 3737 3736 3740
f 3739 3740 787
f 3736 3738 3741
f 3732 3734 3735
f 3731 3728 3742
f 3743 3744 3745
f 3743 3746 3744
f 3747 3746 3743
f 3748 3745 3744
f 3749 3748 3750
f 3750 3751 3749
f 3749 3745 3748
f 3752 3751 3750
f 3753 3754 3755
f 3753 3756 3757
f 3758 3757 3756
f 3756 3753 3759
f 3760 3747 3743
f 3753 3755 3759
f 3760 3755 3747
f 3755 3754 3747
f 3761 3752 3762
f 3751 3752 3761
f 3763 3761 3762
f 3764 3763 3762
f 3765 3764 3762
f 3766 3764 3765
f 3767 3768 3766
f 3769 3764 3766
f 3768 3767 3770
f 3771 3772 3770
f 3767 3773 3770
f 3771 3770 3773
f 3774 3775 3776
f 3771 3776 3775
f 3771 3775 3772
f 3769 3766 3768
f 3777 3778 3758
f 3757 3758 3778
f 3779 3777 3758
f 3780 3777 3781
f 3777 3779 3781
f 3782 3783 3784
f 3785 3781 3782
f 3780 3781 3785
f 3786 3784 3783
f 3786 3787 3784
f 3787 3786 3788
f 3789 3788 3786
f 3790 3791 3792
f 3788 3789 3792
f 3788 3792 3791
f 3785 3782 3784
f 3793 3794 3795
f 3796 3794 3797
f 3797 3794 3793
f 3775 3774 3798
f 3774 3795 3798
f 3799 3795 3774
f 3799 3793 3795
f 3797 3800 3796
f 3801 3790 3802
f 3790 3801 3803
f 3803 3791 3790
f 3804 3801 3802
f 3805 3804 3800
f 3797 3806 3800
f 3805 3800 3806
f 3805 3801 3804
f 3807 3808 758
f 3809 3810 3811
f 3812 3811 3808
f 3813 3814 3815
f 3816 3817 3818
f 3819 3818 3814
f 3820 3815 3810
f 3807 758 757
f 3809 3811 3812
f 3807 3812 3808
f 3820 3813 3815
f 3810 3809 3820
f 3819 3814 3813
f 3816 3818 3819
f 3817 3816 3821
f 3817 3821 3822
f 3823 3824 3825
f 3826 3827 3828
f 3829 3828 3824
f 3830 3831 3832
f 753 744 3833
f 3834 3833 3831
f 3835 3832 3827
f 3836 3822 3821
f 3824 3823 3829
f 3823 3825 3836
f 3827 3826 3835
f 3831 3830 3834
f 3833 3834 753
f 3830 3832 3835
f 3826 3828 3829
f 3825 3822 3836
f 3837 3838 724
f 3839 3840 3841
f 3842 3841 3838
f 3843 3844 3845
f 3846 3847 3848
f 3849 3848 3844
f 3843 3845 3840
f 3837 724 723
f 3839 3841 3842
f 3837 3842 3838
f 3843 3850 3844
f 3840 3839 3843
f 3849 3844 3850
f 3846 3848 3849
f 3846 3851 3852
f 3846 3852 3847
f 3853 3854 3855
f 3856 3857 3858
f 3859 3858 3854
f 3860 3861 3862
f 709 710 3863
f 3864 3863 3861
f 3856 3862 3857
f 3865 3852 3851
f 3854 3853 3859
f 3853 3855 3865
f 3862 3856 3860
f 3861 3866 3864
f 3863 3864 709
f 3866 3861 3860
f 3856 3858 3859
f 3855 3852 3865
f 3867 3868 3869
f 3867 3869 3870
f 3867 3870 3871
f 3872 3873 3874
f 3873 3868 3874
f 3875 3868 3873
f 3875 3869 3868
f 3876 3877 3871
f 3878 3879 3880
f 3878 3881 3882
f 3883 3882 3881
f 3881 3878 3884
f 3876 3871 3870
f 3878 3880 3884
f 3876 3880 3877
f 3880 3879 3877
f 3872 3885 3886
f 3886 3887 3872
f 3872 3874 3885
f 3888 3887 3886
f 3889 3890 3891
f 3889 3891 3888
f 3892 3893 3890
f 3888 3886 3889
f 3892 3894 3893
f 3894 3895 3896
f 3894 3896 3893
f 3897 3895 3894
f 3898 3899 3900
f 3895 3897 3900
f 3895 3900 3899
f 3891 3890 3893
f 3901 3883 3902
f 3882 3883 3901
f 3903 3901 3902
f 3904 3903 3905
f 3903 3902 3905
f 3906 3907 3908
f 3908 3905 3906
f 3904 3905 3908
f 3907 3909 3910
f 3908 3907 3910
f 3907 3911 3909
f 3912 3909 3911
f 3913 3914 3915
f 3914 3913 3912
f 3912 3911 3914
f 3916 3913 3915
f 3917 3918 3919
f 3920 3921 3917
f 3917 3921 3918
f 3900 3922 3898
f 3923 3898 3922
f 3919 3898 3923
f 3923 3917 3919
f 3920 3924 3921
f 3925 3926 3927
f 3925 3928 3916
f 3913 3916 3928
f 3928 3925 3927
f 3920 3929 3924
f 3926 3929 3930
f 3926 3930 3927
f 3926 3924 3929
f 3931 3932 690
f 3933 3934 3935
f 3936 3935 3932
f 3937 3938 3939
f 3940 3941 3942
f 3943 3942 3938
f 3944 3939 3934
f 3931 690 689
f 3933 3935 3936
f 3931 3936 3932
f 3944 3937 3939
f 3934 3933 3944
f 3943 3938 3937
f 3940 3942 3943
f 3941 3940 3945
f 3941 3945 3946
f 3947 3948 3949
f 3950 3951 3952
f 3953 3952 3948
f 3954 3955 3956
f 685 676 3957
f 3958 3957 3955
f 3959 3956 3951
f 3960 3946 3945
f 3948 3947 3953
f 3947 3949 3960
f 3951 3950 3959
f 3955 3954 3958
f 3957 3958 685
f 3954 3956 3959
f 3950 3952 3953
f 3949 3946 3960
f 3961 3962 656
f 3963 3964 3965
f 3966 3965 3962
f 3967 3968 3969
f 3970 3971 3972
f 3973 3972 3968
f 3974 3969 3964
f 3961 656 655
f 3963 3965 3966
f 3961 3966 3962
f 3974 3967 3969
f 3964 3963 3974
f 3973 3968 3967
f 3970 3972 3973
f 3971 3970 3975
f 3971 3975 3976
f 3977 3978 3979
f 3980 3981 3982
f 3983 3982 3978
f 3984 3985 3986
f 651 642 3987
f 3988 3987 3985
f 3989 3986 3981
f 3990 3976 3975
f 3978 3977 3983
f 3977 3979 3990
f 3981 3980 3989
f 3985 3984 3988
f 3987 3988 651
f 3984 3986 3989
f 3980 3982 3983
f 3979 3976 3990
f 3991 3992 3993
f 3994 3991 3995
f 3994 3995 3996
f 3997 3998 3999
f 3993 3999 3998
f 3992 3999 3993
f 3993 3995 3991
f 4000 4001 3994
f 4002 4003 4004
f 4002 4005 4006
f 4007 4006 4005
f 4005 4002 4008
f 4000 3994 3996
f 4002 4004 4008
f 4004 4003 4000
f 4003 4001 4000
f 4009 3997 4010
f 3997 4009 4011
f 4011 3998 3997
f 4012 4009 4010
f 4012 4013 4014
f 4012 4014 4015
f 4016 4015 4014
f 4012 4010 4013
f 4017 4016 4018
f 4019 4020 4018
f 4016 4021 4018
f 4019 4018 4021
f 4022 4023 4024
f 4019 4024 4023
f 4019 4023 4020
f 4015 4016 4017
f 4025 4026 4007
f 4006 4007 4026
f 4027 4025 4007
f 4028 4025 4029
f 4025 4027 4029
f 4030 4031 4032
f 4030 4028 4029
f 4032 4028 4030
f 4031 4033 4034
f 4032 4031 4034
f 4031 4035 4033
f 4036 4033 4035
f 4036 4037 4038
f 4038 4039 4036
f 4036 4035 4037
f 4040 4039 4038
f 4041 4042 4043
f 4044 4045 4046
f 4046 4045 4042
f 4024 4047 4022
f 4041 4022 4047
f 4043 4022 4041
f 4041 4046 4042
f 4048 4049 4045
f 4050 4051 4052
f 4050 4040 4053
f 4038 4053 4040
f 4040 4050 4052
f 4044 4048 4045
f 4051 4048 4054
f 4051 4054 4052
f 4051 4049 4048
f 4055 4056 622
f 4057 4058 4059
f 4060 4059 4056
f 4061 4062 4063
f 4064 4065 4066
f 4067 4066 4062
f 4068 4063 4058
f 4055 622 621
f 4057 4059 4060
f 4055 4060 4056
f 4068 4061 4063
f 4058 4057 4068
f 4067 4062 4061
f 4064 4066 4067
f 4065 4064 4069
f 4065 4069 4070
f 4071 4072 4073
f 4074 4075 4076
f 4077 4076 4072
f 4078 4079 4080
f 617 608 4081
f 4082 4081 4079
f 4083 4080 4075
f 4084 4070 4069
f 4072 4071 4077
f 4071 4073 4084
f 4075 4074 4083
f 4079 4078 4082
f 4081 4082 617
f 4078 4080 4083
f 4074 4076 4077
f 4073 4070 4084
f 4085 4086 588
f 4087 4088 4089
f 4090 4089 4086
f 4091 4092 4093
f 4094 4095 4096
f 4097 4096 4092
f 4091 4093 4088
f 4085 588 587
f 4087 4089 4090
f 4085 4090 4086
f 4091 4098 4092
f 4088 4087 4091
f 4097 4092 4098
f 4094 4096 4097
f 4094 4099 4100
f 4094 4100 4095
f 4101 4102 4103
f 4104 4105 4106
f 4107 4106 4102
f 4108 4109 4110
f 573 574 4111
f 4112 4111 4109
f 4104 4110 4105
f 4113 4100 4099
f 4102 4101 4107
f 4101 4103 4113
f 4110 4104 4108
f 4109 4114 4112
f 4111 4112 573
f 4114 4109 4108
f 4104 4106 4107
f 4103 4100 4113
f 4115 4116 4117
f 4115 4117 4118
f 4115 4118 4119
f 4120 4121 4122
f 4121 4116 4122
f 4123 4116 4121
f 4123 4117 4116
f 4124 4125 4119
f 4126 4127 4128
f 4126 4129 4130
f 4131 4130 4129
f 4129 4126 4132
f 4124 4119 4118
f 4126 4128 4132
f 4124 4128 4125
f 4128 4127 4125
f 4120 4133 4134
f 4134 4135 4120
f 4120 4122 4133
f 4136 4135 4134
f 4137 4138 4139
f 4137 4139 4136
f 4140 4141 4138
f 4136 4134 4137
f 4140 4142 4141
f 4142 4143 4144
f 4142 4144 4141
f 4145 4143 4142
f 4146 4147 4148
f 4143 4145 4148
f 4143 4148 4147
f 4139 4138 4141
f 4149 4131 4150
f 4130 4131 4149
f 4151 4149 4150
f 4152 4151 4153
f 4151 4150 4153
f 4154 4155 4156
f 4154 4152 4153
f 4157 4152 4154
f 4155 4158 4156
f 4157 4154 4156
f 4155 4159 4158
f 4160 4158 4159
f 4161 4162 4163
f 4162 4161 4160
f 4160 4159 4162
f 4164 4161 4163
f 4165 4166 4167
f 4168 4169 4165
f 4165 4169 4166
f 4148 4170 4146
f 4171 4146 4170
f 4167 4146 4171
f 4171 4165 4167
f 4172 4173 4169
f 4174 4175 4176
f 4174 4177 4164
f 4161 4164 4177
f 4177 4174 4176
f 4168 4172 4169
f 4175 4172 4178
f 4175 4178 4176
f 4175 4173 4172
f 4179 4180 554
f 4181 4182 4183
f 4184 4183 4180
f 4185 4186 4187
f 4188 4189 4190
f 4191 4190 4186
f 4192 4187 4182
f 4179 554 553
f 4181 4183 4184
f 4179 4184 4180
f 4192 4185 4187
f 4182 4181 4192
f 4191 4186 4185
f 4188 4190 4191
f 4189 4188 4193
f 4189 4193 4194
f 4195 4196 4197
f 4198 4199 4200
f 4201 4200 4196
f 4202 4203 4204
f 549 540 4205
f 4206 4205 4203
f 4207 4204 4199
f 4208 4194 4193
f 4196 4195 4201
f 4195 4197 4208
f 4199 4198 4207
f 4203 4202 4206
f 4205 4206 549
f 4202 4204 4207
f 4198 4200 4201
f 4197 4194 4208
f 4209 4210 4211
f 530 4209 4212
f 4213 4214 4215
f 4216 4217 4218
f 4214 4216 4219
f 4210 4213 4215
f 4220 4221 4222
f 4223 4224 4225
f 4221 4223 4226
f 4227 4228 4229
f 4230 4231 4232
f 4228 4232 4233
f 4224 4227 4225
f 4212 529 530
f 4210 4215 4211
f 4209 4211 4212
f 4218 4234 4216
f 4219 4216 4234
f 4219 4215 4214
f 4235 4236 4218
f 4236 4235 4220
f 4221 4226 4222
f 4226 4223 4237
f 4225 4237 4223
f 4236 4220 4222
f 4225 4227 4238
f 4238 4227 4229
f 4228 4233 4229
f 4217 4235 4218
f 4231 4233 4232
f 4239 501 4240
f 4241 4242 4243
f 4244 4243 4245
f 4246 4247 4248
f 4249 4250 4247
f 4248 4251 4252
f 4253 4254 4251
f 4250 4249 4245
f 4255 4253 4256
f 4257 4256 4258
f 4259 4260 4261
f 4262 4263 4264
f 4263 4265 4264
f 4266 4261 4265
f 4267 4258 4260
f 4268 4262 4240
f 4230 4269 4231
f 4242 4241 4269
f 4248 4252 4270
f 4244 4245 4249
f 4249 4247 4246
f 4241 4243 4244
f 4246 4248 4270
f 4252 4251 4254
f 4258 4267 4257
f 4254 4253 4255
f 4255 4256 4257
f 4267 4260 4259
f 4271 4263 4262
f 4261 4266 4259
f 4262 4268 4271
f 4265 4263 4266
f 4240 501 4268
f 4269 4230 4242
f 4272 4273 4274
f 4275 463 4273
f 4276 4277 4278
f 4279 4280 4281
f 4277 4280 4282
f 4274 4276 4278
f 4283 4284 4285
f 4286 4287 4288
f 4289 4290 4291
f 4290 4292 4291
f 4286 4288 4292
f 4293 4285 4287
f 4289 4294 4295
f 462 463 4275
f 4272 4275 4273
f 4274 4278 4272
f 4282 4278 4277
f 4279 4296 4280
f 4282 4280 4296
f 4297 4298 4279
f 4297 4284 4298
f 4287 4299 4293
f 4283 4298 4284
f 4286 4299 4287
f 4283 4285 4293
f 4286 4292 4300
f 4300 4292 4290
f 4289 4301 4290
f 4281 4297 4279
f 4295 4301 4289
f 4302 433 4303
f 4304 4305 4306
f 4307 4308 4309
f 4308 4310 4311
f 4312 4304 4313
f 4309 4312 4307
f 4314 4305 4315
f 4316 4311 4317
f 4318 4319 4320
f 4321 4320 4322
f 4323 4324 4325
f 4325 4326 4327
f 4328 4323 4329
f 4330 4329 4303
f 4331 4315 4319
f 4322 4327 4321
f 4295 4294 4317
f 4308 4307 4310
f 4311 4332 4317
f 4333 4304 4306
f 4332 4311 4310
f 4313 4304 4333
f 4312 4313 4307
f 4319 4318 4331
f 4318 4320 4321
f 4327 4326 4334
f 4323 4328 4324
f 4321 4327 4334
f 4324 4326 4325
f 4328 4329 4330
f 4314 4306 4305
f 4315 4331 4314
f 4303 433 4330
f 4317 4294 4316
f 4335 4336 388
f 4337 4338 4339
f 4340 4339 4336
f 4341 4342 4343
f 4344 4345 4346
f 4347 4346 4342
f 4348 4343 4338
f 4335 388 387
f 4337 4339 4340
f 4335 4340 4336
f 4348 4341 4343
f 4338 4337 4348
f 4347 4342 4341
f 4344 4346 4347
f 4345 4344 4349
f 4345 4349 4350
f 4351 4352 4353
f 4354 4355 4356
f 4357 4356 4352
f 4358 4359 4360
f 383 374 4361
f 4362 4361 4359
f 4363 4360 4355
f 4364 4350 4349
f 4352 4351 4357
f 4351 4353 4364
f 4355 4354 4363
f 4359 4358 4362
f 4361 4362 383
f 4358 4360 4363
f 4354 4356 4357
f 4353 4350 4364
f 4365 4366 4367
f 4367 4368 4369
f 4368 4367 4366
f 4368 4370 4371
f 4370 4368 4366
f 4366 4372 4370
f 4368 4371 4373
f 4374 4368 4375
f 4376 4377 4375
f 4375 4368 4376
f 4378 4376 4379
f 4379 4376 4368
f 4379 4380 4381
f 4380 4379 4368
f 4371 4382 4383
f 4368 4373 4384
f 4385 4386 4373
f 4384 4373 4386
f 4387 4384 4386
f 4380 4368 4384
f 4386 4388 4387
f 4389 4384 4390
f 4391 4392 4380
f 4393 4381 4394
f 4381 4380 4394
f 4380 4384 4391
f 4395 4391 4396
f 4384 4396 4391
f 4384 4389 4396
f 4373 4371 4383
f 4397 4398 4399
f 4399 4400 4397
f 4401 4402 4403
f 4403 4404 4401
f 4405 4406 4407
f 4407 4408 4405
f 4409 4410 4411
f 4411 4412 4409
f 4413 4414 4415
f 4415 4416 4413
f 4417 4418 4419
f 4419 4420 4417
f 4421 4422 4423
f 4423 4424 4421
f 4425 4426 4427
f 4427 4428 4425
f 4429 4430 4431
f 4432 4431 4430
f 4432 4433 4434
f 4430 4435 4432
f 4433 4432 4435
f 4430 4436 4435
f 210 4437 211
f 210 4438 4437
f 4439 4440 4437
f 4438 4439 4437
f 232 4438 210
f 4439 4441 4440
f 4442 4443 4444
f 4445 4442 4446
f 4447 4444 4448
f 4446 4440 4441
f 4449 4439 4438
f 232 4450 4438
f 4439 4451 4441
f 4452 4449 4450
f 4449 4438 4450
f 4451 4439 4449
f 4453 4451 4449
f 4441 4454 4445
f 280 4450 232
f 4455 4443 4445
f 4442 4445 4443
f 4454 4455 4445
f 4456 4448 4443
f 4455 4456 4443
f 4457 4455 4454
f 4448 4444 4443
f 4441 4451 4454
f 4445 4446 4441
f 4458 4454 4451
f 4447 4459 4460
f 4461 4462 4460
f 4463 4464 4465
f 4466 4467 4464
f 4463 4465 4462
f 4468 4469 4470
f 4471 4472 4473
f 4474 4475 4472
f 4476 4473 4469
f 4477 4470 4467
f 4456 4478 4448
f 4460 4459 4461
f 4461 4479 4463
f 4480 4461 4459
f 4464 4463 4481
f 4463 4482 4481
f 4463 4462 4461
f 4478 4459 4448
f 4466 4481 4483
f 4467 4466 4477
f 4470 4477 4468
f 4477 4466 4484
f 4476 4468 4485
f 4473 4476 4471
f 4472 4471 4474
f 4471 4476 4486
f 4476 4469 4468
f 4468 4477 4487
f 4466 4464 4481
f 4488 4474 4471
f 4475 4489 4490
f 4459 4447 4448
f 4491 4456 4455
f 279 4492 280
f 4452 4450 4492
f 4493 4453 4452
f 4449 4452 4453
f 4451 4453 4458
f 4494 4458 4453
f 280 4492 4450
f 4495 4452 4492
f 4478 4496 4480
f 4459 4478 4480
f 4497 4491 4457
f 4491 4455 4457
f 4498 4456 4491
f 4499 4498 4491
f 4478 4498 4496
f 4454 4458 4457
f 4498 4478 4456
f 4494 4457 4458
f 4495 4492 279
f 4500 4453 4493
f 4494 4453 4500
f 4495 4493 4452
f 4497 4501 4491
f 4457 4494 4497
f 4499 4491 4501
f 4502 4498 4499
f 4503 4496 4502
f 4498 4502 4496
f 4503 4479 4480
f 4504 4482 4479
f 4463 4479 4482
f 4503 4504 4479
f 4505 4483 4482
f 4504 4505 4482
f 4506 4504 4503
f 4483 4481 4482
f 4502 4507 4503
f 4505 4508 4483
f 4477 4484 4487
f 4487 4509 4485
f 4510 4487 4484
f 4476 4485 4486
f 4486 4485 4511
f 4485 4468 4487
f 4484 4483 4508
f 4484 4466 4483
f 4506 4505 4504
f 4506 4512 4505
f 4503 4507 4506
f 4513 4505 4512
f 4513 4514 4508
f 4505 4513 4508
f 4514 4509 4510
f 4487 4510 4509
f 4485 4509 4511
f 4515 4511 4509
f 4514 4515 4509
f 4516 4511 4515
f 4517 4488 4486
f 4508 4514 4510
f 4510 4484 4508
f 4516 4517 4511
f 4503 4480 4496
f 4479 4461 4480
f 4488 4471 4486
f 4518 4519 4490
f 4489 4518 4490
f 4520 4521 4519
f 4518 4520 4519
f 4522 4518 4489
f 4489 4474 4523
f 4520 4524 4521
f 4525 4526 4527
f 4528 4525 4529
f 4527 4526 4530
f 4529 4521 4524
f 4531 4520 4518
f 4474 4488 4523
f 4524 4520 4532
f 4533 4522 4523
f 4522 4489 4523
f 4531 4518 4522
f 4534 4531 4522
f 4520 4531 4532
f 4535 4523 4488
f 4536 4526 4528
f 4525 4528 4526
f 4537 4538 4532
f 4538 4524 4532
f 4528 4538 4536
f 4539 4536 4538
f 4540 4530 4526
f 4528 4524 4538
f 4528 4529 4524
f 4541 4532 4531
f 4542 4527 4530
f 4489 4475 4474
f 4543 4544 4545
f 4546 4547 4548
f 4549 4546 4550
f 4547 4543 4551
f 4552 4553 4554
f 207 206 4555
f 4556 4555 4552
f 4557 4553 4549
f 207 4555 4556
f 4530 4558 4559
f 4559 4542 4530
f 4559 4560 4545
f 4530 4540 4558
f 4543 4545 4551
f 4545 4561 4551
f 4545 4544 4559
f 4526 4536 4540
f 4550 4548 4562
f 4546 4548 4550
f 4549 4550 4557
f 4557 4550 4563
f 4556 4554 4564
f 4552 4554 4556
f 207 4556 219
f 4565 4554 4557
f 4554 4553 4557
f 4566 4548 4551
f 4548 4547 4551
f 219 4556 4564
f 4544 4542 4559
f 4567 4540 4536
f 4568 4535 4517
f 4535 4488 4517
f 4569 4534 4533
f 4534 4522 4533
f 4541 4531 4534
f 4570 4541 4534
f 4535 4533 4523
f 4569 4533 4535
f 4567 4571 4540
f 4559 4558 4560
f 4572 4539 4537
f 4539 4538 4537
f 4567 4536 4539
f 4573 4567 4539
f 4574 4560 4558
f 4532 4541 4537
f 4540 4571 4558
f 4572 4537 4541
f 4568 4569 4535
f 4517 4575 4568
f 4534 4576 4570
f 4576 4534 4569
f 4573 4539 4572
f 4541 4570 4572
f 4558 4571 4574
f 4574 4571 4577
f 4578 4567 4573
f 4571 4578 4577
f 4577 4579 4574
f 4578 4571 4567
f 4560 4580 4561
f 4516 4575 4517
f 4581 4566 4561
f 4551 4561 4566
f 4580 4581 4561
f 4582 4562 4566
f 4581 4582 4566
f 4583 4581 4580
f 4562 4548 4566
f 4574 4579 4580
f 4582 4584 4562
f 4557 4563 4565
f 4565 4563 4585
f 4565 4586 4564
f 219 4564 224
f 4564 4586 224
f 4564 4554 4565
f 4563 4562 4584
f 4563 4550 4562
f 4587 4582 4581
f 4583 4587 4581
f 4580 4579 4583
f 4588 4582 4587
f 4588 4589 4584
f 4582 4588 4584
f 4585 4589 4590
f 4584 4589 4585
f 4565 4585 4586
f 4586 4585 4590
f 4590 4591 4586
f 268 4586 4591
f 268 224 4586
f 4585 4563 4584
f 4580 4560 4574
f 4561 4545 4560
f 4486 4511 4517
f 4592 4593 4594
f 4592 4595 4596
f 189 188 4593
f 4597 4598 4599
f 4600 4601 4597
f 4600 4602 4601
f 4603 4593 188
f 4595 4592 4594
f 4603 4594 4593
f 4595 4604 4605
f 4604 4598 4605
f 4599 4598 4604
f 4606 4597 4599
f 4606 4600 4597
f 4605 4596 4595
f 4602 4607 4601
f 4608 4609 4610
f 4611 4612 4613
f 4612 4608 4614
f 4615 4616 4617
f 4618 4617 4619
f 4615 171 4616
f 4620 4619 4611
f 4609 4602 4610
f 4608 4621 4614
f 4621 4608 4610
f 4611 4613 4620
f 4617 4618 4615
f 171 4615 182
f 4618 4619 4620
f 4613 4612 4614
f 4607 4602 4609
f 4622 155 154
f 4623 4624 4625
f 4624 4622 4626
f 4627 4628 4629
f 4630 4631 4623
f 4632 4631 4630
f 4626 4622 154
f 4625 4624 4633
f 4626 4633 4624
f 4630 4634 4632
f 4623 4625 4630
f 4635 4634 4636
f 4635 4636 4629
f 4629 4628 4635
f 4632 4634 4635
f 4629 4637 4627
f 4638 4639 4640
f 4641 4642 4639
f 4643 4640 4644
f 4645 4646 4647
f 4648 4642 4641
f 141 140 4646
f 4647 4648 4649
f 4644 4637 4643
f 4640 4650 4638
f 4650 4640 4643
f 4648 4641 4649
f 4647 4651 4645
f 4646 4645 141
f 4651 4647 4649
f 4641 4639 4638
f 4627 4637 4644
f 4652 4653 4654
f 4652 4655 4656
f 121 120 4653
f 4657 4658 4659
f 4656 4655 4660
f 4657 4661 4658
f 4654 4653 120
f 4655 4652 4662
f 4654 4662 4652
f 4663 4664 4665
f 4660 4655 4665
f 4664 4663 4666
f 4659 4664 4666
f 4666 4657 4659
f 4665 4664 4660
f 4661 4667 4658
f 4668 4669 4670
f 4671 4672 4673
f 4672 4668 4673
f 4674 4675 4676
f 106 4677 114
f 4678 4677 4675
f 4679 4676 4671
f 4669 4661 4670
f 4668 4680 4673
f 4680 4668 4670
f 4676 4679 4681
f 4675 4674 4678
f 4677 4678 114
f 4674 4676 4681
f 4679 4671 4673
f 4667 4661 4669
f 4682 4683 4684
f 87 86 4683
f 4685 4686 4687
f 4688 4689 4685
f 4686 4690 4691
f 4692 4689 4688
f 86 4693 4683
f 4682 4694 4695
f 4684 4683 4693
f 4682 4684 4694
f 4695 4694 4690
f 4686 4691 4696
f 4691 4690 4694
f 4696 4687 4686
f 4687 4688 4685
f 4692 4697 4689
f 4698 4699 4700
f 4701 4702 4703
f 4702 4698 4703
f 4704 4705 4706
f 4704 4707 73
f 4708 4709 4705
f 4710 4708 4701
f 4699 4692 4700
f 4698 4711 4703
f 4711 4698 4700
f 4703 4710 4701
f 4710 4709 4708
f 4706 4705 4709
f 79 73 4707
f 4704 4706 4707
f 4697 4692 4699
f 4712 53 52
f 4713 4714 4715
f 4714 4712 4716
f 4717 4718 4719
f 4720 4721 4713
f 4722 4721 4720
f 4716 4712 52
f 4715 4714 4723
f 4716 4723 4714
f 4720 4724 4722
f 4713 4715 4720
f 4725 4724 4726
f 4725 4726 4719
f 4719 4718 4725
f 4722 4724 4725
f 4719 4727 4717
f 4728 4729 4730
f 4731 4732 4729
f 4733 4730 4734
f 4735 4736 4737
f 4738 4732 4731
f 39 38 4736
f 4737 4738 4739
f 4734 4727 4733
f 4730 4740 4728
f 4740 4730 4733
f 4738 4731 4739
f 4737 4741 4735
f 4736 4735 39
f 4741 4737 4739
f 4731 4729 4728
f 4717 4727 4734
f 18 4742 19
f 4743 4744 4742
f 4745 4746 4747
f 4748 4749 4745
f 4750 4746 4751
f 4749 4748 4752
f 4743 4742 18
f 4744 4753 4754
f 4753 4744 4743
f 4746 4750 4747
f 4747 4755 4745
f 4751 4754 4750
f 4755 4748 4745
f 4756 4754 4751
f 4756 4744 4754
f 4752 4757 4749
f 4758 4759 4760
f 4761 4762 4763
f 4762 4758 4763
f 4764 4765 4766
f 4767 4766 4768
f 4764 1 4765
f 4769 4768 4761
f 4759 4752 4760
f 4758 4760 4770
f 4770 4763 4758
f 4771 4767 4768
f 4764 13 1
f 4764 4766 4767
f 4761 4763 4769
f 4769 4771 4768
f 4757 4752 4759
