v -0.020194 -0.021835 0.050366
v -0.019910 -0.022327 0.050216
v -0.020329 -0.021600 0.050482
v -0.019470 -0.023089 0.050205
v -0.018621 -0.023556 0.050892
v -0.020054 -0.022078 0.050277
v -0.020458 -0.021377 0.050624
v -0.018916 -0.024048 0.050585
v -0.019047 -0.023822 0.050450
v -0.018678 -0.024461 0.050930
v -0.018793 -0.024262 0.050746
v -0.018572 -0.024643 0.051135
v -0.018477 -0.024808 0.051360
v -0.019325 -0.023340 0.050259
v -0.019183 -0.023585 0.050341
v -0.020580 -0.021167 0.050791
v -0.019763 -0.022580 0.050183
v -0.019616 -0.022835 0.050180
v -0.018323 -0.025075 0.051861
v -0.017980 -0.024667 0.052686
v -0.018265 -0.025175 0.052132
v -0.018221 -0.025253 0.052412
v -0.018174 -0.025334 0.052993
v -0.018185 -0.025315 0.053581
v -0.018172 -0.025337 0.053287
v -0.018190 -0.025305 0.052700
v -0.018307 -0.025103 0.054426
v -0.018547 -0.024687 0.055164
v -0.018375 -0.024985 0.054688
v -0.018252 -0.025197 0.054153
v -0.018166 -0.024346 0.054571
v -0.018455 -0.024846 0.054934
v -0.018650 -0.024509 0.055375
v -0.018212 -0.025268 0.053870
v -0.018762 -0.024314 0.055565
v -0.018394 -0.024952 0.051603
v -0.029520 -0.026872 0.051409
v -0.028131 -0.029267 0.054881
v -0.027740 -0.027405 0.053185
v -0.028649 -0.028922 0.055728
v -0.027743 -0.027399 0.053186
v -0.029587 -0.028717 0.057087
v -0.029223 -0.027429 0.055316
v -0.027745 -0.027397 0.053185
v -0.029487 -0.027007 0.055126
v -0.029942 -0.026677 0.055230
v -0.027746 -0.027394 0.053182
v -0.030900 -0.026224 0.055854
v -0.029126 -0.029341 0.056813
v -0.029624 -0.028519 0.056978
v -0.029478 -0.028988 0.057134
v -0.029169 -0.027994 0.055839
v -0.029594 -0.028321 0.056759
v -0.030296 -0.026061 0.054293
v -0.029993 -0.026098 0.053291
v -0.030389 -0.025891 0.052678
v -0.027747 -0.027393 0.053177
v -0.029980 -0.026152 0.053824
v -0.031080 -0.025706 0.054839
v -0.031464 -0.025329 0.052142
v -0.029763 -0.026592 0.051582
v -0.027746 -0.027395 0.053172
v -0.031550 -0.025315 0.051932
v -0.031373 -0.025703 0.055442
v -0.031329 -0.025387 0.052299
v -0.030908 -0.025859 0.051378
v -0.031563 -0.025383 0.051568
v -0.032965 -0.027515 0.052806
v -0.033186 -0.027131 0.052526
v -0.033000 -0.027454 0.054432
v -0.032822 -0.027814 0.053571
v -0.032183 -0.028893 0.050771
v -0.029566 -0.027444 0.050534
v -0.029449 -0.027136 0.051103
v -0.030879 -0.031128 0.051213
v -0.030184 -0.032331 0.051611
v -0.027969 -0.031361 0.051355
v -0.030497 -0.031790 0.050585
v -0.028303 -0.030867 0.050443
v -0.030072 -0.032525 0.051265
v -0.030119 -0.032443 0.051480
v -0.027760 -0.030430 0.053693
v -0.030352 -0.032040 0.053709
v -0.030471 -0.031835 0.053485
v -0.030531 -0.031731 0.052105
v -0.027739 -0.030000 0.053064
v -0.029986 -0.031614 0.052632
v -0.027824 -0.030117 0.052267
v -0.027859 -0.030281 0.052062
v -0.027893 -0.030507 0.051868
v -0.030605 -0.031602 0.052788
v -0.031237 -0.030507 0.056155
v -0.031184 -0.030600 0.055200
v -0.032711 -0.027955 0.055386
v -0.032921 -0.027591 0.055770
v -0.033097 -0.027285 0.055823
v -0.033340 -0.026864 0.055035
v -0.032319 -0.027702 0.048941
v -0.031985 -0.028879 0.048713
v -0.031149 -0.029751 0.048472
v -0.032631 -0.027541 0.049202
v -0.032525 -0.027965 0.049065
v -0.032165 -0.028792 0.048972
v -0.029660 -0.032392 0.049959
v -0.031075 -0.030500 0.048801
v -0.030020 -0.032208 0.049803
v -0.030233 -0.031651 0.049260
v -0.029003 -0.033247 0.051473
v -0.032719 -0.027822 0.049372
v -0.032728 -0.027918 0.049541
v -0.032671 -0.028083 0.051646
v -0.031573 -0.029892 0.048922
v -0.030860 -0.031042 0.049122
v -0.031630 -0.030034 0.050704
v -0.030123 -0.032338 0.050119
v -0.030420 -0.031911 0.049907
v -0.030279 -0.032189 0.050545
v -0.030100 -0.032514 0.050858
v -0.029186 -0.033552 0.053060
v -0.029587 -0.033003 0.050917
v -0.029357 -0.033448 0.053778
v -0.029359 -0.033462 0.052437
v -0.029538 -0.032642 0.056142
v -0.028737 -0.033551 0.053398
v -0.026236 -0.030578 0.056976
v -0.029477 -0.033137 0.055158
v -0.029708 -0.033076 0.051472
v -0.029568 -0.033398 0.053161
v -0.029604 -0.033325 0.053214
v -0.029623 -0.033208 0.054555
v -0.029550 -0.033231 0.054728
v -0.029797 -0.032696 0.055928
v -0.030392 -0.031699 0.056985
v -0.029847 -0.032922 0.054514
v -0.029937 -0.032745 0.055497
v -0.030218 -0.032265 0.056124
v -0.025605 -0.031462 0.055209
v -0.025519 -0.031611 0.051623
v -0.025652 -0.031381 0.050983
v -0.025352 -0.031922 0.053496
v -0.025770 -0.031176 0.050554
v -0.025984 -0.030805 0.049955
v -0.026243 -0.030358 0.049431
v -0.026827 -0.029347 0.048643
v -0.026434 -0.030026 0.049125
v -0.027562 -0.028072 0.048223
v -0.027808 -0.028738 0.047869
v -0.027691 -0.027946 0.048033
v -0.028520 -0.026825 0.048621
v -0.029081 -0.025443 0.048739
v -0.026991 -0.029043 0.055956
v -0.027799 -0.027613 0.056407
v -0.027419 -0.028069 0.056184
v -0.028880 -0.025724 0.050649
v -0.028228 -0.026839 0.056267
v -0.028727 -0.026023 0.055999
v -0.028311 -0.026735 0.056326
v -0.027728 -0.027416 0.056236
v -0.029112 -0.025364 0.055393
v -0.027097 -0.028698 0.055965
v -0.026765 -0.028654 0.055731
v -0.026894 -0.028431 0.055873
v -0.027169 -0.027953 0.056078
v -0.027313 -0.027704 0.056139
v -0.027029 -0.028196 0.055989
v -0.027459 -0.027450 0.056172
v -0.026643 -0.028864 0.055565
v -0.027607 -0.027195 0.056176
v -0.028573 -0.025522 0.050980
v -0.028460 -0.025717 0.050791
v -0.028413 -0.026186 0.055935
v -0.027753 -0.026941 0.056150
v -0.027898 -0.026691 0.056097
v -0.028039 -0.026446 0.056015
v -0.028176 -0.026209 0.055906
v -0.028307 -0.025983 0.055770
v -0.028430 -0.025769 0.055610
v -0.028545 -0.025570 0.055426
v -0.029359 -0.024912 0.054515
v -0.028906 -0.025595 0.055507
v -0.029440 -0.024704 0.052957
v -0.029583 -0.024573 0.052721
v -0.029062 -0.025321 0.051183
v -0.029383 -0.024878 0.051868
v -0.029282 -0.024751 0.053759
v -0.028651 -0.025387 0.055220
v -0.028829 -0.025079 0.054752
v -0.028900 -0.024956 0.054494
v -0.028745 -0.025223 0.054995
v -0.029033 -0.024725 0.053655
v -0.029049 -0.024697 0.053362
v -0.029002 -0.024778 0.053943
v -0.028958 -0.024855 0.054224
v -0.029051 -0.024694 0.053068
v -0.029038 -0.024716 0.052775
v -0.029011 -0.024762 0.052485
v -0.028970 -0.024833 0.052203
v -0.028916 -0.024928 0.051929
v -0.028848 -0.025045 0.051668
v -0.028768 -0.025184 0.051421
v -0.028676 -0.025344 0.051191
v -0.028210 -0.026150 0.050482
v -0.028339 -0.025927 0.050624
v -0.027935 -0.026628 0.050277
v -0.027644 -0.027130 0.050183
v -0.027791 -0.026877 0.050216
v -0.028075 -0.026385 0.050366
v -0.027350 -0.027639 0.050205
v -0.027064 -0.028135 0.050341
v -0.027206 -0.027890 0.050259
v -0.026797 -0.028598 0.050585
v -0.026559 -0.029011 0.050930
v -0.026673 -0.028812 0.050746
v -0.026928 -0.028372 0.050450
v -0.027497 -0.027385 0.050180
v -0.026453 -0.029193 0.051135
v -0.026358 -0.029358 0.051360
v -0.026275 -0.029502 0.051603
v -0.026146 -0.029725 0.052132
v -0.026204 -0.029625 0.051861
v -0.026071 -0.029855 0.052700
v -0.026053 -0.029887 0.053287
v -0.026055 -0.029884 0.052993
v -0.026101 -0.029803 0.052412
v -0.026092 -0.029818 0.053870
v -0.026188 -0.029653 0.054426
v -0.026133 -0.029747 0.054153
v -0.026336 -0.029396 0.054934
v -0.026428 -0.029237 0.055164
v -0.026256 -0.029535 0.054688
v -0.026065 -0.029865 0.053581
v -0.026578 -0.029205 0.055301
v -0.018884 -0.024104 0.055731
v -0.019013 -0.023881 0.055873
v -0.019148 -0.023646 0.055989
v -0.019288 -0.023403 0.056078
v -0.019432 -0.023154 0.056139
v -0.019579 -0.022900 0.056172
v -0.019726 -0.022645 0.056176
v -0.019872 -0.022391 0.056150
v -0.020017 -0.022141 0.056097
v -0.020159 -0.021896 0.056015
v -0.020295 -0.021659 0.055906
v -0.020426 -0.021433 0.055770
v -0.020549 -0.021219 0.055610
v -0.020664 -0.021020 0.055426
v -0.020770 -0.020837 0.055220
v -0.020865 -0.020673 0.054995
v -0.020948 -0.020529 0.054752
v -0.021019 -0.020406 0.054494
v -0.021077 -0.020305 0.054224
v -0.021152 -0.020175 0.053655
v -0.021168 -0.020147 0.053362
v -0.021170 -0.020144 0.053068
v -0.021157 -0.020166 0.052775
v -0.021131 -0.020212 0.052485
v -0.021090 -0.020283 0.052203
v -0.021035 -0.020378 0.051929
v -0.020967 -0.020495 0.051668
v -0.020887 -0.020634 0.051421
v -0.020795 -0.020794 0.051191
v -0.020692 -0.020972 0.050980
v -0.031258 -0.030475 0.056974
v -0.032541 -0.028249 0.056970
v -0.031724 -0.029673 0.057008
v -0.031789 -0.029552 0.056274
v -0.030904 -0.031085 0.056932
v -0.031975 -0.029230 0.055432
v -0.031814 -0.029508 0.055933
v -0.032568 -0.028203 0.055216
v -0.032273 -0.028714 0.055152
v -0.030136 -0.032415 0.055090
v -0.030308 -0.032116 0.054985
v -0.029946 -0.032744 0.054930
v -0.030786 -0.031289 0.054730
v -0.030549 -0.031699 0.054750
v -0.030072 -0.032525 0.053910
v -0.029924 -0.032782 0.054076
v -0.033576 -0.026456 0.054842
v -0.033642 -0.026337 0.051699
v -0.033591 -0.026523 0.052214
v -0.033546 -0.026509 0.051470
v -0.033065 -0.027383 0.051469
v -0.033210 -0.027118 0.051276
v -0.031641 -0.029808 0.049589
v -0.032092 -0.029071 0.049261
v -0.031852 -0.029462 0.049235
v -0.028693 -0.025992 0.050538
v -0.028113 -0.026872 0.050136
v -0.027728 -0.027731 0.049961
v -0.027038 -0.028961 0.050333
v -0.026725 -0.029463 0.050905
v -0.027380 -0.028252 0.050140
v -0.026907 -0.028829 0.050591
v -0.026276 -0.030208 0.052812
v -0.026267 -0.030174 0.053142
v -0.026464 -0.029882 0.051627
v -0.026450 -0.029582 0.051457
v -0.026413 -0.030042 0.054643
v -0.026258 -0.030289 0.053443
v -0.026556 -0.029721 0.055031
v -0.026699 -0.029509 0.055399
v -0.026395 -0.029954 0.054419
v -0.030214 -0.023479 0.051280
v -0.029985 -0.023877 0.050413
v -0.029675 -0.024413 0.049652
v -0.030108 -0.023982 0.056010
v -0.030366 -0.023215 0.053973
v -0.029756 -0.024273 0.056547
v -0.029247 -0.025463 0.057871
v -0.028616 -0.026248 0.057973
v -0.027120 -0.028890 0.058101
v -0.028234 -0.027005 0.058309
v -0.026572 -0.029788 0.057480
v -0.033283 -0.025985 0.050666
v -0.030461 -0.023096 0.052523
v -0.030650 -0.023051 0.053582
v -0.033088 -0.025975 0.055853
v -0.030621 -0.030728 0.057665
v -0.033068 -0.026534 0.050027
v -0.030342 -0.031699 0.057004
v -0.033292 -0.026535 0.050308
v -0.031384 -0.030136 0.057503
v -0.031877 -0.028776 0.057721
v -0.032913 -0.026840 0.056659
v -0.032833 -0.027272 0.056923
v -0.032469 -0.028049 0.057296
v -0.031100 -0.030472 0.057574
v -0.030741 -0.031323 0.057009
v -0.030693 -0.031431 0.056837
v -0.031287 -0.030373 0.057377
v -0.031819 -0.029332 0.057594
v -0.032284 -0.028643 0.057280
v -0.033002 -0.027356 0.056597
v -0.033331 -0.026916 0.055589
v -0.032922 -0.027568 0.056563
v -0.033503 -0.025841 0.055052
v -0.033752 -0.025653 0.054042
v -0.033542 -0.026111 0.055332
v -0.033842 -0.025792 0.052857
v -0.033471 -0.026570 0.055560
v -0.033635 -0.025542 0.052120
v -0.033562 -0.025939 0.051222
v -0.033572 -0.026442 0.055052
v -0.033805 -0.025917 0.054021
v -0.033757 -0.026122 0.052442
v -0.033661 -0.026188 0.051452
v -0.033385 -0.026632 0.050496
v -0.033410 -0.026713 0.050695
v -0.027971 -0.030206 0.054724
v -0.027788 -0.031527 0.054030
v -0.027840 -0.031741 0.054423
v -0.027967 -0.031573 0.055047
v -0.028217 -0.029836 0.051056
v -0.028216 -0.029667 0.051125
v -0.028274 -0.029108 0.051229
v -0.028508 -0.028668 0.051040
v -0.028723 -0.028466 0.050812
v -0.029114 -0.028386 0.050263
v -0.030153 -0.027785 0.049307
v -0.029602 -0.028505 0.049423
v -0.029805 -0.028340 0.049268
v -0.029430 -0.028542 0.049651
v -0.027743 -0.027399 0.053169
v -0.027742 -0.027401 0.053169
v -0.027740 -0.027404 0.053170
v -0.027739 -0.027406 0.053172
v -0.027738 -0.027408 0.053175
v -0.027738 -0.027408 0.053179
v -0.020411 -0.020455 0.052102
v -0.020524 -0.020331 0.053994
v -0.018747 -0.021738 0.053182
v -0.019755 -0.021593 0.055538
v 0.033596 0.035935 0.035823
v 0.033649 0.036328 0.036885
v 0.033665 0.037438 0.037983
v 0.033498 0.038296 0.038335
v 0.033665 0.039317 0.038154
v 0.033645 0.040521 0.037595
v 0.033590 0.039841 0.038065
v 0.033634 0.041028 0.037034
v 0.033641 0.041413 0.036172
v 0.033500 0.041550 0.035500
v 0.033610 0.038168 0.032675
v 0.033631 0.036241 0.034139
v 0.033672 0.040378 0.035452
v 0.033600 0.040529 0.035438
v 0.033600 0.040281 0.035336
v 0.033739 0.040483 0.036039
v 0.033600 0.040205 0.035222
v 0.033600 0.040529 0.034738
v 0.033672 0.040135 0.035088
v 0.033600 0.040395 0.034765
v 0.033600 0.040281 0.034841
v 0.033600 0.040205 0.034954
v 0.033600 0.039280 0.034081
v 0.033600 0.039204 0.033967
v 0.033600 0.039528 0.034183
v 0.033682 0.039443 0.034237
v 0.033600 0.039394 0.033510
v 0.033600 0.039528 0.033483
v 0.033600 0.039204 0.033699
v 0.033600 0.039178 0.033833
v 0.033600 0.039280 0.033586
v 0.033697 0.039282 0.033414
v 0.033697 0.037504 0.034079
v 0.033600 0.037675 0.034081
v 0.033600 0.037788 0.034157
v 0.033600 0.037599 0.033967
v 0.033672 0.037922 0.034227
v 0.033600 0.037788 0.033510
v 0.033600 0.037922 0.033483
v 0.033600 0.037599 0.033699
v 0.033600 0.037572 0.033833
v 0.033600 0.037675 0.033586
v 0.033696 0.037677 0.033415
v 0.033600 0.036674 0.035336
v 0.033600 0.036787 0.035412
v 0.033600 0.036598 0.035222
v 0.033600 0.036921 0.035438
v 0.033697 0.036628 0.035475
v 0.033600 0.036787 0.034765
v 0.033684 0.037021 0.034681
v 0.033600 0.036598 0.034954
v 0.033600 0.036571 0.035088
v 0.033600 0.036674 0.034841
v 0.033697 0.036523 0.034822
v 0.033600 0.038478 0.035747
v 0.033600 0.038402 0.035634
v 0.033600 0.038725 0.035850
v 0.033682 0.038640 0.035904
v 0.033600 0.038725 0.035150
v 0.033600 0.038402 0.035366
v 0.033600 0.038375 0.035500
v 0.033600 0.038591 0.035177
v 0.033600 0.038478 0.035253
v 0.033600 0.040037 0.036977
v 0.033600 0.040171 0.037003
v 0.033600 0.039924 0.036901
v 0.033600 0.039848 0.036787
v 0.033600 0.040037 0.036330
v 0.033600 0.040171 0.036303
v 0.033600 0.039821 0.036653
v 0.033672 0.039893 0.036375
v 0.033600 0.039848 0.036520
v 0.033718 0.038099 0.037080
v 0.033600 0.038402 0.037484
v 0.033600 0.038478 0.037597
v 0.033672 0.038574 0.037714
v 0.033600 0.038725 0.037700
v 0.033600 0.038725 0.037000
v 0.033600 0.038402 0.037216
v 0.033600 0.038375 0.037350
v 0.033600 0.038591 0.037027
v 0.033600 0.038478 0.037103
v 0.033697 0.038479 0.036931
v 0.033600 0.037145 0.036977
v 0.033683 0.036924 0.036911
v 0.033600 0.036955 0.036787
v 0.033600 0.037279 0.037003
v 0.033600 0.037279 0.036303
v 0.033600 0.036955 0.036520
v 0.033600 0.036929 0.036653
v 0.033686 0.037020 0.036296
v 0.033600 0.037145 0.036330
v 0.029800 0.040281 0.035336
v 0.029800 0.040395 0.035412
v 0.029800 0.040529 0.035438
v 0.029800 0.040205 0.035222
v 0.029800 0.040395 0.034765
v 0.029800 0.040529 0.034738
v 0.029800 0.040205 0.034954
v 0.029800 0.040179 0.035088
v 0.029800 0.040281 0.034841
v 0.029800 0.039280 0.034081
v 0.029800 0.039394 0.034157
v 0.029800 0.039528 0.034183
v 0.029800 0.039204 0.033967
v 0.029800 0.039394 0.033510
v 0.029800 0.039528 0.033483
v 0.029800 0.039178 0.033833
v 0.029800 0.039280 0.033586
v 0.029800 0.039204 0.033699
v 0.029800 0.037675 0.034081
v 0.029800 0.037788 0.034157
v 0.029800 0.037922 0.034183
v 0.029800 0.037599 0.033967
v 0.029800 0.037788 0.033510
v 0.029800 0.037922 0.033483
v 0.029800 0.037572 0.033833
v 0.029800 0.037675 0.033586
v 0.029800 0.037599 0.033699
v 0.029800 0.036674 0.035336
v 0.029800 0.036787 0.035412
v 0.029800 0.036921 0.035438
v 0.029800 0.036598 0.035222
v 0.029800 0.036921 0.034738
v 0.029800 0.036598 0.034954
v 0.029800 0.036571 0.035088
v 0.029800 0.036787 0.034765
v 0.029800 0.036674 0.034841
v 0.029800 0.038478 0.035747
v 0.029800 0.038591 0.035823
v 0.029800 0.038725 0.035850
v 0.029800 0.038402 0.035634
v 0.029800 0.038591 0.035177
v 0.029800 0.038725 0.035150
v 0.029800 0.038375 0.035500
v 0.029800 0.038478 0.035253
v 0.029800 0.038402 0.035366
v 0.029800 0.039924 0.036901
v 0.029800 0.040037 0.036977
v 0.029800 0.040171 0.037003
v 0.029800 0.039848 0.036787
v 0.029800 0.040171 0.036303
v 0.029800 0.039848 0.036520
v 0.029800 0.039821 0.036653
v 0.029800 0.040037 0.036330
v 0.029800 0.039924 0.036406
v 0.029800 0.038478 0.037597
v 0.029800 0.038591 0.037673
v 0.029800 0.038725 0.037700
v 0.029800 0.038402 0.037484
v 0.029800 0.038591 0.037027
v 0.029800 0.038725 0.037000
v 0.029800 0.038375 0.037350
v 0.029800 0.038478 0.037103
v 0.029800 0.038402 0.037216
v 0.029800 0.037031 0.036901
v 0.029800 0.037145 0.036977
v 0.029800 0.037279 0.037003
v 0.029800 0.036955 0.036787
v 0.029800 0.037145 0.036330
v 0.029800 0.037279 0.036303
v 0.029800 0.036955 0.036520
v 0.029800 0.036929 0.036653
v 0.029800 0.037031 0.036406
v 0.029800 0.038725 0.033450
v 0.033700 0.038878 0.033420
v 0.033700 0.038725 0.033450
v 0.029800 0.038878 0.033420
v 0.033700 0.039008 0.033333
v 0.029800 0.039008 0.033333
v 0.029800 0.039095 0.033203
v 0.033700 0.039125 0.033050
v 0.033700 0.039095 0.033203
v 0.029800 0.039125 0.033050
v 0.029800 0.037329 0.033044
v 0.029800 0.036988 0.033268
v 0.029800 0.037565 0.032924
v 0.029800 0.036526 0.033726
v 0.029800 0.036234 0.034167
v 0.029800 0.036370 0.033940
v 0.029800 0.036024 0.034646
v 0.029800 0.036702 0.033528
v 0.029800 0.038761 0.032281
v 0.029800 0.036979 0.038147
v 0.029800 0.035893 0.035422
v 0.029800 0.035958 0.036085
v 0.029800 0.036520 0.037292
v 0.029800 0.036889 0.037941
v 0.020243 0.039471 0.035481
v 0.021000 0.038830 0.035204
v 0.019000 0.038903 0.035767
v 0.019000 0.040171 0.036300
v 0.021000 0.040287 0.036312
v 0.019000 0.040336 0.036934
v 0.020040 0.038951 0.037102
v 0.019000 0.037469 0.036763
v 0.021000 0.037414 0.036937
v 0.021000 0.037569 0.036459
v 0.019000 0.036762 0.034765
v 0.019000 0.037221 0.035088
v 0.021000 0.037176 0.034863
v 0.020312 0.038181 0.033608
v 0.019000 0.037788 0.034034
v 0.021000 0.038057 0.034116
v 0.019000 0.039881 0.033833
v 0.021000 0.039528 0.034133
v 0.021000 0.039706 0.034080
v 0.019000 0.040754 0.034833
v 0.021000 0.040770 0.034813
v 0.027000 0.041689 0.038770
v 0.021000 0.039698 0.039386
v 0.021000 0.041076 0.038765
v 0.021000 0.042147 0.037616
v 0.021000 0.042772 0.035761
v 0.021000 0.040256 0.039196
v 0.027000 0.041935 0.032494
v 0.021000 0.042553 0.034339
v 0.021000 0.042421 0.033969
v 0.021000 0.041715 0.032837
v 0.021000 0.042051 0.033278
v 0.021000 0.041263 0.032408
v 0.021000 0.040065 0.033028
v 0.021000 0.039556 0.031575
v 0.021000 0.040256 0.031804
v 0.021000 0.042253 0.033614
v 0.027000 0.035911 0.032182
v 0.035552 0.039436 0.039740
v 0.035456 0.041409 0.039492
v 0.035421 0.043190 0.037537
v 0.035477 0.043450 0.034931
v 0.035591 0.041235 0.031800
v 0.035320 0.042787 0.032406
v 0.035434 0.039360 0.030731
v 0.034506 0.037536 0.032041
v 0.029800 0.036790 0.032504
v 0.029800 0.035195 0.034739
v 0.034444 0.035533 0.033816
v 0.029800 0.036212 0.037952
v 0.029800 0.035890 0.037222
v 0.029800 0.037844 0.038891
v 0.035410 0.037697 0.039493
v 0.035365 0.036707 0.039079
v 0.034603 0.035330 0.036963
v 0.035347 0.034912 0.036993
v 0.035424 0.035198 0.037627
v 0.035449 0.036084 0.038649
v 0.035144 0.034689 0.035018
v 0.035361 0.034851 0.034164
v 0.035399 0.035138 0.033472
v 0.035200 0.035834 0.032648
v 0.035434 0.037609 0.031526
v 0.035346 0.038320 0.031422
v 0.035394 0.035577 0.038117
v 0.035566 0.037224 0.039778
v 0.035440 0.034731 0.036540
v 0.035554 0.034442 0.035467
v 0.029500 0.039440 0.040321
v 0.029500 0.041385 0.039611
v 0.029500 0.042627 0.038394
v 0.029500 0.043424 0.036721
v 0.029500 0.043206 0.037356
v 0.029500 0.043482 0.034554
v 0.029500 0.043206 0.033644
v 0.029500 0.043366 0.034092
v 0.029500 0.042650 0.032642
v 0.029500 0.039261 0.030665
v 0.028500 0.042792 0.031705
v 0.029500 0.043590 0.035560
v 0.029500 0.042082 0.040492
v 0.028556 0.044096 0.038293
v 0.027000 0.042143 0.040482
v 0.027833 0.034767 0.030985
v 0.029500 0.032831 0.036202
v 0.027714 0.031444 0.035491
v 0.028389 0.035320 0.040482
v 0.028072 0.043823 0.032566
v 0.028697 0.039276 0.029277
v 0.029800 0.038325 0.033050
v 0.029800 0.038355 0.033203
v 0.029800 0.038442 0.033333
v 0.029800 0.038572 0.033420
v 0.029800 0.039971 0.032178
v 0.029800 0.040043 0.032962
v 0.029800 0.040677 0.032899
v 0.029800 0.041841 0.033883
v 0.029800 0.042131 0.034678
v 0.029800 0.041819 0.035917
v 0.029800 0.041437 0.036345
v 0.029800 0.041664 0.036843
v 0.029800 0.042128 0.036403
v 0.029800 0.040644 0.038466
v 0.029800 0.039561 0.038340
v 0.029800 0.038849 0.039018
v 0.029800 0.040442 0.037754
v 0.029500 0.037606 0.030752
v 0.029500 0.033938 0.034474
v 0.029500 0.035675 0.031670
v 0.029500 0.034582 0.032968
v 0.029500 0.033977 0.036619
v 0.029500 0.034539 0.037960
v 0.029500 0.035563 0.039238
v 0.029500 0.037538 0.040237
v 0.035301 0.037999 0.030699
v 0.035315 0.035724 0.031539
v 0.035464 0.034269 0.033779
v 0.035298 0.034008 0.034351
v 0.035302 0.033855 0.036004
v 0.035430 0.034861 0.038436
v 0.035421 0.036659 0.039876
v 0.035353 0.039050 0.040389
v 0.035524 0.036442 0.031947
v 0.035500 0.035569 0.032078
v 0.035500 0.037525 0.030979
v 0.035532 0.035363 0.032966
v 0.035500 0.034859 0.032917
v 0.035500 0.040000 0.031510
v 0.035327 0.042091 0.033358
v 0.035500 0.042891 0.035237
v 0.035500 0.034219 0.036670
v 0.035500 0.037759 0.040063
v 0.035465 0.040875 0.038995
v 0.035126 0.041088 0.032428
v 0.035405 0.042709 0.034546
v 0.035478 0.042247 0.037639
v 0.035357 0.042188 0.037678
v 0.035072 0.041610 0.038356
v 0.035471 0.039898 0.039428
v 0.034999 0.039501 0.039488
v 0.035000 0.040634 0.039072
v 0.035000 0.040275 0.039242
v 0.034536 0.042050 0.036969
v 0.035409 0.042762 0.036308
v 0.035000 0.042755 0.035897
v 0.035000 0.042467 0.037050
v 0.035000 0.042775 0.035500
v 0.034675 0.042335 0.034366
v 0.035000 0.042221 0.033446
v 0.035364 0.040752 0.031937
v 0.034575 0.039933 0.032029
v 0.035000 0.039122 0.031470
v 0.035014 0.039646 0.031707
v 0.034448 0.041885 0.033986
v 0.034521 0.040729 0.038526
v 0.034491 0.037430 0.039000
v 0.021000 0.038381 0.031502
v 0.021000 0.036513 0.032076
v 0.021000 0.035399 0.033278
v 0.021000 0.035197 0.033614
v 0.021000 0.034737 0.035058
v 0.021000 0.035029 0.033969
v 0.021000 0.034897 0.034339
v 0.027000 0.034744 0.035108
v 0.027000 0.035479 0.038442
v 0.021000 0.034744 0.035892
v 0.021000 0.036422 0.036982
v 0.021000 0.034802 0.036280
v 0.021000 0.035681 0.038259
v 0.021000 0.038131 0.039506
v 0.019000 0.040343 0.035300
v 0.019000 0.039165 0.033833
v 0.019000 0.037013 0.035431
v 0.019000 0.036998 0.036489
v 0.019000 0.038465 0.037153
v 0.019000 0.039952 0.036873
v 0.019000 0.038355 0.035500
v 0.021000 0.040550 0.035428
v 0.021000 0.039318 0.034066
v 0.021000 0.039268 0.033673
v 0.021000 0.039228 0.033833
v 0.021000 0.037617 0.033983
v 0.021000 0.037808 0.033556
v 0.021000 0.037710 0.033621
v 0.021000 0.036709 0.035274
v 0.021000 0.037108 0.036909
v 0.021000 0.038887 0.037679
v 0.020000 0.038508 0.037564
v 0.021000 0.040101 0.037006
v 0.021000 0.039871 0.036653
v 0.021000 0.038789 0.035824
v 0.021000 0.038429 0.035605
v 0.021000 0.038506 0.035281
v 0.033700 0.038325 0.033050
v 0.033501 0.041514 0.035005
v 0.033500 0.041372 0.034512
v 0.033648 0.041172 0.034199
v 0.033598 0.040542 0.033362
v 0.033604 0.039165 0.032693
v 0.033700 0.038355 0.033203
v 0.033700 0.038442 0.033333
v 0.033700 0.038572 0.033420
v 0.029800 0.037413 0.036330
v 0.033600 0.037602 0.036520
v 0.029800 0.037602 0.036520
v 0.029800 0.037526 0.036406
v 0.033600 0.037413 0.036330
v 0.029800 0.037629 0.036653
v 0.033600 0.037629 0.036653
v 0.033600 0.037602 0.036787
v 0.029800 0.037526 0.036901
v 0.029800 0.037602 0.036787
v 0.029800 0.037413 0.036977
v 0.033600 0.037413 0.036977
v 0.033600 0.038859 0.037027
v 0.029800 0.038859 0.037027
v 0.033600 0.039048 0.037216
v 0.029800 0.039048 0.037216
v 0.029800 0.038972 0.037103
v 0.033600 0.038972 0.037103
v 0.033600 0.039075 0.037350
v 0.029800 0.039075 0.037350
v 0.033600 0.039048 0.037484
v 0.029800 0.039048 0.037484
v 0.033600 0.038972 0.037597
v 0.029800 0.038859 0.037673
v 0.029800 0.038972 0.037597
v 0.033600 0.038859 0.037673
v 0.029800 0.040305 0.036330
v 0.033600 0.040495 0.036520
v 0.029800 0.040495 0.036520
v 0.029800 0.040419 0.036406
v 0.033600 0.040305 0.036330
v 0.033687 0.040516 0.036420
v 0.029800 0.040521 0.036653
v 0.033600 0.040521 0.036653
v 0.033600 0.040495 0.036787
v 0.029800 0.040419 0.036901
v 0.029800 0.040495 0.036787
v 0.029800 0.040305 0.036977
v 0.033600 0.040305 0.036977
v 0.033600 0.038859 0.035177
v 0.029800 0.038859 0.035177
v 0.033600 0.039048 0.035366
v 0.029800 0.039048 0.035366
v 0.029800 0.038972 0.035253
v 0.033600 0.038972 0.035253
v 0.033600 0.039075 0.035500
v 0.029800 0.039075 0.035500
v 0.033600 0.039048 0.035634
v 0.029800 0.039048 0.035634
v 0.033600 0.038859 0.035823
v 0.029800 0.038859 0.035823
v 0.029800 0.038972 0.035747
v 0.033600 0.038972 0.035747
v 0.033600 0.037055 0.034765
v 0.029800 0.037055 0.034765
v 0.033600 0.037245 0.034954
v 0.029800 0.037245 0.034954
v 0.029800 0.037169 0.034841
v 0.033600 0.037169 0.034841
v 0.033600 0.037271 0.035088
v 0.029800 0.037271 0.035088
v 0.033600 0.037169 0.035336
v 0.029800 0.037169 0.035336
v 0.029800 0.037245 0.035222
v 0.029800 0.037055 0.035412
v 0.033600 0.037055 0.035412
v 0.033600 0.037245 0.035222
v 0.033600 0.038056 0.033510
v 0.029800 0.038056 0.033510
v 0.033600 0.038246 0.033699
v 0.029800 0.038246 0.033699
v 0.029800 0.038170 0.033586
v 0.033600 0.038170 0.033586
v 0.033600 0.038272 0.033833
v 0.029800 0.038272 0.033833
v 0.033600 0.038246 0.033967
v 0.029800 0.038246 0.033967
v 0.033600 0.038056 0.034157
v 0.029800 0.038056 0.034157
v 0.029800 0.038170 0.034081
v 0.033600 0.038170 0.034081
v 0.033600 0.039662 0.033510
v 0.029800 0.039662 0.033510
v 0.033600 0.039851 0.033699
v 0.029800 0.039851 0.033699
v 0.029800 0.039775 0.033586
v 0.033600 0.039775 0.033586
v 0.033600 0.039878 0.033833
v 0.029800 0.039878 0.033833
v 0.033600 0.039851 0.033967
v 0.029800 0.039851 0.033967
v 0.033600 0.039662 0.034157
v 0.029800 0.039662 0.034157
v 0.029800 0.039775 0.034081
v 0.033600 0.039775 0.034081
v 0.033600 0.040663 0.034765
v 0.029800 0.040663 0.034765
v 0.033600 0.040852 0.034954
v 0.029800 0.040852 0.034954
v 0.029800 0.040776 0.034841
v 0.033600 0.040776 0.034841
v 0.029800 0.040879 0.035088
v 0.033600 0.040879 0.035088
v 0.033600 0.040776 0.035336
v 0.029800 0.040776 0.035336
v 0.029800 0.040852 0.035222
v 0.029800 0.040663 0.035412
v 0.033600 0.040663 0.035412
v 0.033600 0.040852 0.035222
v 0.033684 0.037558 0.036335
v 0.033700 0.037730 0.036726
v 0.033672 0.037557 0.036932
v 0.033765 0.039519 0.037067
v 0.033694 0.039058 0.037727
v 0.033700 0.040623 0.036726
v 0.033681 0.040389 0.037009
v 0.033699 0.039074 0.035186
v 0.033697 0.039112 0.035793
v 0.033791 0.037755 0.035169
v 0.033700 0.037177 0.035471
v 0.033699 0.038271 0.033519
v 0.033827 0.038727 0.034414
v 0.033779 0.040018 0.034477
v 0.033699 0.040843 0.034740
v 0.033693 0.040905 0.035421
v 0.033754 0.039888 0.033298
v 0.021026 -0.020393 0.016537
v 0.021126 -0.020221 0.017091
v 0.020957 -0.020513 0.016278
v 0.021169 -0.020145 0.017967
v 0.020428 -0.020426 0.018852
v 0.021083 -0.020295 0.016809
v 0.020875 -0.020655 0.016033
v 0.021028 -0.020391 0.019103
v 0.021084 -0.020293 0.018830
v 0.020877 -0.020652 0.019607
v 0.020958 -0.020511 0.019362
v 0.020783 -0.020814 0.019835
v 0.020679 -0.020994 0.020043
v 0.021155 -0.020170 0.018260
v 0.021126 -0.020220 0.018549
v 0.020782 -0.020817 0.015806
v 0.021155 -0.020171 0.017379
v 0.021169 -0.020146 0.017672
v 0.020443 -0.021403 0.020394
v 0.019591 -0.021878 0.020284
v 0.020314 -0.021627 0.020533
v 0.020178 -0.021863 0.020646
v 0.019892 -0.022357 0.020789
v 0.019599 -0.022866 0.020819
v 0.019746 -0.022611 0.020819
v 0.020037 -0.022107 0.020732
v 0.019167 -0.023613 0.020648
v 0.018779 -0.024286 0.020234
v 0.019031 -0.023849 0.020535
v 0.019308 -0.023369 0.020733
v 0.018636 -0.023532 0.020078
v 0.018901 -0.024074 0.020397
v 0.018665 -0.024483 0.020047
v 0.019452 -0.023119 0.020790
v 0.018560 -0.024664 0.019839
v 0.020566 -0.021191 0.020230
v 0.029670 -0.026613 0.016328
v 0.028055 -0.029398 0.019386
v 0.027739 -0.027406 0.017828
v 0.027848 -0.030309 0.018904
v 0.027738 -0.027408 0.017822
v 0.027758 -0.031885 0.018377
v 0.027769 -0.029947 0.017294
v 0.027738 -0.027407 0.017819
v 0.027858 -0.029829 0.016783
v 0.027982 -0.030072 0.016280
v 0.027740 -0.027404 0.017815
v 0.028156 -0.030978 0.015466
v 0.027852 -0.031548 0.019121
v 0.027746 -0.031772 0.018179
v 0.027783 -0.031924 0.018670
v 0.027735 -0.030478 0.017854
v 0.027740 -0.031531 0.018003
v 0.028417 -0.029316 0.015491
v 0.028712 -0.028316 0.015587
v 0.029209 -0.027935 0.015159
v 0.027743 -0.027400 0.017814
v 0.028462 -0.028780 0.015686
v 0.028549 -0.030090 0.014841
v 0.029995 -0.027874 0.014092
v 0.029629 -0.026824 0.015980
v 0.027745 -0.027396 0.017815
v 0.030155 -0.027731 0.014018
v 0.028461 -0.030748 0.014745
v 0.029845 -0.027956 0.014222
v 0.030219 -0.027051 0.014760
v 0.030378 -0.027436 0.014040
v 0.031785 -0.029558 0.015287
v 0.031905 -0.029350 0.014822
v 0.030973 -0.030966 0.015358
v 0.031441 -0.030206 0.015683
v 0.032878 -0.027690 0.016690
v 0.030408 -0.025985 0.016723
v 0.029895 -0.026364 0.016565
v 0.032759 -0.027871 0.019307
v 0.032621 -0.028110 0.020724
v 0.030679 -0.026668 0.020969
v 0.033105 -0.027272 0.020013
v 0.031144 -0.025947 0.020298
v 0.032803 -0.027795 0.020918
v 0.032692 -0.027988 0.020842
v 0.028923 -0.028414 0.020472
v 0.031561 -0.029946 0.020571
v 0.031662 -0.029771 0.020316
v 0.032345 -0.028588 0.020077
v 0.029020 -0.027782 0.020057
v 0.031631 -0.028765 0.020293
v 0.029533 -0.027156 0.020046
v 0.029739 -0.027026 0.020153
v 0.029966 -0.026916 0.020315
v 0.031998 -0.029189 0.019988
v 0.030266 -0.032189 0.019019
v 0.030747 -0.031356 0.019044
v 0.030522 -0.031746 0.016016
v 0.030313 -0.032109 0.015632
v 0.030271 -0.032180 0.015284
v 0.030643 -0.031537 0.014732
v 0.033328 -0.025954 0.015437
v 0.033753 -0.025818 0.016598
v 0.033673 -0.025379 0.017746
v 0.033349 -0.026296 0.015165
v 0.033540 -0.026207 0.015572
v 0.033713 -0.026110 0.016457
v 0.033091 -0.026450 0.020896
v 0.033809 -0.025766 0.018458
v 0.033344 -0.026451 0.020544
v 0.033507 -0.025979 0.019911
v 0.032260 -0.027605 0.022092
v 0.033461 -0.026536 0.015378
v 0.033429 -0.026704 0.015471
v 0.032416 -0.028524 0.015824
v 0.033825 -0.025992 0.017696
v 0.033746 -0.026042 0.019061
v 0.033045 -0.027583 0.017944
v 0.033323 -0.026795 0.020633
v 0.033444 -0.026673 0.020098
v 0.033154 -0.027209 0.020463
v 0.033021 -0.027455 0.020860
v 0.031747 -0.029117 0.022401
v 0.032847 -0.027355 0.021542
v 0.031465 -0.029798 0.022288
v 0.032140 -0.028644 0.022183
v 0.030040 -0.031773 0.021706
v 0.031251 -0.029197 0.022653
v 0.026248 -0.030557 0.021642
v 0.030718 -0.030987 0.022078
v 0.032693 -0.027904 0.021593
v 0.031902 -0.029356 0.022086
v 0.031867 -0.029405 0.022010
v 0.031158 -0.030548 0.022015
v 0.031030 -0.030668 0.022087
v 0.030360 -0.031720 0.021605
v 0.029798 -0.032727 0.020540
v 0.031207 -0.030566 0.021653
v 0.030700 -0.031423 0.021541
v 0.030366 -0.032008 0.021041
v 0.027085 -0.028900 0.022566
v 0.028878 -0.025793 0.022428
v 0.029185 -0.025261 0.022109
v 0.027970 -0.027387 0.022942
v 0.029389 -0.024908 0.021836
v 0.029669 -0.024424 0.021357
v 0.029908 -0.024010 0.020797
v 0.030250 -0.023418 0.019566
v 0.030044 -0.023774 0.020389
v 0.030395 -0.023165 0.018063
v 0.031063 -0.023099 0.018485
v 0.030524 -0.023039 0.017874
v 0.030308 -0.023728 0.016545
v 0.030007 -0.023838 0.015083
v 0.026584 -0.029748 0.019854
v 0.026275 -0.030253 0.018257
v 0.026324 -0.029966 0.018819
v 0.029042 -0.025444 0.015591
v 0.026293 -0.030191 0.017363
v 0.026406 -0.030042 0.016387
v 0.026276 -0.030261 0.017237
v 0.026215 -0.030035 0.018107
v 0.026679 -0.029580 0.015575
v 0.026494 -0.029742 0.019504
v 0.026348 -0.029376 0.019612
v 0.026266 -0.029518 0.019367
v 0.026140 -0.029736 0.018836
v 0.026097 -0.029810 0.018554
v 0.026196 -0.029638 0.019107
v 0.026068 -0.029860 0.018265
v 0.026441 -0.029214 0.019839
v 0.026054 -0.029885 0.017972
v 0.028558 -0.025547 0.015598
v 0.028662 -0.025367 0.015806
v 0.026286 -0.029870 0.016679
v 0.026054 -0.029885 0.017678
v 0.026068 -0.029861 0.017385
v 0.026096 -0.029811 0.017096
v 0.026139 -0.029737 0.016814
v 0.026195 -0.029640 0.016542
v 0.026265 -0.029520 0.016282
v 0.026346 -0.029379 0.016037
v 0.027083 -0.028854 0.014985
v 0.026581 -0.029624 0.015886
v 0.027820 -0.027510 0.014631
v 0.027980 -0.027349 0.014426
v 0.028719 -0.025915 0.015199
v 0.028403 -0.026575 0.014716
v 0.027328 -0.028135 0.014820
v 0.026440 -0.029217 0.015810
v 0.026657 -0.028840 0.015414
v 0.026780 -0.028628 0.015251
v 0.026543 -0.029037 0.015601
v 0.027186 -0.027924 0.014913
v 0.027330 -0.027674 0.014855
v 0.027045 -0.028168 0.014999
v 0.026909 -0.028403 0.015112
v 0.027477 -0.027420 0.014826
v 0.027624 -0.027165 0.014826
v 0.027771 -0.026912 0.014854
v 0.027915 -0.026661 0.014912
v 0.028056 -0.026417 0.014997
v 0.028192 -0.026182 0.015109
v 0.028322 -0.025957 0.015248
v 0.028444 -0.025745 0.015411
v 0.028838 -0.025063 0.016278
v 0.028756 -0.025205 0.016033
v 0.028964 -0.024845 0.016809
v 0.029035 -0.024721 0.017379
v 0.029007 -0.024771 0.017091
v 0.028907 -0.024943 0.016537
v 0.029050 -0.024695 0.017967
v 0.029007 -0.024770 0.018549
v 0.029036 -0.024720 0.018260
v 0.028908 -0.024941 0.019103
v 0.028757 -0.025202 0.019607
v 0.028839 -0.025061 0.019362
v 0.028965 -0.024843 0.018830
v 0.029050 -0.024696 0.017672
v 0.028664 -0.025364 0.019835
v 0.028560 -0.025544 0.020043
v 0.028446 -0.025741 0.020230
v 0.028194 -0.026177 0.020533
v 0.028324 -0.025953 0.020394
v 0.027918 -0.026657 0.020732
v 0.027627 -0.027161 0.020819
v 0.027773 -0.026907 0.020789
v 0.028058 -0.026413 0.020646
v 0.027333 -0.027669 0.020790
v 0.027048 -0.028163 0.020648
v 0.027189 -0.027919 0.020733
v 0.026782 -0.028624 0.020397
v 0.026659 -0.028836 0.020234
v 0.026912 -0.028399 0.020535
v 0.027480 -0.027416 0.020819
v 0.026685 -0.029019 0.020143
v 0.018467 -0.024826 0.019612
v 0.018385 -0.024968 0.019367
v 0.018316 -0.025088 0.019107
v 0.018259 -0.025186 0.018836
v 0.018216 -0.025260 0.018554
v 0.018187 -0.025310 0.018265
v 0.018173 -0.025335 0.017972
v 0.018173 -0.025335 0.017678
v 0.018187 -0.025311 0.017385
v 0.018216 -0.025261 0.017096
v 0.018258 -0.025187 0.016814
v 0.018314 -0.025090 0.016542
v 0.018384 -0.024970 0.016282
v 0.018465 -0.024829 0.016037
v 0.018559 -0.024667 0.015810
v 0.018663 -0.024487 0.015601
v 0.018776 -0.024290 0.015414
v 0.018899 -0.024078 0.015251
v 0.019028 -0.023853 0.015112
v 0.019305 -0.023374 0.014913
v 0.019450 -0.023124 0.014855
v 0.019596 -0.022870 0.014826
v 0.019743 -0.022615 0.014826
v 0.019890 -0.022362 0.014854
v 0.020034 -0.022111 0.014912
v 0.020175 -0.021867 0.014997
v 0.020311 -0.021632 0.015109
v 0.020441 -0.021407 0.015248
v 0.020563 -0.021195 0.015411
v 0.020677 -0.020997 0.015598
v 0.029858 -0.032899 0.019052
v 0.029748 -0.033087 0.016491
v 0.029803 -0.032999 0.018131
v 0.030160 -0.032374 0.017931
v 0.029908 -0.032809 0.019751
v 0.030563 -0.031675 0.017488
v 0.030327 -0.032083 0.017851
v 0.030619 -0.031578 0.016287
v 0.030676 -0.031478 0.016869
v 0.030892 -0.031105 0.021122
v 0.030929 -0.031040 0.020769
v 0.030988 -0.030939 0.021487
v 0.031015 -0.030892 0.019796
v 0.031026 -0.030874 0.020269
v 0.031486 -0.030077 0.021146
v 0.031415 -0.030199 0.021456
v 0.030718 -0.031406 0.014245
v 0.032276 -0.028703 0.013839
v 0.032070 -0.029158 0.014069
v 0.032401 -0.028492 0.014014
v 0.032463 -0.028427 0.015008
v 0.032540 -0.028279 0.014691
v 0.033502 -0.026584 0.017648
v 0.033648 -0.026376 0.016758
v 0.033669 -0.026314 0.017213
v 0.029087 -0.025310 0.015906
v 0.029279 -0.024852 0.016919
v 0.029490 -0.024679 0.017837
v 0.029380 -0.024904 0.019274
v 0.029104 -0.025343 0.019912
v 0.029392 -0.024767 0.018475
v 0.029094 -0.025040 0.019248
v 0.028177 -0.026915 0.020944
v 0.027990 -0.027189 0.020947
v 0.028751 -0.025921 0.020466
v 0.028685 -0.025712 0.020200
v 0.027287 -0.028529 0.020890
v 0.027888 -0.027466 0.021076
v 0.027047 -0.028871 0.020576
v 0.026868 -0.029217 0.020353
v 0.027344 -0.028310 0.020804
v 0.028643 -0.026200 0.013044
v 0.029095 -0.025417 0.013426
v 0.029501 -0.024714 0.013978
v 0.026447 -0.030324 0.013939
v 0.027289 -0.028546 0.012973
v 0.026060 -0.030675 0.014412
v 0.025589 -0.031799 0.015807
v 0.025447 -0.031735 0.016808
v 0.025538 -0.031631 0.019843
v 0.025359 -0.031986 0.017680
v 0.025870 -0.031004 0.020837
v 0.032364 -0.027578 0.013625
v 0.028023 -0.027317 0.012697
v 0.027613 -0.028312 0.012656
v 0.029632 -0.031960 0.014161
v 0.029169 -0.033242 0.019647
v 0.032783 -0.027027 0.014149
v 0.029752 -0.032721 0.020566
v 0.032808 -0.027375 0.014063
v 0.029527 -0.033352 0.018743
v 0.029138 -0.033520 0.017342
v 0.029510 -0.032733 0.015064
v 0.029524 -0.033003 0.015499
v 0.029439 -0.033297 0.016383
v 0.029443 -0.033342 0.019180
v 0.029863 -0.032844 0.020045
v 0.029965 -0.032692 0.020146
v 0.029631 -0.033242 0.018984
v 0.029421 -0.033487 0.017840
v 0.029592 -0.033307 0.016987
v 0.029849 -0.032817 0.015459
v 0.030384 -0.032021 0.014829
v 0.029908 -0.032789 0.015679
v 0.030271 -0.031439 0.013770
v 0.030867 -0.030650 0.013396
v 0.030287 -0.031749 0.014006
v 0.031588 -0.029696 0.013369
v 0.030338 -0.031998 0.014458
v 0.031687 -0.028916 0.013192
v 0.032268 -0.028181 0.013494
v 0.030604 -0.031583 0.014254
v 0.031040 -0.030705 0.013596
v 0.031889 -0.029359 0.013659
v 0.032343 -0.028471 0.013679
v 0.032827 -0.027599 0.014117
v 0.032784 -0.027798 0.014191
v 0.028459 -0.029361 0.020262
v 0.029292 -0.028921 0.021434
v 0.029235 -0.029325 0.021626
v 0.028938 -0.029892 0.021472
v 0.030290 -0.026244 0.019504
v 0.030176 -0.026272 0.019364
v 0.029903 -0.026286 0.018862
v 0.029961 -0.026151 0.018350
v 0.030136 -0.026018 0.018049
v 0.030657 -0.025713 0.017737
v 0.031607 -0.025266 0.016619
v 0.031486 -0.025240 0.017525
v 0.031634 -0.025171 0.017268
v 0.031266 -0.025363 0.017662
v 0.027746 -0.027393 0.017819
v 0.027747 -0.027393 0.017823
v 0.027746 -0.027394 0.017826
v 0.027745 -0.027395 0.017829
v 0.027744 -0.027398 0.017830
v 0.027742 -0.027401 0.017831
v 0.019671 -0.021738 0.015389
v 0.018752 -0.023400 0.015389
v 0.018524 -0.022124 0.017418
v 0.018016 -0.024604 0.016995
v 0.034245 0.039344 0.030673
v 0.035602 0.032058 0.029278
v 0.034514 0.042563 0.032126
v 0.035228 0.043560 0.034824
v 0.035408 0.043480 0.036951
v 0.026939 0.018064 0.045500
v 0.026599 0.018697 0.040500
v 0.026500 0.019125 0.045500
v 0.026614 0.018551 0.045500
v 0.027426 0.017739 0.045500
v 0.029500 0.019125 0.040500
v 0.028000 0.017625 0.045500
v 0.028586 0.017602 0.040500
v 0.028574 0.017739 0.045500
v 0.028667 0.018044 0.040500
v 0.028084 0.017712 0.038723
v 0.001251 -0.016919 0.040135
v -0.001125 -0.017149 0.040500
v -0.001465 -0.016402 0.040500
v -0.000478 -0.017030 0.039000
v -0.000092 -0.014940 0.039096
v -0.030174 0.021379 0.045913
v -0.029401 0.018697 0.040500
v -0.028574 0.017739 0.045500
v -0.026614 0.018551 0.045500
v -0.026500 0.019125 0.045500
v -0.028000 0.017625 0.045500
v -0.026939 0.018064 0.045500
v -0.027728 0.017561 0.040246
v -0.027426 0.017739 0.045500
v -0.026754 0.018418 0.040500
v -0.026773 0.018679 0.038993
v 0.029291 0.020416 0.025500
v 0.029401 0.018697 0.030500
v 0.028574 0.017739 0.025500
v 0.026614 0.018551 0.025500
v 0.026500 0.019125 0.025500
v 0.028000 0.017625 0.025500
v 0.026939 0.018064 0.025500
v 0.027728 0.017561 0.030754
v 0.027426 0.017739 0.025500
v 0.026754 0.018418 0.030500
v 0.026773 0.018679 0.032007
v 0.001650 -0.016576 0.025403
v -0.001251 -0.016919 0.030865
v 0.001125 -0.017149 0.030500
v 0.001465 -0.016402 0.030500
v 0.000478 -0.017030 0.032000
v 0.000092 -0.014940 0.031904
v -0.026939 0.018064 0.025500
v -0.026599 0.018697 0.030500
v -0.026500 0.019125 0.025500
v -0.026614 0.018551 0.025500
v -0.027426 0.017739 0.025500
v -0.029500 0.019125 0.030500
v -0.028000 0.017625 0.025500
v -0.028586 0.017602 0.030500
v -0.028574 0.017739 0.025500
v -0.028667 0.018044 0.030500
v -0.028084 0.017712 0.032277
v -0.034673 0.039379 0.028271
v -0.031779 0.039351 0.028691
v -0.035042 0.038349 0.029813
v -0.032499 0.038764 0.040752
v -0.030007 0.038917 0.041715
v -0.035000 0.038193 0.041403
v 0.033125 0.033992 0.038663
v 0.033175 0.035353 0.030775
v 0.032781 0.033200 0.033814
v 0.034000 0.036563 0.030280
v 0.034000 0.033505 0.033338
v 0.021402 0.044025 0.026385
v 0.021250 0.044025 0.027150
v 0.021836 0.044025 0.028564
v 0.021402 0.044025 0.027915
v 0.022263 0.036005 0.026581
v -0.024597 0.044094 0.025068
v -0.024744 0.043673 0.027716
v -0.024297 0.036494 0.026209
v -0.023923 0.041661 0.028895
v -0.023250 0.043275 0.045100
v -0.024879 0.043697 0.044192
v -0.024062 0.035986 0.043142
v -0.024405 0.036525 0.044328
v 0.022796 0.043727 0.042235
v 0.021836 0.044025 0.042436
v 0.021402 0.044025 0.043085
v 0.021250 0.044025 0.043850
v 0.021836 0.044025 0.045264
v 0.021402 0.044025 0.044615
v 0.023053 0.036510 0.045189
v -0.050657 0.018756 0.046204
v -0.042949 0.013185 0.062874
v -0.041381 0.002710 0.067678
v -0.026558 -0.022996 0.067819
v -0.023920 -0.027559 0.065021
v -0.019546 -0.035435 0.056038
v -0.017259 -0.039136 0.046771
v -0.012288 -0.040423 0.038005
v -0.031377 -0.014673 0.070707
v -0.017102 -0.039269 0.047924
v 0.020510 -0.033538 0.058314
v 0.029747 -0.010904 0.072649
v 0.023286 -0.028626 0.064091
v 0.026597 -0.022924 0.067985
v 0.040700 0.010554 0.065394
v 0.042383 0.004398 0.066273
v 0.046696 0.011902 0.059757
v 0.047109 0.020165 0.051240
v 0.049433 0.022025 0.035449
v 0.051042 0.019400 0.043758
v 0.049415 0.016602 0.052295
v -0.031464 0.029525 0.047000
v -0.024918 0.030011 0.059901
v -0.030316 0.030172 0.052825
v -0.021233 0.029525 0.061412
v 0.000000 0.031525 0.071000
v -0.015369 0.030001 0.066647
v -0.020342 0.031525 0.064594
v -0.010063 0.029525 0.067453
v -0.000386 0.029524 0.069189
v -0.005478 0.033616 0.071005
v -0.007599 0.029525 0.068127
v -0.011677 0.031520 0.069043
v -0.002705 0.031525 0.070897
v -0.012142 -0.028824 0.012217
v -0.009168 -0.036385 0.028723
v 0.046318 0.007848 0.034540
v 0.045659 0.008071 0.035500
v 0.046098 0.008832 0.033379
v 0.045143 0.010227 0.032142
v 0.049439 0.013700 0.034455
v 0.043249 0.016961 0.034805
v 0.039508 0.012094 0.036574
v 0.017298 -0.039665 0.045427
v 0.019490 -0.037059 0.052025
v 0.020911 -0.034162 0.057164
v 0.023583 -0.030039 0.061898
v 0.027321 -0.023502 0.066945
v 0.032188 -0.015040 0.069616
v 0.016724 -0.040564 0.035019
v 0.035087 -0.010125 0.069870
v 0.040371 -0.000888 0.067912
v 0.051458 0.018137 0.043844
v 0.043727 0.005685 0.064507
v 0.042168 0.002025 0.054279
v 0.042614 0.002797 0.051410
v 0.034564 0.006920 0.051693
v 0.035204 0.009966 0.053699
v 0.044779 0.006547 0.051466
v 0.017620 -0.021765 0.050278
v 0.027259 -0.023797 0.053178
v 0.026298 -0.025462 0.050868
v 0.044056 0.005295 0.016152
v 0.034521 0.006820 0.016440
v 0.035324 0.010157 0.018379
v 0.023976 -0.031364 0.014335
v 0.027066 -0.024131 0.016156
v 0.017613 -0.020806 0.015927
v -0.045659 0.008071 0.035500
v -0.040389 0.011177 0.034429
v -0.045746 0.008223 0.034408
v -0.051439 0.019338 0.040965
v -0.048726 0.014749 0.054093
v -0.046614 0.010690 0.059720
v -0.041855 0.002624 0.066547
v -0.037954 -0.004718 0.069366
v -0.027067 -0.023435 0.066825
v -0.024138 -0.028123 0.063708
v -0.032983 -0.013884 0.069535
v -0.031003 -0.016543 0.069483
v -0.021079 -0.034409 0.057007
v -0.017155 -0.040479 0.039784
v -0.017376 -0.040720 0.035148
v -0.017591 -0.039810 0.043991
v -0.019378 -0.036124 0.054151
v -0.035478 0.009167 0.050278
v -0.044505 0.006073 0.050881
v -0.042242 0.002154 0.053677
v -0.042343 0.002328 0.052221
v -0.042614 0.002797 0.051410
v -0.027056 -0.024149 0.052592
v -0.026704 -0.024759 0.051410
v -0.026298 -0.025462 0.050868
v -0.024834 -0.027998 0.051206
v -0.017225 -0.021477 0.051179
v -0.037043 0.011329 0.018386
v -0.044559 0.006168 0.015948
v -0.034403 0.007925 0.015679
v -0.042415 0.002454 0.016184
v -0.019262 -0.019540 0.016759
v -0.027066 -0.024131 0.016156
v -0.024840 -0.029601 0.015327
v -0.016370 -0.023309 0.016390
v 0.030935 0.034848 0.032318
v 0.029500 0.037879 0.030613
v 0.031750 0.033728 0.036253
v 0.031000 0.038788 0.040456
v 0.029500 0.034198 0.037375
v 0.031300 0.035808 0.039604
v -0.008027 0.046025 0.065217
v -0.006781 0.031525 0.064887
v 0.012629 0.031525 0.064563
v -0.000703 0.046025 0.063467
v -0.002865 0.043789 0.062387
v 0.015466 0.048476 0.004482
v 0.027133 0.047590 0.012741
v 0.010500 0.048269 0.002365
v 0.001719 0.046522 -0.000005
v 0.033990 0.048544 0.029425
v 0.033870 0.047637 0.045258
v 0.020893 0.048806 0.060380
v 0.005240 0.046522 0.070657
v 0.015600 0.047872 0.067273
v 0.000000 0.046525 0.071000
v 0.034939 0.048126 0.036275
v -0.001367 0.048239 0.003764
v -0.011177 0.047909 0.006045
v -0.026312 0.047689 0.017332
v -0.030096 0.048758 0.023293
v -0.018572 0.048294 0.009701
v -0.031609 0.048200 0.039139
v -0.031828 0.048754 0.040222
v -0.029409 0.046987 0.046566
v -0.019388 0.048688 0.062534
v -0.015076 0.048324 0.063666
v -0.023626 0.047016 0.056155
v -0.031712 0.048361 0.034355
v -0.018488 0.046025 0.009653
v -0.024303 0.046025 0.015460
v -0.030147 0.047471 0.026866
v -0.001058 0.046962 0.067021
v -0.030974 0.046025 0.029366
v -0.031094 0.046025 0.040724
v -0.017985 0.046025 0.061393
v 0.015726 0.029525 0.022534
v 0.016683 0.029525 0.022824
v 0.014071 0.029525 0.021429
v 0.012966 0.029525 0.019774
v 0.013437 0.029525 0.020656
v 0.014844 0.029525 0.022063
v 0.017678 0.029525 0.022922
v 0.012676 0.029525 0.018817
v 0.014350 0.033825 0.022472
v 0.012676 0.029525 0.016827
v 0.013437 0.029525 0.014989
v 0.012966 0.029525 0.015871
v 0.014844 0.029525 0.013582
v 0.016053 0.031675 0.012968
v 0.014071 0.029525 0.014216
v 0.012578 0.029525 0.017822
v -0.018558 0.029525 0.022909
v -0.020806 0.032848 0.022212
v -0.022626 0.029525 0.019477
v -0.018269 0.029525 0.012735
v -0.022773 0.032320 0.016543
v -0.023160 0.030776 0.014475
v 0.015726 0.029525 0.057889
v 0.014071 0.029525 0.056784
v 0.012872 0.030698 0.055109
v 0.015321 0.033825 0.058387
v 0.014844 0.029525 0.057418
v 0.017806 0.029525 0.058338
v 0.016683 0.029525 0.048176
v 0.017678 0.029525 0.048078
v 0.012676 0.029525 0.052183
v 0.013437 0.029525 0.050344
v 0.012966 0.029525 0.051226
v 0.014844 0.029525 0.048937
v 0.015726 0.029525 0.048466
v 0.014071 0.029525 0.049571
v 0.012578 0.029525 0.053178
v -0.021579 0.029525 0.056496
v -0.020853 0.032848 0.057557
v -0.017020 0.029525 0.058354
v -0.022714 0.029525 0.054310
v -0.018269 0.029525 0.048090
v -0.022783 0.032631 0.051998
v -0.020710 0.031675 0.048905
v 0.010290 -0.022885 0.043162
v 0.014909 0.033825 0.020591
v 0.013958 0.046025 0.018306
v 0.013524 0.033825 0.015277
v -0.019943 0.033825 0.021213
v -0.012656 0.046025 0.016702
v -0.021788 0.046025 0.018640
v -0.018864 0.033825 0.013780
v 0.014909 0.033825 0.055946
v 0.012320 0.046025 0.054713
v 0.015021 0.046025 0.049486
v 0.014137 0.033825 0.049496
v -0.021162 0.033825 0.055506
v -0.020227 0.046025 0.050289
v -0.034047 -0.010703 0.070152
v -0.035996 -0.006671 0.070568
v -0.045889 0.010131 0.061352
v -0.050326 0.016575 0.049335
v -0.051505 0.019878 0.036090
v 0.050852 0.019067 0.040864
v 0.050472 0.018097 0.045537
v 0.049142 0.015464 0.052643
v 0.046612 0.010548 0.059874
v 0.036148 -0.006996 0.069937
v 0.024186 -0.027120 0.064254
v 0.017169 -0.040498 0.039947
v 0.035505 0.033223 0.037330
v 0.034392 0.036324 0.031296
v 0.033609 0.035865 0.040286
v 0.034366 0.033783 0.034695
v 0.034751 0.036299 0.039988
v 0.034267 0.036965 0.039987
v 0.033700 0.033168 0.036202
v 0.009503 -0.037520 0.031839
v 0.012731 -0.040360 0.040591
v 0.011247 -0.034531 0.050658
v 0.014030 -0.026398 0.060981
v 0.017987 -0.022794 0.066130
v 0.012240 -0.032821 0.054323
v 0.031490 0.000544 0.070122
v 0.037658 0.011225 0.064344
v 0.041577 0.018021 0.056592
v 0.043590 0.023397 0.044987
v 0.035856 0.029049 0.042399
v -0.048940 0.021765 0.035500
v -0.048883 0.021676 0.038234
v -0.044512 0.024187 0.038111
v -0.048219 0.022060 0.038232
v -0.041950 0.018647 0.055538
v -0.041742 0.025727 0.035075
v -0.042011 0.025628 0.037079
v -0.043478 0.023542 0.044695
v -0.035303 0.007129 0.067222
v -0.025841 -0.009283 0.070909
v -0.021014 -0.017561 0.068951
v -0.030658 -0.000903 0.070572
v -0.010638 -0.035587 0.048343
v -0.015835 -0.026594 0.062640
v -0.017496 -0.023708 0.065096
v -0.048273 0.022171 0.034613
v -0.048894 0.021676 0.032830
v -0.015792 -0.037226 0.017787
v -0.015890 -0.032802 0.011937
v -0.018577 -0.029185 0.007517
v -0.021312 -0.024476 0.003512
v -0.023829 -0.016689 0.000455
v -0.030058 -0.010101 -0.001297
v -0.046437 0.023211 0.035500
v -0.043475 0.024847 0.033367
v -0.042533 0.004608 0.004811
v -0.042832 0.011568 0.007504
v -0.037808 0.006519 0.002736
v -0.030072 -0.001910 0.000420
v -0.039520 0.017283 0.013327
v -0.045031 0.016878 0.013028
v -0.045641 0.022562 0.025692
v 0.003777 0.043016 0.000196
v 0.008246 0.043772 0.000979
v 0.009123 0.042773 0.001220
v -0.000000 0.037041 0.000000
v 0.032571 0.037478 0.016052
v 0.027396 0.031531 0.012876
v 0.003371 0.036136 0.000169
v 0.003885 0.031521 0.000084
v 0.009866 0.034933 0.001430
v 0.035806 0.032020 0.035329
v 0.035584 0.031444 0.035436
v 0.021579 0.031519 0.007157
v 0.022607 0.029177 0.057628
v 0.021579 0.031519 0.063843
v 0.011071 0.041018 0.069229
v 0.015685 0.031525 0.067347
v 0.028977 0.031531 0.056045
v 0.011071 0.039726 0.069229
v 0.010428 0.041018 0.069434
v 0.010846 0.038413 0.069273
v 0.008424 0.039879 0.069966
v 0.004218 0.041018 0.070749
v 0.002087 0.039688 0.070905
v 0.004247 0.039777 0.070724
v 0.002845 0.039192 0.070872
v 0.003494 0.040998 0.070808
v 0.000000 0.039025 0.071000
v 0.034462 0.030525 0.044404
v 0.010509 0.037152 0.069386
v 0.005774 0.036630 0.070514
v 0.009417 0.035289 0.070272
v 0.002459 0.036583 0.070886
v 0.005477 0.031518 0.070637
v 0.000091 0.037314 0.071002
v 0.003303 0.037133 0.070823
v 0.000116 0.036856 0.070971
v 0.011276 -0.022622 0.045500
v 0.012547 -0.024279 0.045500
v 0.001298 -0.015075 0.045500
v 0.040099 0.023441 0.045500
v 0.004937 -0.018644 0.045498
v 0.001060 -0.017289 0.045553
v 0.000574 -0.014489 0.045500
v 0.034384 0.028608 0.045019
v 0.000000 -0.014375 0.045500
v 0.026614 0.019699 0.045500
v 0.026939 0.020186 0.045500
v -0.026614 0.019699 0.045500
v 0.029537 0.020152 0.045500
v -0.000574 -0.014489 0.045500
v -0.001165 -0.017229 0.045569
v -0.001907 -0.016201 0.045553
v -0.011276 -0.022622 0.045500
v -0.012547 -0.024279 0.045500
v -0.033450 0.028025 0.045500
v -0.028000 0.020798 0.045500
v -0.009307 0.048000 0.069249
v -0.006160 0.044203 0.070671
v -0.007968 0.043789 0.070087
v -0.013585 0.046525 0.068298
v -0.000353 0.039365 0.070985
v -0.002762 0.040798 0.070876
v -0.011190 0.041145 0.069190
v -0.011286 0.038649 0.069158
v -0.029472 0.047366 0.055203
v -0.034474 0.046510 0.044140
v -0.035337 0.044247 0.043089
v -0.035779 0.043331 0.029020
v -0.034623 0.039985 0.042994
v -0.034967 0.039238 0.030461
v -0.001178 0.038845 0.070944
v -0.002512 0.036747 0.070897
v -0.004417 0.034811 0.070719
v -0.010976 0.036483 0.069231
v -0.034880 0.039483 0.040535
v -0.030329 0.046432 0.014225
v -0.032317 0.031525 0.020808
v -0.023457 0.031519 0.008828
v -0.020342 0.031525 0.006406
v -0.013585 0.046525 0.002702
v -0.035625 0.033731 0.028091
v -0.010791 0.041001 0.001680
v -0.010148 0.041001 0.001481
v -0.009583 0.038107 0.001334
v -0.009326 0.039468 0.001274
v -0.010791 0.039709 0.001680
v -0.003937 0.041001 0.000219
v -0.003966 0.039760 0.000243
v -0.001339 0.039754 0.000048
v -0.002518 0.039260 0.000116
v -0.011685 0.037416 0.001990
v -0.007046 0.039517 0.000732
v -0.028901 0.031521 0.014673
v -0.010751 0.039060 0.001691
v -0.010148 0.037619 0.001481
v -0.007650 0.036253 0.000838
v -0.006489 0.037939 0.000614
v -0.004217 0.036453 0.000272
v -0.006659 0.031509 0.000516
v -0.043867 0.024635 0.037754
v 0.050361 0.018573 0.023500
v 0.042710 0.024095 0.026723
v 0.051210 0.019841 0.029751
v 0.044311 0.018405 0.014601
v 0.041247 0.010393 0.005796
v 0.025917 -0.009130 -0.000214
v 0.035604 0.000718 -0.000020
v 0.021184 -0.017320 0.002172
v 0.016908 -0.033075 0.011394
v 0.012399 -0.037124 0.021442
v 0.023557 -0.022345 0.002128
v 0.016883 -0.024757 0.006720
v 0.016184 -0.040581 0.028286
v 0.034583 0.039577 0.040284
v 0.033571 0.042971 0.038921
v 0.016235 -0.041043 0.037032
v 0.017606 -0.038678 0.022747
v 0.020003 -0.034680 0.014559
v 0.023922 -0.028050 0.007045
v 0.026897 -0.022719 0.003513
v 0.051315 0.019820 0.035146
v 0.033331 -0.011989 0.000730
v 0.041313 0.002082 0.003820
v 0.049690 0.016154 0.019907
v 0.050816 0.018718 0.026940
v -0.049658 0.016600 0.020450
v -0.038870 -0.002506 0.002137
v -0.029179 -0.019560 0.002383
v -0.024055 -0.027416 0.006771
v -0.017738 -0.038311 0.022041
v -0.012906 0.046025 0.007892
v -0.026446 0.045480 0.023967
v -0.024000 0.046025 0.023600
v -0.012000 0.046025 0.023600
v -0.024000 0.046025 0.047400
v -0.010401 0.046025 0.021914
v 0.000000 0.046025 0.023000
v 0.013138 0.046155 0.007194
v 0.012000 0.046025 0.023600
v 0.024000 0.046025 0.023600
v 0.010625 0.046025 0.021667
v 0.030900 0.046025 0.035500
v 0.031165 0.046198 0.032224
v 0.030111 0.046025 0.026673
v 0.007143 0.046025 0.048000
v 0.009976 0.046025 0.048872
v -0.030900 0.046025 0.035500
v -0.029210 0.046025 0.045407
v -0.009889 0.046025 0.048759
v -0.012356 0.046025 0.053015
v -0.018713 0.046025 0.057062
v -0.013377 0.046025 0.063457
v 0.024000 0.046025 0.047400
v 0.030974 0.046025 0.041634
v 0.029795 0.046025 0.045811
v -0.007143 0.046025 0.048000
v 0.022054 0.046193 0.056676
v 0.013361 0.046025 0.064065
v -0.015634 0.033825 0.048739
v -0.013108 0.033825 0.052389
v 0.021493 0.033825 0.049641
v 0.021604 0.033825 0.052224
v 0.020385 0.033825 0.014762
v 0.021820 0.033825 0.019562
v -0.016855 0.032750 0.013166
v -0.014887 0.030021 0.003952
v 0.007599 0.029525 0.002873
v -0.001687 0.029523 0.001763
v -0.010063 0.029525 0.003547
v 0.010063 0.029525 0.003547
v -0.014071 0.029525 0.014216
v -0.015343 0.029525 0.013263
v -0.012966 0.029525 0.015871
v -0.013437 0.029525 0.014989
v 0.019080 0.029523 0.007499
v 0.018193 0.031532 0.012646
v 0.022537 0.029166 0.014391
v -0.029002 0.029525 0.018497
v -0.012578 0.029525 0.017822
v -0.012676 0.029525 0.016827
v -0.012966 0.029525 0.019774
v -0.012676 0.029525 0.018817
v -0.031464 0.029525 0.024000
v -0.014844 0.029525 0.022063
v -0.014071 0.029525 0.021429
v -0.013437 0.029525 0.020656
v -0.016683 0.029525 0.022824
v -0.015726 0.029525 0.022534
v 0.027976 0.029988 0.014542
v 0.031464 0.029525 0.024000
v 0.022531 0.029525 0.020845
v -0.015726 0.029525 0.048466
v -0.016683 0.029525 0.048176
v -0.013437 0.029525 0.050344
v -0.014071 0.029525 0.049571
v -0.014844 0.029525 0.048937
v -0.012676 0.029525 0.052183
v -0.012966 0.029525 0.051226
v 0.031464 0.029525 0.047000
v 0.031215 0.029849 0.050474
v 0.022327 0.029525 0.049850
v -0.012591 0.029525 0.054058
v -0.014844 0.029525 0.057418
v -0.013662 0.029525 0.056357
v 0.012468 0.029525 0.066593
v 0.010063 0.029525 0.067453
v 0.007599 0.029525 0.068127
v 0.017893 0.029525 0.063961
v -0.036014 0.028159 0.044453
v -0.035592 0.030187 0.039265
v -0.035723 0.029974 0.032964
v -0.034341 0.030581 0.044571
v -0.035632 0.030817 0.035500
v -0.034919 0.029798 0.027823
v 0.035672 0.028455 0.026669
v 0.035776 0.030285 0.036775
v -0.011276 -0.022622 0.025500
v -0.012547 -0.024279 0.025500
v -0.001644 -0.016686 0.025500
v -0.004772 -0.019929 0.026158
v -0.040099 0.023441 0.025500
v -0.000755 -0.017956 0.025500
v -0.000574 -0.014489 0.025500
v -0.035067 0.028634 0.026287
v -0.033450 0.028025 0.025500
v -0.000000 -0.014375 0.025500
v -0.026614 0.019699 0.025500
v -0.026939 0.020186 0.025500
v 0.026614 0.019699 0.025500
v -0.029537 0.020152 0.025500
v 0.000574 -0.014489 0.025500
v 0.004663 -0.018733 0.025500
v 0.009124 -0.021004 0.025500
v 0.011276 -0.022622 0.025500
v 0.012547 -0.024279 0.025500
v 0.033450 0.028025 0.025500
v 0.039502 0.023664 0.025511
v -0.026010 -0.004962 0.023500
v -0.041204 0.021356 0.023500
v -0.036749 0.013643 0.010298
v -0.029263 0.000686 0.002295
v -0.010815 -0.031279 0.047500
v -0.041204 0.021356 0.047500
v -0.041520 0.020770 0.051401
v -0.023108 -0.009975 0.069166
v -0.033799 0.008546 0.065368
v -0.022829 -0.010470 0.002427
v -0.010815 -0.031279 0.023500
v -0.013271 -0.027830 0.059415
v -0.009286 -0.033924 0.044448
v 0.010815 -0.031279 0.023500
v 0.011369 -0.030790 0.017030
v 0.008367 -0.035469 0.039474
v 0.010815 -0.031279 0.047500
v 0.018003 -0.018801 0.004687
v 0.029676 0.001401 0.002490
v 0.038527 0.016731 0.013479
v 0.041204 0.021356 0.023500
v 0.031759 0.005000 0.066936
v 0.023566 -0.009188 0.069124
v 0.038635 0.016914 0.057074
v 0.041204 0.021356 0.047500
v -0.004267 -0.020556 0.043495
v -0.006000 -0.021570 0.027500
v 0.011299 -0.023931 0.027860
v -0.010527 -0.026265 0.040193
v -0.010620 -0.024713 0.027626
v -0.019855 0.048762 0.008933
v -0.006302 0.047874 0.000978
v -0.033397 0.048526 0.031021
v 0.017778 0.048525 0.008893
v 0.023984 0.048435 0.014462
v 0.028468 0.048412 0.021377
v 0.031846 0.048525 0.032363
v -0.031080 0.047737 0.042836
v -0.030950 0.048525 0.048320
v -0.020549 0.048425 0.063506
v 0.027467 0.048525 0.051963
v 0.027635 0.048305 0.056600
v 0.024736 0.048525 0.055801
v 0.022627 0.048525 0.058127
v 0.031728 0.048525 0.039925
v 0.040739 0.022978 0.025339
v 0.012617 -0.025964 0.025285
v 0.041181 0.022443 0.024892
v 0.012293 -0.027772 0.024792
v 0.011674 -0.029557 0.024174
v 0.041345 0.021886 0.024242
v -0.040738 0.022979 0.025339
v -0.012617 -0.025964 0.025285
v -0.041180 0.022445 0.024893
v -0.012293 -0.027772 0.024792
v -0.011674 -0.029557 0.024174
v -0.041345 0.021887 0.024244
v 0.040738 0.022979 0.045661
v 0.011674 -0.029557 0.046826
v 0.012617 -0.025964 0.045715
v 0.012293 -0.027772 0.046208
v 0.041345 0.021887 0.046756
v 0.041180 0.022445 0.046107
v -0.040739 0.022978 0.045661
v -0.012617 -0.025964 0.045715
v -0.011674 -0.029557 0.046826
v -0.041345 0.021886 0.046758
v -0.012293 -0.027772 0.046208
v -0.041181 0.022443 0.046108
v -0.014865 0.033825 0.057336
v 0.022162 0.033825 0.054535
v 0.020511 0.033825 0.057418
v 0.021284 0.033825 0.056784
v -0.013126 0.033825 0.016127
v -0.014866 0.033825 0.022097
v 0.021601 0.033825 0.015137
v 0.022778 0.033825 0.017822
v 0.020438 0.033825 0.022184
v -0.001370 0.046025 0.056214
v 0.000545 0.045867 0.056639
v 0.003656 0.046025 0.058787
v 0.005399 0.046431 0.064370
v 0.003264 0.048337 0.067074
v 0.010925 0.047148 0.065045
v 0.029835 0.048227 0.046358
v 0.030144 0.048025 0.026356
v 0.023344 0.046212 0.015145
v 0.007690 0.031525 0.004740
v 0.020072 0.046160 0.012727
v 0.007258 0.048387 0.004520
v 0.002330 0.041925 0.062600
v 0.000486 0.041925 0.056790
v -0.013319 0.031525 0.009918
v -0.011114 0.031525 0.005324
v 0.013299 0.031525 0.009743
v 0.012465 0.031525 0.007072
v 0.008926 0.031525 0.022734
v 0.010997 0.031525 0.020099
v -0.010943 0.031525 0.019931
v -0.008855 0.031525 0.022782
v 0.012328 0.031525 0.057922
v 0.006168 0.031525 0.062925
v 0.000827 0.031525 0.056029
v -0.002708 0.031525 0.056699
v -0.004253 0.031525 0.059029
v -0.012926 0.031525 0.062319
v -0.011085 0.031525 0.065043
v -0.003293 0.031525 0.046115
v -0.010950 0.031525 0.050461
v 0.010842 0.031525 0.050037
v 0.031136 0.041029 0.040132
v 0.029500 0.043726 0.035851
v 0.031971 0.043386 0.037419
v 0.031848 0.042686 0.032248
v 0.031060 0.039216 0.030355
v -0.048976 0.015792 0.017201
v -0.036705 -0.005447 0.000579
v -0.031568 -0.014381 0.000505
v -0.029512 -0.017920 0.001334
v -0.016215 -0.040973 0.038820
v -0.050862 0.017071 0.022668
v -0.043957 0.005124 0.020502
v -0.042614 0.002797 0.019590
v -0.044975 0.006888 0.008179
v -0.033475 -0.012906 0.000829
v -0.042343 0.002328 0.018779
v -0.026704 -0.024759 0.019590
v -0.040566 -0.000750 0.003365
v -0.047527 0.013333 0.038015
v -0.046585 0.009675 0.038272
v -0.044208 0.005560 0.055306
v -0.045773 0.008269 0.036648
v -0.043002 0.003471 0.055568
v -0.024955 -0.027790 0.007213
v -0.025197 -0.027369 0.020367
v -0.018559 -0.037954 0.020272
v -0.016717 -0.040633 0.030888
v -0.026755 -0.024670 0.055048
v -0.025001 -0.027709 0.055342
v -0.018071 -0.021631 0.020641
v -0.034995 0.007641 0.020153
v -0.017352 -0.022950 0.055336
v -0.018574 -0.020822 0.055542
v -0.035037 0.009017 0.055803
v -0.040362 0.014670 0.035020
v 0.049853 0.017441 0.020662
v 0.038806 -0.002118 0.002040
v 0.031584 -0.014286 0.000243
v 0.016289 -0.040811 0.030867
v 0.048324 0.012689 0.037612
v 0.045731 0.008197 0.036483
v 0.043744 0.004755 0.055654
v 0.026704 -0.024759 0.019590
v 0.042614 0.002797 0.019590
v 0.047115 0.011477 0.012064
v 0.044712 0.006430 0.007587
v 0.043295 0.003978 0.020331
v 0.042343 0.002328 0.018779
v 0.026298 -0.025462 0.055487
v 0.025258 -0.027264 0.055538
v 0.024610 -0.028387 0.051560
v 0.037995 -0.005203 0.001957
v 0.027474 -0.023425 0.004424
v 0.032979 -0.013891 0.001383
v 0.025197 -0.027369 0.020367
v 0.017796 -0.040188 0.029222
v 0.022567 -0.031924 0.011317
v 0.017526 -0.022576 0.020488
v 0.036779 0.010699 0.019163
v 0.019101 -0.019920 0.054519
v 0.017025 -0.022106 0.055463
v 0.036779 0.010699 0.054519
v -0.032636 0.028697 0.025341
v 0.032636 0.028697 0.025341
v -0.032124 0.029256 0.024857
v 0.032124 0.029256 0.024857
v 0.032636 0.028697 0.045659
v -0.032636 0.028697 0.045659
v 0.032124 0.029256 0.046143
v -0.032124 0.029256 0.046143
v -0.032544 0.044025 0.032213
v -0.024000 0.044025 0.023600
v -0.021836 0.044025 0.025736
v -0.022152 0.043586 0.026213
v -0.021250 0.044025 0.027150
v -0.021902 0.043482 0.027770
v -0.021836 0.044025 0.028564
v -0.022485 0.044025 0.028998
v -0.022485 0.044025 0.042002
v 0.024000 0.044025 0.023600
v 0.029569 0.045208 0.025053
v 0.022992 0.043640 0.025509
v 0.025230 0.044024 0.027544
v 0.029709 0.044025 0.026477
v 0.022548 0.043669 0.028653
v -0.021250 0.044025 0.043850
v -0.021836 0.044025 0.042436
v -0.021402 0.044025 0.044615
v -0.026184 0.044074 0.047221
v -0.024000 0.044025 0.047400
v 0.024896 0.043809 0.043775
v 0.022717 0.043765 0.045741
v 0.025346 0.044025 0.047267
v 0.030824 0.044128 0.042381
v 0.027373 0.044025 0.046553
v 0.022742 0.035979 0.042811
v 0.024134 0.043275 0.042966
v 0.024223 0.037674 0.045420
v -0.022156 0.036134 0.044490
v -0.022146 0.043244 0.044623
v -0.022025 0.043611 0.043142
v -0.023559 0.043752 0.042289
v -0.022515 0.035885 0.027072
v 0.023053 0.036510 0.028489
v 0.023645 0.038014 0.026146
v 0.024230 0.040411 0.027606
v 0.034610 0.041108 0.040161
v 0.034756 0.043313 0.033697
v 0.034000 0.039772 0.029972
v 0.033500 0.044453 0.033953
v 0.032500 0.039182 0.029844
v 0.032500 0.042265 0.030930
v 0.032500 0.044304 0.036755
v 0.033083 0.038401 0.041249
v 0.047805 0.022190 0.035372
v 0.041169 0.026249 0.035686
v -0.042418 0.025388 0.035705
v -0.043641 0.024603 0.033530
v -0.043439 0.024719 0.037806
v -0.048836 0.021594 0.038234
v -0.048845 0.021590 0.032830
v -0.046160 0.023140 0.036200
v -0.044348 0.024186 0.037308
v -0.048177 0.021975 0.034559
v -0.034554 0.040087 0.042475
v -0.034705 0.040606 0.041619
v -0.029722 0.040427 0.040986
v -0.030349 0.039917 0.039890
v -0.034818 0.040369 0.029979
v -0.034714 0.040550 0.029379
v -0.034708 0.040296 0.028529
v -0.029902 0.039525 0.031173
v -0.030079 0.040386 0.029612
v -0.004137 0.036462 0.070733
v -0.005198 0.039122 0.070598
v -0.004837 0.038451 0.070641
v -0.006380 0.038924 0.070393
v -0.005792 0.036496 0.070509
v -0.006589 0.038462 0.070353
v -0.007260 0.036456 0.070206
v -0.007848 0.037364 0.070112
v -0.010003 0.038201 0.069533
v -0.008496 0.041885 0.069944
v -0.009262 0.043323 0.069751
v -0.007273 0.041530 0.070231
v -0.006559 0.039785 0.070365
v -0.004374 0.039249 0.070702
v -0.011286 0.039645 0.069106
v -0.011040 0.041770 0.069187
v -0.011286 0.038649 0.069106
v -0.009791 0.034899 0.069616
v -0.011104 0.036925 0.069166
v -0.002795 0.037189 0.070840
v -0.003702 0.042821 0.070756
v -0.003177 0.042200 0.070836
v -0.007529 0.040884 0.070187
v 0.011950 0.037024 0.068907
v 0.012068 0.039407 0.068872
v 0.011071 0.039726 0.069177
v 0.011071 0.041018 0.069177
v 0.010428 0.041018 0.069381
v 0.012067 0.036442 0.068833
v 0.011938 0.036379 0.068910
v 0.010731 0.036823 0.069314
v 0.009014 0.037157 0.069817
v 0.009307 0.038553 0.069726
v 0.007623 0.037330 0.070137
v 0.008745 0.039064 0.069870
v 0.008143 0.039072 0.070037
v 0.007624 0.038790 0.070148
v 0.006885 0.038084 0.070275
v 0.010038 0.037561 0.069525
v 0.009575 0.039303 0.069632
v 0.008888 0.036470 0.069820
v 0.006699 0.038048 0.070350
v 0.006386 0.039315 0.070396
v 0.006355 0.036788 0.070376
v 0.003574 0.041018 0.070769
v 0.004218 0.041018 0.070698
v 0.004218 0.039726 0.070698
v 0.005978 0.037495 0.070460
v 0.005819 0.038851 0.070490
v 0.004325 0.039178 0.070719
v 0.004262 0.037561 0.070722
v 0.004627 0.037148 0.070675
v 0.000980 0.037214 0.070962
v 0.002177 0.037157 0.070914
v 0.000738 0.037517 0.070955
v 0.002410 0.038851 0.070887
v 0.000847 0.038931 0.070971
v 0.000555 0.039534 0.070983
v 0.003035 0.038725 0.070820
v -0.001738 0.039208 0.070935
v -0.001343 0.036476 0.070964
v -0.008741 0.041204 0.069881
v -0.009210 0.040525 0.069754
v -0.009166 0.038285 0.069785
v -0.009260 0.038801 0.069734
v -0.008630 0.037832 0.069908
v -0.007194 0.039311 0.070242
v -0.011787 0.039709 0.002027
v -0.010791 0.039709 0.001732
v -0.010791 0.041001 0.001732
v -0.010148 0.041001 0.001533
v -0.010148 0.037619 0.001533
v -0.010736 0.037003 0.001695
v -0.009026 0.038536 0.001199
v -0.008414 0.037074 0.001031
v -0.007343 0.037313 0.000803
v -0.008464 0.039047 0.001060
v -0.007862 0.039055 0.000898
v -0.007344 0.038773 0.000792
v -0.008999 0.036536 0.001205
v -0.006105 0.039298 0.000554
v -0.005950 0.036790 0.000525
v -0.003435 0.036872 0.000195
v -0.003263 0.040998 0.000161
v -0.003937 0.041001 0.000269
v -0.003937 0.039709 0.000269
v -0.005697 0.037478 0.000493
v -0.005538 0.038835 0.000464
v -0.004045 0.039161 0.000248
v -0.003981 0.037545 0.000246
v -0.004346 0.037131 0.000289
v -0.001732 0.036371 0.000065
v -0.000118 0.036839 0.000038
v -0.001749 0.037093 0.000053
v -0.002208 0.038170 0.000097
v -0.000516 0.037321 0.000036
v -0.002618 0.037609 0.000123
v -0.001855 0.038983 0.000085
v -0.000566 0.038914 0.000021
v 0.002736 0.038102 0.000129
v 0.000759 0.039809 0.000030
v 0.000197 0.039110 0.000025
v 0.001423 0.038901 0.000054
v 0.001624 0.036459 0.000047
v 0.002240 0.036457 0.000096
v 0.004395 0.036449 0.000317
v 0.005060 0.036444 0.000406
v 0.005261 0.038938 0.000399
v 0.006408 0.039119 0.000612
v 0.007065 0.036850 0.000734
v 0.007280 0.036439 0.000796
v 0.007992 0.037140 0.000921
v 0.010038 0.036217 0.001460
v 0.010026 0.039890 0.001474
v 0.008293 0.041814 0.001009
v 0.006355 0.039733 0.000598
v 0.005558 0.039721 0.000460
v 0.006877 0.039681 0.000716
v 0.004499 0.038681 0.000303
v 0.004932 0.039447 0.000365
v 0.011252 0.042278 0.001856
v 0.007279 0.034339 0.000762
v 0.010492 0.032029 0.001430
v 0.004345 0.035094 0.000297
v 0.007645 0.041242 0.000849
v 0.009022 0.041187 0.001192
v 0.009304 0.037945 0.001258
v 0.009490 0.040508 0.001323
v 0.007991 0.037989 0.000931
v 0.007382 0.039549 0.000780
v 0.007686 0.040288 0.000894
v -0.026845 0.019603 0.032000
v -0.028151 0.020490 0.031741
v -0.027116 0.020009 0.030500
v -0.029355 0.019592 0.030500
v -0.028853 0.020402 0.030500
v -0.026723 0.019978 0.030500
v 0.000517 -0.014341 0.030736
v 0.029312 0.018795 0.032015
v 0.027506 0.020515 0.031537
v 0.028943 0.020376 0.030500
v 0.028884 0.020009 0.030500
v -0.029312 0.018795 0.038985
v -0.027506 0.020515 0.039463
v -0.028943 0.020376 0.040500
v -0.028884 0.020009 0.040500
v -0.000517 -0.014341 0.040264
v 0.026845 0.019603 0.039000
v 0.028151 0.020490 0.039259
v 0.027116 0.020009 0.040500
v 0.029355 0.019592 0.040500
v 0.028853 0.020402 0.040500
v 0.026723 0.019978 0.040500
v -0.037240 0.039327 0.040773
v -0.037238 0.039189 0.040789
v -0.037219 0.039068 0.040844
v -0.037088 0.038257 0.041658
v -0.037148 0.038437 0.041302
v -0.037207 0.039620 0.040778
v -0.036791 0.039301 0.043278
v -0.037147 0.039498 0.040781
v -0.037142 0.039254 0.040810
v -0.037137 0.039136 0.040842
v -0.037146 0.039375 0.040790
v -0.037129 0.039022 0.040885
v -0.037119 0.038912 0.040939
v -0.036721 0.039188 0.043197
v -0.036717 0.039308 0.043224
v -0.037108 0.038808 0.041003
v -0.037196 0.038787 0.040989
v -0.037095 0.038711 0.041077
v -0.037094 0.038458 0.041336
v -0.037064 0.038542 0.041252
v -0.037080 0.038622 0.041161
v -0.037047 0.038471 0.041350
v -0.037009 0.038360 0.041566
v -0.037028 0.038410 0.041455
v -0.036989 0.038321 0.041680
v -0.036973 0.038245 0.042319
v -0.037006 0.038233 0.042080
v -0.037018 0.038279 0.041800
v -0.036890 0.038457 0.042771
v -0.036855 0.038637 0.042994
v -0.036794 0.039162 0.043313
v -0.036881 0.038470 0.042760
v -0.036899 0.038327 0.042407
v -0.036968 0.038294 0.041798
v -0.036926 0.038275 0.042039
v -0.036904 0.038284 0.042159
v -0.036947 0.038279 0.041918
v -0.036843 0.038381 0.042508
v -0.036824 0.038436 0.042616
v -0.036863 0.038337 0.042395
v -0.036883 0.038305 0.042278
v -0.036806 0.038501 0.042718
v -0.036789 0.038576 0.042813
v -0.036805 0.038786 0.043032
v -0.036773 0.038661 0.042901
v -0.036760 0.038753 0.042980
v -0.036747 0.038853 0.043050
v -0.036737 0.038960 0.043110
v -0.036728 0.039072 0.043159
v -0.036792 0.039294 0.044372
v -0.036635 0.039750 0.044288
v -0.036645 0.039128 0.044250
v -0.036690 0.039660 0.044351
v -0.036703 0.040017 0.044309
v -0.036744 0.040347 0.044217
v -0.036682 0.040638 0.044043
v -0.036738 0.040754 0.044007
v -0.036801 0.041121 0.043740
v -0.036952 0.041674 0.043011
v -0.037022 0.041836 0.042485
v -0.036714 0.040900 0.043820
v -0.036829 0.041525 0.043170
v -0.036652 0.039118 0.044290
v -0.036797 0.041265 0.043566
v -0.036843 0.041424 0.043393
v -0.036889 0.041661 0.042933
v -0.037174 0.041842 0.041650
v -0.037240 0.041757 0.041302
v -0.037203 0.041631 0.041076
v -0.037300 0.041572 0.040910
v -0.037038 0.041863 0.042078
v -0.037091 0.041804 0.041708
v -0.037334 0.041380 0.040625
v -0.037465 0.041001 0.040239
v -0.037432 0.040780 0.040085
v -0.037468 0.040053 0.039782
v -0.037417 0.040032 0.039840
v -0.037320 0.041286 0.040546
v -0.037349 0.041002 0.040276
v -0.031987 0.039430 0.042406
v -0.031988 0.039675 0.042400
v -0.031986 0.039552 0.042409
v -0.031997 0.039914 0.042348
v -0.031991 0.039796 0.042380
v -0.032005 0.040028 0.042305
v -0.032025 0.040242 0.042187
v -0.032014 0.040138 0.042251
v -0.032053 0.040428 0.042030
v -0.032038 0.040339 0.042113
v -0.032069 0.040508 0.041938
v -0.031969 0.040306 0.042119
v -0.032105 0.040640 0.041735
v -0.032087 0.040579 0.041840
v -0.032145 0.040729 0.041510
v -0.032125 0.040690 0.041624
v -0.032166 0.040756 0.041392
v -0.031920 0.040019 0.042227
v -0.031977 0.040441 0.041935
v -0.031967 0.040356 0.041944
v -0.032011 0.040563 0.041734
v -0.032029 0.040601 0.041591
v -0.031938 0.039361 0.042384
v -0.031911 0.039865 0.042339
v -0.032070 0.040661 0.041678
v -0.032153 0.040770 0.041094
v -0.032077 0.040715 0.041393
v -0.032208 0.040775 0.041151
v -0.032187 0.040771 0.041272
v -0.032250 0.040745 0.040912
v -0.032229 0.040766 0.041031
v -0.032291 0.040669 0.040683
v -0.032271 0.040713 0.040795
v -0.032201 0.040545 0.040615
v -0.032136 0.040713 0.041014
v -0.032245 0.040532 0.040480
v -0.032328 0.040549 0.040472
v -0.032310 0.040614 0.040574
v -0.032360 0.040389 0.040289
v -0.032345 0.040474 0.040377
v -0.032374 0.040297 0.040210
v -0.032397 0.040090 0.040080
v -0.032386 0.040197 0.040140
v -0.032412 0.039862 0.039993
v -0.032406 0.039978 0.040031
v -0.032501 0.039724 0.040084
v -0.032333 0.040180 0.040132
v -0.032287 0.040004 0.040130
v -0.032272 0.040334 0.040275
v -0.032262 0.040641 0.040619
v -0.032345 0.039797 0.039980
v -0.038717 0.039967 0.040877
v -0.038499 0.041010 0.041285
v -0.038688 0.040363 0.041089
v -0.038213 0.041047 0.040689
v -0.038465 0.041150 0.041909
v -0.038592 0.040797 0.041776
v -0.038469 0.040938 0.042421
v -0.038430 0.040779 0.042721
v -0.038055 0.041530 0.041345
v -0.038133 0.041540 0.041739
v -0.038127 0.041509 0.042237
v -0.037970 0.041318 0.043105
v -0.038148 0.040519 0.040191
v -0.037917 0.041019 0.040439
v -0.037616 0.040227 0.039828
v -0.037588 0.041553 0.043206
v -0.037396 0.041732 0.042830
v -0.037570 0.041825 0.041923
v -0.037638 0.041332 0.040571
v -0.037604 0.041791 0.041488
v -0.037392 0.041855 0.042301
v -0.038114 0.041209 0.042985
v -0.037682 0.040954 0.043756
v -0.038157 0.040766 0.043418
v -0.038247 0.039813 0.043678
v -0.038190 0.039738 0.043808
v -0.038188 0.039342 0.043766
v -0.037983 0.040154 0.043942
v -0.037714 0.040384 0.044081
v -0.037764 0.039381 0.044208
v -0.037453 0.039889 0.044307
v -0.037084 0.041396 0.043485
v -0.037010 0.041673 0.043000
v -0.037077 0.041121 0.043790
v -0.037376 0.040525 0.044128
v -0.037714 0.038869 0.044133
v -0.036962 0.040385 0.044245
v -0.037139 0.039862 0.040826
v -0.037133 0.039978 0.040864
v -0.037124 0.040090 0.040914
v -0.037113 0.040197 0.040974
v -0.037101 0.040297 0.041043
v -0.037087 0.040389 0.041123
v -0.037072 0.040474 0.041210
v -0.037055 0.040549 0.041306
v -0.037037 0.040614 0.041408
v -0.037018 0.040669 0.041516
v -0.036998 0.040713 0.041629
v -0.036977 0.040745 0.041745
v -0.036956 0.040766 0.041864
v -0.036935 0.040775 0.041985
v -0.036914 0.040771 0.042106
v -0.036893 0.040756 0.042226
v -0.036872 0.040729 0.042343
v -0.036852 0.040690 0.042458
v -0.036832 0.040640 0.042568
v -0.036814 0.040579 0.042673
v -0.036796 0.040508 0.042772
v -0.036780 0.040428 0.042863
v -0.036766 0.040339 0.042946
v -0.036752 0.040242 0.043020
v -0.036741 0.040138 0.043085
v -0.036732 0.040028 0.043139
v -0.036724 0.039914 0.043182
v -0.036718 0.039796 0.043214
v -0.036715 0.039675 0.043234
v -0.036713 0.039552 0.043243
v -0.036714 0.039430 0.043239
v -0.038416 0.038343 0.042062
v -0.037602 0.040502 0.042232
v -0.038256 0.039964 0.043237
v -0.032303 0.039870 0.040045
v -0.032167 0.038373 0.040834
v -0.032286 0.038982 0.040131
v -0.032115 0.038345 0.041112
v -0.031986 0.038570 0.041834
v -0.031919 0.039063 0.042245
v -0.032001 0.039072 0.042326
v -0.031994 0.039188 0.042364
v -0.032020 0.038853 0.042217
v -0.032046 0.038661 0.042068
v -0.032032 0.038753 0.042147
v -0.032010 0.038960 0.042276
v -0.032079 0.038501 0.041884
v -0.032116 0.038381 0.041674
v -0.032097 0.038436 0.041782
v -0.032156 0.038305 0.041445
v -0.032198 0.038275 0.041205
v -0.032177 0.038284 0.041326
v -0.032136 0.038337 0.041561
v -0.032062 0.038576 0.041980
v -0.032220 0.038279 0.041084
v -0.032241 0.038294 0.040965
v -0.032282 0.038360 0.040732
v -0.032262 0.038321 0.040847
v -0.032320 0.038471 0.040517
v -0.032353 0.038622 0.040327
v -0.032337 0.038542 0.040418
v -0.032301 0.038410 0.040622
v -0.032381 0.038808 0.040170
v -0.032402 0.039022 0.040052
v -0.032392 0.038912 0.040106
v -0.032415 0.039254 0.039976
v -0.032420 0.039498 0.039948
v -0.032419 0.039375 0.039956
v -0.032410 0.039136 0.040008
v -0.032368 0.038711 0.040244
v -0.032420 0.039620 0.039951
v -0.037366 0.038280 0.040134
v -0.037153 0.037314 0.041357
v -0.037253 0.039893 0.040744
v -0.037187 0.040412 0.041084
v -0.037112 0.040710 0.041505
v -0.036922 0.037358 0.042634
v -0.036871 0.037466 0.042922
v -0.036725 0.038078 0.043802
v -0.036847 0.040397 0.043060
v -0.036930 0.040757 0.042591
v -0.036804 0.039975 0.043214
v -0.036795 0.039422 0.043355
v -0.036734 0.038680 0.044210
v -0.036706 0.038887 0.044265
v -0.036906 0.038126 0.043942
v -0.036856 0.037561 0.043345
v -0.036911 0.037424 0.043106
v -0.037117 0.037192 0.042416
v -0.037132 0.037183 0.041794
v -0.037392 0.037347 0.041084
v -0.037569 0.038662 0.039842
v -0.037418 0.038153 0.040140
v -0.037495 0.039369 0.039725
v -0.038029 0.039058 0.043901
v -0.038674 0.039463 0.040668
v -0.038344 0.038567 0.043211
v -0.038259 0.038827 0.043541
v -0.037967 0.038403 0.043725
v -0.038457 0.039572 0.040267
v -0.037265 0.038513 0.044161
v -0.038449 0.040102 0.040339
v -0.038296 0.038302 0.043166
v -0.038456 0.038746 0.042977
v -0.038160 0.037785 0.042795
v -0.037779 0.037959 0.043526
v -0.038130 0.037588 0.042429
v -0.037890 0.037724 0.043201
v -0.038384 0.037763 0.041695
v -0.037994 0.037410 0.041833
v -0.037243 0.038803 0.044262
v -0.036965 0.039302 0.044417
v -0.037533 0.038027 0.043788
v -0.037345 0.037452 0.043146
v -0.037988 0.039944 0.039883
v -0.037527 0.037312 0.042736
v -0.037573 0.037462 0.043026
v -0.037168 0.037615 0.043412
v -0.037431 0.037200 0.041919
v -0.038410 0.039539 0.040191
v -0.038566 0.038239 0.042137
v -0.038615 0.038320 0.041499
v -0.038455 0.037979 0.041485
v -0.038700 0.038779 0.041028
v -0.037951 0.037443 0.041483
v -0.038205 0.037872 0.040911
v -0.038435 0.038161 0.040901
v -0.038724 0.039048 0.041022
v -0.038736 0.039412 0.040986
v -0.038493 0.038712 0.040514
v -0.038473 0.039086 0.040318
v -0.037470 0.037229 0.041696
v -0.037547 0.037352 0.041262
v -0.037689 0.037235 0.041864
v -0.037695 0.037921 0.040425
v -0.037650 0.037691 0.040677
v -0.037583 0.037445 0.041057
v -0.037880 0.037848 0.040535
v -0.038019 0.038653 0.040061
v -0.037763 0.038482 0.040038
v -0.038035 0.039230 0.039893
v -0.037805 0.039360 0.039802
v -0.038092 0.039261 0.041811
v -0.038549 0.040385 0.042149
v -0.032358 0.039529 0.039954
v -0.032319 0.039488 0.039989
v -0.032327 0.039153 0.040009
v -0.032338 0.038999 0.040067
v -0.032308 0.038685 0.040268
v -0.032253 0.038614 0.040389
v -0.032166 0.038301 0.040889
v -0.031902 0.039451 0.042334
v -0.032129 0.038299 0.041379
v -0.032047 0.038382 0.041582
v -0.032036 0.038477 0.041818
v -0.031964 0.039075 0.042312
v -0.032002 0.038711 0.042098
v -0.031994 0.038552 0.041833
v -0.031969 0.038731 0.042106
v -0.031944 0.038973 0.042238
v -0.037428 0.039221 0.039785
v -0.037481 0.038977 0.039788
v -0.037317 0.037604 0.040704
v -0.037276 0.037703 0.040658
v -0.037421 0.040180 0.039834
v -0.037424 0.038424 0.040001
v -0.037124 0.037217 0.041647
v -0.036981 0.037264 0.042653
v -0.036974 0.037243 0.042399
v -0.036894 0.037409 0.043012
v -0.036781 0.037991 0.043787
v -0.036747 0.038266 0.043985
v -0.036848 0.037502 0.043067
v -0.036672 0.038533 0.044083
v -0.036796 0.039464 0.043312
v -0.036796 0.039737 0.043293
v -0.036773 0.039281 0.043273
v -0.036821 0.040264 0.043053
v -0.036871 0.040530 0.042838
v -0.036967 0.040802 0.042330
v -0.036859 0.040589 0.042710
v -0.037048 0.040797 0.041830
v -0.037011 0.040797 0.041964
v -0.036963 0.040784 0.042230
v -0.037140 0.040589 0.041305
v -0.037185 0.040226 0.040953
v -0.037214 0.039870 0.040811
v 0.037991 0.008991 0.020533
v 0.037714 0.008512 0.020732
v 0.038121 0.009216 0.020394
v 0.037276 0.007753 0.020819
v 0.036399 0.007238 0.020206
v 0.037855 0.008756 0.020646
v 0.038243 0.009428 0.020230
v 0.036709 0.006770 0.020535
v 0.036845 0.007005 0.020648
v 0.036456 0.006332 0.020234
v 0.036579 0.006545 0.020397
v 0.036342 0.006135 0.020047
v 0.036238 0.005955 0.019839
v 0.037130 0.007499 0.020790
v 0.036986 0.007249 0.020733
v 0.038357 0.009625 0.020043
v 0.037570 0.008262 0.020789
v 0.037424 0.008008 0.020819
v 0.036063 0.005651 0.019367
v 0.035684 0.005997 0.018529
v 0.035993 0.005531 0.019107
v 0.035937 0.005433 0.018836
v 0.035865 0.005309 0.018265
v 0.035850 0.005283 0.017678
v 0.035851 0.005283 0.017972
v 0.035894 0.005359 0.018554
v 0.035936 0.005431 0.016814
v 0.036143 0.005790 0.016037
v 0.035992 0.005529 0.016542
v 0.035893 0.005357 0.017096
v 0.035787 0.006175 0.016619
v 0.036061 0.005649 0.016282
v 0.036236 0.005952 0.015810
v 0.035865 0.005308 0.017385
v 0.036340 0.006132 0.015601
v 0.036145 0.005793 0.019612
v 0.047272 0.003875 0.019468
v 0.045737 0.001229 0.016248
v 0.045417 0.003213 0.017816
v 0.046218 0.001509 0.015356
v 0.045420 0.003219 0.017814
v 0.047096 0.001610 0.013946
v 0.046807 0.003027 0.015631
v 0.045422 0.003221 0.017815
v 0.047078 0.003461 0.015777
v 0.047528 0.003782 0.015629
v 0.045424 0.003225 0.017818
v 0.048457 0.004185 0.014931
v 0.046649 0.001009 0.014286
v 0.047137 0.001815 0.014039
v 0.046985 0.001336 0.013925
v 0.046731 0.002425 0.015154
v 0.047117 0.002030 0.014244
v 0.047921 0.004466 0.016500
v 0.047661 0.004505 0.017514
v 0.048083 0.004756 0.018093
v 0.045424 0.003226 0.017823
v 0.047625 0.004411 0.016988
v 0.048680 0.004778 0.015896
v 0.049180 0.005355 0.018539
v 0.047507 0.004141 0.019264
v 0.045424 0.003224 0.017827
v 0.049275 0.005385 0.018743
v 0.048947 0.004735 0.015283
v 0.049038 0.005286 0.018392
v 0.048658 0.004885 0.019363
v 0.049303 0.005344 0.019109
v 0.050654 0.003124 0.017975
v 0.050887 0.003527 0.018216
v 0.050619 0.003063 0.016350
v 0.050479 0.002768 0.017242
v 0.049963 0.001903 0.020139
v 0.047356 0.003369 0.020381
v 0.047215 0.003634 0.019796
v 0.048644 -0.000357 0.019923
v 0.047935 -0.001585 0.019647
v 0.045732 -0.000595 0.019925
v 0.048291 -0.000969 0.020615
v 0.046104 -0.000035 0.020782
v 0.047838 -0.001753 0.020011
v 0.047876 -0.001687 0.019789
v 0.045420 0.000158 0.017535
v 0.048012 -0.001452 0.017527
v 0.048140 -0.001231 0.017730
v 0.048259 -0.001024 0.019095
v 0.045426 0.000634 0.018130
v 0.047692 -0.000946 0.018585
v 0.045545 0.000578 0.018929
v 0.045590 0.000429 0.019144
v 0.045632 0.000218 0.019353
v 0.048304 -0.000947 0.018402
v 0.048788 -0.000109 0.014937
v 0.048776 -0.000129 0.015899
v 0.050289 0.002492 0.015449
v 0.050482 0.002825 0.015030
v 0.050656 0.003127 0.014947
v 0.050932 0.003605 0.015690
v 0.050176 0.003227 0.021868
v 0.049854 0.002071 0.022198
v 0.049031 0.001221 0.022539
v 0.050476 0.003368 0.021583
v 0.050377 0.002955 0.021755
v 0.050022 0.002138 0.021925
v 0.047483 -0.001522 0.021320
v 0.048944 0.000450 0.022271
v 0.047850 -0.001327 0.021446
v 0.048084 -0.000731 0.021936
v 0.046763 -0.002487 0.019904
v 0.050557 0.003074 0.021430
v 0.050559 0.002966 0.021269
v 0.050411 0.002644 0.019186
v 0.049435 0.001046 0.022083
v 0.048715 -0.000115 0.022000
v 0.049415 0.000771 0.020316
v 0.047938 -0.001481 0.021137
v 0.048244 -0.001040 0.021303
v 0.048075 -0.001364 0.020694
v 0.047884 -0.001711 0.020414
v 0.046878 -0.002910 0.018338
v 0.047369 -0.002202 0.020414
v 0.047017 -0.002860 0.017607
v 0.047077 -0.002773 0.018944
v 0.047095 -0.002234 0.015184
v 0.046414 -0.002933 0.018021
v 0.043756 -0.000232 0.014341
v 0.047077 -0.002653 0.016204
v 0.047466 -0.002317 0.019861
v 0.047255 -0.002764 0.018209
v 0.047288 -0.002695 0.018149
v 0.047248 -0.002679 0.016804
v 0.047168 -0.002715 0.016637
v 0.047362 -0.002271 0.015390
v 0.047909 -0.001357 0.014237
v 0.047474 -0.002391 0.016813
v 0.047521 -0.002288 0.015817
v 0.047774 -0.001857 0.015144
v 0.043204 -0.000980 0.016195
v 0.043273 -0.000861 0.019782
v 0.043433 -0.000584 0.020397
v 0.043025 -0.001311 0.017947
v 0.043569 -0.000347 0.020804
v 0.043808 0.000067 0.021364
v 0.044088 0.000552 0.021841
v 0.044704 0.001618 0.022525
v 0.044293 0.000905 0.022113
v 0.045455 0.002920 0.022817
v 0.045717 0.002282 0.023208
v 0.045592 0.003060 0.022991
v 0.046393 0.004132 0.022285
v 0.046946 0.005501 0.022040
v 0.044552 0.001374 0.015210
v 0.045338 0.002764 0.014618
v 0.044969 0.002327 0.014891
v 0.046663 0.005077 0.020167
v 0.045771 0.003546 0.014681
v 0.046279 0.004379 0.014866
v 0.045851 0.003645 0.014611
v 0.045273 0.002974 0.014777
v 0.046690 0.005081 0.015403
v 0.044657 0.001716 0.015171
v 0.044335 0.001779 0.015414
v 0.044457 0.001991 0.015251
v 0.044723 0.002451 0.014999
v 0.044864 0.002695 0.014913
v 0.044587 0.002215 0.015112
v 0.045008 0.002945 0.014855
v 0.044221 0.001582 0.015601
v 0.045155 0.003198 0.014826
v 0.046342 0.005255 0.019835
v 0.046238 0.005075 0.020043
v 0.045969 0.004221 0.014956
v 0.045302 0.003453 0.014826
v 0.045448 0.003707 0.014854
v 0.045593 0.003957 0.014912
v 0.045734 0.004201 0.014997
v 0.045870 0.004437 0.015109
v 0.045999 0.004662 0.015248
v 0.046122 0.004874 0.015411
v 0.046973 0.005597 0.016233
v 0.046479 0.004842 0.015316
v 0.047121 0.005921 0.017767
v 0.047274 0.006069 0.017986
v 0.046821 0.005439 0.019597
v 0.047111 0.005828 0.018867
v 0.046929 0.005814 0.016979
v 0.046236 0.005071 0.015598
v 0.046434 0.005414 0.016033
v 0.046515 0.005555 0.016278
v 0.046340 0.005252 0.015806
v 0.046684 0.005848 0.017091
v 0.046713 0.005898 0.017379
v 0.046641 0.005774 0.016809
v 0.046585 0.005676 0.016537
v 0.046728 0.005923 0.017672
v 0.046728 0.005923 0.017967
v 0.046713 0.005899 0.018260
v 0.046685 0.005849 0.018549
v 0.046642 0.005775 0.018830
v 0.046586 0.005678 0.019103
v 0.046517 0.005558 0.019362
v 0.046435 0.005416 0.019607
v 0.046002 0.004666 0.020394
v 0.046124 0.004878 0.020230
v 0.045736 0.004206 0.020646
v 0.045451 0.003712 0.020789
v 0.045595 0.003962 0.020732
v 0.045872 0.004441 0.020533
v 0.045157 0.003203 0.020819
v 0.044866 0.002699 0.020733
v 0.045011 0.002949 0.020790
v 0.044589 0.002220 0.020535
v 0.044337 0.001782 0.020234
v 0.044460 0.001995 0.020397
v 0.044725 0.002455 0.020648
v 0.045304 0.003458 0.020819
v 0.044223 0.001585 0.020047
v 0.044119 0.001405 0.019839
v 0.044025 0.001243 0.019612
v 0.043874 0.000981 0.019107
v 0.043944 0.001101 0.019367
v 0.043775 0.000809 0.018554
v 0.043731 0.000733 0.017972
v 0.043746 0.000759 0.018265
v 0.043818 0.000883 0.018836
v 0.043746 0.000758 0.017385
v 0.043817 0.000881 0.016814
v 0.043774 0.000807 0.017096
v 0.043942 0.001099 0.016282
v 0.044024 0.001240 0.016037
v 0.043873 0.000979 0.016542
v 0.043731 0.000733 0.017678
v 0.044168 0.001262 0.015892
v 0.036454 0.006329 0.015414
v 0.036576 0.006541 0.015251
v 0.036706 0.006765 0.015112
v 0.036842 0.007001 0.014999
v 0.036983 0.007245 0.014913
v 0.037127 0.007495 0.014855
v 0.037274 0.007748 0.014826
v 0.037421 0.008003 0.014826
v 0.037567 0.008257 0.014854
v 0.037712 0.008507 0.014912
v 0.037853 0.008751 0.014997
v 0.037989 0.008987 0.015109
v 0.038119 0.009212 0.015248
v 0.038241 0.009424 0.015411
v 0.038355 0.009621 0.015598
v 0.038459 0.009802 0.015806
v 0.038553 0.009964 0.016033
v 0.038635 0.010105 0.016278
v 0.038704 0.010226 0.016537
v 0.038803 0.010398 0.017091
v 0.038832 0.010448 0.017379
v 0.038847 0.010473 0.017672
v 0.038847 0.010473 0.017967
v 0.038833 0.010449 0.018260
v 0.038804 0.010399 0.018549
v 0.038761 0.010325 0.018830
v 0.038705 0.010228 0.019103
v 0.038636 0.010108 0.019362
v 0.038554 0.009966 0.019607
v 0.038461 0.009805 0.019835
v 0.048773 -0.000138 0.014119
v 0.050052 0.002081 0.013900
v 0.049236 0.000659 0.014004
v 0.049332 0.000834 0.014724
v 0.048422 -0.000742 0.014221
v 0.049554 0.001218 0.015531
v 0.049372 0.000903 0.015059
v 0.050154 0.002258 0.015643
v 0.049863 0.001753 0.015758
v 0.047737 -0.001929 0.016189
v 0.047913 -0.001623 0.016264
v 0.047554 -0.002246 0.016381
v 0.048400 -0.000781 0.016435
v 0.048163 -0.001191 0.016456
v 0.047724 -0.001951 0.017376
v 0.047570 -0.002219 0.017235
v 0.051175 0.004026 0.015841
v 0.051376 0.004379 0.018961
v 0.051303 0.004156 0.018464
v 0.051291 0.004226 0.019206
v 0.050812 0.003355 0.019294
v 0.050964 0.003633 0.019460
v 0.049474 0.001079 0.021409
v 0.049938 0.001839 0.021662
v 0.049699 0.001451 0.021727
v 0.046482 0.004818 0.020305
v 0.045921 0.003973 0.020798
v 0.045545 0.003129 0.021053
v 0.044842 0.001876 0.020803
v 0.044505 0.001333 0.020285
v 0.045190 0.002597 0.020928
v 0.044699 0.001988 0.020542
v 0.043975 0.000448 0.018460
v 0.043952 0.000457 0.018129
v 0.044214 0.000862 0.019608
v 0.044207 0.001173 0.019756
v 0.044033 0.000477 0.016617
v 0.043931 0.000321 0.017838
v 0.044158 0.000767 0.016201
v 0.044285 0.000951 0.015812
v 0.044024 0.000581 0.016835
v 0.047965 0.007266 0.019313
v 0.047774 0.006935 0.020216
v 0.047498 0.006458 0.021028
v 0.047655 0.006411 0.014643
v 0.048000 0.007328 0.016603
v 0.047281 0.006082 0.014145
v 0.046717 0.004797 0.012936
v 0.046083 0.004007 0.012921
v 0.044588 0.001365 0.013056
v 0.045689 0.003227 0.012660
v 0.044069 0.000518 0.013766
v 0.051062 0.004808 0.019980
v 0.048157 0.007556 0.018035
v 0.048301 0.007521 0.016968
v 0.050643 0.004431 0.014819
v 0.048107 -0.000440 0.013476
v 0.050876 0.004310 0.020667
v 0.047859 -0.001358 0.014220
v 0.051087 0.004287 0.020377
v 0.048875 0.000160 0.013561
v 0.049357 0.001499 0.013220
v 0.050434 0.003508 0.014089
v 0.050344 0.003058 0.013861
v 0.049966 0.002256 0.013564
v 0.048589 -0.000179 0.013527
v 0.048257 -0.000985 0.014169
v 0.048216 -0.001079 0.014351
v 0.048785 -0.000066 0.013708
v 0.049306 0.000955 0.013391
v 0.049783 0.001665 0.013632
v 0.050527 0.002998 0.014185
v 0.050899 0.003511 0.015142
v 0.050449 0.002790 0.014239
v 0.051091 0.004624 0.015589
v 0.051384 0.004887 0.016571
v 0.051119 0.004334 0.015329
v 0.051525 0.004836 0.017757
v 0.051039 0.003858 0.015139
v 0.051350 0.005141 0.018482
v 0.051316 0.004812 0.019409
v 0.051162 0.004024 0.015631
v 0.051438 0.004625 0.016609
v 0.051459 0.004538 0.018199
v 0.051406 0.004547 0.019195
v 0.051172 0.004176 0.020193
v 0.051189 0.004080 0.019999
v 0.045587 0.000305 0.016482
v 0.045435 -0.000961 0.017280
v 0.045471 -0.001204 0.016902
v 0.045570 -0.001083 0.016263
v 0.045990 0.000948 0.020098
v 0.045985 0.001111 0.020016
v 0.046038 0.001661 0.019868
v 0.046279 0.002113 0.020014
v 0.046503 0.002331 0.020216
v 0.046918 0.002452 0.020741
v 0.047996 0.003120 0.021603
v 0.047442 0.002395 0.021565
v 0.047651 0.002571 0.021699
v 0.047260 0.002341 0.021348
v 0.045421 0.003221 0.017830
v 0.045420 0.003218 0.017831
v 0.045418 0.003215 0.017830
v 0.045417 0.003213 0.017828
v 0.045416 0.003211 0.017825
v 0.045416 0.003211 0.017822
v 0.038131 0.010236 0.018691
v 0.038162 0.010219 0.016792
v 0.036424 0.008879 0.017783
v 0.037328 0.008846 0.015381
v -0.026720 0.044525 0.028405
v -0.027904 0.044525 0.030003
v -0.021633 0.044525 0.043180
v -0.022013 0.044525 0.042613
v -0.022278 0.044525 0.042395
v -0.021795 0.044525 0.042878
v -0.023075 0.044525 0.042067
v -0.024993 0.044650 0.043628
v -0.024503 0.044525 0.042597
v -0.023920 0.044525 0.042233
v -0.024867 0.044525 0.043180
v -0.021699 0.044525 0.026321
v -0.022266 0.044525 0.025677
v -0.022909 0.044525 0.025434
v -0.025022 0.044525 0.027150
v -0.023596 0.044525 0.025412
v -0.024366 0.044525 0.025791
v -0.024705 0.044525 0.026178
v -0.024867 0.044525 0.026480
v 0.025098 0.044525 0.043085
v 0.024525 0.044525 0.042297
v 0.024913 0.044525 0.042739
v 0.021213 0.044525 0.044051
v 0.022860 0.044525 0.041888
v 0.023645 0.044525 0.041864
v 0.022303 0.044525 0.042078
v 0.021587 0.044525 0.042739
v 0.021402 0.044525 0.043085
v 0.021836 0.044525 0.042436
v 0.023892 0.044692 0.025250
v 0.024682 0.044525 0.025718
v 0.021225 0.044525 0.027150
v 0.021975 0.044525 0.025597
v 0.021478 0.044525 0.026203
v 0.022968 0.044454 0.025133
v -0.026771 0.044465 0.043631
v -0.020908 0.044551 0.024452
v -0.022351 0.044378 0.023673
v -0.025163 0.044225 0.024093
v -0.026570 0.044525 0.025741
v -0.024201 0.044882 0.023650
v -0.015504 0.044570 0.026479
v 0.017424 0.044525 0.026035
v 0.021009 0.045025 0.024413
v 0.030594 0.044480 0.029340
v 0.028599 0.045025 0.026357
v 0.029283 0.044416 0.026607
v 0.028793 0.044337 0.044600
v 0.029048 0.045025 0.044431
v 0.030306 0.044525 0.043132
v 0.022686 0.044942 0.047477
v 0.026184 0.044395 0.046017
v 0.015123 0.044858 0.045235
v -0.018669 0.044247 0.044875
v -0.027068 0.044590 0.043623
v -0.025328 0.044525 0.046839
v -0.021772 0.044025 0.047294
v -0.022919 0.045025 0.047440
v -0.020993 0.045025 0.046637
v -0.030808 0.044525 0.037560
v -0.029453 0.044236 0.039983
v -0.030825 0.044825 0.033390
v -0.025248 0.044525 0.031448
v -0.026958 0.044525 0.031670
v -0.028055 0.044525 0.032297
v -0.028938 0.044525 0.033821
v -0.028980 0.044525 0.036747
v -0.028713 0.044525 0.037674
v -0.028136 0.044650 0.038501
v -0.027333 0.044454 0.039118
v -0.021669 0.044525 0.040274
v -0.020596 0.044325 0.040995
v -0.019228 0.044625 0.042472
v -0.017864 0.044717 0.043033
v 0.015778 0.044236 0.044420
v 0.018677 0.044454 0.042855
v 0.020899 0.044858 0.040668
v 0.026195 0.045025 0.041281
v 0.025007 0.045025 0.040322
v 0.027163 0.044646 0.042787
v 0.023005 0.044843 0.039916
v 0.023934 0.044025 0.039257
v 0.028404 0.044425 0.042528
v 0.028550 0.044525 0.042000
v 0.027941 0.044692 0.042849
v 0.028550 0.044525 0.029000
v 0.028498 0.044525 0.028702
v 0.028349 0.044525 0.028439
v 0.027839 0.044525 0.028131
v 0.027249 0.044525 0.028217
v 0.027536 0.044525 0.028123
v 0.026985 0.044650 0.028441
v 0.023619 0.045025 0.031055
v 0.022649 0.045025 0.031003
v 0.021402 0.044475 0.030745
v 0.023682 0.044025 0.031026
v 0.025106 0.045025 0.030605
v 0.025714 0.044210 0.030323
v 0.019172 0.044525 0.028498
v 0.017141 0.044025 0.027900
v 0.017864 0.044717 0.027967
v -0.017141 0.045025 0.027900
v -0.019172 0.044525 0.028498
v 0.021478 0.044525 0.028097
v 0.022860 0.044525 0.029112
v 0.022485 0.044525 0.028998
v 0.021975 0.044525 0.028703
v 0.023385 0.044668 0.029151
v 0.024804 0.044525 0.028425
v 0.024092 0.044382 0.028984
v 0.025326 0.044525 0.027150
v 0.021697 0.044525 0.045125
v 0.020326 0.044371 0.045921
v 0.022303 0.044525 0.045622
v 0.025269 0.044525 0.044462
v 0.024092 0.044410 0.045684
v -0.024801 0.044525 0.027979
v -0.026366 0.044658 0.028701
v -0.023920 0.044525 0.028767
v -0.024366 0.044525 0.028509
v -0.022661 0.044303 0.028834
v -0.021891 0.044525 0.028265
v -0.021633 0.044525 0.027820
v -0.021478 0.044525 0.027150
v -0.024998 0.044400 0.044040
v -0.024705 0.044525 0.044822
v -0.024867 0.044525 0.044520
v -0.023592 0.044525 0.045566
v -0.023920 0.044525 0.045467
v -0.024488 0.044525 0.045087
v -0.022904 0.044525 0.045588
v -0.020982 0.044631 0.045113
v -0.021467 0.044525 0.044026
v -0.021795 0.044525 0.044822
v -0.021064 0.044525 0.030459
v -0.029151 0.044525 0.030739
v -0.030582 0.044225 0.032646
v 0.028550 0.044025 0.039563
v 0.028550 0.044025 0.033875
v -0.027110 0.044702 0.041630
v 0.028550 0.044025 0.030625
v 0.026998 0.044275 0.026014
v 0.019693 0.044636 0.045158
v -0.019496 0.044375 0.026009
v 0.028550 0.045025 0.036719
v 0.019519 0.044322 0.025748
v 0.024634 0.044630 0.023729
v 0.026870 0.044616 0.045050
v 0.038829 -0.017557 0.056722
v 0.038502 -0.019124 0.057128
v 0.039222 -0.016918 0.057189
v 0.039244 -0.016715 0.058242
v 0.039132 -0.017033 0.058845
v 0.039307 -0.016730 0.057827
v 0.042872 -0.010471 0.056725
v 0.042666 -0.011912 0.056919
v 0.043356 -0.009753 0.057821
v 0.042824 -0.010888 0.059236
v 0.042319 -0.012538 0.054687
v 0.042436 -0.012401 0.054430
v 0.042520 -0.012184 0.055631
v 0.042421 -0.012424 0.055538
v 0.042441 -0.012421 0.050445
v 0.042289 -0.012590 0.051047
v 0.042465 -0.012280 0.050399
v 0.042447 -0.012367 0.051572
v 0.039437 -0.017605 0.054457
v 0.039501 -0.017413 0.054399
v 0.039341 -0.017691 0.054682
v 0.039504 -0.017508 0.055669
v 0.039298 -0.017772 0.055114
v 0.039713 -0.017046 0.055642
v 0.039461 -0.017483 0.055577
v 0.040441 -0.015885 0.052445
v 0.040594 -0.015521 0.052351
v 0.040296 -0.016041 0.052700
v 0.040452 -0.015867 0.053565
v 0.040455 -0.015761 0.053594
v 0.039438 -0.017612 0.050454
v 0.039337 -0.017698 0.050670
v 0.039452 -0.017599 0.051565
v 0.039317 -0.017738 0.051293
v 0.039649 -0.017158 0.051684
v 0.041351 -0.014209 0.052609
v 0.041435 -0.014150 0.052450
v 0.041452 -0.014135 0.053565
v 0.041349 -0.014216 0.053484
v 0.040431 -0.015864 0.050453
v 0.040302 -0.016036 0.050982
v 0.040626 -0.015466 0.050350
v 0.040452 -0.015867 0.051565
v 0.040363 -0.015921 0.051407
v 0.040657 -0.015435 0.051680
v 0.041441 -0.014153 0.050445
v 0.041537 -0.013888 0.050372
v 0.041626 -0.013733 0.050350
v 0.041319 -0.014270 0.050687
v 0.041391 -0.014140 0.051536
v 0.039441 -0.017617 0.052445
v 0.039634 -0.017183 0.052342
v 0.039368 -0.017645 0.052549
v 0.039386 -0.017673 0.053485
v 0.039634 -0.017204 0.053676
v 0.042544 -0.012244 0.052261
v 0.042670 -0.011925 0.052320
v 0.042319 -0.012538 0.052687
v 0.042452 -0.012403 0.053565
v 0.042488 -0.012241 0.053615
v 0.042319 -0.012533 0.053237
v 0.040423 -0.015816 0.054488
v 0.040300 -0.016036 0.054851
v 0.040434 -0.015858 0.055549
v 0.040652 -0.015420 0.055651
v 0.041427 -0.014137 0.054462
v 0.041302 -0.014299 0.055247
v 0.041445 -0.014128 0.055560
v 0.041626 -0.013733 0.055650
v 0.041943 -0.013285 0.054551
v 0.041908 -0.013319 0.055471
v 0.041744 -0.013529 0.055614
v 0.041963 -0.013150 0.055020
v 0.041770 -0.013485 0.054364
v 0.040900 -0.015053 0.055479
v 0.040947 -0.014910 0.055144
v 0.040933 -0.014934 0.054763
v 0.040806 -0.015153 0.054460
v 0.040477 -0.015785 0.054353
v 0.040935 -0.015018 0.054557
v 0.042862 -0.011636 0.053530
v 0.042950 -0.011440 0.053075
v 0.042882 -0.011558 0.052595
v 0.042984 -0.011457 0.052850
v 0.039970 -0.016702 0.052598
v 0.039884 -0.016799 0.053474
v 0.039937 -0.016660 0.053200
v 0.039940 -0.016654 0.052821
v 0.039785 -0.016922 0.052430
v 0.039882 -0.016754 0.052595
v 0.039951 -0.016635 0.053000
v 0.041514 -0.013999 0.051703
v 0.041897 -0.013274 0.051384
v 0.042012 -0.013146 0.051191
v 0.041945 -0.013181 0.050873
v 0.041852 -0.013379 0.050462
v 0.041047 -0.014836 0.051193
v 0.040877 -0.015044 0.051429
v 0.040689 -0.015356 0.050362
v 0.040926 -0.014945 0.050751
v 0.040840 -0.015143 0.050455
v 0.040963 -0.014903 0.051083
v 0.041970 -0.013238 0.052598
v 0.041864 -0.013379 0.053539
v 0.041933 -0.013201 0.053276
v 0.041634 -0.013719 0.052342
v 0.041940 -0.013190 0.052821
v 0.041785 -0.013458 0.052430
v 0.041882 -0.013290 0.052595
v 0.043221 -0.010701 0.064001
v 0.043683 -0.010150 0.063527
v 0.038747 -0.018006 0.063537
v 0.038157 -0.018721 0.063866
v 0.041122 -0.014597 0.056147
v 0.038731 -0.018205 0.059281
v 0.037657 -0.019310 0.049130
v 0.043172 -0.011049 0.053000
v 0.043010 -0.011326 0.055637
v 0.042798 -0.011690 0.055952
v 0.043945 -0.009696 0.048658
v 0.042993 -0.010423 0.048250
v 0.042704 -0.011862 0.050011
v 0.042617 -0.011996 0.050000
v 0.039542 -0.017338 0.055988
v 0.039263 -0.017815 0.055746
v 0.039131 -0.018053 0.050836
v 0.039544 -0.017320 0.050010
v 0.039248 -0.017841 0.050283
v 0.039075 -0.018148 0.053000
v 0.038376 -0.019343 0.048464
v 0.038101 -0.017819 0.063929
v 0.037957 -0.019428 0.063216
v 0.037326 -0.019161 0.062650
v 0.037706 -0.018504 0.048325
v 0.043055 -0.009238 0.048598
v 0.043626 -0.009249 0.057982
v 0.042767 -0.009972 0.064006
v 0.043128 -0.009112 0.063184
v 0.042294 -0.010557 0.062728
v 0.042191 -0.011615 0.058910
v 0.037496 -0.018867 0.058199
v 0.042111 -0.011985 0.058111
v 0.041628 -0.011710 0.057805
v 0.041913 -0.011216 0.056881
v 0.041703 -0.011580 0.057339
v 0.038080 -0.017856 0.056742
v 0.039626 -0.017198 0.050000
v 0.039480 -0.017450 0.050037
v 0.043041 -0.011278 0.050753
v 0.042928 -0.011470 0.050171
v 0.039133 -0.018040 0.055252
v 0.042864 -0.011589 0.050547
v 0.042721 -0.011837 0.050374
v 0.042774 -0.011744 0.051595
v 0.040882 -0.015022 0.052595
v 0.040752 -0.015247 0.052390
v 0.039670 -0.017121 0.050320
v 0.039882 -0.016754 0.050595
v 0.042785 -0.011726 0.054430
v 0.042689 -0.011892 0.054362
v 0.042856 -0.011603 0.054540
v 0.040958 -0.014891 0.052953
v 0.040926 -0.014945 0.053249
v 0.040922 -0.015032 0.053405
v 0.043111 -0.011170 0.054884
v 0.042744 -0.011797 0.055614
v 0.040774 -0.015208 0.053595
v 0.039701 -0.017067 0.054343
v 0.039923 -0.016682 0.054703
v 0.039957 -0.016667 0.055218
v 0.039869 -0.016843 0.055491
v 0.039826 -0.016925 0.051574
v 0.039960 -0.016719 0.051298
v 0.039968 -0.016620 0.051090
v 0.039944 -0.016747 0.050609
v 0.039764 -0.017059 0.050376
v 0.040769 -0.015317 0.053621
v 0.040970 -0.014970 0.052598
v 0.039985 -0.016676 0.054789
v 0.039872 -0.016872 0.054488
v 0.039764 -0.017059 0.054376
v 0.042895 -0.011636 0.051516
v 0.042970 -0.011506 0.050598
v 0.042834 -0.011741 0.055577
v 0.042970 -0.011429 0.054898
v 0.042943 -0.011553 0.054551
v 0.019028 -0.023853 0.050467
v 0.019305 -0.023374 0.050268
v 0.018899 -0.024078 0.050606
v 0.019743 -0.022615 0.050181
v 0.019751 -0.021598 0.050794
v 0.019164 -0.023618 0.050354
v 0.018776 -0.024290 0.050770
v 0.020311 -0.021632 0.050465
v 0.020175 -0.021867 0.050352
v 0.020563 -0.021195 0.050766
v 0.020441 -0.021407 0.050603
v 0.020677 -0.020997 0.050953
v 0.020782 -0.020817 0.051161
v 0.019890 -0.022362 0.050210
v 0.020034 -0.022111 0.050267
v 0.018663 -0.024487 0.050957
v 0.019450 -0.023124 0.050211
v 0.019596 -0.022870 0.050181
v 0.020957 -0.020513 0.051633
v 0.020468 -0.020358 0.052471
v 0.021026 -0.020393 0.051893
v 0.021083 -0.020295 0.052164
v 0.021155 -0.020171 0.052735
v 0.021169 -0.020145 0.053322
v 0.021169 -0.020146 0.053028
v 0.021126 -0.020221 0.052446
v 0.021084 -0.020293 0.054186
v 0.020877 -0.020652 0.054963
v 0.021028 -0.020391 0.054458
v 0.021126 -0.020220 0.053904
v 0.020365 -0.020536 0.054381
v 0.020958 -0.020511 0.054718
v 0.020783 -0.020814 0.055190
v 0.021155 -0.020170 0.053615
v 0.020679 -0.020994 0.055399
v 0.020875 -0.020655 0.051388
v 0.028099 -0.029333 0.051532
v 0.029624 -0.026681 0.054752
v 0.027745 -0.027395 0.053184
v 0.029622 -0.027237 0.055644
v 0.027742 -0.027401 0.053186
v 0.029973 -0.028048 0.057054
v 0.028601 -0.028506 0.055369
v 0.027741 -0.027404 0.053185
v 0.028361 -0.028958 0.055223
v 0.028308 -0.029508 0.055371
v 0.027739 -0.027407 0.053182
v 0.028423 -0.030515 0.056069
v 0.030270 -0.027360 0.056714
v 0.029816 -0.028186 0.056961
v 0.030155 -0.027815 0.057075
v 0.029085 -0.028139 0.055846
v 0.029620 -0.028275 0.056756
v 0.027912 -0.030190 0.054500
v 0.027749 -0.029985 0.053486
v 0.027742 -0.030476 0.052907
v 0.027738 -0.027408 0.053177
v 0.027812 -0.029907 0.054012
v 0.028022 -0.031004 0.055104
v 0.027772 -0.031725 0.052461
v 0.027987 -0.029669 0.051736
v 0.027739 -0.027407 0.053173
v 0.027793 -0.031822 0.052257
v 0.028192 -0.031213 0.055717
v 0.027760 -0.031568 0.052608
v 0.027918 -0.031038 0.051637
v 0.027843 -0.031826 0.051891
v 0.030441 -0.031886 0.053025
v 0.030209 -0.032289 0.052784
v 0.030476 -0.031825 0.054650
v 0.030662 -0.031556 0.053758
v 0.031153 -0.030677 0.050861
v 0.028580 -0.029153 0.050619
v 0.028279 -0.029163 0.051204
v 0.032451 -0.028405 0.051077
v 0.033160 -0.027177 0.051353
v 0.031201 -0.025764 0.051075
v 0.032804 -0.027793 0.050385
v 0.030902 -0.026366 0.050218
v 0.033257 -0.027009 0.050989
v 0.033219 -0.027075 0.051211
v 0.030392 -0.025871 0.053465
v 0.033083 -0.027310 0.053473
v 0.032955 -0.027531 0.053270
v 0.032836 -0.027738 0.051905
v 0.029984 -0.026114 0.052870
v 0.032485 -0.027285 0.052415
v 0.030092 -0.026189 0.052071
v 0.030243 -0.026153 0.051856
v 0.030447 -0.026084 0.051647
v 0.032792 -0.027815 0.052598
v 0.032307 -0.028654 0.056063
v 0.032319 -0.028633 0.055101
v 0.030806 -0.031254 0.055551
v 0.030613 -0.031588 0.055970
v 0.030440 -0.031889 0.056053
v 0.030163 -0.032367 0.055310
v 0.030112 -0.031523 0.049132
v 0.030953 -0.030667 0.048802
v 0.031277 -0.029529 0.048461
v 0.030141 -0.031854 0.049417
v 0.030449 -0.031562 0.049245
v 0.030979 -0.030846 0.049075
v 0.032879 -0.026817 0.049680
v 0.031902 -0.029068 0.048729
v 0.032893 -0.027232 0.049554
v 0.032495 -0.027733 0.049064
v 0.033354 -0.025711 0.051096
v 0.030435 -0.031777 0.049570
v 0.030530 -0.031725 0.049731
v 0.030735 -0.031436 0.051814
v 0.031631 -0.029792 0.048917
v 0.032277 -0.028588 0.049000
v 0.031860 -0.029637 0.050684
v 0.033071 -0.027232 0.049863
v 0.032842 -0.027717 0.049697
v 0.033039 -0.027409 0.050306
v 0.033243 -0.027069 0.050586
v 0.033778 -0.025599 0.052662
v 0.033411 -0.026378 0.050586
v 0.033805 -0.025744 0.053393
v 0.033760 -0.025839 0.052056
v 0.033301 -0.026125 0.055816
v 0.033567 -0.025186 0.052979
v 0.029898 -0.024235 0.056659
v 0.033655 -0.025900 0.054796
v 0.033559 -0.026405 0.051139
v 0.033840 -0.025998 0.052791
v 0.033797 -0.026061 0.052851
v 0.033764 -0.026035 0.054196
v 0.033755 -0.025948 0.054363
v 0.033467 -0.026338 0.055610
v 0.032949 -0.027268 0.056763
v 0.033627 -0.026374 0.054187
v 0.033562 -0.026467 0.055183
v 0.033315 -0.026901 0.055856
v 0.030270 -0.023382 0.054805
v 0.030201 -0.023502 0.051218
v 0.030041 -0.023778 0.050603
v 0.030467 -0.023062 0.053053
v 0.029905 -0.024015 0.050196
v 0.029666 -0.024429 0.049636
v 0.029386 -0.024914 0.049159
v 0.028770 -0.025981 0.048475
v 0.029182 -0.025268 0.048887
v 0.028019 -0.027282 0.048183
v 0.028702 -0.027189 0.047792
v 0.027966 -0.027470 0.048009
v 0.027437 -0.028700 0.048715
v 0.026529 -0.029863 0.048960
v 0.028906 -0.025726 0.055790
v 0.028094 -0.027102 0.056382
v 0.028288 -0.026564 0.056109
v 0.026754 -0.029407 0.050833
v 0.027634 -0.027868 0.056319
v 0.027166 -0.028725 0.056134
v 0.027588 -0.027987 0.056389
v 0.027881 -0.027151 0.056223
v 0.026764 -0.029431 0.055597
v 0.028661 -0.025989 0.055829
v 0.028446 -0.025741 0.055586
v 0.028324 -0.025953 0.055749
v 0.028058 -0.026413 0.056001
v 0.027918 -0.026657 0.056087
v 0.028194 -0.026177 0.055888
v 0.027773 -0.026907 0.056145
v 0.028560 -0.025544 0.055399
v 0.027627 -0.027161 0.056174
v 0.026440 -0.029217 0.051165
v 0.026543 -0.029037 0.050957
v 0.027148 -0.028378 0.056044
v 0.027480 -0.027416 0.056174
v 0.027333 -0.027669 0.056146
v 0.027189 -0.027919 0.056088
v 0.027048 -0.028163 0.056003
v 0.026912 -0.028399 0.055891
v 0.026782 -0.028624 0.055752
v 0.026659 -0.028836 0.055589
v 0.026459 -0.029935 0.054767
v 0.026866 -0.029130 0.055684
v 0.026253 -0.030225 0.053233
v 0.026200 -0.030431 0.053014
v 0.026520 -0.029724 0.051403
v 0.026327 -0.030170 0.052133
v 0.026248 -0.030005 0.054021
v 0.026545 -0.029033 0.055402
v 0.026348 -0.029376 0.054967
v 0.026266 -0.029518 0.054722
v 0.026441 -0.029214 0.055194
v 0.026097 -0.029810 0.053909
v 0.026068 -0.029860 0.053621
v 0.026140 -0.029736 0.054191
v 0.026196 -0.029638 0.054463
v 0.026054 -0.029885 0.053328
v 0.026054 -0.029885 0.053033
v 0.026068 -0.029861 0.052740
v 0.026096 -0.029811 0.052451
v 0.026139 -0.029737 0.052170
v 0.026195 -0.029640 0.051897
v 0.026265 -0.029520 0.051638
v 0.026346 -0.029379 0.051393
v 0.026780 -0.028628 0.050606
v 0.026657 -0.028840 0.050770
v 0.027045 -0.028168 0.050354
v 0.027330 -0.027674 0.050211
v 0.027186 -0.027924 0.050268
v 0.026909 -0.028403 0.050467
v 0.027624 -0.027165 0.050181
v 0.027915 -0.026661 0.050267
v 0.027771 -0.026912 0.050210
v 0.028192 -0.026182 0.050465
v 0.028444 -0.025745 0.050766
v 0.028322 -0.025957 0.050603
v 0.028056 -0.026417 0.050352
v 0.027477 -0.027420 0.050181
v 0.028558 -0.025547 0.050953
v 0.028662 -0.025367 0.051161
v 0.028756 -0.025205 0.051388
v 0.028907 -0.024943 0.051893
v 0.028838 -0.025063 0.051633
v 0.029007 -0.024771 0.052446
v 0.029050 -0.024696 0.053028
v 0.029035 -0.024721 0.052735
v 0.028964 -0.024845 0.052164
v 0.029036 -0.024720 0.053615
v 0.028965 -0.024843 0.054186
v 0.029007 -0.024770 0.053904
v 0.028839 -0.025061 0.054718
v 0.028757 -0.025202 0.054963
v 0.028908 -0.024941 0.054458
v 0.029050 -0.024695 0.053322
v 0.028811 -0.025338 0.055108
v 0.020566 -0.021191 0.055586
v 0.020443 -0.021403 0.055749
v 0.020314 -0.021627 0.055888
v 0.020178 -0.021863 0.056001
v 0.020037 -0.022107 0.056087
v 0.019892 -0.022357 0.056145
v 0.019746 -0.022611 0.056174
v 0.019599 -0.022866 0.056174
v 0.019452 -0.023119 0.056146
v 0.019308 -0.023369 0.056088
v 0.019167 -0.023613 0.056003
v 0.019031 -0.023849 0.055891
v 0.018901 -0.024074 0.055752
v 0.018779 -0.024286 0.055589
v 0.018665 -0.024483 0.055402
v 0.018560 -0.024664 0.055194
v 0.018467 -0.024826 0.054967
v 0.018385 -0.024968 0.054722
v 0.018316 -0.025088 0.054463
v 0.018216 -0.025260 0.053909
v 0.018187 -0.025310 0.053621
v 0.018173 -0.025335 0.053328
v 0.018173 -0.025335 0.053033
v 0.018187 -0.025311 0.052740
v 0.018216 -0.025261 0.052451
v 0.018258 -0.025187 0.052170
v 0.018314 -0.025090 0.051897
v 0.018384 -0.024970 0.051638
v 0.018465 -0.024829 0.051393
v 0.018559 -0.024667 0.051165
v 0.032325 -0.028626 0.056881
v 0.031043 -0.030843 0.057100
v 0.031867 -0.029425 0.056996
v 0.031763 -0.029597 0.056276
v 0.032673 -0.028020 0.056779
v 0.031541 -0.029980 0.055469
v 0.031723 -0.029666 0.055941
v 0.030941 -0.031020 0.055357
v 0.031232 -0.030516 0.055242
v 0.033358 -0.026833 0.054811
v 0.033182 -0.027139 0.054736
v 0.033541 -0.026517 0.054619
v 0.032696 -0.027981 0.054565
v 0.032932 -0.027571 0.054544
v 0.033371 -0.026812 0.053624
v 0.033526 -0.026543 0.053765
v 0.029920 -0.032788 0.055159
v 0.029715 -0.033139 0.052039
v 0.029872 -0.032964 0.052536
v 0.029805 -0.032988 0.051794
v 0.030319 -0.032138 0.051706
v 0.030155 -0.032409 0.051540
v 0.031621 -0.029842 0.049591
v 0.031196 -0.030623 0.049338
v 0.031413 -0.030223 0.049273
v 0.026887 -0.029120 0.050695
v 0.027339 -0.028211 0.050202
v 0.027882 -0.027464 0.049947
v 0.028616 -0.026228 0.050197
v 0.028918 -0.025666 0.050715
v 0.028165 -0.026891 0.050072
v 0.028447 -0.026161 0.050458
v 0.029419 -0.024764 0.052540
v 0.029399 -0.024748 0.052871
v 0.029180 -0.025178 0.051392
v 0.028907 -0.025327 0.051244
v 0.029423 -0.024828 0.054383
v 0.029507 -0.024662 0.053162
v 0.029234 -0.025082 0.054799
v 0.029138 -0.025284 0.055188
v 0.029328 -0.024873 0.054165
v 0.025509 -0.031629 0.051687
v 0.025700 -0.031297 0.050784
v 0.025976 -0.030820 0.049972
v 0.026095 -0.030933 0.056357
v 0.025474 -0.031690 0.054397
v 0.026193 -0.030444 0.056855
v 0.027024 -0.029313 0.058064
v 0.027391 -0.028369 0.058079
v 0.028931 -0.025753 0.057944
v 0.027869 -0.027638 0.058340
v 0.029405 -0.024880 0.057234
v 0.029186 -0.033081 0.051020
v 0.025355 -0.031940 0.052965
v 0.025457 -0.032046 0.054032
v 0.029303 -0.032530 0.056181
v 0.032254 -0.027899 0.057524
v 0.029525 -0.032671 0.050333
v 0.032925 -0.027224 0.056780
v 0.029651 -0.032843 0.050623
v 0.032118 -0.028864 0.057439
v 0.031199 -0.029950 0.057780
v 0.029998 -0.031888 0.056911
v 0.030343 -0.031585 0.057139
v 0.030849 -0.030856 0.057436
v 0.032269 -0.028447 0.057473
v 0.032801 -0.027755 0.056831
v 0.032862 -0.027673 0.056649
v 0.032269 -0.028673 0.057292
v 0.031645 -0.029634 0.057609
v 0.031269 -0.030402 0.057368
v 0.030486 -0.031713 0.056815
v 0.030228 -0.032292 0.055858
v 0.030628 -0.031542 0.056761
v 0.029361 -0.033015 0.055411
v 0.029279 -0.033399 0.054429
v 0.029626 -0.032894 0.055671
v 0.029394 -0.033497 0.053243
v 0.029998 -0.032587 0.055861
v 0.029042 -0.033498 0.052518
v 0.029310 -0.033304 0.051591
v 0.029916 -0.032776 0.055369
v 0.029533 -0.033315 0.054391
v 0.029619 -0.033291 0.052801
v 0.029585 -0.033249 0.051805
v 0.029789 -0.032860 0.050807
v 0.029880 -0.032827 0.051001
v 0.030349 -0.026088 0.054518
v 0.031369 -0.025324 0.053720
v 0.031597 -0.025233 0.054098
v 0.031542 -0.025380 0.054737
v 0.029993 -0.026758 0.050902
v 0.029850 -0.026837 0.050984
v 0.029400 -0.027157 0.051132
v 0.029129 -0.027592 0.050986
v 0.029052 -0.027895 0.050784
v 0.029155 -0.028314 0.050259
v 0.029115 -0.029582 0.049397
v 0.029466 -0.028739 0.049435
v 0.029419 -0.029009 0.049301
v 0.029422 -0.028556 0.049652
v 0.027741 -0.027403 0.053170
v 0.027743 -0.027400 0.053169
v 0.027744 -0.027397 0.053170
v 0.027746 -0.027395 0.053172
v 0.027746 -0.027393 0.053175
v 0.027747 -0.027393 0.053178
v 0.018020 -0.024597 0.052309
v 0.018051 -0.024615 0.054208
v 0.018342 -0.022440 0.053217
v 0.018823 -0.023206 0.055619
v 0.030708 -0.038146 0.055512
v 0.030211 -0.037079 0.055000
v 0.030430 -0.037405 0.055000
v 0.030661 -0.038543 0.055000
v 0.030586 -0.038927 0.055000
v 0.030659 -0.038150 0.055000
v 0.030582 -0.037766 0.055000
v 0.029933 -0.036803 0.055000
v 0.030437 -0.039290 0.055000
v 0.030221 -0.039617 0.055000
v 0.029619 -0.040114 0.055000
v 0.028605 -0.040329 0.055505
v 0.028096 -0.040270 0.055000
v 0.027734 -0.040121 0.055000
v 0.028481 -0.040345 0.055000
v 0.029944 -0.039895 0.055000
v 0.029258 -0.040266 0.055000
v 0.027407 -0.039905 0.055000
v 0.028681 -0.040345 0.015492
v 0.027734 -0.040121 0.016000
v 0.028096 -0.040270 0.016000
v 0.029258 -0.040266 0.016000
v 0.029619 -0.040114 0.016000
v 0.028873 -0.040344 0.016000
v 0.027407 -0.039905 0.016000
v 0.029944 -0.039895 0.016000
v 0.030221 -0.039617 0.016000
v 0.030686 -0.038082 0.015490
v 0.030586 -0.038927 0.016000
v 0.030659 -0.038150 0.016000
v 0.030211 -0.037079 0.016000
v 0.030430 -0.037405 0.016000
v 0.030582 -0.037766 0.016000
v 0.030437 -0.039290 0.016000
v 0.030661 -0.038543 0.016000
v 0.029933 -0.036803 0.016000
v 0.026678 -0.037537 0.015470
v 0.029606 -0.036587 0.016000
v 0.029243 -0.036438 0.016000
v 0.029243 -0.036438 0.055000
v 0.029606 -0.036587 0.055000
v 0.029024 -0.036519 0.015512
v 0.028466 -0.036364 0.016000
v 0.028858 -0.036363 0.055000
v 0.028082 -0.036442 0.016000
v 0.027720 -0.036594 0.016000
v 0.027720 -0.036594 0.055000
v 0.028466 -0.036364 0.055000
v 0.028082 -0.036442 0.055000
v 0.027395 -0.036813 0.016000
v 0.027395 -0.036813 0.055000
v 0.027129 -0.039629 0.055000
v 0.027119 -0.037091 0.016000
v 0.026902 -0.037418 0.016000
v 0.026902 -0.037418 0.055000
v 0.026754 -0.037781 0.016000
v 0.026679 -0.038165 0.016000
v 0.026679 -0.038165 0.055000
v 0.026754 -0.037781 0.055000
v 0.026680 -0.038557 0.016000
v 0.026758 -0.038942 0.016000
v 0.026758 -0.038942 0.055000
v 0.026910 -0.039303 0.016000
v 0.027129 -0.039629 0.016000
v 0.026910 -0.039303 0.055000
v 0.026680 -0.038557 0.055000
v 0.027119 -0.037091 0.055000
v 0.026692 -0.037467 0.055533
v 0.029196 -0.036596 0.055500
v -0.046700 0.039525 0.031841
v -0.043736 0.043312 0.031180
v -0.039472 0.042095 0.028206
v -0.038516 0.042670 0.021476
v -0.039368 0.040998 0.033139
v -0.034483 0.040219 0.017564
v -0.038436 0.043207 0.019393
v -0.038059 0.040517 0.025784
v -0.037983 0.040047 0.026154
v -0.041122 0.043241 0.028562
v -0.046011 0.041783 0.031953
v -0.040050 0.043106 0.024204
v -0.040796 0.043316 0.024914
v -0.039468 0.041853 0.029635
v -0.038642 0.041479 0.026686
v -0.038123 0.040534 0.026297
v -0.039259 0.041334 0.030458
v -0.039134 0.040966 0.030816
v -0.039143 0.040998 0.030787
v -0.039149 0.041012 0.030771
v -0.038998 0.040276 0.031313
v -0.038915 0.039525 0.031342
v -0.034459 0.038894 0.017443
v -0.034864 0.038279 0.017778
v -0.036632 0.038027 0.021437
v -0.036213 0.036708 0.018106
v -0.037352 0.036066 0.018659
v -0.038372 0.037113 0.024726
v -0.035322 0.037683 0.018054
v -0.037972 0.035881 0.018449
v -0.040211 0.035736 0.018362
v -0.041375 0.035666 0.023388
v -0.041273 0.036149 0.018617
v -0.042511 0.036231 0.020809
v -0.038612 0.037639 0.026723
v -0.039019 0.036654 0.025198
v -0.039679 0.036000 0.023856
v -0.040040 0.035912 0.024142
v -0.040652 0.035725 0.023813
v -0.038045 0.038394 0.025699
v -0.038572 0.037723 0.026808
v -0.038788 0.037018 0.025705
v -0.038904 0.036836 0.025451
v -0.041594 0.035647 0.023900
v -0.042147 0.035746 0.023866
v -0.043186 0.036057 0.023956
v -0.043656 0.037222 0.021301
v -0.043373 0.036210 0.023457
v -0.046700 0.039525 0.039159
v -0.046659 0.040372 0.039386
v -0.045692 0.042275 0.038833
v -0.045630 0.042204 0.039347
v -0.043832 0.043298 0.040072
v -0.040304 0.042243 0.035319
v -0.041973 0.043276 0.040103
v -0.039723 0.041664 0.037884
v -0.039368 0.040998 0.037861
v -0.039091 0.039525 0.037583
v -0.039219 0.040408 0.036953
v -0.039134 0.040966 0.040184
v -0.039143 0.040998 0.040213
v -0.039259 0.041334 0.040542
v -0.040034 0.042791 0.043623
v -0.039149 0.041012 0.040229
v -0.038123 0.040534 0.044703
v -0.038037 0.040276 0.044795
v -0.039853 0.043330 0.049209
v -0.036849 0.041560 0.049605
v -0.037374 0.040276 0.047048
v -0.035628 0.040276 0.051406
v -0.038261 0.043164 0.051714
v -0.037178 0.042786 0.052310
v -0.038915 0.039525 0.039658
v -0.039064 0.039525 0.037907
v -0.037983 0.040047 0.044846
v -0.037934 0.039525 0.044896
v -0.037275 0.039525 0.047113
v -0.036678 0.039525 0.048742
v -0.036541 0.039525 0.049115
v -0.036479 0.039525 0.049285
v -0.034576 0.040174 0.053422
v -0.038913 0.039255 0.039702
v -0.034787 0.038918 0.028014
v -0.034803 0.039526 0.027927
v -0.034845 0.038355 0.028403
v -0.034980 0.038279 0.028657
v -0.034693 0.038913 0.027934
v -0.034680 0.039526 0.027844
v -0.034786 0.038336 0.028371
v -0.034906 0.037931 0.029028
v -0.035034 0.038064 0.029421
v -0.036944 0.038197 0.029127
v -0.035134 0.038283 0.030162
v -0.035220 0.038973 0.030666
v -0.035295 0.039524 0.030713
v -0.035162 0.038621 0.030565
v -0.035198 0.039211 0.030878
v -0.035202 0.039524 0.030909
v -0.034699 0.039025 0.043083
v -0.034680 0.039526 0.043156
v -0.034970 0.038046 0.041799
v -0.036711 0.040174 0.043258
v -0.034914 0.038525 0.042660
v -0.034803 0.039526 0.043073
v -0.034856 0.038331 0.042481
v -0.034897 0.038170 0.042207
v -0.035169 0.038644 0.040401
v -0.035257 0.038854 0.040445
v -0.035206 0.039524 0.040167
v -0.035223 0.039366 0.040250
v -0.035161 0.038409 0.040767
v -0.035074 0.038112 0.041370
v -0.037203 0.038988 0.040808
v -0.035295 0.039524 0.040287
v -0.037572 0.038801 0.039720
v -0.037445 0.038956 0.039744
v -0.037852 0.037253 0.040941
v -0.037359 0.037999 0.040257
v -0.037234 0.037492 0.040897
v -0.036778 0.037716 0.043514
v -0.037038 0.037081 0.042105
v -0.037110 0.037056 0.042304
v -0.037315 0.037534 0.043616
v -0.036780 0.038223 0.044104
v -0.036678 0.038382 0.044057
v -0.038702 0.039435 0.039820
v -0.039014 0.038009 0.040404
v -0.038963 0.037822 0.040502
v -0.038470 0.037810 0.044083
v -0.036979 0.039499 0.044533
v -0.037229 0.039260 0.040697
v -0.037189 0.038607 0.041000
v -0.037122 0.038232 0.041502
v -0.036664 0.038583 0.042801
v -0.037014 0.038132 0.042048
v -0.029763 0.033135 0.054877
v -0.029814 0.033057 0.054943
v -0.029917 0.033011 0.054977
v -0.029853 0.033027 0.054936
v -0.029799 0.033070 0.054900
v -0.029751 0.033211 0.054868
v -0.029763 0.045915 0.054877
v -0.029751 0.045839 0.054868
v -0.029799 0.045980 0.054900
v -0.029814 0.045993 0.054943
v -0.029853 0.046023 0.054936
v -0.029917 0.046039 0.054977
v -0.046378 0.037768 0.038359
v -0.046437 0.037528 0.038423
v -0.028887 0.044070 0.056198
v -0.028924 0.034980 0.056082
v -0.039289 0.036104 0.045701
v -0.041655 0.034416 0.046839
v -0.037481 0.039771 0.031364
v -0.039102 0.041723 0.029983
v -0.037313 0.041304 0.030526
v -0.037189 0.041729 0.029833
v -0.037058 0.041956 0.028839
v -0.038414 0.041154 0.026760
v -0.036809 0.041239 0.027133
v -0.036627 0.039771 0.026649
v -0.036782 0.041375 0.027450
v -0.036681 0.040705 0.026962
v -0.037644 0.040872 0.031043
v -0.038798 0.040552 0.031038
v -0.037245 0.040236 0.030196
v -0.037202 0.039900 0.030337
v -0.037164 0.040689 0.029737
v -0.037123 0.040714 0.029662
v -0.036825 0.040432 0.027930
v -0.036743 0.039880 0.027737
v -0.036958 0.040833 0.029010
v -0.029917 0.033011 0.016023
v -0.029855 0.046028 0.016023
v -0.029917 0.046039 0.016023
v -0.030028 0.046011 0.015782
v -0.046386 0.037707 0.032610
v -0.046407 0.037915 0.032626
v -0.046549 0.037456 0.032419
v -0.046494 0.037944 0.032133
v -0.048754 0.039727 0.035500
v -0.048195 0.041903 0.032226
v -0.048054 0.042279 0.034526
v -0.046573 0.044089 0.035574
v -0.046486 0.044001 0.031873
v -0.045505 0.044664 0.031797
v -0.045443 0.044743 0.039533
v -0.044170 0.045164 0.035709
v -0.048613 0.040531 0.032224
v -0.047381 0.043128 0.031743
v -0.048456 0.037761 0.032300
v -0.048568 0.039337 0.031573
v -0.029086 0.034980 0.014602
v -0.029211 0.044070 0.014645
v -0.029086 0.044070 0.014602
v -0.028887 0.044070 0.014802
v -0.028887 0.034980 0.014802
v -0.028907 0.044070 0.014715
v -0.028962 0.034980 0.014646
v -0.028962 0.044070 0.014646
v -0.028907 0.034980 0.014715
v -0.035727 0.046088 0.035500
v -0.035633 0.046088 0.038081
v -0.043394 0.045256 0.037938
v -0.039434 0.045626 0.039326
v -0.035356 0.046085 0.040631
v -0.034898 0.046081 0.043150
v -0.034258 0.046075 0.045638
v -0.031272 0.046049 0.052775
v -0.040006 0.045349 0.048415
v -0.039449 0.045331 0.050036
v -0.033434 0.046068 0.048091
v -0.032437 0.046059 0.050474
v -0.029940 0.046037 0.054992
v -0.035332 0.045622 0.052818
v -0.035959 0.045566 0.052758
v -0.033635 0.045756 0.053420
v -0.035353 0.032965 0.040654
v -0.035633 0.032962 0.038087
v -0.039381 0.033577 0.046485
v -0.038396 0.033427 0.044834
v -0.038835 0.033365 0.037651
v -0.034889 0.032969 0.043188
v -0.035727 0.032962 0.035500
v -0.034242 0.032975 0.045691
v -0.033419 0.032982 0.048131
v -0.040397 0.033878 0.052470
v -0.032427 0.032991 0.050495
v -0.035332 0.033428 0.052818
v -0.031268 0.033001 0.052782
v -0.035966 0.033485 0.052756
v -0.030028 0.033039 0.055218
v -0.032900 0.033239 0.053750
v -0.038656 0.033687 0.027793
v -0.038644 0.037075 0.027531
v -0.038027 0.038657 0.045024
v -0.038788 0.037018 0.045295
v -0.038733 0.036804 0.045857
v -0.039019 0.036654 0.045802
v -0.040040 0.035912 0.046858
v -0.036170 0.037991 0.050752
v -0.036096 0.038337 0.050619
v -0.037680 0.037066 0.048614
v -0.039983 0.035871 0.047306
v -0.039161 0.035724 0.051088
v -0.041594 0.035647 0.047100
v -0.042053 0.035663 0.047982
v -0.042830 0.035954 0.047201
v -0.039151 0.035623 0.052616
v -0.040906 0.035937 0.052342
v -0.043656 0.037222 0.049699
v -0.041121 0.036046 0.052434
v -0.038048 0.035946 0.051794
v -0.037053 0.036218 0.052701
v -0.036671 0.036556 0.052368
v -0.036213 0.036708 0.052894
v -0.035816 0.036989 0.052998
v -0.038449 0.035751 0.052488
v -0.034740 0.038446 0.053359
v -0.038904 0.036836 0.045549
v -0.035500 0.033160 0.035500
v -0.035407 0.033161 0.038071
v -0.035129 0.033163 0.040621
v -0.034668 0.033167 0.043139
v -0.035199 0.040109 0.040314
v -0.035398 0.045407 0.037567
v -0.035091 0.040951 0.040883
v -0.034677 0.045883 0.043101
v -0.034025 0.033173 0.045625
v -0.033222 0.045870 0.048011
v -0.032706 0.033149 0.049361
v -0.031075 0.045851 0.052664
v -0.031071 0.033199 0.052672
v -0.032232 0.045861 0.050379
v -0.029586 0.033294 0.055119
v -0.029586 0.045756 0.055119
v -0.029430 0.033428 0.055353
v -0.029430 0.045622 0.055353
v -0.028986 0.034190 0.055999
v -0.029145 0.045338 0.055804
v -0.034041 0.045877 0.045573
v -0.028924 0.034980 0.014918
v -0.029287 0.045442 0.015437
v -0.029430 0.033428 0.015647
v -0.032226 0.033189 0.020609
v -0.032728 0.045922 0.021712
v -0.033212 0.033180 0.022961
v -0.034030 0.033173 0.025390
v -0.033638 0.045929 0.024111
v -0.034672 0.033167 0.027879
v -0.029586 0.033294 0.015881
v -0.029751 0.045839 0.016132
v -0.031073 0.033199 0.018332
v -0.031075 0.045851 0.018336
v -0.029586 0.045756 0.015881
v -0.028924 0.044070 0.014918
v -0.028963 0.044712 0.014968
v -0.034041 0.045877 0.025427
v -0.035131 0.033163 0.030394
v -0.035407 0.033161 0.032934
v -0.034691 0.040110 0.027933
v -0.034767 0.040752 0.028322
v -0.035294 0.045959 0.031474
v -0.034906 0.041119 0.029029
v -0.035156 0.040526 0.030570
v -0.035034 0.041019 0.029717
v -0.039024 0.038900 0.031541
v -0.039024 0.037270 0.041116
v -0.039339 0.033633 0.038105
v -0.038764 0.036924 0.043190
v -0.039473 0.037066 0.038978
v -0.039450 0.033861 0.035492
v -0.039358 0.035738 0.030868
v -0.038847 0.036856 0.028626
v -0.038969 0.034822 0.025672
v -0.040580 0.035469 0.024274
v -0.040511 0.035688 0.024062
v -0.039503 0.036008 0.025049
v -0.039312 0.036281 0.025214
v -0.035332 0.033428 0.018182
v -0.034092 0.033330 0.017744
v -0.032431 0.032991 0.020513
v -0.035966 0.033485 0.018244
v -0.036882 0.033579 0.018285
v -0.033423 0.032982 0.022880
v -0.031270 0.033001 0.018222
v -0.029940 0.033013 0.016008
v -0.042248 0.033994 0.019947
v -0.034247 0.032975 0.025325
v -0.039880 0.033679 0.024396
v -0.038025 0.033426 0.024840
v -0.034893 0.032969 0.027830
v -0.038237 0.033396 0.026718
v -0.035355 0.032965 0.030361
v -0.035633 0.032962 0.032918
v -0.038502 0.033394 0.028802
v -0.030304 0.033056 0.015952
v -0.031272 0.046049 0.018225
v -0.032437 0.046059 0.020526
v -0.035332 0.045622 0.018182
v -0.035959 0.045566 0.018242
v -0.033434 0.046068 0.022909
v -0.038633 0.045385 0.019754
v -0.040181 0.045362 0.023467
v -0.034258 0.046075 0.025362
v -0.040814 0.045350 0.025269
v -0.034898 0.046081 0.027850
v -0.035356 0.046085 0.030369
v -0.041628 0.045329 0.028204
v -0.041664 0.045352 0.028851
v -0.035633 0.046088 0.032919
v -0.033635 0.045756 0.017580
v -0.029492 0.045269 0.014870
v -0.034218 0.039054 0.017316
v -0.034169 0.033645 0.017363
v -0.035733 0.036142 0.017687
v -0.048584 0.038964 0.039378
v -0.047635 0.039037 0.031103
v -0.048557 0.040220 0.039240
v -0.048122 0.041817 0.039237
v -0.047874 0.042316 0.039236
v -0.048328 0.042082 0.037304
v -0.046666 0.043812 0.039234
v -0.044571 0.045007 0.039706
v -0.048510 0.040494 0.039240
v -0.048391 0.041034 0.039239
v -0.048220 0.041558 0.039238
v -0.047998 0.042067 0.039236
v -0.047415 0.043005 0.039233
v -0.046027 0.044309 0.039278
v -0.043571 0.045203 0.040268
v -0.047058 0.043428 0.039230
v -0.043533 0.034154 0.023733
v -0.044545 0.035435 0.020492
v -0.044084 0.035630 0.019075
v -0.045065 0.036518 0.019691
v -0.044627 0.034813 0.024110
v -0.045283 0.035296 0.023610
v -0.046314 0.037335 0.022065
v -0.046530 0.037167 0.022952
v -0.046095 0.036218 0.023513
v -0.045402 0.037728 0.019745
v -0.044081 0.037143 0.018678
v -0.041209 0.044795 0.025397
v -0.039384 0.043896 0.019884
v -0.038483 0.043429 0.019030
v -0.037504 0.044512 0.018161
v -0.045114 0.036870 0.024105
v -0.046184 0.037974 0.022720
v -0.045227 0.038003 0.022816
v -0.043664 0.037745 0.019363
v -0.044571 0.038051 0.019797
v -0.045119 0.044330 0.031083
v -0.044142 0.044472 0.030666
v -0.043388 0.044323 0.030138
v -0.042060 0.044971 0.028635
v -0.048149 0.037109 0.032900
v -0.047240 0.036882 0.033354
v -0.047344 0.036994 0.032809
v -0.046878 0.037628 0.031940
v -0.048237 0.038804 0.031341
v -0.029303 0.033613 0.015044
v -0.029924 0.033081 0.015599
v -0.028909 0.044408 0.014727
v -0.042914 0.035663 0.024168
v -0.043877 0.036433 0.024057
v -0.044517 0.037109 0.023839
v -0.032986 0.045719 0.017139
v -0.032758 0.045551 0.016867
v -0.029953 0.045972 0.015577
v -0.029793 0.045777 0.015198
v -0.039449 0.045331 0.020964
v -0.039325 0.045259 0.020330
v -0.038797 0.045237 0.019514
v -0.037559 0.045415 0.018615
v -0.039676 0.045064 0.020875
v -0.038238 0.045105 0.018872
v -0.037192 0.045164 0.018200
v -0.036608 0.045399 0.018074
v -0.040583 0.045226 0.023662
v -0.048426 0.038584 0.031542
v -0.048166 0.037850 0.031853
v -0.042492 0.045312 0.029908
v -0.042473 0.044639 0.029212
v -0.048547 0.039424 0.031560
v -0.045663 0.044436 0.031345
v -0.044332 0.045022 0.031036
v -0.044680 0.044806 0.031064
v -0.048003 0.041775 0.031410
v -0.047065 0.043139 0.031359
v -0.047546 0.042760 0.031592
v -0.048295 0.041278 0.031587
v -0.048197 0.039922 0.031267
v -0.048512 0.040211 0.031587
v -0.046806 0.039073 0.035691
v -0.046701 0.038683 0.031632
v -0.047127 0.040285 0.031265
v -0.046902 0.039720 0.031378
v -0.046612 0.040484 0.031597
v -0.046442 0.041209 0.031432
v -0.046352 0.041746 0.031342
v -0.045796 0.042185 0.031444
v -0.044792 0.043051 0.031200
v -0.044662 0.043486 0.030929
v -0.046123 0.041600 0.031633
v -0.046045 0.041984 0.032020
v -0.044496 0.043025 0.031292
v -0.043485 0.043481 0.030434
v -0.042958 0.043617 0.029908
v -0.042014 0.043483 0.028724
v -0.040821 0.043489 0.024295
v -0.041681 0.043347 0.028316
v -0.041560 0.043338 0.027870
v -0.039714 0.043338 0.021448
v -0.039124 0.033493 0.031483
v -0.039282 0.033504 0.033444
v -0.039312 0.033475 0.036583
v -0.038823 0.033622 0.028809
v -0.038534 0.033545 0.043825
v -0.038693 0.033515 0.042622
v -0.035287 0.041945 0.017641
v -0.039180 0.043378 0.020108
v -0.038926 0.043465 0.019603
v -0.041701 0.033826 0.023883
v -0.041646 0.034094 0.024161
v -0.040818 0.034364 0.024348
v -0.039071 0.033817 0.025422
v -0.038613 0.033510 0.025927
v -0.038436 0.033469 0.027070
v -0.034370 0.040086 0.017389
v -0.036481 0.036276 0.017966
v -0.040821 0.035252 0.017961
v -0.041789 0.035895 0.017997
v -0.038615 0.035670 0.018361
v -0.038154 0.035429 0.018057
v -0.042364 0.036805 0.018594
v -0.041631 0.035190 0.024200
v -0.041251 0.033920 0.024109
v -0.043544 0.034429 0.024166
v -0.044366 0.034741 0.024029
v -0.042766 0.033948 0.023782
v -0.045483 0.035879 0.024152
v -0.045307 0.038001 0.020493
v -0.043988 0.037819 0.018846
v -0.043213 0.036683 0.018307
v -0.046063 0.036278 0.023987
v -0.045738 0.035758 0.023705
v -0.046502 0.037209 0.023305
v -0.046322 0.037450 0.023596
v -0.046269 0.037803 0.022079
v -0.046348 0.037575 0.022055
v -0.045515 0.037716 0.020027
v -0.045753 0.037335 0.020347
v -0.045709 0.037803 0.020362
v -0.045747 0.037689 0.020349
v -0.045786 0.037554 0.020326
v -0.045499 0.037975 0.020369
v -0.045710 0.037783 0.020331
v -0.042246 0.034519 0.018322
v -0.044198 0.035863 0.018787
v -0.040154 0.034164 0.018059
v -0.041430 0.034284 0.018051
v -0.040317 0.033903 0.018348
v -0.037772 0.033784 0.018141
v -0.033389 0.033352 0.017265
v -0.030626 0.033112 0.015865
v -0.046704 0.037112 0.032976
v -0.046378 0.037746 0.032656
v -0.046390 0.037828 0.032656
v -0.046396 0.037848 0.032656
v -0.046401 0.037869 0.032656
v -0.046388 0.037674 0.032640
v -0.046390 0.037651 0.032655
v -0.029873 0.033022 0.054949
v -0.031196 0.033007 0.052746
v -0.031128 0.033049 0.052708
v -0.029809 0.033063 0.054907
v -0.032282 0.033039 0.050431
v -0.032353 0.032997 0.050464
v -0.033344 0.032988 0.048103
v -0.033271 0.033030 0.048076
v -0.032235 0.033110 0.050409
v -0.034814 0.032975 0.043156
v -0.034167 0.032981 0.045662
v -0.035277 0.032971 0.040619
v -0.034092 0.033023 0.045640
v -0.034738 0.033017 0.043140
v -0.035555 0.032968 0.038050
v -0.035200 0.033013 0.040607
v -0.035477 0.033010 0.038044
v -0.035646 0.032967 0.035468
v -0.035568 0.033009 0.035468
v -0.033222 0.033102 0.048057
v -0.029765 0.033133 0.054878
v -0.031083 0.033121 0.052683
v -0.034043 0.033094 0.045625
v -0.034687 0.033088 0.043128
v -0.035148 0.033084 0.040600
v -0.035425 0.033082 0.038040
v -0.035516 0.033081 0.035468
v -0.035552 0.032968 0.032905
v -0.035274 0.032971 0.030362
v -0.035474 0.033010 0.032911
v -0.035197 0.033013 0.030374
v -0.035422 0.033082 0.032915
v -0.034813 0.032975 0.027840
v -0.034737 0.033017 0.027857
v -0.035145 0.033084 0.030381
v -0.033344 0.032988 0.022897
v -0.034167 0.032981 0.025338
v -0.032353 0.032997 0.020536
v -0.033271 0.033030 0.022924
v -0.032282 0.033039 0.020569
v -0.031196 0.033007 0.018254
v -0.029853 0.033027 0.016064
v -0.031128 0.033049 0.018292
v -0.034092 0.033023 0.025360
v -0.034686 0.033088 0.027868
v -0.034043 0.033094 0.025375
v -0.033222 0.033102 0.022943
v -0.032235 0.033110 0.020591
v -0.031083 0.033121 0.018317
v -0.029799 0.033070 0.016100
v -0.029763 0.033135 0.016123
v -0.028902 0.034980 0.014849
v -0.028893 0.034980 0.014775
v -0.028921 0.034433 0.014889
v -0.029048 0.033996 0.014951
v -0.028932 0.034637 0.014725
v -0.028917 0.034980 0.014703
v -0.029037 0.034297 0.014715
v -0.029341 0.033462 0.015507
v -0.029341 0.033359 0.015432
v -0.029873 0.046028 0.016051
v -0.031193 0.046043 0.018247
v -0.031125 0.046001 0.018285
v -0.029809 0.045987 0.016093
v -0.029853 0.046023 0.016064
v -0.032281 0.046011 0.020565
v -0.032351 0.046053 0.020533
v -0.033348 0.046062 0.022908
v -0.033275 0.046020 0.022935
v -0.032234 0.045940 0.020587
v -0.029799 0.045980 0.016100
v -0.034174 0.046070 0.025361
v -0.035275 0.046079 0.030368
v -0.035553 0.046082 0.032918
v -0.034815 0.046075 0.027849
v -0.034099 0.046027 0.025383
v -0.035198 0.046037 0.030380
v -0.035646 0.046083 0.035500
v -0.035475 0.046040 0.032924
v -0.034739 0.046033 0.027866
v -0.035568 0.046041 0.035500
v -0.029765 0.045917 0.016122
v -0.031079 0.045929 0.018311
v -0.029763 0.045915 0.016123
v -0.034689 0.045962 0.027877
v -0.034926 0.045940 0.029068
v -0.035508 0.045976 0.034198
v -0.035553 0.046082 0.038081
v -0.035275 0.046079 0.040632
v -0.035475 0.046040 0.038076
v -0.035198 0.046037 0.040620
v -0.034740 0.046033 0.043134
v -0.034815 0.046075 0.043151
v -0.034174 0.046070 0.045639
v -0.034099 0.046027 0.045617
v -0.034689 0.045962 0.043123
v -0.035146 0.045966 0.040613
v -0.033348 0.046062 0.048092
v -0.032351 0.046053 0.050467
v -0.033275 0.046020 0.048065
v -0.032281 0.046011 0.050435
v -0.031193 0.046043 0.052753
v -0.031125 0.046001 0.052715
v -0.034049 0.045956 0.045602
v -0.033227 0.045948 0.048046
v -0.032234 0.045940 0.050412
v -0.031079 0.045929 0.052689
v -0.028917 0.044070 0.014703
v -0.028893 0.044070 0.014775
v -0.029033 0.045078 0.014976
v -0.029177 0.045477 0.015088
v -0.029326 0.045574 0.015479
v -0.029584 0.045824 0.015853
v -0.029773 0.045958 0.016091
v -0.029800 0.045581 0.015101
v -0.029689 0.045683 0.015136
v -0.029173 0.044773 0.014667
v -0.029855 0.033022 0.016023
v -0.029751 0.033211 0.016132
v -0.030002 0.033041 0.015770
v -0.029913 0.033292 0.015215
v -0.029554 0.033334 0.015183
v -0.029355 0.033864 0.014808
v -0.029207 0.034470 0.014649
v -0.036652 0.038309 0.027603
v -0.036859 0.039459 0.026502
v -0.037734 0.037422 0.027488
v -0.037889 0.037212 0.029730
v -0.037363 0.038040 0.030819
v -0.036906 0.037309 0.028242
v -0.036740 0.039085 0.027643
v -0.038021 0.038544 0.026433
v -0.037814 0.039480 0.026299
v -0.038154 0.038436 0.026407
v -0.037966 0.039101 0.026210
v -0.037959 0.040296 0.026393
v -0.037983 0.040145 0.026220
v -0.038824 0.041619 0.027303
v -0.039423 0.041982 0.028849
v -0.038750 0.038268 0.030913
v -0.038864 0.039832 0.031212
v -0.039041 0.038300 0.030839
v -0.038955 0.040489 0.031017
v -0.038875 0.038931 0.031135
v -0.039014 0.038009 0.030596
v -0.039085 0.037982 0.030621
v -0.038522 0.037770 0.026922
v -0.038881 0.037092 0.029471
v -0.038982 0.037037 0.029520
v -0.039137 0.037942 0.030667
v -0.039101 0.037530 0.030314
v -0.038774 0.037045 0.028758
v -0.038649 0.037138 0.027744
v -0.038566 0.037291 0.027590
v -0.036703 0.038750 0.026699
v -0.036985 0.037138 0.028314
v -0.036716 0.038299 0.026934
v -0.037412 0.037608 0.030444
v -0.037502 0.038172 0.030943
v -0.037461 0.038812 0.031219
v -0.037541 0.038593 0.031165
v -0.037440 0.039071 0.031215
v -0.037142 0.037166 0.029444
v -0.041038 0.035593 0.046947
v -0.040689 0.034989 0.046611
v -0.039017 0.035431 0.045445
v -0.039728 0.035967 0.046369
v -0.037282 0.044148 0.052921
v -0.034572 0.037922 0.053571
v -0.033705 0.033741 0.053804
v -0.034186 0.039516 0.053695
v -0.029211 0.044070 0.056355
v -0.029790 0.045595 0.055902
v -0.028907 0.034980 0.056285
v -0.028962 0.044070 0.056354
v -0.028962 0.034980 0.056354
v -0.029086 0.044070 0.056398
v -0.029086 0.034980 0.056398
v -0.046479 0.042536 0.039746
v -0.047743 0.040128 0.039791
v -0.048100 0.039635 0.039700
v -0.045407 0.035406 0.048001
v -0.043462 0.034127 0.047446
v -0.045682 0.035695 0.047179
v -0.046044 0.036038 0.047496
v -0.046314 0.037335 0.048935
v -0.041769 0.034265 0.052690
v -0.043632 0.035264 0.052162
v -0.044535 0.035997 0.051689
v -0.043549 0.037352 0.052473
v -0.045674 0.037716 0.050793
v -0.045536 0.037350 0.051194
v -0.043905 0.036507 0.052390
v -0.041891 0.045089 0.042645
v -0.039885 0.044390 0.049949
v -0.045509 0.037975 0.050659
v -0.038866 0.044145 0.051749
v -0.045719 0.036657 0.046838
v -0.044465 0.036090 0.046770
v -0.044995 0.037821 0.048078
v -0.043981 0.037910 0.051161
v -0.045516 0.038006 0.049883
v -0.042099 0.043894 0.042299
v -0.043628 0.044748 0.040649
v -0.043268 0.044162 0.040996
v -0.046997 0.036817 0.035006
v -0.046926 0.036973 0.037674
v -0.047851 0.036956 0.037577
v -0.048057 0.037928 0.039446
v -0.029896 0.033014 0.055005
v -0.030002 0.033132 0.055490
v -0.029067 0.033880 0.056037
v -0.029730 0.033217 0.055772
v -0.029487 0.045773 0.055612
v -0.029924 0.045969 0.055401
v -0.043080 0.035880 0.046935
v -0.044141 0.036505 0.046886
v -0.044342 0.036949 0.047109
v -0.044736 0.037525 0.047529
v -0.033947 0.045189 0.053855
v -0.036418 0.045396 0.052993
v -0.030331 0.045934 0.055213
v -0.039676 0.045064 0.050125
v -0.038871 0.045360 0.051061
v -0.038393 0.045378 0.051702
v -0.038949 0.045231 0.051379
v -0.037192 0.045164 0.052800
v -0.037644 0.045382 0.052398
v -0.048199 0.037036 0.038101
v -0.040991 0.045246 0.045800
v -0.040490 0.045137 0.047781
v -0.048332 0.037939 0.039072
v -0.041482 0.045355 0.042977
v -0.042439 0.045270 0.041357
v -0.048437 0.039358 0.039568
v -0.045637 0.043900 0.039817
v -0.045558 0.044426 0.039695
v -0.046394 0.043758 0.039643
v -0.045092 0.044768 0.039633
v -0.043922 0.044879 0.040404
v -0.048384 0.039936 0.039617
v -0.047521 0.042501 0.039622
v -0.047663 0.042505 0.039578
v -0.047829 0.041804 0.039663
v -0.048333 0.040952 0.039503
v -0.046640 0.038642 0.039260
v -0.046892 0.038617 0.039555
v -0.046785 0.037685 0.039085
v -0.046396 0.037732 0.038510
v -0.046774 0.040235 0.039533
v -0.046123 0.041600 0.039367
v -0.045739 0.042212 0.039498
v -0.045994 0.042359 0.039706
v -0.044765 0.043051 0.039853
v -0.045455 0.042811 0.039770
v -0.046352 0.041746 0.039659
v -0.043543 0.043367 0.040357
v -0.042842 0.043442 0.040961
v -0.041986 0.043426 0.042231
v -0.041500 0.043382 0.043660
v -0.040974 0.043452 0.046102
v -0.040407 0.043475 0.047978
v -0.036148 0.042519 0.053117
v -0.037847 0.043296 0.052476
v -0.039263 0.043458 0.050947
v -0.039233 0.043321 0.050609
v -0.039557 0.033949 0.046273
v -0.041702 0.033817 0.047165
v -0.040149 0.033680 0.046749
v -0.038707 0.033532 0.045272
v -0.035453 0.041874 0.053230
v -0.034667 0.040602 0.053455
v -0.034392 0.039227 0.053576
v -0.035151 0.037510 0.053321
v -0.036951 0.036099 0.052913
v -0.037299 0.035842 0.052962
v -0.037853 0.034207 0.053011
v -0.038254 0.035462 0.052921
v -0.040452 0.035524 0.052953
v -0.040968 0.035910 0.052771
v -0.040953 0.035125 0.053079
v -0.042175 0.036662 0.052338
v -0.042225 0.033984 0.046924
v -0.042398 0.034022 0.046845
v -0.043962 0.034473 0.046980
v -0.045118 0.035231 0.046972
v -0.044675 0.035178 0.046842
v -0.044433 0.037890 0.051751
v -0.043154 0.037445 0.052187
v -0.046154 0.036282 0.047185
v -0.046324 0.037689 0.047460
v -0.045483 0.035879 0.046848
v -0.045902 0.036563 0.046925
v -0.046568 0.037427 0.047979
v -0.046050 0.037455 0.049799
v -0.046328 0.037711 0.047784
v -0.046183 0.037885 0.048895
v -0.045473 0.037797 0.050939
v -0.045709 0.037803 0.050638
v -0.045710 0.037783 0.050669
v -0.045786 0.037575 0.050665
v -0.045106 0.036673 0.051420
v -0.040618 0.033961 0.052725
v -0.042061 0.034409 0.052894
v -0.037892 0.033720 0.052746
v -0.040540 0.034223 0.052969
v -0.038444 0.034007 0.052910
v -0.034576 0.033500 0.053412
v -0.046744 0.037142 0.038279
v -0.047265 0.036869 0.037480
v -0.046553 0.037475 0.038617
v -0.046439 0.037564 0.038532
v -0.028917 0.034980 0.056297
v -0.028912 0.034639 0.056244
v -0.028887 0.034980 0.056198
v -0.028924 0.034525 0.056101
v -0.029259 0.033511 0.055667
v -0.029530 0.033201 0.055301
v -0.028924 0.044070 0.056082
v -0.028918 0.044620 0.056112
v -0.029007 0.044975 0.056045
v -0.028987 0.044492 0.056329
v -0.028907 0.044070 0.056285
v -0.029154 0.045152 0.056163
v -0.029464 0.045793 0.055373
v -0.029689 0.045683 0.055864
v -0.030002 0.046009 0.055230
v -0.029808 0.045745 0.055838
v -0.029250 0.044811 0.056313
v -0.029710 0.033410 0.055919
v -0.029241 0.034349 0.056326
v -0.029116 0.034134 0.056280
v -0.029827 0.033304 0.055838
v -0.034724 0.039843 0.043052
v -0.037043 0.040908 0.041778
v -0.037267 0.039798 0.040677
v -0.036956 0.040623 0.041305
v -0.037676 0.039844 0.044638
v -0.038412 0.041262 0.044027
v -0.039320 0.042030 0.042636
v -0.038150 0.042204 0.042072
v -0.038879 0.040650 0.040030
v -0.037560 0.040237 0.039747
v -0.036770 0.040414 0.043010
v -0.037927 0.039005 0.044829
v -0.037842 0.039085 0.044715
v -0.038538 0.037735 0.044140
v -0.038121 0.040534 0.044593
v -0.038010 0.040193 0.044698
v -0.038103 0.041091 0.044275
v -0.038686 0.041502 0.044009
v -0.039207 0.041948 0.043267
v -0.039451 0.041807 0.041368
v -0.039010 0.040714 0.040068
v -0.038819 0.039809 0.039806
v -0.038995 0.038503 0.040028
v -0.039137 0.037942 0.040333
v -0.039044 0.038068 0.040336
v -0.038879 0.037010 0.041968
v -0.038917 0.037267 0.041318
v -0.038572 0.037261 0.043343
v -0.036641 0.039481 0.044416
v -0.036658 0.040400 0.044201
v -0.036915 0.041549 0.043383
v -0.036761 0.041060 0.043874
v -0.036853 0.041593 0.043261
v -0.037048 0.041929 0.042260
v -0.037385 0.041549 0.040718
v -0.037268 0.041565 0.040782
v -0.037449 0.041247 0.040355
v -0.037124 0.041861 0.041625
v -0.037461 0.040697 0.039957
v -0.037444 0.039700 0.039706
v -0.035129 0.040828 0.041000
v -0.035294 0.039802 0.040316
v -0.035242 0.040526 0.040700
v -0.035126 0.040931 0.041550
v -0.034931 0.040996 0.042039
v -0.035036 0.040912 0.041957
v -0.034772 0.040576 0.042741
v -0.034967 0.040790 0.042320
v -0.034809 0.040136 0.042940
v -0.034879 0.040447 0.042746
v -0.035240 0.040299 0.030518
v -0.035206 0.039524 0.030833
v -0.035197 0.040160 0.030685
v -0.035097 0.040909 0.029901
v -0.035035 0.040962 0.029090
v -0.034903 0.041030 0.028931
v -0.034809 0.040531 0.028282
v -0.034745 0.039944 0.027962
v -0.050546 -0.010525 0.068045
v -0.047972 -0.015019 0.069011
v -0.052219 -0.007681 0.067035
v -0.056171 -0.001308 0.063649
v -0.058311 0.002992 0.059013
v -0.034544 -0.037990 0.008800
v -0.036244 -0.036035 0.007303
v -0.039446 -0.029797 0.002837
v -0.045126 -0.019806 -0.000270
v -0.030115 -0.023756 0.011118
v -0.031114 -0.022135 0.011455
v -0.031872 -0.020688 0.014202
v -0.031779 -0.020983 0.012706
v -0.043655 -0.000405 0.011259
v -0.029191 -0.040300 0.055000
v -0.028407 -0.040352 0.055000
v -0.027662 -0.040099 0.055000
v -0.029896 -0.039953 0.055000
v -0.029677 -0.036609 0.055000
v -0.030668 -0.038617 0.055000
v -0.030268 -0.037127 0.055000
v -0.030616 -0.037832 0.055000
v -0.030415 -0.039361 0.055000
v -0.038224 -0.003200 0.070001
v -0.055963 0.017429 0.044175
v -0.048295 0.014304 0.056736
v -0.034684 -0.009192 0.070979
v -0.049420 0.016632 0.052663
v -0.050054 0.017728 0.021759
v -0.047022 0.012332 0.012331
v -0.038444 -0.002407 0.001284
v -0.027282 -0.028774 0.061108
v -0.028515 -0.026613 0.058551
v -0.046913 0.010244 0.038565
v -0.048941 0.007524 0.038088
v -0.045911 0.008509 0.037167
v -0.046871 0.007438 0.036085
v -0.046646 0.009782 0.032517
v -0.049559 0.006627 0.033047
v -0.025413 -0.025783 0.065248
v -0.017204 -0.039505 0.044788
v -0.017180 -0.040265 0.040473
v -0.032204 -0.013645 0.001073
v -0.016345 -0.040565 0.031094
v -0.017799 -0.038274 0.022396
v -0.019816 -0.035868 0.016420
v -0.029670 -0.036622 0.020500
v -0.030257 -0.037136 0.020500
v -0.030602 -0.037836 0.020500
v -0.030653 -0.038615 0.020500
v -0.027670 -0.040086 0.020500
v -0.029310 -0.041157 0.023047
v -0.030402 -0.039354 0.020500
v -0.029187 -0.040286 0.020500
v -0.029887 -0.039941 0.020500
v -0.028409 -0.040337 0.020500
v -0.029184 -0.040271 0.020500
v -0.028411 -0.040322 0.020500
v -0.029878 -0.039929 0.020500
v -0.027677 -0.040073 0.020500
v -0.029662 -0.036635 0.020500
v -0.030389 -0.039346 0.020500
v -0.030638 -0.038613 0.020500
v -0.030587 -0.037840 0.020500
v -0.030245 -0.037146 0.020500
v -0.026444 -0.027369 0.050049
v -0.025678 -0.029450 0.051467
v -0.024275 -0.028966 0.052563
v -0.027463 -0.027371 0.056364
v -0.026766 -0.024651 0.056010
v -0.025310 -0.029159 0.055080
v -0.027296 -0.028534 0.056088
v -0.025629 -0.029422 0.016111
v -0.027110 -0.027790 0.014701
v -0.026754 -0.027291 0.020959
v -0.025975 -0.026021 0.020976
v -0.024820 -0.029355 0.018551
v -0.026589 -0.029759 0.019572
v -0.026028 -0.028457 0.020475
v -0.045100 0.003347 0.014539
v -0.043456 0.001111 0.016111
v -0.042780 0.001109 0.018612
v -0.043651 0.002193 0.020475
v -0.043190 0.003796 0.050088
v -0.043497 0.004328 0.050028
v -0.042933 0.001431 0.051686
v -0.044370 0.002640 0.050012
v -0.044005 0.000407 0.052812
v -0.041953 0.001653 0.052563
v -0.043220 0.000967 0.054001
v -0.041922 0.001600 0.053178
v -0.043278 0.001918 0.055570
v -0.031493 -0.015348 0.001259
v -0.025338 -0.025889 0.005603
v -0.024518 -0.028546 0.007341
v -0.020316 -0.035824 0.016333
v -0.021324 -0.034077 0.013613
v -0.017914 -0.039984 0.027111
v -0.031926 -0.014468 0.069824
v -0.018788 -0.037448 0.050825
v -0.019910 -0.035514 0.054602
v -0.028114 -0.021534 0.067607
v -0.022673 -0.031005 0.060809
v -0.017419 -0.040842 0.033506
v -0.056464 -0.000306 0.064678
v -0.062703 0.010383 0.049756
v -0.047999 0.000704 0.069580
v -0.063598 0.011979 0.043952
v -0.059806 0.005560 0.058799
v -0.057449 0.016770 0.032393
v -0.059261 0.004890 0.011248
v -0.055982 -0.001092 0.005645
v -0.062250 0.010037 0.019737
v -0.030602 -0.037836 0.055000
v -0.030257 -0.037136 0.055000
v -0.029670 -0.036622 0.055000
v -0.030653 -0.038615 0.055000
v -0.027670 -0.040086 0.055000
v -0.029017 -0.040755 0.047946
v -0.030402 -0.039354 0.055000
v -0.029887 -0.039941 0.055000
v -0.029187 -0.040286 0.055000
v -0.028409 -0.040337 0.055000
v -0.035818 -0.022904 0.003289
v -0.041808 -0.018550 0.002645
v -0.029662 -0.025169 0.005238
v -0.025497 -0.031650 0.010663
v -0.021064 -0.040877 0.028134
v -0.029289 -0.044159 0.023895
v -0.028329 -0.045673 0.029004
v -0.033540 -0.039894 0.013771
v -0.032913 -0.038289 0.012779
v -0.033551 -0.036300 0.010663
v -0.029804 -0.043633 0.021382
v -0.019817 -0.041822 0.033170
v -0.023952 -0.041442 0.040523
v -0.029100 -0.044270 0.046778
v -0.025613 -0.031568 0.060453
v -0.025497 -0.031650 0.060337
v -0.029524 -0.033975 0.060337
v -0.026245 -0.030834 0.061143
v -0.041141 -0.026593 0.067498
v -0.029424 -0.043975 0.047999
v -0.035866 -0.035702 0.061795
v -0.033551 -0.036300 0.060337
v -0.033539 -0.040072 0.057611
v -0.047092 0.005755 0.061831
v -0.035818 -0.014253 0.070499
v -0.045592 0.002676 0.064213
v -0.047721 0.005293 0.061267
v -0.061653 0.008974 0.048725
v -0.053373 0.016227 0.043735
v -0.062377 0.010229 0.044645
v -0.062048 0.009659 0.046709
v -0.060909 0.007717 0.051736
v -0.061870 0.011036 0.042952
v -0.063070 0.012318 0.043089
v -0.055262 0.014229 0.041433
v -0.052878 0.015776 0.042267
v -0.054794 0.014163 0.040539
v -0.053512 0.012017 0.038822
v -0.052748 0.014732 0.039961
v -0.050062 0.010339 0.040008
v -0.044985 0.001864 0.058478
v -0.045372 0.002557 0.059055
v -0.040864 -0.005354 0.062461
v -0.046434 0.004375 0.061093
v -0.035636 -0.014399 0.063428
v -0.037979 -0.010161 0.063438
v -0.054711 0.013950 0.039974
v -0.042986 -0.009913 0.023047
v -0.043188 -0.008942 0.022377
v -0.037220 -0.019342 0.022483
v -0.038300 -0.019250 0.022867
v -0.040763 -0.014506 0.006291
v -0.044129 -0.008636 0.014493
v -0.043663 -0.007819 0.007800
v -0.040259 -0.014215 0.005262
v -0.027365 -0.023615 0.053792
v -0.037574 -0.004909 0.069359
v -0.041260 0.000453 0.067374
v -0.027395 -0.023562 0.053178
v -0.027365 -0.023615 0.052563
v -0.027275 -0.023770 0.051972
v -0.035364 -0.009760 0.023432
v -0.028854 -0.024636 0.051359
v -0.026127 -0.025758 0.050088
v -0.026423 -0.025246 0.050267
v -0.031152 -0.017054 0.022878
v -0.045725 0.005386 0.055649
v -0.045970 0.006351 0.054399
v -0.045939 0.008960 0.061585
v -0.045527 0.006580 0.051851
v -0.038165 -0.004908 0.022878
v -0.050402 0.016680 0.048788
v -0.051726 0.019619 0.035296
v -0.048650 0.013253 0.034475
v -0.030733 -0.017780 0.022209
v -0.026877 -0.024460 0.020255
v -0.026715 -0.024740 0.014951
v -0.034084 -0.011977 0.004513
v -0.038610 -0.004136 0.022092
v -0.043809 0.004869 0.020959
v -0.044372 0.005844 0.020441
v -0.047791 0.011765 0.032772
v -0.037880 -0.005431 0.002428
v -0.043709 0.005200 0.006230
v -0.044550 0.006151 0.015084
v -0.048847 0.013706 0.015393
v -0.025050 -0.032424 0.011896
v -0.024913 -0.032661 0.020679
v -0.027314 -0.028669 0.009898
v -0.029426 -0.024845 0.016663
v -0.028502 -0.026513 0.012428
v -0.028545 -0.026371 0.014908
v -0.025237 -0.032100 0.022970
v -0.024434 -0.033491 0.022970
v -0.023880 -0.034450 0.022853
v -0.028118 -0.023910 0.018175
v -0.028765 -0.025989 0.020592
v -0.030737 -0.022573 0.026500
v -0.042283 -0.002575 0.011637
v -0.041898 -0.003242 0.012480
v -0.041690 -0.003603 0.013351
v -0.044855 0.001880 0.012534
v -0.023630 -0.034883 0.022970
v -0.046850 0.005335 0.015849
v -0.047153 0.005859 0.017568
v -0.024434 -0.033491 0.048030
v -0.023880 -0.034450 0.048147
v -0.041367 -0.004162 0.023114
v -0.045243 0.002574 0.028100
v -0.032100 -0.020212 0.023058
v -0.044999 0.003329 0.021009
v -0.046059 0.006065 0.019668
v -0.043487 -0.000490 0.026500
v -0.051863 0.011480 0.031780
v -0.045678 0.003332 0.029977
v -0.053255 0.016023 0.027975
v -0.048081 0.007468 0.031056
v -0.046631 0.004962 0.035093
v -0.025676 -0.030521 0.047681
v -0.023630 -0.034883 0.048030
v -0.024751 -0.032941 0.049899
v -0.025237 -0.032100 0.048030
v -0.028844 -0.025818 0.042130
v -0.024972 -0.032559 0.051102
v -0.025036 -0.032448 0.059050
v -0.030423 -0.023117 0.044459
v -0.043487 -0.000490 0.044500
v -0.026037 -0.030714 0.061063
v -0.029556 -0.024787 0.059501
v -0.029018 -0.025550 0.055556
v -0.043318 -0.000782 0.060233
v -0.031859 -0.020999 0.061692
v -0.033770 -0.017608 0.062809
v -0.045494 0.003005 0.042152
v -0.047496 0.005925 0.038775
v -0.045344 0.005012 0.050343
v -0.051309 0.013059 0.032024
v -0.052766 0.015158 0.030752
v -0.045007 0.003670 0.056381
v -0.046885 0.005396 0.051428
v -0.056201 0.014169 0.028288
v -0.050749 0.011804 0.017144
v -0.060910 0.007776 0.019358
v -0.058441 0.003199 0.012244
v -0.056214 -0.000449 0.008501
v -0.047172 0.005818 0.009330
v -0.045802 -0.009022 0.002847
v -0.043588 -0.001308 0.004577
v -0.049550 -0.011963 0.002560
v -0.029955 -0.024407 0.011287
v -0.028743 -0.026507 0.012572
v -0.026009 -0.030912 0.009980
v -0.032045 -0.020788 0.006442
v -0.031326 -0.022033 0.004408
v -0.032014 -0.020842 0.005933
v -0.042383 -0.003612 0.005785
v -0.045935 0.003648 0.010482
v -0.046936 0.005003 0.009718
v -0.042253 -0.003107 0.011376
v -0.045298 0.002166 0.012363
v -0.038303 -0.031746 0.005900
v -0.046900 -0.017396 0.001355
v -0.051852 -0.008845 0.001958
v -0.059019 0.003579 0.011156
v -0.061388 0.007945 0.016616
v -0.060931 0.007324 0.018314
v -0.063359 0.011341 0.025095
v -0.038563 -0.031821 0.066878
v -0.063121 0.010880 0.046983
v -0.060511 0.006374 0.056810
v -0.038839 -0.030851 0.065548
v -0.044025 -0.022499 0.069276
v -0.052179 -0.007741 0.068976
v -0.047881 -0.015131 0.071043
v -0.051695 0.008725 0.039844
v -0.050486 0.006630 0.031191
v -0.054711 0.013950 0.031026
v -0.033163 -0.037147 0.011860
v -0.020952 -0.036522 0.022970
v -0.031508 -0.040015 0.022920
v -0.023938 -0.031350 0.022970
v -0.026920 -0.036648 0.023032
v -0.023938 -0.031350 0.048030
v -0.020952 -0.036522 0.048030
v -0.026614 -0.037594 0.047935
v -0.029934 -0.036397 0.049321
v -0.032754 -0.037925 0.049588
v -0.031231 -0.038355 0.022701
v -0.031986 -0.039336 0.048323
v -0.033004 -0.037334 0.020248
v -0.032573 -0.038284 0.021886
v -0.033067 -0.037447 0.050792
v -0.027083 -0.039572 0.055000
v -0.026738 -0.038872 0.055000
v -0.026687 -0.038093 0.055000
v -0.026938 -0.037354 0.055000
v -0.027452 -0.036767 0.055000
v -0.028152 -0.036422 0.055000
v -0.028931 -0.036371 0.055000
v -0.026451 -0.023153 0.003607
v -0.022792 -0.029562 0.007714
v -0.030401 -0.036649 0.009630
v -0.020020 -0.034825 0.014028
v -0.029498 -0.044230 0.018809
v -0.017303 -0.039084 0.022315
v -0.027321 -0.046501 0.026438
v -0.026262 -0.036204 0.010316
v -0.032844 -0.040750 0.012072
v -0.028168 -0.040764 0.014835
v -0.017119 -0.039824 0.048191
v -0.031602 -0.042665 0.055698
v -0.021282 -0.032303 0.060485
v -0.031888 -0.039104 0.060666
v -0.025122 -0.026010 0.066685
v -0.026275 -0.036428 0.060011
v -0.036898 -0.023028 0.072355
v -0.021547 -0.046293 0.035142
v -0.029258 -0.041008 0.056856
v -0.025472 -0.024892 0.066632
v -0.035493 -0.007536 0.070033
v -0.040432 0.001019 0.067559
v -0.042200 0.003941 0.065859
v -0.047204 0.012749 0.057513
v -0.048132 0.014227 0.055054
v -0.050383 0.018254 0.046013
v -0.051134 0.019471 0.037160
v -0.019241 -0.035493 0.015832
v -0.048689 0.015169 0.017679
v -0.050806 0.017950 0.025799
v -0.047204 0.012749 0.013487
v -0.047254 0.012340 0.012997
v -0.050975 0.019142 0.026686
v -0.041028 0.001828 0.003551
v -0.033930 -0.010008 0.000321
v -0.045920 0.010647 0.009863
v -0.041971 0.003685 0.004897
v -0.028929 -0.036386 0.020500
v -0.027461 -0.036779 0.020500
v -0.028156 -0.036437 0.020500
v -0.026951 -0.037361 0.020500
v -0.026702 -0.038095 0.020500
v -0.027095 -0.039562 0.020500
v -0.026752 -0.038868 0.020500
v -0.027083 -0.039572 0.020500
v -0.026738 -0.038872 0.020500
v -0.026938 -0.037354 0.020500
v -0.026687 -0.038093 0.020500
v -0.027452 -0.036767 0.020500
v -0.028152 -0.036422 0.020500
v -0.028931 -0.036371 0.020500
v -0.063145 0.011921 0.028042
v -0.057333 0.015626 0.028845
v -0.057617 0.016682 0.035500
v -0.056294 0.014343 0.042555
v -0.057159 0.015890 0.042874
v -0.029641 -0.043471 0.047777
v -0.033295 -0.037897 0.058921
v -0.033044 -0.037581 0.020528
v -0.029454 -0.043847 0.023039
v -0.030321 -0.041887 0.047964
v -0.018250 -0.041201 0.027286
v -0.018861 -0.040144 0.031475
v -0.019167 -0.039614 0.030863
v -0.023821 -0.038552 0.030027
v -0.024719 -0.036997 0.030200
v -0.024704 -0.037023 0.030353
v -0.021673 -0.035273 0.030353
v -0.021688 -0.035247 0.030200
v -0.024661 -0.037098 0.030483
v -0.021629 -0.035348 0.030483
v -0.024596 -0.037211 0.030570
v -0.021565 -0.035461 0.030570
v -0.021688 -0.035247 0.029900
v -0.024719 -0.036997 0.029900
v -0.024596 -0.037211 0.029530
v -0.021565 -0.035461 0.029530
v -0.024661 -0.037098 0.029617
v -0.021629 -0.035348 0.029617
v -0.024704 -0.037023 0.029747
v -0.021673 -0.035273 0.029747
v -0.024519 -0.037343 0.040400
v -0.024596 -0.037211 0.040430
v -0.021565 -0.035461 0.040430
v -0.019194 -0.039566 0.040219
v -0.024661 -0.037098 0.040517
v -0.021629 -0.035348 0.040517
v -0.024704 -0.037023 0.040647
v -0.024719 -0.036997 0.040800
v -0.021688 -0.035247 0.040800
v -0.021673 -0.035273 0.040647
v -0.018861 -0.040144 0.039525
v -0.020946 -0.040810 0.042252
v -0.018302 -0.041111 0.043698
v -0.024519 -0.037343 0.041500
v -0.021488 -0.035593 0.041500
v -0.024719 -0.036997 0.041100
v -0.024704 -0.037023 0.041253
v -0.021673 -0.035273 0.041253
v -0.021688 -0.035247 0.041100
v -0.024661 -0.037098 0.041383
v -0.021629 -0.035348 0.041383
v -0.024596 -0.037211 0.041470
v -0.021565 -0.035461 0.041470
v -0.047128 0.000890 0.038104
v -0.046264 -0.000818 0.028886
v -0.051325 0.009686 0.032724
v -0.052236 0.011264 0.034676
v -0.051868 0.010626 0.037513
v -0.051121 0.009333 0.038398
v -0.043170 -0.002039 0.030000
v -0.043170 -0.002039 0.033300
v -0.043170 -0.002039 0.037700
v -0.043083 -0.001989 0.037700
v -0.043170 -0.002039 0.041000
v -0.043146 -0.002208 0.035500
v -0.032024 -0.021212 0.030379
v -0.031170 -0.022823 0.028500
v -0.030464 -0.023796 0.031230
v -0.042460 -0.003268 0.030364
v -0.043170 -0.002039 0.031650
v -0.043170 -0.002039 0.032475
v -0.030987 -0.023060 0.038689
v -0.030165 -0.024093 0.041993
v -0.043170 -0.002039 0.038938
v -0.031170 -0.022823 0.042500
v -0.031651 -0.021927 0.040387
v -0.043084 -0.002033 0.032802
v -0.041670 -0.004637 0.040700
v -0.043098 -0.002064 0.038285
v -0.043461 -0.000475 0.042500
v -0.045106 0.001520 0.041563
v -0.043915 -0.001838 0.042652
v -0.045028 0.001247 0.029016
v -0.043461 -0.000475 0.028500
v -0.051610 0.008804 0.030994
v -0.049915 0.006033 0.031357
v -0.050336 0.006773 0.031058
v -0.049474 0.004935 0.032538
v -0.049231 0.004873 0.032787
v -0.049105 0.004614 0.035344
v -0.049544 0.005037 0.038806
v -0.050107 0.006372 0.039877
v -0.051379 0.008579 0.040000
v -0.062570 0.012829 0.042916
v -0.063300 0.012480 0.027528
v -0.054044 0.012872 0.032062
v -0.054990 0.014258 0.030089
v -0.043810 -0.002027 0.028557
v -0.026307 -0.029547 0.024492
v -0.025438 -0.028752 0.025970
v -0.025164 -0.030842 0.023132
v -0.025438 -0.028752 0.045030
v -0.026193 -0.029394 0.046244
v -0.030083 -0.043990 0.049740
v -0.031634 -0.042428 0.014767
v -0.028639 -0.045174 0.049492
v -0.029843 -0.044160 0.022023
v -0.027806 -0.046056 0.038027
v -0.027201 -0.046593 0.043666
v -0.026626 -0.047176 0.036579
v -0.055805 0.014164 0.042173
v -0.055668 0.014671 0.033323
v -0.055667 0.014717 0.037013
v -0.055566 0.014140 0.042044
v -0.055347 0.014194 0.029487
v -0.045271 -0.002312 0.028641
v -0.045620 -0.001876 0.042441
v -0.026723 -0.038875 0.055000
v -0.027071 -0.039581 0.055000
v -0.026672 -0.038091 0.055000
v -0.026925 -0.037346 0.055000
v -0.028933 -0.036356 0.055000
v -0.027443 -0.036755 0.055000
v -0.028148 -0.036408 0.055000
v -0.032528 -0.022406 0.005433
v -0.044051 -0.005356 0.021906
v -0.044890 -0.007572 0.023540
v -0.037450 -0.021947 0.003849
v -0.037669 -0.021566 0.004654
v -0.043809 -0.010880 0.019640
v -0.043231 -0.011829 0.014754
v -0.039059 -0.019519 0.015563
v -0.037279 -0.021675 0.023583
v -0.039348 -0.018544 0.020680
v -0.044139 -0.010913 0.022293
v -0.043854 -0.007455 0.022651
v -0.039850 -0.016799 0.021717
v -0.037527 -0.019875 0.018985
v -0.043510 -0.010978 0.021176
v -0.037676 -0.019684 0.009466
v -0.039614 -0.017168 0.011049
v -0.039359 -0.015702 0.003416
v -0.044387 -0.008924 0.010519
v -0.039683 -0.017481 0.021258
v -0.039226 -0.018318 0.015235
v -0.043200 -0.011059 0.015153
v -0.043330 -0.011163 0.020312
v -0.043959 -0.003575 0.004779
v -0.044506 -0.004725 0.005034
v -0.033756 -0.023324 0.004443
v -0.036459 -0.020263 0.022870
v -0.036051 -0.020970 0.021856
v -0.032616 -0.018831 0.005774
v -0.029753 -0.024219 0.041124
v -0.042469 -0.003054 0.030622
v -0.041974 -0.003911 0.040643
v -0.042641 -0.002881 0.040155
v -0.032383 -0.020522 0.040700
v -0.030750 -0.023429 0.034307
v -0.030536 -0.022876 0.027509
v -0.030427 -0.023080 0.026543
v -0.029204 -0.025195 0.027710
v -0.028645 -0.026173 0.035500
v -0.028751 -0.025987 0.029836
v -0.043461 -0.000475 0.026500
v -0.044552 0.001384 0.026971
v -0.043900 0.000286 0.026586
v -0.043812 0.000094 0.044452
v -0.044551 0.001380 0.044025
v -0.045678 0.003334 0.041056
v -0.030711 -0.022558 0.044500
v -0.029766 -0.024221 0.044077
v -0.062266 0.009667 0.024250
v -0.062597 0.010239 0.026321
v -0.062198 0.009636 0.024272
v -0.062528 0.010207 0.026339
v -0.062451 0.010203 0.026350
v -0.061870 0.008980 0.022226
v -0.061802 0.008950 0.022252
v -0.061409 0.008182 0.020258
v -0.060885 0.007274 0.018353
v -0.061342 0.008153 0.020287
v -0.060819 0.007248 0.018387
v -0.062160 0.010814 0.027851
v -0.061517 0.008612 0.021365
v -0.060745 0.007248 0.018409
v -0.060301 0.006263 0.016521
v -0.060236 0.006238 0.016557
v -0.059659 0.005150 0.014767
v -0.059595 0.005128 0.014807
v -0.060162 0.006239 0.016582
v -0.058961 0.003942 0.013100
v -0.059182 0.004494 0.013932
v -0.059522 0.005131 0.014834
v -0.061081 0.011583 0.028256
v -0.062425 0.010531 0.027337
v -0.061778 0.011814 0.042649
v -0.062446 0.010556 0.043647
v -0.062451 0.010203 0.044650
v -0.062528 0.010207 0.044661
v -0.062597 0.010239 0.044679
v -0.058961 0.003942 0.057900
v -0.060301 0.006263 0.054479
v -0.059595 0.005128 0.056193
v -0.059659 0.005150 0.056233
v -0.060236 0.006238 0.054443
v -0.060885 0.007274 0.052647
v -0.060819 0.007248 0.052613
v -0.059369 0.004808 0.056645
v -0.060162 0.006239 0.054418
v -0.060745 0.007248 0.052591
v -0.061409 0.008182 0.050742
v -0.062076 0.009344 0.047770
v -0.061342 0.008153 0.050713
v -0.062198 0.009636 0.046728
v -0.061802 0.008950 0.048748
v -0.061267 0.008152 0.050693
v -0.061726 0.008948 0.048731
v -0.062121 0.009633 0.046714
v 0.033207 0.038468 0.029699
v 0.033155 0.038839 0.041261
v 0.032946 0.039219 0.041144
v 0.032902 0.038134 0.029897
v 0.033191 0.035958 0.030416
v 0.032855 0.036804 0.030265
v 0.032949 0.036407 0.030269
v 0.033179 0.034045 0.032099
v 0.032805 0.038179 0.040993
v 0.032747 0.038330 0.030224
v 0.032764 0.036389 0.030641
v 0.032981 0.034751 0.031416
v 0.033059 0.033976 0.032327
v 0.032932 0.035250 0.031026
v 0.033297 0.033532 0.032872
v 0.032920 0.033936 0.032533
v 0.032970 0.033116 0.034661
v 0.032833 0.034635 0.031774
v 0.032777 0.034324 0.032234
v 0.032751 0.034896 0.031818
v 0.032754 0.035844 0.030922
v 0.032909 0.033282 0.033812
v 0.032854 0.033541 0.033384
v 0.032763 0.033288 0.035568
v 0.032759 0.033436 0.034678
v 0.032783 0.038885 0.040587
v 0.032795 0.038480 0.030462
v 0.032807 0.037216 0.030720
v 0.032748 0.037114 0.030537
v 0.032758 0.035715 0.031356
v 0.033074 0.037893 0.030765
v 0.033118 0.038820 0.040267
v 0.032793 0.035850 0.031342
v 0.033223 0.036272 0.031431
v 0.033223 0.035885 0.031691
v 0.032779 0.034533 0.032628
v 0.032832 0.035249 0.031938
v 0.032743 0.033895 0.033557
v 0.032771 0.033637 0.034913
v 0.032879 0.034013 0.034068
v 0.032803 0.033704 0.035928
v 0.033005 0.034076 0.034000
v 0.033188 0.035397 0.032106
v 0.033092 0.034231 0.033827
v 0.033015 0.033926 0.035033
v 0.033148 0.033100 0.036733
v 0.033030 0.033010 0.036140
v 0.033059 0.033448 0.037686
v 0.033250 0.034101 0.038929
v 0.033159 0.033758 0.038459
v 0.032915 0.033829 0.038334
v 0.032871 0.033693 0.038017
v 0.032755 0.033504 0.036891
v 0.032825 0.033187 0.036090
v 0.032756 0.033794 0.037021
v 0.032866 0.034328 0.038979
v 0.032739 0.034542 0.038779
v 0.033148 0.035620 0.040350
v 0.033042 0.035139 0.039995
v 0.033059 0.036539 0.040777
v 0.032953 0.037323 0.041008
v 0.033382 0.037597 0.041156
v 0.033167 0.037483 0.041168
v 0.032774 0.035061 0.039512
v 0.032748 0.035667 0.039815
v 0.032797 0.035882 0.040198
v 0.032850 0.036511 0.040626
v 0.032791 0.037925 0.040896
v 0.032751 0.037600 0.040737
v 0.032835 0.034044 0.037189
v 0.033007 0.034316 0.037593
v 0.032791 0.035663 0.039540
v 0.032819 0.034411 0.038014
v 0.032974 0.034842 0.038387
v 0.033206 0.034137 0.036798
v 0.033208 0.034626 0.037910
v 0.032919 0.036016 0.039560
v 0.032952 0.037072 0.040043
v 0.032755 0.037113 0.040390
v 0.032888 0.038553 0.040432
v 0.032980 0.035325 0.038909
v 0.033105 0.036272 0.039597
v 0.033075 0.037755 0.040187
v 0.033250 0.038259 0.040227
v 0.033159 0.040974 0.040891
v 0.032849 0.040132 0.040901
v 0.032835 0.042746 0.039503
v 0.032967 0.041243 0.040584
v 0.032968 0.041563 0.040458
v 0.032751 0.039951 0.040701
v 0.032755 0.040762 0.040483
v 0.032802 0.042258 0.039752
v 0.033250 0.043378 0.038889
v 0.033158 0.043519 0.038779
v 0.033059 0.044191 0.037158
v 0.033250 0.044475 0.035782
v 0.033159 0.044441 0.036364
v 0.032920 0.043782 0.037984
v 0.032970 0.044389 0.035785
v 0.032752 0.043465 0.038011
v 0.032752 0.041826 0.039817
v 0.032746 0.042731 0.038898
v 0.032854 0.044262 0.036428
v 0.032831 0.044046 0.037128
v 0.032763 0.044130 0.034899
v 0.032753 0.043438 0.037586
v 0.032759 0.044069 0.035800
v 0.032893 0.039928 0.040249
v 0.033068 0.040321 0.040034
v 0.032776 0.040791 0.040147
v 0.032854 0.041150 0.039854
v 0.032825 0.041994 0.039268
v 0.032972 0.041004 0.039763
v 0.033164 0.041707 0.039207
v 0.033100 0.042292 0.038708
v 0.032889 0.042552 0.038572
v 0.032772 0.042863 0.038529
v 0.032810 0.043613 0.036708
v 0.032740 0.043933 0.036113
v 0.032835 0.043695 0.035243
v 0.033153 0.042527 0.038371
v 0.033330 0.042745 0.038064
v 0.033046 0.043139 0.037396
v 0.032897 0.043624 0.036492
v 0.033171 0.043108 0.031668
v 0.033030 0.044350 0.034303
v 0.033095 0.044150 0.033585
v 0.033300 0.042342 0.031009
v 0.033027 0.043478 0.032327
v 0.032930 0.042914 0.031717
v 0.032755 0.043785 0.033604
v 0.032825 0.044179 0.034370
v 0.032760 0.043853 0.034995
v 0.032756 0.043483 0.033503
v 0.032821 0.043380 0.033671
v 0.032871 0.043486 0.032501
v 0.032739 0.042566 0.031827
v 0.032801 0.042571 0.032259
v 0.033127 0.041040 0.030231
v 0.032932 0.041529 0.030578
v 0.032808 0.042198 0.031201
v 0.033122 0.039906 0.029863
v 0.032898 0.040600 0.030201
v 0.032972 0.039280 0.029862
v 0.032856 0.039665 0.030014
v 0.032834 0.041537 0.030699
v 0.032750 0.041706 0.031127
v 0.032730 0.040371 0.030497
v 0.032812 0.038697 0.029974
v 0.032751 0.039782 0.030417
v 0.032750 0.039269 0.030225
v 0.032859 0.043576 0.034534
v 0.032993 0.043353 0.034023
v 0.032862 0.042686 0.032554
v 0.033147 0.042408 0.032500
v 0.033125 0.043513 0.035533
v 0.033170 0.042946 0.033280
v 0.033359 0.043170 0.033786
v 0.032974 0.040789 0.031123
v 0.032769 0.039947 0.030536
v 0.032928 0.039193 0.030657
v 0.033143 0.039956 0.030911
v 0.032899 0.041725 0.031669
v 0.033105 0.040765 0.031183
v 0.033250 0.041182 0.031401
v 0.032861 0.040439 0.030828
v 0.033193 0.038041 0.030689
v 0.033463 0.039433 0.040256
v 0.033367 0.041853 0.040331
v 0.033480 0.040097 0.040115
v 0.033433 0.041537 0.039385
v 0.033417 0.040412 0.039978
v 0.033568 0.038431 0.040364
v 0.033634 0.039694 0.040345
v 0.033727 0.038418 0.040614
v 0.033753 0.040471 0.040318
v 0.033743 0.039839 0.040765
v 0.033636 0.042015 0.039209
v 0.033738 0.041723 0.039673
v 0.033312 0.043537 0.038736
v 0.033337 0.044132 0.037456
v 0.033426 0.042186 0.038796
v 0.033299 0.043460 0.035973
v 0.033509 0.042896 0.037959
v 0.033331 0.043297 0.036847
v 0.033377 0.043388 0.034445
v 0.033565 0.043543 0.036305
v 0.033661 0.043168 0.037859
v 0.033732 0.042783 0.038643
v 0.033717 0.043783 0.035773
v 0.033448 0.042791 0.039540
v 0.033715 0.039566 0.040925
v 0.033740 0.041246 0.040216
v 0.033743 0.041990 0.039801
v 0.033667 0.042838 0.039218
v 0.033646 0.041134 0.040534
v 0.033580 0.039809 0.041091
v 0.033370 0.039498 0.041216
v 0.033348 0.040922 0.040803
v 0.033713 0.043129 0.038727
v 0.033743 0.043683 0.037665
v 0.033564 0.043044 0.039285
v 0.033750 0.044057 0.035709
v 0.033757 0.043786 0.037114
v 0.033698 0.044158 0.036367
v 0.033571 0.044140 0.037130
v 0.033606 0.044369 0.035202
v 0.033674 0.044243 0.035004
v 0.033362 0.044472 0.036361
v 0.033419 0.044327 0.034074
v 0.033488 0.043449 0.034480
v 0.033395 0.042822 0.033047
v 0.033347 0.042038 0.032099
v 0.033753 0.043594 0.033439
v 0.033666 0.043664 0.034686
v 0.033682 0.042948 0.032820
v 0.033750 0.043898 0.034349
v 0.033601 0.042027 0.031847
v 0.033747 0.042474 0.031939
v 0.033490 0.041197 0.031377
v 0.033480 0.039690 0.030783
v 0.033536 0.040484 0.031009
v 0.033760 0.041289 0.030914
v 0.033744 0.041441 0.030839
v 0.033731 0.040930 0.030888
v 0.033642 0.039986 0.030722
v 0.033367 0.043226 0.031913
v 0.033690 0.043621 0.032903
v 0.033571 0.043944 0.033325
v 0.033736 0.042743 0.031874
v 0.033443 0.043892 0.033051
v 0.033665 0.041180 0.030437
v 0.033441 0.042764 0.031461
v 0.033605 0.041114 0.030426
v 0.033753 0.039871 0.030426
v 0.033763 0.038933 0.030162
v 0.033495 0.040098 0.029957
v 0.033539 0.041361 0.030464
v 0.033490 0.042833 0.031476
v 0.033386 0.041219 0.030331
v 0.033587 0.038936 0.029877
v 0.033483 0.037869 0.029843
v 0.033462 0.039005 0.029766
v 0.033347 0.037985 0.030793
v 0.033336 0.036258 0.030279
v 0.033445 0.038356 0.030695
v 0.033426 0.036233 0.031403
v 0.033685 0.038828 0.030486
v 0.033701 0.037436 0.030642
v 0.033704 0.035714 0.031471
v 0.033561 0.037020 0.030980
v 0.033415 0.035268 0.030894
v 0.033338 0.034886 0.032682
v 0.033351 0.034253 0.033684
v 0.033496 0.034892 0.032560
v 0.033477 0.034037 0.034329
v 0.033604 0.035263 0.032038
v 0.033557 0.034415 0.033261
v 0.033688 0.034464 0.032838
v 0.033740 0.034965 0.031977
v 0.033692 0.033800 0.034578
v 0.033704 0.033651 0.035779
v 0.033752 0.033467 0.035834
v 0.033751 0.038788 0.040742
v 0.033726 0.037377 0.030227
v 0.033671 0.037353 0.030119
v 0.033748 0.035923 0.030982
v 0.033751 0.035666 0.031009
v 0.033524 0.037249 0.041028
v 0.033622 0.035903 0.030591
v 0.033750 0.034412 0.032411
v 0.033720 0.034609 0.031812
v 0.033757 0.033623 0.033807
v 0.033724 0.033308 0.034855
v 0.033571 0.033732 0.032845
v 0.033575 0.034716 0.031501
v 0.033443 0.033554 0.033059
v 0.033569 0.033329 0.033867
v 0.033255 0.033040 0.034456
v 0.033548 0.033072 0.035002
v 0.033347 0.032995 0.036061
v 0.033514 0.033917 0.036061
v 0.033267 0.033974 0.035835
v 0.033347 0.034897 0.038337
v 0.033473 0.034733 0.038188
v 0.033446 0.035774 0.039296
v 0.033399 0.034127 0.036794
v 0.033673 0.034159 0.037412
v 0.033740 0.033672 0.036505
v 0.033751 0.033543 0.036580
v 0.033668 0.034849 0.038625
v 0.033726 0.034578 0.038480
v 0.033750 0.034503 0.038631
v 0.033741 0.034290 0.038553
v 0.033385 0.035233 0.040090
v 0.033388 0.036303 0.039612
v 0.033577 0.036056 0.039594
v 0.033225 0.036243 0.039618
v 0.033253 0.037940 0.040182
v 0.033758 0.035564 0.039647
v 0.033657 0.037095 0.040204
v 0.033668 0.037963 0.040422
v 0.033741 0.033940 0.038065
v 0.033709 0.033360 0.036718
v 0.033571 0.033318 0.037153
v 0.033666 0.034452 0.039007
v 0.033505 0.034016 0.038729
v 0.033672 0.035316 0.039891
v 0.033521 0.033138 0.036798
v 0.033745 0.036281 0.040264
v 0.033605 0.035850 0.040316
v 0.033734 0.036976 0.040628
v 0.033753 0.038091 0.040801
v 0.033690 0.037939 0.040940
v 0.033514 0.035407 0.040147
v -0.037019 0.038235 0.028971
v -0.037043 0.038230 0.029108
v -0.037057 0.038268 0.029236
v -0.037230 0.038957 0.030148
v -0.037186 0.038628 0.029918
v -0.036937 0.038292 0.028693
v -0.037084 0.040746 0.029386
v -0.036901 0.038286 0.028824
v -0.036944 0.038277 0.029065
v -0.036965 0.038291 0.029185
v -0.036923 0.038276 0.028944
v -0.036986 0.038317 0.029303
v -0.037006 0.038354 0.029419
v -0.037020 0.040662 0.029499
v -0.037001 0.040708 0.029387
v -0.037026 0.038402 0.029530
v -0.037112 0.038370 0.029531
v -0.037044 0.038462 0.029635
v -0.037138 0.038675 0.029913
v -0.037078 0.038610 0.029827
v -0.037062 0.038531 0.029735
v -0.037093 0.038698 0.029911
v -0.037118 0.038897 0.030053
v -0.037106 0.038794 0.029987
v -0.037128 0.039006 0.030108
v -0.037251 0.039618 0.030262
v -0.037238 0.039378 0.030239
v -0.037187 0.039111 0.030158
v -0.037225 0.040106 0.030126
v -0.037204 0.040356 0.029986
v -0.037118 0.040758 0.029525
v -0.037211 0.040098 0.030114
v -0.037184 0.039730 0.030207
v -0.037136 0.039120 0.030153
v -0.037145 0.039358 0.030208
v -0.037147 0.039481 0.030218
v -0.037142 0.039238 0.030186
v -0.037140 0.039845 0.030178
v -0.037134 0.039962 0.030142
v -0.037145 0.039725 0.030203
v -0.037147 0.039603 0.030217
v -0.037125 0.040075 0.030094
v -0.037115 0.040182 0.030035
v -0.037137 0.040425 0.029855
v -0.037103 0.040283 0.029967
v -0.037089 0.040377 0.029889
v -0.037074 0.040462 0.029802
v -0.037057 0.040539 0.029708
v -0.037039 0.040606 0.029607
v -0.037303 0.041809 0.029524
v -0.037056 0.041825 0.029101
v -0.037165 0.041690 0.029700
v -0.037137 0.041863 0.029185
v -0.037080 0.041876 0.028830
v -0.037045 0.041830 0.028490
v -0.036900 0.041716 0.028198
v -0.036928 0.041690 0.028070
v -0.036873 0.041476 0.027669
v -0.036780 0.040826 0.027013
v -0.036716 0.040328 0.026779
v -0.036843 0.041534 0.027910
v -0.036718 0.040979 0.027202
v -0.037181 0.041726 0.029713
v -0.036810 0.041330 0.027508
v -0.036793 0.041178 0.027323
v -0.036706 0.040759 0.027029
v -0.036696 0.039490 0.026643
v -0.036707 0.039127 0.026670
v -0.036647 0.038894 0.026773
v -0.036718 0.038707 0.026792
v -0.036647 0.039933 0.026701
v -0.036634 0.039555 0.026702
v -0.036727 0.038394 0.026937
v -0.036843 0.037937 0.027234
v -0.036818 0.037759 0.027437
v -0.036918 0.037345 0.028101
v -0.036884 0.037407 0.028138
v -0.036715 0.038305 0.027022
v -0.036738 0.037993 0.027260
v -0.032253 0.040742 0.030105
v -0.032211 0.040774 0.029865
v -0.032232 0.040764 0.029986
v -0.032168 0.040759 0.029625
v -0.032190 0.040773 0.029745
v -0.032148 0.040733 0.029506
v -0.032108 0.040648 0.029280
v -0.032127 0.040696 0.029391
v -0.032072 0.040519 0.029075
v -0.032089 0.040588 0.029175
v -0.032055 0.040440 0.028983
v -0.032029 0.040601 0.029221
v -0.032027 0.040256 0.028823
v -0.032040 0.040352 0.028898
v -0.032006 0.040044 0.028702
v -0.032016 0.040153 0.028757
v -0.031998 0.039930 0.028657
v -0.032052 0.040671 0.029523
v -0.031977 0.040442 0.029066
v -0.031984 0.040439 0.029152
v -0.031950 0.040259 0.028916
v -0.031932 0.040123 0.028859
v -0.032213 0.040718 0.030179
v -0.032092 0.040757 0.029688
v -0.031978 0.040210 0.028802
v -0.031925 0.039644 0.028610
v -0.031920 0.039940 0.028715
v -0.031988 0.039692 0.028602
v -0.031992 0.039812 0.028624
v -0.031987 0.039447 0.028593
v -0.031986 0.039569 0.028591
v -0.031993 0.039205 0.028632
v -0.031989 0.039325 0.028607
v -0.031915 0.039135 0.028762
v -0.031902 0.039561 0.028659
v -0.031933 0.038995 0.028750
v -0.032008 0.038975 0.028716
v -0.032000 0.039088 0.028668
v -0.032031 0.038767 0.028843
v -0.032019 0.038868 0.028775
v -0.032044 0.038673 0.028921
v -0.032076 0.038511 0.029102
v -0.032060 0.038588 0.029007
v -0.032113 0.038388 0.029311
v -0.032094 0.038444 0.029203
v -0.032240 0.038440 0.029438
v -0.032010 0.038586 0.029033
v -0.031994 0.038565 0.029214
v -0.031953 0.038760 0.028912
v -0.031958 0.039143 0.028657
v -0.032057 0.038377 0.029385
v -0.038355 0.038183 0.028069
v -0.038046 0.038779 0.027146
v -0.038301 0.038456 0.027715
v -0.037646 0.038254 0.027096
v -0.038113 0.039413 0.027092
v -0.038269 0.039208 0.027394
v -0.038254 0.039878 0.027359
v -0.038303 0.040152 0.027557
v -0.037540 0.038994 0.026736
v -0.037691 0.039365 0.026758
v -0.037789 0.039846 0.026848
v -0.037842 0.040688 0.027169
v -0.037576 0.037699 0.027562
v -0.037316 0.038057 0.027151
v -0.037040 0.037391 0.027907
v -0.037453 0.040888 0.027029
v -0.037163 0.040583 0.026847
v -0.037136 0.039685 0.026614
v -0.037019 0.038282 0.026918
v -0.037089 0.039251 0.026587
v -0.037033 0.040088 0.026665
v -0.037976 0.040529 0.027233
v -0.037756 0.041315 0.027659
v -0.038180 0.040875 0.027708
v -0.038481 0.040965 0.028648
v -0.038465 0.041089 0.028748
v -0.038522 0.040988 0.029129
v -0.038220 0.041320 0.028400
v -0.037948 0.041536 0.028246
v -0.038193 0.041497 0.029227
v -0.037825 0.041724 0.028806
v -0.037049 0.041222 0.027315
v -0.036834 0.040805 0.027001
v -0.037149 0.041477 0.027620
v -0.037607 0.041662 0.028181
v -0.038218 0.041352 0.029726
v -0.037254 0.041825 0.028413
v -0.036840 0.038388 0.028477
v -0.036821 0.038444 0.028370
v -0.036803 0.038511 0.028268
v -0.036787 0.038588 0.028174
v -0.036771 0.038673 0.028087
v -0.036758 0.038767 0.028009
v -0.036746 0.038868 0.027941
v -0.036735 0.038975 0.027883
v -0.036727 0.039088 0.027835
v -0.036720 0.039205 0.027798
v -0.036716 0.039325 0.027773
v -0.036714 0.039447 0.027760
v -0.036713 0.039569 0.027758
v -0.036715 0.039692 0.027768
v -0.036719 0.039812 0.027790
v -0.036725 0.039930 0.027824
v -0.036733 0.040044 0.027868
v -0.036743 0.040153 0.027924
v -0.036754 0.040256 0.027990
v -0.036767 0.040352 0.028065
v -0.036782 0.040440 0.028149
v -0.036799 0.040519 0.028242
v -0.036816 0.040588 0.028341
v -0.036835 0.040648 0.028447
v -0.036854 0.040696 0.028558
v -0.036875 0.040733 0.028673
v -0.036896 0.040759 0.028791
v -0.036917 0.040773 0.028911
v -0.036938 0.040774 0.029032
v -0.036959 0.040764 0.029152
v -0.036980 0.040742 0.029271
v -0.038576 0.039136 0.029851
v -0.037455 0.039775 0.027931
v -0.038376 0.040558 0.028447
v -0.032017 0.038459 0.029331
v -0.032298 0.039018 0.030908
v -0.032170 0.038408 0.030208
v -0.032308 0.039293 0.030979
v -0.032287 0.040052 0.030873
v -0.032218 0.040540 0.030455
v -0.032312 0.040606 0.030440
v -0.032293 0.040662 0.030333
v -0.032347 0.040462 0.030636
v -0.032376 0.040283 0.030800
v -0.032362 0.040377 0.030723
v -0.032330 0.040539 0.030542
v -0.032398 0.040075 0.030927
v -0.032413 0.039845 0.031012
v -0.032407 0.039962 0.030975
v -0.032420 0.039603 0.031050
v -0.032418 0.039358 0.031042
v -0.032420 0.039481 0.031052
v -0.032417 0.039725 0.031037
v -0.032388 0.040182 0.030869
v -0.032414 0.039238 0.031020
v -0.032409 0.039120 0.030986
v -0.032391 0.038897 0.030886
v -0.032401 0.039006 0.030942
v -0.032366 0.038698 0.030745
v -0.032335 0.038531 0.030568
v -0.032351 0.038610 0.030661
v -0.032379 0.038794 0.030820
v -0.032299 0.038402 0.030363
v -0.032259 0.038317 0.030137
v -0.032279 0.038354 0.030252
v -0.032217 0.038277 0.029899
v -0.032174 0.038286 0.029658
v -0.032196 0.038276 0.029778
v -0.032238 0.038291 0.030019
v -0.032317 0.038462 0.030469
v -0.032153 0.038308 0.029539
v -0.037194 0.037431 0.029888
v -0.037395 0.038507 0.031017
v -0.036928 0.038293 0.028415
v -0.036843 0.038716 0.027963
v -0.036802 0.039184 0.027739
v -0.037417 0.039796 0.031173
v -0.037406 0.040101 0.031113
v -0.037334 0.041078 0.030652
v -0.036907 0.040695 0.028282
v -0.036833 0.040280 0.027859
v -0.036969 0.040786 0.028720
v -0.037083 0.040839 0.029276
v -0.037320 0.041567 0.030113
v -0.037268 0.041657 0.029924
v -0.037529 0.041191 0.030586
v -0.037458 0.040531 0.031074
v -0.037488 0.040268 0.031167
v -0.037591 0.039524 0.031270
v -0.037484 0.038915 0.031201
v -0.037567 0.038205 0.030904
v -0.037267 0.037171 0.029441
v -0.037267 0.037407 0.030002
v -0.037050 0.037179 0.028754
v -0.038444 0.041102 0.029452
v -0.038359 0.037909 0.028543
v -0.038696 0.040301 0.029785
v -0.038635 0.040677 0.029588
v -0.038462 0.040840 0.030080
v -0.038051 0.037572 0.028432
v -0.037851 0.041402 0.030164
v -0.037967 0.037726 0.027926
v -0.038686 0.040224 0.030047
v -0.038727 0.040082 0.029561
v -0.038570 0.039807 0.030532
v -0.038317 0.040610 0.030526
v -0.038503 0.039425 0.030686
v -0.038401 0.040238 0.030694
v -0.038573 0.038695 0.030377
v -0.038285 0.038841 0.030814
v -0.037800 0.041549 0.029899
v -0.037477 0.041825 0.029487
v -0.038120 0.040917 0.030540
v -0.037910 0.040236 0.031060
v -0.037459 0.037337 0.028116
v -0.038029 0.039785 0.031111
v -0.038105 0.040082 0.030990
v -0.037764 0.040550 0.030967
v -0.037794 0.038989 0.031140
v -0.037996 0.037501 0.028463
v -0.038755 0.039167 0.029931
v -0.038662 0.038550 0.029766
v -0.038563 0.038511 0.030128
v -0.038572 0.038149 0.029246
v -0.038168 0.038513 0.030749
v -0.038227 0.037979 0.030213
v -0.038397 0.037975 0.029885
v -0.038548 0.038180 0.028979
v -0.038490 0.038200 0.028618
v -0.038282 0.037673 0.029291
v -0.038160 0.037544 0.028907
v -0.037783 0.038769 0.031077
v -0.037750 0.038354 0.030891
v -0.038026 0.038896 0.031048
v -0.037630 0.037602 0.030208
v -0.037676 0.037819 0.030470
v -0.037728 0.038162 0.030768
v -0.037843 0.037666 0.030255
v -0.037745 0.037305 0.029387
v -0.037523 0.037301 0.029602
v -0.037629 0.037229 0.028802
v -0.037366 0.037199 0.028710
v -0.038057 0.039089 0.028992
v -0.038372 0.039514 0.027849
v -0.032110 0.038308 0.029640
v -0.032086 0.038342 0.029693
v -0.032155 0.038309 0.030019
v -0.032204 0.038339 0.030173
v -0.032268 0.038492 0.030509
v -0.032251 0.038608 0.030603
v -0.032320 0.039061 0.030985
v -0.032153 0.040689 0.030092
v -0.032381 0.039544 0.031053
v -0.032328 0.039767 0.031013
v -0.032348 0.040013 0.030951
v -0.032274 0.040599 0.030443
v -0.032330 0.040328 0.030763
v -0.032298 0.040048 0.030889
v -0.032296 0.040345 0.030752
v -0.032258 0.040515 0.030537
v -0.037023 0.037226 0.028919
v -0.037117 0.037182 0.029146
v -0.037375 0.037888 0.030624
v -0.037309 0.037867 0.030530
v -0.036861 0.037423 0.027992
v -0.037198 0.037313 0.029720
v -0.037441 0.038779 0.031151
v -0.037494 0.039790 0.031255
v -0.037441 0.039541 0.031246
v -0.037456 0.040176 0.031174
v -0.037400 0.041040 0.030723
v -0.037359 0.041282 0.030486
v -0.037407 0.040253 0.031099
v -0.037260 0.041430 0.030253
v -0.037068 0.040803 0.029230
v -0.037018 0.040827 0.028962
v -0.037070 0.040741 0.029408
v -0.036904 0.040671 0.028416
v -0.036863 0.040494 0.028122
v -0.036809 0.040026 0.027777
v -0.036816 0.040382 0.028051
v -0.036790 0.039525 0.027705
v -0.036781 0.039662 0.027728
v -0.036789 0.039927 0.027783
v -0.036810 0.038966 0.027827
v -0.036847 0.038559 0.028128
v -0.036908 0.038361 0.028453
v -0.030708 -0.038146 0.015488
v -0.030211 -0.037079 0.016000
v -0.030430 -0.037405 0.016000
v -0.030661 -0.038543 0.016000
v -0.030586 -0.038927 0.016000
v -0.030659 -0.038150 0.016000
v -0.030582 -0.037766 0.016000
v -0.029933 -0.036803 0.016000
v -0.030437 -0.039290 0.016000
v -0.030221 -0.039617 0.016000
v -0.029619 -0.040114 0.016000
v -0.028605 -0.040329 0.015495
v -0.028096 -0.040270 0.016000
v -0.027734 -0.040121 0.016000
v -0.028481 -0.040345 0.016000
v -0.029944 -0.039895 0.016000
v -0.029258 -0.040266 0.016000
v -0.027407 -0.039905 0.016000
v -0.028681 -0.040345 0.055508
v -0.027734 -0.040121 0.055000
v -0.028096 -0.040270 0.055000
v -0.029258 -0.040266 0.055000
v -0.029619 -0.040114 0.055000
v -0.028873 -0.040344 0.055000
v -0.027407 -0.039905 0.055000
v -0.029944 -0.039895 0.055000
v -0.030221 -0.039617 0.055000
v -0.030686 -0.038082 0.055510
v -0.030586 -0.038927 0.055000
v -0.030659 -0.038150 0.055000
v -0.030211 -0.037079 0.055000
v -0.030430 -0.037405 0.055000
v -0.030582 -0.037766 0.055000
v -0.030437 -0.039290 0.055000
v -0.030661 -0.038543 0.055000
v -0.029933 -0.036803 0.055000
v -0.026678 -0.037537 0.055530
v -0.029606 -0.036587 0.055000
v -0.029243 -0.036438 0.055000
v -0.029243 -0.036438 0.016000
v -0.029606 -0.036587 0.016000
v -0.029024 -0.036519 0.055488
v -0.028466 -0.036364 0.055000
v -0.028858 -0.036363 0.016000
v -0.028082 -0.036442 0.055000
v -0.027720 -0.036594 0.055000
v -0.027720 -0.036594 0.016000
v -0.028466 -0.036364 0.016000
v -0.028082 -0.036442 0.016000
v -0.027395 -0.036813 0.055000
v -0.027395 -0.036813 0.016000
v -0.027129 -0.039629 0.016000
v -0.027119 -0.037091 0.055000
v -0.026902 -0.037418 0.055000
v -0.026902 -0.037418 0.016000
v -0.026754 -0.037781 0.055000
v -0.026679 -0.038165 0.055000
v -0.026679 -0.038165 0.016000
v -0.026754 -0.037781 0.016000
v -0.026680 -0.038557 0.055000
v -0.026758 -0.038942 0.055000
v -0.026758 -0.038942 0.016000
v -0.026910 -0.039303 0.055000
v -0.027129 -0.039629 0.055000
v -0.026910 -0.039303 0.016000
v -0.026680 -0.038557 0.016000
v -0.027119 -0.037091 0.016000
v -0.026692 -0.037467 0.015467
v -0.029196 -0.036596 0.015500
v 0.035993 0.005531 0.054463
v 0.035894 0.005359 0.053909
v 0.036063 0.005651 0.054722
v 0.035850 0.005283 0.053033
v 0.035722 0.006065 0.052148
v 0.035937 0.005433 0.054191
v 0.036145 0.005793 0.054967
v 0.035992 0.005529 0.051897
v 0.035936 0.005431 0.052170
v 0.036143 0.005790 0.051393
v 0.036061 0.005649 0.051638
v 0.036236 0.005952 0.051165
v 0.036340 0.006132 0.050957
v 0.035865 0.005308 0.052740
v 0.035893 0.005357 0.052451
v 0.036238 0.005955 0.055194
v 0.035865 0.005309 0.053621
v 0.035851 0.005283 0.053328
v 0.036576 0.006541 0.050606
v 0.036561 0.007516 0.050716
v 0.036706 0.006765 0.050467
v 0.036842 0.007001 0.050354
v 0.037127 0.007495 0.050211
v 0.037421 0.008003 0.050181
v 0.037274 0.007748 0.050181
v 0.036983 0.007245 0.050268
v 0.037853 0.008751 0.050352
v 0.038241 0.009424 0.050766
v 0.037989 0.008987 0.050465
v 0.037712 0.008507 0.050267
v 0.037517 0.009171 0.050922
v 0.038119 0.009212 0.050603
v 0.038355 0.009621 0.050953
v 0.037567 0.008257 0.050210
v 0.038459 0.009802 0.051161
v 0.036454 0.006329 0.050770
v 0.045702 0.001156 0.054672
v 0.047306 0.003947 0.051614
v 0.045423 0.003224 0.053172
v 0.047992 0.004581 0.052096
v 0.045424 0.003226 0.053178
v 0.049312 0.005447 0.052623
v 0.047639 0.004468 0.053706
v 0.045424 0.003225 0.053181
v 0.047581 0.004333 0.054217
v 0.047853 0.004346 0.054720
v 0.045422 0.003222 0.053185
v 0.048725 0.004649 0.055534
v 0.049067 0.005197 0.051879
v 0.049208 0.005401 0.052821
v 0.049358 0.005445 0.052330
v 0.048081 0.004763 0.053146
v 0.048996 0.005286 0.052997
v 0.047416 0.003592 0.055509
v 0.046698 0.002836 0.055413
v 0.046616 0.002215 0.055841
v 0.045420 0.003218 0.053186
v 0.046974 0.003284 0.055314
v 0.048153 0.003864 0.056159
v 0.046957 0.001504 0.056908
v 0.045865 0.001296 0.055020
v 0.045418 0.003214 0.053185
v 0.046913 0.001294 0.056982
v 0.048678 0.004270 0.056255
v 0.046953 0.001675 0.056778
v 0.046356 0.000898 0.056240
v 0.046768 0.000954 0.056960
v 0.049310 0.000796 0.055713
v 0.049190 0.000587 0.056178
v 0.050123 0.002203 0.055642
v 0.049699 0.001418 0.055317
v 0.048238 -0.001085 0.054310
v 0.045527 0.000202 0.054277
v 0.045599 0.000836 0.054435
v 0.048336 -0.000891 0.051693
v 0.048474 -0.000652 0.050276
v 0.046254 0.000309 0.050031
v 0.047990 -0.001490 0.050987
v 0.045862 -0.000454 0.050702
v 0.048292 -0.000967 0.050082
v 0.048403 -0.000775 0.050158
v 0.046889 0.002702 0.050528
v 0.049534 0.001184 0.050429
v 0.049433 0.001008 0.050684
v 0.048750 -0.000174 0.050923
v 0.046390 0.002303 0.050943
v 0.048546 0.000533 0.050707
v 0.046104 0.001545 0.050954
v 0.046094 0.001302 0.050847
v 0.046113 0.001051 0.050685
v 0.049097 0.000427 0.051012
v 0.050829 0.003427 0.051981
v 0.050348 0.002594 0.051956
v 0.050573 0.002984 0.054984
v 0.050783 0.003347 0.055368
v 0.050824 0.003418 0.055716
v 0.050453 0.002775 0.056268
v 0.046960 -0.002342 0.055563
v 0.047055 -0.002778 0.054402
v 0.046635 -0.002929 0.053254
v 0.047267 -0.002190 0.055835
v 0.047285 -0.002400 0.055428
v 0.047288 -0.002598 0.054543
v 0.047271 -0.001889 0.050104
v 0.047038 -0.002853 0.052542
v 0.047398 -0.002108 0.050456
v 0.047072 -0.002485 0.051089
v 0.047856 -0.000592 0.048908
v 0.047531 -0.002167 0.055622
v 0.047660 -0.002055 0.055529
v 0.048730 -0.000268 0.055176
v 0.047242 -0.002753 0.053304
v 0.047246 -0.002660 0.051939
v 0.048230 -0.001283 0.053056
v 0.047686 -0.001917 0.050367
v 0.047641 -0.002083 0.050902
v 0.047960 -0.001564 0.050537
v 0.048106 -0.001326 0.050140
v 0.048909 0.000608 0.048599
v 0.047933 -0.001226 0.049458
v 0.049358 0.001194 0.048712
v 0.048696 0.000031 0.048817
v 0.050356 0.003415 0.049294
v 0.048730 0.001078 0.048347
v 0.047407 0.006091 0.049358
v 0.050014 0.002435 0.048922
v 0.048332 -0.000818 0.049407
v 0.049193 0.000594 0.048914
v 0.049218 0.000648 0.048990
v 0.049854 0.001834 0.048985
v 0.049893 0.002005 0.048913
v 0.050470 0.003112 0.049395
v 0.051061 0.004102 0.050460
v 0.049894 0.001801 0.049347
v 0.050383 0.002669 0.049459
v 0.050722 0.003250 0.049959
v 0.046389 0.004537 0.048434
v 0.044596 0.001431 0.048572
v 0.044289 0.000899 0.048891
v 0.045523 0.003015 0.048058
v 0.044085 0.000546 0.049164
v 0.043805 0.000061 0.049643
v 0.043567 -0.000352 0.050203
v 0.043225 -0.000944 0.051434
v 0.043430 -0.000588 0.050611
v 0.043079 -0.001197 0.052937
v 0.043356 -0.001809 0.052515
v 0.043033 -0.001372 0.053126
v 0.043522 -0.000840 0.054455
v 0.043467 -0.000525 0.055917
v 0.046874 0.005396 0.051146
v 0.047157 0.005915 0.052743
v 0.046933 0.005730 0.052181
v 0.044375 0.001114 0.055409
v 0.047112 0.005868 0.053637
v 0.047040 0.005697 0.054613
v 0.047164 0.005919 0.053763
v 0.046938 0.005858 0.052893
v 0.046775 0.005229 0.055425
v 0.046824 0.005470 0.051496
v 0.046434 0.005414 0.051388
v 0.046515 0.005555 0.051633
v 0.046641 0.005774 0.052164
v 0.046684 0.005848 0.052446
v 0.046585 0.005676 0.051893
v 0.046713 0.005898 0.052735
v 0.046340 0.005252 0.051161
v 0.046728 0.005923 0.053028
v 0.044223 0.001585 0.055402
v 0.044119 0.001405 0.055194
v 0.046831 0.005714 0.054321
v 0.046728 0.005923 0.053322
v 0.046713 0.005899 0.053615
v 0.046685 0.005849 0.053904
v 0.046642 0.005775 0.054186
v 0.046586 0.005678 0.054458
v 0.046517 0.005558 0.054718
v 0.046435 0.005416 0.054963
v 0.046349 0.004516 0.056015
v 0.046765 0.005336 0.055114
v 0.045554 0.003205 0.056369
v 0.045494 0.002986 0.056574
v 0.044622 0.001630 0.055801
v 0.045036 0.002234 0.056284
v 0.045849 0.003945 0.056180
v 0.046342 0.005255 0.055190
v 0.046124 0.004878 0.055586
v 0.046002 0.004666 0.055749
v 0.046238 0.005075 0.055399
v 0.045595 0.003962 0.056087
v 0.045451 0.003712 0.056145
v 0.045736 0.004206 0.056001
v 0.045872 0.004441 0.055888
v 0.045304 0.003458 0.056174
v 0.045157 0.003203 0.056174
v 0.045011 0.002949 0.056146
v 0.044866 0.002699 0.056088
v 0.044725 0.002455 0.056003
v 0.044589 0.002220 0.055891
v 0.044460 0.001995 0.055752
v 0.044337 0.001782 0.055589
v 0.043944 0.001101 0.054722
v 0.044025 0.001243 0.054967
v 0.043818 0.000883 0.054191
v 0.043746 0.000759 0.053621
v 0.043775 0.000809 0.053909
v 0.043874 0.000981 0.054463
v 0.043731 0.000733 0.053033
v 0.043774 0.000807 0.052451
v 0.043746 0.000758 0.052740
v 0.043873 0.000979 0.051897
v 0.044024 0.001240 0.051393
v 0.043942 0.001099 0.051638
v 0.043817 0.000881 0.052170
v 0.043731 0.000733 0.053328
v 0.044117 0.001402 0.051165
v 0.044221 0.001582 0.050957
v 0.044335 0.001779 0.050770
v 0.044587 0.002215 0.050467
v 0.044457 0.001991 0.050606
v 0.044864 0.002695 0.050268
v 0.045155 0.003198 0.050181
v 0.045008 0.002945 0.050211
v 0.044723 0.002451 0.050354
v 0.045448 0.003707 0.050210
v 0.045734 0.004201 0.050352
v 0.045593 0.003957 0.050267
v 0.045999 0.004662 0.050603
v 0.046122 0.004874 0.050766
v 0.045870 0.004437 0.050465
v 0.045302 0.003453 0.050181
v 0.046293 0.004943 0.050857
v 0.038553 0.009964 0.051388
v 0.038635 0.010105 0.051633
v 0.038704 0.010226 0.051893
v 0.038761 0.010324 0.052164
v 0.038803 0.010398 0.052446
v 0.038832 0.010448 0.052735
v 0.038847 0.010473 0.053028
v 0.038847 0.010473 0.053322
v 0.038833 0.010449 0.053615
v 0.038804 0.010399 0.053904
v 0.038761 0.010325 0.054186
v 0.038705 0.010228 0.054458
v 0.038636 0.010108 0.054718
v 0.038554 0.009966 0.054963
v 0.038461 0.009805 0.055190
v 0.038357 0.009625 0.055399
v 0.038243 0.009428 0.055586
v 0.038121 0.009216 0.055749
v 0.037991 0.008991 0.055888
v 0.037714 0.008512 0.056087
v 0.037570 0.008262 0.056145
v 0.037424 0.008008 0.056174
v 0.037276 0.007753 0.056174
v 0.037130 0.007499 0.056146
v 0.036986 0.007249 0.056088
v 0.036845 0.007005 0.056003
v 0.036709 0.006770 0.055891
v 0.036579 0.006545 0.055752
v 0.036456 0.006332 0.055589
v 0.036342 0.006135 0.055402
v 0.051240 0.004135 0.051948
v 0.051348 0.004325 0.054509
v 0.051299 0.004233 0.052869
v 0.050936 0.003611 0.053069
v 0.051187 0.004047 0.051249
v 0.050532 0.002913 0.053512
v 0.050768 0.003321 0.053149
v 0.050476 0.002816 0.054713
v 0.050419 0.002716 0.054131
v 0.050203 0.002343 0.049878
v 0.050166 0.002278 0.050231
v 0.050107 0.002176 0.049513
v 0.050080 0.002130 0.051204
v 0.050070 0.002111 0.050731
v 0.049610 0.001315 0.049854
v 0.049680 0.001436 0.049544
v 0.050377 0.002644 0.056755
v 0.048815 -0.000057 0.057161
v 0.049106 0.000349 0.056931
v 0.048695 -0.000271 0.056986
v 0.048669 -0.000356 0.055992
v 0.048580 -0.000497 0.056309
v 0.047593 -0.002178 0.053352
v 0.047486 -0.002408 0.054242
v 0.047443 -0.002458 0.053787
v 0.044282 0.001008 0.055094
v 0.043981 0.000613 0.054081
v 0.043937 0.000344 0.053163
v 0.044077 0.000551 0.051726
v 0.044319 0.001010 0.051088
v 0.043964 0.000473 0.052525
v 0.044052 0.000867 0.051752
v 0.045217 0.002599 0.050056
v 0.045361 0.002898 0.050053
v 0.044643 0.001605 0.050534
v 0.044429 0.001558 0.050800
v 0.046169 0.004177 0.050110
v 0.045550 0.003125 0.049924
v 0.046346 0.004556 0.050424
v 0.046556 0.004884 0.050647
v 0.046009 0.004018 0.050196
v 0.044831 0.001838 0.057956
v 0.044379 0.001055 0.057574
v 0.043973 0.000352 0.057022
v 0.047304 0.005802 0.057061
v 0.046186 0.004184 0.058027
v 0.047415 0.006313 0.056588
v 0.048152 0.007282 0.055193
v 0.048027 0.007373 0.054192
v 0.047982 0.007243 0.051157
v 0.048199 0.007575 0.053320
v 0.047604 0.006641 0.050163
v 0.047884 -0.000695 0.057375
v 0.045489 0.002933 0.058303
v 0.046145 0.003786 0.058344
v 0.050313 0.003861 0.056839
v 0.051193 0.004904 0.051353
v 0.047617 -0.001334 0.056851
v 0.051032 0.004138 0.050434
v 0.047930 -0.001181 0.056937
v 0.051467 0.004648 0.052257
v 0.051418 0.005069 0.053658
v 0.050922 0.004353 0.055936
v 0.051163 0.004476 0.055501
v 0.051375 0.004697 0.054617
v 0.051416 0.004716 0.051820
v 0.051194 0.004103 0.050955
v 0.051113 0.003939 0.050854
v 0.051423 0.004504 0.052016
v 0.051530 0.004808 0.053160
v 0.051460 0.004570 0.054013
v 0.051164 0.004102 0.055541
v 0.050742 0.003241 0.056171
v 0.051169 0.004037 0.055321
v 0.050181 0.003048 0.057230
v 0.049796 0.002137 0.057604
v 0.050458 0.003189 0.056994
v 0.049331 0.001035 0.057631
v 0.050699 0.003269 0.056542
v 0.048705 0.000559 0.057808
v 0.048358 -0.000311 0.057506
v 0.050473 0.002831 0.056746
v 0.049931 0.002015 0.057404
v 0.049189 0.000607 0.057341
v 0.048648 -0.000230 0.057321
v 0.048134 -0.001086 0.056883
v 0.048285 -0.000949 0.056809
v 0.047477 0.003578 0.050738
v 0.047512 0.002636 0.049566
v 0.047833 0.002888 0.049374
v 0.048175 0.003429 0.049528
v 0.045693 0.000434 0.051496
v 0.045660 0.000547 0.051636
v 0.045535 0.000789 0.052138
v 0.045447 0.000672 0.052650
v 0.045420 0.000454 0.052951
v 0.045416 -0.000149 0.053263
v 0.045504 -0.001196 0.054381
v 0.045421 -0.001104 0.053475
v 0.045435 -0.001267 0.053732
v 0.045417 -0.000852 0.053338
v 0.045416 0.003211 0.053181
v 0.045416 0.003211 0.053177
v 0.045416 0.003211 0.053174
v 0.045417 0.003213 0.053171
v 0.045419 0.003216 0.053170
v 0.045420 0.003219 0.053169
v 0.036480 0.007377 0.055611
v 0.037460 0.009003 0.055611
v 0.036242 0.008563 0.053582
v 0.038135 0.010243 0.054005
v -0.038829 -0.017557 0.014278
v -0.038502 -0.019124 0.013872
v -0.039222 -0.016918 0.013811
v -0.039244 -0.016715 0.012758
v -0.039132 -0.017033 0.012155
v -0.039307 -0.016730 0.013173
v -0.042872 -0.010471 0.014275
v -0.042666 -0.011912 0.014081
v -0.043356 -0.009753 0.013179
v -0.042824 -0.010888 0.011764
v -0.042319 -0.012538 0.016313
v -0.042436 -0.012401 0.016570
v -0.042520 -0.012184 0.015369
v -0.042421 -0.012424 0.015462
v -0.042441 -0.012421 0.020555
v -0.042289 -0.012590 0.019953
v -0.042465 -0.012280 0.020601
v -0.042447 -0.012367 0.019428
v -0.039437 -0.017605 0.016543
v -0.039501 -0.017413 0.016601
v -0.039341 -0.017691 0.016318
v -0.039504 -0.017508 0.015331
v -0.039298 -0.017772 0.015886
v -0.039713 -0.017046 0.015358
v -0.039461 -0.017483 0.015423
v -0.040441 -0.015885 0.018555
v -0.040594 -0.015521 0.018649
v -0.040296 -0.016041 0.018300
v -0.040452 -0.015867 0.017435
v -0.040455 -0.015761 0.017406
v -0.039438 -0.017612 0.020546
v -0.039337 -0.017698 0.020330
v -0.039452 -0.017599 0.019435
v -0.039317 -0.017738 0.019707
v -0.039649 -0.017158 0.019316
v -0.041351 -0.014209 0.018391
v -0.041435 -0.014150 0.018550
v -0.041452 -0.014135 0.017435
v -0.041349 -0.014216 0.017516
v -0.040431 -0.015864 0.020547
v -0.040302 -0.016036 0.020018
v -0.040626 -0.015466 0.020650
v -0.040452 -0.015867 0.019435
v -0.040363 -0.015921 0.019593
v -0.040657 -0.015435 0.019320
v -0.041441 -0.014153 0.020555
v -0.041537 -0.013888 0.020628
v -0.041626 -0.013733 0.020650
v -0.041319 -0.014270 0.020313
v -0.041391 -0.014140 0.019464
v -0.039441 -0.017617 0.018555
v -0.039634 -0.017183 0.018658
v -0.039368 -0.017645 0.018451
v -0.039386 -0.017673 0.017515
v -0.039634 -0.017204 0.017324
v -0.042544 -0.012244 0.018739
v -0.042670 -0.011925 0.018680
v -0.042319 -0.012538 0.018313
v -0.042452 -0.012403 0.017435
v -0.042488 -0.012241 0.017385
v -0.042319 -0.012533 0.017763
v -0.040423 -0.015816 0.016512
v -0.040300 -0.016036 0.016149
v -0.040434 -0.015858 0.015451
v -0.040652 -0.015420 0.015349
v -0.041427 -0.014137 0.016538
v -0.041302 -0.014299 0.015753
v -0.041445 -0.014128 0.015440
v -0.041626 -0.013733 0.015350
v -0.041943 -0.013285 0.016449
v -0.041908 -0.013319 0.015529
v -0.041744 -0.013529 0.015386
v -0.041963 -0.013150 0.015980
v -0.041770 -0.013485 0.016636
v -0.040900 -0.015053 0.015521
v -0.040947 -0.014910 0.015856
v -0.040933 -0.014934 0.016237
v -0.040806 -0.015153 0.016540
v -0.040477 -0.015785 0.016647
v -0.040935 -0.015018 0.016443
v -0.042862 -0.011636 0.017470
v -0.042950 -0.011440 0.017925
v -0.042882 -0.011558 0.018405
v -0.042984 -0.011457 0.018150
v -0.039970 -0.016702 0.018402
v -0.039884 -0.016799 0.017526
v -0.039937 -0.016660 0.017800
v -0.039940 -0.016654 0.018179
v -0.039785 -0.016922 0.018570
v -0.039882 -0.016754 0.018405
v -0.039951 -0.016635 0.018000
v -0.041514 -0.013999 0.019297
v -0.041897 -0.013274 0.019616
v -0.042012 -0.013146 0.019809
v -0.041945 -0.013181 0.020127
v -0.041852 -0.013379 0.020538
v -0.041047 -0.014836 0.019807
v -0.040877 -0.015044 0.019571
v -0.040689 -0.015356 0.020638
v -0.040926 -0.014945 0.020249
v -0.040840 -0.015143 0.020545
v -0.040963 -0.014903 0.019917
v -0.041970 -0.013238 0.018402
v -0.041864 -0.013379 0.017461
v -0.041933 -0.013201 0.017724
v -0.041634 -0.013719 0.018658
v -0.041940 -0.013190 0.018179
v -0.041785 -0.013458 0.018570
v -0.041882 -0.013290 0.018405
v -0.043221 -0.010701 0.006999
v -0.043683 -0.010150 0.007473
v -0.038747 -0.018006 0.007463
v -0.038157 -0.018721 0.007134
v -0.041122 -0.014597 0.014853
v -0.038731 -0.018205 0.011719
v -0.037657 -0.019310 0.021870
v -0.043172 -0.011049 0.018000
v -0.043010 -0.011326 0.015363
v -0.042798 -0.011690 0.015048
v -0.043945 -0.009696 0.022342
v -0.042993 -0.010423 0.022750
v -0.042704 -0.011862 0.020989
v -0.042617 -0.011996 0.021000
v -0.039542 -0.017338 0.015012
v -0.039263 -0.017815 0.015254
v -0.039131 -0.018053 0.020164
v -0.039544 -0.017320 0.020990
v -0.039248 -0.017841 0.020717
v -0.039075 -0.018148 0.018000
v -0.038376 -0.019343 0.022536
v -0.038101 -0.017819 0.007071
v -0.037957 -0.019428 0.007784
v -0.037326 -0.019161 0.008350
v -0.037706 -0.018504 0.022675
v -0.043055 -0.009238 0.022402
v -0.043626 -0.009249 0.013018
v -0.042767 -0.009972 0.006994
v -0.043128 -0.009112 0.007816
v -0.042294 -0.010557 0.008272
v -0.042191 -0.011615 0.012090
v -0.037496 -0.018867 0.012801
v -0.042111 -0.011985 0.012889
v -0.041628 -0.011710 0.013195
v -0.041913 -0.011216 0.014119
v -0.041703 -0.011580 0.013661
v -0.038080 -0.017856 0.014258
v -0.039626 -0.017198 0.021000
v -0.039480 -0.017450 0.020963
v -0.043041 -0.011278 0.020247
v -0.042928 -0.011470 0.020829
v -0.039133 -0.018040 0.015748
v -0.042864 -0.011589 0.020453
v -0.042721 -0.011837 0.020626
v -0.042774 -0.011744 0.019405
v -0.040882 -0.015022 0.018405
v -0.040752 -0.015247 0.018610
v -0.039670 -0.017121 0.020680
v -0.039882 -0.016754 0.020405
v -0.042785 -0.011726 0.016570
v -0.042689 -0.011892 0.016638
v -0.042856 -0.011603 0.016460
v -0.040958 -0.014891 0.018047
v -0.040926 -0.014945 0.017751
v -0.040922 -0.015032 0.017595
v -0.043111 -0.011170 0.016116
v -0.042744 -0.011797 0.015386
v -0.040774 -0.015208 0.017405
v -0.039701 -0.017067 0.016657
v -0.039923 -0.016682 0.016297
v -0.039957 -0.016667 0.015782
v -0.039869 -0.016843 0.015509
v -0.039826 -0.016925 0.019426
v -0.039960 -0.016719 0.019702
v -0.039968 -0.016620 0.019910
v -0.039944 -0.016747 0.020391
v -0.039764 -0.017059 0.020624
v -0.040769 -0.015317 0.017379
v -0.040970 -0.014970 0.018402
v -0.039985 -0.016676 0.016211
v -0.039872 -0.016872 0.016512
v -0.039764 -0.017059 0.016624
v -0.042895 -0.011636 0.019484
v -0.042970 -0.011506 0.020402
v -0.042834 -0.011741 0.015423
v -0.042970 -0.011429 0.016102
v -0.042943 -0.011553 0.016449
v 0.047972 -0.015019 0.001989
v 0.051568 -0.008777 0.003495
v 0.056171 -0.001308 0.007351
v 0.058311 0.002992 0.011987
v 0.034544 -0.037990 0.062200
v 0.036692 -0.034894 0.065231
v 0.042712 -0.024116 0.070296
v 0.030115 -0.023756 0.059882
v 0.031114 -0.022135 0.059545
v 0.031872 -0.020688 0.056798
v 0.031779 -0.020983 0.058294
v 0.043655 -0.000405 0.059741
v 0.029191 -0.040300 0.016000
v 0.028407 -0.040352 0.016000
v 0.027662 -0.040099 0.016000
v 0.029896 -0.039953 0.016000
v 0.029677 -0.036609 0.016000
v 0.027627 -0.032202 0.006191
v 0.030668 -0.038617 0.016000
v 0.030268 -0.037127 0.016000
v 0.030616 -0.037832 0.016000
v 0.030415 -0.039361 0.016000
v 0.030154 -0.040629 0.013196
v 0.037031 -0.004725 0.000875
v 0.046559 0.011617 0.010820
v 0.057069 0.016631 0.024534
v 0.045758 -0.002937 -0.000218
v 0.040918 0.001378 0.068559
v 0.037226 -0.004563 0.070556
v 0.048740 0.014994 0.055409
v 0.027282 -0.028774 0.009892
v 0.028515 -0.026613 0.012449
v 0.046827 0.010095 0.032493
v 0.045911 0.008509 0.033833
v 0.047001 0.010396 0.038529
v 0.049559 0.006627 0.037953
v 0.046146 0.008916 0.037786
v 0.034330 -0.009439 0.000169
v 0.026966 -0.023487 0.004333
v 0.025394 -0.025114 0.005183
v 0.017750 -0.038869 0.024248
v 0.019146 -0.035931 0.016722
v 0.016783 -0.040567 0.033226
v 0.032225 -0.013353 0.070001
v 0.017620 -0.039541 0.044701
v 0.019367 -0.035468 0.054778
v 0.024828 -0.026146 0.065221
v 0.018603 -0.037316 0.051141
v 0.029670 -0.036622 0.050500
v 0.030257 -0.037136 0.050500
v 0.030602 -0.037836 0.050500
v 0.030653 -0.038615 0.050500
v 0.027670 -0.040086 0.050500
v 0.029310 -0.041157 0.047953
v 0.030402 -0.039354 0.050500
v 0.029187 -0.040286 0.050500
v 0.029887 -0.039941 0.050500
v 0.028409 -0.040337 0.050500
v 0.029184 -0.040271 0.050500
v 0.028411 -0.040322 0.050500
v 0.029878 -0.039929 0.050500
v 0.027677 -0.040073 0.050500
v 0.026188 -0.036831 0.056504
v 0.030389 -0.039346 0.050500
v 0.029578 -0.035692 0.062576
v 0.030638 -0.038613 0.050500
v 0.030587 -0.037840 0.050500
v 0.030245 -0.037146 0.050500
v 0.026444 -0.027369 0.020951
v 0.025678 -0.029450 0.019533
v 0.025012 -0.029458 0.017032
v 0.027463 -0.027371 0.014636
v 0.026766 -0.024651 0.014990
v 0.025787 -0.028348 0.015189
v 0.027296 -0.028534 0.014912
v 0.025629 -0.029422 0.054889
v 0.027110 -0.027790 0.056299
v 0.024275 -0.028966 0.053792
v 0.026754 -0.027291 0.050041
v 0.025975 -0.026021 0.050024
v 0.024949 -0.029298 0.052164
v 0.026589 -0.029759 0.051428
v 0.026028 -0.028457 0.050525
v 0.045100 0.003347 0.056461
v 0.043456 0.001111 0.054889
v 0.042780 0.001109 0.052388
v 0.043651 0.002193 0.050525
v 0.043190 0.003796 0.020912
v 0.043497 0.004328 0.020972
v 0.042933 0.001431 0.019314
v 0.044370 0.002640 0.020988
v 0.044005 0.000407 0.018188
v 0.041953 0.001653 0.018437
v 0.043220 0.000967 0.016999
v 0.041922 0.001600 0.017822
v 0.043278 0.001918 0.015430
v 0.031261 -0.016051 0.069674
v 0.024518 -0.028546 0.063659
v 0.020878 -0.034850 0.056314
v 0.034418 -0.010943 0.001004
v 0.018722 -0.038585 0.022297
v 0.020474 -0.034801 0.015103
v 0.029689 -0.018652 0.002291
v 0.023218 -0.030186 0.009283
v 0.017419 -0.040842 0.037494
v 0.047619 -0.015329 -0.000140
v 0.057062 0.000758 0.007119
v 0.061802 0.009202 0.018152
v 0.057397 0.016454 0.030713
v 0.059963 0.005503 0.012568
v 0.052861 -0.006593 0.002375
v 0.063380 0.012325 0.027113
v 0.055572 0.018992 0.040605
v 0.052711 -0.006840 0.068634
v 0.050515 -0.010293 0.070054
v 0.052570 0.005085 0.066044
v 0.063577 0.011988 0.044031
v 0.062452 0.010822 0.049820
v 0.030602 -0.037836 0.016000
v 0.030257 -0.037136 0.016000
v 0.029670 -0.036622 0.016000
v 0.030653 -0.038615 0.016000
v 0.027670 -0.040086 0.016000
v 0.029017 -0.040755 0.023054
v 0.030402 -0.039354 0.016000
v 0.029887 -0.039941 0.016000
v 0.029187 -0.040286 0.016000
v 0.028409 -0.040337 0.016000
v 0.035818 -0.022904 0.067711
v 0.041808 -0.018550 0.068355
v 0.029662 -0.025169 0.065762
v 0.025497 -0.031650 0.060337
v 0.021064 -0.040877 0.042866
v 0.029289 -0.044159 0.047105
v 0.028111 -0.045416 0.041233
v 0.032913 -0.038289 0.058221
v 0.033551 -0.036300 0.060337
v 0.029804 -0.043633 0.049618
v 0.019817 -0.041822 0.037830
v 0.023952 -0.041442 0.030477
v 0.029100 -0.044270 0.024222
v 0.025613 -0.031568 0.010547
v 0.025497 -0.031650 0.010663
v 0.029524 -0.033975 0.010663
v 0.026245 -0.030834 0.009857
v 0.041141 -0.026593 0.003502
v 0.045362 -0.019260 0.001998
v 0.030978 -0.041843 0.017956
v 0.029424 -0.043975 0.023001
v 0.035866 -0.035702 0.009205
v 0.033551 -0.036300 0.010663
v 0.033336 -0.037630 0.012251
v 0.047092 0.005755 0.009169
v 0.035818 -0.014253 0.000501
v 0.045592 0.002676 0.006787
v 0.047721 0.005293 0.009733
v 0.061653 0.008974 0.022275
v 0.053373 0.016227 0.027265
v 0.062377 0.010229 0.026355
v 0.062048 0.009659 0.024291
v 0.060909 0.007717 0.019264
v 0.061870 0.011036 0.028048
v 0.063578 0.011737 0.026752
v 0.063070 0.012318 0.027911
v 0.055262 0.014229 0.029567
v 0.052878 0.015776 0.028733
v 0.054794 0.014163 0.030461
v 0.053512 0.012017 0.032178
v 0.052748 0.014732 0.031039
v 0.050062 0.010339 0.030993
v 0.044985 0.001864 0.012522
v 0.045372 0.002557 0.011945
v 0.040864 -0.005354 0.008539
v 0.046434 0.004375 0.009907
v 0.035636 -0.014399 0.007572
v 0.037979 -0.010161 0.007562
v 0.054711 0.013950 0.031026
v 0.042986 -0.009913 0.047953
v 0.043188 -0.008942 0.048623
v 0.037220 -0.019342 0.048517
v 0.038300 -0.019250 0.048133
v 0.040763 -0.014506 0.064709
v 0.043665 -0.009273 0.064176
v 0.039162 -0.016446 0.065966
v 0.027365 -0.023615 0.017208
v 0.027395 -0.023562 0.017822
v 0.027365 -0.023615 0.018437
v 0.027275 -0.023770 0.019028
v 0.031459 -0.016524 0.048000
v 0.028854 -0.024636 0.019641
v 0.026127 -0.025758 0.020912
v 0.026423 -0.025246 0.020733
v 0.031152 -0.017054 0.048122
v 0.037859 -0.005439 0.048000
v 0.044879 0.005349 0.015084
v 0.044071 0.005321 0.020797
v 0.045262 0.007385 0.017936
v 0.038165 -0.004908 0.048122
v 0.050296 0.016719 0.022143
v 0.030733 -0.017780 0.048791
v 0.026877 -0.024460 0.050745
v 0.026715 -0.024740 0.056049
v 0.034084 -0.011977 0.066487
v 0.038610 -0.004136 0.048908
v 0.043967 0.005142 0.050081
v 0.037979 -0.005321 0.068345
v 0.043978 0.005509 0.064538
v 0.049880 0.015570 0.052089
v 0.044550 0.006151 0.055916
v 0.025050 -0.032424 0.059104
v 0.024913 -0.032661 0.050321
v 0.027314 -0.028669 0.061102
v 0.029426 -0.024845 0.054337
v 0.028502 -0.026513 0.058572
v 0.028545 -0.026371 0.056092
v 0.025237 -0.032100 0.048030
v 0.024434 -0.033491 0.048030
v 0.023880 -0.034450 0.048147
v 0.028118 -0.023910 0.052825
v 0.028765 -0.025989 0.050408
v 0.030737 -0.022573 0.044500
v 0.042283 -0.002575 0.059363
v 0.041898 -0.003242 0.058520
v 0.041690 -0.003603 0.057649
v 0.044855 0.001880 0.058466
v 0.023630 -0.034883 0.048030
v 0.046850 0.005335 0.055151
v 0.046473 0.006282 0.052777
v 0.024434 -0.033491 0.022970
v 0.023880 -0.034450 0.022853
v 0.041367 -0.004162 0.047886
v 0.045243 0.002574 0.042900
v 0.032100 -0.020212 0.047942
v 0.044999 0.003329 0.049991
v 0.045874 0.005607 0.050868
v 0.043487 -0.000490 0.044500
v 0.051623 0.013163 0.051776
v 0.051863 0.011480 0.039220
v 0.045678 0.003332 0.041023
v 0.048081 0.007468 0.039944
v 0.046631 0.004962 0.035907
v 0.025676 -0.030521 0.023319
v 0.023630 -0.034883 0.022970
v 0.024751 -0.032941 0.021101
v 0.025237 -0.032100 0.022970
v 0.028844 -0.025818 0.028870
v 0.024972 -0.032559 0.019898
v 0.025036 -0.032448 0.011950
v 0.030423 -0.023117 0.026541
v 0.043487 -0.000490 0.026500
v 0.026037 -0.030714 0.009937
v 0.029556 -0.024787 0.011499
v 0.029018 -0.025550 0.015444
v 0.043318 -0.000782 0.010767
v 0.031859 -0.020999 0.009308
v 0.033770 -0.017608 0.008191
v 0.045494 0.003005 0.028848
v 0.047496 0.005925 0.032225
v 0.046494 0.004719 0.020428
v 0.052756 0.015566 0.040766
v 0.051309 0.013059 0.038976
v 0.045007 0.003670 0.014619
v 0.046885 0.005396 0.019572
v 0.047097 0.005764 0.018687
v 0.047131 0.005822 0.017123
v 0.046781 0.005215 0.015773
v 0.060090 0.006267 0.054410
v 0.060672 0.007275 0.052584
v 0.058441 0.003199 0.058756
v 0.061193 0.008179 0.050686
v 0.056214 -0.000449 0.062499
v 0.047172 0.005818 0.061670
v 0.043588 -0.001308 0.066423
v 0.029955 -0.024407 0.059713
v 0.028743 -0.026507 0.058428
v 0.026009 -0.030912 0.061020
v 0.032045 -0.020788 0.064558
v 0.031326 -0.022033 0.066592
v 0.032014 -0.020842 0.065067
v 0.042383 -0.003612 0.065215
v 0.045935 0.003648 0.060518
v 0.046936 0.005003 0.061282
v 0.042253 -0.003107 0.059624
v 0.045298 0.002166 0.058637
v 0.038303 -0.031746 0.065100
v 0.034887 -0.037806 0.060061
v 0.047925 -0.015814 0.070105
v 0.055879 -0.001589 0.065135
v 0.051520 -0.008596 0.067665
v 0.059019 0.003579 0.059844
v 0.059605 0.004892 0.059410
v 0.060931 0.007324 0.052686
v 0.063359 0.011341 0.045905
v 0.038563 -0.031821 0.004122
v 0.061992 0.008936 0.018805
v 0.038839 -0.030851 0.005452
v 0.046959 -0.017190 0.000346
v 0.051695 0.008725 0.031156
v 0.050486 0.006630 0.039809
v 0.054711 0.013950 0.039974
v 0.033163 -0.037147 0.059140
v 0.020952 -0.036522 0.048030
v 0.031508 -0.040015 0.048080
v 0.023938 -0.031350 0.048030
v 0.026920 -0.036648 0.047968
v 0.023938 -0.031350 0.022970
v 0.020952 -0.036522 0.022970
v 0.026614 -0.037594 0.023065
v 0.029934 -0.036397 0.021679
v 0.032754 -0.037925 0.021412
v 0.031231 -0.038355 0.048299
v 0.031986 -0.039336 0.022677
v 0.033004 -0.037334 0.050752
v 0.032573 -0.038284 0.049114
v 0.033067 -0.037447 0.020208
v 0.027083 -0.039572 0.016000
v 0.026738 -0.038872 0.016000
v 0.026687 -0.038093 0.016000
v 0.026938 -0.037354 0.016000
v 0.027452 -0.036767 0.016000
v 0.028152 -0.036422 0.016000
v 0.028931 -0.036371 0.016000
v 0.032862 -0.012396 0.070743
v 0.029770 -0.017522 0.069661
v 0.027095 -0.022471 0.068356
v 0.024104 -0.027661 0.065017
v 0.022057 -0.037374 0.057091
v 0.029498 -0.044230 0.052191
v 0.015970 -0.040145 0.046317
v 0.016980 -0.040001 0.045805
v 0.032844 -0.040750 0.058928
v 0.028168 -0.040764 0.056165
v 0.028117 -0.045726 0.023455
v 0.019347 -0.043775 0.024479
v 0.020754 -0.046238 0.035173
v 0.019862 -0.034561 0.013626
v 0.031003 -0.042811 0.015593
v 0.021282 -0.032303 0.010515
v 0.035142 -0.036975 0.007707
v 0.027842 -0.021187 0.002138
v 0.026446 -0.037040 0.011964
v 0.036898 -0.023028 -0.001355
v 0.032747 -0.041688 0.014085
v 0.016468 -0.040620 0.028644
v 0.042090 0.003011 0.004821
v 0.041971 0.003685 0.004897
v 0.042983 0.005562 0.005309
v 0.044699 0.006906 0.007606
v 0.047916 0.012914 0.014577
v 0.049822 0.017282 0.022221
v 0.017899 -0.044396 0.040570
v 0.021357 -0.031850 0.060696
v 0.047204 0.012749 0.057513
v 0.046154 0.010799 0.059778
v 0.051077 0.019364 0.038732
v 0.049884 0.017375 0.049304
v 0.038829 -0.001758 0.068706
v 0.037177 -0.004618 0.069533
v 0.041222 0.002387 0.066917
v 0.051234 0.018802 0.030364
v 0.051853 0.018967 0.036926
v 0.028929 -0.036386 0.050500
v 0.027461 -0.036779 0.050500
v 0.028156 -0.036437 0.050500
v 0.026951 -0.037361 0.050500
v 0.026702 -0.038095 0.050500
v 0.027095 -0.039562 0.050500
v 0.026752 -0.038868 0.050500
v 0.027083 -0.039572 0.050500
v 0.026738 -0.038872 0.050500
v 0.026938 -0.037354 0.050500
v 0.026687 -0.038093 0.050500
v 0.027452 -0.036767 0.050500
v 0.028152 -0.036422 0.050500
v 0.028931 -0.036371 0.050500
v 0.056788 0.015248 0.042563
v 0.057150 0.015962 0.042940
v 0.057127 0.014883 0.036440
v 0.056294 0.014343 0.028445
v 0.057159 0.015890 0.028126
v 0.029641 -0.043471 0.023223
v 0.033044 -0.037581 0.050472
v 0.029454 -0.043847 0.047961
v 0.030321 -0.041887 0.023036
v 0.018250 -0.041201 0.043714
v 0.062482 0.011779 0.042695
v 0.018861 -0.040144 0.039525
v 0.019167 -0.039614 0.040137
v 0.023821 -0.038552 0.040973
v 0.024719 -0.036997 0.040800
v 0.024704 -0.037023 0.040647
v 0.021673 -0.035273 0.040647
v 0.021688 -0.035247 0.040800
v 0.024661 -0.037098 0.040517
v 0.021629 -0.035348 0.040517
v 0.024596 -0.037211 0.040430
v 0.021565 -0.035461 0.040430
v 0.021688 -0.035247 0.041100
v 0.024719 -0.036997 0.041100
v 0.024596 -0.037211 0.041470
v 0.021565 -0.035461 0.041470
v 0.024661 -0.037098 0.041383
v 0.021629 -0.035348 0.041383
v 0.024704 -0.037023 0.041253
v 0.021673 -0.035273 0.041253
v 0.024519 -0.037343 0.030600
v 0.024596 -0.037211 0.030570
v 0.021565 -0.035461 0.030570
v 0.019194 -0.039566 0.030781
v 0.024661 -0.037098 0.030483
v 0.021629 -0.035348 0.030483
v 0.024704 -0.037023 0.030353
v 0.024719 -0.036997 0.030200
v 0.021688 -0.035247 0.030200
v 0.021673 -0.035273 0.030353
v 0.018861 -0.040144 0.031475
v 0.020946 -0.040810 0.028748
v 0.018302 -0.041111 0.027302
v 0.024519 -0.037343 0.029500
v 0.021488 -0.035593 0.029500
v 0.024719 -0.036997 0.029900
v 0.024704 -0.037023 0.029747
v 0.021673 -0.035273 0.029747
v 0.021688 -0.035247 0.029900
v 0.024661 -0.037098 0.029617
v 0.021629 -0.035348 0.029617
v 0.024596 -0.037211 0.029530
v 0.021565 -0.035461 0.029530
v 0.047128 0.000890 0.032896
v 0.046264 -0.000818 0.042114
v 0.051325 0.009686 0.038276
v 0.052083 0.010998 0.036870
v 0.052206 0.011211 0.035152
v 0.050681 0.008570 0.031663
v 0.050036 0.009913 0.032595
v 0.043170 -0.002039 0.041000
v 0.043170 -0.002039 0.037700
v 0.043170 -0.002039 0.033300
v 0.043083 -0.001989 0.033300
v 0.043170 -0.002039 0.030000
v 0.043146 -0.002208 0.035500
v 0.032024 -0.021212 0.040621
v 0.031170 -0.022823 0.042500
v 0.030464 -0.023796 0.039770
v 0.032470 -0.020572 0.040700
v 0.042640 -0.002924 0.040253
v 0.043170 -0.002039 0.038938
v 0.030987 -0.023060 0.032311
v 0.030165 -0.024093 0.029007
v 0.043170 -0.002039 0.031650
v 0.031170 -0.022823 0.028500
v 0.031651 -0.021927 0.030613
v 0.043084 -0.002033 0.038198
v 0.041670 -0.004637 0.030300
v 0.043098 -0.002064 0.032715
v 0.043461 -0.000475 0.028500
v 0.045106 0.001520 0.029437
v 0.043915 -0.001838 0.028348
v 0.045028 0.001247 0.041984
v 0.043461 -0.000475 0.042500
v 0.051610 0.008804 0.040006
v 0.049915 0.006033 0.039643
v 0.050336 0.006773 0.039942
v 0.049474 0.004935 0.038462
v 0.049231 0.004873 0.038213
v 0.049105 0.004614 0.035656
v 0.049544 0.005037 0.032194
v 0.050107 0.006372 0.031123
v 0.051379 0.008579 0.031000
v 0.062570 0.012829 0.028084
v 0.062732 0.012781 0.043039
v 0.053825 0.012504 0.038886
v 0.054811 0.014175 0.040392
v 0.043810 -0.002027 0.042443
v 0.026307 -0.029547 0.046508
v 0.025438 -0.028752 0.045030
v 0.025164 -0.030842 0.047868
v 0.025438 -0.028752 0.025970
v 0.026193 -0.029394 0.024756
v 0.030397 -0.043902 0.020039
v 0.031634 -0.042428 0.056233
v 0.029004 -0.045304 0.047393
v 0.027806 -0.046056 0.032973
v 0.026843 -0.046970 0.030581
v 0.027114 -0.047121 0.037089
v 0.055805 0.014164 0.028827
v 0.055628 0.014723 0.034068
v 0.055163 0.014608 0.036317
v 0.055566 0.014140 0.028956
v 0.055347 0.014194 0.041513
v 0.045271 -0.002312 0.042359
v 0.045620 -0.001876 0.028559
v 0.026723 -0.038875 0.016000
v 0.027071 -0.039581 0.016000
v 0.026672 -0.038091 0.016000
v 0.026925 -0.037346 0.016000
v 0.028933 -0.036356 0.016000
v 0.027443 -0.036755 0.016000
v 0.028148 -0.036408 0.016000
v 0.032528 -0.022406 0.065567
v 0.044051 -0.005356 0.049094
v 0.044890 -0.007572 0.047460
v 0.037450 -0.021947 0.067151
v 0.037669 -0.021566 0.066346
v 0.045555 -0.007918 0.068137
v 0.039059 -0.019519 0.055437
v 0.037279 -0.021675 0.047417
v 0.039348 -0.018544 0.050320
v 0.043451 -0.011099 0.050791
v 0.044139 -0.010913 0.048707
v 0.043854 -0.007455 0.048349
v 0.039850 -0.016799 0.049283
v 0.037527 -0.019875 0.052015
v 0.043510 -0.010978 0.049824
v 0.037676 -0.019684 0.061534
v 0.039614 -0.017168 0.059951
v 0.042680 -0.011888 0.056429
v 0.039683 -0.017481 0.049742
v 0.040475 -0.016349 0.057010
v 0.039113 -0.018469 0.055116
v 0.043785 -0.009320 0.055006
v 0.043412 -0.011401 0.055596
v 0.043330 -0.011163 0.050688
v 0.043959 -0.003575 0.066221
v 0.044506 -0.004725 0.065966
v 0.033756 -0.023324 0.066557
v 0.036459 -0.020263 0.048130
v 0.036051 -0.020970 0.049144
v 0.044007 -0.007189 0.064716
v 0.040641 -0.013019 0.067398
v 0.032616 -0.018831 0.065226
v 0.029753 -0.024219 0.029876
v 0.042304 -0.003339 0.040397
v 0.041583 -0.004587 0.040700
v 0.041974 -0.003911 0.030357
v 0.042641 -0.002881 0.030845
v 0.032383 -0.020522 0.030300
v 0.030750 -0.023429 0.036693
v 0.030536 -0.022876 0.043491
v 0.030427 -0.023080 0.044457
v 0.029204 -0.025195 0.043290
v 0.028645 -0.026173 0.035500
v 0.028751 -0.025987 0.041164
v 0.043461 -0.000475 0.044500
v 0.044552 0.001384 0.044029
v 0.043900 0.000286 0.044414
v 0.043812 0.000094 0.026548
v 0.044551 0.001380 0.026975
v 0.045678 0.003334 0.029944
v 0.030711 -0.022558 0.026500
v 0.029766 -0.024221 0.026923
v 0.062266 0.009667 0.046750
v 0.062597 0.010239 0.044679
v 0.062198 0.009636 0.046728
v 0.062528 0.010207 0.044661
v 0.062451 0.010203 0.044650
v 0.061870 0.008980 0.048774
v 0.061802 0.008950 0.048748
v 0.061409 0.008182 0.050742
v 0.060885 0.007274 0.052647
v 0.061342 0.008153 0.050713
v 0.060819 0.007248 0.052613
v 0.062121 0.009633 0.046714
v 0.061726 0.008948 0.048731
v 0.061267 0.008152 0.050693
v 0.060745 0.007248 0.052591
v 0.060301 0.006263 0.054479
v 0.060236 0.006238 0.054443
v 0.059659 0.005150 0.056233
v 0.059595 0.005128 0.056193
v 0.060162 0.006239 0.054418
v 0.058961 0.003942 0.057900
v 0.058899 0.003922 0.057857
v 0.059522 0.005131 0.056166
v 0.059210 0.004641 0.056879
v 0.056188 0.014140 0.042552
v 0.061887 0.010982 0.043050
v 0.062523 0.010438 0.043939
v 0.061778 0.011814 0.028351
v 0.062446 0.010556 0.027353
v 0.062451 0.010203 0.026350
v 0.062528 0.010207 0.026339
v 0.062597 0.010239 0.026321
v 0.058961 0.003942 0.013100
v 0.060301 0.006263 0.016521
v 0.059595 0.005128 0.014807
v 0.059659 0.005150 0.014767
v 0.060236 0.006238 0.016557
v 0.060885 0.007274 0.018353
v 0.060819 0.007248 0.018387
v 0.059369 0.004808 0.014355
v 0.060162 0.006239 0.016582
v 0.060745 0.007248 0.018409
v 0.061409 0.008182 0.020258
v 0.062076 0.009344 0.023230
v 0.061342 0.008153 0.020287
v 0.062198 0.009636 0.024272
v 0.061802 0.008950 0.022252
v 0.061267 0.008152 0.020307
v 0.061726 0.008948 0.022269
v 0.062121 0.009633 0.024286
v 0.026017 0.045755 0.042598
v 0.024697 0.045199 0.041649
v 0.025603 0.045754 0.041919
v 0.020230 0.045689 0.043343
v 0.021577 0.045740 0.041274
v 0.025231 0.044638 0.042977
v 0.023235 0.045292 0.041158
v 0.024417 0.044625 0.042104
v 0.022174 0.044639 0.042009
v 0.021036 0.044638 0.043704
v 0.025793 0.045663 0.025625
v 0.024783 0.045767 0.024498
v 0.022665 0.045825 0.024208
v 0.023305 0.045777 0.024027
v 0.021236 0.045219 0.025215
v 0.020483 0.045783 0.025886
v 0.025307 0.044643 0.026666
v 0.024469 0.044642 0.025376
v 0.022974 0.044649 0.025034
v 0.021624 0.044643 0.025815
v 0.021096 0.044638 0.027029
v -0.020712 0.045294 0.042995
v -0.021109 0.045770 0.041709
v -0.022316 0.045753 0.040886
v -0.025941 0.045225 0.044027
v -0.025362 0.045654 0.041710
v -0.022540 0.044638 0.041843
v -0.024208 0.045014 0.041514
v -0.024751 0.044648 0.042368
v -0.021765 0.044625 0.042365
v -0.025329 0.044625 0.044264
v -0.020742 0.045803 0.025348
v -0.022102 0.045825 0.024378
v -0.022013 0.045686 0.024128
v -0.024305 0.045681 0.024366
v -0.026319 0.045731 0.027163
v -0.026083 0.045733 0.026070
v -0.025611 0.045746 0.025212
v -0.021395 0.044644 0.026158
v -0.021869 0.044649 0.025567
v -0.023239 0.044640 0.024978
v -0.025152 0.044641 0.026089
v -0.022083 0.044625 0.025404
v 0.026137 0.041811 0.040524
v 0.025381 0.042137 0.040212
v 0.022102 0.041782 0.039513
v 0.027401 0.042951 0.038570
v 0.028065 0.043725 0.031019
v 0.028034 0.043725 0.040372
v 0.026124 0.044303 0.040793
v -0.027190 0.045116 0.024406
v -0.024100 0.044625 0.023800
v -0.025185 0.044654 0.028257
v -0.025556 0.044382 0.038412
v -0.017141 0.044625 0.028000
v -0.020696 0.045084 0.026921
v 0.017141 0.044625 0.028000
v -0.019219 0.044625 0.028669
v -0.025376 0.044625 0.032336
v 0.024100 0.044625 0.023800
v -0.028622 0.045148 0.045846
v -0.024100 0.044625 0.047200
v -0.021206 0.044125 0.040365
v 0.022083 0.044625 0.045596
v 0.017141 0.044625 0.043000
v -0.021089 0.044644 0.044128
v 0.018840 0.043925 0.028381
v 0.024516 0.044625 0.030989
v 0.025537 0.043950 0.030451
v 0.030100 0.044968 0.032462
v 0.021809 0.044210 0.039866
v 0.019052 0.044625 0.042458
v 0.024708 0.044625 0.040125
v 0.021518 0.044651 0.045071
v 0.024100 0.044625 0.047200
v 0.025388 0.045345 0.047073
v 0.025292 0.044654 0.044501
v 0.030033 0.044625 0.039387
v -0.024100 0.045825 0.023800
v -0.030700 0.045825 0.030400
v -0.030308 0.045075 0.027643
v 0.030845 0.045825 0.041358
v 0.029274 0.045147 0.026154
v 0.026416 0.045105 0.024156
v 0.028150 0.045275 0.045965
v 0.024100 0.045825 0.047200
v -0.024100 0.045825 0.047200
v -0.030646 0.045105 0.041554
v -0.025388 0.045825 0.047073
v -0.026091 0.045753 0.028219
v -0.025855 0.045776 0.028709
v -0.024846 0.045788 0.029818
v -0.015304 0.045782 0.026982
v 0.014500 0.045825 0.026900
v -0.017518 0.045778 0.029196
v -0.016720 0.045745 0.027780
v -0.020565 0.045805 0.028657
v -0.026129 0.045825 0.044723
v -0.025985 0.045616 0.044942
v -0.025181 0.045728 0.046203
v -0.024135 0.045774 0.046793
v -0.017600 0.045825 0.041000
v -0.017343 0.045758 0.042374
v -0.014500 0.045825 0.044100
v -0.020921 0.045770 0.045917
v 0.022102 0.045825 0.046622
v -0.022665 0.045825 0.046792
v -0.020478 0.045825 0.044998
v 0.022665 0.045825 0.046792
v 0.017094 0.045745 0.028267
v 0.020164 0.045760 0.027764
v 0.017535 0.045725 0.029296
v 0.017600 0.045825 0.030000
v 0.022135 0.045764 0.030077
v 0.024342 0.045825 0.029983
v 0.025684 0.045735 0.029054
v 0.017600 0.045825 0.041000
v 0.015903 0.045767 0.043863
v 0.020715 0.045825 0.045655
v 0.023433 0.045781 0.046877
v 0.025105 0.045768 0.046290
v -0.023291 0.044635 0.029349
v -0.021338 0.044717 0.028393
v -0.024168 0.045583 0.030091
v -0.022227 0.045158 0.029552
v -0.021880 0.045768 0.029962
v -0.025041 0.044633 0.045062
v -0.022835 0.044638 0.046095
v -0.022656 0.045591 0.046837
v -0.021967 0.044966 0.045897
v -0.020173 0.045747 0.043850
v 0.021572 0.044636 0.028569
v 0.024218 0.044677 0.029401
v 0.023747 0.045125 0.029651
v 0.025310 0.044675 0.027560
v 0.025139 0.044641 0.028263
v 0.021129 0.045575 0.029271
v 0.026326 0.045740 0.027150
v 0.021190 0.044675 0.044260
v 0.022299 0.044644 0.045723
v 0.024189 0.044653 0.045961
v 0.021165 0.045459 0.046098
v 0.024283 0.045275 0.046344
v 0.026000 0.045776 0.045179
v 0.026317 0.045710 0.043814
v 0.025383 0.043725 0.040466
v 0.022162 0.043225 0.040001
v 0.018755 0.043488 0.042756
v -0.017141 0.043225 0.043000
v -0.018752 0.044180 0.042735
v -0.020523 0.043225 0.040924
v -0.026093 0.043225 0.033554
v -0.024194 0.043225 0.039451
v -0.023621 0.043225 0.031349
v -0.021578 0.043225 0.030804
v -0.020023 0.043225 0.029520
v -0.018209 0.043607 0.028123
v 0.017141 0.043225 0.028000
v 0.021446 0.044216 0.030868
v 0.024354 0.041925 0.031090
v 0.026137 0.041811 0.030476
v 0.021927 0.041904 0.032033
v 0.022000 0.042469 0.038161
v 0.022000 0.043225 0.032144
v 0.022000 0.043225 0.038856
v 0.026823 0.043685 0.030647
v 0.027827 0.043596 0.036678
v 0.026812 0.041918 0.031987
v 0.027184 0.042610 0.032510
v 0.022319 0.043225 0.031346
v 0.022268 0.043225 0.039626
v -0.017600 0.045625 0.041000
v -0.015777 0.045697 0.043902
v -0.017600 0.045625 0.030000
v -0.014500 0.045625 0.026900
v 0.015777 0.045700 0.027098
v 0.017600 0.045625 0.041000
v 0.014500 0.045625 0.044100
v 0.017400 0.045745 0.042201
v -0.036826 0.006972 0.020634
v -0.037110 0.007465 0.020784
v -0.036690 0.006738 0.020518
v -0.037550 0.008227 0.020795
v -0.037530 0.009196 0.020108
v -0.036966 0.007215 0.020723
v -0.036561 0.006515 0.020376
v -0.038104 0.009186 0.020415
v -0.037973 0.008959 0.020550
v -0.038342 0.009599 0.020070
v -0.038227 0.009400 0.020254
v -0.038447 0.009781 0.019865
v -0.038542 0.009945 0.019640
v -0.037695 0.008478 0.020741
v -0.037836 0.008723 0.020659
v -0.036440 0.006304 0.020209
v -0.037256 0.007718 0.020817
v -0.037403 0.007973 0.020820
v -0.038697 0.010213 0.019139
v -0.038172 0.010306 0.018314
v -0.038755 0.010313 0.018868
v -0.038799 0.010390 0.018588
v -0.038846 0.010471 0.018007
v -0.038835 0.010453 0.017419
v -0.038848 0.010475 0.017713
v -0.038830 0.010443 0.018300
v -0.038713 0.010241 0.016574
v -0.038473 0.009825 0.015836
v -0.038645 0.010123 0.016312
v -0.038767 0.010335 0.016847
v -0.037987 0.009985 0.016429
v -0.038565 0.009984 0.016066
v -0.038370 0.009647 0.015625
v -0.038808 0.010406 0.017130
v -0.038257 0.009452 0.015435
v -0.038625 0.010090 0.019397
v -0.045851 0.001414 0.019591
v -0.047230 0.003815 0.016119
v -0.045423 0.003223 0.017815
v -0.047191 0.003194 0.015272
v -0.045419 0.003217 0.017814
v -0.047483 0.002279 0.013913
v -0.046185 0.001950 0.015684
v -0.045418 0.003214 0.017815
v -0.045952 0.001511 0.015874
v -0.045894 0.000952 0.015770
v -0.045416 0.003212 0.017818
v -0.045981 -0.000105 0.015146
v -0.047792 0.002990 0.014187
v -0.047330 0.002148 0.014022
v -0.047663 0.002509 0.013866
v -0.046647 0.002279 0.015161
v -0.047143 0.002075 0.014241
v -0.045537 0.000337 0.016707
v -0.045417 0.000618 0.017709
v -0.045436 0.000172 0.018322
v -0.045416 0.003211 0.017823
v -0.045457 0.000656 0.017176
v -0.045622 -0.000520 0.016161
v -0.045487 -0.001040 0.018858
v -0.045730 0.001064 0.019418
v -0.045417 0.003212 0.017828
v -0.045517 -0.001122 0.019068
v -0.045766 -0.000775 0.015558
v -0.045470 -0.000895 0.018701
v -0.045668 -0.000294 0.019622
v -0.045583 -0.001099 0.019432
v -0.048130 -0.001247 0.018194
v -0.047909 -0.001631 0.018474
v -0.048095 -0.001309 0.016568
v -0.048318 -0.000974 0.017429
v -0.048933 0.000118 0.020229
v -0.046370 0.001661 0.020466
v -0.046045 0.001608 0.019897
v -0.050217 0.002366 0.019787
v -0.050911 0.003569 0.019389
v -0.048963 0.005002 0.019645
v -0.050598 0.003027 0.020415
v -0.048703 0.004466 0.020557
v -0.051023 0.003763 0.019735
v -0.050976 0.003681 0.019520
v -0.048052 0.004718 0.017307
v -0.050743 0.003277 0.017291
v -0.050624 0.003073 0.017515
v -0.050565 0.002969 0.018895
v -0.047670 0.004521 0.017936
v -0.050191 0.003382 0.018368
v -0.047813 0.004506 0.018733
v -0.047974 0.004557 0.018938
v -0.048186 0.004641 0.019132
v -0.050490 0.002840 0.018212
v -0.049858 0.001745 0.014845
v -0.049912 0.001838 0.015800
v -0.048384 -0.000808 0.015614
v -0.048174 -0.001171 0.015230
v -0.047998 -0.001477 0.015177
v -0.047755 -0.001898 0.015965
v -0.047969 -0.000594 0.022059
v -0.048822 0.000283 0.022287
v -0.049159 0.001443 0.022528
v -0.047986 -0.000945 0.021798
v -0.048301 -0.000641 0.021935
v -0.048837 0.000084 0.022028
v -0.050702 0.004053 0.021041
v -0.049771 0.001882 0.022199
v -0.050722 0.003649 0.021197
v -0.050346 0.003187 0.021740
v -0.051114 0.005050 0.019527
v -0.048273 -0.000881 0.021628
v -0.048361 -0.000841 0.021459
v -0.048475 -0.000709 0.019354
v -0.049493 0.001146 0.022078
v -0.050132 0.002339 0.021878
v -0.049645 0.001168 0.020296
v -0.050887 0.003626 0.020881
v -0.050666 0.003154 0.021093
v -0.050835 0.003416 0.020455
v -0.051027 0.003734 0.020142
v -0.051470 0.005044 0.017940
v -0.051194 0.004422 0.020083
v -0.051465 0.004844 0.017222
v -0.051478 0.004849 0.018563
v -0.050857 0.004284 0.014858
v -0.051244 0.005432 0.017602
v -0.047418 0.006111 0.014024
v -0.051255 0.004584 0.015842
v -0.051318 0.004354 0.019528
v -0.051527 0.004636 0.017839
v -0.051481 0.004568 0.017786
v -0.051389 0.004493 0.016445
v -0.051373 0.004568 0.016272
v -0.051033 0.004087 0.015072
v -0.050467 0.003073 0.014015
v -0.051254 0.004156 0.016486
v -0.051146 0.003990 0.015503
v -0.050871 0.003506 0.014876
v -0.047869 0.007100 0.015791
v -0.047955 0.007249 0.019377
v -0.047822 0.007019 0.020017
v -0.048141 0.007549 0.017504
v -0.047704 0.006814 0.020446
v -0.047490 0.006443 0.021045
v -0.047231 0.005996 0.021569
v -0.046648 0.004984 0.022357
v -0.047040 0.005664 0.021875
v -0.045912 0.003710 0.022777
v -0.046611 0.003830 0.023131
v -0.045866 0.003535 0.022967
v -0.045310 0.002257 0.022379
v -0.044394 0.001080 0.022261
v -0.046467 0.004690 0.015044
v -0.045633 0.003275 0.014593
v -0.045837 0.003832 0.014816
v -0.044537 0.001395 0.020351
v -0.045177 0.002517 0.014733
v -0.044719 0.001677 0.015001
v -0.045128 0.002393 0.014674
v -0.045426 0.003239 0.014764
v -0.044342 0.001014 0.015607
v -0.046221 0.004426 0.015035
v -0.046017 0.004692 0.015269
v -0.045888 0.004468 0.015127
v -0.045612 0.003991 0.014922
v -0.045468 0.003742 0.014861
v -0.045753 0.004234 0.015011
v -0.045322 0.003488 0.014828
v -0.046138 0.004902 0.015435
v -0.045175 0.003233 0.014824
v -0.044208 0.001559 0.020020
v -0.044321 0.001754 0.020209
v -0.044704 0.002030 0.015065
v -0.045028 0.002979 0.014850
v -0.044883 0.002729 0.014903
v -0.044742 0.002484 0.014985
v -0.044605 0.002247 0.015094
v -0.044475 0.002021 0.015230
v -0.044351 0.001807 0.015390
v -0.044236 0.001608 0.015574
v -0.044073 0.000574 0.016485
v -0.044439 0.001307 0.015493
v -0.043934 0.000400 0.018043
v -0.043891 0.000210 0.018279
v -0.044279 0.001036 0.019817
v -0.044056 0.000537 0.019132
v -0.043895 0.000560 0.017241
v -0.044131 0.001425 0.015780
v -0.043953 0.001117 0.016248
v -0.043882 0.000994 0.016506
v -0.044036 0.001261 0.016005
v -0.043749 0.000763 0.017345
v -0.043732 0.000735 0.017638
v -0.043779 0.000816 0.017057
v -0.043824 0.000893 0.016776
v -0.043731 0.000732 0.017932
v -0.043743 0.000754 0.018225
v -0.043770 0.000800 0.018515
v -0.043811 0.000871 0.018797
v -0.043866 0.000966 0.019071
v -0.043933 0.001083 0.019332
v -0.044014 0.001222 0.019579
v -0.044106 0.001381 0.019809
v -0.044571 0.002188 0.020518
v -0.044442 0.001965 0.020376
v -0.044847 0.002665 0.020723
v -0.045137 0.003168 0.020817
v -0.044991 0.002915 0.020784
v -0.044706 0.002422 0.020634
v -0.045431 0.003677 0.020795
v -0.045717 0.004173 0.020659
v -0.045576 0.003928 0.020741
v -0.045984 0.004636 0.020415
v -0.046223 0.005049 0.020070
v -0.046108 0.004850 0.020254
v -0.045854 0.004409 0.020550
v -0.045284 0.003423 0.020820
v -0.046328 0.005231 0.019865
v -0.046423 0.005395 0.019640
v -0.046506 0.005540 0.019397
v -0.046635 0.005763 0.018868
v -0.046577 0.005663 0.019139
v -0.046710 0.005893 0.018300
v -0.046729 0.005925 0.017713
v -0.046727 0.005921 0.018007
v -0.046680 0.005840 0.018588
v -0.046689 0.005856 0.017130
v -0.046593 0.005691 0.016574
v -0.046648 0.005785 0.016847
v -0.046445 0.005434 0.016066
v -0.046353 0.005275 0.015836
v -0.046526 0.005573 0.016312
v -0.046716 0.005903 0.017419
v -0.046401 0.005129 0.015699
v -0.038136 0.009242 0.015269
v -0.038007 0.009018 0.015127
v -0.037872 0.008784 0.015011
v -0.037731 0.008541 0.014922
v -0.037587 0.008292 0.014861
v -0.037441 0.008038 0.014828
v -0.037294 0.007783 0.014824
v -0.037147 0.007529 0.014850
v -0.037002 0.007279 0.014903
v -0.036861 0.007034 0.014985
v -0.036724 0.006797 0.015094
v -0.036594 0.006571 0.015230
v -0.036470 0.006357 0.015390
v -0.036355 0.006158 0.015574
v -0.036250 0.005975 0.015780
v -0.036155 0.005811 0.016005
v -0.036072 0.005667 0.016248
v -0.036001 0.005544 0.016506
v -0.035943 0.005443 0.016776
v -0.035868 0.005313 0.017345
v -0.035852 0.005285 0.017638
v -0.035850 0.005282 0.017932
v -0.035862 0.005304 0.018225
v -0.035889 0.005350 0.018515
v -0.035930 0.005421 0.018797
v -0.035985 0.005516 0.019071
v -0.036053 0.005633 0.019332
v -0.036133 0.005772 0.019579
v -0.036225 0.005931 0.019809
v -0.036327 0.006109 0.020020
v -0.049841 0.001711 0.014026
v -0.048554 -0.000514 0.014030
v -0.049379 0.000906 0.013992
v -0.049307 0.000790 0.014726
v -0.050192 0.002323 0.014068
v -0.049121 0.000468 0.015568
v -0.049281 0.000746 0.015067
v -0.048528 -0.000559 0.015784
v -0.048823 -0.000048 0.015848
v -0.050959 0.003653 0.015910
v -0.050787 0.003354 0.016015
v -0.051150 0.003982 0.016070
v -0.050310 0.002527 0.016270
v -0.050546 0.002937 0.016250
v -0.051023 0.003763 0.017090
v -0.051171 0.004019 0.016924
v -0.047519 -0.002306 0.016158
v -0.047449 -0.002422 0.019301
v -0.047584 -0.002286 0.018786
v -0.047550 -0.002254 0.019530
v -0.048066 -0.001401 0.019531
v -0.047909 -0.001658 0.019724
v -0.049454 0.001046 0.021411
v -0.049041 0.000286 0.021739
v -0.049260 0.000690 0.021765
v -0.044676 0.001691 0.020462
v -0.045147 0.002633 0.020864
v -0.045699 0.003396 0.021039
v -0.046419 0.004609 0.020667
v -0.046698 0.005131 0.020095
v -0.045976 0.003958 0.020860
v -0.046240 0.004656 0.020409
v -0.047119 0.005892 0.018188
v -0.047084 0.005883 0.017858
v -0.046930 0.005566 0.019373
v -0.046664 0.005428 0.019543
v -0.047043 0.005690 0.016357
v -0.047179 0.005947 0.017557
v -0.046837 0.005406 0.015969
v -0.046724 0.005176 0.015601
v -0.046958 0.005662 0.016581
v -0.043260 -0.000883 0.019720
v -0.043490 -0.000485 0.020587
v -0.043799 0.000051 0.021348
v -0.043642 -0.000540 0.014990
v -0.043108 -0.001147 0.017027
v -0.043718 -0.000089 0.014453
v -0.044494 0.000947 0.013129
v -0.044859 0.001886 0.013027
v -0.046399 0.004502 0.012899
v -0.045324 0.002595 0.012691
v -0.046902 0.005425 0.013520
v -0.046965 -0.002287 0.020334
v -0.043051 -0.001289 0.018477
v -0.043107 -0.001475 0.017418
v -0.046858 -0.002124 0.015147
v -0.049741 0.002389 0.013335
v -0.047332 -0.001827 0.020973
v -0.050442 0.003116 0.013996
v -0.047446 -0.002021 0.020692
v -0.049610 0.001433 0.013497
v -0.048679 0.000325 0.013279
v -0.047520 -0.001540 0.014341
v -0.047854 -0.001255 0.014077
v -0.048345 -0.000551 0.013704
v -0.049759 0.001846 0.013426
v -0.050317 0.002583 0.013991
v -0.050386 0.002678 0.014163
v -0.049766 0.001634 0.013623
v -0.049131 0.000653 0.013406
v -0.048767 -0.000094 0.013720
v -0.048011 -0.001359 0.014403
v -0.047795 -0.001864 0.015411
v -0.048155 -0.001184 0.014437
v -0.046950 -0.002550 0.015948
v -0.046911 -0.002860 0.016958
v -0.047203 -0.002450 0.015668
v -0.047077 -0.002868 0.018143
v -0.047566 -0.002158 0.015440
v -0.046757 -0.002815 0.018880
v -0.047064 -0.002552 0.019778
v -0.047505 -0.002310 0.015948
v -0.047167 -0.002774 0.016979
v -0.047320 -0.002630 0.018558
v -0.047329 -0.002514 0.019548
v -0.047576 -0.002052 0.020504
v -0.047659 -0.002034 0.020305
v -0.047964 0.004423 0.016276
v -0.049017 0.005242 0.016970
v -0.049228 0.005304 0.016577
v -0.049146 0.005110 0.015953
v -0.047766 0.004025 0.019944
v -0.047619 0.003941 0.019875
v -0.047164 0.003611 0.019771
v -0.046901 0.003189 0.019960
v -0.046833 0.002902 0.020188
v -0.046959 0.002523 0.020737
v -0.046958 0.001323 0.021693
v -0.047306 0.002160 0.021577
v -0.047265 0.001902 0.021732
v -0.047253 0.002328 0.021349
v -0.045419 0.003216 0.017831
v -0.045421 0.003219 0.017831
v -0.045422 0.003222 0.017830
v -0.045423 0.003224 0.017828
v -0.045424 0.003225 0.017825
v -0.045424 0.003226 0.017821
v -0.035740 0.006094 0.018898
v -0.035688 0.005934 0.017006
v -0.036019 0.008177 0.017818
v -0.036397 0.007232 0.015462
v -0.021077 -0.020305 0.018868
v -0.021152 -0.020175 0.018300
v -0.021019 -0.020406 0.019139
v -0.021157 -0.020166 0.017419
v -0.020379 -0.020510 0.016591
v -0.021121 -0.020228 0.018588
v -0.020948 -0.020529 0.019397
v -0.020967 -0.020495 0.016312
v -0.021035 -0.020378 0.016574
v -0.020795 -0.020794 0.015836
v -0.020887 -0.020634 0.016066
v -0.020692 -0.020972 0.015625
v -0.020580 -0.021167 0.015435
v -0.021131 -0.020212 0.017130
v -0.021090 -0.020283 0.016847
v -0.020865 -0.020673 0.019640
v -0.021168 -0.020147 0.018007
v -0.021170 -0.020144 0.017713
v -0.020329 -0.021600 0.015127
v -0.019483 -0.022064 0.015308
v -0.020194 -0.021835 0.015011
v -0.020054 -0.022078 0.014922
v -0.019763 -0.022580 0.014828
v -0.019470 -0.023089 0.014850
v -0.019616 -0.022835 0.014824
v -0.019910 -0.022327 0.014861
v -0.019047 -0.023822 0.015094
v -0.018678 -0.024461 0.015574
v -0.018916 -0.024048 0.015230
v -0.019183 -0.023585 0.014985
v -0.018541 -0.023697 0.015679
v -0.018793 -0.024262 0.015390
v -0.018572 -0.024643 0.015780
v -0.019325 -0.023340 0.014903
v -0.018477 -0.024808 0.016005
v -0.020458 -0.021377 0.015269
v -0.029731 -0.026507 0.019169
v -0.027990 -0.029510 0.016400
v -0.027739 -0.027407 0.017817
v -0.027806 -0.030382 0.016958
v -0.027738 -0.027408 0.017823
v -0.027741 -0.031914 0.017605
v -0.027796 -0.029900 0.018538
v -0.027739 -0.027407 0.017827
v -0.027906 -0.029745 0.019035
v -0.028053 -0.029949 0.019548
v -0.027740 -0.027404 0.017830
v -0.028263 -0.030792 0.020420
v -0.027803 -0.031633 0.016834
v -0.027738 -0.031786 0.017794
v -0.027753 -0.031975 0.017315
v -0.027739 -0.030471 0.018022
v -0.027739 -0.031533 0.017951
v -0.028520 -0.029137 0.020259
v -0.028809 -0.028148 0.020075
v -0.029324 -0.027736 0.020452
v -0.027743 -0.027399 0.017831
v -0.028556 -0.028617 0.020022
v -0.028682 -0.029861 0.020958
v -0.030155 -0.027597 0.021477
v -0.029706 -0.026691 0.019533
v -0.027745 -0.027396 0.017829
v -0.030318 -0.027449 0.021533
v -0.028598 -0.030509 0.021107
v -0.030000 -0.027689 0.021360
v -0.030349 -0.026827 0.020740
v -0.030539 -0.027157 0.021479
v -0.031894 -0.029369 0.020335
v -0.032034 -0.029126 0.020777
v -0.031082 -0.030776 0.020405
v -0.031535 -0.030044 0.020004
v -0.032923 -0.027613 0.018751
v -0.030451 -0.025911 0.018696
v -0.029946 -0.026276 0.018905
v -0.032691 -0.027989 0.016162
v -0.032492 -0.028333 0.014774
v -0.030539 -0.026910 0.014506
v -0.033005 -0.027445 0.015398
v -0.031031 -0.026141 0.015100
v -0.032665 -0.028034 0.014549
v -0.032558 -0.028220 0.014644
v -0.028810 -0.028612 0.015207
v -0.031443 -0.030151 0.015110
v -0.031555 -0.029957 0.015346
v -0.032245 -0.028761 0.015466
v -0.028923 -0.027951 0.015569
v -0.031522 -0.028952 0.015295
v -0.029435 -0.027326 0.015511
v -0.029635 -0.027205 0.015386
v -0.029855 -0.027108 0.015207
v -0.031904 -0.029353 0.015615
v -0.030220 -0.032269 0.016879
v -0.030698 -0.031442 0.016772
v -0.030604 -0.031603 0.019827
v -0.030412 -0.031936 0.020246
v -0.030386 -0.031981 0.020600
v -0.030780 -0.031299 0.021086
v -0.033423 -0.025788 0.019849
v -0.033797 -0.025740 0.018664
v -0.033668 -0.025388 0.017491
v -0.033457 -0.026109 0.020145
v -0.033630 -0.026051 0.019725
v -0.033765 -0.026021 0.018828
v -0.032952 -0.026691 0.014458
v -0.033773 -0.025828 0.016805
v -0.033220 -0.026666 0.014798
v -0.033410 -0.026149 0.015386
v -0.032072 -0.027932 0.013389
v -0.033560 -0.026365 0.019945
v -0.033524 -0.026539 0.019867
v -0.032500 -0.028379 0.019696
v -0.033822 -0.025997 0.017580
v -0.033685 -0.026149 0.016227
v -0.033035 -0.027600 0.017485
v -0.033195 -0.027016 0.014736
v -0.033340 -0.026855 0.015255
v -0.033034 -0.027416 0.014943
v -0.032885 -0.027691 0.014572
v -0.031548 -0.029462 0.013217
v -0.032682 -0.027642 0.013893
v -0.031272 -0.030132 0.013392
v -0.031950 -0.028974 0.013381
v -0.029877 -0.032055 0.014181
v -0.031041 -0.029559 0.012993
v -0.026089 -0.030832 0.014318
v -0.030537 -0.031301 0.013722
v -0.032527 -0.028193 0.013890
v -0.031717 -0.029676 0.013541
v -0.031685 -0.029719 0.013622
v -0.030979 -0.030859 0.013733
v -0.030848 -0.030983 0.013677
v -0.030201 -0.031996 0.014264
v -0.029687 -0.032919 0.015425
v -0.031043 -0.030850 0.014093
v -0.030543 -0.031695 0.014291
v -0.030232 -0.032240 0.014848
v -0.026883 -0.029249 0.013237
v -0.028675 -0.026144 0.013064
v -0.028995 -0.025590 0.013330
v -0.027749 -0.027771 0.012711
v -0.029210 -0.025218 0.013566
v -0.029510 -0.024700 0.013995
v -0.029772 -0.024246 0.014511
v -0.030165 -0.023564 0.015679
v -0.029925 -0.023980 0.014894
v -0.030376 -0.023200 0.017151
v -0.031025 -0.023166 0.016697
v -0.030512 -0.023059 0.017325
v -0.030355 -0.023647 0.018709
v -0.030118 -0.023646 0.020187
v -0.026501 -0.029892 0.016024
v -0.026262 -0.030275 0.017667
v -0.026286 -0.030031 0.017082
v -0.029134 -0.025284 0.019843
v -0.026319 -0.030146 0.018552
v -0.026473 -0.029925 0.019508
v -0.026307 -0.030207 0.018683
v -0.026209 -0.030047 0.017802
v -0.026780 -0.029404 0.020271
v -0.026427 -0.029859 0.016376
v -0.026275 -0.029502 0.016248
v -0.026204 -0.029625 0.016506
v -0.026101 -0.029803 0.017057
v -0.026071 -0.029855 0.017345
v -0.026146 -0.029725 0.016776
v -0.026055 -0.029884 0.017638
v -0.026358 -0.029358 0.016005
v -0.026053 -0.029887 0.017932
v -0.028651 -0.025387 0.019865
v -0.028745 -0.025223 0.019640
v -0.026341 -0.029775 0.019209
v -0.026065 -0.029865 0.018225
v -0.026092 -0.029818 0.018515
v -0.026133 -0.029747 0.018797
v -0.026188 -0.029653 0.019071
v -0.026256 -0.029535 0.019332
v -0.026336 -0.029396 0.019579
v -0.026428 -0.029237 0.019809
v -0.027208 -0.028637 0.020786
v -0.026669 -0.029471 0.019968
v -0.027958 -0.027271 0.021006
v -0.028127 -0.027095 0.021192
v -0.028829 -0.025725 0.020283
v -0.028535 -0.026346 0.020827
v -0.027459 -0.027908 0.020887
v -0.026531 -0.029059 0.020020
v -0.026765 -0.028654 0.020376
v -0.026894 -0.028431 0.020518
v -0.026643 -0.028864 0.020209
v -0.027313 -0.027704 0.020784
v -0.027459 -0.027450 0.020817
v -0.027169 -0.027953 0.020723
v -0.027029 -0.028196 0.020634
v -0.027607 -0.027195 0.020820
v -0.027753 -0.026941 0.020795
v -0.027898 -0.026691 0.020741
v -0.028039 -0.026446 0.020659
v -0.028176 -0.026209 0.020550
v -0.028307 -0.025983 0.020415
v -0.028430 -0.025769 0.020254
v -0.028545 -0.025570 0.020070
v -0.028900 -0.024956 0.019139
v -0.028829 -0.025079 0.019397
v -0.029002 -0.024778 0.018588
v -0.029049 -0.024697 0.018007
v -0.029033 -0.024725 0.018300
v -0.028958 -0.024855 0.018868
v -0.029038 -0.024716 0.017419
v -0.028970 -0.024833 0.016847
v -0.029011 -0.024762 0.017130
v -0.028848 -0.025045 0.016312
v -0.028676 -0.025344 0.015836
v -0.028768 -0.025184 0.016066
v -0.028916 -0.024928 0.016574
v -0.029051 -0.024694 0.017713
v -0.028573 -0.025522 0.015625
v -0.028460 -0.025717 0.015435
v -0.028339 -0.025927 0.015269
v -0.028075 -0.026385 0.015011
v -0.028210 -0.026150 0.015127
v -0.027791 -0.026877 0.014861
v -0.027497 -0.027385 0.014824
v -0.027644 -0.027130 0.014828
v -0.027935 -0.026628 0.014922
v -0.027206 -0.027890 0.014903
v -0.026928 -0.028372 0.015094
v -0.027064 -0.028135 0.014985
v -0.026673 -0.028812 0.015390
v -0.026559 -0.029011 0.015574
v -0.026797 -0.028598 0.015230
v -0.027350 -0.027639 0.014850
v -0.026589 -0.029186 0.015677
v -0.018394 -0.024952 0.016248
v -0.018323 -0.025075 0.016506
v -0.018265 -0.025175 0.016776
v -0.018221 -0.025253 0.017057
v -0.018190 -0.025305 0.017345
v -0.018174 -0.025334 0.017638
v -0.018172 -0.025337 0.017932
v -0.018185 -0.025315 0.018225
v -0.018212 -0.025268 0.018515
v -0.018252 -0.025197 0.018797
v -0.018307 -0.025103 0.019071
v -0.018375 -0.024985 0.019332
v -0.018455 -0.024846 0.019579
v -0.018547 -0.024687 0.019809
v -0.018650 -0.024509 0.020020
v -0.018762 -0.024314 0.020209
v -0.018884 -0.024104 0.020376
v -0.019013 -0.023881 0.020518
v -0.019148 -0.023646 0.020634
v -0.019432 -0.023154 0.020784
v -0.019579 -0.022900 0.020817
v -0.019726 -0.022645 0.020820
v -0.019872 -0.022391 0.020795
v -0.020017 -0.022141 0.020741
v -0.020159 -0.021896 0.020659
v -0.020295 -0.021659 0.020550
v -0.020426 -0.021433 0.020415
v -0.020549 -0.021219 0.020254
v -0.020664 -0.021020 0.020070
v -0.020770 -0.020837 0.019865
v -0.029812 -0.032979 0.016917
v -0.029813 -0.032975 0.019487
v -0.029797 -0.033010 0.017845
v -0.030161 -0.032372 0.017982
v -0.029832 -0.032942 0.016212
v -0.030582 -0.031642 0.018354
v -0.030331 -0.032076 0.018033
v -0.030689 -0.031456 0.019540
v -0.030721 -0.031400 0.018950
v -0.030753 -0.031347 0.014676
v -0.030805 -0.031256 0.015022
v -0.030832 -0.031208 0.014296
v -0.030932 -0.031035 0.015976
v -0.030922 -0.031052 0.015503
v -0.031343 -0.030324 0.014549
v -0.031259 -0.030469 0.014253
v -0.030877 -0.031132 0.021557
v -0.032446 -0.028408 0.021692
v -0.032231 -0.028879 0.021507
v -0.032563 -0.028211 0.021496
v -0.032581 -0.028221 0.020499
v -0.032672 -0.028050 0.020800
v -0.033503 -0.026583 0.017686
v -0.033687 -0.026309 0.018551
v -0.033688 -0.026281 0.018092
v -0.029165 -0.025174 0.019517
v -0.029312 -0.024794 0.018465
v -0.029483 -0.024691 0.017529
v -0.029312 -0.025022 0.016119
v -0.029009 -0.025507 0.015527
v -0.029358 -0.024826 0.016903
v -0.029028 -0.025156 0.016167
v -0.028041 -0.027151 0.014657
v -0.027854 -0.027424 0.014682
v -0.028634 -0.026124 0.015034
v -0.028578 -0.025896 0.015287
v -0.027156 -0.028754 0.014870
v -0.027747 -0.027710 0.014579
v -0.026931 -0.029072 0.015219
v -0.026762 -0.029400 0.015475
v -0.027217 -0.028530 0.014937
v -0.028847 -0.025847 0.022454
v -0.029281 -0.025096 0.021995
v -0.029661 -0.024437 0.021375
v -0.026620 -0.030023 0.021966
v -0.027500 -0.028179 0.022759
v -0.026214 -0.030408 0.021538
v -0.025685 -0.031632 0.020252
v -0.025500 -0.031643 0.019257
v -0.025459 -0.031767 0.016221
v -0.025375 -0.031958 0.018410
v -0.025747 -0.031216 0.015170
v -0.032541 -0.027270 0.021818
v -0.028244 -0.026935 0.022910
v -0.027838 -0.027922 0.023043
v -0.029796 -0.031676 0.021730
v -0.029098 -0.033365 0.016380
v -0.032937 -0.026761 0.021236
v -0.029640 -0.032914 0.015400
v -0.032965 -0.027102 0.021347
v -0.029495 -0.033407 0.017274
v -0.029168 -0.033470 0.018698
v -0.029637 -0.032514 0.020893
v -0.029632 -0.032816 0.020479
v -0.029509 -0.033176 0.019624
v -0.029392 -0.033430 0.016841
v -0.029774 -0.032998 0.015924
v -0.029871 -0.032854 0.015807
v -0.029588 -0.033316 0.017021
v -0.029428 -0.033474 0.018188
v -0.029636 -0.033231 0.019017
v -0.029958 -0.032628 0.020491
v -0.030519 -0.031788 0.021036
v -0.030007 -0.032617 0.020268
v -0.030450 -0.031128 0.022053
v -0.031060 -0.030314 0.022341
v -0.030457 -0.031455 0.021839
v -0.031781 -0.029362 0.022265
v -0.030488 -0.031737 0.021406
v -0.031886 -0.028571 0.022379
v -0.032452 -0.027862 0.021997
v -0.030763 -0.031309 0.021567
v -0.031225 -0.030385 0.022138
v -0.032068 -0.029048 0.021937
v -0.032519 -0.028166 0.021832
v -0.032983 -0.027329 0.021309
v -0.032937 -0.027533 0.021252
v -0.028356 -0.029540 0.015507
v -0.029137 -0.029190 0.014271
v -0.029072 -0.029606 0.014112
v -0.028783 -0.030160 0.014321
v -0.030213 -0.026377 0.015951
v -0.030105 -0.026395 0.016096
v -0.029855 -0.026370 0.016610
v -0.029934 -0.026197 0.017107
v -0.030121 -0.026043 0.017390
v -0.030655 -0.025716 0.017655
v -0.031652 -0.025189 0.018694
v -0.031492 -0.025230 0.017795
v -0.031651 -0.025142 0.018040
v -0.031266 -0.025363 0.017677
v -0.027747 -0.027393 0.017825
v -0.027747 -0.027393 0.017821
v -0.027746 -0.027394 0.017818
v -0.027745 -0.027396 0.017815
v -0.027743 -0.027399 0.017814
v -0.027742 -0.027401 0.017814
v -0.019774 -0.021558 0.020172
v -0.018859 -0.023214 0.020336
v -0.018542 -0.022094 0.018229
v -0.018056 -0.024534 0.018858
v -0.021515 0.045251 0.025219
v -0.020860 0.045170 0.026101
v -0.023577 0.045148 0.024595
v -0.022696 0.045120 0.024665
v -0.022519 0.044894 0.024929
v -0.024439 0.045148 0.024873
v -0.021250 0.045030 0.025744
v -0.020723 0.045131 0.027497
v -0.021282 0.045133 0.028771
v -0.021728 0.045122 0.029185
v -0.020810 0.045129 0.026342
v -0.020746 0.045079 0.027182
v -0.020800 0.045079 0.027670
v -0.022210 0.043957 0.028111
v -0.020945 0.045105 0.028197
v -0.021502 0.045079 0.028943
v -0.021457 0.045445 0.028960
v -0.021913 0.045518 0.029279
v -0.020971 0.045465 0.028292
v -0.020790 0.045397 0.027937
v -0.021053 0.045564 0.028348
v -0.020745 0.045554 0.027250
v -0.020750 0.045493 0.026744
v -0.020897 0.045587 0.026517
v -0.020970 0.045500 0.026016
v -0.021505 0.045623 0.028656
v -0.021815 0.045623 0.028945
v -0.021143 0.045623 0.028085
v -0.020951 0.045615 0.027787
v -0.021459 0.045603 0.025443
v -0.020981 0.045613 0.026359
v -0.021993 0.045515 0.024927
v -0.023092 0.045486 0.024593
v -0.022632 0.045580 0.024751
v -0.024005 0.045521 0.024738
v -0.024632 0.045539 0.025042
v -0.022035 0.045623 0.025181
v -0.023220 0.045604 0.024757
v -0.022889 0.045617 0.024814
v -0.023649 0.045615 0.024808
v -0.024189 0.045623 0.025050
v -0.024502 0.045623 0.025223
v -0.024685 0.045623 0.025355
v -0.024483 0.045623 0.026537
v -0.024509 0.044418 0.026553
v -0.024389 0.045623 0.026491
v -0.024387 0.044373 0.026490
v -0.024338 0.044352 0.026482
v -0.024289 0.045623 0.026483
v -0.024339 0.045623 0.026482
v -0.024289 0.044328 0.026483
v -0.023384 0.044443 0.025713
v -0.023505 0.045623 0.025760
v -0.023190 0.045623 0.025933
v -0.022007 0.044415 0.027768
v -0.022162 0.044352 0.027818
v -0.022211 0.045623 0.027817
v -0.022161 0.045623 0.027818
v -0.022211 0.044328 0.027817
v -0.023055 0.044433 0.028557
v -0.023143 0.045635 0.028570
v -0.023317 0.044317 0.028364
v -0.023145 0.043686 0.027848
v -0.022711 0.044180 0.027984
v -0.022828 0.044328 0.028310
v -0.022856 0.044373 0.028404
v -0.022837 0.044352 0.028358
v -0.022884 0.044392 0.028446
v -0.022376 0.044251 0.027819
v -0.022177 0.044235 0.027231
v -0.022137 0.044390 0.026336
v -0.021928 0.044402 0.027490
v -0.021362 0.045179 0.025431
v -0.022073 0.045119 0.024902
v -0.022549 0.043890 0.025999
v -0.022857 0.043953 0.025816
v -0.023296 0.043895 0.025805
v -0.024028 0.044948 0.024891
v -0.023704 0.043965 0.025827
v -0.025329 0.045135 0.025709
v -0.024637 0.043952 0.027196
v -0.025659 0.045062 0.027744
v -0.024676 0.044262 0.028081
v -0.025694 0.045070 0.026764
v -0.024121 0.043591 0.026268
v -0.023648 0.043525 0.025953
v -0.022668 0.043763 0.028275
v -0.022909 0.043774 0.028374
v -0.023340 0.043725 0.028403
v -0.023266 0.043789 0.028427
v -0.022934 0.043952 0.028502
v -0.023268 0.044039 0.028614
v -0.024085 0.043844 0.026120
v -0.023708 0.043782 0.028337
v -0.024195 0.043942 0.028157
v -0.024106 0.043663 0.028063
v -0.024275 0.043662 0.027856
v -0.024362 0.043132 0.027579
v -0.024498 0.043787 0.027456
v -0.024394 0.043917 0.027894
v -0.024403 0.043749 0.027669
v -0.024494 0.043662 0.027052
v -0.024340 0.043162 0.026665
v -0.024606 0.043917 0.026999
v -0.024534 0.043862 0.026812
v -0.024391 0.043850 0.026474
v -0.024624 0.044996 0.025193
v -0.022084 0.043064 0.026705
v -0.022028 0.042881 0.026677
v -0.022079 0.042956 0.027499
v -0.023121 0.043046 0.028340
v -0.023847 0.043195 0.028127
v -0.024410 0.042754 0.027991
v -0.022176 0.042783 0.028035
v -0.023503 0.042663 0.028666
v -0.022772 0.042797 0.028441
v -0.022018 0.039183 0.026477
v -0.021791 0.039394 0.026794
v -0.021275 0.041676 0.027185
v -0.021986 0.039393 0.028008
v -0.022667 0.039324 0.028518
v -0.023186 0.039394 0.028650
v -0.023770 0.039393 0.028559
v -0.024018 0.039331 0.028418
v -0.023326 0.039168 0.028557
v -0.022568 0.039175 0.025945
v -0.022276 0.039395 0.026001
v -0.023605 0.039393 0.025683
v -0.023162 0.039393 0.025651
v -0.023617 0.039123 0.025952
v -0.024018 0.039123 0.026190
v -0.024384 0.039123 0.026596
v -0.024686 0.039393 0.026701
v -0.024619 0.039393 0.027784
v -0.024223 0.039238 0.028197
v -0.024627 0.039158 0.027200
v -0.024738 0.039393 0.027356
v -0.024139 0.039393 0.025931
v -0.023309 0.039123 0.028385
v -0.022085 0.039123 0.027565
v -0.022498 0.039123 0.028163
v -0.021856 0.039210 0.027333
v -0.022090 0.039123 0.026740
v -0.024721 0.042663 0.027485
v -0.024716 0.042659 0.026746
v -0.024935 0.041359 0.025952
v -0.023749 0.042714 0.025785
v -0.022631 0.041665 0.025264
v -0.022174 0.042701 0.026132
v -0.024312 0.042932 0.027772
v -0.024484 0.042939 0.027132
v -0.024283 0.042932 0.026463
v -0.023979 0.042932 0.026159
v -0.023768 0.042932 0.026033
v -0.023298 0.042932 0.025920
v -0.023475 0.042932 0.025941
v -0.022659 0.042932 0.026067
v -0.022999 0.042932 0.025943
v -0.022698 0.043404 0.026021
v -0.023928 0.043629 0.026106
v -0.023748 0.043744 0.025978
v -0.023515 0.043778 0.025900
v -0.023050 0.043746 0.025889
v -0.022578 0.043691 0.026070
v -0.022304 0.043719 0.026302
v -0.021989 0.043772 0.026943
v -0.022012 0.043817 0.026773
v -0.022089 0.043683 0.027655
v -0.021985 0.043734 0.027288
v -0.022335 0.043657 0.028004
v -0.022184 0.043839 0.026381
v -0.021942 0.043846 0.027090
v -0.021953 0.043910 0.027549
v -0.022094 0.043904 0.027847
v -0.024773 0.045103 0.029181
v -0.024281 0.045037 0.029379
v -0.022390 0.045100 0.029534
v -0.023632 0.045007 0.029517
v -0.023155 0.045078 0.029655
v -0.025602 0.045621 0.027018
v -0.024649 0.045590 0.026493
v -0.024854 0.045623 0.025505
v -0.025068 0.045623 0.025741
v -0.024564 0.045587 0.028091
v -0.024508 0.045623 0.026898
v -0.024372 0.045623 0.027793
v -0.024254 0.045623 0.027170
v -0.023643 0.045623 0.025894
v -0.023662 0.045623 0.025940
v -0.023672 0.045623 0.025990
v -0.023727 0.045623 0.026202
v -0.022708 0.045623 0.026267
v -0.022253 0.045646 0.026172
v -0.024029 0.045623 0.026468
v -0.024730 0.045623 0.028908
v -0.023424 0.045623 0.028197
v -0.024132 0.045649 0.028080
v -0.022830 0.045623 0.029409
v -0.022828 0.045623 0.028310
v -0.022838 0.045623 0.028360
v -0.022857 0.045623 0.028406
v -0.021998 0.045623 0.029077
v -0.022885 0.045623 0.028447
v -0.022311 0.045623 0.029250
v -0.022219 0.045623 0.027122
v -0.022654 0.045623 0.027896
v -0.022088 0.045623 0.026443
v -0.022211 0.045623 0.026677
v -0.021960 0.045623 0.027730
v -0.022334 0.045231 0.029575
v -0.022871 0.045150 0.029668
v -0.025232 0.045118 0.028769
v -0.025337 0.045194 0.025644
v -0.025696 0.045354 0.028065
v -0.025768 0.045137 0.027518
v -0.025801 0.045232 0.026716
v -0.025709 0.045145 0.026489
v -0.022833 0.044159 0.026276
v -0.022380 0.044365 0.026183
v -0.023789 0.044180 0.026316
v -0.023672 0.044328 0.025990
v -0.023644 0.044373 0.025896
v -0.023663 0.044352 0.025942
v -0.024124 0.044251 0.026481
v -0.024407 0.044391 0.027841
v -0.024567 0.044421 0.026687
v -0.024253 0.044179 0.027211
v -0.025092 0.045443 0.025398
v -0.025383 0.045563 0.025841
v -0.025223 0.045604 0.025795
v -0.025732 0.045561 0.027018
v -0.025730 0.045517 0.027564
v -0.025600 0.045568 0.027947
v -0.025065 0.045529 0.028914
v -0.025476 0.045592 0.026176
v -0.025652 0.045554 0.026492
v -0.025343 0.045563 0.028497
v -0.024356 0.045464 0.029444
v -0.025119 0.045604 0.028645
v -0.024024 0.045559 0.029518
v -0.024529 0.045617 0.029142
v -0.023219 0.045547 0.029649
v -0.022479 0.045519 0.029546
v -0.023544 0.045617 0.029505
v -0.022616 0.045611 0.029451
v -0.021573 0.045604 0.028920
v -0.024106 0.045196 0.029639
v -0.023929 0.045148 0.029616
v -0.023293 0.045108 0.029685
v -0.025611 0.045127 0.028099
v -0.025786 0.045128 0.027118
v -0.025564 0.045121 0.026103
v -0.023852 0.045137 0.041374
v -0.023309 0.045127 0.041305
v -0.022405 0.045170 0.041380
v -0.025606 0.045088 0.042955
v -0.025353 0.045148 0.042362
v -0.024705 0.045120 0.041761
v -0.024391 0.044894 0.041809
v -0.025731 0.045148 0.043185
v -0.022933 0.045030 0.041426
v -0.021285 0.045131 0.042224
v -0.020919 0.045184 0.042801
v -0.020725 0.045133 0.043497
v -0.020722 0.045122 0.044105
v -0.022194 0.045129 0.041507
v -0.021533 0.045079 0.042028
v -0.021210 0.045079 0.042398
v -0.020894 0.044976 0.043697
v -0.020920 0.045105 0.042861
v -0.020747 0.045079 0.043776
v -0.020704 0.045445 0.043754
v -0.020778 0.045518 0.044306
v -0.020867 0.045465 0.042945
v -0.021187 0.045436 0.042347
v -0.020882 0.045564 0.043042
v -0.021482 0.045554 0.042073
v -0.021858 0.045493 0.041735
v -0.023253 0.045443 0.041293
v -0.022124 0.045587 0.041689
v -0.022824 0.045454 0.041343
v -0.022449 0.045523 0.041444
v -0.020960 0.045623 0.043584
v -0.020957 0.045623 0.044007
v -0.021136 0.045623 0.042931
v -0.021226 0.045615 0.042588
v -0.023295 0.045603 0.041377
v -0.022297 0.045613 0.041644
v -0.023714 0.045502 0.041355
v -0.024408 0.045475 0.041586
v -0.024994 0.045313 0.041948
v -0.024622 0.045518 0.041730
v -0.024500 0.045614 0.041831
v -0.025196 0.045523 0.042265
v -0.025763 0.045435 0.043421
v -0.025602 0.045496 0.042907
v -0.025418 0.045546 0.042587
v -0.025714 0.045571 0.043616
v -0.023879 0.045623 0.041623
v -0.024992 0.045604 0.042208
v -0.024726 0.045617 0.042004
v -0.025253 0.045614 0.042565
v -0.025308 0.045623 0.042827
v -0.025432 0.045623 0.043121
v -0.025516 0.045623 0.043469
v -0.025543 0.045623 0.043693
v -0.024534 0.044421 0.044400
v -0.024524 0.045623 0.044289
v -0.024533 0.045623 0.044369
v -0.024523 0.044392 0.044287
v -0.024506 0.045623 0.044242
v -0.024505 0.044373 0.044240
v -0.024478 0.044352 0.044199
v -0.024444 0.045623 0.044164
v -0.024479 0.045623 0.044200
v -0.024444 0.044328 0.044164
v -0.024449 0.044432 0.043093
v -0.024452 0.045623 0.043127
v -0.024341 0.045623 0.042999
v -0.024212 0.044371 0.042956
v -0.024198 0.045623 0.042969
v -0.021959 0.044418 0.043326
v -0.021995 0.044373 0.043460
v -0.022022 0.044352 0.043501
v -0.022056 0.045623 0.043536
v -0.022021 0.045623 0.043500
v -0.022056 0.044328 0.043536
v -0.022069 0.044430 0.044629
v -0.022071 0.045623 0.044626
v -0.022218 0.044397 0.044729
v -0.022401 0.044317 0.044721
v -0.023250 0.043615 0.043850
v -0.022271 0.044180 0.044017
v -0.022110 0.044328 0.044324
v -0.022060 0.044373 0.044408
v -0.022081 0.044352 0.044363
v -0.023303 0.044424 0.045251
v -0.022939 0.044203 0.044837
v -0.022048 0.044392 0.044457
v -0.022166 0.044251 0.043659
v -0.022464 0.044235 0.043114
v -0.022813 0.044201 0.042927
v -0.023072 0.044442 0.042419
v -0.022165 0.044377 0.043096
v -0.022039 0.044417 0.043167
v -0.023228 0.044034 0.042388
v -0.024109 0.045119 0.041462
v -0.023491 0.043878 0.042535
v -0.023940 0.043958 0.042640
v -0.024371 0.043955 0.043029
v -0.024694 0.044036 0.043607
v -0.024531 0.043965 0.043290
v -0.025438 0.044809 0.044311
v -0.025624 0.045079 0.044648
v -0.024155 0.043952 0.044903
v -0.024139 0.045079 0.046191
v -0.023683 0.044030 0.045249
v -0.024594 0.045074 0.045937
v -0.023584 0.044282 0.045557
v -0.025061 0.045053 0.045506
v -0.025422 0.045079 0.045096
v -0.022013 0.043777 0.044126
v -0.024489 0.043591 0.043895
v -0.024472 0.043478 0.043699
v -0.022087 0.043573 0.044274
v -0.022127 0.043670 0.044399
v -0.021931 0.043957 0.044293
v -0.022262 0.043647 0.044605
v -0.022388 0.043725 0.044764
v -0.023155 0.043679 0.045104
v -0.022753 0.043736 0.045010
v -0.022247 0.043896 0.044749
v -0.022429 0.043647 0.044783
v -0.022041 0.043952 0.044532
v -0.021869 0.043940 0.043805
v -0.022185 0.044039 0.044854
v -0.024561 0.043856 0.043646
v -0.022616 0.043764 0.044939
v -0.022819 0.043906 0.045132
v -0.023147 0.043942 0.045227
v -0.024538 0.043779 0.043953
v -0.023263 0.043582 0.045087
v -0.023423 0.043662 0.045083
v -0.023754 0.042957 0.044954
v -0.023883 0.043770 0.044962
v -0.023476 0.043917 0.045195
v -0.023641 0.043734 0.045047
v -0.023974 0.043917 0.045006
v -0.024012 0.043678 0.044842
v -0.023722 0.043852 0.045083
v -0.024233 0.043081 0.044496
v -0.024164 0.043662 0.044700
v -0.024426 0.043588 0.044242
v -0.024278 0.043917 0.044746
v -0.024361 0.043917 0.044641
v -0.024397 0.043852 0.044504
v -0.024485 0.043865 0.044342
v -0.024539 0.043852 0.044149
v -0.025621 0.044996 0.043538
v -0.022736 0.043484 0.042697
v -0.022923 0.042850 0.042506
v -0.022182 0.042959 0.043265
v -0.022030 0.043472 0.043649
v -0.022286 0.042932 0.043085
v -0.022992 0.042933 0.042642
v -0.022303 0.042969 0.044624
v -0.022787 0.042931 0.044997
v -0.022876 0.042798 0.045194
v -0.022072 0.042932 0.044226
v -0.021782 0.042661 0.043519
v -0.021920 0.041772 0.042399
v -0.021907 0.042842 0.044108
v -0.022111 0.042663 0.044839
v -0.021817 0.042661 0.044323
v -0.022578 0.042660 0.045201
v -0.023513 0.042660 0.045331
v -0.022919 0.039392 0.042379
v -0.022525 0.039394 0.042535
v -0.021997 0.041581 0.042327
v -0.021917 0.039394 0.043159
v -0.021750 0.039391 0.043643
v -0.022119 0.039394 0.042864
v -0.021806 0.039332 0.044181
v -0.022102 0.039394 0.044818
v -0.022564 0.039393 0.045186
v -0.022835 0.039331 0.045273
v -0.023275 0.039393 0.045352
v -0.022314 0.039393 0.045024
v -0.023519 0.039393 0.042373
v -0.024064 0.039393 0.042588
v -0.023653 0.039196 0.042510
v -0.023245 0.039123 0.042604
v -0.023295 0.039394 0.042351
v -0.024628 0.039393 0.043253
v -0.024485 0.039393 0.042995
v -0.024698 0.039394 0.043457
v -0.024058 0.039123 0.042923
v -0.024294 0.039393 0.042771
v -0.024380 0.039123 0.043310
v -0.024476 0.039123 0.043766
v -0.024474 0.039123 0.044007
v -0.024618 0.039394 0.044465
v -0.024317 0.039123 0.044483
v -0.024715 0.039393 0.044193
v -0.023917 0.039394 0.045193
v -0.023638 0.039393 0.045304
v -0.023263 0.039123 0.045081
v -0.023790 0.039123 0.044980
v -0.024329 0.039393 0.044894
v -0.024105 0.039393 0.045085
v -0.024752 0.039395 0.043761
v -0.024512 0.039393 0.044664
v -0.022783 0.039123 0.044995
v -0.021890 0.039314 0.044424
v -0.022380 0.039123 0.044729
v -0.022156 0.039123 0.043273
v -0.022040 0.039123 0.043623
v -0.022027 0.039123 0.044102
v -0.022278 0.039184 0.042899
v -0.022767 0.039123 0.042718
v -0.023998 0.042663 0.045160
v -0.024539 0.042659 0.044656
v -0.024764 0.042663 0.043881
v -0.024593 0.042714 0.043294
v -0.024180 0.042664 0.042647
v -0.023347 0.042662 0.042332
v -0.023510 0.042932 0.045053
v -0.023915 0.042944 0.044875
v -0.024170 0.042932 0.044672
v -0.024371 0.042932 0.044354
v -0.024465 0.042931 0.044080
v -0.024473 0.042932 0.043716
v -0.024423 0.042932 0.043476
v -0.024188 0.042932 0.043054
v -0.024292 0.042932 0.043198
v -0.024018 0.042931 0.042889
v -0.023702 0.042932 0.042705
v -0.023861 0.042932 0.042783
v -0.023526 0.042932 0.042652
v -0.023407 0.042932 0.042631
v -0.023287 0.042932 0.042621
v -0.024342 0.043553 0.043242
v -0.023708 0.043404 0.042680
v -0.024478 0.043629 0.043644
v -0.024467 0.043752 0.043465
v -0.024412 0.043697 0.043366
v -0.024350 0.043778 0.043199
v -0.024202 0.043759 0.043001
v -0.023998 0.043711 0.042829
v -0.023813 0.043631 0.042737
v -0.023469 0.043665 0.042611
v -0.023234 0.043719 0.042579
v -0.024253 0.043854 0.042988
v -0.024041 0.043917 0.042739
v -0.023738 0.043864 0.042614
v -0.022549 0.043772 0.042781
v -0.023004 0.043779 0.042589
v -0.022691 0.043817 0.042683
v -0.022186 0.043707 0.043171
v -0.022085 0.043628 0.043393
v -0.022293 0.043734 0.043012
v -0.021979 0.043718 0.043861
v -0.023155 0.043932 0.042476
v -0.022537 0.044041 0.042567
v -0.022058 0.044039 0.043001
v -0.022337 0.043861 0.042899
v -0.022080 0.043903 0.043171
v -0.021955 0.043904 0.043470
v -0.022785 0.045103 0.046345
v -0.022306 0.045037 0.046117
v -0.020865 0.045082 0.044632
v -0.021766 0.045007 0.045733
v -0.021341 0.045078 0.045474
v -0.024976 0.045620 0.045459
v -0.024565 0.045623 0.045739
v -0.024500 0.045663 0.044527
v -0.025547 0.045623 0.043918
v -0.025518 0.045623 0.044235
v -0.024301 0.045623 0.043998
v -0.024325 0.045623 0.043464
v -0.023445 0.045693 0.045288
v -0.024287 0.045623 0.044606
v -0.023532 0.045623 0.045145
v -0.023200 0.045658 0.045244
v -0.023806 0.045623 0.044677
v -0.024067 0.045623 0.044587
v -0.023655 0.045623 0.044838
v -0.024441 0.045623 0.043290
v -0.024420 0.045623 0.043335
v -0.024390 0.045623 0.043376
v -0.024259 0.045623 0.043626
v -0.023453 0.045623 0.042726
v -0.023593 0.045623 0.042896
v -0.023794 0.045623 0.042988
v -0.023355 0.045623 0.042524
v -0.023166 0.045662 0.042433
v -0.024250 0.045623 0.043781
v -0.022957 0.045623 0.046129
v -0.022411 0.045623 0.045993
v -0.022597 0.045623 0.044686
v -0.022966 0.045623 0.044846
v -0.022266 0.045623 0.044049
v -0.022231 0.045645 0.044751
v -0.021302 0.045623 0.045069
v -0.022110 0.045623 0.044324
v -0.022080 0.045623 0.044365
v -0.022059 0.045623 0.044410
v -0.020984 0.045623 0.044231
v -0.022048 0.045623 0.044459
v -0.021068 0.045623 0.044579
v -0.022701 0.045623 0.043034
v -0.022167 0.045623 0.043657
v -0.022162 0.045623 0.043098
v -0.022985 0.045623 0.042516
v -0.022895 0.045623 0.042765
v -0.021964 0.045623 0.043383
v -0.022007 0.045623 0.043201
v -0.020739 0.045205 0.044363
v -0.020941 0.045270 0.044995
v -0.021139 0.045150 0.045275
v -0.022555 0.045218 0.046329
v -0.022925 0.045185 0.046377
v -0.022199 0.045141 0.046166
v -0.025797 0.045185 0.043926
v -0.023777 0.045311 0.046366
v -0.024643 0.045257 0.046021
v -0.024682 0.045137 0.045953
v -0.025058 0.045132 0.045654
v -0.025409 0.045374 0.045232
v -0.025401 0.045145 0.045214
v -0.025740 0.045193 0.044477
v -0.023612 0.044159 0.042952
v -0.023374 0.044365 0.042556
v -0.024229 0.044180 0.043683
v -0.024390 0.044328 0.043376
v -0.024440 0.044373 0.043292
v -0.024419 0.044352 0.043337
v -0.024334 0.044251 0.044041
v -0.023857 0.044162 0.044607
v -0.023524 0.044391 0.045169
v -0.024482 0.044421 0.044506
v -0.024441 0.044412 0.044549
v -0.024335 0.044377 0.044604
v -0.025787 0.045443 0.044021
v -0.025702 0.045568 0.044192
v -0.025599 0.045540 0.044724
v -0.025583 0.045604 0.044387
v -0.025375 0.045471 0.045224
v -0.025026 0.045561 0.045588
v -0.024739 0.045521 0.045869
v -0.024253 0.045568 0.046119
v -0.024523 0.045517 0.046014
v -0.023073 0.045468 0.046395
v -0.025473 0.045592 0.044830
v -0.025256 0.045585 0.045237
v -0.023876 0.045604 0.046160
v -0.023650 0.045550 0.046316
v -0.022309 0.045464 0.046217
v -0.022987 0.045590 0.046268
v -0.023414 0.045604 0.046238
v -0.022030 0.045559 0.046022
v -0.022626 0.045613 0.046145
v -0.021479 0.045554 0.045598
v -0.021231 0.045521 0.045339
v -0.020878 0.045523 0.044656
v -0.021019 0.045517 0.045010
v -0.021677 0.045604 0.045654
v -0.021715 0.045617 0.045660
v -0.021127 0.045611 0.044940
v -0.020812 0.045604 0.043812
v -0.020922 0.045102 0.044857
v -0.021625 0.045240 0.045850
v -0.021782 0.045151 0.045937
v -0.023517 0.045102 0.046376
v -0.021412 0.045108 0.045596
v -0.024148 0.045127 0.046230
v -0.024990 0.045128 0.045696
v -0.025559 0.045126 0.044909
v -0.025748 0.045134 0.044332
v 0.025424 0.045182 0.028523
v 0.025046 0.045128 0.028963
v 0.024028 0.045135 0.029576
v 0.023134 0.045137 0.029696
v 0.022594 0.045127 0.029610
v 0.021747 0.045170 0.029284
v 0.025261 0.045088 0.028668
v 0.024504 0.045125 0.029365
v 0.024301 0.045079 0.029423
v 0.023774 0.044894 0.029429
v 0.025548 0.045125 0.028240
v 0.023497 0.045120 0.029677
v 0.021724 0.045139 0.029208
v 0.022267 0.045030 0.029388
v 0.020908 0.045131 0.028161
v 0.020719 0.045184 0.027504
v 0.020724 0.045130 0.026828
v 0.020784 0.045185 0.026510
v 0.020894 0.045122 0.026197
v 0.021341 0.045107 0.028818
v 0.021091 0.045079 0.028419
v 0.020885 0.045079 0.027973
v 0.020816 0.045079 0.027738
v 0.020945 0.044976 0.026637
v 0.020726 0.045113 0.027379
v 0.020826 0.045079 0.026521
v 0.020797 0.045456 0.026481
v 0.021004 0.045518 0.026021
v 0.020733 0.045373 0.026755
v 0.020716 0.045449 0.027010
v 0.020726 0.045450 0.027480
v 0.020849 0.045436 0.028015
v 0.020750 0.045564 0.027262
v 0.020922 0.045611 0.027676
v 0.021092 0.045491 0.028469
v 0.021331 0.045457 0.028818
v 0.022537 0.045443 0.029605
v 0.021316 0.045550 0.028699
v 0.021564 0.045587 0.028909
v 0.022139 0.045454 0.029438
v 0.021807 0.045523 0.029235
v 0.021026 0.045623 0.026573
v 0.020965 0.045623 0.026885
v 0.021093 0.045623 0.026357
v 0.020963 0.045623 0.027440
v 0.021070 0.045617 0.028064
v 0.021020 0.045580 0.028230
v 0.022616 0.045587 0.029568
v 0.021742 0.045604 0.029036
v 0.021510 0.045623 0.028662
v 0.022221 0.045623 0.029213
v 0.022997 0.045502 0.029675
v 0.023728 0.045475 0.029647
v 0.024392 0.045313 0.029464
v 0.023973 0.045518 0.029570
v 0.023885 0.045614 0.029438
v 0.024674 0.045523 0.029216
v 0.025542 0.045435 0.028265
v 0.025244 0.045496 0.028714
v 0.024978 0.045546 0.028970
v 0.025550 0.045571 0.028064
v 0.023230 0.045623 0.029464
v 0.024463 0.045604 0.029214
v 0.024150 0.045617 0.029335
v 0.024813 0.045614 0.028944
v 0.024939 0.045623 0.028708
v 0.025140 0.045623 0.028461
v 0.025319 0.045623 0.028150
v 0.025407 0.045623 0.027943
v 0.024637 0.044421 0.026982
v 0.024596 0.045623 0.027085
v 0.024627 0.045623 0.027011
v 0.024595 0.044392 0.027087
v 0.024566 0.045623 0.027125
v 0.024564 0.044373 0.027126
v 0.024527 0.044352 0.027159
v 0.024484 0.045623 0.027182
v 0.024528 0.045623 0.027158
v 0.024484 0.044328 0.027182
v 0.024189 0.044432 0.028212
v 0.024202 0.045623 0.028181
v 0.024059 0.045623 0.028273
v 0.023923 0.044371 0.028278
v 0.023913 0.045623 0.028261
v 0.021864 0.044418 0.027291
v 0.021936 0.044373 0.027174
v 0.021973 0.044352 0.027141
v 0.022016 0.045623 0.027118
v 0.021972 0.045623 0.027142
v 0.022016 0.044328 0.027118
v 0.022334 0.044430 0.026071
v 0.022336 0.045623 0.026076
v 0.022505 0.044397 0.026017
v 0.022679 0.044317 0.026076
v 0.023250 0.043615 0.027150
v 0.022357 0.044180 0.026715
v 0.022288 0.044328 0.026375
v 0.022264 0.044373 0.026281
v 0.022272 0.044352 0.026330
v 0.023693 0.044424 0.025820
v 0.023228 0.044203 0.026115
v 0.022266 0.044392 0.026231
v 0.022156 0.044251 0.027030
v 0.022290 0.044235 0.027636
v 0.022572 0.044201 0.027913
v 0.022679 0.044442 0.028474
v 0.021997 0.044377 0.027570
v 0.021896 0.044417 0.027467
v 0.022819 0.044034 0.028547
v 0.022997 0.044976 0.029509
v 0.023113 0.043878 0.028479
v 0.023573 0.043958 0.028505
v 0.024097 0.043955 0.028252
v 0.024569 0.044036 0.027788
v 0.024323 0.043965 0.028047
v 0.025480 0.044809 0.027320
v 0.025752 0.045079 0.027049
v 0.024413 0.043952 0.026392
v 0.024759 0.045079 0.025152
v 0.024057 0.044030 0.025928
v 0.025125 0.045074 0.025522
v 0.024048 0.044282 0.025605
v 0.025452 0.045053 0.026067
v 0.025684 0.045079 0.026562
v 0.022140 0.043777 0.026539
v 0.024452 0.043591 0.027454
v 0.024381 0.043478 0.027637
v 0.022252 0.043573 0.026417
v 0.022326 0.043670 0.026308
v 0.022108 0.043957 0.026355
v 0.022513 0.043647 0.026149
v 0.022678 0.043725 0.026032
v 0.023510 0.043679 0.025920
v 0.023098 0.043736 0.025897
v 0.022539 0.043896 0.026007
v 0.022723 0.043647 0.026024
v 0.022280 0.043952 0.026157
v 0.021912 0.043940 0.026806
v 0.022508 0.044039 0.025888
v 0.024451 0.043856 0.027713
v 0.022946 0.043764 0.025927
v 0.023195 0.043906 0.025799
v 0.023537 0.043942 0.025799
v 0.024515 0.043779 0.027412
v 0.023609 0.043582 0.025967
v 0.023761 0.043662 0.026015
v 0.024043 0.042957 0.026231
v 0.024169 0.043770 0.026260
v 0.023844 0.043917 0.025922
v 0.023961 0.043734 0.026110
v 0.024269 0.043917 0.026243
v 0.024259 0.043678 0.026411
v 0.024048 0.043852 0.026098
v 0.024375 0.043081 0.026805
v 0.024365 0.043662 0.026590
v 0.024489 0.043588 0.027103
v 0.024488 0.043917 0.026577
v 0.024538 0.043917 0.026701
v 0.024535 0.043852 0.026843
v 0.024573 0.043865 0.027024
v 0.024571 0.043852 0.027224
v 0.025439 0.044996 0.028114
v 0.022434 0.043484 0.028113
v 0.022560 0.042850 0.028349
v 0.022061 0.042959 0.027413
v 0.022022 0.043472 0.027001
v 0.022110 0.042932 0.027615
v 0.022664 0.042933 0.028238
v 0.022558 0.042969 0.026142
v 0.023127 0.042931 0.025920
v 0.023267 0.042798 0.025755
v 0.022224 0.042932 0.026459
v 0.021748 0.042661 0.027057
v 0.021567 0.041772 0.028171
v 0.022033 0.042842 0.026526
v 0.022433 0.042663 0.025881
v 0.022007 0.042661 0.026295
v 0.022983 0.042660 0.025665
v 0.023917 0.042660 0.025801
v 0.022521 0.039392 0.028469
v 0.022186 0.039394 0.028210
v 0.021621 0.041581 0.028261
v 0.021777 0.039394 0.027440
v 0.021752 0.039391 0.026929
v 0.021889 0.039394 0.027780
v 0.021956 0.039332 0.026428
v 0.022418 0.039394 0.025900
v 0.022965 0.039393 0.025675
v 0.023250 0.039331 0.025667
v 0.023694 0.039393 0.025715
v 0.022680 0.039393 0.025761
v 0.023094 0.039393 0.028644
v 0.023678 0.039393 0.028590
v 0.023261 0.039196 0.028549
v 0.022896 0.039123 0.028345
v 0.022873 0.039394 0.028602
v 0.024405 0.039393 0.028109
v 0.024196 0.039393 0.028316
v 0.024530 0.039394 0.027932
v 0.023766 0.039123 0.028266
v 0.023950 0.039393 0.028478
v 0.024184 0.039123 0.027985
v 0.024404 0.039123 0.027574
v 0.024469 0.039123 0.027342
v 0.024736 0.039394 0.026943
v 0.024452 0.039123 0.026841
v 0.024753 0.039393 0.027231
v 0.024267 0.039394 0.026047
v 0.024029 0.039393 0.025863
v 0.023607 0.039123 0.025972
v 0.024085 0.039123 0.026216
v 0.024578 0.039393 0.026450
v 0.024416 0.039393 0.026204
v 0.024667 0.039395 0.027656
v 0.024690 0.039393 0.026722
v 0.023122 0.039123 0.025920
v 0.022105 0.039314 0.026218
v 0.022661 0.039123 0.026063
v 0.022039 0.039123 0.027398
v 0.022025 0.039123 0.027029
v 0.022147 0.039123 0.026566
v 0.022051 0.039184 0.027791
v 0.022469 0.039123 0.028101
v 0.024335 0.042663 0.026102
v 0.024713 0.042659 0.026737
v 0.024712 0.042663 0.027544
v 0.024384 0.042714 0.028060
v 0.023806 0.042664 0.028565
v 0.022918 0.042662 0.028634
v 0.023836 0.042932 0.026068
v 0.024176 0.042944 0.026352
v 0.024363 0.042932 0.026619
v 0.024468 0.042932 0.026980
v 0.024481 0.042931 0.027269
v 0.024387 0.042932 0.027621
v 0.024271 0.042932 0.027837
v 0.023928 0.042932 0.028177
v 0.024068 0.042932 0.028068
v 0.023719 0.042931 0.028288
v 0.023364 0.042932 0.028376
v 0.023538 0.042932 0.028345
v 0.023179 0.042932 0.028377
v 0.023059 0.042932 0.028364
v 0.022941 0.042932 0.028340
v 0.024128 0.043553 0.028039
v 0.023362 0.043404 0.028402
v 0.024371 0.043629 0.027692
v 0.024310 0.043752 0.027860
v 0.024230 0.043697 0.027940
v 0.024124 0.043778 0.028083
v 0.023926 0.043759 0.028232
v 0.023682 0.043711 0.028339
v 0.023479 0.043631 0.028376
v 0.023113 0.043665 0.028401
v 0.022879 0.043719 0.028365
v 0.023972 0.043854 0.028259
v 0.023699 0.043917 0.028438
v 0.023373 0.043864 0.028473
v 0.022278 0.043772 0.027980
v 0.022661 0.043779 0.028292
v 0.022386 0.043817 0.028114
v 0.022039 0.043707 0.027504
v 0.022003 0.043628 0.027263
v 0.022096 0.043734 0.027687
v 0.022032 0.043718 0.026784
v 0.022774 0.043932 0.028443
v 0.022207 0.044041 0.028182
v 0.021868 0.044039 0.027631
v 0.022107 0.043861 0.027807
v 0.021936 0.043903 0.027474
v 0.021900 0.043904 0.027152
v 0.023502 0.045103 0.024624
v 0.022978 0.045037 0.024709
v 0.021180 0.045082 0.025732
v 0.022352 0.045007 0.024927
v 0.021872 0.045078 0.025056
v 0.025357 0.045620 0.026089
v 0.025042 0.045623 0.025705
v 0.024640 0.045663 0.026850
v 0.025474 0.045623 0.027727
v 0.025535 0.045623 0.027415
v 0.024300 0.045623 0.027302
v 0.024174 0.045623 0.027821
v 0.023839 0.045693 0.025824
v 0.024457 0.045623 0.026715
v 0.023884 0.045623 0.025986
v 0.023592 0.045658 0.025798
v 0.024015 0.045623 0.026512
v 0.024241 0.045623 0.026672
v 0.023916 0.045623 0.026315
v 0.024236 0.045623 0.028021
v 0.024229 0.045623 0.027972
v 0.024212 0.045623 0.027925
v 0.024156 0.045623 0.027647
v 0.023131 0.045623 0.028286
v 0.023313 0.045623 0.028162
v 0.023531 0.045623 0.028130
v 0.022980 0.045623 0.028452
v 0.022772 0.045662 0.028487
v 0.024191 0.045623 0.027496
v 0.023607 0.045623 0.024880
v 0.023044 0.045623 0.024858
v 0.022857 0.045623 0.026165
v 0.023257 0.045623 0.026114
v 0.022361 0.045623 0.026683
v 0.022524 0.045645 0.026000
v 0.021721 0.045623 0.025434
v 0.022288 0.045623 0.026375
v 0.022271 0.045623 0.026328
v 0.022264 0.045623 0.026279
v 0.021181 0.045623 0.026150
v 0.022266 0.045623 0.026229
v 0.021360 0.045623 0.025839
v 0.022495 0.045623 0.027780
v 0.022156 0.045623 0.027032
v 0.021995 0.045623 0.027567
v 0.022622 0.045623 0.028356
v 0.022605 0.045623 0.028093
v 0.021885 0.045623 0.027238
v 0.021875 0.045623 0.027425
v 0.020983 0.045205 0.025955
v 0.021354 0.045270 0.025405
v 0.021622 0.045150 0.025191
v 0.023277 0.045218 0.024575
v 0.023645 0.045185 0.024633
v 0.022889 0.045141 0.024633
v 0.025716 0.045185 0.027790
v 0.024461 0.045311 0.024882
v 0.025195 0.045257 0.025456
v 0.025214 0.045137 0.025532
v 0.025491 0.045132 0.025924
v 0.025709 0.045374 0.026428
v 0.025697 0.045145 0.026443
v 0.025816 0.045193 0.027245
v 0.023346 0.044159 0.028113
v 0.023006 0.044365 0.028427
v 0.024143 0.044180 0.027585
v 0.024212 0.044328 0.027925
v 0.024236 0.044373 0.028019
v 0.024228 0.044352 0.027970
v 0.024344 0.044251 0.027270
v 0.024045 0.044162 0.026593
v 0.023882 0.044391 0.025960
v 0.024617 0.044421 0.026865
v 0.024589 0.044412 0.026812
v 0.024503 0.044377 0.026730
v 0.025733 0.045443 0.027696
v 0.025699 0.045568 0.027508
v 0.025750 0.045540 0.026969
v 0.025640 0.045604 0.027288
v 0.025674 0.045471 0.026426
v 0.025442 0.045561 0.025979
v 0.025245 0.045521 0.025629
v 0.024848 0.045568 0.025252
v 0.025078 0.045517 0.025429
v 0.023793 0.045468 0.024657
v 0.025659 0.045592 0.026831
v 0.025564 0.045585 0.026380
v 0.024498 0.045604 0.025108
v 0.024325 0.045550 0.024895
v 0.023009 0.045464 0.024614
v 0.023674 0.045590 0.024755
v 0.024076 0.045604 0.024903
v 0.022686 0.045559 0.024724
v 0.023294 0.045613 0.024772
v 0.022039 0.045554 0.024976
v 0.021729 0.045521 0.025155
v 0.021199 0.045523 0.025713
v 0.021433 0.045517 0.025412
v 0.022245 0.045604 0.024977
v 0.022283 0.045617 0.024983
v 0.021517 0.045611 0.025509
v 0.020899 0.045604 0.026504
v 0.021297 0.045102 0.025532
v 0.022250 0.045240 0.024775
v 0.022425 0.045151 0.024736
v 0.024214 0.045102 0.024800
v 0.021975 0.045108 0.024959
v 0.024779 0.045127 0.025116
v 0.025437 0.045128 0.025865
v 0.025763 0.045126 0.026780
v 0.025783 0.045134 0.027387
v -0.035943 0.005443 0.052132
v -0.035868 0.005313 0.052700
v -0.036001 0.005544 0.051861
v -0.035862 0.005304 0.053581
v -0.035670 0.005970 0.053413
v -0.035898 0.005366 0.052412
v -0.035715 0.006049 0.052327
v -0.036072 0.005667 0.051603
v -0.036053 0.005633 0.054688
v -0.035985 0.005516 0.054426
v -0.036225 0.005931 0.055164
v -0.036133 0.005772 0.054934
v -0.036327 0.006109 0.055375
v -0.036440 0.006304 0.055565
v -0.035889 0.005350 0.053870
v -0.035852 0.006288 0.054608
v -0.035930 0.005421 0.054153
v -0.036155 0.005811 0.051360
v -0.035852 0.005285 0.052993
v -0.035850 0.005282 0.053287
v -0.036690 0.006738 0.055873
v -0.036669 0.007703 0.055692
v -0.036826 0.006972 0.055989
v -0.036966 0.007215 0.056078
v -0.037256 0.007718 0.056172
v -0.037550 0.008227 0.056150
v -0.037403 0.007973 0.056176
v -0.037110 0.007465 0.056139
v -0.037973 0.008959 0.055906
v -0.038342 0.009599 0.055426
v -0.037793 0.009647 0.054976
v -0.038104 0.009186 0.055770
v -0.037836 0.008723 0.056015
v -0.037398 0.008964 0.055500
v -0.038227 0.009400 0.055610
v -0.038447 0.009781 0.055220
v -0.037695 0.008478 0.056097
v -0.038542 0.009945 0.054995
v -0.036561 0.006515 0.055731
v -0.045640 0.001049 0.051831
v -0.045417 0.003212 0.053172
v -0.047409 0.004112 0.054525
v -0.045423 0.003223 0.053184
v -0.047623 0.004342 0.054260
v -0.045424 0.003225 0.053180
v -0.048129 0.004707 0.054051
v -0.045424 0.003226 0.053177
v -0.049329 0.005476 0.053395
v -0.047612 0.004421 0.052462
v -0.045424 0.003225 0.053173
v -0.047532 0.004248 0.051965
v -0.047856 0.004616 0.052805
v -0.047783 0.004224 0.051452
v -0.045423 0.003223 0.053171
v -0.048047 0.004287 0.051146
v -0.049116 0.005282 0.054166
v -0.049216 0.005415 0.053206
v -0.049387 0.005496 0.053685
v -0.048435 0.004961 0.053015
v -0.048998 0.005288 0.053049
v -0.048647 0.004446 0.050496
v -0.045421 0.003220 0.053169
v -0.047313 0.003413 0.050741
v -0.046601 0.002668 0.050925
v -0.046487 0.002007 0.050563
v -0.045419 0.003217 0.053169
v -0.046881 0.003122 0.050978
v -0.048196 0.003732 0.049931
v -0.046797 0.001227 0.049523
v -0.045788 0.001163 0.051467
v -0.045418 0.003214 0.053170
v -0.046750 0.001012 0.049467
v -0.045985 0.001119 0.050985
v -0.047938 0.003609 0.050123
v -0.046764 0.001567 0.049807
v -0.048540 0.004031 0.049893
v -0.046799 0.001407 0.049640
v -0.046258 0.000497 0.050114
v -0.046607 0.000675 0.049521
v -0.049201 0.000607 0.050665
v -0.049061 0.000364 0.050223
v -0.050002 0.001994 0.050677
v -0.049342 0.000789 0.050833
v -0.049667 0.001413 0.050974
v -0.045486 -0.000097 0.052270
v -0.048289 -0.000972 0.052223
v -0.045509 0.000463 0.052225
v -0.045548 0.000748 0.052095
v -0.048404 -0.000773 0.054838
v -0.048603 -0.000429 0.056226
v -0.046372 0.000774 0.056330
v -0.048090 -0.001317 0.055602
v -0.045897 -0.000055 0.055612
v -0.048067 -0.001357 0.056017
v -0.048229 -0.001078 0.056421
v -0.046099 -0.000164 0.056172
v -0.048430 -0.000728 0.056451
v -0.046315 0.000257 0.056473
v -0.048537 -0.000542 0.056356
v -0.047066 0.002908 0.055871
v -0.049652 0.001388 0.055890
v -0.049540 0.001195 0.055654
v -0.046601 0.002599 0.055493
v -0.048733 -0.000204 0.055787
v -0.046487 0.002471 0.055431
v -0.048654 0.000721 0.055705
v -0.049234 0.000664 0.055393
v -0.046202 0.001715 0.055489
v -0.046197 0.001481 0.055614
v -0.048952 0.000175 0.055458
v -0.046223 0.001242 0.055793
v -0.049149 0.000518 0.055388
v -0.050815 0.003403 0.054086
v -0.051010 0.003741 0.054198
v -0.050621 0.003066 0.054098
v -0.050491 0.002841 0.051173
v -0.050683 0.003174 0.050754
v -0.050709 0.003219 0.050400
v -0.050189 0.002318 0.050080
v -0.050517 0.002883 0.049918
v -0.050315 0.002537 0.049914
v -0.046876 -0.002511 0.051147
v -0.047136 -0.002202 0.050579
v -0.043094 -0.001393 0.053571
v -0.046659 -0.002874 0.052864
v -0.046939 -0.002641 0.051573
v -0.046808 -0.002880 0.052444
v -0.046830 -0.002849 0.054016
v -0.047206 -0.002568 0.051305
v -0.047050 -0.002566 0.051340
v -0.047349 -0.002293 0.050816
v -0.047190 -0.002696 0.052060
v -0.047100 -0.002830 0.052674
v -0.046790 -0.002671 0.054720
v -0.047395 -0.001616 0.056570
v -0.048023 -0.000955 0.057131
v -0.047447 -0.001765 0.056392
v -0.047111 -0.002214 0.055753
v -0.047018 -0.002846 0.053765
v -0.047523 -0.001893 0.056202
v -0.047083 -0.002690 0.054595
v -0.047204 -0.002413 0.055370
v -0.047889 -0.000860 0.057228
v -0.047432 -0.002338 0.051055
v -0.047565 -0.002219 0.051133
v -0.047257 -0.002680 0.052272
v -0.047165 -0.002790 0.053544
v -0.047719 -0.001960 0.050845
v -0.047336 -0.002613 0.053899
v -0.047318 -0.002650 0.053315
v -0.047359 -0.002404 0.055186
v -0.047305 -0.002576 0.054653
v -0.047481 -0.002368 0.054837
v -0.047892 -0.001481 0.056525
v -0.047808 -0.001703 0.056267
v -0.047746 -0.001902 0.055745
v -0.047973 -0.001516 0.056197
v -0.048345 -0.000857 0.056833
v -0.048440 0.000354 0.057765
v -0.048784 0.000477 0.057723
v -0.048680 0.000554 0.057812
v -0.049424 0.001545 0.057732
v -0.048886 0.000362 0.057620
v -0.048277 -0.000776 0.057109
v -0.049550 0.001527 0.057608
v -0.048749 0.000005 0.057415
v -0.050476 0.003648 0.056871
v -0.049662 0.002246 0.057662
v -0.050584 0.004070 0.056488
v -0.050771 0.004046 0.056330
v -0.050195 0.002748 0.057278
v -0.051072 0.004299 0.055755
v -0.050375 0.002956 0.057041
v -0.048499 -0.000529 0.057110
v -0.049348 0.000948 0.057533
v -0.049404 0.000984 0.057400
v -0.050033 0.002145 0.057267
v -0.048695 -0.000267 0.057079
v -0.049436 0.001014 0.057254
v -0.050075 0.002320 0.057323
v -0.050627 0.003113 0.056597
v -0.050654 0.003441 0.056693
v -0.051172 0.004293 0.055575
v -0.050091 0.002145 0.056890
v -0.050222 0.002386 0.056991
v -0.050932 0.003646 0.056032
v -0.050710 0.003224 0.056360
v -0.047476 0.006420 0.056435
v -0.046834 0.005308 0.057498
v -0.046484 0.004702 0.057842
v -0.047085 0.005589 0.057237
v -0.045789 0.003471 0.058293
v -0.044799 0.001782 0.057936
v -0.044479 0.001228 0.057670
v -0.046153 0.004128 0.058043
v -0.044264 0.000856 0.057434
v -0.043965 0.000337 0.057005
v -0.043703 -0.000116 0.056489
v -0.043416 -0.000613 0.055694
v -0.043549 -0.000382 0.056106
v -0.043260 -0.000883 0.055075
v -0.043099 -0.001163 0.053849
v -0.043143 -0.001085 0.054332
v -0.043081 -0.001194 0.052870
v -0.043476 -0.000921 0.052291
v -0.043357 -0.000716 0.050813
v -0.046957 0.005539 0.054976
v -0.047027 0.005765 0.054174
v -0.047170 0.005937 0.053333
v -0.046970 0.005795 0.053918
v -0.044283 0.000955 0.051157
v -0.047086 0.005824 0.052448
v -0.047032 0.005885 0.053064
v -0.046972 0.005580 0.051492
v -0.047125 0.005837 0.052131
v -0.046878 0.005878 0.053242
v -0.046892 0.005641 0.051880
v -0.046740 0.005227 0.051025
v -0.046674 0.005053 0.050729
v -0.046746 0.005415 0.054901
v -0.046506 0.005540 0.054752
v -0.046577 0.005663 0.054494
v -0.046680 0.005840 0.053943
v -0.046710 0.005893 0.053655
v -0.046635 0.005763 0.054224
v -0.046727 0.005921 0.053362
v -0.046423 0.005395 0.054995
v -0.046729 0.005925 0.053068
v -0.044131 0.001425 0.051135
v -0.044036 0.001261 0.051360
v -0.046776 0.005619 0.051791
v -0.046716 0.005903 0.052775
v -0.046689 0.005856 0.052485
v -0.046648 0.005785 0.052203
v -0.046593 0.005691 0.051929
v -0.046526 0.005573 0.051668
v -0.046445 0.005434 0.051421
v -0.046353 0.005275 0.051191
v -0.046494 0.004760 0.050542
v -0.046115 0.004081 0.050054
v -0.046222 0.004295 0.050207
v -0.045826 0.003950 0.050215
v -0.046343 0.004853 0.050764
v -0.045535 0.003101 0.049905
v -0.045348 0.002733 0.049808
v -0.044375 0.001115 0.050977
v -0.044926 0.002028 0.050127
v -0.044650 0.001635 0.050516
v -0.045396 0.003039 0.050068
v -0.044600 0.001811 0.050574
v -0.046251 0.005097 0.050980
v -0.046017 0.004692 0.050624
v -0.045888 0.004468 0.050482
v -0.046138 0.004902 0.050791
v -0.045468 0.003742 0.050216
v -0.045322 0.003488 0.050183
v -0.045612 0.003991 0.050277
v -0.045753 0.004234 0.050366
v -0.045175 0.003233 0.050180
v -0.045028 0.002979 0.050205
v -0.045061 0.002592 0.050196
v -0.044883 0.002729 0.050259
v -0.044742 0.002484 0.050341
v -0.044605 0.002247 0.050450
v -0.044475 0.002021 0.050585
v -0.044351 0.001807 0.050746
v -0.044236 0.001608 0.050930
v -0.043882 0.000994 0.051861
v -0.043953 0.001117 0.051603
v -0.043779 0.000816 0.052412
v -0.043732 0.000735 0.052993
v -0.043749 0.000763 0.052700
v -0.043824 0.000893 0.052132
v -0.043743 0.000754 0.053581
v -0.043811 0.000871 0.054153
v -0.043770 0.000800 0.053870
v -0.043933 0.001083 0.054688
v -0.044106 0.001381 0.055164
v -0.044014 0.001222 0.054934
v -0.043866 0.000966 0.054426
v -0.043731 0.000732 0.053287
v -0.044208 0.001559 0.055375
v -0.044321 0.001754 0.055565
v -0.044442 0.001965 0.055731
v -0.044706 0.002422 0.055989
v -0.044571 0.002188 0.055873
v -0.044991 0.002915 0.056139
v -0.045284 0.003423 0.056176
v -0.045137 0.003168 0.056172
v -0.044847 0.002665 0.056078
v -0.045576 0.003928 0.056097
v -0.045854 0.004409 0.055906
v -0.045717 0.004173 0.056015
v -0.046108 0.004850 0.055610
v -0.046223 0.005049 0.055426
v -0.045984 0.004636 0.055770
v -0.045431 0.003677 0.056150
v -0.046390 0.005110 0.055323
v -0.038625 0.010090 0.054752
v -0.038697 0.010213 0.054494
v -0.038755 0.010313 0.054224
v -0.038799 0.010390 0.053943
v -0.038830 0.010443 0.053655
v -0.038846 0.010471 0.053362
v -0.038848 0.010475 0.053068
v -0.038835 0.010453 0.052775
v -0.038808 0.010406 0.052485
v -0.038767 0.010335 0.052203
v -0.038713 0.010241 0.051929
v -0.038645 0.010123 0.051668
v -0.038565 0.009984 0.051421
v -0.038473 0.009825 0.051191
v -0.038370 0.009647 0.050980
v -0.038257 0.009452 0.050791
v -0.038136 0.009242 0.050624
v -0.038007 0.009018 0.050482
v -0.037872 0.008784 0.050366
v -0.037517 0.008625 0.050409
v -0.037587 0.008292 0.050216
v -0.037441 0.008038 0.050183
v -0.037294 0.007783 0.050180
v -0.037147 0.007529 0.050205
v -0.037002 0.007279 0.050259
v -0.036861 0.007034 0.050341
v -0.036724 0.006797 0.050450
v -0.036594 0.006571 0.050585
v -0.036470 0.006357 0.050746
v -0.036355 0.006158 0.050930
v -0.036250 0.005975 0.051135
v -0.051355 0.004332 0.053427
v -0.051323 0.004279 0.053953
v -0.051376 0.004374 0.052285
v -0.051200 0.004069 0.053053
v -0.050935 0.003610 0.053018
v -0.051264 0.004179 0.054788
v -0.051121 0.003932 0.054197
v -0.051116 0.003924 0.050997
v -0.050513 0.002880 0.052646
v -0.050764 0.003314 0.052968
v -0.050406 0.002694 0.051460
v -0.050372 0.002635 0.051895
v -0.050399 0.002682 0.052215
v -0.050339 0.002579 0.056251
v -0.050225 0.002380 0.055762
v -0.050263 0.002446 0.056704
v -0.050328 0.002559 0.056446
v -0.050163 0.002273 0.055024
v -0.050166 0.002279 0.055416
v -0.050189 0.002318 0.055598
v -0.050312 0.002531 0.056044
v -0.050003 0.001986 0.056892
v -0.049752 0.001562 0.056451
v -0.049836 0.001706 0.056747
v -0.050330 0.002563 0.054372
v -0.050219 0.002370 0.049443
v -0.049534 0.001191 0.049028
v -0.048719 -0.000223 0.049263
v -0.048964 0.000197 0.049650
v -0.048546 -0.000521 0.049388
v -0.048646 -0.000354 0.049449
v -0.048550 -0.000562 0.050501
v -0.048447 -0.000726 0.050200
v -0.048620 -0.000400 0.051340
v -0.048448 -0.000709 0.049885
v -0.048254 -0.001067 0.053621
v -0.047875 -0.001689 0.053336
v -0.047703 -0.002005 0.052138
v -0.047498 -0.002343 0.052316
v -0.047592 -0.002180 0.053328
v -0.047406 -0.002544 0.052757
v -0.047421 -0.002476 0.052932
v -0.044142 0.000664 0.051494
v -0.044133 0.001041 0.051443
v -0.043933 0.000527 0.052833
v -0.043996 0.000626 0.052245
v -0.043944 0.000356 0.053471
v -0.044069 0.000577 0.054457
v -0.044145 0.000670 0.054881
v -0.044365 0.001057 0.055439
v -0.044456 0.001289 0.055536
v -0.043932 0.000555 0.053728
v -0.044119 0.000983 0.054833
v -0.044806 0.001853 0.056039
v -0.045053 0.002326 0.056177
v -0.045300 0.002711 0.056370
v -0.045547 0.003164 0.056361
v -0.044907 0.002098 0.056065
v -0.044535 0.001742 0.055713
v -0.046299 0.004403 0.056130
v -0.045691 0.003369 0.056421
v -0.046400 0.004633 0.055886
v -0.046661 0.005067 0.055525
v -0.046516 0.005104 0.055336
v -0.045305 0.003056 0.056230
v -0.045972 0.003951 0.056162
v -0.046202 0.004372 0.055974
v -0.044627 0.001485 0.048546
v -0.044194 0.000734 0.049005
v -0.045586 0.003145 0.048172
v -0.043813 0.000075 0.049625
v -0.046535 0.004789 0.048528
v -0.045974 0.003817 0.048241
v -0.047260 0.006046 0.049462
v -0.047727 0.006854 0.050600
v -0.047974 0.007281 0.051743
v -0.048071 0.007450 0.053486
v -0.048074 0.007455 0.052995
v -0.048244 0.007529 0.052637
v -0.047831 0.007034 0.055380
v -0.047299 -0.001596 0.049808
v -0.047874 -0.000623 0.048986
v -0.045268 0.002550 0.048090
v -0.049197 0.001674 0.048524
v -0.050103 0.003186 0.049103
v -0.050585 0.004096 0.049919
v -0.050992 0.004804 0.051017
v -0.048066 0.007363 0.054809
v -0.051067 0.004646 0.055428
v -0.047464 -0.001600 0.049764
v -0.051320 0.005089 0.054088
v -0.051413 0.004880 0.054241
v -0.051250 0.004518 0.055184
v -0.047514 -0.001835 0.050083
v -0.051498 0.004703 0.053727
v -0.051329 0.005112 0.052385
v -0.050796 0.004135 0.050107
v -0.051512 0.004838 0.052750
v -0.050823 0.003820 0.050005
v -0.051305 0.004575 0.051376
v -0.051158 0.004401 0.050830
v -0.050425 0.003196 0.049350
v -0.051392 0.004874 0.052049
v -0.051173 0.004102 0.055452
v -0.047703 -0.001806 0.050194
v -0.051498 0.004766 0.053018
v -0.051382 0.004425 0.054493
v -0.051207 0.004102 0.055193
v -0.051466 0.004577 0.053979
v -0.051477 0.004626 0.052566
v -0.051298 0.004321 0.051395
v -0.051435 0.004520 0.052137
v -0.051055 0.003913 0.050509
v -0.050666 0.003086 0.050063
v -0.051070 0.003865 0.050732
v -0.047835 -0.001390 0.049614
v -0.050002 0.002737 0.048947
v -0.049691 0.002158 0.048714
v -0.048805 0.000607 0.048587
v -0.049350 0.001380 0.048610
v -0.050141 0.002610 0.049037
v -0.049627 0.001616 0.048773
v -0.049390 0.001026 0.048859
v -0.050472 0.002937 0.049470
v -0.048231 -0.000217 0.048797
v -0.047933 -0.000911 0.049183
v -0.048456 -0.000235 0.048876
v -0.048989 0.000517 0.048730
v -0.050747 0.003325 0.049962
v -0.050315 0.002557 0.049433
v -0.050089 0.002210 0.049154
v -0.049010 0.000296 0.049063
v -0.048471 -0.000536 0.049168
v -0.048070 -0.001233 0.049620
v -0.048301 -0.000918 0.049542
v -0.047929 -0.001576 0.050165
v -0.047384 0.003927 0.054889
v -0.047579 0.003757 0.055493
v -0.047566 0.002883 0.056608
v -0.047833 0.003022 0.056832
v -0.047995 0.003170 0.056888
v -0.048330 0.003697 0.056679
v -0.045770 0.000567 0.055049
v -0.045730 0.000669 0.054904
v -0.045584 0.000874 0.054390
v -0.045474 0.000718 0.053893
v -0.045434 0.000479 0.053610
v -0.045418 -0.000146 0.053345
v -0.045485 -0.000935 0.052171
v -0.045435 -0.001355 0.052596
v -0.045416 -0.001168 0.053149
v -0.045419 -0.001296 0.052960
v -0.045417 -0.000852 0.053323
v -0.045416 -0.000990 0.053270
v -0.045416 0.003211 0.053175
v -0.045416 0.003211 0.053179
v -0.045416 0.003212 0.053182
v -0.045417 0.003214 0.053185
v -0.045419 0.003216 0.053186
v -0.045421 0.003219 0.053186
v -0.036273 0.007016 0.050973
v -0.036819 0.007962 0.050682
v -0.037373 0.008921 0.050794
v -0.038061 0.010114 0.052035
v -0.038117 0.010210 0.053981
v -0.038165 0.010292 0.053086
v 0.023281 0.045182 0.046422
v 0.022706 0.045128 0.046343
v 0.021639 0.045135 0.045823
v 0.021052 0.045137 0.045138
v 0.020830 0.045127 0.044639
v 0.020642 0.045170 0.043751
v 0.023071 0.045088 0.046363
v 0.022075 0.045125 0.046108
v 0.021915 0.045079 0.045969
v 0.021623 0.044894 0.045530
v 0.023586 0.045125 0.046371
v 0.021264 0.045120 0.045433
v 0.020693 0.045139 0.043690
v 0.020837 0.045030 0.044243
v 0.021127 0.045131 0.042435
v 0.021575 0.045184 0.041919
v 0.022146 0.045130 0.041556
v 0.022445 0.045185 0.041433
v 0.022767 0.045122 0.041355
v 0.020812 0.045107 0.043157
v 0.021011 0.045079 0.042730
v 0.021272 0.045079 0.042314
v 0.021432 0.045079 0.042128
v 0.022426 0.044976 0.041637
v 0.021684 0.045113 0.041858
v 0.022459 0.045079 0.041474
v 0.022476 0.045456 0.041428
v 0.022975 0.045518 0.041351
v 0.022212 0.045373 0.041523
v 0.021988 0.045449 0.041648
v 0.021599 0.045450 0.041912
v 0.021218 0.045436 0.042307
v 0.021795 0.045564 0.041814
v 0.021542 0.045611 0.042183
v 0.020969 0.045491 0.042758
v 0.020806 0.045457 0.043148
v 0.020802 0.045443 0.044588
v 0.020898 0.045550 0.043071
v 0.020857 0.045587 0.043393
v 0.020726 0.045454 0.044163
v 0.020715 0.045523 0.043774
v 0.022524 0.045623 0.041670
v 0.022229 0.045623 0.041789
v 0.022741 0.045623 0.041609
v 0.021762 0.045623 0.042090
v 0.021297 0.045617 0.042519
v 0.021130 0.045580 0.042567
v 0.020876 0.045587 0.044634
v 0.020847 0.045604 0.043611
v 0.021035 0.045623 0.043213
v 0.020960 0.045623 0.044110
v 0.020994 0.045502 0.045012
v 0.021415 0.045475 0.045610
v 0.021930 0.045313 0.046067
v 0.021614 0.045518 0.045774
v 0.021676 0.045614 0.045628
v 0.022292 0.045523 0.046170
v 0.023562 0.045435 0.046380
v 0.023023 0.045496 0.046374
v 0.022664 0.045546 0.046290
v 0.023735 0.045571 0.046277
v 0.021298 0.045623 0.045093
v 0.022179 0.045604 0.045991
v 0.021907 0.045617 0.045795
v 0.022596 0.045614 0.046138
v 0.022863 0.045623 0.046115
v 0.023179 0.045623 0.046149
v 0.023537 0.045623 0.046130
v 0.023759 0.045623 0.046091
v 0.024146 0.044421 0.044922
v 0.024037 0.045623 0.044944
v 0.024116 0.045623 0.044930
v 0.024035 0.044392 0.044944
v 0.023987 0.045623 0.044940
v 0.023985 0.044373 0.044939
v 0.023938 0.044352 0.044926
v 0.023895 0.045623 0.044903
v 0.023939 0.045623 0.044926
v 0.023895 0.044328 0.044903
v 0.022870 0.044432 0.045216
v 0.022903 0.045623 0.045209
v 0.022749 0.045623 0.045140
v 0.022670 0.044371 0.045029
v 0.022679 0.045623 0.045011
v 0.022377 0.044418 0.042764
v 0.022515 0.044373 0.042761
v 0.022562 0.044352 0.042774
v 0.022605 0.045623 0.042797
v 0.022561 0.045623 0.042774
v 0.022605 0.044328 0.042797
v 0.023657 0.044430 0.042495
v 0.023654 0.045623 0.042498
v 0.023795 0.044397 0.042609
v 0.023840 0.044317 0.042787
v 0.023250 0.043615 0.043850
v 0.023129 0.044180 0.042864
v 0.023376 0.044328 0.042622
v 0.023442 0.044373 0.042550
v 0.023406 0.044352 0.042583
v 0.024607 0.044424 0.043498
v 0.024106 0.044203 0.043268
v 0.023486 0.044392 0.042524
v 0.022755 0.044251 0.042867
v 0.022319 0.044235 0.043309
v 0.022241 0.044201 0.043697
v 0.021829 0.044442 0.044091
v 0.022216 0.044377 0.043028
v 0.022247 0.044417 0.042886
v 0.021844 0.044034 0.044249
v 0.021134 0.044976 0.044922
v 0.022060 0.043878 0.044459
v 0.022289 0.043958 0.044859
v 0.022787 0.043955 0.045160
v 0.023433 0.044036 0.045303
v 0.023082 0.043965 0.045238
v 0.024321 0.044809 0.045813
v 0.024697 0.045079 0.045894
v 0.024519 0.043952 0.044414
v 0.025748 0.045079 0.044028
v 0.024715 0.044030 0.043862
v 0.025636 0.045074 0.044537
v 0.024981 0.044282 0.043678
v 0.025357 0.045053 0.045108
v 0.025068 0.045079 0.045572
v 0.023159 0.043777 0.042586
v 0.023649 0.043591 0.045024
v 0.023457 0.043478 0.045063
v 0.023322 0.043573 0.042614
v 0.023453 0.043670 0.042616
v 0.023295 0.043957 0.042459
v 0.023689 0.043647 0.042687
v 0.023877 0.043725 0.042762
v 0.024423 0.043679 0.043398
v 0.024218 0.043736 0.043041
v 0.023822 0.043896 0.042631
v 0.023907 0.043647 0.042795
v 0.023555 0.043952 0.042496
v 0.022810 0.043940 0.042540
v 0.023905 0.044039 0.042541
v 0.023432 0.043856 0.045164
v 0.024111 0.043764 0.042930
v 0.024353 0.043906 0.043068
v 0.024540 0.043942 0.043356
v 0.023719 0.043779 0.045054
v 0.024438 0.043582 0.043507
v 0.024480 0.043662 0.043661
v 0.024452 0.042957 0.044016
v 0.024497 0.043770 0.044136
v 0.024604 0.043917 0.043680
v 0.024509 0.043734 0.043880
v 0.024566 0.043917 0.044211
v 0.024419 0.043678 0.044294
v 0.024567 0.043852 0.043947
v 0.024152 0.043081 0.044606
v 0.024327 0.043662 0.044481
v 0.023964 0.043588 0.044863
v 0.024404 0.043917 0.044577
v 0.024328 0.043917 0.044687
v 0.024206 0.043852 0.044761
v 0.024076 0.043865 0.044891
v 0.023907 0.043852 0.044999
v 0.023633 0.044996 0.046211
v 0.021998 0.043484 0.043689
v 0.021869 0.042850 0.043924
v 0.022382 0.042959 0.042996
v 0.022707 0.043472 0.042739
v 0.022240 0.042932 0.043147
v 0.022019 0.042933 0.043950
v 0.023719 0.042969 0.042721
v 0.024215 0.042931 0.043077
v 0.024430 0.042798 0.043105
v 0.023272 0.042932 0.042614
v 0.022511 0.042661 0.042540
v 0.021477 0.041772 0.042994
v 0.023111 0.042842 0.042490
v 0.023870 0.042663 0.042474
v 0.023290 0.042661 0.042342
v 0.024351 0.042660 0.042818
v 0.024744 0.042660 0.043676
v 0.021746 0.039392 0.043956
v 0.021782 0.039394 0.043534
v 0.021431 0.041581 0.043088
v 0.022205 0.039394 0.042772
v 0.022620 0.039391 0.042473
v 0.021981 0.039394 0.043051
v 0.023152 0.039332 0.042372
v 0.023846 0.039394 0.042472
v 0.024332 0.039393 0.042809
v 0.024494 0.039331 0.043044
v 0.024695 0.039393 0.043442
v 0.024105 0.039393 0.042616
v 0.021912 0.039393 0.044532
v 0.022275 0.039393 0.044992
v 0.022082 0.039196 0.044621
v 0.022055 0.039123 0.044204
v 0.021827 0.039394 0.044324
v 0.023074 0.039393 0.045341
v 0.022787 0.039393 0.045278
v 0.023290 0.039394 0.045349
v 0.022595 0.039123 0.044890
v 0.022517 0.039393 0.045161
v 0.023058 0.039123 0.045088
v 0.023522 0.039123 0.045049
v 0.023753 0.039123 0.044977
v 0.024233 0.039394 0.044983
v 0.024163 0.039123 0.044690
v 0.024000 0.039393 0.045154
v 0.024729 0.039394 0.044103
v 0.024754 0.039393 0.043803
v 0.024432 0.039123 0.043509
v 0.024488 0.039123 0.044042
v 0.024561 0.039393 0.044583
v 0.024678 0.039393 0.044313
v 0.023596 0.039395 0.045314
v 0.024392 0.039393 0.044825
v 0.024212 0.039123 0.043073
v 0.023409 0.039314 0.042382
v 0.023842 0.039123 0.042764
v 0.022383 0.039123 0.042969
v 0.022684 0.039123 0.042757
v 0.023140 0.039123 0.042607
v 0.022059 0.039184 0.043193
v 0.022027 0.039123 0.043713
v 0.024720 0.042663 0.044190
v 0.024393 0.042659 0.044853
v 0.023715 0.042663 0.045291
v 0.023104 0.042714 0.045296
v 0.022365 0.042664 0.045087
v 0.021824 0.042662 0.044379
v 0.024477 0.042932 0.043753
v 0.024423 0.042944 0.044192
v 0.024301 0.042932 0.044494
v 0.024055 0.042932 0.044779
v 0.023820 0.042931 0.044948
v 0.023474 0.042932 0.045060
v 0.023229 0.042932 0.045081
v 0.022757 0.042932 0.044978
v 0.022925 0.042932 0.045036
v 0.022550 0.042931 0.044862
v 0.022284 0.042932 0.044612
v 0.022404 0.042932 0.044742
v 0.022182 0.042932 0.044459
v 0.022127 0.042932 0.044351
v 0.022084 0.042932 0.044238
v 0.022982 0.043553 0.045071
v 0.022261 0.043404 0.044626
v 0.023405 0.043629 0.045085
v 0.023231 0.043752 0.045126
v 0.023121 0.043697 0.045102
v 0.022943 0.043778 0.045090
v 0.022711 0.043759 0.045006
v 0.022488 0.043711 0.044860
v 0.022346 0.043631 0.044709
v 0.022126 0.043665 0.044416
v 0.022029 0.043719 0.044200
v 0.022713 0.043854 0.045059
v 0.022413 0.043917 0.044928
v 0.022207 0.043864 0.044673
v 0.022025 0.043772 0.043486
v 0.021972 0.043779 0.043977
v 0.021972 0.043817 0.043650
v 0.022294 0.043707 0.043026
v 0.022477 0.043628 0.042865
v 0.022172 0.043734 0.043174
v 0.022894 0.043718 0.042629
v 0.021907 0.043932 0.044154
v 0.021816 0.044041 0.043536
v 0.022094 0.044039 0.042952
v 0.022077 0.043861 0.043249
v 0.022263 0.043903 0.042924
v 0.022514 0.043904 0.042719
v 0.025506 0.045103 0.042687
v 0.025150 0.045037 0.042293
v 0.023313 0.045082 0.041341
v 0.024626 0.045007 0.041887
v 0.024257 0.045078 0.041555
v 0.025287 0.045620 0.045040
v 0.025437 0.045623 0.044567
v 0.024258 0.045663 0.044852
v 0.023976 0.045623 0.046030
v 0.024271 0.045623 0.045911
v 0.023694 0.045623 0.044814
v 0.023190 0.045623 0.044990
v 0.024683 0.045693 0.043623
v 0.024272 0.045623 0.044626
v 0.024571 0.045623 0.043748
v 0.024570 0.045658 0.043401
v 0.024202 0.045623 0.044145
v 0.024191 0.045623 0.044421
v 0.024312 0.045623 0.043954
v 0.023056 0.045623 0.045151
v 0.023093 0.045623 0.045118
v 0.023124 0.045623 0.045078
v 0.023326 0.045623 0.044880
v 0.022232 0.045623 0.044368
v 0.022435 0.045623 0.044453
v 0.022581 0.045623 0.044619
v 0.022011 0.045623 0.044332
v 0.021868 0.045662 0.044177
v 0.023472 0.045623 0.044827
v 0.025349 0.045623 0.042914
v 0.025061 0.045623 0.042430
v 0.023863 0.045623 0.042984
v 0.024122 0.045623 0.043292
v 0.023158 0.045623 0.042850
v 0.023819 0.045645 0.042615
v 0.023858 0.045623 0.041634
v 0.023376 0.045623 0.042622
v 0.023407 0.045623 0.042582
v 0.023444 0.045623 0.042549
v 0.022963 0.045623 0.041570
v 0.023487 0.045623 0.042524
v 0.023321 0.045623 0.041551
v 0.022311 0.045623 0.043559
v 0.022753 0.045623 0.042868
v 0.022217 0.045623 0.043024
v 0.021896 0.045623 0.043980
v 0.022108 0.045623 0.043822
v 0.022433 0.045623 0.042753
v 0.022271 0.045623 0.042846
v 0.023019 0.045205 0.041297
v 0.023682 0.045270 0.041310
v 0.024007 0.045150 0.041418
v 0.025424 0.045218 0.042471
v 0.025577 0.045185 0.042812
v 0.025165 0.045141 0.042178
v 0.024055 0.045185 0.046267
v 0.025811 0.045311 0.043631
v 0.025730 0.045257 0.044559
v 0.025676 0.045137 0.044617
v 0.025498 0.045132 0.045062
v 0.025194 0.045374 0.045520
v 0.025175 0.045145 0.045518
v 0.024567 0.045193 0.046054
v 0.022494 0.044159 0.044455
v 0.022046 0.044365 0.044341
v 0.023371 0.044180 0.044836
v 0.023124 0.044328 0.045078
v 0.023058 0.044373 0.045150
v 0.023094 0.044352 0.045117
v 0.023745 0.044251 0.044833
v 0.024150 0.044162 0.044214
v 0.024592 0.044391 0.043733
v 0.024233 0.044421 0.044841
v 0.024262 0.044412 0.044790
v 0.024284 0.044377 0.044672
v 0.024143 0.045443 0.046230
v 0.024283 0.045568 0.046100
v 0.024763 0.045540 0.045849
v 0.024435 0.045604 0.045930
v 0.025177 0.045471 0.045490
v 0.025426 0.045561 0.045051
v 0.025612 0.045521 0.044696
v 0.025712 0.045568 0.044158
v 0.025689 0.045517 0.044447
v 0.025637 0.045468 0.042949
v 0.024828 0.045592 0.045697
v 0.025155 0.045585 0.045373
v 0.025643 0.045604 0.043785
v 0.025727 0.045550 0.043524
v 0.025246 0.045464 0.042268
v 0.025490 0.045590 0.042902
v 0.025584 0.045604 0.043320
v 0.024979 0.045559 0.042057
v 0.025269 0.045613 0.042593
v 0.024414 0.045554 0.041651
v 0.024096 0.045521 0.041488
v 0.023339 0.045523 0.041347
v 0.023719 0.045517 0.041380
v 0.024526 0.045604 0.041825
v 0.024542 0.045617 0.041859
v 0.023683 0.045611 0.041503
v 0.022512 0.045604 0.041526
v 0.023544 0.045102 0.041330
v 0.024698 0.045240 0.041718
v 0.024826 0.045151 0.041843
v 0.025746 0.045102 0.043380
v 0.024394 0.045108 0.041588
v 0.025788 0.045127 0.044026
v 0.025519 0.045128 0.044985
v 0.024928 0.045126 0.045757
v 0.024430 0.045134 0.046104
f 5 13 12
f 3 372 1
f 372 2 6
f 6 1 372
f 7 372 3
f 372 7 16
f 2 372 17
f 372 18 17
f 5 8 9
f 11 5 10
f 9 15 5
f 372 5 18
f 18 5 4
f 5 15 14
f 4 5 14
f 11 8 5
f 5 12 10
f 20 31 34
f 20 26 22
f 22 21 20
f 23 20 25
f 23 26 20
f 5 36 13
f 20 19 36
f 21 19 20
f 30 31 27
f 25 20 24
f 28 31 33
f 29 31 32
f 32 31 28
f 20 34 24
f 33 31 35
f 30 34 31
f 29 27 31
f 36 5 20
f 39 38 40
f 39 42 41
f 52 43 41
f 44 41 43
f 43 45 44
f 46 48 47
f 46 44 45
f 49 39 40
f 39 51 42
f 49 51 39
f 50 41 42
f 41 50 52
f 50 53 52
f 44 46 47
f 47 58 55
f 55 56 57
f 47 59 54
f 58 47 54
f 47 55 57
f 56 60 57
f 61 37 62
f 62 66 61
f 62 57 63
f 59 47 64
f 60 63 57
f 60 56 65
f 62 63 67
f 67 66 62
f 48 64 47
f 56 68 69
f 56 71 68
f 71 55 58
f 58 54 70
f 70 54 59
f 70 71 58
f 55 71 56
f 73 74 72
f 37 72 74
f 117 79 78
f 118 79 117
f 77 81 76
f 81 77 80
f 80 77 118
f 77 79 118
f 277 82 83
f 83 82 84
f 82 87 84
f 88 89 85
f 88 85 87
f 85 89 90
f 91 87 85
f 86 87 82
f 40 93 92
f 38 93 40
f 48 95 96
f 335 48 96
f 335 64 48
f 97 59 64
f 64 335 97
f 59 97 70
f 99 98 100
f 102 101 99
f 101 98 99
f 99 100 105
f 100 107 105
f 100 147 107
f 107 104 106
f 147 100 148
f 102 103 109
f 103 102 99
f 286 103 99
f 99 105 112
f 109 103 286
f 111 110 72
f 110 109 286
f 99 112 287
f 286 99 287
f 107 113 105
f 107 106 115
f 113 107 115
f 120 115 106
f 113 114 112
f 115 117 116
f 114 113 116
f 115 116 113
f 112 105 113
f 120 106 104
f 108 120 104
f 124 108 140
f 108 124 119
f 108 119 122
f 108 122 120
f 124 123 126
f 126 119 124
f 119 126 131
f 126 123 132
f 133 132 321
f 321 132 123
f 121 122 119
f 127 115 120
f 120 128 127
f 120 122 128
f 115 127 118
f 121 128 122
f 127 128 118
f 129 128 130
f 129 87 128
f 121 131 128
f 118 117 115
f 131 130 128
f 131 132 135
f 329 132 133
f 135 130 131
f 131 126 132
f 329 136 132
f 129 135 134
f 129 130 135
f 136 135 132
f 121 119 131
f 123 124 137
f 137 124 140
f 123 137 125
f 108 138 140
f 139 138 108
f 108 141 139
f 108 142 141
f 107 147 144
f 104 107 145
f 100 98 149
f 148 100 149
f 143 104 145
f 104 143 142
f 107 144 145
f 150 149 98
f 146 147 148
f 142 108 104
f 152 160 153
f 155 152 158
f 158 152 153
f 153 160 162
f 158 153 164
f 160 167 161
f 161 162 160
f 166 158 164
f 162 165 153
f 165 163 153
f 153 163 164
f 166 168 158
f 168 155 158
f 288 169 170
f 157 155 171
f 172 171 155
f 156 157 180
f 180 157 171
f 174 175 171
f 173 171 172
f 174 171 173
f 176 177 171
f 178 171 177
f 180 171 178
f 175 176 171
f 168 172 155
f 180 179 159
f 179 181 307
f 185 181 179
f 184 182 181
f 187 185 180
f 185 179 180
f 189 180 186
f 188 185 187
f 193 185 188
f 189 187 180
f 192 190 185
f 185 193 192
f 190 191 185
f 185 191 194
f 195 181 194
f 185 194 181
f 178 186 180
f 183 184 181
f 197 183 181
f 196 197 181
f 183 197 198
f 199 183 198
f 201 288 183
f 183 200 201
f 288 201 169
f 199 200 183
f 195 196 181
f 16 7 170
f 3 1 202
f 7 3 203
f 6 2 204
f 17 18 205
f 2 17 206
f 1 6 207
f 4 14 208
f 15 9 209
f 14 15 210
f 8 11 211
f 10 12 212
f 11 10 213
f 9 8 214
f 18 4 215
f 170 7 203
f 202 1 207
f 3 202 203
f 204 2 206
f 205 18 215
f 17 205 206
f 6 204 207
f 208 14 210
f 9 214 209
f 209 210 15
f 215 4 208
f 214 8 211
f 213 10 212
f 212 12 216
f 11 213 211
f 13 217 216
f 216 12 13
f 36 19 218
f 21 22 219
f 19 21 220
f 26 23 221
f 25 24 222
f 23 25 223
f 22 26 224
f 34 30 225
f 27 29 226
f 30 27 227
f 32 28 228
f 33 35 167
f 28 33 229
f 29 32 230
f 24 34 231
f 218 217 36
f 219 220 21
f 218 19 220
f 221 224 26
f 222 223 25
f 221 23 223
f 219 22 224
f 225 231 34
f 226 227 27
f 225 30 227
f 228 230 32
f 232 229 33
f 167 232 33
f 228 28 229
f 226 29 230
f 222 24 231
f 36 217 13
f 233 234 162
f 35 233 161
f 235 236 163
f 237 238 166
f 236 237 164
f 234 235 165
f 239 240 172
f 241 242 174
f 240 241 173
f 243 244 176
f 245 246 178
f 244 245 177
f 242 243 175
f 238 239 168
f 162 161 233
f 167 35 161
f 163 165 235
f 166 164 237
f 163 236 164
f 162 234 165
f 172 168 239
f 174 173 241
f 172 240 173
f 176 175 243
f 178 177 245
f 186 178 246
f 176 244 177
f 174 242 175
f 166 238 168
f 246 247 186
f 16 170 169
f 247 248 189
f 249 250 188
f 248 249 187
f 251 371 192
f 252 253 190
f 371 252 192
f 250 251 193
f 254 255 194
f 256 257 196
f 255 256 195
f 258 259 198
f 260 261 200
f 259 260 199
f 257 258 197
f 253 254 191
f 189 248 187
f 188 250 193
f 249 188 187
f 192 252 190
f 191 254 194
f 253 191 190
f 251 192 193
f 195 256 196
f 258 198 197
f 197 196 257
f 194 255 195
f 198 259 199
f 200 261 201
f 169 201 262
f 260 200 199
f 262 16 169
f 262 201 261
f 247 189 186
f 265 264 266
f 267 93 136
f 267 92 93
f 92 267 263
f 264 95 94
f 95 264 96
f 264 335 96
f 268 269 264
f 264 270 271
f 264 271 268
f 264 94 270
f 269 266 264
f 274 135 272
f 272 135 136
f 275 276 136
f 273 136 276
f 272 136 273
f 274 134 135
f 134 278 129
f 277 129 278
f 93 275 136
f 87 129 84
f 83 84 129
f 83 129 277
f 85 87 91
f 87 85 128
f 128 76 81
f 128 85 76
f 118 128 80
f 80 128 81
f 97 335 279
f 279 71 70
f 279 70 97
f 71 69 68
f 69 71 281
f 280 282 281
f 75 114 78
f 116 117 78
f 78 114 116
f 72 110 286
f 285 112 114
f 285 287 112
f 288 289 149
f 293 290 289
f 290 149 289
f 291 293 292
f 292 293 294
f 288 154 183
f 207 289 288
f 215 293 289
f 288 203 202
f 202 207 288
f 288 170 203
f 289 207 204
f 215 289 205
f 204 206 289
f 206 205 289
f 215 208 293
f 209 294 293
f 210 209 293
f 294 209 214
f 214 211 294
f 292 294 298
f 216 298 294
f 213 212 294
f 216 294 212
f 217 298 216
f 294 211 213
f 208 210 293
f 298 297 292
f 151 302 160
f 302 125 301
f 219 297 298
f 224 295 297
f 300 296 303
f 221 296 295
f 220 298 218
f 298 217 218
f 298 220 219
f 224 297 219
f 222 231 296
f 296 223 222
f 225 303 231
f 223 296 221
f 225 227 303
f 295 224 221
f 296 231 303
f 301 299 303
f 160 302 301
f 229 303 228
f 303 230 228
f 226 303 227
f 230 303 226
f 160 301 232
f 160 232 167
f 303 229 232
f 232 301 303
f 304 184 305
f 181 316 317
f 304 316 184
f 306 183 150
f 306 305 184
f 184 183 306
f 307 309 179
f 184 316 182
f 182 316 181
f 307 181 308
f 308 181 317
f 154 150 183
f 288 150 154
f 288 149 150
f 146 148 290
f 293 147 146
f 293 146 290
f 293 291 144
f 293 144 147
f 145 144 291
f 142 143 292
f 292 143 145
f 145 291 292
f 290 148 149
f 180 159 309
f 309 310 180
f 309 159 179
f 310 156 180
f 157 310 311
f 156 310 157
f 312 152 155
f 155 157 311
f 155 313 312
f 313 155 311
f 152 312 314
f 152 314 160
f 314 151 160
f 295 138 297
f 140 296 300
f 140 295 296
f 141 142 292
f 297 141 292
f 139 297 138
f 297 139 141
f 295 140 138
f 300 303 140
f 299 301 137
f 302 314 125
f 314 302 151
f 125 137 301
f 137 303 299
f 303 137 140
f 98 315 306
f 317 318 307
f 150 98 306
f 305 315 304
f 306 315 305
f 307 308 317
f 304 315 316
f 310 313 311
f 309 318 310
f 319 125 314
f 319 314 312
f 318 309 307
f 98 101 320
f 123 319 321
f 123 125 319
f 312 313 319
f 328 321 319
f 328 323 331
f 321 328 331
f 319 332 328
f 102 320 101
f 310 324 313
f 318 325 310
f 324 310 326
f 319 324 332
f 326 310 325
f 326 327 324
f 318 339 325
f 324 319 313
f 133 321 331
f 329 133 331
f 267 136 330
f 267 330 329
f 330 136 329
f 110 111 349
f 329 331 263
f 331 265 263
f 263 267 329
f 348 109 110
f 323 328 332
f 332 327 333
f 331 323 332
f 327 326 334
f 327 332 324
f 332 333 264
f 331 264 265
f 331 332 264
f 264 333 334
f 334 335 336
f 334 336 264
f 264 336 335
f 333 327 334
f 102 109 322
f 339 318 337
f 318 338 337
f 339 326 325
f 318 317 338
f 345 339 338
f 338 342 340
f 339 337 338
f 339 341 326
f 316 315 342
f 342 338 317
f 316 342 317
f 343 342 315
f 343 315 320
f 343 340 342
f 343 320 322
f 348 343 322
f 322 320 102
f 345 338 340
f 326 341 334
f 339 345 341
f 341 335 334
f 345 340 281
f 341 345 344
f 341 344 279
f 341 279 335
f 344 345 279
f 345 281 71
f 71 279 345
f 347 340 343
f 340 347 280
f 322 109 348
f 347 343 348
f 280 346 340
f 349 282 280
f 347 349 280
f 346 280 281
f 349 347 348
f 349 111 283
f 349 283 284
f 110 349 348
f 349 284 282
f 346 281 340
f 98 320 315
f 94 95 48
f 270 48 46
f 45 270 46
f 270 94 48
f 45 268 271
f 270 45 271
f 45 43 268
f 268 43 52
f 268 52 269
f 269 52 266
f 92 49 40
f 263 51 49
f 263 49 92
f 265 42 51
f 42 265 50
f 53 265 52
f 265 53 50
f 265 51 263
f 52 265 266
f 275 38 350
f 93 38 275
f 273 276 350
f 350 276 275
f 277 351 82
f 134 353 352
f 134 352 351
f 278 351 277
f 278 134 351
f 353 273 350
f 274 353 134
f 353 272 273
f 272 353 274
f 85 90 77
f 77 76 85
f 75 78 79
f 75 354 355
f 354 75 79
f 356 75 355
f 75 356 114
f 356 357 114
f 114 357 358
f 359 114 358
f 359 285 114
f 72 360 73
f 360 72 286
f 287 362 360
f 362 287 361
f 285 363 361
f 363 285 359
f 287 360 286
f 285 361 287
f 111 37 61
f 111 61 66
f 111 72 37
f 111 66 283
f 283 66 284
f 281 65 56
f 282 67 63
f 282 63 60
f 281 60 65
f 281 56 69
f 281 282 60
f 67 282 66
f 284 66 282
f 74 62 37
f 73 364 74
f 62 74 364
f 360 364 73
f 362 365 364
f 358 357 365
f 366 365 357
f 357 356 366
f 366 356 355
f 367 355 354
f 354 79 367
f 359 358 365
f 362 361 365
f 364 360 362
f 361 363 359
f 365 361 359
f 366 355 367
f 368 367 89
f 368 87 86
f 86 82 369
f 367 90 89
f 368 88 87
f 88 368 89
f 368 86 369
f 77 90 367
f 38 39 350
f 39 369 352
f 82 351 369
f 352 369 351
f 39 352 353
f 353 350 39
f 79 77 367
f 57 62 44
f 44 62 364
f 365 366 369
f 369 364 365
f 57 44 47
f 41 44 369
f 369 39 41
f 368 366 367
f 368 369 366
f 44 364 369
f 371 372 370
f 5 372 31
f 373 372 371
f 20 5 31
f 238 372 373
f 372 35 31
f 372 233 35
f 233 372 234
f 235 234 372
f 235 372 236
f 237 236 372
f 372 238 237
f 238 373 239
f 239 373 240
f 240 373 241
f 242 373 243
f 244 373 245
f 242 241 373
f 243 373 244
f 373 246 245
f 373 247 246
f 372 16 370
f 371 370 253
f 247 371 248
f 248 371 249
f 250 371 251
f 249 371 250
f 252 371 253
f 254 370 255
f 370 258 257
f 370 254 253
f 256 370 257
f 259 370 260
f 260 370 261
f 370 259 258
f 255 370 256
f 262 261 370
f 370 16 262
f 371 247 373
f 377 376 378
f 388 386 389
f 888 386 387
f 389 390 388
f 393 394 886
f 886 395 392
f 394 395 886
f 886 391 393
f 389 392 390
f 396 885 397
f 399 885 396
f 400 405 401
f 885 402 403
f 405 400 404
f 405 404 402
f 405 402 885
f 397 885 403
f 406 407 408
f 409 407 406
f 406 408 410
f 411 416 412
f 406 413 414
f 416 411 415
f 416 415 413
f 416 413 406
f 409 406 414
f 421 417 418
f 417 421 419
f 418 420 421
f 427 424 425
f 427 426 424
f 422 426 427
f 425 421 427
f 427 423 422
f 419 421 425
f 428 882 429
f 431 882 428
f 882 433 434
f 885 435 436
f 885 436 433
f 885 433 882
f 885 432 435
f 429 882 434
f 876 437 438
f 439 437 876
f 876 440 439
f 441 389 442
f 876 443 440
f 876 445 443
f 445 876 444
f 441 444 389
f 446 447 448
f 449 450 877
f 449 446 448
f 446 452 453
f 456 454 455
f 456 455 452
f 456 452 446
f 456 451 454
f 447 446 453
f 460 446 458
f 457 460 458
f 462 463 464
f 458 464 463
f 464 461 465
f 459 458 463
f 388 466 467
f 387 467 468
f 386 388 467
f 467 387 386
f 390 469 388
f 469 466 388
f 470 391 471
f 395 472 473
f 393 470 474
f 394 474 472
f 473 390 392
f 472 395 394
f 474 394 393
f 395 473 392
f 393 391 470
f 469 390 473
f 396 475 476
f 398 476 477
f 476 399 396
f 475 396 397
f 399 476 398
f 397 478 475
f 479 401 480
f 403 481 478
f 404 482 483
f 402 483 481
f 402 481 403
f 404 400 482
f 483 402 404
f 401 479 400
f 479 482 400
f 397 403 478
f 407 484 485
f 408 485 486
f 485 408 407
f 484 407 409
f 408 486 410
f 409 487 484
f 488 412 489
f 414 490 487
f 415 491 492
f 413 492 490
f 413 490 414
f 415 411 491
f 492 413 415
f 412 488 411
f 488 491 411
f 409 414 487
f 417 493 494
f 418 494 495
f 418 417 494
f 495 420 418
f 496 493 419
f 493 417 419
f 422 423 497
f 425 498 499
f 426 500 501
f 424 501 498
f 425 496 419
f 501 424 426
f 500 426 422
f 424 498 425
f 422 497 500
f 499 496 425
f 428 502 503
f 430 503 504
f 503 431 428
f 502 428 429
f 431 503 430
f 429 505 502
f 506 432 507
f 434 508 505
f 436 509 510
f 433 510 508
f 433 508 434
f 436 435 509
f 510 433 436
f 432 506 435
f 506 509 435
f 429 434 505
f 439 511 512
f 437 512 513
f 437 439 512
f 513 438 437
f 440 514 439
f 514 511 439
f 441 442 515
f 443 516 517
f 441 518 519
f 445 519 516
f 517 440 443
f 519 445 444
f 519 444 441
f 445 516 443
f 441 515 518
f 514 440 517
f 448 520 521
f 450 521 522
f 521 449 448
f 520 448 447
f 449 521 450
f 447 523 520
f 524 451 525
f 453 526 523
f 455 527 528
f 452 528 526
f 452 526 453
f 455 454 527
f 528 452 455
f 451 524 454
f 524 527 454
f 447 453 523
f 457 529 530
f 460 530 531
f 457 458 529
f 530 460 457
f 458 459 529
f 459 532 529
f 533 461 534
f 463 535 536
f 465 533 537
f 462 537 535
f 463 532 459
f 537 462 464
f 537 464 465
f 462 535 463
f 465 461 533
f 536 532 463
f 538 539 540
f 538 541 539
f 542 539 541
f 543 542 541
f 544 545 546
f 546 543 544
f 545 544 547
f 542 543 546
f 384 385 549
f 385 374 558
f 550 384 548
f 384 550 556
f 549 548 384
f 555 385 551
f 385 555 549
f 553 385 552
f 385 554 552
f 385 553 551
f 385 558 554
f 374 375 612
f 376 377 557
f 375 376 560
f 558 374 559
f 612 375 560
f 559 374 612
f 560 376 561
f 561 376 557
f 562 564 752
f 566 567 750
f 566 565 567
f 748 568 749
f 571 569 570
f 574 572 573
f 746 574 734
f 734 574 573
f 575 576 577
f 579 580 578
f 595 578 580
f 582 732 739
f 732 582 581
f 731 583 584
f 585 588 583
f 584 583 588
f 586 585 583
f 587 586 583
f 583 589 587
f 590 589 591
f 589 590 587
f 598 589 593
f 589 592 593
f 589 598 591
f 594 589 595
f 589 597 595
f 592 589 594
f 597 589 596
f 596 589 718
f 718 589 599
f 604 606 605
f 608 610 607
f 556 608 607
f 608 609 610
f 611 717 616
f 612 616 609
f 717 611 561
f 717 613 666
f 613 717 557
f 557 717 561
f 611 616 612
f 616 610 609
f 616 717 626
f 614 717 600
f 615 717 614
f 615 619 717
f 617 616 618
f 617 628 616
f 616 628 629
f 610 616 620
f 620 616 629
f 610 621 622
f 621 610 620
f 610 687 623
f 610 623 607
f 607 624 625
f 624 607 684
f 687 610 622
f 623 684 607
f 619 626 717
f 626 618 616
f 621 620 629
f 684 623 687
f 683 601 631
f 601 602 631
f 683 631 630
f 631 602 632
f 602 643 632
f 643 602 634
f 633 602 641
f 602 633 634
f 602 603 641
f 605 606 640
f 637 635 605
f 641 605 635
f 649 636 605
f 649 605 638
f 637 605 636
f 640 606 639
f 638 605 640
f 641 603 605
f 644 642 643
f 644 648 642
f 549 608 548
f 548 608 550
f 556 550 608
f 547 652 651
f 558 609 554
f 653 538 654
f 653 652 547
f 609 552 554
f 551 608 555
f 609 551 553
f 609 553 552
f 549 555 608
f 551 609 608
f 541 538 653
f 656 556 655
f 556 547 651
f 547 544 543
f 656 655 657
f 547 543 541
f 657 658 659
f 659 660 657
f 653 547 541
f 559 612 609
f 559 609 558
f 611 612 560
f 611 560 561
f 666 613 557
f 660 663 661
f 663 662 661
f 664 667 662
f 665 666 557
f 664 665 667
f 670 645 650
f 647 645 670
f 650 668 670
f 639 668 650
f 646 671 669
f 670 671 647
f 647 671 646
f 650 640 639
f 640 649 638
f 637 636 649
f 649 641 635
f 649 635 637
f 673 646 672
f 646 669 672
f 647 673 674
f 673 647 646
f 647 674 648
f 648 674 675
f 648 675 630
f 630 642 648
f 634 633 643
f 641 643 633
f 649 643 641
f 643 631 632
f 642 630 631
f 643 642 631
f 606 676 668
f 676 677 668
f 678 679 669
f 677 678 671
f 606 668 639
f 677 670 668
f 677 671 670
f 678 669 671
f 679 680 669
f 683 630 675
f 680 681 672
f 681 682 674
f 682 683 675
f 669 680 672
f 672 681 673
f 675 674 682
f 673 681 674
f 686 624 684
f 687 685 684
f 625 624 606
f 606 624 686
f 678 621 629
f 622 688 687
f 678 688 622
f 622 621 678
f 604 689 606
f 606 689 625
f 711 689 604
f 604 695 711
f 605 690 604
f 696 690 603
f 603 690 605
f 691 696 603
f 628 692 629
f 628 681 692
f 617 681 628
f 617 618 681
f 681 626 619
f 618 626 681
f 619 682 681
f 619 615 682
f 615 627 682
f 693 615 614
f 693 614 600
f 693 627 615
f 602 697 705
f 601 697 602
f 601 698 697
f 603 602 691
f 602 705 691
f 600 700 683
f 683 700 601
f 698 601 694
f 700 694 601
f 689 711 714
f 689 714 625
f 691 705 696
f 698 694 699
f 701 700 600
f 703 694 700
f 704 697 698
f 702 694 703
f 699 694 716
f 702 716 694
f 701 703 700
f 707 697 704
f 707 705 697
f 705 706 708
f 710 690 696
f 709 705 708
f 696 709 710
f 711 712 714
f 714 713 625
f 696 705 709
f 713 714 607
f 713 607 625
f 695 712 711
f 690 695 604
f 710 715 690
f 710 709 715
f 716 704 699
f 717 716 701
f 706 709 708
f 705 704 706
f 704 698 699
f 707 704 705
f 716 703 701
f 717 701 600
f 703 716 702
f 704 709 706
f 665 716 717
f 662 704 716
f 665 717 666
f 665 664 716
f 662 716 664
f 663 704 662
f 704 663 660
f 660 709 704
f 658 715 709
f 658 690 715
f 657 695 690
f 655 712 695
f 655 607 714
f 655 714 712
f 659 709 660
f 690 658 657
f 658 709 659
f 655 695 657
f 607 655 556
f 676 606 686
f 686 684 677
f 677 687 688
f 677 685 687
f 684 685 677
f 686 677 676
f 678 677 688
f 680 679 678
f 629 692 680
f 627 693 682
f 692 681 680
f 683 682 693
f 693 600 683
f 629 680 678
f 599 719 718
f 599 720 719
f 720 599 721
f 723 599 724
f 724 599 722
f 599 723 721
f 599 725 722
f 729 727 726
f 722 726 727
f 730 728 726
f 729 726 728
f 731 730 726
f 726 583 731
f 722 725 726
f 599 645 647
f 650 645 599
f 650 599 640
f 725 599 647
f 647 726 725
f 640 589 649
f 589 640 599
f 649 589 643
f 648 726 647
f 648 583 726
f 644 643 583
f 583 648 644
f 583 643 589
f 573 572 734
f 749 568 736
f 567 565 737
f 564 562 738
f 732 562 739
f 582 562 732
f 732 581 582
f 578 733 740
f 740 579 578
f 740 733 742
f 595 741 733
f 742 733 741
f 733 578 595
f 743 577 576
f 745 743 576
f 744 745 576
f 576 575 744
f 746 734 572
f 572 574 746
f 747 570 569
f 747 569 728
f 569 571 728
f 735 569 728
f 735 728 569
f 736 568 749
f 567 737 750
f 751 750 565
f 751 565 566
f 565 750 737
f 564 738 752
f 738 753 752
f 562 563 738
f 753 738 754
f 738 563 754
f 730 731 749
f 747 730 570
f 728 730 747
f 570 730 749
f 749 731 748
f 728 746 729
f 729 746 727
f 746 722 727
f 571 746 728
f 749 752 571
f 746 571 753
f 753 571 752
f 754 746 753
f 570 749 571
f 731 584 748
f 588 748 584
f 750 568 748
f 585 586 750
f 588 585 748
f 585 750 748
f 751 568 750
f 566 568 751
f 752 568 566
f 739 562 566
f 566 562 752
f 566 586 587
f 750 586 566
f 587 739 566
f 752 749 568
f 722 746 724
f 574 743 746
f 754 563 577
f 574 754 577
f 574 746 754
f 574 577 743
f 577 563 740
f 746 723 724
f 721 746 720
f 746 719 720
f 743 719 746
f 745 719 743
f 744 575 719
f 719 745 744
f 718 719 575
f 740 575 577
f 721 723 746
f 741 718 575
f 563 562 579
f 740 563 579
f 579 562 580
f 580 562 582
f 739 587 582
f 582 587 590
f 582 590 591
f 741 575 742
f 718 741 595
f 740 742 575
f 582 593 592
f 598 582 591
f 598 593 582
f 595 582 592
f 595 592 594
f 597 596 595
f 580 582 595
f 595 596 718
f 384 651 755
f 651 384 556
f 378 380 665
f 377 378 665
f 380 379 667
f 379 381 662
f 381 382 661
f 665 557 377
f 665 380 667
f 662 667 379
f 660 661 382
f 662 381 661
f 382 383 660
f 383 756 660
f 757 758 657
f 756 757 657
f 759 760 656
f 758 759 657
f 660 756 657
f 657 759 656
f 556 656 760
f 545 547 760
f 556 760 547
f 755 651 652
f 652 761 755
f 654 538 540
f 653 762 761
f 653 654 762
f 763 762 654
f 540 763 654
f 652 653 761
f 461 764 534
f 765 766 767
f 768 767 764
f 768 764 461
f 873 765 767
f 767 768 873
f 769 766 770
f 766 765 770
f 771 772 773
f 460 531 774
f 775 774 772
f 773 770 771
f 772 875 775
f 774 775 460
f 875 772 771
f 769 770 773
f 776 777 525
f 778 779 780
f 781 780 777
f 525 451 776
f 780 781 778
f 779 778 782
f 781 777 776
f 782 783 779
f 784 785 783
f 786 787 788
f 786 788 785
f 786 785 784
f 450 522 789
f 787 786 789
f 787 789 522
f 782 784 783
f 442 790 515
f 791 792 793
f 794 793 790
f 794 790 442
f 795 791 793
f 793 794 795
f 796 792 797
f 792 791 797
f 798 799 800
f 438 513 801
f 802 801 799
f 800 797 798
f 799 879 802
f 801 802 438
f 879 799 798
f 796 797 800
f 803 804 507
f 805 806 807
f 808 807 804
f 507 432 803
f 807 808 805
f 806 805 809
f 808 804 803
f 809 810 806
f 811 812 810
f 813 814 815
f 816 815 812
f 816 812 811
f 430 504 813
f 815 816 813
f 814 813 504
f 809 811 810
f 817 818 497
f 819 820 821
f 822 821 818
f 817 497 423
f 822 819 821
f 818 817 822
f 823 824 819
f 824 820 819
f 825 826 827
f 420 495 828
f 829 828 826
f 827 823 830
f 826 825 829
f 828 829 420
f 825 827 830
f 824 823 827
f 831 832 489
f 833 834 835
f 836 835 832
f 489 412 831
f 835 836 833
f 834 833 837
f 836 832 831
f 837 838 834
f 839 840 838
f 841 842 843
f 844 843 840
f 844 840 839
f 410 486 841
f 843 844 841
f 842 841 486
f 837 839 838
f 845 846 480
f 847 848 849
f 850 849 846
f 480 401 845
f 849 850 847
f 848 847 851
f 850 846 845
f 851 852 848
f 853 854 852
f 855 856 857
f 858 857 854
f 858 854 853
f 855 398 856
f 857 858 855
f 477 856 398
f 851 853 852
f 859 860 471
f 861 862 863
f 864 863 860
f 859 471 391
f 864 861 863
f 860 859 864
f 865 862 866
f 862 861 866
f 867 868 869
f 387 468 870
f 871 870 868
f 872 865 866
f 868 867 871
f 870 871 387
f 867 869 872
f 869 865 872
f 768 461 873
f 873 461 464
f 770 765 874
f 765 873 874
f 775 446 460
f 775 875 446
f 874 875 771
f 771 770 874
f 456 776 451
f 876 781 776
f 778 781 876
f 876 776 456
f 877 782 876
f 782 778 876
f 786 784 877
f 877 789 786
f 789 877 450
f 782 877 784
f 794 442 389
f 878 797 791
f 794 389 795
f 791 795 878
f 802 879 438
f 438 879 876
f 878 879 798
f 798 797 878
f 885 803 432
f 880 805 808
f 880 808 803
f 880 803 885
f 881 809 880
f 809 805 880
f 816 811 881
f 881 813 816
f 813 881 430
f 430 881 431
f 809 881 811
f 882 819 822
f 423 822 817
f 822 423 882
f 823 819 882
f 825 830 883
f 883 829 825
f 829 883 420
f 830 882 883
f 420 883 421
f 830 823 882
f 416 831 412
f 837 833 884
f 884 831 416
f 836 884 833
f 884 836 831
f 884 885 837
f 844 839 885
f 885 841 844
f 841 885 410
f 837 885 839
f 405 845 401
f 889 847 850
f 889 850 845
f 889 845 405
f 886 851 889
f 851 847 889
f 858 853 886
f 886 855 858
f 855 886 398
f 398 886 399
f 851 886 853
f 887 859 391
f 887 864 859
f 887 391 886
f 861 887 888
f 861 864 887
f 888 866 861
f 867 872 888
f 888 871 867
f 871 888 387
f 872 866 888
f 376 375 458
f 458 446 376
f 874 456 875
f 446 449 376
f 449 877 376
f 875 456 446
f 464 458 375
f 421 375 374
f 421 464 375
f 873 431 456
f 456 874 873
f 873 883 882
f 431 873 882
f 464 883 873
f 464 421 883
f 877 378 376
f 378 877 380
f 381 379 879
f 380 877 379
f 876 379 877
f 879 878 381
f 879 379 876
f 881 444 876
f 881 389 444
f 456 431 881
f 878 795 381
f 381 795 382
f 382 795 888
f 795 389 888
f 389 386 888
f 456 881 876
f 374 385 421
f 427 421 385
f 385 423 427
f 406 882 423
f 882 406 410
f 410 885 882
f 385 406 423
f 416 385 384
f 385 416 406
f 763 884 762
f 884 540 885
f 416 384 884
f 384 755 884
f 884 755 761
f 762 884 761
f 884 763 540
f 392 389 880
f 880 886 392
f 399 880 885
f 886 880 399
f 888 758 382
f 758 888 887
f 758 887 886
f 880 389 881
f 885 540 405
f 405 540 539
f 546 405 542
f 760 405 545
f 545 405 546
f 542 405 539
f 759 758 886
f 889 759 886
f 889 405 760
f 383 382 756
f 758 756 382
f 756 758 757
f 760 759 889
f 473 474 470
f 474 473 472
f 863 473 470
f 863 471 860
f 470 471 863
f 862 865 863
f 466 473 863
f 863 870 466
f 466 468 467
f 468 466 870
f 868 865 869
f 865 868 870
f 865 870 863
f 469 473 466
f 482 479 849
f 857 475 482
f 478 483 482
f 849 480 846
f 479 480 849
f 848 852 849
f 481 483 478
f 849 857 482
f 857 476 475
f 476 857 477
f 857 852 854
f 857 849 852
f 857 856 477
f 475 478 482
f 491 488 489
f 492 491 489
f 492 489 484
f 842 832 834
f 832 835 834
f 489 832 842
f 490 492 484
f 484 489 842
f 842 485 484
f 485 842 486
f 838 840 834
f 840 843 842
f 834 840 842
f 487 490 484
f 498 501 500
f 818 498 500
f 498 820 824
f 818 500 497
f 818 821 820
f 818 820 498
f 496 499 498
f 494 493 496
f 498 824 494
f 495 494 826
f 826 824 827
f 494 824 826
f 826 828 495
f 496 498 494
f 510 509 506
f 507 510 506
f 510 806 814
f 806 507 804
f 804 807 806
f 806 510 507
f 502 508 510
f 502 510 814
f 502 504 503
f 504 502 814
f 810 812 806
f 812 815 814
f 806 812 814
f 505 508 502
f 519 518 514
f 514 518 793
f 514 516 519
f 790 518 515
f 793 518 790
f 792 796 793
f 517 516 514
f 512 511 514
f 514 513 512
f 801 513 514
f 800 514 796
f 800 799 801
f 800 801 514
f 793 796 514
f 527 524 525
f 528 527 525
f 526 528 525
f 780 525 777
f 525 780 779
f 522 525 779
f 522 526 525
f 526 522 520
f 520 522 521
f 779 783 522
f 788 783 785
f 522 783 788
f 788 787 522
f 520 523 526
f 537 533 534
f 537 534 532
f 532 535 537
f 767 534 764
f 534 767 532
f 766 772 767
f 536 535 532
f 529 532 772
f 530 529 774
f 531 530 774
f 773 766 769
f 773 772 766
f 772 774 529
f 532 767 772
f 894 902 901
f 892 1261 890
f 1261 891 895
f 895 890 1261
f 896 1261 892
f 1261 896 905
f 891 1261 906
f 1261 907 906
f 894 897 898
f 900 894 899
f 898 904 894
f 1261 894 907
f 907 894 893
f 894 904 903
f 893 894 903
f 900 897 894
f 894 901 899
f 909 920 923
f 909 915 911
f 911 910 909
f 912 909 914
f 912 915 909
f 894 925 902
f 909 908 925
f 910 908 909
f 919 920 916
f 914 909 913
f 917 920 922
f 918 920 921
f 921 920 917
f 909 923 913
f 922 920 924
f 919 923 920
f 918 916 920
f 925 894 909
f 928 927 929
f 928 931 930
f 941 932 930
f 933 930 932
f 932 934 933
f 935 937 936
f 935 933 934
f 938 928 929
f 928 940 931
f 938 940 928
f 939 930 931
f 930 939 941
f 939 942 941
f 933 935 936
f 936 947 944
f 944 945 946
f 936 948 943
f 947 936 943
f 936 944 946
f 945 949 946
f 950 926 951
f 951 955 950
f 951 946 952
f 948 936 953
f 949 952 946
f 949 945 954
f 951 952 956
f 956 955 951
f 937 953 936
f 945 957 958
f 945 960 957
f 960 944 947
f 947 943 959
f 959 943 948
f 959 960 947
f 944 960 945
f 962 963 961
f 926 961 963
f 1006 968 967
f 1007 968 1006
f 966 970 965
f 970 966 969
f 969 966 1007
f 966 968 1007
f 1166 971 972
f 972 971 973
f 971 976 973
f 977 978 974
f 977 974 976
f 974 978 979
f 980 976 974
f 975 976 971
f 929 982 981
f 927 982 929
f 937 984 985
f 1224 937 985
f 1224 953 937
f 986 948 953
f 953 1224 986
f 948 986 959
f 988 987 989
f 991 990 988
f 990 987 988
f 988 989 994
f 989 996 994
f 989 1036 996
f 996 993 995
f 1036 989 1037
f 991 992 998
f 992 991 988
f 1175 992 988
f 988 994 1001
f 998 992 1175
f 1000 999 961
f 999 998 1175
f 988 1001 1176
f 1175 988 1176
f 996 1002 994
f 996 995 1004
f 1002 996 1004
f 1009 1004 995
f 1002 1003 1001
f 1004 1006 1005
f 1003 1002 1005
f 1004 1005 1002
f 1001 994 1002
f 1009 995 993
f 997 1009 993
f 1013 997 1029
f 997 1013 1008
f 997 1008 1011
f 997 1011 1009
f 1013 1012 1015
f 1015 1008 1013
f 1008 1015 1020
f 1015 1012 1021
f 1022 1021 1210
f 1210 1021 1012
f 1010 1011 1008
f 1016 1004 1009
f 1009 1017 1016
f 1009 1011 1017
f 1004 1016 1007
f 1010 1017 1011
f 1016 1017 1007
f 1018 1017 1019
f 1018 976 1017
f 1010 1020 1017
f 1007 1006 1004
f 1020 1019 1017
f 1020 1021 1024
f 1218 1021 1022
f 1024 1019 1020
f 1020 1015 1021
f 1218 1025 1021
f 1018 1024 1023
f 1018 1019 1024
f 1025 1024 1021
f 1010 1008 1020
f 1012 1013 1026
f 1026 1013 1029
f 1012 1026 1014
f 997 1027 1029
f 1028 1027 997
f 997 1030 1028
f 997 1031 1030
f 996 1036 1033
f 993 996 1034
f 989 987 1038
f 1037 989 1038
f 1032 993 1034
f 993 1032 1031
f 996 1033 1034
f 1039 1038 987
f 1035 1036 1037
f 1031 997 993
f 1041 1049 1042
f 1044 1041 1047
f 1047 1041 1042
f 1042 1049 1051
f 1047 1042 1053
f 1049 1056 1050
f 1050 1051 1049
f 1055 1047 1053
f 1051 1054 1042
f 1054 1052 1042
f 1042 1052 1053
f 1055 1057 1047
f 1057 1044 1047
f 1177 1058 1059
f 1046 1044 1060
f 1061 1060 1044
f 1045 1046 1069
f 1069 1046 1060
f 1063 1064 1060
f 1062 1060 1061
f 1063 1060 1062
f 1065 1066 1060
f 1067 1060 1066
f 1069 1060 1067
f 1064 1065 1060
f 1057 1061 1044
f 1069 1068 1048
f 1068 1070 1196
f 1074 1070 1068
f 1073 1071 1070
f 1076 1074 1069
f 1074 1068 1069
f 1078 1069 1075
f 1077 1074 1076
f 1082 1074 1077
f 1078 1076 1069
f 1081 1079 1074
f 1074 1082 1081
f 1079 1080 1074
f 1074 1080 1083
f 1084 1070 1083
f 1074 1083 1070
f 1067 1075 1069
f 1072 1073 1070
f 1086 1072 1070
f 1085 1086 1070
f 1072 1086 1087
f 1088 1072 1087
f 1090 1177 1072
f 1072 1089 1090
f 1177 1090 1058
f 1088 1089 1072
f 1084 1085 1070
f 905 896 1059
f 892 890 1091
f 896 892 1092
f 895 891 1093
f 906 907 1094
f 891 906 1095
f 890 895 1096
f 893 903 1097
f 904 898 1098
f 903 904 1099
f 897 900 1100
f 899 901 1101
f 900 899 1102
f 898 897 1103
f 907 893 1104
f 1059 896 1092
f 1091 890 1096
f 892 1091 1092
f 1093 891 1095
f 1094 907 1104
f 906 1094 1095
f 895 1093 1096
f 1097 903 1099
f 898 1103 1098
f 1098 1099 904
f 1104 893 1097
f 1103 897 1100
f 1102 899 1101
f 1101 901 1105
f 900 1102 1100
f 902 1106 1105
f 1105 901 902
f 925 908 1107
f 910 911 1108
f 908 910 1109
f 915 912 1110
f 914 913 1111
f 912 914 1112
f 911 915 1113
f 923 919 1114
f 916 918 1115
f 919 916 1116
f 921 917 1117
f 922 924 1056
f 917 922 1118
f 918 921 1119
f 913 923 1120
f 1107 1106 925
f 1108 1109 910
f 1107 908 1109
f 1110 1113 915
f 1111 1112 914
f 1110 912 1112
f 1108 911 1113
f 1114 1120 923
f 1115 1116 916
f 1114 919 1116
f 1117 1119 921
f 1121 1118 922
f 1056 1121 922
f 1117 917 1118
f 1115 918 1119
f 1111 913 1120
f 925 1106 902
f 1122 1123 1051
f 924 1122 1050
f 1124 1125 1052
f 1126 1127 1055
f 1125 1126 1053
f 1123 1124 1054
f 1128 1129 1061
f 1130 1131 1063
f 1129 1130 1062
f 1132 1133 1065
f 1134 1135 1067
f 1133 1134 1066
f 1131 1132 1064
f 1127 1128 1057
f 1051 1050 1122
f 1056 924 1050
f 1052 1054 1124
f 1055 1053 1126
f 1052 1125 1053
f 1051 1123 1054
f 1061 1057 1128
f 1063 1062 1130
f 1061 1129 1062
f 1065 1064 1132
f 1067 1066 1134
f 1075 1067 1135
f 1065 1133 1066
f 1063 1131 1064
f 1055 1127 1057
f 1135 1136 1075
f 905 1059 1058
f 1136 1137 1078
f 1138 1139 1077
f 1137 1138 1076
f 1140 1260 1081
f 1141 1142 1079
f 1260 1141 1081
f 1139 1140 1082
f 1143 1144 1083
f 1145 1146 1085
f 1144 1145 1084
f 1147 1148 1087
f 1149 1150 1089
f 1148 1149 1088
f 1146 1147 1086
f 1142 1143 1080
f 1078 1137 1076
f 1077 1139 1082
f 1138 1077 1076
f 1081 1141 1079
f 1080 1143 1083
f 1142 1080 1079
f 1140 1081 1082
f 1084 1145 1085
f 1147 1087 1086
f 1086 1085 1146
f 1083 1144 1084
f 1087 1148 1088
f 1089 1150 1090
f 1058 1090 1151
f 1149 1089 1088
f 1151 905 1058
f 1151 1090 1150
f 1136 1078 1075
f 1154 1153 1155
f 1156 982 1025
f 1156 981 982
f 981 1156 1152
f 1153 984 983
f 984 1153 985
f 1153 1224 985
f 1157 1158 1153
f 1153 1159 1160
f 1153 1160 1157
f 1153 983 1159
f 1158 1155 1153
f 1163 1024 1161
f 1161 1024 1025
f 1164 1165 1025
f 1162 1025 1165
f 1161 1025 1162
f 1163 1023 1024
f 1023 1167 1018
f 1166 1018 1167
f 982 1164 1025
f 976 1018 973
f 972 973 1018
f 972 1018 1166
f 974 976 980
f 976 974 1017
f 1017 965 970
f 1017 974 965
f 1007 1017 969
f 969 1017 970
f 986 1224 1168
f 1168 960 959
f 1168 959 986
f 960 958 957
f 958 960 1170
f 1169 1171 1170
f 964 1003 967
f 1005 1006 967
f 967 1003 1005
f 961 999 1175
f 1174 1001 1003
f 1174 1176 1001
f 1177 1178 1038
f 1182 1179 1178
f 1179 1038 1178
f 1180 1182 1181
f 1181 1182 1183
f 1177 1043 1072
f 1096 1178 1177
f 1104 1182 1178
f 1177 1092 1091
f 1091 1096 1177
f 1177 1059 1092
f 1178 1096 1093
f 1104 1178 1094
f 1093 1095 1178
f 1095 1094 1178
f 1104 1097 1182
f 1098 1183 1182
f 1099 1098 1182
f 1183 1098 1103
f 1103 1100 1183
f 1181 1183 1187
f 1105 1187 1183
f 1102 1101 1183
f 1105 1183 1101
f 1106 1187 1105
f 1183 1100 1102
f 1097 1099 1182
f 1187 1186 1181
f 1040 1191 1049
f 1191 1014 1190
f 1108 1186 1187
f 1113 1184 1186
f 1189 1185 1192
f 1110 1185 1184
f 1109 1187 1107
f 1187 1106 1107
f 1187 1109 1108
f 1113 1186 1108
f 1111 1120 1185
f 1185 1112 1111
f 1114 1192 1120
f 1112 1185 1110
f 1114 1116 1192
f 1184 1113 1110
f 1185 1120 1192
f 1190 1188 1192
f 1049 1191 1190
f 1118 1192 1117
f 1192 1119 1117
f 1115 1192 1116
f 1119 1192 1115
f 1049 1190 1121
f 1049 1121 1056
f 1192 1118 1121
f 1121 1190 1192
f 1193 1073 1194
f 1070 1205 1206
f 1193 1205 1073
f 1195 1072 1039
f 1195 1194 1073
f 1073 1072 1195
f 1196 1198 1068
f 1073 1205 1071
f 1071 1205 1070
f 1196 1070 1197
f 1197 1070 1206
f 1043 1039 1072
f 1177 1039 1043
f 1177 1038 1039
f 1035 1037 1179
f 1182 1036 1035
f 1182 1035 1179
f 1182 1180 1033
f 1182 1033 1036
f 1034 1033 1180
f 1031 1032 1181
f 1181 1032 1034
f 1034 1180 1181
f 1179 1037 1038
f 1069 1048 1198
f 1198 1199 1069
f 1198 1048 1068
f 1199 1045 1069
f 1046 1199 1200
f 1045 1199 1046
f 1201 1041 1044
f 1044 1046 1200
f 1044 1202 1201
f 1202 1044 1200
f 1041 1201 1203
f 1041 1203 1049
f 1203 1040 1049
f 1184 1027 1186
f 1029 1185 1189
f 1029 1184 1185
f 1030 1031 1181
f 1186 1030 1181
f 1028 1186 1027
f 1186 1028 1030
f 1184 1029 1027
f 1189 1192 1029
f 1188 1190 1026
f 1191 1203 1014
f 1203 1191 1040
f 1014 1026 1190
f 1026 1192 1188
f 1192 1026 1029
f 987 1204 1195
f 1206 1207 1196
f 1039 987 1195
f 1194 1204 1193
f 1195 1204 1194
f 1196 1197 1206
f 1193 1204 1205
f 1199 1202 1200
f 1198 1207 1199
f 1208 1014 1203
f 1208 1203 1201
f 1207 1198 1196
f 987 990 1209
f 1012 1208 1210
f 1012 1014 1208
f 1201 1202 1208
f 1217 1210 1208
f 1217 1212 1220
f 1210 1217 1220
f 1208 1221 1217
f 991 1209 990
f 1199 1213 1202
f 1207 1214 1199
f 1213 1199 1215
f 1208 1213 1221
f 1215 1199 1214
f 1215 1216 1213
f 1207 1228 1214
f 1213 1208 1202
f 1022 1210 1220
f 1218 1022 1220
f 1156 1025 1219
f 1156 1219 1218
f 1219 1025 1218
f 999 1000 1238
f 1218 1220 1152
f 1220 1154 1152
f 1152 1156 1218
f 1237 998 999
f 1212 1217 1221
f 1221 1216 1222
f 1220 1212 1221
f 1216 1215 1223
f 1216 1221 1213
f 1221 1222 1153
f 1220 1153 1154
f 1220 1221 1153
f 1153 1222 1223
f 1223 1224 1225
f 1223 1225 1153
f 1153 1225 1224
f 1222 1216 1223
f 991 998 1211
f 1228 1207 1226
f 1207 1227 1226
f 1228 1215 1214
f 1207 1206 1227
f 1234 1228 1227
f 1227 1231 1229
f 1228 1226 1227
f 1228 1230 1215
f 1205 1204 1231
f 1231 1227 1206
f 1205 1231 1206
f 1232 1231 1204
f 1232 1204 1209
f 1232 1229 1231
f 1232 1209 1211
f 1237 1232 1211
f 1211 1209 991
f 1234 1227 1229
f 1215 1230 1223
f 1228 1234 1230
f 1230 1224 1223
f 1234 1229 1170
f 1230 1234 1233
f 1230 1233 1168
f 1230 1168 1224
f 1233 1234 1168
f 1234 1170 960
f 960 1168 1234
f 1236 1229 1232
f 1229 1236 1169
f 1211 998 1237
f 1236 1232 1237
f 1169 1235 1229
f 1238 1171 1169
f 1236 1238 1169
f 1235 1169 1170
f 1238 1236 1237
f 1238 1000 1172
f 1238 1172 1173
f 999 1238 1237
f 1238 1173 1171
f 1235 1170 1229
f 987 1209 1204
f 983 984 937
f 1159 937 935
f 934 1159 935
f 1159 983 937
f 934 1157 1160
f 1159 934 1160
f 934 932 1157
f 1157 932 941
f 1157 941 1158
f 1158 941 1155
f 981 938 929
f 1152 940 938
f 1152 938 981
f 1154 931 940
f 931 1154 939
f 942 1154 941
f 1154 942 939
f 1154 940 1152
f 941 1154 1155
f 1164 927 1239
f 982 927 1164
f 1162 1165 1239
f 1239 1165 1164
f 1166 1240 971
f 1023 1242 1241
f 1023 1241 1240
f 1167 1240 1166
f 1167 1023 1240
f 1242 1162 1239
f 1163 1242 1023
f 1242 1161 1162
f 1161 1242 1163
f 974 979 966
f 966 965 974
f 964 967 968
f 964 1243 1244
f 1243 964 968
f 1245 964 1244
f 964 1245 1003
f 1245 1246 1003
f 1003 1246 1247
f 1248 1003 1247
f 1248 1174 1003
f 961 1249 962
f 1249 961 1175
f 1176 1251 1249
f 1251 1176 1250
f 1174 1252 1250
f 1252 1174 1248
f 1176 1249 1175
f 1174 1250 1176
f 1000 926 950
f 1000 950 955
f 1000 961 926
f 1000 955 1172
f 1172 955 1173
f 1170 954 945
f 1171 956 952
f 1171 952 949
f 1170 949 954
f 1170 945 958
f 1170 1171 949
f 956 1171 955
f 1173 955 1171
f 963 951 926
f 962 1253 963
f 951 963 1253
f 1249 1253 962
f 1251 1254 1253
f 1247 1246 1254
f 1255 1254 1246
f 1246 1245 1255
f 1255 1245 1244
f 1256 1244 1243
f 1243 968 1256
f 1248 1247 1254
f 1251 1250 1254
f 1253 1249 1251
f 1250 1252 1248
f 1254 1250 1248
f 1255 1244 1256
f 1257 1256 978
f 1257 976 975
f 975 971 1258
f 1256 979 978
f 1257 977 976
f 977 1257 978
f 1257 975 1258
f 966 979 1256
f 927 928 1239
f 928 1258 1241
f 971 1240 1258
f 1241 1258 1240
f 928 1241 1242
f 1242 1239 928
f 968 966 1256
f 946 951 933
f 933 951 1253
f 1254 1255 1258
f 1258 1253 1254
f 946 933 936
f 930 933 1258
f 1258 928 930
f 1257 1255 1256
f 1257 1258 1255
f 933 1253 1258
f 1260 1261 1259
f 894 1261 920
f 1262 1261 1260
f 909 894 920
f 1127 1261 1262
f 1261 924 920
f 1261 1122 924
f 1122 1261 1123
f 1124 1123 1261
f 1124 1261 1125
f 1126 1125 1261
f 1261 1127 1126
f 1127 1262 1128
f 1128 1262 1129
f 1129 1262 1130
f 1131 1262 1132
f 1133 1262 1134
f 1131 1130 1262
f 1132 1262 1133
f 1262 1135 1134
f 1262 1136 1135
f 1261 905 1259
f 1260 1259 1142
f 1136 1260 1137
f 1137 1260 1138
f 1139 1260 1140
f 1138 1260 1139
f 1141 1260 1142
f 1143 1259 1144
f 1259 1147 1146
f 1259 1143 1142
f 1145 1259 1146
f 1148 1259 1149
f 1149 1259 1150
f 1259 1148 1147
f 1144 1259 1145
f 1151 1150 1259
f 1259 905 1151
f 1260 1136 1262
f 1269 1271 1268
f 1269 1268 1272
f 1271 1269 1270
f 1272 1275 1269
f 1276 1275 1274
f 1275 1276 1666
f 1273 1275 1666
f 1272 1274 1275
f 1269 1275 1278
f 1278 1277 2248
f 1277 1278 1275
f 1659 1279 1280
f 1668 1659 1280
f 1281 1282 1283
f 1279 1282 1281
f 1279 1283 1282
f 1285 1284 1286
f 1286 1291 1285
f 1287 1288 1293
f 1292 1291 1289
f 1290 1287 1291
f 1291 1292 1290
f 1293 1291 1287
f 1286 1289 1291
f 1285 1291 2240
f 1293 1294 1291
f 1291 2241 2240
f 1294 2241 1291
f 1296 1295 1297
f 1297 1302 1296
f 1298 1299 1304
f 1303 1302 1300
f 1301 1298 1302
f 1302 1303 1301
f 1304 1302 1298
f 1297 1300 1302
f 1296 1302 2236
f 1304 1305 1302
f 1302 2237 2236
f 1305 2237 1302
f 1836 1307 1308
f 1306 1836 1308
f 1309 1310 1311
f 1307 1310 1309
f 1307 1311 1310
f 1313 1315 1312
f 1313 1312 1316
f 1315 1313 1314
f 1316 1319 1313
f 1320 1319 1318
f 1319 1320 1847
f 1317 1319 1847
f 1316 1318 1319
f 1313 1319 1322
f 1322 1321 2232
f 1321 1322 1319
f 1687 2096 1324
f 1698 1324 1323
f 1325 1324 1698
f 1687 1324 1325
f 2091 1326 1327
f 1328 1326 1692
f 1686 1326 1328
f 1331 1574 1571
f 1330 1332 2073
f 1330 1331 1333
f 2073 2075 1330
f 1335 2046 1334
f 2049 1335 1337
f 1337 1336 2049
f 2049 2046 1335
f 2049 2068 1338
f 1338 2046 2049
f 1340 1341 1339
f 1340 2067 1341
f 1340 1342 2067
f 2053 1343 1344
f 2066 1344 1345
f 1344 1346 1345
f 1344 2063 1346
f 1344 1343 2063
f 1345 1346 2063
f 1348 1349 1347
f 1350 1347 1349
f 2056 1350 1352
f 1352 1351 2056
f 2056 1347 1350
f 2056 1353 2060
f 2060 1347 2056
f 1363 1360 1974
f 1576 1733 1397
f 1369 1370 1368
f 1371 1374 1373
f 1372 1373 1738
f 6575 1369 1368
f 1375 1377 1829
f 1380 1382 1386
f 1385 1383 1384
f 1386 1382 1385
f 1381 1376 1380
f 1384 1383 1387
f 1384 1386 1385
f 1383 1379 1387
f 1380 1376 1378
f 1390 1392 1396
f 1396 1391 1390
f 1393 1396 1392
f 1395 1393 6579
f 1395 6579 1394
f 1393 1395 1396
f 1409 1410 1408
f 1410 1409 1412
f 1410 1412 1411
f 1415 1413 2015
f 1414 1413 1415
f 1417 1416 1418
f 1419 1420 1421
f 1999 4854 4862
f 1424 1423 4695
f 1999 4695 1423
f 1424 1422 1423
f 4862 4695 1999
f 1433 1556 1432
f 1439 1440 1443
f 1439 1443 1442
f 1442 1441 1439
f 1444 1445 1448
f 1446 1448 1445
f 1447 1448 1446
f 1451 1449 1450
f 1452 1451 1450
f 1455 1456 1454
f 1453 1454 1456
f 1969 1458 1457
f 1462 1459 1461
f 1465 1775 1955
f 1938 1775 1465
f 1934 1467 1946
f 1469 1472 1622
f 1477 1476 1674
f 1476 1896 1474
f 1477 1475 1476
f 1481 1492 1491
f 1480 1483 1491
f 1479 1480 1948
f 1481 1491 1483
f 1482 1493 1481
f 1493 1490 1495
f 1488 1497 1489
f 1488 1769 1497
f 1488 1463 1769
f 1488 1494 1463
f 1484 1495 1490
f 1485 1496 1484
f 1485 1892 1496
f 1498 1506 1499
f 1504 1499 1506
f 1503 1500 1506
f 1506 1498 1503
f 1502 1506 1500
f 1501 1506 1502
f 1506 1501 1505
f 1513 1506 1505
f 1545 1507 1509
f 1507 1545 1513
f 1545 1508 1512
f 1545 1510 1511
f 1510 1545 1512
f 1508 1545 1509
f 1545 1506 1513
f 1515 1516 1518
f 1517 1549 1519
f 1520 1523 1525
f 1524 1521 1523
f 1523 1520 1524
f 1522 1523 1521
f 1526 1527 1553
f 1553 1528 1530
f 1528 1553 1534
f 1553 1529 1533
f 1553 1531 1532
f 1553 1532 1526
f 1531 1553 1533
f 1529 1553 1530
f 1553 1522 1534
f 1538 1536 1535
f 1536 1538 1540
f 1539 1776 1541
f 1545 1544 1543
f 1549 1548 1546
f 1549 1547 1548
f 1553 1552 1550
f 1552 1551 1550
f 1555 1554 1776
f 1555 1768 1554
f 1434 1438 1431
f 1436 1974 1435
f 1437 1360 1438
f 1433 1430 1362
f 1557 1429 1556
f 1406 1738 1561
f 1406 1561 1562
f 1563 1406 1562
f 1405 1407 1369
f 1405 1369 1565
f 6870 1566 1401
f 1566 1364 1400
f 1404 1565 1402
f 1401 1402 6870
f 1401 1566 1400
f 1398 6875 1397
f 1399 1400 1364
f 1398 1399 6875
f 1402 1565 6870
f 1574 1572 1571
f 1572 1570 1573
f 1570 1731 1573
f 1578 6875 1364
f 1397 6875 1576
f 1366 1367 1579
f 1365 6870 6869
f 1367 6870 1365
f 1364 1366 1579
f 6875 1580 1577
f 1364 1579 1578
f 1580 6875 1578
f 1365 1579 1367
f 1583 1370 1374
f 1373 1584 1371
f 1373 1372 1585
f 1374 1371 1583
f 6575 1368 1581
f 1370 1583 1368
f 1373 1585 1584
f 1585 1372 2080
f 6575 1581 1365
f 1586 1425 1587
f 1589 1425 1588
f 1589 1588 1601
f 1589 1587 1425
f 1593 1425 1354
f 1861 1593 4685
f 4685 1593 1354
f 1558 1355 4685
f 4685 1355 1590
f 1355 1356 1594
f 1425 1593 1588
f 1592 1588 1826
f 1591 1592 1826
f 1588 1593 1826
f 1861 4685 1590
f 1596 1362 1357
f 1557 1597 1356
f 1557 1362 1597
f 1596 1357 1358
f 1974 1598 1363
f 1359 1599 1358
f 1359 1363 1598
f 1974 1361 1598
f 1595 1597 1362
f 1596 1595 1362
f 1600 1358 1599
f 1358 1600 1596
f 1598 1866 1359
f 1599 1359 1866
f 1356 1597 1594
f 1425 1586 1560
f 1991 1389 1361
f 1560 1586 1602
f 1389 4985 1603
f 1389 1991 4985
f 4688 1613 1614
f 1602 5012 1560
f 1610 5012 1602
f 1613 1611 1612
f 1610 1617 5012
f 1617 1610 1591
f 1610 1602 1609
f 4688 1614 1608
f 1471 1470 1618
f 1470 1619 1618
f 1620 1619 1470
f 1620 1470 2218
f 2198 2199 1471
f 2199 2200 1621
f 2198 1618 2197
f 1471 1618 2198
f 2218 1470 1468
f 1468 1469 1629
f 1472 1478 1265
f 2072 1478 1266
f 1264 1472 1265
f 2072 1265 1478
f 1478 1267 1266
f 1267 1478 2071
f 1468 2220 2218
f 2202 2197 1624
f 2201 1621 2200
f 1625 2201 2202
f 1625 1621 2201
f 2202 1624 1625
f 2221 2219 1625
f 1625 1624 2221
f 2220 1625 2219
f 2220 2219 1626
f 2220 1626 2210
f 1629 2220 1468
f 1568 1628 1627
f 1623 1629 1469
f 1806 1623 1469
f 1806 1469 1622
f 1622 1472 1264
f 2071 1473 1731
f 1645 1572 1473
f 1473 1896 1817
f 1473 2071 1478
f 1476 1631 1896
f 1633 1476 2122
f 2122 1476 1632
f 1473 1572 1731
f 2122 1632 1635
f 1636 1638 2136
f 2122 1637 2121
f 1632 1476 1636
f 1636 1476 1638
f 1639 2140 1475
f 1641 2140 1639
f 1475 2139 1638
f 1638 1476 1475
f 1643 1639 1475
f 2155 1475 1477
f 2155 1640 1475
f 1475 1640 1643
f 2139 1475 2140
f 1642 1652 1643
f 1477 1644 2155
f 1640 1642 1643
f 1644 1379 1651
f 1568 1572 1645
f 1473 1817 1645
f 1568 1645 1628
f 2127 2128 1648
f 1633 2122 2121
f 1633 2121 2127
f 1817 1896 1634
f 1896 1630 1634
f 1631 1476 1633
f 1633 2127 1648
f 1896 1631 1630
f 2128 1646 1648
f 1646 1636 2136
f 1652 1649 1650
f 1650 2139 1647
f 1648 2139 1650
f 1652 1650 1647
f 1653 1379 1650
f 1649 1653 1650
f 1653 1651 1379
f 2136 1648 1646
f 2155 1644 1651
f 1276 1654 1655
f 1274 1658 1654
f 1274 1654 1276
f 1656 1658 1274
f 1657 1276 1655
f 1274 1660 1656
f 1658 1656 1659
f 1272 1660 1274
f 1666 1657 1661
f 1276 1657 1666
f 1272 1268 1662
f 1271 1270 1288
f 1290 1268 1271
f 1663 1664 1665
f 1661 1664 1666
f 1288 1270 1663
f 1673 1664 1661
f 1660 1272 1662
f 1292 1667 1662
f 1289 1669 1667
f 1286 1670 1289
f 1289 1670 1669
f 1667 1292 1289
f 1286 1671 1670
f 1290 1292 1662
f 1287 1271 1288
f 1287 1290 1271
f 1665 1664 1673
f 1288 1663 1665
f 1672 1826 1673
f 1673 1826 1284
f 1284 1671 1286
f 1661 1672 1673
f 1662 1268 1290
f 2119 1477 1675
f 1676 1674 2108
f 1674 1677 2108
f 1674 1676 1675
f 1379 1477 1678
f 1678 1679 2157
f 1679 1477 2119
f 2108 1677 1680
f 1678 1477 1679
f 1680 1677 1681
f 1376 1894 1682
f 1829 1682 1683
f 1684 1685 1692
f 1829 1683 1686
f 1686 1683 1684
f 1677 1894 1380
f 1379 1678 2158
f 1688 2158 1678
f 2158 1689 1387
f 1689 2157 1679
f 1689 1690 1387
f 1379 2158 1387
f 1384 1387 1690
f 2115 1386 1384
f 2115 1691 1386
f 1621 1625 2190
f 1380 1386 1681
f 1328 1829 1686
f 1681 1386 1691
f 1692 1685 1687
f 1328 1692 1829
f 1380 1681 1677
f 1381 1894 1376
f 1894 1381 1380
f 1682 1829 1377
f 1682 1377 1376
f 1693 1698 1323
f 1693 1697 1783
f 1698 1828 1325
f 2095 1685 1693
f 1693 1323 2095
f 1697 2165 1708
f 1697 1708 1783
f 1697 1699 2165
f 1700 1699 1886
f 1886 1699 1697
f 1886 1702 1700
f 1702 1886 1709
f 1699 1703 2165
f 1704 1886 2181
f 1886 1704 2178
f 2181 1886 1706
f 1705 2178 1704
f 1706 1471 2199
f 1707 2181 1706
f 1702 1701 1712
f 2178 1709 1886
f 1471 1706 1886
f 2178 1714 1709
f 1710 1694 1693
f 1694 1698 1693
f 2170 1712 1701
f 2170 1713 1716
f 1711 2170 1708
f 1716 1708 2170
f 1695 1693 1696
f 1716 1783 1708
f 1693 1783 1696
f 1693 1695 1710
f 1714 2179 1713
f 2180 2181 2194
f 2194 2181 1707
f 2180 2194 2189
f 1716 1713 2179
f 2179 1715 1716
f 1715 2180 1716
f 1716 2189 1625
f 2189 2190 1625
f 1716 2180 2189
f 1713 2170 1701
f 1325 1828 1687
f 1702 1712 1700
f 1609 1717 1610
f 1717 2081 1610
f 1719 1720 1718
f 1720 2080 1372
f 1722 1721 6571
f 2080 1720 1719
f 2080 1719 1832
f 1724 1722 6893
f 1718 1721 1719
f 1728 1723 2002
f 2002 1723 1724
f 1729 1728 1726
f 1723 1728 1725
f 1726 1727 1869
f 1730 1575 1727
f 1730 1576 1575
f 1267 2071 1732
f 1732 1266 1267
f 1263 1264 1265
f 1744 1972 1979
f 1974 1436 1991
f 1491 1548 1547
f 1492 1481 1548
f 1548 1491 1492
f 1491 1547 1748
f 1491 1748 1480
f 1481 1493 1749
f 1495 1484 1764
f 1547 1751 1753
f 1548 1751 1547
f 1750 1751 1548
f 1750 1481 1749
f 1754 1753 1751
f 1481 1750 1548
f 1544 1755 1758
f 1755 1544 1943
f 1544 1756 1757
f 1756 1544 1758
f 1941 1544 1757
f 1757 2045 1941
f 1756 1758 1754
f 1765 1496 1892
f 1892 1486 1765
f 1773 1752 1766
f 1766 1752 1767
f 1486 1555 1752
f 1555 1489 1768
f 1489 1555 1486
f 1768 1489 1497
f 1769 1768 1497
f 1767 1768 1769
f 1763 1552 1762
f 1771 1760 1759
f 1752 1555 1767
f 1770 1552 1774
f 1772 1770 1774
f 1774 1551 1775
f 1764 1484 1496
f 1770 1762 1552
f 1776 1767 1555
f 1767 1776 1777
f 1924 1768 1767
f 1768 1924 1554
f 1924 1767 1777
f 1779 1774 1552
f 1778 1552 1553
f 1552 1778 1779
f 1550 1551 1774
f 1925 1774 1779
f 1774 1925 1550
f 1782 1547 1549
f 1547 1782 1928
f 1546 1548 1547
f 1547 1929 1546
f 1929 1547 1928
f 1780 1943 1544
f 1780 1544 1545
f 1780 1930 1943
f 1930 1941 1943
f 1781 1544 1941
f 1781 1941 1930
f 1544 1781 1543
f 1783 1517 1519
f 1784 1786 1785
f 1786 1787 1783
f 1517 1783 1782
f 1519 1518 1795
f 1783 1789 1782
f 1788 1789 1510
f 1792 1789 1783
f 1508 1790 1791
f 1791 1788 1508
f 1784 1787 1786
f 1792 1783 1787
f 1792 1793 1511
f 1789 1511 1510
f 1512 1788 1510
f 1511 1789 1792
f 1793 1792 1794
f 1512 1508 1788
f 1516 1795 1518
f 1513 1796 1797
f 1507 1797 1790
f 1501 1798 1799
f 1505 1799 1796
f 1800 1795 1515
f 1515 1514 1800
f 1503 1801 1802
f 1502 1802 1803
f 1504 1514 1804
f 1499 1804 1805
f 1498 1805 1801
f 1514 1504 1800
f 1795 1516 1515
f 1502 1803 1798
f 1790 1509 1507
f 1796 1513 1505
f 1799 1505 1501
f 1513 1797 1507
f 1794 1806 1808
f 1802 1502 1500
f 1802 1500 1503
f 1805 1498 1499
f 1804 1499 1504
f 1498 1801 1503
f 1806 1807 1808
f 1807 1504 1808
f 1807 1800 1504
f 1502 1798 1501
f 1508 1509 1790
f 1539 1541 1375
f 1375 1541 1377
f 1532 1809 1810
f 1527 1810 1539
f 1529 1811 1812
f 1531 1812 1813
f 1532 1813 1809
f 1527 1539 1375
f 1541 1540 1377
f 1376 1377 1540
f 1540 1538 1376
f 1528 1814 1815
f 1529 1815 1811
f 1810 1527 1526
f 1532 1810 1526
f 1533 1812 1531
f 1529 1812 1533
f 1532 1531 1813
f 1527 1816 1818
f 1816 1817 1818
f 1375 1816 1527
f 1528 1815 1530
f 1522 1819 1534
f 1814 1528 1534
f 1529 1530 1815
f 1534 1819 1814
f 1535 1536 1376
f 1376 1536 1537
f 1820 1821 1521
f 1537 1820 1520
f 1819 1522 1821
f 1378 1376 1537
f 1537 1380 1378
f 1520 1380 1537
f 1380 1822 1382
f 1382 1823 1385
f 1824 1383 1385
f 1521 1821 1522
f 1520 1820 1524
f 1521 1524 1820
f 1818 1817 1630
f 1822 1823 1382
f 1825 1380 1520
f 1385 1823 1824
f 1825 1525 1630
f 1525 1825 1520
f 1825 1822 1380
f 1535 1376 1538
f 1829 1827 1826
f 1692 1827 1829
f 1830 1826 1827
f 1826 1828 1591
f 1841 1591 1828
f 1617 1591 1841
f 1692 1828 1830
f 1828 1826 1830
f 1692 1687 1828
f 1827 1692 1830
f 1698 1841 1831
f 1841 1828 1831
f 1828 1698 1831
f 1585 2080 1832
f 1832 1833 1585
f 1264 1627 1832
f 1627 1628 1832
f 1661 1585 1645
f 1645 1585 1833
f 1628 1645 1833
f 1832 1628 1833
f 1320 1834 1835
f 1318 1837 1834
f 1318 1834 1320
f 1836 1837 1318
f 1838 1320 1835
f 1318 1840 1836
f 1839 1837 1836
f 1316 1840 1318
f 1847 1838 1841
f 1847 1841 1842
f 1320 1838 1847
f 1316 1312 1843
f 1315 1314 1298
f 1301 1312 1315
f 1844 1845 1846
f 1842 1845 1847
f 1846 1314 1844
f 1295 1845 1842
f 1840 1316 1843
f 1303 1848 1843
f 1300 1306 1848
f 1839 1836 1306
f 1297 1851 1300
f 1300 1851 1850
f 1848 1303 1300
f 1300 1850 1306
f 1306 1850 1849
f 1297 1852 1851
f 1301 1303 1843
f 1298 1314 1299
f 1298 1301 1315
f 1846 1845 1295
f 1299 1314 1846
f 1853 1832 1295
f 1854 1295 1832
f 1854 1297 1295
f 1854 1852 1297
f 1842 1853 1295
f 1843 1312 1301
f 1855 1615 1856
f 1857 1615 1855
f 1858 1857 1855
f 1858 1855 1864
f 1859 1860 1861
f 1859 1861 1863
f 1863 1862 1859
f 1388 1855 1865
f 1865 1389 1388
f 1866 1859 1862
f 1389 1859 1867
f 1866 1867 1859
f 1859 1389 1865
f 1864 1855 1388
f 1870 1868 1869
f 1868 1872 1869
f 1578 1871 1870
f 1870 1871 1868
f 1871 1578 1877
f 1868 1873 1872
f 1873 1868 1874
f 1868 1875 1874
f 1871 1877 1876
f 1876 1878 1871
f 1879 1871 1878
f 1542 1837 1882
f 1881 1837 1880
f 1542 1880 1837
f 1871 1882 1868
f 1884 1880 1883
f 1859 1865 1883
f 1880 1884 1881
f 1480 1885 1483
f 1885 1480 1886
f 1885 1481 1483
f 1480 1479 1886
f 1479 1470 1886
f 1493 1482 1887
f 1468 1470 1944
f 1888 1889 1468
f 1889 1469 1468
f 1890 1472 1469
f 1890 1469 1889
f 1891 1478 1472
f 1493 1887 1490
f 1484 1490 1887
f 1893 1486 1892
f 1486 1893 1682
f 1682 1489 1486
f 1487 1489 1682
f 1487 1488 1489
f 1894 1488 1487
f 1488 1674 1494
f 1674 1488 1894
f 1897 1898 1896
f 1897 1896 1895
f 1473 1478 1899
f 1896 1473 1939
f 1939 1473 1899
f 1937 1476 1936
f 1937 1674 1476
f 1474 1896 1898
f 1936 1476 1938
f 1476 1474 1938
f 1674 1937 1494
f 1900 1901 1852
f 1854 1900 1852
f 1902 1901 1900
f 1902 1903 1901
f 1875 1868 1904
f 1903 1905 1904
f 1875 1904 1905
f 1902 1905 1903
f 1835 1906 1838
f 1835 1907 1906
f 1908 1906 1907
f 1909 1908 1907
f 1910 1856 1911
f 1911 1909 1910
f 1856 1910 1865
f 1908 1909 1911
f 1655 1912 1657
f 1913 1871 1879
f 1655 1914 1912
f 1915 1916 1917
f 1917 1914 1915
f 1916 1915 1913
f 1913 1879 1916
f 1912 1914 1917
f 1918 1671 1284
f 1918 1919 1671
f 1920 1860 1859
f 1921 1920 1922
f 1919 1923 1922
f 1921 1922 1923
f 1918 1923 1919
f 1921 1860 1920
f 1541 1776 1554
f 1554 1540 1541
f 1536 1540 1554
f 1924 1536 1554
f 1811 1777 1776
f 1810 1776 1539
f 1813 1776 1809
f 1810 1809 1776
f 1812 1811 1776
f 1776 1813 1812
f 1815 1777 1811
f 1814 1777 1815
f 1777 1814 1819
f 1819 1924 1777
f 1537 1536 1924
f 1924 1819 1821
f 1924 1821 1820
f 1537 1924 1820
f 1550 1522 1553
f 1523 1522 1550
f 1550 1925 1523
f 1926 1523 1925
f 1927 1926 1925
f 1818 1778 1553
f 1818 1779 1778
f 1818 1553 1527
f 1779 1818 1925
f 1630 1927 1925
f 1630 1523 1926
f 1630 1926 1927
f 1630 1925 1818
f 1523 1630 1525
f 1549 1518 1519
f 1518 1549 1546
f 1515 1518 1546
f 1929 1515 1546
f 1789 1928 1782
f 1782 1549 1517
f 1788 1791 1928
f 1928 1789 1788
f 1790 1928 1791
f 1797 1928 1790
f 1928 1797 1796
f 1798 1929 1928
f 1514 1515 1929
f 1799 1928 1796
f 1929 1798 1803
f 1798 1928 1799
f 1929 1802 1801
f 1929 1805 1804
f 1929 1804 1514
f 1805 1929 1801
f 1802 1929 1803
f 1543 1506 1545
f 1511 1793 1545
f 1793 1780 1545
f 1931 1781 1930
f 1932 1506 1781
f 1543 1781 1506
f 1794 1780 1793
f 1794 1930 1780
f 1808 1930 1794
f 1930 1808 1931
f 1808 1932 1781
f 1808 1506 1932
f 1506 1808 1504
f 1781 1931 1808
f 1934 1933 1463
f 1463 1467 1934
f 1466 1463 1494
f 1466 1467 1463
f 1936 1466 1494
f 1937 1936 1494
f 1939 1771 1772
f 1774 1775 1474
f 1938 1474 1775
f 1774 1939 1772
f 1771 1939 1760
f 1890 2045 1761
f 1889 1943 1941
f 1479 1948 1942
f 1940 1761 1760
f 1940 1890 1761
f 1479 1942 1944
f 1944 1942 1755
f 1939 1774 1895
f 1760 1939 1899
f 1897 1774 1898
f 1774 1897 1895
f 1898 1774 1474
f 1896 1939 1895
f 1899 1478 1760
f 1941 2045 1890
f 1940 1760 1472
f 1755 1943 1468
f 1891 1760 1478
f 1472 1760 1891
f 1889 1941 1890
f 1890 1940 1472
f 1943 1888 1468
f 1888 1943 1889
f 1479 1944 1470
f 1944 1755 1468
f 1485 1484 1684
f 1674 1675 1477
f 1674 1894 1677
f 1894 1487 1682
f 1683 1682 1892
f 1892 1485 1683
f 1893 1892 1682
f 1684 1683 1485
f 1470 1471 1886
f 1693 1482 1481
f 1482 1693 1887
f 1697 1885 1886
f 1481 1885 1693
f 1684 1887 1685
f 1685 1887 1693
f 1693 1885 1697
f 1887 1684 1484
f 1936 1945 1467
f 1936 1467 1466
f 1936 1935 1945
f 1935 1946 1945
f 1934 1946 1935
f 1945 1946 1467
f 1547 1953 1947
f 1948 1480 1748
f 1547 1948 1748
f 1947 1948 1547
f 1950 1949 1755
f 1755 1942 1950
f 1949 1952 1755
f 1755 1952 1758
f 1951 1754 1758
f 1951 1758 1952
f 1754 1951 1954
f 1953 1547 1753
f 1753 1754 1954
f 1954 1953 1753
f 1947 1953 1948
f 1948 1949 1942
f 1942 1949 1950
f 1948 1953 1949
f 1953 1952 1949
f 1953 1954 1952
f 1952 1954 1951
f 1551 1964 1955
f 1955 1775 1551
f 1935 1936 1956
f 1936 1938 1465
f 1936 1465 1956
f 1956 1957 1934
f 1934 1935 1956
f 1958 1959 1463
f 1933 1934 1958
f 1933 1958 1463
f 1958 1934 1957
f 1463 1959 1464
f 1961 1463 1464
f 1769 1961 1960
f 1961 1769 1463
f 1960 1767 1769
f 1962 1773 1766
f 1766 1963 1962
f 1963 1766 1767
f 1960 1963 1767
f 1962 1762 1773
f 1964 1551 1552
f 1763 1964 1552
f 1763 1962 1964
f 1763 1762 1962
f 1960 1958 1962
f 1960 1959 1958
f 1960 1962 1963
f 1962 1958 1957
f 1957 1956 1964
f 1964 1962 1957
f 1955 1964 1956
f 1959 1960 1464
f 1961 1464 1960
f 1955 1956 1465
f 1967 1966 1968
f 1743 1970 5011
f 1743 4686 1970
f 4686 1743 5012
f 4688 1744 5013
f 1744 4688 1971
f 1971 1972 1744
f 1354 1559 1426
f 1559 1354 1425
f 1426 4685 1354
f 4685 1427 1558
f 1427 4685 1426
f 1355 1558 1356
f 1428 1356 1558
f 1356 1429 1557
f 1429 1356 1428
f 1556 1362 1557
f 1745 1973 4980
f 4981 4983 1746
f 1990 4983 1603
f 4985 1991 1747
f 1431 1357 1430
f 1430 1357 1362
f 1358 1431 1359
f 1431 1358 1357
f 1556 1433 1362
f 1437 1974 1360
f 1974 1437 1435
f 1438 1359 1431
f 1363 1438 1360
f 1359 1438 1363
f 1976 4695 1975
f 5011 1450 1975
f 1560 1975 4854
f 4854 1975 4862
f 1976 1424 4695
f 1977 1422 1424
f 4862 1975 4695
f 1978 1450 5011
f 1978 1452 1450
f 1452 1978 5013
f 1450 1976 1975
f 1980 1981 1977
f 1976 1977 1424
f 1422 1445 1443
f 1982 1452 5013
f 1977 1981 1422
f 1983 1425 1560
f 1983 1560 4854
f 1440 1984 4692
f 1440 1559 4691
f 4691 1984 1440
f 1425 1983 4691
f 1559 1425 4691
f 1559 1440 1426
f 1426 1440 1427
f 1558 1427 1985
f 4692 1986 1440
f 1443 1986 1422
f 1444 1441 1442
f 1440 1986 1443
f 1987 1558 1985
f 1428 1987 1429
f 1987 1428 1558
f 1429 1987 1441
f 1985 1427 1440
f 1443 1445 1442
f 1452 1454 1980
f 1979 1452 1744
f 1982 1744 1452
f 1454 1452 1979
f 1979 1745 1454
f 1981 1445 1422
f 1988 1454 1745
f 1981 1980 1454
f 1989 1446 1981
f 1455 1454 1988
f 4983 1455 1988
f 1990 1991 1989
f 1989 1455 1990
f 1991 1436 1989
f 1444 1992 1432
f 1444 1556 1441
f 1446 1989 1447
f 1430 1992 1431
f 1445 1981 1446
f 1429 1441 1556
f 1433 1992 1430
f 1444 1432 1556
f 1433 1432 1992
f 1992 1993 1431
f 1442 1445 1444
f 1434 1447 1438
f 1437 1438 1447
f 1447 1435 1437
f 1447 1436 1435
f 1434 1431 1993
f 1993 1447 1434
f 1447 1989 1436
f 1453 1456 1994
f 1994 1456 1989
f 1989 1456 1455
f 1453 1994 1454
f 1981 1994 1989
f 1454 1994 1981
f 1451 1995 1449
f 1980 1995 1451
f 1980 1451 1452
f 1977 1976 1995
f 1980 1977 1995
f 1449 1976 1450
f 1449 1995 1976
f 1996 1997 1448
f 1996 1448 1993
f 1993 1448 1447
f 1993 1997 1996
f 1448 1997 1992
f 1993 1992 1997
f 1992 1444 1448
f 1998 1439 1441
f 1998 1441 1987
f 1439 1998 1440
f 1987 1985 1998
f 1985 1440 1998
f 1745 1979 1973
f 1988 1745 4980
f 1991 1990 1747
f 4980 1746 1988
f 1988 1746 4983
f 1455 4983 1990
f 1978 5011 4687
f 1973 1979 1972
f 1744 1982 5013
f 1611 1978 4687
f 5012 1743 1975
f 1611 5013 1978
f 5011 1975 1743
f 1975 1560 5012
f 1999 1423 1986
f 1986 1423 1422
f 1999 1986 4692
f 1984 1999 4692
f 1984 4691 1999
f 4854 1999 1983
f 1999 4691 1983
f 1374 1563 1373
f 1564 1563 1370
f 1370 1563 1374
f 1373 1561 1738
f 1373 1563 1562
f 1561 1373 1562
f 6575 1565 1369
f 6575 1365 1565
f 1564 1370 1407
f 1370 1369 1407
f 1742 1720 1738
f 1742 1741 2000
f 1741 2009 6571
f 1741 6571 2000
f 1740 6893 2009
f 1739 6570 2001
f 6570 1739 2002
f 1565 6869 6870
f 6869 1565 1365
f 6870 1367 1566
f 1566 1366 1364
f 1366 1566 1367
f 1364 6875 1399
f 1733 1567 1397
f 1733 1403 1567
f 1735 6882 1736
f 1737 2002 1739
f 1733 2003 1734
f 1734 6882 1735
f 1564 1412 1563
f 1563 1412 1406
f 6581 1406 1412
f 1412 2005 6583
f 1409 1391 2005
f 6583 6581 1412
f 2004 1406 6581
f 1406 2004 1394
f 2006 1412 1564
f 1407 1408 2006
f 1409 1408 1414
f 1412 1409 2005
f 1391 2007 2008
f 1405 1408 1407
f 2006 1564 1407
f 1409 1414 1391
f 2011 1393 1392
f 1416 1741 6579
f 6579 1393 1416
f 1741 1394 6579
f 2009 1416 2010
f 1741 1416 2009
f 1392 1390 2011
f 2008 1390 1391
f 1420 1416 2012
f 2011 1390 2008
f 1416 1393 2011
f 2010 1416 1740
f 2008 2007 2012
f 1408 1565 1404
f 1565 1408 1405
f 1414 1404 1402
f 1414 1402 1401
f 1408 1404 1414
f 2013 1401 2014
f 1391 1414 2007
f 2013 1414 1401
f 1415 2007 1414
f 1400 2015 2014
f 1399 2015 1400
f 2015 1397 1567
f 2015 1398 1397
f 2015 1399 1398
f 1415 2015 2019
f 2014 1401 1400
f 1420 2018 1416
f 2017 1420 1736
f 2007 1415 2019
f 1416 1739 2016
f 1739 1416 2018
f 1740 1416 2016
f 2017 1737 1420
f 1737 2018 1420
f 2012 2007 1420
f 2020 1419 2019
f 2019 1567 2020
f 1736 1420 1419
f 2021 1736 1419
f 2019 2015 1567
f 1421 2007 2022
f 2007 2019 2022
f 1421 1420 2007
f 2022 2019 1421
f 1421 2019 1419
f 1416 2023 1418
f 1418 2023 1416
f 1418 1416 2011
f 2012 1417 1418
f 2008 1418 2011
f 1416 1417 2012
f 2008 2012 1418
f 1413 2024 2025
f 2024 1413 1414
f 2024 1414 2025
f 1414 2013 2025
f 2014 2025 2013
f 2025 2015 1413
f 2015 2025 2014
f 1412 2026 1411
f 1411 2026 1412
f 1412 2006 1411
f 1408 1410 1411
f 2006 1408 1411
f 1741 1742 1394
f 2001 1740 2016
f 1739 2001 2016
f 1406 1742 1738
f 1742 1406 1394
f 1740 2009 2010
f 1567 1403 2020
f 2018 1737 1739
f 2020 1734 1419
f 1736 2021 1735
f 1736 1737 2017
f 1735 2021 1419
f 2020 1733 1734
f 1734 1735 1419
f 2020 1403 1733
f 2004 1395 1394
f 1395 2004 6581
f 6581 1396 1395
f 6583 1396 6581
f 1391 1396 2005
f 6583 2005 1396
f 2027 2028 1853
f 1853 1842 2027
f 2027 2029 2028
f 1800 1807 2030
f 2030 2029 1800
f 2028 2029 2030
f 2031 2032 1672
f 1672 1661 2031
f 2031 2033 2032
f 1816 1375 2034
f 2034 2033 1816
f 2032 2033 2034
f 1856 1615 1617
f 1613 1857 1858
f 1617 1615 1616
f 1612 1616 1857
f 1857 1616 1615
f 1857 1613 1612
f 1858 1608 1614
f 1614 1613 1858
f 1608 1858 1864
f 1607 1864 1388
f 1607 1388 1606
f 1864 1607 1608
f 1606 1388 1605
f 1605 1388 1604
f 1388 1603 1604
f 1389 1603 1388
f 1389 1867 1361
f 1867 1598 1361
f 1617 1838 1906
f 1908 1617 1906
f 1908 1911 1617
f 1856 1617 1911
f 1867 1866 1598
f 1596 1866 1862
f 1862 1595 1596
f 1866 1596 1600
f 1866 1600 1599
f 1863 1597 1862
f 1861 1355 1863
f 1593 1861 1860
f 1594 1597 1863
f 1355 1594 1863
f 1861 1590 1355
f 1862 1597 1595
f 1841 1838 1617
f 1921 1593 1860
f 1921 1923 1593
f 1918 1284 1593
f 1918 1593 1923
f 1826 1593 1284
f 1841 1698 2027
f 2029 2027 1698
f 1842 1841 2027
f 1800 2029 1698
f 1829 1826 1672
f 1829 2032 2034
f 2032 1829 1672
f 2034 1375 1829
f 1807 1806 1622
f 1794 1792 1623
f 1625 1787 1784
f 1787 2220 1792
f 1784 1785 1625
f 1792 1629 1623
f 1794 1623 1806
f 2220 1629 1792
f 1787 1625 2220
f 1785 1786 1716
f 1710 1519 1795
f 1800 1698 1795
f 1695 1783 1519
f 1625 1785 1716
f 1716 1786 1783
f 1695 1696 1783
f 1710 1695 1519
f 1694 1710 1795
f 1698 1694 1795
f 1824 1823 1650
f 1383 1824 1650
f 1822 1825 1648
f 1823 1822 1648
f 1379 1383 1650
f 1648 1650 1823
f 1633 1648 1825
f 1825 1631 1633
f 1825 1630 1631
f 1817 1816 1645
f 1634 1630 1817
f 1622 2030 1807
f 2030 1622 1264
f 1853 1264 1832
f 1264 2028 2030
f 2028 1264 1853
f 1816 2033 1645
f 2031 1661 1645
f 2033 2031 1645
f 1719 1854 1832
f 1905 1721 1875
f 1905 1902 1719
f 1900 1854 1719
f 1900 1719 1902
f 1719 1721 1905
f 1661 1657 1585
f 1872 1726 1869
f 1870 1869 1727
f 1870 1727 1575
f 1723 1725 1872
f 1728 1872 1725
f 1729 1726 1872
f 1872 1728 1729
f 1872 1873 1723
f 1875 1721 1874
f 1873 1874 1722
f 1873 1724 1723
f 1722 1724 1873
f 1722 1874 1721
f 1584 1585 1657
f 1912 1584 1657
f 1912 1917 1584
f 1879 1584 1916
f 1917 1916 1584
f 6875 1870 1576
f 1870 1575 1576
f 1879 1878 1371
f 1876 1877 1581
f 1582 1878 1876
f 1584 1879 1371
f 1583 1371 1878
f 1582 1368 1878
f 1583 1878 1368
f 1876 1581 1368
f 1876 1368 1582
f 1581 1877 1365
f 1877 1578 1579
f 1578 1870 1580
f 1579 1365 1877
f 6875 1577 1870
f 1870 1577 1580
f 2000 1718 1742
f 6571 1721 2000
f 1742 1718 1720
f 1722 6571 2009
f 1740 2001 1724
f 2001 6570 1724
f 1733 1576 2003
f 1720 1372 1738
f 1721 1718 2000
f 6893 1740 1724
f 2009 6893 1722
f 1737 1736 1728
f 1728 2002 1737
f 1736 6882 1726
f 1734 2003 1730
f 1734 1726 6882
f 1728 1736 1726
f 1730 1727 1734
f 1727 1726 1734
f 2003 1576 1730
f 2002 1724 6570
f 1603 1747 1990
f 4983 1604 1603
f 4981 1746 1605
f 4980 1606 1746
f 1607 4980 1973
f 1604 4983 4981
f 1991 1361 1974
f 1603 4985 1747
f 1606 4980 1607
f 1746 1606 1605
f 4981 1605 1604
f 1973 1608 1607
f 1973 1972 1608
f 1613 4688 5013
f 5013 1611 1613
f 1972 1971 1608
f 4687 5011 1616
f 5011 1970 1616
f 4686 1617 1970
f 4688 1608 1971
f 1611 4687 1612
f 1612 4687 1616
f 1617 4686 5012
f 1970 1617 1616
f 1568 1571 1572
f 1573 1731 1572
f 1571 1627 1569
f 1627 1571 1568
f 1263 1569 1264
f 1569 1627 1264
f 1749 1339 2036
f 2037 2038 1334
f 1339 2037 2036
f 2036 2037 2046
f 2039 2040 1337
f 2041 2042 1336
f 2042 1347 2049
f 1340 2035 1342
f 2040 2041 1337
f 1342 2043 2042
f 1340 1339 2035
f 2038 2039 1334
f 2045 2044 2046
f 1334 2046 2037
f 2044 2036 2046
f 2046 2048 2045
f 1337 1335 2039
f 1336 1337 2041
f 1336 2042 2049
f 2048 2046 2047
f 2049 1760 2048
f 2049 2058 1760
f 2049 2048 2047
f 1334 2039 1335
f 2035 1344 2066
f 1344 2035 2053
f 2043 1347 2042
f 2065 2050 1349
f 2051 2065 1349
f 2043 2051 1348
f 2066 2043 1342
f 2052 2053 1351
f 2053 2054 1351
f 2050 2052 1352
f 1349 1348 2051
f 1350 1349 2050
f 1347 2043 1348
f 2055 2058 1347
f 2058 2049 1347
f 1351 1352 2052
f 2057 2058 2056
f 1351 2054 2056
f 2058 2057 2059
f 1350 2050 1352
f 2066 1342 2035
f 1749 2036 1750
f 1749 1493 1339
f 1493 2035 1339
f 2035 1495 1764
f 1495 2035 1493
f 1750 2036 2044
f 2044 1757 1750
f 1761 2048 1760
f 1760 2058 1759
f 1757 2044 2045
f 2045 2048 1761
f 1772 2057 2056
f 1772 2059 2057
f 1772 2056 1770
f 1772 2058 2059
f 2058 1771 1759
f 1771 2058 1772
f 1770 2056 2054
f 2054 1752 1770
f 1496 1765 2035
f 2035 1764 1496
f 1765 2053 2035
f 1486 1752 2054
f 2053 1765 1486
f 1486 2054 2053
f 2062 2060 1353
f 2056 2062 1353
f 2056 2055 2062
f 2060 2061 1347
f 2061 2060 2062
f 2055 2056 2058
f 2055 2061 2062
f 1347 2061 2055
f 2064 2063 1343
f 2066 1345 2063
f 2065 2063 2064
f 2063 2065 2066
f 2050 2064 2052
f 2064 1343 2053
f 2053 2052 2064
f 2051 2066 2065
f 2050 2065 2064
f 2051 2043 2066
f 2040 2067 1342
f 1339 1341 2067
f 2067 2038 1339
f 2038 2067 2040
f 2042 2041 2040
f 2042 2040 1342
f 2039 2038 2040
f 2037 1339 2038
f 2070 1338 2068
f 2069 1338 2070
f 2070 2068 2049
f 2046 1338 2069
f 2047 2070 2049
f 2046 2069 2070
f 2047 2046 2070
f 1901 1903 1882
f 1903 1904 1882
f 1868 1882 1904
f 1901 1882 1852
f 1851 1882 1850
f 1852 1882 1851
f 1882 1839 1306
f 1882 1849 1850
f 1849 1882 1306
f 1837 1839 1882
f 1884 1837 1881
f 1884 1835 1834
f 1834 1837 1884
f 1909 1907 1883
f 1883 1910 1909
f 1835 1884 1907
f 1884 1883 1907
f 1883 1865 1910
f 1919 1883 1671
f 1919 1922 1883
f 1920 1883 1922
f 1859 1883 1920
f 1883 1880 1669
f 1670 1883 1669
f 1671 1883 1670
f 1658 1659 1542
f 1880 1659 1668
f 1880 1668 1669
f 1542 1659 1880
f 1654 1542 1655
f 1658 1542 1654
f 1915 1914 1542
f 1882 1913 1915
f 1655 1542 1914
f 1882 1915 1542
f 1882 1871 1913
f 1570 1572 1329
f 1572 1574 1329
f 2078 1731 1570
f 1731 2078 2071
f 1333 1331 1571
f 1330 1333 1571
f 1330 1571 1569
f 1569 1332 1330
f 2073 1332 1569
f 2073 1569 1263
f 1732 2074 1266
f 2074 2072 1266
f 1265 2073 1263
f 2073 2076 2075
f 1265 2076 2073
f 2076 1265 2074
f 2072 2074 1265
f 2071 1965 1732
f 1732 2077 2074
f 1965 2071 2078
f 1457 1330 1969
f 1969 1330 2075
f 1457 1459 1331
f 1330 1457 1331
f 2076 1969 2075
f 1968 1969 2076
f 2074 1968 2076
f 2074 2077 1968
f 2077 1967 1968
f 1574 1331 1459
f 1459 1329 1574
f 1459 1462 1329
f 1570 1329 1462
f 2078 1570 1462
f 1462 1460 2078
f 1732 1967 2077
f 2078 1460 1965
f 1967 1732 1965
f 2079 1372 2080
f 1372 2079 2080
f 2081 2082 1610
f 1591 1610 2082
f 1588 1592 2083
f 1601 1588 2086
f 2088 1601 2086
f 1589 1601 2088
f 2084 1587 1589
f 2084 2085 1587
f 1587 1602 1586
f 1602 1587 2085
f 1602 2085 1609
f 1609 2086 1717
f 2086 1609 2085
f 2086 2087 1717
f 2083 1717 2087
f 2081 1717 2083
f 1588 2087 2086
f 1589 2088 2084
f 1588 2083 2087
f 2084 2088 2085
f 2088 2086 2085
f 2082 2081 1591
f 1592 1591 2081
f 2081 2083 1592
f 1461 1460 1462
f 1460 1461 1965
f 1461 1966 1965
f 1965 1966 1967
f 1461 1459 1457
f 1461 1457 1969
f 1457 1458 1969
f 1968 1966 1969
f 1461 1969 1966
f 1686 2089 1326
f 2090 2089 1686
f 1692 2090 1684
f 1686 1684 2090
f 2091 2092 1326
f 1326 2091 1327
f 2089 2091 1326
f 2089 2090 2091
f 1692 2092 2091
f 1326 2092 1692
f 2091 2090 1692
f 2093 1687 1685
f 2094 2093 1685
f 2095 2094 1685
f 2096 2097 1324
f 2093 2096 1687
f 2093 2094 2096
f 1324 2097 2095
f 2096 2095 2097
f 2095 1323 1324
f 2094 2095 2096
f 2112 2113 1680
f 1680 2113 2108
f 1680 1681 2112
f 2114 2112 1681
f 2116 2114 1681
f 2116 1681 1691
f 1679 2117 1689
f 1675 2118 2119
f 2111 2119 2118
f 2110 2118 1675
f 1679 2119 2111
f 2118 2110 2111
f 2103 2099 2101
f 2117 1679 2111
f 2117 2111 2098
f 1690 1689 2098
f 2102 1690 2098
f 1689 2117 2098
f 2099 2103 2100
f 2100 2103 2102
f 1690 2102 1384
f 2109 1676 2108
f 2109 2110 1676
f 2109 2108 2107
f 1676 2110 1675
f 2106 2108 2113
f 2113 2112 2106
f 2105 2106 2115
f 2115 1384 2104
f 2115 2104 2105
f 2102 2104 1384
f 2114 2106 2112
f 2116 2106 2114
f 1691 2115 2106
f 2116 1691 2106
f 2099 2111 2110
f 2120 2164 2110
f 2120 2110 2109
f 2110 2164 2101
f 2110 2101 2099
f 2100 2111 2099
f 2111 2100 2098
f 2098 2100 2102
f 2164 2103 2101
f 2103 2164 2102
f 2105 2104 2102
f 2102 2164 2105
f 2120 2109 2107
f 2120 2107 2159
f 2159 2107 2108
f 2159 2108 2160
f 2160 2106 2162
f 2108 2106 2160
f 2163 2161 2106
f 2163 2106 2105
f 2162 2106 2161
f 1635 2123 2122
f 2123 1635 1632
f 1632 2124 2123
f 1636 2125 1632
f 2124 1632 2125
f 1636 1646 2125
f 2121 2126 2127
f 1637 2122 2123
f 2126 2121 2127
f 1637 2127 2121
f 2123 2124 2125
f 1637 2125 1646
f 2125 1637 2123
f 2127 1637 2128
f 1646 2128 1637
f 1638 2137 2136
f 2138 1648 2136
f 2136 2137 2130
f 2132 2130 1638
f 1638 2130 2137
f 2136 2130 2129
f 2129 2138 2136
f 2134 2133 1638
f 2134 2135 2131
f 2135 2134 2139
f 2139 2134 1638
f 2131 2138 2129
f 2138 2131 1648
f 1648 2131 2139
f 2135 2139 2131
f 2133 2132 1638
f 2129 2130 2133
f 2133 2130 2132
f 2134 2131 2129
f 2134 2129 2133
f 2139 2141 1647
f 1643 2142 1639
f 2143 1639 2142
f 2144 1641 1639
f 1639 2143 2144
f 2146 2140 1641
f 2145 2140 2146
f 2145 2139 2140
f 2141 2139 2145
f 2145 1647 2141
f 1641 2144 2147
f 1641 2147 2146
f 2144 2142 1643
f 2142 2144 2143
f 1643 2147 2144
f 2148 2147 1643
f 1647 2149 1652
f 1643 1652 2148
f 2148 1652 2149
f 2145 2146 2147
f 1647 2145 2149
f 2148 2149 2145
f 2148 2145 2147
f 2155 1651 1653
f 1642 2156 1652
f 2153 1652 2156
f 2156 1642 2153
f 1640 2153 1642
f 2151 1649 1652
f 1652 2153 2151
f 1640 2155 2154
f 2154 1653 2152
f 1653 2154 2155
f 2150 2152 1653
f 2150 1649 2151
f 1649 2150 1653
f 2154 2153 1640
f 2151 2153 2154
f 2152 2150 2151
f 2154 2152 2151
f 2157 1688 1678
f 1688 2157 1689
f 1689 2158 1688
f 2164 2120 2159
f 2105 2164 2163
f 2163 2164 2159
f 2160 2163 2159
f 2162 2161 2163
f 2163 2160 2162
f 1703 2166 2165
f 2167 2166 1699
f 1703 1699 2166
f 2167 1699 2168
f 1700 2168 1699
f 1700 1712 2169
f 2169 2168 1700
f 1712 2170 2169
f 2166 1708 2165
f 2166 2167 2168
f 1711 2168 2169
f 2168 1711 2166
f 2166 1711 1708
f 2170 1711 2169
f 2177 1713 1701
f 1709 2174 1702
f 2174 2171 1702
f 2171 1701 1702
f 1701 2172 2177
f 2176 2175 1709
f 2176 1714 2173
f 1714 2176 1709
f 2173 2177 2172
f 2177 2173 1713
f 1714 1713 2173
f 2175 2174 1709
f 2172 2171 2175
f 1701 2171 2172
f 2175 2171 2174
f 2176 2173 2172
f 2176 2172 2175
f 2182 1704 2181
f 2182 2183 1704
f 1705 1704 2183
f 2185 2178 1705
f 2184 2178 2185
f 2184 1714 2178
f 2179 1714 2184
f 1705 2183 2186
f 1705 2186 2185
f 2183 2181 2180
f 2181 2183 2182
f 2180 2186 2183
f 2187 2186 2180
f 2179 2188 1715
f 2188 2180 1715
f 2187 2180 2188
f 2184 2185 2186
f 2179 2184 2188
f 2187 2188 2184
f 2187 2184 2186
f 2190 2199 1621
f 2194 1707 2192
f 2192 1707 2195
f 1706 2195 1707
f 2199 2190 2193
f 2196 2195 1706
f 2196 2199 2193
f 2199 2196 1706
f 2189 2191 2193
f 2193 2190 2189
f 2191 2189 2194
f 2198 2200 2199
f 2197 2200 2198
f 2200 2197 2202
f 2202 2201 2200
f 2215 2227 2213
f 2216 2197 2217
f 2197 1618 2217
f 1618 2214 2217
f 2213 1618 2215
f 2213 2214 1618
f 2216 2203 2197
f 2221 1624 2203
f 2204 2221 2203
f 1624 2197 2203
f 2205 2206 2204
f 2206 2207 2204
f 2204 2219 2221
f 2219 2204 2208
f 2207 2208 2204
f 2222 1619 1620
f 2222 2215 1619
f 2222 1620 2212
f 1619 2215 1618
f 2211 1620 2218
f 2219 2208 2209
f 2209 1626 2219
f 2220 2210 2211
f 2220 2211 2218
f 2210 1626 2209
f 2205 2217 2214
f 2206 2205 2214
f 2214 2213 2206
f 2227 2215 2222
f 2206 2213 2227
f 2217 2205 2216
f 2203 2216 2204
f 2205 2204 2216
f 2227 2207 2206
f 2209 2208 2207
f 2207 2227 2209
f 2209 2227 2226
f 2222 2212 2223
f 1620 2223 2212
f 2223 1620 2225
f 1620 2211 2225
f 2209 2226 2224
f 2224 2211 2210
f 2224 2210 2209
f 2228 2227 2222
f 2228 2222 2223
f 2228 2226 2227
f 2228 2224 2226
f 2224 2228 2223
f 2225 2224 2223
f 2224 2225 2211
f 2191 2192 2196
f 2194 2192 2191
f 2196 2192 2195
f 2196 2193 2191
f 1322 2230 2229
f 2232 2230 1322
f 1313 1322 2229
f 1313 2229 2230
f 2230 2231 1313
f 2232 1321 1319
f 1319 1317 2232
f 2230 2232 2233
f 2230 2234 2231
f 1313 2231 2234
f 1847 2232 1317
f 1847 2233 2232
f 2230 2233 1847
f 1847 2234 2230
f 1314 1313 2234
f 2234 1845 1844
f 2234 1844 1314
f 1845 2234 1847
f 1309 1311 2235
f 1307 1309 1308
f 1836 1311 1307
f 1836 2235 1311
f 1836 1840 2235
f 1840 1843 2235
f 1306 1308 1309
f 1306 1309 2235
f 1848 2235 1843
f 1306 2235 1848
f 2237 1305 1304
f 1296 2236 2237
f 2237 2239 1296
f 2239 2237 2238
f 1296 2239 2238
f 1299 2237 1304
f 1846 2237 1299
f 2237 1846 1295
f 2238 2237 1295
f 1295 1296 2238
f 2241 1294 1293
f 1285 2240 2241
f 2241 2243 1285
f 2243 2241 2242
f 1285 2243 2242
f 1288 2241 1293
f 1665 2241 1288
f 2241 1665 1673
f 2242 2241 1673
f 1284 1285 2242
f 2242 1673 1284
f 1281 1283 2244
f 1279 1281 1280
f 1656 1283 1279
f 1656 2244 1283
f 1656 1279 1659
f 1656 1660 2244
f 1660 1662 2244
f 1668 1280 1281
f 1669 1281 2244
f 1667 2244 1662
f 1281 1669 1668
f 1669 2244 1667
f 1278 2246 2245
f 2248 2246 1278
f 1269 1278 2245
f 1269 2245 2246
f 2246 2247 1269
f 2248 1277 1275
f 1275 1273 2248
f 2246 2248 2249
f 2246 2250 2247
f 1269 2247 2250
f 1666 2248 1273
f 1666 2249 2248
f 2246 2249 1666
f 1666 2250 2246
f 1270 1269 2250
f 2250 1664 1663
f 2250 1663 1270
f 1664 2250 1666
f 2491 2256 2251
f 2253 2252 2251
f 2251 2256 2258
f 2253 2251 2261
f 2267 2253 2262
f 2261 2251 2258
f 2259 2253 2261
f 2259 2260 2253
f 2253 2260 2262
f 2262 2263 2267
f 2594 2264 2265
f 2255 2267 2269
f 2268 2269 2267
f 2254 2255 2278
f 2266 2268 2267
f 2271 2269 2268
f 2270 2269 2271
f 2269 2272 2274
f 2269 2274 2273
f 2275 2278 2269
f 2270 2272 2269
f 2269 2278 2255
f 2263 2266 2267
f 2283 2276 2277
f 2283 2282 2276
f 2285 2277 2278
f 2277 2254 2278
f 2289 2282 2283
f 2291 2283 2277
f 2284 2278 2275
f 2285 2278 2287
f 2286 2277 2285
f 2284 2287 2278
f 2291 2290 2283
f 2277 2286 2291
f 2290 2288 2283
f 2289 2283 2288
f 2292 2282 2289
f 2292 2293 2282
f 2269 2273 2275
f 2280 2279 2282
f 2294 2280 2282
f 2281 2280 2594
f 2296 2294 2282
f 2293 2295 2282
f 2296 2282 2295
f 2297 2294 2296
f 2297 2298 2294
f 2594 2298 2299
f 2594 2299 2264
f 2294 2298 2594
f 2594 2280 2294
f 2281 2594 2257
f 2302 2301 2313
f 2305 2306 2307
f 2313 2301 2303
f 2301 2306 2304
f 2304 2303 2301
f 2300 2313 2303
f 2305 2304 2306
f 2306 2311 2314
f 2316 2315 2312
f 2314 2311 2312
f 2312 2315 2314
f 2321 2316 2312
f 2306 2314 2308
f 2308 2314 2315
f 2310 2309 2316
f 2316 2321 2310
f 2309 2315 2316
f 2308 2307 2306
f 2322 2319 2317
f 2328 2323 2319
f 2321 2322 2317
f 2318 2317 2319
f 2319 2320 2318
f 2320 2319 2323
f 2329 2328 2319
f 2582 2325 2329
f 2324 2329 2325
f 2325 2326 2395
f 2326 2325 2582
f 2323 2329 2324
f 2329 2323 2328
f 2331 2332 2352
f 2330 2352 2332
f 2333 2334 2353
f 2333 2353 2335
f 2331 2353 2334
f 2569 2347 2353
f 2336 2337 2353
f 2338 2339 2341
f 2340 2338 2341
f 2336 2341 2339
f 2342 2343 2354
f 2344 2345 2354
f 2346 2344 2354
f 2342 2354 2345
f 2340 2354 2343
f 2335 2353 2337
f 2347 2341 2353
f 2353 2331 2352
f 2348 2341 2347
f 2350 2351 2356
f 2348 2351 2350
f 2341 2348 2354
f 2336 2353 2341
f 2356 2354 2350
f 2348 2350 2354
f 2340 2341 2354
f 2357 2358 2355
f 2359 2360 2355
f 2357 2355 2360
f 2361 2362 2379
f 2359 2355 2362
f 2356 2351 2364
f 2363 2365 2364
f 2366 2367 2379
f 2368 2369 2365
f 2370 2368 2378
f 2366 2379 2369
f 2371 2372 2376
f 2373 2374 2380
f 2371 2376 2374
f 2370 2376 2372
f 2365 2363 2378
f 2361 2379 2367
f 2356 2364 2355
f 2364 2365 2355
f 2355 2365 2379
f 2369 2379 2365
f 2355 2379 2362
f 2355 2354 2356
f 2376 2378 2452
f 2378 2377 2452
f 2370 2378 2376
f 2376 2380 2374
f 2376 2452 2380
f 2365 2378 2368
f 2354 2355 2346
f 2346 2355 2358
f 2373 2380 2375
f 2383 2386 2382
f 2383 2519 2381
f 2384 2519 2383
f 2384 2383 2382
f 2519 2384 2393
f 2386 2387 2385
f 2389 2385 2390
f 2382 2385 2389
f 2391 2390 2385
f 2385 2382 2386
f 2384 2394 2393
f 2394 2384 2399
f 2393 2394 2399
f 2395 2532 2393
f 2393 2399 2395
f 2389 2400 2384
f 2399 2324 2395
f 2399 2384 2400
f 2391 2396 2390
f 2401 2390 2396
f 2401 2398 2390
f 2398 2401 2400
f 2400 2389 2398
f 2389 2390 2398
f 2384 2382 2389
f 2385 2387 2392
f 2404 2387 2388
f 2402 2387 2404
f 2402 2392 2387
f 2392 2391 2385
f 2451 2405 2404
f 2451 2404 2388
f 2392 2402 2404
f 2404 2409 2403
f 2392 2404 2403
f 2392 2396 2391
f 2404 2408 2409
f 2408 2404 2405
f 2406 2407 2410
f 2416 2410 2407
f 2408 2406 2411
f 2406 2408 2405
f 2397 2401 2396
f 2409 2415 2403
f 2396 2392 2403
f 2397 2396 2412
f 2401 2397 2310
f 2413 2310 2397
f 2413 2397 2412
f 2417 2403 2415
f 2412 2396 2414
f 2403 2414 2396
f 2411 2409 2408
f 2415 2409 2417
f 2411 2406 2410
f 2410 2529 2411
f 2409 2411 2417
f 2411 2529 2417
f 2417 2414 2403
f 2324 2399 2323
f 2395 2324 2325
f 2399 2400 2318
f 2318 2400 2317
f 2400 2401 2321
f 2323 2399 2320
f 2318 2320 2399
f 2317 2400 2321
f 2401 2310 2321
f 2310 2413 2309
f 2413 2412 2309
f 2412 2414 2308
f 2529 2300 2304
f 2417 2529 2304
f 2414 2417 2307
f 2315 2309 2412
f 2315 2412 2308
f 2307 2417 2305
f 2304 2300 2303
f 2305 2417 2304
f 2308 2414 2307
f 2419 2420 2374
f 2418 2419 2373
f 2421 2422 2372
f 2423 2424 2368
f 2422 2423 2370
f 2420 2421 2371
f 2425 2426 2366
f 2427 2428 2361
f 2426 2427 2367
f 2429 2430 2359
f 2431 2432 2357
f 2430 2431 2360
f 2428 2429 2362
f 2424 2425 2369
f 2375 2418 2373
f 2374 2420 2371
f 2419 2374 2373
f 2372 2422 2370
f 2368 2424 2369
f 2423 2368 2370
f 2421 2372 2371
f 2366 2426 2367
f 2428 2362 2361
f 2361 2367 2427
f 2369 2425 2366
f 2362 2429 2359
f 2360 2431 2357
f 2357 2432 2358
f 2430 2360 2359
f 2433 2346 2358
f 2358 2432 2433
f 2434 2435 2344
f 2436 2437 2342
f 2435 2436 2345
f 2438 2439 2340
f 2440 2441 2339
f 2439 2440 2338
f 2437 2438 2343
f 2442 2443 2337
f 2444 2445 2333
f 2443 2444 2335
f 2446 2447 2331
f 2448 2265 2330
f 2447 2448 2332
f 2445 2446 2334
f 2441 2442 2336
f 2344 2346 2434
f 2342 2345 2436
f 2344 2435 2345
f 2340 2343 2438
f 2339 2338 2440
f 2340 2439 2338
f 2342 2437 2343
f 2337 2336 2442
f 2333 2335 2444
f 2337 2443 2335
f 2331 2334 2446
f 2330 2332 2448
f 2352 2330 2265
f 2331 2447 2332
f 2333 2445 2334
f 2339 2441 2336
f 2434 2346 2433
f 2451 2450 2560
f 2452 2457 2454
f 2452 2377 2347
f 2454 2456 2453
f 2378 2364 2377
f 2378 2363 2364
f 2364 2347 2377
f 2453 2456 2455
f 2456 2454 2457
f 2347 2457 2452
f 2349 2348 2347
f 2351 2348 2349
f 2349 2347 2351
f 2347 2364 2351
f 2457 2347 2569
f 2264 2299 2458
f 2265 2264 2459
f 2298 2297 2460
f 2296 2295 2461
f 2297 2296 2462
f 2299 2298 2463
f 2293 2292 2464
f 2289 2288 2465
f 2292 2289 2466
f 2290 2291 2467
f 2286 2285 2468
f 2291 2286 2469
f 2288 2290 2470
f 2295 2293 2471
f 2458 2459 2264
f 2352 2265 2459
f 2460 2463 2298
f 2461 2462 2296
f 2460 2297 2462
f 2458 2299 2463
f 2464 2471 2293
f 2465 2466 2289
f 2464 2292 2466
f 2467 2470 2290
f 2468 2469 2286
f 2472 2468 2285
f 2467 2291 2469
f 2465 2288 2470
f 2461 2295 2471
f 2285 2287 2472
f 2287 2284 2473
f 2275 2273 2474
f 2284 2275 2475
f 2274 2272 2476
f 2270 2271 2477
f 2272 2270 2478
f 2273 2274 2479
f 2268 2266 2480
f 2263 2262 2481
f 2266 2263 2482
f 2260 2259 2483
f 2261 2258 2484
f 2259 2261 2485
f 2262 2260 2486
f 2271 2268 2487
f 2473 2284 2475
f 2474 2273 2479
f 2275 2474 2475
f 2476 2272 2478
f 2477 2271 2487
f 2270 2477 2478
f 2274 2476 2479
f 2480 2266 2482
f 2262 2486 2481
f 2481 2482 2263
f 2487 2268 2480
f 2486 2260 2483
f 2485 2261 2484
f 2484 2258 2488
f 2259 2485 2483
f 2256 2375 2488
f 2488 2258 2256
f 2287 2473 2472
f 2578 2252 2253
f 2578 2253 2489
f 2251 2578 2491
f 2327 2491 2578
f 2251 2252 2578
f 2255 2581 2489
f 2490 2581 2254
f 2277 2490 2254
f 2255 2489 2267
f 2267 2489 2253
f 2581 2255 2254
f 2582 2491 2327
f 2492 2491 2582
f 2582 2329 2492
f 2329 2319 2602
f 2602 2492 2329
f 2602 2319 2493
f 2322 2597 2599
f 2322 2599 2493
f 2319 2322 2493
f 2597 2321 2312
f 2322 2321 2597
f 2277 2586 2490
f 2276 2494 2586
f 2277 2276 2586
f 2494 2276 2282
f 2282 2279 2590
f 2590 2279 2280
f 2495 2494 2282
f 2496 2590 2280
f 2591 2496 2280
f 2281 2591 2280
f 2495 2282 2590
f 2311 2497 2312
f 2498 2312 2497
f 2498 2597 2312
f 2311 2499 2497
f 2593 2499 2306
f 2301 2592 2593
f 2500 2301 2281
f 2500 2592 2301
f 2306 2499 2311
f 2306 2301 2593
f 2504 2506 2505
f 2300 2501 2502
f 2506 2508 2507
f 2508 2509 2510
f 2508 2510 2580
f 2509 2579 2510
f 2509 2511 2579
f 2511 2509 2395
f 2515 2512 2407
f 2512 2515 2416
f 2407 2512 2416
f 2416 2516 2530
f 2515 2516 2416
f 2516 2515 2520
f 2521 2538 2526
f 2520 2521 2522
f 2523 2516 2525
f 2516 2520 2525
f 2524 2522 2521
f 2524 2521 2526
f 2525 2520 2522
f 2520 2515 2514
f 2416 2518 2528
f 2528 2410 2416
f 2529 2410 2528
f 2523 2530 2516
f 2518 2416 2530
f 2300 2529 2501
f 2503 2518 2530
f 2528 2518 2529
f 2501 2518 2503
f 2518 2501 2529
f 2525 2531 2530
f 2525 2534 2531
f 2534 2525 2533
f 2535 2530 2531
f 2525 2524 2533
f 2524 2525 2522
f 2551 2533 2524
f 2527 2551 2524
f 2530 2535 2504
f 2535 2531 2504
f 2504 2531 2506
f 2530 2504 2503
f 2533 2506 2531
f 2551 2506 2533
f 2531 2534 2533
f 2506 2551 2536
f 2530 2523 2525
f 2519 2393 2537
f 2539 2540 2538
f 2526 2538 2540
f 2524 2526 2527
f 2543 2526 2544
f 2526 2540 2544
f 2540 2539 2544
f 2527 2526 2542
f 2541 2544 2539
f 2513 2545 2546
f 2548 2545 2513
f 2546 2381 2513
f 2544 2541 2547
f 2548 2513 2537
f 2517 2537 2513
f 2519 2517 2513
f 2513 2381 2519
f 2548 2547 2541
f 2541 2545 2548
f 2543 2544 2555
f 2527 2542 2551
f 2542 2555 2551
f 2555 2542 2543
f 2526 2543 2542
f 2551 2555 2554
f 2536 2549 2508
f 2536 2551 2549
f 2551 2550 2508
f 2549 2551 2508
f 2550 2554 2508
f 2551 2554 2550
f 2536 2508 2506
f 2555 2553 2508
f 2552 2553 2555
f 2553 2552 2508
f 2509 2508 2552
f 2552 2555 2509
f 2508 2554 2555
f 2558 2556 2547
f 2555 2556 2557
f 2555 2544 2556
f 2532 2548 2537
f 2532 2558 2548
f 2517 2519 2537
f 2558 2547 2548
f 2555 2557 2509
f 2557 2556 2509
f 2558 2509 2556
f 2559 2395 2509
f 2395 2558 2532
f 2395 2559 2558
f 2509 2558 2559
f 2537 2393 2532
f 2544 2547 2556
f 2515 2521 2514
f 2515 2407 2521
f 2449 2538 2521
f 2514 2521 2520
f 2406 2451 2521
f 2451 2406 2405
f 2451 2388 2561
f 2521 2407 2406
f 2538 2541 2539
f 2545 2541 2538
f 2546 2545 2560
f 2538 2560 2545
f 2381 2546 2560
f 2387 2386 2561
f 2388 2387 2561
f 2561 2383 2560
f 2383 2381 2560
f 2561 2386 2383
f 2484 2488 2380
f 2483 2485 2564
f 2481 2486 2564
f 2483 2564 2486
f 2484 2562 2485
f 2380 2452 2563
f 2454 2564 2563
f 2454 2563 2452
f 2480 2482 2565
f 2477 2487 2566
f 2480 2566 2487
f 2476 2478 2568
f 2474 2479 2568
f 2475 2474 2568
f 2476 2568 2479
f 2477 2566 2478
f 2564 2454 2567
f 2454 2453 2567
f 2481 2565 2482
f 2562 2380 2563
f 2562 2563 2564
f 2488 2375 2380
f 2562 2484 2380
f 2485 2562 2564
f 2481 2564 2565
f 2566 2565 2564
f 2568 2567 2453
f 2480 2565 2566
f 2478 2566 2568
f 2568 2566 2567
f 2566 2564 2567
f 2472 2473 2568
f 2469 2468 2568
f 2470 2467 2570
f 2465 2470 2571
f 2469 2570 2467
f 2472 2568 2468
f 2455 2571 2568
f 2571 2455 2456
f 2464 2466 2572
f 2461 2471 2576
f 2464 2572 2471
f 2460 2462 2574
f 2458 2463 2576
f 2459 2458 2573
f 2460 2576 2463
f 2461 2574 2462
f 2456 2575 2571
f 2465 2571 2466
f 2455 2568 2453
f 2576 2572 2571
f 2576 2571 2575
f 2568 2571 2570
f 2466 2571 2572
f 2470 2570 2571
f 2469 2568 2570
f 2352 2457 2569
f 2576 2456 2457
f 2461 2576 2574
f 2471 2572 2576
f 2577 2457 2573
f 2573 2576 2577
f 2352 2573 2457
f 2458 2576 2573
f 2576 2457 2577
f 2460 2574 2576
f 2352 2569 2353
f 2575 2456 2576
f 2475 2568 2473
f 2459 2573 2352
f 2395 2326 2511
f 2578 2489 2583
f 2582 2327 2578
f 2511 2582 2578
f 2579 2578 2583
f 2579 2511 2578
f 2511 2326 2582
f 2510 2579 2583
f 2489 2510 2583
f 2489 2581 2510
f 2581 2580 2510
f 2490 2580 2581
f 2490 2584 2508
f 2508 2580 2490
f 2302 2591 2301
f 2506 2585 2505
f 2490 2586 2584
f 2586 2494 2590
f 2503 2589 2501
f 2504 2588 2503
f 2495 2590 2494
f 2586 2590 2587
f 2504 2587 2590
f 2586 2587 2585
f 2507 2584 2586
f 2506 2586 2585
f 2505 2585 2587
f 2505 2587 2504
f 2506 2507 2586
f 2507 2508 2584
f 2504 2496 2588
f 2588 2496 2589
f 2591 2313 2502
f 2501 2589 2591
f 2502 2501 2591
f 2591 2302 2313
f 2591 2589 2496
f 2503 2588 2589
f 2281 2301 2591
f 2504 2590 2496
f 2300 2502 2313
f 2281 2592 2500
f 2257 2592 2281
f 2594 2593 2592
f 2497 2596 2498
f 2596 2497 2595
f 2498 2596 2597
f 2597 2596 2598
f 2497 2499 2595
f 2594 2592 2257
f 2446 2499 2594
f 2593 2594 2499
f 2442 2595 2499
f 2448 2594 2265
f 2447 2594 2448
f 2594 2447 2446
f 2444 2499 2445
f 2442 2499 2443
f 2444 2443 2499
f 2445 2499 2446
f 2442 2441 2595
f 2598 2596 2595
f 2440 2598 2595
f 2438 2437 2598
f 2439 2598 2440
f 2438 2598 2439
f 2597 2598 2601
f 2435 2601 2598
f 2598 2436 2435
f 2601 2435 2434
f 2437 2436 2598
f 2441 2440 2595
f 2599 2597 2600
f 2600 2597 2601
f 2256 2491 2604
f 2430 2599 2600
f 2432 2600 2601
f 2428 2602 2493
f 2429 2493 2599
f 2432 2601 2433
f 2430 2600 2431
f 2429 2599 2430
f 2432 2431 2600
f 2428 2427 2602
f 2493 2429 2428
f 2427 2426 2602
f 2425 2602 2426
f 2603 2425 2424
f 2602 2425 2603
f 2603 2492 2602
f 2434 2433 2601
f 2603 2491 2492
f 2256 2604 2603
f 2604 2491 2603
f 2420 2603 2421
f 2603 2422 2421
f 2603 2423 2422
f 2256 2603 2418
f 2603 2419 2418
f 2256 2418 2375
f 2420 2419 2603
f 2424 2423 2603
f 2451 2561 2450
f 2451 2560 2521
f 2449 2521 2560
f 2449 2560 2538
f 2560 2450 2561
f 2609 2617 2616
f 2607 2976 2605
f 2976 2606 2610
f 2610 2605 2976
f 2611 2976 2607
f 2976 2611 2620
f 2606 2976 2621
f 2976 2622 2621
f 2609 2612 2613
f 2615 2609 2614
f 2613 2619 2609
f 2976 2609 2622
f 2622 2609 2608
f 2609 2619 2618
f 2608 2609 2618
f 2615 2612 2609
f 2609 2616 2614
f 2624 2635 2638
f 2624 2630 2626
f 2626 2625 2624
f 2627 2624 2629
f 2627 2630 2624
f 2609 2640 2617
f 2624 2623 2640
f 2625 2623 2624
f 2634 2635 2631
f 2629 2624 2628
f 2632 2635 2637
f 2633 2635 2636
f 2636 2635 2632
f 2624 2638 2628
f 2637 2635 2639
f 2634 2638 2635
f 2633 2631 2635
f 2640 2609 2624
f 2643 2642 2644
f 2643 2646 2645
f 2656 2647 2645
f 2648 2645 2647
f 2647 2649 2648
f 2650 2652 2651
f 2650 2648 2649
f 2653 2643 2644
f 2643 2655 2646
f 2653 2655 2643
f 2654 2645 2646
f 2645 2654 2656
f 2654 2657 2656
f 2648 2650 2651
f 2651 2662 2659
f 2659 2660 2661
f 2651 2663 2658
f 2662 2651 2658
f 2651 2659 2661
f 2660 2664 2661
f 2665 2641 2666
f 2666 2670 2665
f 2666 2661 2667
f 2663 2651 2668
f 2664 2667 2661
f 2664 2660 2669
f 2666 2667 2671
f 2671 2670 2666
f 2652 2668 2651
f 2660 2672 2673
f 2660 2675 2672
f 2675 2659 2662
f 2662 2658 2674
f 2674 2658 2663
f 2674 2675 2662
f 2659 2675 2660
f 2677 2678 2676
f 2641 2676 2678
f 2721 2683 2682
f 2722 2683 2721
f 2681 2685 2680
f 2685 2681 2684
f 2684 2681 2722
f 2681 2683 2722
f 2881 2686 2687
f 2687 2686 2688
f 2686 2691 2688
f 2692 2693 2689
f 2692 2689 2691
f 2689 2693 2694
f 2695 2691 2689
f 2690 2691 2686
f 2644 2697 2696
f 2642 2697 2644
f 2652 2699 2700
f 2939 2652 2700
f 2939 2668 2652
f 2701 2663 2668
f 2668 2939 2701
f 2663 2701 2674
f 2703 2702 2704
f 2706 2705 2703
f 2705 2702 2703
f 2703 2704 2709
f 2704 2711 2709
f 2704 2751 2711
f 2711 2708 2710
f 2751 2704 2752
f 2706 2707 2713
f 2707 2706 2703
f 2890 2707 2703
f 2703 2709 2716
f 2713 2707 2890
f 2715 2714 2676
f 2714 2713 2890
f 2703 2716 2891
f 2890 2703 2891
f 2711 2717 2709
f 2711 2710 2719
f 2717 2711 2719
f 2724 2719 2710
f 2717 2718 2716
f 2719 2721 2720
f 2718 2717 2720
f 2719 2720 2717
f 2716 2709 2717
f 2724 2710 2708
f 2712 2724 2708
f 2728 2712 2744
f 2712 2728 2723
f 2712 2723 2726
f 2712 2726 2724
f 2728 2727 2730
f 2730 2723 2728
f 2723 2730 2735
f 2730 2727 2736
f 2737 2736 2925
f 2925 2736 2727
f 2725 2726 2723
f 2731 2719 2724
f 2724 2732 2731
f 2724 2726 2732
f 2719 2731 2722
f 2725 2732 2726
f 2731 2732 2722
f 2733 2732 2734
f 2733 2691 2732
f 2725 2735 2732
f 2722 2721 2719
f 2735 2734 2732
f 2735 2736 2739
f 2933 2736 2737
f 2739 2734 2735
f 2735 2730 2736
f 2933 2740 2736
f 2733 2739 2738
f 2733 2734 2739
f 2740 2739 2736
f 2725 2723 2735
f 2727 2728 2741
f 2741 2728 2744
f 2727 2741 2729
f 2712 2742 2744
f 2743 2742 2712
f 2712 2745 2743
f 2712 2746 2745
f 2711 2751 2748
f 2708 2711 2749
f 2704 2702 2753
f 2752 2704 2753
f 2747 2708 2749
f 2708 2747 2746
f 2711 2748 2749
f 2754 2753 2702
f 2750 2751 2752
f 2746 2712 2708
f 2756 2764 2757
f 2759 2756 2762
f 2762 2756 2757
f 2757 2764 2766
f 2762 2757 2768
f 2764 2771 2765
f 2765 2766 2764
f 2770 2762 2768
f 2766 2769 2757
f 2769 2767 2757
f 2757 2767 2768
f 2770 2772 2762
f 2772 2759 2762
f 2892 2773 2774
f 2761 2759 2775
f 2776 2775 2759
f 2760 2761 2784
f 2784 2761 2775
f 2778 2779 2775
f 2777 2775 2776
f 2778 2775 2777
f 2780 2781 2775
f 2782 2775 2781
f 2784 2775 2782
f 2779 2780 2775
f 2772 2776 2759
f 2784 2783 2763
f 2783 2785 2911
f 2789 2785 2783
f 2788 2786 2785
f 2791 2789 2784
f 2789 2783 2784
f 2793 2784 2790
f 2792 2789 2791
f 2797 2789 2792
f 2793 2791 2784
f 2796 2794 2789
f 2789 2797 2796
f 2794 2795 2789
f 2789 2795 2798
f 2799 2785 2798
f 2789 2798 2785
f 2782 2790 2784
f 2787 2788 2785
f 2801 2787 2785
f 2800 2801 2785
f 2787 2801 2802
f 2803 2787 2802
f 2805 2892 2787
f 2787 2804 2805
f 2892 2805 2773
f 2803 2804 2787
f 2799 2800 2785
f 2620 2611 2774
f 2607 2605 2806
f 2611 2607 2807
f 2610 2606 2808
f 2621 2622 2809
f 2606 2621 2810
f 2605 2610 2811
f 2608 2618 2812
f 2619 2613 2813
f 2618 2619 2814
f 2612 2615 2815
f 2614 2616 2816
f 2615 2614 2817
f 2613 2612 2818
f 2622 2608 2819
f 2774 2611 2807
f 2806 2605 2811
f 2607 2806 2807
f 2808 2606 2810
f 2809 2622 2819
f 2621 2809 2810
f 2610 2808 2811
f 2812 2618 2814
f 2613 2818 2813
f 2813 2814 2619
f 2819 2608 2812
f 2818 2612 2815
f 2817 2614 2816
f 2816 2616 2820
f 2615 2817 2815
f 2617 2821 2820
f 2820 2616 2617
f 2640 2623 2822
f 2625 2626 2823
f 2623 2625 2824
f 2630 2627 2825
f 2629 2628 2826
f 2627 2629 2827
f 2626 2630 2828
f 2638 2634 2829
f 2631 2633 2830
f 2634 2631 2831
f 2636 2632 2832
f 2637 2639 2771
f 2632 2637 2833
f 2633 2636 2834
f 2628 2638 2835
f 2822 2821 2640
f 2823 2824 2625
f 2822 2623 2824
f 2825 2828 2630
f 2826 2827 2629
f 2825 2627 2827
f 2823 2626 2828
f 2829 2835 2638
f 2830 2831 2631
f 2829 2634 2831
f 2832 2834 2636
f 2836 2833 2637
f 2771 2836 2637
f 2832 2632 2833
f 2830 2633 2834
f 2826 2628 2835
f 2640 2821 2617
f 2837 2838 2766
f 2639 2837 2765
f 2839 2840 2767
f 2841 2842 2770
f 2840 2841 2768
f 2838 2839 2769
f 2843 2844 2776
f 2845 2846 2778
f 2844 2845 2777
f 2847 2848 2780
f 2849 2850 2782
f 2848 2849 2781
f 2846 2847 2779
f 2842 2843 2772
f 2766 2765 2837
f 2771 2639 2765
f 2767 2769 2839
f 2770 2768 2841
f 2767 2840 2768
f 2766 2838 2769
f 2776 2772 2843
f 2778 2777 2845
f 2776 2844 2777
f 2780 2779 2847
f 2782 2781 2849
f 2790 2782 2850
f 2780 2848 2781
f 2778 2846 2779
f 2770 2842 2772
f 2850 2851 2790
f 2620 2774 2773
f 2851 2852 2793
f 2853 2854 2792
f 2852 2853 2791
f 2855 2975 2796
f 2856 2857 2794
f 2975 2856 2796
f 2854 2855 2797
f 2858 2859 2798
f 2860 2861 2800
f 2859 2860 2799
f 2862 2863 2802
f 2864 2865 2804
f 2863 2864 2803
f 2861 2862 2801
f 2857 2858 2795
f 2793 2852 2791
f 2792 2854 2797
f 2853 2792 2791
f 2796 2856 2794
f 2795 2858 2798
f 2857 2795 2794
f 2855 2796 2797
f 2799 2860 2800
f 2862 2802 2801
f 2801 2800 2861
f 2798 2859 2799
f 2802 2863 2803
f 2804 2865 2805
f 2773 2805 2866
f 2864 2804 2803
f 2866 2620 2773
f 2866 2805 2865
f 2851 2793 2790
f 2869 2868 2870
f 2871 2697 2740
f 2871 2696 2697
f 2696 2871 2867
f 2868 2699 2698
f 2699 2868 2700
f 2868 2939 2700
f 2872 2873 2868
f 2868 2874 2875
f 2868 2875 2872
f 2868 2698 2874
f 2873 2870 2868
f 2878 2739 2876
f 2876 2739 2740
f 2879 2880 2740
f 2877 2740 2880
f 2876 2740 2877
f 2878 2738 2739
f 2738 2882 2733
f 2881 2733 2882
f 2697 2879 2740
f 2691 2733 2688
f 2687 2688 2733
f 2687 2733 2881
f 2689 2691 2695
f 2691 2689 2732
f 2732 2680 2685
f 2732 2689 2680
f 2722 2732 2684
f 2684 2732 2685
f 2701 2939 2883
f 2883 2675 2674
f 2883 2674 2701
f 2675 2673 2672
f 2673 2675 2885
f 2884 2886 2885
f 2679 2718 2682
f 2720 2721 2682
f 2682 2718 2720
f 2676 2714 2890
f 2889 2716 2718
f 2889 2891 2716
f 2892 2893 2753
f 2897 2894 2893
f 2894 2753 2893
f 2895 2897 2896
f 2896 2897 2898
f 2892 2758 2787
f 2811 2893 2892
f 2819 2897 2893
f 2892 2807 2806
f 2806 2811 2892
f 2892 2774 2807
f 2893 2811 2808
f 2819 2893 2809
f 2808 2810 2893
f 2810 2809 2893
f 2819 2812 2897
f 2813 2898 2897
f 2814 2813 2897
f 2898 2813 2818
f 2818 2815 2898
f 2896 2898 2902
f 2820 2902 2898
f 2817 2816 2898
f 2820 2898 2816
f 2821 2902 2820
f 2898 2815 2817
f 2812 2814 2897
f 2902 2901 2896
f 2755 2906 2764
f 2906 2729 2905
f 2823 2901 2902
f 2828 2899 2901
f 2904 2900 2907
f 2825 2900 2899
f 2824 2902 2822
f 2902 2821 2822
f 2902 2824 2823
f 2828 2901 2823
f 2826 2835 2900
f 2900 2827 2826
f 2829 2907 2835
f 2827 2900 2825
f 2829 2831 2907
f 2899 2828 2825
f 2900 2835 2907
f 2905 2903 2907
f 2764 2906 2905
f 2833 2907 2832
f 2907 2834 2832
f 2830 2907 2831
f 2834 2907 2830
f 2764 2905 2836
f 2764 2836 2771
f 2907 2833 2836
f 2836 2905 2907
f 2908 2788 2909
f 2785 2920 2921
f 2908 2920 2788
f 2910 2787 2754
f 2910 2909 2788
f 2788 2787 2910
f 2911 2913 2783
f 2788 2920 2786
f 2786 2920 2785
f 2911 2785 2912
f 2912 2785 2921
f 2758 2754 2787
f 2892 2754 2758
f 2892 2753 2754
f 2750 2752 2894
f 2897 2751 2750
f 2897 2750 2894
f 2897 2895 2748
f 2897 2748 2751
f 2749 2748 2895
f 2746 2747 2896
f 2896 2747 2749
f 2749 2895 2896
f 2894 2752 2753
f 2784 2763 2913
f 2913 2914 2784
f 2913 2763 2783
f 2914 2760 2784
f 2761 2914 2915
f 2760 2914 2761
f 2916 2756 2759
f 2759 2761 2915
f 2759 2917 2916
f 2917 2759 2915
f 2756 2916 2918
f 2756 2918 2764
f 2918 2755 2764
f 2899 2742 2901
f 2744 2900 2904
f 2744 2899 2900
f 2745 2746 2896
f 2901 2745 2896
f 2743 2901 2742
f 2901 2743 2745
f 2899 2744 2742
f 2904 2907 2744
f 2903 2905 2741
f 2906 2918 2729
f 2918 2906 2755
f 2729 2741 2905
f 2741 2907 2903
f 2907 2741 2744
f 2702 2919 2910
f 2921 2922 2911
f 2754 2702 2910
f 2909 2919 2908
f 2910 2919 2909
f 2911 2912 2921
f 2908 2919 2920
f 2914 2917 2915
f 2913 2922 2914
f 2923 2729 2918
f 2923 2918 2916
f 2922 2913 2911
f 2702 2705 2924
f 2727 2923 2925
f 2727 2729 2923
f 2916 2917 2923
f 2932 2925 2923
f 2932 2927 2935
f 2925 2932 2935
f 2923 2936 2932
f 2706 2924 2705
f 2914 2928 2917
f 2922 2929 2914
f 2928 2914 2930
f 2923 2928 2936
f 2930 2914 2929
f 2930 2931 2928
f 2922 2943 2929
f 2928 2923 2917
f 2737 2925 2935
f 2933 2737 2935
f 2871 2740 2934
f 2871 2934 2933
f 2934 2740 2933
f 2714 2715 2953
f 2933 2935 2867
f 2935 2869 2867
f 2867 2871 2933
f 2952 2713 2714
f 2927 2932 2936
f 2936 2931 2937
f 2935 2927 2936
f 2931 2930 2938
f 2931 2936 2928
f 2936 2937 2868
f 2935 2868 2869
f 2935 2936 2868
f 2868 2937 2938
f 2938 2939 2940
f 2938 2940 2868
f 2868 2940 2939
f 2937 2931 2938
f 2706 2713 2926
f 2943 2922 2941
f 2922 2942 2941
f 2943 2930 2929
f 2922 2921 2942
f 2949 2943 2942
f 2942 2946 2944
f 2943 2941 2942
f 2943 2945 2930
f 2920 2919 2946
f 2946 2942 2921
f 2920 2946 2921
f 2947 2946 2919
f 2947 2919 2924
f 2947 2944 2946
f 2947 2924 2926
f 2952 2947 2926
f 2926 2924 2706
f 2949 2942 2944
f 2930 2945 2938
f 2943 2949 2945
f 2945 2939 2938
f 2949 2944 2885
f 2945 2949 2948
f 2945 2948 2883
f 2945 2883 2939
f 2948 2949 2883
f 2949 2885 2675
f 2675 2883 2949
f 2951 2944 2947
f 2944 2951 2884
f 2926 2713 2952
f 2951 2947 2952
f 2884 2950 2944
f 2953 2886 2884
f 2951 2953 2884
f 2950 2884 2885
f 2953 2951 2952
f 2953 2715 2887
f 2953 2887 2888
f 2714 2953 2952
f 2953 2888 2886
f 2950 2885 2944
f 2702 2924 2919
f 2698 2699 2652
f 2874 2652 2650
f 2649 2874 2650
f 2874 2698 2652
f 2649 2872 2875
f 2874 2649 2875
f 2649 2647 2872
f 2872 2647 2656
f 2872 2656 2873
f 2873 2656 2870
f 2696 2653 2644
f 2867 2655 2653
f 2867 2653 2696
f 2869 2646 2655
f 2646 2869 2654
f 2657 2869 2656
f 2869 2657 2654
f 2869 2655 2867
f 2656 2869 2870
f 2879 2642 2954
f 2697 2642 2879
f 2877 2880 2954
f 2954 2880 2879
f 2881 2955 2686
f 2738 2957 2956
f 2738 2956 2955
f 2882 2955 2881
f 2882 2738 2955
f 2957 2877 2954
f 2878 2957 2738
f 2957 2876 2877
f 2876 2957 2878
f 2689 2694 2681
f 2681 2680 2689
f 2679 2682 2683
f 2679 2958 2959
f 2958 2679 2683
f 2960 2679 2959
f 2679 2960 2718
f 2960 2961 2718
f 2718 2961 2962
f 2963 2718 2962
f 2963 2889 2718
f 2676 2964 2677
f 2964 2676 2890
f 2891 2966 2964
f 2966 2891 2965
f 2889 2967 2965
f 2967 2889 2963
f 2891 2964 2890
f 2889 2965 2891
f 2715 2641 2665
f 2715 2665 2670
f 2715 2676 2641
f 2715 2670 2887
f 2887 2670 2888
f 2885 2669 2660
f 2886 2671 2667
f 2886 2667 2664
f 2885 2664 2669
f 2885 2660 2673
f 2885 2886 2664
f 2671 2886 2670
f 2888 2670 2886
f 2678 2666 2641
f 2677 2968 2678
f 2666 2678 2968
f 2964 2968 2677
f 2966 2969 2968
f 2962 2961 2969
f 2970 2969 2961
f 2961 2960 2970
f 2970 2960 2959
f 2971 2959 2958
f 2958 2683 2971
f 2963 2962 2969
f 2966 2965 2969
f 2968 2964 2966
f 2965 2967 2963
f 2969 2965 2963
f 2970 2959 2971
f 2972 2971 2693
f 2972 2691 2690
f 2690 2686 2973
f 2971 2694 2693
f 2972 2692 2691
f 2692 2972 2693
f 2972 2690 2973
f 2681 2694 2971
f 2642 2643 2954
f 2643 2973 2956
f 2686 2955 2973
f 2956 2973 2955
f 2643 2956 2957
f 2957 2954 2643
f 2683 2681 2971
f 2661 2666 2648
f 2648 2666 2968
f 2969 2970 2973
f 2973 2968 2969
f 2661 2648 2651
f 2645 2648 2973
f 2973 2643 2645
f 2972 2970 2971
f 2972 2973 2970
f 2648 2968 2973
f 2975 2976 2974
f 2609 2976 2635
f 2977 2976 2975
f 2624 2609 2635
f 2842 2976 2977
f 2976 2639 2635
f 2976 2837 2639
f 2837 2976 2838
f 2839 2838 2976
f 2839 2976 2840
f 2841 2840 2976
f 2976 2842 2841
f 2842 2977 2843
f 2843 2977 2844
f 2844 2977 2845
f 2846 2977 2847
f 2848 2977 2849
f 2846 2845 2977
f 2847 2977 2848
f 2977 2850 2849
f 2977 2851 2850
f 2976 2620 2974
f 2975 2974 2857
f 2851 2975 2852
f 2852 2975 2853
f 2854 2975 2855
f 2853 2975 2854
f 2856 2975 2857
f 2858 2974 2859
f 2974 2862 2861
f 2974 2858 2857
f 2860 2974 2861
f 2863 2974 2864
f 2864 2974 2865
f 2974 2863 2862
f 2859 2974 2860
f 2866 2865 2974
f 2974 2620 2866
f 2975 2851 2977
f 3124 3123 3021
f 3025 3027 3026
f 3036 3035 3034
f 3035 3033 3034
f 3059 3055 3057
f 3056 3055 3059
f 3058 3056 3059
f 3058 3059 3054
f 3071 3072 3070
f 3073 3070 3072
f 3070 3075 3074
f 3070 3073 3075
f 3079 3019 3077
f 3077 3078 3079
f 2992 2978 3017
f 2993 3017 3016
f 2994 2995 3017
f 2994 3017 2993
f 2992 3017 2996
f 3017 2995 2996
f 2992 3094 2978
f 2978 3094 3097
f 3113 3042 3114
f 3043 3039 3114
f 3042 3043 3114
f 3095 2978 3096
f 2979 3040 3113
f 3113 3041 3042
f 3041 3113 3040
f 2979 3095 3040
f 3097 3096 2978
f 2993 3016 3015
f 2991 2993 3014
f 2990 2991 3014
f 3014 3121 2990
f 2990 3121 2989
f 3014 2993 3015
f 3080 3098 3099
f 3095 3098 3040
f 3098 3112 3040
f 3100 3101 3080
f 2989 3121 3101
f 3019 3101 3121
f 3019 3080 3101
f 3080 3112 3098
f 3080 3099 3100
f 3016 3018 3015
f 3043 3044 3037
f 3037 3039 3043
f 3046 3038 3037
f 3045 3037 3044
f 3116 3027 3115
f 3046 3037 3045
f 3047 3038 3046
f 3048 3117 3038
f 3047 3048 3038
f 3013 2985 3102
f 3013 3117 2986
f 3104 3032 3013
f 2988 2985 3013
f 2988 3013 2986
f 3103 3032 3104
f 3103 3107 3032
f 3104 3013 3102
f 2986 3117 2987
f 3022 3116 3118
f 3061 3115 3027
f 2987 3117 2984
f 3049 2982 2984
f 3050 2983 2981
f 3050 2980 2983
f 2981 2982 3050
f 2984 3117 3048
f 3050 3110 2980
f 3049 3050 2982
f 3031 3110 3051
f 3110 3050 3051
f 3052 3031 3051
f 3049 2984 3048
f 3105 3033 3106
f 3108 3033 3105
f 3033 3108 3034
f 3108 3109 3034
f 3106 3033 3032
f 3111 3110 3109
f 3030 3031 3052
f 3110 3031 3109
f 3022 3027 3116
f 3078 3123 3009
f 3123 3011 3009
f 3123 3077 3020
f 3012 3123 3124
f 3011 3123 3010
f 3124 3007 3012
f 3123 3012 3010
f 3077 3123 3078
f 3076 3078 3009
f 3081 3076 3009
f 3072 3076 3084
f 3084 3076 3081
f 3083 3072 3084
f 3085 3072 3082
f 3082 3072 3083
f 3075 3073 3072
f 3085 3075 3072
f 3087 3075 3085
f 3020 3077 3019
f 3088 3008 3119
f 3124 3119 3008
f 3088 3119 3024
f 3008 3007 3124
f 3068 3088 3024
f 3022 3066 3024
f 3087 3086 3075
f 3069 3075 3086
f 3069 3088 3067
f 3066 3068 3024
f 3088 3068 3067
f 3064 3065 3022
f 3064 3022 3063
f 3022 3118 3063
f 3069 3086 3088
f 3054 3003 3053
f 3003 3054 3059
f 3004 3005 3053
f 3006 3004 3053
f 3000 3053 3005
f 3002 3001 3059
f 3006 3053 3003
f 3059 3001 3003
f 3052 3053 3000
f 3052 3000 3120
f 3089 3090 3120
f 3091 3090 3089
f 3090 3029 3028
f 3089 3120 3000
f 2999 2998 3059
f 2998 3002 3059
f 2999 3059 3057
f 3027 3060 3061
f 2999 3057 2997
f 3027 3062 3060
f 3057 3062 3027
f 3057 3092 2997
f 3029 3093 3092
f 3057 3025 3092
f 3029 3092 3125
f 3125 3092 3025
f 3025 3057 3027
f 3017 2978 2992
f 3016 3017 2993
f 3017 2995 2994
f 2993 3017 2994
f 2996 3017 2992
f 2996 2995 3017
f 2978 3094 2992
f 3018 3016 2993
f 3097 3094 2978
f 3114 3042 3113
f 3114 3039 3042
f 3039 3043 3042
f 3096 2978 3095
f 3113 3040 2979
f 3042 3041 3113
f 3040 3113 3041
f 3040 3095 2979
f 2978 3096 3097
f 3014 3018 2993
f 3014 2993 2991
f 3014 2991 2990
f 3014 3015 3018
f 2990 3121 3014
f 2989 3121 2990
f 3121 2989 3019
f 3019 3078 3020
f 3099 3098 3080
f 3040 3112 3095
f 3095 3112 3098
f 3080 3101 3100
f 3101 3019 2989
f 3101 3080 3019
f 3098 3112 3080
f 3100 3099 3080
f 3037 3044 3043
f 3043 3039 3037
f 3117 3047 3038
f 3037 3038 3046
f 3044 3037 3045
f 3045 3037 3046
f 3046 3038 3047
f 3117 3048 3047
f 2986 3117 3013
f 3102 3013 3032
f 3013 3102 2985
f 3013 2985 2988
f 2986 3013 2988
f 3104 3032 3103
f 3032 3107 3103
f 3102 3032 3104
f 2987 3117 2986
f 3063 3122 3022
f 3027 3122 3061
f 2984 3117 2987
f 2984 2982 3050
f 2981 2983 3050
f 2983 2980 3050
f 3050 2982 2981
f 3048 3117 2984
f 2984 3050 3049
f 2980 3110 3050
f 3051 3110 3109
f 3051 3050 3110
f 3048 2984 3049
f 3106 3033 3105
f 3105 3033 3108
f 3036 3108 3033
f 3036 3033 3035
f 3036 3109 3108
f 3032 3033 3106
f 3109 3110 3111
f 3051 3109 3031
f 3030 3052 3051
f 3019 3079 3078
f 3122 3027 3022
f 3021 3123 3011
f 3009 3123 3078
f 3009 3011 3123
f 3124 3021 3012
f 3124 3012 3007
f 3010 3021 3011
f 3010 3012 3021
f 3009 3078 3076
f 3009 3076 3081
f 3084 3076 3072
f 3081 3076 3084
f 3084 3072 3083
f 3082 3072 3085
f 3083 3072 3082
f 3072 3074 3085
f 3071 3070 3072
f 3075 3087 3085
f 3020 3078 3123
f 3124 3008 3088
f 3023 3119 3088
f 3124 3007 3008
f 3088 3024 3023
f 3024 3088 3068
f 3124 3088 3119
f 3069 3086 3087
f 3087 3075 3069
f 3072 3070 3074
f 3085 3074 3075
f 3067 3088 3069
f 3066 3022 3024
f 3024 3068 3066
f 3067 3068 3088
f 3022 3065 3064
f 3063 3022 3064
f 3088 3086 3069
f 3053 3003 3054
f 3053 3005 3004
f 3053 3004 3006
f 3005 3053 3000
f 3056 3054 3002
f 3054 3001 3002
f 3003 3053 3006
f 3003 3001 3054
f 3058 3054 3056
f 3030 3053 3052
f 3000 3053 3030
f 3120 3000 3030
f 3120 3090 3091
f 3051 3031 3030
f 3089 3120 3091
f 3028 3029 3090
f 3000 3120 3089
f 3002 3055 3056
f 3057 2998 2999
f 3057 3002 2998
f 3002 3057 3055
f 3061 3060 3027
f 2997 3057 2999
f 3027 3062 3057
f 3062 3027 3060
f 2997 3092 3057
f 3092 3093 3125
f 3092 3025 3026
f 3092 3026 3057
f 3029 3125 3093
f 3025 3092 3125
f 3027 3057 3026
f 3120 3030 3052
f 3034 3109 3036
f 3024 3119 3023
f 3142 3140 3141
f 3144 3145 3293
f 3146 3144 3148
f 3149 3150 3147
f 3148 3147 3150
f 3151 3153 3152
f 3155 3153 3154
f 3159 3157 3156
f 3159 3158 3160
f 3164 3161 3162
f 3166 3168 3169
f 3169 3168 3170
f 3173 3171 3172
f 3172 3171 3174
f 3175 3174 3217
f 3176 3178 3177
f 3179 3178 3176
f 3182 3181 3183
f 3186 3184 3185
f 3186 3183 3184
f 3204 3188 3187
f 3196 3193 3195
f 3193 3191 3195
f 3193 3192 3191
f 3193 3196 3197
f 3193 3197 3194
f 3198 3195 3199
f 3195 3191 3199
f 3198 3196 3195
f 3204 3205 3200
f 3189 3204 3200
f 3188 3204 3189
f 3189 3200 3190
f 3201 3205 3202
f 3204 3203 3205
f 3201 3200 3205
f 3184 3181 3206
f 3184 3183 3181
f 3181 3209 3206
f 3184 3206 3185
f 3209 3207 3206
f 3209 3181 3208
f 3208 3181 3182
f 3210 3179 3176
f 3211 3180 3179
f 3179 3210 3211
f 3210 3212 3211
f 3212 3210 3216
f 3216 3210 3213
f 3177 3214 3210
f 3215 3210 3214
f 3213 3210 3215
f 3210 3176 3177
f 3219 3171 3221
f 3171 3219 3217
f 3174 3171 3217
f 3219 3218 3217
f 3171 3173 3221
f 3221 3220 3219
f 3222 3165 3226
f 3165 3222 3170
f 3165 3170 3168
f 3166 3165 3168
f 3222 3223 3170
f 3223 3222 3227
f 3165 3167 3224
f 3225 3227 3222
f 3225 3222 3226
f 3226 3165 3224
f 3228 3163 3162
f 3163 3228 3229
f 3162 3163 3164
f 3163 3229 3164
f 3228 3230 3229
f 3230 3228 3232
f 3231 3233 3228
f 3234 3228 3233
f 3232 3228 3234
f 3228 3162 3231
f 3235 3236 3262
f 3236 3265 3135
f 3133 3128 3244
f 3265 3236 3130
f 3236 3135 3261
f 3245 3261 3134
f 3267 3265 3129
f 3237 3257 3240
f 3257 3237 3238
f 3129 3265 3130
f 3129 3131 3267
f 3131 3133 3267
f 3128 3133 3131
f 3130 3237 3240
f 3241 3127 3257
f 3257 3127 3240
f 3236 3237 3130
f 3242 3132 3290
f 3132 3243 3290
f 3243 3132 3133
f 3239 3244 3128
f 3244 3243 3133
f 3246 3245 3275
f 3245 3242 3274
f 3245 3274 3275
f 3246 3275 3247
f 3246 3247 3248
f 3248 3255 3246
f 3134 3132 3242
f 3242 3245 3134
f 3126 3249 3128
f 3128 3249 3239
f 3126 3250 3249
f 3127 3250 3126
f 3127 3276 3250
f 3251 3241 3253
f 3253 3255 3252
f 3251 3254 3241
f 3276 3241 3254
f 3241 3255 3253
f 3255 3248 3252
f 3127 3241 3276
f 3238 3237 3256
f 3257 3258 3241
f 3259 3255 3241
f 3255 3259 3246
f 3245 3246 3260
f 3245 3260 3261
f 3262 3236 3263
f 3261 3263 3236
f 3236 3264 3237
f 3263 3264 3262
f 3262 3264 3235
f 3264 3263 3261
f 3135 3264 3261
f 3135 3265 3264
f 3264 3265 3130
f 3238 3237 3257
f 3258 3257 3237
f 3237 3238 3256
f 3240 3237 3130
f 3266 3237 3240
f 3237 3266 3258
f 3264 3130 3237
f 3129 3130 3265
f 3265 3267 3129
f 3134 3260 3132
f 3267 3268 3129
f 3270 3269 3128
f 3128 3268 3270
f 3246 3269 3132
f 3246 3132 3260
f 3134 3261 3260
f 3269 3246 3259
f 3131 3129 3268
f 3268 3128 3131
f 3241 3271 3126
f 3259 3241 3126
f 3126 3128 3259
f 3271 3241 3266
f 3128 3269 3259
f 3266 3241 3258
f 3236 3235 3264
f 3272 3273 3252
f 3253 3252 3273
f 3272 3252 3248
f 3248 3247 3272
f 3275 3277 3278
f 3247 3275 3142
f 3142 3275 3278
f 3221 3247 3142
f 3242 3208 3274
f 3277 3275 3274
f 3221 3142 3141
f 3221 3173 3247
f 3247 3173 3167
f 3172 3174 3226
f 3141 3219 3220
f 3218 3219 3141
f 3220 3221 3141
f 3224 3173 3172
f 3182 3143 3279
f 3143 3218 3141
f 3208 3182 3279
f 3208 3242 3209
f 3207 3209 3242
f 3279 3274 3208
f 3143 3183 3233
f 3182 3183 3143
f 3217 3218 3143
f 3233 3231 3217
f 3231 3175 3217
f 3233 3217 3143
f 3234 3183 3232
f 3234 3233 3183
f 3162 3161 3175
f 3231 3162 3175
f 3175 3161 3281
f 3183 3230 3232
f 3183 3186 3230
f 3242 3290 3207
f 3226 3224 3172
f 3226 3174 3225
f 3167 3165 3272
f 3167 3272 3247
f 3227 3225 3174
f 3227 3174 3175
f 3299 3165 3166
f 3166 3169 3299
f 3165 3299 3283
f 3273 3272 3282
f 3165 3282 3272
f 3273 3282 3253
f 3253 3156 3157
f 3156 3253 3282
f 3157 3251 3253
f 3159 3251 3157
f 3165 3283 3282
f 3167 3173 3224
f 3170 3223 3175
f 3170 3281 3152
f 3175 3223 3227
f 3170 3153 3169
f 3170 3175 3281
f 3287 3280 3161
f 3281 3161 3280
f 3152 3153 3170
f 3169 3153 3214
f 3160 3297 3169
f 3214 3177 3160
f 3299 3169 3297
f 3160 3178 3159
f 3160 3169 3214
f 3215 3153 3213
f 3153 3215 3214
f 3177 3178 3160
f 3251 3159 3178
f 3164 3287 3161
f 3251 3178 3179
f 3310 3206 3290
f 3230 3186 3185
f 3285 3137 3206
f 3206 3284 3285
f 3206 3137 3185
f 3284 3206 3286
f 3206 3310 3286
f 3136 3185 3137
f 3136 3199 3185
f 3206 3207 3290
f 3230 3185 3229
f 3185 3199 3229
f 3199 3164 3229
f 3199 3191 3164
f 3191 3203 3164
f 3198 3199 3136
f 3291 3290 3243
f 3244 3291 3243
f 3138 3244 3239
f 3244 3138 3291
f 3139 3138 3196
f 3197 3138 3239
f 3139 3198 3136
f 3191 3192 3202
f 3139 3196 3198
f 3138 3197 3196
f 3190 3193 3194
f 3192 3193 3200
f 3197 3239 3194
f 3194 3239 3249
f 3202 3192 3201
f 3205 3191 3202
f 3288 3164 3289
f 3164 3292 3289
f 3212 3153 3155
f 3204 3292 3203
f 3292 3164 3203
f 3203 3191 3205
f 3204 3155 3292
f 3187 3293 3155
f 3187 3155 3204
f 3287 3164 3288
f 3212 3216 3153
f 3155 3211 3212
f 3293 3180 3211
f 3155 3293 3211
f 3293 3145 3180
f 3144 3179 3145
f 3179 3180 3145
f 3294 3293 3187
f 3144 3146 3179
f 3153 3216 3213
f 3188 3295 3294
f 3190 3200 3193
f 3189 3295 3188
f 3190 3249 3189
f 3201 3192 3200
f 3296 3295 3189
f 3276 3148 3250
f 3148 3254 3146
f 3148 3276 3254
f 3146 3254 3179
f 3150 3249 3250
f 3249 3150 3149
f 3296 3189 3149
f 3150 3250 3148
f 3189 3249 3149
f 3194 3249 3190
f 3188 3294 3187
f 3179 3254 3251
f 3158 3297 3160
f 3297 3298 3299
f 3300 3301 3282
f 3283 3300 3282
f 3299 3300 3283
f 3301 3156 3282
f 3300 3156 3301
f 3156 3300 3297
f 3300 3298 3297
f 3158 3156 3297
f 3159 3156 3158
f 3298 3300 3299
f 3154 3302 3292
f 3302 3289 3292
f 3154 3292 3155
f 3287 3288 3289
f 3303 3287 3289
f 3151 3152 3281
f 3280 3303 3281
f 3287 3303 3280
f 3303 3151 3281
f 3303 3154 3151
f 3289 3302 3154
f 3154 3303 3289
f 3151 3154 3153
f 3147 3296 3149
f 3305 3306 3293
f 3304 3305 3294
f 3295 3304 3294
f 3294 3305 3293
f 3306 3144 3293
f 3305 3144 3306
f 3305 3296 3147
f 3295 3305 3304
f 3147 3144 3305
f 3148 3144 3147
f 3295 3296 3305
f 3143 3307 3279
f 3279 3307 3274
f 3308 3274 3307
f 3140 3142 3278
f 3278 3277 3308
f 3274 3308 3277
f 3308 3140 3278
f 3140 3308 3307
f 3143 3140 3307
f 3141 3140 3143
f 3139 3309 3291
f 3139 3291 3138
f 3309 3290 3291
f 3286 3310 3311
f 3285 3284 3311
f 3286 3311 3284
f 3311 3137 3285
f 3311 3309 3139
f 3309 3310 3290
f 3139 3137 3311
f 3136 3137 3139
f 3310 3309 3311
f 3133 3270 3268
f 3133 3269 3270
f 3133 3132 3269
f 3133 3268 3267
f 3127 3266 3240
f 3127 3271 3266
f 3127 3126 3271
f 3316 3324 3323
f 3314 3683 3312
f 3683 3313 3317
f 3317 3312 3683
f 3318 3683 3314
f 3683 3318 3327
f 3313 3683 3328
f 3683 3329 3328
f 3316 3319 3320
f 3322 3316 3321
f 3320 3326 3316
f 3683 3316 3329
f 3329 3316 3315
f 3316 3326 3325
f 3315 3316 3325
f 3322 3319 3316
f 3316 3323 3321
f 3331 3342 3345
f 3331 3337 3333
f 3333 3332 3331
f 3334 3331 3336
f 3334 3337 3331
f 3316 3347 3324
f 3331 3330 3347
f 3332 3330 3331
f 3341 3342 3338
f 3336 3331 3335
f 3339 3342 3344
f 3340 3342 3343
f 3343 3342 3339
f 3331 3345 3335
f 3344 3342 3346
f 3341 3345 3342
f 3340 3338 3342
f 3347 3316 3331
f 3350 3349 3351
f 3350 3353 3352
f 3363 3354 3352
f 3355 3352 3354
f 3354 3356 3355
f 3357 3359 3358
f 3357 3355 3356
f 3360 3350 3351
f 3350 3362 3353
f 3360 3362 3350
f 3361 3352 3353
f 3352 3361 3363
f 3361 3364 3363
f 3355 3357 3358
f 3358 3369 3366
f 3366 3367 3368
f 3358 3370 3365
f 3369 3358 3365
f 3358 3366 3368
f 3367 3371 3368
f 3372 3348 3373
f 3373 3377 3372
f 3373 3368 3374
f 3370 3358 3375
f 3371 3374 3368
f 3371 3367 3376
f 3373 3374 3378
f 3378 3377 3373
f 3359 3375 3358
f 3367 3379 3380
f 3367 3382 3379
f 3382 3366 3369
f 3369 3365 3381
f 3381 3365 3370
f 3381 3382 3369
f 3366 3382 3367
f 3384 3385 3383
f 3348 3383 3385
f 3428 3390 3389
f 3429 3390 3428
f 3388 3392 3387
f 3392 3388 3391
f 3391 3388 3429
f 3388 3390 3429
f 3588 3393 3394
f 3394 3393 3395
f 3393 3398 3395
f 3399 3400 3396
f 3399 3396 3398
f 3396 3400 3401
f 3402 3398 3396
f 3397 3398 3393
f 3351 3404 3403
f 3349 3404 3351
f 3359 3406 3407
f 3646 3359 3407
f 3646 3375 3359
f 3408 3370 3375
f 3375 3646 3408
f 3370 3408 3381
f 3410 3409 3411
f 3413 3412 3410
f 3412 3409 3410
f 3410 3411 3416
f 3411 3418 3416
f 3411 3458 3418
f 3418 3415 3417
f 3458 3411 3459
f 3413 3414 3420
f 3414 3413 3410
f 3597 3414 3410
f 3410 3416 3423
f 3420 3414 3597
f 3422 3421 3383
f 3421 3420 3597
f 3410 3423 3598
f 3597 3410 3598
f 3418 3424 3416
f 3418 3417 3426
f 3424 3418 3426
f 3431 3426 3417
f 3424 3425 3423
f 3426 3428 3427
f 3425 3424 3427
f 3426 3427 3424
f 3423 3416 3424
f 3431 3417 3415
f 3419 3431 3415
f 3435 3419 3451
f 3419 3435 3430
f 3419 3430 3433
f 3419 3433 3431
f 3435 3434 3437
f 3437 3430 3435
f 3430 3437 3442
f 3437 3434 3443
f 3444 3443 3632
f 3632 3443 3434
f 3432 3433 3430
f 3438 3426 3431
f 3431 3439 3438
f 3431 3433 3439
f 3426 3438 3429
f 3432 3439 3433
f 3438 3439 3429
f 3440 3439 3441
f 3440 3398 3439
f 3432 3442 3439
f 3429 3428 3426
f 3442 3441 3439
f 3442 3443 3446
f 3640 3443 3444
f 3446 3441 3442
f 3442 3437 3443
f 3640 3447 3443
f 3440 3446 3445
f 3440 3441 3446
f 3447 3446 3443
f 3432 3430 3442
f 3434 3435 3448
f 3448 3435 3451
f 3434 3448 3436
f 3419 3449 3451
f 3450 3449 3419
f 3419 3452 3450
f 3419 3453 3452
f 3418 3458 3455
f 3415 3418 3456
f 3411 3409 3460
f 3459 3411 3460
f 3454 3415 3456
f 3415 3454 3453
f 3418 3455 3456
f 3461 3460 3409
f 3457 3458 3459
f 3453 3419 3415
f 3463 3471 3464
f 3466 3463 3469
f 3469 3463 3464
f 3464 3471 3473
f 3469 3464 3475
f 3471 3478 3472
f 3472 3473 3471
f 3477 3469 3475
f 3473 3476 3464
f 3476 3474 3464
f 3464 3474 3475
f 3477 3479 3469
f 3479 3466 3469
f 3599 3480 3481
f 3468 3466 3482
f 3483 3482 3466
f 3467 3468 3491
f 3491 3468 3482
f 3485 3486 3482
f 3484 3482 3483
f 3485 3482 3484
f 3487 3488 3482
f 3489 3482 3488
f 3491 3482 3489
f 3486 3487 3482
f 3479 3483 3466
f 3491 3490 3470
f 3490 3492 3618
f 3496 3492 3490
f 3495 3493 3492
f 3498 3496 3491
f 3496 3490 3491
f 3500 3491 3497
f 3499 3496 3498
f 3504 3496 3499
f 3500 3498 3491
f 3503 3501 3496
f 3496 3504 3503
f 3501 3502 3496
f 3496 3502 3505
f 3506 3492 3505
f 3496 3505 3492
f 3489 3497 3491
f 3494 3495 3492
f 3508 3494 3492
f 3507 3508 3492
f 3494 3508 3509
f 3510 3494 3509
f 3512 3599 3494
f 3494 3511 3512
f 3599 3512 3480
f 3510 3511 3494
f 3506 3507 3492
f 3327 3318 3481
f 3314 3312 3513
f 3318 3314 3514
f 3317 3313 3515
f 3328 3329 3516
f 3313 3328 3517
f 3312 3317 3518
f 3315 3325 3519
f 3326 3320 3520
f 3325 3326 3521
f 3319 3322 3522
f 3321 3323 3523
f 3322 3321 3524
f 3320 3319 3525
f 3329 3315 3526
f 3481 3318 3514
f 3513 3312 3518
f 3314 3513 3514
f 3515 3313 3517
f 3516 3329 3526
f 3328 3516 3517
f 3317 3515 3518
f 3519 3325 3521
f 3320 3525 3520
f 3520 3521 3326
f 3526 3315 3519
f 3525 3319 3522
f 3524 3321 3523
f 3523 3323 3527
f 3322 3524 3522
f 3324 3528 3527
f 3527 3323 3324
f 3347 3330 3529
f 3332 3333 3530
f 3330 3332 3531
f 3337 3334 3532
f 3336 3335 3533
f 3334 3336 3534
f 3333 3337 3535
f 3345 3341 3536
f 3338 3340 3537
f 3341 3338 3538
f 3343 3339 3539
f 3344 3346 3478
f 3339 3344 3540
f 3340 3343 3541
f 3335 3345 3542
f 3529 3528 3347
f 3530 3531 3332
f 3529 3330 3531
f 3532 3535 3337
f 3533 3534 3336
f 3532 3334 3534
f 3530 3333 3535
f 3536 3542 3345
f 3537 3538 3338
f 3536 3341 3538
f 3539 3541 3343
f 3543 3540 3344
f 3478 3543 3344
f 3539 3339 3540
f 3537 3340 3541
f 3533 3335 3542
f 3347 3528 3324
f 3544 3545 3473
f 3346 3544 3472
f 3546 3547 3474
f 3548 3549 3477
f 3547 3548 3475
f 3545 3546 3476
f 3550 3551 3483
f 3552 3553 3485
f 3551 3552 3484
f 3554 3555 3487
f 3556 3557 3489
f 3555 3556 3488
f 3553 3554 3486
f 3549 3550 3479
f 3473 3472 3544
f 3478 3346 3472
f 3474 3476 3546
f 3477 3475 3548
f 3474 3547 3475
f 3473 3545 3476
f 3483 3479 3550
f 3485 3484 3552
f 3483 3551 3484
f 3487 3486 3554
f 3489 3488 3556
f 3497 3489 3557
f 3487 3555 3488
f 3485 3553 3486
f 3477 3549 3479
f 3557 3558 3497
f 3327 3481 3480
f 3558 3559 3500
f 3560 3561 3499
f 3559 3560 3498
f 3562 3682 3503
f 3563 3564 3501
f 3682 3563 3503
f 3561 3562 3504
f 3565 3566 3505
f 3567 3568 3507
f 3566 3567 3506
f 3569 3570 3509
f 3571 3572 3511
f 3570 3571 3510
f 3568 3569 3508
f 3564 3565 3502
f 3500 3559 3498
f 3499 3561 3504
f 3560 3499 3498
f 3503 3563 3501
f 3502 3565 3505
f 3564 3502 3501
f 3562 3503 3504
f 3506 3567 3507
f 3569 3509 3508
f 3508 3507 3568
f 3505 3566 3506
f 3509 3570 3510
f 3511 3572 3512
f 3480 3512 3573
f 3571 3511 3510
f 3573 3327 3480
f 3573 3512 3572
f 3558 3500 3497
f 3576 3575 3577
f 3578 3404 3447
f 3578 3403 3404
f 3403 3578 3574
f 3575 3406 3405
f 3406 3575 3407
f 3575 3646 3407
f 3579 3580 3575
f 3575 3581 3582
f 3575 3582 3579
f 3575 3405 3581
f 3580 3577 3575
f 3585 3446 3583
f 3583 3446 3447
f 3586 3587 3447
f 3584 3447 3587
f 3583 3447 3584
f 3585 3445 3446
f 3445 3589 3440
f 3588 3440 3589
f 3404 3586 3447
f 3398 3440 3395
f 3394 3395 3440
f 3394 3440 3588
f 3396 3398 3402
f 3398 3396 3439
f 3439 3387 3392
f 3439 3396 3387
f 3429 3439 3391
f 3391 3439 3392
f 3408 3646 3590
f 3590 3382 3381
f 3590 3381 3408
f 3382 3380 3379
f 3380 3382 3592
f 3591 3593 3592
f 3386 3425 3389
f 3427 3428 3389
f 3389 3425 3427
f 3383 3421 3597
f 3596 3423 3425
f 3596 3598 3423
f 3599 3600 3460
f 3604 3601 3600
f 3601 3460 3600
f 3602 3604 3603
f 3603 3604 3605
f 3599 3465 3494
f 3518 3600 3599
f 3526 3604 3600
f 3599 3514 3513
f 3513 3518 3599
f 3599 3481 3514
f 3600 3518 3515
f 3526 3600 3516
f 3515 3517 3600
f 3517 3516 3600
f 3526 3519 3604
f 3520 3605 3604
f 3521 3520 3604
f 3605 3520 3525
f 3525 3522 3605
f 3603 3605 3609
f 3527 3609 3605
f 3524 3523 3605
f 3527 3605 3523
f 3528 3609 3527
f 3605 3522 3524
f 3519 3521 3604
f 3609 3608 3603
f 3462 3613 3471
f 3613 3436 3612
f 3530 3608 3609
f 3535 3606 3608
f 3611 3607 3614
f 3532 3607 3606
f 3531 3609 3529
f 3609 3528 3529
f 3609 3531 3530
f 3535 3608 3530
f 3533 3542 3607
f 3607 3534 3533
f 3536 3614 3542
f 3534 3607 3532
f 3536 3538 3614
f 3606 3535 3532
f 3607 3542 3614
f 3612 3610 3614
f 3471 3613 3612
f 3540 3614 3539
f 3614 3541 3539
f 3537 3614 3538
f 3541 3614 3537
f 3471 3612 3543
f 3471 3543 3478
f 3614 3540 3543
f 3543 3612 3614
f 3615 3495 3616
f 3492 3627 3628
f 3615 3627 3495
f 3617 3494 3461
f 3617 3616 3495
f 3495 3494 3617
f 3618 3620 3490
f 3495 3627 3493
f 3493 3627 3492
f 3618 3492 3619
f 3619 3492 3628
f 3465 3461 3494
f 3599 3461 3465
f 3599 3460 3461
f 3457 3459 3601
f 3604 3458 3457
f 3604 3457 3601
f 3604 3602 3455
f 3604 3455 3458
f 3456 3455 3602
f 3453 3454 3603
f 3603 3454 3456
f 3456 3602 3603
f 3601 3459 3460
f 3491 3470 3620
f 3620 3621 3491
f 3620 3470 3490
f 3621 3467 3491
f 3468 3621 3622
f 3467 3621 3468
f 3623 3463 3466
f 3466 3468 3622
f 3466 3624 3623
f 3624 3466 3622
f 3463 3623 3625
f 3463 3625 3471
f 3625 3462 3471
f 3606 3449 3608
f 3451 3607 3611
f 3451 3606 3607
f 3452 3453 3603
f 3608 3452 3603
f 3450 3608 3449
f 3608 3450 3452
f 3606 3451 3449
f 3611 3614 3451
f 3610 3612 3448
f 3613 3625 3436
f 3625 3613 3462
f 3436 3448 3612
f 3448 3614 3610
f 3614 3448 3451
f 3409 3626 3617
f 3628 3629 3618
f 3461 3409 3617
f 3616 3626 3615
f 3617 3626 3616
f 3618 3619 3628
f 3615 3626 3627
f 3621 3624 3622
f 3620 3629 3621
f 3630 3436 3625
f 3630 3625 3623
f 3629 3620 3618
f 3409 3412 3631
f 3434 3630 3632
f 3434 3436 3630
f 3623 3624 3630
f 3639 3632 3630
f 3639 3634 3642
f 3632 3639 3642
f 3630 3643 3639
f 3413 3631 3412
f 3621 3635 3624
f 3629 3636 3621
f 3635 3621 3637
f 3630 3635 3643
f 3637 3621 3636
f 3637 3638 3635
f 3629 3650 3636
f 3635 3630 3624
f 3444 3632 3642
f 3640 3444 3642
f 3578 3447 3641
f 3578 3641 3640
f 3641 3447 3640
f 3421 3422 3660
f 3640 3642 3574
f 3642 3576 3574
f 3574 3578 3640
f 3659 3420 3421
f 3634 3639 3643
f 3643 3638 3644
f 3642 3634 3643
f 3638 3637 3645
f 3638 3643 3635
f 3643 3644 3575
f 3642 3575 3576
f 3642 3643 3575
f 3575 3644 3645
f 3645 3646 3647
f 3645 3647 3575
f 3575 3647 3646
f 3644 3638 3645
f 3413 3420 3633
f 3650 3629 3648
f 3629 3649 3648
f 3650 3637 3636
f 3629 3628 3649
f 3656 3650 3649
f 3649 3653 3651
f 3650 3648 3649
f 3650 3652 3637
f 3627 3626 3653
f 3653 3649 3628
f 3627 3653 3628
f 3654 3653 3626
f 3654 3626 3631
f 3654 3651 3653
f 3654 3631 3633
f 3659 3654 3633
f 3633 3631 3413
f 3656 3649 3651
f 3637 3652 3645
f 3650 3656 3652
f 3652 3646 3645
f 3656 3651 3592
f 3652 3656 3655
f 3652 3655 3590
f 3652 3590 3646
f 3655 3656 3590
f 3656 3592 3382
f 3382 3590 3656
f 3658 3651 3654
f 3651 3658 3591
f 3633 3420 3659
f 3658 3654 3659
f 3591 3657 3651
f 3660 3593 3591
f 3658 3660 3591
f 3657 3591 3592
f 3660 3658 3659
f 3660 3422 3594
f 3660 3594 3595
f 3421 3660 3659
f 3660 3595 3593
f 3657 3592 3651
f 3409 3631 3626
f 3405 3406 3359
f 3581 3359 3357
f 3356 3581 3357
f 3581 3405 3359
f 3356 3579 3582
f 3581 3356 3582
f 3356 3354 3579
f 3579 3354 3363
f 3579 3363 3580
f 3580 3363 3577
f 3403 3360 3351
f 3574 3362 3360
f 3574 3360 3403
f 3576 3353 3362
f 3353 3576 3361
f 3364 3576 3363
f 3576 3364 3361
f 3576 3362 3574
f 3363 3576 3577
f 3586 3349 3661
f 3404 3349 3586
f 3584 3587 3661
f 3661 3587 3586
f 3588 3662 3393
f 3445 3664 3663
f 3445 3663 3662
f 3589 3662 3588
f 3589 3445 3662
f 3664 3584 3661
f 3585 3664 3445
f 3664 3583 3584
f 3583 3664 3585
f 3396 3401 3388
f 3388 3387 3396
f 3386 3389 3390
f 3386 3665 3666
f 3665 3386 3390
f 3667 3386 3666
f 3386 3667 3425
f 3667 3668 3425
f 3425 3668 3669
f 3670 3425 3669
f 3670 3596 3425
f 3383 3671 3384
f 3671 3383 3597
f 3598 3673 3671
f 3673 3598 3672
f 3596 3674 3672
f 3674 3596 3670
f 3598 3671 3597
f 3596 3672 3598
f 3422 3348 3372
f 3422 3372 3377
f 3422 3383 3348
f 3422 3377 3594
f 3594 3377 3595
f 3592 3376 3367
f 3593 3378 3374
f 3593 3374 3371
f 3592 3371 3376
f 3592 3367 3380
f 3592 3593 3371
f 3378 3593 3377
f 3595 3377 3593
f 3385 3373 3348
f 3384 3675 3385
f 3373 3385 3675
f 3671 3675 3384
f 3673 3676 3675
f 3669 3668 3676
f 3677 3676 3668
f 3668 3667 3677
f 3677 3667 3666
f 3678 3666 3665
f 3665 3390 3678
f 3670 3669 3676
f 3673 3672 3676
f 3675 3671 3673
f 3672 3674 3670
f 3676 3672 3670
f 3677 3666 3678
f 3679 3678 3400
f 3679 3398 3397
f 3397 3393 3680
f 3678 3401 3400
f 3679 3399 3398
f 3399 3679 3400
f 3679 3397 3680
f 3388 3401 3678
f 3349 3350 3661
f 3350 3680 3663
f 3393 3662 3680
f 3663 3680 3662
f 3350 3663 3664
f 3664 3661 3350
f 3390 3388 3678
f 3368 3373 3355
f 3355 3373 3675
f 3676 3677 3680
f 3680 3675 3676
f 3368 3355 3358
f 3352 3355 3680
f 3680 3350 3352
f 3679 3677 3678
f 3679 3680 3677
f 3355 3675 3680
f 3682 3683 3681
f 3316 3683 3342
f 3684 3683 3682
f 3331 3316 3342
f 3549 3683 3684
f 3683 3346 3342
f 3683 3544 3346
f 3544 3683 3545
f 3546 3545 3683
f 3546 3683 3547
f 3548 3547 3683
f 3683 3549 3548
f 3549 3684 3550
f 3550 3684 3551
f 3551 3684 3552
f 3553 3684 3554
f 3555 3684 3556
f 3553 3552 3684
f 3554 3684 3555
f 3684 3557 3556
f 3684 3558 3557
f 3683 3327 3681
f 3682 3681 3564
f 3558 3682 3559
f 3559 3682 3560
f 3561 3682 3562
f 3560 3682 3561
f 3563 3682 3564
f 3565 3681 3566
f 3681 3569 3568
f 3681 3565 3564
f 3567 3681 3568
f 3570 3681 3571
f 3571 3681 3572
f 3681 3570 3569
f 3566 3681 3567
f 3573 3572 3681
f 3681 3327 3573
f 3682 3558 3684
f 3686 3685 3687
f 3685 3691 3687
f 3692 3685 3686
f 3685 3688 3690
f 3690 3691 3685
f 3689 3688 3685
f 3685 3693 3689
f 3694 3693 3685
f 3694 3685 3700
f 3701 3695 3696
f 3700 3696 3695
f 3699 3696 3697
f 3702 3698 3696
f 3697 3696 3698
f 3700 3685 3696
f 3709 3703 3704
f 3703 3705 3704
f 3703 3706 3708
f 3706 3703 3707
f 3707 3703 3710
f 3711 3710 3703
f 3712 3711 3703
f 3711 3712 3718
f 3719 3713 3712
f 3718 3712 3713
f 3717 3714 3712
f 3715 3716 3712
f 3720 3715 3712
f 3717 3712 3716
f 3719 3712 3714
f 3709 3704 3698
f 3705 3703 3699
f 3704 3705 3697
f 3708 3706 3701
f 3707 3710 3695
f 3706 3707 3695
f 3703 3708 3699
f 3702 3709 3698
f 3697 3705 3699
f 3704 3697 3698
f 3708 3701 3696
f 3696 3699 3708
f 3701 3706 3695
f 3695 3710 3700
f 3711 3694 3700
f 3710 3711 3700
f 3718 3713 3693
f 3719 3714 3690
f 3713 3719 3688
f 3717 3716 3687
f 3715 3720 3692
f 3716 3715 3686
f 3714 3717 3691
f 3693 3694 3718
f 3688 3689 3713
f 3693 3713 3689
f 3691 3690 3714
f 3686 3687 3716
f 3692 3686 3715
f 3691 3717 3687
f 3688 3719 3690
f 3718 3694 3711
f 3726 3712 3721
f 3703 3721 3712
f 3722 3723 3724
f 3720 3722 3725
f 3726 3727 3728
f 3729 3730 3731
f 3727 3729 3732
f 3723 3726 3728
f 3725 3722 3724
f 3720 3725 3692
f 3727 3732 3728
f 3728 3724 3723
f 3732 3729 3733
f 3733 3729 3731
f 3730 3734 3735
f 3731 3730 3735
f 3709 3702 3736
f 3737 3738 3739
f 3740 3741 3742
f 3738 3740 3743
f 3744 3745 3746
f 3747 3748 3736
f 3745 3747 3749
f 3741 3744 3750
f 3735 3734 3751
f 3743 3739 3738
f 3751 3737 3739
f 3750 3742 3741
f 3749 3746 3745
f 3736 3749 3747
f 3750 3744 3746
f 3743 3740 3742
f 3748 3709 3736
f 3751 3734 3737
f 3685 3752 3696
f 3685 3753 3752
f 3712 3726 3722
f 3720 3712 3722
f 3722 3726 3723
f 3729 3727 3721
f 3721 3730 3729
f 3721 3727 3726
f 3721 3734 3730
f 3703 3709 3748
f 3721 3737 3734
f 3738 3721 3740
f 3721 3738 3737
f 3721 3747 3745
f 3747 3721 3748
f 3741 3721 3744
f 3741 3740 3721
f 3745 3744 3721
f 3721 3703 3748
f 3696 3752 3736
f 3736 3752 3749
f 3702 3696 3736
f 3752 3750 3746
f 3746 3749 3752
f 3750 3752 3742
f 3742 3752 3743
f 3752 3739 3743
f 3685 3692 3725
f 3752 3753 3728
f 3735 3751 3752
f 3735 3752 3731
f 3739 3752 3751
f 3732 3733 3752
f 3724 3728 3753
f 3725 3724 3753
f 3732 3752 3728
f 3731 3752 3733
f 3753 3685 3725
f 3933 4188 3931
f 3933 3754 4188
f 4188 4192 4199
f 3765 3760 3757
f 3761 3768 3757
f 3761 3757 3759
f 3762 3761 3759
f 4188 3754 4192
f 3764 4199 4192
f 3806 3755 3808
f 3806 4199 3755
f 3755 3763 3808
f 4206 3766 3765
f 3765 3757 3756
f 3765 3756 3763
f 3769 3761 3762
f 3768 3761 3769
f 3757 3768 4404
f 3807 3808 3763
f 3763 4206 3765
f 3763 3756 3807
f 3770 3807 3767
f 3767 3807 3756
f 3758 3773 3772
f 3758 3772 3771
f 3774 3758 3771
f 3758 3774 3812
f 3812 3807 3758
f 3770 3758 3807
f 3812 3774 3775
f 3758 3770 3773
f 3772 3773 3771
f 3776 3777 3759
f 3778 3762 3759
f 3782 3759 3777
f 3778 3759 3782
f 3793 3762 3778
f 3781 3782 3780
f 3781 3780 3790
f 3779 3780 3782
f 3784 3785 3783
f 3780 3783 3785
f 3790 3780 3792
f 3792 3780 3785
f 4229 3787 3786
f 4229 3800 3787
f 3778 3781 3793
f 3778 3782 3781
f 3788 3793 3781
f 3791 3790 3792
f 3789 3781 3790
f 3788 3794 3793
f 3795 3788 3781
f 3796 3781 3789
f 3785 4070 3792
f 4070 3785 3797
f 3798 3797 3785
f 3798 3785 3801
f 3801 3787 3800
f 3801 3785 3787
f 3799 3798 3801
f 3785 3784 3787
f 3799 3801 4159
f 3779 3783 3780
f 3784 3786 3787
f 3796 3795 3781
f 4188 4512 3901
f 4512 4188 3802
f 3803 3802 4188
f 4188 4199 3803
f 3804 3803 4199
f 3804 4199 3806
f 3805 4517 3804
f 4523 3806 3808
f 3808 3807 3816
f 3812 3809 3807
f 4619 3807 3809
f 3809 3812 3810
f 4620 3813 3810
f 3810 3813 3814
f 3812 4620 3810
f 3826 4620 3812
f 3808 3816 4526
f 3821 3816 4618
f 4619 3816 3807
f 3810 3815 3809
f 4619 3809 3815
f 3816 3821 3825
f 3825 3820 3816
f 4618 4617 3821
f 3821 3818 3822
f 3822 3819 3828
f 4617 3818 3821
f 3822 3818 3819
f 3833 3823 3821
f 3822 3830 3821
f 4538 3821 3823
f 3824 3820 3825
f 4537 3825 3821
f 4538 4537 3821
f 4538 3823 3834
f 3827 3826 3812
f 3811 3827 3812
f 3810 3817 3815
f 3817 3810 3814
f 3814 3813 3817
f 3828 3819 3818
f 3830 3822 3828
f 3831 3821 3830
f 3832 3821 3831
f 3832 3833 3821
f 3834 3823 3833
f 3775 3811 3812
f 3835 3811 3775
f 3826 3811 3835
f 3838 3836 3839
f 3840 3841 3836
f 3842 3840 3836
f 3842 3836 3838
f 3844 3838 3839
f 3843 3842 3838
f 3847 3920 3848
f 3847 3846 3845
f 3844 3843 3838
f 3846 3847 3849
f 3851 3850 3847
f 3847 4651 3851
f 3852 3887 3855
f 3855 3857 3852
f 3852 3858 3856
f 3852 3856 3887
f 3859 3888 3858
f 3864 3885 3865
f 3854 3865 3859
f 3861 3866 3864
f 3861 3860 3863
f 3864 3860 3861
f 3869 3868 3871
f 3868 3870 3871
f 3870 3872 3871
f 3874 3872 3870
f 3870 3868 3881
f 3876 3874 3875
f 3876 3873 3874
f 3874 3870 3875
f 3873 3877 3878
f 3877 4628 3878
f 3873 3876 3877
f 4628 3877 3883
f 3868 3880 3881
f 3880 3868 4624
f 4626 3870 3881
f 3882 3877 3876
f 3876 3875 3870
f 4612 3877 3882
f 3877 4612 3883
f 3884 3863 3867
f 3863 3884 3861
f 3866 3885 3864
f 3886 3865 3885
f 3861 3884 3866
f 3865 3888 3859
f 3856 3858 3887
f 3887 3858 3888
f 3886 3888 3865
f 3890 3891 3892
f 3890 3889 3894
f 3892 3893 3890
f 3896 3895 3898
f 3900 3898 3899
f 3897 3899 3898
f 3903 4581 3904
f 3904 4585 3903
f 3907 3917 3909
f 3917 3910 3909
f 3917 3908 3910
f 3911 3925 3910
f 3913 3915 3911
f 3913 3911 3756
f 3910 3908 3911
f 3913 3916 3915
f 3913 3914 3916
f 3756 3911 3908
f 3914 3913 4392
f 3917 3918 3908
f 4404 3913 3756
f 3913 3912 4402
f 3913 4404 3912
f 4392 3913 4402
f 3919 3921 3920
f 3922 3920 3921
f 3837 3924 3836
f 3929 3928 3927
f 3933 3930 3932
f 4176 4180 3941
f 3936 3943 3935
f 3937 3939 3938
f 3941 4180 3939
f 3939 3940 3941
f 3938 3943 3937
f 3946 4390 3947
f 3947 3948 3946
f 3949 3950 3951
f 3952 3953 3954
f 3953 3952 3948
f 3954 3953 3951
f 3951 3950 3954
f 3948 3952 3946
f 3955 3958 3956
f 3958 3959 3956
f 3960 3959 3958
f 3960 3958 4499
f 4499 3961 3960
f 3958 4124 4500
f 3958 4500 4499
f 3957 3958 3941
f 4124 3958 3957
f 3963 3961 4499
f 3963 4490 3961
f 3965 3961 4490
f 3966 3965 4490
f 3970 3967 3962
f 3968 3966 3969
f 3966 4490 3969
f 3962 3966 3970
f 4490 4491 4494
f 4490 3963 3964
f 4494 3969 4490
f 3968 3969 3970
f 3968 3970 3966
f 3977 3972 3975
f 3972 3971 3975
f 3974 3971 3976
f 3976 3973 3974
f 3973 3976 3978
f 3973 3978 4535
f 3980 4534 4535
f 3979 3980 4535
f 3982 3984 3981
f 3980 3981 3984
f 3986 3982 3981
f 3978 3979 4535
f 3981 3980 3979
f 3986 3981 3983
f 3982 3986 3984
f 3983 3985 3986
f 3974 3975 3971
f 4068 3987 3988
f 3989 3830 3829
f 4613 3991 3989
f 3996 3989 3991
f 3994 3830 3989
f 3833 3830 3994
f 3998 4006 3991
f 3993 3997 3991
f 3991 4006 4008
f 4008 3996 3991
f 3991 3997 3998
f 3996 4008 3994
f 3993 4000 3997
f 4002 3998 4000
f 4000 3998 3997
f 4484 4004 4548
f 4000 4001 4548
f 3834 3833 3995
f 3994 3989 3996
f 3995 3994 3834
f 3994 4539 3834
f 3994 4008 4010
f 4012 3994 4540
f 4012 4539 3994
f 4540 3994 4010
f 4006 4011 4007
f 4003 4005 4002
f 4003 4002 4000
f 3998 4002 4011
f 4011 4006 3998
f 4548 4005 4000
f 4005 4003 4000
f 3833 3994 3995
f 4013 3991 3990
f 3991 4013 3992
f 4006 4007 4008
f 4007 4009 4008
f 4009 4010 4008
f 4014 4019 4015
f 3863 4016 4015
f 3864 4016 3860
f 4016 3863 3860
f 3863 4015 3862
f 4016 3864 3865
f 3854 4016 3865
f 4017 3859 3858
f 4017 3854 3859
f 4017 4016 3854
f 4019 4018 3862
f 4018 4019 4020
f 3862 4015 4019
f 4021 4646 4019
f 4022 4017 3852
f 4022 3852 3853
f 4022 4023 4024
f 4024 4025 4026
f 4026 3896 3894
f 3858 3852 4017
f 4028 4029 4030
f 4032 4030 4031
f 3896 4028 3894
f 4032 4033 3904
f 4034 3853 4600
f 4027 4025 4024
f 4027 4024 4023
f 4034 4600 4021
f 4034 4022 3853
f 4022 4034 4023
f 4600 4646 4021
f 4585 4033 4586
f 3896 4029 4028
f 4032 4031 4033
f 4031 4030 4029
f 4026 4025 3896
f 3904 4033 4585
f 4325 4035 4036
f 4325 4320 4035
f 4037 4325 4036
f 4038 4039 4040
f 4041 4040 4042
f 3840 4043 4041
f 4385 4044 4045
f 4045 4046 4385
f 4046 4047 4038
f 4037 4048 4044
f 4049 4050 4036
f 4049 4036 4035
f 4037 4036 4378
f 3841 4041 4051
f 4048 4045 4044
f 4046 4045 4047
f 4054 3841 4051
f 4378 4048 4037
f 4040 4039 4042
f 4039 4038 4047
f 4042 4051 4041
f 4051 4352 4054
f 3840 4041 3841
f 4353 4019 4014
f 3844 4052 3843
f 3843 4043 3842
f 3840 3842 4043
f 3849 4052 3846
f 3844 3846 4052
f 4053 4052 3850
f 4052 3849 3847
f 4053 3850 3851
f 3850 4052 3847
f 3851 4353 4053
f 3843 4052 4043
f 4352 4055 4054
f 4055 4352 4057
f 4056 4057 4352
f 4056 4652 4058
f 4653 4056 4058
f 4353 4652 4056
f 4059 4056 4653
f 4057 4056 4059
f 4353 3851 4652
f 4353 4014 4053
f 4064 4061 4623
f 4064 4065 4062
f 4417 4066 4416
f 4066 4065 4064
f 3987 4066 4067
f 4067 3988 3987
f 3788 4068 3988
f 4408 4066 4060
f 4066 4408 4416
f 4060 4066 4064
f 4064 3775 4060
f 4064 4623 4622
f 3775 4064 3835
f 4622 3835 4064
f 4230 4219 4069
f 4219 4068 4069
f 3797 4069 4070
f 3792 4070 3791
f 4068 4072 4071
f 4069 4071 4072
f 4071 4069 4068
f 4072 4068 3788
f 4070 4072 3791
f 4070 4069 4072
f 4072 3790 3791
f 3790 4072 3789
f 3788 3795 3789
f 3788 3789 4072
f 4075 4076 4073
f 4078 4081 4077
f 4256 4077 4081
f 4077 4076 4075
f 4082 4081 4078
f 4079 4075 4074
f 4074 4075 4073
f 4075 4078 4077
f 4217 4081 4083
f 4081 4084 4221
f 4221 4084 4086
f 4081 4082 4084
f 4082 4085 4084
f 4085 4086 4084
f 4087 4088 4089
f 4088 3977 3975
f 3975 4089 4088
f 4087 4086 4085
f 4086 4087 4089
f 4074 4073 4076
f 4080 4079 4074
f 4080 4090 4386
f 4092 4091 4105
f 4092 4093 4094
f 4093 4105 4094
f 4105 4093 4092
f 4168 4095 4092
f 4094 4168 4092
f 4096 4095 4168
f 4097 4096 4165
f 4097 4095 4096
f 3941 3958 3955
f 4097 4098 4095
f 4098 4097 4099
f 4100 4098 4099
f 4099 4102 4100
f 4101 4100 4102
f 4101 4102 4103
f 3941 4104 4101
f 4103 4176 3941
f 3941 4101 4103
f 3955 4104 3941
f 4105 4091 3929
f 3947 4381 4106
f 4387 4381 3947
f 4162 4381 4259
f 4162 4107 4223
f 4390 4387 3947
f 4259 4108 4107
f 4259 4381 4387
f 4107 4162 4259
f 4107 4108 4109
f 4214 4162 4223
f 4162 4214 4140
f 3949 4049 4035
f 4035 3950 3949
f 3944 4495 4110
f 3944 4150 4495
f 3944 4110 3934
f 4186 4183 4194
f 3934 4115 3942
f 3943 3936 4115
f 3935 4115 3936
f 3942 4115 3935
f 3943 4115 3937
f 3940 3939 3937
f 4115 4116 3937
f 3941 3940 4117
f 4118 4119 4115
f 4113 4115 4120
f 4121 4114 4115
f 3940 3937 4123
f 4124 3941 4117
f 3941 4124 3957
f 4112 4115 4110
f 4115 4112 4118
f 4115 4119 4120
f 4115 4113 4121
f 4115 4114 4122
f 4116 4115 4125
f 4122 4125 4115
f 4116 4123 3937
f 3934 3942 3944
f 3944 3942 3945
f 4126 4081 4234
f 4081 4217 4234
f 4127 4081 4126
f 4128 4081 4127
f 4133 4246 4127
f 4127 4126 4130
f 4131 4127 4130
f 4134 4133 4127
f 4133 4132 4246
f 4240 4127 4131
f 4134 4127 4240
f 4127 4129 4128
f 4246 4129 4127
f 4158 4235 4130
f 4158 4130 4232
f 4140 4139 4138
f 4158 4141 4235
f 4143 3800 4229
f 4143 4144 4145
f 4144 4143 4229
f 4183 4146 4194
f 4151 4472 4150
f 4260 3930 4472
f 4111 4153 4154
f 4377 4157 4383
f 4377 4382 4164
f 4158 4232 4230
f 4069 4158 4230
f 3798 3799 4158
f 3797 3798 4158
f 4158 4069 3797
f 4158 3799 4159
f 4159 4141 4158
f 3800 4160 4159
f 3800 4159 3801
f 4141 4159 4160
f 4160 3800 4143
f 4141 4160 4242
f 4242 4160 4143
f 4143 4142 4242
f 4236 4143 4145
f 4094 4105 4161
f 4161 4105 3929
f 4161 4162 4172
f 4161 3929 4163
f 4381 4162 4164
f 4161 4163 4162
f 4166 4165 4096
f 4167 4166 4096
f 4138 4169 4166
f 4167 4138 4166
f 4167 4168 4170
f 4096 4168 4167
f 4172 4168 4094
f 4161 4172 4094
f 4168 4140 4170
f 4170 4140 4138
f 4168 4171 4140
f 4138 4167 4170
f 4171 4168 4172
f 4172 4140 4171
f 4140 4172 4162
f 3944 4152 4150
f 4150 4152 4151
f 4169 4138 4173
f 4173 4138 4137
f 4169 4173 4166
f 4165 4166 4173
f 4099 4097 4173
f 4173 4097 4165
f 4149 4102 4137
f 4173 4137 4102
f 4173 4102 4099
f 4174 3944 3945
f 4154 4174 3945
f 4175 4154 4153
f 4153 4152 4175
f 3944 4175 4152
f 3944 4174 4175
f 4174 4154 4175
f 4149 4176 4102
f 4103 4102 4176
f 4149 4177 4180
f 4176 4149 4180
f 4111 4154 3945
f 3945 4178 4111
f 4179 3943 3938
f 3939 4179 3938
f 4179 4183 3943
f 4146 4183 4179
f 3939 4180 4179
f 4181 4146 4179
f 4181 4179 4180
f 4181 4147 4146
f 4146 4147 4197
f 4147 4180 4148
f 4147 4181 4180
f 4148 4180 4177
f 3942 4178 3945
f 4182 4183 4186
f 4184 3943 4183
f 4184 3935 3943
f 3935 4184 4182
f 4182 4184 4183
f 4111 4186 4190
f 3942 3935 4185
f 3935 4182 4185
f 4186 4111 4187
f 4187 4111 4178
f 4187 3942 4185
f 4178 3942 4187
f 4185 4182 4187
f 4187 4182 4186
f 4188 4472 3930
f 3931 4188 3930
f 4191 4189 4111
f 3931 3930 3933
f 4189 3933 4153
f 4111 4189 4153
f 3932 4153 3933
f 4191 4111 4190
f 4190 4186 4193
f 4189 3754 3933
f 4192 3754 4189
f 4192 4189 4191
f 4191 4190 4192
f 4193 4186 4194
f 4192 4190 4193
f 4195 4193 4194
f 4193 4198 3764
f 4193 3764 4192
f 4193 4195 4198
f 4146 4195 4194
f 4196 4146 4197
f 4147 4201 4197
f 4196 4195 4146
f 4198 4195 3764
f 3764 4195 4199
f 4196 4200 4199
f 4200 4196 3755
f 4199 4200 3755
f 4195 4196 4199
f 4201 4196 4197
f 4201 4147 4148
f 4201 4148 4202
f 4148 4177 4202
f 4203 4177 4149
f 4204 4203 4149
f 4202 4177 4203
f 4201 4202 3755
f 3755 4203 3763
f 3755 4196 4201
f 4203 4204 4206
f 4205 4203 4206
f 3763 4203 4205
f 4205 4206 3763
f 4203 3755 4202
f 4137 4204 4149
f 4206 4204 3766
f 4138 4204 4137
f 3765 3766 4207
f 3766 4204 4207
f 4207 4204 4138
f 4209 4208 4089
f 4209 4089 3975
f 4210 4209 3975
f 4211 4089 4208
f 4066 3987 4211
f 4208 4066 4211
f 4066 4208 4209
f 4065 4066 4209
f 3975 3974 4213
f 3975 4213 4210
f 4210 4062 4065
f 4210 4065 4209
f 4213 4064 4062
f 4213 4063 4064
f 4062 4210 4213
f 3757 3760 4214
f 3760 4139 4214
f 4139 4140 4214
f 4216 4139 4215
f 3760 4207 4215
f 4207 3760 3765
f 4215 4207 4138
f 4216 4138 4139
f 4138 4216 4215
f 4215 4139 3760
f 4231 4217 4083
f 4083 4081 4221
f 4218 4231 4219
f 4218 4219 4230
f 4083 4220 4219
f 4220 4068 4219
f 4083 4219 4231
f 4220 4083 4221
f 4089 4222 4086
f 4222 4221 4086
f 4220 4221 4068
f 4222 4211 3987
f 4211 4222 4089
f 4222 3987 4221
f 3987 4068 4221
f 4107 4109 3776
f 4214 4223 3759
f 3757 4214 3759
f 4223 3776 3759
f 3776 4109 3777
f 4109 3782 3777
f 3782 4109 4224
f 4223 4107 3776
f 4109 4228 4224
f 4227 4224 4228
f 4224 4227 3783
f 3779 4224 3783
f 4226 3784 4225
f 4228 4225 3784
f 4227 3784 3783
f 3784 4227 4228
f 4224 3779 3782
f 3786 3784 4229
f 3784 4226 4229
f 4237 4226 4238
f 4229 4226 4237
f 4232 4218 4230
f 4231 4218 4232
f 4231 4234 4217
f 4126 4232 4233
f 4232 4126 4234
f 4232 4234 4231
f 4232 4130 4233
f 4233 4130 4126
f 4131 4130 4240
f 4145 4237 4236
f 4135 4245 4237
f 4229 4237 4144
f 4253 4135 4136
f 4237 4136 4135
f 4238 4136 4237
f 4144 4237 4145
f 4235 4239 4130
f 4235 4141 4239
f 4242 4239 4141
f 4240 4130 4239
f 4240 4239 4134
f 4133 4239 4241
f 4239 4133 4134
f 4142 4133 4242
f 4142 4243 4244
f 4142 4244 4133
f 4132 4133 4244
f 4241 4242 4133
f 4241 4239 4242
f 4250 4237 4245
f 4237 4250 4236
f 4236 4142 4143
f 4142 4247 4243
f 4243 4248 4244
f 4246 4244 4249
f 4142 4236 4247
f 4249 4244 4248
f 4243 4247 4248
f 4247 4250 4245
f 4250 4247 4236
f 4248 4245 4249
f 4245 4135 4249
f 4246 4249 4135
f 4248 4247 4251
f 4247 4245 4251
f 4245 4248 4251
f 4252 4255 4081
f 4081 4255 4256
f 4225 4255 4226
f 4226 4255 4238
f 4255 4225 4254
f 4252 4253 4255
f 4081 4128 4253
f 4253 4238 4255
f 4128 4246 4253
f 4253 4136 4238
f 4253 4246 4135
f 4253 4252 4081
f 4257 4254 4225
f 4254 4257 4255
f 4225 4228 4257
f 4257 4228 4109
f 4108 4257 4109
f 4256 4255 4257
f 4077 4256 4257
f 4074 4077 4258
f 4074 4076 4077
f 4108 4077 4257
f 4258 4080 4074
f 4259 4080 4258
f 4080 4259 4386
f 4258 4108 4259
f 4258 4077 4108
f 3930 4260 3932
f 4153 3932 4152
f 4152 3932 4260
f 4151 4152 4260
f 4260 4472 4151
f 3930 4261 4265
f 4262 3930 4263
f 4264 4263 3930
f 3931 4264 3930
f 3930 4265 4266
f 4267 3891 4268
f 3983 3891 3985
f 4268 3891 3983
f 4269 4270 3892
f 4268 3892 4267
f 4269 3892 4268
f 4268 4271 4269
f 4271 4268 4272
f 4272 4273 4274
f 4269 4271 4275
f 4268 3983 4272
f 4270 4269 3893
f 3983 3981 4272
f 4273 3979 3978
f 4273 3981 3979
f 4276 3976 3971
f 3978 3976 4277
f 4278 3971 3972
f 4277 4279 4273
f 4277 4273 3978
f 4274 4273 4279
f 4271 4272 4274
f 4280 4277 4276
f 4278 4276 3971
f 4281 4278 3972
f 4282 4276 4278
f 4277 3976 4276
f 4283 4278 4281
f 4281 4284 4285
f 4273 4272 3981
f 4271 4274 4286
f 4287 3893 4288
f 4288 4275 4026
f 4288 3893 4269
f 4286 4275 4271
f 4275 4286 4024
f 4269 4275 4288
f 4287 4288 3889
f 3894 3889 4026
f 3889 4288 4026
f 4024 4026 4275
f 4286 4022 4024
f 4286 4289 4022
f 4280 4290 4279
f 4280 4279 4277
f 4279 4290 4289
f 4289 4286 4274
f 4290 4280 4291
f 4291 4280 4282
f 4283 4282 4278
f 4292 4282 4283
f 4280 4276 4282
f 4289 4290 4017
f 4290 4016 4017
f 4016 4290 4291
f 4016 4291 4015
f 4015 4292 4014
f 4292 4015 4291
f 4293 4014 4292
f 4291 4282 4292
f 4293 4283 4285
f 4289 4017 4022
f 4289 4274 4279
f 4281 3972 3977
f 4285 4283 4281
f 4284 3977 4088
f 4294 4088 4087
f 4284 4088 4294
f 4295 4087 4085
f 4284 4296 4285
f 4296 4284 4294
f 4294 4295 4297
f 4285 4296 4298
f 4299 4300 4295
f 4299 4295 4085
f 4297 4295 4300
f 4297 4296 4294
f 4294 4087 4295
f 4296 4297 4301
f 4085 4082 4299
f 4293 4292 4283
f 4302 4078 4075
f 4082 4078 4303
f 4075 4079 4304
f 4080 3926 4079
f 4303 4302 4305
f 4303 4078 4302
f 4302 4075 4304
f 4306 4302 4304
f 4307 3926 4308
f 4307 4304 4079
f 4304 4307 4309
f 4307 4079 3926
f 4299 4303 4310
f 4082 4303 4299
f 4308 4309 4307
f 4293 4298 4053
f 4293 4285 4298
f 4301 4297 4311
f 4301 4298 4296
f 4310 4300 4299
f 4312 4300 4310
f 4311 4297 4300
f 4298 4301 4052
f 4301 4043 4052
f 4052 4053 4298
f 4311 4312 4041
f 4312 4311 4300
f 4041 4312 4040
f 4311 4041 4043
f 4311 4043 4301
f 4305 4313 4310
f 4293 4053 4014
f 4306 4314 4305
f 4306 4305 4302
f 4305 4314 4313
f 4313 4040 4312
f 4314 4306 4315
f 4315 4306 4309
f 4316 4309 4308
f 4315 4309 4316
f 4306 4304 4309
f 4313 4314 4038
f 4314 4046 4038
f 4038 4040 4313
f 4317 4385 4046
f 4317 4315 4316
f 4317 4046 4315
f 4315 4046 4314
f 4312 4310 4313
f 4310 4303 4305
f 4281 3977 4284
f 4035 4320 4318
f 4320 3950 4318
f 3950 4320 4319
f 4322 4323 3954
f 4320 3954 4319
f 4322 3954 4320
f 3952 4322 4324
f 4322 3952 4323
f 4320 4321 4324
f 4155 4324 4321
f 4322 4320 4324
f 4325 4326 4320
f 4325 4037 4044
f 4326 4044 4385
f 4326 4325 4044
f 4384 4326 4385
f 4388 4155 4326
f 4155 4321 4326
f 4388 4326 4156
f 4384 4156 4326
f 4321 4320 4326
f 4327 3928 4328
f 4091 3928 3929
f 4328 3928 4091
f 4329 4330 4331
f 4328 4331 4327
f 4329 4331 4328
f 4328 4332 4329
f 4332 4328 4333
f 4333 4334 4335
f 4329 4332 4336
f 4328 4091 4333
f 4330 4329 4337
f 4091 4092 4333
f 4095 4334 4092
f 4098 4338 4095
f 4339 4100 4101
f 4340 4101 4104
f 4100 4341 4098
f 4333 4335 4332
f 4338 4334 4095
f 4341 4338 4098
f 4342 4334 4338
f 4343 4341 4339
f 4340 4339 4101
f 4344 4340 4104
f 4345 4339 4340
f 4341 4100 4339
f 4346 4338 4341
f 4104 3955 4344
f 4092 4334 4333
f 4340 4344 4347
f 4348 4337 4349
f 4329 4336 4349
f 4349 4337 4329
f 4332 4039 4336
f 4349 4336 4047
f 4039 4332 4335
f 4348 4349 4350
f 4045 4350 4047
f 4350 4349 4047
f 4039 4047 4336
f 4335 4342 4042
f 4346 4351 4342
f 4346 4342 4338
f 4342 4351 4042
f 4042 4039 4335
f 4351 4346 4352
f 4352 4346 4343
f 4345 4343 4339
f 4056 4343 4345
f 4346 4341 4343
f 4042 4351 4051
f 4351 4352 4051
f 4353 4345 4347
f 4352 4343 4056
f 4335 4334 4342
f 4345 4340 4347
f 3956 4354 4344
f 4355 4354 3959
f 3959 4354 3956
f 4355 3959 3960
f 4356 4344 4354
f 4356 4347 4344
f 4354 4355 4357
f 4354 4357 4356
f 4347 4356 4019
f 4355 4358 4357
f 4358 4355 4359
f 4359 4360 4361
f 4357 4358 4362
f 4355 3960 4359
f 4356 4357 4363
f 3960 3961 4359
f 4344 3955 3956
f 3965 4360 3961
f 3966 4364 3965
f 3966 3962 4365
f 3962 3967 3900
f 4360 4364 4366
f 4360 3965 4364
f 4364 3966 4365
f 4367 4364 4365
f 4368 3900 3899
f 4368 4365 3962
f 4365 4368 4369
f 4368 3962 3900
f 4361 4358 4359
f 3961 4360 4359
f 3899 4369 4368
f 4353 4347 4019
f 4357 4362 4363
f 4363 4019 4356
f 4358 4370 4362
f 4363 4362 4021
f 4358 4361 4370
f 4362 4034 4021
f 4021 4019 4363
f 4034 4370 4023
f 4362 4370 4034
f 4366 4371 4361
f 4367 4372 4366
f 4367 4366 4364
f 4366 4372 4371
f 4371 4023 4370
f 4372 4367 4373
f 4373 4367 4369
f 3897 4369 3899
f 4373 4369 3897
f 4367 4365 4369
f 4371 4372 4027
f 4372 4025 4027
f 4027 4023 4371
f 3895 3896 4025
f 3895 4373 3897
f 3895 4025 4373
f 4373 4025 4372
f 4370 4361 4371
f 4361 4360 4366
f 4353 4056 4345
f 4374 3953 4157
f 4157 4375 3951
f 4157 3951 4374
f 4377 4376 4157
f 4375 4157 3949
f 4049 3949 4157
f 4049 4157 4050
f 4376 4050 4157
f 4377 4163 3927
f 4163 4377 4164
f 4380 4377 3927
f 4378 4376 4377
f 4378 4036 4376
f 4376 4036 4050
f 4378 4377 4379
f 4379 4377 4380
f 4048 4379 4045
f 4379 4048 4378
f 4045 4379 4380
f 3927 3928 4331
f 4331 4337 3927
f 4350 4045 4380
f 4380 3927 4337
f 3929 3927 4163
f 4164 4162 4163
f 4382 4377 4106
f 4106 4381 4164
f 4164 4382 4106
f 4106 4377 4383
f 3953 4383 4157
f 3948 4383 3953
f 4383 3947 4106
f 3947 4383 3948
f 3926 4384 4308
f 4385 4317 4384
f 4316 4308 4384
f 4384 4080 4386
f 4386 4387 4156
f 4387 4386 4259
f 4156 4384 4386
f 4387 4388 4156
f 4389 4324 4155
f 3952 4324 3946
f 3946 4324 4390
f 4390 4324 4389
f 4389 4155 4388
f 4390 4389 4387
f 4388 4387 4389
f 4391 3844 3839
f 3839 3836 4391
f 4397 4391 3836
f 3924 4397 3836
f 4391 3845 3844
f 3847 3845 3920
f 3844 3845 3846
f 4422 4393 4414
f 3917 3907 4406
f 4411 4408 4406
f 4422 4414 4394
f 3919 3907 3909
f 3919 3909 3910
f 3922 3910 3925
f 3919 3910 3921
f 3921 3910 3922
f 4395 3907 3920
f 3907 3919 3920
f 4395 3845 4429
f 3845 4395 3920
f 3923 3925 3911
f 3923 3911 3915
f 3923 3915 3916
f 3914 3923 3916
f 3923 3914 3924
f 3924 3914 4397
f 3845 4396 4429
f 3845 4391 4396
f 4399 4398 4392
f 4402 4398 4399
f 4402 4399 4392
f 4398 4402 4403
f 4400 3794 4398
f 4398 3794 4413
f 4400 4398 4401
f 4401 4398 4403
f 4401 4403 3762
f 4400 4401 3793
f 3793 3794 4400
f 4401 3762 3793
f 3912 4404 3768
f 4404 3756 3757
f 3768 3769 4403
f 3912 3768 4403
f 4403 3769 3762
f 3912 4403 4402
f 3908 4405 3756
f 4405 3908 3767
f 3908 3918 3770
f 3917 4406 4410
f 4410 3918 3917
f 3770 3918 4409
f 3774 4409 4407
f 4405 3767 3756
f 3771 4409 3774
f 3770 4409 3771
f 3908 3770 3767
f 3918 4410 4407
f 4410 4406 4408
f 4060 3775 4407
f 4060 4407 4410
f 4410 4408 4060
f 4407 3775 3774
f 4409 3918 4407
f 4411 4412 4408
f 4412 4416 4408
f 4413 4393 4398
f 3794 3788 4413
f 4414 4411 4406
f 4411 4414 4412
f 4414 4406 4394
f 4412 4414 4416
f 4417 4416 4414
f 4415 4417 4414
f 4066 4417 4415
f 4418 4414 4419
f 4420 4414 4393
f 4419 4414 4420
f 4414 4418 4415
f 4067 4066 4415
f 4415 3988 4067
f 4415 4418 3988
f 3988 4418 4419
f 4420 4393 4413
f 4420 4413 3788
f 4419 4420 3788
f 3788 3988 4419
f 4397 4423 4391
f 3914 4423 4397
f 4393 4423 4398
f 4423 3914 4421
f 4421 3914 4392
f 4421 4392 4398
f 4421 4398 4423
f 4422 4396 4391
f 4391 4423 4393
f 4422 4391 4393
f 4426 4406 3907
f 4406 4424 4394
f 4424 4395 4429
f 4424 4429 4394
f 4395 4428 3907
f 3907 4428 4426
f 4428 4395 4426
f 4425 4427 4395
f 4427 4426 4395
f 4427 4425 4406
f 4406 4426 4427
f 4406 4425 4424
f 4395 4424 4425
f 4396 4422 4429
f 4394 4429 4422
f 4430 3999 4000
f 3993 4433 4000
f 4432 4430 4433
f 4433 4430 4000
f 4431 3906 4430
f 4431 4430 4432
f 3993 3991 4433
f 4433 3991 3992
f 4613 3992 3990
f 4433 3992 4613
f 3991 4613 3990
f 4432 4433 3905
f 4613 4432 3905
f 4613 3905 4433
f 4436 4435 4543
f 4543 4547 4572
f 4438 4595 4439
f 4599 4439 4486
f 4439 4599 4438
f 4435 4436 4437
f 4436 4486 4437
f 4599 4486 4436
f 4438 4599 4597
f 3903 4589 4440
f 3903 4440 4581
f 4440 4589 4441
f 4440 4441 4442
f 4443 4438 4444
f 4444 4442 4443
f 4597 4444 4438
f 4443 4442 4441
f 4510 4446 4445
f 4110 4115 3934
f 4449 3980 4453
f 4449 4534 3980
f 4561 4451 4455
f 4560 4451 4452
f 4451 4561 4452
f 4448 4570 4454
f 4570 4448 4449
f 4570 4449 4453
f 4453 3980 4569
f 4455 4451 4448
f 4454 4455 4448
f 4550 4465 3906
f 4463 4530 4434
f 4461 4531 4463
f 4461 4463 4489
f 4465 4558 4464
f 4467 4485 4466
f 4004 4485 4467
f 4469 4460 4471
f 4445 4522 4519
f 4502 4445 4519
f 4506 4503 4502
f 4150 4472 4474
f 4576 4472 4473
f 4150 4474 4495
f 4474 4472 4576
f 4479 4478 4598
f 4480 4592 4590
f 4001 4482 4548
f 4465 4483 4482
f 4001 4000 4482
f 4482 4000 3999
f 4482 3999 4430
f 3906 4465 4482
f 4482 4430 3906
f 4483 4465 4464
f 4482 4483 4484
f 4557 4484 4464
f 4485 4484 4557
f 4482 4484 4548
f 4004 4484 4485
f 4484 4483 4464
f 4557 4468 4467
f 4467 4466 4557
f 4557 4466 4485
f 4487 4434 4486
f 3969 4487 3970
f 4487 4488 3970
f 4488 4486 4594
f 4594 4486 4439
f 4488 3967 3970
f 4593 3967 4488
f 4488 4487 4486
f 4492 4489 4463
f 3964 4492 4490
f 4491 4490 4492
f 4463 4434 4492
f 4494 4492 4434
f 4434 4493 4494
f 4487 4493 4434
f 4491 4492 4494
f 4494 4487 3969
f 4494 4493 4487
f 4576 4495 4474
f 4469 4497 4496
f 4497 4469 4461
f 4469 4496 4460
f 4499 4460 4496
f 4497 4461 4489
f 4489 4492 4497
f 4499 4496 3963
f 4496 4497 3963
f 3964 3963 4497
f 4497 4492 3964
f 4501 4110 4475
f 4498 4110 4495
f 4498 4495 4475
f 4475 4110 4498
f 4460 4499 4500
f 4460 4500 4471
f 4471 4500 4470
f 4506 4470 4500
f 4475 4446 4447
f 4507 4501 4475
f 4475 4447 4507
f 4445 4502 4504
f 4504 4502 4503
f 4116 3940 4123
f 4503 3940 4504
f 4503 4117 4505
f 4503 4506 4124
f 4505 4117 3940
f 4503 4124 4117
f 3940 4503 4505
f 4124 4506 4500
f 4507 4110 4501
f 4116 4122 3940
f 4504 3940 4509
f 4509 3940 4122
f 4509 4122 4114
f 4504 4509 4445
f 4508 4445 4509
f 4510 4445 4508
f 4509 4114 4113
f 4113 4119 4509
f 4511 4509 4119
f 4510 4509 4511
f 4508 4509 4510
f 4507 4511 4110
f 4110 4511 4112
f 4112 4511 4119
f 4511 4446 4510
f 4446 4511 4507
f 4447 4446 4507
f 3901 4472 4188
f 3902 4472 3901
f 4513 4446 4475
f 4512 3803 4513
f 4514 4512 4513
f 4514 4577 4515
f 3901 4512 4515
f 4514 4515 4512
f 4514 4513 4475
f 3803 4512 3802
f 4516 4446 4513
f 4513 3803 4516
f 3804 4517 3803
f 4445 4516 3803
f 4445 3803 4522
f 4522 3803 4518
f 3803 4517 4518
f 4445 4446 4516
f 4518 4517 3805
f 4518 3805 4520
f 3804 4520 3805
f 4523 3804 3806
f 4519 4522 4518
f 4502 4519 4521
f 4521 4520 4502
f 4521 4518 4520
f 4523 4520 3804
f 4519 4518 4521
f 4506 4520 4470
f 4520 4506 4502
f 4523 3808 4524
f 4524 3808 4525
f 3808 4526 4525
f 4523 4469 4471
f 4469 4523 4524
f 4470 4523 4471
f 4470 4520 4523
f 4469 4525 4526
f 4469 4524 4525
f 4531 4461 4528
f 4461 4527 4528
f 4527 4461 4469
f 3820 4531 4528
f 4526 4527 4469
f 3820 4528 4527
f 3820 4527 3816
f 4526 3816 4527
f 4434 4530 4529
f 4537 4530 3825
f 4537 4529 4530
f 4530 3824 3825
f 4531 3824 4530
f 4531 4532 3824
f 3820 4532 4531
f 4532 3820 3824
f 4531 4530 4463
f 3906 4431 4533
f 4431 4432 4533
f 4535 4534 4533
f 4536 4535 4533
f 4535 4536 3973
f 4432 4212 4533
f 4213 4432 4063
f 4213 4212 4432
f 4536 3974 3973
f 4212 4213 3974
f 4212 3974 4536
f 4536 4533 4212
f 4537 4538 4486
f 4538 3834 4539
f 4538 4539 4437
f 4537 4434 4529
f 4537 4486 4434
f 4538 4437 4486
f 4539 4012 4540
f 4539 4540 4435
f 4437 4539 4435
f 4540 4543 4435
f 4541 4010 4007
f 4540 4541 4543
f 4540 4010 4541
f 4002 4541 4007
f 4007 4011 4002
f 4005 4546 4002
f 4002 4542 4541
f 4542 4002 4544
f 4544 4543 4542
f 4543 4541 4542
f 4544 4002 4547
f 4545 4002 4546
f 4547 4002 4545
f 4547 4543 4544
f 3906 4533 4549
f 4534 4549 4533
f 4546 4547 4545
f 4555 4548 4004
f 4456 4547 4546
f 4456 4548 4555
f 4546 4548 4456
f 4548 4546 4005
f 4534 4449 4549
f 4551 4550 4449
f 4449 4550 4549
f 3906 4549 4550
f 4551 4449 4552
f 4448 4451 4552
f 4451 4450 4552
f 4448 4552 4449
f 4551 4553 4465
f 4465 4553 4552
f 4465 4550 4551
f 4552 4558 4465
f 4552 4553 4551
f 4457 4458 4564
f 4458 4459 4554
f 4458 4554 4564
f 4564 4554 4462
f 4462 4554 4468
f 4554 4467 4468
f 4456 4555 4467
f 4467 4554 4456
f 4467 4555 4004
f 4456 4554 4459
f 4556 4552 4450
f 4556 4450 4451
f 4556 4558 4552
f 4464 4558 4556
f 4556 4557 4559
f 4559 4464 4556
f 4562 4557 4560
f 4559 4557 4464
f 4451 4560 4556
f 4560 4557 4556
f 4561 4560 4452
f 4563 4560 4561
f 4560 4563 4562
f 4562 4468 4557
f 4468 4562 4563
f 4468 4563 4462
f 4563 4567 4565
f 4563 4565 4462
f 4567 4561 4458
f 4565 4564 4462
f 4566 4567 4457
f 4565 4567 4566
f 4458 4457 4567
f 4457 4565 4566
f 4547 4456 4570
f 4547 4570 4572
f 4570 4453 4569
f 4456 4459 4570
f 4570 4459 4458
f 4570 4458 4455
f 4454 4570 4455
f 4561 4455 4568
f 4568 4458 4561
f 4568 4455 4458
f 4569 3980 4571
f 4569 4571 4570
f 3984 3986 4574
f 3980 3984 4571
f 4574 4571 3984
f 4571 4574 4543
f 4572 4570 4571
f 4572 4573 4543
f 4573 4572 4571
f 4573 4571 4543
f 4574 4436 4543
f 4477 4574 3986
f 3986 3985 4477
f 4574 4477 4436
f 4477 4599 4436
f 4575 4514 4475
f 4575 4475 4495
f 3902 4575 4472
f 4472 4575 4473
f 3902 4577 4575
f 4495 4576 4575
f 4575 4576 4473
f 4514 4575 4577
f 4515 4578 3902
f 4577 4578 4515
f 3902 4578 4577
f 4579 4442 4580
f 4580 4581 4440
f 4580 4440 4579
f 4442 4598 4580
f 4580 4598 4478
f 4581 4580 4582
f 4581 4582 4032
f 4032 3904 4581
f 4478 4032 4582
f 4583 4032 4478
f 4478 4582 4580
f 4478 4479 4583
f 4479 4584 4583
f 4479 4476 3890
f 4584 4479 3890
f 4032 4583 4030
f 4028 4584 3894
f 4584 4028 4583
f 3894 4584 3890
f 4583 4028 4030
f 4586 3903 4585
f 3903 4586 4589
f 4588 4589 4586
f 4588 4441 4589
f 4586 4587 4590
f 4588 4586 4590
f 4033 4591 4480
f 4033 4031 4591
f 4591 4031 4029
f 4591 4029 3896
f 3898 4591 3896
f 4033 4480 4590
f 4590 4587 4033
f 3898 4481 4591
f 4591 4481 4480
f 4587 4586 4033
f 3900 3967 3898
f 3898 3967 4593
f 4592 4480 4594
f 3898 4593 4481
f 4593 4594 4481
f 4594 4593 4488
f 4481 4594 4480
f 4439 4595 4594
f 4594 4590 4592
f 4594 4595 4590
f 4438 4443 4595
f 4588 4590 4595
f 4588 4595 4443
f 4443 4441 4588
f 3985 3891 4476
f 4476 4479 3985
f 4479 4477 3985
f 4477 4479 4599
f 4596 4599 4479
f 4598 4442 4444
f 4444 4597 4598
f 4599 4596 4597
f 4598 4597 4596
f 4598 4596 4479
f 4600 3857 3855
f 4600 3855 4610
f 4602 3884 4603
f 4607 4616 4605
f 3868 4608 3879
f 4606 4619 4607
f 3884 3869 3871
f 3866 3871 3872
f 3885 3866 3872
f 4639 3869 3884
f 3871 3866 3884
f 3874 3888 3872
f 3888 3886 3872
f 3885 3872 3886
f 3884 4602 4639
f 4635 4639 4603
f 4639 4602 4603
f 4603 4601 4635
f 3888 3874 3873
f 3887 3888 3873
f 3878 3887 3873
f 3887 3878 3855
f 3878 4628 3855
f 4637 4601 4610
f 4610 3855 4629
f 4629 3855 4628
f 4613 3989 4611
f 3989 3829 4611
f 4614 3818 4617
f 3828 3818 4614
f 3829 3828 4611
f 4615 4611 3828
f 4615 3828 4614
f 4611 4615 4616
f 4612 3882 4611
f 4611 3882 4613
f 4611 4616 4612
f 4604 3883 4612
f 4616 4604 4612
f 4614 4617 4616
f 4605 4616 4617
f 4607 4617 4606
f 4605 4617 4607
f 4606 4617 4618
f 4616 4615 4614
f 4619 4606 3816
f 3813 4620 3815
f 4619 3815 4620
f 4619 4620 4607
f 3835 4620 3826
f 4620 3835 4621
f 4621 4608 4620
f 4621 3879 4608
f 4620 4608 4607
f 3879 4621 3835
f 3879 4622 3868
f 4622 4624 3868
f 3879 3835 4622
f 4606 4618 3816
f 4624 4622 4623
f 4624 4623 4061
f 3880 4624 3881
f 4061 4626 3881
f 4061 3881 4624
f 4626 4061 4625
f 4064 4625 4061
f 4625 4064 4063
f 4625 3870 4626
f 4625 4063 3870
f 3876 3870 4063
f 4063 4627 3876
f 4613 3882 4063
f 3876 4627 3882
f 4063 3882 4627
f 4613 4063 4432
f 4628 4604 4616
f 4607 4630 4616
f 4631 4632 4629
f 4610 4629 4632
f 4604 4628 3883
f 4629 4628 4616
f 4629 4616 4631
f 4610 4632 4633
f 4610 4633 4637
f 4632 4631 4630
f 4632 4630 4607
f 4630 4631 4616
f 4632 4607 4633
f 4601 4637 4635
f 4609 4638 4608
f 4608 4636 4607
f 4637 4633 4607
f 4635 4637 4607
f 4634 4636 4635
f 4636 4634 4607
f 4634 4635 4607
f 4609 4639 4638
f 3868 3869 4609
f 4639 4609 3869
f 4608 4638 4636
f 4635 4636 4638
f 4639 4635 4638
f 3868 4609 4608
f 3863 3862 4018
f 3863 4018 3867
f 4640 4018 4020
f 4644 4640 4020
f 4020 4019 4644
f 4641 3867 4018
f 4641 4018 3884
f 4018 4640 4642
f 3867 4641 3884
f 3884 4018 4603
f 4018 4642 4603
f 4642 4640 4603
f 4640 4601 4603
f 4643 4601 4640
f 4643 4640 4644
f 4644 4019 4646
f 4600 4648 4646
f 4643 4644 4645
f 4647 4645 4644
f 4644 4649 4647
f 4644 4646 4649
f 4645 4647 4601
f 4643 4645 4601
f 4601 4647 4610
f 4610 4647 4649
f 4649 4646 4648
f 4600 3852 3857
f 3852 4600 3853
f 4610 4648 4600
f 4649 4648 4610
f 3920 4652 3848
f 3847 3848 4652
f 4652 3920 4650
f 3847 4652 4651
f 3920 3922 4654
f 4653 4650 3920
f 4654 4653 3920
f 3922 3925 4654
f 3851 4651 4652
f 4650 4653 4652
f 4652 4653 4058
f 4654 3925 3923
f 4653 4654 4655
f 4654 3923 4656
f 4657 3924 3837
f 4656 3924 4657
f 3924 4656 3923
f 4654 4656 4655
f 4055 4057 4655
f 4055 4655 4656
f 4655 4057 4059
f 4054 4656 4657
f 4657 3836 3841
f 3836 4657 3837
f 3841 4054 4657
f 4656 4054 4055
f 4655 4059 4653
f 4998 4673 4672
f 4998 4672 4675
f 4673 4998 4674
f 4680 4993 4998
f 4675 4680 4998
f 4677 4993 4680
f 4679 4993 4677
f 4679 4678 4993
f 4678 4676 4993
f 1356 4681 1557
f 1558 4685 4683
f 1354 1425 4682
f 1557 4681 4684
f 1356 4764 4681
f 4685 1354 4682
f 4682 1425 1560
f 1970 5011 4687
f 1986 4692 4693
f 4692 1986 4694
f 1424 4696 1422
f 4696 1424 4695
f 4696 4694 1422
f 4751 4703 1746
f 4703 4702 5007
f 4751 1746 4980
f 4704 4968 4705
f 4706 4705 4968
f 4707 4706 4968
f 4709 4710 4707
f 4709 4711 4712
f 4709 4713 4711
f 4709 4712 4710
f 4709 4708 4713
f 4968 4709 4707
f 4989 4714 4715
f 4989 4716 4714
f 4989 4715 4717
f 4719 4989 4982
f 4716 4989 4719
f 4720 4719 4982
f 4721 4720 4982
f 4722 4721 4982
f 4982 4718 4722
f 4728 4729 4726
f 4728 4725 4724
f 4734 4735 4736
f 4744 4741 4742
f 4743 4745 4746
f 4747 4748 4745
f 4748 4746 4745
f 4752 4703 4751
f 4703 4701 4702
f 4754 4753 4703
f 4703 4752 4754
f 4755 4701 4703
f 4701 4755 4761
f 4699 4701 4761
f 4953 4681 4764
f 4954 4684 4681
f 4762 4764 1356
f 4766 1558 4683
f 4762 1356 1558
f 4763 4683 4685
f 4682 1560 4853
f 4763 4685 4682
f 4954 4681 4953
f 4762 1558 4766
f 4766 4683 4763
f 4763 4682 4765
f 4853 4767 4682
f 4853 5012 4767
f 4770 5012 4686
f 1970 4770 4686
f 4768 1970 4687
f 4769 5015 1611
f 4768 4687 5015
f 4943 1611 5013
f 4943 4688 1971
f 4666 1971 5014
f 4943 5013 4688
f 5125 5012 4770
f 4770 1970 4768
f 5015 4769 4768
f 4943 1971 4666
f 1611 4943 4769
f 4772 4966 4773
f 4772 4771 4966
f 4771 4774 4966
f 4776 4774 4777
f 4776 4778 4779
f 4776 4779 4780
f 4778 4776 4777
f 4780 4775 4776
f 4966 4774 4776
f 4941 4783 4781
f 4932 4790 4784
f 4932 4783 4790
f 4786 4787 4785
f 4790 4783 4941
f 4941 4781 4782
f 4941 4789 4790
f 4788 4791 4789
f 4785 4787 4792
f 4793 4792 4787
f 5072 4793 4794
f 4797 4795 4796
f 4797 4801 4798
f 4798 4801 4805
f 4801 4802 4803
f 4801 4797 4802
f 4799 4805 4951
f 4801 4951 4805
f 4799 4952 4805
f 4795 4797 4798
f 4661 4806 4805
f 4659 4805 4952
f 4658 4805 4659
f 4660 4805 4658
f 4805 4660 4661
f 4807 4806 4661
f 4661 4662 4807
f 4810 4813 4809
f 4812 4809 4807
f 4811 4809 4808
f 4810 4809 4811
f 4809 4812 4808
f 4815 4819 4816
f 4819 4815 4817
f 4820 4819 4818
f 4909 4690 4689
f 4823 4824 4821
f 4821 4824 4822
f 4909 4689 4912
f 4798 4912 4689
f 4913 4912 4805
f 4805 4825 4913
f 4798 4805 4912
f 4823 4807 4824
f 4807 4823 4806
f 4823 4826 4805
f 4823 4805 4806
f 4826 4825 4805
f 4728 4726 4760
f 4727 4697 4760
f 4760 4726 4727
f 4760 1359 4728
f 4728 1359 4758
f 4756 4759 4727
f 4756 4747 4837
f 4749 4838 4837
f 4836 4756 4727
f 4727 4759 4697
f 4758 4725 4728
f 4758 4724 4725
f 4757 4724 4758
f 4723 4698 4699
f 4723 4699 4761
f 4724 4757 4698
f 4723 4724 4698
f 4836 4839 4748
f 4840 4841 4746
f 4839 4840 4746
f 4749 4837 4747
f 4746 4748 4839
f 4747 4836 4748
f 4841 4743 4746
f 4756 4836 4747
f 4844 4723 4733
f 4845 4844 4846
f 4843 4743 4841
f 4842 4744 4743
f 4843 4842 4743
f 4842 4843 4845
f 4849 4749 4919
f 4847 4849 4919
f 4749 4849 4838
f 4694 4744 4842
f 4744 1986 4741
f 4849 4847 4848
f 4849 4850 4852
f 4850 4849 4848
f 4691 4850 4916
f 4692 4691 4916
f 4692 4742 4693
f 4691 4852 4850
f 4693 4741 1986
f 1422 4694 4842
f 4744 4694 1986
f 4860 4695 1424
f 1422 4851 1424
f 4693 4742 4741
f 4852 1983 4853
f 4852 4691 1983
f 4854 4853 1983
f 4916 4742 4692
f 4761 4732 4723
f 4736 4761 4755
f 4732 4733 4723
f 4732 4761 4736
f 4755 4703 4736
f 4703 4753 4734
f 4703 4734 4736
f 4733 4856 4855
f 4855 4846 4733
f 4846 4842 4845
f 4844 4733 4846
f 4856 4876 4855
f 4857 4855 4876
f 4842 4851 1422
f 4754 4734 4753
f 4731 4730 4752
f 4734 4754 4730
f 4857 4731 4752
f 4752 4730 4754
f 5183 4857 4752
f 4750 5183 4751
f 4750 4858 5183
f 4750 4863 4858
f 4752 4751 5183
f 5183 4855 4857
f 1424 4740 4891
f 4859 4740 1424
f 4860 1424 4891
f 4739 4740 4859
f 4860 4861 4695
f 4862 4695 5009
f 5009 4853 4854
f 5009 4695 4866
f 4892 4866 4695
f 4695 4861 4892
f 5009 4854 4862
f 1424 4851 4859
f 4739 4859 4738
f 4737 4738 4864
f 4863 4864 4738
f 4859 4863 4738
f 4865 4866 4892
f 4737 4864 4865
f 4864 4866 4865
f 4932 4731 4869
f 4784 4731 4932
f 4784 4867 4731
f 4730 4867 4868
f 4731 4867 4730
f 4731 4871 4869
f 4667 4670 4668
f 4870 4670 4667
f 4870 4667 4872
f 4669 4670 4870
f 4871 4872 4667
f 4731 4872 4871
f 4736 4868 5131
f 4735 4734 4868
f 4735 4868 4736
f 4868 4734 4730
f 4874 4873 4868
f 5131 4868 4873
f 4868 4875 4874
f 4736 5129 4732
f 5129 5193 5194
f 5131 5129 4736
f 4870 4876 4890
f 4877 4890 4876
f 4870 4890 4669
f 4732 5129 4877
f 5190 4877 5192
f 5192 5129 5194
f 5191 4878 4890
f 5191 4890 4877
f 5190 5191 4877
f 5129 5192 4877
f 4671 4879 4880
f 4671 4738 4882
f 4880 4738 4671
f 4888 4738 4881
f 4888 4739 4738
f 4737 4882 4738
f 4880 4881 4738
f 4882 4737 4937
f 4922 4926 4884
f 4937 4737 4926
f 4883 4874 4875
f 4884 4926 4737
f 4885 4922 4884
f 4885 4892 4922
f 4740 4888 4893
f 4739 4888 4740
f 4891 4740 5196
f 4893 5196 4740
f 4891 5196 4889
f 4897 4896 4892
f 4889 4892 4891
f 4892 4896 4922
f 4878 4893 4890
f 4889 4897 4892
f 4894 4896 4897
f 4896 4917 4918
f 4897 4895 4898
f 4895 4897 4889
f 4888 4890 4893
f 4886 4900 4887
f 4887 4901 4886
f 4899 4902 4901
f 4723 5133 4899
f 5133 5193 5129
f 4901 4904 4724
f 4901 4724 4899
f 4728 4724 4904
f 4904 4905 4728
f 4902 4886 4901
f 4843 5133 4723
f 5133 5202 4903
f 5193 5133 4903
f 4906 4745 4907
f 4906 5202 4843
f 4907 4744 5198
f 5202 5133 4843
f 4745 4906 4826
f 4825 4906 4843
f 4723 4899 4724
f 4728 4905 4729
f 4726 4729 4690
f 4905 4796 4729
f 4729 4796 4795
f 4689 4795 4908
f 4689 4729 4795
f 4690 4729 4689
f 4690 4910 4726
f 4690 4909 4910
f 4909 4843 4910
f 4747 4823 4911
f 4909 4912 4843
f 4912 4913 4843
f 4913 4825 4843
f 4826 4906 4825
f 4747 4745 4823
f 4745 4826 4823
f 4898 5200 4915
f 4914 5199 4916
f 4916 4820 4914
f 4915 5200 4914
f 4820 4915 4914
f 4894 4917 4896
f 4816 4819 4820
f 4809 4816 4820
f 4744 4907 4743
f 4916 5199 4744
f 5199 5198 4744
f 4749 4821 4919
f 4747 4911 4749
f 4919 4821 4822
f 4749 4911 4821
f 4824 4919 4822
f 4916 4809 4820
f 4920 4850 4809
f 4916 4920 4809
f 4809 4848 4807
f 4848 4809 4850
f 4807 4847 4919
f 4807 4848 4847
f 4807 4824 4804
f 4919 4824 4807
f 4907 4745 4743
f 4926 4922 4924
f 4922 4896 5214
f 5223 4924 4922
f 4924 4925 4926
f 4928 4926 4925
f 4925 4927 4928
f 4942 4782 4927
f 4927 4929 4942
f 4667 4930 4931
f 4869 4783 4932
f 4933 4783 4667
f 4934 4783 5155
f 4783 4935 5155
f 4783 4933 4935
f 4931 4783 4869
f 4667 4783 4930
f 4667 4668 4933
f 4670 4669 4933
f 4668 4670 4933
f 4783 4931 4930
f 4928 5178 4936
f 4937 4928 4940
f 4937 4938 4928
f 4926 4928 4938
f 4928 4936 4939
f 4671 4928 4939
f 4940 4928 4671
f 4666 4665 4782
f 4782 4665 4941
f 4666 4782 4942
f 4941 4665 4664
f 4943 4944 4769
f 4945 4946 4947
f 4950 4661 4766
f 4660 4953 4661
f 4660 4658 4954
f 4659 4952 4954
f 4660 4954 4953
f 4658 4659 4954
f 4818 4827 5143
f 4818 5121 4955
f 5121 4818 5118
f 5115 4956 5118
f 5143 4957 5126
f 5126 4818 5143
f 4894 4818 5126
f 4894 5115 5118
f 5118 4818 4894
f 4905 4904 4972
f 4958 4970 4868
f 4868 4867 4958
f 4959 4962 4709
f 4961 4873 4883
f 4959 4961 4883
f 4959 4883 4962
f 4900 4902 4963
f 4964 4900 4963
f 4900 4964 4965
f 4964 5040 4776
f 4965 4964 4776
f 4972 5037 4905
f 5037 4796 4905
f 4796 5037 4802
f 4790 4958 4784
f 4867 4784 4958
f 4868 4962 4875
f 4868 4971 4968
f 4868 4968 4962
f 4887 4966 4901
f 4901 4966 4967
f 4968 4960 4709
f 4776 5040 4969
f 4776 4969 4966
f 4969 4967 4966
f 4971 4868 4970
f 4904 4901 4972
f 4901 4967 4972
f 4973 4965 4776
f 4973 4776 4775
f 4974 4965 4973
f 4976 4965 4975
f 4965 4974 4975
f 4965 4976 4977
f 4965 4977 4966
f 4978 4966 4977
f 4979 4966 4978
f 4979 4773 4966
f 4666 5014 1972
f 4665 1973 4980
f 4666 1972 1973
f 4980 4981 4664
f 4982 4981 4987
f 4982 4663 4981
f 4989 4983 4984
f 4986 4985 4701
f 4984 4983 4985
f 4987 4983 4989
f 4663 4982 4988
f 4666 1973 4665
f 4665 4980 4664
f 4981 4663 4664
f 4988 4982 4989
f 4984 4985 4986
f 4989 4984 5135
f 4701 4997 4986
f 4998 4991 4990
f 4998 4990 4995
f 4992 4994 4995
f 4995 4994 4993
f 5139 4997 4990
f 4990 5136 5139
f 4990 4991 5136
f 4994 4996 4993
f 4996 4684 4954
f 4999 1358 4697
f 4999 4697 1357
f 1358 4992 4760
f 4760 4697 1358
f 1362 4756 4684
f 1357 4759 1362
f 4759 1357 4697
f 4759 4756 1362
f 4760 4992 1359
f 4701 4699 1974
f 1974 4699 4698
f 1359 4757 4758
f 1360 4757 4990
f 4757 1360 4698
f 4757 1359 4990
f 4756 5000 1557
f 5000 4837 1557
f 4756 1557 4684
f 5001 1356 4837
f 4837 1356 1557
f 5002 1356 5001
f 5002 4849 1558
f 5002 1558 1356
f 5003 4685 1558
f 4685 5003 5004
f 4685 5004 5005
f 5005 1354 4685
f 5005 1425 1354
f 5006 1560 1425
f 1560 5006 4853
f 5006 1425 5005
f 4985 4702 4701
f 1747 4702 4985
f 4702 1747 5007
f 4981 4703 5007
f 5007 4983 4981
f 4980 4750 4751
f 4750 4980 1973
f 1972 5014 4750
f 1972 4750 1973
f 1746 4703 4981
f 5009 1970 4686
f 1970 5009 5008
f 5011 1970 5010
f 5010 1970 5008
f 5013 1971 4688
f 5014 1971 5013
f 4687 5011 5015
f 5013 1611 5016
f 5016 1611 5015
f 4838 5002 4837
f 5002 4838 4849
f 5004 4849 4852
f 4866 5008 5009
f 4750 5014 4863
f 4700 5014 4750
f 4744 4742 4916
f 4916 4850 4920
f 4892 4861 4860
f 4891 4892 4860
f 4884 4865 4885
f 4737 4865 4884
f 4865 4892 4885
f 4877 4856 4733
f 4877 4733 4732
f 4876 4856 4877
f 4870 4857 4876
f 4857 4870 4872
f 4857 4872 4731
f 4843 4836 4727
f 4726 4910 4727
f 4843 4727 4910
f 4836 4843 4839
f 4843 4841 4840
f 4843 4844 4845
f 4844 4843 4723
f 4840 4839 4843
f 5017 4718 4982
f 5018 5019 4982
f 5020 5018 4987
f 4982 5019 5017
f 4982 4987 5018
f 4987 5021 5020
f 4989 5022 5023
f 4989 4717 5022
f 4989 5023 5021
f 5021 4987 4989
f 4715 4714 4711
f 4712 4711 4714
f 4708 4715 4713
f 4711 4713 4715
f 4716 4719 4710
f 4720 4710 4719
f 4714 4716 4712
f 4710 4712 4716
f 5022 4717 4708
f 4715 4708 4717
f 5023 5022 5024
f 4708 5024 5022
f 5021 5023 5025
f 5024 5025 5023
f 5026 5021 5027
f 5025 5027 5021
f 4706 4707 4720
f 4710 4720 4707
f 4705 4706 4721
f 4720 4721 4706
f 4704 4705 4722
f 4721 4722 4705
f 5017 4704 4718
f 4722 4718 4704
f 5020 5028 5018
f 5029 5018 5028
f 5021 5026 5020
f 5028 5020 5026
f 5019 5030 5017
f 4704 5017 5030
f 5018 5029 5019
f 5030 5019 5029
f 4708 4709 5024
f 5025 5024 4962
f 5027 5025 4962
f 5026 5027 4962
f 5024 4709 4962
f 5029 5028 4962
f 5030 5029 4962
f 4968 4704 4962
f 5030 4962 4704
f 5028 5026 4962
f 4883 4875 4962
f 4965 4887 4900
f 4965 4966 4887
f 5013 4863 5014
f 5013 4864 4863
f 5011 4866 4864
f 5010 5008 4866
f 5012 4853 5009
f 4700 4750 5014
f 4864 5013 5016
f 5016 5015 4864
f 4686 5012 5009
f 5010 4866 5011
f 4864 5015 5011
f 4852 4853 5005
f 5004 5003 4849
f 4837 5002 5001
f 5000 4756 4837
f 5005 5004 4852
f 5005 4853 5006
f 1558 4849 5003
f 5032 5143 5033
f 5143 5032 4921
f 5143 5034 5033
f 5034 5035 5033
f 4969 4800 4967
f 4967 4800 5037
f 4972 4967 5037
f 4791 5038 4789
f 4970 4958 4789
f 5038 4970 4789
f 4791 4971 5038
f 4791 4960 4971
f 4791 5039 4960
f 5073 5072 4794
f 5073 4794 5040
f 5040 4964 5073
f 4709 5041 4959
f 4786 4785 5041
f 5041 4709 4786
f 4785 5044 5041
f 5044 4792 5043
f 5042 5043 4792
f 5045 5046 5047
f 5045 5047 5048
f 5046 5049 5050
f 5046 5050 5047
f 5051 5044 5043
f 5050 5049 5052
f 5043 5052 5051
f 5052 5049 5051
f 5053 5054 5045
f 5045 5048 5053
f 5044 5055 5056
f 5044 5056 5041
f 5055 5057 5058
f 5055 5058 5056
f 5059 5054 5053
f 5058 5057 5060
f 5053 5060 5059
f 5060 5057 5059
f 4785 4792 5044
f 5049 5044 5051
f 5049 5046 5044
f 5045 5044 5046
f 5054 5044 5045
f 5057 5044 5059
f 5054 5059 5044
f 5055 5044 5057
f 5061 5062 5063
f 5061 5063 5064
f 5062 5065 5066
f 5062 5066 5063
f 5067 5068 5069
f 5066 5065 5070
f 5069 5070 5067
f 5070 5065 5067
f 5064 4793 5061
f 4792 5064 5071
f 4793 5064 4792
f 5074 5072 5073
f 5073 5075 5074
f 5076 5077 5078
f 5076 5078 5079
f 5077 5080 5081
f 5077 5081 5078
f 5082 5074 5075
f 5081 5080 5083
f 5075 5083 5082
f 5083 5080 5082
f 5069 5068 5076
f 5076 5079 5069
f 5076 5074 5077
f 5082 5080 5074
f 5077 5074 5080
f 5072 5074 5061
f 5067 5061 5068
f 5076 5068 5061
f 5062 5061 5065
f 5067 5065 5061
f 5076 5061 5074
f 4793 5072 5061
f 5147 5084 5085
f 5087 4696 5086
f 4696 5087 4692
f 4692 4694 4696
f 5088 4692 5087
f 5089 4692 5088
f 4695 5086 4696
f 4854 5087 5086
f 4695 4862 5086
f 5086 4862 4854
f 1983 5088 5087
f 1983 5089 5088
f 4691 4692 5089
f 1983 5087 4854
f 5089 1983 4691
f 5090 5091 5095
f 5092 5095 5091
f 5091 5093 5092
f 5094 5095 5092
f 5091 5107 5093
f 5098 5096 5097
f 5096 5099 5097
f 5098 5103 5189
f 5128 5099 5090
f 5100 5090 5099
f 5099 5128 5097
f 5101 5100 5099
f 5102 5103 5106
f 5103 5105 5106
f 5091 5101 5107
f 5106 5105 5108
f 5102 5189 5103
f 5109 5104 5092
f 5094 5104 5187
f 5094 5187 5112
f 5112 5187 5108
f 5108 5105 5112
f 5187 5104 5109
f 5101 5099 5107
f 5110 5105 5103
f 5105 5110 5112
f 5110 5111 5112
f 5113 5084 5111
f 5113 5114 5128
f 5097 5128 5114
f 5114 5190 5097
f 5115 4894 4897
f 5115 4897 5117
f 5116 5117 4897
f 4897 5118 5116
f 5118 4897 5119
f 5120 5119 4898
f 5119 4897 4898
f 4898 4915 5121
f 5121 5120 4898
f 4915 4820 5122
f 5121 4915 5122
f 5123 5122 4820
f 5124 4765 4682
f 4682 5035 5124
f 5035 5034 5124
f 5034 5227 5124
f 5032 5012 5125
f 4894 4918 4917
f 5127 4918 5126
f 4896 4918 5127
f 5095 5112 5128
f 4940 4882 4937
f 4671 4882 4940
f 4931 4871 4667
f 4869 4871 4931
f 4911 4823 4821
f 4798 4908 4795
f 4798 4689 4908
f 4937 4926 4938
f 4873 4961 5131
f 5132 5133 5129
f 5129 5130 5132
f 4899 4963 4902
f 5042 4792 5043
f 5043 5064 5052
f 4959 5041 5056
f 5131 5130 5129
f 5131 4961 5130
f 5060 4961 5058
f 5066 5047 5050
f 5053 5048 4961
f 4961 5060 5053
f 5048 5047 5130
f 5048 5130 4961
f 5070 5130 5047
f 5050 5052 5063
f 4961 4959 5058
f 4959 5056 5058
f 5071 5064 4792
f 5064 5063 5052
f 4964 5075 5073
f 5047 5066 5070
f 5075 4964 5083
f 5070 5069 5132
f 5078 5081 4963
f 5079 5078 4963
f 5069 5079 4963
f 4964 5081 5083
f 5070 5132 5130
f 5132 4963 4899
f 5132 4899 5133
f 4963 5132 5069
f 4963 5081 4964
f 5050 5063 5066
f 5064 5043 4792
f 5135 5137 4791
f 5135 4788 4664
f 4788 5135 4791
f 4991 5134 5136
f 5139 5136 5134
f 5135 4986 5137
f 4787 5137 4986
f 5140 5139 5138
f 4787 4986 5138
f 5138 4986 5140
f 5139 5134 5138
f 4980 1746 4981
f 5007 1747 4985
f 4987 4981 4983
f 5007 4985 4983
f 4990 4698 1360
f 4698 4990 1974
f 1358 4999 4994
f 4994 1357 1362
f 4992 1358 4994
f 4999 1357 4994
f 4701 1974 4997
f 4997 1974 4990
f 4992 4995 1359
f 4996 4994 1362
f 4990 1359 4995
f 1362 4684 4996
f 5143 5141 5034
f 5142 5143 4921
f 4767 5032 5033
f 5012 5032 4767
f 4767 5033 4682
f 5033 5035 4682
f 5145 5142 4921
f 5127 5142 5145
f 5143 5142 5127
f 5127 4957 5143
f 4827 4817 5143
f 4815 5143 4817
f 5143 4815 5141
f 5141 4815 5144
f 4818 4819 4827
f 4817 4827 4819
f 4955 4820 4818
f 4955 5123 4820
f 5123 4955 5122
f 5122 4955 5121
f 5120 5121 5118
f 5118 5119 5120
f 5118 4956 5116
f 4956 5117 5116
f 5117 4956 5115
f 4918 4894 5126
f 5127 5126 4957
f 5085 5113 5128
f 5084 5113 5085
f 5084 5147 5111
f 5147 5112 5111
f 5085 5128 5146
f 5147 5146 5128
f 5085 5146 5147
f 5112 5147 5128
f 5112 5095 5094
f 5095 5128 5090
f 4673 4779 4672
f 4778 4672 4779
f 4775 4780 4673
f 4779 4673 4780
f 4778 4777 4680
f 4774 4680 4777
f 4672 4778 4675
f 4680 4675 4778
f 4973 4775 4674
f 4673 4674 4775
f 5148 4973 5149
f 4674 5149 4973
f 5150 4974 5148
f 4973 5148 4974
f 5151 4975 5150
f 4974 5150 4975
f 4771 4677 4774
f 4680 4774 4677
f 4772 4679 4771
f 4677 4771 4679
f 4773 4678 4772
f 4679 4772 4678
f 5152 4676 4773
f 4678 4773 4676
f 5151 5153 4977
f 4978 4977 5153
f 4975 5151 4976
f 4977 4976 5151
f 5154 5152 4979
f 4773 4979 5152
f 5153 5154 4978
f 4979 4978 5154
f 4995 4993 4676
f 5152 4995 4676
f 5154 5153 4995
f 4995 5152 5154
f 5151 4995 5153
f 5148 4998 4995
f 5150 4995 5151
f 5148 4995 5150
f 5149 4674 4998
f 4998 5148 5149
f 4933 4669 5155
f 5155 4669 4890
f 4888 4939 5156
f 5156 4939 4936
f 4890 5163 5155
f 4888 5165 5163
f 5163 4890 4888
f 5157 4888 5156
f 4888 5157 5165
f 4781 5158 4782
f 5159 4782 5158
f 5162 4782 5159
f 4927 4782 5161
f 4927 5161 5160
f 4782 5162 5161
f 5163 5165 5164
f 5162 5163 5164
f 4939 4888 4881
f 4881 4880 4939
f 4879 4939 4880
f 4939 4879 4671
f 4831 4842 5181
f 5166 4842 4828
f 4828 4842 4831
f 5167 4831 5168
f 5167 5169 4831
f 4833 5169 5160
f 4833 5160 5176
f 5171 5170 5172
f 5176 5173 4833
f 5227 4814 5124
f 5124 4814 4765
f 4765 4949 4763
f 4763 4950 4766
f 4762 4661 4764
f 4766 4661 4762
f 4953 4764 4661
f 4996 4952 4948
f 4952 4996 4954
f 4993 4948 4803
f 4996 4948 4993
f 4998 4803 4991
f 4998 4993 4803
f 4997 5139 5140
f 4984 4986 5135
f 5140 4986 4997
f 4988 5135 4664
f 4989 5135 4988
f 4988 4664 4663
f 4943 4666 4942
f 4945 4768 4944
f 4770 4945 4947
f 4768 4769 4944
f 5125 4770 4947
f 4768 4945 4770
f 4947 5031 5125
f 5031 5032 5125
f 4789 4958 4790
f 5038 4971 4970
f 4971 4960 4968
f 4709 4960 5039
f 5039 4786 4709
f 4802 5037 4803
f 4800 4969 5040
f 5036 5040 4794
f 5040 5036 4800
f 4800 5036 4794
f 4944 4925 4924
f 4943 4927 4925
f 4943 4929 4927
f 4944 4943 4925
f 4929 4943 4942
f 4664 4788 4789
f 4664 4789 4941
f 5134 4794 5138
f 4794 5134 4800
f 5134 5037 4800
f 5039 4791 5137
f 5039 5137 4786
f 5138 4793 4787
f 5137 4787 4786
f 5138 4794 4793
f 4803 5134 4991
f 5134 4803 5037
f 4803 4948 4801
f 4951 4801 4948
f 4799 4951 4948
f 4948 4952 4799
f 5164 5174 5168
f 5162 5175 5161
f 5175 5162 5164
f 5160 5161 5176
f 5169 5165 5160
f 5177 5169 5160
f 5174 5164 5165
f 5165 5169 5174
f 4936 5178 5179
f 5155 4935 4933
f 4934 5155 5180
f 4934 5180 4783
f 5155 5163 5162
f 5155 5162 5159
f 5159 5158 5155
f 5158 4781 5155
f 4783 5180 4781
f 5155 4781 5180
f 5157 5156 5160
f 5160 5165 5157
f 4927 5178 4928
f 4936 5179 4927
f 4936 5160 5156
f 4927 5160 4936
f 5178 4927 5179
f 4833 4829 5169
f 4828 5169 4829
f 5169 4828 4831
f 5168 4831 4830
f 4834 5173 4835
f 4832 4835 5173
f 5173 4834 4833
f 5173 5171 4832
f 4835 4832 5171
f 4835 5171 5172
f 5169 5177 5160
f 5173 5176 5161
f 5174 5169 5167
f 5173 5161 5171
f 5168 5174 5167
f 5175 5171 5161
f 5175 5170 5171
f 5175 5164 5168
f 5168 5170 5175
f 4842 4846 5181
f 5181 4846 4855
f 5181 4855 5182
f 4851 4842 5166
f 4859 4851 5166
f 4859 5166 4834
f 4834 4863 4859
f 5172 4858 4863
f 4863 4834 5172
f 5183 4858 5172
f 5182 4855 5183
f 5181 4830 4831
f 4830 5181 5168
f 5181 5182 5168
f 4829 5166 4828
f 5166 4829 4833
f 5170 5168 5183
f 5170 5183 5172
f 5168 5182 5183
f 4835 5172 4834
f 4833 4834 5166
f 5098 5184 5103
f 5190 5098 5097
f 5099 5185 5107
f 5187 5186 5108
f 5092 5093 5109
f 5188 5106 5108
f 5108 5186 5188
f 5099 5096 5185
f 5188 5189 5102
f 5106 5188 5102
f 5093 5189 5188
f 5187 5109 5186
f 5109 5093 5186
f 5093 5188 5186
f 5093 5107 5189
f 5096 5098 5189
f 5107 5096 5189
f 5185 5096 5107
f 5195 4893 4878
f 4878 5191 5195
f 4893 5195 5197
f 5197 5196 4893
f 5201 4906 4907
f 4907 5198 5201
f 4906 5201 5202
f 5191 5190 5114
f 5098 5192 5194
f 5098 5194 5193
f 5190 5192 5098
f 5195 5114 5197
f 5114 5195 5191
f 5197 5114 5196
f 5196 5113 4889
f 5113 5196 5114
f 4889 5113 4895
f 4895 5113 5111
f 5098 5193 4903
f 5184 4903 5103
f 5202 5201 5103
f 5103 5201 5110
f 5202 5103 4903
f 5200 5111 4914
f 5111 4898 4895
f 4898 5111 5200
f 5110 5198 5199
f 5198 5110 5201
f 4914 5111 5199
f 5111 5110 5199
f 5184 5098 4903
f 4896 5127 5145
f 4921 4896 5145
f 4804 4824 4807
f 5031 5203 5204
f 5203 5031 4947
f 5204 5205 5206
f 5205 5204 5203
f 5206 5205 5207
f 5208 5209 5203
f 5203 5209 5205
f 5210 5208 4947
f 4946 5211 5210
f 5212 5208 5210
f 5210 4947 4946
f 4947 5208 5203
f 5213 5210 5211
f 5205 5214 5207
f 5205 5209 5215
f 4922 5214 5215
f 5205 5215 5214
f 5215 5209 5212
f 5213 5212 5210
f 5212 5213 5216
f 5215 4923 4922
f 5216 4923 5215
f 5212 5216 5215
f 5209 5208 5212
f 5217 5218 5211
f 4946 4945 5217
f 5219 5220 5217
f 5219 5217 4945
f 5218 5217 5220
f 5213 5211 5218
f 5221 5213 5218
f 4945 4944 5222
f 4924 5222 4944
f 5222 5223 5219
f 5222 5219 4945
f 4924 5223 5222
f 5221 5216 5213
f 5218 5220 5224
f 5218 5224 5221
f 5216 5221 4923
f 5221 4922 4923
f 4922 5221 5224
f 4922 5224 5223
f 5224 5220 5223
f 5220 5219 5223
f 5211 4946 5217
f 5225 5031 5214
f 5214 5031 5226
f 5031 5204 5226
f 5206 5226 5204
f 5226 5207 5214
f 5226 5206 5207
f 5032 5031 5225
f 5214 4921 5225
f 4921 5214 4896
f 5225 4921 5032
f 5227 5034 4813
f 4809 4813 5034
f 4814 5227 5228
f 5228 4813 4810
f 4810 5229 5228
f 5230 5228 5229
f 5228 4765 4814
f 5228 5231 4765
f 5228 5230 5231
f 5228 5227 4813
f 4661 4950 4662
f 5232 4662 4950
f 4662 5232 5239
f 5233 4950 4763
f 5239 5232 5234
f 5232 5235 5234
f 5233 5235 4950
f 5236 5235 5233
f 5237 5238 5233
f 5235 5232 4950
f 4662 5239 4807
f 5234 5240 5239
f 5240 5234 5236
f 4812 5240 5241
f 5239 5240 4807
f 4812 4807 5240
f 5241 5236 5238
f 5234 5235 5236
f 5237 5233 4763
f 5242 4949 5243
f 5242 5244 5237
f 5242 5237 4949
f 5244 5238 5237
f 5238 5236 5233
f 4949 5237 4763
f 5243 4949 4765
f 5245 5243 5231
f 5231 5243 4765
f 5246 5242 5243
f 5231 5230 5245
f 5241 5238 5247
f 5247 5238 5244
f 5246 5244 5242
f 5248 5244 5246
f 5248 4808 5247
f 5248 5247 5244
f 5247 4808 4812
f 5247 4812 5241
f 5245 5249 5246
f 5245 5229 5249
f 5229 5245 5230
f 5249 5229 4810
f 4811 5248 5249
f 4808 5248 4811
f 4810 4811 5249
f 5248 5246 5249
f 5246 5243 5245
f 5241 5240 5236
f 4816 4809 5034
f 5034 5141 4816
f 4815 4816 5144
f 5144 4816 5141
f 5255 5253 5256
f 5253 5250 5256
f 5254 5263 5256
f 5256 5250 5254
f 5278 5398 5255
f 5398 5253 5255
f 5270 5255 5256
f 5278 5259 5398
f 5260 5278 5255
f 5260 5255 5270
f 5263 5254 5261
f 5257 5262 5265
f 5265 5261 5257
f 5262 5257 5272
f 5261 5254 5257
f 5257 5271 5272
f 5296 5303 5528
f 5266 5271 5528
f 5271 5264 5528
f 5272 5265 5262
f 5261 5267 5263
f 5270 5267 5268
f 5270 5256 5267
f 5267 5256 5263
f 5267 5261 5268
f 5268 5261 5265
f 5269 5270 5268
f 5268 5265 5272
f 5272 5287 5268
f 5272 5271 5274
f 5287 5272 5274
f 5303 5273 5266
f 5259 5278 5277
f 5277 5276 5259
f 5279 5260 5270
f 5278 5260 5279
f 5277 5278 5282
f 5282 5278 5279
f 5276 5277 5280
f 5282 5280 5277
f 5282 5283 5416
f 5283 5282 5284
f 5416 5280 5282
f 5286 5279 5270
f 5269 5285 5270
f 5286 5282 5279
f 5286 5270 5285
f 5287 5273 5288
f 5289 5285 5287
f 5291 5286 5285
f 5287 5288 5289
f 5285 5269 5287
f 5269 5268 5287
f 5286 5291 5282
f 5282 5291 5293
f 5282 5503 5292
f 5292 5284 5282
f 5294 5291 5289
f 5289 5290 5294
f 5293 5503 5282
f 5291 5285 5289
f 5287 5274 5273
f 5271 5266 5273
f 5266 5528 5303
f 5295 5299 5297
f 5300 5297 5299
f 5301 5295 5300
f 5300 5295 5297
f 5305 5300 5299
f 5301 5296 5295
f 5274 5271 5273
f 5303 5302 5273
f 5273 5302 5290
f 5301 5302 5303
f 5301 5306 5302
f 5304 5302 5322
f 5303 5296 5301
f 5301 5300 5305
f 5305 5308 5313
f 5305 5299 5308
f 5307 5312 5309
f 5312 5311 5251
f 5310 5309 5312
f 5316 5307 5310
f 5310 5307 5309
f 5252 5310 5312
f 5316 5308 5307
f 5306 5301 5313
f 5301 5305 5313
f 5315 5313 5308
f 5314 5306 5313
f 5314 5313 5315
f 5315 5308 5316
f 5317 5316 5258
f 5316 5310 5258
f 5316 5318 5315
f 5258 5318 5317
f 5318 5316 5317
f 5328 5315 5318
f 5310 5252 5258
f 5299 5298 5308
f 5290 5302 5304
f 5273 5290 5288
f 5290 5289 5288
f 5302 5306 5322
f 5322 5290 5319
f 5319 5304 5322
f 5319 5290 5304
f 5324 5290 5320
f 5290 5324 5294
f 5294 5324 5532
f 5532 5291 5294
f 5323 5320 5322
f 5320 5290 5322
f 5325 5324 5320
f 5330 5323 5322
f 5330 5322 5321
f 5321 5306 5314
f 5326 5330 5321
f 5321 5327 5326
f 5314 5327 5321
f 5275 5328 5318
f 5327 5314 5328
f 5327 5328 5329
f 5329 5328 5275
f 5314 5315 5328
f 5323 5330 5320
f 5547 5320 5330
f 5327 5547 5331
f 5547 5330 5331
f 5330 5326 5331
f 5327 5331 5326
f 5329 5281 5332
f 5332 5547 5327
f 5333 5548 5332
f 5333 5332 5281
f 5332 5327 5329
f 5322 5306 5321
f 5312 5251 5252
f 5334 5252 5251
f 5335 5252 5334
f 5338 5337 5334
f 5334 5343 5336
f 5336 5338 5334
f 5337 5335 5334
f 5336 5341 5338
f 5258 5252 5335
f 5258 5339 5318
f 5335 5339 5258
f 5318 5339 5275
f 5337 5341 5335
f 5335 5341 5340
f 5339 5335 5340
f 5341 5337 5338
f 5350 5340 5341
f 5429 5343 5342
f 5343 5346 5344
f 5343 5429 5346
f 5352 5344 5346
f 5353 5343 5352
f 5352 5343 5344
f 5375 5381 5346
f 5348 5352 5346
f 5353 5347 5343
f 5336 5343 5347
f 5341 5336 5349
f 5349 5351 5341
f 5349 5336 5353
f 5336 5347 5353
f 5368 5349 5353
f 5353 5352 5356
f 5368 5353 5356
f 5381 5354 5348
f 5339 5359 5360
f 5360 5275 5339
f 5275 5360 5357
f 5357 5329 5275
f 5329 5357 5358
f 5359 5339 5340
f 5366 5340 5350
f 5359 5340 5361
f 5360 5359 5361
f 5357 5360 5358
f 5358 5281 5329
f 5421 5281 5358
f 5358 5360 5362
f 5364 5363 5360
f 5363 5358 5362
f 5360 5361 5365
f 5363 5362 5360
f 5363 5421 5358
f 5366 5361 5340
f 5366 5350 5351
f 5351 5349 5366
f 5361 5366 5365
f 5373 5365 5366
f 5355 5367 5366
f 5373 5366 5367
f 5367 5355 5349
f 5349 5368 5367
f 5366 5349 5355
f 5365 5373 5372
f 5364 5365 5372
f 5364 5370 5363
f 5371 5363 5370
f 5364 5372 5370
f 5370 5372 5371
f 5405 5372 5373
f 5372 5405 5432
f 5372 5434 5371
f 5432 5434 5372
f 5367 5369 5373
f 5365 5364 5360
f 5350 5341 5351
f 5368 5356 5354
f 5459 5376 5375
f 5352 5348 5354
f 5348 5346 5381
f 5376 5459 5374
f 5378 5376 5374
f 5385 5376 5378
f 5378 5374 5379
f 5385 5375 5376
f 5356 5352 5354
f 5381 5380 5354
f 5354 5380 5384
f 5385 5380 5381
f 5385 5378 5379
f 5385 5386 5380
f 5383 5380 5387
f 5381 5375 5385
f 5346 5345 5375
f 5388 5374 5377
f 5389 5395 5374
f 5385 5379 5390
f 5374 5395 5390
f 5389 5374 5388
f 5379 5374 5390
f 5392 5389 5388
f 5393 5391 5253
f 5398 5391 5393
f 5394 5392 5391
f 5391 5250 5253
f 5391 5392 5388
f 5398 5393 5253
f 5386 5385 5390
f 5396 5386 5390
f 5390 5397 5396
f 5397 5390 5395
f 5395 5392 5397
f 5395 5389 5392
f 5397 5392 5394
f 5394 5391 5398
f 5259 5400 5398
f 5400 5397 5398
f 5397 5394 5398
f 5368 5354 5382
f 5384 5380 5383
f 5384 5368 5382
f 5354 5384 5382
f 5368 5384 5401
f 5401 5373 5369
f 5401 5369 5368
f 5369 5367 5368
f 5380 5386 5387
f 5383 5387 5403
f 5384 5383 5403
f 5384 5403 5404
f 5401 5384 5402
f 5402 5405 5373
f 5401 5402 5373
f 5407 5405 5402
f 5402 5384 5404
f 5402 5404 5406
f 5406 5404 5407
f 5406 5407 5402
f 5387 5404 5403
f 5397 5386 5396
f 5399 5409 5397
f 5397 5412 5386
f 5412 5397 5415
f 5404 5387 5412
f 5400 5259 5276
f 5276 5399 5400
f 5399 5397 5400
f 5409 5415 5397
f 5409 5276 5415
f 5276 5409 5399
f 5415 5276 5410
f 5410 5276 5280
f 5404 5412 5462
f 5413 5412 5408
f 5415 5408 5412
f 5412 5414 5462
f 5414 5412 5413
f 5411 5408 5415
f 5411 5413 5408
f 5415 5410 5280
f 5411 5414 5413
f 5416 5411 5415
f 5280 5416 5415
f 5387 5386 5412
f 5251 5447 5334
f 5281 5421 5417
f 5334 5418 5343
f 5421 5363 5420
f 5421 5419 5417
f 5417 5423 5422
f 5417 5419 5423
f 5424 5422 5423
f 5425 5513 5423
f 5513 5424 5423
f 5428 5425 5421
f 5419 5421 5425
f 5427 5421 5420
f 5427 5437 5438
f 5428 5421 5427
f 5423 5419 5425
f 5433 5363 5371
f 5431 5363 5433
f 5431 5420 5363
f 5435 5460 5432
f 5464 5434 5432
f 5434 5433 5371
f 5429 5430 5346
f 5433 5427 5431
f 5427 5420 5431
f 5427 5433 5437
f 5438 5428 5427
f 5434 5464 5436
f 5437 5433 5436
f 5437 5436 5439
f 5433 5434 5436
f 5343 5440 5342
f 5425 5426 5513
f 5513 5426 5441
f 5443 5425 5428
f 5438 5443 5428
f 5445 5425 5442
f 5445 5441 5426
f 5445 5442 5443
f 5442 5425 5443
f 5445 5426 5425
f 5446 5441 5445
f 5445 5451 5418
f 5446 5445 5418
f 5448 5418 5334
f 5418 5448 5446
f 5448 5447 5446
f 5451 5440 5418
f 5445 5443 5451
f 5447 5448 5334
f 5443 5450 5449
f 5450 5443 5438
f 5444 5443 5449
f 5453 5437 5439
f 5453 5454 5450
f 5454 5453 5452
f 5450 5438 5453
f 5438 5437 5453
f 5449 5450 5451
f 5450 5455 5451
f 5449 5451 5444
f 5430 5451 5458
f 5451 5455 5458
f 5440 5429 5342
f 5429 5440 5451
f 5456 5455 5454
f 5430 5429 5451
f 5346 5458 5345
f 5346 5430 5458
f 5458 5455 5456
f 5454 5455 5450
f 5444 5451 5443
f 5418 5440 5343
f 5432 5405 5435
f 5464 5432 5460
f 5435 5405 5407
f 5377 5374 5476
f 5461 5407 5404
f 5462 5461 5404
f 5407 5465 5435
f 5463 5439 5464
f 5465 5463 5464
f 5439 5463 5466
f 5436 5464 5439
f 5465 5407 5461
f 5464 5460 5465
f 5467 5465 5462
f 5465 5461 5462
f 5460 5435 5465
f 5469 5462 5414
f 5469 5414 5471
f 5462 5469 5467
f 5411 5471 5414
f 5391 5486 5250
f 5471 5411 5470
f 5495 5470 5411
f 5411 5416 5495
f 5388 5489 5391
f 5465 5467 5472
f 5467 5469 5471
f 5467 5474 5472
f 5474 5467 5471
f 5468 5472 5473
f 5472 5468 5465
f 5470 5497 5471
f 5470 5495 5497
f 5497 5475 5471
f 5484 5471 5475
f 5485 5484 5497
f 5484 5475 5497
f 5484 5474 5471
f 5439 5466 5452
f 5452 5466 5457
f 5454 5452 5457
f 5466 5477 5457
f 5457 5477 5478
f 5477 5466 5463
f 5463 5465 5479
f 5465 5468 5479
f 5477 5463 5479
f 5456 5457 5478
f 5459 5456 5478
f 5458 5459 5375
f 5459 5458 5456
f 5478 5477 5488
f 5478 5488 5476
f 5476 5480 5478
f 5488 5482 5476
f 5476 5459 5480
f 5459 5476 5374
f 5480 5459 5478
f 5479 5488 5477
f 5473 5481 5479
f 5457 5456 5454
f 5484 5472 5474
f 5488 5479 5481
f 5484 5481 5472
f 5481 5473 5472
f 5481 5484 5485
f 5482 5488 5377
f 5487 5488 5481
f 5481 5483 5487
f 5476 5482 5377
f 5377 5489 5388
f 5377 5488 5489
f 5488 5487 5489
f 5490 5492 5486
f 5486 5487 5483
f 5490 5486 5481
f 5483 5481 5486
f 5486 5489 5487
f 5491 5492 5490
f 5486 5492 5250
f 5490 5481 5485
f 5489 5486 5391
f 5479 5468 5473
f 5452 5453 5439
f 5345 5458 5375
f 5548 5417 5422
f 5495 5416 5493
f 5417 5333 5281
f 5254 5250 5494
f 5416 5283 5496
f 5495 5493 5500
f 5496 5500 5416
f 5496 5283 5284
f 5500 5493 5416
f 5495 5498 5497
f 5495 5500 5498
f 5499 5500 5496
f 5521 5498 5500
f 5497 5498 5485
f 5292 5496 5284
f 5292 5503 5502
f 5292 5504 5496
f 5502 5503 5507
f 5504 5292 5502
f 5503 5293 5291
f 5507 5503 5505
f 5291 5531 5503
f 5507 5504 5502
f 5257 5264 5271
f 5499 5496 5506
f 5506 5496 5504
f 5504 5507 5508
f 5506 5504 5508
f 5508 5509 5499
f 5508 5499 5506
f 5510 5507 5505
f 5511 5510 5505
f 5510 5508 5507
f 5254 5501 5257
f 5514 5515 5485
f 5485 5517 5514
f 5516 5485 5498
f 5517 5485 5516
f 5521 5500 5499
f 5517 5515 5514
f 5516 5521 5517
f 5515 5517 5519
f 5521 5516 5498
f 5491 5490 5485
f 5485 5515 5491
f 5518 5446 5447
f 5515 5519 5491
f 5494 5491 5519
f 5491 5494 5250
f 5494 5519 5501
f 5492 5491 5250
f 5563 5441 5446
f 5521 5499 5509
f 5509 5520 5521
f 5521 5525 5517
f 5521 5520 5522
f 5522 5508 5510
f 5522 5512 5523
f 5520 5509 5522
f 5509 5508 5522
f 5525 5521 5524
f 5517 5525 5519
f 5264 5257 5525
f 5257 5501 5525
f 5264 5525 5524
f 5525 5501 5519
f 5522 5523 5529
f 5529 5527 5522
f 5527 5524 5522
f 5524 5527 5528
f 5528 5264 5526
f 5528 5526 5524
f 5528 5527 5529
f 5526 5264 5524
f 5522 5524 5521
f 5494 5501 5254
f 5324 5536 5532
f 5296 5530 5295
f 5532 5531 5291
f 5511 5505 5531
f 5505 5503 5531
f 5534 5324 5325
f 5533 5325 5320
f 5534 5537 5324
f 5537 5536 5324
f 5534 5325 5533
f 5547 5535 5320
f 5295 5558 5299
f 5536 5537 5532
f 5510 5511 5512
f 5511 5538 5539
f 5538 5511 5537
f 5511 5531 5537
f 5540 5537 5534
f 5541 5537 5540
f 5531 5532 5537
f 5538 5537 5539
f 5533 5320 5535
f 5308 5544 5307
f 5540 5534 5535
f 5535 5547 5545
f 5534 5533 5535
f 5312 5518 5311
f 5422 5547 5548
f 5547 5332 5548
f 5550 5545 5547
f 5548 5333 5417
f 5307 5544 5312
f 5546 5540 5535
f 5540 5546 5549
f 5549 5541 5540
f 5549 5546 5550
f 5546 5535 5550
f 5550 5547 5422
f 5422 5424 5551
f 5424 5550 5551
f 5422 5551 5550
f 5535 5545 5550
f 5298 5556 5308
f 5537 5541 5542
f 5512 5511 5539
f 5523 5512 5553
f 5553 5512 5539
f 5523 5553 5558
f 5552 5537 5543
f 5537 5542 5543
f 5543 5555 5552
f 5553 5552 5556
f 5549 5557 5543
f 5552 5553 5539
f 5537 5552 5539
f 5558 5553 5554
f 5523 5558 5529
f 5528 5530 5296
f 5530 5528 5529
f 5530 5529 5558
f 5554 5553 5556
f 5556 5299 5558
f 5556 5558 5554
f 5299 5556 5298
f 5557 5564 5556
f 5555 5556 5552
f 5530 5558 5295
f 5550 5561 5549
f 5542 5541 5549
f 5549 5559 5557
f 5556 5555 5557
f 5555 5543 5557
f 5561 5559 5549
f 5550 5562 5561
f 5513 5562 5424
f 5562 5550 5424
f 5561 5557 5559
f 5562 5441 5563
f 5441 5562 5513
f 5561 5562 5563
f 5557 5561 5518
f 5556 5564 5544
f 5557 5560 5564
f 5556 5544 5308
f 5518 5564 5560
f 5446 5518 5563
f 5560 5557 5518
f 5518 5544 5564
f 5447 5311 5518
f 5518 5561 5563
f 5544 5518 5312
f 5543 5542 5549
f 5512 5522 5510
f 5447 5251 5311
f 5805 5570 5565
f 5567 5566 5565
f 5565 5570 5572
f 5567 5565 5575
f 5581 5567 5576
f 5575 5565 5572
f 5573 5567 5575
f 5573 5574 5567
f 5567 5574 5576
f 5576 5577 5581
f 5908 5578 5579
f 5569 5581 5583
f 5582 5583 5581
f 5568 5569 5592
f 5580 5582 5581
f 5585 5583 5582
f 5584 5583 5585
f 5583 5586 5588
f 5583 5588 5587
f 5589 5592 5583
f 5584 5586 5583
f 5583 5592 5569
f 5577 5580 5581
f 5597 5590 5591
f 5597 5596 5590
f 5599 5591 5592
f 5591 5568 5592
f 5603 5596 5597
f 5605 5597 5591
f 5598 5592 5589
f 5599 5592 5601
f 5600 5591 5599
f 5598 5601 5592
f 5605 5604 5597
f 5591 5600 5605
f 5604 5602 5597
f 5603 5597 5602
f 5606 5596 5603
f 5606 5607 5596
f 5583 5587 5589
f 5594 5593 5596
f 5608 5594 5596
f 5595 5594 5908
f 5610 5608 5596
f 5607 5609 5596
f 5610 5596 5609
f 5611 5608 5610
f 5611 5612 5608
f 5908 5612 5613
f 5908 5613 5578
f 5608 5612 5908
f 5908 5594 5608
f 5595 5908 5571
f 5616 5615 5627
f 5619 5620 5621
f 5627 5615 5617
f 5615 5620 5618
f 5618 5617 5615
f 5614 5627 5617
f 5619 5618 5620
f 5620 5625 5628
f 5630 5629 5626
f 5628 5625 5626
f 5626 5629 5628
f 5635 5630 5626
f 5620 5628 5622
f 5622 5628 5629
f 5624 5623 5630
f 5630 5635 5624
f 5623 5629 5630
f 5622 5621 5620
f 5636 5633 5631
f 5642 5637 5633
f 5635 5636 5631
f 5632 5631 5633
f 5633 5634 5632
f 5634 5633 5637
f 5643 5642 5633
f 5896 5639 5643
f 5638 5643 5639
f 5639 5640 5709
f 5640 5639 5896
f 5637 5643 5638
f 5643 5637 5642
f 5645 5646 5666
f 5644 5666 5646
f 5647 5648 5667
f 5647 5667 5649
f 5645 5667 5648
f 5883 5661 5667
f 5650 5651 5667
f 5652 5653 5655
f 5654 5652 5655
f 5650 5655 5653
f 5656 5657 5668
f 5658 5659 5668
f 5660 5658 5668
f 5656 5668 5659
f 5654 5668 5657
f 5649 5667 5651
f 5661 5655 5667
f 5667 5645 5666
f 5662 5655 5661
f 5664 5665 5670
f 5662 5665 5664
f 5655 5662 5668
f 5650 5667 5655
f 5670 5668 5664
f 5662 5664 5668
f 5654 5655 5668
f 5671 5672 5669
f 5673 5674 5669
f 5671 5669 5674
f 5675 5676 5693
f 5673 5669 5676
f 5670 5665 5678
f 5677 5679 5678
f 5680 5681 5693
f 5682 5683 5679
f 5684 5682 5692
f 5680 5693 5683
f 5685 5686 5690
f 5687 5688 5694
f 5685 5690 5688
f 5684 5690 5686
f 5679 5677 5692
f 5675 5693 5681
f 5670 5678 5669
f 5678 5679 5669
f 5669 5679 5693
f 5683 5693 5679
f 5669 5693 5676
f 5669 5668 5670
f 5690 5692 5766
f 5692 5691 5766
f 5684 5692 5690
f 5690 5694 5688
f 5690 5766 5694
f 5679 5692 5682
f 5668 5669 5660
f 5660 5669 5672
f 5687 5694 5689
f 5697 5700 5696
f 5697 5833 5695
f 5698 5833 5697
f 5698 5697 5696
f 5833 5698 5707
f 5700 5701 5699
f 5703 5699 5704
f 5696 5699 5703
f 5705 5704 5699
f 5699 5696 5700
f 5698 5708 5707
f 5708 5698 5713
f 5707 5708 5713
f 5709 5846 5707
f 5707 5713 5709
f 5703 5714 5698
f 5713 5638 5709
f 5713 5698 5714
f 5705 5710 5704
f 5715 5704 5710
f 5715 5712 5704
f 5712 5715 5714
f 5714 5703 5712
f 5703 5704 5712
f 5698 5696 5703
f 5699 5701 5706
f 5718 5701 5702
f 5716 5701 5718
f 5716 5706 5701
f 5706 5705 5699
f 5765 5719 5718
f 5765 5718 5702
f 5706 5716 5718
f 5718 5723 5717
f 5706 5718 5717
f 5706 5710 5705
f 5718 5722 5723
f 5722 5718 5719
f 5720 5721 5724
f 5730 5724 5721
f 5722 5720 5725
f 5720 5722 5719
f 5711 5715 5710
f 5723 5729 5717
f 5710 5706 5717
f 5711 5710 5726
f 5715 5711 5624
f 5727 5624 5711
f 5727 5711 5726
f 5731 5717 5729
f 5726 5710 5728
f 5717 5728 5710
f 5725 5723 5722
f 5729 5723 5731
f 5725 5720 5724
f 5724 5843 5725
f 5723 5725 5731
f 5725 5843 5731
f 5731 5728 5717
f 5638 5713 5637
f 5709 5638 5639
f 5713 5714 5632
f 5632 5714 5631
f 5714 5715 5635
f 5637 5713 5634
f 5632 5634 5713
f 5631 5714 5635
f 5715 5624 5635
f 5624 5727 5623
f 5727 5726 5623
f 5726 5728 5622
f 5843 5614 5618
f 5731 5843 5618
f 5728 5731 5621
f 5629 5623 5726
f 5629 5726 5622
f 5621 5731 5619
f 5618 5614 5617
f 5619 5731 5618
f 5622 5728 5621
f 5733 5734 5688
f 5732 5733 5687
f 5735 5736 5686
f 5737 5738 5682
f 5736 5737 5684
f 5734 5735 5685
f 5739 5740 5680
f 5741 5742 5675
f 5740 5741 5681
f 5743 5744 5673
f 5745 5746 5671
f 5744 5745 5674
f 5742 5743 5676
f 5738 5739 5683
f 5689 5732 5687
f 5688 5734 5685
f 5733 5688 5687
f 5686 5736 5684
f 5682 5738 5683
f 5737 5682 5684
f 5735 5686 5685
f 5680 5740 5681
f 5742 5676 5675
f 5675 5681 5741
f 5683 5739 5680
f 5676 5743 5673
f 5674 5745 5671
f 5671 5746 5672
f 5744 5674 5673
f 5747 5660 5672
f 5672 5746 5747
f 5748 5749 5658
f 5750 5751 5656
f 5749 5750 5659
f 5752 5753 5654
f 5754 5755 5653
f 5753 5754 5652
f 5751 5752 5657
f 5756 5757 5651
f 5758 5759 5647
f 5757 5758 5649
f 5760 5761 5645
f 5762 5579 5644
f 5761 5762 5646
f 5759 5760 5648
f 5755 5756 5650
f 5658 5660 5748
f 5656 5659 5750
f 5658 5749 5659
f 5654 5657 5752
f 5653 5652 5754
f 5654 5753 5652
f 5656 5751 5657
f 5651 5650 5756
f 5647 5649 5758
f 5651 5757 5649
f 5645 5648 5760
f 5644 5646 5762
f 5666 5644 5579
f 5645 5761 5646
f 5647 5759 5648
f 5653 5755 5650
f 5748 5660 5747
f 5765 5764 5874
f 5766 5771 5768
f 5766 5691 5661
f 5768 5770 5767
f 5692 5678 5691
f 5692 5677 5678
f 5678 5661 5691
f 5767 5770 5769
f 5770 5768 5771
f 5661 5771 5766
f 5663 5662 5661
f 5665 5662 5663
f 5663 5661 5665
f 5661 5678 5665
f 5771 5661 5883
f 5578 5613 5772
f 5579 5578 5773
f 5612 5611 5774
f 5610 5609 5775
f 5611 5610 5776
f 5613 5612 5777
f 5607 5606 5778
f 5603 5602 5779
f 5606 5603 5780
f 5604 5605 5781
f 5600 5599 5782
f 5605 5600 5783
f 5602 5604 5784
f 5609 5607 5785
f 5772 5773 5578
f 5666 5579 5773
f 5774 5777 5612
f 5775 5776 5610
f 5774 5611 5776
f 5772 5613 5777
f 5778 5785 5607
f 5779 5780 5603
f 5778 5606 5780
f 5781 5784 5604
f 5782 5783 5600
f 5786 5782 5599
f 5781 5605 5783
f 5779 5602 5784
f 5775 5609 5785
f 5599 5601 5786
f 5601 5598 5787
f 5589 5587 5788
f 5598 5589 5789
f 5588 5586 5790
f 5584 5585 5791
f 5586 5584 5792
f 5587 5588 5793
f 5582 5580 5794
f 5577 5576 5795
f 5580 5577 5796
f 5574 5573 5797
f 5575 5572 5798
f 5573 5575 5799
f 5576 5574 5800
f 5585 5582 5801
f 5787 5598 5789
f 5788 5587 5793
f 5589 5788 5789
f 5790 5586 5792
f 5791 5585 5801
f 5584 5791 5792
f 5588 5790 5793
f 5794 5580 5796
f 5576 5800 5795
f 5795 5796 5577
f 5801 5582 5794
f 5800 5574 5797
f 5799 5575 5798
f 5798 5572 5802
f 5573 5799 5797
f 5570 5689 5802
f 5802 5572 5570
f 5601 5787 5786
f 5892 5566 5567
f 5892 5567 5803
f 5565 5892 5805
f 5641 5805 5892
f 5565 5566 5892
f 5569 5895 5803
f 5804 5895 5568
f 5591 5804 5568
f 5569 5803 5581
f 5581 5803 5567
f 5895 5569 5568
f 5896 5805 5641
f 5806 5805 5896
f 5896 5643 5806
f 5643 5633 5916
f 5916 5806 5643
f 5916 5633 5807
f 5636 5911 5913
f 5636 5913 5807
f 5633 5636 5807
f 5911 5635 5626
f 5636 5635 5911
f 5591 5900 5804
f 5590 5808 5900
f 5591 5590 5900
f 5808 5590 5596
f 5596 5593 5904
f 5904 5593 5594
f 5809 5808 5596
f 5810 5904 5594
f 5905 5810 5594
f 5595 5905 5594
f 5809 5596 5904
f 5625 5811 5626
f 5812 5626 5811
f 5812 5911 5626
f 5625 5813 5811
f 5907 5813 5620
f 5615 5906 5907
f 5814 5615 5595
f 5814 5906 5615
f 5620 5813 5625
f 5620 5615 5907
f 5818 5820 5819
f 5614 5815 5816
f 5820 5822 5821
f 5822 5823 5824
f 5822 5824 5894
f 5823 5893 5824
f 5823 5825 5893
f 5825 5823 5709
f 5829 5826 5721
f 5826 5829 5730
f 5721 5826 5730
f 5730 5830 5844
f 5829 5830 5730
f 5830 5829 5834
f 5835 5852 5840
f 5834 5835 5836
f 5837 5830 5839
f 5830 5834 5839
f 5838 5836 5835
f 5838 5835 5840
f 5839 5834 5836
f 5834 5829 5828
f 5730 5832 5842
f 5842 5724 5730
f 5843 5724 5842
f 5837 5844 5830
f 5832 5730 5844
f 5614 5843 5815
f 5817 5832 5844
f 5842 5832 5843
f 5815 5832 5817
f 5832 5815 5843
f 5839 5845 5844
f 5839 5848 5845
f 5848 5839 5847
f 5849 5844 5845
f 5839 5838 5847
f 5838 5839 5836
f 5865 5847 5838
f 5841 5865 5838
f 5844 5849 5818
f 5849 5845 5818
f 5818 5845 5820
f 5844 5818 5817
f 5847 5820 5845
f 5865 5820 5847
f 5845 5848 5847
f 5820 5865 5850
f 5844 5837 5839
f 5833 5707 5851
f 5853 5854 5852
f 5840 5852 5854
f 5838 5840 5841
f 5857 5840 5858
f 5840 5854 5858
f 5854 5853 5858
f 5841 5840 5856
f 5855 5858 5853
f 5827 5859 5860
f 5862 5859 5827
f 5860 5695 5827
f 5858 5855 5861
f 5862 5827 5851
f 5831 5851 5827
f 5833 5831 5827
f 5827 5695 5833
f 5862 5861 5855
f 5855 5859 5862
f 5857 5858 5869
f 5841 5856 5865
f 5856 5869 5865
f 5869 5856 5857
f 5840 5857 5856
f 5865 5869 5868
f 5850 5863 5822
f 5850 5865 5863
f 5865 5864 5822
f 5863 5865 5822
f 5864 5868 5822
f 5865 5868 5864
f 5850 5822 5820
f 5869 5867 5822
f 5866 5867 5869
f 5867 5866 5822
f 5823 5822 5866
f 5866 5869 5823
f 5822 5868 5869
f 5872 5870 5861
f 5869 5870 5871
f 5869 5858 5870
f 5846 5862 5851
f 5846 5872 5862
f 5831 5833 5851
f 5872 5861 5862
f 5869 5871 5823
f 5871 5870 5823
f 5872 5823 5870
f 5873 5709 5823
f 5709 5872 5846
f 5709 5873 5872
f 5823 5872 5873
f 5851 5707 5846
f 5858 5861 5870
f 5829 5835 5828
f 5829 5721 5835
f 5763 5852 5835
f 5828 5835 5834
f 5720 5765 5835
f 5765 5720 5719
f 5765 5702 5875
f 5835 5721 5720
f 5852 5855 5853
f 5859 5855 5852
f 5860 5859 5874
f 5852 5874 5859
f 5695 5860 5874
f 5701 5700 5875
f 5702 5701 5875
f 5875 5697 5874
f 5697 5695 5874
f 5875 5700 5697
f 5798 5802 5694
f 5797 5799 5878
f 5795 5800 5878
f 5797 5878 5800
f 5798 5876 5799
f 5694 5766 5877
f 5768 5878 5877
f 5768 5877 5766
f 5794 5796 5879
f 5791 5801 5880
f 5794 5880 5801
f 5790 5792 5882
f 5788 5793 5882
f 5789 5788 5882
f 5790 5882 5793
f 5791 5880 5792
f 5878 5768 5881
f 5768 5767 5881
f 5795 5879 5796
f 5876 5694 5877
f 5876 5877 5878
f 5802 5689 5694
f 5876 5798 5694
f 5799 5876 5878
f 5795 5878 5879
f 5880 5879 5878
f 5882 5881 5767
f 5794 5879 5880
f 5792 5880 5882
f 5882 5880 5881
f 5880 5878 5881
f 5786 5787 5882
f 5783 5782 5882
f 5784 5781 5884
f 5779 5784 5885
f 5783 5884 5781
f 5786 5882 5782
f 5769 5885 5882
f 5885 5769 5770
f 5778 5780 5886
f 5775 5785 5890
f 5778 5886 5785
f 5774 5776 5888
f 5772 5777 5890
f 5773 5772 5887
f 5774 5890 5777
f 5775 5888 5776
f 5770 5889 5885
f 5779 5885 5780
f 5769 5882 5767
f 5890 5886 5885
f 5890 5885 5889
f 5882 5885 5884
f 5780 5885 5886
f 5784 5884 5885
f 5783 5882 5884
f 5666 5771 5883
f 5890 5770 5771
f 5775 5890 5888
f 5785 5886 5890
f 5891 5771 5887
f 5887 5890 5891
f 5666 5887 5771
f 5772 5890 5887
f 5890 5771 5891
f 5774 5888 5890
f 5666 5883 5667
f 5889 5770 5890
f 5789 5882 5787
f 5773 5887 5666
f 5709 5640 5825
f 5892 5803 5897
f 5896 5641 5892
f 5825 5896 5892
f 5893 5892 5897
f 5893 5825 5892
f 5825 5640 5896
f 5824 5893 5897
f 5803 5824 5897
f 5803 5895 5824
f 5895 5894 5824
f 5804 5894 5895
f 5804 5898 5822
f 5822 5894 5804
f 5616 5905 5615
f 5820 5899 5819
f 5804 5900 5898
f 5900 5808 5904
f 5817 5903 5815
f 5818 5902 5817
f 5809 5904 5808
f 5900 5904 5901
f 5818 5901 5904
f 5900 5901 5899
f 5821 5898 5900
f 5820 5900 5899
f 5819 5899 5901
f 5819 5901 5818
f 5820 5821 5900
f 5821 5822 5898
f 5818 5810 5902
f 5902 5810 5903
f 5905 5627 5816
f 5815 5903 5905
f 5816 5815 5905
f 5905 5616 5627
f 5905 5903 5810
f 5817 5902 5903
f 5595 5615 5905
f 5818 5904 5810
f 5614 5816 5627
f 5595 5906 5814
f 5571 5906 5595
f 5908 5907 5906
f 5811 5910 5812
f 5910 5811 5909
f 5812 5910 5911
f 5911 5910 5912
f 5811 5813 5909
f 5908 5906 5571
f 5760 5813 5908
f 5907 5908 5813
f 5756 5909 5813
f 5762 5908 5579
f 5761 5908 5762
f 5908 5761 5760
f 5758 5813 5759
f 5756 5813 5757
f 5758 5757 5813
f 5759 5813 5760
f 5756 5755 5909
f 5912 5910 5909
f 5754 5912 5909
f 5752 5751 5912
f 5753 5912 5754
f 5752 5912 5753
f 5911 5912 5915
f 5749 5915 5912
f 5912 5750 5749
f 5915 5749 5748
f 5751 5750 5912
f 5755 5754 5909
f 5913 5911 5914
f 5914 5911 5915
f 5570 5805 5918
f 5744 5913 5914
f 5746 5914 5915
f 5742 5916 5807
f 5743 5807 5913
f 5746 5915 5747
f 5744 5914 5745
f 5743 5913 5744
f 5746 5745 5914
f 5742 5741 5916
f 5807 5743 5742
f 5741 5740 5916
f 5739 5916 5740
f 5917 5739 5738
f 5916 5739 5917
f 5917 5806 5916
f 5748 5747 5915
f 5917 5805 5806
f 5570 5918 5917
f 5918 5805 5917
f 5734 5917 5735
f 5917 5736 5735
f 5917 5737 5736
f 5570 5917 5732
f 5917 5733 5732
f 5570 5732 5689
f 5734 5733 5917
f 5738 5737 5917
f 5765 5875 5764
f 5765 5874 5835
f 5763 5835 5874
f 5763 5874 5852
f 5874 5764 5875
f 5920 5919 5921
f 5919 5925 5921
f 5926 5919 5920
f 5919 5922 5924
f 5924 5925 5919
f 5923 5922 5919
f 5919 5927 5923
f 5928 5927 5919
f 5928 5919 5934
f 5935 5929 5930
f 5934 5930 5929
f 5933 5930 5931
f 5936 5932 5930
f 5931 5930 5932
f 5934 5919 5930
f 5943 5937 5938
f 5937 5939 5938
f 5937 5940 5942
f 5940 5937 5941
f 5941 5937 5944
f 5945 5944 5937
f 5946 5945 5937
f 5945 5946 5952
f 5953 5947 5946
f 5952 5946 5947
f 5951 5948 5946
f 5949 5950 5946
f 5954 5949 5946
f 5951 5946 5950
f 5953 5946 5948
f 5943 5938 5932
f 5939 5937 5933
f 5938 5939 5931
f 5942 5940 5935
f 5941 5944 5929
f 5940 5941 5929
f 5937 5942 5933
f 5936 5943 5932
f 5931 5939 5933
f 5938 5931 5932
f 5942 5935 5930
f 5930 5933 5942
f 5935 5940 5929
f 5929 5944 5934
f 5945 5928 5934
f 5944 5945 5934
f 5952 5947 5927
f 5953 5948 5924
f 5947 5953 5922
f 5951 5950 5921
f 5949 5954 5926
f 5950 5949 5920
f 5948 5951 5925
f 5927 5928 5952
f 5922 5923 5947
f 5927 5947 5923
f 5925 5924 5948
f 5920 5921 5950
f 5926 5920 5949
f 5925 5951 5921
f 5922 5953 5924
f 5952 5928 5945
f 5960 5946 5955
f 5937 5955 5946
f 5956 5957 5958
f 5954 5956 5959
f 5960 5961 5962
f 5963 5964 5965
f 5961 5963 5966
f 5957 5960 5962
f 5959 5956 5958
f 5954 5959 5926
f 5961 5966 5962
f 5962 5958 5957
f 5966 5963 5967
f 5967 5963 5965
f 5964 5968 5969
f 5965 5964 5969
f 5943 5936 5970
f 5971 5972 5973
f 5974 5975 5976
f 5972 5974 5977
f 5978 5979 5980
f 5981 5982 5970
f 5979 5981 5983
f 5975 5978 5984
f 5969 5968 5985
f 5977 5973 5972
f 5985 5971 5973
f 5984 5976 5975
f 5983 5980 5979
f 5970 5983 5981
f 5984 5978 5980
f 5977 5974 5976
f 5982 5943 5970
f 5985 5968 5971
f 5919 5986 5930
f 5919 5987 5986
f 5946 5960 5956
f 5954 5946 5956
f 5956 5960 5957
f 5963 5961 5955
f 5955 5964 5963
f 5955 5961 5960
f 5955 5968 5964
f 5937 5943 5982
f 5955 5971 5968
f 5972 5955 5974
f 5955 5972 5971
f 5955 5981 5979
f 5981 5955 5982
f 5975 5955 5978
f 5975 5974 5955
f 5979 5978 5955
f 5955 5937 5982
f 5930 5986 5970
f 5970 5986 5983
f 5936 5930 5970
f 5986 5984 5980
f 5980 5983 5986
f 5984 5986 5976
f 5976 5986 5977
f 5986 5973 5977
f 5919 5926 5959
f 5986 5987 5962
f 5969 5985 5986
f 5969 5986 5965
f 5973 5986 5985
f 5966 5967 5986
f 5958 5962 5987
f 5959 5958 5987
f 5966 5986 5962
f 5965 5986 5967
f 5987 5919 5959
f 5992 6000 5999
f 5990 6359 5988
f 6359 5989 5993
f 5993 5988 6359
f 5994 6359 5990
f 6359 5994 6003
f 5989 6359 6004
f 6359 6005 6004
f 5992 5995 5996
f 5998 5992 5997
f 5996 6002 5992
f 6359 5992 6005
f 6005 5992 5991
f 5992 6002 6001
f 5991 5992 6001
f 5998 5995 5992
f 5992 5999 5997
f 6007 6018 6021
f 6007 6013 6009
f 6009 6008 6007
f 6010 6007 6012
f 6010 6013 6007
f 5992 6023 6000
f 6007 6006 6023
f 6008 6006 6007
f 6017 6018 6014
f 6012 6007 6011
f 6015 6018 6020
f 6016 6018 6019
f 6019 6018 6015
f 6007 6021 6011
f 6020 6018 6022
f 6017 6021 6018
f 6016 6014 6018
f 6023 5992 6007
f 6026 6025 6027
f 6026 6029 6028
f 6039 6030 6028
f 6031 6028 6030
f 6030 6032 6031
f 6033 6035 6034
f 6033 6031 6032
f 6036 6026 6027
f 6026 6038 6029
f 6036 6038 6026
f 6037 6028 6029
f 6028 6037 6039
f 6037 6040 6039
f 6031 6033 6034
f 6034 6045 6042
f 6042 6043 6044
f 6034 6046 6041
f 6045 6034 6041
f 6034 6042 6044
f 6043 6047 6044
f 6048 6024 6049
f 6049 6053 6048
f 6049 6044 6050
f 6046 6034 6051
f 6047 6050 6044
f 6047 6043 6052
f 6049 6050 6054
f 6054 6053 6049
f 6035 6051 6034
f 6043 6055 6056
f 6043 6058 6055
f 6058 6042 6045
f 6045 6041 6057
f 6057 6041 6046
f 6057 6058 6045
f 6042 6058 6043
f 6060 6061 6059
f 6024 6059 6061
f 6104 6066 6065
f 6105 6066 6104
f 6064 6068 6063
f 6068 6064 6067
f 6067 6064 6105
f 6064 6066 6105
f 6264 6069 6070
f 6070 6069 6071
f 6069 6074 6071
f 6075 6076 6072
f 6075 6072 6074
f 6072 6076 6077
f 6078 6074 6072
f 6073 6074 6069
f 6027 6080 6079
f 6025 6080 6027
f 6035 6082 6083
f 6322 6035 6083
f 6322 6051 6035
f 6084 6046 6051
f 6051 6322 6084
f 6046 6084 6057
f 6086 6085 6087
f 6089 6088 6086
f 6088 6085 6086
f 6086 6087 6092
f 6087 6094 6092
f 6087 6134 6094
f 6094 6091 6093
f 6134 6087 6135
f 6089 6090 6096
f 6090 6089 6086
f 6273 6090 6086
f 6086 6092 6099
f 6096 6090 6273
f 6098 6097 6059
f 6097 6096 6273
f 6086 6099 6274
f 6273 6086 6274
f 6094 6100 6092
f 6094 6093 6102
f 6100 6094 6102
f 6107 6102 6093
f 6100 6101 6099
f 6102 6104 6103
f 6101 6100 6103
f 6102 6103 6100
f 6099 6092 6100
f 6107 6093 6091
f 6095 6107 6091
f 6111 6095 6127
f 6095 6111 6106
f 6095 6106 6109
f 6095 6109 6107
f 6111 6110 6113
f 6113 6106 6111
f 6106 6113 6118
f 6113 6110 6119
f 6120 6119 6308
f 6308 6119 6110
f 6108 6109 6106
f 6114 6102 6107
f 6107 6115 6114
f 6107 6109 6115
f 6102 6114 6105
f 6108 6115 6109
f 6114 6115 6105
f 6116 6115 6117
f 6116 6074 6115
f 6108 6118 6115
f 6105 6104 6102
f 6118 6117 6115
f 6118 6119 6122
f 6316 6119 6120
f 6122 6117 6118
f 6118 6113 6119
f 6316 6123 6119
f 6116 6122 6121
f 6116 6117 6122
f 6123 6122 6119
f 6108 6106 6118
f 6110 6111 6124
f 6124 6111 6127
f 6110 6124 6112
f 6095 6125 6127
f 6126 6125 6095
f 6095 6128 6126
f 6095 6129 6128
f 6094 6134 6131
f 6091 6094 6132
f 6087 6085 6136
f 6135 6087 6136
f 6130 6091 6132
f 6091 6130 6129
f 6094 6131 6132
f 6137 6136 6085
f 6133 6134 6135
f 6129 6095 6091
f 6139 6147 6140
f 6142 6139 6145
f 6145 6139 6140
f 6140 6147 6149
f 6145 6140 6151
f 6147 6154 6148
f 6148 6149 6147
f 6153 6145 6151
f 6149 6152 6140
f 6152 6150 6140
f 6140 6150 6151
f 6153 6155 6145
f 6155 6142 6145
f 6275 6156 6157
f 6144 6142 6158
f 6159 6158 6142
f 6143 6144 6167
f 6167 6144 6158
f 6161 6162 6158
f 6160 6158 6159
f 6161 6158 6160
f 6163 6164 6158
f 6165 6158 6164
f 6167 6158 6165
f 6162 6163 6158
f 6155 6159 6142
f 6167 6166 6146
f 6166 6168 6294
f 6172 6168 6166
f 6171 6169 6168
f 6174 6172 6167
f 6172 6166 6167
f 6176 6167 6173
f 6175 6172 6174
f 6180 6172 6175
f 6176 6174 6167
f 6179 6177 6172
f 6172 6180 6179
f 6177 6178 6172
f 6172 6178 6181
f 6182 6168 6181
f 6172 6181 6168
f 6165 6173 6167
f 6170 6171 6168
f 6184 6170 6168
f 6183 6184 6168
f 6170 6184 6185
f 6186 6170 6185
f 6188 6275 6170
f 6170 6187 6188
f 6275 6188 6156
f 6186 6187 6170
f 6182 6183 6168
f 6003 5994 6157
f 5990 5988 6189
f 5994 5990 6190
f 5993 5989 6191
f 6004 6005 6192
f 5989 6004 6193
f 5988 5993 6194
f 5991 6001 6195
f 6002 5996 6196
f 6001 6002 6197
f 5995 5998 6198
f 5997 5999 6199
f 5998 5997 6200
f 5996 5995 6201
f 6005 5991 6202
f 6157 5994 6190
f 6189 5988 6194
f 5990 6189 6190
f 6191 5989 6193
f 6192 6005 6202
f 6004 6192 6193
f 5993 6191 6194
f 6195 6001 6197
f 5996 6201 6196
f 6196 6197 6002
f 6202 5991 6195
f 6201 5995 6198
f 6200 5997 6199
f 6199 5999 6203
f 5998 6200 6198
f 6000 6204 6203
f 6203 5999 6000
f 6023 6006 6205
f 6008 6009 6206
f 6006 6008 6207
f 6013 6010 6208
f 6012 6011 6209
f 6010 6012 6210
f 6009 6013 6211
f 6021 6017 6212
f 6014 6016 6213
f 6017 6014 6214
f 6019 6015 6215
f 6020 6022 6154
f 6015 6020 6216
f 6016 6019 6217
f 6011 6021 6218
f 6205 6204 6023
f 6206 6207 6008
f 6205 6006 6207
f 6208 6211 6013
f 6209 6210 6012
f 6208 6010 6210
f 6206 6009 6211
f 6212 6218 6021
f 6213 6214 6014
f 6212 6017 6214
f 6215 6217 6019
f 6219 6216 6020
f 6154 6219 6020
f 6215 6015 6216
f 6213 6016 6217
f 6209 6011 6218
f 6023 6204 6000
f 6220 6221 6149
f 6022 6220 6148
f 6222 6223 6150
f 6224 6225 6153
f 6223 6224 6151
f 6221 6222 6152
f 6226 6227 6159
f 6228 6229 6161
f 6227 6228 6160
f 6230 6231 6163
f 6232 6233 6165
f 6231 6232 6164
f 6229 6230 6162
f 6225 6226 6155
f 6149 6148 6220
f 6154 6022 6148
f 6150 6152 6222
f 6153 6151 6224
f 6150 6223 6151
f 6149 6221 6152
f 6159 6155 6226
f 6161 6160 6228
f 6159 6227 6160
f 6163 6162 6230
f 6165 6164 6232
f 6173 6165 6233
f 6163 6231 6164
f 6161 6229 6162
f 6153 6225 6155
f 6233 6234 6173
f 6003 6157 6156
f 6234 6235 6176
f 6236 6237 6175
f 6235 6236 6174
f 6238 6358 6179
f 6239 6240 6177
f 6358 6239 6179
f 6237 6238 6180
f 6241 6242 6181
f 6243 6244 6183
f 6242 6243 6182
f 6245 6246 6185
f 6247 6248 6187
f 6246 6247 6186
f 6244 6245 6184
f 6240 6241 6178
f 6176 6235 6174
f 6175 6237 6180
f 6236 6175 6174
f 6179 6239 6177
f 6178 6241 6181
f 6240 6178 6177
f 6238 6179 6180
f 6182 6243 6183
f 6245 6185 6184
f 6184 6183 6244
f 6181 6242 6182
f 6185 6246 6186
f 6187 6248 6188
f 6156 6188 6249
f 6247 6187 6186
f 6249 6003 6156
f 6249 6188 6248
f 6234 6176 6173
f 6252 6251 6253
f 6254 6080 6123
f 6254 6079 6080
f 6079 6254 6250
f 6251 6082 6081
f 6082 6251 6083
f 6251 6322 6083
f 6255 6256 6251
f 6251 6257 6258
f 6251 6258 6255
f 6251 6081 6257
f 6256 6253 6251
f 6261 6122 6259
f 6259 6122 6123
f 6262 6263 6123
f 6260 6123 6263
f 6259 6123 6260
f 6261 6121 6122
f 6121 6265 6116
f 6264 6116 6265
f 6080 6262 6123
f 6074 6116 6071
f 6070 6071 6116
f 6070 6116 6264
f 6072 6074 6078
f 6074 6072 6115
f 6115 6063 6068
f 6115 6072 6063
f 6105 6115 6067
f 6067 6115 6068
f 6084 6322 6266
f 6266 6058 6057
f 6266 6057 6084
f 6058 6056 6055
f 6056 6058 6268
f 6267 6269 6268
f 6062 6101 6065
f 6103 6104 6065
f 6065 6101 6103
f 6059 6097 6273
f 6272 6099 6101
f 6272 6274 6099
f 6275 6276 6136
f 6280 6277 6276
f 6277 6136 6276
f 6278 6280 6279
f 6279 6280 6281
f 6275 6141 6170
f 6194 6276 6275
f 6202 6280 6276
f 6275 6190 6189
f 6189 6194 6275
f 6275 6157 6190
f 6276 6194 6191
f 6202 6276 6192
f 6191 6193 6276
f 6193 6192 6276
f 6202 6195 6280
f 6196 6281 6280
f 6197 6196 6280
f 6281 6196 6201
f 6201 6198 6281
f 6279 6281 6285
f 6203 6285 6281
f 6200 6199 6281
f 6203 6281 6199
f 6204 6285 6203
f 6281 6198 6200
f 6195 6197 6280
f 6285 6284 6279
f 6138 6289 6147
f 6289 6112 6288
f 6206 6284 6285
f 6211 6282 6284
f 6287 6283 6290
f 6208 6283 6282
f 6207 6285 6205
f 6285 6204 6205
f 6285 6207 6206
f 6211 6284 6206
f 6209 6218 6283
f 6283 6210 6209
f 6212 6290 6218
f 6210 6283 6208
f 6212 6214 6290
f 6282 6211 6208
f 6283 6218 6290
f 6288 6286 6290
f 6147 6289 6288
f 6216 6290 6215
f 6290 6217 6215
f 6213 6290 6214
f 6217 6290 6213
f 6147 6288 6219
f 6147 6219 6154
f 6290 6216 6219
f 6219 6288 6290
f 6291 6171 6292
f 6168 6303 6304
f 6291 6303 6171
f 6293 6170 6137
f 6293 6292 6171
f 6171 6170 6293
f 6294 6296 6166
f 6171 6303 6169
f 6169 6303 6168
f 6294 6168 6295
f 6295 6168 6304
f 6141 6137 6170
f 6275 6137 6141
f 6275 6136 6137
f 6133 6135 6277
f 6280 6134 6133
f 6280 6133 6277
f 6280 6278 6131
f 6280 6131 6134
f 6132 6131 6278
f 6129 6130 6279
f 6279 6130 6132
f 6132 6278 6279
f 6277 6135 6136
f 6167 6146 6296
f 6296 6297 6167
f 6296 6146 6166
f 6297 6143 6167
f 6144 6297 6298
f 6143 6297 6144
f 6299 6139 6142
f 6142 6144 6298
f 6142 6300 6299
f 6300 6142 6298
f 6139 6299 6301
f 6139 6301 6147
f 6301 6138 6147
f 6282 6125 6284
f 6127 6283 6287
f 6127 6282 6283
f 6128 6129 6279
f 6284 6128 6279
f 6126 6284 6125
f 6284 6126 6128
f 6282 6127 6125
f 6287 6290 6127
f 6286 6288 6124
f 6289 6301 6112
f 6301 6289 6138
f 6112 6124 6288
f 6124 6290 6286
f 6290 6124 6127
f 6085 6302 6293
f 6304 6305 6294
f 6137 6085 6293
f 6292 6302 6291
f 6293 6302 6292
f 6294 6295 6304
f 6291 6302 6303
f 6297 6300 6298
f 6296 6305 6297
f 6306 6112 6301
f 6306 6301 6299
f 6305 6296 6294
f 6085 6088 6307
f 6110 6306 6308
f 6110 6112 6306
f 6299 6300 6306
f 6315 6308 6306
f 6315 6310 6318
f 6308 6315 6318
f 6306 6319 6315
f 6089 6307 6088
f 6297 6311 6300
f 6305 6312 6297
f 6311 6297 6313
f 6306 6311 6319
f 6313 6297 6312
f 6313 6314 6311
f 6305 6326 6312
f 6311 6306 6300
f 6120 6308 6318
f 6316 6120 6318
f 6254 6123 6317
f 6254 6317 6316
f 6317 6123 6316
f 6097 6098 6336
f 6316 6318 6250
f 6318 6252 6250
f 6250 6254 6316
f 6335 6096 6097
f 6310 6315 6319
f 6319 6314 6320
f 6318 6310 6319
f 6314 6313 6321
f 6314 6319 6311
f 6319 6320 6251
f 6318 6251 6252
f 6318 6319 6251
f 6251 6320 6321
f 6321 6322 6323
f 6321 6323 6251
f 6251 6323 6322
f 6320 6314 6321
f 6089 6096 6309
f 6326 6305 6324
f 6305 6325 6324
f 6326 6313 6312
f 6305 6304 6325
f 6332 6326 6325
f 6325 6329 6327
f 6326 6324 6325
f 6326 6328 6313
f 6303 6302 6329
f 6329 6325 6304
f 6303 6329 6304
f 6330 6329 6302
f 6330 6302 6307
f 6330 6327 6329
f 6330 6307 6309
f 6335 6330 6309
f 6309 6307 6089
f 6332 6325 6327
f 6313 6328 6321
f 6326 6332 6328
f 6328 6322 6321
f 6332 6327 6268
f 6328 6332 6331
f 6328 6331 6266
f 6328 6266 6322
f 6331 6332 6266
f 6332 6268 6058
f 6058 6266 6332
f 6334 6327 6330
f 6327 6334 6267
f 6309 6096 6335
f 6334 6330 6335
f 6267 6333 6327
f 6336 6269 6267
f 6334 6336 6267
f 6333 6267 6268
f 6336 6334 6335
f 6336 6098 6270
f 6336 6270 6271
f 6097 6336 6335
f 6336 6271 6269
f 6333 6268 6327
f 6085 6307 6302
f 6081 6082 6035
f 6257 6035 6033
f 6032 6257 6033
f 6257 6081 6035
f 6032 6255 6258
f 6257 6032 6258
f 6032 6030 6255
f 6255 6030 6039
f 6255 6039 6256
f 6256 6039 6253
f 6079 6036 6027
f 6250 6038 6036
f 6250 6036 6079
f 6252 6029 6038
f 6029 6252 6037
f 6040 6252 6039
f 6252 6040 6037
f 6252 6038 6250
f 6039 6252 6253
f 6262 6025 6337
f 6080 6025 6262
f 6260 6263 6337
f 6337 6263 6262
f 6264 6338 6069
f 6121 6340 6339
f 6121 6339 6338
f 6265 6338 6264
f 6265 6121 6338
f 6340 6260 6337
f 6261 6340 6121
f 6340 6259 6260
f 6259 6340 6261
f 6072 6077 6064
f 6064 6063 6072
f 6062 6065 6066
f 6062 6341 6342
f 6341 6062 6066
f 6343 6062 6342
f 6062 6343 6101
f 6343 6344 6101
f 6101 6344 6345
f 6346 6101 6345
f 6346 6272 6101
f 6059 6347 6060
f 6347 6059 6273
f 6274 6349 6347
f 6349 6274 6348
f 6272 6350 6348
f 6350 6272 6346
f 6274 6347 6273
f 6272 6348 6274
f 6098 6024 6048
f 6098 6048 6053
f 6098 6059 6024
f 6098 6053 6270
f 6270 6053 6271
f 6268 6052 6043
f 6269 6054 6050
f 6269 6050 6047
f 6268 6047 6052
f 6268 6043 6056
f 6268 6269 6047
f 6054 6269 6053
f 6271 6053 6269
f 6061 6049 6024
f 6060 6351 6061
f 6049 6061 6351
f 6347 6351 6060
f 6349 6352 6351
f 6345 6344 6352
f 6353 6352 6344
f 6344 6343 6353
f 6353 6343 6342
f 6354 6342 6341
f 6341 6066 6354
f 6346 6345 6352
f 6349 6348 6352
f 6351 6347 6349
f 6348 6350 6346
f 6352 6348 6346
f 6353 6342 6354
f 6355 6354 6076
f 6355 6074 6073
f 6073 6069 6356
f 6354 6077 6076
f 6355 6075 6074
f 6075 6355 6076
f 6355 6073 6356
f 6064 6077 6354
f 6025 6026 6337
f 6026 6356 6339
f 6069 6338 6356
f 6339 6356 6338
f 6026 6339 6340
f 6340 6337 6026
f 6066 6064 6354
f 6044 6049 6031
f 6031 6049 6351
f 6352 6353 6356
f 6356 6351 6352
f 6044 6031 6034
f 6028 6031 6356
f 6356 6026 6028
f 6355 6353 6354
f 6355 6356 6353
f 6031 6351 6356
f 6358 6359 6357
f 5992 6359 6018
f 6360 6359 6358
f 6007 5992 6018
f 6225 6359 6360
f 6359 6022 6018
f 6359 6220 6022
f 6220 6359 6221
f 6222 6221 6359
f 6222 6359 6223
f 6224 6223 6359
f 6359 6225 6224
f 6225 6360 6226
f 6226 6360 6227
f 6227 6360 6228
f 6229 6360 6230
f 6231 6360 6232
f 6229 6228 6360
f 6230 6360 6231
f 6360 6233 6232
f 6360 6234 6233
f 6359 6003 6357
f 6358 6357 6240
f 6234 6358 6235
f 6235 6358 6236
f 6237 6358 6238
f 6236 6358 6237
f 6239 6358 6240
f 6241 6357 6242
f 6357 6245 6244
f 6357 6241 6240
f 6243 6357 6244
f 6246 6357 6247
f 6247 6357 6248
f 6357 6246 6245
f 6242 6357 6243
f 6249 6248 6357
f 6357 6003 6249
f 6358 6234 6360
f 6377 6375 6376
f 6379 6380 6528
f 6381 6379 6383
f 6384 6385 6382
f 6383 6382 6385
f 6386 6388 6387
f 6390 6388 6389
f 6394 6392 6391
f 6394 6393 6395
f 6399 6396 6397
f 6401 6403 6404
f 6404 6403 6405
f 6408 6406 6407
f 6407 6406 6409
f 6410 6409 6452
f 6411 6413 6412
f 6414 6413 6411
f 6417 6416 6418
f 6421 6419 6420
f 6421 6418 6419
f 6439 6423 6422
f 6431 6428 6430
f 6428 6426 6430
f 6428 6427 6426
f 6428 6431 6432
f 6428 6432 6429
f 6433 6430 6434
f 6430 6426 6434
f 6433 6431 6430
f 6439 6440 6435
f 6424 6439 6435
f 6423 6439 6424
f 6424 6435 6425
f 6436 6440 6437
f 6439 6438 6440
f 6436 6435 6440
f 6419 6416 6441
f 6419 6418 6416
f 6416 6444 6441
f 6419 6441 6420
f 6444 6442 6441
f 6444 6416 6443
f 6443 6416 6417
f 6445 6414 6411
f 6446 6415 6414
f 6414 6445 6446
f 6445 6447 6446
f 6447 6445 6451
f 6451 6445 6448
f 6412 6449 6445
f 6450 6445 6449
f 6448 6445 6450
f 6445 6411 6412
f 6454 6406 6456
f 6406 6454 6452
f 6409 6406 6452
f 6454 6453 6452
f 6406 6408 6456
f 6456 6455 6454
f 6457 6400 6461
f 6400 6457 6405
f 6400 6405 6403
f 6401 6400 6403
f 6457 6458 6405
f 6458 6457 6462
f 6400 6402 6459
f 6460 6462 6457
f 6460 6457 6461
f 6461 6400 6459
f 6463 6398 6397
f 6398 6463 6464
f 6397 6398 6399
f 6398 6464 6399
f 6463 6465 6464
f 6465 6463 6467
f 6466 6468 6463
f 6469 6463 6468
f 6467 6463 6469
f 6463 6397 6466
f 6470 6471 6497
f 6471 6500 6370
f 6368 6363 6479
f 6500 6471 6365
f 6471 6370 6496
f 6480 6496 6369
f 6502 6500 6364
f 6472 6492 6475
f 6492 6472 6473
f 6364 6500 6365
f 6364 6366 6502
f 6366 6368 6502
f 6363 6368 6366
f 6365 6472 6475
f 6476 6362 6492
f 6492 6362 6475
f 6471 6472 6365
f 6477 6367 6525
f 6367 6478 6525
f 6478 6367 6368
f 6474 6479 6363
f 6479 6478 6368
f 6481 6480 6510
f 6480 6477 6509
f 6480 6509 6510
f 6481 6510 6482
f 6481 6482 6483
f 6483 6490 6481
f 6369 6367 6477
f 6477 6480 6369
f 6361 6484 6363
f 6363 6484 6474
f 6361 6485 6484
f 6362 6485 6361
f 6362 6511 6485
f 6486 6476 6488
f 6488 6490 6487
f 6486 6489 6476
f 6511 6476 6489
f 6476 6490 6488
f 6490 6483 6487
f 6362 6476 6511
f 6473 6472 6491
f 6492 6493 6476
f 6494 6490 6476
f 6490 6494 6481
f 6480 6481 6495
f 6480 6495 6496
f 6497 6471 6498
f 6496 6498 6471
f 6471 6499 6472
f 6498 6499 6497
f 6497 6499 6470
f 6499 6498 6496
f 6370 6499 6496
f 6370 6500 6499
f 6499 6500 6365
f 6473 6472 6492
f 6493 6492 6472
f 6472 6473 6491
f 6475 6472 6365
f 6501 6472 6475
f 6472 6501 6493
f 6499 6365 6472
f 6364 6365 6500
f 6500 6502 6364
f 6369 6495 6367
f 6502 6503 6364
f 6505 6504 6363
f 6363 6503 6505
f 6481 6504 6367
f 6481 6367 6495
f 6369 6496 6495
f 6504 6481 6494
f 6366 6364 6503
f 6503 6363 6366
f 6476 6506 6361
f 6494 6476 6361
f 6361 6363 6494
f 6506 6476 6501
f 6363 6504 6494
f 6501 6476 6493
f 6471 6470 6499
f 6507 6508 6487
f 6488 6487 6508
f 6507 6487 6483
f 6483 6482 6507
f 6510 6512 6513
f 6482 6510 6377
f 6377 6510 6513
f 6456 6482 6377
f 6477 6443 6509
f 6512 6510 6509
f 6456 6377 6376
f 6456 6408 6482
f 6482 6408 6402
f 6407 6409 6461
f 6376 6454 6455
f 6453 6454 6376
f 6455 6456 6376
f 6459 6408 6407
f 6417 6378 6514
f 6378 6453 6376
f 6443 6417 6514
f 6443 6477 6444
f 6442 6444 6477
f 6514 6509 6443
f 6378 6418 6468
f 6417 6418 6378
f 6452 6453 6378
f 6468 6466 6452
f 6466 6410 6452
f 6468 6452 6378
f 6469 6418 6467
f 6469 6468 6418
f 6397 6396 6410
f 6466 6397 6410
f 6410 6396 6516
f 6418 6465 6467
f 6418 6421 6465
f 6477 6525 6442
f 6461 6459 6407
f 6461 6409 6460
f 6402 6400 6507
f 6402 6507 6482
f 6462 6460 6409
f 6462 6409 6410
f 6534 6400 6401
f 6401 6404 6534
f 6400 6534 6518
f 6508 6507 6517
f 6400 6517 6507
f 6508 6517 6488
f 6488 6391 6392
f 6391 6488 6517
f 6392 6486 6488
f 6394 6486 6392
f 6400 6518 6517
f 6402 6408 6459
f 6405 6458 6410
f 6405 6516 6387
f 6410 6458 6462
f 6405 6388 6404
f 6405 6410 6516
f 6522 6515 6396
f 6516 6396 6515
f 6387 6388 6405
f 6404 6388 6449
f 6395 6532 6404
f 6449 6412 6395
f 6534 6404 6532
f 6395 6413 6394
f 6395 6404 6449
f 6450 6388 6448
f 6388 6450 6449
f 6412 6413 6395
f 6486 6394 6413
f 6399 6522 6396
f 6486 6413 6414
f 6545 6441 6525
f 6465 6421 6420
f 6520 6372 6441
f 6441 6519 6520
f 6441 6372 6420
f 6519 6441 6521
f 6441 6545 6521
f 6371 6420 6372
f 6371 6434 6420
f 6441 6442 6525
f 6465 6420 6464
f 6420 6434 6464
f 6434 6399 6464
f 6434 6426 6399
f 6426 6438 6399
f 6433 6434 6371
f 6526 6525 6478
f 6479 6526 6478
f 6373 6479 6474
f 6479 6373 6526
f 6374 6373 6431
f 6432 6373 6474
f 6374 6433 6371
f 6426 6427 6437
f 6374 6431 6433
f 6373 6432 6431
f 6425 6428 6429
f 6427 6428 6435
f 6432 6474 6429
f 6429 6474 6484
f 6437 6427 6436
f 6440 6426 6437
f 6523 6399 6524
f 6399 6527 6524
f 6447 6388 6390
f 6439 6527 6438
f 6527 6399 6438
f 6438 6426 6440
f 6439 6390 6527
f 6422 6528 6390
f 6422 6390 6439
f 6522 6399 6523
f 6447 6451 6388
f 6390 6446 6447
f 6528 6415 6446
f 6390 6528 6446
f 6528 6380 6415
f 6379 6414 6380
f 6414 6415 6380
f 6529 6528 6422
f 6379 6381 6414
f 6388 6451 6448
f 6423 6530 6529
f 6425 6435 6428
f 6424 6530 6423
f 6425 6484 6424
f 6436 6427 6435
f 6531 6530 6424
f 6511 6383 6485
f 6383 6489 6381
f 6383 6511 6489
f 6381 6489 6414
f 6385 6484 6485
f 6484 6385 6384
f 6531 6424 6384
f 6385 6485 6383
f 6424 6484 6384
f 6429 6484 6425
f 6423 6529 6422
f 6414 6489 6486
f 6393 6532 6395
f 6532 6533 6534
f 6535 6536 6517
f 6518 6535 6517
f 6534 6535 6518
f 6536 6391 6517
f 6535 6391 6536
f 6391 6535 6532
f 6535 6533 6532
f 6393 6391 6532
f 6394 6391 6393
f 6533 6535 6534
f 6389 6537 6527
f 6537 6524 6527
f 6389 6527 6390
f 6522 6523 6524
f 6538 6522 6524
f 6386 6387 6516
f 6515 6538 6516
f 6522 6538 6515
f 6538 6386 6516
f 6538 6389 6386
f 6524 6537 6389
f 6389 6538 6524
f 6386 6389 6388
f 6382 6531 6384
f 6540 6541 6528
f 6539 6540 6529
f 6530 6539 6529
f 6529 6540 6528
f 6541 6379 6528
f 6540 6379 6541
f 6540 6531 6382
f 6530 6540 6539
f 6382 6379 6540
f 6383 6379 6382
f 6530 6531 6540
f 6378 6542 6514
f 6514 6542 6509
f 6543 6509 6542
f 6375 6377 6513
f 6513 6512 6543
f 6509 6543 6512
f 6543 6375 6513
f 6375 6543 6542
f 6378 6375 6542
f 6376 6375 6378
f 6374 6544 6526
f 6374 6526 6373
f 6544 6525 6526
f 6521 6545 6546
f 6520 6519 6546
f 6521 6546 6519
f 6546 6372 6520
f 6546 6544 6374
f 6544 6545 6525
f 6374 6372 6546
f 6371 6372 6374
f 6545 6544 6546
f 6368 6505 6503
f 6368 6504 6505
f 6368 6367 6504
f 6368 6503 6502
f 6362 6501 6475
f 6362 6506 6501
f 6362 6361 6506
f 6569 6560 6559
f 6569 6559 6562
f 6560 6569 6561
f 6568 6564 6569
f 6562 6568 6569
f 6565 6564 6568
f 6567 6564 6565
f 6567 6566 6564
f 6566 6563 6564
f 2001 1740 6573
f 1742 1720 6572
f 6570 2001 6573
f 6573 1740 6893
f 2000 1742 6572
f 1374 1370 6576
f 1370 1369 6662
f 1369 6575 6574
f 6659 1373 1374
f 6662 1369 6574
f 6576 1370 6662
f 6659 1738 1373
f 6579 1392 6980
f 6580 6980 1392
f 1390 6980 6580
f 2005 6582 1391
f 6582 6583 6581
f 6583 6582 2005
f 6582 1390 1391
f 6882 6648 6650
f 1364 6898 6593
f 1364 6594 6592
f 6595 6857 6596
f 6597 6596 6857
f 6598 6597 6857
f 6600 6601 6598
f 6600 6602 6603
f 6600 6604 6602
f 6600 6603 6601
f 6600 6599 6604
f 6857 6600 6598
f 6878 6605 6606
f 6878 6607 6605
f 6878 6606 6608
f 6610 6878 6611
f 6607 6878 6610
f 6612 6610 6611
f 6613 6612 6611
f 6614 6613 6611
f 6611 6609 6614
f 6620 6621 6618
f 6627 6628 6629
f 6627 6624 6622
f 6637 6634 6635
f 6636 6638 6639
f 6640 6641 6638
f 6641 6639 6638
f 6644 1364 6593
f 6645 6594 1364
f 6643 6644 6593
f 1364 6644 6645
f 6651 6589 6591
f 6647 6588 6587
f 6584 6649 6646
f 6585 6586 6650
f 6652 6570 6573
f 6652 6584 6570
f 6653 6893 6571
f 6657 6573 6893
f 6659 6655 1720
f 6659 1720 1738
f 6572 1720 6655
f 6571 2000 6656
f 6893 6653 6657
f 6654 6656 2000
f 6653 6571 6656
f 6654 2000 6572
f 6664 6659 1374
f 6576 6664 1374
f 6837 6576 6662
f 6661 6574 6575
f 6664 6576 6837
f 6660 6574 6661
f 6661 6575 6833
f 6574 6660 6662
f 6666 6855 6667
f 6666 6665 6855
f 6665 6668 6855
f 6670 6668 6671
f 6670 6672 6673
f 6670 6673 6674
f 6672 6670 6671
f 6674 6669 6670
f 6855 6668 6670
f 6831 6677 6675
f 6822 6683 6678
f 6822 6677 6683
f 6680 6681 6679
f 6683 6677 6831
f 6831 6675 6676
f 6831 6682 6683
f 6832 6684 6682
f 6679 6681 6685
f 6686 6685 6681
f 6963 6686 6687
f 6690 6688 6689
f 6690 6696 6691
f 6691 6696 6700
f 6696 6697 6698
f 6696 6690 6697
f 6692 6700 6842
f 6696 6842 6700
f 6692 6693 6700
f 6688 6690 6691
f 6549 6701 6700
f 6547 6700 6693
f 6548 6700 6547
f 6700 6548 6549
f 6702 6701 6549
f 6549 6550 6702
f 6705 6708 6704
f 6707 6704 6702
f 6706 6704 6703
f 6705 6704 6706
f 6704 6707 6703
f 6711 6715 6712
f 6715 6711 6713
f 6716 6715 6714
f 6798 6578 6577
f 6719 6720 6717
f 6717 6720 6718
f 6798 6577 6801
f 6691 6801 6577
f 6802 6801 6700
f 6700 6721 6802
f 6691 6700 6801
f 6719 6702 6720
f 6702 6719 6701
f 6719 6722 6700
f 6719 6700 6701
f 6722 6721 6700
f 6620 6618 6650
f 6619 6585 6650
f 6650 6618 6619
f 6650 6648 6617
f 6620 6650 6617
f 6646 6649 6619
f 6642 2001 6646
f 6649 6585 6619
f 6642 6891 2001
f 6731 6646 6619
f 6648 6616 6617
f 6616 6588 6647
f 6588 6616 6648
f 6615 6587 6589
f 6615 6589 6651
f 6616 6647 6587
f 6615 6616 6587
f 6731 6732 6641
f 6733 6734 6639
f 6732 6733 6639
f 6642 6646 6640
f 6639 6641 6732
f 6640 6731 6641
f 6734 6636 6639
f 6646 6731 6640
f 6737 6615 6626
f 6738 6737 6739
f 6736 6636 6734
f 6740 6637 6636
f 6736 6740 6636
f 6735 6736 6738
f 6894 6642 6808
f 6741 6894 6808
f 6642 6894 6891
f 1390 6637 6740
f 6637 1390 6634
f 6895 6894 6743
f 6894 6741 6743
f 6895 6743 6745
f 6579 6743 6742
f 1392 6579 6742
f 1392 6635 6580
f 6579 6745 6743
f 6745 6579 6981
f 6580 6634 1390
f 1391 1390 6740
f 6583 2005 6780
f 1391 6744 2005
f 6580 6635 6634
f 6745 1394 6906
f 1394 6907 6906
f 6745 6981 1394
f 1394 2004 6907
f 6742 6635 1392
f 6651 6625 6615
f 6629 6651 6591
f 6625 6626 6615
f 6625 6651 6629
f 6645 6624 6627
f 6594 6645 6627
f 6591 6627 6629
f 6591 6594 6627
f 6626 6747 6746
f 6740 6736 6735
f 6746 6739 6626
f 6739 6735 6738
f 6737 6626 6739
f 6747 6765 6746
f 6748 6746 6765
f 6740 6744 1391
f 6623 6622 6644
f 6624 6645 6622
f 6748 6623 6644
f 6644 6622 6645
f 7077 6748 6644
f 6643 6749 7077
f 6643 6869 6749
f 6644 6643 7077
f 7077 6746 6748
f 2005 6633 6780
f 6750 6633 2005
f 6751 6583 6780
f 6632 6633 6750
f 6583 6751 6581
f 2004 6581 6754
f 6907 2004 6754
f 6781 6754 6581
f 6581 6751 6781
f 2005 6744 6750
f 6632 6750 6631
f 6630 6631 6753
f 6752 6753 6631
f 6750 6752 6631
f 6755 6754 6774
f 6774 6754 6781
f 6630 6753 6755
f 6755 6753 6754
f 6749 6869 6752
f 6822 6623 6758
f 6678 6623 6822
f 6678 6756 6623
f 6622 6756 6757
f 6623 6756 6622
f 6623 6760 6758
f 6554 6557 6555
f 6759 6557 6554
f 6759 6554 6761
f 6556 6557 6759
f 6760 6761 6554
f 6623 6761 6760
f 6629 6757 7023
f 6628 6627 6757
f 6628 6757 6629
f 6757 6627 6622
f 6763 6762 6757
f 7023 6757 6762
f 6757 6764 6763
f 6629 7021 6625
f 7021 7088 7089
f 7023 7021 6629
f 6759 6765 6779
f 6766 6779 6765
f 6759 6779 6556
f 6625 7021 6766
f 7085 6766 7087
f 7087 7021 7089
f 7086 6767 6779
f 7086 6779 6766
f 7085 7086 6766
f 7021 7087 6766
f 6558 6768 6769
f 6558 6631 6771
f 6769 6631 6558
f 6777 6631 6770
f 6777 6632 6631
f 6630 6771 6631
f 6769 6770 6631
f 6771 6630 6827
f 6783 6818 6773
f 6827 6630 6818
f 6772 6763 6764
f 6773 6818 6630
f 6774 6783 6773
f 6633 6777 6782
f 6632 6777 6633
f 6780 6633 7091
f 6782 7091 6633
f 6780 7091 6778
f 6786 6783 6781
f 6778 6781 6780
f 6767 6782 6779
f 6781 6783 6774
f 6783 6784 6806
f 6778 6786 6781
f 6784 6783 6786
f 6786 6785 6787
f 6785 6786 6778
f 6777 6779 6782
f 6775 6789 6776
f 6776 6790 6775
f 6788 6791 6790
f 6615 7025 6788
f 7025 7088 7021
f 6790 6793 6616
f 6790 6616 6788
f 6617 6616 6793
f 6793 6794 6617
f 6791 6775 6790
f 6736 7025 6615
f 7025 7097 6792
f 7088 7025 6792
f 6795 6638 6796
f 6795 7097 6736
f 6796 6637 7093
f 7097 7025 6736
f 6638 6795 6722
f 6721 6795 6736
f 6615 6788 6616
f 6794 6620 6617
f 6620 6794 6621
f 6618 6621 6578
f 6794 6689 6621
f 6621 6689 6688
f 6577 6688 6797
f 6577 6621 6688
f 6578 6621 6577
f 6578 6799 6618
f 6578 6798 6799
f 6798 6736 6799
f 6640 6719 6800
f 6798 6801 6736
f 6801 6802 6736
f 6802 6721 6736
f 6722 6795 6721
f 6640 6638 6719
f 6638 6722 6719
f 6787 7095 6804
f 6803 7094 6805
f 6805 6716 6803
f 6804 7095 6803
f 6716 6804 6803
f 6784 6807 6806
f 6712 6715 6716
f 6704 6712 6716
f 6637 6796 6636
f 6805 7094 6637
f 7094 7093 6637
f 6642 6717 6808
f 6640 6800 6642
f 6808 6717 6718
f 6642 6800 6717
f 6720 6808 6718
f 6805 6704 6716
f 6809 6810 6704
f 6805 6809 6704
f 6704 6811 6702
f 6811 6704 6810
f 6702 6741 6808
f 6702 6812 6741
f 6702 6811 6812
f 6702 6720 6699
f 6808 6720 6702
f 6796 6638 6636
f 6806 7122 6783
f 6818 6783 6815
f 7121 6815 6783
f 6783 6816 6814
f 6814 6813 6783
f 6813 7121 6783
f 6815 6817 6818
f 6819 6818 6817
f 6835 7051 6819
f 6817 6835 6819
f 6833 6676 7051
f 7051 6835 6833
f 6554 6820 6821
f 6758 6677 6822
f 6823 6677 6554
f 6824 6677 7046
f 6677 6825 7046
f 6677 6823 6825
f 6821 6677 6758
f 6554 6677 6820
f 6554 6555 6823
f 6557 6556 6823
f 6555 6557 6823
f 6677 6821 6820
f 6819 7070 6826
f 6827 6819 6830
f 6827 6828 6819
f 6818 6819 6828
f 6819 6826 6829
f 6558 6819 6829
f 6830 6819 6558
f 6676 6553 6831
f 6553 6676 6833
f 6831 6552 6832
f 6831 6553 6552
f 6834 6660 6833
f 6835 6836 6834
f 6664 6837 6838
f 6664 6838 6839
f 6548 6657 6549
f 6843 6657 6547
f 6548 6547 6657
f 6714 6723 7034
f 6714 7013 6844
f 7013 6714 7010
f 7007 6845 7010
f 7034 6846 7018
f 7018 6714 7034
f 6784 6714 7018
f 6784 7007 7010
f 7010 6714 6784
f 6794 6793 6861
f 6847 6859 6757
f 6757 6756 6847
f 6848 6851 6600
f 6850 6762 6772
f 6848 6850 6772
f 6848 6772 6851
f 6789 6791 6852
f 6853 6789 6852
f 6789 6853 6854
f 6853 6930 6670
f 6854 6853 6670
f 6861 6698 6794
f 6698 6689 6794
f 6689 6698 6697
f 6683 6847 6678
f 6756 6678 6847
f 6757 6851 6764
f 6757 6860 6857
f 6757 6857 6851
f 6776 6855 6790
f 6790 6855 6856
f 6857 6849 6600
f 6670 6930 6858
f 6670 6858 6855
f 6858 6856 6855
f 6860 6757 6859
f 6793 6790 6861
f 6790 6856 6861
f 6862 6854 6670
f 6862 6670 6669
f 6863 6854 6862
f 6865 6854 6864
f 6854 6863 6864
f 6854 6865 6866
f 6854 6866 6855
f 6867 6855 6866
f 6868 6855 6867
f 6868 6667 6855
f 6553 6575 6869
f 6553 6870 6871
f 6553 6869 6870
f 6551 6872 6611
f 6871 6872 6552
f 6609 6611 6898
f 6878 6873 6874
f 7028 6875 6876
f 6874 6873 6875
f 6609 6898 6873
f 6833 6575 6553
f 6551 6611 6877
f 6553 6871 6552
f 6872 6551 6552
f 6877 6611 6878
f 7028 6876 6897
f 6874 6875 7028
f 6878 6874 7027
f 6881 6890 6880
f 6887 6569 6880
f 6882 6887 6880
f 6884 6564 6887
f 6888 6564 6886
f 6887 6882 6884
f 6881 6880 6879
f 6569 6883 6880
f 6889 6883 6569
f 6569 6564 6885
f 6564 6888 6885
f 6888 6584 6652
f 6881 7031 6897
f 1737 1736 6586
f 1736 6884 6650
f 6650 6586 1736
f 2002 6649 6584
f 1737 6585 2002
f 6585 1737 6586
f 6585 6649 2002
f 6650 6884 6882
f 1734 6890 6587
f 6890 6589 6587
f 2003 1733 6589
f 2003 6589 6890
f 6882 6588 6648
f 6588 1734 6587
f 2001 6891 1740
f 6892 1740 6891
f 6893 1740 6892
f 6894 6571 6893
f 6895 2000 6571
f 6895 6571 6894
f 6896 1742 2000
f 6896 6745 1742
f 6906 1720 1742
f 1742 6745 6906
f 6901 1738 1720
f 6589 1733 6591
f 6591 1733 6897
f 1397 6594 6591
f 6875 6594 1397
f 1397 6591 6897
f 6594 6875 6873
f 6873 6592 6594
f 1364 6592 6873
f 6898 1366 6593
f 1366 1367 6593
f 1367 6643 6593
f 6643 1367 6870
f 6869 6590 6643
f 6869 6643 6870
f 6902 1374 1373
f 6899 6900 1370
f 1370 1374 6899
f 6899 1374 6902
f 1373 1738 6901
f 6902 1373 6901
f 6903 6904 6575
f 1369 6903 6575
f 6903 1369 6905
f 6869 6575 6904
f 6905 1369 1370
f 2000 6895 6745
f 6907 6902 6901
f 6753 6900 6754
f 6907 6754 6902
f 6590 6869 6643
f 6812 6743 6741
f 6811 6743 6812
f 6637 6635 6742
f 6805 6742 6743
f 6810 6743 6811
f 6743 6810 6809
f 6742 6805 6637
f 6805 6743 6809
f 6780 6781 6751
f 6773 6755 6774
f 6630 6755 6773
f 6766 6747 6626
f 6766 6626 6625
f 6765 6747 6766
f 6759 6748 6765
f 6748 6759 6761
f 6748 6761 6623
f 6736 6731 6619
f 6618 6799 6619
f 6736 6619 6799
f 6731 6736 6732
f 6736 6734 6733
f 6736 6737 6738
f 6737 6736 6615
f 6733 6732 6736
f 6909 6910 6609
f 6911 6909 6873
f 6609 6910 6908
f 6609 6873 6909
f 6873 6912 6911
f 6878 6913 6914
f 6878 6608 6913
f 6878 6914 6912
f 6912 6873 6878
f 6606 6605 6602
f 6603 6602 6605
f 6599 6606 6604
f 6602 6604 6606
f 6607 6610 6601
f 6612 6601 6610
f 6605 6607 6603
f 6601 6603 6607
f 6913 6608 6599
f 6606 6599 6608
f 6914 6913 6915
f 6599 6915 6913
f 6912 6914 6916
f 6915 6916 6914
f 6917 6912 6918
f 6916 6918 6912
f 6597 6598 6612
f 6601 6612 6598
f 6596 6597 6613
f 6612 6613 6597
f 6595 6596 6614
f 6613 6614 6596
f 6908 6595 6609
f 6614 6609 6595
f 6911 6919 6909
f 6920 6909 6919
f 6912 6917 6911
f 6919 6911 6917
f 6910 6921 6908
f 6595 6908 6921
f 6909 6920 6910
f 6921 6910 6920
f 6599 6600 6915
f 6916 6915 6851
f 6918 6916 6851
f 6917 6918 6851
f 6915 6600 6851
f 6920 6919 6851
f 6921 6920 6851
f 6857 6595 6851
f 6921 6851 6595
f 6919 6917 6851
f 6772 6764 6851
f 6854 6776 6789
f 6854 6855 6776
f 6905 6753 6752
f 6899 6902 6754
f 6752 6869 6904
f 6904 6903 6752
f 6903 6905 6752
f 6905 1370 6753
f 6899 6754 6900
f 6753 1370 6900
f 2001 6570 6646
f 6894 6893 6891
f 6901 1720 6907
f 6896 2000 6745
f 6892 6891 6893
f 6570 6584 6646
f 6906 6907 1720
f 6923 6922 6924
f 6924 6922 7122
f 6924 6925 6655
f 6925 6926 6655
f 6858 6695 6856
f 6856 6695 6694
f 6861 6856 6694
f 6694 6698 6861
f 6684 6928 6682
f 6859 6847 6682
f 6928 6859 6682
f 6684 6860 6928
f 6684 6849 6860
f 6684 6929 6849
f 6964 6963 6687
f 6964 6687 6930
f 6930 6853 6964
f 6600 6931 6848
f 6680 6679 6931
f 6931 6600 6680
f 6932 6663 7124
f 6679 6935 6931
f 6935 6685 6934
f 6933 6934 6685
f 6936 6937 6938
f 6936 6938 6939
f 6937 6940 6941
f 6937 6941 6938
f 6942 6935 6934
f 6941 6940 6943
f 6934 6943 6942
f 6943 6940 6942
f 6944 6945 6936
f 6936 6939 6944
f 6935 6946 6947
f 6935 6947 6931
f 6946 6948 6949
f 6946 6949 6947
f 6950 6945 6944
f 6949 6948 6951
f 6944 6951 6950
f 6951 6948 6950
f 6679 6685 6935
f 6940 6935 6942
f 6940 6937 6935
f 6936 6935 6937
f 6945 6935 6936
f 6948 6935 6950
f 6945 6950 6935
f 6946 6935 6948
f 6952 6953 6954
f 6952 6954 6955
f 6953 6956 6957
f 6953 6957 6954
f 6958 6959 6960
f 6957 6956 6961
f 6960 6961 6958
f 6961 6956 6958
f 6955 6686 6952
f 6685 6955 6962
f 6686 6955 6685
f 6965 6963 6964
f 6964 6966 6965
f 6967 6968 6969
f 6967 6969 6970
f 6968 6971 6972
f 6968 6972 6969
f 6973 6965 6966
f 6972 6971 6974
f 6966 6974 6973
f 6974 6971 6973
f 6960 6959 6967
f 6967 6970 6960
f 6967 6965 6968
f 6973 6971 6965
f 6968 6965 6971
f 6963 6965 6952
f 6958 6952 6959
f 6967 6959 6952
f 6953 6952 6956
f 6958 6956 6952
f 6967 6952 6965
f 6686 6963 6952
f 7038 6975 6976
f 6978 6582 6977
f 6582 6978 6980
f 6980 1390 6582
f 6980 6978 6979
f 6581 6977 6582
f 2004 6978 6977
f 6581 2004 6977
f 6978 2004 1394
f 6978 1394 6979
f 1394 6980 6979
f 1394 6981 6980
f 6579 6980 6981
f 6982 6983 6987
f 6984 6987 6983
f 6983 6985 6984
f 6986 6987 6984
f 6983 6999 6985
f 6990 6988 6989
f 6988 6991 6989
f 6989 6991 6992
f 6990 6995 7084
f 7020 6992 6982
f 6993 6982 6992
f 6992 7020 6989
f 6994 6995 6998
f 6995 6997 6998
f 6983 6993 6999
f 6998 6997 7000
f 6994 7084 6995
f 7001 6996 6984
f 6986 6996 7082
f 6986 7082 7004
f 7004 7082 7000
f 7000 6997 7004
f 7082 6996 7001
f 6993 6992 6999
f 7002 6997 6995
f 6997 7002 7004
f 7002 7003 7004
f 7005 6975 7003
f 7005 7006 7020
f 6989 7020 7006
f 7006 7085 6989
f 7007 6784 6786
f 7007 6786 7009
f 7008 7009 6786
f 6786 7010 7008
f 7010 6786 7011
f 7012 7011 6787
f 7011 6786 6787
f 6787 6804 7013
f 7013 7012 6787
f 6804 6716 7014
f 7013 6804 7014
f 7015 7014 6716
f 7016 6658 6572
f 6572 6926 7016
f 6926 6925 7016
f 6925 7125 7016
f 6922 6923 6932
f 6923 6664 6663
f 7017 6923 6663
f 6923 7017 6932
f 6784 6806 6807
f 6806 7018 7019
f 7018 6806 6784
f 6987 7004 7020
f 6830 6771 6827
f 6558 6771 6830
f 6821 6760 6554
f 6758 6760 6821
f 6800 6719 6717
f 6691 6797 6688
f 6691 6577 6797
f 6827 6818 6828
f 6762 6850 7023
f 7024 7025 7021
f 7021 7022 7024
f 6788 6852 6791
f 6933 6685 6934
f 6934 6955 6943
f 6848 6931 6947
f 7023 7022 7021
f 7023 6850 7022
f 6951 6850 6949
f 6957 6938 6941
f 6944 6939 6850
f 6850 6951 6944
f 6939 6938 7022
f 6939 7022 6850
f 6961 7022 6938
f 6941 6943 6954
f 6850 6848 6949
f 6848 6947 6949
f 6962 6955 6685
f 6955 6954 6943
f 6853 6966 6964
f 6938 6957 6961
f 6966 6853 6974
f 6961 6960 7024
f 6969 6972 6852
f 6970 6969 6852
f 6960 6970 6852
f 6853 6972 6974
f 6961 7024 7022
f 7024 6852 6788
f 7024 6788 7025
f 6852 7024 6960
f 6852 6972 6853
f 6941 6954 6957
f 6955 6934 6685
f 7027 7028 6684
f 7027 6832 6552
f 6832 7027 6684
f 6879 7029 7030
f 7031 7030 7029
f 6879 7026 7029
f 1367 1366 6872
f 6870 1367 6871
f 1366 6898 6611
f 6875 1397 6876
f 6871 1367 6872
f 1366 6611 6872
f 1364 6873 6898
f 1397 6897 6876
f 6880 6890 1734
f 1734 6588 6880
f 1733 2003 6881
f 1736 1737 6564
f 6886 1737 2002
f 6884 1736 6564
f 6897 1733 6881
f 6890 6881 2003
f 6886 6564 1737
f 6888 6886 2002
f 6880 6588 6882
f 2002 6584 6888
f 6924 7032 6925
f 6659 6923 6924
f 6664 6923 6659
f 6659 6924 6655
f 6572 6655 6926
f 7036 6924 7122
f 7033 6924 7034
f 7033 7032 6924
f 7034 6924 7036
f 7019 7034 7036
f 7019 6846 7034
f 7034 6711 7033
f 6723 6713 7034
f 6711 7034 6713
f 7033 6711 7032
f 7032 6711 7035
f 6714 6715 6723
f 6713 6723 6715
f 6844 6716 6714
f 6844 7015 6716
f 7015 6844 7014
f 7014 6844 7013
f 7012 7013 7010
f 7010 7011 7012
f 7010 6845 7008
f 6845 7009 7008
f 7009 6845 7007
f 7019 7018 6846
f 6976 7005 7020
f 6975 7005 6976
f 6975 7038 7003
f 7038 7004 7003
f 6976 7020 7037
f 7038 7037 7020
f 6976 7037 7038
f 7004 7038 7020
f 7004 6987 6986
f 6987 7020 6982
f 6560 6673 6559
f 6672 6559 6673
f 6669 6674 6560
f 6673 6560 6674
f 6672 6671 6568
f 6668 6568 6671
f 6559 6672 6562
f 6568 6562 6672
f 6862 6669 6561
f 6560 6561 6669
f 7039 6862 7040
f 6561 7040 6862
f 7041 6863 7039
f 6862 7039 6863
f 7042 6864 7041
f 6863 7041 6864
f 6665 6565 6668
f 6568 6668 6565
f 6666 6567 6665
f 6565 6665 6567
f 6667 6566 6666
f 6567 6666 6566
f 7043 6563 6667
f 6566 6667 6563
f 7042 7044 6866
f 6867 6866 7044
f 6864 7042 6865
f 6866 6865 7042
f 7045 7043 6868
f 6667 6868 7043
f 7044 7045 6867
f 6868 6867 7045
f 6887 6564 6563
f 7043 6887 6563
f 7045 7044 6887
f 6887 7043 7045
f 7042 6887 7044
f 7041 6887 7042
f 7039 6887 7041
f 7040 6561 6887
f 6887 7039 7040
f 6561 6569 6887
f 6823 6556 7046
f 7046 6556 6779
f 6777 6829 7047
f 7047 6829 6826
f 6779 7053 7046
f 6777 7056 7053
f 7053 6779 6777
f 7048 6777 7047
f 6777 7048 7056
f 6675 7049 6676
f 7050 6676 7049
f 7052 6676 7050
f 7051 6676 7065
f 6676 7052 7065
f 7053 7056 7054
f 7052 7053 7054
f 7065 7068 7051
f 7055 7056 7051
f 7055 7051 7068
f 6829 6777 6770
f 6770 6769 6829
f 6768 6829 6769
f 6829 6768 6558
f 6735 6727 6740
f 6727 6735 7073
f 7057 6740 6724
f 6724 6740 6727
f 7058 6727 7059
f 7058 7060 6727
f 7067 7060 7055
f 7062 7061 6730
f 7063 6729 7067
f 7063 7062 6729
f 7125 6710 7016
f 7016 6710 6658
f 6709 6658 6710
f 6841 6656 6654
f 6709 6841 6654
f 6656 6549 6653
f 6653 6549 6657
f 6658 6709 6572
f 6572 6709 6654
f 6657 6843 6652
f 6888 6843 6840
f 6843 6888 6652
f 6885 6840 6889
f 6888 6840 6885
f 6657 6652 6573
f 6889 7026 6883
f 6569 6885 6889
f 7026 6880 6883
f 6879 6880 7026
f 6881 6879 7030
f 7030 7031 6881
f 6874 7028 7027
f 7028 6897 7031
f 6877 7027 6552
f 6878 7027 6877
f 6877 6552 6551
f 6661 6833 6660
f 6662 6660 6834
f 6834 6836 6662
f 6837 6662 6836
f 6663 6664 6839
f 7017 6663 6932
f 6682 6847 6683
f 6928 6860 6859
f 6860 6849 6857
f 6600 6849 6929
f 6929 6680 6600
f 6695 6858 6930
f 6927 6930 6687
f 6930 6927 6695
f 6695 6927 6687
f 6836 6817 6815
f 6836 6835 6817
f 6835 6834 6833
f 6832 6682 6831
f 7026 6687 7029
f 6681 7031 7029
f 7028 7031 6681
f 6687 7026 6695
f 7026 6694 6695
f 6929 6684 7028
f 6929 7028 6680
f 7029 6686 6681
f 7028 6681 6680
f 7029 6687 6686
f 6698 7026 6889
f 7026 6698 6694
f 6889 6696 6698
f 6889 6840 6696
f 6842 6696 6840
f 6843 6693 6692
f 6692 6842 6840
f 6840 6843 6692
f 6843 6547 6693
f 7054 7064 7059
f 7066 7052 7054
f 7066 7065 7052
f 7055 7068 7067
f 7067 7068 7065
f 7060 7056 7055
f 7069 7060 7055
f 7064 7054 7056
f 7056 7060 7064
f 6826 7070 7071
f 7046 6825 6823
f 6824 7046 7072
f 6824 7072 6677
f 7046 7053 7052
f 7046 7052 7050
f 7050 7049 7046
f 7049 6675 7046
f 6677 7072 6675
f 7046 6675 7072
f 7048 7047 7051
f 7051 7056 7048
f 7051 7070 6819
f 6826 7071 7051
f 6826 7051 7047
f 7070 7051 7071
f 7067 6725 7060
f 6724 7060 6725
f 7060 6724 6727
f 7059 6727 6726
f 6728 6730 6729
f 6729 7062 6728
f 6730 6728 7062
f 7060 7069 7055
f 7063 7067 7065
f 7064 7060 7058
f 7063 7065 7062
f 7059 7064 7058
f 7065 7061 7062
f 7066 7061 7065
f 7066 7054 7059
f 7059 7061 7066
f 6735 6739 7073
f 7073 6739 6746
f 7073 6746 7074
f 6744 6740 7057
f 6750 6744 7057
f 6750 7057 7075
f 7075 6752 6750
f 7076 6749 6752
f 6752 6729 7076
f 6752 7075 6729
f 7077 6749 7076
f 7074 6746 7077
f 7073 6726 6727
f 6726 7073 7059
f 7073 7074 7059
f 6725 7057 6724
f 7057 6725 7067
f 7061 7059 7077
f 7061 7077 6730
f 6730 7077 7076
f 7059 7074 7077
f 7067 6729 7075
f 6730 7076 6729
f 7067 7075 7057
f 6990 7078 6995
f 7085 6990 6989
f 6992 7080 7079
f 7082 7081 7000
f 6984 6985 7001
f 7083 6998 7000
f 7000 7081 7083
f 7080 6992 6991
f 6991 6988 7080
f 7083 7084 6994
f 6998 7083 6994
f 6985 7084 7083
f 7082 7001 7081
f 7001 6985 7081
f 6985 7083 7081
f 6985 6999 7084
f 6988 6990 7084
f 6999 6988 7084
f 6999 6992 7080
f 6992 7079 7080
f 7080 6988 6999
f 7090 6782 6767
f 6767 7086 7090
f 6782 7090 7092
f 7092 7091 6782
f 7096 6795 6796
f 6796 7093 7096
f 6795 7096 7097
f 7086 7085 7006
f 6990 7087 7089
f 6990 7089 7088
f 7085 7087 6990
f 7090 7006 7092
f 7006 7090 7086
f 7092 7006 7091
f 7091 7005 6778
f 7005 7091 7006
f 6778 7005 6785
f 6785 7005 7003
f 6990 7088 6792
f 7078 6792 6995
f 7097 7096 6995
f 6995 7096 7002
f 7097 6995 6792
f 7095 7003 6803
f 7003 6787 6785
f 6787 7003 7095
f 7002 7093 7094
f 7093 7002 7096
f 6803 7003 7094
f 7003 7002 7094
f 7078 6990 6792
f 6806 7019 7036
f 7122 6806 7036
f 6699 6720 6702
f 6663 7098 7099
f 7098 6663 6839
f 7099 7100 7101
f 7100 7099 7098
f 7101 7100 7102
f 7103 7104 7098
f 7098 7104 7100
f 7105 7103 6839
f 6838 7106 7105
f 7107 7103 7105
f 7105 6839 6838
f 6839 7103 7098
f 7108 7105 7106
f 7100 7109 7102
f 7100 7104 7110
f 7123 7109 6783
f 7109 7123 7102
f 6783 7109 7110
f 7100 7110 7109
f 7110 7104 7111
f 7111 7104 7107
f 7108 7107 7105
f 7107 7108 7112
f 7110 6816 6783
f 6816 7110 7111
f 7112 6816 7111
f 7107 7112 7111
f 7104 7103 7107
f 7113 7114 7106
f 6838 6837 7113
f 7115 7116 7113
f 7115 7113 6837
f 7114 7113 7116
f 7108 7106 7114
f 7117 7108 7114
f 6837 6836 7118
f 6815 7118 6836
f 7118 7119 7115
f 7118 7115 6837
f 6815 7119 7118
f 7117 7112 7108
f 7114 7116 7120
f 7114 7120 7117
f 7112 7117 6814
f 7117 6813 6814
f 6813 7117 7120
f 6813 7120 7121
f 7119 7121 7116
f 7112 6814 6816
f 6815 7121 7119
f 7120 7116 7121
f 7116 7115 7119
f 7106 6838 7113
f 7122 6932 7123
f 6663 7099 7124
f 7101 7124 7099
f 7123 6932 7124
f 7124 7102 7123
f 7124 7101 7102
f 6922 6932 7122
f 7122 7123 6783
f 7125 6925 6708
f 6704 6708 6925
f 6710 7125 7126
f 7126 6708 6705
f 6705 7127 7126
f 7128 7126 7127
f 7126 6709 6710
f 7126 7129 6709
f 7126 7128 7129
f 7126 7125 6708
f 6549 6656 6550
f 7130 6550 6656
f 6550 7130 7137
f 7131 6656 6841
f 7137 7130 7132
f 7130 7133 7132
f 7131 7133 6656
f 7134 7133 7131
f 7135 7136 7131
f 7133 7130 6656
f 6550 7137 6702
f 7132 7138 7137
f 7138 7132 7134
f 6707 7138 7139
f 7137 7138 6702
f 6707 6702 7138
f 7139 7134 7136
f 7132 7133 7134
f 7135 7131 6841
f 7140 6841 7141
f 7140 7142 7135
f 7140 7135 6841
f 7142 7136 7135
f 7136 7134 7131
f 7141 6841 6709
f 7143 7141 7129
f 7129 7141 6709
f 7144 7140 7141
f 7129 7128 7143
f 7139 7136 7145
f 7145 7136 7142
f 7144 7142 7140
f 7146 7142 7144
f 7146 6703 7145
f 7146 7145 7142
f 7145 6703 6707
f 7145 6707 7139
f 7143 7147 7144
f 7143 7127 7147
f 7127 7143 7128
f 7147 7127 6705
f 6706 7146 7147
f 6703 7146 6706
f 6705 6706 7147
f 7146 7144 7147
f 7144 7141 7143
f 7139 7138 7134
f 6712 6704 6925
f 6925 7032 6712
f 6711 6712 7035
f 7035 6712 7032
f 7148 7153 7292
f 7150 7149 7153
f 7148 7150 7153
f 7157 7156 7151
f 7152 7156 7154
f 7151 7156 7152
f 7149 7155 7153
f 7161 7160 7162
f 7164 7285 7158
f 7165 7158 7159
f 7159 7161 7165
f 7167 7162 7168
f 7166 7161 7162
f 7258 7168 7163
f 7162 7163 7168
f 7165 7161 7166
f 7158 7165 7164
f 7169 7171 7174
f 7278 7169 7213
f 7170 7171 7169
f 7175 7173 7176
f 7174 7171 7175
f 7174 7177 7169
f 7173 7172 7176
f 7180 7181 7179
f 7187 7186 7181
f 7187 7181 7188
f 7186 7203 7179
f 7179 7181 7186
f 7182 7185 7189
f 7188 7181 7182
f 7183 7189 7184
f 7185 7184 7189
f 7190 7187 7188
f 7182 7189 7188
f 7194 7191 7192
f 7195 7314 7313
f 7196 7194 7314
f 7194 7196 7197
f 7200 7228 7189
f 7189 7228 7198
f 7198 7188 7189
f 7198 7199 7188
f 7228 7206 7201
f 7200 7206 7228
f 7187 7190 7202
f 7187 7202 7186
f 7199 7190 7188
f 7202 7304 7203
f 7214 7204 7168
f 7203 7186 7202
f 7190 7204 7202
f 7205 7203 7304
f 7204 7190 7162
f 7269 7206 7200
f 7270 7203 7205
f 7269 7205 7206
f 7205 7269 7270
f 7190 7199 7207
f 7172 7208 7235
f 7201 7235 7228
f 7201 7175 7235
f 7172 7235 7176
f 7235 7175 7176
f 7208 7172 7178
f 7275 7208 7274
f 7275 7209 7208
f 7274 7208 7178
f 7175 7210 7174
f 7174 7210 7177
f 7177 7210 7169
f 7169 7297 7213
f 7210 7297 7169
f 7275 7211 7209
f 7212 7295 7157
f 7275 7297 7211
f 7275 7213 7297
f 7175 7201 7210
f 7212 7211 7297
f 7214 7168 7279
f 7204 7167 7168
f 7162 7207 7166
f 7167 7204 7162
f 7166 7231 7165
f 7214 7279 7306
f 7306 7280 7215
f 7280 7306 7279
f 7230 7164 7165
f 7231 7230 7165
f 7164 7230 7283
f 7280 7216 7215
f 7280 7283 7217
f 7283 7230 7217
f 7166 7207 7231
f 7162 7190 7207
f 7219 7218 7156
f 7219 7156 7157
f 7154 7218 7197
f 7149 7154 7197
f 7156 7218 7154
f 7221 7212 7157
f 7211 7287 7222
f 7221 7211 7212
f 7287 7288 7222
f 7295 7219 7157
f 7153 7155 7197
f 7149 7197 7155
f 7197 7218 7220
f 7197 7225 7153
f 7222 7288 7223
f 7225 7224 7153
f 7225 7232 7288
f 7232 7223 7288
f 7225 7288 7224
f 7211 7222 7209
f 7198 7226 7199
f 7207 7199 7226
f 7226 7161 7207
f 7231 7207 7161
f 7225 7217 7229
f 7233 7222 7223
f 7232 7225 7229
f 7233 7234 7209
f 7209 7222 7233
f 7208 7209 7234
f 7234 7236 7208
f 7235 7227 7228
f 7184 7185 7228
f 7198 7228 7185
f 7183 7184 7228
f 7182 7181 7226
f 7182 7198 7185
f 7182 7226 7198
f 7239 7228 7227
f 7183 7228 7237
f 7228 7238 7237
f 7228 7239 7238
f 7273 7239 7227
f 7160 7181 7180
f 7240 7180 7179
f 7203 7240 7179
f 7240 7203 7243
f 7240 7241 7180
f 7242 7244 7273
f 7203 7244 7243
f 7242 7243 7244
f 7171 7273 7227
f 7181 7160 7226
f 7242 7273 7171
f 7172 7173 7235
f 7208 7172 7235
f 7235 7175 7171
f 7235 7173 7175
f 7235 7171 7227
f 7172 7208 7245
f 7245 7208 7246
f 7208 7236 7248
f 7247 7208 7248
f 7234 7248 7236
f 7246 7208 7247
f 7250 7170 7169
f 7170 7249 7171
f 7250 7169 7278
f 7249 7170 7250
f 7253 7252 7254
f 7234 7254 7248
f 7250 7278 7320
f 7255 7320 7278
f 7320 7252 7251
f 7255 7252 7320
f 7253 7251 7252
f 7171 7249 7242
f 7256 7254 7234
f 7241 7323 7163
f 7258 7163 7323
f 7180 7162 7160
f 7241 7163 7162
f 7162 7180 7241
f 7257 7258 7323
f 7261 7259 7260
f 7259 7258 7257
f 7259 7261 7258
f 7231 7161 7159
f 7158 7230 7159
f 7231 7159 7230
f 7285 7230 7158
f 7229 7263 7262
f 7229 7262 7261
f 7230 7285 7217
f 7285 7263 7217
f 7217 7263 7229
f 7154 7261 7260
f 7161 7226 7160
f 7229 7261 7154
f 7326 7265 7151
f 7152 7264 7326
f 7264 7152 7154
f 7326 7151 7152
f 7264 7154 7260
f 7265 7266 7151
f 7254 7256 7253
f 7265 7253 7266
f 7251 7253 7265
f 7229 7150 7148
f 7150 7229 7149
f 7292 7229 7148
f 7232 7229 7292
f 7291 7232 7292
f 7229 7154 7149
f 7223 7268 7233
f 7268 7267 7233
f 7256 7233 7267
f 7223 7232 7268
f 7232 7291 7268
f 7234 7233 7256
f 7269 7272 7270
f 7271 7269 7200
f 7200 7183 7237
f 7189 7183 7200
f 7238 7200 7237
f 7200 7238 7239
f 7200 7239 7271
f 7272 7269 7271
f 7270 7272 7273
f 7270 7244 7203
f 7239 7273 7271
f 7244 7270 7273
f 7272 7271 7273
f 7274 7178 7172
f 7275 7277 7213
f 7247 7275 7274
f 7274 7172 7246
f 7274 7246 7247
f 7275 7247 7248
f 7248 7276 7275
f 7252 7213 7277
f 7276 7277 7275
f 7213 7252 7278
f 7245 7246 7172
f 7252 7277 7276
f 7254 7276 7248
f 7252 7276 7254
f 7252 7255 7278
f 7283 7282 7164
f 7261 7280 7279
f 7168 7258 7279
f 7279 7258 7284
f 7279 7284 7261
f 7285 7164 7282
f 7285 7282 7283
f 7281 7280 7261
f 7283 7280 7263
f 7283 7263 7285
f 7261 7284 7258
f 7262 7280 7281
f 7262 7263 7280
f 7281 7261 7262
f 7286 7221 7157
f 7221 7287 7211
f 7288 7287 7289
f 7289 7287 7221
f 7151 7221 7286
f 7221 7151 7289
f 7157 7151 7286
f 7289 7267 7288
f 7290 7268 7288
f 7292 7153 7224
f 7268 7224 7288
f 7268 7291 7224
f 7224 7291 7292
f 7266 7289 7151
f 7253 7289 7266
f 7256 7289 7253
f 7256 7267 7289
f 7267 7290 7288
f 7268 7290 7267
f 7197 7293 7192
f 7225 7197 7196
f 7220 7293 7197
f 7192 7293 7220
f 7218 7192 7220
f 7218 7294 7192
f 7218 7219 7295
f 7212 7297 7296
f 7296 7295 7212
f 7210 7298 7297
f 7210 7201 7300
f 7201 7206 7299
f 7206 7301 7299
f 7206 7302 7301
f 7303 7206 7205
f 7302 7206 7303
f 7205 7304 7303
f 7305 7304 7202
f 7202 7204 7305
f 7214 7305 7204
f 7215 7307 7306
f 7195 7313 7217
f 7314 7195 7217
f 7280 7217 7313
f 7313 7216 7280
f 7215 7216 7307
f 7196 7314 7217
f 7217 7225 7196
f 7315 7309 7307
f 7307 7308 7315
f 7309 7310 7311
f 7312 7311 7310
f 7193 7312 7310
f 7302 7303 7311
f 7301 7302 7299
f 7311 7299 7302
f 7299 7210 7201
f 7210 7300 7201
f 7312 7210 7299
f 7296 7297 7298
f 7210 7312 7298
f 7303 7304 7305
f 7214 7303 7305
f 7214 7306 7311
f 7306 7307 7317
f 7317 7311 7306
f 7311 7303 7214
f 7299 7311 7312
f 7296 7298 7295
f 7312 7318 7218
f 7192 7294 7318
f 7218 7318 7294
f 7295 7298 7218
f 7218 7298 7312
f 7194 7310 7314
f 7316 7309 7315
f 7313 7309 7316
f 7309 7313 7314
f 7314 7310 7309
f 7193 7310 7192
f 7194 7192 7310
f 7317 7307 7309
f 7317 7309 7311
f 7193 7318 7312
f 7192 7318 7193
f 7191 7194 7197
f 7191 7197 7192
f 7316 7315 7313
f 7308 7313 7315
f 7313 7308 7216
f 7307 7216 7308
f 7250 7319 7249
f 7321 7242 7249
f 7249 7319 7321
f 7241 7240 7322
f 7322 7323 7241
f 7324 7264 7260
f 7260 7259 7324
f 7264 7324 7326
f 7325 7320 7251
f 7251 7265 7325
f 7242 7321 7322
f 7243 7242 7322
f 7322 7240 7243
f 7321 7319 7324
f 7320 7319 7250
f 7324 7319 7320
f 7259 7322 7321
f 7259 7257 7323
f 7259 7321 7324
f 7265 7326 7325
f 7324 7325 7326
f 7325 7324 7320
f 7323 7322 7259
f 7331 7339 7338
f 7329 7698 7327
f 7698 7328 7332
f 7332 7327 7698
f 7333 7698 7329
f 7698 7333 7342
f 7328 7698 7343
f 7698 7344 7343
f 7331 7334 7335
f 7337 7331 7336
f 7335 7341 7331
f 7698 7331 7344
f 7344 7331 7330
f 7331 7341 7340
f 7330 7331 7340
f 7337 7334 7331
f 7331 7338 7336
f 7346 7357 7360
f 7346 7352 7348
f 7348 7347 7346
f 7349 7346 7351
f 7349 7352 7346
f 7331 7362 7339
f 7346 7345 7362
f 7347 7345 7346
f 7356 7357 7353
f 7351 7346 7350
f 7354 7357 7359
f 7355 7357 7358
f 7358 7357 7354
f 7346 7360 7350
f 7359 7357 7361
f 7356 7360 7357
f 7355 7353 7357
f 7362 7331 7346
f 7365 7364 7366
f 7365 7368 7367
f 7378 7369 7367
f 7370 7367 7369
f 7369 7371 7370
f 7372 7374 7373
f 7372 7370 7371
f 7375 7365 7366
f 7365 7377 7368
f 7375 7377 7365
f 7376 7367 7368
f 7367 7376 7378
f 7376 7379 7378
f 7370 7372 7373
f 7373 7384 7381
f 7381 7382 7383
f 7373 7385 7380
f 7384 7373 7380
f 7373 7381 7383
f 7382 7386 7383
f 7387 7363 7388
f 7388 7392 7387
f 7388 7383 7389
f 7385 7373 7390
f 7386 7389 7383
f 7386 7382 7391
f 7388 7389 7393
f 7393 7392 7388
f 7374 7390 7373
f 7382 7394 7395
f 7382 7397 7394
f 7397 7381 7384
f 7384 7380 7396
f 7396 7380 7385
f 7396 7397 7384
f 7381 7397 7382
f 7399 7400 7398
f 7363 7398 7400
f 7443 7405 7404
f 7444 7405 7443
f 7403 7407 7402
f 7407 7403 7406
f 7406 7403 7444
f 7403 7405 7444
f 7603 7408 7409
f 7409 7408 7410
f 7408 7413 7410
f 7414 7415 7411
f 7414 7411 7413
f 7411 7415 7416
f 7417 7413 7411
f 7412 7413 7408
f 7366 7419 7418
f 7364 7419 7366
f 7374 7421 7422
f 7661 7374 7422
f 7661 7390 7374
f 7423 7385 7390
f 7390 7661 7423
f 7385 7423 7396
f 7425 7424 7426
f 7428 7427 7425
f 7427 7424 7425
f 7425 7426 7431
f 7426 7433 7431
f 7426 7473 7433
f 7433 7430 7432
f 7473 7426 7474
f 7428 7429 7435
f 7429 7428 7425
f 7612 7429 7425
f 7425 7431 7438
f 7435 7429 7612
f 7437 7436 7398
f 7436 7435 7612
f 7425 7438 7613
f 7612 7425 7613
f 7433 7439 7431
f 7433 7432 7441
f 7439 7433 7441
f 7446 7441 7432
f 7439 7440 7438
f 7441 7443 7442
f 7440 7439 7442
f 7441 7442 7439
f 7438 7431 7439
f 7446 7432 7430
f 7434 7446 7430
f 7450 7434 7466
f 7434 7450 7445
f 7434 7445 7448
f 7434 7448 7446
f 7450 7449 7452
f 7452 7445 7450
f 7445 7452 7457
f 7452 7449 7458
f 7459 7458 7647
f 7647 7458 7449
f 7447 7448 7445
f 7453 7441 7446
f 7446 7454 7453
f 7446 7448 7454
f 7441 7453 7444
f 7447 7454 7448
f 7453 7454 7444
f 7455 7454 7456
f 7455 7413 7454
f 7447 7457 7454
f 7444 7443 7441
f 7457 7456 7454
f 7457 7458 7461
f 7655 7458 7459
f 7461 7456 7457
f 7457 7452 7458
f 7655 7462 7458
f 7455 7461 7460
f 7455 7456 7461
f 7462 7461 7458
f 7447 7445 7457
f 7449 7450 7463
f 7463 7450 7466
f 7449 7463 7451
f 7434 7464 7466
f 7465 7464 7434
f 7434 7467 7465
f 7434 7468 7467
f 7433 7473 7470
f 7430 7433 7471
f 7426 7424 7475
f 7474 7426 7475
f 7469 7430 7471
f 7430 7469 7468
f 7433 7470 7471
f 7476 7475 7424
f 7472 7473 7474
f 7468 7434 7430
f 7478 7486 7479
f 7481 7478 7484
f 7484 7478 7479
f 7479 7486 7488
f 7484 7479 7490
f 7486 7493 7487
f 7487 7488 7486
f 7492 7484 7490
f 7488 7491 7479
f 7491 7489 7479
f 7479 7489 7490
f 7492 7494 7484
f 7494 7481 7484
f 7614 7495 7496
f 7483 7481 7497
f 7498 7497 7481
f 7482 7483 7506
f 7506 7483 7497
f 7500 7501 7497
f 7499 7497 7498
f 7500 7497 7499
f 7502 7503 7497
f 7504 7497 7503
f 7506 7497 7504
f 7501 7502 7497
f 7494 7498 7481
f 7506 7505 7485
f 7505 7507 7633
f 7511 7507 7505
f 7510 7508 7507
f 7513 7511 7506
f 7511 7505 7506
f 7515 7506 7512
f 7514 7511 7513
f 7519 7511 7514
f 7515 7513 7506
f 7518 7516 7511
f 7511 7519 7518
f 7516 7517 7511
f 7511 7517 7520
f 7521 7507 7520
f 7511 7520 7507
f 7504 7512 7506
f 7509 7510 7507
f 7523 7509 7507
f 7522 7523 7507
f 7509 7523 7524
f 7525 7509 7524
f 7527 7614 7509
f 7509 7526 7527
f 7614 7527 7495
f 7525 7526 7509
f 7521 7522 7507
f 7342 7333 7496
f 7329 7327 7528
f 7333 7329 7529
f 7332 7328 7530
f 7343 7344 7531
f 7328 7343 7532
f 7327 7332 7533
f 7330 7340 7534
f 7341 7335 7535
f 7340 7341 7536
f 7334 7337 7537
f 7336 7338 7538
f 7337 7336 7539
f 7335 7334 7540
f 7344 7330 7541
f 7496 7333 7529
f 7528 7327 7533
f 7329 7528 7529
f 7530 7328 7532
f 7531 7344 7541
f 7343 7531 7532
f 7332 7530 7533
f 7534 7340 7536
f 7335 7540 7535
f 7535 7536 7341
f 7541 7330 7534
f 7540 7334 7537
f 7539 7336 7538
f 7538 7338 7542
f 7337 7539 7537
f 7339 7543 7542
f 7542 7338 7339
f 7362 7345 7544
f 7347 7348 7545
f 7345 7347 7546
f 7352 7349 7547
f 7351 7350 7548
f 7349 7351 7549
f 7348 7352 7550
f 7360 7356 7551
f 7353 7355 7552
f 7356 7353 7553
f 7358 7354 7554
f 7359 7361 7493
f 7354 7359 7555
f 7355 7358 7556
f 7350 7360 7557
f 7544 7543 7362
f 7545 7546 7347
f 7544 7345 7546
f 7547 7550 7352
f 7548 7549 7351
f 7547 7349 7549
f 7545 7348 7550
f 7551 7557 7360
f 7552 7553 7353
f 7551 7356 7553
f 7554 7556 7358
f 7558 7555 7359
f 7493 7558 7359
f 7554 7354 7555
f 7552 7355 7556
f 7548 7350 7557
f 7362 7543 7339
f 7559 7560 7488
f 7361 7559 7487
f 7561 7562 7489
f 7563 7564 7492
f 7562 7563 7490
f 7560 7561 7491
f 7565 7566 7498
f 7567 7568 7500
f 7566 7567 7499
f 7569 7570 7502
f 7571 7572 7504
f 7570 7571 7503
f 7568 7569 7501
f 7564 7565 7494
f 7488 7487 7559
f 7493 7361 7487
f 7489 7491 7561
f 7492 7490 7563
f 7489 7562 7490
f 7488 7560 7491
f 7498 7494 7565
f 7500 7499 7567
f 7498 7566 7499
f 7502 7501 7569
f 7504 7503 7571
f 7512 7504 7572
f 7502 7570 7503
f 7500 7568 7501
f 7492 7564 7494
f 7572 7573 7512
f 7342 7496 7495
f 7573 7574 7515
f 7575 7576 7514
f 7574 7575 7513
f 7577 7697 7518
f 7578 7579 7516
f 7697 7578 7518
f 7576 7577 7519
f 7580 7581 7520
f 7582 7583 7522
f 7581 7582 7521
f 7584 7585 7524
f 7586 7587 7526
f 7585 7586 7525
f 7583 7584 7523
f 7579 7580 7517
f 7515 7574 7513
f 7514 7576 7519
f 7575 7514 7513
f 7518 7578 7516
f 7517 7580 7520
f 7579 7517 7516
f 7577 7518 7519
f 7521 7582 7522
f 7584 7524 7523
f 7523 7522 7583
f 7520 7581 7521
f 7524 7585 7525
f 7526 7587 7527
f 7495 7527 7588
f 7586 7526 7525
f 7588 7342 7495
f 7588 7527 7587
f 7573 7515 7512
f 7591 7590 7592
f 7593 7419 7462
f 7593 7418 7419
f 7418 7593 7589
f 7590 7421 7420
f 7421 7590 7422
f 7590 7661 7422
f 7594 7595 7590
f 7590 7596 7597
f 7590 7597 7594
f 7590 7420 7596
f 7595 7592 7590
f 7600 7461 7598
f 7598 7461 7462
f 7601 7602 7462
f 7599 7462 7602
f 7598 7462 7599
f 7600 7460 7461
f 7460 7604 7455
f 7603 7455 7604
f 7419 7601 7462
f 7413 7455 7410
f 7409 7410 7455
f 7409 7455 7603
f 7411 7413 7417
f 7413 7411 7454
f 7454 7402 7407
f 7454 7411 7402
f 7444 7454 7406
f 7406 7454 7407
f 7423 7661 7605
f 7605 7397 7396
f 7605 7396 7423
f 7397 7395 7394
f 7395 7397 7607
f 7606 7608 7607
f 7401 7440 7404
f 7442 7443 7404
f 7404 7440 7442
f 7398 7436 7612
f 7611 7438 7440
f 7611 7613 7438
f 7614 7615 7475
f 7619 7616 7615
f 7616 7475 7615
f 7617 7619 7618
f 7618 7619 7620
f 7614 7480 7509
f 7533 7615 7614
f 7541 7619 7615
f 7614 7529 7528
f 7528 7533 7614
f 7614 7496 7529
f 7615 7533 7530
f 7541 7615 7531
f 7530 7532 7615
f 7532 7531 7615
f 7541 7534 7619
f 7535 7620 7619
f 7536 7535 7619
f 7620 7535 7540
f 7540 7537 7620
f 7618 7620 7624
f 7542 7624 7620
f 7539 7538 7620
f 7542 7620 7538
f 7543 7624 7542
f 7620 7537 7539
f 7534 7536 7619
f 7624 7623 7618
f 7477 7628 7486
f 7628 7451 7627
f 7545 7623 7624
f 7550 7621 7623
f 7626 7622 7629
f 7547 7622 7621
f 7546 7624 7544
f 7624 7543 7544
f 7624 7546 7545
f 7550 7623 7545
f 7548 7557 7622
f 7622 7549 7548
f 7551 7629 7557
f 7549 7622 7547
f 7551 7553 7629
f 7621 7550 7547
f 7622 7557 7629
f 7627 7625 7629
f 7486 7628 7627
f 7555 7629 7554
f 7629 7556 7554
f 7552 7629 7553
f 7556 7629 7552
f 7486 7627 7558
f 7486 7558 7493
f 7629 7555 7558
f 7558 7627 7629
f 7630 7510 7631
f 7507 7642 7643
f 7630 7642 7510
f 7632 7509 7476
f 7632 7631 7510
f 7510 7509 7632
f 7633 7635 7505
f 7510 7642 7508
f 7508 7642 7507
f 7633 7507 7634
f 7634 7507 7643
f 7480 7476 7509
f 7614 7476 7480
f 7614 7475 7476
f 7472 7474 7616
f 7619 7473 7472
f 7619 7472 7616
f 7619 7617 7470
f 7619 7470 7473
f 7471 7470 7617
f 7468 7469 7618
f 7618 7469 7471
f 7471 7617 7618
f 7616 7474 7475
f 7506 7485 7635
f 7635 7636 7506
f 7635 7485 7505
f 7636 7482 7506
f 7483 7636 7637
f 7482 7636 7483
f 7638 7478 7481
f 7481 7483 7637
f 7481 7639 7638
f 7639 7481 7637
f 7478 7638 7640
f 7478 7640 7486
f 7640 7477 7486
f 7621 7464 7623
f 7466 7622 7626
f 7466 7621 7622
f 7467 7468 7618
f 7623 7467 7618
f 7465 7623 7464
f 7623 7465 7467
f 7621 7466 7464
f 7626 7629 7466
f 7625 7627 7463
f 7628 7640 7451
f 7640 7628 7477
f 7451 7463 7627
f 7463 7629 7625
f 7629 7463 7466
f 7424 7641 7632
f 7643 7644 7633
f 7476 7424 7632
f 7631 7641 7630
f 7632 7641 7631
f 7633 7634 7643
f 7630 7641 7642
f 7636 7639 7637
f 7635 7644 7636
f 7645 7451 7640
f 7645 7640 7638
f 7644 7635 7633
f 7424 7427 7646
f 7449 7645 7647
f 7449 7451 7645
f 7638 7639 7645
f 7654 7647 7645
f 7654 7649 7657
f 7647 7654 7657
f 7645 7658 7654
f 7428 7646 7427
f 7636 7650 7639
f 7644 7651 7636
f 7650 7636 7652
f 7645 7650 7658
f 7652 7636 7651
f 7652 7653 7650
f 7644 7665 7651
f 7650 7645 7639
f 7459 7647 7657
f 7655 7459 7657
f 7593 7462 7656
f 7593 7656 7655
f 7656 7462 7655
f 7436 7437 7675
f 7655 7657 7589
f 7657 7591 7589
f 7589 7593 7655
f 7674 7435 7436
f 7649 7654 7658
f 7658 7653 7659
f 7657 7649 7658
f 7653 7652 7660
f 7653 7658 7650
f 7658 7659 7590
f 7657 7590 7591
f 7657 7658 7590
f 7590 7659 7660
f 7660 7661 7662
f 7660 7662 7590
f 7590 7662 7661
f 7659 7653 7660
f 7428 7435 7648
f 7665 7644 7663
f 7644 7664 7663
f 7665 7652 7651
f 7644 7643 7664
f 7671 7665 7664
f 7664 7668 7666
f 7665 7663 7664
f 7665 7667 7652
f 7642 7641 7668
f 7668 7664 7643
f 7642 7668 7643
f 7669 7668 7641
f 7669 7641 7646
f 7669 7666 7668
f 7669 7646 7648
f 7674 7669 7648
f 7648 7646 7428
f 7671 7664 7666
f 7652 7667 7660
f 7665 7671 7667
f 7667 7661 7660
f 7671 7666 7607
f 7667 7671 7670
f 7667 7670 7605
f 7667 7605 7661
f 7670 7671 7605
f 7671 7607 7397
f 7397 7605 7671
f 7673 7666 7669
f 7666 7673 7606
f 7648 7435 7674
f 7673 7669 7674
f 7606 7672 7666
f 7675 7608 7606
f 7673 7675 7606
f 7672 7606 7607
f 7675 7673 7674
f 7675 7437 7609
f 7675 7609 7610
f 7436 7675 7674
f 7675 7610 7608
f 7672 7607 7666
f 7424 7646 7641
f 7420 7421 7374
f 7596 7374 7372
f 7371 7596 7372
f 7596 7420 7374
f 7371 7594 7597
f 7596 7371 7597
f 7371 7369 7594
f 7594 7369 7378
f 7594 7378 7595
f 7595 7378 7592
f 7418 7375 7366
f 7589 7377 7375
f 7589 7375 7418
f 7591 7368 7377
f 7368 7591 7376
f 7379 7591 7378
f 7591 7379 7376
f 7591 7377 7589
f 7378 7591 7592
f 7601 7364 7676
f 7419 7364 7601
f 7599 7602 7676
f 7676 7602 7601
f 7603 7677 7408
f 7460 7679 7678
f 7460 7678 7677
f 7604 7677 7603
f 7604 7460 7677
f 7679 7599 7676
f 7600 7679 7460
f 7679 7598 7599
f 7598 7679 7600
f 7411 7416 7403
f 7403 7402 7411
f 7401 7404 7405
f 7401 7680 7681
f 7680 7401 7405
f 7682 7401 7681
f 7401 7682 7440
f 7682 7683 7440
f 7440 7683 7684
f 7685 7440 7684
f 7685 7611 7440
f 7398 7686 7399
f 7686 7398 7612
f 7613 7688 7686
f 7688 7613 7687
f 7611 7689 7687
f 7689 7611 7685
f 7613 7686 7612
f 7611 7687 7613
f 7437 7363 7387
f 7437 7387 7392
f 7437 7398 7363
f 7437 7392 7609
f 7609 7392 7610
f 7607 7391 7382
f 7608 7393 7389
f 7608 7389 7386
f 7607 7386 7391
f 7607 7382 7395
f 7607 7608 7386
f 7393 7608 7392
f 7610 7392 7608
f 7400 7388 7363
f 7399 7690 7400
f 7388 7400 7690
f 7686 7690 7399
f 7688 7691 7690
f 7684 7683 7691
f 7692 7691 7683
f 7683 7682 7692
f 7692 7682 7681
f 7693 7681 7680
f 7680 7405 7693
f 7685 7684 7691
f 7688 7687 7691
f 7690 7686 7688
f 7687 7689 7685
f 7691 7687 7685
f 7692 7681 7693
f 7694 7693 7415
f 7694 7413 7412
f 7412 7408 7695
f 7693 7416 7415
f 7694 7414 7413
f 7414 7694 7415
f 7694 7412 7695
f 7403 7416 7693
f 7364 7365 7676
f 7365 7695 7678
f 7408 7677 7695
f 7678 7695 7677
f 7365 7678 7679
f 7679 7676 7365
f 7405 7403 7693
f 7383 7388 7370
f 7370 7388 7690
f 7691 7692 7695
f 7695 7690 7691
f 7383 7370 7373
f 7367 7370 7695
f 7695 7365 7367
f 7694 7692 7693
f 7694 7695 7692
f 7370 7690 7695
f 7697 7698 7696
f 7331 7698 7357
f 7699 7698 7697
f 7346 7331 7357
f 7564 7698 7699
f 7698 7361 7357
f 7698 7559 7361
f 7559 7698 7560
f 7561 7560 7698
f 7561 7698 7562
f 7563 7562 7698
f 7698 7564 7563
f 7564 7699 7565
f 7565 7699 7566
f 7566 7699 7567
f 7568 7699 7569
f 7570 7699 7571
f 7568 7567 7699
f 7569 7699 7570
f 7699 7572 7571
f 7699 7573 7572
f 7698 7342 7696
f 7697 7696 7579
f 7573 7697 7574
f 7574 7697 7575
f 7576 7697 7577
f 7575 7697 7576
f 7578 7697 7579
f 7580 7696 7581
f 7696 7584 7583
f 7696 7580 7579
f 7582 7696 7583
f 7585 7696 7586
f 7586 7696 7587
f 7696 7585 7584
f 7581 7696 7582
f 7588 7587 7696
f 7696 7342 7588
f 7697 7573 7699
f 7704 7712 7711
f 7702 8071 7700
f 8071 7701 7705
f 7705 7700 8071
f 7706 8071 7702
f 8071 7706 7715
f 7701 8071 7716
f 8071 7717 7716
f 7704 7707 7708
f 7710 7704 7709
f 7708 7714 7704
f 8071 7704 7717
f 7717 7704 7703
f 7704 7714 7713
f 7703 7704 7713
f 7710 7707 7704
f 7704 7711 7709
f 7719 7730 7733
f 7719 7725 7721
f 7721 7720 7719
f 7722 7719 7724
f 7722 7725 7719
f 7704 7735 7712
f 7719 7718 7735
f 7720 7718 7719
f 7729 7730 7726
f 7724 7719 7723
f 7727 7730 7732
f 7728 7730 7731
f 7731 7730 7727
f 7719 7733 7723
f 7732 7730 7734
f 7729 7733 7730
f 7728 7726 7730
f 7735 7704 7719
f 7738 7737 7739
f 7738 7741 7740
f 7751 7742 7740
f 7743 7740 7742
f 7742 7744 7743
f 7745 7747 7746
f 7745 7743 7744
f 7748 7738 7739
f 7738 7750 7741
f 7748 7750 7738
f 7749 7740 7741
f 7740 7749 7751
f 7749 7752 7751
f 7743 7745 7746
f 7746 7757 7754
f 7754 7755 7756
f 7746 7758 7753
f 7757 7746 7753
f 7746 7754 7756
f 7755 7759 7756
f 7760 7736 7761
f 7761 7765 7760
f 7761 7756 7762
f 7758 7746 7763
f 7759 7762 7756
f 7759 7755 7764
f 7761 7762 7766
f 7766 7765 7761
f 7747 7763 7746
f 7755 7767 7768
f 7755 7770 7767
f 7770 7754 7757
f 7757 7753 7769
f 7769 7753 7758
f 7769 7770 7757
f 7754 7770 7755
f 7772 7773 7771
f 7736 7771 7773
f 7816 7778 7777
f 7817 7778 7816
f 7776 7780 7775
f 7780 7776 7779
f 7779 7776 7817
f 7776 7778 7817
f 7976 7781 7782
f 7782 7781 7783
f 7781 7786 7783
f 7787 7788 7784
f 7787 7784 7786
f 7784 7788 7789
f 7790 7786 7784
f 7785 7786 7781
f 7739 7792 7791
f 7737 7792 7739
f 7747 7794 7795
f 8034 7747 7795
f 8034 7763 7747
f 7796 7758 7763
f 7763 8034 7796
f 7758 7796 7769
f 7798 7797 7799
f 7801 7800 7798
f 7800 7797 7798
f 7798 7799 7804
f 7799 7806 7804
f 7799 7846 7806
f 7806 7803 7805
f 7846 7799 7847
f 7801 7802 7808
f 7802 7801 7798
f 7985 7802 7798
f 7798 7804 7811
f 7808 7802 7985
f 7810 7809 7771
f 7809 7808 7985
f 7798 7811 7986
f 7985 7798 7986
f 7806 7812 7804
f 7806 7805 7814
f 7812 7806 7814
f 7819 7814 7805
f 7812 7813 7811
f 7814 7816 7815
f 7813 7812 7815
f 7814 7815 7812
f 7811 7804 7812
f 7819 7805 7803
f 7807 7819 7803
f 7823 7807 7839
f 7807 7823 7818
f 7807 7818 7821
f 7807 7821 7819
f 7823 7822 7825
f 7825 7818 7823
f 7818 7825 7830
f 7825 7822 7831
f 7832 7831 8020
f 8020 7831 7822
f 7820 7821 7818
f 7826 7814 7819
f 7819 7827 7826
f 7819 7821 7827
f 7814 7826 7817
f 7820 7827 7821
f 7826 7827 7817
f 7828 7827 7829
f 7828 7786 7827
f 7820 7830 7827
f 7817 7816 7814
f 7830 7829 7827
f 7830 7831 7834
f 8028 7831 7832
f 7834 7829 7830
f 7830 7825 7831
f 8028 7835 7831
f 7828 7834 7833
f 7828 7829 7834
f 7835 7834 7831
f 7820 7818 7830
f 7822 7823 7836
f 7836 7823 7839
f 7822 7836 7824
f 7807 7837 7839
f 7838 7837 7807
f 7807 7840 7838
f 7807 7841 7840
f 7806 7846 7843
f 7803 7806 7844
f 7799 7797 7848
f 7847 7799 7848
f 7842 7803 7844
f 7803 7842 7841
f 7806 7843 7844
f 7849 7848 7797
f 7845 7846 7847
f 7841 7807 7803
f 7851 7859 7852
f 7854 7851 7857
f 7857 7851 7852
f 7852 7859 7861
f 7857 7852 7863
f 7859 7866 7860
f 7860 7861 7859
f 7865 7857 7863
f 7861 7864 7852
f 7864 7862 7852
f 7852 7862 7863
f 7865 7867 7857
f 7867 7854 7857
f 7987 7868 7869
f 7856 7854 7870
f 7871 7870 7854
f 7855 7856 7879
f 7879 7856 7870
f 7873 7874 7870
f 7872 7870 7871
f 7873 7870 7872
f 7875 7876 7870
f 7877 7870 7876
f 7879 7870 7877
f 7874 7875 7870
f 7867 7871 7854
f 7879 7878 7858
f 7878 7880 8006
f 7884 7880 7878
f 7883 7881 7880
f 7886 7884 7879
f 7884 7878 7879
f 7888 7879 7885
f 7887 7884 7886
f 7892 7884 7887
f 7888 7886 7879
f 7891 7889 7884
f 7884 7892 7891
f 7889 7890 7884
f 7884 7890 7893
f 7894 7880 7893
f 7884 7893 7880
f 7877 7885 7879
f 7882 7883 7880
f 7896 7882 7880
f 7895 7896 7880
f 7882 7896 7897
f 7898 7882 7897
f 7900 7987 7882
f 7882 7899 7900
f 7987 7900 7868
f 7898 7899 7882
f 7894 7895 7880
f 7715 7706 7869
f 7702 7700 7901
f 7706 7702 7902
f 7705 7701 7903
f 7716 7717 7904
f 7701 7716 7905
f 7700 7705 7906
f 7703 7713 7907
f 7714 7708 7908
f 7713 7714 7909
f 7707 7710 7910
f 7709 7711 7911
f 7710 7709 7912
f 7708 7707 7913
f 7717 7703 7914
f 7869 7706 7902
f 7901 7700 7906
f 7702 7901 7902
f 7903 7701 7905
f 7904 7717 7914
f 7716 7904 7905
f 7705 7903 7906
f 7907 7713 7909
f 7708 7913 7908
f 7908 7909 7714
f 7914 7703 7907
f 7913 7707 7910
f 7912 7709 7911
f 7911 7711 7915
f 7710 7912 7910
f 7712 7916 7915
f 7915 7711 7712
f 7735 7718 7917
f 7720 7721 7918
f 7718 7720 7919
f 7725 7722 7920
f 7724 7723 7921
f 7722 7724 7922
f 7721 7725 7923
f 7733 7729 7924
f 7726 7728 7925
f 7729 7726 7926
f 7731 7727 7927
f 7732 7734 7866
f 7727 7732 7928
f 7728 7731 7929
f 7723 7733 7930
f 7917 7916 7735
f 7918 7919 7720
f 7917 7718 7919
f 7920 7923 7725
f 7921 7922 7724
f 7920 7722 7922
f 7918 7721 7923
f 7924 7930 7733
f 7925 7926 7726
f 7924 7729 7926
f 7927 7929 7731
f 7931 7928 7732
f 7866 7931 7732
f 7927 7727 7928
f 7925 7728 7929
f 7921 7723 7930
f 7735 7916 7712
f 7932 7933 7861
f 7734 7932 7860
f 7934 7935 7862
f 7936 7937 7865
f 7935 7936 7863
f 7933 7934 7864
f 7938 7939 7871
f 7940 7941 7873
f 7939 7940 7872
f 7942 7943 7875
f 7944 7945 7877
f 7943 7944 7876
f 7941 7942 7874
f 7937 7938 7867
f 7861 7860 7932
f 7866 7734 7860
f 7862 7864 7934
f 7865 7863 7936
f 7862 7935 7863
f 7861 7933 7864
f 7871 7867 7938
f 7873 7872 7940
f 7871 7939 7872
f 7875 7874 7942
f 7877 7876 7944
f 7885 7877 7945
f 7875 7943 7876
f 7873 7941 7874
f 7865 7937 7867
f 7945 7946 7885
f 7715 7869 7868
f 7946 7947 7888
f 7948 7949 7887
f 7947 7948 7886
f 7950 8070 7891
f 7951 7952 7889
f 8070 7951 7891
f 7949 7950 7892
f 7953 7954 7893
f 7955 7956 7895
f 7954 7955 7894
f 7957 7958 7897
f 7959 7960 7899
f 7958 7959 7898
f 7956 7957 7896
f 7952 7953 7890
f 7888 7947 7886
f 7887 7949 7892
f 7948 7887 7886
f 7891 7951 7889
f 7890 7953 7893
f 7952 7890 7889
f 7950 7891 7892
f 7894 7955 7895
f 7957 7897 7896
f 7896 7895 7956
f 7893 7954 7894
f 7897 7958 7898
f 7899 7960 7900
f 7868 7900 7961
f 7959 7899 7898
f 7961 7715 7868
f 7961 7900 7960
f 7946 7888 7885
f 7964 7963 7965
f 7966 7792 7835
f 7966 7791 7792
f 7791 7966 7962
f 7963 7794 7793
f 7794 7963 7795
f 7963 8034 7795
f 7967 7968 7963
f 7963 7969 7970
f 7963 7970 7967
f 7963 7793 7969
f 7968 7965 7963
f 7973 7834 7971
f 7971 7834 7835
f 7974 7975 7835
f 7972 7835 7975
f 7971 7835 7972
f 7973 7833 7834
f 7833 7977 7828
f 7976 7828 7977
f 7792 7974 7835
f 7786 7828 7783
f 7782 7783 7828
f 7782 7828 7976
f 7784 7786 7790
f 7786 7784 7827
f 7827 7775 7780
f 7827 7784 7775
f 7817 7827 7779
f 7779 7827 7780
f 7796 8034 7978
f 7978 7770 7769
f 7978 7769 7796
f 7770 7768 7767
f 7768 7770 7980
f 7979 7981 7980
f 7774 7813 7777
f 7815 7816 7777
f 7777 7813 7815
f 7771 7809 7985
f 7984 7811 7813
f 7984 7986 7811
f 7987 7988 7848
f 7992 7989 7988
f 7989 7848 7988
f 7990 7992 7991
f 7991 7992 7993
f 7987 7853 7882
f 7906 7988 7987
f 7914 7992 7988
f 7987 7902 7901
f 7901 7906 7987
f 7987 7869 7902
f 7988 7906 7903
f 7914 7988 7904
f 7903 7905 7988
f 7905 7904 7988
f 7914 7907 7992
f 7908 7993 7992
f 7909 7908 7992
f 7993 7908 7913
f 7913 7910 7993
f 7991 7993 7997
f 7915 7997 7993
f 7912 7911 7993
f 7915 7993 7911
f 7916 7997 7915
f 7993 7910 7912
f 7907 7909 7992
f 7997 7996 7991
f 7850 8001 7859
f 8001 7824 8000
f 7918 7996 7997
f 7923 7994 7996
f 7999 7995 8002
f 7920 7995 7994
f 7919 7997 7917
f 7997 7916 7917
f 7997 7919 7918
f 7923 7996 7918
f 7921 7930 7995
f 7995 7922 7921
f 7924 8002 7930
f 7922 7995 7920
f 7924 7926 8002
f 7994 7923 7920
f 7995 7930 8002
f 8000 7998 8002
f 7859 8001 8000
f 7928 8002 7927
f 8002 7929 7927
f 7925 8002 7926
f 7929 8002 7925
f 7859 8000 7931
f 7859 7931 7866
f 8002 7928 7931
f 7931 8000 8002
f 8003 7883 8004
f 7880 8015 8016
f 8003 8015 7883
f 8005 7882 7849
f 8005 8004 7883
f 7883 7882 8005
f 8006 8008 7878
f 7883 8015 7881
f 7881 8015 7880
f 8006 7880 8007
f 8007 7880 8016
f 7853 7849 7882
f 7987 7849 7853
f 7987 7848 7849
f 7845 7847 7989
f 7992 7846 7845
f 7992 7845 7989
f 7992 7990 7843
f 7992 7843 7846
f 7844 7843 7990
f 7841 7842 7991
f 7991 7842 7844
f 7844 7990 7991
f 7989 7847 7848
f 7879 7858 8008
f 8008 8009 7879
f 8008 7858 7878
f 8009 7855 7879
f 7856 8009 8010
f 7855 8009 7856
f 8011 7851 7854
f 7854 7856 8010
f 7854 8012 8011
f 8012 7854 8010
f 7851 8011 8013
f 7851 8013 7859
f 8013 7850 7859
f 7994 7837 7996
f 7839 7995 7999
f 7839 7994 7995
f 7840 7841 7991
f 7996 7840 7991
f 7838 7996 7837
f 7996 7838 7840
f 7994 7839 7837
f 7999 8002 7839
f 7998 8000 7836
f 8001 8013 7824
f 8013 8001 7850
f 7824 7836 8000
f 7836 8002 7998
f 8002 7836 7839
f 7797 8014 8005
f 8016 8017 8006
f 7849 7797 8005
f 8004 8014 8003
f 8005 8014 8004
f 8006 8007 8016
f 8003 8014 8015
f 8009 8012 8010
f 8008 8017 8009
f 8018 7824 8013
f 8018 8013 8011
f 8017 8008 8006
f 7797 7800 8019
f 7822 8018 8020
f 7822 7824 8018
f 8011 8012 8018
f 8027 8020 8018
f 8027 8022 8030
f 8020 8027 8030
f 8018 8031 8027
f 7801 8019 7800
f 8009 8023 8012
f 8017 8024 8009
f 8023 8009 8025
f 8018 8023 8031
f 8025 8009 8024
f 8025 8026 8023
f 8017 8038 8024
f 8023 8018 8012
f 7832 8020 8030
f 8028 7832 8030
f 7966 7835 8029
f 7966 8029 8028
f 8029 7835 8028
f 7809 7810 8048
f 8028 8030 7962
f 8030 7964 7962
f 7962 7966 8028
f 8047 7808 7809
f 8022 8027 8031
f 8031 8026 8032
f 8030 8022 8031
f 8026 8025 8033
f 8026 8031 8023
f 8031 8032 7963
f 8030 7963 7964
f 8030 8031 7963
f 7963 8032 8033
f 8033 8034 8035
f 8033 8035 7963
f 7963 8035 8034
f 8032 8026 8033
f 7801 7808 8021
f 8038 8017 8036
f 8017 8037 8036
f 8038 8025 8024
f 8017 8016 8037
f 8044 8038 8037
f 8037 8041 8039
f 8038 8036 8037
f 8038 8040 8025
f 8015 8014 8041
f 8041 8037 8016
f 8015 8041 8016
f 8042 8041 8014
f 8042 8014 8019
f 8042 8039 8041
f 8042 8019 8021
f 8047 8042 8021
f 8021 8019 7801
f 8044 8037 8039
f 8025 8040 8033
f 8038 8044 8040
f 8040 8034 8033
f 8044 8039 7980
f 8040 8044 8043
f 8040 8043 7978
f 8040 7978 8034
f 8043 8044 7978
f 8044 7980 7770
f 7770 7978 8044
f 8046 8039 8042
f 8039 8046 7979
f 8021 7808 8047
f 8046 8042 8047
f 7979 8045 8039
f 8048 7981 7979
f 8046 8048 7979
f 8045 7979 7980
f 8048 8046 8047
f 8048 7810 7982
f 8048 7982 7983
f 7809 8048 8047
f 8048 7983 7981
f 8045 7980 8039
f 7797 8019 8014
f 7793 7794 7747
f 7969 7747 7745
f 7744 7969 7745
f 7969 7793 7747
f 7744 7967 7970
f 7969 7744 7970
f 7744 7742 7967
f 7967 7742 7751
f 7967 7751 7968
f 7968 7751 7965
f 7791 7748 7739
f 7962 7750 7748
f 7962 7748 7791
f 7964 7741 7750
f 7741 7964 7749
f 7752 7964 7751
f 7964 7752 7749
f 7964 7750 7962
f 7751 7964 7965
f 7974 7737 8049
f 7792 7737 7974
f 7972 7975 8049
f 8049 7975 7974
f 7976 8050 7781
f 7833 8052 8051
f 7833 8051 8050
f 7977 8050 7976
f 7977 7833 8050
f 8052 7972 8049
f 7973 8052 7833
f 8052 7971 7972
f 7971 8052 7973
f 7784 7789 7776
f 7776 7775 7784
f 7774 7777 7778
f 7774 8053 8054
f 8053 7774 7778
f 8055 7774 8054
f 7774 8055 7813
f 8055 8056 7813
f 7813 8056 8057
f 8058 7813 8057
f 8058 7984 7813
f 7771 8059 7772
f 8059 7771 7985
f 7986 8061 8059
f 8061 7986 8060
f 7984 8062 8060
f 8062 7984 8058
f 7986 8059 7985
f 7984 8060 7986
f 7810 7736 7760
f 7810 7760 7765
f 7810 7771 7736
f 7810 7765 7982
f 7982 7765 7983
f 7980 7764 7755
f 7981 7766 7762
f 7981 7762 7759
f 7980 7759 7764
f 7980 7755 7768
f 7980 7981 7759
f 7766 7981 7765
f 7983 7765 7981
f 7773 7761 7736
f 7772 8063 7773
f 7761 7773 8063
f 8059 8063 7772
f 8061 8064 8063
f 8057 8056 8064
f 8065 8064 8056
f 8056 8055 8065
f 8065 8055 8054
f 8066 8054 8053
f 8053 7778 8066
f 8058 8057 8064
f 8061 8060 8064
f 8063 8059 8061
f 8060 8062 8058
f 8064 8060 8058
f 8065 8054 8066
f 8067 8066 7788
f 8067 7786 7785
f 7785 7781 8068
f 8066 7789 7788
f 8067 7787 7786
f 7787 8067 7788
f 8067 7785 8068
f 7776 7789 8066
f 7737 7738 8049
f 7738 8068 8051
f 7781 8050 8068
f 8051 8068 8050
f 7738 8051 8052
f 8052 8049 7738
f 7778 7776 8066
f 7756 7761 7743
f 7743 7761 8063
f 8064 8065 8068
f 8068 8063 8064
f 7756 7743 7746
f 7740 7743 8068
f 8068 7738 7740
f 8067 8065 8066
f 8067 8068 8065
f 7743 8063 8068
f 8070 8071 8069
f 7704 8071 7730
f 8072 8071 8070
f 7719 7704 7730
f 7937 8071 8072
f 8071 7734 7730
f 8071 7932 7734
f 7932 8071 7933
f 7934 7933 8071
f 7934 8071 7935
f 7936 7935 8071
f 8071 7937 7936
f 7937 8072 7938
f 7938 8072 7939
f 7939 8072 7940
f 7941 8072 7942
f 7943 8072 7944
f 7941 7940 8072
f 7942 8072 7943
f 8072 7945 7944
f 8072 7946 7945
f 8071 7715 8069
f 8070 8069 7952
f 7946 8070 7947
f 7947 8070 7948
f 7949 8070 7950
f 7948 8070 7949
f 7951 8070 7952
f 7953 8069 7954
f 8069 7957 7956
f 8069 7953 7952
f 7955 8069 7956
f 7958 8069 7959
f 7959 8069 7960
f 8069 7958 7957
f 7954 8069 7955
f 7961 7960 8069
f 8069 7715 7961
f 8070 7946 8072
f 8078 8075 8150
f 8077 8076 8146
f 8146 8073 8145
f 8079 8145 8083
f 8074 8080 8083
f 8084 8083 8080
f 8087 8080 8092
f 8087 8092 8081
f 8081 8088 8086
f 8081 8082 8088
f 8080 8087 8085
f 8083 8145 8074
f 8089 8093 8090
f 8091 8093 8089
f 8090 8093 8318
f 8093 8091 8094
f 8103 8095 8097
f 8094 8091 8092
f 8101 8318 8093
f 8094 8101 8093
f 8318 8101 8100
f 8099 8318 8098
f 8098 8318 8100
f 8095 8096 8094
f 8103 8096 8095
f 8103 8097 8102
f 8103 8101 8094
f 8094 8096 8103
f 8104 8106 8102
f 8104 8102 8097
f 8106 8104 8105
f 8110 8111 8106
f 8102 8106 8109
f 8110 8106 8105
f 8102 8109 8265
f 8105 8107 8112
f 8112 8110 8105
f 8107 8113 8112
f 8108 8113 8107
f 8114 8113 8108
f 8115 8114 8108
f 8112 8111 8110
f 8104 8097 8073
f 8118 8116 8117
f 8119 8118 8117
f 8120 8121 8122
f 8122 8119 8120
f 8121 8120 8123
f 8118 8119 8122
f 8125 8124 8126
f 8128 8129 8130
f 8130 8127 8128
f 8129 8128 8131
f 8281 8127 8130
f 8134 8133 8132
f 8132 8137 8136
f 8136 8134 8132
f 8136 8135 8134
f 8137 8138 8139
f 8137 8132 8140
f 8140 8138 8137
f 8127 8142 8141
f 8141 8142 8135
f 8141 8135 8136
f 8142 8143 8135
f 8128 8127 8131
f 8131 8127 8141
f 8144 8142 8127
f 8108 8107 8078
f 8107 8105 8075
f 8105 8104 8076
f 8078 8107 8075
f 8075 8105 8076
f 8104 8146 8076
f 8146 8104 8073
f 8145 8073 8074
f 8073 8097 8074
f 8094 8092 8080
f 8095 8094 8074
f 8097 8095 8074
f 8091 8089 8081
f 8080 8074 8094
f 8081 8092 8091
f 8082 8081 8089
f 8147 8148 8146
f 8149 8075 8077
f 8075 8149 8151
f 8148 8077 8146
f 8076 8077 8075
f 8075 8151 8150
f 8179 8078 8150
f 8324 8152 8156
f 8156 8153 8154
f 8154 8155 8284
f 8086 8159 8242
f 8162 8160 8163
f 8166 8161 8162
f 8165 8179 8150
f 8183 8161 8166
f 8168 8184 8166
f 8250 8248 8166
f 8168 8166 8167
f 8162 8164 8166
f 8172 8169 8168
f 8171 8170 8173
f 8157 8175 8165
f 8153 8170 8171
f 8155 8168 8167
f 8155 8173 8172
f 8173 8169 8172
f 8155 8172 8168
f 8176 8174 8170
f 8155 8171 8173
f 8153 8171 8154
f 8171 8155 8154
f 8170 8153 8176
f 8176 8153 8156
f 8175 8174 8177
f 8178 8175 8177
f 8174 8176 8177
f 8165 8175 8178
f 8152 8178 8177
f 8156 8152 8177
f 8165 8178 8179
f 8178 8152 8179
f 8176 8156 8177
f 8181 8180 8182
f 8242 8186 8182
f 8242 8159 8186
f 8159 8160 8188
f 8160 8162 8183
f 8162 8161 8183
f 8183 8166 8184
f 8184 8168 8185
f 8186 8159 8188
f 8183 8188 8160
f 8181 8182 8191
f 8186 8191 8182
f 8183 8187 8188
f 8183 8184 8187
f 8184 8185 8187
f 8221 8181 8189
f 8181 8191 8190
f 8191 8186 8192
f 8181 8190 8189
f 8188 8187 8193
f 8187 8185 8196
f 8192 8186 8193
f 8193 8187 8194
f 8197 8187 8195
f 8207 8196 8185
f 8195 8187 8196
f 8194 8187 8197
f 8193 8186 8188
f 8189 8198 8199
f 8201 8220 8198
f 8201 8202 8200
f 8200 8202 8210
f 8201 8198 8202
f 8202 8203 8210
f 8210 8204 8218
f 8205 8218 8204
f 8208 8206 8209
f 8207 8206 8208
f 8204 8208 8205
f 8204 8210 8203
f 8197 8195 8196
f 8194 8197 8211
f 8194 8211 8193
f 8212 8192 8213
f 8214 8215 8190
f 8193 8213 8192
f 8189 8190 8215
f 8214 8190 8191
f 8191 8192 8212
f 8214 8191 8212
f 8185 8216 8206
f 8216 8217 8208
f 8185 8206 8207
f 8216 8209 8206
f 8205 8208 8217
f 8209 8216 8208
f 8217 8218 8205
f 8221 8189 8199
f 8218 8219 8210
f 8219 8220 8200
f 8220 8221 8198
f 8210 8219 8200
f 8198 8221 8199
f 8200 8220 8201
f 8223 8216 8170
f 8216 8222 8170
f 8217 8223 8175
f 8175 8224 8217
f 8222 8216 8185
f 8216 8223 8217
f 8218 8217 8224
f 8227 8220 8228
f 8218 8225 8226
f 8220 8230 8229
f 8227 8230 8220
f 8219 8218 8226
f 8220 8219 8228
f 8229 8221 8220
f 8180 8181 8221
f 8225 8218 8224
f 8169 8173 8222
f 8168 8169 8222
f 8170 8174 8223
f 8174 8175 8223
f 8175 8157 8224
f 8168 8222 8185
f 8173 8170 8222
f 8158 8231 8230
f 8224 8157 8225
f 8226 8225 8158
f 8219 8226 8158
f 8227 8228 8158
f 8219 8158 8228
f 8230 8227 8158
f 8221 8229 8231
f 8180 8221 8231
f 8230 8231 8229
f 8225 8157 8158
f 8157 8232 8158
f 8158 8232 8233
f 8165 8232 8157
f 8233 8232 8165
f 8149 8158 8234
f 8234 8158 8233
f 8235 8231 8158
f 8237 8180 8231
f 8149 8235 8158
f 8231 8235 8236
f 8231 8236 8237
f 8151 8233 8165
f 8151 8234 8233
f 8151 8165 8150
f 8234 8151 8149
f 8077 8148 8235
f 8149 8077 8235
f 8148 8147 8235
f 8147 8236 8235
f 8237 8236 8147
f 8237 8147 8243
f 8145 8243 8147
f 8147 8146 8145
f 8237 8243 8180
f 8243 8239 8180
f 8180 8244 8241
f 8180 8238 8244
f 8238 8180 8239
f 8242 8182 8240
f 8240 8182 8241
f 8182 8180 8241
f 8244 8238 8239
f 8239 8243 8079
f 8241 8244 8245
f 8241 8245 8240
f 8246 8240 8245
f 8240 8086 8242
f 8086 8240 8246
f 8155 8167 8247
f 8166 8247 8167
f 8321 8250 8166
f 8160 8249 8163
f 8160 8159 8082
f 8164 8251 8166
f 8166 8248 8247
f 8251 8321 8166
f 8249 8251 8162
f 8162 8163 8249
f 8162 8251 8164
f 8082 8249 8160
f 8081 8086 8246
f 8245 8087 8246
f 8083 8244 8239
f 8080 8245 8244
f 8082 8086 8088
f 8081 8246 8087
f 8080 8085 8245
f 8083 8084 8244
f 8080 8244 8084
f 8079 8083 8239
f 8087 8245 8085
f 8243 8145 8079
f 8086 8082 8159
f 8208 8204 8197
f 8211 8204 8189
f 8197 8196 8207
f 8208 8197 8207
f 8213 8193 8211
f 8204 8211 8197
f 8213 8211 8215
f 8202 8204 8203
f 8202 8198 8189
f 8215 8211 8189
f 8215 8212 8213
f 8212 8215 8214
f 8189 8204 8202
f 8255 8253 8116
f 8118 8254 8255
f 8118 8255 8116
f 8121 8115 8122
f 8122 8115 8254
f 8118 8122 8254
f 8266 8263 8121
f 8252 8258 8257
f 8252 8257 8253
f 8259 8257 8258
f 8258 8252 8256
f 8260 8113 8114
f 8112 8113 8125
f 8114 8115 8261
f 8115 8262 8261
f 8262 8121 8263
f 8260 8125 8113
f 8261 8260 8114
f 8115 8121 8262
f 8112 8125 8111
f 8126 8111 8125
f 8126 8106 8111
f 8106 8126 8109
f 8265 8109 8126
f 8126 8264 8265
f 8133 8269 8313
f 8313 8269 8267
f 8268 8269 8133
f 8133 8316 8270
f 8133 8270 8317
f 8271 8272 8099
f 8129 8278 8271
f 8273 8274 8272
f 8275 8133 8276
f 8099 8272 8274
f 8273 8276 8274
f 8273 8275 8276
f 8317 8276 8133
f 8129 8271 8099
f 8277 8103 8279
f 8279 8102 8265
f 8280 8277 8279
f 8279 8103 8102
f 8281 8130 8098
f 8099 8130 8129
f 8098 8100 8281
f 8101 8277 8281
f 8103 8277 8101
f 8101 8281 8100
f 8098 8130 8099
f 8089 8282 8082
f 8283 8282 8319
f 8247 8319 8284
f 8306 8284 8319
f 8108 8078 8285
f 8288 8287 8286
f 8285 8324 8288
f 8289 8288 8324
f 8300 8108 8285
f 8291 8290 8135
f 8290 8292 8135
f 8124 8292 8290
f 8292 8124 8293
f 8143 8291 8135
f 8293 8124 8294
f 8293 8294 8295
f 8296 8123 8117
f 8299 8296 8117
f 8135 8292 8296
f 8297 8135 8299
f 8296 8299 8135
f 8120 8119 8123
f 8119 8117 8123
f 8117 8298 8299
f 8297 8256 8135
f 8299 8298 8253
f 8139 8271 8137
f 8139 8272 8271
f 8275 8132 8133
f 8138 8273 8272
f 8138 8140 8273
f 8275 8273 8140
f 8132 8275 8140
f 8139 8138 8272
f 8271 8278 8137
f 8137 8278 8136
f 8278 8129 8131
f 8141 8136 8278
f 8278 8131 8141
f 8144 8277 8142
f 8144 8281 8277
f 8281 8144 8127
f 8142 8277 8143
f 8277 8280 8143
f 8143 8280 8279
f 8265 8290 8291
f 8143 8265 8291
f 8265 8143 8279
f 8265 8264 8290
f 8124 8290 8126
f 8126 8290 8264
f 8295 8262 8293
f 8295 8261 8262
f 8294 8260 8261
f 8294 8124 8260
f 8125 8260 8124
f 8295 8294 8261
f 8262 8263 8293
f 8292 8293 8263
f 8263 8266 8292
f 8121 8123 8266
f 8296 8292 8266
f 8266 8123 8296
f 8253 8257 8299
f 8253 8298 8117
f 8116 8253 8117
f 8257 8259 8299
f 8259 8258 8299
f 8297 8299 8258
f 8135 8256 8269
f 8297 8258 8256
f 8135 8268 8134
f 8134 8268 8133
f 8268 8135 8269
f 8300 8285 8301
f 8301 8285 8288
f 8301 8108 8300
f 8288 8286 8303
f 8308 8288 8303
f 8305 8304 8286
f 8309 8305 8286
f 8303 8286 8304
f 8308 8301 8288
f 8301 8302 8255
f 8254 8108 8301
f 8301 8307 8253
f 8308 8307 8301
f 8302 8301 8253
f 8254 8301 8255
f 8115 8108 8254
f 8253 8255 8302
f 8252 8253 8307
f 8308 8252 8307
f 8303 8252 8308
f 8305 8303 8304
f 8305 8252 8303
f 8305 8309 8256
f 8305 8256 8252
f 8319 8310 8306
f 8306 8312 8313
f 8306 8310 8312
f 8309 8286 8306
f 8310 8319 8312
f 8282 8314 8319
f 8314 8312 8319
f 8315 8314 8282
f 8090 8315 8282
f 8282 8089 8090
f 8309 8311 8256
f 8309 8306 8311
f 8311 8306 8269
f 8316 8312 8314
f 8306 8313 8267
f 8267 8269 8306
f 8311 8269 8256
f 8312 8133 8313
f 8133 8312 8316
f 8318 8315 8090
f 8317 8314 8315
f 8314 8317 8270
f 8316 8314 8270
f 8317 8318 8276
f 8318 8317 8315
f 8274 8276 8318
f 8318 8099 8274
f 8321 8283 8319
f 8283 8249 8282
f 8249 8283 8251
f 8082 8282 8249
f 8251 8283 8321
f 8320 8319 8247
f 8320 8250 8321
f 8250 8320 8248
f 8320 8247 8248
f 8320 8321 8319
f 8284 8286 8322
f 8287 8322 8286
f 8284 8306 8286
f 8287 8288 8323
f 8287 8323 8156
f 8322 8287 8154
f 8284 8322 8154
f 8247 8284 8155
f 8154 8287 8156
f 8288 8156 8323
f 8179 8152 8285
f 8156 8289 8324
f 8285 8152 8324
f 8289 8156 8288
f 8078 8179 8285
f 8332 8329 8328
f 8331 8330 8419
f 8419 8325 8326
f 8333 8326 8338
f 8327 8334 8338
f 8339 8338 8334
f 8342 8334 8335
f 8342 8335 8336
f 8336 8343 8341
f 8336 8337 8343
f 8334 8342 8340
f 8338 8326 8327
f 8344 8348 8345
f 8346 8348 8344
f 8345 8348 8682
f 8348 8346 8349
f 8360 8350 8354
f 8349 8346 8347
f 8358 8682 8348
f 8349 8358 8348
f 8682 8358 8357
f 8356 8682 8355
f 8355 8682 8357
f 8350 8352 8349
f 8360 8352 8350
f 8360 8354 8359
f 8360 8358 8349
f 8349 8352 8360
f 8361 8354 8353
f 8364 8361 8362
f 8361 8364 8359
f 8361 8359 8354
f 8364 8363 8366
f 8369 8366 8363
f 8364 8362 8363
f 8364 8365 8359
f 8365 8364 8373
f 8372 8373 8364
f 8359 8365 8371
f 8372 8364 8366
f 8359 8371 8608
f 8366 8369 8374
f 8374 8372 8366
f 8369 8368 8370
f 8368 8367 8370
f 8369 8376 8374
f 8375 8374 8376
f 8370 8376 8369
f 8377 8376 8370
f 8378 8377 8370
f 8374 8373 8372
f 8361 8353 8351
f 8379 8380 8381
f 8379 8382 8380
f 8383 8380 8382
f 8384 8383 8382
f 8385 8386 8387
f 8387 8384 8385
f 8386 8385 8388
f 8383 8384 8387
f 8391 8390 8389
f 8393 8389 8392
f 8391 8389 8393
f 8395 8628 8394
f 8396 8397 8398
f 8398 8395 8396
f 8397 8396 8399
f 8628 8395 8398
f 8615 8400 8402
f 8403 8615 8402
f 8401 8400 8615
f 8403 8404 8410
f 8400 8406 8405
f 8405 8403 8400
f 8405 8404 8403
f 8406 8407 8408
f 8410 8404 8409
f 8402 8400 8403
f 8406 8400 8411
f 8411 8407 8406
f 8394 8413 8412
f 8412 8413 8404
f 8412 8404 8405
f 8413 8414 8404
f 8396 8395 8399
f 8394 8399 8395
f 8399 8394 8412
f 8413 8417 8416
f 8417 8413 8394
f 8404 8414 8415
f 8367 8368 8332
f 8368 8369 8332
f 8369 8363 8329
f 8363 8362 8330
f 8361 8351 8325
f 8362 8361 8325
f 8332 8369 8329
f 8329 8363 8330
f 8362 8419 8330
f 8419 8362 8325
f 8325 8351 8326
f 8326 8351 8327
f 8351 8353 8327
f 8353 8354 8327
f 8349 8347 8334
f 8350 8349 8327
f 8354 8350 8327
f 8347 8346 8335
f 8346 8344 8336
f 8334 8327 8349
f 8334 8347 8335
f 8336 8335 8346
f 8337 8336 8344
f 8420 8421 8419
f 8422 8329 8331
f 8423 8328 8424
f 8329 8422 8424
f 8418 8419 8326
f 8421 8331 8419
f 8330 8331 8329
f 8329 8424 8328
f 8328 8423 8332
f 8471 8332 8423
f 8690 8426 8425
f 8432 8433 8425
f 8690 8425 8433
f 8432 8427 8430
f 8428 8430 8429
f 8686 8429 8431
f 8428 8429 8686
f 8437 8434 8438
f 8439 8438 8434
f 8444 8440 8438
f 8447 8434 8574
f 8444 8438 8446
f 8438 8439 8446
f 8450 8441 8444
f 8444 8441 8440
f 8449 8471 8423
f 8478 8445 8450
f 8450 8451 8443
f 8445 8441 8450
f 8442 8443 8451
f 8451 8450 8582
f 8584 8582 8450
f 8442 8451 8452
f 8444 8448 8450
f 8454 8442 8455
f 8458 8455 8442
f 8457 8459 8462
f 8457 8456 8459
f 8456 8461 8540
f 8465 8463 8469
f 8435 8465 8453
f 8456 8457 8461
f 8427 8461 8457
f 8431 8442 8452
f 8429 8459 8458
f 8459 8455 8458
f 8429 8462 8459
f 8431 8458 8442
f 8429 8458 8431
f 8430 8460 8457
f 8427 8457 8460
f 8466 8464 8461
f 8429 8457 8462
f 8427 8460 8430
f 8457 8429 8430
f 8461 8427 8466
f 8466 8427 8432
f 8463 8464 8468
f 8467 8468 8464
f 8425 8468 8467
f 8469 8463 8468
f 8464 8466 8467
f 8453 8465 8470
f 8470 8465 8469
f 8425 8469 8468
f 8432 8425 8467
f 8469 8425 8470
f 8453 8470 8471
f 8470 8425 8471
f 8453 8471 8449
f 8466 8432 8467
f 8449 8435 8453
f 8472 8474 8476
f 8472 8473 8477
f 8473 8472 8476
f 8475 8484 8474
f 8475 8434 8484
f 8434 8437 8481
f 8437 8438 8481
f 8438 8440 8478
f 8441 8445 8478
f 8440 8441 8478
f 8478 8450 8479
f 8450 8443 8479
f 8443 8442 8480
f 8442 8454 8480
f 8484 8434 8481
f 8478 8481 8438
f 8479 8443 8480
f 8482 8474 8484
f 8476 8474 8483
f 8473 8476 8483
f 8538 8477 8473
f 8482 8483 8474
f 8491 8473 8483
f 8478 8485 8481
f 8478 8479 8487
f 8486 8481 8485
f 8479 8480 8487
f 8487 8485 8478
f 8486 8484 8481
f 8538 8473 8489
f 8473 8491 8490
f 8482 8484 8493
f 8483 8482 8493
f 8491 8483 8494
f 8473 8490 8489
f 8531 8491 8494
f 8492 8483 8493
f 8486 8485 8526
f 8480 8488 8499
f 8487 8480 8498
f 8485 8487 8500
f 8493 8484 8495
f 8526 8485 8496
f 8495 8486 8526
f 8500 8487 8497
f 8499 8498 8480
f 8497 8487 8498
f 8496 8485 8500
f 8495 8484 8486
f 8509 8510 8503
f 8489 8504 8505
f 8504 8503 8501
f 8504 8501 8505
f 8510 8502 8503
f 8506 8507 8511
f 8510 8511 8507
f 8506 8511 8508
f 8511 8523 8508
f 8510 8509 8511
f 8511 8512 8523
f 8516 8513 8515
f 8519 8499 8520
f 8515 8520 8521
f 8523 8513 8516
f 8514 8516 8515
f 8514 8515 8524
f 8518 8517 8520
f 8520 8517 8522
f 8521 8520 8522
f 8499 8518 8520
f 8515 8521 8524
f 8513 8523 8512
f 8500 8525 8527
f 8525 8497 8498
f 8498 8499 8519
f 8496 8500 8527
f 8495 8526 8530
f 8496 8527 8526
f 8500 8497 8525
f 8493 8530 8529
f 8528 8493 8529
f 8494 8528 8531
f 8504 8489 8532
f 8531 8532 8490
f 8495 8530 8493
f 8492 8493 8528
f 8489 8490 8532
f 8531 8490 8491
f 8483 8492 8528
f 8494 8483 8528
f 8488 8533 8518
f 8534 8535 8516
f 8533 8534 8521
f 8488 8518 8499
f 8518 8533 8517
f 8533 8522 8517
f 8524 8521 8534
f 8522 8533 8521
f 8524 8534 8514
f 8534 8516 8514
f 8523 8516 8535
f 8538 8489 8505
f 8535 8536 8508
f 8536 8537 8507
f 8537 8538 8503
f 8508 8523 8535
f 8506 8536 8507
f 8508 8536 8506
f 8510 8537 8502
f 8505 8501 8538
f 8503 8538 8501
f 8502 8537 8503
f 8507 8537 8510
f 8539 8488 8480
f 8540 8533 8456
f 8533 8539 8456
f 8534 8541 8463
f 8463 8542 8534
f 8540 8541 8533
f 8539 8533 8488
f 8533 8541 8534
f 8535 8534 8543
f 8542 8543 8534
f 8546 8537 8547
f 8535 8544 8545
f 8537 8550 8549
f 8549 8551 8538
f 8552 8538 8551
f 8553 8538 8552
f 8546 8548 8537
f 8550 8537 8548
f 8536 8535 8545
f 8537 8536 8547
f 8549 8538 8537
f 8553 8477 8538
f 8544 8535 8543
f 8455 8459 8539
f 8454 8455 8539
f 8461 8464 8541
f 8464 8463 8541
f 8465 8435 8543
f 8463 8465 8542
f 8540 8461 8541
f 8454 8539 8480
f 8459 8456 8539
f 8465 8543 8542
f 8472 8477 8553
f 8436 8554 8545
f 8554 8555 8548
f 8543 8435 8544
f 8545 8544 8436
f 8536 8545 8554
f 8546 8547 8554
f 8536 8554 8547
f 8548 8546 8554
f 8550 8548 8555
f 8552 8551 8555
f 8553 8552 8555
f 8549 8555 8551
f 8550 8555 8549
f 8555 8472 8553
f 8544 8435 8436
f 8435 8556 8436
f 8554 8556 8557
f 8449 8556 8435
f 8554 8436 8556
f 8558 8554 8557
f 8557 8556 8449
f 8565 8554 8559
f 8559 8554 8558
f 8560 8555 8554
f 8564 8472 8555
f 8565 8560 8554
f 8555 8560 8561
f 8555 8561 8562
f 8555 8562 8563
f 8555 8563 8564
f 8422 8565 8559
f 8424 8557 8449
f 8331 8565 8422
f 8558 8557 8559
f 8424 8559 8557
f 8424 8449 8423
f 8559 8424 8422
f 8331 8566 8560
f 8565 8331 8560
f 8566 8421 8561
f 8421 8567 8561
f 8567 8562 8561
f 8561 8560 8566
f 8564 8563 8420
f 8563 8562 8567
f 8420 8567 8421
f 8564 8420 8575
f 8418 8575 8420
f 8420 8419 8418
f 8420 8563 8567
f 8331 8421 8566
f 8564 8569 8472
f 8569 8570 8472
f 8472 8578 8573
f 8575 8569 8564
f 8472 8568 8578
f 8568 8472 8570
f 8475 8474 8572
f 8434 8475 8574
f 8474 8571 8572
f 8571 8474 8573
f 8574 8475 8572
f 8474 8472 8573
f 8333 8569 8575
f 8576 8578 8568
f 8576 8568 8570
f 8570 8569 8333
f 8573 8578 8579
f 8577 8579 8578
f 8572 8571 8579
f 8573 8579 8571
f 8580 8572 8579
f 8572 8447 8574
f 8447 8572 8580
f 8580 8341 8447
f 8431 8452 8581
f 8451 8581 8452
f 8687 8584 8450
f 8439 8583 8446
f 8439 8434 8337
f 8448 8585 8450
f 8451 8582 8581
f 8585 8687 8450
f 8683 8585 8444
f 8683 8446 8583
f 8444 8446 8683
f 8444 8585 8448
f 8337 8583 8439
f 8418 8326 8333
f 8336 8341 8580
f 8579 8342 8580
f 8579 8577 8340
f 8338 8576 8570
f 8334 8577 8578
f 8338 8578 8576
f 8447 8341 8343
f 8337 8447 8343
f 8336 8580 8342
f 8334 8340 8577
f 8338 8339 8578
f 8334 8578 8339
f 8333 8338 8570
f 8342 8579 8340
f 8575 8418 8333
f 8447 8337 8434
f 8520 8513 8525
f 8520 8515 8513
f 8527 8513 8504
f 8525 8498 8519
f 8520 8525 8519
f 8530 8526 8527
f 8513 8527 8525
f 8530 8527 8532
f 8511 8513 8512
f 8511 8509 8504
f 8509 8503 8504
f 8532 8527 8504
f 8529 8530 8528
f 8532 8528 8530
f 8528 8532 8531
f 8504 8513 8511
f 8587 8594 8586
f 8590 8381 8380
f 8590 8588 8381
f 8383 8589 8590
f 8383 8590 8380
f 8386 8378 8387
f 8387 8378 8589
f 8383 8387 8589
f 8591 8592 8386
f 8587 8595 8594
f 8586 8594 8588
f 8594 8597 8598
f 8597 8594 8599
f 8599 8594 8595
f 8595 8587 8593
f 8600 8376 8377
f 8375 8376 8390
f 8377 8378 8601
f 8378 8602 8601
f 8602 8386 8592
f 8600 8390 8376
f 8601 8600 8377
f 8378 8386 8602
f 8374 8391 8373
f 8374 8375 8390
f 8393 8373 8391
f 8391 8374 8390
f 8393 8365 8373
f 8365 8393 8371
f 8603 8592 8591
f 8605 8393 8606
f 8393 8605 8604
f 8607 8371 8393
f 8371 8607 8608
f 8393 8604 8607
f 8591 8609 8603
f 8674 8611 8596
f 8615 8613 8596
f 8615 8596 8611
f 8674 8596 8610
f 8612 8613 8615
f 8401 8615 8680
f 8401 8680 8616
f 8401 8616 8681
f 8617 8618 8356
f 8397 8614 8617
f 8619 8620 8618
f 8621 8401 8622
f 8356 8618 8620
f 8619 8622 8620
f 8619 8621 8622
f 8681 8622 8401
f 8397 8617 8356
f 8625 8360 8626
f 8623 8625 8626
f 8626 8359 8608
f 8627 8623 8626
f 8626 8360 8359
f 8628 8398 8355
f 8356 8398 8397
f 8629 8628 8357
f 8397 8624 8614
f 8355 8357 8628
f 8358 8625 8629
f 8360 8625 8358
f 8358 8629 8357
f 8355 8398 8356
f 8344 8630 8337
f 8684 8633 8635
f 8632 8631 8684
f 8685 8684 8635
f 8581 8633 8634
f 8665 8634 8633
f 8367 8332 8636
f 8638 8641 8640
f 8640 8639 8638
f 8640 8641 8642
f 8643 8690 8641
f 8636 8643 8656
f 8642 8641 8690
f 8656 8367 8636
f 8645 8644 8404
f 8644 8646 8404
f 8392 8646 8644
f 8646 8392 8389
f 8646 8389 8647
f 8415 8645 8404
f 8647 8389 8648
f 8647 8648 8649
f 8650 8388 8379
f 8651 8650 8379
f 8404 8646 8650
f 8652 8404 8651
f 8650 8651 8404
f 8385 8384 8388
f 8384 8382 8388
f 8382 8379 8388
f 8379 8653 8651
f 8655 8651 8654
f 8652 8409 8404
f 8651 8653 8654
f 8408 8617 8406
f 8408 8618 8617
f 8621 8400 8401
f 8407 8619 8618
f 8407 8411 8619
f 8621 8619 8411
f 8400 8621 8411
f 8408 8407 8618
f 8617 8614 8406
f 8406 8614 8405
f 8614 8624 8405
f 8624 8397 8399
f 8412 8405 8624
f 8624 8399 8412
f 8416 8625 8413
f 8417 8629 8625
f 8629 8417 8394
f 8628 8629 8394
f 8416 8417 8625
f 8413 8625 8623
f 8413 8623 8414
f 8623 8627 8414
f 8627 8415 8414
f 8415 8627 8626
f 8415 8608 8607
f 8607 8644 8645
f 8415 8607 8645
f 8608 8415 8626
f 8607 8604 8644
f 8604 8605 8644
f 8606 8393 8644
f 8392 8644 8393
f 8606 8644 8605
f 8649 8602 8647
f 8649 8601 8602
f 8648 8600 8601
f 8648 8389 8600
f 8390 8600 8389
f 8649 8648 8601
f 8592 8603 8646
f 8602 8592 8647
f 8646 8647 8592
f 8603 8609 8646
f 8386 8388 8591
f 8650 8646 8591
f 8591 8388 8650
f 8591 8646 8609
f 8588 8594 8655
f 8655 8594 8651
f 8653 8588 8654
f 8588 8653 8379
f 8381 8588 8379
f 8655 8654 8588
f 8594 8598 8651
f 8598 8597 8651
f 8599 8595 8651
f 8597 8599 8651
f 8652 8651 8595
f 8410 8409 8596
f 8593 8596 8409
f 8652 8595 8593
f 8593 8409 8652
f 8596 8613 8410
f 8410 8612 8403
f 8403 8612 8615
f 8612 8410 8613
f 8370 8367 8656
f 8656 8643 8657
f 8658 8643 8641
f 8657 8370 8656
f 8657 8643 8658
f 8657 8658 8659
f 8641 8638 8661
f 8638 8637 8663
f 8660 8641 8661
f 8664 8662 8638
f 8663 8664 8638
f 8669 8663 8637
f 8661 8638 8662
f 8660 8658 8641
f 8657 8659 8590
f 8589 8370 8657
f 8667 8658 8660
f 8658 8666 8588
f 8667 8666 8658
f 8659 8658 8588
f 8589 8657 8590
f 8378 8370 8589
f 8588 8590 8659
f 8586 8588 8666
f 8667 8586 8666
f 8661 8586 8667
f 8662 8664 8663
f 8663 8661 8662
f 8586 8661 8587
f 8663 8587 8661
f 8663 8668 8593
f 8668 8669 8593
f 8663 8593 8587
f 8667 8660 8661
f 8633 8670 8665
f 8633 8684 8670
f 8669 8665 8671
f 8665 8673 8674
f 8665 8670 8673
f 8671 8665 8674
f 8669 8637 8665
f 8670 8684 8673
f 8631 8676 8684
f 8345 8631 8630
f 8675 8673 8684
f 8678 8676 8631
f 8345 8677 8631
f 8678 8631 8677
f 8675 8684 8676
f 8630 8344 8345
f 8669 8672 8593
f 8669 8671 8672
f 8672 8671 8596
f 8679 8680 8673
f 8674 8673 8611
f 8679 8673 8675
f 8671 8674 8610
f 8610 8596 8671
f 8672 8596 8593
f 8673 8615 8611
f 8615 8673 8680
f 8675 8676 8681
f 8680 8679 8675
f 8677 8682 8678
f 8682 8677 8345
f 8681 8676 8678
f 8675 8681 8616
f 8680 8675 8616
f 8681 8682 8622
f 8682 8681 8678
f 8620 8622 8682
f 8682 8356 8620
f 8669 8668 8663
f 8630 8631 8683
f 8630 8683 8583
f 8687 8632 8684
f 8634 8665 8686
f 8632 8683 8631
f 8683 8632 8585
f 8337 8630 8583
f 8585 8632 8687
f 8685 8635 8582
f 8635 8633 8581
f 8685 8584 8687
f 8584 8685 8582
f 8635 8581 8582
f 8685 8687 8684
f 8634 8686 8581
f 8637 8638 8688
f 8686 8637 8688
f 8639 8688 8638
f 8686 8665 8637
f 8639 8640 8689
f 8639 8689 8432
f 8471 8643 8636
f 8688 8639 8430
f 8686 8688 8428
f 8688 8430 8428
f 8581 8686 8431
f 8430 8639 8432
f 8640 8432 8689
f 8690 8643 8426
f 8643 8691 8425
f 8471 8691 8643
f 8642 8433 8432
f 8433 8642 8690
f 8643 8425 8426
f 8425 8691 8471
f 8642 8432 8640
f 8332 8471 8636
f 8702 8692 8693
f 8702 8693 8698
f 8745 8699 8693
f 8694 8701 8700
f 8699 8694 8700
f 8701 8694 8703
f 8801 8703 8695
f 8801 8695 8696
f 8711 8704 8697
f 8705 8696 8704
f 8708 8709 8710
f 8697 8706 8711
f 8712 8711 8706
f 8706 8716 8714
f 8716 8706 8707
f 8716 8707 8708
f 8708 8717 8715
f 8708 8710 8717
f 8706 8714 8713
f 8704 8696 8697
f 8718 8720 8721
f 8718 8724 8719
f 8721 8724 8718
f 8719 8724 9064
f 8721 8722 8724
f 8724 8722 8738
f 8727 8729 8726
f 8740 8727 8732
f 8738 8722 8723
f 8724 8737 8725
f 8726 8738 8723
f 8725 9064 8724
f 8738 8737 8724
f 9064 8725 8736
f 8735 9064 8733
f 8734 9064 8736
f 9064 8734 8733
f 8738 8726 8729
f 8729 8730 8738
f 8740 8730 8727
f 8740 8732 8739
f 8729 8727 8730
f 8741 8737 8738
f 8738 8730 8741
f 8740 8739 8742
f 8740 8741 8730
f 8743 8732 8731
f 8746 8743 8744
f 8743 8746 8739
f 8743 8739 8732
f 8746 8745 8748
f 8751 8748 8745
f 8746 8744 8745
f 8746 8747 8739
f 8747 8746 8755
f 8754 8755 8746
f 8739 8747 8753
f 8754 8746 8748
f 8742 8739 8990
f 8739 8753 8990
f 8748 8751 8756
f 8756 8754 8748
f 8751 8750 8752
f 8750 8749 8752
f 8751 8758 8756
f 8757 8756 8758
f 8752 8758 8751
f 8759 8758 8752
f 8760 8759 8752
f 8756 8755 8754
f 8743 8731 8728
f 8761 8762 8763
f 8761 8764 8762
f 8765 8762 8764
f 8766 8765 8764
f 8767 8768 8769
f 8769 8766 8767
f 8768 8767 8770
f 8765 8766 8769
f 8773 8772 8771
f 8775 8771 8774
f 8773 8771 8775
f 8777 9010 8776
f 8778 8779 8780
f 8780 8777 8778
f 8779 8778 8781
f 9010 8777 8780
f 8997 8782 8784
f 8785 8997 8784
f 8783 8782 8997
f 8785 8786 8792
f 8782 8788 8787
f 8787 8785 8782
f 8787 8786 8785
f 8788 8789 8790
f 8792 8786 8791
f 8784 8782 8785
f 8788 8782 8793
f 8793 8789 8788
f 8776 8795 8794
f 8794 8795 8786
f 8794 8786 8787
f 8795 8796 8786
f 8778 8777 8781
f 8776 8781 8777
f 8781 8776 8794
f 8795 8799 8798
f 8799 8795 8776
f 8786 8796 8797
f 8749 8750 8692
f 8750 8751 8692
f 8751 8745 8693
f 8745 8744 8694
f 8743 8728 8695
f 8744 8743 8695
f 8692 8751 8693
f 8699 8745 8694
f 8744 8703 8694
f 8703 8744 8695
f 8695 8728 8696
f 8696 8728 8697
f 8728 8731 8697
f 8731 8732 8697
f 8726 8723 8706
f 8727 8726 8697
f 8732 8727 8697
f 8723 8722 8707
f 8721 8720 8708
f 8720 8718 8708
f 8722 8721 8708
f 8706 8697 8726
f 8706 8723 8707
f 8708 8707 8722
f 8709 8708 8718
f 8710 8709 8718
f 8802 8803 8703
f 8703 8801 8802
f 8804 8699 8701
f 8805 8698 8806
f 8693 8804 8806
f 8800 8801 8696
f 8803 8701 8703
f 8700 8701 8699
f 8804 8693 8699
f 8693 8806 8698
f 8698 8805 8702
f 8853 8702 8805
f 9072 8808 8807
f 8814 8815 8807
f 9072 8807 8815
f 8814 8809 8812
f 8810 8812 8811
f 9068 8811 8813
f 8810 8811 9068
f 8819 8816 8820
f 8821 8820 8816
f 8826 8822 8820
f 8829 8816 8956
f 8826 8820 8828
f 8820 8821 8828
f 8832 8823 8826
f 8826 8823 8822
f 8831 8853 8805
f 8860 8827 8832
f 8832 8833 8825
f 8827 8823 8832
f 8824 8825 8833
f 8833 8832 8964
f 8966 8964 8832
f 8824 8833 8834
f 8826 8830 8832
f 8836 8824 8837
f 8840 8837 8824
f 8839 8841 8844
f 8839 8838 8841
f 8838 8843 8922
f 8847 8845 8851
f 8817 8847 8835
f 8838 8839 8843
f 8809 8843 8839
f 8813 8824 8834
f 8811 8841 8840
f 8841 8837 8840
f 8811 8844 8841
f 8813 8840 8824
f 8811 8840 8813
f 8812 8842 8839
f 8809 8839 8842
f 8848 8846 8843
f 8811 8839 8844
f 8809 8842 8812
f 8839 8811 8812
f 8843 8809 8848
f 8848 8809 8814
f 8845 8846 8850
f 8849 8850 8846
f 8807 8850 8849
f 8851 8845 8850
f 8846 8848 8849
f 8835 8847 8852
f 8852 8847 8851
f 8807 8851 8850
f 8814 8807 8849
f 8851 8807 8852
f 8835 8852 8853
f 8852 8807 8853
f 8835 8853 8831
f 8848 8814 8849
f 8831 8817 8835
f 8854 8856 8858
f 8854 8855 8859
f 8855 8854 8858
f 8857 8866 8856
f 8857 8816 8866
f 8816 8819 8863
f 8819 8820 8863
f 8820 8822 8860
f 8823 8827 8860
f 8822 8823 8860
f 8860 8832 8861
f 8832 8825 8861
f 8825 8824 8862
f 8824 8836 8862
f 8866 8816 8863
f 8860 8863 8820
f 8861 8825 8862
f 8864 8856 8866
f 8858 8856 8865
f 8855 8858 8865
f 8920 8859 8855
f 8864 8865 8856
f 8873 8855 8865
f 8860 8867 8863
f 8860 8861 8869
f 8868 8863 8867
f 8861 8862 8869
f 8869 8867 8860
f 8868 8866 8863
f 8920 8855 8871
f 8855 8873 8872
f 8864 8866 8875
f 8865 8864 8875
f 8873 8865 8876
f 8855 8872 8871
f 8913 8873 8876
f 8874 8865 8875
f 8868 8867 8908
f 8862 8870 8881
f 8869 8862 8880
f 8867 8869 8882
f 8875 8866 8877
f 8908 8867 8878
f 8877 8868 8908
f 8882 8869 8879
f 8881 8880 8862
f 8879 8869 8880
f 8878 8867 8882
f 8877 8866 8868
f 8891 8892 8885
f 8871 8886 8887
f 8886 8885 8883
f 8886 8883 8887
f 8892 8884 8885
f 8888 8889 8893
f 8892 8893 8889
f 8888 8893 8890
f 8893 8905 8890
f 8892 8891 8893
f 8893 8894 8905
f 8898 8895 8897
f 8901 8881 8902
f 8897 8902 8903
f 8905 8895 8898
f 8896 8898 8897
f 8896 8897 8906
f 8900 8899 8902
f 8902 8899 8904
f 8903 8902 8904
f 8881 8900 8902
f 8897 8903 8906
f 8895 8905 8894
f 8882 8907 8909
f 8907 8879 8880
f 8880 8881 8901
f 8878 8882 8909
f 8877 8908 8912
f 8878 8909 8908
f 8882 8879 8907
f 8875 8912 8911
f 8910 8875 8911
f 8876 8910 8913
f 8886 8871 8914
f 8913 8914 8872
f 8877 8912 8875
f 8874 8875 8910
f 8871 8872 8914
f 8913 8872 8873
f 8865 8874 8910
f 8876 8865 8910
f 8870 8915 8900
f 8916 8917 8898
f 8915 8916 8903
f 8870 8900 8881
f 8900 8915 8899
f 8915 8904 8899
f 8906 8903 8916
f 8904 8915 8903
f 8906 8916 8896
f 8916 8898 8896
f 8905 8898 8917
f 8920 8871 8887
f 8917 8918 8890
f 8918 8919 8889
f 8919 8920 8885
f 8890 8905 8917
f 8888 8918 8889
f 8890 8918 8888
f 8892 8919 8884
f 8887 8883 8920
f 8885 8920 8883
f 8884 8919 8885
f 8889 8919 8892
f 8921 8870 8862
f 8922 8915 8838
f 8915 8921 8838
f 8916 8923 8845
f 8845 8924 8916
f 8922 8923 8915
f 8921 8915 8870
f 8915 8923 8916
f 8917 8916 8925
f 8924 8925 8916
f 8928 8919 8929
f 8917 8926 8927
f 8919 8932 8931
f 8931 8933 8920
f 8934 8920 8933
f 8935 8920 8934
f 8928 8930 8919
f 8932 8919 8930
f 8918 8917 8927
f 8919 8918 8929
f 8931 8920 8919
f 8935 8859 8920
f 8926 8917 8925
f 8837 8841 8921
f 8836 8837 8921
f 8843 8846 8923
f 8846 8845 8923
f 8847 8817 8925
f 8845 8847 8924
f 8922 8843 8923
f 8836 8921 8862
f 8841 8838 8921
f 8847 8925 8924
f 8854 8859 8935
f 8818 8936 8927
f 8936 8937 8930
f 8925 8817 8926
f 8927 8926 8818
f 8918 8927 8936
f 8928 8929 8936
f 8918 8936 8929
f 8930 8928 8936
f 8932 8930 8937
f 8934 8933 8937
f 8935 8934 8937
f 8931 8937 8933
f 8932 8937 8931
f 8937 8854 8935
f 8926 8817 8818
f 8817 8938 8818
f 8936 8938 8939
f 8831 8938 8817
f 8936 8818 8938
f 8940 8936 8939
f 8939 8938 8831
f 8947 8936 8941
f 8941 8936 8940
f 8942 8937 8936
f 8946 8854 8937
f 8947 8942 8936
f 8937 8942 8943
f 8937 8943 8944
f 8937 8944 8945
f 8937 8945 8946
f 8804 8947 8941
f 8806 8939 8831
f 8701 8947 8804
f 8940 8939 8941
f 8806 8941 8939
f 8806 8831 8805
f 8941 8806 8804
f 8701 8948 8942
f 8947 8701 8942
f 8948 8803 8943
f 8803 8949 8943
f 8949 8944 8943
f 8943 8942 8948
f 8946 8945 8802
f 8945 8944 8949
f 8802 8949 8803
f 8946 8802 8957
f 8800 8957 8802
f 8802 8801 8800
f 8802 8945 8949
f 8701 8803 8948
f 8946 8951 8854
f 8951 8952 8854
f 8854 8960 8955
f 8957 8951 8946
f 8854 8950 8960
f 8950 8854 8952
f 8857 8856 8954
f 8816 8857 8956
f 8856 8953 8954
f 8953 8856 8955
f 8956 8857 8954
f 8856 8854 8955
f 8705 8951 8957
f 8958 8960 8950
f 8958 8950 8952
f 8952 8951 8705
f 8955 8960 8961
f 8959 8961 8960
f 8954 8953 8961
f 8955 8961 8953
f 8962 8954 8961
f 8954 8829 8956
f 8829 8954 8962
f 8962 8715 8829
f 8813 8834 8963
f 8833 8963 8834
f 9069 8966 8832
f 8821 8965 8828
f 8821 8816 8710
f 8830 8967 8832
f 8833 8964 8963
f 8967 9069 8832
f 9065 8967 8826
f 9065 8828 8965
f 8826 8828 9065
f 8826 8967 8830
f 8710 8965 8821
f 8800 8696 8705
f 8708 8715 8962
f 8961 8714 8962
f 8961 8959 8713
f 8704 8958 8952
f 8706 8959 8960
f 8711 8960 8958
f 8829 8715 8717
f 8710 8829 8717
f 8714 8716 8962
f 8708 8962 8716
f 8706 8713 8959
f 8711 8712 8960
f 8706 8960 8712
f 8705 8704 8952
f 8711 8958 8704
f 8714 8961 8713
f 8957 8800 8705
f 8829 8710 8816
f 8902 8895 8907
f 8902 8897 8895
f 8909 8895 8886
f 8907 8880 8901
f 8902 8907 8901
f 8912 8908 8909
f 8895 8909 8907
f 8912 8909 8914
f 8893 8895 8894
f 8893 8891 8886
f 8891 8885 8886
f 8914 8909 8886
f 8911 8912 8910
f 8914 8910 8912
f 8910 8914 8913
f 8886 8895 8893
f 8969 8976 8968
f 8972 8763 8762
f 8972 8970 8763
f 8765 8971 8972
f 8765 8972 8762
f 8768 8760 8769
f 8769 8760 8971
f 8765 8769 8971
f 8973 8974 8768
f 8969 8977 8976
f 8968 8976 8970
f 8976 8979 8980
f 8979 8976 8981
f 8981 8976 8977
f 8977 8969 8975
f 8982 8758 8759
f 8757 8758 8772
f 8759 8760 8983
f 8760 8984 8983
f 8984 8768 8974
f 8982 8772 8758
f 8983 8982 8759
f 8760 8768 8984
f 8756 8773 8755
f 8756 8757 8772
f 8775 8755 8773
f 8773 8756 8772
f 8775 8747 8755
f 8747 8775 8753
f 8985 8974 8973
f 8987 8775 8988
f 8775 8987 8986
f 8989 8753 8775
f 8753 8989 8990
f 8775 8986 8989
f 8973 8991 8985
f 9056 8993 8978
f 8997 8995 8978
f 8997 8978 8993
f 9056 8978 8992
f 8994 8995 8997
f 8783 8997 9062
f 8783 9062 8998
f 8783 8998 9063
f 8999 9000 8735
f 8779 8996 8999
f 9001 9002 9000
f 9003 8783 9004
f 8735 9000 9002
f 9001 9004 9002
f 9001 9003 9004
f 9063 9004 8783
f 8779 8999 8735
f 9007 8741 9008
f 9005 9007 9008
f 9008 8742 8990
f 9009 9005 9008
f 8741 8740 9008
f 9008 8740 8742
f 9010 8780 8733
f 8735 8780 8779
f 8734 9010 8733
f 9011 9010 8736
f 8779 9006 8996
f 8734 8736 9010
f 8725 9007 9011
f 8741 9007 8737
f 8725 9011 8736
f 9007 8725 8737
f 8733 8780 8735
f 8718 9012 8710
f 9066 9015 9017
f 9014 9013 9066
f 9067 9066 9017
f 8963 9015 9016
f 9047 9016 9015
f 8749 8692 9018
f 9020 9023 9022
f 9022 9021 9020
f 9022 9023 9024
f 9025 9072 9023
f 9018 9025 9038
f 9024 9023 9072
f 9038 8749 9018
f 9027 9026 8786
f 9026 9028 8786
f 8774 9028 9026
f 9028 8774 8771
f 9028 8771 9029
f 8797 9027 8786
f 9029 8771 9030
f 9029 9030 9031
f 9032 8770 8761
f 9033 9032 8761
f 8786 9028 9032
f 9034 8786 9033
f 9032 9033 8786
f 8767 8766 8770
f 8766 8764 8770
f 8764 8761 8770
f 8761 9035 9033
f 9037 9033 9036
f 9034 8791 8786
f 9033 9035 9036
f 8790 8999 8788
f 8790 9000 8999
f 9003 8782 8783
f 8789 9001 9000
f 8789 8793 9001
f 9003 9001 8793
f 8782 9003 8793
f 8790 8789 9000
f 8999 8996 8788
f 8788 8996 8787
f 8996 9006 8787
f 9006 8779 8781
f 8794 8787 9006
f 9006 8781 8794
f 8798 9007 8795
f 8799 9011 9007
f 9011 8799 8776
f 9010 9011 8776
f 8798 8799 9007
f 8795 9007 9005
f 8795 9005 8796
f 9005 9009 8796
f 9009 8797 8796
f 8797 9009 9008
f 8797 8990 8989
f 8989 9026 9027
f 8797 8989 9027
f 8990 8797 9008
f 8989 8986 9026
f 8986 8987 9026
f 8988 8775 9026
f 8774 9026 8775
f 8988 9026 8987
f 9031 8984 9029
f 9031 8983 8984
f 9030 8982 8983
f 9030 8771 8982
f 8772 8982 8771
f 9031 9030 8983
f 8974 8985 9028
f 8984 8974 9029
f 9028 9029 8974
f 8985 8991 9028
f 8768 8770 8973
f 9032 9028 8973
f 8973 8770 9032
f 8973 9028 8991
f 8970 8976 9037
f 9037 8976 9033
f 9035 8970 9036
f 8970 9035 8761
f 8763 8970 8761
f 9037 9036 8970
f 8976 8980 9033
f 8980 8979 9033
f 8981 8977 9033
f 8979 8981 9033
f 9034 9033 8977
f 8792 8791 8978
f 8975 8978 8791
f 9034 8977 8975
f 8975 8791 9034
f 8978 8995 8792
f 8792 8994 8785
f 8785 8994 8997
f 8994 8792 8995
f 8752 8749 9038
f 9038 9025 9039
f 9040 9025 9023
f 9039 8752 9038
f 9039 9025 9040
f 9039 9040 9041
f 9023 9020 9043
f 9020 9019 9045
f 9042 9023 9043
f 9046 9044 9020
f 9045 9046 9020
f 9051 9045 9019
f 9043 9020 9044
f 9042 9040 9023
f 9039 9041 8972
f 8971 8752 9039
f 9049 9040 9042
f 9040 9048 8970
f 9049 9048 9040
f 9041 9040 8970
f 8971 9039 8972
f 8760 8752 8971
f 8970 8972 9041
f 8968 8970 9048
f 9049 8968 9048
f 9043 8968 9049
f 9044 9046 9045
f 9045 9043 9044
f 8968 9043 8969
f 9045 8969 9043
f 9045 9050 8975
f 9050 9051 8975
f 9045 8975 8969
f 9049 9042 9043
f 9015 9052 9047
f 9015 9066 9052
f 9051 9047 9053
f 9047 9055 9056
f 9047 9052 9055
f 9053 9047 9056
f 9051 9019 9047
f 9052 9066 9055
f 9013 9058 9066
f 8719 9013 9012
f 9057 9055 9066
f 9060 9058 9013
f 8719 9059 9013
f 9060 9013 9059
f 9057 9066 9058
f 9012 8718 8719
f 9051 9054 8975
f 9051 9053 9054
f 9054 9053 8978
f 9061 9062 9055
f 9056 9055 8993
f 9061 9055 9057
f 9053 9056 8992
f 8992 8978 9053
f 9054 8978 8975
f 9055 8997 8993
f 8997 9055 9062
f 9057 9058 9063
f 9062 9061 9057
f 9059 9064 9060
f 9064 9059 8719
f 9063 9058 9060
f 9057 9063 8998
f 9062 9057 8998
f 9063 9064 9004
f 9064 9063 9060
f 9002 9004 9064
f 9064 8735 9002
f 9051 9050 9045
f 9012 9013 9065
f 9012 9065 8965
f 8692 8702 9018
f 9069 9014 9066
f 9016 9047 9068
f 9014 9065 9013
f 9065 9014 8967
f 8710 9012 8965
f 8967 9014 9069
f 9067 9017 8964
f 9017 9015 8963
f 9067 8966 9069
f 8966 9067 8964
f 9017 8963 8964
f 9067 9069 9066
f 9016 9068 8963
f 9019 9020 9070
f 9068 9019 9070
f 9021 9070 9020
f 9068 9047 9019
f 9021 9022 9071
f 9021 9071 8814
f 8853 9025 9018
f 9070 9021 8812
f 9068 9070 8810
f 9070 8812 8810
f 8963 9068 8813
f 8812 9021 8814
f 9022 8814 9071
f 9072 9025 8808
f 9025 9073 8807
f 8853 9073 9025
f 9024 8815 8814
f 8815 9024 9072
f 9025 8807 8808
f 8807 9073 8853
f 9024 8814 9022
f 8702 8853 9018
f 9089 9087 9086
f 9088 9078 9089
f 9076 9080 9074
f 9080 9075 9079
f 9079 9074 9080
f 9081 9080 9076
f 9080 9081 9091
f 9075 9080 9092
f 9080 9093 9092
f 9089 9082 9083
f 9085 9089 9084
f 9083 9090 9089
f 9080 9078 9093
f 9093 9078 9077
f 9089 9090 9088
f 9077 9078 9088
f 9085 9082 9089
f 9089 9086 9084
f 9107 9104 9108
f 9095 9107 9110
f 9095 9101 9097
f 9097 9096 9095
f 9098 9095 9100
f 9098 9101 9095
f 9089 9112 9087
f 9095 9094 9112
f 9096 9094 9095
f 9106 9107 9102
f 9100 9095 9099
f 9103 9104 9109
f 9105 9107 9108
f 9108 9104 9103
f 9095 9110 9099
f 9109 9104 9111
f 9106 9110 9107
f 9105 9102 9107
f 9112 9089 9095
f 9116 9115 9117
f 9118 9116 9117
f 9119 9118 9117
f 9118 9121 9120
f 9125 9122 9120
f 9123 9120 9122
f 9122 9124 9123
f 9126 9128 9127
f 9126 9123 9124
f 9132 9125 9120
f 9129 9118 9119
f 9118 9131 9121
f 9129 9131 9118
f 9130 9120 9121
f 9120 9130 9132
f 9127 9128 9134
f 9130 9133 9132
f 9123 9126 9127
f 9135 9127 9136
f 9135 9140 9137
f 9137 9138 9139
f 9127 9147 9136
f 9140 9135 9136
f 9135 9137 9139
f 9141 9147 9127
f 9138 9142 9139
f 9143 9113 9114
f 9144 9146 9143
f 9114 9144 9143
f 9144 9139 9145
f 9144 9151 9146
f 9141 9127 9149
f 9142 9145 9139
f 9138 9148 9150
f 9142 9138 9150
f 9144 9145 9152
f 9152 9151 9144
f 9134 9149 9127
f 9138 9153 9154
f 9138 9156 9153
f 9156 9137 9140
f 9140 9136 9155
f 9155 9136 9147
f 9140 9157 9156
f 9155 9157 9140
f 9137 9156 9138
f 9158 9159 9440
f 9160 9161 9159
f 9113 9159 9161
f 9160 9159 9158
f 9167 9169 9166
f 9167 9166 9165
f 9168 9169 9167
f 9170 9164 9171
f 9164 9172 9163
f 9172 9164 9170
f 9170 9171 9168
f 9171 9169 9168
f 9176 9179 9173
f 9425 9173 9174
f 9174 9173 9175
f 9173 9179 9175
f 9181 9182 9183
f 9181 9183 9179
f 9177 9182 9184
f 9185 9180 9179
f 9177 9183 9182
f 9185 9179 9183
f 9178 9179 9176
f 9186 9187 9119
f 9119 9188 9186
f 9119 9117 9427
f 9115 9427 9117
f 9427 9188 9119
f 9134 9128 9190
f 9134 9190 9191
f 9516 9134 9191
f 9516 9149 9134
f 9194 9141 9149
f 9141 9194 9147
f 9149 9516 9193
f 9149 9193 9194
f 9147 9194 9192
f 9155 9147 9192
f 9195 9203 9196
f 9199 9195 9200
f 9200 9195 9198
f 9199 9203 9195
f 9203 9202 9196
f 9202 9203 9200
f 9200 9206 9202
f 9198 9201 9200
f 9203 9199 9200
f 9204 9202 9217
f 9201 9198 9207
f 9211 9208 9210
f 9200 9212 9206
f 9200 9201 9212
f 9214 9212 9201
f 9201 9215 9214
f 9201 9207 9215
f 9209 9210 9208
f 9211 9210 9213
f 9215 9211 9213
f 9215 9207 9211
f 9207 9198 9197
f 9202 9205 9217
f 9217 9205 9219
f 9205 9202 9206
f 9443 9219 9206
f 9219 9205 9206
f 9206 9212 9220
f 9217 9219 9443
f 9221 9218 9440
f 9206 9220 9222
f 9218 9217 9443
f 9206 9222 9223
f 9443 9206 9223
f 9212 9214 9225
f 9225 9214 9224
f 9215 9224 9214
f 9222 9220 9225
f 9215 9213 9228
f 9224 9228 9225
f 9227 9228 9213
f 9224 9215 9228
f 9209 9227 9213
f 9225 9226 9222
f 9228 9230 9229
f 9231 9168 9230
f 9226 9225 9229
f 9228 9229 9225
f 9220 9212 9225
f 9209 9213 9210
f 9216 9209 9208
f 9216 9232 9234
f 9234 9232 9265
f 9216 9234 9233
f 9216 9233 9236
f 9209 9236 9237
f 9216 9236 9209
f 9235 9233 9234
f 9236 9233 9235
f 9265 9241 9234
f 9241 9240 9244
f 9244 9235 9241
f 9235 9244 9253
f 9255 9240 9243
f 9244 9240 9255
f 9256 9255 9245
f 9245 9255 9243
f 9238 9236 9235
f 9241 9235 9234
f 9227 9237 9228
f 9227 9209 9237
f 9247 9228 9237
f 9237 9248 9247
f 9237 9239 9248
f 9228 9247 9231
f 9236 9239 9237
f 9239 9236 9248
f 9238 9248 9236
f 9247 9248 9251
f 9247 9251 9231
f 9231 9251 9168
f 9251 9248 9249
f 9252 9179 9249
f 9424 9252 9249
f 9249 9248 9250
f 9249 9179 9251
f 9238 9253 9248
f 9231 9230 9228
f 9253 9250 9248
f 9255 9246 9244
f 9253 9255 9254
f 9255 9253 9246
f 9506 9255 9256
f 9254 9250 9253
f 9253 9244 9246
f 9506 9259 9255
f 9249 9258 9424
f 9249 9250 9258
f 9258 9250 9254
f 9424 9258 9257
f 9260 9258 9254
f 9259 9254 9255
f 9260 9254 9259
f 9238 9235 9253
f 9240 9241 9262
f 9242 9240 9264
f 9232 9216 9266
f 9241 9265 9268
f 9242 9264 9261
f 9262 9241 9263
f 9263 9241 9268
f 9240 9262 9264
f 9232 9266 9265
f 9267 9266 9216
f 9216 9269 9267
f 9216 9270 9269
f 9211 9207 9272
f 9208 9211 9273
f 9207 9197 9276
f 9198 9195 9278
f 9197 9198 9278
f 9271 9208 9273
f 9208 9271 9270
f 9272 9207 9274
f 9274 9207 9276
f 9211 9272 9273
f 9279 9278 9195
f 9278 9277 9197
f 9275 9276 9197
f 9270 9216 9208
f 9293 9281 9280
f 9282 9281 9283
f 9289 9286 9282
f 9285 9282 9286
f 9287 9288 9290
f 9289 9282 9283
f 9293 9294 9281
f 9283 9281 9295
f 9289 9283 9297
f 9293 9300 9294
f 9294 9295 9281
f 9299 9289 9297
f 9295 9298 9283
f 9298 9296 9283
f 9283 9296 9297
f 9299 9301 9289
f 9301 9285 9289
f 9446 9302 9303
f 9288 9285 9304
f 9305 9304 9285
f 9286 9289 9285
f 9287 9290 9291
f 9291 9290 9304
f 9290 9288 9304
f 9307 9308 9304
f 9306 9304 9305
f 9307 9304 9306
f 9309 9310 9304
f 9311 9304 9310
f 9316 9304 9311
f 9308 9309 9304
f 9304 9316 9291
f 9301 9305 9285
f 9315 9314 9312
f 9291 9312 9292
f 9316 9312 9291
f 9314 9317 9313
f 9315 9317 9314
f 9317 9334 9320
f 9320 9318 9317
f 9320 9321 9319
f 9315 9322 9317
f 9325 9315 9316
f 9315 9312 9316
f 9329 9322 9315
f 9327 9316 9324
f 9326 9315 9325
f 9331 9315 9326
f 9327 9325 9316
f 9330 9328 9315
f 9315 9331 9330
f 9328 9329 9315
f 9322 9329 9332
f 9333 9334 9332
f 9322 9332 9334
f 9311 9324 9316
f 9323 9320 9334
f 9319 9321 9323
f 9321 9320 9323
f 9336 9323 9334
f 9335 9336 9334
f 9323 9336 9337
f 9338 9323 9337
f 9319 9323 9446
f 9340 9446 9323
f 9323 9339 9340
f 9446 9340 9302
f 9338 9339 9323
f 9333 9335 9334
f 9334 9317 9322
f 9091 9081 9303
f 9076 9074 9341
f 9081 9076 9342
f 9079 9075 9343
f 9092 9093 9344
f 9075 9092 9345
f 9074 9079 9346
f 9077 9088 9347
f 9090 9083 9348
f 9088 9090 9349
f 9082 9085 9350
f 9084 9086 9351
f 9085 9084 9352
f 9083 9082 9353
f 9093 9077 9354
f 9303 9081 9342
f 9341 9074 9346
f 9076 9341 9342
f 9343 9075 9345
f 9344 9093 9354
f 9092 9344 9345
f 9079 9343 9346
f 9347 9088 9349
f 9083 9353 9348
f 9348 9349 9090
f 9354 9077 9347
f 9353 9082 9350
f 9352 9084 9351
f 9351 9086 9355
f 9085 9352 9350
f 9087 9356 9355
f 9355 9086 9087
f 9112 9094 9357
f 9096 9097 9358
f 9094 9096 9359
f 9101 9098 9360
f 9100 9099 9361
f 9098 9100 9362
f 9097 9101 9363
f 9110 9106 9364
f 9102 9105 9365
f 9106 9102 9366
f 9108 9103 9367
f 9109 9111 9300
f 9103 9109 9368
f 9105 9108 9369
f 9099 9110 9370
f 9357 9356 9112
f 9358 9359 9096
f 9357 9094 9359
f 9360 9363 9101
f 9361 9362 9100
f 9360 9098 9362
f 9358 9097 9363
f 9364 9370 9110
f 9365 9366 9102
f 9364 9106 9366
f 9367 9369 9108
f 9371 9368 9109
f 9300 9371 9109
f 9367 9103 9368
f 9365 9105 9369
f 9361 9099 9370
f 9112 9356 9087
f 9372 9373 9295
f 9111 9372 9294
f 9374 9375 9296
f 9376 9377 9299
f 9375 9376 9297
f 9373 9374 9298
f 9378 9379 9305
f 9380 9381 9307
f 9379 9380 9306
f 9382 9383 9309
f 9384 9385 9311
f 9383 9384 9310
f 9381 9382 9308
f 9377 9378 9301
f 9295 9294 9372
f 9300 9111 9294
f 9296 9298 9374
f 9299 9297 9376
f 9296 9375 9297
f 9295 9373 9298
f 9305 9301 9378
f 9307 9306 9380
f 9305 9379 9306
f 9309 9308 9382
f 9311 9310 9384
f 9324 9311 9385
f 9309 9383 9310
f 9307 9381 9308
f 9299 9377 9301
f 9385 9386 9324
f 9091 9303 9302
f 9386 9387 9327
f 9388 9389 9326
f 9387 9388 9325
f 9390 9391 9330
f 9392 9393 9328
f 9391 9392 9330
f 9389 9390 9331
f 9394 9395 9332
f 9396 9397 9335
f 9395 9396 9333
f 9398 9399 9337
f 9400 9401 9339
f 9399 9400 9338
f 9397 9398 9336
f 9393 9394 9329
f 9327 9387 9325
f 9326 9389 9331
f 9388 9326 9325
f 9330 9392 9328
f 9329 9394 9332
f 9393 9329 9328
f 9390 9330 9331
f 9333 9396 9335
f 9398 9337 9336
f 9336 9335 9397
f 9332 9395 9333
f 9337 9399 9338
f 9339 9401 9340
f 9302 9340 9402
f 9400 9339 9338
f 9402 9091 9302
f 9402 9340 9401
f 9386 9327 9324
f 9406 9403 9405
f 9406 9405 9407
f 9409 9408 9404
f 9186 9408 9187
f 9260 9188 9427
f 9408 9188 9260
f 9408 9186 9188
f 9187 9408 9409
f 9405 9410 9411
f 9410 9190 9189
f 9190 9410 9191
f 9410 9516 9191
f 9411 9412 9405
f 9410 9413 9414
f 9410 9414 9415
f 9410 9415 9411
f 9410 9189 9413
f 9412 9407 9405
f 9418 9258 9419
f 9419 9258 9260
f 9260 9416 9419
f 9421 9422 9260
f 9420 9421 9260
f 9417 9260 9422
f 9416 9260 9423
f 9260 9417 9423
f 9418 9257 9258
f 9424 9426 9252
f 9425 9252 9426
f 9427 9420 9260
f 9179 9252 9175
f 9174 9175 9252
f 9174 9252 9425
f 9179 9180 9185
f 9183 9179 9185
f 9183 9177 9179
f 9179 9177 9251
f 9251 9163 9172
f 9251 9177 9163
f 9168 9251 9170
f 9170 9251 9172
f 9194 9193 9428
f 9428 9155 9192
f 9428 9156 9155
f 9428 9192 9194
f 9155 9156 9157
f 9156 9154 9153
f 9430 9431 9429
f 9154 9429 9431
f 9154 9156 9429
f 9430 9433 9431
f 9430 9432 9433
f 9437 9433 9432
f 9221 9436 9434
f 9436 9221 9159
f 9439 9226 9438
f 9167 9230 9168
f 9162 9226 9165
f 9226 9162 9438
f 9165 9230 9167
f 9229 9230 9165
f 9165 9226 9229
f 9159 9221 9440
f 9440 9218 9441
f 9442 9222 9226
f 9442 9223 9222
f 9442 9226 9439
f 9443 9441 9218
f 9444 9223 9442
f 9223 9444 9443
f 9446 9445 9284
f 9445 9448 9278
f 9448 9445 9446
f 9447 9278 9448
f 9454 9449 9447
f 9449 9278 9447
f 9454 9450 9449
f 9451 9450 9452
f 9452 9450 9455
f 9446 9284 9319
f 9346 9448 9446
f 9354 9454 9447
f 9343 9447 9448
f 9446 9342 9341
f 9341 9346 9446
f 9446 9303 9342
f 9448 9346 9343
f 9354 9447 9344
f 9343 9345 9447
f 9345 9344 9447
f 9354 9347 9454
f 9455 9450 9454
f 9453 9452 9455
f 9348 9455 9454
f 9349 9348 9454
f 9455 9348 9353
f 9353 9350 9455
f 9453 9455 9461
f 9355 9461 9455
f 9352 9351 9455
f 9355 9455 9351
f 9356 9461 9355
f 9455 9350 9352
f 9347 9349 9454
f 9460 9456 9461
f 9461 9456 9453
f 9458 9457 9467
f 9280 9465 9293
f 9464 9466 9465
f 9465 9264 9464
f 9467 9459 9458
f 9358 9460 9461
f 9363 9457 9460
f 9370 9459 9467
f 9463 9459 9468
f 9360 9467 9457
f 9359 9461 9357
f 9461 9356 9357
f 9461 9359 9358
f 9363 9460 9358
f 9361 9370 9467
f 9467 9362 9361
f 9364 9468 9370
f 9362 9467 9360
f 9364 9366 9468
f 9457 9363 9360
f 9459 9370 9468
f 9365 9469 9468
f 9464 9462 9469
f 9371 9466 9464
f 9293 9465 9466
f 9368 9469 9367
f 9469 9369 9367
f 9365 9468 9366
f 9369 9469 9365
f 9293 9466 9371
f 9293 9371 9300
f 9469 9368 9371
f 9371 9464 9469
f 9470 9320 9471
f 9317 9485 9472
f 9470 9485 9320
f 9473 9319 9279
f 9473 9471 9320
f 9320 9319 9473
f 9474 9313 9475
f 9474 9476 9312
f 9474 9312 9314
f 9320 9485 9318
f 9318 9485 9317
f 9314 9313 9474
f 9313 9317 9475
f 9475 9317 9472
f 9284 9279 9319
f 9445 9279 9284
f 9445 9278 9279
f 9275 9197 9449
f 9277 9449 9197
f 9450 9276 9275
f 9450 9275 9449
f 9450 9451 9274
f 9450 9274 9276
f 9272 9274 9451
f 9273 9272 9451
f 9270 9271 9452
f 9452 9271 9273
f 9273 9451 9452
f 9449 9277 9278
f 9291 9292 9476
f 9476 9477 9291
f 9476 9292 9312
f 9477 9287 9291
f 9288 9477 9478
f 9287 9477 9288
f 9479 9282 9285
f 9285 9288 9478
f 9480 9285 9481
f 9479 9490 9282
f 9285 9480 9479
f 9481 9285 9478
f 9282 9490 9482
f 9282 9482 9281
f 9482 9280 9281
f 9261 9280 9482
f 9457 9458 9265
f 9456 9460 9266
f 9457 9266 9460
f 9265 9459 9463
f 9265 9458 9459
f 9452 9453 9269
f 9269 9270 9452
f 9456 9269 9453
f 9267 9456 9266
f 9456 9267 9269
f 9457 9265 9266
f 9463 9468 9268
f 9462 9464 9262
f 9465 9261 9264
f 9261 9465 9280
f 9264 9262 9464
f 9463 9268 9265
f 9263 9468 9469
f 9263 9469 9462
f 9468 9263 9268
f 9462 9262 9263
f 9195 9483 9473
f 9483 9484 9471
f 9485 9486 9472
f 9486 9487 9474
f 9279 9195 9473
f 9471 9484 9470
f 9473 9483 9471
f 9474 9475 9486
f 9472 9486 9475
f 9470 9484 9485
f 9242 9261 9482
f 9487 9488 9476
f 9488 9489 9477
f 9489 9481 9478
f 9476 9488 9477
f 9489 9478 9477
f 9481 9490 9479
f 9479 9480 9481
f 9491 9242 9482
f 9491 9482 9490
f 9487 9476 9474
f 9195 9196 9492
f 9243 9491 9245
f 9491 9243 9240
f 9240 9242 9491
f 9493 9491 9490
f 9494 9491 9493
f 9490 9481 9493
f 9245 9494 9495
f 9245 9495 9256
f 9496 9202 9204
f 9494 9245 9491
f 9494 9497 9511
f 9495 9494 9511
f 9493 9500 9494
f 9202 9492 9196
f 9489 9498 9481
f 9488 9499 9489
f 9498 9489 9503
f 9500 9498 9505
f 9493 9498 9500
f 9503 9489 9499
f 9501 9503 9499
f 9503 9502 9505
f 9505 9498 9503
f 9487 9504 9499
f 9498 9493 9481
f 9256 9509 9506
f 9256 9495 9511
f 9508 9494 9500
f 9508 9497 9494
f 9509 9256 9511
f 9506 9509 9510
f 9260 9259 9510
f 9408 9260 9510
f 9408 9510 9509
f 9510 9259 9506
f 9218 9221 9538
f 9509 9511 9404
f 9511 9403 9404
f 9404 9408 9509
f 9536 9217 9218
f 9497 9508 9512
f 9500 9514 9512
f 9500 9502 9513
f 9511 9497 9512
f 9502 9503 9515
f 9500 9513 9514
f 9503 9501 9515
f 9502 9500 9505
f 9512 9514 9405
f 9511 9405 9403
f 9410 9405 9514
f 9511 9512 9405
f 9410 9514 9515
f 9515 9516 9517
f 9515 9517 9410
f 9410 9517 9516
f 9514 9513 9515
f 9513 9502 9515
f 9508 9500 9512
f 9204 9217 9518
f 9504 9487 9519
f 9487 9520 9519
f 9504 9501 9499
f 9487 9486 9520
f 9522 9520 9486
f 9523 9504 9519
f 9504 9523 9526
f 9520 9522 9524
f 9524 9523 9520
f 9522 9521 9530
f 9523 9519 9520
f 9504 9526 9501
f 9485 9484 9527
f 9521 9522 9486
f 9527 9521 9485
f 9485 9521 9486
f 9492 9484 9483
f 9528 9527 9484
f 9528 9484 9492
f 9529 9530 9521
f 9529 9521 9527
f 9528 9529 9527
f 9528 9492 9518
f 9518 9529 9528
f 9496 9518 9492
f 9536 9529 9518
f 9496 9492 9202
f 9524 9522 9525
f 9515 9526 9531
f 9501 9526 9515
f 9531 9526 9532
f 9523 9533 9526
f 9531 9516 9515
f 9533 9524 9525
f 9533 9525 9429
f 9523 9524 9533
f 9526 9533 9532
f 9531 9532 9428
f 9516 9531 9193
f 9531 9428 9193
f 9532 9533 9428
f 9533 9429 9156
f 9156 9428 9533
f 9530 9525 9522
f 9535 9530 9529
f 9530 9535 9430
f 9525 9530 9534
f 9507 9536 9518
f 9518 9217 9507
f 9535 9529 9536
f 9535 9432 9430
f 9430 9534 9530
f 9537 9437 9432
f 9535 9537 9432
f 9534 9430 9429
f 9537 9535 9538
f 9538 9535 9536
f 9538 9221 9434
f 9538 9434 9435
f 9537 9538 9435
f 9218 9538 9536
f 9537 9435 9437
f 9536 9507 9217
f 9534 9429 9525
f 9204 9518 9496
f 9499 9488 9487
f 9195 9492 9483
f 9189 9190 9128
f 9413 9128 9126
f 9124 9413 9126
f 9413 9189 9128
f 9414 9124 9415
f 9124 9411 9415
f 9413 9124 9414
f 9124 9122 9411
f 9411 9122 9125
f 9412 9125 9132
f 9411 9125 9412
f 9412 9132 9407
f 9187 9129 9119
f 9404 9131 9129
f 9409 9129 9187
f 9129 9409 9404
f 9403 9121 9131
f 9121 9403 9130
f 9133 9406 9132
f 9406 9133 9130
f 9403 9131 9404
f 9132 9406 9407
f 9406 9130 9403
f 9420 9115 9539
f 9420 9539 9540
f 9427 9115 9420
f 9421 9540 9422
f 9417 9422 9540
f 9540 9421 9420
f 9425 9541 9173
f 9257 9544 9543
f 9424 9543 9542
f 9426 9542 9541
f 9426 9541 9425
f 9426 9424 9542
f 9257 9543 9424
f 9544 9423 9540
f 9418 9544 9257
f 9544 9419 9416
f 9544 9416 9423
f 9540 9423 9417
f 9419 9544 9418
f 9177 9184 9164
f 9164 9163 9177
f 9162 9165 9166
f 9162 9545 9546
f 9545 9162 9166
f 9547 9162 9546
f 9162 9547 9438
f 9547 9548 9438
f 9438 9548 9549
f 9550 9438 9549
f 9550 9439 9438
f 9442 9439 9550
f 9440 9551 9158
f 9441 9552 9551
f 9551 9440 9441
f 9443 9552 9441
f 9444 9554 9552
f 9554 9444 9553
f 9442 9555 9556
f 9555 9442 9550
f 9442 9556 9553
f 9444 9552 9443
f 9442 9553 9444
f 9436 9113 9143
f 9436 9143 9146
f 9436 9159 9113
f 9434 9146 9151
f 9436 9146 9434
f 9434 9151 9435
f 9154 9148 9138
f 9431 9150 9148
f 9433 9152 9145
f 9433 9145 9142
f 9431 9142 9150
f 9431 9148 9154
f 9431 9433 9142
f 9152 9437 9151
f 9152 9433 9437
f 9435 9151 9437
f 9161 9114 9113
f 9160 9557 9161
f 9114 9161 9557
f 9158 9557 9160
f 9551 9557 9158
f 9554 9558 9557
f 9549 9548 9558
f 9559 9558 9548
f 9548 9547 9559
f 9559 9547 9546
f 9560 9546 9545
f 9545 9166 9560
f 9550 9549 9558
f 9554 9553 9558
f 9550 9553 9556
f 9557 9551 9552
f 9557 9552 9554
f 9556 9555 9550
f 9166 9169 9560
f 9558 9553 9550
f 9559 9546 9560
f 9561 9560 9182
f 9561 9179 9178
f 9178 9176 9562
f 9173 9562 9176
f 9560 9184 9182
f 9561 9181 9179
f 9181 9561 9182
f 9561 9178 9562
f 9164 9184 9560
f 9539 9116 9540
f 9116 9539 9115
f 9116 9562 9543
f 9171 9164 9560
f 9541 9542 9173
f 9173 9542 9562
f 9543 9562 9542
f 9116 9543 9544
f 9544 9540 9116
f 9169 9171 9560
f 9139 9144 9123
f 9139 9127 9135
f 9123 9144 9557
f 9557 9144 9114
f 9558 9559 9562
f 9562 9557 9558
f 9139 9123 9127
f 9120 9123 9562
f 9562 9118 9120
f 9118 9562 9116
f 9561 9559 9560
f 9561 9562 9559
f 9123 9557 9562
f 9567 9080 9563
f 9565 9567 9563
f 9563 9564 9565
f 9078 9107 9089
f 9078 9080 9107
f 9566 9567 9565
f 9104 9080 9567
f 9566 9568 9567
f 9095 9089 9107
f 9104 9107 9080
f 9377 9567 9568
f 9568 9566 9378
f 9567 9111 9104
f 9567 9372 9111
f 9372 9567 9373
f 9374 9373 9567
f 9374 9567 9375
f 9376 9375 9567
f 9567 9377 9376
f 9377 9568 9378
f 9378 9566 9379
f 9379 9566 9380
f 9381 9566 9382
f 9383 9566 9384
f 9381 9380 9566
f 9382 9566 9383
f 9566 9385 9384
f 9566 9386 9385
f 9080 9091 9563
f 9391 9390 9565
f 9565 9564 9393
f 9395 9564 9563
f 9386 9565 9387
f 9387 9565 9388
f 9389 9565 9390
f 9388 9565 9389
f 9392 9565 9393
f 9391 9565 9392
f 9394 9564 9395
f 9563 9398 9397
f 9564 9394 9393
f 9396 9563 9397
f 9399 9563 9400
f 9400 9563 9401
f 9563 9399 9398
f 9395 9563 9396
f 9402 9401 9563
f 9563 9091 9402
f 9565 9386 9566
f 9579 9569 9570
f 9579 9570 9575
f 9622 9576 9570
f 9571 9578 9577
f 9576 9571 9577
f 9578 9571 9580
f 9678 9580 9572
f 9678 9572 9573
f 9588 9581 9574
f 9582 9573 9581
f 9585 9586 9587
f 9574 9583 9588
f 9589 9588 9583
f 9583 9593 9591
f 9593 9583 9584
f 9593 9584 9585
f 9585 9594 9592
f 9585 9587 9594
f 9583 9591 9590
f 9581 9573 9574
f 9595 9597 9598
f 9595 9601 9596
f 9598 9601 9595
f 9596 9601 9941
f 9598 9599 9601
f 9601 9599 9615
f 9604 9606 9603
f 9617 9604 9609
f 9615 9599 9600
f 9601 9614 9602
f 9603 9615 9600
f 9602 9941 9601
f 9615 9614 9601
f 9941 9602 9613
f 9612 9941 9610
f 9611 9941 9613
f 9941 9611 9610
f 9615 9603 9606
f 9606 9607 9615
f 9617 9607 9604
f 9617 9609 9616
f 9606 9604 9607
f 9618 9614 9615
f 9615 9607 9618
f 9617 9616 9619
f 9617 9618 9607
f 9620 9609 9608
f 9623 9620 9621
f 9620 9623 9616
f 9620 9616 9609
f 9623 9622 9625
f 9628 9625 9622
f 9623 9621 9622
f 9623 9624 9616
f 9624 9623 9632
f 9631 9632 9623
f 9616 9624 9630
f 9631 9623 9625
f 9619 9616 9867
f 9616 9630 9867
f 9625 9628 9633
f 9633 9631 9625
f 9628 9627 9629
f 9627 9626 9629
f 9628 9635 9633
f 9634 9633 9635
f 9629 9635 9628
f 9636 9635 9629
f 9637 9636 9629
f 9633 9632 9631
f 9620 9608 9605
f 9638 9639 9640
f 9638 9641 9639
f 9642 9639 9641
f 9643 9642 9641
f 9644 9645 9646
f 9646 9643 9644
f 9645 9644 9647
f 9642 9643 9646
f 9650 9649 9648
f 9652 9648 9651
f 9650 9648 9652
f 9654 9887 9653
f 9655 9656 9657
f 9657 9654 9655
f 9656 9655 9658
f 9887 9654 9657
f 9874 9659 9661
f 9662 9874 9661
f 9660 9659 9874
f 9662 9663 9669
f 9659 9665 9664
f 9664 9662 9659
f 9664 9663 9662
f 9665 9666 9667
f 9669 9663 9668
f 9661 9659 9662
f 9665 9659 9670
f 9670 9666 9665
f 9653 9672 9671
f 9671 9672 9663
f 9671 9663 9664
f 9672 9673 9663
f 9655 9654 9658
f 9653 9658 9654
f 9658 9653 9671
f 9672 9676 9675
f 9676 9672 9653
f 9663 9673 9674
f 9626 9627 9569
f 9627 9628 9569
f 9628 9622 9570
f 9622 9621 9571
f 9620 9605 9572
f 9621 9620 9572
f 9569 9628 9570
f 9576 9622 9571
f 9621 9580 9571
f 9580 9621 9572
f 9572 9605 9573
f 9573 9605 9574
f 9605 9608 9574
f 9608 9609 9574
f 9603 9600 9583
f 9604 9603 9574
f 9609 9604 9574
f 9600 9599 9584
f 9598 9597 9585
f 9597 9595 9585
f 9599 9598 9585
f 9583 9574 9603
f 9583 9600 9584
f 9585 9584 9599
f 9586 9585 9595
f 9587 9586 9595
f 9679 9680 9580
f 9580 9678 9679
f 9681 9576 9578
f 9682 9575 9683
f 9570 9681 9683
f 9677 9678 9573
f 9680 9578 9580
f 9577 9578 9576
f 9681 9570 9576
f 9570 9683 9575
f 9575 9682 9579
f 9730 9579 9682
f 9949 9685 9684
f 9691 9692 9684
f 9949 9684 9692
f 9691 9686 9689
f 9687 9689 9688
f 9945 9688 9690
f 9687 9688 9945
f 9696 9693 9697
f 9698 9697 9693
f 9703 9699 9697
f 9706 9693 9833
f 9703 9697 9705
f 9697 9698 9705
f 9709 9700 9703
f 9703 9700 9699
f 9708 9730 9682
f 9737 9704 9709
f 9709 9710 9702
f 9704 9700 9709
f 9701 9702 9710
f 9710 9709 9841
f 9843 9841 9709
f 9701 9710 9711
f 9703 9707 9709
f 9713 9701 9714
f 9717 9714 9701
f 9716 9718 9721
f 9716 9715 9718
f 9715 9720 9799
f 9724 9722 9728
f 9694 9724 9712
f 9715 9716 9720
f 9686 9720 9716
f 9690 9701 9711
f 9688 9718 9717
f 9718 9714 9717
f 9688 9721 9718
f 9690 9717 9701
f 9688 9717 9690
f 9689 9719 9716
f 9686 9716 9719
f 9725 9723 9720
f 9688 9716 9721
f 9686 9719 9689
f 9716 9688 9689
f 9720 9686 9725
f 9725 9686 9691
f 9722 9723 9727
f 9726 9727 9723
f 9684 9727 9726
f 9728 9722 9727
f 9723 9725 9726
f 9712 9724 9729
f 9729 9724 9728
f 9684 9728 9727
f 9691 9684 9726
f 9728 9684 9729
f 9712 9729 9730
f 9729 9684 9730
f 9712 9730 9708
f 9725 9691 9726
f 9708 9694 9712
f 9731 9733 9735
f 9731 9732 9736
f 9732 9731 9735
f 9734 9743 9733
f 9734 9693 9743
f 9693 9696 9740
f 9696 9697 9740
f 9697 9699 9737
f 9700 9704 9737
f 9699 9700 9737
f 9737 9709 9738
f 9709 9702 9738
f 9702 9701 9739
f 9701 9713 9739
f 9743 9693 9740
f 9737 9740 9697
f 9738 9702 9739
f 9741 9733 9743
f 9735 9733 9742
f 9732 9735 9742
f 9797 9736 9732
f 9741 9742 9733
f 9750 9732 9742
f 9737 9744 9740
f 9737 9738 9746
f 9745 9740 9744
f 9738 9739 9746
f 9746 9744 9737
f 9745 9743 9740
f 9797 9732 9748
f 9732 9750 9749
f 9741 9743 9752
f 9742 9741 9752
f 9750 9742 9753
f 9732 9749 9748
f 9790 9750 9753
f 9751 9742 9752
f 9745 9744 9785
f 9739 9747 9758
f 9746 9739 9757
f 9744 9746 9759
f 9752 9743 9754
f 9785 9744 9755
f 9754 9745 9785
f 9759 9746 9756
f 9758 9757 9739
f 9756 9746 9757
f 9755 9744 9759
f 9754 9743 9745
f 9768 9769 9762
f 9748 9763 9764
f 9763 9762 9760
f 9763 9760 9764
f 9769 9761 9762
f 9765 9766 9770
f 9769 9770 9766
f 9765 9770 9767
f 9770 9782 9767
f 9769 9768 9770
f 9770 9771 9782
f 9775 9772 9774
f 9778 9758 9779
f 9774 9779 9780
f 9782 9772 9775
f 9773 9775 9774
f 9773 9774 9783
f 9777 9776 9779
f 9779 9776 9781
f 9780 9779 9781
f 9758 9777 9779
f 9774 9780 9783
f 9772 9782 9771
f 9759 9784 9786
f 9784 9756 9757
f 9757 9758 9778
f 9755 9759 9786
f 9754 9785 9789
f 9755 9786 9785
f 9759 9756 9784
f 9752 9789 9788
f 9787 9752 9788
f 9753 9787 9790
f 9763 9748 9791
f 9790 9791 9749
f 9754 9789 9752
f 9751 9752 9787
f 9748 9749 9791
f 9790 9749 9750
f 9742 9751 9787
f 9753 9742 9787
f 9747 9792 9777
f 9793 9794 9775
f 9792 9793 9780
f 9747 9777 9758
f 9777 9792 9776
f 9792 9781 9776
f 9783 9780 9793
f 9781 9792 9780
f 9783 9793 9773
f 9793 9775 9773
f 9782 9775 9794
f 9797 9748 9764
f 9794 9795 9767
f 9795 9796 9766
f 9796 9797 9762
f 9767 9782 9794
f 9765 9795 9766
f 9767 9795 9765
f 9769 9796 9761
f 9764 9760 9797
f 9762 9797 9760
f 9761 9796 9762
f 9766 9796 9769
f 9798 9747 9739
f 9799 9792 9715
f 9792 9798 9715
f 9793 9800 9722
f 9722 9801 9793
f 9799 9800 9792
f 9798 9792 9747
f 9792 9800 9793
f 9794 9793 9802
f 9801 9802 9793
f 9805 9796 9806
f 9794 9803 9804
f 9796 9809 9808
f 9808 9810 9797
f 9811 9797 9810
f 9812 9797 9811
f 9805 9807 9796
f 9809 9796 9807
f 9795 9794 9804
f 9796 9795 9806
f 9808 9797 9796
f 9812 9736 9797
f 9803 9794 9802
f 9714 9718 9798
f 9713 9714 9798
f 9720 9723 9800
f 9723 9722 9800
f 9724 9694 9802
f 9722 9724 9801
f 9799 9720 9800
f 9713 9798 9739
f 9718 9715 9798
f 9724 9802 9801
f 9731 9736 9812
f 9695 9813 9804
f 9813 9814 9807
f 9802 9694 9803
f 9804 9803 9695
f 9795 9804 9813
f 9805 9806 9813
f 9795 9813 9806
f 9807 9805 9813
f 9809 9807 9814
f 9811 9810 9814
f 9812 9811 9814
f 9808 9814 9810
f 9809 9814 9808
f 9814 9731 9812
f 9803 9694 9695
f 9694 9815 9695
f 9813 9815 9816
f 9708 9815 9694
f 9813 9695 9815
f 9817 9813 9816
f 9816 9815 9708
f 9824 9813 9818
f 9818 9813 9817
f 9819 9814 9813
f 9823 9731 9814
f 9824 9819 9813
f 9814 9819 9820
f 9814 9820 9821
f 9814 9821 9822
f 9814 9822 9823
f 9681 9824 9818
f 9683 9816 9708
f 9578 9824 9681
f 9817 9816 9818
f 9683 9818 9816
f 9683 9708 9682
f 9818 9683 9681
f 9578 9825 9819
f 9824 9578 9819
f 9825 9680 9820
f 9680 9826 9820
f 9826 9821 9820
f 9820 9819 9825
f 9823 9822 9679
f 9822 9821 9826
f 9679 9826 9680
f 9823 9679 9834
f 9677 9834 9679
f 9679 9678 9677
f 9679 9822 9826
f 9578 9680 9825
f 9823 9828 9731
f 9828 9829 9731
f 9731 9837 9832
f 9834 9828 9823
f 9731 9827 9837
f 9827 9731 9829
f 9734 9733 9831
f 9693 9734 9833
f 9733 9830 9831
f 9830 9733 9832
f 9833 9734 9831
f 9733 9731 9832
f 9582 9828 9834
f 9835 9837 9827
f 9835 9827 9829
f 9829 9828 9582
f 9832 9837 9838
f 9836 9838 9837
f 9831 9830 9838
f 9832 9838 9830
f 9839 9831 9838
f 9831 9706 9833
f 9706 9831 9839
f 9839 9592 9706
f 9690 9711 9840
f 9710 9840 9711
f 9946 9843 9709
f 9698 9842 9705
f 9698 9693 9587
f 9707 9844 9709
f 9710 9841 9840
f 9844 9946 9709
f 9942 9844 9703
f 9942 9705 9842
f 9703 9705 9942
f 9703 9844 9707
f 9587 9842 9698
f 9677 9573 9582
f 9585 9592 9839
f 9838 9591 9839
f 9838 9836 9590
f 9581 9835 9829
f 9583 9836 9837
f 9588 9837 9835
f 9706 9592 9594
f 9587 9706 9594
f 9591 9593 9839
f 9585 9839 9593
f 9583 9590 9836
f 9588 9589 9837
f 9583 9837 9589
f 9582 9581 9829
f 9588 9835 9581
f 9591 9838 9590
f 9834 9677 9582
f 9706 9587 9693
f 9779 9772 9784
f 9779 9774 9772
f 9786 9772 9763
f 9784 9757 9778
f 9779 9784 9778
f 9789 9785 9786
f 9772 9786 9784
f 9789 9786 9791
f 9770 9772 9771
f 9770 9768 9763
f 9768 9762 9763
f 9791 9786 9763
f 9788 9789 9787
f 9791 9787 9789
f 9787 9791 9790
f 9763 9772 9770
f 9846 9853 9845
f 9849 9640 9639
f 9849 9847 9640
f 9642 9848 9849
f 9642 9849 9639
f 9645 9637 9646
f 9646 9637 9848
f 9642 9646 9848
f 9850 9851 9645
f 9846 9854 9853
f 9845 9853 9847
f 9853 9856 9857
f 9856 9853 9858
f 9858 9853 9854
f 9854 9846 9852
f 9859 9635 9636
f 9634 9635 9649
f 9636 9637 9860
f 9637 9861 9860
f 9861 9645 9851
f 9859 9649 9635
f 9860 9859 9636
f 9637 9645 9861
f 9633 9650 9632
f 9633 9634 9649
f 9652 9632 9650
f 9650 9633 9649
f 9652 9624 9632
f 9624 9652 9630
f 9862 9851 9850
f 9864 9652 9865
f 9652 9864 9863
f 9866 9630 9652
f 9630 9866 9867
f 9652 9863 9866
f 9850 9868 9862
f 9933 9870 9855
f 9874 9872 9855
f 9874 9855 9870
f 9933 9855 9869
f 9871 9872 9874
f 9660 9874 9939
f 9660 9939 9875
f 9660 9875 9940
f 9876 9877 9612
f 9656 9873 9876
f 9878 9879 9877
f 9880 9660 9881
f 9612 9877 9879
f 9878 9881 9879
f 9878 9880 9881
f 9940 9881 9660
f 9656 9876 9612
f 9884 9618 9885
f 9882 9884 9885
f 9885 9619 9867
f 9886 9882 9885
f 9618 9617 9885
f 9885 9617 9619
f 9887 9657 9610
f 9612 9657 9656
f 9611 9887 9610
f 9888 9887 9613
f 9656 9883 9873
f 9611 9613 9887
f 9602 9884 9888
f 9618 9884 9614
f 9602 9888 9613
f 9884 9602 9614
f 9610 9657 9612
f 9595 9889 9587
f 9943 9892 9894
f 9891 9890 9943
f 9944 9943 9894
f 9840 9892 9893
f 9924 9893 9892
f 9626 9569 9895
f 9897 9900 9899
f 9899 9898 9897
f 9899 9900 9901
f 9902 9949 9900
f 9895 9902 9915
f 9901 9900 9949
f 9915 9626 9895
f 9904 9903 9663
f 9903 9905 9663
f 9651 9905 9903
f 9905 9651 9648
f 9905 9648 9906
f 9674 9904 9663
f 9906 9648 9907
f 9906 9907 9908
f 9909 9647 9638
f 9910 9909 9638
f 9663 9905 9909
f 9911 9663 9910
f 9909 9910 9663
f 9644 9643 9647
f 9643 9641 9647
f 9641 9638 9647
f 9638 9912 9910
f 9914 9910 9913
f 9911 9668 9663
f 9910 9912 9913
f 9667 9876 9665
f 9667 9877 9876
f 9880 9659 9660
f 9666 9878 9877
f 9666 9670 9878
f 9880 9878 9670
f 9659 9880 9670
f 9667 9666 9877
f 9876 9873 9665
f 9665 9873 9664
f 9873 9883 9664
f 9883 9656 9658
f 9671 9664 9883
f 9883 9658 9671
f 9675 9884 9672
f 9676 9888 9884
f 9888 9676 9653
f 9887 9888 9653
f 9675 9676 9884
f 9672 9884 9882
f 9672 9882 9673
f 9882 9886 9673
f 9886 9674 9673
f 9674 9886 9885
f 9674 9867 9866
f 9866 9903 9904
f 9674 9866 9904
f 9867 9674 9885
f 9866 9863 9903
f 9863 9864 9903
f 9865 9652 9903
f 9651 9903 9652
f 9865 9903 9864
f 9908 9861 9906
f 9908 9860 9861
f 9907 9859 9860
f 9907 9648 9859
f 9649 9859 9648
f 9908 9907 9860
f 9851 9862 9905
f 9861 9851 9906
f 9905 9906 9851
f 9862 9868 9905
f 9645 9647 9850
f 9909 9905 9850
f 9850 9647 9909
f 9850 9905 9868
f 9847 9853 9914
f 9914 9853 9910
f 9912 9847 9913
f 9847 9912 9638
f 9640 9847 9638
f 9914 9913 9847
f 9853 9857 9910
f 9857 9856 9910
f 9858 9854 9910
f 9856 9858 9910
f 9911 9910 9854
f 9669 9668 9855
f 9852 9855 9668
f 9911 9854 9852
f 9852 9668 9911
f 9855 9872 9669
f 9669 9871 9662
f 9662 9871 9874
f 9871 9669 9872
f 9629 9626 9915
f 9915 9902 9916
f 9917 9902 9900
f 9916 9629 9915
f 9916 9902 9917
f 9916 9917 9918
f 9900 9897 9920
f 9897 9896 9922
f 9919 9900 9920
f 9923 9921 9897
f 9922 9923 9897
f 9928 9922 9896
f 9920 9897 9921
f 9919 9917 9900
f 9916 9918 9849
f 9848 9629 9916
f 9926 9917 9919
f 9917 9925 9847
f 9926 9925 9917
f 9918 9917 9847
f 9848 9916 9849
f 9637 9629 9848
f 9847 9849 9918
f 9845 9847 9925
f 9926 9845 9925
f 9920 9845 9926
f 9921 9923 9922
f 9922 9920 9921
f 9845 9920 9846
f 9922 9846 9920
f 9922 9927 9852
f 9927 9928 9852
f 9922 9852 9846
f 9926 9919 9920
f 9892 9929 9924
f 9892 9943 9929
f 9928 9924 9930
f 9924 9932 9933
f 9924 9929 9932
f 9930 9924 9933
f 9928 9896 9924
f 9929 9943 9932
f 9890 9935 9943
f 9596 9890 9889
f 9934 9932 9943
f 9937 9935 9890
f 9596 9936 9890
f 9937 9890 9936
f 9934 9943 9935
f 9889 9595 9596
f 9928 9931 9852
f 9928 9930 9931
f 9931 9930 9855
f 9938 9939 9932
f 9933 9932 9870
f 9938 9932 9934
f 9930 9933 9869
f 9869 9855 9930
f 9931 9855 9852
f 9932 9874 9870
f 9874 9932 9939
f 9934 9935 9940
f 9939 9938 9934
f 9936 9941 9937
f 9941 9936 9596
f 9940 9935 9937
f 9934 9940 9875
f 9939 9934 9875
f 9940 9941 9881
f 9941 9940 9937
f 9879 9881 9941
f 9941 9612 9879
f 9928 9927 9922
f 9889 9890 9942
f 9889 9942 9842
f 9569 9579 9895
f 9946 9891 9943
f 9893 9924 9945
f 9891 9942 9890
f 9942 9891 9844
f 9587 9889 9842
f 9844 9891 9946
f 9944 9894 9841
f 9894 9892 9840
f 9944 9843 9946
f 9843 9944 9841
f 9894 9840 9841
f 9944 9946 9943
f 9893 9945 9840
f 9896 9897 9947
f 9945 9896 9947
f 9898 9947 9897
f 9945 9924 9896
f 9898 9899 9948
f 9898 9948 9691
f 9730 9902 9895
f 9947 9898 9689
f 9945 9947 9687
f 9947 9689 9687
f 9840 9945 9690
f 9689 9898 9691
f 9899 9691 9948
f 9949 9902 9685
f 9902 9950 9684
f 9730 9950 9902
f 9901 9692 9691
f 9692 9901 9949
f 9902 9684 9685
f 9684 9950 9730
f 9901 9691 9899
f 9579 9730 9895
