v -0.011172 0.035955 0.118102
v -0.012873 0.036419 0.108200
v -0.012985 0.036335 0.108079
v -0.012760 0.036580 0.108200
v -0.012664 0.036751 0.108200
v -0.012479 0.037308 0.108200
v -0.012523 0.037116 0.108200
v -0.012484 0.037363 0.108105
v -0.012661 0.036894 0.108023
v -0.012451 0.037699 0.108200
v -0.012499 0.038088 0.108200
v -0.012465 0.037895 0.108200
v -0.012551 0.038277 0.108200
v -0.012710 0.038636 0.108200
v -0.012621 0.038460 0.108200
v -0.012935 0.038956 0.108200
v -0.013071 0.039098 0.108200
v -0.012600 0.038234 0.108004
v -0.012876 0.038864 0.108074
v -0.013380 0.039340 0.108200
v -0.013219 0.039227 0.108200
v -0.013551 0.039436 0.108200
v -0.013916 0.039577 0.108200
v -0.013730 0.039516 0.108200
v -0.014303 0.039645 0.108200
v -0.014108 0.039621 0.108200
v -0.013948 0.039568 0.108027
v -0.014695 0.039635 0.108200
v -0.014499 0.039649 0.108200
v -0.014888 0.039601 0.108200
v -0.015436 0.039390 0.108200
v -0.015260 0.039479 0.108200
v -0.015756 0.039165 0.108200
v -0.015898 0.039029 0.108200
v -0.015680 0.039222 0.108123
v -0.015076 0.039506 0.108049
v -0.015848 0.038963 0.108012
v -0.016027 0.038881 0.108200
v -0.016236 0.038549 0.117800
v -0.016377 0.038184 0.117800
v -0.016140 0.038720 0.117800
v -0.016449 0.037601 0.117800
v -0.016435 0.037405 0.117800
v -0.016421 0.037992 0.117800
v -0.016027 0.038881 0.117800
v -0.016381 0.038428 0.117946
v -0.016445 0.037797 0.117800
v -0.016401 0.037212 0.117800
v -0.016349 0.037023 0.117800
v -0.016190 0.036664 0.117800
v -0.016279 0.036840 0.117800
v -0.016085 0.036499 0.117800
v -0.015965 0.036344 0.117800
v -0.015829 0.036202 0.117800
v -0.015957 0.036201 0.117968
v -0.015066 0.035649 0.117972
v -0.015520 0.035960 0.117800
v -0.015349 0.035864 0.117800
v -0.014984 0.035723 0.117800
v -0.014597 0.035655 0.117800
v -0.014401 0.035651 0.117800
v -0.014792 0.035679 0.117800
v -0.015681 0.036073 0.117800
v -0.015170 0.035784 0.117800
v -0.014205 0.035665 0.117800
v -0.014012 0.035699 0.117800
v -0.013823 0.035751 0.117800
v -0.013640 0.035821 0.117800
v -0.013464 0.035910 0.117800
v -0.013299 0.036015 0.117800
v -0.013144 0.036135 0.117800
v -0.012954 0.036176 0.117965
v -0.013002 0.036271 0.117800
v -0.012873 0.036419 0.117800
v -0.013514 0.039513 0.117976
v -0.015756 0.039165 0.117800
v -0.015601 0.039285 0.117800
v -0.015436 0.039390 0.117800
v -0.015244 0.039513 0.117901
v -0.015077 0.039549 0.117800
v -0.014888 0.039601 0.117800
v -0.014695 0.039635 0.117800
v -0.014499 0.039649 0.117800
v -0.014303 0.039645 0.117800
v -0.014108 0.039621 0.117800
v -0.013916 0.039577 0.117800
v -0.013730 0.039516 0.117800
v -0.013551 0.039436 0.117800
v -0.013380 0.039340 0.117800
v -0.013219 0.039227 0.117800
v -0.013150 0.039220 0.117932
v -0.012935 0.038956 0.117800
v -0.012815 0.038801 0.117800
v -0.012710 0.038636 0.117800
v -0.012621 0.038460 0.117800
v -0.012499 0.038088 0.117800
v -0.012465 0.037895 0.117800
v -0.012451 0.037699 0.117800
v -0.012455 0.037503 0.117800
v -0.012523 0.037116 0.117800
v -0.012584 0.036930 0.117800
v -0.012760 0.036580 0.117800
v -0.016325 0.037147 0.108019
v -0.014840 0.035645 0.107995
v -0.013144 0.036135 0.108200
v -0.013002 0.036271 0.108200
v -0.013464 0.035910 0.108200
v -0.013823 0.035751 0.108200
v -0.013640 0.035821 0.108200
v -0.013299 0.036015 0.108200
v -0.014205 0.035665 0.108200
v -0.014597 0.035655 0.108200
v -0.014401 0.035651 0.108200
v -0.014984 0.035723 0.108200
v -0.015349 0.035864 0.108200
v -0.015170 0.035784 0.108200
v -0.014792 0.035679 0.108200
v -0.014012 0.035699 0.108200
v -0.015520 0.035960 0.108200
v -0.015681 0.036073 0.108200
v -0.015829 0.036202 0.108200
v -0.016190 0.036664 0.108200
v -0.015965 0.036344 0.108200
v -0.016279 0.036840 0.108200
v -0.016435 0.037405 0.108200
v -0.016349 0.037023 0.108200
v -0.016445 0.037797 0.108200
v -0.016377 0.038184 0.108200
v -0.016316 0.038370 0.108200
v -0.016236 0.038549 0.108200
v -0.016449 0.037601 0.108200
v -0.016133 0.038716 0.108142
v -0.012530 0.036880 0.117970
v -0.012560 0.038372 0.117903
v -0.012415 0.037415 0.117946
v -0.015904 0.039035 0.117862
v -0.012387 0.037878 0.117972
v -0.012737 0.038762 0.117914
v -0.014256 0.039728 0.117950
v -0.016041 0.036516 0.108038
v -0.016359 0.038120 0.108030
v -0.013900 0.035692 0.108081
v -0.011817 0.040972 0.120856
v -0.016903 0.034555 0.121099
v -0.016043 0.040748 0.118123
v -0.017935 0.036762 0.118175
v -0.013837 0.034245 0.118172
v -0.031872 -0.049507 0.076349
v -0.028673 -0.045552 0.078843
v -0.025336 -0.050732 0.078747
v -0.027792 -0.050706 0.069050
v -0.027750 -0.050316 0.069050
v -0.027761 -0.050512 0.069050
v -0.027785 -0.049925 0.069050
v -0.027758 -0.050120 0.069050
v -0.027847 -0.049494 0.068886
v -0.027896 -0.049549 0.069050
v -0.027832 -0.049735 0.069050
v -0.028078 -0.049202 0.069050
v -0.027979 -0.049371 0.069050
v -0.028194 -0.049044 0.069050
v -0.028469 -0.048764 0.069050
v -0.028325 -0.048897 0.069050
v -0.028793 -0.048544 0.069050
v -0.028626 -0.048646 0.069050
v -0.028970 -0.048458 0.069050
v -0.029241 -0.048363 0.068926
v -0.029344 -0.048342 0.069050
v -0.029154 -0.048391 0.069050
v -0.029538 -0.048311 0.069050
v -0.029930 -0.048308 0.069050
v -0.029734 -0.048300 0.069050
v -0.030125 -0.048335 0.069050
v -0.030422 -0.048452 0.068864
v -0.030679 -0.048529 0.069050
v -0.030501 -0.048446 0.069050
v -0.030848 -0.048628 0.069050
v -0.031037 -0.048800 0.068938
v -0.031286 -0.049019 0.069050
v -0.031153 -0.048875 0.069050
v -0.031506 -0.049343 0.069050
v -0.031404 -0.049176 0.069050
v -0.031592 -0.049588 0.068927
v -0.031592 -0.049520 0.069050
v -0.027727 -0.051559 0.076371
v -0.028347 -0.051725 0.076138
v -0.028494 -0.051856 0.076138
v -0.028999 -0.052154 0.076138
v -0.028821 -0.052071 0.076138
v -0.029185 -0.052218 0.076138
v -0.029375 -0.052265 0.076138
v -0.029570 -0.052292 0.076138
v -0.029611 -0.052332 0.076207
v -0.029962 -0.052289 0.076138
v -0.030156 -0.052258 0.076138
v -0.030346 -0.052209 0.076138
v -0.028570 -0.051946 0.076189
v -0.031605 -0.052300 0.076763
v -0.030530 -0.052142 0.076138
v -0.030707 -0.052056 0.076138
v -0.030945 -0.051914 0.076185
v -0.031031 -0.051836 0.076138
v -0.031175 -0.051703 0.076138
v -0.031306 -0.051556 0.076138
v -0.031422 -0.051398 0.076138
v -0.031521 -0.051229 0.076138
v -0.031604 -0.051051 0.072594
v -0.031713 -0.050780 0.076199
v -0.031742 -0.050480 0.076138
v -0.031715 -0.050675 0.076138
v -0.031758 -0.050122 0.076202
v -0.031750 -0.050284 0.076138
v -0.031708 -0.049894 0.076138
v -0.031659 -0.049704 0.076138
v -0.031696 -0.047081 0.077988
v -0.031506 -0.049343 0.076138
v -0.031404 -0.049176 0.076138
v -0.031286 -0.049019 0.076138
v -0.031153 -0.048875 0.076138
v -0.031006 -0.048744 0.076138
v -0.030848 -0.048628 0.076138
v -0.030501 -0.048446 0.076138
v -0.030315 -0.048382 0.076138
v -0.030125 -0.048335 0.076138
v -0.029930 -0.048308 0.076138
v -0.029734 -0.048300 0.076138
v -0.029538 -0.048311 0.076138
v -0.029344 -0.048342 0.076138
v -0.029154 -0.048391 0.076138
v -0.028970 -0.048458 0.076138
v -0.028793 -0.048544 0.076138
v -0.028626 -0.048646 0.076138
v -0.028469 -0.048764 0.076138
v -0.028325 -0.048897 0.076138
v -0.028194 -0.049044 0.076138
v -0.028078 -0.049202 0.076138
v -0.027979 -0.049371 0.076138
v -0.027896 -0.049549 0.076138
v -0.027832 -0.049735 0.076138
v -0.027785 -0.049925 0.076138
v -0.027758 -0.050120 0.076138
v -0.027750 -0.050316 0.076138
v -0.027761 -0.050512 0.076138
v -0.028253 -0.051421 0.068895
v -0.028652 -0.051972 0.069050
v -0.028347 -0.051725 0.069050
v -0.028821 -0.052071 0.069050
v -0.029375 -0.052265 0.069050
v -0.028999 -0.052154 0.069050
v -0.029766 -0.052300 0.069050
v -0.029962 -0.052289 0.069050
v -0.029570 -0.052292 0.069050
v -0.030156 -0.052258 0.069050
v -0.030346 -0.052209 0.069050
v -0.030707 -0.052056 0.069050
v -0.030874 -0.051954 0.069050
v -0.031306 -0.051556 0.069050
v -0.031521 -0.051229 0.069050
v -0.031422 -0.051398 0.069050
v -0.031031 -0.051836 0.069050
v -0.031668 -0.050865 0.069050
v -0.031715 -0.050675 0.069050
v -0.031739 -0.050088 0.069050
v -0.031708 -0.049894 0.069050
v -0.031750 -0.050284 0.069050
v -0.032622 -0.054254 0.079036
v -0.030747 -0.048556 0.076186
v -0.028962 -0.047144 0.077326
v -0.027969 -0.049313 0.076215
v -0.027750 -0.050575 0.076192
v -0.031706 -0.050652 0.068901
v -0.031601 -0.051037 0.068989
v -0.031238 -0.051625 0.068968
v -0.030484 -0.052130 0.068920
v -0.029248 -0.052197 0.068906
v -0.029868 -0.052297 0.068960
v -0.028457 -0.051798 0.068942
v 0.019919 -0.024365 0.051714
v 0.020585 -0.027220 0.050150
v 0.020566 -0.027612 0.050150
v 0.020585 -0.027807 0.050150
v 0.020566 -0.027415 0.050150
v 0.020567 -0.026956 0.050376
v 0.020624 -0.027999 0.050150
v 0.020475 -0.030387 0.050666
v 0.020465 -0.027962 0.050401
v 0.020681 -0.028187 0.044750
v 0.020624 -0.027999 0.044750
v 0.020566 -0.027415 0.044750
v 0.020585 -0.027807 0.044750
v 0.020624 -0.027027 0.044750
v 0.020585 -0.027220 0.044750
v 0.023146 -0.027581 0.043521
v 0.020647 -0.027636 0.044478
v 0.026141 -0.029858 0.052141
v 0.012774 -0.046705 0.118102
v 0.012029 -0.048304 0.108200
v 0.012094 -0.048429 0.108079
v 0.011890 -0.048165 0.108200
v 0.011738 -0.048041 0.108200
v 0.011220 -0.047766 0.108200
v 0.011401 -0.047840 0.108200
v 0.011165 -0.047760 0.108105
v 0.011597 -0.048014 0.108023
v 0.010839 -0.047671 0.108200
v 0.010448 -0.047653 0.108200
v 0.010644 -0.047652 0.108200
v 0.010253 -0.047672 0.108200
v 0.009872 -0.047768 0.108200
v 0.010060 -0.047711 0.108200
v 0.009518 -0.047937 0.108200
v 0.009355 -0.048046 0.108200
v 0.010286 -0.047728 0.108004
v 0.009619 -0.047894 0.108074
v 0.009065 -0.048310 0.108200
v 0.009204 -0.048171 0.108200
v 0.008941 -0.048462 0.108200
v 0.008740 -0.048799 0.108200
v 0.008832 -0.048625 0.108200
v 0.008609 -0.049168 0.108200
v 0.008666 -0.048980 0.108200
v 0.008744 -0.048832 0.108027
v 0.008552 -0.049556 0.108200
v 0.008571 -0.049361 0.108200
v 0.008553 -0.049752 0.108200
v 0.008668 -0.050328 0.108200
v 0.008611 -0.050140 0.108200
v 0.008837 -0.050682 0.108200
v 0.008946 -0.050845 0.108200
v 0.008793 -0.050597 0.108123
v 0.008615 -0.049954 0.108049
v 0.009020 -0.050807 0.108012
v 0.009071 -0.050996 0.108200
v 0.009362 -0.051259 0.117800
v 0.009699 -0.051460 0.117800
v 0.009210 -0.051135 0.117800
v 0.010261 -0.051629 0.117800
v 0.010456 -0.051648 0.117800
v 0.009880 -0.051534 0.117800
v 0.009071 -0.050996 0.117800
v 0.009457 -0.051422 0.117946
v 0.010068 -0.051591 0.117800
v 0.010652 -0.051647 0.117800
v 0.010847 -0.051628 0.117800
v 0.011228 -0.051532 0.117800
v 0.011040 -0.051589 0.117800
v 0.011409 -0.051456 0.117800
v 0.011582 -0.051363 0.117800
v 0.011745 -0.051254 0.117800
v 0.011723 -0.051380 0.117968
v 0.012418 -0.050595 0.117972
v 0.012035 -0.050990 0.117800
v 0.012159 -0.050838 0.117800
v 0.012360 -0.050501 0.117800
v 0.012491 -0.050132 0.117800
v 0.012529 -0.049939 0.117800
v 0.012434 -0.050320 0.117800
v 0.011896 -0.051129 0.117800
v 0.012268 -0.050675 0.117800
v 0.012548 -0.049744 0.117800
v 0.012547 -0.049548 0.117800
v 0.012528 -0.049353 0.117800
v 0.012489 -0.049160 0.117800
v 0.012432 -0.048972 0.117800
v 0.012356 -0.048791 0.117800
v 0.012263 -0.048618 0.117800
v 0.012255 -0.048424 0.117965
v 0.012154 -0.048455 0.117800
v 0.012029 -0.048304 0.117800
v 0.008872 -0.048412 0.117976
v 0.008837 -0.050682 0.117800
v 0.008744 -0.050509 0.117800
v 0.008668 -0.050328 0.117800
v 0.008580 -0.050119 0.117901
v 0.008572 -0.049947 0.117800
v 0.008553 -0.049752 0.117800
v 0.008552 -0.049556 0.117800
v 0.008571 -0.049361 0.117800
v 0.008609 -0.049168 0.117800
v 0.008666 -0.048980 0.117800
v 0.008740 -0.048799 0.117800
v 0.008832 -0.048625 0.117800
v 0.008941 -0.048462 0.117800
v 0.009065 -0.048310 0.117800
v 0.009204 -0.048171 0.117800
v 0.009222 -0.048103 0.117932
v 0.009518 -0.047937 0.117800
v 0.009691 -0.047844 0.117800
v 0.009872 -0.047768 0.117800
v 0.010060 -0.047711 0.117800
v 0.010448 -0.047653 0.117800
v 0.010644 -0.047652 0.117800
v 0.010839 -0.047671 0.117800
v 0.011032 -0.047709 0.117800
v 0.011401 -0.047840 0.117800
v 0.011575 -0.047932 0.117800
v 0.011890 -0.048165 0.117800
v 0.010729 -0.051583 0.108019
v 0.012460 -0.050373 0.107995
v 0.012263 -0.048618 0.108200
v 0.012154 -0.048455 0.108200
v 0.012432 -0.048972 0.108200
v 0.012528 -0.049353 0.108200
v 0.012489 -0.049160 0.108200
v 0.012356 -0.048791 0.108200
v 0.012548 -0.049744 0.108200
v 0.012491 -0.050132 0.108200
v 0.012529 -0.049939 0.108200
v 0.012360 -0.050501 0.108200
v 0.012159 -0.050838 0.108200
v 0.012268 -0.050675 0.108200
v 0.012434 -0.050320 0.108200
v 0.012547 -0.049548 0.108200
v 0.012035 -0.050990 0.108200
v 0.011896 -0.051129 0.108200
v 0.011745 -0.051254 0.108200
v 0.011228 -0.051532 0.108200
v 0.011582 -0.051363 0.108200
v 0.011040 -0.051589 0.108200
v 0.010456 -0.051648 0.108200
v 0.010847 -0.051628 0.108200
v 0.010068 -0.051591 0.108200
v 0.009699 -0.051460 0.108200
v 0.009525 -0.051368 0.108200
v 0.009362 -0.051259 0.108200
v 0.010261 -0.051629 0.108200
v 0.009215 -0.051129 0.108142
v 0.011633 -0.047887 0.117970
v 0.010158 -0.047665 0.117903
v 0.011125 -0.047684 0.117946
v 0.008939 -0.050850 0.117862
v 0.010674 -0.047578 0.117972
v 0.009743 -0.047774 0.117914
v 0.008535 -0.049108 0.117950
v 0.011399 -0.051410 0.108038
v 0.009764 -0.051452 0.108030
v 0.012573 -0.049438 0.108081
v 0.007720 -0.046494 0.120856
v 0.013186 -0.052590 0.121099
v 0.007227 -0.050697 0.118123
v 0.010837 -0.053235 0.118175
v 0.014010 -0.049621 0.118172
v -0.011172 0.047955 0.118102
v -0.012873 0.048419 0.108200
v -0.012985 0.048335 0.108079
v -0.012760 0.048580 0.108200
v -0.012664 0.048751 0.108200
v -0.012479 0.049308 0.108200
v -0.012523 0.049116 0.108200
v -0.012484 0.049363 0.108105
v -0.012661 0.048894 0.108023
v -0.012451 0.049699 0.108200
v -0.012499 0.050088 0.108200
v -0.012465 0.049895 0.108200
v -0.012551 0.050277 0.108200
v -0.012710 0.050636 0.108200
v -0.012621 0.050460 0.108200
v -0.012935 0.050956 0.108200
v -0.013071 0.051098 0.108200
v -0.012600 0.050234 0.108004
v -0.012876 0.050864 0.108074
v -0.013380 0.051340 0.108200
v -0.013219 0.051227 0.108200
v -0.013551 0.051436 0.108200
v -0.013916 0.051577 0.108200
v -0.013730 0.051516 0.108200
v -0.014303 0.051645 0.108200
v -0.014108 0.051621 0.108200
v -0.013948 0.051568 0.108027
v -0.014695 0.051635 0.108200
v -0.014499 0.051649 0.108200
v -0.014888 0.051601 0.108200
v -0.015436 0.051390 0.108200
v -0.015260 0.051479 0.108200
v -0.015756 0.051165 0.108200
v -0.015898 0.051029 0.108200
v -0.015680 0.051222 0.108123
v -0.015076 0.051506 0.108049
v -0.015848 0.050963 0.108012
v -0.016027 0.050881 0.108200
v -0.016236 0.050549 0.117800
v -0.016377 0.050184 0.117800
v -0.016140 0.050720 0.117800
v -0.016449 0.049601 0.117800
v -0.016435 0.049405 0.117800
v -0.016421 0.049992 0.117800
v -0.016027 0.050881 0.117800
v -0.016381 0.050428 0.117946
v -0.016445 0.049797 0.117800
v -0.016401 0.049212 0.117800
v -0.016349 0.049023 0.117800
v -0.016190 0.048664 0.117800
v -0.016279 0.048840 0.117800
v -0.016085 0.048499 0.117800
v -0.015965 0.048344 0.117800
v -0.015829 0.048202 0.117800
v -0.015957 0.048201 0.117968
v -0.015066 0.047649 0.117972
v -0.015520 0.047960 0.117800
v -0.015349 0.047864 0.117800
v -0.014984 0.047723 0.117800
v -0.014597 0.047655 0.117800
v -0.014401 0.047651 0.117800
v -0.014792 0.047679 0.117800
v -0.015681 0.048073 0.117800
v -0.015170 0.047784 0.117800
v -0.014205 0.047665 0.117800
v -0.014012 0.047699 0.117800
v -0.013823 0.047751 0.117800
v -0.013640 0.047821 0.117800
v -0.013464 0.047910 0.117800
v -0.013299 0.048015 0.117800
v -0.013144 0.048135 0.117800
v -0.012954 0.048176 0.117965
v -0.013002 0.048271 0.117800
v -0.012873 0.048419 0.117800
v -0.013514 0.051513 0.117976
v -0.015756 0.051165 0.117800
v -0.015601 0.051285 0.117800
v -0.015436 0.051390 0.117800
v -0.015244 0.051513 0.117901
v -0.015077 0.051549 0.117800
v -0.014888 0.051601 0.117800
v -0.014695 0.051635 0.117800
v -0.014499 0.051649 0.117800
v -0.014303 0.051645 0.117800
v -0.014108 0.051621 0.117800
v -0.013916 0.051577 0.117800
v -0.013730 0.051516 0.117800
v -0.013551 0.051436 0.117800
v -0.013380 0.051340 0.117800
v -0.013219 0.051227 0.117800
v -0.013150 0.051220 0.117932
v -0.012935 0.050956 0.117800
v -0.012815 0.050801 0.117800
v -0.012710 0.050636 0.117800
v -0.012621 0.050460 0.117800
v -0.012499 0.050088 0.117800
v -0.012465 0.049895 0.117800
v -0.012451 0.049699 0.117800
v -0.012455 0.049503 0.117800
v -0.012523 0.049116 0.117800
v -0.012584 0.048930 0.117800
v -0.012760 0.048580 0.117800
v -0.016325 0.049147 0.108019
v -0.014840 0.047645 0.107995
v -0.013144 0.048135 0.108200
v -0.013002 0.048271 0.108200
v -0.013464 0.047910 0.108200
v -0.013823 0.047751 0.108200
v -0.013640 0.047821 0.108200
v -0.013299 0.048015 0.108200
v -0.014205 0.047665 0.108200
v -0.014597 0.047655 0.108200
v -0.014401 0.047651 0.108200
v -0.014984 0.047723 0.108200
v -0.015349 0.047864 0.108200
v -0.015170 0.047784 0.108200
v -0.014792 0.047679 0.108200
v -0.014012 0.047699 0.108200
v -0.015520 0.047960 0.108200
v -0.015681 0.048073 0.108200
v -0.015829 0.048202 0.108200
v -0.016190 0.048664 0.108200
v -0.015965 0.048344 0.108200
v -0.016279 0.048840 0.108200
v -0.016435 0.049405 0.108200
v -0.016349 0.049023 0.108200
v -0.016445 0.049797 0.108200
v -0.016377 0.050184 0.108200
v -0.016316 0.050370 0.108200
v -0.016236 0.050549 0.108200
v -0.016449 0.049601 0.108200
v -0.016133 0.050716 0.108142
v -0.012530 0.048880 0.117970
v -0.012560 0.050372 0.117903
v -0.012415 0.049415 0.117946
v -0.015904 0.051035 0.117862
v -0.012387 0.049878 0.117972
v -0.012737 0.050762 0.117914
v -0.014256 0.051728 0.117950
v -0.016041 0.048516 0.108038
v -0.016359 0.050120 0.108030
v -0.013900 0.047692 0.108081
v -0.011817 0.052972 0.120856
v -0.016903 0.046555 0.121099
v -0.016043 0.052748 0.118123
v -0.017935 0.048762 0.118175
v -0.013837 0.046245 0.118172
v 0.017221 -0.058300 0.132350
v -0.021765 -0.058430 0.162265
v -0.020417 -0.059069 0.163625
v 0.016845 -0.058762 0.162853
v 0.016635 -0.059035 0.131707
v -0.021092 -0.058967 0.132116
v 0.011563 -0.044756 0.119074
v 0.011666 -0.044652 0.119074
v 0.011759 -0.044538 0.119074
v 0.011328 -0.044933 0.119074
v 0.011450 -0.044850 0.119074
v 0.011198 -0.045003 0.119074
v 0.010777 -0.045133 0.119074
v 0.010922 -0.045103 0.119074
v 0.010484 -0.045149 0.119074
v 0.010631 -0.045148 0.119074
v 0.010193 -0.045107 0.119074
v 0.010337 -0.045135 0.119074
v 0.010052 -0.045063 0.119127
v 0.009915 -0.045009 0.119074
v 0.011113 -0.045045 0.119166
v 0.009785 -0.044940 0.119074
v 0.009548 -0.044766 0.119074
v 0.009662 -0.044859 0.119074
v 0.009350 -0.044550 0.119074
v 0.009444 -0.044663 0.119074
v 0.009197 -0.044298 0.119074
v 0.009267 -0.044428 0.119074
v 0.009097 -0.044022 0.119074
v 0.009140 -0.044162 0.119074
v 0.009052 -0.043731 0.119074
v 0.009067 -0.043877 0.119074
v 0.009065 -0.043437 0.119074
v 0.009093 -0.043293 0.119074
v 0.009260 -0.042885 0.119074
v 0.009191 -0.043015 0.119074
v 0.009166 -0.043058 0.119160
v 0.009341 -0.042762 0.119074
v 0.009144 -0.043213 0.109920
v 0.009834 -0.044871 0.109641
v 0.010580 -0.045184 0.119664
v 0.011666 -0.044652 0.110126
v 0.011759 -0.044538 0.110126
v 0.011450 -0.044850 0.110126
v 0.011328 -0.044933 0.110126
v 0.011198 -0.045003 0.110126
v 0.011062 -0.045060 0.110126
v 0.011437 -0.044766 0.109671
v 0.010922 -0.045103 0.110126
v 0.010777 -0.045133 0.110126
v 0.010631 -0.045148 0.110126
v 0.010337 -0.045135 0.110126
v 0.010193 -0.045107 0.110126
v 0.010052 -0.045065 0.110126
v 0.009915 -0.045009 0.110126
v 0.010547 -0.045154 0.110023
v 0.009341 -0.042762 0.110126
v 0.009253 -0.042893 0.110090
v 0.009260 -0.042885 0.110126
v 0.009662 -0.044859 0.110126
v 0.009548 -0.044766 0.110126
v 0.009444 -0.044663 0.110126
v 0.009350 -0.044550 0.110126
v 0.009267 -0.044428 0.110126
v 0.009197 -0.044298 0.110126
v 0.009140 -0.044162 0.110126
v 0.009097 -0.044022 0.110126
v 0.009067 -0.043877 0.110126
v 0.009052 -0.043731 0.110126
v 0.009051 -0.043584 0.110126
v 0.009065 -0.043437 0.110126
v 0.009153 -0.044307 0.109965
v 0.009135 -0.043152 0.110126
v 0.009798 -0.042382 0.119286
v 0.010912 -0.042222 0.119292
v 0.011876 -0.043069 0.119410
v 0.011427 -0.042461 0.119313
v 0.011840 -0.044415 0.110126
v 0.011909 -0.044285 0.110126
v 0.011965 -0.044148 0.110126
v 0.011909 -0.044285 0.119074
v 0.011840 -0.044415 0.119074
v 0.012007 -0.044007 0.110126
v 0.012035 -0.043863 0.110126
v 0.012007 -0.044007 0.119074
v 0.012048 -0.043569 0.110126
v 0.012402 -0.043707 0.112155
v 0.011965 -0.044148 0.119074
v 0.012033 -0.043423 0.110126
v 0.012003 -0.043278 0.110126
v 0.012033 -0.043423 0.119074
v 0.011960 -0.043138 0.110126
v 0.011903 -0.043002 0.110126
v 0.011960 -0.043138 0.119074
v 0.012003 -0.043278 0.119074
v 0.011833 -0.042872 0.110126
v 0.011750 -0.042750 0.119074
v 0.011656 -0.042637 0.110126
v 0.011552 -0.042534 0.110126
v 0.011656 -0.042637 0.119074
v 0.011833 -0.042872 0.119074
v 0.012048 -0.043569 0.119074
v 0.011552 -0.042534 0.119074
v 0.011438 -0.042441 0.110126
v 0.011438 -0.042441 0.119074
v 0.011315 -0.042360 0.110126
v 0.011185 -0.042291 0.110126
v 0.011315 -0.042360 0.119074
v 0.011048 -0.042235 0.110126
v 0.010907 -0.042193 0.110126
v 0.011048 -0.042235 0.119074
v 0.011185 -0.042291 0.119074
v 0.010699 -0.042159 0.110089
v 0.010616 -0.042151 0.110126
v 0.010763 -0.042165 0.119074
v 0.010469 -0.042152 0.110126
v 0.010323 -0.042167 0.110126
v 0.010323 -0.042167 0.119074
v 0.010616 -0.042151 0.119074
v 0.010178 -0.042197 0.110126
v 0.010038 -0.042240 0.119074
v 0.009902 -0.042297 0.110126
v 0.009772 -0.042367 0.110126
v 0.009772 -0.042367 0.119074
v 0.009650 -0.042450 0.110126
v 0.009537 -0.042544 0.110126
v 0.009537 -0.042544 0.119074
v 0.009434 -0.042648 0.110126
v 0.009434 -0.042648 0.119074
v 0.009650 -0.042450 0.119074
v 0.010178 -0.042197 0.119074
v 0.010072 -0.043191 0.109091
v 0.009032 -0.043615 0.119613
v 0.010602 -0.042237 0.119568
v 0.011911 -0.043266 0.119596
v 0.011961 -0.043967 0.119462
v 0.011985 -0.043679 0.109634
v 0.011611 -0.042749 0.109654
v 0.010008 -0.042322 0.109761
v -0.022341 0.058300 0.139996
v 0.017316 0.058552 0.131976
v 0.015550 0.058300 0.163400
v 0.017454 0.058733 0.162112
v -0.021450 0.058950 0.133600
v -0.021012 0.058688 0.162912
v -0.019450 0.058950 0.163400
v -0.023213 0.058644 0.163680
v 0.015550 0.058950 0.163400
v 0.017586 0.058923 0.164521
v 0.017550 0.058950 0.133600
v -0.020828 0.058576 0.131951
v -0.021408 0.053837 0.161854
v 0.017550 0.054000 0.133600
v -0.020673 0.053691 0.131684
v -0.021450 0.054000 0.133600
v 0.015550 0.054000 0.163400
v 0.017014 0.053747 0.131998
v 0.017550 0.053350 0.133600
v 0.017550 0.053350 0.161400
v 0.015550 0.053350 0.163400
v -0.019450 0.053350 0.163400
v -0.021450 0.053350 0.161400
v -0.021450 0.053350 0.133600
v 0.019704 0.057847 0.114392
v 0.020550 0.056450 0.114900
v 0.020502 0.056938 0.114900
v 0.020360 0.057407 0.114900
v 0.020129 0.057839 0.114900
v 0.019818 0.058218 0.114900
v 0.019007 0.058760 0.114900
v 0.018538 0.058902 0.114900
v 0.018050 0.058450 0.114400
v 0.019439 0.058529 0.114900
v 0.018050 0.058950 0.114900
v -0.021950 0.058950 0.114900
v -0.022971 0.058274 0.114398
v -0.022438 0.058902 0.114900
v -0.022907 0.058760 0.114900
v -0.023339 0.058529 0.114900
v -0.023718 0.058218 0.114900
v -0.024029 0.057839 0.114900
v -0.023963 0.057475 0.114523
v -0.024450 0.056450 0.114900
v -0.024402 0.056938 0.114900
v -0.012864 0.052937 0.122224
v -0.013347 0.053129 0.122573
v -0.014143 0.053287 0.123043
v -0.013863 0.053252 0.122908
v -0.014450 0.053300 0.123103
v -0.015791 0.052254 0.116886
v -0.012437 0.050533 0.114524
v -0.013165 0.050935 0.114400
v -0.015975 0.039799 0.116829
v 0.011604 0.053182 0.122639
v 0.010550 0.053300 0.123103
v 0.011696 0.052938 0.116356
v -0.024184 0.053415 0.121826
v -0.024450 0.055850 0.123600
v -0.024527 0.053043 0.120950
v -0.017482 0.051657 0.121250
v 0.010376 0.037839 0.117509
v 0.019826 0.033918 0.120969
v 0.020645 0.052937 0.120998
v 0.020550 0.055850 0.123600
v -0.021950 0.053350 0.123600
v -0.024402 0.055362 0.123600
v -0.024412 0.055294 0.123151
v -0.024260 0.054893 0.123600
v -0.024029 0.054461 0.123600
v -0.023718 0.054082 0.123600
v -0.024050 0.053858 0.122188
v -0.023100 0.053008 0.121739
v -0.023339 0.053771 0.123600
v -0.022438 0.053398 0.123600
v 0.018538 0.053398 0.123600
v 0.018050 0.053350 0.123600
v 0.019431 0.053332 0.122357
v 0.019007 0.053540 0.123600
v 0.019439 0.053771 0.123600
v 0.019818 0.054082 0.123600
v 0.020050 0.051267 0.121100
v 0.019052 0.052363 0.121435
v 0.020379 0.054881 0.123238
v 0.020129 0.054461 0.123600
v 0.020443 0.054601 0.122613
v 0.020502 0.055362 0.123600
v 0.020272 0.053356 0.121740
v -0.021950 0.053350 0.161400
v -0.022438 0.053398 0.161400
v -0.022907 0.053540 0.161400
v -0.023339 0.053771 0.161400
v -0.022156 0.053586 0.164570
v -0.024029 0.054461 0.161400
v -0.023718 0.054082 0.161400
v -0.023461 0.055754 0.165061
v -0.024260 0.054893 0.161400
v -0.024402 0.055362 0.161400
v -0.020603 0.053564 0.163186
v -0.019450 0.053398 0.164388
v -0.019450 0.053350 0.163900
v -0.019450 0.053540 0.164857
v -0.019450 0.053771 0.165289
v -0.019450 0.054082 0.165668
v -0.019450 0.054461 0.165979
v -0.019450 0.054893 0.166210
v -0.019450 0.055362 0.166352
v -0.019450 0.055850 0.166400
v 0.015550 0.053350 0.163900
v 0.015550 0.053398 0.164388
v 0.015550 0.053540 0.164857
v 0.015550 0.053771 0.165289
v 0.015550 0.054082 0.165668
v 0.015550 0.054461 0.165979
v 0.015550 0.054893 0.166210
v 0.015550 0.055362 0.166352
v 0.015550 0.055850 0.166400
v 0.018538 0.053398 0.161400
v 0.018050 0.053350 0.161400
v 0.019007 0.053540 0.161400
v 0.019439 0.053771 0.161400
v 0.019818 0.054082 0.161400
v 0.020129 0.054461 0.161400
v 0.020502 0.055362 0.161400
v 0.020360 0.054893 0.161400
v 0.020475 0.055489 0.162171
v 0.017173 0.053517 0.162860
v 0.018850 0.053886 0.164858
v 0.018050 0.058950 0.161400
v 0.018538 0.058902 0.161400
v 0.019007 0.058760 0.161400
v 0.019439 0.058529 0.161400
v 0.020129 0.057839 0.161400
v 0.019818 0.058218 0.161400
v 0.019929 0.057066 0.164128
v 0.020360 0.057407 0.161400
v 0.020550 0.056450 0.161400
v 0.016091 0.058935 0.164174
v 0.015550 0.058902 0.164388
v 0.015550 0.058760 0.164857
v 0.015550 0.058529 0.165289
v 0.015550 0.058218 0.165668
v 0.015550 0.057839 0.165979
v 0.015550 0.057407 0.166210
v 0.015550 0.056938 0.166352
v 0.015550 0.056450 0.166400
v -0.019450 0.058950 0.163900
v -0.019450 0.058902 0.164388
v -0.019450 0.058760 0.164857
v -0.019450 0.058529 0.165289
v -0.019450 0.058218 0.165668
v -0.019450 0.057839 0.165979
v -0.019450 0.057407 0.166210
v -0.019450 0.056938 0.166352
v -0.019450 0.056450 0.166400
v -0.022438 0.058902 0.161400
v -0.021950 0.058950 0.161400
v -0.022907 0.058760 0.161400
v -0.023339 0.058529 0.161400
v -0.023718 0.058218 0.161400
v -0.024029 0.057839 0.161400
v -0.021429 0.057429 0.165946
v -0.024402 0.056938 0.161400
v -0.024260 0.057407 0.161400
v -0.024450 0.056450 0.161400
v 0.006945 0.048470 0.118691
v 0.008871 0.050345 0.114400
v 0.009265 0.050935 0.114400
v 0.008284 0.052496 0.121735
v -0.002036 0.051525 0.121205
v 0.013232 0.052007 0.121483
v 0.008966 0.052938 0.122226
v -0.015990 0.053061 0.122587
v 0.010242 0.053287 0.123042
v 0.009961 0.053252 0.122907
v 0.009446 0.053129 0.122573
v -0.029108 0.030662 0.051714
v -0.028442 0.027807 0.050150
v -0.028461 0.027416 0.050150
v -0.028442 0.027220 0.050150
v -0.028461 0.027612 0.050150
v -0.028460 0.028071 0.050376
v -0.028404 0.027028 0.050150
v -0.028553 0.024640 0.050666
v -0.028562 0.027065 0.050401
v -0.028347 0.026840 0.044750
v -0.028404 0.027028 0.044750
v -0.028461 0.027612 0.044750
v -0.028442 0.027220 0.044750
v -0.028404 0.028000 0.044750
v -0.028442 0.027807 0.044750
v -0.025882 0.027446 0.043521
v -0.028381 0.027392 0.044478
v -0.022886 0.025169 0.052141
v 0.023728 -0.049507 0.076349
v 0.026927 -0.045552 0.078843
v 0.030264 -0.050732 0.078747
v 0.027808 -0.050706 0.069050
v 0.027850 -0.050316 0.069050
v 0.027839 -0.050512 0.069050
v 0.027815 -0.049925 0.069050
v 0.027842 -0.050120 0.069050
v 0.027753 -0.049494 0.068886
v 0.027704 -0.049549 0.069050
v 0.027768 -0.049735 0.069050
v 0.027522 -0.049202 0.069050
v 0.027621 -0.049371 0.069050
v 0.027406 -0.049044 0.069050
v 0.027131 -0.048764 0.069050
v 0.027275 -0.048897 0.069050
v 0.026807 -0.048544 0.069050
v 0.026974 -0.048646 0.069050
v 0.026630 -0.048458 0.069050
v 0.026359 -0.048363 0.068926
v 0.026256 -0.048342 0.069050
v 0.026446 -0.048391 0.069050
v 0.026062 -0.048311 0.069050
v 0.025670 -0.048308 0.069050
v 0.025866 -0.048300 0.069050
v 0.025475 -0.048335 0.069050
v 0.025178 -0.048452 0.068864
v 0.024921 -0.048529 0.069050
v 0.025099 -0.048446 0.069050
v 0.024752 -0.048628 0.069050
v 0.024563 -0.048800 0.068938
v 0.024314 -0.049019 0.069050
v 0.024447 -0.048875 0.069050
v 0.024094 -0.049343 0.069050
v 0.024196 -0.049176 0.069050
v 0.024008 -0.049588 0.068927
v 0.024008 -0.049520 0.069050
v 0.027873 -0.051559 0.076371
v 0.027253 -0.051725 0.076138
v 0.027106 -0.051856 0.076138
v 0.026601 -0.052154 0.076138
v 0.026779 -0.052071 0.076138
v 0.026415 -0.052218 0.076138
v 0.026225 -0.052265 0.076138
v 0.026030 -0.052292 0.076138
v 0.025989 -0.052332 0.076207
v 0.025638 -0.052289 0.076138
v 0.025444 -0.052258 0.076138
v 0.025254 -0.052209 0.076138
v 0.027030 -0.051946 0.076189
v 0.023995 -0.052300 0.076763
v 0.025070 -0.052142 0.076138
v 0.024893 -0.052056 0.076138
v 0.024655 -0.051914 0.076185
v 0.024569 -0.051836 0.076138
v 0.024425 -0.051703 0.076138
v 0.024294 -0.051556 0.076138
v 0.024178 -0.051398 0.076138
v 0.024079 -0.051229 0.076138
v 0.023996 -0.051051 0.072594
v 0.023887 -0.050780 0.076199
v 0.023858 -0.050480 0.076138
v 0.023885 -0.050675 0.076138
v 0.023842 -0.050122 0.076202
v 0.023850 -0.050284 0.076138
v 0.023892 -0.049894 0.076138
v 0.023941 -0.049704 0.076138
v 0.023904 -0.047081 0.077988
v 0.024094 -0.049343 0.076138
v 0.024196 -0.049176 0.076138
v 0.024314 -0.049019 0.076138
v 0.024447 -0.048875 0.076138
v 0.024594 -0.048744 0.076138
v 0.024752 -0.048628 0.076138
v 0.025099 -0.048446 0.076138
v 0.025285 -0.048382 0.076138
v 0.025475 -0.048335 0.076138
v 0.025670 -0.048308 0.076138
v 0.025866 -0.048300 0.076138
v 0.026062 -0.048311 0.076138
v 0.026256 -0.048342 0.076138
v 0.026446 -0.048391 0.076138
v 0.026630 -0.048458 0.076138
v 0.026807 -0.048544 0.076138
v 0.026974 -0.048646 0.076138
v 0.027131 -0.048764 0.076138
v 0.027275 -0.048897 0.076138
v 0.027406 -0.049044 0.076138
v 0.027522 -0.049202 0.076138
v 0.027621 -0.049371 0.076138
v 0.027704 -0.049549 0.076138
v 0.027768 -0.049735 0.076138
v 0.027815 -0.049925 0.076138
v 0.027842 -0.050120 0.076138
v 0.027850 -0.050316 0.076138
v 0.027839 -0.050512 0.076138
v 0.027347 -0.051421 0.068895
v 0.026948 -0.051972 0.069050
v 0.027253 -0.051725 0.069050
v 0.026779 -0.052071 0.069050
v 0.026225 -0.052265 0.069050
v 0.026601 -0.052154 0.069050
v 0.025834 -0.052300 0.069050
v 0.025638 -0.052289 0.069050
v 0.026030 -0.052292 0.069050
v 0.025444 -0.052258 0.069050
v 0.025254 -0.052209 0.069050
v 0.024893 -0.052056 0.069050
v 0.024726 -0.051954 0.069050
v 0.024294 -0.051556 0.069050
v 0.024079 -0.051229 0.069050
v 0.024178 -0.051398 0.069050
v 0.024569 -0.051836 0.069050
v 0.023932 -0.050865 0.069050
v 0.023885 -0.050675 0.069050
v 0.023861 -0.050088 0.069050
v 0.023892 -0.049894 0.069050
v 0.023850 -0.050284 0.069050
v 0.022978 -0.054254 0.079036
v 0.024853 -0.048556 0.076186
v 0.026638 -0.047144 0.077326
v 0.027631 -0.049313 0.076215
v 0.027850 -0.050575 0.076192
v 0.023894 -0.050652 0.068901
v 0.023999 -0.051037 0.068989
v 0.024362 -0.051625 0.068968
v 0.025116 -0.052130 0.068920
v 0.026352 -0.052197 0.068906
v 0.025732 -0.052297 0.068960
v 0.027143 -0.051798 0.068942
v 0.012774 -0.034705 0.118102
v 0.012029 -0.036304 0.108200
v 0.012094 -0.036429 0.108079
v 0.011890 -0.036165 0.108200
v 0.011738 -0.036041 0.108200
v 0.011220 -0.035766 0.108200
v 0.011401 -0.035840 0.108200
v 0.011165 -0.035760 0.108105
v 0.011597 -0.036014 0.108023
v 0.010839 -0.035671 0.108200
v 0.010448 -0.035653 0.108200
v 0.010644 -0.035652 0.108200
v 0.010253 -0.035672 0.108200
v 0.009872 -0.035768 0.108200
v 0.010060 -0.035711 0.108200
v 0.009518 -0.035937 0.108200
v 0.009355 -0.036046 0.108200
v 0.010286 -0.035728 0.108004
v 0.009619 -0.035894 0.108074
v 0.009065 -0.036310 0.108200
v 0.009204 -0.036171 0.108200
v 0.008941 -0.036462 0.108200
v 0.008740 -0.036799 0.108200
v 0.008832 -0.036625 0.108200
v 0.008609 -0.037168 0.108200
v 0.008666 -0.036980 0.108200
v 0.008744 -0.036832 0.108027
v 0.008552 -0.037556 0.108200
v 0.008571 -0.037361 0.108200
v 0.008553 -0.037752 0.108200
v 0.008668 -0.038328 0.108200
v 0.008611 -0.038140 0.108200
v 0.008837 -0.038682 0.108200
v 0.008946 -0.038845 0.108200
v 0.008793 -0.038597 0.108123
v 0.008615 -0.037954 0.108049
v 0.009020 -0.038807 0.108012
v 0.009071 -0.038996 0.108200
v 0.009362 -0.039259 0.117800
v 0.009699 -0.039460 0.117800
v 0.009210 -0.039135 0.117800
v 0.010261 -0.039629 0.117800
v 0.010456 -0.039648 0.117800
v 0.009880 -0.039534 0.117800
v 0.009071 -0.038996 0.117800
v 0.009457 -0.039422 0.117946
v 0.010068 -0.039591 0.117800
v 0.010652 -0.039647 0.117800
v 0.010847 -0.039628 0.117800
v 0.011228 -0.039532 0.117800
v 0.011040 -0.039589 0.117800
v 0.011409 -0.039456 0.117800
v 0.011582 -0.039363 0.117800
v 0.011745 -0.039254 0.117800
v 0.011723 -0.039380 0.117968
v 0.012418 -0.038595 0.117972
v 0.012035 -0.038990 0.117800
v 0.012159 -0.038838 0.117800
v 0.012360 -0.038501 0.117800
v 0.012491 -0.038132 0.117800
v 0.012529 -0.037939 0.117800
v 0.012434 -0.038320 0.117800
v 0.011896 -0.039129 0.117800
v 0.012268 -0.038675 0.117800
v 0.012548 -0.037744 0.117800
v 0.012547 -0.037548 0.117800
v 0.012528 -0.037353 0.117800
v 0.012489 -0.037160 0.117800
v 0.012432 -0.036972 0.117800
v 0.012356 -0.036791 0.117800
v 0.012263 -0.036618 0.117800
v 0.012255 -0.036424 0.117965
v 0.012154 -0.036455 0.117800
v 0.012029 -0.036304 0.117800
v 0.008872 -0.036412 0.117976
v 0.008837 -0.038682 0.117800
v 0.008744 -0.038509 0.117800
v 0.008668 -0.038328 0.117800
v 0.008580 -0.038119 0.117901
v 0.008572 -0.037947 0.117800
v 0.008553 -0.037752 0.117800
v 0.008552 -0.037556 0.117800
v 0.008571 -0.037361 0.117800
v 0.008609 -0.037168 0.117800
v 0.008666 -0.036980 0.117800
v 0.008740 -0.036799 0.117800
v 0.008832 -0.036625 0.117800
v 0.008941 -0.036462 0.117800
v 0.009065 -0.036310 0.117800
v 0.009204 -0.036171 0.117800
v 0.009222 -0.036103 0.117932
v 0.009518 -0.035937 0.117800
v 0.009691 -0.035844 0.117800
v 0.009872 -0.035768 0.117800
v 0.010060 -0.035711 0.117800
v 0.010448 -0.035653 0.117800
v 0.010644 -0.035652 0.117800
v 0.010839 -0.035671 0.117800
v 0.011032 -0.035709 0.117800
v 0.011401 -0.035840 0.117800
v 0.011575 -0.035932 0.117800
v 0.011890 -0.036165 0.117800
v 0.010729 -0.039583 0.108019
v 0.012460 -0.038373 0.107995
v 0.012263 -0.036618 0.108200
v 0.012154 -0.036455 0.108200
v 0.012432 -0.036972 0.108200
v 0.012528 -0.037353 0.108200
v 0.012489 -0.037160 0.108200
v 0.012356 -0.036791 0.108200
v 0.012548 -0.037744 0.108200
v 0.012491 -0.038132 0.108200
v 0.012529 -0.037939 0.108200
v 0.012360 -0.038501 0.108200
v 0.012159 -0.038838 0.108200
v 0.012268 -0.038675 0.108200
v 0.012434 -0.038320 0.108200
v 0.012547 -0.037548 0.108200
v 0.012035 -0.038990 0.108200
v 0.011896 -0.039129 0.108200
v 0.011745 -0.039254 0.108200
v 0.011228 -0.039532 0.108200
v 0.011582 -0.039363 0.108200
v 0.011040 -0.039589 0.108200
v 0.010456 -0.039648 0.108200
v 0.010847 -0.039628 0.108200
v 0.010068 -0.039591 0.108200
v 0.009699 -0.039460 0.108200
v 0.009525 -0.039368 0.108200
v 0.009362 -0.039259 0.108200
v 0.010261 -0.039629 0.108200
v 0.009215 -0.039129 0.108142
v 0.011633 -0.035887 0.117970
v 0.010158 -0.035665 0.117903
v 0.011125 -0.035684 0.117946
v 0.008939 -0.038850 0.117862
v 0.010674 -0.035578 0.117972
v 0.009743 -0.035774 0.117914
v 0.008535 -0.037108 0.117950
v 0.011399 -0.039410 0.108038
v 0.009764 -0.039452 0.108030
v 0.012573 -0.037438 0.108081
v 0.007720 -0.034494 0.120856
v 0.013186 -0.040590 0.121099
v 0.007227 -0.038697 0.118123
v 0.010837 -0.041235 0.118175
v 0.014010 -0.037621 0.118172
v 0.000057 0.051369 0.113995
v -0.001798 0.052008 0.097900
v -0.001510 0.052066 0.097900
v -0.001820 0.051988 0.097864
v -0.000994 0.052344 0.097900
v -0.001238 0.052180 0.097900
v -0.000625 0.052798 0.097900
v -0.000787 0.052552 0.097900
v -0.000513 0.053070 0.097900
v -0.000516 0.053940 0.097900
v -0.000458 0.053652 0.097900
v -0.000457 0.053358 0.097900
v -0.000794 0.054456 0.097900
v -0.000630 0.054212 0.097900
v -0.001002 0.054663 0.097900
v -0.001520 0.054937 0.097900
v -0.001137 0.054734 0.097764
v -0.001808 0.054993 0.097900
v -0.002092 0.052007 0.112038
v -0.002652 0.052175 0.112038
v -0.003075 0.052485 0.112088
v -0.002898 0.052337 0.112038
v -0.003008 0.052954 0.097673
v -0.003403 0.053054 0.112059
v -0.003442 0.053348 0.112038
v -0.003443 0.053642 0.112038
v -0.003275 0.054202 0.112038
v -0.003113 0.054448 0.112038
v -0.002906 0.054656 0.112038
v -0.002662 0.054820 0.112038
v -0.002102 0.054992 0.112038
v -0.002390 0.054934 0.112038
v -0.001520 0.054937 0.112038
v -0.001248 0.054825 0.112038
v -0.001002 0.054663 0.112038
v -0.000794 0.054456 0.112038
v -0.000630 0.054212 0.112038
v -0.000516 0.053940 0.112038
v -0.000458 0.053652 0.112038
v -0.000457 0.053358 0.112038
v -0.000513 0.053070 0.112038
v -0.000625 0.052798 0.112038
v -0.000787 0.052552 0.112038
v -0.000994 0.052344 0.112038
v -0.001238 0.052180 0.112038
v -0.001510 0.052066 0.112038
v -0.002380 0.052063 0.097900
v -0.002898 0.052337 0.097900
v -0.003106 0.052544 0.097900
v -0.003384 0.053060 0.097900
v -0.003442 0.053348 0.097900
v -0.003443 0.053642 0.097900
v -0.003387 0.053930 0.104969
v -0.002906 0.054656 0.097900
v -0.003113 0.054448 0.097900
v -0.002390 0.054934 0.097900
v -0.002102 0.054992 0.097900
v -0.002662 0.054820 0.097900
v -0.001511 0.055923 0.113032
v -0.002416 0.052031 0.112036
v -0.004382 0.054325 0.113147
v -0.001962 0.056606 0.113710
v -0.001526 0.052028 0.112095
v -0.003283 0.054162 0.097812
v -0.001493 0.053944 0.097129
v -0.002767 0.052241 0.097791
v -0.005145 0.053552 0.113267
v -0.012995 -0.043284 0.119074
v -0.013038 -0.043144 0.119074
v -0.013094 -0.043008 0.119074
v -0.012952 -0.043575 0.119074
v -0.012966 -0.043429 0.119074
v -0.012952 -0.043722 0.119074
v -0.013037 -0.044154 0.119074
v -0.012995 -0.044013 0.119074
v -0.013163 -0.044420 0.119074
v -0.013094 -0.044290 0.119074
v -0.013338 -0.044657 0.119074
v -0.013245 -0.044543 0.119074
v -0.013443 -0.044759 0.119127
v -0.013556 -0.044854 0.119074
v -0.012955 -0.043817 0.119166
v -0.013678 -0.044936 0.119074
v -0.013944 -0.045062 0.119074
v -0.013808 -0.045006 0.119074
v -0.014229 -0.045134 0.119074
v -0.014084 -0.045105 0.119074
v -0.014522 -0.045148 0.119074
v -0.014375 -0.045148 0.119074
v -0.014813 -0.045105 0.119074
v -0.014669 -0.045134 0.119074
v -0.015090 -0.045006 0.119074
v -0.014954 -0.045063 0.119074
v -0.015343 -0.044855 0.119074
v -0.015457 -0.044762 0.119074
v -0.015736 -0.044422 0.119074
v -0.015654 -0.044544 0.119074
v -0.015629 -0.044587 0.119160
v -0.015806 -0.044292 0.119074
v -0.015503 -0.044680 0.109920
v -0.013716 -0.044860 0.109641
v -0.013086 -0.044353 0.119664
v -0.013038 -0.043144 0.110126
v -0.013094 -0.043008 0.110126
v -0.012966 -0.043429 0.110126
v -0.012952 -0.043575 0.110126
v -0.012952 -0.043722 0.110126
v -0.012966 -0.043869 0.110126
v -0.013047 -0.043400 0.109671
v -0.012995 -0.044013 0.110126
v -0.013037 -0.044154 0.110126
v -0.013094 -0.044290 0.110126
v -0.013245 -0.044543 0.110126
v -0.013338 -0.044657 0.110126
v -0.013442 -0.044761 0.110126
v -0.013556 -0.044854 0.110126
v -0.013128 -0.044367 0.110023
v -0.015806 -0.044292 0.110126
v -0.015733 -0.044432 0.110090
v -0.015736 -0.044422 0.110126
v -0.013808 -0.045006 0.110126
v -0.013944 -0.045062 0.110126
v -0.014084 -0.045105 0.110126
v -0.014229 -0.045134 0.110126
v -0.014375 -0.045148 0.110126
v -0.014522 -0.045148 0.110126
v -0.014669 -0.045134 0.110126
v -0.014813 -0.045105 0.110126
v -0.014954 -0.045063 0.110126
v -0.015090 -0.045006 0.110126
v -0.015220 -0.044937 0.110126
v -0.015343 -0.044855 0.110126
v -0.014535 -0.045191 0.109965
v -0.015561 -0.044658 0.110126
v -0.015923 -0.043709 0.119286
v -0.015534 -0.042653 0.119292
v -0.014331 -0.042207 0.119410
v -0.015080 -0.042314 0.119313
v -0.013164 -0.042878 0.110126
v -0.013246 -0.042756 0.110126
v -0.013339 -0.042642 0.110126
v -0.013246 -0.042756 0.119074
v -0.013164 -0.042878 0.119074
v -0.013443 -0.042538 0.110126
v -0.013557 -0.042445 0.110126
v -0.013443 -0.042538 0.119074
v -0.013810 -0.042294 0.110126
v -0.013520 -0.042047 0.112155
v -0.013339 -0.042642 0.119074
v -0.013946 -0.042237 0.110126
v -0.014087 -0.042195 0.110126
v -0.013946 -0.042237 0.119074
v -0.014231 -0.042166 0.110126
v -0.014378 -0.042152 0.110126
v -0.014231 -0.042166 0.119074
v -0.014087 -0.042195 0.119074
v -0.014525 -0.042152 0.110126
v -0.014671 -0.042166 0.119074
v -0.014816 -0.042195 0.110126
v -0.014956 -0.042238 0.110126
v -0.014816 -0.042195 0.119074
v -0.014525 -0.042152 0.119074
v -0.013810 -0.042294 0.119074
v -0.014956 -0.042238 0.119074
v -0.015092 -0.042294 0.110126
v -0.015092 -0.042294 0.119074
v -0.015222 -0.042364 0.110126
v -0.015344 -0.042446 0.110126
v -0.015222 -0.042364 0.119074
v -0.015458 -0.042539 0.110126
v -0.015562 -0.042643 0.110126
v -0.015458 -0.042539 0.119074
v -0.015344 -0.042446 0.119074
v -0.015691 -0.042811 0.110089
v -0.015737 -0.042880 0.110126
v -0.015655 -0.042757 0.119074
v -0.015806 -0.043010 0.110126
v -0.015863 -0.043146 0.110126
v -0.015863 -0.043146 0.119074
v -0.015737 -0.042880 0.119074
v -0.015905 -0.043287 0.110126
v -0.015934 -0.043431 0.119074
v -0.015948 -0.043578 0.110126
v -0.015948 -0.043725 0.110126
v -0.015948 -0.043725 0.119074
v -0.015934 -0.043871 0.110126
v -0.015905 -0.044016 0.110126
v -0.015905 -0.044016 0.119074
v -0.015862 -0.044156 0.110126
v -0.015862 -0.044156 0.119074
v -0.015934 -0.043871 0.119074
v -0.015905 -0.043287 0.119074
v -0.015081 -0.043853 0.109091
v -0.015202 -0.044969 0.119613
v -0.015669 -0.042933 0.119568
v -0.014141 -0.042270 0.119596
v -0.013501 -0.042559 0.119462
v -0.013742 -0.042401 0.109634
v -0.014739 -0.042288 0.109654
v -0.015876 -0.043496 0.109761
v -0.003020 0.057207 0.090393
v -0.003028 0.057500 0.072278
v -0.002534 0.057500 0.072609
v -0.001366 0.057500 0.072609
v -0.000872 0.057500 0.072278
v -0.002215 0.057246 0.072528
v 0.036717 0.011131 0.013228
v 0.030317 -0.022289 0.041453
v 0.019083 0.034773 0.041740
v 0.033050 -0.019415 0.081020
v 0.033050 -0.049500 0.102900
v 0.033050 -0.049500 0.061266
v 0.033050 -0.013334 0.081009
v 0.033050 -0.018220 0.080895
v 0.033050 -0.019415 0.079958
v 0.033050 -0.017366 0.080522
v 0.033050 -0.014448 0.080839
v 0.033050 -0.015243 0.080328
v 0.033050 -0.008650 0.080981
v 0.033050 -0.016854 0.079901
v 0.033050 -0.017912 0.079574
v 0.033050 -0.018570 0.079888
v 0.033050 -0.016684 0.079030
v 0.033050 -0.015720 0.079476
v 0.033050 -0.015880 0.078283
v 0.033050 -0.015720 0.077086
v 0.033050 -0.017756 0.079035
v 0.033050 -0.009440 0.080782
v 0.033050 -0.012215 0.080839
v 0.033050 -0.009793 0.080551
v 0.033050 -0.011417 0.080328
v 0.033050 -0.007808 0.081009
v 0.033050 -0.006967 0.080981
v 0.033050 0.008547 0.083752
v 0.033050 -0.003053 0.080839
v 0.033050 -0.005827 0.080551
v 0.033050 -0.003848 0.080328
v 0.033050 -0.006180 0.080782
v 0.033050 -0.010087 0.080129
v 0.033050 -0.010937 0.079476
v 0.033050 -0.010288 0.079408
v 0.033050 -0.010778 0.078283
v 0.033050 -0.010363 0.078283
v 0.033050 -0.005335 0.079405
v 0.033050 -0.004326 0.079476
v 0.033050 -0.005535 0.080127
v 0.033050 -0.004485 0.078283
v 0.033050 -0.017756 0.073392
v 0.033050 -0.017756 0.075547
v 0.033050 -0.019415 0.075547
v 0.033050 -0.019415 0.076608
v 0.033050 -0.016684 0.075507
v 0.033050 -0.015243 0.076231
v 0.033050 -0.013334 0.075547
v 0.033050 -0.014448 0.075718
v 0.033050 -0.016684 0.073392
v 0.033050 -0.026438 0.051645
v 0.033050 -0.019220 0.046815
v 0.033050 0.007398 0.069949
v 0.033050 0.008613 0.069312
v 0.033050 -0.006333 0.073392
v 0.033050 -0.012215 0.075718
v 0.033050 -0.010203 0.077086
v 0.033050 -0.010937 0.077086
v 0.033050 -0.009724 0.076231
v 0.033050 -0.011417 0.076231
v 0.033050 -0.004326 0.077086
v 0.033050 -0.005261 0.078278
v 0.033050 -0.005261 0.075835
v 0.033050 -0.008925 0.075718
v 0.033050 -0.006333 0.075547
v 0.033050 -0.007806 0.075547
v 0.033050 -0.005261 0.073392
v 0.033050 -0.003848 0.076231
v 0.033050 0.005187 0.077341
v 0.033050 0.005438 0.080040
v 0.033050 -0.001939 0.081009
v 0.033050 0.002771 0.081009
v 0.033050 -0.000821 0.080839
v 0.033050 -0.000022 0.080328
v 0.033050 0.000458 0.079476
v 0.033050 0.002771 0.077526
v 0.033050 0.006436 0.082254
v 0.033050 0.003843 0.081009
v 0.033050 0.000617 0.078283
v 0.033050 0.007329 0.083107
v 0.033050 0.002493 0.076887
v 0.033050 0.002702 0.077149
v 0.033050 0.001957 0.076678
v 0.033050 0.000458 0.077086
v 0.033050 0.001112 0.076608
v 0.033050 -0.000022 0.076231
v 0.033050 0.003673 0.076663
v 0.033050 0.003843 0.077532
v 0.033050 0.049500 0.102900
v 0.033045 0.012349 0.084308
v 0.033050 0.014539 0.084160
v 0.033044 0.014186 0.084216
v 0.033050 0.016117 0.083752
v 0.033050 0.017333 0.083107
v 0.033050 0.005821 0.081222
v 0.033050 0.018231 0.082254
v 0.033050 0.018854 0.081222
v 0.033050 0.019246 0.080040
v 0.033050 0.019507 0.077341
v 0.033050 0.049500 0.061266
v 0.033050 0.005187 0.075682
v 0.033050 -0.003053 0.075718
v 0.033050 -0.001939 0.075547
v 0.033050 -0.000821 0.075718
v 0.033050 0.001112 0.075547
v 0.033050 0.003160 0.076043
v 0.033050 0.002307 0.075671
v 0.033050 0.005460 0.072991
v 0.033050 0.005862 0.071817
v 0.033050 0.006494 0.070793
v 0.033050 0.010179 0.068909
v 0.033050 0.017441 0.069949
v 0.033050 0.016220 0.069312
v 0.033050 0.019507 0.075682
v 0.033050 0.019280 0.072991
v 0.033050 0.018919 0.071817
v 0.033050 0.018323 0.070793
v 0.033050 0.022751 0.049356
v 0.033050 -0.017756 0.076608
v -0.036944 -0.014186 0.084216
v -0.036950 -0.014539 0.084160
v -0.036950 -0.049500 0.102900
v -0.036950 -0.016117 0.083752
v -0.036950 -0.018231 0.082254
v -0.036950 -0.018854 0.081222
v -0.036950 -0.017333 0.083107
v -0.036950 -0.019246 0.080040
v -0.036950 0.049500 0.102900
v -0.036950 -0.002771 0.081009
v -0.036950 -0.006436 0.082254
v -0.036950 -0.007329 0.083107
v -0.036950 0.001939 0.081009
v -0.036950 -0.008547 0.083752
v -0.036950 -0.003843 0.081009
v -0.036950 -0.005821 0.081222
v -0.036950 -0.005438 0.080040
v -0.036950 0.000821 0.080839
v -0.036950 -0.003843 0.079271
v -0.036950 0.006967 0.080981
v -0.036950 -0.003843 0.077532
v -0.036950 -0.005187 0.077341
v -0.036950 -0.000458 0.079476
v -0.036950 -0.000617 0.078283
v -0.036950 -0.003673 0.076663
v -0.036950 -0.000458 0.077086
v -0.036950 -0.001957 0.076678
v -0.036950 -0.002731 0.077212
v -0.036950 -0.049500 0.061266
v -0.036950 -0.019507 0.077341
v -0.036950 0.000022 0.080328
v -0.036950 0.005827 0.080551
v -0.036950 0.003848 0.080328
v -0.036950 0.003053 0.080839
v -0.036950 0.005261 0.078278
v -0.036950 0.004326 0.077086
v -0.036950 0.004485 0.078283
v -0.036950 0.005335 0.079405
v -0.036950 0.004326 0.079476
v -0.036950 0.005535 0.080127
v -0.036950 0.007808 0.081009
v -0.036950 0.012215 0.080839
v -0.036950 0.009440 0.080782
v -0.036950 0.008650 0.080981
v -0.036950 0.006180 0.080782
v -0.036950 0.011417 0.080328
v -0.036950 0.010087 0.080129
v -0.036950 0.009793 0.080551
v -0.036950 0.019415 0.081020
v -0.036950 0.018220 0.080895
v -0.036950 0.013334 0.081009
v -0.036950 0.014448 0.080839
v -0.036950 0.049500 0.061266
v -0.036950 0.017366 0.080522
v -0.036950 0.015243 0.080328
v -0.036950 0.016854 0.079901
v -0.036950 0.010937 0.079476
v -0.036950 0.010778 0.078283
v -0.036950 0.010288 0.079408
v -0.036950 0.010363 0.078283
v -0.036950 0.010937 0.077086
v -0.036950 0.018570 0.079888
v -0.036950 0.019415 0.079958
v -0.036950 0.017756 0.079035
v -0.036950 0.017912 0.079574
v -0.036950 0.016684 0.079030
v -0.036950 0.015880 0.078283
v -0.036950 0.015720 0.079476
v -0.036950 0.016684 0.073392
v -0.036950 0.015720 0.077086
v -0.036950 0.010203 0.077086
v -0.036950 0.005261 0.073392
v -0.036950 -0.019507 0.075682
v -0.036950 -0.019280 0.072991
v -0.036950 -0.018919 0.071817
v -0.036950 -0.018323 0.070793
v -0.036950 -0.017441 0.069949
v -0.036950 -0.005862 0.071817
v -0.036950 -0.005460 0.072991
v -0.036950 -0.001112 0.075547
v -0.036950 -0.001112 0.076608
v -0.036950 0.000022 0.076231
v -0.036950 -0.002307 0.075671
v -0.036950 -0.005187 0.075682
v -0.036950 -0.003160 0.076043
v -0.036950 -0.006494 0.070793
v -0.036950 -0.016220 0.069312
v -0.036950 -0.014609 0.068909
v -0.036950 -0.022751 0.049356
v -0.036950 -0.010179 0.068909
v -0.036950 -0.012556 0.068769
v -0.036950 -0.008613 0.069312
v -0.036950 -0.007398 0.069949
v -0.036950 0.019220 0.046815
v -0.036950 -0.012139 0.068769
v -0.036950 0.014448 0.075718
v -0.036950 0.015243 0.076231
v -0.036950 0.000821 0.075718
v -0.036950 0.003848 0.076231
v -0.036950 0.001939 0.075547
v -0.036950 0.003053 0.075718
v -0.036950 0.006333 0.073392
v -0.036950 0.008925 0.075718
v -0.036950 0.012215 0.075718
v -0.036950 0.007806 0.075547
v -0.036950 0.006333 0.075547
v -0.036950 0.011417 0.076231
v -0.036950 0.009724 0.076231
v -0.036950 0.013334 0.075547
v -0.036930 0.021535 0.047739
v -0.036950 0.019415 0.075547
v -0.036950 0.017756 0.073392
v -0.036950 0.017756 0.075547
v -0.036950 0.019415 0.076608
v -0.036950 0.026438 0.051645
v -0.036950 -0.002493 0.076887
v -0.036950 0.017756 0.076608
v -0.036650 0.049500 0.103200
v -0.035978 0.053116 0.103168
v -0.028950 -0.057200 0.103200
v -0.036650 -0.049500 0.103200
v -0.035627 -0.053945 0.103132
v 0.025050 0.057200 0.103200
v 0.032750 0.049500 0.103200
v 0.030832 0.055291 0.103237
v 0.032750 -0.049500 0.103200
v 0.032078 -0.053116 0.103168
v -0.034353 -0.021632 0.041094
v 0.026274 0.055109 0.055785
v 0.030972 0.018389 0.038902
v -0.034686 0.019286 0.039391
v -0.033857 -0.018712 0.018035
v -0.029976 -0.060483 0.100186
v -0.002261 -0.060940 0.064698
v -0.000541 0.057500 0.090616
v -0.002879 0.057836 0.069294
v -0.030119 0.057416 0.060768
v -0.003359 0.057500 0.090616
v -0.000872 0.057500 0.090122
v -0.001950 0.057500 0.089675
v 0.025050 0.057500 0.102900
v -0.003028 0.057500 0.090122
v -0.002534 0.057500 0.089791
v -0.028950 0.057500 0.102900
v 0.032631 -0.051707 0.059549
v 0.031805 -0.051107 0.057341
v 0.032379 -0.022074 0.045260
v 0.013610 -0.034985 0.037852
v 0.032075 -0.038793 0.051743
v 0.033042 0.028370 0.052506
v 0.029503 0.038640 0.049325
v 0.032827 0.012254 0.037682
v -0.036627 0.028570 0.049905
v -0.036485 0.051688 0.059308
v -0.035537 0.051200 0.057112
v -0.036491 0.019151 0.043153
v -0.036942 -0.028370 0.052506
v -0.035000 -0.030375 0.047125
v -0.033879 -0.029747 0.046313
v -0.036737 -0.011733 0.037242
v -0.036417 -0.052245 0.059532
v -0.035635 -0.044552 0.054469
v -0.035646 -0.053878 0.061266
v -0.034607 -0.055157 0.061266
v -0.035646 -0.053878 0.102900
v -0.036388 -0.052445 0.102900
v -0.036816 -0.050956 0.102900
v -0.036816 -0.050956 0.061266
v -0.035251 -0.054174 0.058414
v -0.033062 -0.055942 0.057589
v -0.030140 -0.054982 0.055938
v -0.035513 -0.051214 0.057080
v -0.019060 -0.038873 0.042914
v 0.032916 -0.050956 0.102900
v 0.032916 -0.050956 0.061266
v 0.031746 -0.053878 0.102900
v 0.032488 -0.052445 0.061266
v 0.031746 -0.053878 0.061266
v 0.030707 -0.055157 0.102900
v 0.030707 -0.055157 0.061266
v 0.029428 -0.056196 0.102900
v 0.027995 -0.056938 0.102900
v 0.029428 -0.056196 0.061266
v 0.026506 -0.057366 0.061266
v 0.032887 -0.051058 0.061266
v 0.032431 -0.052556 0.061266
v 0.031696 -0.053940 0.061266
v 0.031607 -0.053945 0.060148
v 0.029490 -0.056146 0.061266
v 0.028932 -0.056496 0.060530
v 0.027995 -0.056938 0.061266
v 0.028274 -0.056194 0.056607
v 0.025309 -0.057412 0.060108
v -0.030406 0.057366 0.061266
v -0.031895 0.056938 0.102900
v -0.033328 0.056196 0.061266
v -0.031602 0.056974 0.103148
v -0.033328 0.056196 0.102900
v -0.034607 0.055157 0.061266
v -0.034607 0.055157 0.102900
v -0.035646 0.053878 0.102900
v -0.035646 0.053878 0.061266
v -0.036388 0.052445 0.061266
v -0.036816 0.050956 0.061266
v -0.036816 0.050956 0.102900
v 0.032916 0.050956 0.061266
v 0.032488 0.052445 0.102900
v 0.031746 0.053878 0.061266
v 0.032916 0.050956 0.102900
v 0.030707 0.055157 0.061266
v 0.030707 0.055157 0.102900
v 0.031746 0.053878 0.102900
v 0.029428 0.056196 0.061266
v 0.029428 0.056196 0.102900
v 0.027995 0.056938 0.061266
v 0.026506 0.057366 0.061266
v 0.026506 0.057366 0.102900
v 0.027995 0.056938 0.102900
v -0.036787 0.051058 0.061266
v -0.036331 0.052556 0.061266
v -0.035596 0.053940 0.061266
v -0.035474 0.053945 0.059968
v -0.029573 0.056947 0.058475
v -0.033390 0.056146 0.061266
v -0.032860 0.056432 0.060130
v -0.031895 0.056938 0.061266
v -0.033104 0.055668 0.056837
v -0.030226 0.054918 0.055552
v 0.032405 0.052027 0.058867
v 0.026212 0.057423 0.060996
v 0.028628 0.055983 0.056936
v 0.031613 0.051214 0.057080
v -0.017954 0.056715 0.055293
v -0.017454 0.056926 0.055986
v -0.018712 0.035483 0.036041
v -0.003143 0.057514 0.070026
v -0.000016 0.058500 0.069421
v -0.036940 -0.012139 0.068769
v -0.036940 -0.010179 0.068909
v -0.036940 -0.008613 0.069312
v -0.036940 -0.007398 0.069949
v -0.036940 -0.006494 0.070793
v -0.036940 -0.005862 0.071817
v -0.036940 -0.005460 0.072991
v -0.036940 -0.005187 0.075682
v -0.036940 -0.005187 0.077341
v -0.036940 -0.005438 0.080040
v -0.036940 -0.005821 0.081222
v -0.036940 -0.006436 0.082254
v -0.036940 -0.007329 0.083107
v -0.036940 -0.008547 0.083752
v -0.036940 -0.010135 0.084160
v -0.036945 -0.010488 0.084216
v -0.036945 -0.012349 0.084308
v -0.036940 -0.016117 0.083752
v -0.036940 -0.017333 0.083107
v -0.036940 -0.018231 0.082254
v -0.036940 -0.018854 0.081222
v -0.036940 -0.019246 0.080040
v -0.036940 -0.019507 0.077341
v -0.036940 -0.019507 0.075682
v -0.036940 -0.019280 0.072991
v -0.036940 -0.018919 0.071817
v -0.036940 -0.018323 0.070793
v -0.036940 -0.017441 0.069949
v -0.036940 -0.016220 0.069312
v -0.036940 -0.014609 0.068909
v -0.036940 -0.012556 0.068769
v -0.036940 -0.007643 0.078242
v -0.036940 -0.007803 0.077033
v -0.036950 -0.007643 0.078242
v -0.036950 -0.007803 0.077033
v -0.036940 -0.008285 0.076169
v -0.036950 -0.008285 0.076169
v -0.036940 -0.009089 0.075651
v -0.036940 -0.010214 0.075478
v -0.036950 -0.010214 0.075478
v -0.036950 -0.009089 0.075651
v -0.036940 -0.011242 0.075617
v -0.036950 -0.011242 0.075617
v -0.036940 -0.012010 0.076034
v -0.036950 -0.012010 0.076034
v -0.036940 -0.012010 0.074806
v -0.036950 -0.012010 0.074806
v -0.036940 -0.012171 0.073594
v -0.036950 -0.012171 0.073594
v -0.036940 -0.012653 0.072728
v -0.036950 -0.012653 0.072728
v -0.036940 -0.013457 0.072209
v -0.036940 -0.014582 0.072036
v -0.036950 -0.014582 0.072036
v -0.036950 -0.013457 0.072209
v -0.036940 -0.015712 0.072209
v -0.036950 -0.015712 0.072209
v -0.036940 -0.016519 0.072728
v -0.036950 -0.016519 0.072728
v -0.036940 -0.017003 0.073594
v -0.036940 -0.017164 0.074806
v -0.036950 -0.017003 0.073594
v -0.036950 -0.017164 0.074806
v -0.036940 -0.017164 0.076971
v -0.036950 -0.017164 0.076971
v -0.036940 -0.017003 0.078178
v -0.036950 -0.017003 0.078178
v -0.036940 -0.016519 0.079041
v -0.036950 -0.016519 0.079041
v -0.036940 -0.015712 0.079558
v -0.036940 -0.014582 0.079731
v -0.036950 -0.015712 0.079558
v -0.036950 -0.014582 0.079731
v -0.036940 -0.013561 0.079592
v -0.036950 -0.013561 0.079592
v -0.036940 -0.012797 0.079178
v -0.036950 -0.012797 0.079178
v -0.036940 -0.012797 0.080996
v -0.036950 -0.012797 0.080996
v -0.036950 -0.011714 0.080996
v -0.036940 -0.011714 0.080996
v -0.036940 -0.011714 0.078237
v -0.036940 -0.011643 0.077511
v -0.036950 -0.011671 0.077610
v -0.036950 -0.011433 0.077019
v -0.036940 -0.011433 0.077019
v -0.036950 -0.010951 0.076668
v -0.036940 -0.010951 0.076668
v -0.036940 -0.010214 0.076550
v -0.036950 -0.010214 0.076550
v -0.036950 -0.009480 0.076668
v -0.036940 -0.009480 0.076668
v -0.036940 -0.009006 0.077019
v -0.036950 -0.009006 0.077019
v -0.036950 -0.008796 0.077511
v -0.036940 -0.008796 0.077511
v -0.036940 -0.008725 0.078237
v -0.036950 -0.008725 0.078237
v -0.036940 -0.008725 0.080996
v -0.036950 -0.008725 0.080996
v -0.036950 -0.007643 0.080996
v -0.036940 -0.007643 0.080996
v -0.036950 -0.015319 0.078543
v -0.036950 -0.015800 0.078198
v -0.036950 -0.014582 0.078658
v -0.036950 -0.013848 0.078543
v -0.036950 -0.016082 0.076975
v -0.036950 -0.016011 0.077699
v -0.036950 -0.013374 0.078198
v -0.036950 -0.013164 0.077704
v -0.036950 -0.013093 0.076975
v -0.036950 -0.016039 0.074172
v -0.036950 -0.015800 0.073579
v -0.036950 -0.015319 0.073226
v -0.036950 -0.014582 0.073108
v -0.036950 -0.013848 0.073226
v -0.036950 -0.013374 0.073579
v -0.036950 -0.013164 0.074073
v -0.036947 -0.013139 0.074166
v -0.036940 -0.013374 0.073579
v -0.036940 -0.013093 0.074801
v -0.036940 -0.013093 0.076975
v -0.036940 -0.013164 0.077704
v -0.036940 -0.013374 0.078198
v -0.036940 -0.013848 0.078543
v -0.036940 -0.014582 0.078658
v -0.036940 -0.015319 0.078543
v -0.036940 -0.015800 0.078198
v -0.036940 -0.016040 0.077597
v -0.036940 -0.016082 0.074801
v -0.036940 -0.016011 0.074073
v -0.036940 -0.015800 0.073579
v -0.036940 -0.015319 0.073226
v -0.036940 -0.014582 0.073108
v -0.036940 -0.013848 0.073226
v -0.036940 -0.003843 0.077532
v -0.036940 -0.003673 0.076663
v -0.036940 -0.003160 0.076043
v -0.036940 -0.002307 0.075671
v -0.036940 -0.001112 0.075547
v -0.036940 -0.001112 0.076608
v -0.036940 -0.001957 0.076678
v -0.036940 -0.002493 0.076887
v -0.036940 -0.002702 0.077149
v -0.036940 -0.002771 0.077526
v -0.036940 -0.002771 0.081009
v -0.036940 -0.003843 0.081009
v -0.036940 0.004485 0.078283
v -0.036940 0.004326 0.079476
v -0.036940 0.003848 0.080328
v -0.036940 0.003053 0.080839
v -0.036940 0.001939 0.081009
v -0.036940 0.000821 0.080839
v -0.036940 0.000022 0.080328
v -0.036940 -0.000458 0.079476
v -0.036940 -0.000617 0.078283
v -0.036940 0.003413 0.078283
v -0.036940 0.003343 0.077562
v -0.036950 0.003343 0.077562
v -0.036950 0.003413 0.078283
v -0.036950 0.003135 0.077073
v -0.036940 0.003135 0.077073
v -0.036940 0.002666 0.076725
v -0.036950 0.002666 0.076725
v -0.036940 0.001939 0.076608
v -0.036950 0.001939 0.076608
v -0.036940 0.001212 0.076725
v -0.036940 0.000743 0.077073
v -0.036950 0.001212 0.076725
v -0.036950 0.000743 0.077073
v -0.036940 0.000480 0.077790
v -0.036950 0.000535 0.077562
v -0.036950 0.000465 0.078283
v -0.036940 0.000535 0.079004
v -0.036940 0.000743 0.079493
v -0.036950 0.000535 0.079004
v -0.036950 0.000743 0.079493
v -0.036940 0.001212 0.079834
v -0.036950 0.001212 0.079834
v -0.036940 0.001939 0.079948
v -0.036950 0.001939 0.079948
v -0.036940 0.002666 0.079834
v -0.036940 0.003135 0.079493
v -0.036950 0.003135 0.079493
v -0.036950 0.002666 0.079834
v -0.036950 0.003343 0.079004
v -0.036940 0.003343 0.079004
v -0.036940 -0.000458 0.077086
v -0.036940 0.000022 0.076231
v -0.036940 0.000821 0.075718
v -0.036940 0.001939 0.075547
v -0.036940 0.003053 0.075718
v -0.036940 0.003848 0.076231
v -0.036940 0.004326 0.077086
v -0.036940 0.007806 0.075547
v -0.036940 0.008925 0.075718
v -0.036940 0.009724 0.076231
v -0.036940 0.010203 0.077086
v -0.036940 0.010363 0.078283
v -0.036940 0.010185 0.079913
v -0.036940 0.009687 0.080661
v -0.036940 0.008650 0.080981
v -0.036940 0.007808 0.081009
v -0.036940 0.006967 0.080981
v -0.036940 0.006180 0.080782
v -0.036940 0.005827 0.080551
v -0.036940 0.005535 0.080127
v -0.036940 0.005335 0.079405
v -0.036940 0.005261 0.078278
v -0.036940 0.005261 0.073392
v -0.036940 0.006333 0.073392
v -0.036940 0.006333 0.075547
v -0.036940 0.009012 0.079482
v -0.036950 0.009221 0.078997
v -0.036950 0.009012 0.079482
v -0.036940 0.009221 0.078997
v -0.036940 0.009291 0.078283
v -0.036950 0.009291 0.078283
v -0.036940 0.009221 0.077562
v -0.036950 0.009221 0.077562
v -0.036950 0.009012 0.077073
v -0.036940 0.009012 0.077073
v -0.036950 0.008536 0.076725
v -0.036940 0.008431 0.076678
v -0.036950 0.007806 0.076608
v -0.036940 0.006333 0.076608
v -0.036950 0.006333 0.076608
v -0.036940 0.006333 0.078283
v -0.036950 0.006333 0.078283
v -0.036940 0.006402 0.078997
v -0.036950 0.006402 0.078997
v -0.036950 0.006611 0.079482
v -0.036940 0.006611 0.079482
v -0.036950 0.007080 0.079831
v -0.036940 0.007080 0.079831
v -0.036940 0.007806 0.079948
v -0.036950 0.007806 0.079948
v -0.036950 0.008536 0.079831
v -0.036940 0.008536 0.079831
v -0.036940 0.015880 0.078283
v -0.036940 0.015720 0.079476
v -0.036940 0.015243 0.080328
v -0.036940 0.014448 0.080839
v -0.036940 0.013334 0.081009
v -0.036940 0.012215 0.080839
v -0.036940 0.011417 0.080328
v -0.036940 0.010937 0.079476
v -0.036940 0.010778 0.078283
v -0.036940 0.014808 0.078283
v -0.036940 0.014738 0.077562
v -0.036950 0.014738 0.077562
v -0.036950 0.014808 0.078283
v -0.036950 0.014529 0.077073
v -0.036940 0.014529 0.077073
v -0.036940 0.014060 0.076725
v -0.036950 0.014060 0.076725
v -0.036940 0.013334 0.076608
v -0.036950 0.013334 0.076608
v -0.036940 0.012607 0.076725
v -0.036940 0.012138 0.077073
v -0.036950 0.012607 0.076725
v -0.036950 0.012138 0.077073
v -0.036940 0.011875 0.077790
v -0.036950 0.011929 0.077562
v -0.036950 0.011860 0.078283
v -0.036940 0.011929 0.079004
v -0.036940 0.012138 0.079493
v -0.036950 0.011929 0.079004
v -0.036950 0.012138 0.079493
v -0.036940 0.012607 0.079834
v -0.036950 0.012607 0.079834
v -0.036940 0.013334 0.079948
v -0.036950 0.013334 0.079948
v -0.036940 0.014060 0.079834
v -0.036940 0.014529 0.079493
v -0.036950 0.014529 0.079493
v -0.036950 0.014060 0.079834
v -0.036950 0.014738 0.079004
v -0.036940 0.014738 0.079004
v -0.036940 0.010937 0.077086
v -0.036940 0.011417 0.076231
v -0.036940 0.012215 0.075718
v -0.036940 0.013334 0.075547
v -0.036940 0.014448 0.075718
v -0.036940 0.015243 0.076231
v -0.036940 0.015720 0.077086
v -0.036940 0.018034 0.079678
v -0.036940 0.018570 0.079888
v -0.036940 0.019415 0.079958
v -0.036940 0.019415 0.081020
v -0.036940 0.018220 0.080895
v -0.036940 0.017366 0.080522
v -0.036940 0.016854 0.079901
v -0.036940 0.016684 0.079030
v -0.036940 0.016684 0.073392
v -0.036940 0.017756 0.073392
v -0.036940 0.017756 0.075547
v -0.036940 0.019415 0.075547
v -0.036940 0.019415 0.076608
v -0.036940 0.017756 0.076608
v -0.036940 0.017756 0.079035
v -0.036940 0.017825 0.079414
v 0.033045 0.012339 0.068764
v 0.033044 0.010530 0.068854
v 0.033040 0.008613 0.069312
v 0.033040 0.007398 0.069949
v 0.033040 0.006494 0.070793
v 0.033040 0.005862 0.071817
v 0.033040 0.005460 0.072991
v 0.033040 0.005187 0.075682
v 0.033040 0.005187 0.077341
v 0.033040 0.005438 0.080040
v 0.033040 0.005821 0.081222
v 0.033040 0.006436 0.082254
v 0.033040 0.007329 0.083107
v 0.033040 0.008547 0.083752
v 0.033040 0.010135 0.084160
v 0.033045 0.010488 0.084216
v 0.033040 0.016117 0.083752
v 0.033040 0.017333 0.083107
v 0.033040 0.018231 0.082254
v 0.033040 0.018854 0.081222
v 0.033040 0.019246 0.080040
v 0.033040 0.019507 0.077341
v 0.033040 0.019507 0.075682
v 0.033040 0.019280 0.072991
v 0.033040 0.018919 0.071817
v 0.033040 0.018323 0.070793
v 0.033040 0.017441 0.069949
v 0.033040 0.016220 0.069312
v 0.033040 0.014609 0.068909
v 0.033045 0.014255 0.068855
v 0.033040 0.007643 0.078242
v 0.033040 0.007803 0.077033
v 0.033050 0.007643 0.078242
v 0.033050 0.007803 0.077033
v 0.033040 0.008285 0.076169
v 0.033050 0.008285 0.076169
v 0.033040 0.009089 0.075651
v 0.033040 0.010214 0.075478
v 0.033050 0.010214 0.075478
v 0.033050 0.009089 0.075651
v 0.033040 0.011242 0.075617
v 0.033050 0.011242 0.075617
v 0.033040 0.012010 0.076034
v 0.033050 0.012010 0.076034
v 0.033050 0.012010 0.074806
v 0.033040 0.012010 0.074806
v 0.033040 0.012171 0.073594
v 0.033050 0.012171 0.073594
v 0.033040 0.012653 0.072728
v 0.033050 0.012653 0.072728
v 0.033040 0.013457 0.072209
v 0.033040 0.014582 0.072036
v 0.033050 0.014582 0.072036
v 0.033050 0.013457 0.072209
v 0.033040 0.015712 0.072209
v 0.033050 0.015712 0.072209
v 0.033040 0.016519 0.072728
v 0.033050 0.016519 0.072728
v 0.033040 0.017003 0.073594
v 0.033040 0.017164 0.074806
v 0.033050 0.017003 0.073594
v 0.033050 0.017164 0.074806
v 0.033040 0.017164 0.076971
v 0.033050 0.017164 0.076971
v 0.033040 0.017003 0.078178
v 0.033050 0.017003 0.078178
v 0.033040 0.016519 0.079041
v 0.033050 0.016519 0.079041
v 0.033040 0.015712 0.079558
v 0.033040 0.014582 0.079731
v 0.033050 0.015712 0.079558
v 0.033050 0.014582 0.079731
v 0.033040 0.013561 0.079592
v 0.033050 0.013561 0.079592
v 0.033040 0.012797 0.079178
v 0.033050 0.012797 0.079178
v 0.033040 0.012797 0.080996
v 0.033050 0.012797 0.080996
v 0.033040 0.011714 0.080996
v 0.033050 0.011714 0.080996
v 0.033050 0.011714 0.078237
v 0.033040 0.011714 0.078237
v 0.033040 0.011643 0.077511
v 0.033050 0.011643 0.077511
v 0.033050 0.011433 0.077019
v 0.033040 0.011433 0.077019
v 0.033050 0.010951 0.076668
v 0.033040 0.010951 0.076668
v 0.033040 0.010214 0.076550
v 0.033050 0.010214 0.076550
v 0.033050 0.009480 0.076668
v 0.033040 0.009480 0.076668
v 0.033040 0.009006 0.077019
v 0.033050 0.009006 0.077019
v 0.033050 0.008796 0.077511
v 0.033040 0.008768 0.077610
v 0.033050 0.008725 0.078237
v 0.033040 0.008725 0.080996
v 0.033050 0.008725 0.080996
v 0.033040 0.007643 0.080996
v 0.033050 0.007643 0.080996
v 0.033050 0.013374 0.078198
v 0.033050 0.013136 0.077605
v 0.033050 0.013093 0.074801
v 0.033050 0.013164 0.074073
v 0.033050 0.013374 0.073579
v 0.033050 0.014582 0.078658
v 0.033050 0.015319 0.078543
v 0.033050 0.013848 0.078543
v 0.033050 0.015800 0.078198
v 0.033050 0.016011 0.077699
v 0.033048 0.016036 0.077603
v 0.033050 0.013848 0.073226
v 0.033050 0.014582 0.073108
v 0.033050 0.015319 0.073226
v 0.033050 0.016082 0.074801
v 0.033050 0.016011 0.074073
v 0.033050 0.015800 0.073579
v 0.033040 0.013374 0.073579
v 0.033040 0.013136 0.074172
v 0.033040 0.013093 0.076975
v 0.033040 0.013164 0.077704
v 0.033040 0.013374 0.078198
v 0.033040 0.013848 0.078543
v 0.033040 0.014582 0.078658
v 0.033040 0.015319 0.078543
v 0.033040 0.015800 0.078198
v 0.033040 0.016082 0.076975
v 0.033040 0.016082 0.074801
v 0.033040 0.016011 0.074073
v 0.033040 0.015800 0.073579
v 0.033040 0.015319 0.073226
v 0.033040 0.014582 0.073108
v 0.033040 0.013848 0.073226
v 0.033040 0.003843 0.077532
v 0.033040 0.003673 0.076663
v 0.033040 0.003160 0.076043
v 0.033040 0.002307 0.075671
v 0.033040 0.001112 0.075547
v 0.033040 0.001112 0.076608
v 0.033040 0.001957 0.076678
v 0.033040 0.002615 0.076990
v 0.033040 0.002771 0.077526
v 0.033040 0.002771 0.081009
v 0.033040 0.003843 0.081009
v 0.033040 -0.004485 0.078283
v 0.033040 -0.004326 0.079476
v 0.033040 -0.003848 0.080328
v 0.033040 -0.003053 0.080839
v 0.033040 -0.001939 0.081009
v 0.033040 -0.000821 0.080839
v 0.033040 -0.000022 0.080328
v 0.033040 0.000458 0.079476
v 0.033040 0.000617 0.078283
v 0.033040 -0.003413 0.078283
v 0.033040 -0.003343 0.077562
v 0.033050 -0.003343 0.077562
v 0.033050 -0.003413 0.078283
v 0.033050 -0.003135 0.077073
v 0.033040 -0.003135 0.077073
v 0.033040 -0.002666 0.076725
v 0.033050 -0.002666 0.076725
v 0.033040 -0.001939 0.076608
v 0.033050 -0.001939 0.076608
v 0.033040 -0.001212 0.076725
v 0.033040 -0.000743 0.077073
v 0.033050 -0.001212 0.076725
v 0.033050 -0.000743 0.077073
v 0.033040 -0.000480 0.077790
v 0.033050 -0.000535 0.077562
v 0.033050 -0.000465 0.078283
v 0.033040 -0.000535 0.079004
v 0.033040 -0.000743 0.079493
v 0.033050 -0.000535 0.079004
v 0.033050 -0.000743 0.079493
v 0.033040 -0.001212 0.079834
v 0.033050 -0.001212 0.079834
v 0.033040 -0.001939 0.079948
v 0.033050 -0.001939 0.079948
v 0.033040 -0.002666 0.079834
v 0.033040 -0.003135 0.079493
v 0.033050 -0.003135 0.079493
v 0.033050 -0.002666 0.079834
v 0.033050 -0.003343 0.079004
v 0.033040 -0.003343 0.079004
v 0.033040 0.000458 0.077086
v 0.033040 -0.000022 0.076231
v 0.033040 -0.000821 0.075718
v 0.033040 -0.001939 0.075547
v 0.033040 -0.003053 0.075718
v 0.033040 -0.003848 0.076231
v 0.033040 -0.004326 0.077086
v 0.033040 -0.007806 0.075547
v 0.033040 -0.008925 0.075718
v 0.033040 -0.009724 0.076231
v 0.033040 -0.010203 0.077086
v 0.033040 -0.010363 0.078283
v 0.033040 -0.010185 0.079913
v 0.033040 -0.009687 0.080661
v 0.033040 -0.008650 0.080981
v 0.033040 -0.007808 0.081009
v 0.033040 -0.006967 0.080981
v 0.033040 -0.006180 0.080782
v 0.033040 -0.005827 0.080551
v 0.033040 -0.005535 0.080127
v 0.033040 -0.005335 0.079405
v 0.033040 -0.005261 0.078278
v 0.033040 -0.005261 0.073392
v 0.033040 -0.006333 0.073392
v 0.033040 -0.006333 0.075547
v 0.033040 -0.009012 0.079482
v 0.033050 -0.009221 0.078997
v 0.033050 -0.009012 0.079482
v 0.033040 -0.009221 0.078997
v 0.033040 -0.009291 0.078283
v 0.033050 -0.009291 0.078283
v 0.033040 -0.009221 0.077562
v 0.033050 -0.009221 0.077562
v 0.033050 -0.009012 0.077073
v 0.033040 -0.009012 0.077073
v 0.033050 -0.008536 0.076725
v 0.033040 -0.008431 0.076678
v 0.033050 -0.007806 0.076608
v 0.033040 -0.006333 0.076608
v 0.033050 -0.006333 0.076608
v 0.033040 -0.006333 0.078283
v 0.033040 -0.006402 0.078997
v 0.033050 -0.006374 0.078898
v 0.033050 -0.006611 0.079482
v 0.033040 -0.006611 0.079482
v 0.033050 -0.007080 0.079831
v 0.033040 -0.007080 0.079831
v 0.033040 -0.007806 0.079948
v 0.033050 -0.007806 0.079948
v 0.033050 -0.008536 0.079831
v 0.033040 -0.008536 0.079831
v 0.033040 -0.015880 0.078283
v 0.033040 -0.015720 0.079476
v 0.033040 -0.015243 0.080328
v 0.033040 -0.014448 0.080839
v 0.033040 -0.013334 0.081009
v 0.033040 -0.012215 0.080839
v 0.033040 -0.011417 0.080328
v 0.033040 -0.010937 0.079476
v 0.033040 -0.010778 0.078283
v 0.033040 -0.014808 0.078283
v 0.033040 -0.014738 0.077562
v 0.033050 -0.014738 0.077562
v 0.033050 -0.014808 0.078283
v 0.033050 -0.014529 0.077073
v 0.033040 -0.014529 0.077073
v 0.033040 -0.014060 0.076725
v 0.033050 -0.014060 0.076725
v 0.033040 -0.013334 0.076608
v 0.033050 -0.013334 0.076608
v 0.033040 -0.012607 0.076725
v 0.033040 -0.012138 0.077073
v 0.033050 -0.012607 0.076725
v 0.033050 -0.012138 0.077073
v 0.033040 -0.011875 0.077790
v 0.033050 -0.011929 0.077562
v 0.033050 -0.011860 0.078283
v 0.033040 -0.011929 0.079004
v 0.033040 -0.012138 0.079493
v 0.033050 -0.011929 0.079004
v 0.033050 -0.012138 0.079493
v 0.033040 -0.012607 0.079834
v 0.033050 -0.012607 0.079834
v 0.033040 -0.013334 0.079948
v 0.033050 -0.013334 0.079948
v 0.033040 -0.014060 0.079834
v 0.033040 -0.014529 0.079493
v 0.033050 -0.014529 0.079493
v 0.033050 -0.014060 0.079834
v 0.033050 -0.014738 0.079004
v 0.033040 -0.014738 0.079004
v 0.033040 -0.010937 0.077086
v 0.033040 -0.011417 0.076231
v 0.033040 -0.012215 0.075718
v 0.033040 -0.013334 0.075547
v 0.033040 -0.014448 0.075718
v 0.033040 -0.015243 0.076231
v 0.033040 -0.015720 0.077086
v 0.033040 -0.018034 0.079678
v 0.033040 -0.018570 0.079888
v 0.033040 -0.019415 0.079958
v 0.033040 -0.019415 0.081020
v 0.033040 -0.018220 0.080895
v 0.033040 -0.017366 0.080522
v 0.033040 -0.016854 0.079901
v 0.033040 -0.016684 0.079030
v 0.033040 -0.016684 0.073392
v 0.033040 -0.017756 0.073392
v 0.033040 -0.017756 0.075547
v 0.033040 -0.019415 0.075547
v 0.033040 -0.019415 0.076608
v 0.033040 -0.017756 0.076608
v 0.033040 -0.017756 0.079035
v 0.033040 -0.017825 0.079414
v -0.001473 0.056864 0.091678
v 0.013828 0.035955 0.118102
v 0.012127 0.036419 0.108200
v 0.012015 0.036335 0.108079
v 0.012240 0.036580 0.108200
v 0.012336 0.036751 0.108200
v 0.012521 0.037308 0.108200
v 0.012477 0.037116 0.108200
v 0.012516 0.037363 0.108105
v 0.012339 0.036894 0.108023
v 0.012549 0.037699 0.108200
v 0.012501 0.038088 0.108200
v 0.012535 0.037895 0.108200
v 0.012449 0.038277 0.108200
v 0.012290 0.038636 0.108200
v 0.012379 0.038460 0.108200
v 0.012065 0.038956 0.108200
v 0.011929 0.039098 0.108200
v 0.012400 0.038234 0.108004
v 0.012124 0.038864 0.108074
v 0.011620 0.039340 0.108200
v 0.011781 0.039227 0.108200
v 0.011449 0.039436 0.108200
v 0.011084 0.039577 0.108200
v 0.011270 0.039516 0.108200
v 0.010697 0.039645 0.108200
v 0.010892 0.039621 0.108200
v 0.011052 0.039568 0.108027
v 0.010305 0.039635 0.108200
v 0.010501 0.039649 0.108200
v 0.010112 0.039601 0.108200
v 0.009564 0.039390 0.108200
v 0.009740 0.039479 0.108200
v 0.009244 0.039165 0.108200
v 0.009102 0.039029 0.108200
v 0.009320 0.039222 0.108123
v 0.009924 0.039506 0.108049
v 0.009152 0.038963 0.108012
v 0.008973 0.038881 0.108200
v 0.008764 0.038549 0.117800
v 0.008623 0.038184 0.117800
v 0.008860 0.038720 0.117800
v 0.008551 0.037601 0.117800
v 0.008565 0.037405 0.117800
v 0.008579 0.037992 0.117800
v 0.008973 0.038881 0.117800
v 0.008619 0.038428 0.117946
v 0.008555 0.037797 0.117800
v 0.008599 0.037212 0.117800
v 0.008651 0.037023 0.117800
v 0.008810 0.036664 0.117800
v 0.008721 0.036840 0.117800
v 0.008915 0.036499 0.117800
v 0.009035 0.036344 0.117800
v 0.009171 0.036202 0.117800
v 0.009043 0.036201 0.117968
v 0.009934 0.035649 0.117972
v 0.009480 0.035960 0.117800
v 0.009651 0.035864 0.117800
v 0.010016 0.035723 0.117800
v 0.010403 0.035655 0.117800
v 0.010599 0.035651 0.117800
v 0.010208 0.035679 0.117800
v 0.009319 0.036073 0.117800
v 0.009830 0.035784 0.117800
v 0.010795 0.035665 0.117800
v 0.010988 0.035699 0.117800
v 0.011177 0.035751 0.117800
v 0.011360 0.035821 0.117800
v 0.011536 0.035910 0.117800
v 0.011701 0.036015 0.117800
v 0.011856 0.036135 0.117800
v 0.012046 0.036176 0.117965
v 0.011998 0.036271 0.117800
v 0.012127 0.036419 0.117800
v 0.011486 0.039513 0.117976
v 0.009244 0.039165 0.117800
v 0.009399 0.039285 0.117800
v 0.009564 0.039390 0.117800
v 0.009756 0.039513 0.117901
v 0.009923 0.039549 0.117800
v 0.010112 0.039601 0.117800
v 0.010305 0.039635 0.117800
v 0.010501 0.039649 0.117800
v 0.010697 0.039645 0.117800
v 0.010892 0.039621 0.117800
v 0.011084 0.039577 0.117800
v 0.011270 0.039516 0.117800
v 0.011449 0.039436 0.117800
v 0.011620 0.039340 0.117800
v 0.011781 0.039227 0.117800
v 0.011850 0.039220 0.117932
v 0.012065 0.038956 0.117800
v 0.012185 0.038801 0.117800
v 0.012290 0.038636 0.117800
v 0.012379 0.038460 0.117800
v 0.012501 0.038088 0.117800
v 0.012535 0.037895 0.117800
v 0.012549 0.037699 0.117800
v 0.012545 0.037503 0.117800
v 0.012477 0.037116 0.117800
v 0.012416 0.036930 0.117800
v 0.012240 0.036580 0.117800
v 0.008675 0.037147 0.108019
v 0.010160 0.035645 0.107995
v 0.011856 0.036135 0.108200
v 0.011998 0.036271 0.108200
v 0.011536 0.035910 0.108200
v 0.011177 0.035751 0.108200
v 0.011360 0.035821 0.108200
v 0.011701 0.036015 0.108200
v 0.010795 0.035665 0.108200
v 0.010403 0.035655 0.108200
v 0.010599 0.035651 0.108200
v 0.010016 0.035723 0.108200
v 0.009651 0.035864 0.108200
v 0.009830 0.035784 0.108200
v 0.010208 0.035679 0.108200
v 0.010988 0.035699 0.108200
v 0.009480 0.035960 0.108200
v 0.009319 0.036073 0.108200
v 0.009171 0.036202 0.108200
v 0.008810 0.036664 0.108200
v 0.009035 0.036344 0.108200
v 0.008721 0.036840 0.108200
v 0.008565 0.037405 0.108200
v 0.008651 0.037023 0.108200
v 0.008555 0.037797 0.108200
v 0.008623 0.038184 0.108200
v 0.008684 0.038370 0.108200
v 0.008764 0.038549 0.108200
v 0.008551 0.037601 0.108200
v 0.008867 0.038716 0.108142
v 0.012470 0.036880 0.117970
v 0.012440 0.038372 0.117903
v 0.012585 0.037415 0.117946
v 0.009096 0.039035 0.117862
v 0.012613 0.037878 0.117972
v 0.012263 0.038762 0.117914
v 0.010744 0.039728 0.117950
v 0.008959 0.036516 0.108038
v 0.008641 0.038120 0.108030
v 0.011100 0.035692 0.108081
v 0.013183 0.040972 0.120856
v 0.008097 0.034555 0.121099
v 0.008957 0.040748 0.118123
v 0.007065 0.036762 0.118175
v 0.011163 0.034245 0.118172
v -0.014536 0.042152 0.119174
v -0.014389 0.042151 0.119174
v -0.014242 0.042164 0.119174
v -0.014827 0.042198 0.119174
v -0.014682 0.042168 0.119174
v -0.014967 0.042242 0.119174
v -0.015354 0.042453 0.119174
v -0.015232 0.042370 0.119174
v -0.015570 0.042652 0.119174
v -0.015467 0.042547 0.119174
v -0.015743 0.042890 0.119174
v -0.015662 0.042767 0.119174
v -0.015810 0.043021 0.119227
v -0.015866 0.043156 0.119174
v -0.015057 0.042273 0.119266
v -0.015908 0.043298 0.119174
v -0.015949 0.043589 0.119174
v -0.015936 0.043442 0.119174
v -0.015932 0.043882 0.119174
v -0.015948 0.043736 0.119174
v -0.015858 0.044167 0.119174
v -0.015902 0.044027 0.119174
v -0.015730 0.044432 0.119174
v -0.015801 0.044303 0.119174
v -0.015553 0.044667 0.119174
v -0.015647 0.044554 0.119174
v -0.015333 0.044862 0.119174
v -0.015210 0.044943 0.119174
v -0.014802 0.045108 0.119174
v -0.014944 0.045066 0.119174
v -0.014991 0.045055 0.119260
v -0.014658 0.045136 0.119174
v -0.015118 0.044963 0.110020
v -0.015824 0.043311 0.109741
v -0.015528 0.042559 0.119764
v -0.014389 0.042151 0.110226
v -0.014242 0.042164 0.110226
v -0.014682 0.042168 0.110226
v -0.014827 0.042198 0.110226
v -0.014967 0.042242 0.110226
v -0.015103 0.042299 0.110226
v -0.014631 0.042236 0.109771
v -0.015232 0.042370 0.110226
v -0.015354 0.042453 0.110226
v -0.015467 0.042547 0.110226
v -0.015662 0.042767 0.110226
v -0.015743 0.042890 0.110226
v -0.015811 0.043020 0.110226
v -0.015866 0.043156 0.110226
v -0.015530 0.042603 0.110123
v -0.014658 0.045136 0.110226
v -0.014813 0.045108 0.110190
v -0.014802 0.045108 0.110226
v -0.015936 0.043442 0.110226
v -0.015949 0.043589 0.110226
v -0.015948 0.043736 0.110226
v -0.015932 0.043882 0.110226
v -0.015902 0.044027 0.110226
v -0.015858 0.044167 0.110226
v -0.015801 0.044303 0.110226
v -0.015730 0.044432 0.110226
v -0.015647 0.044554 0.110226
v -0.015553 0.044667 0.110226
v -0.015448 0.044770 0.110226
v -0.015333 0.044862 0.110226
v -0.015895 0.044192 0.110065
v -0.015080 0.045011 0.110226
v -0.014066 0.045073 0.119386
v -0.013174 0.044387 0.119392
v -0.013108 0.043105 0.119510
v -0.012987 0.043852 0.119413
v -0.014098 0.042192 0.110226
v -0.013956 0.042234 0.110226
v -0.013820 0.042289 0.110226
v -0.013956 0.042234 0.119174
v -0.014098 0.042192 0.119174
v -0.013690 0.042357 0.110226
v -0.013567 0.042438 0.110226
v -0.013690 0.042357 0.119174
v -0.013347 0.042633 0.110226
v -0.013198 0.042283 0.112255
v -0.013820 0.042289 0.119174
v -0.013253 0.042746 0.110226
v -0.013170 0.042868 0.110226
v -0.013253 0.042746 0.119174
v -0.013099 0.042997 0.110226
v -0.013042 0.043133 0.110226
v -0.013099 0.042997 0.119174
v -0.013170 0.042868 0.119174
v -0.012998 0.043273 0.110226
v -0.012968 0.043418 0.119174
v -0.012952 0.043564 0.110226
v -0.012951 0.043711 0.110226
v -0.012952 0.043564 0.119174
v -0.012998 0.043273 0.119174
v -0.013347 0.042633 0.119174
v -0.012951 0.043711 0.119174
v -0.012964 0.043858 0.110226
v -0.012964 0.043858 0.119174
v -0.012992 0.044002 0.110226
v -0.013034 0.044144 0.110226
v -0.012992 0.044002 0.119174
v -0.013089 0.044280 0.110226
v -0.013157 0.044410 0.110226
v -0.013089 0.044280 0.119174
v -0.013034 0.044144 0.119174
v -0.013278 0.044583 0.110189
v -0.013330 0.044648 0.110226
v -0.013238 0.044533 0.119174
v -0.013433 0.044753 0.110226
v -0.013546 0.044847 0.110226
v -0.013546 0.044847 0.119174
v -0.013330 0.044648 0.119174
v -0.013668 0.044930 0.110226
v -0.013797 0.045001 0.119174
v -0.013933 0.045058 0.110226
v -0.014073 0.045102 0.110226
v -0.014073 0.045102 0.119174
v -0.014218 0.045132 0.110226
v -0.014364 0.045148 0.110226
v -0.014364 0.045148 0.119174
v -0.014511 0.045149 0.110226
v -0.014511 0.045149 0.119174
v -0.014218 0.045132 0.119174
v -0.013668 0.044930 0.119174
v -0.014455 0.044313 0.109191
v -0.015484 0.044762 0.119713
v -0.013402 0.044599 0.119668
v -0.013225 0.042943 0.119696
v -0.013693 0.042418 0.119562
v -0.013470 0.042601 0.109734
v -0.013064 0.043518 0.109754
v -0.013877 0.044964 0.109861
v 0.018441 -0.058300 0.139996
v -0.021216 -0.058552 0.131976
v -0.019450 -0.058300 0.163400
v -0.021354 -0.058733 0.162112
v 0.017550 -0.058950 0.133600
v 0.017112 -0.058688 0.162912
v 0.015550 -0.058950 0.163400
v 0.019313 -0.058644 0.163680
v -0.019450 -0.058950 0.163400
v -0.021486 -0.058923 0.164521
v -0.021450 -0.058950 0.133600
v 0.016928 -0.058576 0.131951
v 0.017508 -0.053837 0.161854
v -0.021450 -0.054000 0.133600
v 0.016773 -0.053691 0.131684
v 0.017550 -0.054000 0.133600
v -0.019450 -0.054000 0.163400
v -0.020914 -0.053747 0.131998
v -0.021450 -0.053350 0.133600
v -0.021450 -0.053350 0.161400
v -0.019450 -0.053350 0.163400
v 0.015550 -0.053350 0.163400
v 0.017550 -0.053350 0.161400
v 0.017550 -0.053350 0.133600
v -0.023604 -0.057847 0.114392
v -0.024450 -0.056450 0.114900
v -0.024402 -0.056938 0.114900
v -0.024260 -0.057407 0.114900
v -0.024029 -0.057839 0.114900
v -0.023718 -0.058218 0.114900
v -0.022907 -0.058760 0.114900
v -0.022438 -0.058902 0.114900
v -0.021950 -0.058450 0.114400
v -0.023339 -0.058529 0.114900
v -0.021950 -0.058950 0.114900
v 0.018050 -0.058950 0.114900
v 0.019071 -0.058274 0.114398
v 0.018538 -0.058902 0.114900
v 0.019007 -0.058760 0.114900
v 0.019439 -0.058529 0.114900
v 0.019818 -0.058218 0.114900
v 0.020129 -0.057839 0.114900
v 0.020063 -0.057475 0.114523
v 0.020550 -0.056450 0.114900
v 0.020502 -0.056938 0.114900
v 0.008964 -0.052937 0.122224
v 0.009447 -0.053129 0.122573
v 0.010243 -0.053287 0.123043
v 0.009963 -0.053252 0.122908
v 0.010550 -0.053300 0.123103
v 0.011891 -0.052254 0.116886
v 0.008537 -0.050533 0.114524
v 0.009265 -0.050935 0.114400
v 0.012075 -0.039799 0.116829
v -0.015504 -0.053182 0.122639
v -0.014450 -0.053300 0.123103
v -0.015596 -0.052938 0.116356
v 0.020284 -0.053415 0.121826
v 0.020550 -0.055850 0.123600
v 0.020627 -0.053043 0.120950
v 0.013582 -0.051657 0.121250
v -0.014276 -0.037839 0.117509
v -0.023726 -0.033918 0.120969
v -0.024545 -0.052937 0.120998
v -0.024450 -0.055850 0.123600
v 0.018050 -0.053350 0.123600
v 0.020502 -0.055362 0.123600
v 0.020512 -0.055294 0.123151
v 0.020360 -0.054893 0.123600
v 0.020129 -0.054461 0.123600
v 0.019818 -0.054082 0.123600
v 0.020150 -0.053858 0.122188
v 0.019200 -0.053008 0.121739
v 0.019439 -0.053771 0.123600
v 0.018538 -0.053398 0.123600
v -0.022438 -0.053398 0.123600
v -0.021950 -0.053350 0.123600
v -0.023331 -0.053332 0.122357
v -0.022907 -0.053540 0.123600
v -0.023339 -0.053771 0.123600
v -0.023718 -0.054082 0.123600
v -0.023950 -0.051267 0.121100
v -0.022952 -0.052363 0.121435
v -0.024279 -0.054881 0.123238
v -0.024029 -0.054461 0.123600
v -0.024343 -0.054601 0.122613
v -0.024402 -0.055362 0.123600
v -0.024172 -0.053356 0.121740
v 0.018050 -0.053350 0.161400
v 0.018538 -0.053398 0.161400
v 0.019007 -0.053540 0.161400
v 0.019439 -0.053771 0.161400
v 0.018256 -0.053586 0.164570
v 0.020129 -0.054461 0.161400
v 0.019818 -0.054082 0.161400
v 0.019561 -0.055754 0.165061
v 0.020360 -0.054893 0.161400
v 0.020502 -0.055362 0.161400
v 0.016703 -0.053564 0.163186
v 0.015550 -0.053398 0.164388
v 0.015550 -0.053350 0.163900
v 0.015550 -0.053540 0.164857
v 0.015550 -0.053771 0.165289
v 0.015550 -0.054082 0.165668
v 0.015550 -0.054461 0.165979
v 0.015550 -0.054893 0.166210
v 0.015550 -0.055362 0.166352
v 0.015550 -0.055850 0.166400
v -0.019450 -0.053350 0.163900
v -0.019450 -0.053398 0.164388
v -0.019450 -0.053540 0.164857
v -0.019450 -0.053771 0.165289
v -0.019450 -0.054082 0.165668
v -0.019450 -0.054461 0.165979
v -0.019450 -0.054893 0.166210
v -0.019450 -0.055362 0.166352
v -0.019450 -0.055850 0.166400
v -0.022438 -0.053398 0.161400
v -0.021950 -0.053350 0.161400
v -0.022907 -0.053540 0.161400
v -0.023339 -0.053771 0.161400
v -0.023718 -0.054082 0.161400
v -0.024029 -0.054461 0.161400
v -0.024402 -0.055362 0.161400
v -0.024260 -0.054893 0.161400
v -0.024375 -0.055489 0.162171
v -0.021073 -0.053517 0.162860
v -0.022750 -0.053886 0.164858
v -0.021950 -0.058950 0.161400
v -0.022438 -0.058902 0.161400
v -0.022907 -0.058760 0.161400
v -0.023339 -0.058529 0.161400
v -0.024029 -0.057839 0.161400
v -0.023718 -0.058218 0.161400
v -0.023829 -0.057066 0.164128
v -0.024260 -0.057407 0.161400
v -0.024450 -0.056450 0.161400
v -0.019991 -0.058935 0.164174
v -0.019450 -0.058902 0.164388
v -0.019450 -0.058760 0.164857
v -0.019450 -0.058529 0.165289
v -0.019450 -0.058218 0.165668
v -0.019450 -0.057839 0.165979
v -0.019450 -0.057407 0.166210
v -0.019450 -0.056938 0.166352
v -0.019450 -0.056450 0.166400
v 0.015550 -0.058950 0.163900
v 0.015550 -0.058902 0.164388
v 0.015550 -0.058760 0.164857
v 0.015550 -0.058529 0.165289
v 0.015550 -0.058218 0.165668
v 0.015550 -0.057839 0.165979
v 0.015550 -0.057407 0.166210
v 0.015550 -0.056938 0.166352
v 0.015550 -0.056450 0.166400
v 0.018538 -0.058902 0.161400
v 0.018050 -0.058950 0.161400
v 0.019007 -0.058760 0.161400
v 0.019439 -0.058529 0.161400
v 0.019818 -0.058218 0.161400
v 0.020129 -0.057839 0.161400
v 0.017529 -0.057429 0.165946
v 0.020502 -0.056938 0.161400
v 0.020360 -0.057407 0.161400
v 0.020550 -0.056450 0.161400
v -0.010845 -0.048470 0.118691
v -0.012771 -0.050345 0.114400
v -0.013165 -0.050935 0.114400
v -0.012184 -0.052496 0.121735
v -0.001864 -0.051525 0.121205
v -0.017132 -0.052007 0.121483
v -0.012866 -0.052938 0.122226
v 0.012090 -0.053061 0.122587
v -0.014142 -0.053287 0.123042
v -0.013861 -0.053252 0.122907
v -0.013346 -0.053129 0.122573
v 0.005450 0.011648 0.012918
v 0.006411 0.011803 0.013113
v -0.009350 0.011648 0.012918
v -0.009350 0.011366 0.013200
v 0.006739 0.028554 0.013913
v -0.009350 0.011800 0.012400
v -0.009831 0.011815 0.012287
v 0.006708 0.012210 0.012324
v 0.005450 0.011600 0.012200
v 0.013731 0.024914 0.011428
v 0.009050 0.010278 0.011400
v 0.009050 0.010078 0.011200
v 0.010488 0.010593 0.011640
v -0.012950 0.010278 0.011400
v -0.015890 0.011570 0.011605
v -0.012950 0.010078 0.011200
v -0.010742 0.012259 0.012896
v 0.005450 0.011800 0.012500
v -0.012950 0.010278 0.012200
v 0.026960 0.012346 0.010753
v 0.025996 -0.022019 0.012342
v 0.010610 -0.007200 0.011200
v -0.004639 0.008314 0.009844
v 0.009113 0.009800 0.011200
v -0.003750 0.007200 0.011200
v 0.003550 0.010078 0.011200
v 0.024313 -0.005491 0.010073
v -0.018853 -0.015773 0.012527
v 0.017407 0.013339 0.011665
v -0.014798 0.024441 0.012834
v -0.024567 0.007707 0.011735
v -0.035218 0.011320 0.010021
v 0.007954 0.010428 0.000362
v 0.008950 0.010400 0.000000
v 0.008772 0.028160 0.005076
v -0.031830 0.007006 0.000188
v -0.031733 -0.011422 0.000211
v -0.024389 -0.011778 -0.000000
v -0.026519 -0.000704 0.005140
v -0.032370 -0.009035 0.010200
v -0.014419 0.030474 0.010100
v 0.004183 -0.010458 0.003321
v 0.006431 0.016929 0.009051
v -0.014682 0.018001 0.009120
v 0.015059 0.009471 0.000478
v -0.024150 0.008200 0.000200
v -0.024124 0.008915 0.000038
v -0.013450 0.010400 0.000000
v -0.023248 0.009931 0.000396
v -0.024350 -0.008200 -0.000000
v -0.024150 -0.008200 0.000200
v -0.023598 -0.009714 0.000361
v -0.011292 -0.012259 0.005559
v -0.024150 0.008200 0.000750
v -0.030840 0.011758 0.009200
v -0.016272 0.029637 0.011200
v -0.009754 0.028700 0.010546
v 0.019488 -0.005746 0.005909
v 0.015726 0.019070 0.006784
v 0.016750 0.000000 0.000000
v -0.013450 -0.010400 -0.000000
v -0.019679 0.022629 0.005215
v -0.024389 0.011778 -0.000000
v -0.030818 0.012026 0.011273
v -0.030673 -0.011932 0.009200
v -0.023823 -0.015977 0.008524
v 0.030107 -0.006830 0.003906
v 0.017894 -0.007405 0.004183
v 0.016918 -0.006790 0.004144
v 0.016843 -0.006527 0.008084
v 0.016871 -0.006691 0.008120
v 0.016862 -0.006664 0.004271
v 0.016843 -0.006527 0.004407
v 0.016843 0.006430 0.004407
v 0.016882 0.006518 0.004215
v 0.016953 0.006786 0.004242
v 0.018335 0.006922 0.003864
v 0.016863 0.006474 0.004311
v 0.016852 0.006592 0.004487
v 0.017202 -0.006509 0.011029
v 0.017244 -0.006385 0.011100
v 0.017058 -0.006202 0.010915
v 0.017172 -0.006580 0.010987
v 0.017315 -0.006799 0.010729
v 0.016900 -0.006200 0.010701
v 0.017058 0.006202 0.010915
v 0.017150 0.006619 0.010906
v 0.017202 0.006509 0.011029
v 0.017140 0.006308 0.010997
v 0.017244 0.006385 0.011100
v 0.017315 0.006799 0.010729
v 0.030063 0.006941 0.003840
v 0.030029 0.007340 0.008200
v 0.030010 0.007350 0.008280
v 0.029952 0.007377 0.008350
v 0.029799 0.007450 0.008400
v 0.029986 0.007114 0.008543
v 0.018891 0.007259 0.008438
v 0.017054 -0.006862 0.008453
v 0.018891 -0.007096 0.008546
v 0.018891 -0.006988 0.008709
v 0.018891 -0.007259 0.008438
v 0.029799 -0.006988 0.008709
v 0.029799 -0.007096 0.008546
v 0.029799 -0.006950 0.008900
v 0.029799 -0.007450 0.008400
v 0.030108 -0.007048 0.008429
v 0.017359 -0.007028 0.008274
v 0.017669 -0.007094 0.008306
v 0.019284 -0.007831 0.008366
v 0.017954 -0.007146 0.008353
v 0.022717 -0.014061 0.005545
v 0.018891 -0.007450 0.008400
v 0.020142 -0.008498 0.008400
v 0.026621 -0.017270 0.006989
v 0.029047 -0.010648 0.008367
v 0.017028 0.006795 0.008415
v 0.018363 0.007288 0.008365
v 0.025913 0.015992 0.008422
v 0.027436 0.014732 0.008321
v 0.028762 0.011262 0.008385
v 0.028009 0.013176 0.008385
v 0.028068 0.013202 0.008341
v 0.028823 0.011284 0.008341
v 0.028864 0.011299 0.008277
v 0.029396 0.009305 0.008385
v 0.029459 0.009324 0.008341
v 0.029876 0.007413 0.008375
v 0.029914 0.007395 0.008362
v 0.029500 0.009336 0.008277
v 0.030019 0.007345 0.008240
v 0.029515 0.009340 0.008200
v 0.029981 0.007363 0.008315
v 0.017568 0.006911 0.010475
v 0.017977 -0.006959 0.009001
v 0.017568 -0.006911 0.010475
v 0.035218 -0.006612 0.004069
v 0.035230 0.006559 0.003990
v 0.038762 -0.000250 0.004352
v 0.037211 -0.004236 0.009200
v 0.036492 -0.006337 0.010559
v 0.035552 -0.006261 0.010947
v 0.035257 0.006348 0.011098
v 0.036679 0.006270 0.010431
v 0.037254 0.003584 0.009200
v 0.036999 0.000909 0.010909
v 0.035026 -0.005940 0.011200
v 0.034983 -0.006874 0.010583
v 0.034983 -0.006950 0.010200
v 0.034983 -0.006333 0.011124
v 0.034983 -0.006657 0.010907
v 0.034983 0.006333 0.011124
v 0.034983 0.006874 0.010583
v 0.034983 0.006657 0.010907
v 0.034983 0.006950 0.010200
v 0.017318 -0.006173 0.011175
v 0.017486 0.004776 0.011343
v 0.026838 0.016180 0.004383
v 0.025816 0.014834 0.003700
v 0.022957 0.014551 0.005241
v 0.025816 -0.014834 0.003700
v -0.006397 0.021403 0.009160
v 0.003018 0.021500 0.009213
v 0.002002 0.020452 0.005731
v 0.001883 0.020502 0.009228
v 0.001850 0.020511 0.009245
v 0.001927 0.020485 0.009188
v 0.001991 0.020441 0.009188
v 0.001850 0.020544 0.009294
v 0.002027 0.020436 0.009248
v -0.005750 0.020500 0.009188
v -0.005750 0.020511 0.009245
v 0.002035 0.020376 0.005746
v 0.001926 0.020485 0.005746
v 0.001850 0.020500 0.005779
v 0.002254 0.021065 0.005218
v 0.002502 0.014117 0.008326
v -0.006815 0.014313 0.008496
v -0.006232 0.021021 0.005228
v -0.004477 0.015274 0.005189
v -0.004530 0.015186 0.005189
v -0.004563 0.015146 0.005189
v -0.004501 0.015228 0.005189
v -0.004599 0.015110 0.005189
v -0.004431 0.015421 0.005189
v -0.004426 0.015472 0.005189
v -0.004426 0.015524 0.005189
v -0.004442 0.015370 0.005189
v -0.004457 0.015321 0.005189
v -0.004728 0.015025 0.005189
v -0.004639 0.015077 0.005189
v -0.004775 0.015005 0.005189
v -0.004892 0.014816 0.005189
v -0.004926 0.014976 0.005189
v -0.004825 0.014991 0.005189
v -0.004875 0.014981 0.005189
v -0.004978 0.014976 0.005189
v -0.004682 0.015049 0.005189
v -0.004263 0.015349 0.005189
v -0.004431 0.015575 0.005189
v -0.004441 0.015625 0.005189
v -0.004455 0.015675 0.005189
v -0.004475 0.015722 0.005189
v -0.004499 0.015768 0.005189
v -0.004527 0.015811 0.005189
v -0.004596 0.015887 0.005189
v -0.004560 0.015851 0.005189
v -0.004636 0.015920 0.005189
v -0.004678 0.015949 0.005189
v -0.004724 0.015973 0.005189
v -0.004771 0.015993 0.005189
v -0.004464 0.016015 0.005189
v -0.004820 0.016008 0.005189
v -0.004871 0.016019 0.005189
v -0.004922 0.016024 0.005189
v -0.004983 0.014884 0.005216
v -0.005029 0.014981 0.005189
v -0.005080 0.014992 0.005189
v -0.005031 0.014919 0.005239
v -0.005286 0.014898 0.005189
v -0.005176 0.015027 0.005189
v -0.005222 0.015051 0.005189
v -0.005129 0.015007 0.005189
v -0.005264 0.015080 0.005189
v -0.005462 0.015171 0.005219
v -0.005340 0.015149 0.005189
v -0.005304 0.015113 0.005189
v -0.005373 0.015189 0.005189
v -0.005425 0.015278 0.005189
v -0.005445 0.015325 0.005189
v -0.005469 0.015425 0.005189
v -0.005459 0.015375 0.005189
v -0.005474 0.015476 0.005189
v -0.005474 0.015528 0.005189
v -0.005125 0.015995 0.005189
v -0.005172 0.015975 0.005189
v -0.005025 0.016019 0.005189
v -0.005075 0.016009 0.005189
v -0.005261 0.015923 0.005189
v -0.005301 0.015890 0.005189
v -0.005218 0.015951 0.005189
v -0.004974 0.016024 0.005189
v -0.005337 0.015854 0.005189
v -0.005458 0.015630 0.005189
v -0.005469 0.015579 0.005189
v -0.005423 0.015726 0.005189
v -0.005443 0.015679 0.005189
v -0.005370 0.015814 0.005189
v -0.005399 0.015772 0.005189
v -0.005458 0.015979 0.005189
v -0.005024 0.014784 0.006896
v -0.005864 0.015726 0.007321
v -0.004042 0.015816 0.008245
v -0.004980 0.014706 0.008831
v -0.005680 0.015868 0.008761
v -0.004929 0.016302 0.008817
v -0.004477 0.015274 0.009081
v -0.004457 0.015321 0.009081
v -0.004501 0.015228 0.009081
v -0.004324 0.015135 0.009081
v -0.004563 0.015146 0.009081
v -0.004530 0.015186 0.009081
v -0.004639 0.015077 0.009081
v -0.004431 0.015421 0.009081
v -0.004426 0.015524 0.009081
v -0.004426 0.015472 0.009081
v -0.004442 0.015370 0.009081
v -0.004728 0.015025 0.009081
v -0.004682 0.015049 0.009081
v -0.004775 0.015005 0.009081
v -0.004875 0.014981 0.009081
v -0.004926 0.014976 0.009081
v -0.004825 0.014991 0.009081
v -0.004599 0.015110 0.009081
v -0.004431 0.015575 0.009081
v -0.004441 0.015625 0.009081
v -0.004455 0.015675 0.009081
v -0.004475 0.015722 0.009081
v -0.004404 0.015976 0.009081
v -0.004527 0.015811 0.009081
v -0.004560 0.015851 0.009081
v -0.004636 0.015920 0.009081
v -0.004499 0.015768 0.009081
v -0.004596 0.015887 0.009081
v -0.004678 0.015949 0.009081
v -0.004724 0.015973 0.009081
v -0.004820 0.016008 0.009081
v -0.004771 0.015993 0.009081
v -0.004922 0.016024 0.009081
v -0.004871 0.016019 0.009081
v -0.004974 0.016024 0.009081
v -0.004978 0.014976 0.009081
v -0.005029 0.014981 0.009081
v -0.005129 0.015007 0.009081
v -0.005080 0.014992 0.009081
v -0.005176 0.015027 0.009081
v -0.005222 0.015051 0.009081
v -0.005264 0.015080 0.009081
v -0.005304 0.015113 0.009081
v -0.005340 0.015149 0.009081
v -0.005373 0.015189 0.009081
v -0.005548 0.015124 0.009081
v -0.005425 0.015278 0.009081
v -0.005445 0.015325 0.009081
v -0.005459 0.015375 0.009081
v -0.005469 0.015425 0.009081
v -0.005474 0.015528 0.009081
v -0.005474 0.015476 0.009081
v -0.005218 0.015951 0.009081
v -0.005172 0.015975 0.009081
v -0.005125 0.015995 0.009081
v -0.005075 0.016009 0.009081
v -0.005337 0.015854 0.009081
v -0.005301 0.015890 0.009081
v -0.005261 0.015923 0.009081
v -0.005025 0.016019 0.009081
v -0.005370 0.015814 0.009081
v -0.005469 0.015579 0.009081
v -0.005458 0.015630 0.009081
v -0.005443 0.015679 0.009081
v -0.005423 0.015726 0.009081
v -0.005399 0.015772 0.009081
v -0.004403 0.015753 0.005261
v -0.004711 0.014668 0.007781
v -0.005594 0.015669 0.005197
v -0.005003 0.016147 0.005218
v -0.004627 0.014967 0.005215
v -0.004545 0.015462 0.004498
v -0.004551 0.015425 0.004498
v -0.004551 0.015424 0.004498
v -0.004834 0.015889 0.004498
v -0.004796 0.015876 0.004498
v -0.004726 0.015839 0.004498
v -0.004693 0.015815 0.004498
v -0.004988 0.015095 0.004498
v -0.004948 0.015094 0.004498
v -0.004908 0.015096 0.004498
v -0.004869 0.015102 0.004498
v -0.004550 0.015427 0.004498
v -0.004551 0.015426 0.004498
v -0.004830 0.015112 0.004498
v -0.004793 0.015125 0.004498
v -0.004757 0.015142 0.004498
v -0.004723 0.015163 0.004498
v -0.004637 0.015759 0.004498
v -0.004613 0.015727 0.004498
v -0.004592 0.015693 0.004498
v -0.004580 0.015664 0.004424
v -0.004552 0.015581 0.004498
v -0.004544 0.015502 0.004498
v -0.004546 0.015542 0.004498
v -0.004691 0.015187 0.004498
v -0.004661 0.015214 0.004498
v -0.004635 0.015243 0.004498
v -0.004611 0.015276 0.004498
v -0.004591 0.015310 0.004498
v -0.004574 0.015346 0.004498
v -0.004550 0.015432 0.004498
v -0.004861 0.015876 0.004337
v -0.004742 0.015826 0.004339
v -0.004653 0.015774 0.004443
v -0.004561 0.015384 0.004498
v -0.004551 0.015422 0.004498
v -0.004548 0.015442 0.004498
v -0.005201 0.015014 0.007444
v -0.005355 0.015538 0.004498
v -0.005349 0.015578 0.004498
v -0.005339 0.015616 0.004498
v -0.005326 0.015654 0.004498
v -0.005309 0.015690 0.004498
v -0.005289 0.015724 0.004498
v -0.005239 0.015786 0.004498
v -0.005356 0.015498 0.004498
v -0.005354 0.015458 0.004498
v -0.005348 0.015419 0.004498
v -0.005338 0.015380 0.004498
v -0.005325 0.015343 0.004498
v -0.005308 0.015307 0.004498
v -0.005287 0.015273 0.004498
v -0.005263 0.015241 0.004498
v -0.005356 0.015503 0.004498
v -0.005356 0.015502 0.004498
v -0.005209 0.015813 0.004498
v -0.005107 0.015875 0.004498
v -0.005143 0.015858 0.004498
v -0.004992 0.015904 0.004498
v -0.005031 0.015898 0.004498
v -0.005088 0.015881 0.004450
v -0.005236 0.015211 0.004498
v -0.005207 0.015185 0.004498
v -0.005174 0.015161 0.004498
v -0.005140 0.015141 0.004498
v -0.005104 0.015124 0.004498
v -0.005066 0.015111 0.004498
v -0.005356 0.015500 0.004498
v -0.005242 0.015783 0.004462
v -0.005028 0.015101 0.004498
v -0.005356 0.015501 0.004498
v -0.005177 0.015823 0.004376
v -0.004979 0.015377 0.003878
v -0.004981 0.015899 0.004410
v -0.005356 0.015508 0.004498
v -0.005356 0.015518 0.004498
v -0.004757 0.015142 0.007074
v -0.004948 0.015094 0.007074
v -0.004869 0.015102 0.007074
v -0.004908 0.015096 0.007074
v -0.004723 0.015163 0.007074
v -0.004691 0.015187 0.007074
v -0.004635 0.015243 0.007074
v -0.004661 0.015214 0.007074
v -0.004591 0.015310 0.007074
v -0.004561 0.015384 0.007074
v -0.004574 0.015346 0.007074
v -0.004611 0.015276 0.007074
v -0.004551 0.015422 0.007074
v -0.004830 0.015112 0.007074
v -0.004793 0.015125 0.007074
v -0.004988 0.015095 0.007074
v -0.004902 0.015954 0.007097
v -0.004872 0.015899 0.007074
v -0.004544 0.015502 0.007074
v -0.004552 0.015581 0.007074
v -0.004546 0.015542 0.007074
v -0.004562 0.015620 0.007074
v -0.004613 0.015727 0.007074
v -0.004592 0.015693 0.007074
v -0.004664 0.015789 0.007074
v -0.004726 0.015839 0.007074
v -0.004760 0.015859 0.007074
v -0.004637 0.015759 0.007074
v -0.004796 0.015876 0.007074
v -0.004545 0.015462 0.007074
v -0.004466 0.015717 0.007194
v -0.004652 0.015902 0.007123
v -0.004631 0.015038 0.007275
v -0.004395 0.015438 0.007327
v -0.005388 0.015828 0.007474
v -0.004786 0.016047 0.007308
v -0.005443 0.015419 0.007126
v -0.005070 0.015888 0.007074
v -0.005107 0.015875 0.007074
v -0.005031 0.015898 0.007074
v -0.004992 0.015904 0.007074
v -0.004952 0.015906 0.007074
v -0.005177 0.015837 0.007074
v -0.005143 0.015858 0.007074
v -0.005209 0.015813 0.007074
v -0.005289 0.015724 0.007074
v -0.005265 0.015757 0.007074
v -0.005326 0.015654 0.007074
v -0.005309 0.015690 0.007074
v -0.005239 0.015786 0.007074
v -0.005349 0.015578 0.007074
v -0.005355 0.015538 0.007074
v -0.005339 0.015616 0.007074
v -0.005325 0.015343 0.007074
v -0.005308 0.015307 0.007074
v -0.005338 0.015380 0.007074
v -0.005348 0.015419 0.007074
v -0.005354 0.015458 0.007074
v -0.005287 0.015273 0.007074
v -0.005263 0.015241 0.007074
v -0.005356 0.015498 0.007074
v -0.005236 0.015211 0.007074
v -0.005207 0.015185 0.007074
v -0.005140 0.015141 0.007074
v -0.005174 0.015161 0.007074
v -0.005104 0.015124 0.007074
v -0.005066 0.015111 0.007074
v -0.005028 0.015101 0.007074
v -0.004922 0.015298 0.006591
v -0.004908 0.015288 0.006681
v -0.004867 0.015301 0.006681
v -0.004908 0.015712 0.006681
v -0.004867 0.015699 0.006681
v -0.004830 0.015320 0.006681
v -0.004950 0.015716 0.006681
v -0.004797 0.015653 0.006681
v -0.004770 0.015620 0.006681
v -0.004830 0.015680 0.006681
v -0.004797 0.015347 0.006681
v -0.004770 0.015380 0.006681
v -0.004738 0.015542 0.006681
v -0.004734 0.015500 0.006681
v -0.004751 0.015583 0.006681
v -0.004751 0.015417 0.006681
v -0.004738 0.015458 0.006681
v -0.005425 0.015082 0.008924
v -0.005166 0.015500 0.006681
v -0.005162 0.015542 0.006681
v -0.005149 0.015583 0.006681
v -0.005130 0.015620 0.006681
v -0.005162 0.015458 0.006681
v -0.005149 0.015417 0.006681
v -0.005130 0.015380 0.006681
v -0.005103 0.015347 0.006681
v -0.005103 0.015653 0.006681
v -0.005070 0.015680 0.006681
v -0.004992 0.015712 0.006681
v -0.005033 0.015699 0.006681
v -0.005070 0.015320 0.006681
v -0.005033 0.015301 0.006681
v -0.004992 0.015288 0.006681
v -0.004950 0.015508 0.006342
v -0.005149 0.015417 0.008421
v -0.005162 0.015458 0.008421
v -0.005103 0.015347 0.008421
v -0.005033 0.015301 0.008421
v -0.005070 0.015320 0.008421
v -0.005130 0.015380 0.008421
v -0.005166 0.015500 0.008421
v -0.004992 0.015288 0.008421
v -0.004734 0.015500 0.008421
v -0.004738 0.015458 0.008421
v -0.004950 0.015284 0.008421
v -0.004908 0.015288 0.008421
v -0.004830 0.015320 0.008421
v -0.004770 0.015380 0.008421
v -0.004797 0.015347 0.008421
v -0.004867 0.015301 0.008421
v -0.004751 0.015417 0.008421
v -0.005039 0.015523 0.008983
v -0.004346 0.015402 0.008882
v -0.004800 0.016085 0.008809
v -0.004738 0.015542 0.008421
v -0.004751 0.015583 0.008421
v -0.004797 0.015653 0.008421
v -0.004830 0.015680 0.008421
v -0.004867 0.015699 0.008421
v -0.004770 0.015620 0.008421
v -0.004908 0.015712 0.008421
v -0.004950 0.015716 0.008421
v -0.004992 0.015712 0.008421
v -0.005033 0.015699 0.008421
v -0.005070 0.015680 0.008421
v -0.005149 0.015583 0.008421
v -0.005130 0.015620 0.008421
v -0.005162 0.015542 0.008421
v -0.005103 0.015653 0.008421
v -0.004981 0.015854 0.004942
v -0.004963 0.015145 0.008321
v -0.004672 0.015720 0.008218
v -0.004598 0.015449 0.008255
v -0.004594 0.015500 0.008249
v -0.004597 0.015470 0.008253
v -0.004850 0.015833 0.008191
v -0.004582 0.015494 0.008247
v -0.005283 0.015408 0.007810
v -0.005183 0.015232 0.007783
v -0.005125 0.015810 0.007870
v -0.005101 0.015821 0.007873
v -0.005078 0.015832 0.007876
v -0.005059 0.015838 0.008448
v -0.005327 0.015574 0.008390
v -0.005116 0.015185 0.008342
v -0.005016 0.015151 0.008328
v -0.005024 0.015153 0.008329
v -0.005067 0.015164 0.008335
v -0.004598 0.015552 0.008242
v -0.004629 0.015654 0.008228
v -0.004610 0.015604 0.008235
v -0.005113 0.015184 0.008342
v -0.004612 0.015609 0.008234
v -0.005372 0.015541 0.008042
v -0.004839 0.015165 0.008021
v -0.004500 0.015472 0.007907
v -0.005291 0.015600 0.007550
v -0.005302 0.015551 0.007544
v -0.005297 0.015574 0.007547
v -0.005303 0.015530 0.007542
v -0.004576 0.015730 0.007318
v -0.004973 0.015155 0.007185
v -0.004657 0.015319 0.007136
v -0.004717 0.015769 0.007072
v -0.004577 0.015678 0.007031
v -0.005306 0.015500 0.007538
v -0.005336 0.015707 0.007227
v -0.005265 0.015194 0.007151
v -0.005243 0.015401 0.006917
v -0.005114 0.015143 0.008321
v -0.004819 0.015105 0.008249
v -0.004582 0.015638 0.008214
v -0.004643 0.015764 0.008135
v -0.004551 0.015351 0.008197
v -0.004789 0.015887 0.007852
v -0.005309 0.015300 0.007753
v -0.004865 0.015078 0.007395
v -0.004785 0.015885 0.007000
v -0.004622 0.015783 0.007617
v -0.005409 0.015484 0.006925
v -0.004598 0.015449 0.006833
v -0.004603 0.015426 0.006836
v -0.004609 0.015400 0.006839
v -0.004597 0.015470 0.006830
v -0.005372 0.015364 0.006606
v -0.004698 0.015745 0.006507
v -0.005143 0.015879 0.006428
v -0.004841 0.015162 0.006314
v -0.005183 0.015231 0.006361
v -0.004889 0.015833 0.006479
v -0.005209 0.015141 0.006319
v -0.005258 0.015666 0.006137
v -0.004594 0.015501 0.006827
v -0.005376 0.015413 0.005490
v -0.004687 0.015736 0.005086
v -0.005153 0.015209 0.006072
v -0.005175 0.015224 0.006075
v -0.005133 0.015195 0.006069
v -0.005362 0.015526 0.005792
v -0.004718 0.015769 0.005649
v -0.004983 0.015155 0.005764
v -0.004711 0.015238 0.005726
v -0.004657 0.015330 0.005428
v -0.004768 0.015805 0.005357
v -0.004747 0.015791 0.005361
v -0.004726 0.015776 0.005364
v -0.005304 0.015484 0.005260
v -0.005305 0.015519 0.005264
v -0.005255 0.015316 0.005237
v -0.005299 0.015437 0.005254
v -0.005304 0.015467 0.005258
v -0.004609 0.015595 0.005107
v -0.005270 0.015347 0.005241
v -0.005287 0.015391 0.005247
v -0.005295 0.015415 0.005251
v -0.005279 0.015364 0.005244
v -0.004742 0.015134 0.006814
v -0.004526 0.015382 0.005924
v -0.004661 0.015803 0.005873
v -0.005173 0.015876 0.006691
v -0.004635 0.015805 0.006441
v -0.005291 0.015689 0.006326
v -0.004890 0.015912 0.005559
v -0.004562 0.015335 0.005651
v -0.004594 0.015739 0.005611
v -0.004518 0.015440 0.005337
v -0.004518 0.015605 0.005073
v -0.005098 0.015111 0.007700
v -0.004595 0.015280 0.007662
v -0.005159 0.015758 0.008329
v -0.005227 0.015664 0.008369
v -0.004983 0.015090 0.008249
v -0.005138 0.015199 0.008244
v -0.005285 0.015618 0.008020
v -0.005298 0.015571 0.008014
v -0.005347 0.015647 0.007755
v -0.004825 0.015829 0.007808
v -0.004561 0.015499 0.007590
v -0.005219 0.015267 0.007688
v -0.004928 0.015831 0.005620
v -0.005200 0.015165 0.007423
v -0.005336 0.015552 0.007163
v -0.005296 0.015687 0.006608
v -0.005029 0.015899 0.008371
v -0.005419 0.015606 0.008352
v -0.005209 0.015214 0.008256
v -0.004795 0.015895 0.008139
v -0.005173 0.015857 0.008098
v -0.005229 0.015183 0.008001
v -0.004854 0.015083 0.007966
v -0.004783 0.015142 0.007925
v -0.004596 0.015469 0.007582
v -0.004595 0.015485 0.007580
v -0.004595 0.015516 0.007576
v -0.004604 0.015419 0.007588
v -0.004702 0.015755 0.007542
v -0.004595 0.015521 0.007576
v -0.004785 0.015815 0.007529
v -0.004771 0.015824 0.007531
v -0.004741 0.015787 0.007536
v -0.005102 0.015891 0.007817
v -0.005183 0.015232 0.007682
v -0.004712 0.015764 0.007540
v -0.004984 0.015910 0.007547
v -0.005228 0.015812 0.007509
v -0.004574 0.015329 0.007343
v -0.004652 0.015677 0.007269
v -0.005302 0.015476 0.007149
v -0.005049 0.015168 0.007093
v -0.004931 0.015909 0.007251
v -0.004779 0.015110 0.007096
v -0.004591 0.015399 0.007067
v -0.005159 0.015212 0.006824
v -0.004704 0.015256 0.006760
v -0.004711 0.015847 0.006712
v -0.005255 0.015677 0.006606
v -0.005305 0.015494 0.006582
v -0.004925 0.015146 0.006508
v -0.004521 0.015495 0.006759
v -0.005323 0.015370 0.006580
v -0.005373 0.015535 0.006070
v -0.005260 0.015227 0.006025
v -0.004942 0.015067 0.005970
v -0.005252 0.015814 0.006066
v -0.004864 0.015080 0.005672
v -0.005229 0.015858 0.005230
v -0.004907 0.015917 0.004987
v -0.004635 0.015701 0.004992
v -0.004928 0.015855 0.006372
v -0.004980 0.015854 0.006365
v -0.004934 0.015059 0.006563
v -0.004554 0.015355 0.006493
v -0.004970 0.015855 0.006366
v -0.005040 0.015882 0.006365
v -0.005365 0.015463 0.006325
v -0.004722 0.015133 0.006255
v -0.004595 0.015496 0.006157
v -0.004763 0.015802 0.006110
v -0.004804 0.015896 0.006148
v -0.004601 0.015430 0.005880
v -0.004526 0.015546 0.006191
v -0.005304 0.015514 0.005731
v -0.005305 0.015481 0.005727
v -0.004656 0.015747 0.006127
v -0.004951 0.015921 0.005837
v -0.005223 0.015797 0.005787
v -0.005289 0.015244 0.005748
v -0.004674 0.015277 0.005617
v -0.005012 0.015850 0.005507
v -0.005061 0.015838 0.005501
v -0.005037 0.015844 0.005504
v -0.005055 0.015894 0.005515
v -0.005286 0.015779 0.005526
v -0.005113 0.015184 0.005395
v -0.005136 0.015198 0.005399
v -0.004790 0.015815 0.004968
v -0.004595 0.015516 0.005016
v -0.005240 0.015248 0.005416
v -0.005046 0.015097 0.005431
v -0.004785 0.015119 0.005387
v -0.004735 0.015857 0.005280
v -0.005343 0.015363 0.005182
v -0.005073 0.015085 0.005152
v -0.004680 0.015190 0.005076
v -0.004606 0.015378 0.005032
v -0.004708 0.015249 0.008184
v -0.005298 0.015575 0.008014
v -0.005188 0.015236 0.007682
v -0.004602 0.015425 0.007588
v -0.005131 0.015224 0.007736
v -0.004854 0.015154 0.007684
v -0.005198 0.015289 0.008313
v -0.004619 0.015588 0.008135
v -0.005024 0.015159 0.007943
v -0.005135 0.015767 0.007818
v -0.005186 0.015760 0.007758
v -0.004596 0.015556 0.007570
v -0.004680 0.015731 0.007546
v -0.004643 0.015634 0.007341
v -0.004595 0.015480 0.007297
v -0.004689 0.015683 0.007609
v -0.004633 0.015346 0.007314
v -0.004877 0.015167 0.007355
v -0.005137 0.015768 0.007532
v -0.005348 0.015503 0.007465
v -0.004741 0.015254 0.007394
v -0.004943 0.015819 0.007288
v -0.004785 0.015806 0.006960
v -0.004617 0.015593 0.006997
v -0.004814 0.015206 0.006822
v -0.005188 0.015787 0.006946
v -0.004827 0.015205 0.008252
v -0.004659 0.015367 0.008211
v -0.004647 0.015572 0.008194
v -0.005065 0.015189 0.008326
v -0.005235 0.015360 0.008049
v -0.005041 0.015197 0.007999
v -0.004624 0.015490 0.007914
v -0.004797 0.015791 0.008147
v -0.005125 0.015772 0.008112
v -0.004798 0.015212 0.007971
v -0.004870 0.015804 0.007583
v -0.005211 0.015276 0.007171
v -0.005089 0.015206 0.006872
v -0.004633 0.015449 0.006785
v -0.004800 0.015203 0.006526
v -0.004608 0.015494 0.006498
v -0.004623 0.015610 0.006425
v -0.004718 0.015234 0.006194
v -0.005281 0.015410 0.006001
v -0.004603 0.015554 0.006718
v -0.004727 0.015762 0.006435
v -0.004674 0.015286 0.006470
v -0.005256 0.015680 0.006322
v -0.005147 0.015795 0.006343
v -0.004938 0.015855 0.006086
v -0.004640 0.015665 0.006133
v -0.005202 0.015741 0.006048
v -0.004660 0.015379 0.005950
v -0.004797 0.015780 0.005885
v -0.004616 0.015595 0.005859
v -0.005033 0.015845 0.005505
v -0.004660 0.015634 0.005626
v -0.004949 0.015856 0.005800
v -0.005260 0.015326 0.005421
v -0.005298 0.015558 0.005735
v -0.005302 0.015480 0.005158
v -0.004937 0.015851 0.005233
v -0.005188 0.015755 0.005197
v -0.004596 0.015486 0.005020
v -0.004635 0.015665 0.004996
v -0.004662 0.015344 0.005104
v -0.005242 0.015625 0.006671
v -0.004611 0.015526 0.006212
v -0.005086 0.015787 0.006693
v -0.004618 0.015508 0.005603
v -0.005131 0.015792 0.005553
v -0.004938 0.015181 0.005149
v -0.004974 0.015823 0.005016
v -0.004951 0.015163 0.008315
v -0.004771 0.015773 0.007874
v -0.005070 0.015165 0.008336
v -0.004620 0.015631 0.008231
v -0.005269 0.015534 0.007790
v -0.004642 0.015410 0.007650
v -0.004759 0.015767 0.006745
v -0.005288 0.015491 0.007527
v -0.005096 0.015205 0.007440
v -0.005221 0.015669 0.007234
v -0.004801 0.015788 0.007021
v -0.005144 0.015123 0.006885
v -0.005254 0.015390 0.006633
v -0.004662 0.015293 0.007992
v -0.004920 0.015845 0.007897
v -0.005257 0.015551 0.008073
v -0.004747 0.015792 0.008205
v -0.004799 0.015178 0.008300
v -0.004596 0.015470 0.008253
v -0.004661 0.015310 0.008275
v -0.004596 0.015470 0.007968
v -0.005025 0.015152 0.008329
v -0.004978 0.015145 0.008323
v -0.004645 0.015665 0.007657
v -0.005252 0.015679 0.007846
v -0.004665 0.015350 0.007417
v -0.005298 0.015575 0.007547
v -0.004600 0.015563 0.008241
v -0.005101 0.015822 0.007873
v -0.005304 0.015530 0.007826
v -0.005153 0.015208 0.007779
v -0.005015 0.015849 0.007600
v -0.005304 0.015530 0.007542
v -0.004610 0.015600 0.007382
v -0.005212 0.015267 0.006935
v -0.004695 0.015256 0.006861
v -0.005079 0.015174 0.006630
v -0.005304 0.015530 0.007257
v -0.004781 0.015215 0.007108
v -0.004747 0.015792 0.007067
v -0.004602 0.015425 0.006836
v -0.004596 0.015470 0.006830
v -0.005026 0.015177 0.006575
v -0.004947 0.015178 0.006275
v -0.004762 0.015247 0.006242
v -0.005199 0.015743 0.005839
v -0.004895 0.015822 0.006157
v -0.005128 0.015786 0.006399
v -0.005144 0.015754 0.006119
v -0.005262 0.015430 0.006349
v -0.005109 0.015231 0.006319
v -0.005271 0.015399 0.006065
v -0.004964 0.015166 0.006005
v -0.004652 0.015603 0.005925
v -0.004757 0.015754 0.005615
v -0.005258 0.015427 0.005497
v -0.005122 0.015227 0.005180
v -0.004981 0.015161 0.005441
v -0.004880 0.015173 0.005705
v -0.004649 0.015411 0.005668
v -0.005140 0.015762 0.005266
v -0.004798 0.015790 0.005317
v -0.005274 0.015508 0.005219
v -0.005200 0.015249 0.006364
v -0.005017 0.015168 0.006337
v -0.004696 0.015253 0.006577
v -0.004921 0.015854 0.006190
v -0.004678 0.015723 0.005941
v -0.004598 0.015455 0.005979
v -0.005204 0.015747 0.005865
v -0.004596 0.015470 0.006546
v -0.004747 0.015792 0.006498
v -0.005188 0.015236 0.006362
v -0.005153 0.015208 0.006356
v -0.005101 0.015822 0.006167
v -0.005304 0.015530 0.006119
v -0.005153 0.015208 0.006072
v -0.004963 0.015151 0.006045
v -0.004761 0.015221 0.006013
v -0.005304 0.015530 0.005835
v -0.005282 0.015613 0.005845
v -0.004700 0.015752 0.005652
v -0.004976 0.015146 0.005478
v -0.004723 0.015747 0.005040
v -0.004735 0.015218 0.005161
v -0.005202 0.015303 0.005752
v -0.004618 0.015379 0.005704
v -0.004885 0.015155 0.005466
v -0.005284 0.015616 0.005561
v -0.004712 0.015764 0.005650
v -0.004747 0.015792 0.005645
v -0.004799 0.015178 0.005455
v -0.004620 0.015446 0.005371
v -0.004879 0.015846 0.005342
v -0.004747 0.015792 0.005361
v -0.005300 0.015437 0.005254
v -0.005305 0.015484 0.005260
v -0.005288 0.015391 0.005247
v -0.005271 0.015347 0.005241
v -0.004596 0.015470 0.005123
v -0.004769 0.015806 0.005073
v -0.005257 0.015661 0.008413
v -0.005287 0.015402 0.008378
v -0.004849 0.015162 0.008307
v -0.005237 0.015698 0.008134
v -0.005252 0.015350 0.008086
v -0.005082 0.015171 0.008053
v -0.004612 0.015398 0.007977
v -0.004649 0.015662 0.007942
v -0.005018 0.015166 0.007760
v -0.004600 0.015444 0.007687
v -0.005219 0.015723 0.007569
v -0.005261 0.015352 0.007517
v -0.005027 0.015162 0.007476
v -0.004723 0.015756 0.007357
v -0.004999 0.015848 0.007317
v -0.005249 0.015664 0.007276
v -0.005251 0.015337 0.007230
v -0.004620 0.015618 0.007095
v -0.004883 0.015832 0.007049
v -0.005283 0.015616 0.006983
v -0.004884 0.015151 0.006889
v -0.004624 0.015628 0.006809
v -0.004943 0.015851 0.006756
v -0.005285 0.015600 0.006697
v -0.005291 0.015403 0.006671
v -0.005231 0.015287 0.006654
v -0.004930 0.015146 0.006610
v -0.004838 0.015165 0.006598
v -0.004605 0.015423 0.006552
v -0.004607 0.015590 0.006530
v -0.005197 0.015752 0.006436
v -0.005264 0.015359 0.006380
v -0.004615 0.015397 0.006271
v -0.004705 0.015753 0.006221
v -0.005012 0.015846 0.006178
v -0.005296 0.015420 0.006105
v -0.005227 0.015279 0.006084
v -0.004707 0.015256 0.006008
v -0.004830 0.015834 0.005918
v -0.004999 0.015841 0.005895
v -0.005252 0.015358 0.005811
v -0.004620 0.015613 0.005673
v -0.005290 0.015433 0.005537
v -0.005175 0.015231 0.005506
v -0.004635 0.015638 0.005385
v -0.005204 0.015727 0.005295
v -0.005167 0.015224 0.005221
v -0.004924 0.015146 0.005187
v -0.004630 0.015351 0.005139
v -0.004801 0.015822 0.005068
v -0.004981 0.015854 0.005044
v -0.004671 0.015285 0.005047
v -0.005003 0.015148 0.005096
v -0.005207 0.015256 0.005125
v -0.004604 0.015567 0.005294
v -0.004691 0.015271 0.005335
v -0.005000 0.015151 0.005380
v -0.005243 0.015619 0.005462
v -0.004894 0.015848 0.005523
v -0.004702 0.015740 0.005552
v -0.004601 0.015543 0.005581
v -0.005068 0.015169 0.005673
v -0.005272 0.015361 0.005710
v -0.005204 0.015747 0.005764
v -0.004797 0.015817 0.005821
v -0.004970 0.015152 0.005945
v -0.005013 0.015160 0.006235
v -0.005254 0.015349 0.006277
v -0.004825 0.015829 0.006386
v -0.005153 0.015221 0.006540
v -0.005144 0.015795 0.006627
v -0.004875 0.015832 0.006664
v -0.005001 0.015151 0.006802
v -0.005288 0.015428 0.006857
v -0.004732 0.015224 0.007050
v -0.005222 0.015728 0.007183
v -0.004834 0.015829 0.007238
v -0.004686 0.015263 0.007327
v -0.005297 0.015434 0.007428
v -0.005177 0.015774 0.007476
v -0.004885 0.015850 0.007515
v -0.004632 0.015647 0.007558
v -0.004777 0.015208 0.007625
v -0.005283 0.015378 0.007704
v -0.004600 0.015563 0.007855
v -0.004662 0.015293 0.007891
v -0.005243 0.015341 0.007982
v -0.005228 0.015715 0.008034
v -0.005116 0.015815 0.008054
v -0.004916 0.015850 0.008080
v -0.004963 0.015145 0.008219
v -0.005279 0.015377 0.008273
v -0.002963 0.015145 0.008321
v -0.002724 0.015775 0.008209
v -0.002582 0.015476 0.008249
v -0.002664 0.015304 0.008276
v -0.002594 0.015500 0.008249
v -0.002766 0.015804 0.008202
v -0.002747 0.015791 0.008205
v -0.003183 0.015232 0.007783
v -0.003125 0.015810 0.007870
v -0.003101 0.015821 0.007873
v -0.003079 0.015832 0.007876
v -0.003059 0.015838 0.008448
v -0.003380 0.015508 0.008322
v -0.003116 0.015185 0.008342
v -0.003016 0.015151 0.008328
v -0.003024 0.015153 0.008329
v -0.003067 0.015164 0.008335
v -0.002598 0.015552 0.008242
v -0.002629 0.015654 0.008228
v -0.002610 0.015604 0.008235
v -0.003113 0.015184 0.008342
v -0.002612 0.015609 0.008234
v -0.003326 0.015301 0.008300
v -0.002587 0.015650 0.008213
v -0.003196 0.015858 0.008091
v -0.003368 0.015501 0.008054
v -0.002537 0.015599 0.007895
v -0.003291 0.015600 0.007550
v -0.003376 0.015482 0.007479
v -0.003302 0.015551 0.007544
v -0.003297 0.015574 0.007547
v -0.003303 0.015530 0.007542
v -0.003170 0.015852 0.007219
v -0.002973 0.015155 0.007185
v -0.002703 0.015248 0.007147
v -0.002717 0.015769 0.007072
v -0.002612 0.015754 0.007022
v -0.003306 0.015500 0.007538
v -0.003269 0.015227 0.007161
v -0.003287 0.015423 0.006956
v -0.002919 0.015917 0.006998
v -0.003114 0.015143 0.008321
v -0.002837 0.015122 0.008286
v -0.002603 0.015251 0.008207
v -0.002552 0.015600 0.007607
v -0.003369 0.015609 0.007768
v -0.003290 0.015272 0.007730
v -0.002546 0.015402 0.007062
v -0.002598 0.015449 0.006833
v -0.002603 0.015426 0.006836
v -0.002609 0.015400 0.006839
v -0.002597 0.015470 0.006830
v -0.003372 0.015364 0.006606
v -0.002652 0.015668 0.006518
v -0.003027 0.015910 0.006412
v -0.003183 0.015231 0.006361
v -0.003258 0.015666 0.006137
v -0.002594 0.015501 0.006827
v -0.003378 0.015391 0.005472
v -0.002687 0.015736 0.005086
v -0.003153 0.015209 0.006072
v -0.003175 0.015224 0.006075
v -0.003133 0.015195 0.006069
v -0.002830 0.015165 0.006028
v -0.002718 0.015769 0.005649
v -0.002666 0.015303 0.005716
v -0.002799 0.015179 0.005740
v -0.002820 0.015169 0.005743
v -0.002774 0.015191 0.005736
v -0.002651 0.015321 0.005428
v -0.002924 0.015843 0.005336
v -0.003305 0.015722 0.005234
v -0.002666 0.015710 0.005375
v -0.003304 0.015484 0.005260
v -0.003305 0.015519 0.005264
v -0.003255 0.015316 0.005237
v -0.003299 0.015437 0.005254
v -0.003304 0.015467 0.005258
v -0.002904 0.015086 0.005124
v -0.003270 0.015347 0.005241
v -0.003287 0.015391 0.005247
v -0.003295 0.015415 0.005251
v -0.003279 0.015364 0.005244
v -0.002742 0.015134 0.006814
v -0.003173 0.015876 0.006691
v -0.002647 0.015216 0.005938
v -0.002890 0.015912 0.005559
v -0.002594 0.015739 0.005611
v -0.002560 0.015504 0.008156
v -0.002595 0.015280 0.007662
v -0.002995 0.015092 0.008249
v -0.003028 0.015156 0.008228
v -0.003138 0.015199 0.008244
v -0.003285 0.015618 0.008020
v -0.003298 0.015571 0.008014
v -0.003255 0.015678 0.008028
v -0.002825 0.015829 0.007808
v -0.002561 0.015499 0.007590
v -0.003219 0.015267 0.007688
v -0.003296 0.015687 0.006608
v -0.003181 0.015841 0.008374
v -0.002713 0.015854 0.008135
v -0.003250 0.015199 0.007998
v -0.002853 0.015086 0.007959
v -0.002540 0.015372 0.007926
v -0.002596 0.015469 0.007582
v -0.002595 0.015482 0.007581
v -0.002595 0.015516 0.007576
v -0.002604 0.015419 0.007588
v -0.002702 0.015755 0.007542
v -0.002595 0.015521 0.007576
v -0.002763 0.015801 0.007532
v -0.003102 0.015891 0.007817
v -0.003283 0.015378 0.007704
v -0.003183 0.015232 0.007682
v -0.002732 0.015858 0.007587
v -0.003137 0.015892 0.007524
v -0.002865 0.015078 0.007395
v -0.002533 0.015416 0.007337
v -0.002995 0.015149 0.007086
v -0.002719 0.015867 0.007288
v -0.002836 0.015075 0.007105
v -0.002629 0.015522 0.007051
v -0.003137 0.015116 0.006877
v -0.003159 0.015212 0.006824
v -0.002704 0.015256 0.006760
v -0.002711 0.015847 0.006712
v -0.002959 0.015855 0.006936
v -0.003255 0.015677 0.006606
v -0.003305 0.015494 0.006582
v -0.002925 0.015146 0.006508
v -0.003294 0.015267 0.006873
v -0.002521 0.015495 0.006759
v -0.003323 0.015370 0.006580
v -0.003251 0.015184 0.006315
v -0.003284 0.015256 0.006015
v -0.002975 0.015072 0.005979
v -0.003131 0.015872 0.006093
v -0.002562 0.015335 0.005651
v -0.002864 0.015080 0.005672
v -0.002975 0.015924 0.005273
v -0.003179 0.015152 0.005158
v -0.002628 0.015763 0.005022
v -0.003374 0.015609 0.006333
v -0.002934 0.015059 0.006563
v -0.002554 0.015355 0.006493
v -0.002637 0.015792 0.006431
v -0.002832 0.015096 0.006235
v -0.002763 0.015802 0.006110
v -0.002808 0.015897 0.006148
v -0.002601 0.015430 0.005880
v -0.002579 0.015310 0.006233
v -0.003304 0.015514 0.005731
v -0.003336 0.015511 0.005737
v -0.002544 0.015610 0.006192
v -0.002717 0.015790 0.006117
v -0.003316 0.015587 0.006079
v -0.002586 0.015400 0.005885
v -0.002538 0.015661 0.005901
v -0.002777 0.015830 0.005824
v -0.003000 0.015923 0.005844
v -0.003336 0.015654 0.005810
v -0.003289 0.015244 0.005748
v -0.003012 0.015850 0.005507
v -0.003061 0.015838 0.005501
v -0.003037 0.015844 0.005504
v -0.003055 0.015894 0.005515
v -0.003286 0.015779 0.005526
v -0.003113 0.015184 0.005395
v -0.003136 0.015198 0.005399
v -0.002623 0.015763 0.005305
v -0.003267 0.015383 0.005144
v -0.002888 0.015918 0.004988
v -0.002981 0.015854 0.004942
v -0.002530 0.015455 0.005065
v -0.003046 0.015097 0.005431
v -0.002762 0.015125 0.005382
v -0.002543 0.015382 0.005345
v -0.003368 0.015435 0.005180
v -0.002680 0.015190 0.005076
v -0.003298 0.015575 0.008014
v -0.002625 0.015466 0.007902
v -0.003188 0.015236 0.007682
v -0.002602 0.015425 0.007588
v -0.002854 0.015154 0.007684
v -0.003274 0.015641 0.008308
v -0.003178 0.015273 0.008308
v -0.002766 0.015196 0.008194
v -0.002619 0.015588 0.008135
v -0.003063 0.015819 0.008060
v -0.003190 0.015753 0.007757
v -0.002744 0.015748 0.007889
v -0.002680 0.015731 0.007546
v -0.002604 0.015545 0.007288
v -0.002845 0.015836 0.007236
v -0.002617 0.015593 0.006997
v -0.002689 0.015683 0.007609
v -0.002633 0.015346 0.007314
v -0.003059 0.015167 0.007379
v -0.002741 0.015254 0.007394
v -0.002784 0.015186 0.007343
v -0.002731 0.015226 0.007050
v -0.003001 0.015151 0.006802
v -0.002805 0.015212 0.006830
v -0.003305 0.015504 0.006868
v -0.003341 0.015682 0.006915
v -0.002796 0.015214 0.008249
v -0.002638 0.015455 0.008218
v -0.002735 0.015769 0.008155
v -0.003247 0.015639 0.008367
v -0.003065 0.015189 0.008326
v -0.002793 0.015885 0.007833
v -0.003049 0.015811 0.007833
v -0.003258 0.015551 0.008072
v -0.003235 0.015360 0.008049
v -0.003121 0.015148 0.007692
v -0.002638 0.015607 0.007344
v -0.002862 0.015799 0.007300
v -0.003261 0.015623 0.006974
v -0.003089 0.015206 0.006872
v -0.002856 0.015814 0.007008
v -0.002633 0.015449 0.006785
v -0.002800 0.015203 0.006526
v -0.003263 0.015542 0.006363
v -0.002603 0.015554 0.006718
v -0.002674 0.015286 0.006470
v -0.002865 0.015832 0.006380
v -0.003202 0.015737 0.006332
v -0.003305 0.015509 0.006299
v -0.002938 0.015855 0.006086
v -0.002663 0.015639 0.006192
v -0.002817 0.015195 0.005984
v -0.002637 0.015440 0.005940
v -0.002616 0.015595 0.005859
v -0.003033 0.015845 0.005505
v -0.002606 0.015556 0.005580
v -0.002782 0.015766 0.005594
v -0.002784 0.015799 0.005539
v -0.002949 0.015856 0.005800
v -0.003063 0.015837 0.005216
v -0.002859 0.015830 0.005243
v -0.003003 0.015148 0.005096
v -0.002596 0.015486 0.005020
v -0.002723 0.015747 0.005032
v -0.002635 0.015665 0.004996
v -0.002643 0.015426 0.005093
v -0.002970 0.015163 0.005945
v -0.003242 0.015625 0.006671
v -0.003289 0.015600 0.005739
v -0.003086 0.015787 0.006693
v -0.002638 0.015589 0.005888
v -0.003131 0.015792 0.005553
v -0.002971 0.015822 0.005017
v -0.002858 0.015186 0.005140
v -0.002951 0.015163 0.008315
v -0.002623 0.015580 0.008233
v -0.002686 0.015693 0.008209
v -0.002737 0.015251 0.007956
v -0.003176 0.015279 0.007743
v -0.003056 0.015177 0.007760
v -0.003070 0.015165 0.008336
v -0.003028 0.015193 0.008006
v -0.002622 0.015637 0.008230
v -0.003269 0.015544 0.007784
v -0.002656 0.015687 0.007938
v -0.002642 0.015410 0.007650
v -0.002759 0.015767 0.006745
v -0.003045 0.015828 0.007551
v -0.003270 0.015464 0.007490
v -0.003158 0.015199 0.007432
v -0.003133 0.015775 0.007260
v -0.002781 0.015215 0.007107
v -0.002683 0.015706 0.007073
v -0.003191 0.015712 0.006951
v -0.003254 0.015390 0.006633
v -0.002672 0.015720 0.008218
v -0.002839 0.015165 0.008021
v -0.003304 0.015530 0.008111
v -0.002747 0.015792 0.008205
v -0.002799 0.015178 0.008300
v -0.002596 0.015470 0.008253
v -0.003146 0.015754 0.008107
v -0.002596 0.015470 0.007968
v -0.003025 0.015152 0.008329
v -0.002978 0.015145 0.008323
v -0.003107 0.015184 0.007772
v -0.002645 0.015665 0.007657
v -0.003298 0.015575 0.007547
v -0.003257 0.015346 0.007516
v -0.002600 0.015563 0.008241
v -0.002890 0.015846 0.008185
v -0.002747 0.015792 0.007921
v -0.003101 0.015822 0.007873
v -0.003304 0.015530 0.007826
v -0.003153 0.015208 0.007779
v -0.003015 0.015849 0.007600
v -0.003304 0.015530 0.007542
v -0.002610 0.015600 0.007382
v -0.003212 0.015267 0.006935
v -0.003181 0.015769 0.006723
v -0.002695 0.015256 0.006861
v -0.003231 0.015287 0.006654
v -0.003079 0.015174 0.006630
v -0.003325 0.015556 0.007211
v -0.003114 0.015219 0.007155
v -0.002799 0.015178 0.007162
v -0.002747 0.015792 0.007067
v -0.002602 0.015425 0.006836
v -0.002596 0.015470 0.006830
v -0.003026 0.015177 0.006575
v -0.003075 0.015803 0.006405
v -0.002631 0.015420 0.006502
v -0.002713 0.015247 0.006250
v -0.003149 0.015254 0.006032
v -0.003157 0.015778 0.005778
v -0.002930 0.015832 0.006149
v -0.003184 0.015265 0.006321
v -0.002966 0.015820 0.005858
v -0.003246 0.015677 0.005843
v -0.002698 0.015710 0.005909
v -0.003258 0.015427 0.005497
v -0.003223 0.015324 0.005756
v -0.003188 0.015278 0.005189
v -0.002997 0.015167 0.005445
v -0.002869 0.015173 0.005703
v -0.002625 0.015511 0.005644
v -0.002678 0.015690 0.005332
v -0.002657 0.015362 0.005373
v -0.003270 0.015517 0.005212
v -0.003200 0.015249 0.006364
v -0.002979 0.015160 0.006332
v -0.002696 0.015253 0.006577
v -0.003061 0.015163 0.006058
v -0.002630 0.015654 0.005952
v -0.003140 0.015790 0.005875
v -0.003266 0.015661 0.005851
v -0.002596 0.015470 0.006546
v -0.002764 0.015776 0.006469
v -0.003188 0.015236 0.006362
v -0.003153 0.015208 0.006356
v -0.003101 0.015822 0.006167
v -0.003153 0.015208 0.006072
v -0.002799 0.015178 0.006024
v -0.002783 0.015186 0.006022
v -0.003304 0.015530 0.005835
v -0.003299 0.015565 0.005839
v -0.002700 0.015752 0.005652
v -0.002976 0.015146 0.005478
v -0.002773 0.015193 0.005167
v -0.002609 0.015595 0.005107
v -0.003153 0.015208 0.005787
v -0.003006 0.015153 0.005767
v -0.002799 0.015178 0.005740
v -0.002885 0.015155 0.005466
v -0.003284 0.015616 0.005561
v -0.002712 0.015764 0.005650
v -0.002747 0.015792 0.005645
v -0.002799 0.015178 0.005455
v -0.002596 0.015470 0.005408
v -0.002747 0.015792 0.005361
v -0.003052 0.015822 0.005283
v -0.003300 0.015437 0.005254
v -0.003305 0.015484 0.005260
v -0.003288 0.015391 0.005247
v -0.003271 0.015347 0.005241
v -0.002596 0.015470 0.005123
v -0.002769 0.015806 0.005073
v -0.003244 0.015699 0.008418
v -0.003284 0.015450 0.008384
v -0.002849 0.015162 0.008307
v -0.003237 0.015698 0.008134
v -0.003274 0.015403 0.008093
v -0.003151 0.015207 0.008063
v -0.003082 0.015171 0.008053
v -0.002662 0.015293 0.007992
v -0.002601 0.015434 0.007973
v -0.002848 0.015840 0.007906
v -0.003238 0.015693 0.007849
v -0.003283 0.015408 0.007810
v -0.002929 0.015148 0.007748
v -0.002600 0.015444 0.007687
v -0.003219 0.015723 0.007569
v -0.003027 0.015162 0.007476
v -0.002665 0.015350 0.007417
v -0.002663 0.015701 0.007367
v -0.002885 0.015831 0.007333
v -0.003120 0.015811 0.007302
v -0.003261 0.015649 0.007273
v -0.003251 0.015337 0.007230
v -0.002602 0.015569 0.007102
v -0.002829 0.015833 0.007056
v -0.002985 0.015853 0.007035
v -0.003283 0.015616 0.006983
v -0.002884 0.015151 0.006889
v -0.002624 0.015628 0.006809
v -0.002943 0.015851 0.006756
v -0.003285 0.015600 0.006697
v -0.003300 0.015442 0.006677
v -0.002930 0.015146 0.006610
v -0.002838 0.015165 0.006598
v -0.002605 0.015423 0.006552
v -0.002889 0.015833 0.006479
v -0.003254 0.015672 0.006423
v -0.003264 0.015359 0.006380
v -0.002840 0.015162 0.006314
v -0.002615 0.015397 0.006271
v -0.002716 0.015760 0.006219
v -0.002925 0.015852 0.006189
v -0.003261 0.015350 0.006095
v -0.002904 0.015148 0.006038
v -0.002653 0.015313 0.005998
v -0.002601 0.015520 0.005970
v -0.002733 0.015776 0.005932
v -0.002923 0.015850 0.005905
v -0.003252 0.015358 0.005811
v -0.002620 0.015613 0.005673
v -0.002928 0.015831 0.005620
v -0.003290 0.015433 0.005537
v -0.003175 0.015231 0.005506
v -0.002605 0.015580 0.005394
v -0.003195 0.015744 0.005297
v -0.003207 0.015256 0.005227
v -0.002924 0.015146 0.005187
v -0.002630 0.015351 0.005139
v -0.002981 0.015854 0.005044
v -0.002671 0.015285 0.005047
v -0.003127 0.015193 0.005113
v -0.003188 0.015755 0.005197
v -0.002612 0.015579 0.005292
v -0.002691 0.015271 0.005335
v -0.002961 0.015145 0.005374
v -0.003066 0.015164 0.005389
v -0.003292 0.015426 0.005435
v -0.003243 0.015657 0.005467
v -0.002721 0.015240 0.005625
v -0.003068 0.015169 0.005673
v -0.003272 0.015361 0.005710
v -0.003212 0.015736 0.005762
v -0.002753 0.015791 0.005827
v -0.002710 0.015241 0.005909
v -0.002795 0.015181 0.005922
v -0.003289 0.015429 0.006004
v -0.003204 0.015737 0.006047
v -0.002663 0.015705 0.006127
v -0.002595 0.015496 0.006157
v -0.002702 0.015255 0.006191
v -0.003046 0.015169 0.006240
v -0.003254 0.015321 0.006273
v -0.002606 0.015574 0.006431
v -0.003153 0.015221 0.006540
v -0.003144 0.015795 0.006627
v -0.002875 0.015832 0.006664
v -0.002780 0.015807 0.006961
v -0.003284 0.015406 0.007139
v -0.003219 0.015726 0.007183
v -0.002729 0.015778 0.007253
v -0.003293 0.015435 0.007427
v -0.003177 0.015774 0.007476
v -0.002885 0.015850 0.007515
v -0.002632 0.015647 0.007558
v -0.002777 0.015208 0.007625
v -0.002600 0.015563 0.007855
v -0.002689 0.015263 0.007896
v -0.002966 0.015147 0.007935
v -0.003245 0.015347 0.007983
v -0.002652 0.015305 0.008173
v -0.003279 0.015377 0.008273
v -0.003059 0.015838 0.008346
v -0.002922 0.015298 0.006591
v -0.002908 0.015288 0.006681
v -0.002867 0.015301 0.006681
v -0.002908 0.015712 0.006681
v -0.002867 0.015699 0.006681
v -0.002830 0.015320 0.006681
v -0.002950 0.015716 0.006681
v -0.002797 0.015653 0.006681
v -0.002770 0.015620 0.006681
v -0.002830 0.015680 0.006681
v -0.002797 0.015347 0.006681
v -0.002770 0.015380 0.006681
v -0.002738 0.015542 0.006681
v -0.002734 0.015500 0.006681
v -0.002751 0.015583 0.006681
v -0.002751 0.015417 0.006681
v -0.002738 0.015458 0.006681
v -0.003166 0.015500 0.006681
v -0.003162 0.015542 0.006681
v -0.003149 0.015583 0.006681
v -0.003130 0.015620 0.006681
v -0.003162 0.015458 0.006681
v -0.003149 0.015417 0.006681
v -0.003130 0.015380 0.006681
v -0.003103 0.015347 0.006681
v -0.003103 0.015653 0.006681
v -0.003070 0.015680 0.006681
v -0.002992 0.015712 0.006681
v -0.003033 0.015699 0.006681
v -0.003070 0.015320 0.006681
v -0.003033 0.015301 0.006681
v -0.002992 0.015288 0.006681
v -0.002950 0.015508 0.006342
v -0.003149 0.015417 0.008421
v -0.003162 0.015458 0.008421
v -0.003103 0.015347 0.008421
v -0.003033 0.015301 0.008421
v -0.003070 0.015320 0.008421
v -0.003130 0.015380 0.008421
v -0.003166 0.015500 0.008421
v -0.002992 0.015288 0.008421
v -0.002734 0.015500 0.008421
v -0.002738 0.015458 0.008421
v -0.002950 0.015284 0.008421
v -0.002908 0.015288 0.008421
v -0.002830 0.015320 0.008421
v -0.002770 0.015380 0.008421
v -0.002797 0.015347 0.008421
v -0.002867 0.015301 0.008421
v -0.002751 0.015417 0.008421
v -0.003385 0.015099 0.008738
v -0.003070 0.015465 0.008996
v -0.002360 0.015374 0.008878
v -0.002779 0.016062 0.008742
v -0.002738 0.015542 0.008421
v -0.002751 0.015583 0.008421
v -0.002797 0.015653 0.008421
v -0.002830 0.015680 0.008421
v -0.002867 0.015699 0.008421
v -0.002770 0.015620 0.008421
v -0.002908 0.015712 0.008421
v -0.002950 0.015716 0.008421
v -0.002992 0.015712 0.008421
v -0.003033 0.015699 0.008421
v -0.003070 0.015680 0.008421
v -0.003149 0.015583 0.008421
v -0.003130 0.015620 0.008421
v -0.003162 0.015542 0.008421
v -0.003103 0.015653 0.008421
v -0.003305 0.015697 0.004498
v -0.003284 0.015731 0.004498
v -0.002753 0.015855 0.004498
v -0.002721 0.015836 0.004498
v -0.002720 0.015835 0.004498
v -0.003260 0.015763 0.004498
v -0.003233 0.015792 0.004498
v -0.003203 0.015818 0.004498
v -0.003171 0.015841 0.004498
v -0.003136 0.015861 0.004498
v -0.003100 0.015878 0.004498
v -0.002595 0.015303 0.004498
v -0.002577 0.015339 0.004498
v -0.002563 0.015376 0.004498
v -0.002553 0.015415 0.004498
v -0.002723 0.015837 0.004498
v -0.002722 0.015836 0.004498
v -0.002546 0.015454 0.004498
v -0.002544 0.015494 0.004498
v -0.002545 0.015534 0.004498
v -0.002550 0.015573 0.004498
v -0.003062 0.015891 0.004498
v -0.003023 0.015900 0.004498
v -0.002984 0.015905 0.004498
v -0.002944 0.015906 0.004498
v -0.002904 0.015904 0.004498
v -0.002865 0.015897 0.004498
v -0.002826 0.015887 0.004498
v -0.002789 0.015873 0.004498
v -0.002559 0.015612 0.004498
v -0.002572 0.015650 0.004498
v -0.002589 0.015686 0.004498
v -0.002609 0.015721 0.004498
v -0.002632 0.015753 0.004498
v -0.002728 0.015840 0.004498
v -0.002658 0.015783 0.004498
v -0.002714 0.015833 0.004425
v -0.002719 0.015834 0.004498
v -0.002736 0.015845 0.004498
v -0.002626 0.015072 0.007477
v -0.003147 0.015145 0.004498
v -0.003181 0.015166 0.004498
v -0.003213 0.015190 0.004498
v -0.003242 0.015217 0.004498
v -0.003268 0.015247 0.004498
v -0.003291 0.015279 0.004498
v -0.003311 0.015314 0.004498
v -0.003328 0.015350 0.004498
v -0.003341 0.015388 0.004498
v -0.003111 0.015127 0.004498
v -0.003074 0.015113 0.004498
v -0.003035 0.015103 0.004498
v -0.002996 0.015096 0.004498
v -0.002956 0.015094 0.004498
v -0.002916 0.015095 0.004498
v -0.002877 0.015100 0.004498
v -0.003116 0.015129 0.004498
v -0.003115 0.015129 0.004498
v -0.003355 0.015466 0.004498
v -0.003356 0.015506 0.004498
v -0.003354 0.015546 0.004498
v -0.003350 0.015427 0.004498
v -0.003323 0.015661 0.004498
v -0.003337 0.015624 0.004498
v -0.003347 0.015585 0.004498
v -0.002838 0.015109 0.004498
v -0.002762 0.015196 0.004248
v -0.002800 0.015122 0.004498
v -0.002729 0.015159 0.004498
v -0.002697 0.015182 0.004498
v -0.002667 0.015208 0.004498
v -0.002640 0.015237 0.004498
v -0.003112 0.015127 0.004498
v -0.002614 0.015275 0.004447
v -0.003021 0.015462 0.003862
v -0.003113 0.015128 0.004498
v -0.003120 0.015131 0.004498
v -0.003129 0.015136 0.004498
v -0.002595 0.015303 0.007074
v -0.002553 0.015415 0.007074
v -0.002563 0.015376 0.007074
v -0.002544 0.015494 0.007074
v -0.002546 0.015454 0.007074
v -0.002545 0.015534 0.007074
v -0.002550 0.015573 0.007074
v -0.002572 0.015650 0.007074
v -0.002589 0.015686 0.007074
v -0.002559 0.015612 0.007074
v -0.002658 0.015783 0.007074
v -0.002687 0.015810 0.007074
v -0.002632 0.015753 0.007074
v -0.002609 0.015721 0.007074
v -0.002577 0.015339 0.007074
v -0.003305 0.015697 0.007074
v -0.003284 0.015731 0.007074
v -0.002719 0.015834 0.007074
v -0.002753 0.015855 0.007074
v -0.002826 0.015887 0.007074
v -0.002789 0.015873 0.007074
v -0.002904 0.015904 0.007074
v -0.002944 0.015906 0.007074
v -0.002984 0.015905 0.007074
v -0.002865 0.015897 0.007074
v -0.003023 0.015900 0.007074
v -0.003136 0.015861 0.007074
v -0.003100 0.015878 0.007074
v -0.003203 0.015818 0.007074
v -0.003260 0.015763 0.007074
v -0.003233 0.015792 0.007074
v -0.003171 0.015841 0.007074
v -0.003062 0.015891 0.007074
v -0.002738 0.016017 0.007318
v -0.002493 0.015817 0.007364
v -0.003377 0.015149 0.007327
v -0.003423 0.015844 0.007367
v -0.003015 0.014998 0.007126
v -0.002641 0.015099 0.007126
v -0.003347 0.015585 0.007074
v -0.003354 0.015546 0.007074
v -0.003337 0.015624 0.007074
v -0.003356 0.015506 0.007074
v -0.003355 0.015466 0.007074
v -0.003350 0.015427 0.007074
v -0.003341 0.015388 0.007074
v -0.003323 0.015661 0.007074
v -0.003242 0.015217 0.007074
v -0.003213 0.015190 0.007074
v -0.003181 0.015166 0.007074
v -0.003328 0.015350 0.007074
v -0.003311 0.015314 0.007074
v -0.003268 0.015247 0.007074
v -0.003291 0.015279 0.007074
v -0.003147 0.015145 0.007074
v -0.002916 0.015095 0.007074
v -0.002877 0.015100 0.007074
v -0.002996 0.015096 0.007074
v -0.002956 0.015094 0.007074
v -0.003074 0.015113 0.007074
v -0.003035 0.015103 0.007074
v -0.002838 0.015109 0.007074
v -0.003111 0.015127 0.007074
v -0.002729 0.015159 0.007074
v -0.002764 0.015139 0.007074
v -0.002800 0.015122 0.007074
v -0.002697 0.015182 0.007074
v -0.002667 0.015208 0.007074
v -0.002640 0.015237 0.007074
v -0.002616 0.015269 0.007074
v -0.002487 0.015253 0.005189
v -0.002545 0.015167 0.005189
v -0.002579 0.015129 0.005189
v -0.002514 0.015209 0.005189
v -0.002617 0.015095 0.005189
v -0.002428 0.015449 0.005189
v -0.002436 0.015398 0.005189
v -0.002425 0.015500 0.005189
v -0.002379 0.015090 0.005189
v -0.002465 0.015299 0.005189
v -0.002448 0.015348 0.005189
v -0.002749 0.015015 0.005189
v -0.002703 0.015037 0.005189
v -0.002798 0.014998 0.005189
v -0.002950 0.014975 0.005189
v -0.002848 0.014986 0.005189
v -0.002899 0.014978 0.005189
v -0.003001 0.014978 0.005189
v -0.002659 0.015064 0.005189
v -0.002428 0.015551 0.005189
v -0.002436 0.015602 0.005189
v -0.002448 0.015652 0.005189
v -0.002465 0.015701 0.005189
v -0.002514 0.015791 0.005189
v -0.002256 0.015579 0.005189
v -0.002487 0.015747 0.005189
v -0.002545 0.015833 0.005189
v -0.002579 0.015871 0.005189
v -0.002421 0.015947 0.005189
v -0.002617 0.015905 0.005189
v -0.002659 0.015936 0.005189
v -0.002703 0.015963 0.005189
v -0.002749 0.015985 0.005189
v -0.002798 0.016002 0.005189
v -0.002848 0.016014 0.005189
v -0.002899 0.016022 0.005189
v -0.002758 0.016172 0.005189
v -0.003052 0.014986 0.005189
v -0.003102 0.014998 0.005189
v -0.003151 0.015015 0.005189
v -0.003241 0.015064 0.005189
v -0.003197 0.015037 0.005189
v -0.003283 0.015095 0.005189
v -0.003599 0.015219 0.005189
v -0.003355 0.015167 0.005189
v -0.003321 0.015129 0.005189
v -0.003413 0.015253 0.005189
v -0.003386 0.015209 0.005189
v -0.003435 0.015299 0.005189
v -0.003452 0.015348 0.005189
v -0.003464 0.015398 0.005189
v -0.003475 0.015500 0.005189
v -0.003472 0.015449 0.005189
v -0.003472 0.015551 0.005189
v -0.003102 0.016002 0.005189
v -0.003151 0.015985 0.005189
v -0.003001 0.016022 0.005189
v -0.003052 0.016014 0.005189
v -0.003117 0.016109 0.005216
v -0.003241 0.015936 0.005189
v -0.003283 0.015905 0.005189
v -0.003197 0.015963 0.005189
v -0.002950 0.016025 0.005189
v -0.003321 0.015871 0.005189
v -0.003452 0.015652 0.005189
v -0.003464 0.015602 0.005189
v -0.003413 0.015747 0.005189
v -0.003435 0.015701 0.005189
v -0.003355 0.015833 0.005189
v -0.003386 0.015791 0.005189
v -0.003481 0.014839 0.008546
v -0.002150 0.015250 0.008620
v -0.002351 0.016057 0.008614
v -0.003537 0.016120 0.008633
v -0.003726 0.015299 0.008784
v -0.002514 0.015209 0.009081
v -0.002465 0.015299 0.009081
v -0.002579 0.015129 0.009081
v -0.002545 0.015167 0.009081
v -0.002487 0.015253 0.009081
v -0.002436 0.015398 0.009081
v -0.002428 0.015449 0.009081
v -0.002448 0.015348 0.009081
v -0.002749 0.015015 0.009081
v -0.002659 0.015064 0.009081
v -0.002899 0.014978 0.009081
v -0.002848 0.014986 0.009081
v -0.002950 0.014975 0.009081
v -0.003001 0.014978 0.009081
v -0.002703 0.015037 0.009081
v -0.002617 0.015095 0.009081
v -0.002798 0.014998 0.009081
v -0.002428 0.015551 0.009081
v -0.002425 0.015500 0.009081
v -0.002436 0.015602 0.009081
v -0.002448 0.015652 0.009081
v -0.002465 0.015701 0.009081
v -0.002487 0.015747 0.009081
v -0.002545 0.015833 0.009081
v -0.002617 0.015905 0.009081
v -0.002514 0.015791 0.009081
v -0.002579 0.015871 0.009081
v -0.002809 0.016210 0.009081
v -0.002703 0.015963 0.009081
v -0.002659 0.015936 0.009081
v -0.002798 0.016002 0.009081
v -0.002749 0.015985 0.009081
v -0.002899 0.016022 0.009081
v -0.002848 0.016014 0.009081
v -0.003052 0.014986 0.009081
v -0.002843 0.014777 0.009081
v -0.003102 0.014998 0.009081
v -0.003151 0.015015 0.009081
v -0.003241 0.015064 0.009081
v -0.003197 0.015037 0.009081
v -0.003283 0.015095 0.009081
v -0.003321 0.015129 0.009081
v -0.003355 0.015167 0.009081
v -0.003386 0.015209 0.009081
v -0.003435 0.015299 0.009081
v -0.003413 0.015253 0.009081
v -0.003452 0.015348 0.009081
v -0.003464 0.015398 0.009081
v -0.003472 0.015449 0.009081
v -0.003472 0.015551 0.009081
v -0.003475 0.015500 0.009081
v -0.003151 0.015985 0.009081
v -0.003102 0.016002 0.009081
v -0.003052 0.016014 0.009081
v -0.003001 0.016022 0.009081
v -0.003283 0.015905 0.009081
v -0.003241 0.015936 0.009081
v -0.003197 0.015963 0.009081
v -0.002950 0.016025 0.009081
v -0.003321 0.015871 0.009081
v -0.003464 0.015602 0.009081
v -0.003452 0.015652 0.009081
v -0.003435 0.015701 0.009081
v -0.003413 0.015747 0.009081
v -0.003386 0.015791 0.009081
v -0.003355 0.015833 0.009081
v -0.002873 0.015510 0.007154
v -0.003545 0.015858 0.005201
v -0.003205 0.014910 0.005203
v -0.002868 0.014818 0.005208
v -0.004963 0.017145 0.008321
v -0.004672 0.017720 0.008218
v -0.004598 0.017449 0.008255
v -0.004594 0.017500 0.008249
v -0.004597 0.017470 0.008253
v -0.004957 0.017855 0.008176
v -0.004582 0.017494 0.008247
v -0.005298 0.017571 0.008116
v -0.005283 0.017408 0.007810
v -0.005183 0.017232 0.007783
v -0.005125 0.017810 0.007870
v -0.005101 0.017821 0.007873
v -0.005078 0.017832 0.007876
v -0.005059 0.017838 0.008448
v -0.005116 0.017185 0.008342
v -0.005016 0.017151 0.008328
v -0.005024 0.017153 0.008329
v -0.005067 0.017164 0.008335
v -0.004598 0.017552 0.008242
v -0.004629 0.017654 0.008228
v -0.004610 0.017604 0.008235
v -0.005113 0.017184 0.008342
v -0.004612 0.017609 0.008234
v -0.005355 0.017376 0.008313
v -0.005372 0.017541 0.008042
v -0.004839 0.017165 0.008021
v -0.005291 0.017600 0.007550
v -0.005219 0.017723 0.007569
v -0.005302 0.017551 0.007544
v -0.005297 0.017574 0.007547
v -0.005303 0.017530 0.007542
v -0.004821 0.017169 0.007165
v -0.004675 0.017276 0.007141
v -0.004717 0.017769 0.007072
v -0.004736 0.017819 0.007057
v -0.004775 0.017191 0.007159
v -0.004799 0.017179 0.007162
v -0.005306 0.017500 0.007538
v -0.004542 0.017636 0.007328
v -0.005259 0.017222 0.007154
v -0.005022 0.017095 0.007122
v -0.005032 0.017193 0.006868
v -0.005113 0.017143 0.008321
v -0.004819 0.017105 0.008249
v -0.004582 0.017638 0.008214
v -0.004643 0.017764 0.008135
v -0.004551 0.017351 0.008197
v -0.005309 0.017300 0.007753
v -0.004587 0.017716 0.007613
v -0.004865 0.017078 0.007395
v -0.005372 0.017636 0.007195
v -0.004518 0.017549 0.007049
v -0.004800 0.017889 0.006997
v -0.004598 0.017449 0.006833
v -0.004603 0.017426 0.006836
v -0.004609 0.017400 0.006839
v -0.004524 0.017489 0.006769
v -0.004597 0.017470 0.006830
v -0.005372 0.017364 0.006606
v -0.004635 0.017805 0.006441
v -0.005027 0.017910 0.006412
v -0.004915 0.017147 0.006323
v -0.005183 0.017231 0.006361
v -0.004934 0.017843 0.006473
v -0.005258 0.017666 0.006137
v -0.004594 0.017501 0.006827
v -0.005357 0.017398 0.006052
v -0.005362 0.017518 0.005791
v -0.004752 0.017124 0.005090
v -0.004612 0.017603 0.005106
v -0.005153 0.017209 0.006072
v -0.005175 0.017224 0.006075
v -0.005133 0.017195 0.006069
v -0.004718 0.017769 0.005649
v -0.004799 0.017179 0.005740
v -0.004820 0.017169 0.005743
v -0.004774 0.017191 0.005736
v -0.004638 0.017348 0.005424
v -0.004944 0.017847 0.005333
v -0.004768 0.017805 0.005357
v -0.004747 0.017791 0.005361
v -0.004726 0.017776 0.005364
v -0.005304 0.017484 0.005260
v -0.005305 0.017519 0.005264
v -0.005255 0.017316 0.005237
v -0.005299 0.017437 0.005254
v -0.005304 0.017467 0.005258
v -0.005270 0.017347 0.005241
v -0.005287 0.017391 0.005247
v -0.005295 0.017415 0.005251
v -0.005279 0.017364 0.005244
v -0.004742 0.017134 0.006814
v -0.004531 0.017512 0.005912
v -0.004661 0.017803 0.005873
v -0.004741 0.017858 0.006140
v -0.005376 0.017413 0.005490
v -0.004526 0.017579 0.005625
v -0.004823 0.017902 0.005567
v -0.005141 0.017848 0.005503
v -0.005298 0.017615 0.008304
v -0.005098 0.017111 0.007700
v -0.004595 0.017280 0.007662
v -0.005296 0.017581 0.008300
v -0.005305 0.017511 0.008291
v -0.005305 0.017479 0.008287
v -0.005304 0.017531 0.008294
v -0.004983 0.017090 0.008249
v -0.005138 0.017199 0.008244
v -0.004619 0.017588 0.008135
v -0.005285 0.017618 0.008020
v -0.005298 0.017571 0.008014
v -0.005347 0.017647 0.007755
v -0.004860 0.017123 0.007670
v -0.004825 0.017829 0.007808
v -0.004561 0.017499 0.007590
v -0.005219 0.017267 0.007688
v -0.005200 0.017165 0.007423
v -0.005070 0.017855 0.007207
v -0.005386 0.017621 0.006627
v -0.004608 0.017433 0.007042
v -0.005349 0.017663 0.006927
v -0.005029 0.017899 0.008371
v -0.005289 0.017761 0.008375
v -0.005285 0.017618 0.008304
v -0.005298 0.017575 0.008299
v -0.005209 0.017214 0.008256
v -0.004795 0.017895 0.008139
v -0.005173 0.017857 0.008098
v -0.005229 0.017183 0.008001
v -0.004854 0.017083 0.007966
v -0.004783 0.017142 0.007925
v -0.004510 0.017446 0.007921
v -0.004596 0.017469 0.007582
v -0.004595 0.017485 0.007580
v -0.004595 0.017516 0.007576
v -0.004604 0.017419 0.007588
v -0.004702 0.017755 0.007542
v -0.004595 0.017521 0.007576
v -0.004785 0.017815 0.007529
v -0.004862 0.017905 0.007562
v -0.004911 0.017849 0.007512
v -0.004741 0.017787 0.007536
v -0.005102 0.017891 0.007817
v -0.005183 0.017232 0.007682
v -0.004712 0.017764 0.007540
v -0.005194 0.017847 0.007522
v -0.004574 0.017329 0.007343
v -0.004604 0.017545 0.007288
v -0.004903 0.017926 0.007269
v -0.004742 0.017136 0.007103
v -0.005246 0.017305 0.006840
v -0.005074 0.017101 0.006860
v -0.005159 0.017212 0.006824
v -0.004698 0.017259 0.006759
v -0.005309 0.017293 0.006883
v -0.004974 0.017927 0.006688
v -0.005042 0.017049 0.005988
v -0.004801 0.017059 0.005951
v -0.005212 0.017866 0.006091
v -0.004607 0.017256 0.005652
v -0.004889 0.017079 0.005681
v -0.005214 0.017865 0.005241
v -0.004852 0.017916 0.005008
v -0.004565 0.017675 0.005025
v -0.005332 0.017685 0.006348
v -0.004934 0.017059 0.006563
v -0.004554 0.017355 0.006493
v -0.004698 0.017720 0.006457
v -0.005309 0.017273 0.006310
v -0.004803 0.017065 0.006265
v -0.004657 0.017365 0.006175
v -0.004763 0.017802 0.006110
v -0.004663 0.017705 0.006127
v -0.005280 0.017397 0.006000
v -0.004601 0.017430 0.005880
v -0.004526 0.017559 0.006184
v -0.005212 0.017736 0.005762
v -0.005304 0.017514 0.005731
v -0.005305 0.017482 0.005727
v -0.004586 0.017400 0.005885
v -0.004951 0.017921 0.005837
v -0.005252 0.017785 0.005793
v -0.005263 0.017220 0.005741
v -0.004716 0.017244 0.005624
v -0.005012 0.017850 0.005507
v -0.005061 0.017838 0.005501
v -0.005037 0.017844 0.005504
v -0.005120 0.017114 0.005424
v -0.005158 0.017212 0.005402
v -0.004981 0.017854 0.004942
v -0.004595 0.017516 0.005016
v -0.005188 0.017236 0.005407
v -0.004654 0.017172 0.005362
v -0.004540 0.017567 0.005349
v -0.004776 0.017781 0.005300
v -0.004742 0.017864 0.005303
v -0.005329 0.017404 0.005164
v -0.005124 0.017112 0.005155
v -0.004548 0.017384 0.005058
v -0.004704 0.017253 0.008183
v -0.005298 0.017575 0.008014
v -0.005243 0.017341 0.007982
v -0.005188 0.017236 0.007682
v -0.004602 0.017425 0.007588
v -0.005128 0.017222 0.007736
v -0.005253 0.017592 0.008365
v -0.005198 0.017289 0.008313
v -0.005125 0.017772 0.008111
v -0.005052 0.017840 0.008063
v -0.004596 0.017556 0.007570
v -0.004680 0.017731 0.007546
v -0.004637 0.017610 0.007338
v -0.004974 0.017854 0.007219
v -0.004633 0.017346 0.007314
v -0.004985 0.017188 0.007430
v -0.005121 0.017191 0.007388
v -0.005345 0.017513 0.007467
v -0.005177 0.017774 0.007476
v -0.004741 0.017254 0.007394
v -0.004871 0.017165 0.007354
v -0.004617 0.017593 0.006997
v -0.005001 0.017151 0.006802
v -0.005265 0.017414 0.006917
v -0.004647 0.017572 0.008194
v -0.005065 0.017189 0.008326
v -0.005016 0.017192 0.007997
v -0.004622 0.017463 0.007899
v -0.004793 0.017885 0.007833
v -0.004721 0.017733 0.007896
v -0.005089 0.017803 0.007826
v -0.004700 0.017266 0.007687
v -0.005127 0.017751 0.008394
v -0.004659 0.017367 0.008211
v -0.004797 0.017791 0.008147
v -0.005240 0.017339 0.008045
v -0.004627 0.017399 0.007613
v -0.004694 0.017710 0.007608
v -0.004949 0.017836 0.007280
v -0.004813 0.017201 0.007098
v -0.005046 0.017812 0.007546
v -0.004822 0.017827 0.006671
v -0.004871 0.017154 0.006499
v -0.004761 0.017193 0.006261
v -0.004633 0.017449 0.006785
v -0.004611 0.017572 0.006715
v -0.004674 0.017286 0.006470
v -0.004623 0.017610 0.006425
v -0.004825 0.017829 0.006386
v -0.005067 0.017809 0.006407
v -0.005290 0.017432 0.006289
v -0.005202 0.017737 0.006332
v -0.004886 0.017846 0.006093
v -0.004670 0.017664 0.006189
v -0.005197 0.017746 0.006049
v -0.005186 0.017257 0.006036
v -0.004660 0.017379 0.005950
v -0.004616 0.017595 0.005859
v -0.005033 0.017845 0.005505
v -0.004797 0.017817 0.005821
v -0.005237 0.017294 0.005416
v -0.004859 0.017830 0.005243
v -0.004596 0.017486 0.005020
v -0.005192 0.017294 0.005746
v -0.004707 0.017762 0.006732
v -0.005065 0.017799 0.006700
v -0.005277 0.017476 0.006355
v -0.004841 0.017198 0.005969
v -0.004833 0.017177 0.005700
v -0.004638 0.017492 0.005639
v -0.005109 0.017798 0.005558
v -0.004938 0.017173 0.005430
v -0.005088 0.017198 0.005125
v -0.004951 0.017163 0.008315
v -0.004827 0.017205 0.008252
v -0.004736 0.017252 0.007959
v -0.005254 0.017563 0.008065
v -0.005070 0.017165 0.008336
v -0.004618 0.017627 0.008232
v -0.005269 0.017534 0.007790
v -0.005090 0.017840 0.006965
v -0.004791 0.017222 0.006823
v -0.005289 0.017533 0.007530
v -0.005172 0.017276 0.007454
v -0.005274 0.017549 0.007219
v -0.005120 0.017226 0.007171
v -0.004707 0.017298 0.007114
v -0.004676 0.017695 0.007075
v -0.004860 0.017813 0.007012
v -0.005288 0.017497 0.006648
v -0.005192 0.017744 0.008142
v -0.004662 0.017311 0.008275
v -0.004662 0.017293 0.007992
v -0.004848 0.017840 0.007906
v -0.005304 0.017530 0.008111
v -0.004747 0.017792 0.008205
v -0.004799 0.017178 0.008300
v -0.004596 0.017470 0.008253
v -0.005101 0.017822 0.008158
v -0.004596 0.017470 0.007968
v -0.005025 0.017152 0.008329
v -0.004978 0.017145 0.008323
v -0.005238 0.017693 0.007849
v -0.004665 0.017350 0.007417
v -0.005298 0.017575 0.007547
v -0.004600 0.017563 0.008241
v -0.005101 0.017822 0.007873
v -0.005304 0.017530 0.007826
v -0.005153 0.017208 0.007779
v -0.005015 0.017849 0.007600
v -0.005304 0.017530 0.007542
v -0.004610 0.017600 0.007382
v -0.005175 0.017764 0.007292
v -0.004973 0.017155 0.007185
v -0.005212 0.017267 0.006935
v -0.004943 0.017851 0.006756
v -0.005181 0.017769 0.006723
v -0.004695 0.017256 0.006861
v -0.005079 0.017174 0.006630
v -0.004799 0.017178 0.007162
v -0.004747 0.017792 0.007067
v -0.004602 0.017425 0.006836
v -0.004596 0.017470 0.006830
v -0.005022 0.017177 0.006581
v -0.004723 0.017251 0.006575
v -0.004630 0.017419 0.006499
v -0.004649 0.017603 0.005913
v -0.005148 0.017752 0.005832
v -0.004998 0.017828 0.006137
v -0.005109 0.017231 0.006319
v -0.004832 0.017804 0.005879
v -0.005252 0.017615 0.006098
v -0.004627 0.017600 0.005956
v -0.004722 0.017729 0.005612
v -0.005140 0.017762 0.005266
v -0.005175 0.017277 0.005470
v -0.005291 0.017770 0.005532
v -0.005274 0.017508 0.005518
v -0.005266 0.017389 0.005221
v -0.004900 0.017825 0.005021
v -0.004833 0.017184 0.005135
v -0.005200 0.017249 0.006364
v -0.004696 0.017253 0.006577
v -0.005022 0.017154 0.006053
v -0.004678 0.017723 0.005941
v -0.004598 0.017455 0.005979
v -0.004596 0.017470 0.006546
v -0.004747 0.017792 0.006498
v -0.005101 0.017822 0.006451
v -0.005188 0.017236 0.006362
v -0.005153 0.017208 0.006356
v -0.005101 0.017822 0.006167
v -0.005304 0.017530 0.006119
v -0.005153 0.017208 0.006072
v -0.004904 0.017148 0.006038
v -0.004761 0.017221 0.006013
v -0.005273 0.017556 0.005789
v -0.005246 0.017674 0.005854
v -0.004700 0.017752 0.005652
v -0.005294 0.017560 0.005554
v -0.004922 0.017148 0.005471
v -0.004624 0.017559 0.005074
v -0.005153 0.017208 0.005787
v -0.004664 0.017309 0.005715
v -0.004983 0.017155 0.005764
v -0.004799 0.017178 0.005740
v -0.004712 0.017764 0.005650
v -0.004747 0.017792 0.005645
v -0.004799 0.017178 0.005455
v -0.004620 0.017426 0.005373
v -0.004747 0.017792 0.005361
v -0.005101 0.017822 0.005313
v -0.005300 0.017437 0.005254
v -0.005305 0.017484 0.005260
v -0.005288 0.017391 0.005247
v -0.005271 0.017347 0.005241
v -0.004596 0.017470 0.005123
v -0.004769 0.017806 0.005073
v -0.005254 0.017667 0.008413
v -0.005287 0.017402 0.008378
v -0.004849 0.017162 0.008307
v -0.005250 0.017343 0.008085
v -0.005082 0.017171 0.008053
v -0.004612 0.017398 0.007977
v -0.004610 0.017588 0.007953
v -0.005018 0.017166 0.007760
v -0.004627 0.017555 0.007672
v -0.005261 0.017352 0.007517
v -0.005027 0.017162 0.007476
v -0.004723 0.017756 0.007357
v -0.004935 0.017855 0.007326
v -0.005251 0.017337 0.007230
v -0.004602 0.017569 0.007102
v -0.004680 0.017731 0.007078
v -0.004952 0.017849 0.007039
v -0.005283 0.017616 0.006983
v -0.004884 0.017151 0.006889
v -0.004640 0.017648 0.006806
v -0.005285 0.017600 0.006697
v -0.005300 0.017442 0.006677
v -0.005231 0.017287 0.006654
v -0.004838 0.017165 0.006598
v -0.004605 0.017423 0.006552
v -0.004643 0.017674 0.006518
v -0.005186 0.017759 0.006437
v -0.005264 0.017359 0.006380
v -0.004615 0.017397 0.006271
v -0.004783 0.017796 0.006209
v -0.005003 0.017851 0.006179
v -0.005059 0.017837 0.006172
v -0.005296 0.017420 0.006105
v -0.005249 0.017312 0.006089
v -0.004707 0.017256 0.006008
v -0.004605 0.017585 0.005962
v -0.004870 0.017846 0.005912
v -0.005062 0.017835 0.005887
v -0.005269 0.017363 0.005812
v -0.004620 0.017619 0.005673
v -0.004682 0.017734 0.005655
v -0.004928 0.017831 0.005620
v -0.005299 0.017436 0.005538
v -0.005200 0.017273 0.005513
v -0.004635 0.017638 0.005385
v -0.005204 0.017727 0.005295
v -0.005167 0.017224 0.005221
v -0.004837 0.017165 0.005176
v -0.004801 0.017822 0.005068
v -0.004981 0.017854 0.005044
v -0.004635 0.017665 0.004996
v -0.004695 0.017253 0.005053
v -0.005003 0.017148 0.005096
v -0.005105 0.017180 0.005110
v -0.005255 0.017368 0.005142
v -0.005179 0.017765 0.005199
v -0.004604 0.017567 0.005294
v -0.004696 0.017263 0.005336
v -0.004961 0.017145 0.005374
v -0.005298 0.017425 0.005435
v -0.005238 0.017682 0.005470
v -0.004737 0.017767 0.005546
v -0.004606 0.017569 0.005578
v -0.005068 0.017169 0.005673
v -0.005272 0.017361 0.005710
v -0.004803 0.017185 0.005923
v -0.005171 0.017229 0.006258
v -0.005092 0.017177 0.006530
v -0.005259 0.017380 0.006566
v -0.005207 0.017730 0.006615
v -0.005070 0.017835 0.006638
v -0.005294 0.017453 0.006861
v -0.004796 0.017813 0.006959
v -0.004721 0.017240 0.007048
v -0.005024 0.017158 0.007090
v -0.005294 0.017430 0.007142
v -0.005222 0.017728 0.007183
v -0.004744 0.017780 0.007251
v -0.004686 0.017263 0.007327
v -0.005297 0.017434 0.007428
v -0.004632 0.017647 0.007558
v -0.004748 0.017207 0.007622
v -0.005283 0.017378 0.007704
v -0.005186 0.017760 0.007758
v -0.004600 0.017563 0.007855
v -0.004696 0.017252 0.007898
v -0.005024 0.017159 0.007943
v -0.005228 0.017715 0.008034
v -0.004853 0.017833 0.008089
v -0.004963 0.017145 0.008219
v -0.005261 0.017327 0.008266
v -0.005259 0.017677 0.008312
v -0.005059 0.017838 0.008346
v -0.003066 0.017832 0.008409
v -0.002936 0.017907 0.004972
v -0.002981 0.017854 0.004942
v -0.002963 0.017145 0.008321
v -0.002724 0.017775 0.008209
v -0.002598 0.017449 0.008255
v -0.002594 0.017500 0.008249
v -0.002597 0.017470 0.008253
v -0.002957 0.017855 0.008176
v -0.003283 0.017408 0.007810
v -0.003183 0.017232 0.007783
v -0.003125 0.017810 0.007870
v -0.003101 0.017821 0.007873
v -0.003079 0.017832 0.007876
v -0.003116 0.017185 0.008342
v -0.003016 0.017151 0.008328
v -0.003024 0.017153 0.008329
v -0.003067 0.017164 0.008335
v -0.002598 0.017552 0.008242
v -0.003313 0.017710 0.008080
v -0.002629 0.017654 0.008228
v -0.002610 0.017604 0.008235
v -0.003113 0.017184 0.008342
v -0.002612 0.017609 0.008234
v -0.003326 0.017301 0.008300
v -0.002839 0.017165 0.008021
v -0.002537 0.017599 0.007895
v -0.003291 0.017600 0.007550
v -0.003219 0.017723 0.007569
v -0.003302 0.017551 0.007544
v -0.003297 0.017574 0.007547
v -0.003303 0.017530 0.007542
v -0.003170 0.017852 0.007219
v -0.002973 0.017155 0.007185
v -0.002717 0.017769 0.007072
v -0.002736 0.017858 0.007014
v -0.002728 0.017863 0.007591
v -0.003306 0.017500 0.007538
v -0.002532 0.017413 0.007335
v -0.003274 0.017234 0.007171
v -0.003027 0.017094 0.007133
v -0.003027 0.017191 0.006868
v -0.002860 0.017900 0.006993
v -0.003113 0.017143 0.008321
v -0.002819 0.017105 0.008249
v -0.002611 0.017263 0.008211
v -0.002545 0.017446 0.008211
v -0.002726 0.017860 0.008134
v -0.002792 0.017130 0.007687
v -0.002800 0.017111 0.007396
v -0.003394 0.017529 0.007489
v -0.002598 0.017449 0.006833
v -0.002603 0.017426 0.006836
v -0.002609 0.017400 0.006839
v -0.002597 0.017470 0.006830
v -0.003183 0.017231 0.006361
v -0.003258 0.017666 0.006137
v -0.002594 0.017501 0.006827
v -0.003352 0.017318 0.005770
v -0.002707 0.017756 0.005083
v -0.003153 0.017209 0.006072
v -0.003175 0.017224 0.006075
v -0.003133 0.017195 0.006069
v -0.002718 0.017769 0.005649
v -0.002677 0.017279 0.005719
v -0.002799 0.017179 0.005740
v -0.002820 0.017169 0.005743
v -0.002774 0.017191 0.005736
v -0.002944 0.017847 0.005333
v -0.003359 0.017562 0.005201
v -0.002768 0.017805 0.005357
v -0.002747 0.017791 0.005361
v -0.002726 0.017776 0.005364
v -0.003304 0.017484 0.005260
v -0.003305 0.017519 0.005264
v -0.003255 0.017316 0.005237
v -0.003299 0.017437 0.005254
v -0.003304 0.017467 0.005258
v -0.002612 0.017603 0.005106
v -0.003270 0.017347 0.005241
v -0.002928 0.017831 0.005620
v -0.003287 0.017391 0.005247
v -0.003295 0.017415 0.005251
v -0.003279 0.017364 0.005244
v -0.002742 0.017134 0.006814
v -0.003348 0.017624 0.006623
v -0.002544 0.017685 0.005901
v -0.002647 0.017216 0.005938
v -0.002597 0.017742 0.005623
v -0.002890 0.017908 0.005553
v -0.003376 0.017413 0.005490
v -0.003141 0.017848 0.005503
v -0.003098 0.017111 0.007700
v -0.002595 0.017280 0.007662
v -0.002983 0.017090 0.008249
v -0.003138 0.017199 0.008244
v -0.002610 0.017570 0.008138
v -0.003285 0.017618 0.008020
v -0.003298 0.017571 0.008014
v -0.003245 0.017347 0.007983
v -0.003176 0.017867 0.007806
v -0.003376 0.017414 0.007755
v -0.002545 0.017560 0.007609
v -0.003219 0.017267 0.007688
v -0.003141 0.017126 0.007418
v -0.003373 0.017555 0.007191
v -0.003233 0.017801 0.006655
v -0.003282 0.017234 0.006592
v -0.002774 0.017828 0.007532
v -0.002515 0.017520 0.007047
v -0.003349 0.017663 0.006927
v -0.003366 0.017653 0.008328
v -0.002559 0.017626 0.008177
v -0.003106 0.017888 0.008095
v -0.003358 0.017448 0.008034
v -0.003229 0.017183 0.008001
v -0.002853 0.017086 0.007959
v -0.002540 0.017372 0.007926
v -0.002596 0.017469 0.007582
v -0.002595 0.017482 0.007581
v -0.002595 0.017516 0.007576
v -0.002604 0.017419 0.007588
v -0.002702 0.017755 0.007542
v -0.002595 0.017521 0.007576
v -0.002785 0.017815 0.007529
v -0.002788 0.017817 0.007529
v -0.002833 0.017836 0.007522
v -0.002741 0.017787 0.007536
v -0.003183 0.017232 0.007682
v -0.002712 0.017764 0.007540
v -0.003140 0.017875 0.007522
v -0.002995 0.017149 0.007086
v -0.002719 0.017867 0.007288
v -0.002779 0.017110 0.007096
v -0.003246 0.017305 0.006840
v -0.003074 0.017101 0.006860
v -0.003159 0.017212 0.006824
v -0.002698 0.017259 0.006759
v -0.002900 0.017916 0.006725
v -0.002959 0.017855 0.006936
v -0.003259 0.017393 0.006567
v -0.002965 0.017147 0.006513
v -0.003309 0.017293 0.006883
v -0.002521 0.017495 0.006759
v -0.002891 0.017068 0.006547
v -0.002583 0.017730 0.006452
v -0.003339 0.017672 0.006379
v -0.003284 0.017256 0.006015
v -0.002975 0.017072 0.005979
v -0.003131 0.017872 0.006093
v -0.002524 0.017397 0.005629
v -0.002869 0.017085 0.005690
v -0.003136 0.017893 0.005248
v -0.003138 0.017119 0.005141
v -0.002624 0.017796 0.005034
v -0.002685 0.017269 0.006473
v -0.002577 0.017317 0.006497
v -0.003179 0.017793 0.006340
v -0.003264 0.017193 0.006303
v -0.002832 0.017096 0.006235
v -0.002654 0.017694 0.006129
v -0.002763 0.017802 0.006110
v -0.002808 0.017897 0.006148
v -0.003281 0.017410 0.006001
v -0.002601 0.017430 0.005880
v -0.002586 0.017293 0.006231
v -0.003212 0.017736 0.005762
v -0.003304 0.017514 0.005731
v -0.003305 0.017482 0.005727
v -0.002544 0.017610 0.006192
v -0.002717 0.017790 0.006117
v -0.003319 0.017579 0.006079
v -0.002586 0.017400 0.005885
v -0.002935 0.017922 0.005833
v -0.003252 0.017785 0.005793
v -0.003078 0.017147 0.005676
v -0.003012 0.017850 0.005507
v -0.003061 0.017838 0.005501
v -0.003037 0.017844 0.005504
v -0.003260 0.017326 0.005421
v -0.003120 0.017114 0.005424
v -0.003158 0.017212 0.005402
v -0.003267 0.017383 0.005144
v -0.002753 0.017118 0.005101
v -0.002595 0.017516 0.005016
v -0.003188 0.017236 0.005407
v -0.002654 0.017172 0.005362
v -0.002540 0.017567 0.005349
v -0.002735 0.017857 0.005280
v -0.003340 0.017358 0.005192
v -0.002548 0.017384 0.005058
v -0.002745 0.017211 0.008191
v -0.003298 0.017575 0.008014
v -0.002625 0.017466 0.007902
v -0.003188 0.017236 0.007682
v -0.002602 0.017425 0.007588
v -0.003163 0.017255 0.007734
v -0.003161 0.017270 0.008316
v -0.003116 0.017205 0.008251
v -0.002969 0.017855 0.008073
v -0.003201 0.017738 0.007755
v -0.002743 0.017755 0.007873
v -0.002680 0.017731 0.007546
v -0.002877 0.017827 0.007527
v -0.002830 0.017834 0.007523
v -0.003218 0.017724 0.007467
v -0.002637 0.017610 0.007338
v -0.003220 0.017724 0.007183
v -0.003284 0.017406 0.007139
v -0.002677 0.017645 0.007621
v -0.002787 0.017768 0.007586
v -0.003110 0.017184 0.007386
v -0.002679 0.017349 0.007373
v -0.002697 0.017273 0.007327
v -0.003075 0.017808 0.007542
v -0.002648 0.017644 0.007274
v -0.003274 0.017480 0.007491
v -0.002876 0.017182 0.007418
v -0.002905 0.017148 0.007359
v -0.002617 0.017593 0.006997
v -0.002721 0.017240 0.007048
v -0.003265 0.017414 0.006917
v -0.002632 0.017647 0.007558
v -0.003276 0.017517 0.008355
v -0.003065 0.017189 0.008326
v -0.002629 0.017567 0.008154
v -0.003016 0.017192 0.007997
v -0.002793 0.017885 0.007833
v -0.003049 0.017811 0.007833
v -0.002886 0.017174 0.007694
v -0.002754 0.017751 0.008154
v -0.002972 0.017821 0.008130
v -0.003240 0.017339 0.008045
v -0.002629 0.017433 0.007634
v -0.002814 0.017787 0.007309
v -0.002835 0.017824 0.006980
v -0.002909 0.017834 0.007039
v -0.002632 0.017456 0.006789
v -0.002800 0.017203 0.006526
v -0.002969 0.017916 0.006389
v -0.003311 0.017627 0.006312
v -0.002611 0.017572 0.006715
v -0.002623 0.017610 0.006425
v -0.002865 0.017832 0.006380
v -0.003066 0.017816 0.006430
v -0.003202 0.017737 0.006332
v -0.002938 0.017855 0.006086
v -0.002596 0.017533 0.005867
v -0.002673 0.017710 0.005842
v -0.003033 0.017845 0.005505
v -0.002782 0.017766 0.005594
v -0.002933 0.017854 0.005517
v -0.002998 0.017850 0.005794
v -0.002844 0.017840 0.005814
v -0.003298 0.017558 0.005735
v -0.003003 0.017148 0.005096
v -0.002937 0.017851 0.005233
v -0.003188 0.017755 0.005197
v -0.002596 0.017486 0.005020
v -0.002976 0.017820 0.005009
v -0.003187 0.017742 0.006672
v -0.003250 0.017632 0.006367
v -0.003109 0.017798 0.005558
v -0.002938 0.017173 0.005430
v -0.002662 0.017344 0.005104
v -0.002951 0.017163 0.008315
v -0.002714 0.017254 0.008242
v -0.002606 0.017520 0.008242
v -0.003190 0.017701 0.008103
v -0.002737 0.017251 0.007956
v -0.003254 0.017563 0.008065
v -0.003070 0.017165 0.008336
v -0.002621 0.017635 0.008231
v -0.002772 0.017793 0.007915
v -0.003267 0.017554 0.007779
v -0.002656 0.017687 0.007938
v -0.003090 0.017840 0.006965
v -0.003031 0.017173 0.006555
v -0.002794 0.017219 0.006820
v -0.003134 0.017247 0.007448
v -0.003137 0.017773 0.007260
v -0.003265 0.017434 0.007196
v -0.002625 0.017458 0.007066
v -0.002683 0.017706 0.007073
v -0.002719 0.017772 0.006729
v -0.003267 0.017430 0.006620
v -0.003176 0.017242 0.006643
v -0.002967 0.017150 0.006612
v -0.003178 0.017767 0.008146
v -0.002672 0.017720 0.008218
v -0.002790 0.017816 0.008199
v -0.002848 0.017840 0.007906
v -0.003287 0.017422 0.008381
v -0.003304 0.017530 0.008111
v -0.002747 0.017792 0.008205
v -0.002799 0.017178 0.008300
v -0.002596 0.017470 0.008253
v -0.002704 0.017244 0.008285
v -0.003101 0.017822 0.008158
v -0.002596 0.017470 0.007968
v -0.003025 0.017152 0.008329
v -0.002978 0.017145 0.008323
v -0.002685 0.017736 0.007646
v -0.003298 0.017575 0.007547
v -0.003261 0.017352 0.007517
v -0.002600 0.017563 0.008241
v -0.003101 0.017822 0.007873
v -0.003304 0.017530 0.007826
v -0.003153 0.017208 0.007779
v -0.003015 0.017849 0.007600
v -0.003304 0.017530 0.007542
v -0.002610 0.017600 0.007382
v -0.003212 0.017267 0.006935
v -0.002695 0.017256 0.006861
v -0.003181 0.017769 0.006723
v -0.003030 0.017155 0.006623
v -0.003304 0.017530 0.007257
v -0.003114 0.017219 0.007155
v -0.002825 0.017201 0.007112
v -0.002648 0.017321 0.007135
v -0.002747 0.017792 0.007067
v -0.002602 0.017425 0.006836
v -0.002596 0.017470 0.006830
v -0.002630 0.017419 0.006499
v -0.002755 0.017226 0.006262
v -0.002659 0.017381 0.005947
v -0.002666 0.017695 0.006189
v -0.003191 0.017271 0.006327
v -0.003092 0.017205 0.006023
v -0.002787 0.017231 0.005980
v -0.002649 0.017600 0.005912
v -0.002799 0.017796 0.005883
v -0.003148 0.017752 0.005832
v -0.003290 0.017521 0.005811
v -0.002625 0.017511 0.005642
v -0.003087 0.017790 0.005259
v -0.003188 0.017278 0.005189
v -0.003175 0.017277 0.005470
v -0.002707 0.017728 0.005031
v -0.003071 0.017191 0.005723
v -0.002758 0.017252 0.005687
v -0.002620 0.017426 0.005373
v -0.003292 0.017770 0.005532
v -0.003274 0.017508 0.005518
v -0.003272 0.017532 0.005218
v -0.002811 0.017798 0.005315
v -0.002914 0.017185 0.005147
v -0.003200 0.017249 0.006364
v -0.002696 0.017253 0.006577
v -0.003061 0.017163 0.006058
v -0.002678 0.017723 0.005941
v -0.002795 0.017820 0.005922
v -0.003204 0.017747 0.005865
v -0.002596 0.017470 0.006546
v -0.002719 0.017725 0.006477
v -0.002902 0.017847 0.006477
v -0.003294 0.017585 0.006410
v -0.003188 0.017236 0.006362
v -0.003153 0.017208 0.006356
v -0.003085 0.017804 0.006123
v -0.003261 0.017350 0.006095
v -0.003153 0.017208 0.006072
v -0.002904 0.017148 0.006038
v -0.002799 0.017178 0.006024
v -0.003288 0.017601 0.005843
v -0.002700 0.017752 0.005652
v -0.003294 0.017560 0.005554
v -0.002679 0.017301 0.005433
v -0.002922 0.017148 0.005471
v -0.003139 0.017800 0.005308
v -0.003153 0.017208 0.005787
v -0.003006 0.017153 0.005767
v -0.002799 0.017178 0.005740
v -0.002712 0.017764 0.005650
v -0.002747 0.017792 0.005645
v -0.002799 0.017178 0.005455
v -0.002747 0.017792 0.005361
v -0.003101 0.017822 0.005313
v -0.002839 0.017163 0.005176
v -0.003300 0.017437 0.005254
v -0.003305 0.017484 0.005260
v -0.003288 0.017391 0.005247
v -0.003271 0.017347 0.005241
v -0.002596 0.017470 0.005123
v -0.002769 0.017806 0.005073
v -0.003139 0.017784 0.008435
v -0.003298 0.017572 0.008400
v -0.002849 0.017162 0.008307
v -0.003274 0.017644 0.008125
v -0.003250 0.017343 0.008085
v -0.003082 0.017171 0.008053
v -0.002662 0.017293 0.007992
v -0.002601 0.017434 0.007973
v -0.003238 0.017693 0.007849
v -0.003018 0.017166 0.007760
v -0.002617 0.017383 0.007695
v -0.002602 0.017547 0.007674
v -0.003010 0.017150 0.007474
v -0.002665 0.017350 0.007417
v -0.002663 0.017701 0.007367
v -0.002784 0.017811 0.007347
v -0.003054 0.017831 0.007310
v -0.003204 0.017748 0.007288
v -0.003293 0.017581 0.007263
v -0.003250 0.017331 0.007230
v -0.002602 0.017569 0.007102
v -0.002907 0.017843 0.007045
v -0.003283 0.017616 0.006983
v -0.002884 0.017151 0.006889
v -0.002640 0.017648 0.006806
v -0.002956 0.017853 0.006754
v -0.003288 0.017594 0.006696
v -0.003296 0.017429 0.006675
v -0.003180 0.017240 0.006646
v -0.002930 0.017146 0.006610
v -0.002838 0.017165 0.006598
v -0.002605 0.017423 0.006552
v -0.002654 0.017667 0.006518
v -0.003197 0.017752 0.006436
v -0.003264 0.017359 0.006380
v -0.002979 0.017160 0.006332
v -0.002615 0.017397 0.006271
v -0.002716 0.017760 0.006219
v -0.002925 0.017852 0.006189
v -0.002644 0.017343 0.005994
v -0.002600 0.017559 0.005965
v -0.002966 0.017840 0.005899
v -0.003269 0.017363 0.005812
v -0.002620 0.017613 0.005673
v -0.003299 0.017436 0.005538
v -0.003200 0.017273 0.005513
v -0.002635 0.017638 0.005385
v -0.003268 0.017653 0.005282
v -0.003207 0.017256 0.005227
v -0.003033 0.017172 0.005202
v -0.002630 0.017351 0.005139
v -0.002981 0.017854 0.005044
v -0.002624 0.017637 0.004999
v -0.002671 0.017285 0.005047
v -0.003127 0.017193 0.005113
v -0.002604 0.017567 0.005294
v -0.002691 0.017271 0.005335
v -0.002961 0.017145 0.005374
v -0.003298 0.017425 0.005435
v -0.003238 0.017682 0.005470
v -0.002716 0.017733 0.005551
v -0.002709 0.017256 0.005623
v -0.003068 0.017169 0.005673
v -0.003272 0.017361 0.005710
v -0.002686 0.017280 0.005903
v -0.002795 0.017181 0.005922
v -0.003052 0.017166 0.005956
v -0.003209 0.017730 0.006046
v -0.002649 0.017362 0.006175
v -0.003045 0.017169 0.006239
v -0.003189 0.017238 0.006260
v -0.003280 0.017415 0.006286
v -0.003092 0.017177 0.006530
v -0.003197 0.017739 0.006617
v -0.002855 0.017831 0.006666
v -0.003001 0.017151 0.006802
v -0.003294 0.017453 0.006861
v -0.002796 0.017813 0.006959
v -0.002889 0.017846 0.007230
v -0.003298 0.017447 0.007429
v -0.002924 0.017852 0.007510
v -0.002748 0.017207 0.007622
v -0.003283 0.017378 0.007704
v -0.002825 0.017829 0.007808
v -0.002600 0.017563 0.007855
v -0.002689 0.017263 0.007896
v -0.003082 0.017171 0.007951
v -0.003228 0.017715 0.008034
v -0.002790 0.017816 0.008098
v -0.002640 0.017328 0.008170
v -0.003016 0.017151 0.008226
v -0.003278 0.017377 0.008273
v -0.003155 0.017760 0.008330
v -0.004922 0.017298 0.006591
v -0.004908 0.017288 0.006681
v -0.004867 0.017301 0.006681
v -0.004908 0.017712 0.006681
v -0.004867 0.017699 0.006681
v -0.004830 0.017320 0.006681
v -0.004950 0.017716 0.006681
v -0.004797 0.017653 0.006681
v -0.004770 0.017620 0.006681
v -0.004830 0.017680 0.006681
v -0.004797 0.017347 0.006681
v -0.004770 0.017380 0.006681
v -0.004738 0.017542 0.006681
v -0.004734 0.017500 0.006681
v -0.004751 0.017583 0.006681
v -0.004751 0.017417 0.006681
v -0.004738 0.017458 0.006681
v -0.005425 0.017082 0.008924
v -0.005166 0.017500 0.006681
v -0.005162 0.017542 0.006681
v -0.005149 0.017583 0.006681
v -0.005130 0.017620 0.006681
v -0.005162 0.017458 0.006681
v -0.005149 0.017417 0.006681
v -0.005130 0.017380 0.006681
v -0.005103 0.017347 0.006681
v -0.005103 0.017653 0.006681
v -0.005070 0.017680 0.006681
v -0.004992 0.017712 0.006681
v -0.005033 0.017699 0.006681
v -0.005070 0.017320 0.006681
v -0.005033 0.017301 0.006681
v -0.004992 0.017288 0.006681
v -0.004950 0.017508 0.006342
v -0.005149 0.017417 0.008421
v -0.005162 0.017458 0.008421
v -0.005103 0.017347 0.008421
v -0.005033 0.017301 0.008421
v -0.005070 0.017320 0.008421
v -0.005130 0.017380 0.008421
v -0.005166 0.017500 0.008421
v -0.004992 0.017288 0.008421
v -0.004734 0.017500 0.008421
v -0.004738 0.017458 0.008421
v -0.004950 0.017284 0.008421
v -0.004908 0.017288 0.008421
v -0.004830 0.017320 0.008421
v -0.004770 0.017380 0.008421
v -0.004797 0.017347 0.008421
v -0.004867 0.017301 0.008421
v -0.004751 0.017417 0.008421
v -0.005039 0.017523 0.008983
v -0.004346 0.017402 0.008882
v -0.004800 0.018085 0.008809
v -0.004738 0.017542 0.008421
v -0.004751 0.017583 0.008421
v -0.004797 0.017653 0.008421
v -0.004830 0.017680 0.008421
v -0.004867 0.017699 0.008421
v -0.004770 0.017620 0.008421
v -0.004908 0.017712 0.008421
v -0.004950 0.017716 0.008421
v -0.004992 0.017712 0.008421
v -0.005033 0.017699 0.008421
v -0.005070 0.017680 0.008421
v -0.005149 0.017583 0.008421
v -0.005130 0.017620 0.008421
v -0.005162 0.017542 0.008421
v -0.005103 0.017653 0.008421
v -0.002922 0.017298 0.006591
v -0.002908 0.017288 0.006681
v -0.002867 0.017301 0.006681
v -0.002908 0.017712 0.006681
v -0.002867 0.017699 0.006681
v -0.002830 0.017320 0.006681
v -0.002950 0.017716 0.006681
v -0.002797 0.017653 0.006681
v -0.002770 0.017620 0.006681
v -0.002830 0.017680 0.006681
v -0.002797 0.017347 0.006681
v -0.002770 0.017380 0.006681
v -0.002738 0.017542 0.006681
v -0.002734 0.017500 0.006681
v -0.002751 0.017583 0.006681
v -0.002751 0.017417 0.006681
v -0.002738 0.017458 0.006681
v -0.003166 0.017500 0.006681
v -0.003162 0.017542 0.006681
v -0.003149 0.017583 0.006681
v -0.003130 0.017620 0.006681
v -0.003162 0.017458 0.006681
v -0.003149 0.017417 0.006681
v -0.003130 0.017380 0.006681
v -0.003103 0.017347 0.006681
v -0.003103 0.017653 0.006681
v -0.003070 0.017680 0.006681
v -0.002992 0.017712 0.006681
v -0.003033 0.017699 0.006681
v -0.003070 0.017320 0.006681
v -0.003033 0.017301 0.006681
v -0.002992 0.017288 0.006681
v -0.002950 0.017508 0.006342
v -0.003149 0.017417 0.008421
v -0.003162 0.017458 0.008421
v -0.003103 0.017347 0.008421
v -0.003033 0.017301 0.008421
v -0.003070 0.017320 0.008421
v -0.003130 0.017380 0.008421
v -0.003166 0.017500 0.008421
v -0.002992 0.017288 0.008421
v -0.002734 0.017500 0.008421
v -0.002738 0.017458 0.008421
v -0.002950 0.017284 0.008421
v -0.002908 0.017288 0.008421
v -0.002830 0.017320 0.008421
v -0.002770 0.017380 0.008421
v -0.002797 0.017347 0.008421
v -0.002867 0.017301 0.008421
v -0.002751 0.017417 0.008421
v -0.003385 0.017099 0.008738
v -0.003070 0.017465 0.008996
v -0.002360 0.017374 0.008878
v -0.002779 0.018062 0.008742
v -0.002738 0.017542 0.008421
v -0.002751 0.017583 0.008421
v -0.002797 0.017653 0.008421
v -0.002830 0.017680 0.008421
v -0.002867 0.017699 0.008421
v -0.002770 0.017620 0.008421
v -0.002908 0.017712 0.008421
v -0.002950 0.017716 0.008421
v -0.002992 0.017712 0.008421
v -0.003033 0.017699 0.008421
v -0.003070 0.017680 0.008421
v -0.003149 0.017583 0.008421
v -0.003130 0.017620 0.008421
v -0.003162 0.017542 0.008421
v -0.003103 0.017653 0.008421
v -0.005356 0.017500 0.004498
v -0.005355 0.017537 0.004498
v -0.005355 0.017539 0.004498
v -0.005029 0.017101 0.004498
v -0.005068 0.017111 0.004498
v -0.005106 0.017125 0.004498
v -0.005142 0.017142 0.004498
v -0.005176 0.017162 0.004498
v -0.005208 0.017186 0.004498
v -0.004950 0.017906 0.004498
v -0.004990 0.017904 0.004498
v -0.005029 0.017899 0.004498
v -0.005068 0.017889 0.004498
v -0.005355 0.017535 0.004498
v -0.005355 0.017536 0.004498
v -0.005106 0.017875 0.004498
v -0.005142 0.017858 0.004498
v -0.005176 0.017838 0.004498
v -0.005208 0.017814 0.004498
v -0.005237 0.017213 0.004498
v -0.005264 0.017242 0.004498
v -0.005308 0.017308 0.004498
v -0.005325 0.017344 0.004498
v -0.005288 0.017274 0.004498
v -0.005339 0.017382 0.004498
v -0.005349 0.017421 0.004498
v -0.005354 0.017460 0.004498
v -0.005237 0.017787 0.004498
v -0.005264 0.017758 0.004498
v -0.005288 0.017726 0.004498
v -0.005325 0.017656 0.004498
v -0.005308 0.017692 0.004498
v -0.005355 0.017530 0.004498
v -0.005339 0.017618 0.004498
v -0.004995 0.017148 0.004245
v -0.005349 0.017579 0.004498
v -0.005354 0.017540 0.004498
v -0.005355 0.017520 0.004498
v -0.004544 0.017500 0.004498
v -0.004546 0.017460 0.004498
v -0.004551 0.017421 0.004498
v -0.004561 0.017382 0.004498
v -0.004575 0.017344 0.004498
v -0.004592 0.017308 0.004498
v -0.004612 0.017274 0.004498
v -0.004636 0.017242 0.004498
v -0.004663 0.017213 0.004498
v -0.004546 0.017540 0.004498
v -0.004561 0.017618 0.004498
v -0.004551 0.017579 0.004498
v -0.004592 0.017692 0.004498
v -0.004575 0.017656 0.004498
v -0.004612 0.017726 0.004498
v -0.004663 0.017787 0.004498
v -0.004636 0.017758 0.004498
v -0.004545 0.017535 0.004498
v -0.004545 0.017536 0.004498
v -0.004692 0.017186 0.004498
v -0.004724 0.017162 0.004498
v -0.004758 0.017142 0.004498
v -0.004794 0.017125 0.004498
v -0.004832 0.017111 0.004498
v -0.004871 0.017101 0.004498
v -0.004910 0.017096 0.004498
v -0.004724 0.017838 0.004498
v -0.004692 0.017814 0.004498
v -0.004758 0.017858 0.004498
v -0.004794 0.017875 0.004498
v -0.004832 0.017889 0.004498
v -0.004871 0.017899 0.004498
v -0.004545 0.017539 0.004498
v -0.004910 0.017904 0.004498
v -0.004545 0.017537 0.004498
v -0.004949 0.017522 0.003844
v -0.004942 0.017098 0.004410
v -0.004545 0.017530 0.004498
v -0.004545 0.017520 0.004498
v -0.005029 0.017899 0.007074
v -0.004990 0.017904 0.007074
v -0.005106 0.017875 0.007074
v -0.005176 0.017838 0.007074
v -0.005142 0.017858 0.007074
v -0.005068 0.017889 0.007074
v -0.005237 0.017787 0.007074
v -0.005288 0.017726 0.007074
v -0.005264 0.017758 0.007074
v -0.005325 0.017656 0.007074
v -0.005349 0.017579 0.007074
v -0.005339 0.017618 0.007074
v -0.005308 0.017692 0.007074
v -0.005208 0.017814 0.007074
v -0.004950 0.017906 0.007074
v -0.005354 0.017540 0.007074
v -0.004990 0.017096 0.007074
v -0.005354 0.017460 0.007074
v -0.005339 0.017382 0.007074
v -0.005349 0.017421 0.007074
v -0.005308 0.017308 0.007074
v -0.005264 0.017242 0.007074
v -0.005288 0.017274 0.007074
v -0.005325 0.017344 0.007074
v -0.005208 0.017186 0.007074
v -0.005142 0.017142 0.007074
v -0.005176 0.017162 0.007074
v -0.005068 0.017111 0.007074
v -0.005029 0.017101 0.007074
v -0.005106 0.017125 0.007074
v -0.005237 0.017213 0.007074
v -0.005356 0.017500 0.007074
v -0.005504 0.017383 0.007299
v -0.004772 0.018022 0.007350
v -0.005297 0.017902 0.007423
v -0.005204 0.017009 0.007307
v -0.004960 0.016966 0.007285
v -0.004629 0.017055 0.007413
v -0.004380 0.017564 0.007269
v -0.004470 0.017807 0.007303
v -0.004910 0.017096 0.007074
v -0.004794 0.017125 0.007074
v -0.004832 0.017111 0.007074
v -0.004871 0.017101 0.007074
v -0.004663 0.017213 0.007074
v -0.004692 0.017186 0.007074
v -0.004724 0.017162 0.007074
v -0.004551 0.017421 0.007074
v -0.004546 0.017460 0.007074
v -0.004561 0.017382 0.007074
v -0.004612 0.017274 0.007074
v -0.004592 0.017308 0.007074
v -0.004575 0.017344 0.007074
v -0.004636 0.017242 0.007074
v -0.004758 0.017142 0.007074
v -0.004544 0.017500 0.007074
v -0.004551 0.017579 0.007074
v -0.004546 0.017540 0.007074
v -0.004592 0.017692 0.007074
v -0.004575 0.017656 0.007074
v -0.004561 0.017618 0.007074
v -0.004663 0.017787 0.007074
v -0.004636 0.017758 0.007074
v -0.004612 0.017726 0.007074
v -0.004758 0.017858 0.007074
v -0.004794 0.017875 0.007074
v -0.004692 0.017814 0.007074
v -0.004724 0.017838 0.007074
v -0.004832 0.017889 0.007074
v -0.004871 0.017899 0.007074
v -0.004910 0.017904 0.007074
v -0.002831 0.017111 0.004498
v -0.002870 0.017102 0.004498
v -0.003339 0.017381 0.004498
v -0.003348 0.017418 0.004498
v -0.003348 0.017419 0.004498
v -0.002909 0.017096 0.004498
v -0.002949 0.017094 0.004498
v -0.002989 0.017095 0.004498
v -0.003029 0.017101 0.004498
v -0.003067 0.017111 0.004498
v -0.003105 0.017124 0.004498
v -0.003069 0.017889 0.004498
v -0.003106 0.017875 0.004498
v -0.003208 0.017814 0.004498
v -0.003176 0.017837 0.004498
v -0.003142 0.017858 0.004498
v -0.003347 0.017415 0.004498
v -0.003348 0.017416 0.004498
v -0.003265 0.017757 0.004498
v -0.003288 0.017725 0.004498
v -0.003238 0.017787 0.004498
v -0.003141 0.017141 0.004498
v -0.003175 0.017162 0.004498
v -0.003207 0.017185 0.004498
v -0.003237 0.017212 0.004498
v -0.003264 0.017242 0.004498
v -0.003288 0.017274 0.004498
v -0.003325 0.017344 0.004498
v -0.003308 0.017308 0.004498
v -0.003309 0.017691 0.004498
v -0.003326 0.017655 0.004498
v -0.003339 0.017617 0.004498
v -0.003349 0.017579 0.004498
v -0.003355 0.017539 0.004498
v -0.003356 0.017499 0.004498
v -0.003346 0.017410 0.004498
v -0.003354 0.017459 0.004498
v -0.003348 0.017420 0.004498
v -0.002561 0.017619 0.004498
v -0.002552 0.017580 0.004498
v -0.002544 0.017501 0.004498
v -0.002551 0.017421 0.004498
v -0.002561 0.017383 0.004498
v -0.002545 0.017461 0.004498
v -0.002574 0.017345 0.004498
v -0.002591 0.017309 0.004498
v -0.002575 0.017656 0.004498
v -0.002592 0.017692 0.004498
v -0.002636 0.017758 0.004498
v -0.002613 0.017726 0.004498
v -0.002663 0.017788 0.004498
v -0.002693 0.017815 0.004498
v -0.002725 0.017838 0.004498
v -0.002759 0.017859 0.004498
v -0.002573 0.017652 0.004498
v -0.002574 0.017653 0.004498
v -0.002612 0.017275 0.004498
v -0.002635 0.017243 0.004498
v -0.002662 0.017213 0.004498
v -0.002692 0.017186 0.004498
v -0.002724 0.017162 0.004498
v -0.002758 0.017142 0.004498
v -0.002794 0.017125 0.004498
v -0.002795 0.017876 0.004498
v -0.002833 0.017889 0.004498
v -0.002871 0.017899 0.004498
v -0.002911 0.017905 0.004498
v -0.002951 0.017906 0.004498
v -0.002991 0.017904 0.004498
v -0.002574 0.017655 0.004498
v -0.002598 0.017549 0.004226
v -0.003030 0.017898 0.004498
v -0.002574 0.017654 0.004498
v -0.003005 0.017496 0.003855
v -0.002571 0.017647 0.004498
v -0.002568 0.017637 0.004498
v -0.003106 0.017875 0.007074
v -0.003069 0.017889 0.007074
v -0.003176 0.017837 0.007074
v -0.003238 0.017787 0.007074
v -0.003208 0.017814 0.007074
v -0.003142 0.017858 0.007074
v -0.003265 0.017757 0.007074
v -0.003326 0.017655 0.007074
v -0.003309 0.017691 0.007074
v -0.003355 0.017539 0.007074
v -0.003354 0.017459 0.007074
v -0.003356 0.017499 0.007074
v -0.003339 0.017617 0.007074
v -0.003288 0.017725 0.007074
v -0.003349 0.017579 0.007074
v -0.003348 0.017420 0.007074
v -0.002831 0.017111 0.007074
v -0.003288 0.017274 0.007074
v -0.003237 0.017212 0.007074
v -0.003264 0.017242 0.007074
v -0.003325 0.017344 0.007074
v -0.003175 0.017162 0.007074
v -0.003207 0.017185 0.007074
v -0.003308 0.017308 0.007074
v -0.002989 0.017095 0.007074
v -0.002909 0.017096 0.007074
v -0.002949 0.017094 0.007074
v -0.003141 0.017141 0.007074
v -0.003067 0.017111 0.007074
v -0.003105 0.017124 0.007074
v -0.003029 0.017101 0.007074
v -0.002870 0.017102 0.007074
v -0.003339 0.017381 0.007074
v -0.003481 0.017651 0.007377
v -0.003173 0.016961 0.007429
v -0.003261 0.017965 0.007277
v -0.002872 0.016929 0.007317
v -0.002520 0.017851 0.007387
v -0.002607 0.017117 0.007131
v -0.002423 0.017415 0.007363
v -0.002891 0.018037 0.007348
v -0.002724 0.017162 0.007074
v -0.002692 0.017186 0.007074
v -0.002662 0.017213 0.007074
v -0.002758 0.017142 0.007074
v -0.002591 0.017309 0.007074
v -0.002612 0.017275 0.007074
v -0.002635 0.017243 0.007074
v -0.002551 0.017421 0.007074
v -0.002545 0.017461 0.007074
v -0.002544 0.017501 0.007074
v -0.002561 0.017383 0.007074
v -0.002552 0.017580 0.007074
v -0.002561 0.017619 0.007074
v -0.002546 0.017541 0.007074
v -0.002574 0.017345 0.007074
v -0.002794 0.017125 0.007074
v -0.002575 0.017656 0.007074
v -0.002592 0.017692 0.007074
v -0.002613 0.017726 0.007074
v -0.002636 0.017758 0.007074
v -0.002663 0.017788 0.007074
v -0.002693 0.017815 0.007074
v -0.002725 0.017838 0.007074
v -0.002759 0.017859 0.007074
v -0.002833 0.017889 0.007074
v -0.002871 0.017899 0.007074
v -0.002795 0.017876 0.007074
v -0.002911 0.017905 0.007074
v -0.002951 0.017906 0.007074
v -0.002991 0.017904 0.007074
v -0.003030 0.017898 0.007074
v -0.004514 0.017209 0.005189
v -0.004487 0.017253 0.005189
v -0.004545 0.017167 0.005189
v -0.004579 0.017129 0.005189
v -0.004617 0.017095 0.005189
v -0.004436 0.017398 0.005189
v -0.004428 0.017449 0.005189
v -0.004388 0.017182 0.005217
v -0.004448 0.017348 0.005189
v -0.004465 0.017299 0.005189
v -0.004749 0.017015 0.005189
v -0.004881 0.016797 0.005189
v -0.004659 0.017064 0.005189
v -0.004798 0.016998 0.005189
v -0.004950 0.016975 0.005189
v -0.004848 0.016986 0.005189
v -0.004899 0.016978 0.005189
v -0.005001 0.016978 0.005189
v -0.004703 0.017037 0.005189
v -0.004428 0.017551 0.005189
v -0.004436 0.017602 0.005189
v -0.004425 0.017500 0.005189
v -0.004448 0.017652 0.005189
v -0.004465 0.017701 0.005189
v -0.004514 0.017791 0.005189
v -0.004487 0.017747 0.005189
v -0.004545 0.017833 0.005189
v -0.004579 0.017871 0.005189
v -0.004617 0.017905 0.005189
v -0.004659 0.017936 0.005189
v -0.004408 0.017931 0.005189
v -0.004703 0.017963 0.005189
v -0.004749 0.017985 0.005189
v -0.004834 0.018145 0.005214
v -0.004798 0.018002 0.005189
v -0.004848 0.018014 0.005189
v -0.004899 0.018022 0.005189
v -0.005052 0.016986 0.005189
v -0.005197 0.017037 0.005189
v -0.005241 0.017064 0.005189
v -0.005102 0.016998 0.005189
v -0.005283 0.017095 0.005189
v -0.005151 0.017015 0.005189
v -0.005355 0.017167 0.005189
v -0.005321 0.017129 0.005189
v -0.005413 0.017253 0.005189
v -0.005386 0.017209 0.005189
v -0.005435 0.017299 0.005189
v -0.005464 0.017398 0.005189
v -0.005452 0.017348 0.005189
v -0.005475 0.017500 0.005189
v -0.005472 0.017449 0.005189
v -0.005102 0.018002 0.005189
v -0.005151 0.017985 0.005189
v -0.004985 0.018204 0.005189
v -0.005001 0.018022 0.005189
v -0.005052 0.018014 0.005189
v -0.005283 0.017905 0.005189
v -0.005197 0.017963 0.005189
v -0.005241 0.017936 0.005189
v -0.004950 0.018025 0.005189
v -0.005321 0.017871 0.005189
v -0.005452 0.017652 0.005189
v -0.005464 0.017602 0.005189
v -0.005452 0.017986 0.005189
v -0.005413 0.017747 0.005189
v -0.005435 0.017701 0.005189
v -0.005472 0.017551 0.005189
v -0.005355 0.017833 0.005189
v -0.005386 0.017791 0.005189
v -0.004318 0.017067 0.008651
v -0.004747 0.016739 0.008598
v -0.004825 0.018326 0.008217
v -0.005383 0.018134 0.008614
v -0.004173 0.017669 0.008701
v -0.005694 0.017766 0.008718
v -0.004514 0.017209 0.009081
v -0.004465 0.017299 0.009081
v -0.004579 0.017129 0.009081
v -0.004545 0.017167 0.009081
v -0.004487 0.017253 0.009081
v -0.004436 0.017398 0.009081
v -0.004428 0.017449 0.009081
v -0.004448 0.017348 0.009081
v -0.004749 0.017015 0.009081
v -0.004659 0.017064 0.009081
v -0.004899 0.016978 0.009081
v -0.004848 0.016986 0.009081
v -0.004950 0.016975 0.009081
v -0.005001 0.016978 0.009081
v -0.004703 0.017037 0.009081
v -0.004617 0.017095 0.009081
v -0.004798 0.016998 0.009081
v -0.004428 0.017551 0.009081
v -0.004425 0.017500 0.009081
v -0.004436 0.017602 0.009081
v -0.004448 0.017652 0.009081
v -0.004465 0.017701 0.009081
v -0.004501 0.018133 0.008806
v -0.004487 0.017747 0.009081
v -0.004545 0.017833 0.009081
v -0.004617 0.017905 0.009081
v -0.004514 0.017791 0.009081
v -0.004579 0.017871 0.009081
v -0.004703 0.017963 0.009081
v -0.004659 0.017936 0.009081
v -0.004798 0.018002 0.009081
v -0.004749 0.017985 0.009081
v -0.004899 0.018022 0.009081
v -0.004848 0.018014 0.009081
v -0.005052 0.016986 0.009081
v -0.005102 0.016998 0.009081
v -0.005151 0.017015 0.009081
v -0.005241 0.017064 0.009081
v -0.005197 0.017037 0.009081
v -0.005283 0.017095 0.009081
v -0.005321 0.017129 0.009081
v -0.005355 0.017167 0.009081
v -0.005386 0.017209 0.009081
v -0.005435 0.017299 0.009081
v -0.005413 0.017253 0.009081
v -0.005394 0.016807 0.008647
v -0.005452 0.017348 0.009081
v -0.005464 0.017398 0.009081
v -0.005472 0.017449 0.009081
v -0.005475 0.017500 0.009081
v -0.005151 0.017985 0.009081
v -0.005102 0.018002 0.009081
v -0.005052 0.018014 0.009081
v -0.005001 0.018022 0.009081
v -0.005283 0.017905 0.009081
v -0.005241 0.017936 0.009081
v -0.005197 0.017963 0.009081
v -0.004950 0.018025 0.009081
v -0.005321 0.017871 0.009081
v -0.005464 0.017602 0.009081
v -0.005452 0.017652 0.009081
v -0.005435 0.017701 0.009081
v -0.005413 0.017747 0.009081
v -0.005472 0.017551 0.009081
v -0.005355 0.017833 0.009081
v -0.005386 0.017791 0.009081
v -0.004340 0.017591 0.005217
v -0.004968 0.017352 0.007225
v -0.005588 0.017488 0.005231
v -0.005377 0.016984 0.005213
v -0.002514 0.017209 0.005189
v -0.002487 0.017253 0.005189
v -0.002392 0.017072 0.005189
v -0.002545 0.017167 0.005189
v -0.002579 0.017129 0.005189
v -0.002617 0.017095 0.005189
v -0.002436 0.017398 0.005189
v -0.002428 0.017449 0.005189
v -0.002448 0.017348 0.005189
v -0.002465 0.017299 0.005189
v -0.002749 0.017015 0.005189
v -0.002703 0.017037 0.005189
v -0.002798 0.016998 0.005189
v -0.002881 0.016797 0.005189
v -0.002950 0.016975 0.005189
v -0.002848 0.016986 0.005189
v -0.002899 0.016978 0.005189
v -0.003001 0.016978 0.005189
v -0.002659 0.017064 0.005189
v -0.002428 0.017551 0.005189
v -0.002436 0.017602 0.005189
v -0.002425 0.017500 0.005189
v -0.002448 0.017652 0.005189
v -0.002465 0.017701 0.005189
v -0.002514 0.017791 0.005189
v -0.002254 0.017558 0.005189
v -0.002487 0.017747 0.005189
v -0.002545 0.017833 0.005189
v -0.002579 0.017871 0.005189
v -0.002458 0.017915 0.005200
v -0.002617 0.017905 0.005189
v -0.002659 0.017936 0.005189
v -0.002703 0.017963 0.005189
v -0.002749 0.017985 0.005189
v -0.002798 0.018002 0.005189
v -0.002848 0.018014 0.005189
v -0.002899 0.018022 0.005189
v -0.003052 0.016986 0.005189
v -0.003197 0.017037 0.005189
v -0.003241 0.017064 0.005189
v -0.003102 0.016998 0.005189
v -0.003283 0.017095 0.005189
v -0.003151 0.017015 0.005189
v -0.003599 0.017219 0.005189
v -0.003355 0.017167 0.005189
v -0.003321 0.017129 0.005189
v -0.003413 0.017253 0.005189
v -0.003386 0.017209 0.005189
v -0.003435 0.017299 0.005189
v -0.003452 0.017348 0.005189
v -0.003464 0.017398 0.005189
v -0.003475 0.017500 0.005189
v -0.003472 0.017449 0.005189
v -0.003472 0.017551 0.005189
v -0.003102 0.018002 0.005189
v -0.003151 0.017985 0.005189
v -0.003001 0.018022 0.005189
v -0.003052 0.018014 0.005189
v -0.003283 0.017905 0.005189
v -0.003227 0.018141 0.005189
v -0.003197 0.017963 0.005189
v -0.003241 0.017936 0.005189
v -0.002950 0.018025 0.005189
v -0.003321 0.017871 0.005189
v -0.003452 0.017652 0.005189
v -0.003464 0.017602 0.005189
v -0.003413 0.017747 0.005189
v -0.003435 0.017701 0.005189
v -0.003355 0.017833 0.005189
v -0.003386 0.017791 0.005189
v -0.002507 0.018289 0.008421
v -0.002158 0.017445 0.008822
v -0.002605 0.016736 0.008611
v -0.003930 0.017488 0.007428
v -0.003745 0.017620 0.008589
v -0.002514 0.017209 0.009081
v -0.002465 0.017299 0.009081
v -0.002579 0.017129 0.009081
v -0.002545 0.017167 0.009081
v -0.002487 0.017253 0.009081
v -0.002436 0.017398 0.009081
v -0.002428 0.017449 0.009081
v -0.002448 0.017348 0.009081
v -0.002749 0.017015 0.009081
v -0.002659 0.017064 0.009081
v -0.002899 0.016978 0.009081
v -0.002848 0.016986 0.009081
v -0.002950 0.016975 0.009081
v -0.003001 0.016978 0.009081
v -0.002703 0.017037 0.009081
v -0.002617 0.017095 0.009081
v -0.002798 0.016998 0.009081
v -0.002428 0.017551 0.009081
v -0.002425 0.017500 0.009081
v -0.002436 0.017602 0.009081
v -0.002448 0.017652 0.009081
v -0.002465 0.017701 0.009081
v -0.002487 0.017747 0.009081
v -0.002545 0.017833 0.009081
v -0.002617 0.017905 0.009081
v -0.002514 0.017791 0.009081
v -0.002579 0.017871 0.009081
v -0.002703 0.017963 0.009081
v -0.002659 0.017936 0.009081
v -0.002798 0.018002 0.009081
v -0.002749 0.017985 0.009081
v -0.002899 0.018022 0.009081
v -0.002848 0.018014 0.009081
v -0.003052 0.016986 0.009081
v -0.003102 0.016998 0.009081
v -0.003151 0.017015 0.009081
v -0.003241 0.017064 0.009081
v -0.003197 0.017037 0.009081
v -0.003283 0.017095 0.009081
v -0.003321 0.017129 0.009081
v -0.003355 0.017167 0.009081
v -0.003386 0.017209 0.009081
v -0.003435 0.017299 0.009081
v -0.003413 0.017253 0.009081
v -0.003485 0.016982 0.009081
v -0.003452 0.017348 0.009081
v -0.003464 0.017398 0.009081
v -0.003472 0.017449 0.009081
v -0.003472 0.017551 0.009081
v -0.003475 0.017500 0.009081
v -0.003151 0.017985 0.009081
v -0.003102 0.018002 0.009081
v -0.003052 0.018014 0.009081
v -0.003001 0.018022 0.009081
v -0.003283 0.017905 0.009081
v -0.003241 0.017936 0.009081
v -0.003197 0.017963 0.009081
v -0.003472 0.018057 0.008965
v -0.002950 0.018025 0.009081
v -0.003321 0.017871 0.009081
v -0.003464 0.017602 0.009081
v -0.003452 0.017652 0.009081
v -0.003435 0.017701 0.009081
v -0.003413 0.017747 0.009081
v -0.003386 0.017791 0.009081
v -0.003355 0.017833 0.009081
v -0.002113 0.017275 0.006885
v -0.002783 0.018171 0.005194
v -0.003535 0.017722 0.005222
v -0.003315 0.016970 0.005201
v -0.004981 0.019854 0.004942
v -0.004963 0.019145 0.008321
v -0.004672 0.019720 0.008218
v -0.004598 0.019449 0.008255
v -0.004594 0.019500 0.008249
v -0.004597 0.019470 0.008253
v -0.004850 0.019833 0.008191
v -0.004582 0.019494 0.008247
v -0.005283 0.019408 0.007810
v -0.005183 0.019231 0.007783
v -0.005125 0.019810 0.007870
v -0.005101 0.019821 0.007873
v -0.005078 0.019832 0.007876
v -0.005327 0.019574 0.008390
v -0.005116 0.019185 0.008342
v -0.005016 0.019151 0.008328
v -0.005024 0.019153 0.008329
v -0.005067 0.019164 0.008335
v -0.004598 0.019552 0.008242
v -0.004629 0.019654 0.008228
v -0.004610 0.019604 0.008235
v -0.005113 0.019184 0.008342
v -0.004612 0.019609 0.008234
v -0.005046 0.019906 0.008370
v -0.005291 0.019600 0.007550
v -0.005302 0.019551 0.007544
v -0.005297 0.019574 0.007547
v -0.005303 0.019530 0.007542
v -0.004973 0.019155 0.007185
v -0.004662 0.019307 0.007137
v -0.004717 0.019769 0.007072
v -0.004736 0.019819 0.007057
v -0.005306 0.019500 0.007538
v -0.004542 0.019636 0.007328
v -0.005166 0.019126 0.007139
v -0.005114 0.019143 0.008321
v -0.004819 0.019105 0.008249
v -0.004582 0.019638 0.008214
v -0.004643 0.019764 0.008135
v -0.004551 0.019351 0.008197
v -0.004527 0.019652 0.007888
v -0.005372 0.019541 0.008042
v -0.004777 0.019128 0.007935
v -0.004865 0.019078 0.007395
v -0.005376 0.019482 0.007479
v -0.005250 0.019781 0.007218
v -0.004572 0.019666 0.007025
v -0.004801 0.019889 0.006990
v -0.004607 0.019763 0.007603
v -0.005351 0.019649 0.006949
v -0.004598 0.019449 0.006833
v -0.004603 0.019426 0.006836
v -0.004609 0.019400 0.006839
v -0.004597 0.019470 0.006830
v -0.005372 0.019364 0.006606
v -0.005183 0.019231 0.006361
v -0.005355 0.019332 0.006319
v -0.005258 0.019666 0.006137
v -0.004594 0.019501 0.006827
v -0.004693 0.019863 0.005033
v -0.005153 0.019209 0.006072
v -0.005175 0.019224 0.006075
v -0.005133 0.019195 0.006069
v -0.004830 0.019165 0.006028
v -0.004718 0.019769 0.005649
v -0.004799 0.019179 0.005740
v -0.004820 0.019169 0.005743
v -0.004774 0.019191 0.005736
v -0.004679 0.019301 0.005433
v -0.004768 0.019805 0.005357
v -0.004747 0.019791 0.005361
v -0.004726 0.019776 0.005364
v -0.005304 0.019484 0.005260
v -0.005305 0.019519 0.005264
v -0.005255 0.019316 0.005237
v -0.005299 0.019437 0.005254
v -0.005304 0.019467 0.005258
v -0.004597 0.019538 0.005115
v -0.005270 0.019347 0.005241
v -0.005287 0.019391 0.005247
v -0.005295 0.019415 0.005251
v -0.005279 0.019364 0.005244
v -0.004742 0.019134 0.006814
v -0.004541 0.019576 0.006477
v -0.004647 0.019216 0.005938
v -0.004828 0.019903 0.005572
v -0.005103 0.019880 0.005544
v -0.005214 0.019764 0.005577
v -0.004560 0.019656 0.005608
v -0.004519 0.019461 0.007909
v -0.005098 0.019111 0.007700
v -0.004595 0.019280 0.007662
v -0.005165 0.019746 0.008328
v -0.005228 0.019664 0.008369
v -0.004983 0.019090 0.008249
v -0.005138 0.019199 0.008244
v -0.004619 0.019588 0.008135
v -0.005285 0.019618 0.008020
v -0.005298 0.019571 0.008014
v -0.005176 0.019867 0.007806
v -0.005376 0.019414 0.007755
v -0.004750 0.019192 0.007674
v -0.004561 0.019499 0.007590
v -0.005219 0.019267 0.007688
v -0.005200 0.019165 0.007423
v -0.005070 0.019855 0.007207
v -0.005372 0.019527 0.007188
v -0.004774 0.019828 0.007532
v -0.004590 0.019402 0.007065
v -0.005417 0.019596 0.008358
v -0.005209 0.019214 0.008256
v -0.004795 0.019895 0.008139
v -0.005173 0.019857 0.008098
v -0.005188 0.019142 0.007997
v -0.004602 0.019349 0.007883
v -0.004789 0.019888 0.007856
v -0.004596 0.019469 0.007582
v -0.004595 0.019485 0.007580
v -0.004595 0.019516 0.007576
v -0.004604 0.019419 0.007588
v -0.004702 0.019755 0.007542
v -0.004595 0.019521 0.007576
v -0.004785 0.019815 0.007529
v -0.004788 0.019817 0.007529
v -0.004833 0.019836 0.007522
v -0.004741 0.019787 0.007536
v -0.005183 0.019231 0.007682
v -0.004712 0.019764 0.007540
v -0.004951 0.019914 0.007570
v -0.005228 0.019812 0.007509
v -0.004574 0.019329 0.007343
v -0.004604 0.019545 0.007288
v -0.004903 0.019926 0.007269
v -0.005246 0.019305 0.006840
v -0.005159 0.019212 0.006824
v -0.004704 0.019256 0.006760
v -0.005294 0.019267 0.006873
v -0.004524 0.019489 0.006769
v -0.004974 0.019927 0.006688
v -0.005386 0.019621 0.006627
v -0.005056 0.019090 0.006562
v -0.005373 0.019535 0.006070
v -0.005260 0.019227 0.006025
v -0.004972 0.019073 0.005982
v -0.005292 0.019769 0.005808
v -0.005252 0.019814 0.006066
v -0.004864 0.019080 0.005672
v -0.005214 0.019865 0.005241
v -0.004635 0.019701 0.004992
v -0.004959 0.019941 0.006408
v -0.004937 0.019145 0.006225
v -0.004595 0.019253 0.006502
v -0.005246 0.019803 0.006371
v -0.005018 0.019085 0.006282
v -0.004722 0.019133 0.006255
v -0.004595 0.019496 0.006157
v -0.004763 0.019802 0.006110
v -0.004804 0.019896 0.006148
v -0.004601 0.019430 0.005880
v -0.004526 0.019546 0.006191
v -0.005304 0.019514 0.005731
v -0.005305 0.019481 0.005727
v -0.004656 0.019747 0.006127
v -0.004586 0.019400 0.005885
v -0.004538 0.019661 0.005901
v -0.004897 0.019914 0.005845
v -0.005338 0.019403 0.005731
v -0.005012 0.019850 0.005507
v -0.005061 0.019838 0.005501
v -0.005037 0.019844 0.005504
v -0.005260 0.019226 0.005731
v -0.005406 0.019481 0.005471
v -0.005113 0.019184 0.005395
v -0.005136 0.019198 0.005399
v -0.005000 0.019151 0.005380
v -0.004595 0.019516 0.005016
v -0.005058 0.019098 0.005427
v -0.004654 0.019172 0.005362
v -0.004540 0.019567 0.005349
v -0.004641 0.019707 0.005274
v -0.004742 0.019864 0.005303
v -0.005340 0.019380 0.005168
v -0.004927 0.019031 0.005117
v -0.004548 0.019384 0.005058
v -0.004704 0.019253 0.008183
v -0.005254 0.019563 0.008065
v -0.005298 0.019575 0.008014
v -0.004695 0.019316 0.007933
v -0.004669 0.019705 0.007866
v -0.005188 0.019236 0.007682
v -0.004602 0.019425 0.007588
v -0.005128 0.019222 0.007736
v -0.005198 0.019289 0.008313
v -0.005060 0.019838 0.008062
v -0.005201 0.019738 0.007755
v -0.004596 0.019556 0.007570
v -0.004680 0.019731 0.007546
v -0.004877 0.019827 0.007527
v -0.004830 0.019834 0.007523
v -0.005177 0.019774 0.007476
v -0.004637 0.019610 0.007338
v -0.004953 0.019854 0.007222
v -0.004860 0.019813 0.007012
v -0.004650 0.019602 0.007623
v -0.004791 0.019768 0.007595
v -0.004633 0.019346 0.007314
v -0.005110 0.019184 0.007386
v -0.005297 0.019434 0.007428
v -0.005296 0.019581 0.007463
v -0.004741 0.019254 0.007394
v -0.004784 0.019186 0.007343
v -0.004617 0.019593 0.006997
v -0.004860 0.019191 0.006821
v -0.005305 0.019504 0.006868
v -0.005252 0.019421 0.006920
v -0.004632 0.019647 0.007558
v -0.004647 0.019572 0.008194
v -0.005065 0.019189 0.008326
v -0.005244 0.019367 0.008033
v -0.005041 0.019816 0.007835
v -0.004659 0.019367 0.008211
v -0.004797 0.019791 0.008147
v -0.005125 0.019772 0.008112
v -0.004627 0.019399 0.007613
v -0.004969 0.019817 0.007557
v -0.004949 0.019836 0.007280
v -0.004746 0.019174 0.007080
v -0.005089 0.019206 0.006872
v -0.005059 0.019838 0.008448
v -0.004822 0.019827 0.006671
v -0.004871 0.019154 0.006499
v -0.004825 0.019829 0.006386
v -0.004718 0.019234 0.006194
v -0.004635 0.019420 0.006790
v -0.004611 0.019572 0.006715
v -0.005195 0.019735 0.006617
v -0.004623 0.019610 0.006425
v -0.005054 0.019839 0.006640
v -0.005202 0.019737 0.006332
v -0.004938 0.019855 0.006086
v -0.004640 0.019665 0.006133
v -0.005202 0.019741 0.006048
v -0.005113 0.019237 0.006021
v -0.004637 0.019440 0.005949
v -0.005033 0.019846 0.005505
v -0.004843 0.019808 0.005589
v -0.004807 0.019821 0.005535
v -0.004884 0.019843 0.005809
v -0.005254 0.019666 0.005467
v -0.005298 0.019558 0.005735
v -0.004596 0.019486 0.005020
v -0.004615 0.019533 0.005076
v -0.004790 0.019815 0.004968
v -0.004611 0.019526 0.006212
v -0.005272 0.019524 0.005811
v -0.004707 0.019762 0.006732
v -0.005065 0.019799 0.006700
v -0.004638 0.019589 0.005888
v -0.004595 0.019300 0.005639
v -0.004856 0.019174 0.005702
v -0.005122 0.019773 0.005541
v -0.004907 0.019177 0.005428
v -0.004951 0.019163 0.008315
v -0.004827 0.019205 0.008252
v -0.005070 0.019165 0.008336
v -0.005289 0.019458 0.008094
v -0.004949 0.019169 0.008000
v -0.004620 0.019631 0.008231
v -0.004705 0.019745 0.007925
v -0.005267 0.019554 0.007779
v -0.004656 0.019687 0.007938
v -0.005179 0.019796 0.006944
v -0.005177 0.019742 0.007563
v -0.005285 0.019518 0.007531
v -0.005096 0.019204 0.007442
v -0.005274 0.019549 0.007219
v -0.004676 0.019695 0.007075
v -0.005144 0.019123 0.006885
v -0.005290 0.019483 0.006644
v -0.004662 0.019311 0.008275
v -0.004839 0.019165 0.008021
v -0.005030 0.019159 0.008046
v -0.004848 0.019840 0.007906
v -0.005304 0.019530 0.008111
v -0.004747 0.019792 0.008205
v -0.004799 0.019178 0.008300
v -0.004596 0.019470 0.008253
v -0.004615 0.019468 0.007955
v -0.005025 0.019152 0.008329
v -0.004978 0.019145 0.008323
v -0.004606 0.019439 0.007688
v -0.004654 0.019689 0.007654
v -0.004665 0.019350 0.007417
v -0.005298 0.019575 0.007547
v -0.005261 0.019352 0.007517
v -0.004600 0.019563 0.008241
v -0.005101 0.019822 0.007873
v -0.005304 0.019530 0.007826
v -0.005153 0.019208 0.007779
v -0.005015 0.019849 0.007600
v -0.005304 0.019530 0.007542
v -0.004610 0.019600 0.007382
v -0.005212 0.019267 0.006935
v -0.004943 0.019851 0.006756
v -0.005181 0.019769 0.006723
v -0.004695 0.019256 0.006861
v -0.005079 0.019174 0.006630
v -0.005120 0.019226 0.007171
v -0.004765 0.019217 0.007133
v -0.004747 0.019792 0.007067
v -0.004602 0.019425 0.006836
v -0.004596 0.019470 0.006830
v -0.005026 0.019177 0.006575
v -0.005045 0.019813 0.006431
v -0.004723 0.019251 0.006575
v -0.004881 0.019176 0.006261
v -0.004640 0.019407 0.006524
v -0.004895 0.019822 0.006157
v -0.005144 0.019754 0.006119
v -0.005271 0.019459 0.006356
v -0.005109 0.019231 0.006319
v -0.004836 0.019797 0.005885
v -0.005112 0.019782 0.005829
v -0.005272 0.019430 0.006068
v -0.004829 0.019192 0.005984
v -0.004657 0.019622 0.005924
v -0.005248 0.019604 0.005522
v -0.004613 0.019520 0.005665
v -0.005137 0.019765 0.005267
v -0.004706 0.019746 0.005652
v -0.005204 0.019299 0.005479
v -0.005254 0.019384 0.005209
v -0.004813 0.019794 0.005312
v -0.004910 0.019164 0.005146
v -0.004900 0.019825 0.005021
v -0.005200 0.019249 0.006364
v -0.005119 0.019188 0.006351
v -0.004696 0.019253 0.006577
v -0.004924 0.019854 0.006189
v -0.005022 0.019154 0.006053
v -0.004653 0.019313 0.005998
v -0.004693 0.019744 0.005938
v -0.004596 0.019470 0.006546
v -0.004735 0.019767 0.006441
v -0.004889 0.019833 0.006479
v -0.005197 0.019752 0.006436
v -0.005188 0.019236 0.006362
v -0.005153 0.019208 0.006356
v -0.005101 0.019822 0.006167
v -0.005304 0.019530 0.006119
v -0.005153 0.019208 0.006072
v -0.004799 0.019178 0.006024
v -0.004783 0.019186 0.006022
v -0.005238 0.019684 0.005856
v -0.004700 0.019752 0.005652
v -0.004962 0.019156 0.005476
v -0.004666 0.019698 0.005092
v -0.005188 0.019285 0.005765
v -0.004664 0.019309 0.005715
v -0.004983 0.019155 0.005764
v -0.004799 0.019178 0.005740
v -0.004712 0.019764 0.005650
v -0.004747 0.019792 0.005645
v -0.005212 0.019739 0.005580
v -0.004799 0.019178 0.005455
v -0.004616 0.019456 0.005371
v -0.004747 0.019792 0.005361
v -0.004879 0.019846 0.005342
v -0.005101 0.019822 0.005313
v -0.005300 0.019437 0.005254
v -0.005305 0.019484 0.005260
v -0.005288 0.019391 0.005247
v -0.005271 0.019347 0.005241
v -0.004596 0.019470 0.005123
v -0.004769 0.019806 0.005073
v -0.005257 0.019661 0.008413
v -0.005287 0.019402 0.008378
v -0.004849 0.019162 0.008307
v -0.005246 0.019688 0.008132
v -0.005296 0.019443 0.008099
v -0.005208 0.019257 0.008072
v -0.004662 0.019293 0.007992
v -0.005238 0.019693 0.007849
v -0.005018 0.019166 0.007760
v -0.005219 0.019723 0.007569
v -0.005027 0.019162 0.007476
v -0.004723 0.019756 0.007357
v -0.004935 0.019855 0.007326
v -0.005175 0.019764 0.007292
v -0.005251 0.019337 0.007230
v -0.004602 0.019569 0.007102
v -0.004680 0.019731 0.007078
v -0.004952 0.019849 0.007039
v -0.005283 0.019616 0.006983
v -0.004884 0.019151 0.006889
v -0.004640 0.019648 0.006806
v -0.005285 0.019600 0.006697
v -0.005300 0.019442 0.006677
v -0.005231 0.019287 0.006654
v -0.004930 0.019146 0.006610
v -0.004838 0.019165 0.006598
v -0.004605 0.019423 0.006552
v -0.004646 0.019642 0.006522
v -0.005264 0.019359 0.006380
v -0.004915 0.019147 0.006323
v -0.004615 0.019397 0.006271
v -0.004705 0.019753 0.006221
v -0.005012 0.019846 0.006178
v -0.005272 0.019366 0.006097
v -0.004601 0.019520 0.005970
v -0.004870 0.019846 0.005912
v -0.005062 0.019835 0.005887
v -0.005269 0.019363 0.005812
v -0.004602 0.019556 0.005681
v -0.004638 0.019669 0.005665
v -0.004794 0.019817 0.005638
v -0.005043 0.019840 0.005605
v -0.005290 0.019534 0.005550
v -0.005247 0.019307 0.005520
v -0.005146 0.019206 0.005502
v -0.004627 0.019642 0.005385
v -0.005195 0.019744 0.005297
v -0.005136 0.019213 0.005216
v -0.004837 0.019165 0.005176
v -0.004937 0.019145 0.005188
v -0.004656 0.019321 0.005144
v -0.004801 0.019822 0.005068
v -0.004981 0.019854 0.005044
v -0.004635 0.019665 0.004996
v -0.004695 0.019253 0.005053
v -0.005127 0.019258 0.005118
v -0.005179 0.019765 0.005199
v -0.004859 0.019830 0.005243
v -0.004643 0.019678 0.005278
v -0.004596 0.019528 0.005299
v -0.004691 0.019271 0.005335
v -0.004624 0.019611 0.005572
v -0.004674 0.019277 0.005617
v -0.005068 0.019169 0.005673
v -0.005272 0.019361 0.005710
v -0.005239 0.019706 0.005757
v -0.004616 0.019595 0.005859
v -0.004662 0.019303 0.005898
v -0.004795 0.019181 0.005922
v -0.005007 0.019166 0.005950
v -0.005281 0.019410 0.006001
v -0.005152 0.019221 0.006255
v -0.005290 0.019432 0.006289
v -0.004685 0.019269 0.006473
v -0.005092 0.019177 0.006530
v -0.005259 0.019380 0.006566
v -0.005001 0.019151 0.006802
v -0.004796 0.019813 0.006959
v -0.004721 0.019240 0.007048
v -0.005024 0.019158 0.007090
v -0.005294 0.019430 0.007142
v -0.005222 0.019728 0.007183
v -0.004744 0.019780 0.007251
v -0.004924 0.019852 0.007510
v -0.004748 0.019207 0.007622
v -0.005283 0.019378 0.007704
v -0.004825 0.019829 0.007808
v -0.004623 0.019605 0.007848
v -0.004675 0.019285 0.007892
v -0.005082 0.019171 0.007951
v -0.005243 0.019341 0.007982
v -0.005228 0.019715 0.008034
v -0.004916 0.019850 0.008080
v -0.004963 0.019145 0.008219
v -0.005279 0.019377 0.008273
v -0.003056 0.019837 0.008421
v -0.002936 0.019907 0.004972
v -0.002981 0.019854 0.004942
v -0.002963 0.019145 0.008321
v -0.002672 0.019720 0.008218
v -0.002624 0.019364 0.008266
v -0.002594 0.019500 0.008249
v -0.002850 0.019833 0.008191
v -0.003298 0.019571 0.008116
v -0.003283 0.019408 0.007810
v -0.003183 0.019231 0.007783
v -0.003125 0.019810 0.007870
v -0.003101 0.019821 0.007873
v -0.003079 0.019832 0.007876
v -0.003380 0.019508 0.008322
v -0.003116 0.019185 0.008342
v -0.003016 0.019151 0.008328
v -0.003024 0.019153 0.008329
v -0.003067 0.019164 0.008335
v -0.002598 0.019552 0.008242
v -0.002629 0.019654 0.008228
v -0.002610 0.019604 0.008235
v -0.003113 0.019184 0.008342
v -0.002612 0.019609 0.008234
v -0.003326 0.019301 0.008300
v -0.003372 0.019541 0.008042
v -0.003291 0.019600 0.007550
v -0.003219 0.019723 0.007569
v -0.003302 0.019551 0.007544
v -0.003297 0.019574 0.007547
v -0.003303 0.019530 0.007542
v -0.003170 0.019851 0.007219
v -0.002973 0.019155 0.007185
v -0.002717 0.019769 0.007072
v -0.002736 0.019858 0.007014
v -0.002588 0.019723 0.007608
v -0.003221 0.019832 0.007521
v -0.003306 0.019500 0.007538
v -0.002532 0.019413 0.007335
v -0.003274 0.019234 0.007171
v -0.003287 0.019423 0.006956
v -0.003027 0.019094 0.007133
v -0.003113 0.019143 0.008321
v -0.002969 0.019089 0.008262
v -0.002534 0.019586 0.008181
v -0.002766 0.019877 0.008135
v -0.003309 0.019300 0.007753
v -0.002827 0.019106 0.008243
v -0.002598 0.019449 0.006833
v -0.002603 0.019426 0.006836
v -0.002609 0.019400 0.006839
v -0.002597 0.019470 0.006830
v -0.002661 0.019693 0.006515
v -0.003183 0.019231 0.006361
v -0.003126 0.019809 0.006448
v -0.003101 0.019821 0.006451
v -0.003079 0.019831 0.006454
v -0.003258 0.019666 0.006137
v -0.002594 0.019501 0.006827
v -0.003370 0.019316 0.006614
v -0.003362 0.019518 0.005791
v -0.002687 0.019736 0.005086
v -0.003153 0.019209 0.006072
v -0.003175 0.019224 0.006075
v -0.003133 0.019195 0.006069
v -0.002904 0.019148 0.006038
v -0.002718 0.019769 0.005649
v -0.002644 0.019320 0.005712
v -0.002799 0.019179 0.005740
v -0.002820 0.019169 0.005743
v -0.002774 0.019191 0.005736
v -0.002680 0.019294 0.005433
v -0.003305 0.019722 0.005234
v -0.002635 0.019645 0.005384
v -0.003304 0.019484 0.005260
v -0.003305 0.019519 0.005264
v -0.003255 0.019316 0.005237
v -0.003299 0.019437 0.005254
v -0.003304 0.019467 0.005258
v -0.003078 0.019085 0.005149
v -0.003270 0.019347 0.005241
v -0.003287 0.019391 0.005247
v -0.003295 0.019415 0.005251
v -0.003279 0.019364 0.005244
v -0.002742 0.019134 0.006814
v -0.002544 0.019685 0.005901
v -0.002972 0.019897 0.006731
v -0.002675 0.019196 0.006501
v -0.003086 0.019930 0.006413
v -0.002647 0.019216 0.005938
v -0.002562 0.019335 0.005651
v -0.002560 0.019656 0.005608
v -0.002890 0.019908 0.005553
v -0.003103 0.019880 0.005544
v -0.003214 0.019764 0.005577
v -0.002759 0.019862 0.005606
v -0.002633 0.019226 0.008222
v -0.003098 0.019111 0.007700
v -0.002595 0.019280 0.007662
v -0.003063 0.019143 0.008234
v -0.002963 0.019145 0.008219
v -0.002910 0.019147 0.008213
v -0.003138 0.019199 0.008244
v -0.003285 0.019618 0.008020
v -0.003298 0.019571 0.008014
v -0.003236 0.019339 0.007982
v -0.003347 0.019647 0.007755
v -0.002860 0.019123 0.007670
v -0.002825 0.019829 0.007808
v -0.002561 0.019499 0.007590
v -0.003219 0.019267 0.007688
v -0.003239 0.019172 0.007443
v -0.003373 0.019555 0.007191
v -0.003271 0.019763 0.006628
v -0.002774 0.019828 0.007532
v -0.002515 0.019520 0.007047
v -0.002919 0.019917 0.006998
v -0.003049 0.019860 0.008350
v -0.003235 0.019806 0.008370
v -0.002930 0.019145 0.008215
v -0.003149 0.019875 0.008103
v -0.003229 0.019183 0.008001
v -0.002854 0.019083 0.007966
v -0.002783 0.019142 0.007925
v -0.002510 0.019446 0.007921
v -0.002596 0.019469 0.007582
v -0.002595 0.019482 0.007581
v -0.002595 0.019516 0.007576
v -0.002604 0.019419 0.007588
v -0.002702 0.019755 0.007542
v -0.002595 0.019521 0.007576
v -0.002785 0.019815 0.007529
v -0.002788 0.019817 0.007529
v -0.002833 0.019836 0.007522
v -0.002741 0.019787 0.007536
v -0.003110 0.019184 0.007386
v -0.003102 0.019891 0.007817
v -0.003183 0.019231 0.007682
v -0.002712 0.019764 0.007540
v -0.002916 0.019881 0.007590
v -0.003363 0.019526 0.007466
v -0.002800 0.019111 0.007396
v -0.002995 0.019149 0.007086
v -0.002719 0.019867 0.007288
v -0.002779 0.019110 0.007096
v -0.003159 0.019212 0.006824
v -0.002959 0.019855 0.006936
v -0.003305 0.019494 0.006582
v -0.002925 0.019146 0.006508
v -0.003294 0.019267 0.006873
v -0.002538 0.019503 0.006748
v -0.002923 0.019084 0.006553
v -0.002575 0.019469 0.006499
v -0.003284 0.019256 0.006015
v -0.002975 0.019072 0.005979
v -0.003131 0.019872 0.006093
v -0.002864 0.019080 0.005672
v -0.002975 0.019924 0.005273
v -0.002624 0.019720 0.006420
v -0.002722 0.019859 0.006437
v -0.003264 0.019193 0.006303
v -0.002832 0.019096 0.006235
v -0.002654 0.019694 0.006129
v -0.002763 0.019802 0.006110
v -0.002808 0.019897 0.006148
v -0.003289 0.019429 0.006004
v -0.002601 0.019430 0.005880
v -0.002586 0.019293 0.006231
v -0.003304 0.019514 0.005731
v -0.003305 0.019481 0.005727
v -0.002544 0.019610 0.006192
v -0.002717 0.019790 0.006117
v -0.003365 0.019592 0.006071
v -0.002586 0.019400 0.005885
v -0.002935 0.019922 0.005833
v -0.003243 0.019805 0.005806
v -0.003012 0.019850 0.005507
v -0.003061 0.019838 0.005501
v -0.003037 0.019844 0.005504
v -0.003263 0.019220 0.005741
v -0.003339 0.019663 0.005494
v -0.003113 0.019184 0.005395
v -0.003136 0.019198 0.005399
v -0.002623 0.019763 0.005305
v -0.003267 0.019383 0.005144
v -0.002624 0.019796 0.005034
v -0.002595 0.019516 0.005016
v -0.003249 0.019173 0.005446
v -0.002785 0.019119 0.005387
v -0.002545 0.019372 0.005346
v -0.003368 0.019435 0.005180
v -0.002680 0.019189 0.005076
v -0.002548 0.019384 0.005058
v -0.002726 0.019229 0.008187
v -0.003298 0.019575 0.008014
v -0.003188 0.019236 0.007682
v -0.002602 0.019425 0.007588
v -0.003163 0.019255 0.007734
v -0.003251 0.019681 0.008313
v -0.003254 0.019632 0.008366
v -0.003060 0.019838 0.008062
v -0.003030 0.019159 0.007944
v -0.002596 0.019556 0.007570
v -0.002680 0.019731 0.007546
v -0.002877 0.019827 0.007527
v -0.002830 0.019834 0.007523
v -0.002637 0.019610 0.007338
v -0.003220 0.019724 0.007183
v -0.003284 0.019406 0.007139
v -0.002767 0.019778 0.007549
v -0.003119 0.019778 0.007529
v -0.002679 0.019349 0.007373
v -0.002648 0.019644 0.007274
v -0.003274 0.019480 0.007491
v -0.002905 0.019148 0.007359
v -0.002617 0.019593 0.006997
v -0.002814 0.019206 0.006822
v -0.002721 0.019240 0.007048
v -0.003305 0.019504 0.006868
v -0.003341 0.019682 0.006915
v -0.002632 0.019647 0.007558
v -0.003042 0.019190 0.008273
v -0.002651 0.019371 0.008206
v -0.003065 0.019189 0.008326
v -0.002629 0.019567 0.008154
v -0.002793 0.019885 0.007833
v -0.002782 0.019183 0.007689
v -0.002781 0.019235 0.008251
v -0.002681 0.019704 0.008215
v -0.002759 0.019757 0.008152
v -0.003106 0.019789 0.008116
v -0.003240 0.019339 0.008045
v -0.002627 0.019399 0.007613
v -0.002814 0.019787 0.007309
v -0.002835 0.019824 0.006980
v -0.003261 0.019623 0.006974
v -0.003089 0.019206 0.006872
v -0.002909 0.019834 0.007039
v -0.003059 0.019838 0.008448
v -0.002685 0.019269 0.006473
v -0.003126 0.019796 0.006384
v -0.002626 0.019463 0.006799
v -0.002611 0.019572 0.006715
v -0.003012 0.019803 0.006645
v -0.003178 0.019769 0.006337
v -0.002938 0.019855 0.006086
v -0.002702 0.019283 0.005965
v -0.002596 0.019533 0.005867
v -0.003076 0.019167 0.005674
v -0.002814 0.019205 0.005690
v -0.003033 0.019846 0.005505
v -0.002843 0.019808 0.005589
v -0.002933 0.019854 0.005517
v -0.002988 0.019851 0.005795
v -0.002673 0.019710 0.005842
v -0.002724 0.019234 0.005626
v -0.002944 0.019826 0.005841
v -0.003298 0.019558 0.005735
v -0.002604 0.019560 0.005295
v -0.003003 0.019148 0.005096
v -0.002596 0.019486 0.005020
v -0.002975 0.019820 0.005009
v -0.002970 0.019163 0.005945
v -0.003342 0.019547 0.006318
v -0.003061 0.019827 0.005787
v -0.003187 0.019742 0.006672
v -0.003122 0.019773 0.005541
v -0.002920 0.019178 0.005429
v -0.002914 0.019185 0.005147
v -0.002662 0.019344 0.005104
v -0.003206 0.019316 0.008328
v -0.002606 0.019520 0.008242
v -0.003089 0.019803 0.007826
v -0.003254 0.019563 0.008065
v -0.003070 0.019165 0.008336
v -0.002858 0.019173 0.007979
v -0.002622 0.019637 0.008230
v -0.002627 0.019442 0.007921
v -0.002742 0.019747 0.007891
v -0.003269 0.019534 0.007790
v -0.002670 0.019664 0.007619
v -0.003134 0.019247 0.007448
v -0.002876 0.019182 0.007418
v -0.003137 0.019773 0.007260
v -0.003265 0.019434 0.007196
v -0.002625 0.019458 0.007066
v -0.002683 0.019706 0.007073
v -0.003191 0.019712 0.006951
v -0.002965 0.019171 0.006570
v -0.003144 0.019123 0.006885
v -0.002767 0.019829 0.006724
v -0.003253 0.019371 0.006625
v -0.002839 0.019165 0.008021
v -0.002610 0.019588 0.007953
v -0.002848 0.019840 0.007906
v -0.003225 0.019290 0.008361
v -0.003304 0.019530 0.008111
v -0.002747 0.019792 0.008205
v -0.002799 0.019178 0.008300
v -0.002596 0.019470 0.008253
v -0.002596 0.019470 0.007968
v -0.003025 0.019152 0.008329
v -0.002978 0.019145 0.008323
v -0.002627 0.019555 0.007672
v -0.003238 0.019693 0.007849
v -0.003298 0.019575 0.007547
v -0.003261 0.019352 0.007517
v -0.002600 0.019563 0.008241
v -0.003101 0.019822 0.007873
v -0.003304 0.019530 0.007826
v -0.003153 0.019208 0.007779
v -0.003015 0.019849 0.007600
v -0.003304 0.019530 0.007542
v -0.002622 0.019369 0.007412
v -0.003212 0.019267 0.006935
v -0.002695 0.019256 0.006861
v -0.003181 0.019769 0.006723
v -0.002978 0.019146 0.006616
v -0.003304 0.019530 0.007257
v -0.003114 0.019219 0.007155
v -0.002825 0.019201 0.007112
v -0.002648 0.019321 0.007135
v -0.002747 0.019792 0.007067
v -0.002602 0.019425 0.006836
v -0.002596 0.019470 0.006830
v -0.003257 0.019482 0.006359
v -0.002755 0.019226 0.006262
v -0.003081 0.019197 0.006022
v -0.002666 0.019695 0.006189
v -0.003184 0.019265 0.006321
v -0.003277 0.019489 0.006064
v -0.002835 0.019812 0.005906
v -0.003259 0.019632 0.005816
v -0.002649 0.019600 0.005912
v -0.002680 0.019654 0.005917
v -0.003248 0.019604 0.005522
v -0.002625 0.019511 0.005642
v -0.003188 0.019278 0.005189
v -0.002677 0.019689 0.005334
v -0.002706 0.019746 0.005652
v -0.003204 0.019299 0.005479
v -0.003270 0.019517 0.005212
v -0.003055 0.019820 0.005282
v -0.003200 0.019249 0.006364
v -0.003061 0.019163 0.006058
v -0.002678 0.019723 0.005941
v -0.003134 0.019794 0.005876
v -0.002829 0.019801 0.006455
v -0.003101 0.019822 0.006451
v -0.003282 0.019621 0.006415
v -0.003188 0.019236 0.006362
v -0.003153 0.019208 0.006356
v -0.003085 0.019804 0.006123
v -0.003304 0.019530 0.006119
v -0.003153 0.019208 0.006072
v -0.002799 0.019178 0.006024
v -0.003304 0.019530 0.005835
v -0.003282 0.019613 0.005845
v -0.002700 0.019752 0.005652
v -0.002962 0.019156 0.005476
v -0.002707 0.019728 0.005031
v -0.002609 0.019595 0.005107
v -0.003151 0.019243 0.005743
v -0.002992 0.019154 0.005765
v -0.002799 0.019178 0.005740
v -0.002712 0.019764 0.005650
v -0.002747 0.019792 0.005645
v -0.003212 0.019739 0.005580
v -0.002799 0.019178 0.005455
v -0.002658 0.019360 0.005375
v -0.002924 0.019843 0.005336
v -0.003300 0.019437 0.005254
v -0.003305 0.019484 0.005260
v -0.003288 0.019391 0.005247
v -0.003271 0.019347 0.005241
v -0.002769 0.019806 0.005073
v -0.003226 0.019718 0.008421
v -0.003296 0.019548 0.008397
v -0.002849 0.019162 0.008307
v -0.002745 0.019211 0.008292
v -0.003192 0.019744 0.008142
v -0.003250 0.019343 0.008085
v -0.003082 0.019171 0.008053
v -0.002662 0.019293 0.007992
v -0.003018 0.019166 0.007760
v -0.003010 0.019150 0.007474
v -0.002600 0.019558 0.007388
v -0.002663 0.019701 0.007367
v -0.002784 0.019811 0.007347
v -0.003054 0.019831 0.007310
v -0.003204 0.019748 0.007288
v -0.003293 0.019581 0.007263
v -0.003250 0.019331 0.007230
v -0.002602 0.019569 0.007102
v -0.002907 0.019843 0.007045
v -0.003283 0.019616 0.006983
v -0.002884 0.019151 0.006889
v -0.002640 0.019648 0.006806
v -0.002956 0.019853 0.006754
v -0.003288 0.019594 0.006696
v -0.003263 0.019358 0.006665
v -0.003079 0.019174 0.006630
v -0.002743 0.019257 0.006581
v -0.002967 0.019853 0.006468
v -0.003197 0.019752 0.006436
v -0.003264 0.019359 0.006380
v -0.002979 0.019160 0.006332
v -0.002615 0.019397 0.006271
v -0.002716 0.019760 0.006219
v -0.002925 0.019852 0.006189
v -0.003272 0.019366 0.006097
v -0.002761 0.019200 0.006019
v -0.002644 0.019343 0.005994
v -0.002600 0.019559 0.005965
v -0.002923 0.019850 0.005905
v -0.002830 0.019834 0.005918
v -0.003269 0.019363 0.005812
v -0.002620 0.019613 0.005673
v -0.002794 0.019817 0.005638
v -0.003043 0.019840 0.005605
v -0.003290 0.019534 0.005550
v -0.003247 0.019307 0.005520
v -0.003175 0.019231 0.005506
v -0.003195 0.019744 0.005297
v -0.003207 0.019256 0.005227
v -0.003065 0.019171 0.005206
v -0.002931 0.019146 0.005188
v -0.002734 0.019258 0.005157
v -0.002981 0.019854 0.005044
v -0.002624 0.019637 0.004999
v -0.002671 0.019285 0.005047
v -0.003127 0.019193 0.005113
v -0.003236 0.019711 0.005188
v -0.003139 0.019800 0.005206
v -0.002937 0.019851 0.005233
v -0.002691 0.019271 0.005335
v -0.002961 0.019145 0.005374
v -0.003066 0.019164 0.005389
v -0.003254 0.019666 0.005467
v -0.002716 0.019733 0.005551
v -0.002595 0.019491 0.005588
v -0.003272 0.019361 0.005710
v -0.003239 0.019706 0.005757
v -0.002686 0.019280 0.005903
v -0.003209 0.019730 0.006046
v -0.002649 0.019362 0.006175
v -0.003045 0.019169 0.006239
v -0.003254 0.019321 0.006273
v -0.003305 0.019509 0.006299
v -0.002825 0.019829 0.006386
v -0.002623 0.019610 0.006425
v -0.003171 0.019229 0.006542
v -0.002704 0.019256 0.006760
v -0.003001 0.019151 0.006802
v -0.002796 0.019813 0.006959
v -0.002889 0.019846 0.007230
v -0.002697 0.019273 0.007327
v -0.003298 0.019447 0.007429
v -0.003177 0.019774 0.007476
v -0.002924 0.019852 0.007510
v -0.002748 0.019207 0.007622
v -0.003283 0.019378 0.007704
v -0.003186 0.019760 0.007758
v -0.002600 0.019563 0.007855
v -0.002696 0.019252 0.007898
v -0.003228 0.019715 0.008034
v -0.002840 0.019833 0.008091
v -0.002602 0.019552 0.008140
v -0.002640 0.019328 0.008170
v -0.003016 0.019151 0.008226
v -0.003279 0.019377 0.008273
v -0.003059 0.019838 0.008346
v -0.004922 0.019298 0.006591
v -0.004908 0.019288 0.006681
v -0.004867 0.019301 0.006681
v -0.004908 0.019712 0.006681
v -0.004867 0.019699 0.006681
v -0.004830 0.019320 0.006681
v -0.004950 0.019716 0.006681
v -0.004797 0.019653 0.006681
v -0.004770 0.019620 0.006681
v -0.004830 0.019680 0.006681
v -0.004797 0.019347 0.006681
v -0.004770 0.019380 0.006681
v -0.004738 0.019542 0.006681
v -0.004734 0.019500 0.006681
v -0.004751 0.019583 0.006681
v -0.004751 0.019417 0.006681
v -0.004738 0.019458 0.006681
v -0.004834 0.020065 0.009068
v -0.005166 0.019500 0.006681
v -0.005162 0.019542 0.006681
v -0.005149 0.019583 0.006681
v -0.005130 0.019620 0.006681
v -0.005162 0.019458 0.006681
v -0.005149 0.019417 0.006681
v -0.005130 0.019380 0.006681
v -0.005103 0.019347 0.006681
v -0.005103 0.019653 0.006681
v -0.005070 0.019680 0.006681
v -0.004992 0.019712 0.006681
v -0.005033 0.019699 0.006681
v -0.005070 0.019320 0.006681
v -0.005033 0.019301 0.006681
v -0.004992 0.019288 0.006681
v -0.004950 0.019508 0.006342
v -0.005149 0.019417 0.008421
v -0.005162 0.019458 0.008421
v -0.005103 0.019347 0.008421
v -0.005033 0.019301 0.008421
v -0.005070 0.019320 0.008421
v -0.005130 0.019380 0.008421
v -0.005166 0.019500 0.008421
v -0.004992 0.019288 0.008421
v -0.004734 0.019500 0.008421
v -0.004738 0.019458 0.008421
v -0.004950 0.019284 0.008421
v -0.004908 0.019288 0.008421
v -0.004830 0.019320 0.008421
v -0.004751 0.019417 0.008421
v -0.004867 0.019301 0.008421
v -0.004770 0.019380 0.008421
v -0.004797 0.019347 0.008421
v -0.004463 0.019239 0.008749
v -0.005515 0.019330 0.008956
v -0.004977 0.018872 0.009012
v -0.004467 0.019809 0.008825
v -0.005377 0.019925 0.008838
v -0.004738 0.019542 0.008421
v -0.004751 0.019583 0.008421
v -0.004797 0.019653 0.008421
v -0.004830 0.019680 0.008421
v -0.004867 0.019699 0.008421
v -0.004770 0.019620 0.008421
v -0.004908 0.019712 0.008421
v -0.004950 0.019716 0.008421
v -0.004992 0.019712 0.008421
v -0.005033 0.019699 0.008421
v -0.005070 0.019680 0.008421
v -0.005149 0.019583 0.008421
v -0.005130 0.019620 0.008421
v -0.005162 0.019542 0.008421
v -0.005103 0.019653 0.008421
v -0.002922 0.019298 0.006591
v -0.002908 0.019288 0.006681
v -0.002867 0.019301 0.006681
v -0.002908 0.019712 0.006681
v -0.002867 0.019699 0.006681
v -0.002830 0.019320 0.006681
v -0.002950 0.019716 0.006681
v -0.002797 0.019653 0.006681
v -0.002770 0.019620 0.006681
v -0.002830 0.019680 0.006681
v -0.002797 0.019347 0.006681
v -0.002770 0.019380 0.006681
v -0.002738 0.019542 0.006681
v -0.002734 0.019500 0.006681
v -0.002751 0.019583 0.006681
v -0.002751 0.019417 0.006681
v -0.002738 0.019458 0.006681
v -0.003577 0.019455 0.008994
v -0.003166 0.019500 0.006681
v -0.003162 0.019542 0.006681
v -0.003149 0.019583 0.006681
v -0.003130 0.019620 0.006681
v -0.003162 0.019458 0.006681
v -0.003149 0.019417 0.006681
v -0.003130 0.019380 0.006681
v -0.003103 0.019347 0.006681
v -0.003103 0.019653 0.006681
v -0.003070 0.019680 0.006681
v -0.002992 0.019712 0.006681
v -0.003033 0.019699 0.006681
v -0.003070 0.019320 0.006681
v -0.003033 0.019301 0.006681
v -0.002992 0.019288 0.006681
v -0.002950 0.019508 0.006342
v -0.003149 0.019417 0.008421
v -0.003162 0.019458 0.008421
v -0.003103 0.019347 0.008421
v -0.003033 0.019301 0.008421
v -0.003070 0.019320 0.008421
v -0.003130 0.019380 0.008421
v -0.003166 0.019500 0.008421
v -0.002992 0.019288 0.008421
v -0.002734 0.019500 0.008421
v -0.002738 0.019458 0.008421
v -0.002950 0.019284 0.008421
v -0.002908 0.019288 0.008421
v -0.002830 0.019320 0.008421
v -0.002751 0.019417 0.008421
v -0.002867 0.019301 0.008421
v -0.002770 0.019380 0.008421
v -0.002797 0.019347 0.008421
v -0.002415 0.019112 0.009051
v -0.003025 0.018936 0.008747
v -0.002558 0.019930 0.008745
v -0.003140 0.020094 0.009047
v -0.002738 0.019542 0.008421
v -0.002751 0.019583 0.008421
v -0.002797 0.019653 0.008421
v -0.002830 0.019680 0.008421
v -0.002867 0.019699 0.008421
v -0.002770 0.019620 0.008421
v -0.002908 0.019712 0.008421
v -0.002950 0.019716 0.008421
v -0.002992 0.019712 0.008421
v -0.003033 0.019699 0.008421
v -0.003070 0.019680 0.008421
v -0.003149 0.019583 0.008421
v -0.003130 0.019620 0.008421
v -0.003162 0.019542 0.008421
v -0.003103 0.019653 0.008421
v -0.004950 0.019094 0.004498
v -0.005356 0.019500 0.004498
v -0.005355 0.019537 0.004498
v -0.005355 0.019539 0.004498
v -0.005029 0.019101 0.004498
v -0.005068 0.019111 0.004498
v -0.005106 0.019125 0.004498
v -0.005142 0.019142 0.004498
v -0.005176 0.019162 0.004498
v -0.005208 0.019186 0.004498
v -0.004950 0.019906 0.004498
v -0.004990 0.019904 0.004498
v -0.005029 0.019899 0.004498
v -0.005068 0.019889 0.004498
v -0.005355 0.019535 0.004498
v -0.005355 0.019536 0.004498
v -0.005106 0.019875 0.004498
v -0.005142 0.019858 0.004498
v -0.005176 0.019838 0.004498
v -0.005208 0.019814 0.004498
v -0.005237 0.019213 0.004498
v -0.005264 0.019242 0.004498
v -0.005308 0.019308 0.004498
v -0.005325 0.019344 0.004498
v -0.005288 0.019274 0.004498
v -0.005339 0.019382 0.004498
v -0.005349 0.019421 0.004498
v -0.005354 0.019460 0.004498
v -0.005237 0.019787 0.004498
v -0.005264 0.019758 0.004498
v -0.005288 0.019726 0.004498
v -0.005325 0.019656 0.004498
v -0.005308 0.019692 0.004498
v -0.005355 0.019530 0.004498
v -0.005339 0.019618 0.004498
v -0.004984 0.019144 0.004246
v -0.005349 0.019579 0.004498
v -0.005354 0.019540 0.004498
v -0.005355 0.019520 0.004498
v -0.004544 0.019500 0.004498
v -0.004546 0.019460 0.004498
v -0.004551 0.019421 0.004498
v -0.004561 0.019382 0.004498
v -0.004575 0.019344 0.004498
v -0.004592 0.019308 0.004498
v -0.004612 0.019274 0.004498
v -0.004636 0.019242 0.004498
v -0.004663 0.019213 0.004498
v -0.004546 0.019540 0.004498
v -0.004561 0.019618 0.004498
v -0.004551 0.019579 0.004498
v -0.004592 0.019692 0.004498
v -0.004575 0.019656 0.004498
v -0.004612 0.019726 0.004498
v -0.004663 0.019787 0.004498
v -0.004636 0.019758 0.004498
v -0.004545 0.019535 0.004498
v -0.004545 0.019536 0.004498
v -0.004692 0.019186 0.004498
v -0.004724 0.019162 0.004498
v -0.004758 0.019142 0.004498
v -0.004794 0.019125 0.004498
v -0.004832 0.019111 0.004498
v -0.004871 0.019101 0.004498
v -0.004910 0.019096 0.004498
v -0.004724 0.019838 0.004498
v -0.004692 0.019814 0.004498
v -0.004758 0.019858 0.004498
v -0.004794 0.019875 0.004498
v -0.004832 0.019889 0.004498
v -0.004871 0.019899 0.004498
v -0.004545 0.019539 0.004498
v -0.004910 0.019904 0.004498
v -0.004545 0.019537 0.004498
v -0.004949 0.019522 0.003844
v -0.004545 0.019530 0.004498
v -0.004545 0.019520 0.004498
v -0.005029 0.019899 0.007074
v -0.004990 0.019904 0.007074
v -0.005106 0.019875 0.007074
v -0.005176 0.019838 0.007074
v -0.005142 0.019858 0.007074
v -0.005068 0.019889 0.007074
v -0.005237 0.019787 0.007074
v -0.005288 0.019726 0.007074
v -0.005264 0.019758 0.007074
v -0.005325 0.019656 0.007074
v -0.005349 0.019579 0.007074
v -0.005339 0.019618 0.007074
v -0.005308 0.019692 0.007074
v -0.005208 0.019814 0.007074
v -0.004950 0.019906 0.007074
v -0.005354 0.019540 0.007074
v -0.004945 0.018994 0.007144
v -0.004990 0.019096 0.007074
v -0.005354 0.019460 0.007074
v -0.005339 0.019382 0.007074
v -0.005349 0.019421 0.007074
v -0.005308 0.019308 0.007074
v -0.005264 0.019242 0.007074
v -0.005288 0.019274 0.007074
v -0.005325 0.019344 0.007074
v -0.005208 0.019186 0.007074
v -0.005142 0.019142 0.007074
v -0.005176 0.019162 0.007074
v -0.005068 0.019111 0.007074
v -0.005029 0.019101 0.007074
v -0.005106 0.019125 0.007074
v -0.005237 0.019213 0.007074
v -0.005356 0.019500 0.007074
v -0.004954 0.020057 0.007367
v -0.005507 0.019576 0.007421
v -0.005151 0.019000 0.007382
v -0.004574 0.019072 0.007336
v -0.004434 0.019750 0.007341
v -0.004871 0.019101 0.007074
v -0.004832 0.019111 0.007074
v -0.004910 0.019096 0.007074
v -0.004794 0.019125 0.007074
v -0.004724 0.019162 0.007074
v -0.004692 0.019186 0.007074
v -0.004663 0.019213 0.007074
v -0.004551 0.019421 0.007074
v -0.004546 0.019460 0.007074
v -0.004561 0.019382 0.007074
v -0.004612 0.019274 0.007074
v -0.004592 0.019308 0.007074
v -0.004575 0.019344 0.007074
v -0.004636 0.019242 0.007074
v -0.004758 0.019142 0.007074
v -0.004544 0.019500 0.007074
v -0.004551 0.019579 0.007074
v -0.004546 0.019540 0.007074
v -0.004592 0.019692 0.007074
v -0.004575 0.019656 0.007074
v -0.004561 0.019618 0.007074
v -0.004663 0.019787 0.007074
v -0.004636 0.019758 0.007074
v -0.004612 0.019726 0.007074
v -0.004758 0.019858 0.007074
v -0.004794 0.019875 0.007074
v -0.004692 0.019814 0.007074
v -0.004724 0.019838 0.007074
v -0.004832 0.019889 0.007074
v -0.004871 0.019899 0.007074
v -0.004910 0.019904 0.007074
v -0.002950 0.019094 0.004498
v -0.003356 0.019500 0.004498
v -0.003355 0.019537 0.004498
v -0.003355 0.019539 0.004498
v -0.003029 0.019101 0.004498
v -0.003068 0.019111 0.004498
v -0.003106 0.019125 0.004498
v -0.003142 0.019142 0.004498
v -0.003176 0.019162 0.004498
v -0.003208 0.019186 0.004498
v -0.002950 0.019906 0.004498
v -0.002990 0.019904 0.004498
v -0.003029 0.019899 0.004498
v -0.003068 0.019889 0.004498
v -0.003355 0.019535 0.004498
v -0.003355 0.019536 0.004498
v -0.003106 0.019875 0.004498
v -0.003142 0.019858 0.004498
v -0.003176 0.019838 0.004498
v -0.003208 0.019814 0.004498
v -0.003237 0.019213 0.004498
v -0.003264 0.019242 0.004498
v -0.003308 0.019308 0.004498
v -0.003325 0.019344 0.004498
v -0.003288 0.019274 0.004498
v -0.003339 0.019382 0.004498
v -0.003349 0.019421 0.004498
v -0.003354 0.019460 0.004498
v -0.003237 0.019787 0.004498
v -0.003264 0.019758 0.004498
v -0.003288 0.019726 0.004498
v -0.003325 0.019656 0.004498
v -0.003308 0.019692 0.004498
v -0.003355 0.019530 0.004498
v -0.003339 0.019618 0.004498
v -0.002984 0.019144 0.004246
v -0.003349 0.019579 0.004498
v -0.003354 0.019540 0.004498
v -0.003355 0.019520 0.004498
v -0.002544 0.019500 0.004498
v -0.002546 0.019460 0.004498
v -0.002551 0.019421 0.004498
v -0.002561 0.019382 0.004498
v -0.002575 0.019344 0.004498
v -0.002592 0.019308 0.004498
v -0.002612 0.019274 0.004498
v -0.002636 0.019242 0.004498
v -0.002663 0.019213 0.004498
v -0.002546 0.019540 0.004498
v -0.002561 0.019618 0.004498
v -0.002551 0.019579 0.004498
v -0.002592 0.019692 0.004498
v -0.002575 0.019656 0.004498
v -0.002612 0.019726 0.004498
v -0.002663 0.019787 0.004498
v -0.002636 0.019758 0.004498
v -0.002545 0.019535 0.004498
v -0.002545 0.019536 0.004498
v -0.002692 0.019186 0.004498
v -0.002724 0.019162 0.004498
v -0.002758 0.019142 0.004498
v -0.002794 0.019125 0.004498
v -0.002832 0.019111 0.004498
v -0.002871 0.019101 0.004498
v -0.002910 0.019096 0.004498
v -0.002724 0.019838 0.004498
v -0.002692 0.019814 0.004498
v -0.002758 0.019858 0.004498
v -0.002794 0.019875 0.004498
v -0.002832 0.019889 0.004498
v -0.002871 0.019899 0.004498
v -0.002545 0.019539 0.004498
v -0.002910 0.019904 0.004498
v -0.002545 0.019537 0.004498
v -0.002949 0.019522 0.003844
v -0.002545 0.019530 0.004498
v -0.002545 0.019520 0.004498
v -0.003029 0.019899 0.007074
v -0.002990 0.019904 0.007074
v -0.003106 0.019875 0.007074
v -0.003176 0.019838 0.007074
v -0.003142 0.019858 0.007074
v -0.003068 0.019889 0.007074
v -0.003237 0.019787 0.007074
v -0.003288 0.019726 0.007074
v -0.003264 0.019758 0.007074
v -0.003325 0.019656 0.007074
v -0.003349 0.019579 0.007074
v -0.003339 0.019618 0.007074
v -0.003308 0.019692 0.007074
v -0.003208 0.019814 0.007074
v -0.002950 0.019906 0.007074
v -0.003354 0.019540 0.007074
v -0.002945 0.018994 0.007144
v -0.002990 0.019096 0.007074
v -0.003354 0.019460 0.007074
v -0.003339 0.019382 0.007074
v -0.003349 0.019421 0.007074
v -0.003308 0.019308 0.007074
v -0.003264 0.019242 0.007074
v -0.003288 0.019274 0.007074
v -0.003325 0.019344 0.007074
v -0.003208 0.019186 0.007074
v -0.003142 0.019142 0.007074
v -0.003176 0.019162 0.007074
v -0.003068 0.019111 0.007074
v -0.003029 0.019101 0.007074
v -0.003106 0.019125 0.007074
v -0.003237 0.019213 0.007074
v -0.003356 0.019500 0.007074
v -0.002954 0.020057 0.007367
v -0.003507 0.019576 0.007421
v -0.003151 0.019000 0.007382
v -0.002574 0.019072 0.007336
v -0.002434 0.019750 0.007341
v -0.002871 0.019101 0.007074
v -0.002832 0.019111 0.007074
v -0.002910 0.019096 0.007074
v -0.002794 0.019125 0.007074
v -0.002724 0.019162 0.007074
v -0.002692 0.019186 0.007074
v -0.002663 0.019213 0.007074
v -0.002551 0.019421 0.007074
v -0.002546 0.019460 0.007074
v -0.002561 0.019382 0.007074
v -0.002612 0.019274 0.007074
v -0.002592 0.019308 0.007074
v -0.002575 0.019344 0.007074
v -0.002636 0.019242 0.007074
v -0.002758 0.019142 0.007074
v -0.002544 0.019500 0.007074
v -0.002551 0.019579 0.007074
v -0.002546 0.019540 0.007074
v -0.002592 0.019692 0.007074
v -0.002575 0.019656 0.007074
v -0.002561 0.019618 0.007074
v -0.002663 0.019787 0.007074
v -0.002636 0.019758 0.007074
v -0.002612 0.019726 0.007074
v -0.002758 0.019858 0.007074
v -0.002794 0.019875 0.007074
v -0.002692 0.019814 0.007074
v -0.002724 0.019838 0.007074
v -0.002832 0.019889 0.007074
v -0.002871 0.019899 0.007074
v -0.002910 0.019904 0.007074
v -0.004514 0.019209 0.005189
v -0.004487 0.019253 0.005189
v -0.004438 0.019156 0.005219
v -0.004545 0.019167 0.005189
v -0.004579 0.019129 0.005189
v -0.004617 0.019095 0.005189
v -0.004436 0.019398 0.005189
v -0.004428 0.019449 0.005189
v -0.004448 0.019348 0.005189
v -0.004465 0.019299 0.005189
v -0.004749 0.019015 0.005189
v -0.004881 0.018797 0.005189
v -0.004659 0.019064 0.005189
v -0.004818 0.018992 0.005189
v -0.004950 0.018975 0.005189
v -0.004899 0.018978 0.005189
v -0.005001 0.018978 0.005189
v -0.004703 0.019037 0.005189
v -0.004428 0.019551 0.005189
v -0.004436 0.019602 0.005189
v -0.004425 0.019500 0.005189
v -0.004448 0.019652 0.005189
v -0.004465 0.019701 0.005189
v -0.004514 0.019791 0.005189
v -0.004487 0.019747 0.005189
v -0.004545 0.019833 0.005189
v -0.004579 0.019871 0.005189
v -0.004617 0.019905 0.005189
v -0.004659 0.019936 0.005189
v -0.004408 0.019931 0.005189
v -0.004703 0.019963 0.005189
v -0.004749 0.019985 0.005189
v -0.004834 0.020145 0.005214
v -0.004798 0.020002 0.005189
v -0.004848 0.020014 0.005189
v -0.004899 0.020022 0.005189
v -0.005052 0.018986 0.005189
v -0.005357 0.018945 0.005205
v -0.005197 0.019037 0.005189
v -0.005241 0.019064 0.005189
v -0.005102 0.018998 0.005189
v -0.005283 0.019095 0.005189
v -0.005151 0.019015 0.005189
v -0.005355 0.019167 0.005189
v -0.005321 0.019129 0.005189
v -0.005413 0.019253 0.005189
v -0.005386 0.019209 0.005189
v -0.005657 0.019489 0.005189
v -0.005435 0.019299 0.005189
v -0.005464 0.019398 0.005189
v -0.005452 0.019348 0.005189
v -0.005475 0.019500 0.005189
v -0.005472 0.019449 0.005189
v -0.005102 0.020002 0.005189
v -0.005151 0.019985 0.005189
v -0.005001 0.020022 0.005189
v -0.005052 0.020014 0.005189
v -0.005283 0.019905 0.005189
v -0.005197 0.019963 0.005189
v -0.005241 0.019936 0.005189
v -0.004950 0.020024 0.005189
v -0.005321 0.019871 0.005189
v -0.005452 0.019652 0.005189
v -0.005464 0.019602 0.005189
v -0.005413 0.019747 0.005189
v -0.005435 0.019701 0.005189
v -0.005472 0.019551 0.005189
v -0.005355 0.019833 0.005189
v -0.005386 0.019791 0.005189
v -0.004398 0.018910 0.008259
v -0.004153 0.019704 0.007295
v -0.004786 0.020306 0.008653
v -0.005089 0.018723 0.008600
v -0.004514 0.019209 0.009081
v -0.004465 0.019299 0.009081
v -0.004579 0.019129 0.009081
v -0.004545 0.019167 0.009081
v -0.004487 0.019253 0.009081
v -0.004436 0.019398 0.009081
v -0.004428 0.019449 0.009081
v -0.004448 0.019348 0.009081
v -0.004157 0.019610 0.008577
v -0.004749 0.019015 0.009081
v -0.004659 0.019064 0.009081
v -0.004899 0.018978 0.009081
v -0.004848 0.018986 0.009081
v -0.004950 0.018975 0.009081
v -0.005001 0.018978 0.009081
v -0.004703 0.019037 0.009081
v -0.004617 0.019095 0.009081
v -0.004744 0.018822 0.009081
v -0.004428 0.019551 0.009081
v -0.004425 0.019500 0.009081
v -0.004436 0.019602 0.009081
v -0.004448 0.019652 0.009081
v -0.004465 0.019701 0.009081
v -0.004397 0.019968 0.009081
v -0.004487 0.019747 0.009081
v -0.004545 0.019833 0.009081
v -0.004617 0.019905 0.009081
v -0.004514 0.019791 0.009081
v -0.004579 0.019871 0.009081
v -0.004703 0.019963 0.009081
v -0.004659 0.019936 0.009081
v -0.004798 0.020002 0.009081
v -0.004749 0.019985 0.009081
v -0.004899 0.020022 0.009081
v -0.004848 0.020014 0.009081
v -0.005052 0.018986 0.009081
v -0.005102 0.018998 0.009081
v -0.005151 0.019015 0.009081
v -0.005241 0.019064 0.009081
v -0.005197 0.019037 0.009081
v -0.005283 0.019095 0.009081
v -0.005321 0.019129 0.009081
v -0.005355 0.019167 0.009081
v -0.005386 0.019209 0.009081
v -0.005435 0.019299 0.009081
v -0.005413 0.019253 0.009081
v -0.005452 0.019348 0.009081
v -0.005464 0.019398 0.009081
v -0.005472 0.019449 0.009081
v -0.005475 0.019500 0.009081
v -0.005151 0.019985 0.009081
v -0.005102 0.020002 0.009081
v -0.005052 0.020014 0.009081
v -0.005001 0.020022 0.009081
v -0.005283 0.019905 0.009081
v -0.005241 0.019936 0.009081
v -0.005197 0.019963 0.009081
v -0.005592 0.019968 0.008662
v -0.004950 0.020024 0.009081
v -0.005321 0.019871 0.009081
v -0.005464 0.019602 0.009081
v -0.005452 0.019652 0.009081
v -0.005435 0.019701 0.009081
v -0.005413 0.019747 0.009081
v -0.005714 0.019281 0.008831
v -0.005472 0.019551 0.009081
v -0.005355 0.019833 0.009081
v -0.005386 0.019791 0.009081
v -0.004273 0.019425 0.005208
v -0.004601 0.020167 0.007139
v -0.004912 0.020133 0.005210
v -0.005388 0.019965 0.005220
v -0.005831 0.019404 0.007323
v -0.002514 0.019209 0.005189
v -0.002487 0.019253 0.005189
v -0.002392 0.019072 0.005189
v -0.002545 0.019167 0.005189
v -0.002579 0.019129 0.005189
v -0.002617 0.019095 0.005189
v -0.002436 0.019398 0.005189
v -0.002428 0.019449 0.005189
v -0.002448 0.019348 0.005189
v -0.002465 0.019299 0.005189
v -0.002749 0.019015 0.005189
v -0.002727 0.018847 0.005189
v -0.002703 0.019037 0.005189
v -0.002798 0.018998 0.005189
v -0.003069 0.018824 0.005195
v -0.002950 0.018975 0.005189
v -0.002848 0.018986 0.005189
v -0.002899 0.018978 0.005189
v -0.003001 0.018978 0.005189
v -0.002659 0.019064 0.005189
v -0.002428 0.019551 0.005189
v -0.002436 0.019602 0.005189
v -0.002425 0.019500 0.005189
v -0.002448 0.019652 0.005189
v -0.002465 0.019701 0.005189
v -0.002514 0.019791 0.005189
v -0.002254 0.019558 0.005189
v -0.002487 0.019747 0.005189
v -0.002545 0.019833 0.005189
v -0.002579 0.019871 0.005189
v -0.002617 0.019905 0.005189
v -0.002659 0.019936 0.005189
v -0.002703 0.019963 0.005189
v -0.002749 0.019985 0.005189
v -0.002470 0.020013 0.005189
v -0.002798 0.020002 0.005189
v -0.002848 0.020014 0.005189
v -0.002899 0.020022 0.005189
v -0.003052 0.018986 0.005189
v -0.003197 0.019037 0.005189
v -0.003241 0.019064 0.005189
v -0.003102 0.018998 0.005189
v -0.003283 0.019095 0.005189
v -0.003151 0.019015 0.005189
v -0.003599 0.019219 0.005189
v -0.003355 0.019167 0.005189
v -0.003321 0.019129 0.005189
v -0.003413 0.019253 0.005189
v -0.003386 0.019209 0.005189
v -0.003435 0.019299 0.005189
v -0.003452 0.019348 0.005189
v -0.003464 0.019398 0.005189
v -0.003475 0.019500 0.005189
v -0.003472 0.019449 0.005189
v -0.003472 0.019551 0.005189
v -0.003102 0.020002 0.005189
v -0.003151 0.019985 0.005189
v -0.002985 0.020204 0.005189
v -0.003001 0.020022 0.005189
v -0.003052 0.020014 0.005189
v -0.003283 0.019905 0.005189
v -0.003263 0.020000 0.005230
v -0.003197 0.019963 0.005189
v -0.003241 0.019936 0.005189
v -0.002950 0.020024 0.005189
v -0.003321 0.019871 0.005189
v -0.003452 0.019652 0.005189
v -0.003464 0.019602 0.005189
v -0.003413 0.019747 0.005189
v -0.003435 0.019701 0.005189
v -0.003355 0.019833 0.005189
v -0.003386 0.019791 0.005189
v -0.003583 0.019799 0.005676
v -0.002535 0.020253 0.007643
v -0.002513 0.020169 0.008729
v -0.002485 0.018858 0.008716
v -0.003808 0.019826 0.008614
v -0.003040 0.018719 0.008622
v -0.003494 0.018971 0.008892
v -0.002514 0.019209 0.009081
v -0.002465 0.019299 0.009081
v -0.002579 0.019129 0.009081
v -0.002545 0.019167 0.009081
v -0.002487 0.019253 0.009081
v -0.002436 0.019398 0.009081
v -0.002428 0.019449 0.009081
v -0.002448 0.019348 0.009081
v -0.002172 0.019484 0.008793
v -0.002749 0.019015 0.009081
v -0.002659 0.019064 0.009081
v -0.002899 0.018978 0.009081
v -0.002848 0.018986 0.009081
v -0.002950 0.018975 0.009081
v -0.003001 0.018978 0.009081
v -0.002703 0.019037 0.009081
v -0.002617 0.019095 0.009081
v -0.002798 0.018998 0.009081
v -0.002428 0.019551 0.009081
v -0.002425 0.019500 0.009081
v -0.002436 0.019602 0.009081
v -0.002448 0.019652 0.009081
v -0.002465 0.019701 0.009081
v -0.002487 0.019747 0.009081
v -0.002545 0.019833 0.009081
v -0.002617 0.019905 0.009081
v -0.002514 0.019791 0.009081
v -0.002579 0.019871 0.009081
v -0.002703 0.019963 0.009081
v -0.002659 0.019936 0.009081
v -0.002798 0.020002 0.009081
v -0.002749 0.019985 0.009081
v -0.002899 0.020022 0.009081
v -0.002848 0.020014 0.009081
v -0.003052 0.018986 0.009081
v -0.003102 0.018998 0.009081
v -0.003151 0.019015 0.009081
v -0.003241 0.019064 0.009081
v -0.003197 0.019037 0.009081
v -0.003283 0.019095 0.009081
v -0.003321 0.019129 0.009081
v -0.003355 0.019167 0.009081
v -0.003386 0.019209 0.009081
v -0.003435 0.019299 0.009081
v -0.003413 0.019253 0.009081
v -0.003452 0.019348 0.009081
v -0.003464 0.019398 0.009081
v -0.003472 0.019449 0.009081
v -0.003472 0.019551 0.009081
v -0.003475 0.019500 0.009081
v -0.003151 0.019985 0.009081
v -0.003102 0.020002 0.009081
v -0.003052 0.020014 0.009081
v -0.003001 0.020022 0.009081
v -0.003283 0.019905 0.009081
v -0.003241 0.019936 0.009081
v -0.003197 0.019963 0.009081
v -0.003248 0.020156 0.009081
v -0.002950 0.020024 0.009081
v -0.003321 0.019871 0.009081
v -0.003464 0.019602 0.009081
v -0.003452 0.019652 0.009081
v -0.003435 0.019701 0.009081
v -0.003413 0.019747 0.009081
v -0.003386 0.019791 0.009081
v -0.003355 0.019833 0.009081
v -0.003100 0.018639 0.006885
v 0.001276 0.019973 0.005189
v 0.001229 0.019993 0.005189
v 0.001322 0.019949 0.005189
v 0.001364 0.019920 0.005189
v 0.001404 0.019887 0.005189
v 0.001078 0.020024 0.005189
v 0.001129 0.020019 0.005189
v 0.001180 0.020008 0.005189
v 0.001501 0.019768 0.005189
v 0.001473 0.019811 0.005189
v 0.001525 0.019722 0.005189
v 0.001569 0.019575 0.005189
v 0.001545 0.019675 0.005189
v 0.001559 0.019625 0.005189
v 0.001711 0.019272 0.005189
v 0.001574 0.019524 0.005189
v 0.001440 0.019851 0.005189
v 0.000975 0.020019 0.005189
v 0.001026 0.020024 0.005189
v 0.001063 0.020195 0.005189
v 0.000925 0.020009 0.005189
v 0.000875 0.019995 0.005189
v 0.000828 0.019975 0.005189
v 0.000782 0.019951 0.005189
v 0.000739 0.019923 0.005189
v 0.000699 0.019890 0.005189
v 0.000663 0.019854 0.005189
v 0.000630 0.019814 0.005189
v 0.000601 0.019772 0.005189
v 0.000577 0.019726 0.005189
v 0.000557 0.019679 0.005189
v 0.000542 0.019630 0.005189
v 0.000531 0.019579 0.005189
v 0.000424 0.019811 0.005189
v 0.000526 0.019528 0.005189
v 0.000526 0.019476 0.005189
v 0.001574 0.019472 0.005189
v 0.001568 0.019421 0.005189
v 0.001543 0.019321 0.005189
v 0.001523 0.019274 0.005189
v 0.001558 0.019370 0.005189
v 0.001499 0.019228 0.005189
v 0.001470 0.019186 0.005189
v 0.001401 0.019110 0.005189
v 0.001437 0.019146 0.005189
v 0.001416 0.018905 0.005189
v 0.001318 0.019049 0.005189
v 0.001361 0.019077 0.005189
v 0.001272 0.019025 0.005189
v 0.001225 0.019005 0.005189
v 0.001125 0.018981 0.005189
v 0.001175 0.018991 0.005189
v 0.000979 0.018807 0.005189
v 0.001074 0.018976 0.005189
v 0.001022 0.018976 0.005189
v 0.000555 0.019325 0.005189
v 0.000575 0.019278 0.005189
v 0.000366 0.019378 0.005189
v 0.000531 0.019425 0.005189
v 0.000541 0.019375 0.005189
v 0.000660 0.019149 0.005189
v 0.000599 0.019232 0.005189
v 0.000627 0.019189 0.005189
v 0.000696 0.019113 0.005189
v 0.000920 0.018992 0.005189
v 0.000971 0.018981 0.005189
v 0.000679 0.018910 0.005199
v 0.000824 0.019027 0.005189
v 0.000871 0.019007 0.005189
v 0.000736 0.019080 0.005189
v 0.000778 0.019051 0.005189
v 0.001925 0.019477 0.008610
v 0.001277 0.020248 0.008784
v 0.001562 0.018840 0.008522
v 0.000216 0.019397 0.008584
v 0.000729 0.018798 0.008666
v 0.001276 0.019973 0.009081
v 0.001229 0.019993 0.009081
v 0.001322 0.019949 0.009081
v 0.001440 0.019851 0.009081
v 0.001364 0.019920 0.009081
v 0.001404 0.019887 0.009081
v 0.001129 0.020019 0.009081
v 0.001078 0.020024 0.009081
v 0.001180 0.020008 0.009081
v 0.001525 0.019722 0.009081
v 0.001545 0.019675 0.009081
v 0.001696 0.019814 0.009081
v 0.001569 0.019575 0.009081
v 0.001574 0.019524 0.009081
v 0.001559 0.019625 0.009081
v 0.001473 0.019811 0.009081
v 0.001501 0.019768 0.009081
v 0.000975 0.020019 0.009081
v 0.001026 0.020024 0.009081
v 0.000925 0.020009 0.009081
v 0.000875 0.019995 0.009081
v 0.000828 0.019975 0.009081
v 0.000782 0.019951 0.009081
v 0.000739 0.019923 0.009081
v 0.000663 0.019854 0.009081
v 0.000630 0.019814 0.009081
v 0.000564 0.020013 0.009081
v 0.000577 0.019726 0.009081
v 0.000601 0.019772 0.009081
v 0.000542 0.019630 0.009081
v 0.000557 0.019679 0.009081
v 0.000526 0.019528 0.009081
v 0.000531 0.019579 0.009081
v 0.000526 0.019476 0.009081
v 0.001568 0.019421 0.009081
v 0.001574 0.019472 0.009081
v 0.001558 0.019370 0.009081
v 0.001523 0.019274 0.009081
v 0.001543 0.019321 0.009081
v 0.001499 0.019228 0.009081
v 0.001470 0.019186 0.009081
v 0.001437 0.019146 0.009081
v 0.001401 0.019110 0.009081
v 0.001361 0.019077 0.009081
v 0.001318 0.019049 0.009081
v 0.001272 0.019025 0.009081
v 0.001225 0.019005 0.009081
v 0.001175 0.018991 0.009081
v 0.001125 0.018981 0.009081
v 0.001022 0.018976 0.009081
v 0.001074 0.018976 0.009081
v 0.000599 0.019232 0.009081
v 0.000575 0.019278 0.009081
v 0.000555 0.019325 0.009081
v 0.000541 0.019375 0.009081
v 0.000696 0.019113 0.009081
v 0.000660 0.019149 0.009081
v 0.000627 0.019189 0.009081
v 0.000531 0.019425 0.009081
v 0.000736 0.019080 0.009081
v 0.000971 0.018981 0.009081
v 0.000920 0.018992 0.009081
v 0.000871 0.019007 0.009081
v 0.000824 0.019027 0.009081
v 0.000778 0.019051 0.009081
v 0.001617 0.019796 0.005207
v 0.001412 0.020010 0.005227
v 0.000957 0.019613 0.007236
v 0.000754 0.020035 0.005232
v 0.001012 0.019095 0.004498
v 0.000645 0.019538 0.004498
v 0.000651 0.019575 0.004498
v 0.000651 0.019576 0.004498
v 0.000934 0.019111 0.004498
v 0.000860 0.019141 0.004498
v 0.000794 0.019200 0.004356
v 0.001088 0.019905 0.004498
v 0.001048 0.019906 0.004498
v 0.001008 0.019904 0.004498
v 0.000969 0.019898 0.004498
v 0.000650 0.019573 0.004498
v 0.000651 0.019574 0.004498
v 0.000930 0.019888 0.004498
v 0.000893 0.019875 0.004498
v 0.000857 0.019858 0.004498
v 0.000823 0.019837 0.004498
v 0.000737 0.019241 0.004498
v 0.000675 0.019343 0.004498
v 0.000662 0.019380 0.004498
v 0.000698 0.019305 0.004415
v 0.000692 0.019307 0.004498
v 0.000652 0.019419 0.004498
v 0.000646 0.019458 0.004498
v 0.000644 0.019498 0.004498
v 0.000791 0.019813 0.004498
v 0.000761 0.019786 0.004498
v 0.000735 0.019757 0.004498
v 0.000711 0.019724 0.004498
v 0.000691 0.019690 0.004498
v 0.000650 0.019568 0.004498
v 0.000674 0.019654 0.004498
v 0.000983 0.019105 0.004401
v 0.000879 0.019139 0.004401
v 0.000661 0.019616 0.004498
v 0.000651 0.019578 0.004498
v 0.000648 0.019558 0.004498
v 0.000567 0.019717 0.007499
v 0.001455 0.019462 0.004498
v 0.001449 0.019422 0.004498
v 0.001439 0.019384 0.004498
v 0.001409 0.019310 0.004498
v 0.001389 0.019276 0.004498
v 0.001365 0.019243 0.004498
v 0.001339 0.019214 0.004498
v 0.001456 0.019502 0.004498
v 0.001448 0.019581 0.004498
v 0.001454 0.019541 0.004498
v 0.001438 0.019620 0.004498
v 0.001425 0.019657 0.004498
v 0.001387 0.019727 0.004498
v 0.001408 0.019693 0.004498
v 0.001363 0.019759 0.004498
v 0.001456 0.019497 0.004498
v 0.001456 0.019498 0.004498
v 0.001277 0.019163 0.004498
v 0.001243 0.019142 0.004498
v 0.001170 0.019112 0.004498
v 0.001131 0.019102 0.004498
v 0.001052 0.019094 0.004498
v 0.001336 0.019789 0.004498
v 0.001307 0.019815 0.004498
v 0.001274 0.019839 0.004498
v 0.001240 0.019859 0.004498
v 0.001204 0.019876 0.004498
v 0.001166 0.019889 0.004498
v 0.001456 0.019500 0.004498
v 0.001434 0.019369 0.004426
v 0.001030 0.019645 0.003888
v 0.001319 0.019199 0.004435
v 0.001128 0.019899 0.004498
v 0.001456 0.019499 0.004498
v 0.001213 0.019140 0.004374
v 0.001125 0.019117 0.004349
v 0.001456 0.019492 0.004498
v 0.001455 0.019482 0.004498
v 0.001008 0.019904 0.007074
v 0.001048 0.019906 0.007074
v 0.000930 0.019888 0.007074
v 0.000857 0.019858 0.007074
v 0.000893 0.019875 0.007074
v 0.000969 0.019898 0.007074
v 0.000711 0.019724 0.007074
v 0.000735 0.019757 0.007074
v 0.000674 0.019654 0.007074
v 0.000691 0.019690 0.007074
v 0.000661 0.019616 0.007074
v 0.000651 0.019578 0.007074
v 0.000823 0.019837 0.007074
v 0.001088 0.019905 0.007074
v 0.000761 0.019786 0.007074
v 0.000791 0.019813 0.007074
v 0.001012 0.019095 0.007074
v 0.000972 0.019101 0.007074
v 0.000644 0.019498 0.007074
v 0.000652 0.019419 0.007074
v 0.000646 0.019458 0.007074
v 0.000675 0.019343 0.007074
v 0.000713 0.019273 0.007074
v 0.000692 0.019307 0.007074
v 0.000662 0.019380 0.007074
v 0.000764 0.019211 0.007074
v 0.000826 0.019161 0.007074
v 0.000896 0.019124 0.007074
v 0.000645 0.019538 0.007074
v 0.000860 0.019141 0.007074
v 0.000934 0.019111 0.007074
v 0.000688 0.019054 0.007257
v 0.000662 0.019214 0.007117
v 0.000732 0.019930 0.007420
v 0.001031 0.020052 0.007351
v 0.001583 0.019681 0.007326
v 0.001134 0.019017 0.007120
v 0.001270 0.018962 0.007418
v 0.001389 0.019889 0.007126
v 0.001052 0.019094 0.007074
v 0.001091 0.019096 0.007074
v 0.001170 0.019112 0.007074
v 0.001207 0.019125 0.007074
v 0.001243 0.019142 0.007074
v 0.001277 0.019163 0.007074
v 0.001309 0.019187 0.007074
v 0.001389 0.019276 0.007074
v 0.001409 0.019310 0.007074
v 0.001426 0.019346 0.007074
v 0.001339 0.019214 0.007074
v 0.001365 0.019243 0.007074
v 0.001439 0.019384 0.007074
v 0.001449 0.019422 0.007074
v 0.001455 0.019462 0.007074
v 0.001425 0.019657 0.007074
v 0.001408 0.019693 0.007074
v 0.001448 0.019581 0.007074
v 0.001438 0.019620 0.007074
v 0.001454 0.019541 0.007074
v 0.001456 0.019502 0.007074
v 0.001387 0.019727 0.007074
v 0.001363 0.019759 0.007074
v 0.001166 0.019889 0.007074
v 0.001128 0.019899 0.007074
v 0.001204 0.019876 0.007074
v 0.001307 0.019815 0.007074
v 0.001274 0.019839 0.007074
v 0.001240 0.019859 0.007074
v 0.001336 0.019789 0.007074
v 0.001047 0.019683 0.006537
v 0.001008 0.019712 0.006681
v 0.000967 0.019699 0.006681
v 0.001008 0.019288 0.006681
v 0.000967 0.019301 0.006681
v 0.000930 0.019680 0.006681
v 0.001050 0.019284 0.006681
v 0.000897 0.019347 0.006681
v 0.000870 0.019380 0.006681
v 0.000930 0.019320 0.006681
v 0.000897 0.019653 0.006681
v 0.000870 0.019620 0.006681
v 0.000838 0.019458 0.006681
v 0.000834 0.019500 0.006681
v 0.000851 0.019417 0.006681
v 0.000851 0.019583 0.006681
v 0.000838 0.019542 0.006681
v 0.001273 0.019277 0.008970
v 0.001266 0.019500 0.006681
v 0.001262 0.019458 0.006681
v 0.001249 0.019417 0.006681
v 0.001229 0.019380 0.006681
v 0.001249 0.019583 0.006681
v 0.001262 0.019542 0.006681
v 0.001229 0.019620 0.006681
v 0.001203 0.019347 0.006681
v 0.001170 0.019320 0.006681
v 0.001133 0.019301 0.006681
v 0.001092 0.019288 0.006681
v 0.001203 0.019653 0.006681
v 0.001170 0.019680 0.006681
v 0.001133 0.019699 0.006681
v 0.001092 0.019712 0.006681
v 0.001050 0.019495 0.006336
v 0.001249 0.019583 0.008421
v 0.001262 0.019542 0.008421
v 0.001203 0.019653 0.008421
v 0.001133 0.019699 0.008421
v 0.001170 0.019680 0.008421
v 0.001229 0.019620 0.008421
v 0.001266 0.019500 0.008421
v 0.001092 0.019712 0.008421
v 0.000834 0.019500 0.008421
v 0.000838 0.019542 0.008421
v 0.001050 0.019716 0.008421
v 0.001008 0.019712 0.008421
v 0.000930 0.019680 0.008421
v 0.000870 0.019620 0.008421
v 0.000897 0.019653 0.008421
v 0.000967 0.019699 0.008421
v 0.000851 0.019583 0.008421
v 0.000455 0.019552 0.008737
v 0.001132 0.020065 0.008749
v 0.000838 0.019458 0.008421
v 0.000851 0.019417 0.008421
v 0.000870 0.019380 0.008421
v 0.000897 0.019347 0.008421
v 0.000930 0.019320 0.008421
v 0.000967 0.019301 0.008421
v 0.001008 0.019288 0.008421
v 0.001050 0.019284 0.008421
v 0.001092 0.019288 0.008421
v 0.001133 0.019301 0.008421
v 0.001170 0.019320 0.008421
v 0.001249 0.019417 0.008421
v 0.001262 0.019458 0.008421
v 0.001229 0.019380 0.008421
v 0.001203 0.019347 0.008421
v 0.001081 0.019146 0.004942
v 0.001063 0.019855 0.008321
v 0.000824 0.019225 0.008209
v 0.000724 0.019636 0.008266
v 0.000694 0.019500 0.008249
v 0.001057 0.019145 0.008176
v 0.001326 0.019295 0.008135
v 0.001383 0.019592 0.007810
v 0.001283 0.019768 0.007783
v 0.001225 0.019190 0.007870
v 0.001201 0.019179 0.007873
v 0.001178 0.019168 0.007876
v 0.001431 0.019693 0.008300
v 0.001216 0.019815 0.008342
v 0.001116 0.019849 0.008328
v 0.001124 0.019847 0.008329
v 0.001167 0.019836 0.008335
v 0.000698 0.019448 0.008242
v 0.000729 0.019346 0.008228
v 0.000710 0.019396 0.008235
v 0.001213 0.019816 0.008342
v 0.000712 0.019391 0.008234
v 0.000939 0.019835 0.008021
v 0.000610 0.019554 0.007921
v 0.001391 0.019400 0.007550
v 0.001402 0.019449 0.007544
v 0.001397 0.019426 0.007547
v 0.001403 0.019470 0.007542
v 0.001270 0.019148 0.007219
v 0.001073 0.019845 0.007185
v 0.000817 0.019231 0.007072
v 0.000712 0.019246 0.007022
v 0.001252 0.019133 0.007521
v 0.001406 0.019500 0.007538
v 0.001494 0.019471 0.007489
v 0.000632 0.019587 0.007335
v 0.001374 0.019766 0.007171
v 0.001127 0.019809 0.006868
v 0.000960 0.019100 0.006993
v 0.001213 0.019857 0.008321
v 0.000919 0.019895 0.008249
v 0.000711 0.019737 0.008211
v 0.000645 0.019554 0.008211
v 0.001260 0.019127 0.008094
v 0.001470 0.019469 0.008056
v 0.001409 0.019700 0.007753
v 0.000688 0.019277 0.007608
v 0.000826 0.019140 0.008134
v 0.000900 0.019889 0.007396
v 0.000646 0.019598 0.007062
v 0.000698 0.019551 0.006833
v 0.000703 0.019574 0.006836
v 0.000709 0.019600 0.006839
v 0.000697 0.019530 0.006830
v 0.000811 0.019153 0.006712
v 0.001465 0.019597 0.006612
v 0.001283 0.019769 0.006361
v 0.001001 0.019149 0.006477
v 0.001358 0.019334 0.006137
v 0.000694 0.019499 0.006827
v 0.001253 0.019791 0.006072
v 0.001275 0.019776 0.006075
v 0.001233 0.019805 0.006069
v 0.000930 0.019835 0.006028
v 0.000793 0.019256 0.005938
v 0.001462 0.019474 0.005792
v 0.000818 0.019231 0.005649
v 0.001082 0.019845 0.005764
v 0.000777 0.019721 0.005719
v 0.000779 0.019699 0.005433
v 0.001044 0.019153 0.005333
v 0.001459 0.019438 0.005201
v 0.000868 0.019195 0.005357
v 0.000847 0.019209 0.005361
v 0.000826 0.019224 0.005364
v 0.001404 0.019516 0.005260
v 0.001405 0.019481 0.005264
v 0.001355 0.019684 0.005237
v 0.001399 0.019563 0.005254
v 0.001404 0.019533 0.005258
v 0.001004 0.019914 0.005124
v 0.001370 0.019653 0.005241
v 0.001387 0.019609 0.005247
v 0.001395 0.019585 0.005251
v 0.001378 0.019636 0.005244
v 0.000842 0.019866 0.006814
v 0.000713 0.019757 0.006241
v 0.000629 0.019424 0.005904
v 0.001070 0.019074 0.006420
v 0.001432 0.019315 0.006348
v 0.000747 0.019784 0.005938
v 0.000697 0.019258 0.005623
v 0.001098 0.019075 0.005530
v 0.001495 0.019575 0.005489
v 0.001198 0.019889 0.007700
v 0.000695 0.019720 0.007662
v 0.001368 0.019596 0.008337
v 0.001083 0.019910 0.008249
v 0.001116 0.019849 0.008226
v 0.001238 0.019801 0.008244
v 0.000710 0.019430 0.008138
v 0.001385 0.019382 0.008020
v 0.001398 0.019429 0.008014
v 0.001345 0.019653 0.007983
v 0.001447 0.019353 0.007755
v 0.000960 0.019877 0.007670
v 0.000661 0.019501 0.007590
v 0.001319 0.019733 0.007688
v 0.001241 0.019874 0.007418
v 0.001473 0.019445 0.007191
v 0.001449 0.019337 0.006927
v 0.001129 0.019101 0.008371
v 0.001452 0.019303 0.008351
v 0.000659 0.019374 0.008177
v 0.001350 0.019801 0.007998
v 0.000954 0.019917 0.007966
v 0.000883 0.019858 0.007925
v 0.000696 0.019531 0.007582
v 0.000695 0.019518 0.007581
v 0.000695 0.019484 0.007576
v 0.000704 0.019581 0.007588
v 0.000802 0.019245 0.007542
v 0.000695 0.019479 0.007576
v 0.000885 0.019185 0.007529
v 0.000871 0.019176 0.007531
v 0.001011 0.019151 0.007512
v 0.000841 0.019213 0.007536
v 0.001202 0.019109 0.007817
v 0.001283 0.019768 0.007682
v 0.000812 0.019236 0.007540
v 0.001021 0.019089 0.007572
v 0.001095 0.019851 0.007086
v 0.000819 0.019133 0.007288
v 0.000936 0.019925 0.007105
v 0.000729 0.019478 0.007051
v 0.001346 0.019695 0.006840
v 0.001174 0.019899 0.006860
v 0.001259 0.019788 0.006824
v 0.000798 0.019741 0.006759
v 0.001244 0.019205 0.006627
v 0.001405 0.019506 0.006582
v 0.001025 0.019854 0.006508
v 0.001409 0.019707 0.006883
v 0.000621 0.019505 0.006759
v 0.001315 0.019138 0.006663
v 0.001139 0.019922 0.006567
v 0.000615 0.019345 0.006452
v 0.001016 0.019914 0.006245
v 0.001074 0.019935 0.005988
v 0.001231 0.019128 0.006093
v 0.001295 0.019849 0.006002
v 0.000621 0.019586 0.005636
v 0.000964 0.019920 0.005672
v 0.001236 0.019107 0.005248
v 0.001279 0.019848 0.005158
v 0.000867 0.019105 0.005013
v 0.000735 0.019299 0.004992
v 0.000775 0.019804 0.006501
v 0.001380 0.019782 0.006310
v 0.000863 0.019198 0.006110
v 0.000908 0.019103 0.006148
v 0.000701 0.019570 0.005880
v 0.001304 0.019253 0.005764
v 0.001404 0.019486 0.005731
v 0.001405 0.019519 0.005727
v 0.000648 0.019362 0.006182
v 0.001476 0.019434 0.006058
v 0.000686 0.019600 0.005885
v 0.000948 0.019076 0.005842
v 0.001343 0.019195 0.005806
v 0.001389 0.019756 0.005748
v 0.001112 0.019150 0.005507
v 0.001161 0.019162 0.005501
v 0.001137 0.019156 0.005504
v 0.001389 0.019214 0.005521
v 0.001213 0.019816 0.005395
v 0.001236 0.019802 0.005399
v 0.001100 0.019849 0.005380
v 0.001367 0.019617 0.005144
v 0.000630 0.019545 0.005065
v 0.001146 0.019903 0.005431
v 0.000754 0.019828 0.005362
v 0.000640 0.019433 0.005349
v 0.000835 0.019143 0.005280
v 0.001440 0.019642 0.005192
v 0.000780 0.019810 0.005076
v 0.000845 0.019789 0.008191
v 0.001374 0.019459 0.008078
v 0.001398 0.019425 0.008014
v 0.001288 0.019764 0.007682
v 0.000702 0.019575 0.007588
v 0.001228 0.019778 0.007736
v 0.001351 0.019319 0.008313
v 0.001298 0.019749 0.008265
v 0.001069 0.019145 0.008073
v 0.000696 0.019444 0.007570
v 0.000780 0.019268 0.007546
v 0.001367 0.019548 0.007489
v 0.000737 0.019390 0.007338
v 0.001320 0.019276 0.007183
v 0.001384 0.019594 0.007139
v 0.000717 0.019407 0.006997
v 0.000769 0.019340 0.007613
v 0.001210 0.019816 0.007386
v 0.000779 0.019651 0.007373
v 0.000797 0.019727 0.007327
v 0.000748 0.019356 0.007274
v 0.001005 0.019852 0.007359
v 0.000831 0.019774 0.007050
v 0.001365 0.019586 0.006917
v 0.001165 0.019811 0.008326
v 0.000729 0.019433 0.008154
v 0.001230 0.019773 0.008019
v 0.000720 0.019501 0.007905
v 0.000893 0.019115 0.007833
v 0.000881 0.019232 0.007882
v 0.001189 0.019197 0.007826
v 0.000800 0.019734 0.007687
v 0.001310 0.019317 0.008380
v 0.000854 0.019249 0.008154
v 0.000859 0.019771 0.007964
v 0.000727 0.019601 0.007613
v 0.001032 0.019178 0.007561
v 0.001284 0.019287 0.007527
v 0.000914 0.019213 0.007309
v 0.000956 0.019186 0.007008
v 0.001159 0.019162 0.008448
v 0.001159 0.019199 0.006696
v 0.001358 0.019509 0.006358
v 0.000703 0.019446 0.006718
v 0.000814 0.019766 0.006479
v 0.001302 0.019263 0.006332
v 0.001354 0.019679 0.006273
v 0.001067 0.019854 0.006229
v 0.001038 0.019145 0.006086
v 0.000737 0.019561 0.005948
v 0.000713 0.019491 0.005879
v 0.000704 0.019428 0.005862
v 0.001133 0.019154 0.005505
v 0.000882 0.019234 0.005594
v 0.001033 0.019146 0.005517
v 0.001286 0.019240 0.005482
v 0.001192 0.019795 0.006023
v 0.000863 0.019760 0.005970
v 0.001037 0.019149 0.005233
v 0.001288 0.019245 0.005197
v 0.001103 0.019852 0.005096
v 0.000696 0.019514 0.005020
v 0.000735 0.019335 0.004996
v 0.000890 0.019185 0.004968
v 0.001072 0.019177 0.005017
v 0.000898 0.019213 0.006740
v 0.001316 0.019684 0.006328
v 0.000815 0.019723 0.006237
v 0.001007 0.019823 0.005428
v 0.000958 0.019814 0.005140
v 0.001051 0.019837 0.008315
v 0.000814 0.019746 0.008242
v 0.000706 0.019480 0.008242
v 0.001170 0.019835 0.008336
v 0.000721 0.019365 0.008231
v 0.001369 0.019466 0.007790
v 0.001190 0.019160 0.006965
v 0.000894 0.019781 0.006820
v 0.000725 0.019521 0.006785
v 0.001234 0.019754 0.007444
v 0.000976 0.019818 0.007418
v 0.001237 0.019227 0.007260
v 0.001365 0.019566 0.007196
v 0.000881 0.019785 0.007107
v 0.000783 0.019294 0.007073
v 0.001343 0.019376 0.006673
v 0.001352 0.019625 0.006632
v 0.001062 0.019828 0.006574
v 0.000772 0.019280 0.008218
v 0.000890 0.019184 0.008199
v 0.000787 0.019738 0.007997
v 0.001392 0.019570 0.008097
v 0.000948 0.019160 0.007906
v 0.001404 0.019470 0.008111
v 0.000847 0.019208 0.008205
v 0.000899 0.019822 0.008300
v 0.000696 0.019530 0.008253
v 0.001148 0.019179 0.008126
v 0.001125 0.019848 0.008329
v 0.001078 0.019855 0.008323
v 0.000706 0.019561 0.007688
v 0.000780 0.019270 0.007647
v 0.001338 0.019307 0.007849
v 0.001398 0.019425 0.007547
v 0.001357 0.019654 0.007516
v 0.000700 0.019437 0.008241
v 0.000847 0.019208 0.007921
v 0.001201 0.019178 0.007873
v 0.001404 0.019470 0.007826
v 0.001253 0.019792 0.007779
v 0.001115 0.019151 0.007600
v 0.001404 0.019470 0.007542
v 0.000710 0.019400 0.007382
v 0.001312 0.019733 0.006935
v 0.000795 0.019744 0.006861
v 0.001078 0.019854 0.006616
v 0.001404 0.019470 0.007257
v 0.001214 0.019781 0.007155
v 0.000899 0.019822 0.007162
v 0.000847 0.019208 0.007067
v 0.000702 0.019575 0.006836
v 0.000696 0.019530 0.006830
v 0.001383 0.019422 0.006078
v 0.000738 0.019422 0.006202
v 0.001384 0.019416 0.005793
v 0.001020 0.019167 0.006153
v 0.001066 0.019816 0.006289
v 0.000764 0.019374 0.005916
v 0.000947 0.019177 0.005876
v 0.001187 0.019210 0.005259
v 0.001288 0.019722 0.005189
v 0.001304 0.019701 0.005479
v 0.001009 0.019827 0.005706
v 0.000719 0.019533 0.005648
v 0.001277 0.019228 0.005545
v 0.001372 0.019468 0.005218
v 0.000911 0.019202 0.005315
v 0.000743 0.019574 0.005093
v 0.001300 0.019751 0.006364
v 0.000743 0.019325 0.006518
v 0.000721 0.019575 0.006504
v 0.000847 0.019208 0.006498
v 0.001095 0.019129 0.006423
v 0.001297 0.019248 0.006436
v 0.001288 0.019764 0.006362
v 0.001253 0.019792 0.006356
v 0.001201 0.019178 0.006167
v 0.001122 0.019845 0.006053
v 0.001372 0.019634 0.006097
v 0.001253 0.019792 0.006072
v 0.000899 0.019822 0.006024
v 0.000883 0.019814 0.006022
v 0.001125 0.019157 0.005892
v 0.000800 0.019248 0.005652
v 0.000985 0.019845 0.005466
v 0.000873 0.019807 0.005167
v 0.001239 0.019200 0.005308
v 0.001282 0.019715 0.005738
v 0.000899 0.019822 0.005740
v 0.000812 0.019236 0.005650
v 0.000847 0.019208 0.005645
v 0.000899 0.019822 0.005455
v 0.000720 0.019553 0.005371
v 0.000847 0.019208 0.005361
v 0.001201 0.019178 0.005313
v 0.001400 0.019563 0.005254
v 0.001405 0.019516 0.005260
v 0.001388 0.019609 0.005247
v 0.001371 0.019653 0.005241
v 0.000696 0.019530 0.005123
v 0.000824 0.019253 0.005040
v 0.001374 0.019360 0.008409
v 0.001390 0.019565 0.008382
v 0.001279 0.019771 0.008352
v 0.000949 0.019838 0.008307
v 0.000804 0.019756 0.008285
v 0.001245 0.019786 0.008062
v 0.000732 0.019637 0.007982
v 0.000749 0.019338 0.007942
v 0.001118 0.019834 0.007760
v 0.001319 0.019277 0.007569
v 0.001110 0.019850 0.007474
v 0.000765 0.019650 0.007417
v 0.000762 0.019299 0.007367
v 0.000884 0.019189 0.007347
v 0.001154 0.019169 0.007310
v 0.001304 0.019252 0.007288
v 0.001393 0.019419 0.007263
v 0.001350 0.019669 0.007230
v 0.000803 0.019752 0.007147
v 0.000702 0.019431 0.007102
v 0.000929 0.019167 0.007056
v 0.001085 0.019147 0.007035
v 0.001383 0.019384 0.006983
v 0.000984 0.019849 0.006889
v 0.000740 0.019351 0.006806
v 0.000973 0.019167 0.006765
v 0.001385 0.019400 0.006697
v 0.001379 0.019635 0.006666
v 0.001255 0.019770 0.006642
v 0.000843 0.019743 0.006581
v 0.001364 0.019641 0.006380
v 0.001067 0.019837 0.006331
v 0.000715 0.019603 0.006271
v 0.000816 0.019240 0.006219
v 0.001025 0.019148 0.006189
v 0.000758 0.019691 0.005999
v 0.000701 0.019480 0.005970
v 0.000930 0.019166 0.005918
v 0.001352 0.019642 0.005811
v 0.000720 0.019387 0.005673
v 0.001028 0.019169 0.005620
v 0.001397 0.019535 0.005542
v 0.001275 0.019769 0.005506
v 0.000735 0.019362 0.005385
v 0.001368 0.019347 0.005282
v 0.001307 0.019744 0.005227
v 0.001024 0.019854 0.005187
v 0.000730 0.019649 0.005139
v 0.000761 0.019307 0.005092
v 0.001081 0.019146 0.005044
v 0.000795 0.019747 0.005053
v 0.001227 0.019807 0.005113
v 0.000703 0.019433 0.005294
v 0.000791 0.019729 0.005335
v 0.001394 0.019568 0.005436
v 0.000826 0.019250 0.005549
v 0.000809 0.019744 0.005623
v 0.001168 0.019831 0.005673
v 0.001372 0.019639 0.005710
v 0.000897 0.019183 0.005821
v 0.000903 0.019815 0.005923
v 0.001389 0.019572 0.006004
v 0.001304 0.019263 0.006047
v 0.000706 0.019439 0.006148
v 0.000802 0.019745 0.006191
v 0.001224 0.019808 0.006250
v 0.001405 0.019491 0.006299
v 0.000939 0.019169 0.006384
v 0.000723 0.019390 0.006425
v 0.000734 0.019662 0.006461
v 0.001314 0.019735 0.006549
v 0.000996 0.019159 0.006661
v 0.001101 0.019849 0.006802
v 0.001394 0.019547 0.006861
v 0.000880 0.019193 0.006961
v 0.000989 0.019154 0.007230
v 0.001398 0.019552 0.007429
v 0.001277 0.019226 0.007476
v 0.000732 0.019353 0.007558
v 0.000848 0.019793 0.007622
v 0.001383 0.019622 0.007704
v 0.001286 0.019240 0.007758
v 0.000925 0.019171 0.007808
v 0.000700 0.019437 0.007855
v 0.000796 0.019748 0.007898
v 0.001182 0.019829 0.007951
v 0.001332 0.019290 0.008034
v 0.000890 0.019184 0.008098
v 0.000740 0.019672 0.008170
v 0.001367 0.019653 0.008269
v 0.001401 0.019547 0.008284
v 0.001159 0.019162 0.008346
v -0.000937 0.019855 0.008321
v -0.001228 0.019280 0.008218
v -0.001276 0.019636 0.008266
v -0.001306 0.019500 0.008249
v -0.000943 0.019145 0.008176
v -0.000602 0.019429 0.008116
v -0.000617 0.019592 0.007810
v -0.000717 0.019768 0.007783
v -0.000775 0.019190 0.007870
v -0.000799 0.019179 0.007873
v -0.000822 0.019168 0.007876
v -0.000841 0.019162 0.008448
v -0.000538 0.019416 0.008336
v -0.000784 0.019815 0.008342
v -0.000884 0.019849 0.008328
v -0.000876 0.019847 0.008329
v -0.000833 0.019836 0.008335
v -0.001302 0.019448 0.008242
v -0.001271 0.019346 0.008228
v -0.001290 0.019396 0.008235
v -0.000787 0.019816 0.008342
v -0.001288 0.019391 0.008234
v -0.000704 0.019142 0.008091
v -0.000532 0.019499 0.008054
v -0.001061 0.019835 0.008021
v -0.000609 0.019400 0.007550
v -0.000681 0.019277 0.007569
v -0.000598 0.019449 0.007544
v -0.000603 0.019426 0.007547
v -0.000597 0.019470 0.007542
v -0.000752 0.019140 0.007225
v -0.000927 0.019845 0.007185
v -0.001183 0.019231 0.007072
v -0.000594 0.019500 0.007538
v -0.000556 0.019636 0.007463
v -0.001375 0.019583 0.007344
v -0.000621 0.019763 0.007163
v -0.000686 0.019201 0.006942
v -0.000787 0.019857 0.008321
v -0.001081 0.019895 0.008249
v -0.001289 0.019737 0.008211
v -0.001355 0.019554 0.008211
v -0.001155 0.019131 0.008139
v -0.001253 0.019211 0.007889
v -0.001312 0.019277 0.007608
v -0.000531 0.019515 0.007755
v -0.000610 0.019728 0.007730
v -0.001117 0.019864 0.007700
v -0.001347 0.019584 0.007048
v -0.001058 0.019103 0.006983
v -0.000675 0.019815 0.006892
v -0.000577 0.019310 0.007504
v -0.001170 0.019227 0.006749
v -0.001302 0.019551 0.006833
v -0.001297 0.019574 0.006836
v -0.001291 0.019600 0.006839
v -0.001375 0.019453 0.006759
v -0.001303 0.019530 0.006830
v -0.000535 0.019597 0.006612
v -0.000866 0.019088 0.006402
v -0.001333 0.019303 0.006193
v -0.000717 0.019769 0.006361
v -0.000966 0.019157 0.006473
v -0.000616 0.019383 0.006130
v -0.001306 0.019499 0.006827
v -0.000687 0.019225 0.006672
v -0.000652 0.019829 0.006040
v -0.000526 0.019512 0.005488
v -0.001245 0.019332 0.005096
v -0.000747 0.019791 0.006072
v -0.000725 0.019776 0.006075
v -0.000767 0.019805 0.006069
v -0.000878 0.019845 0.006053
v -0.000776 0.019810 0.005783
v -0.000597 0.019763 0.005744
v -0.001182 0.019231 0.005649
v -0.000917 0.019845 0.005764
v -0.001249 0.019676 0.005712
v -0.001262 0.019652 0.005424
v -0.000956 0.019153 0.005333
v -0.001132 0.019195 0.005357
v -0.001153 0.019209 0.005361
v -0.001174 0.019224 0.005364
v -0.000596 0.019516 0.005260
v -0.000595 0.019481 0.005264
v -0.000778 0.019887 0.005141
v -0.000645 0.019684 0.005237
v -0.000601 0.019563 0.005254
v -0.000596 0.019533 0.005258
v -0.000630 0.019653 0.005241
v -0.000613 0.019609 0.005247
v -0.000605 0.019585 0.005251
v -0.000622 0.019636 0.005244
v -0.000955 0.019080 0.006113
v -0.001030 0.019915 0.005689
v -0.001374 0.019421 0.005625
v -0.001077 0.019098 0.005567
v -0.000759 0.019152 0.005503
v -0.001382 0.019560 0.005337
v -0.001120 0.019890 0.005107
v -0.001048 0.019084 0.005008
v -0.001327 0.019375 0.007849
v -0.000863 0.019077 0.007823
v -0.001305 0.019720 0.007662
v -0.000917 0.019910 0.008249
v -0.000762 0.019801 0.008244
v -0.000645 0.019322 0.008028
v -0.000615 0.019382 0.008020
v -0.000602 0.019429 0.008014
v -0.000818 0.019829 0.007951
v -0.000994 0.019854 0.007641
v -0.001339 0.019501 0.007590
v -0.000681 0.019733 0.007688
v -0.000866 0.019928 0.007413
v -0.000719 0.019159 0.008374
v -0.000574 0.019695 0.008297
v -0.001336 0.019356 0.008164
v -0.000650 0.019801 0.007998
v -0.001047 0.019914 0.007959
v -0.001360 0.019628 0.007926
v -0.001304 0.019531 0.007582
v -0.001305 0.019517 0.007581
v -0.001305 0.019484 0.007576
v -0.001296 0.019581 0.007588
v -0.001198 0.019245 0.007542
v -0.001305 0.019479 0.007576
v -0.001115 0.019185 0.007529
v -0.001129 0.019176 0.007531
v -0.001159 0.019213 0.007536
v -0.000637 0.019663 0.007414
v -0.000653 0.019205 0.007785
v -0.000717 0.019768 0.007682
v -0.001188 0.019236 0.007540
v -0.000733 0.019171 0.007487
v -0.001040 0.019918 0.007415
v -0.001284 0.019619 0.007306
v -0.000851 0.019832 0.007093
v -0.001181 0.019133 0.007288
v -0.000540 0.019394 0.007195
v -0.001064 0.019925 0.007105
v -0.000643 0.019474 0.006927
v -0.000849 0.019896 0.006852
v -0.000741 0.019788 0.006824
v -0.001287 0.019794 0.006782
v -0.000843 0.019175 0.006639
v -0.001011 0.019084 0.006691
v -0.001293 0.019256 0.007029
v -0.000994 0.019147 0.006943
v -0.000595 0.019506 0.006582
v -0.000922 0.019850 0.006515
v -0.000541 0.019520 0.006898
v -0.000861 0.019922 0.006567
v -0.001355 0.019593 0.006491
v -0.000988 0.019919 0.005969
v -0.001293 0.019744 0.005652
v -0.001304 0.019289 0.005017
v -0.000998 0.019852 0.006220
v -0.001225 0.019804 0.006501
v -0.001258 0.019197 0.006439
v -0.000620 0.019782 0.006310
v -0.001137 0.019198 0.006110
v -0.001115 0.019177 0.006106
v -0.001299 0.019570 0.005880
v -0.000956 0.019910 0.006245
v -0.001310 0.019744 0.006228
v -0.000596 0.019486 0.005731
v -0.000567 0.019493 0.005733
v -0.001183 0.019210 0.006117
v -0.000627 0.019479 0.006069
v -0.000577 0.019276 0.006085
v -0.000602 0.019686 0.005997
v -0.001266 0.019771 0.005937
v -0.001314 0.019600 0.005885
v -0.001344 0.019294 0.005893
v -0.000911 0.019081 0.005828
v -0.000596 0.019279 0.005795
v -0.000888 0.019150 0.005507
v -0.000839 0.019162 0.005501
v -0.000863 0.019156 0.005504
v -0.000640 0.019674 0.005421
v -0.000787 0.019816 0.005395
v -0.000764 0.019802 0.005399
v -0.000939 0.019855 0.005374
v -0.000595 0.019481 0.005163
v -0.000751 0.019209 0.005204
v -0.001305 0.019484 0.005016
v -0.000744 0.019873 0.005438
v -0.001115 0.019881 0.005387
v -0.001158 0.019137 0.005276
v -0.000724 0.019136 0.005243
v -0.000522 0.019579 0.005193
v -0.001363 0.019591 0.005056
v -0.000653 0.019623 0.008330
v -0.001155 0.019789 0.008191
v -0.000602 0.019425 0.008014
v -0.000600 0.019545 0.007999
v -0.000712 0.019764 0.007682
v -0.001298 0.019575 0.007588
v -0.000626 0.019359 0.008308
v -0.000841 0.019162 0.008346
v -0.000784 0.019795 0.008251
v -0.001298 0.019448 0.008140
v -0.000825 0.019188 0.008059
v -0.000714 0.019240 0.007758
v -0.001304 0.019444 0.007570
v -0.001220 0.019268 0.007546
v -0.001296 0.019455 0.007288
v -0.000965 0.019147 0.007224
v -0.000635 0.019566 0.007196
v -0.001231 0.019340 0.007613
v -0.001267 0.019654 0.007314
v -0.001104 0.019184 0.007243
v -0.001052 0.019822 0.007414
v -0.000941 0.019145 0.006936
v -0.001169 0.019774 0.007050
v -0.000899 0.019849 0.006802
v -0.001268 0.019353 0.007558
v -0.000685 0.019322 0.008379
v -0.000990 0.019191 0.008142
v -0.000835 0.019811 0.008326
v -0.000802 0.019786 0.008013
v -0.000811 0.019197 0.007826
v -0.001200 0.019734 0.007687
v -0.001215 0.019309 0.008162
v -0.000772 0.019227 0.008100
v -0.000636 0.019556 0.008067
v -0.001143 0.019770 0.007962
v -0.000779 0.019852 0.007692
v -0.001273 0.019601 0.007613
v -0.000625 0.019482 0.007764
v -0.001030 0.019196 0.007583
v -0.001086 0.019213 0.007309
v -0.001268 0.019481 0.007070
v -0.001081 0.019177 0.006978
v -0.000730 0.019748 0.006876
v -0.000571 0.019375 0.006351
v -0.000620 0.019603 0.006000
v -0.001265 0.019580 0.006790
v -0.001202 0.019741 0.006759
v -0.001297 0.019446 0.006718
v -0.001204 0.019747 0.006475
v -0.001294 0.019426 0.006431
v -0.000698 0.019263 0.006332
v -0.001237 0.019295 0.006127
v -0.000962 0.019145 0.006086
v -0.000701 0.019726 0.006033
v -0.001287 0.019491 0.005879
v -0.001296 0.019428 0.005862
v -0.000958 0.019149 0.005801
v -0.000867 0.019155 0.005505
v -0.001179 0.019760 0.005625
v -0.000832 0.019831 0.005673
v -0.001024 0.019168 0.005241
v -0.000647 0.019385 0.005195
v -0.001304 0.019514 0.005020
v -0.001265 0.019335 0.004996
v -0.000919 0.019146 0.004942
v -0.001209 0.019312 0.006188
v -0.000763 0.019222 0.006398
v -0.001262 0.019508 0.005639
v -0.001112 0.019214 0.005314
v -0.001126 0.019779 0.005691
v -0.000655 0.019643 0.005486
v -0.000949 0.019837 0.008315
v -0.001186 0.019746 0.008242
v -0.001294 0.019480 0.008242
v -0.001141 0.019243 0.007887
v -0.000646 0.019437 0.008065
v -0.000726 0.019724 0.007751
v -0.000830 0.019835 0.008336
v -0.001282 0.019374 0.008232
v -0.001037 0.019808 0.006832
v -0.000928 0.019083 0.007574
v -0.000781 0.019222 0.007529
v -0.000623 0.019603 0.007471
v -0.001280 0.019426 0.007347
v -0.000763 0.019227 0.007260
v -0.001119 0.019785 0.007107
v -0.001179 0.019256 0.007068
v -0.000991 0.019166 0.007039
v -0.000789 0.019211 0.007009
v -0.000623 0.019636 0.006952
v -0.000648 0.019625 0.006632
v -0.000937 0.019829 0.006570
v -0.001213 0.019738 0.007997
v -0.000636 0.019609 0.008376
v -0.000596 0.019470 0.008111
v -0.001153 0.019208 0.008205
v -0.001101 0.019822 0.008300
v -0.001304 0.019530 0.008253
v -0.000801 0.019185 0.008156
v -0.001275 0.019497 0.007925
v -0.000875 0.019848 0.008329
v -0.000922 0.019855 0.008323
v -0.001294 0.019561 0.007688
v -0.001220 0.019270 0.007647
v -0.000602 0.019425 0.007547
v -0.000675 0.019717 0.007507
v -0.001300 0.019437 0.008241
v -0.001153 0.019208 0.007921
v -0.000799 0.019178 0.007873
v -0.000614 0.019512 0.007814
v -0.000747 0.019792 0.007779
v -0.000885 0.019151 0.007600
v -0.000596 0.019470 0.007542
v -0.001290 0.019400 0.007382
v -0.000696 0.019252 0.007288
v -0.000678 0.019725 0.006937
v -0.001205 0.019744 0.006861
v -0.000957 0.019149 0.006756
v -0.001273 0.019648 0.006845
v -0.000922 0.019854 0.006616
v -0.000596 0.019470 0.007257
v -0.000786 0.019781 0.007155
v -0.001101 0.019822 0.007162
v -0.001197 0.019752 0.007147
v -0.001153 0.019208 0.007067
v -0.001298 0.019575 0.006836
v -0.001304 0.019530 0.006830
v -0.001236 0.019676 0.006242
v -0.000632 0.019402 0.005835
v -0.000855 0.019172 0.006123
v -0.000697 0.019696 0.006335
v -0.000942 0.019816 0.006295
v -0.001187 0.019757 0.005967
v -0.000863 0.019198 0.005850
v -0.000720 0.019268 0.005825
v -0.001236 0.019374 0.005916
v -0.001143 0.019236 0.005898
v -0.001178 0.019271 0.005612
v -0.000791 0.019221 0.005267
v -0.000780 0.019765 0.005177
v -0.000926 0.019179 0.005009
v -0.000698 0.019734 0.005744
v -0.001268 0.019479 0.005369
v -0.000769 0.019208 0.005553
v -0.000609 0.019230 0.005532
v -0.000623 0.019538 0.005220
v -0.001055 0.019806 0.005136
v -0.000700 0.019751 0.006364
v -0.000597 0.019538 0.005826
v -0.001274 0.019591 0.006510
v -0.001147 0.019232 0.006458
v -0.000799 0.019178 0.006451
v -0.000703 0.019248 0.006436
v -0.000712 0.019764 0.006362
v -0.000747 0.019792 0.006356
v -0.000799 0.019178 0.006167
v -0.000596 0.019470 0.006119
v -0.000747 0.019792 0.006072
v -0.000657 0.019320 0.005855
v -0.001200 0.019248 0.005652
v -0.001255 0.019585 0.005096
v -0.000733 0.019776 0.005221
v -0.000747 0.019792 0.005787
v -0.000972 0.019169 0.005620
v -0.000616 0.019384 0.005561
v -0.001188 0.019236 0.005650
v -0.001153 0.019208 0.005645
v -0.001067 0.019827 0.005422
v -0.000885 0.019821 0.005484
v -0.001304 0.019530 0.005408
v -0.001153 0.019208 0.005361
v -0.000799 0.019178 0.005313
v -0.000994 0.019847 0.005185
v -0.000600 0.019563 0.005254
v -0.000595 0.019516 0.005260
v -0.000612 0.019609 0.005247
v -0.000629 0.019653 0.005241
v -0.001304 0.019530 0.005123
v -0.001193 0.019281 0.005048
v -0.000658 0.019310 0.008417
v -0.001051 0.019838 0.008307
v -0.001196 0.019756 0.008285
v -0.000708 0.019256 0.008142
v -0.000644 0.019624 0.008089
v -0.000818 0.019829 0.008053
v -0.001268 0.019637 0.007982
v -0.001251 0.019338 0.007942
v -0.001018 0.019155 0.007902
v -0.000703 0.019248 0.007858
v -0.000622 0.019366 0.007839
v -0.000882 0.019834 0.007760
v -0.000604 0.019579 0.007527
v -0.000612 0.019609 0.007523
v -0.000873 0.019838 0.007476
v -0.001235 0.019650 0.007417
v -0.001238 0.019299 0.007367
v -0.001116 0.019189 0.007347
v -0.000846 0.019169 0.007310
v -0.000607 0.019419 0.007263
v -0.000650 0.019669 0.007230
v -0.001280 0.019382 0.007095
v -0.000993 0.019157 0.007045
v -0.000617 0.019384 0.006983
v -0.001016 0.019849 0.006889
v -0.001260 0.019352 0.006806
v -0.000615 0.019400 0.006697
v -0.000621 0.019635 0.006666
v -0.000745 0.019770 0.006642
v -0.001157 0.019743 0.006581
v -0.001257 0.019325 0.006518
v -0.000636 0.019641 0.006380
v -0.000933 0.019837 0.006331
v -0.001285 0.019603 0.006271
v -0.001132 0.019222 0.006212
v -0.000841 0.019163 0.006172
v -0.000744 0.019212 0.006158
v -0.000639 0.019650 0.006095
v -0.001242 0.019691 0.005999
v -0.001253 0.019368 0.005954
v -0.001128 0.019193 0.005926
v -0.000875 0.019157 0.005892
v -0.000782 0.019187 0.005880
v -0.000649 0.019687 0.005805
v -0.000733 0.019782 0.005789
v -0.001280 0.019381 0.005673
v -0.001218 0.019266 0.005655
v -0.000625 0.019637 0.005528
v -0.001280 0.019370 0.005387
v -0.000695 0.019279 0.005294
v -0.001174 0.019772 0.005159
v -0.001288 0.019601 0.005132
v -0.000919 0.019146 0.005044
v -0.001229 0.019715 0.005047
v -0.000786 0.019784 0.005113
v -0.001289 0.019428 0.005293
v -0.001209 0.019729 0.005335
v -0.000834 0.019836 0.005389
v -0.000671 0.019289 0.005474
v -0.001163 0.019233 0.005546
v -0.001291 0.019423 0.005577
v -0.000628 0.019639 0.005710
v -0.000662 0.019294 0.005757
v -0.001147 0.019209 0.005827
v -0.001190 0.019759 0.005909
v -0.000883 0.019833 0.005951
v -0.000698 0.019259 0.006048
v -0.001305 0.019504 0.006157
v -0.001198 0.019745 0.006191
v -0.000729 0.019771 0.006258
v -0.001061 0.019169 0.006384
v -0.000686 0.019735 0.006549
v -0.000595 0.019496 0.006868
v -0.001104 0.019187 0.006959
v -0.001294 0.019431 0.007000
v -0.000616 0.019594 0.007139
v -0.000681 0.019274 0.007183
v -0.001029 0.019834 0.007354
v -0.000594 0.019500 0.007436
v -0.000723 0.019226 0.007476
v -0.001015 0.019150 0.007515
v -0.001152 0.019793 0.007622
v -0.000627 0.019649 0.007700
v -0.001075 0.019171 0.007808
v -0.001277 0.019391 0.007848
v -0.001238 0.019707 0.007891
v -0.001110 0.019184 0.008098
v -0.001260 0.019672 0.008170
v -0.000884 0.019849 0.008226
v -0.000622 0.019623 0.008273
v -0.000953 0.019683 0.006537
v -0.000992 0.019712 0.006681
v -0.001033 0.019699 0.006681
v -0.000992 0.019288 0.006681
v -0.001033 0.019301 0.006681
v -0.001070 0.019680 0.006681
v -0.000950 0.019284 0.006681
v -0.001103 0.019347 0.006681
v -0.001130 0.019380 0.006681
v -0.001070 0.019320 0.006681
v -0.001103 0.019653 0.006681
v -0.001130 0.019620 0.006681
v -0.001162 0.019458 0.006681
v -0.001166 0.019500 0.006681
v -0.001149 0.019417 0.006681
v -0.001149 0.019583 0.006681
v -0.001162 0.019542 0.006681
v -0.000969 0.019526 0.008938
v -0.000734 0.019500 0.006681
v -0.000738 0.019458 0.006681
v -0.000751 0.019417 0.006681
v -0.000770 0.019380 0.006681
v -0.000751 0.019583 0.006681
v -0.000738 0.019542 0.006681
v -0.000770 0.019620 0.006681
v -0.000797 0.019347 0.006681
v -0.000830 0.019320 0.006681
v -0.000867 0.019301 0.006681
v -0.000908 0.019288 0.006681
v -0.000797 0.019653 0.006681
v -0.000830 0.019680 0.006681
v -0.000867 0.019699 0.006681
v -0.000908 0.019712 0.006681
v -0.000950 0.019495 0.006336
v -0.000751 0.019583 0.008421
v -0.000738 0.019542 0.008421
v -0.000797 0.019653 0.008421
v -0.000867 0.019699 0.008421
v -0.000830 0.019680 0.008421
v -0.000770 0.019620 0.008421
v -0.000734 0.019500 0.008421
v -0.000908 0.019712 0.008421
v -0.001166 0.019500 0.008421
v -0.001162 0.019542 0.008421
v -0.000950 0.019716 0.008421
v -0.000992 0.019712 0.008421
v -0.001070 0.019680 0.008421
v -0.001130 0.019620 0.008421
v -0.001103 0.019653 0.008421
v -0.001033 0.019699 0.008421
v -0.001149 0.019583 0.008421
v -0.000314 0.019426 0.008909
v -0.001545 0.019552 0.008737
v -0.001162 0.019458 0.008421
v -0.001149 0.019417 0.008421
v -0.001130 0.019380 0.008421
v -0.001103 0.019347 0.008421
v -0.001070 0.019320 0.008421
v -0.001033 0.019301 0.008421
v -0.000992 0.019288 0.008421
v -0.000950 0.019284 0.008421
v -0.000908 0.019288 0.008421
v -0.000867 0.019301 0.008421
v -0.000830 0.019320 0.008421
v -0.000797 0.019347 0.008421
v -0.000770 0.019380 0.008421
v -0.000751 0.019417 0.008421
v -0.000738 0.019458 0.008421
v -0.000595 0.019303 0.004498
v -0.000616 0.019269 0.004498
v -0.001147 0.019145 0.004498
v -0.001179 0.019164 0.004498
v -0.001180 0.019165 0.004498
v -0.000640 0.019237 0.004498
v -0.000667 0.019208 0.004498
v -0.000697 0.019182 0.004498
v -0.000729 0.019159 0.004498
v -0.000764 0.019139 0.004498
v -0.000800 0.019122 0.004498
v -0.001323 0.019661 0.004498
v -0.001305 0.019697 0.004498
v -0.001337 0.019624 0.004498
v -0.001347 0.019585 0.004498
v -0.001354 0.019546 0.004498
v -0.001177 0.019163 0.004498
v -0.001178 0.019164 0.004498
v -0.001355 0.019466 0.004498
v -0.001350 0.019427 0.004498
v -0.001356 0.019506 0.004498
v -0.000838 0.019109 0.004498
v -0.000877 0.019100 0.004498
v -0.000916 0.019095 0.004498
v -0.000956 0.019094 0.004498
v -0.000996 0.019096 0.004498
v -0.001035 0.019103 0.004498
v -0.001111 0.019127 0.004498
v -0.001074 0.019113 0.004498
v -0.001341 0.019388 0.004498
v -0.001328 0.019350 0.004498
v -0.001311 0.019314 0.004498
v -0.001291 0.019279 0.004498
v -0.001268 0.019247 0.004498
v -0.001242 0.019217 0.004498
v -0.001172 0.019160 0.004498
v -0.001213 0.019190 0.004498
v -0.001181 0.019166 0.004498
v -0.001164 0.019155 0.004498
v -0.000753 0.019855 0.004498
v -0.000719 0.019834 0.004498
v -0.000687 0.019810 0.004498
v -0.000658 0.019783 0.004498
v -0.000632 0.019753 0.004498
v -0.000609 0.019721 0.004498
v -0.000589 0.019686 0.004498
v -0.000572 0.019650 0.004498
v -0.000789 0.019873 0.004498
v -0.000826 0.019887 0.004498
v -0.000865 0.019897 0.004498
v -0.000904 0.019904 0.004498
v -0.000944 0.019906 0.004498
v -0.000984 0.019905 0.004498
v -0.001023 0.019900 0.004498
v -0.001062 0.019891 0.004498
v -0.000784 0.019871 0.004498
v -0.000785 0.019871 0.004498
v -0.000559 0.019612 0.004498
v -0.000550 0.019573 0.004498
v -0.000544 0.019494 0.004498
v -0.000546 0.019454 0.004498
v -0.000545 0.019534 0.004498
v -0.000577 0.019339 0.004498
v -0.000563 0.019376 0.004498
v -0.000553 0.019415 0.004498
v -0.001100 0.019878 0.004498
v -0.001136 0.019861 0.004498
v -0.001171 0.019841 0.004498
v -0.001203 0.019818 0.004498
v -0.001233 0.019792 0.004498
v -0.001260 0.019763 0.004498
v -0.000788 0.019873 0.004498
v -0.000950 0.019500 0.003843
v -0.001284 0.019731 0.004498
v -0.000787 0.019872 0.004498
v -0.000780 0.019869 0.004498
v -0.000771 0.019864 0.004498
v -0.001347 0.019585 0.007074
v -0.001356 0.019506 0.007074
v -0.001323 0.019661 0.007074
v -0.001355 0.019466 0.007074
v -0.001354 0.019546 0.007074
v -0.001337 0.019624 0.007074
v -0.001305 0.019697 0.007074
v -0.001341 0.019388 0.007074
v -0.001311 0.019314 0.007074
v -0.001328 0.019350 0.007074
v -0.001291 0.019279 0.007074
v -0.001213 0.019190 0.007074
v -0.001242 0.019217 0.007074
v -0.001350 0.019427 0.007074
v -0.001268 0.019247 0.007074
v -0.000595 0.019303 0.007074
v -0.001181 0.019166 0.007074
v -0.001111 0.019127 0.007074
v -0.001074 0.019113 0.007074
v -0.001035 0.019103 0.007074
v -0.000956 0.019094 0.007074
v -0.000877 0.019100 0.007074
v -0.000996 0.019096 0.007074
v -0.000916 0.019095 0.007074
v -0.000800 0.019122 0.007074
v -0.000764 0.019139 0.007074
v -0.000729 0.019159 0.007074
v -0.000667 0.019208 0.007074
v -0.000616 0.019269 0.007074
v -0.000697 0.019182 0.007074
v -0.000640 0.019237 0.007074
v -0.000838 0.019109 0.007074
v -0.001147 0.019145 0.007074
v -0.001454 0.019321 0.007450
v -0.000713 0.018992 0.007387
v -0.001196 0.019003 0.007297
v -0.000421 0.019564 0.007408
v -0.000662 0.019984 0.007323
v -0.001177 0.020024 0.007299
v -0.000577 0.019339 0.007074
v -0.000563 0.019376 0.007074
v -0.000553 0.019415 0.007074
v -0.000546 0.019454 0.007074
v -0.000545 0.019534 0.007074
v -0.000550 0.019573 0.007074
v -0.000559 0.019612 0.007074
v -0.000572 0.019650 0.007074
v -0.000589 0.019686 0.007074
v -0.000687 0.019810 0.007074
v -0.000719 0.019834 0.007074
v -0.000609 0.019721 0.007074
v -0.000632 0.019753 0.007074
v -0.000658 0.019783 0.007074
v -0.000753 0.019855 0.007074
v -0.000544 0.019494 0.007074
v -0.000865 0.019897 0.007074
v -0.000904 0.019904 0.007074
v -0.000944 0.019906 0.007074
v -0.000984 0.019905 0.007074
v -0.000789 0.019873 0.007074
v -0.000826 0.019887 0.007074
v -0.001023 0.019900 0.007074
v -0.001062 0.019891 0.007074
v -0.001171 0.019841 0.007074
v -0.001136 0.019861 0.007074
v -0.001233 0.019792 0.007074
v -0.001260 0.019763 0.007074
v -0.001203 0.019818 0.007074
v -0.001100 0.019878 0.007074
v -0.001284 0.019731 0.007074
v -0.000659 0.019936 0.005189
v -0.000703 0.019963 0.005189
v -0.000491 0.019907 0.005219
v -0.000579 0.019871 0.005189
v -0.000617 0.019905 0.005189
v -0.000848 0.020014 0.005189
v -0.000899 0.020022 0.005189
v -0.000798 0.020002 0.005189
v -0.000749 0.019985 0.005189
v -0.000487 0.019747 0.005189
v -0.000251 0.019511 0.005189
v -0.000465 0.019701 0.005189
v -0.000426 0.019500 0.005189
v -0.000436 0.019602 0.005189
v -0.000428 0.019551 0.005189
v -0.000514 0.019791 0.005189
v -0.000545 0.019833 0.005189
v -0.000448 0.019652 0.005189
v -0.001001 0.020022 0.005189
v -0.001052 0.020014 0.005189
v -0.000950 0.020024 0.005189
v -0.001102 0.020002 0.005189
v -0.000880 0.020213 0.005189
v -0.001197 0.019963 0.005189
v -0.001241 0.019936 0.005189
v -0.001151 0.019985 0.005189
v -0.001283 0.019905 0.005189
v -0.001296 0.020025 0.005207
v -0.001321 0.019871 0.005189
v -0.001355 0.019833 0.005189
v -0.001386 0.019791 0.005189
v -0.001413 0.019747 0.005189
v -0.001435 0.019701 0.005189
v -0.001537 0.019863 0.005189
v -0.001452 0.019652 0.005189
v -0.001464 0.019602 0.005189
v -0.001472 0.019551 0.005189
v -0.000428 0.019449 0.005189
v -0.000436 0.019398 0.005189
v -0.000465 0.019299 0.005189
v -0.000514 0.019209 0.005189
v -0.000448 0.019348 0.005189
v -0.000487 0.019253 0.005189
v -0.000545 0.019167 0.005189
v -0.000617 0.019095 0.005189
v -0.000579 0.019129 0.005189
v -0.000703 0.019037 0.005189
v -0.000659 0.019064 0.005189
v -0.000749 0.019015 0.005189
v -0.000798 0.018998 0.005189
v -0.000848 0.018986 0.005189
v -0.000950 0.018975 0.005189
v -0.000899 0.018978 0.005189
v -0.001001 0.018978 0.005189
v -0.001452 0.019348 0.005189
v -0.001435 0.019299 0.005189
v -0.001472 0.019449 0.005189
v -0.001464 0.019398 0.005189
v -0.001386 0.019209 0.005189
v -0.001355 0.019167 0.005189
v -0.001413 0.019253 0.005189
v -0.001475 0.019500 0.005189
v -0.001642 0.019496 0.005768
v -0.001321 0.019129 0.005189
v -0.001102 0.018998 0.005189
v -0.001052 0.018986 0.005189
v -0.001197 0.019037 0.005189
v -0.001151 0.019015 0.005189
v -0.001283 0.019095 0.005189
v -0.001241 0.019064 0.005189
v -0.001452 0.019014 0.005189
v -0.000517 0.020307 0.007185
v -0.000136 0.019369 0.008628
v -0.001596 0.019948 0.008691
v -0.001045 0.020322 0.008389
v -0.000659 0.019936 0.009081
v -0.000749 0.019985 0.009081
v -0.000579 0.019871 0.009081
v -0.000617 0.019905 0.009081
v -0.000545 0.019833 0.009081
v -0.000703 0.019963 0.009081
v -0.000848 0.020014 0.009081
v -0.000899 0.020022 0.009081
v -0.000798 0.020002 0.009081
v -0.000465 0.019701 0.009081
v -0.000656 0.020239 0.008835
v -0.000514 0.019791 0.009081
v -0.000448 0.019652 0.009081
v -0.000426 0.019500 0.009081
v -0.000428 0.019551 0.009081
v -0.000487 0.019747 0.009081
v -0.000436 0.019602 0.009081
v -0.001001 0.020022 0.009081
v -0.000950 0.020024 0.009081
v -0.001052 0.020014 0.009081
v -0.001102 0.020002 0.009081
v -0.001151 0.019985 0.009081
v -0.001241 0.019936 0.009081
v -0.001321 0.019871 0.009081
v -0.001283 0.019905 0.009081
v -0.001355 0.019833 0.009081
v -0.001197 0.019963 0.009081
v -0.001413 0.019747 0.009081
v -0.001386 0.019791 0.009081
v -0.001452 0.019652 0.009081
v -0.001435 0.019701 0.009081
v -0.001472 0.019551 0.009081
v -0.001464 0.019602 0.009081
v -0.000428 0.019449 0.009081
v -0.000436 0.019398 0.009081
v -0.000448 0.019348 0.009081
v -0.000465 0.019299 0.009081
v -0.000514 0.019209 0.009081
v -0.000487 0.019253 0.009081
v -0.000545 0.019167 0.009081
v -0.000579 0.019129 0.009081
v -0.000617 0.019095 0.009081
v -0.000659 0.019064 0.009081
v -0.000703 0.019037 0.009081
v -0.000749 0.019015 0.009081
v -0.000517 0.018836 0.008629
v -0.000798 0.018998 0.009081
v -0.000848 0.018986 0.009081
v -0.000899 0.018978 0.009081
v -0.001001 0.018978 0.009081
v -0.000950 0.018975 0.009081
v -0.001435 0.019299 0.009081
v -0.001452 0.019348 0.009081
v -0.001743 0.019249 0.008539
v -0.001464 0.019398 0.009081
v -0.001472 0.019449 0.009081
v -0.001355 0.019167 0.009081
v -0.001386 0.019209 0.009081
v -0.001413 0.019253 0.009081
v -0.001475 0.019500 0.009081
v -0.001321 0.019129 0.009081
v -0.001052 0.018986 0.009081
v -0.001102 0.018998 0.009081
v -0.001151 0.019015 0.009081
v -0.001197 0.019037 0.009081
v -0.001150 0.018758 0.008875
v -0.001241 0.019064 0.009081
v -0.001283 0.019095 0.009081
v -0.001121 0.018824 0.005199
v -0.001274 0.018651 0.007183
v -0.000497 0.018956 0.005195
v 0.001081 0.017146 0.004942
v 0.001063 0.017855 0.008321
v 0.000919 0.017895 0.008249
v 0.000772 0.017280 0.008218
v 0.000757 0.017685 0.008274
v 0.000694 0.017500 0.008249
v 0.000950 0.017167 0.008191
v 0.001326 0.017295 0.008135
v 0.001350 0.017801 0.007998
v 0.001383 0.017592 0.007810
v 0.001283 0.017768 0.007783
v 0.001225 0.017190 0.007870
v 0.001201 0.017179 0.007873
v 0.001178 0.017168 0.007876
v 0.001431 0.017693 0.008300
v 0.001216 0.017815 0.008342
v 0.001116 0.017849 0.008328
v 0.001124 0.017847 0.008329
v 0.001167 0.017836 0.008335
v 0.000698 0.017448 0.008242
v 0.000729 0.017346 0.008228
v 0.000710 0.017396 0.008235
v 0.001213 0.017816 0.008342
v 0.000712 0.017391 0.008234
v 0.000939 0.017835 0.008021
v 0.000637 0.017401 0.007895
v 0.001175 0.017086 0.007540
v 0.001391 0.017400 0.007550
v 0.001319 0.017277 0.007569
v 0.001402 0.017449 0.007544
v 0.001397 0.017426 0.007547
v 0.001403 0.017470 0.007542
v 0.001270 0.017148 0.007219
v 0.001073 0.017845 0.007185
v 0.000817 0.017231 0.007072
v 0.000836 0.017142 0.007014
v 0.001406 0.017500 0.007538
v 0.000632 0.017587 0.007335
v 0.001374 0.017766 0.007171
v 0.001127 0.017906 0.007133
v 0.001127 0.017809 0.006868
v 0.000960 0.017100 0.006993
v 0.001213 0.017857 0.008321
v 0.000691 0.017694 0.008187
v 0.000691 0.017364 0.008221
v 0.000680 0.017316 0.007625
v 0.001469 0.017515 0.007755
v 0.001390 0.017728 0.007730
v 0.000883 0.017864 0.007700
v 0.000665 0.017480 0.007580
v 0.001494 0.017471 0.007489
v 0.000698 0.017551 0.006833
v 0.000703 0.017574 0.006836
v 0.000709 0.017600 0.006839
v 0.000621 0.017505 0.006759
v 0.000697 0.017530 0.006830
v 0.001283 0.017769 0.006361
v 0.001155 0.017161 0.006457
v 0.001358 0.017334 0.006137
v 0.000694 0.017499 0.006827
v 0.000900 0.017179 0.006491
v 0.001461 0.017482 0.005791
v 0.001253 0.017791 0.006072
v 0.001275 0.017776 0.006075
v 0.001233 0.017805 0.006069
v 0.001004 0.017852 0.006038
v 0.000818 0.017231 0.005649
v 0.000766 0.017697 0.005716
v 0.000899 0.017821 0.005740
v 0.000920 0.017831 0.005743
v 0.000874 0.017809 0.005736
v 0.000742 0.017669 0.005426
v 0.001024 0.017157 0.005336
v 0.000826 0.017224 0.005364
v 0.001404 0.017516 0.005260
v 0.001405 0.017481 0.005264
v 0.001355 0.017684 0.005237
v 0.001399 0.017563 0.005254
v 0.001404 0.017533 0.005258
v 0.001370 0.017653 0.005241
v 0.001387 0.017609 0.005247
v 0.001395 0.017585 0.005251
v 0.001378 0.017636 0.005244
v 0.000842 0.017866 0.006814
v 0.000644 0.017315 0.005901
v 0.001271 0.017136 0.006673
v 0.000775 0.017804 0.006501
v 0.001070 0.017074 0.006420
v 0.001432 0.017315 0.006348
v 0.000747 0.017784 0.005938
v 0.000662 0.017665 0.005651
v 0.000990 0.017092 0.005553
v 0.001476 0.017587 0.005490
v 0.000694 0.017261 0.005611
v 0.001241 0.017152 0.005503
v 0.001430 0.017310 0.005214
v 0.000648 0.017616 0.005058
v 0.000746 0.017234 0.008133
v 0.001472 0.017458 0.008045
v 0.000695 0.017720 0.007662
v 0.001083 0.017910 0.008249
v 0.001238 0.017801 0.008244
v 0.001385 0.017382 0.008020
v 0.001398 0.017429 0.008014
v 0.001319 0.017733 0.007688
v 0.001241 0.017874 0.007418
v 0.001473 0.017445 0.007191
v 0.001488 0.017653 0.006595
v 0.000615 0.017480 0.007047
v 0.001449 0.017337 0.006927
v 0.001189 0.017198 0.008393
v 0.001452 0.017303 0.008351
v 0.000629 0.017609 0.008207
v 0.000895 0.017105 0.008139
v 0.001273 0.017143 0.008098
v 0.000953 0.017914 0.007959
v 0.000640 0.017628 0.007926
v 0.000696 0.017531 0.007582
v 0.000695 0.017518 0.007581
v 0.000695 0.017484 0.007576
v 0.000704 0.017581 0.007588
v 0.000802 0.017245 0.007542
v 0.000695 0.017479 0.007576
v 0.000841 0.017213 0.007536
v 0.001107 0.017834 0.007372
v 0.001276 0.017133 0.007806
v 0.001283 0.017768 0.007682
v 0.000821 0.017163 0.007575
v 0.000900 0.017889 0.007396
v 0.001095 0.017851 0.007086
v 0.000819 0.017133 0.007288
v 0.000879 0.017890 0.007096
v 0.001346 0.017695 0.006840
v 0.001174 0.017899 0.006860
v 0.001259 0.017788 0.006824
v 0.000798 0.017741 0.006759
v 0.000835 0.017133 0.006718
v 0.001059 0.017145 0.006936
v 0.001025 0.017854 0.006508
v 0.001409 0.017707 0.006883
v 0.001023 0.017916 0.006553
v 0.000622 0.017516 0.006480
v 0.001384 0.017744 0.006015
v 0.001074 0.017928 0.005979
v 0.001231 0.017128 0.006093
v 0.001075 0.017076 0.005273
v 0.001238 0.017881 0.005141
v 0.001028 0.017092 0.004968
v 0.000794 0.017176 0.006421
v 0.001364 0.017807 0.006303
v 0.000932 0.017904 0.006235
v 0.000863 0.017198 0.006110
v 0.000908 0.017103 0.006148
v 0.000701 0.017570 0.005880
v 0.000679 0.017690 0.006233
v 0.001404 0.017486 0.005731
v 0.001405 0.017519 0.005727
v 0.000644 0.017390 0.006192
v 0.000817 0.017210 0.006117
v 0.001416 0.017413 0.006079
v 0.000686 0.017600 0.005885
v 0.001035 0.017078 0.005833
v 0.001343 0.017195 0.005806
v 0.001363 0.017780 0.005741
v 0.000964 0.017920 0.005672
v 0.001112 0.017150 0.005507
v 0.001161 0.017162 0.005501
v 0.001137 0.017156 0.005504
v 0.001360 0.017674 0.005421
v 0.001220 0.017886 0.005424
v 0.001258 0.017788 0.005402
v 0.000723 0.017237 0.005305
v 0.001288 0.017245 0.005197
v 0.001367 0.017617 0.005144
v 0.000853 0.017882 0.005101
v 0.000695 0.017484 0.005016
v 0.001288 0.017764 0.005407
v 0.000885 0.017881 0.005387
v 0.000645 0.017628 0.005346
v 0.001440 0.017642 0.005192
v 0.000710 0.017233 0.005038
v 0.000845 0.017789 0.008191
v 0.001377 0.017471 0.008040
v 0.001398 0.017425 0.008014
v 0.000725 0.017534 0.007902
v 0.001288 0.017764 0.007682
v 0.000702 0.017575 0.007588
v 0.000856 0.017768 0.007668
v 0.000718 0.017412 0.008135
v 0.000843 0.017245 0.007873
v 0.000780 0.017268 0.007546
v 0.000737 0.017390 0.007338
v 0.001320 0.017276 0.007183
v 0.001384 0.017594 0.007139
v 0.001029 0.017177 0.007555
v 0.000748 0.017356 0.007274
v 0.001381 0.017408 0.007503
v 0.000717 0.017407 0.006997
v 0.000821 0.017760 0.007048
v 0.001365 0.017586 0.006917
v 0.000728 0.017366 0.007560
v 0.001250 0.017780 0.008255
v 0.001165 0.017811 0.008326
v 0.000893 0.017115 0.007833
v 0.001230 0.017773 0.008019
v 0.000717 0.017492 0.008166
v 0.000781 0.017296 0.008215
v 0.000896 0.017208 0.008139
v 0.000857 0.017770 0.007962
v 0.001221 0.017852 0.007692
v 0.001375 0.017482 0.007764
v 0.000914 0.017213 0.007309
v 0.000935 0.017176 0.006980
v 0.001009 0.017166 0.007039
v 0.001242 0.017222 0.008434
v 0.000732 0.017544 0.006789
v 0.001358 0.017509 0.006358
v 0.000881 0.017215 0.006741
v 0.000703 0.017446 0.006718
v 0.000937 0.017178 0.006461
v 0.000774 0.017714 0.006470
v 0.000723 0.017390 0.006425
v 0.001225 0.017208 0.006392
v 0.001356 0.017320 0.006322
v 0.001247 0.017205 0.006343
v 0.001038 0.017145 0.006086
v 0.000763 0.017361 0.006192
v 0.000696 0.017467 0.005867
v 0.001133 0.017155 0.005505
v 0.000880 0.017236 0.005600
v 0.001088 0.017149 0.005795
v 0.000773 0.017290 0.005842
v 0.001044 0.017174 0.005841
v 0.001398 0.017442 0.005735
v 0.001163 0.017163 0.005216
v 0.001103 0.017852 0.005096
v 0.000959 0.017170 0.005243
v 0.000696 0.017514 0.005020
v 0.000791 0.017311 0.005054
v 0.000735 0.017335 0.004996
v 0.000761 0.017628 0.005944
v 0.001161 0.017173 0.005787
v 0.001292 0.017706 0.005746
v 0.001366 0.017557 0.006635
v 0.000900 0.017774 0.005986
v 0.001209 0.017202 0.005558
v 0.001038 0.017827 0.005430
v 0.000725 0.017490 0.005638
v 0.001307 0.017316 0.005251
v 0.001296 0.017711 0.005188
v 0.000775 0.017691 0.005108
v 0.001373 0.017500 0.008345
v 0.001296 0.017717 0.008345
v 0.001051 0.017837 0.008315
v 0.000857 0.017770 0.008247
v 0.000712 0.017455 0.008239
v 0.001189 0.017197 0.007826
v 0.001274 0.017724 0.007751
v 0.000737 0.017498 0.007635
v 0.001170 0.017835 0.008336
v 0.000722 0.017363 0.008230
v 0.000872 0.017207 0.007915
v 0.000756 0.017313 0.007938
v 0.000748 0.017416 0.007618
v 0.001190 0.017160 0.006965
v 0.000894 0.017781 0.006820
v 0.000815 0.017281 0.007614
v 0.001160 0.017812 0.007440
v 0.000826 0.017727 0.007391
v 0.001237 0.017227 0.007260
v 0.001365 0.017566 0.007196
v 0.000724 0.017542 0.007066
v 0.000783 0.017294 0.007073
v 0.001065 0.017829 0.006570
v 0.001264 0.017256 0.006681
v 0.001324 0.017703 0.006645
v 0.000787 0.017738 0.007997
v 0.000948 0.017160 0.007906
v 0.001400 0.017482 0.008101
v 0.000847 0.017208 0.008205
v 0.000899 0.017822 0.008300
v 0.000696 0.017530 0.008253
v 0.001218 0.017224 0.008112
v 0.000696 0.017530 0.007968
v 0.001125 0.017848 0.008329
v 0.001078 0.017855 0.008323
v 0.000747 0.017332 0.007657
v 0.001398 0.017425 0.007547
v 0.001361 0.017648 0.007517
v 0.000700 0.017437 0.008241
v 0.001201 0.017178 0.007873
v 0.001386 0.017512 0.007814
v 0.001253 0.017792 0.007779
v 0.001115 0.017151 0.007600
v 0.001404 0.017470 0.007542
v 0.000722 0.017631 0.007412
v 0.001312 0.017733 0.006935
v 0.000795 0.017744 0.006861
v 0.001328 0.017294 0.006713
v 0.001078 0.017854 0.006616
v 0.001402 0.017468 0.006688
v 0.001404 0.017470 0.007257
v 0.001214 0.017781 0.007155
v 0.000925 0.017799 0.007112
v 0.000748 0.017679 0.007135
v 0.000847 0.017208 0.007067
v 0.000702 0.017575 0.006836
v 0.000696 0.017530 0.006830
v 0.000721 0.017575 0.006504
v 0.000813 0.017753 0.006250
v 0.001030 0.017168 0.006149
v 0.001284 0.017735 0.006321
v 0.000935 0.017188 0.005906
v 0.001359 0.017368 0.005816
v 0.001192 0.017795 0.006023
v 0.000749 0.017400 0.005912
v 0.000780 0.017346 0.005917
v 0.000825 0.017267 0.005318
v 0.001029 0.017817 0.005143
v 0.001275 0.017723 0.005470
v 0.000966 0.017826 0.005703
v 0.000742 0.017617 0.005370
v 0.001392 0.017230 0.005532
v 0.001374 0.017492 0.005518
v 0.001363 0.017538 0.005207
v 0.001063 0.017175 0.005300
v 0.001300 0.017751 0.006364
v 0.001079 0.017840 0.006332
v 0.000778 0.017277 0.005941
v 0.001234 0.017206 0.005876
v 0.000847 0.017208 0.006498
v 0.001201 0.017178 0.006451
v 0.001297 0.017248 0.006436
v 0.001288 0.017764 0.006362
v 0.001253 0.017792 0.006356
v 0.001201 0.017178 0.006167
v 0.001361 0.017650 0.006095
v 0.001253 0.017792 0.006072
v 0.000899 0.017822 0.006024
v 0.001404 0.017470 0.005835
v 0.001382 0.017387 0.005845
v 0.000800 0.017248 0.005652
v 0.001394 0.017440 0.005554
v 0.001022 0.017852 0.005471
v 0.001060 0.017175 0.005007
v 0.001295 0.017256 0.005297
v 0.001253 0.017792 0.005787
v 0.001082 0.017845 0.005764
v 0.000899 0.017822 0.005740
v 0.000812 0.017236 0.005650
v 0.000847 0.017208 0.005645
v 0.000899 0.017822 0.005455
v 0.000696 0.017530 0.005408
v 0.000847 0.017208 0.005361
v 0.001201 0.017178 0.005313
v 0.001400 0.017563 0.005254
v 0.001405 0.017516 0.005260
v 0.001388 0.017609 0.005247
v 0.001371 0.017653 0.005241
v 0.000696 0.017530 0.005123
v 0.000869 0.017194 0.005073
v 0.001397 0.017445 0.008398
v 0.001361 0.017673 0.008368
v 0.000949 0.017838 0.008307
v 0.001374 0.017597 0.008093
v 0.001251 0.017793 0.008063
v 0.000732 0.017637 0.007982
v 0.001297 0.017248 0.007858
v 0.001378 0.017366 0.007839
v 0.001118 0.017834 0.007760
v 0.000700 0.017556 0.007687
v 0.001110 0.017850 0.007474
v 0.000700 0.017442 0.007388
v 0.000762 0.017299 0.007367
v 0.000884 0.017189 0.007347
v 0.001154 0.017169 0.007310
v 0.001304 0.017252 0.007288
v 0.001393 0.017419 0.007263
v 0.001350 0.017669 0.007230
v 0.000702 0.017431 0.007102
v 0.001007 0.017157 0.007045
v 0.001383 0.017384 0.006983
v 0.000984 0.017849 0.006889
v 0.000740 0.017351 0.006806
v 0.001018 0.017158 0.006759
v 0.001331 0.017713 0.006654
v 0.000843 0.017743 0.006581
v 0.000744 0.017364 0.006523
v 0.001001 0.017149 0.006477
v 0.001364 0.017641 0.006380
v 0.000940 0.017838 0.006314
v 0.000715 0.017603 0.006271
v 0.000816 0.017240 0.006219
v 0.001025 0.017148 0.006189
v 0.001161 0.017837 0.006058
v 0.000837 0.017777 0.006014
v 0.000706 0.017582 0.005983
v 0.000700 0.017441 0.005965
v 0.001023 0.017150 0.005905
v 0.000930 0.017166 0.005918
v 0.001369 0.017637 0.005812
v 0.000720 0.017387 0.005673
v 0.001028 0.017169 0.005620
v 0.001399 0.017564 0.005538
v 0.001300 0.017727 0.005513
v 0.000735 0.017355 0.005384
v 0.001385 0.017382 0.005277
v 0.001307 0.017744 0.005227
v 0.001020 0.017843 0.005186
v 0.000835 0.017782 0.005161
v 0.000732 0.017656 0.005140
v 0.000705 0.017576 0.005129
v 0.000761 0.017307 0.005092
v 0.001081 0.017146 0.005044
v 0.000771 0.017715 0.005047
v 0.001227 0.017807 0.005113
v 0.000712 0.017421 0.005292
v 0.000796 0.017737 0.005336
v 0.001061 0.017855 0.005374
v 0.001398 0.017575 0.005435
v 0.001338 0.017318 0.005470
v 0.000826 0.017250 0.005549
v 0.000695 0.017509 0.005588
v 0.000816 0.017756 0.005624
v 0.001168 0.017831 0.005673
v 0.001372 0.017639 0.005710
v 0.001338 0.017294 0.005757
v 0.000967 0.017843 0.005931
v 0.001381 0.017590 0.006001
v 0.001309 0.017270 0.006046
v 0.000763 0.017295 0.006127
v 0.000695 0.017504 0.006157
v 0.000802 0.017745 0.006191
v 0.001145 0.017831 0.006239
v 0.001289 0.017762 0.006260
v 0.001380 0.017585 0.006286
v 0.000939 0.017169 0.006384
v 0.001281 0.017718 0.006549
v 0.001297 0.017261 0.006617
v 0.000961 0.017170 0.006665
v 0.001101 0.017849 0.006802
v 0.001394 0.017547 0.006861
v 0.000896 0.017187 0.006959
v 0.000989 0.017154 0.007230
v 0.000797 0.017727 0.007327
v 0.001398 0.017553 0.007429
v 0.001318 0.017276 0.007467
v 0.000985 0.017150 0.007515
v 0.000819 0.017766 0.007617
v 0.001373 0.017649 0.007700
v 0.001286 0.017240 0.007758
v 0.000925 0.017171 0.007808
v 0.000700 0.017437 0.007855
v 0.000762 0.017707 0.007891
v 0.001182 0.017829 0.007951
v 0.001345 0.017653 0.007983
v 0.001250 0.017227 0.008047
v 0.000953 0.017167 0.008089
v 0.001115 0.017846 0.008227
v 0.001367 0.017653 0.008269
v 0.001255 0.017240 0.008330
v -0.000919 0.017146 0.004942
v -0.000937 0.017855 0.008321
v -0.001081 0.017895 0.008249
v -0.001228 0.017280 0.008218
v -0.001243 0.017685 0.008274
v -0.001306 0.017500 0.008249
v -0.001027 0.017165 0.008188
v -0.000617 0.017592 0.007810
v -0.000717 0.017768 0.007783
v -0.000775 0.017190 0.007870
v -0.000799 0.017179 0.007873
v -0.000822 0.017168 0.007876
v -0.000520 0.017492 0.008322
v -0.000784 0.017815 0.008342
v -0.000884 0.017849 0.008328
v -0.000876 0.017847 0.008329
v -0.000833 0.017836 0.008335
v -0.001302 0.017448 0.008242
v -0.001271 0.017346 0.008228
v -0.001290 0.017396 0.008235
v -0.000787 0.017816 0.008342
v -0.001288 0.017391 0.008234
v -0.000574 0.017699 0.008300
v -0.001288 0.017241 0.007872
v -0.000609 0.017400 0.007550
v -0.000681 0.017277 0.007569
v -0.000598 0.017449 0.007544
v -0.000603 0.017426 0.007547
v -0.000597 0.017470 0.007542
v -0.000752 0.017140 0.007225
v -0.000927 0.017845 0.007185
v -0.001202 0.017731 0.007144
v -0.001183 0.017231 0.007072
v -0.001175 0.017134 0.007585
v -0.000594 0.017500 0.007538
v -0.000621 0.017763 0.007163
v -0.001347 0.017584 0.007048
v -0.000686 0.017201 0.006942
v -0.000787 0.017857 0.008321
v -0.001309 0.017694 0.008187
v -0.001309 0.017364 0.008221
v -0.000530 0.017469 0.008056
v -0.000610 0.017728 0.007730
v -0.001066 0.017807 0.007950
v -0.001117 0.017864 0.007700
v -0.001058 0.017103 0.006983
v -0.000506 0.017471 0.007489
v -0.001302 0.017551 0.006833
v -0.001297 0.017574 0.006836
v -0.001291 0.017600 0.006839
v -0.001303 0.017530 0.006830
v -0.001239 0.017307 0.006515
v -0.000717 0.017769 0.006361
v -0.000774 0.017191 0.006448
v -0.000799 0.017179 0.006451
v -0.000821 0.017169 0.006454
v -0.000616 0.017383 0.006130
v -0.001306 0.017499 0.006827
v -0.000652 0.017829 0.006040
v -0.001206 0.017135 0.005029
v -0.000747 0.017791 0.006072
v -0.000725 0.017776 0.006075
v -0.000767 0.017805 0.006069
v -0.000649 0.017687 0.005805
v -0.000608 0.017231 0.005808
v -0.000616 0.017779 0.005734
v -0.001182 0.017231 0.005649
v -0.000917 0.017845 0.005764
v -0.001302 0.017550 0.005410
v -0.001303 0.017530 0.005408
v -0.000687 0.017157 0.005542
v -0.001132 0.017195 0.005357
v -0.001153 0.017209 0.005361
v -0.001174 0.017224 0.005364
v -0.000596 0.017516 0.005260
v -0.000595 0.017481 0.005264
v -0.000645 0.017684 0.005237
v -0.000601 0.017563 0.005254
v -0.000596 0.017533 0.005258
v -0.000630 0.017653 0.005241
v -0.001306 0.017498 0.005404
v -0.000916 0.017151 0.005612
v -0.000613 0.017609 0.005247
v -0.000605 0.017585 0.005251
v -0.000622 0.017636 0.005244
v -0.001158 0.017866 0.006814
v -0.000511 0.017382 0.006633
v -0.000654 0.017197 0.006371
v -0.001356 0.017315 0.005901
v -0.000854 0.017102 0.006698
v -0.001020 0.017087 0.006399
v -0.001325 0.017707 0.006230
v -0.001030 0.017915 0.005689
v -0.001098 0.017109 0.005562
v -0.001374 0.017421 0.005625
v -0.001254 0.017234 0.008133
v -0.000868 0.017079 0.007821
v -0.001305 0.017720 0.007662
v -0.000917 0.017910 0.008249
v -0.000762 0.017801 0.008244
v -0.000615 0.017382 0.008020
v -0.000602 0.017429 0.008014
v -0.000531 0.017391 0.007768
v -0.001075 0.017171 0.007808
v -0.001355 0.017440 0.007609
v -0.000681 0.017733 0.007688
v -0.001126 0.017172 0.007532
v -0.000833 0.017185 0.008391
v -0.000665 0.017194 0.008370
v -0.001371 0.017609 0.008207
v -0.001105 0.017105 0.008139
v -0.000715 0.017147 0.008089
v -0.000691 0.017846 0.007993
v -0.001172 0.017865 0.007950
v -0.001304 0.017531 0.007582
v -0.001305 0.017517 0.007581
v -0.001305 0.017484 0.007576
v -0.001296 0.017581 0.007588
v -0.001198 0.017245 0.007542
v -0.001305 0.017479 0.007576
v -0.001115 0.017185 0.007529
v -0.001112 0.017183 0.007529
v -0.001067 0.017164 0.007522
v -0.001159 0.017213 0.007536
v -0.000717 0.017768 0.007682
v -0.001188 0.017236 0.007540
v -0.000760 0.017125 0.007522
v -0.000728 0.017851 0.007421
v -0.001035 0.017922 0.007395
v -0.001367 0.017584 0.007337
v -0.000851 0.017832 0.007093
v -0.001181 0.017133 0.007288
v -0.000540 0.017394 0.007195
v -0.001064 0.017925 0.007105
v -0.000624 0.017576 0.006934
v -0.000723 0.017866 0.006876
v -0.000741 0.017788 0.006824
v -0.001293 0.017256 0.007029
v -0.000994 0.017147 0.006943
v -0.000641 0.017620 0.006566
v -0.000844 0.017839 0.006525
v -0.000540 0.017520 0.006898
v -0.001379 0.017505 0.006759
v -0.000721 0.017848 0.006570
v -0.001083 0.017912 0.006531
v -0.001372 0.017535 0.006490
v -0.000649 0.017816 0.006315
v -0.000988 0.017919 0.005969
v -0.001293 0.017744 0.005652
v -0.000822 0.017915 0.005149
v -0.000735 0.017806 0.005405
v -0.000770 0.017873 0.005465
v -0.000773 0.017820 0.005397
v -0.000873 0.017864 0.005384
v -0.000722 0.017231 0.006337
v -0.001232 0.017193 0.006420
v -0.000535 0.017537 0.006325
v -0.000983 0.017921 0.006262
v -0.001137 0.017198 0.006110
v -0.001115 0.017177 0.006106
v -0.001299 0.017570 0.005880
v -0.000596 0.017486 0.005731
v -0.000567 0.017493 0.005733
v -0.001333 0.017303 0.006193
v -0.001183 0.017210 0.006117
v -0.000989 0.017086 0.006116
v -0.000577 0.017263 0.006080
v -0.000602 0.017686 0.005997
v -0.001253 0.017784 0.005938
v -0.001314 0.017600 0.005885
v -0.001008 0.017084 0.005846
v -0.000901 0.017148 0.005509
v -0.000839 0.017162 0.005501
v -0.000646 0.017397 0.005460
v -0.000527 0.017568 0.005464
v -0.000787 0.017816 0.005395
v -0.000834 0.017836 0.005389
v -0.000786 0.017815 0.005395
v -0.000886 0.017850 0.005381
v -0.001346 0.017638 0.005344
v -0.001265 0.017191 0.005300
v -0.001305 0.017484 0.005016
v -0.000747 0.017792 0.005401
v -0.000875 0.017848 0.005383
v -0.000922 0.017855 0.005377
v -0.001138 0.017875 0.005382
v -0.000745 0.017121 0.005252
v -0.000602 0.017389 0.005203
v -0.000550 0.017617 0.005179
v -0.001220 0.017810 0.005076
v -0.001352 0.017616 0.005058
v -0.001272 0.017311 0.004994
v -0.001155 0.017789 0.008191
v -0.000612 0.017438 0.008017
v -0.000602 0.017425 0.008014
v -0.000712 0.017764 0.007682
v -0.001298 0.017575 0.007588
v -0.001144 0.017768 0.007668
v -0.000722 0.017727 0.008308
v -0.001282 0.017412 0.008135
v -0.000984 0.017150 0.008080
v -0.000714 0.017240 0.007758
v -0.001138 0.017228 0.007868
v -0.001220 0.017268 0.007546
v -0.001023 0.017173 0.007527
v -0.001070 0.017166 0.007523
v -0.000682 0.017276 0.007467
v -0.001296 0.017455 0.007288
v -0.001055 0.017164 0.007236
v -0.000635 0.017566 0.007196
v -0.000790 0.017816 0.007386
v -0.000825 0.017192 0.007542
v -0.000626 0.017520 0.007491
v -0.001077 0.017820 0.007410
v -0.001116 0.017814 0.007343
v -0.000941 0.017145 0.006936
v -0.000938 0.017855 0.006797
v -0.001268 0.017353 0.007558
v -0.000635 0.017440 0.008356
v -0.000835 0.017811 0.008326
v -0.001283 0.017492 0.008166
v -0.001103 0.017209 0.008147
v -0.000779 0.017852 0.007692
v -0.000625 0.017482 0.007764
v -0.001263 0.017393 0.007344
v -0.001038 0.017201 0.007300
v -0.000691 0.017698 0.006869
v -0.001081 0.017177 0.006978
v -0.001215 0.017731 0.006473
v -0.000620 0.017603 0.006000
v -0.001268 0.017578 0.006786
v -0.001139 0.017176 0.006725
v -0.001289 0.017428 0.006715
v -0.001277 0.017390 0.006425
v -0.000691 0.017708 0.006624
v -0.000654 0.017689 0.006272
v -0.000857 0.017190 0.006131
v -0.000705 0.017725 0.006041
v -0.001304 0.017467 0.005867
v -0.001227 0.017290 0.005842
v -0.000867 0.017155 0.005505
v -0.001115 0.017232 0.005601
v -0.000742 0.017788 0.005402
v -0.000830 0.017834 0.005389
v -0.000852 0.017833 0.005671
v -0.000645 0.017632 0.005142
v -0.001041 0.017170 0.005243
v -0.001304 0.017514 0.005020
v -0.001209 0.017311 0.005054
v -0.001265 0.017335 0.004996
v -0.000733 0.017253 0.006401
v -0.001157 0.017774 0.005973
v -0.000625 0.017404 0.005752
v -0.000844 0.017205 0.006695
v -0.001071 0.017796 0.005695
v -0.000685 0.017686 0.005479
v -0.000803 0.017795 0.005410
v -0.000776 0.017768 0.005173
v -0.000949 0.017837 0.008315
v -0.001143 0.017770 0.008247
v -0.001288 0.017455 0.008239
v -0.000772 0.017229 0.008112
v -0.000726 0.017724 0.007751
v -0.001263 0.017498 0.007635
v -0.000830 0.017835 0.008336
v -0.000778 0.017779 0.008023
v -0.001281 0.017370 0.008232
v -0.001154 0.017229 0.007919
v -0.000765 0.017233 0.007818
v -0.001244 0.017312 0.007938
v -0.001250 0.017398 0.007622
v -0.001116 0.017236 0.007596
v -0.000760 0.017749 0.007456
v -0.000763 0.017227 0.007260
v -0.001277 0.017543 0.007080
v -0.001179 0.017256 0.007068
v -0.000991 0.017166 0.007039
v -0.000789 0.017211 0.007009
v -0.000976 0.017820 0.006570
v -0.001044 0.017836 0.006836
v -0.000620 0.017421 0.006653
v -0.000790 0.017189 0.008441
v -0.001061 0.017835 0.008021
v -0.000908 0.017149 0.007887
v -0.000675 0.017710 0.008361
v -0.000621 0.017504 0.008086
v -0.001153 0.017208 0.008205
v -0.001101 0.017822 0.008300
v -0.001304 0.017530 0.008253
v -0.001306 0.017568 0.007928
v -0.000875 0.017848 0.008329
v -0.000922 0.017855 0.008323
v -0.001298 0.017426 0.007670
v -0.001235 0.017650 0.007417
v -0.000602 0.017425 0.007547
v -0.000639 0.017648 0.007517
v -0.001300 0.017437 0.008241
v -0.000799 0.017178 0.007873
v -0.000614 0.017512 0.007814
v -0.000747 0.017792 0.007779
v -0.000885 0.017151 0.007600
v -0.000596 0.017470 0.007542
v -0.001290 0.017400 0.007382
v -0.000696 0.017252 0.007288
v -0.000678 0.017725 0.006937
v -0.000719 0.017231 0.006723
v -0.001205 0.017744 0.006861
v -0.000612 0.017413 0.006695
v -0.000596 0.017470 0.007257
v -0.000786 0.017781 0.007155
v -0.001075 0.017799 0.007112
v -0.001153 0.017208 0.007067
v -0.001298 0.017575 0.006836
v -0.001304 0.017530 0.006830
v -0.001296 0.017528 0.006498
v -0.001179 0.017758 0.006240
v -0.001244 0.017384 0.006194
v -0.001050 0.017200 0.005881
v -0.000638 0.017570 0.006349
v -0.000803 0.017779 0.006309
v -0.001057 0.017194 0.006178
v -0.000664 0.017312 0.006066
v -0.001241 0.017364 0.005918
v -0.000788 0.017218 0.005829
v -0.000709 0.017245 0.005544
v -0.000726 0.017753 0.005733
v -0.001281 0.017527 0.005647
v -0.000923 0.017178 0.005288
v -0.001212 0.017292 0.005329
v -0.001002 0.017815 0.005430
v -0.001265 0.017605 0.005380
v -0.000655 0.017323 0.005282
v -0.001054 0.017808 0.005137
v -0.000639 0.017557 0.005215
v -0.001303 0.017462 0.006537
v -0.000700 0.017751 0.006364
v -0.000933 0.017837 0.006331
v -0.001264 0.017648 0.006561
v -0.001304 0.017530 0.006546
v -0.001071 0.017199 0.006455
v -0.000799 0.017178 0.006451
v -0.000660 0.017314 0.006425
v -0.000712 0.017764 0.006362
v -0.000747 0.017792 0.006356
v -0.001231 0.017282 0.006227
v -0.000799 0.017178 0.006167
v -0.000596 0.017470 0.006119
v -0.000878 0.017846 0.006053
v -0.000747 0.017792 0.006072
v -0.001101 0.017822 0.006024
v -0.000623 0.017505 0.005801
v -0.000662 0.017316 0.005856
v -0.001200 0.017248 0.005652
v -0.001220 0.017706 0.005433
v -0.001017 0.017848 0.005466
v -0.000940 0.017175 0.005007
v -0.000761 0.017200 0.005308
v -0.000733 0.017776 0.005221
v -0.001216 0.017732 0.005721
v -0.001101 0.017822 0.005740
v -0.001188 0.017236 0.005650
v -0.001153 0.017208 0.005645
v -0.001101 0.017822 0.005455
v -0.001304 0.017530 0.005408
v -0.001008 0.017154 0.005340
v -0.001153 0.017208 0.005361
v -0.000799 0.017178 0.005313
v -0.000600 0.017563 0.005254
v -0.000595 0.017516 0.005260
v -0.000612 0.017609 0.005247
v -0.000629 0.017653 0.005241
v -0.001257 0.017573 0.005093
v -0.001131 0.017194 0.005073
v -0.000604 0.017452 0.008397
v -0.001051 0.017838 0.008307
v -0.000674 0.017295 0.008135
v -0.000626 0.017597 0.008093
v -0.000749 0.017793 0.008063
v -0.000870 0.017841 0.008046
v -0.001250 0.017655 0.007986
v -0.001052 0.017160 0.007906
v -0.000703 0.017248 0.007858
v -0.000622 0.017366 0.007839
v -0.000882 0.017834 0.007760
v -0.001300 0.017556 0.007687
v -0.001215 0.017264 0.007646
v -0.000873 0.017838 0.007476
v -0.001238 0.017299 0.007367
v -0.001116 0.017189 0.007347
v -0.000846 0.017169 0.007310
v -0.000607 0.017419 0.007263
v -0.000650 0.017669 0.007230
v -0.001280 0.017382 0.007095
v -0.000993 0.017157 0.007045
v -0.000617 0.017384 0.006983
v -0.001016 0.017849 0.006889
v -0.001260 0.017351 0.006806
v -0.000982 0.017158 0.006759
v -0.000669 0.017713 0.006654
v -0.000821 0.017826 0.006630
v -0.001049 0.017838 0.006600
v -0.000933 0.017147 0.006468
v -0.000636 0.017641 0.006380
v -0.001285 0.017603 0.006271
v -0.001090 0.017174 0.006205
v -0.000908 0.017156 0.006181
v -0.000744 0.017212 0.006158
v -0.000668 0.017285 0.006144
v -0.000639 0.017650 0.006095
v -0.001163 0.017777 0.006014
v -0.001297 0.017511 0.005974
v -0.001222 0.017277 0.005941
v -0.001030 0.017154 0.005912
v -0.000838 0.017165 0.005887
v -0.001280 0.017381 0.005673
v -0.001218 0.017266 0.005655
v -0.000614 0.017479 0.005549
v -0.000653 0.017693 0.005520
v -0.000722 0.017772 0.005507
v -0.001272 0.017366 0.005386
v -0.000632 0.017347 0.005282
v -0.001070 0.017818 0.005174
v -0.001239 0.017307 0.005092
v -0.000919 0.017146 0.005044
v -0.001229 0.017715 0.005047
v -0.000845 0.017840 0.005103
v -0.000772 0.017195 0.005208
v -0.001288 0.017421 0.005292
v -0.001204 0.017737 0.005336
v -0.000939 0.017855 0.005374
v -0.000867 0.017845 0.005384
v -0.001097 0.017198 0.005536
v -0.001294 0.017431 0.005578
v -0.001179 0.017760 0.005625
v -0.000625 0.017626 0.005712
v -0.000662 0.017294 0.005757
v -0.001016 0.017157 0.005809
v -0.001181 0.017769 0.005910
v -0.000883 0.017833 0.005951
v -0.000698 0.017259 0.006048
v -0.000962 0.017145 0.006086
v -0.001237 0.017295 0.006127
v -0.001252 0.017624 0.006174
v -0.000855 0.017831 0.006239
v -0.000595 0.017491 0.006299
v -0.001075 0.017171 0.006386
v -0.000730 0.017778 0.006542
v -0.000703 0.017261 0.006617
v -0.000957 0.017149 0.006654
v -0.001202 0.017741 0.006759
v -0.000595 0.017496 0.006868
v -0.001104 0.017187 0.006959
v -0.001294 0.017431 0.007000
v -0.001179 0.017760 0.007048
v -0.000616 0.017594 0.007139
v -0.000681 0.017274 0.007183
v -0.001171 0.017222 0.007253
v -0.000602 0.017553 0.007429
v -0.000976 0.017148 0.007510
v -0.001181 0.017766 0.007617
v -0.000617 0.017622 0.007704
v -0.001280 0.017393 0.007848
v -0.001225 0.017715 0.007892
v -0.000818 0.017829 0.007951
v -0.000655 0.017653 0.007983
v -0.000752 0.017208 0.008049
v -0.000937 0.017855 0.008219
v -0.000622 0.017623 0.008273
v -0.000734 0.017260 0.008327
v 0.001047 0.017683 0.006537
v 0.001008 0.017712 0.006681
v 0.000967 0.017699 0.006681
v 0.001008 0.017288 0.006681
v 0.000967 0.017301 0.006681
v 0.000930 0.017680 0.006681
v 0.001050 0.017284 0.006681
v 0.000897 0.017347 0.006681
v 0.000870 0.017380 0.006681
v 0.000930 0.017320 0.006681
v 0.000897 0.017653 0.006681
v 0.000870 0.017620 0.006681
v 0.000838 0.017458 0.006681
v 0.000834 0.017500 0.006681
v 0.000851 0.017417 0.006681
v 0.000851 0.017583 0.006681
v 0.000838 0.017542 0.006681
v 0.001273 0.017277 0.008970
v 0.001266 0.017500 0.006681
v 0.001262 0.017458 0.006681
v 0.001249 0.017417 0.006681
v 0.001229 0.017380 0.006681
v 0.001249 0.017583 0.006681
v 0.001262 0.017542 0.006681
v 0.001229 0.017620 0.006681
v 0.001203 0.017347 0.006681
v 0.001170 0.017320 0.006681
v 0.001133 0.017301 0.006681
v 0.001092 0.017288 0.006681
v 0.001203 0.017653 0.006681
v 0.001170 0.017680 0.006681
v 0.001133 0.017699 0.006681
v 0.001092 0.017712 0.006681
v 0.001050 0.017495 0.006336
v 0.001249 0.017583 0.008421
v 0.001262 0.017542 0.008421
v 0.001203 0.017653 0.008421
v 0.001133 0.017699 0.008421
v 0.001170 0.017680 0.008421
v 0.001229 0.017620 0.008421
v 0.001266 0.017500 0.008421
v 0.001092 0.017712 0.008421
v 0.000834 0.017500 0.008421
v 0.000838 0.017542 0.008421
v 0.001050 0.017716 0.008421
v 0.001008 0.017712 0.008421
v 0.000930 0.017680 0.008421
v 0.000870 0.017620 0.008421
v 0.000897 0.017653 0.008421
v 0.000967 0.017699 0.008421
v 0.000851 0.017583 0.008421
v 0.000455 0.017552 0.008737
v 0.001132 0.018065 0.008749
v 0.000838 0.017458 0.008421
v 0.000851 0.017417 0.008421
v 0.000897 0.017347 0.008421
v 0.000930 0.017320 0.008421
v 0.000967 0.017301 0.008421
v 0.000870 0.017380 0.008421
v 0.001008 0.017288 0.008421
v 0.001050 0.017284 0.008421
v 0.001092 0.017288 0.008421
v 0.001133 0.017301 0.008421
v 0.001170 0.017320 0.008421
v 0.001249 0.017417 0.008421
v 0.001262 0.017458 0.008421
v 0.001229 0.017380 0.008421
v 0.001203 0.017347 0.008421
v -0.000953 0.017683 0.006537
v -0.000992 0.017712 0.006681
v -0.001033 0.017699 0.006681
v -0.000992 0.017288 0.006681
v -0.001033 0.017301 0.006681
v -0.001070 0.017680 0.006681
v -0.000950 0.017284 0.006681
v -0.001103 0.017347 0.006681
v -0.001130 0.017380 0.006681
v -0.001070 0.017320 0.006681
v -0.001103 0.017653 0.006681
v -0.001130 0.017620 0.006681
v -0.001162 0.017458 0.006681
v -0.001166 0.017500 0.006681
v -0.001149 0.017417 0.006681
v -0.001149 0.017583 0.006681
v -0.001162 0.017542 0.006681
v -0.001519 0.017304 0.009034
v -0.000373 0.017351 0.009081
v -0.000734 0.017500 0.006681
v -0.000738 0.017458 0.006681
v -0.000751 0.017417 0.006681
v -0.000770 0.017380 0.006681
v -0.000751 0.017583 0.006681
v -0.000738 0.017542 0.006681
v -0.000770 0.017620 0.006681
v -0.000797 0.017347 0.006681
v -0.000830 0.017320 0.006681
v -0.000867 0.017301 0.006681
v -0.000908 0.017288 0.006681
v -0.000797 0.017653 0.006681
v -0.000830 0.017680 0.006681
v -0.000867 0.017699 0.006681
v -0.000908 0.017712 0.006681
v -0.000950 0.017495 0.006336
v -0.000751 0.017583 0.008421
v -0.000738 0.017542 0.008421
v -0.000797 0.017653 0.008421
v -0.000867 0.017699 0.008421
v -0.000830 0.017680 0.008421
v -0.000770 0.017620 0.008421
v -0.000734 0.017500 0.008421
v -0.000908 0.017712 0.008421
v -0.001166 0.017500 0.008421
v -0.001162 0.017542 0.008421
v -0.000950 0.017716 0.008421
v -0.000992 0.017712 0.008421
v -0.001070 0.017680 0.008421
v -0.001130 0.017620 0.008421
v -0.001103 0.017653 0.008421
v -0.001033 0.017699 0.008421
v -0.001149 0.017583 0.008421
v -0.000368 0.017436 0.008739
v -0.001465 0.017833 0.008993
v -0.000790 0.018116 0.008923
v -0.000979 0.016934 0.008745
v -0.001162 0.017458 0.008421
v -0.001149 0.017417 0.008421
v -0.001103 0.017347 0.008421
v -0.001070 0.017320 0.008421
v -0.001033 0.017301 0.008421
v -0.001130 0.017380 0.008421
v -0.000992 0.017288 0.008421
v -0.000950 0.017284 0.008421
v -0.000908 0.017288 0.008421
v -0.000867 0.017301 0.008421
v -0.000830 0.017320 0.008421
v -0.000797 0.017347 0.008421
v -0.000770 0.017380 0.008421
v -0.000751 0.017417 0.008421
v -0.000738 0.017458 0.008421
v 0.001050 0.017906 0.004498
v 0.001456 0.017500 0.004498
v 0.001455 0.017463 0.004498
v 0.001454 0.017461 0.004498
v 0.001129 0.017899 0.004498
v 0.001168 0.017889 0.004498
v 0.001206 0.017875 0.004498
v 0.001242 0.017858 0.004498
v 0.001276 0.017838 0.004498
v 0.001308 0.017814 0.004498
v 0.001050 0.017094 0.004498
v 0.001090 0.017096 0.004498
v 0.001129 0.017101 0.004498
v 0.001168 0.017111 0.004498
v 0.001455 0.017465 0.004498
v 0.001455 0.017464 0.004498
v 0.001206 0.017125 0.004498
v 0.001242 0.017142 0.004498
v 0.001276 0.017162 0.004498
v 0.001308 0.017186 0.004498
v 0.001337 0.017787 0.004498
v 0.001364 0.017758 0.004498
v 0.001408 0.017692 0.004498
v 0.001425 0.017656 0.004498
v 0.001388 0.017726 0.004498
v 0.001439 0.017618 0.004498
v 0.001449 0.017579 0.004498
v 0.001454 0.017540 0.004498
v 0.001337 0.017213 0.004498
v 0.001364 0.017242 0.004498
v 0.001388 0.017274 0.004498
v 0.001425 0.017344 0.004498
v 0.001408 0.017308 0.004498
v 0.001455 0.017470 0.004498
v 0.001439 0.017382 0.004498
v 0.001089 0.017887 0.004346
v 0.001449 0.017421 0.004498
v 0.001454 0.017460 0.004498
v 0.001455 0.017480 0.004498
v 0.001457 0.017129 0.007435
v 0.000644 0.017500 0.004498
v 0.000646 0.017540 0.004498
v 0.000651 0.017579 0.004498
v 0.000661 0.017618 0.004498
v 0.000675 0.017656 0.004498
v 0.000692 0.017692 0.004498
v 0.000712 0.017726 0.004498
v 0.000736 0.017758 0.004498
v 0.000763 0.017787 0.004498
v 0.000646 0.017460 0.004498
v 0.000661 0.017382 0.004498
v 0.000651 0.017421 0.004498
v 0.000692 0.017308 0.004498
v 0.000675 0.017344 0.004498
v 0.000712 0.017274 0.004498
v 0.000763 0.017213 0.004498
v 0.000736 0.017242 0.004498
v 0.000645 0.017465 0.004498
v 0.000645 0.017464 0.004498
v 0.000792 0.017814 0.004498
v 0.000824 0.017838 0.004498
v 0.000858 0.017858 0.004498
v 0.000894 0.017875 0.004498
v 0.000932 0.017889 0.004498
v 0.000971 0.017899 0.004498
v 0.001010 0.017904 0.004498
v 0.000824 0.017162 0.004498
v 0.000792 0.017186 0.004498
v 0.000858 0.017142 0.004498
v 0.000894 0.017125 0.004498
v 0.000932 0.017111 0.004498
v 0.000971 0.017101 0.004498
v 0.000645 0.017461 0.004498
v 0.001010 0.017096 0.004498
v 0.000645 0.017463 0.004498
v 0.001049 0.017477 0.003848
v 0.000645 0.017470 0.004498
v 0.000645 0.017480 0.004498
v 0.001129 0.017101 0.007074
v 0.001090 0.017096 0.007074
v 0.001206 0.017125 0.007074
v 0.001276 0.017162 0.007074
v 0.001242 0.017142 0.007074
v 0.001168 0.017111 0.007074
v 0.001337 0.017213 0.007074
v 0.001388 0.017274 0.007074
v 0.001364 0.017242 0.007074
v 0.001425 0.017344 0.007074
v 0.001449 0.017421 0.007074
v 0.001439 0.017382 0.007074
v 0.001408 0.017308 0.007074
v 0.001308 0.017186 0.007074
v 0.001050 0.017094 0.007074
v 0.001454 0.017460 0.007074
v 0.001050 0.017967 0.007109
v 0.001090 0.017904 0.007074
v 0.001454 0.017540 0.007074
v 0.001439 0.017618 0.007074
v 0.001449 0.017579 0.007074
v 0.001408 0.017692 0.007074
v 0.001364 0.017758 0.007074
v 0.001388 0.017726 0.007074
v 0.001425 0.017656 0.007074
v 0.001308 0.017814 0.007074
v 0.001242 0.017858 0.007074
v 0.001276 0.017838 0.007074
v 0.001168 0.017889 0.007074
v 0.001129 0.017899 0.007074
v 0.001206 0.017875 0.007074
v 0.001337 0.017787 0.007074
v 0.001456 0.017500 0.007074
v 0.001460 0.017923 0.007327
v 0.000795 0.017988 0.007339
v 0.000499 0.017563 0.007412
v 0.000586 0.017299 0.007126
v 0.000786 0.017011 0.007276
v 0.000971 0.017899 0.007074
v 0.000932 0.017889 0.007074
v 0.001010 0.017904 0.007074
v 0.000894 0.017875 0.007074
v 0.000824 0.017838 0.007074
v 0.000792 0.017814 0.007074
v 0.000763 0.017787 0.007074
v 0.000651 0.017579 0.007074
v 0.000646 0.017540 0.007074
v 0.000661 0.017618 0.007074
v 0.000712 0.017726 0.007074
v 0.000692 0.017692 0.007074
v 0.000675 0.017656 0.007074
v 0.000736 0.017758 0.007074
v 0.000858 0.017858 0.007074
v 0.000644 0.017500 0.007074
v 0.000651 0.017421 0.007074
v 0.000646 0.017460 0.007074
v 0.000692 0.017308 0.007074
v 0.000675 0.017344 0.007074
v 0.000661 0.017382 0.007074
v 0.000763 0.017213 0.007074
v 0.000736 0.017242 0.007074
v 0.000712 0.017274 0.007074
v 0.001010 0.017096 0.007074
v 0.000792 0.017186 0.007074
v 0.000824 0.017162 0.007074
v 0.000894 0.017125 0.007074
v 0.000858 0.017142 0.007074
v 0.000932 0.017111 0.007074
v 0.000971 0.017101 0.007074
v -0.001069 0.017889 0.004498
v -0.001030 0.017898 0.004498
v -0.000561 0.017619 0.004498
v -0.000552 0.017582 0.004498
v -0.000552 0.017581 0.004498
v -0.000991 0.017904 0.004498
v -0.000951 0.017906 0.004498
v -0.000911 0.017905 0.004498
v -0.000871 0.017899 0.004498
v -0.000833 0.017889 0.004498
v -0.000795 0.017876 0.004498
v -0.000831 0.017111 0.004498
v -0.000794 0.017125 0.004498
v -0.000758 0.017142 0.004498
v -0.000724 0.017162 0.004498
v -0.000553 0.017585 0.004498
v -0.000552 0.017584 0.004498
v -0.000692 0.017186 0.004498
v -0.000662 0.017213 0.004498
v -0.000635 0.017243 0.004498
v -0.000612 0.017275 0.004498
v -0.000759 0.017859 0.004498
v -0.000725 0.017838 0.004498
v -0.000693 0.017815 0.004498
v -0.000663 0.017788 0.004498
v -0.000636 0.017758 0.004498
v -0.000613 0.017726 0.004498
v -0.000575 0.017656 0.004498
v -0.000592 0.017692 0.004498
v -0.000591 0.017309 0.004498
v -0.000545 0.017461 0.004498
v -0.000554 0.017590 0.004498
v -0.000544 0.017501 0.004498
v -0.000546 0.017541 0.004498
v -0.000552 0.017580 0.004498
v -0.000704 0.017034 0.007433
v -0.001339 0.017381 0.004498
v -0.001354 0.017459 0.004498
v -0.001356 0.017499 0.004498
v -0.001355 0.017539 0.004498
v -0.001349 0.017579 0.004498
v -0.001339 0.017617 0.004498
v -0.001326 0.017655 0.004498
v -0.001309 0.017691 0.004498
v -0.001325 0.017344 0.004498
v -0.001308 0.017308 0.004498
v -0.001288 0.017274 0.004498
v -0.001264 0.017242 0.004498
v -0.001237 0.017212 0.004498
v -0.001207 0.017185 0.004498
v -0.001175 0.017162 0.004498
v -0.001141 0.017141 0.004498
v -0.001327 0.017348 0.004498
v -0.001326 0.017347 0.004498
v -0.001288 0.017725 0.004498
v -0.001265 0.017757 0.004498
v -0.001238 0.017787 0.004498
v -0.001208 0.017814 0.004498
v -0.001176 0.017837 0.004498
v -0.001142 0.017858 0.004498
v -0.001106 0.017875 0.004498
v -0.001105 0.017124 0.004498
v -0.001067 0.017111 0.004498
v -0.001029 0.017101 0.004498
v -0.000989 0.017095 0.004498
v -0.000949 0.017094 0.004498
v -0.000909 0.017096 0.004498
v -0.001326 0.017345 0.004498
v -0.001328 0.017398 0.004293
v -0.000870 0.017102 0.004498
v -0.001326 0.017346 0.004498
v -0.001164 0.017590 0.003968
v -0.001329 0.017353 0.004498
v -0.001332 0.017363 0.004498
v -0.000794 0.017125 0.007074
v -0.000831 0.017111 0.007074
v -0.000724 0.017162 0.007074
v -0.000662 0.017213 0.007074
v -0.000692 0.017186 0.007074
v -0.000758 0.017142 0.007074
v -0.000612 0.017275 0.007074
v -0.000635 0.017243 0.007074
v -0.000527 0.017380 0.004304
v -0.000546 0.017541 0.007074
v -0.000544 0.017501 0.007074
v -0.000591 0.017309 0.007074
v -0.000433 0.017328 0.007177
v -0.000545 0.017461 0.007074
v -0.000552 0.017580 0.007074
v -0.001069 0.017889 0.007074
v -0.000592 0.017692 0.007074
v -0.000636 0.017758 0.007074
v -0.000613 0.017726 0.007074
v -0.000575 0.017656 0.007074
v -0.000693 0.017815 0.007074
v -0.000663 0.017788 0.007074
v -0.000725 0.017838 0.007074
v -0.000911 0.017905 0.007074
v -0.001030 0.017898 0.007074
v -0.000951 0.017906 0.007074
v -0.000759 0.017859 0.007074
v -0.000833 0.017889 0.007074
v -0.000795 0.017876 0.007074
v -0.000991 0.017904 0.007074
v -0.000871 0.017899 0.007074
v -0.000561 0.017619 0.007074
v -0.000668 0.018051 0.007452
v -0.001333 0.017982 0.007352
v -0.001477 0.017331 0.007350
v -0.001102 0.016952 0.007327
v -0.001106 0.017875 0.007074
v -0.001142 0.017858 0.007074
v -0.001176 0.017837 0.007074
v -0.001208 0.017814 0.007074
v -0.001238 0.017787 0.007074
v -0.001265 0.017757 0.007074
v -0.001288 0.017725 0.007074
v -0.001309 0.017691 0.007074
v -0.001339 0.017617 0.007074
v -0.001326 0.017655 0.007074
v -0.001349 0.017579 0.007074
v -0.001355 0.017539 0.007074
v -0.001356 0.017499 0.007074
v -0.001354 0.017459 0.007074
v -0.001348 0.017420 0.007074
v -0.001339 0.017381 0.007074
v -0.001207 0.017185 0.007074
v -0.001175 0.017162 0.007074
v -0.001308 0.017308 0.007074
v -0.001288 0.017274 0.007074
v -0.001237 0.017212 0.007074
v -0.001264 0.017242 0.007074
v -0.001141 0.017141 0.007074
v -0.001325 0.017344 0.007074
v -0.001029 0.017101 0.007074
v -0.000989 0.017095 0.007074
v -0.000949 0.017094 0.007074
v -0.000909 0.017096 0.007074
v -0.001105 0.017124 0.007074
v -0.001067 0.017111 0.007074
v -0.000870 0.017102 0.007074
v 0.001341 0.017936 0.005189
v 0.001251 0.017985 0.005189
v 0.001509 0.017907 0.005219
v 0.001421 0.017871 0.005189
v 0.001383 0.017905 0.005189
v 0.001455 0.017833 0.005189
v 0.001297 0.017963 0.005189
v 0.001152 0.018014 0.005189
v 0.001101 0.018022 0.005189
v 0.001050 0.018025 0.005189
v 0.001202 0.018002 0.005189
v 0.001513 0.017747 0.005189
v 0.001535 0.017701 0.005189
v 0.001749 0.017511 0.005189
v 0.001574 0.017500 0.005189
v 0.001564 0.017602 0.005189
v 0.001572 0.017551 0.005189
v 0.001486 0.017791 0.005189
v 0.001552 0.017652 0.005189
v 0.000999 0.018022 0.005189
v 0.000948 0.018014 0.005189
v 0.000898 0.018002 0.005189
v 0.001120 0.018213 0.005189
v 0.000803 0.017963 0.005189
v 0.000717 0.017905 0.005189
v 0.000849 0.017985 0.005189
v 0.000759 0.017936 0.005189
v 0.000679 0.017871 0.005189
v 0.000704 0.018025 0.005207
v 0.000645 0.017833 0.005189
v 0.000614 0.017791 0.005189
v 0.000587 0.017747 0.005189
v 0.000565 0.017701 0.005189
v 0.000548 0.017652 0.005189
v 0.000536 0.017602 0.005189
v 0.000463 0.017863 0.005189
v 0.000528 0.017551 0.005189
v 0.001572 0.017449 0.005189
v 0.001564 0.017398 0.005189
v 0.001535 0.017299 0.005189
v 0.001572 0.017027 0.005189
v 0.001486 0.017209 0.005189
v 0.001552 0.017348 0.005189
v 0.001513 0.017253 0.005189
v 0.001455 0.017167 0.005189
v 0.001383 0.017095 0.005189
v 0.001421 0.017129 0.005189
v 0.001297 0.017037 0.005189
v 0.001341 0.017064 0.005189
v 0.001251 0.017015 0.005189
v 0.001202 0.016998 0.005189
v 0.001152 0.016986 0.005189
v 0.001050 0.016975 0.005189
v 0.001101 0.016978 0.005189
v 0.001039 0.016793 0.005189
v 0.000999 0.016978 0.005189
v 0.000548 0.017348 0.005189
v 0.000565 0.017299 0.005189
v 0.000528 0.017449 0.005189
v 0.000536 0.017398 0.005189
v 0.000614 0.017209 0.005189
v 0.000645 0.017167 0.005189
v 0.000587 0.017253 0.005189
v 0.000525 0.017500 0.005189
v 0.000347 0.017477 0.005189
v 0.000679 0.017129 0.005189
v 0.000898 0.016998 0.005189
v 0.000948 0.016986 0.005189
v 0.000803 0.017037 0.005189
v 0.000849 0.017015 0.005189
v 0.000717 0.017095 0.005189
v 0.000759 0.017064 0.005189
v 0.000909 0.017531 0.007096
v 0.001835 0.017693 0.008546
v 0.000374 0.017986 0.008688
v 0.001672 0.017043 0.008836
v 0.000378 0.017095 0.008820
v 0.001155 0.016647 0.008488
v 0.001341 0.017936 0.009081
v 0.001251 0.017985 0.009081
v 0.001421 0.017871 0.009081
v 0.001383 0.017905 0.009081
v 0.001455 0.017833 0.009081
v 0.001297 0.017963 0.009081
v 0.001152 0.018014 0.009081
v 0.001101 0.018022 0.009081
v 0.001202 0.018002 0.009081
v 0.001535 0.017701 0.009081
v 0.001260 0.018296 0.008614
v 0.001486 0.017791 0.009081
v 0.001552 0.017652 0.009081
v 0.001574 0.017500 0.009081
v 0.001572 0.017551 0.009081
v 0.001513 0.017747 0.009081
v 0.001564 0.017602 0.009081
v 0.000999 0.018022 0.009081
v 0.001050 0.018025 0.009081
v 0.000948 0.018014 0.009081
v 0.000898 0.018002 0.009081
v 0.000849 0.017985 0.009081
v 0.000759 0.017936 0.009081
v 0.000679 0.017871 0.009081
v 0.000717 0.017905 0.009081
v 0.000645 0.017833 0.009081
v 0.000803 0.017963 0.009081
v 0.000587 0.017747 0.009081
v 0.000614 0.017791 0.009081
v 0.000548 0.017652 0.009081
v 0.000565 0.017701 0.009081
v 0.000528 0.017551 0.009081
v 0.000536 0.017602 0.009081
v 0.001572 0.017449 0.009081
v 0.001564 0.017398 0.009081
v 0.001552 0.017348 0.009081
v 0.001535 0.017299 0.009081
v 0.001486 0.017209 0.009081
v 0.001513 0.017253 0.009081
v 0.001455 0.017167 0.009081
v 0.001421 0.017129 0.009081
v 0.001383 0.017095 0.009081
v 0.001341 0.017064 0.009081
v 0.001297 0.017037 0.009081
v 0.001251 0.017015 0.009081
v 0.001202 0.016998 0.009081
v 0.001152 0.016986 0.009081
v 0.001101 0.016978 0.009081
v 0.000999 0.016978 0.009081
v 0.001050 0.016975 0.009081
v 0.000565 0.017299 0.009081
v 0.000548 0.017348 0.009081
v 0.000536 0.017398 0.009081
v 0.000528 0.017449 0.009081
v 0.000645 0.017167 0.009081
v 0.000614 0.017209 0.009081
v 0.000587 0.017253 0.009081
v 0.000525 0.017500 0.009081
v 0.000679 0.017129 0.009081
v 0.000948 0.016986 0.009081
v 0.000898 0.016998 0.009081
v 0.000849 0.017015 0.009081
v 0.000803 0.017037 0.009081
v 0.000759 0.017064 0.009081
v 0.000717 0.017095 0.009081
v 0.000632 0.017052 0.005217
v -0.000659 0.017936 0.005189
v -0.000749 0.017985 0.005189
v -0.000579 0.017871 0.005189
v -0.000617 0.017905 0.005189
v -0.000703 0.017963 0.005189
v -0.000848 0.018014 0.005189
v -0.000899 0.018022 0.005189
v -0.000950 0.018025 0.005189
v -0.000798 0.018002 0.005189
v -0.000487 0.017747 0.005189
v -0.000465 0.017701 0.005189
v -0.000251 0.017511 0.005189
v -0.000426 0.017500 0.005189
v -0.000436 0.017602 0.005189
v -0.000428 0.017551 0.005189
v -0.000514 0.017791 0.005189
v -0.000545 0.017833 0.005189
v -0.000448 0.017652 0.005189
v -0.001001 0.018022 0.005189
v -0.001052 0.018014 0.005189
v -0.001102 0.018002 0.005189
v -0.000880 0.018213 0.005189
v -0.001197 0.017963 0.005189
v -0.001283 0.017905 0.005189
v -0.001151 0.017985 0.005189
v -0.001241 0.017936 0.005189
v -0.001321 0.017871 0.005189
v -0.001296 0.018025 0.005207
v -0.001355 0.017833 0.005189
v -0.001386 0.017791 0.005189
v -0.001413 0.017747 0.005189
v -0.001435 0.017701 0.005189
v -0.001452 0.017652 0.005189
v -0.001464 0.017602 0.005189
v -0.001537 0.017863 0.005189
v -0.001472 0.017551 0.005189
v -0.000428 0.017449 0.005189
v -0.000436 0.017398 0.005189
v -0.000465 0.017299 0.005189
v -0.000428 0.017027 0.005189
v -0.000514 0.017209 0.005189
v -0.000448 0.017348 0.005189
v -0.000487 0.017253 0.005189
v -0.000545 0.017167 0.005189
v -0.000617 0.017095 0.005189
v -0.000579 0.017129 0.005189
v -0.000703 0.017037 0.005189
v -0.000659 0.017064 0.005189
v -0.000749 0.017015 0.005189
v -0.000798 0.016998 0.005189
v -0.000848 0.016986 0.005189
v -0.000950 0.016975 0.005189
v -0.000899 0.016978 0.005189
v -0.000961 0.016793 0.005189
v -0.001001 0.016978 0.005189
v -0.001452 0.017348 0.005189
v -0.001435 0.017299 0.005189
v -0.001472 0.017449 0.005189
v -0.001464 0.017398 0.005189
v -0.001386 0.017209 0.005189
v -0.001355 0.017167 0.005189
v -0.001413 0.017253 0.005189
v -0.001475 0.017500 0.005189
v -0.001642 0.017496 0.005768
v -0.001321 0.017129 0.005189
v -0.001102 0.016998 0.005189
v -0.001052 0.016986 0.005189
v -0.001197 0.017037 0.005189
v -0.001151 0.017015 0.005189
v -0.001283 0.017095 0.005189
v -0.001241 0.017064 0.005189
v -0.001009 0.017368 0.007209
v -0.000115 0.017616 0.008518
v -0.000429 0.016951 0.008888
v -0.000659 0.017936 0.009081
v -0.000749 0.017985 0.009081
v -0.000579 0.017871 0.009081
v -0.000617 0.017905 0.009081
v -0.000545 0.017833 0.009081
v -0.000703 0.017963 0.009081
v -0.001227 0.018270 0.008632
v -0.000848 0.018014 0.009081
v -0.000899 0.018022 0.009081
v -0.000798 0.018002 0.009081
v -0.000465 0.017701 0.009081
v -0.000636 0.018230 0.008784
v -0.000514 0.017791 0.009081
v -0.000448 0.017652 0.009081
v -0.000426 0.017500 0.009081
v -0.000428 0.017551 0.009081
v -0.000487 0.017747 0.009081
v -0.000436 0.017602 0.009081
v -0.001001 0.018022 0.009081
v -0.000950 0.018025 0.009081
v -0.001052 0.018014 0.009081
v -0.001102 0.018002 0.009081
v -0.001151 0.017985 0.009081
v -0.001241 0.017936 0.009081
v -0.001321 0.017871 0.009081
v -0.001283 0.017905 0.009081
v -0.001355 0.017833 0.009081
v -0.001197 0.017963 0.009081
v -0.001681 0.017881 0.008609
v -0.001413 0.017747 0.009081
v -0.001386 0.017791 0.009081
v -0.001452 0.017652 0.009081
v -0.001435 0.017701 0.009081
v -0.001472 0.017551 0.009081
v -0.001464 0.017602 0.009081
v -0.000428 0.017449 0.009081
v -0.000436 0.017398 0.009081
v -0.000448 0.017348 0.009081
v -0.000465 0.017299 0.009081
v -0.000514 0.017209 0.009081
v -0.000487 0.017253 0.009081
v -0.000545 0.017167 0.009081
v -0.000579 0.017129 0.009081
v -0.000617 0.017095 0.009081
v -0.000659 0.017064 0.009081
v -0.000703 0.017037 0.009081
v -0.000749 0.017015 0.009081
v -0.000798 0.016998 0.009081
v -0.000848 0.016986 0.009081
v -0.000899 0.016978 0.009081
v -0.001001 0.016978 0.009081
v -0.000950 0.016975 0.009081
v -0.001435 0.017299 0.009081
v -0.001452 0.017348 0.009081
v -0.001511 0.016901 0.008779
v -0.001464 0.017398 0.009081
v -0.001472 0.017449 0.009081
v -0.001355 0.017167 0.009081
v -0.001386 0.017209 0.009081
v -0.001413 0.017253 0.009081
v -0.001475 0.017500 0.009081
v -0.001321 0.017129 0.009081
v -0.001052 0.016986 0.009081
v -0.001102 0.016998 0.009081
v -0.001151 0.017015 0.009081
v -0.001197 0.017037 0.009081
v -0.000653 0.016749 0.008705
v -0.001241 0.017064 0.009081
v -0.001283 0.017095 0.009081
v -0.001366 0.017056 0.005233
v -0.000491 0.017907 0.005219
v 0.001081 0.015146 0.004942
v 0.001063 0.015855 0.008321
v 0.000824 0.015225 0.008209
v 0.000736 0.015652 0.008269
v 0.000694 0.015500 0.008249
v 0.000866 0.015196 0.008202
v 0.000847 0.015209 0.008205
v 0.001398 0.015429 0.008116
v 0.001383 0.015592 0.007810
v 0.001283 0.015768 0.007783
v 0.001225 0.015190 0.007870
v 0.001201 0.015179 0.007873
v 0.001178 0.015168 0.007876
v 0.001431 0.015693 0.008300
v 0.001216 0.015815 0.008342
v 0.001116 0.015849 0.008328
v 0.001124 0.015847 0.008329
v 0.001167 0.015836 0.008335
v 0.000698 0.015448 0.008242
v 0.000729 0.015346 0.008228
v 0.000710 0.015396 0.008235
v 0.001213 0.015816 0.008342
v 0.000712 0.015391 0.008234
v 0.000687 0.015350 0.008213
v 0.001391 0.015400 0.007550
v 0.001402 0.015449 0.007544
v 0.001397 0.015426 0.007547
v 0.001403 0.015470 0.007542
v 0.001248 0.015140 0.007225
v 0.001073 0.015845 0.007185
v 0.000753 0.015683 0.007136
v 0.000817 0.015231 0.007072
v 0.001406 0.015500 0.007538
v 0.000632 0.015587 0.007335
v 0.001379 0.015763 0.007163
v 0.001343 0.015599 0.006917
v 0.001213 0.015857 0.008321
v 0.000919 0.015895 0.008249
v 0.000711 0.015737 0.008211
v 0.000667 0.015536 0.008242
v 0.001296 0.015142 0.008091
v 0.001301 0.015795 0.007772
v 0.000688 0.015277 0.007608
v 0.001468 0.015499 0.008054
v 0.001409 0.015678 0.007719
v 0.001463 0.015474 0.007466
v 0.000646 0.015598 0.007057
v 0.000695 0.015277 0.007027
v 0.000958 0.015082 0.006998
v 0.001521 0.015418 0.006912
v 0.000698 0.015551 0.006833
v 0.000703 0.015574 0.006836
v 0.000709 0.015600 0.006839
v 0.000697 0.015530 0.006830
v 0.001283 0.015769 0.006361
v 0.001226 0.015191 0.006448
v 0.000990 0.015164 0.006479
v 0.001358 0.015334 0.006137
v 0.000694 0.015499 0.006827
v 0.001448 0.015682 0.006620
v 0.001476 0.015587 0.005490
v 0.001253 0.015791 0.006072
v 0.001275 0.015776 0.006075
v 0.001233 0.015805 0.006069
v 0.001004 0.015852 0.006038
v 0.001224 0.015810 0.005783
v 0.000818 0.015231 0.005649
v 0.000899 0.015821 0.005740
v 0.000920 0.015831 0.005743
v 0.000874 0.015809 0.005736
v 0.001386 0.015245 0.005247
v 0.000868 0.015195 0.005357
v 0.000847 0.015209 0.005361
v 0.000826 0.015224 0.005364
v 0.001404 0.015516 0.005260
v 0.001405 0.015481 0.005264
v 0.001355 0.015684 0.005237
v 0.001399 0.015563 0.005254
v 0.001404 0.015533 0.005258
v 0.000853 0.015882 0.005101
v 0.001370 0.015653 0.005241
v 0.001387 0.015609 0.005247
v 0.001395 0.015585 0.005251
v 0.001378 0.015636 0.005244
v 0.000842 0.015866 0.006814
v 0.001184 0.015080 0.006397
v 0.000655 0.015605 0.005920
v 0.000694 0.015252 0.005880
v 0.000775 0.015804 0.006501
v 0.000747 0.015784 0.005938
v 0.000694 0.015261 0.005611
v 0.000990 0.015092 0.005553
v 0.001237 0.015147 0.005506
v 0.000660 0.015496 0.008156
v 0.001198 0.015889 0.007700
v 0.000695 0.015720 0.007662
v 0.001366 0.015587 0.008330
v 0.001083 0.015910 0.008249
v 0.001238 0.015801 0.008244
v 0.001385 0.015382 0.008020
v 0.001398 0.015429 0.008014
v 0.001355 0.015322 0.008028
v 0.001471 0.015400 0.007759
v 0.000661 0.015501 0.007590
v 0.001319 0.015733 0.007688
v 0.001339 0.015828 0.007443
v 0.001390 0.015243 0.006640
v 0.000874 0.015172 0.007532
v 0.001129 0.015101 0.008371
v 0.001452 0.015303 0.008351
v 0.000813 0.015146 0.008135
v 0.001350 0.015801 0.007998
v 0.000954 0.015917 0.007966
v 0.000883 0.015858 0.007925
v 0.000610 0.015554 0.007921
v 0.000696 0.015531 0.007582
v 0.000695 0.015518 0.007581
v 0.000695 0.015484 0.007576
v 0.000704 0.015581 0.007588
v 0.000802 0.015245 0.007542
v 0.000695 0.015479 0.007576
v 0.000885 0.015185 0.007529
v 0.000888 0.015183 0.007529
v 0.000933 0.015164 0.007522
v 0.001321 0.015168 0.007521
v 0.000841 0.015213 0.007536
v 0.001210 0.015816 0.007386
v 0.001202 0.015109 0.007817
v 0.001283 0.015768 0.007682
v 0.000812 0.015236 0.007540
v 0.000998 0.015092 0.007571
v 0.000900 0.015889 0.007396
v 0.000819 0.015133 0.007288
v 0.001460 0.015394 0.007195
v 0.000936 0.015925 0.007105
v 0.001237 0.015884 0.006877
v 0.001259 0.015788 0.006824
v 0.000804 0.015744 0.006760
v 0.000621 0.015505 0.006759
v 0.001101 0.015090 0.006701
v 0.001120 0.015922 0.006557
v 0.000675 0.015535 0.006500
v 0.001075 0.015928 0.005979
v 0.001108 0.015172 0.006102
v 0.001238 0.015881 0.005141
v 0.000869 0.015103 0.005012
v 0.000735 0.015299 0.004992
v 0.000768 0.015193 0.006420
v 0.001364 0.015807 0.006303
v 0.000932 0.015904 0.006235
v 0.000863 0.015198 0.006110
v 0.000885 0.015177 0.006106
v 0.000701 0.015570 0.005880
v 0.000679 0.015690 0.006233
v 0.001404 0.015486 0.005731
v 0.001436 0.015489 0.005737
v 0.000644 0.015390 0.006192
v 0.000817 0.015210 0.006117
v 0.000949 0.015085 0.006149
v 0.001297 0.015163 0.006090
v 0.001384 0.015744 0.006015
v 0.001084 0.015081 0.005829
v 0.001414 0.015319 0.005779
v 0.001389 0.015756 0.005748
v 0.000964 0.015920 0.005672
v 0.001112 0.015150 0.005507
v 0.001161 0.015162 0.005501
v 0.001137 0.015156 0.005504
v 0.001386 0.015221 0.005526
v 0.001213 0.015816 0.005395
v 0.001236 0.015802 0.005399
v 0.001367 0.015617 0.005144
v 0.000630 0.015545 0.005065
v 0.001340 0.015752 0.005416
v 0.001146 0.015903 0.005431
v 0.000707 0.015795 0.005369
v 0.000671 0.015323 0.005315
v 0.000960 0.015070 0.005274
v 0.001468 0.015565 0.005180
v 0.000810 0.015754 0.008184
v 0.000747 0.015609 0.008212
v 0.001398 0.015425 0.008014
v 0.001400 0.015545 0.007999
v 0.001288 0.015764 0.007682
v 0.000702 0.015575 0.007588
v 0.001214 0.015783 0.007699
v 0.000954 0.015846 0.007684
v 0.001351 0.015319 0.008313
v 0.000959 0.015166 0.008088
v 0.001198 0.015786 0.008013
v 0.001301 0.015262 0.007755
v 0.000842 0.015253 0.007891
v 0.000745 0.015600 0.007641
v 0.000696 0.015444 0.007570
v 0.000780 0.015269 0.007546
v 0.000977 0.015173 0.007527
v 0.000930 0.015166 0.007523
v 0.001367 0.015548 0.007489
v 0.000737 0.015393 0.007344
v 0.000704 0.015455 0.007288
v 0.000945 0.015164 0.007236
v 0.001365 0.015566 0.007196
v 0.000723 0.015396 0.006995
v 0.000867 0.015222 0.007549
v 0.000779 0.015651 0.007373
v 0.001284 0.015287 0.007527
v 0.001005 0.015852 0.007359
v 0.000954 0.015158 0.006950
v 0.001101 0.015849 0.006802
v 0.000905 0.015788 0.006830
v 0.001340 0.015312 0.006921
v 0.001250 0.015780 0.008255
v 0.001165 0.015811 0.008326
v 0.000893 0.015115 0.007833
v 0.000931 0.015796 0.008251
v 0.001206 0.015211 0.008116
v 0.001364 0.015556 0.008067
v 0.000962 0.015201 0.007300
v 0.001189 0.015794 0.006872
v 0.000734 0.015388 0.007056
v 0.001159 0.015162 0.008448
v 0.001367 0.015600 0.006633
v 0.001405 0.015506 0.006582
v 0.001442 0.015453 0.006318
v 0.000703 0.015446 0.006718
v 0.000846 0.015192 0.006726
v 0.001355 0.015323 0.006606
v 0.000774 0.015714 0.006470
v 0.001278 0.015231 0.006337
v 0.001038 0.015145 0.006086
v 0.000755 0.015339 0.005849
v 0.001049 0.015144 0.005800
v 0.001304 0.015716 0.005752
v 0.000765 0.015633 0.005679
v 0.001133 0.015154 0.005505
v 0.001360 0.015674 0.005421
v 0.001168 0.015831 0.005673
v 0.001103 0.015852 0.005096
v 0.000881 0.015190 0.005254
v 0.000696 0.015514 0.005020
v 0.000735 0.015335 0.004996
v 0.000890 0.015185 0.004968
v 0.001074 0.015177 0.005016
v 0.000929 0.015200 0.006454
v 0.001413 0.015427 0.006083
v 0.000887 0.015203 0.005600
v 0.001006 0.015823 0.005429
v 0.000943 0.015802 0.005698
v 0.000707 0.015692 0.005651
v 0.001288 0.015278 0.005537
v 0.001296 0.015711 0.005188
v 0.000775 0.015691 0.005108
v 0.000812 0.015275 0.008166
v 0.001309 0.015317 0.008380
v 0.001051 0.015837 0.008315
v 0.000723 0.015420 0.008233
v 0.001189 0.015197 0.007826
v 0.001354 0.015437 0.008065
v 0.001293 0.015699 0.007752
v 0.001111 0.015806 0.007723
v 0.001170 0.015835 0.008336
v 0.000892 0.015787 0.007964
v 0.000721 0.015365 0.008231
v 0.000727 0.015558 0.007921
v 0.001369 0.015466 0.007790
v 0.001026 0.015183 0.007004
v 0.000732 0.015544 0.006789
v 0.000773 0.015325 0.007620
v 0.001073 0.015183 0.007550
v 0.001225 0.015762 0.007444
v 0.000973 0.015817 0.007417
v 0.001237 0.015227 0.007260
v 0.001062 0.015828 0.006572
v 0.001272 0.015260 0.006685
v 0.001326 0.015282 0.008421
v 0.000772 0.015280 0.008218
v 0.000939 0.015835 0.008021
v 0.000710 0.015412 0.007953
v 0.000948 0.015160 0.007906
v 0.001404 0.015470 0.008111
v 0.000847 0.015208 0.008205
v 0.000899 0.015822 0.008300
v 0.000696 0.015530 0.008253
v 0.000696 0.015530 0.007968
v 0.001125 0.015848 0.008329
v 0.001078 0.015855 0.008323
v 0.000745 0.015335 0.007657
v 0.001338 0.015307 0.007849
v 0.001398 0.015425 0.007547
v 0.001357 0.015654 0.007516
v 0.000700 0.015437 0.008241
v 0.000990 0.015154 0.008185
v 0.001201 0.015178 0.007873
v 0.001404 0.015470 0.007826
v 0.001253 0.015792 0.007779
v 0.001115 0.015151 0.007600
v 0.001404 0.015470 0.007542
v 0.000722 0.015631 0.007412
v 0.001304 0.015252 0.007288
v 0.001312 0.015733 0.006935
v 0.000795 0.015744 0.006861
v 0.001078 0.015854 0.006616
v 0.001404 0.015532 0.006680
v 0.001404 0.015470 0.007257
v 0.001214 0.015781 0.007155
v 0.000881 0.015785 0.007107
v 0.000847 0.015208 0.007067
v 0.000702 0.015575 0.006836
v 0.000696 0.015530 0.006830
v 0.001275 0.015255 0.006408
v 0.001357 0.015518 0.006359
v 0.000813 0.015753 0.006250
v 0.001192 0.015795 0.006025
v 0.000807 0.015725 0.005966
v 0.001319 0.015300 0.005826
v 0.000803 0.015273 0.006183
v 0.001284 0.015735 0.006321
v 0.000921 0.015207 0.005890
v 0.000755 0.015384 0.005916
v 0.001150 0.015206 0.005854
v 0.001358 0.015573 0.005497
v 0.001029 0.015817 0.005143
v 0.001215 0.015773 0.005475
v 0.001370 0.015488 0.005217
v 0.000947 0.015199 0.005303
v 0.001218 0.015227 0.005265
v 0.001300 0.015751 0.006364
v 0.001079 0.015840 0.006332
v 0.001025 0.015148 0.006189
v 0.001161 0.015837 0.006058
v 0.000736 0.015666 0.005994
v 0.000847 0.015208 0.006498
v 0.001201 0.015178 0.006451
v 0.001340 0.015314 0.006425
v 0.001288 0.015764 0.006362
v 0.001253 0.015792 0.006356
v 0.001201 0.015178 0.006167
v 0.001361 0.015650 0.006095
v 0.001253 0.015792 0.006072
v 0.000899 0.015822 0.006024
v 0.001404 0.015470 0.005835
v 0.001382 0.015387 0.005845
v 0.000800 0.015248 0.005652
v 0.000757 0.015670 0.005428
v 0.001022 0.015852 0.005471
v 0.001304 0.015273 0.005295
v 0.001253 0.015792 0.005787
v 0.001033 0.015853 0.005757
v 0.000899 0.015822 0.005740
v 0.001384 0.015384 0.005561
v 0.000812 0.015236 0.005650
v 0.000847 0.015208 0.005645
v 0.000899 0.015822 0.005455
v 0.000707 0.015512 0.005366
v 0.000847 0.015208 0.005361
v 0.001201 0.015178 0.005313
v 0.001400 0.015563 0.005254
v 0.001405 0.015516 0.005260
v 0.001388 0.015609 0.005247
v 0.001371 0.015653 0.005241
v 0.000696 0.015530 0.005123
v 0.000824 0.015253 0.005040
v 0.001397 0.015445 0.008398
v 0.001399 0.015567 0.008383
v 0.001327 0.015703 0.008362
v 0.000949 0.015838 0.008307
v 0.001292 0.015256 0.008142
v 0.001356 0.015624 0.008089
v 0.001182 0.015829 0.008053
v 0.000762 0.015707 0.007992
v 0.001118 0.015834 0.007760
v 0.000715 0.015604 0.007693
v 0.001319 0.015277 0.007569
v 0.001110 0.015850 0.007474
v 0.000700 0.015442 0.007388
v 0.000762 0.015299 0.007367
v 0.000884 0.015189 0.007347
v 0.001154 0.015169 0.007310
v 0.001393 0.015419 0.007263
v 0.001350 0.015669 0.007230
v 0.000720 0.015382 0.007095
v 0.001008 0.015159 0.007045
v 0.001383 0.015384 0.006983
v 0.000984 0.015849 0.006889
v 0.000740 0.015352 0.006806
v 0.001018 0.015158 0.006759
v 0.001303 0.015273 0.006717
v 0.001402 0.015455 0.006690
v 0.001331 0.015713 0.006654
v 0.000843 0.015743 0.006581
v 0.000754 0.015333 0.006518
v 0.001364 0.015641 0.006380
v 0.000940 0.015838 0.006314
v 0.000715 0.015603 0.006271
v 0.000816 0.015240 0.006219
v 0.001159 0.015163 0.006172
v 0.000837 0.015777 0.006014
v 0.000703 0.015511 0.005974
v 0.000825 0.015235 0.005934
v 0.000729 0.015349 0.005953
v 0.000970 0.015154 0.005912
v 0.001162 0.015165 0.005887
v 0.001338 0.015294 0.005858
v 0.001370 0.015624 0.005814
v 0.001267 0.015782 0.005789
v 0.001150 0.015840 0.005773
v 0.000762 0.015692 0.005715
v 0.000720 0.015387 0.005673
v 0.000990 0.015165 0.005625
v 0.001390 0.015567 0.005537
v 0.001275 0.015769 0.005506
v 0.000738 0.015342 0.005382
v 0.001025 0.015155 0.005336
v 0.001307 0.015744 0.005227
v 0.001020 0.015843 0.005186
v 0.000835 0.015782 0.005161
v 0.000732 0.015656 0.005140
v 0.000705 0.015576 0.005129
v 0.000761 0.015307 0.005092
v 0.001081 0.015146 0.005044
v 0.000771 0.015715 0.005047
v 0.001227 0.015807 0.005113
v 0.001336 0.015289 0.005188
v 0.001155 0.015173 0.005217
v 0.000699 0.015459 0.005297
v 0.000796 0.015737 0.005336
v 0.001100 0.015849 0.005380
v 0.001343 0.015343 0.005467
v 0.000888 0.015188 0.005537
v 0.000720 0.015415 0.005575
v 0.000774 0.015723 0.005617
v 0.001372 0.015639 0.005710
v 0.001338 0.015294 0.005757
v 0.000886 0.015185 0.005822
v 0.000903 0.015815 0.005923
v 0.001152 0.015834 0.005956
v 0.001381 0.015590 0.006001
v 0.001302 0.015259 0.006048
v 0.000725 0.015405 0.006143
v 0.000802 0.015745 0.006191
v 0.001145 0.015831 0.006239
v 0.001354 0.015679 0.006273
v 0.001405 0.015491 0.006299
v 0.000925 0.015171 0.006386
v 0.000723 0.015390 0.006425
v 0.001078 0.015850 0.006515
v 0.001314 0.015735 0.006549
v 0.001141 0.015174 0.006641
v 0.001401 0.015522 0.006864
v 0.000821 0.015760 0.007048
v 0.001095 0.015851 0.007086
v 0.001384 0.015594 0.007139
v 0.001319 0.015274 0.007183
v 0.000829 0.015222 0.007253
v 0.000797 0.015727 0.007327
v 0.001393 0.015565 0.007427
v 0.001277 0.015226 0.007476
v 0.001024 0.015148 0.007510
v 0.000732 0.015353 0.007558
v 0.000789 0.015740 0.007612
v 0.001383 0.015622 0.007704
v 0.000925 0.015171 0.007808
v 0.000700 0.015437 0.007855
v 0.000796 0.015748 0.007898
v 0.001130 0.015841 0.007944
v 0.001271 0.015777 0.007964
v 0.001258 0.015216 0.008047
v 0.000718 0.015412 0.008135
v 0.001116 0.015849 0.008226
v 0.001367 0.015652 0.008269
v 0.001159 0.015162 0.008346
v -0.000919 0.015146 0.004942
v -0.000937 0.015855 0.008321
v -0.001176 0.015225 0.008209
v -0.001264 0.015652 0.008269
v -0.001306 0.015500 0.008249
v -0.001134 0.015196 0.008202
v -0.001153 0.015209 0.008205
v -0.000663 0.015302 0.008134
v -0.000617 0.015592 0.007810
v -0.000717 0.015768 0.007783
v -0.000775 0.015190 0.007870
v -0.000799 0.015179 0.007873
v -0.000822 0.015168 0.007876
v -0.000520 0.015492 0.008322
v -0.000784 0.015815 0.008342
v -0.000884 0.015849 0.008328
v -0.000876 0.015847 0.008329
v -0.000833 0.015836 0.008335
v -0.001302 0.015448 0.008242
v -0.001271 0.015346 0.008228
v -0.001290 0.015396 0.008235
v -0.000787 0.015816 0.008342
v -0.001288 0.015391 0.008234
v -0.000574 0.015699 0.008300
v -0.001313 0.015350 0.008212
v -0.000587 0.015290 0.008080
v -0.001061 0.015835 0.008021
v -0.000609 0.015400 0.007550
v -0.000598 0.015449 0.007544
v -0.000603 0.015426 0.007547
v -0.000597 0.015470 0.007542
v -0.000730 0.015148 0.007219
v -0.000927 0.015845 0.007185
v -0.001300 0.015561 0.007119
v -0.001183 0.015231 0.007072
v -0.001306 0.015281 0.007028
v -0.000594 0.015500 0.007538
v -0.000724 0.015846 0.007464
v -0.001375 0.015583 0.007344
v -0.000527 0.015451 0.007198
v -0.000626 0.015766 0.007171
v -0.000614 0.015742 0.006895
v -0.000787 0.015857 0.008321
v -0.001081 0.015895 0.008249
v -0.001289 0.015737 0.008211
v -0.001333 0.015536 0.008242
v -0.001253 0.015211 0.007889
v -0.000863 0.015077 0.007823
v -0.000524 0.015586 0.007755
v -0.001312 0.015277 0.007608
v -0.001354 0.015598 0.007057
v -0.000531 0.015497 0.007466
v -0.000541 0.015520 0.006898
v -0.000859 0.015901 0.006875
v -0.001302 0.015551 0.006833
v -0.001297 0.015574 0.006836
v -0.001291 0.015600 0.006839
v -0.001303 0.015530 0.006830
v -0.001239 0.015307 0.006515
v -0.000717 0.015769 0.006361
v -0.000774 0.015191 0.006448
v -0.000799 0.015179 0.006451
v -0.000821 0.015169 0.006454
v -0.000616 0.015383 0.006130
v -0.001306 0.015499 0.006827
v -0.000508 0.015502 0.006624
v -0.000738 0.015902 0.006568
v -0.000531 0.015593 0.006035
v -0.000526 0.015512 0.005488
v -0.000747 0.015791 0.006072
v -0.000725 0.015776 0.006075
v -0.000767 0.015805 0.006069
v -0.000597 0.015763 0.005744
v -0.001182 0.015231 0.005649
v -0.001101 0.015821 0.005740
v -0.001080 0.015831 0.005743
v -0.001126 0.015809 0.005736
v -0.001132 0.015195 0.005357
v -0.001153 0.015209 0.005361
v -0.001174 0.015224 0.005364
v -0.000596 0.015516 0.005260
v -0.000595 0.015481 0.005264
v -0.000645 0.015684 0.005237
v -0.000601 0.015563 0.005254
v -0.000596 0.015533 0.005258
v -0.000852 0.015918 0.005149
v -0.000630 0.015653 0.005241
v -0.000613 0.015609 0.005247
v -0.000605 0.015585 0.005251
v -0.000622 0.015636 0.005244
v -0.001158 0.015866 0.006814
v -0.000654 0.015197 0.006371
v -0.001000 0.015057 0.005850
v -0.001198 0.015238 0.006721
v -0.000728 0.015137 0.006675
v -0.001225 0.015804 0.006501
v -0.000746 0.015874 0.006014
v -0.001030 0.015915 0.005689
v -0.001374 0.015421 0.005625
v -0.001077 0.015098 0.005567
v -0.000759 0.015152 0.005503
v -0.001340 0.015496 0.008156
v -0.001327 0.015375 0.007849
v -0.000802 0.015889 0.007700
v -0.001305 0.015720 0.007662
v -0.000837 0.015857 0.008234
v -0.000762 0.015801 0.008244
v -0.000615 0.015382 0.008020
v -0.000602 0.015429 0.008014
v -0.000655 0.015653 0.007983
v -0.000645 0.015322 0.008028
v -0.000635 0.015490 0.007769
v -0.001339 0.015501 0.007590
v -0.000681 0.015733 0.007688
v -0.000616 0.015344 0.007170
v -0.001126 0.015172 0.007532
v -0.001071 0.015104 0.006990
v -0.001031 0.015099 0.006719
v -0.000795 0.015208 0.008396
v -0.000665 0.015194 0.008370
v -0.000931 0.015910 0.008261
v -0.001187 0.015146 0.008135
v -0.000794 0.015112 0.008095
v -0.000542 0.015552 0.008034
v -0.000671 0.015817 0.008001
v -0.001047 0.015914 0.007959
v -0.001360 0.015628 0.007926
v -0.001304 0.015531 0.007582
v -0.001305 0.015517 0.007581
v -0.001305 0.015484 0.007576
v -0.001296 0.015581 0.007588
v -0.001198 0.015245 0.007542
v -0.001305 0.015479 0.007576
v -0.001115 0.015185 0.007529
v -0.001112 0.015183 0.007529
v -0.001067 0.015164 0.007522
v -0.001159 0.015213 0.007536
v -0.000653 0.015205 0.007785
v -0.000717 0.015768 0.007682
v -0.001188 0.015236 0.007540
v -0.001002 0.015092 0.007571
v -0.000704 0.015154 0.007523
v -0.001086 0.015896 0.007386
v -0.001284 0.015619 0.007306
v -0.001181 0.015133 0.007288
v -0.001064 0.015925 0.007105
v -0.000741 0.015788 0.006824
v -0.000905 0.015148 0.006647
v -0.001376 0.015511 0.006769
v -0.001372 0.015535 0.006490
v -0.000649 0.015816 0.006315
v -0.000596 0.015279 0.005795
v -0.000887 0.015132 0.006076
v -0.001141 0.015888 0.005957
v -0.001293 0.015744 0.005652
v -0.001131 0.015103 0.005012
v -0.001265 0.015299 0.004992
v -0.000722 0.015231 0.006337
v -0.001276 0.015280 0.006420
v -0.001107 0.015105 0.006440
v -0.000535 0.015537 0.006325
v -0.000983 0.015921 0.006262
v -0.001137 0.015198 0.006110
v -0.001012 0.015091 0.006126
v -0.001247 0.015687 0.005896
v -0.001299 0.015570 0.005880
v -0.000596 0.015486 0.005731
v -0.000567 0.015493 0.005733
v -0.000835 0.015175 0.005786
v -0.001332 0.015296 0.006186
v -0.000580 0.015267 0.006077
v -0.001341 0.015621 0.005913
v -0.001342 0.015355 0.005890
v -0.000888 0.015150 0.005507
v -0.000839 0.015162 0.005501
v -0.000863 0.015156 0.005504
v -0.000744 0.015873 0.005436
v -0.000764 0.015802 0.005399
v -0.000676 0.015277 0.005191
v -0.000676 0.015717 0.005130
v -0.001370 0.015545 0.005065
v -0.001115 0.015881 0.005387
v -0.001393 0.015524 0.005331
v -0.001167 0.015147 0.005301
v -0.000743 0.015098 0.005245
v -0.000520 0.015573 0.005187
v -0.001220 0.015810 0.005076
v -0.001190 0.015754 0.008184
v -0.000627 0.015416 0.008027
v -0.000602 0.015425 0.008014
v -0.000712 0.015764 0.007682
v -0.001298 0.015575 0.007588
v -0.000769 0.015776 0.007736
v -0.001046 0.015846 0.007684
v -0.000618 0.015549 0.008340
v -0.001282 0.015412 0.008135
v -0.001188 0.015275 0.008166
v -0.000710 0.015247 0.007757
v -0.001255 0.015600 0.007641
v -0.001304 0.015444 0.007570
v -0.001220 0.015269 0.007546
v -0.001023 0.015173 0.007527
v -0.001070 0.015166 0.007523
v -0.000616 0.015582 0.007425
v -0.001296 0.015455 0.007288
v -0.001055 0.015164 0.007236
v -0.000678 0.015724 0.007135
v -0.001150 0.015256 0.007026
v -0.001277 0.015396 0.006995
v -0.000788 0.015828 0.006814
v -0.001133 0.015222 0.007549
v -0.001116 0.015814 0.007343
v -0.000865 0.015838 0.007091
v -0.001046 0.015158 0.006950
v -0.001005 0.015834 0.006843
v -0.000606 0.015547 0.006861
v -0.000858 0.015810 0.008273
v -0.000835 0.015811 0.008326
v -0.000802 0.015786 0.008013
v -0.001119 0.015765 0.008249
v -0.001253 0.015609 0.008212
v -0.001143 0.015770 0.007962
v -0.000690 0.015710 0.007445
v -0.001203 0.015281 0.007313
v -0.000783 0.015207 0.007264
v -0.000683 0.015715 0.007211
v -0.001281 0.015494 0.007103
v -0.000608 0.015402 0.006594
v -0.000595 0.015506 0.006582
v -0.000868 0.015132 0.006356
v -0.000620 0.015603 0.006000
v -0.001268 0.015544 0.006789
v -0.001297 0.015446 0.006718
v -0.000625 0.015357 0.006601
v -0.001226 0.015714 0.006470
v -0.000654 0.015689 0.006272
v -0.000962 0.015145 0.006086
v -0.001264 0.015525 0.005941
v -0.001239 0.015332 0.005847
v -0.000867 0.015155 0.005505
v -0.001163 0.015233 0.005546
v -0.001003 0.015152 0.005807
v -0.000663 0.015706 0.005416
v -0.000832 0.015831 0.005673
v -0.001304 0.015514 0.005020
v -0.001265 0.015335 0.004996
v -0.001110 0.015185 0.004968
v -0.000928 0.015177 0.005017
v -0.000758 0.015223 0.006688
v -0.000733 0.015253 0.006401
v -0.000631 0.015596 0.006629
v -0.001071 0.015200 0.006454
v -0.001262 0.015508 0.005639
v -0.000623 0.015586 0.005201
v -0.001122 0.015782 0.005690
v -0.000996 0.015825 0.005426
v -0.000995 0.015834 0.005146
v -0.001277 0.015420 0.008233
v -0.000830 0.015835 0.008336
v -0.001282 0.015374 0.008232
v -0.001141 0.015243 0.007887
v -0.000807 0.015198 0.007828
v -0.000684 0.015216 0.006948
v -0.001227 0.015325 0.007620
v -0.000932 0.015183 0.007555
v -0.000667 0.015337 0.007514
v -0.001286 0.015423 0.007379
v -0.001098 0.015805 0.007404
v -0.000634 0.015498 0.007220
v -0.001277 0.015564 0.007080
v -0.000974 0.015183 0.007004
v -0.000634 0.015593 0.006909
v -0.000938 0.015828 0.006572
v -0.000650 0.015657 0.008085
v -0.001228 0.015280 0.008218
v -0.001213 0.015738 0.007997
v -0.001018 0.015155 0.007902
v -0.000636 0.015555 0.008070
v -0.001153 0.015208 0.008205
v -0.001101 0.015822 0.008300
v -0.001304 0.015530 0.008253
v -0.000763 0.015221 0.008112
v -0.001275 0.015497 0.007925
v -0.000875 0.015848 0.008329
v -0.000922 0.015855 0.008323
v -0.001255 0.015335 0.007657
v -0.001289 0.015537 0.007400
v -0.000602 0.015425 0.007547
v -0.000643 0.015654 0.007516
v -0.001300 0.015437 0.008241
v -0.001153 0.015208 0.007921
v -0.000799 0.015178 0.007873
v -0.000596 0.015470 0.007826
v -0.000747 0.015792 0.007779
v -0.000885 0.015151 0.007600
v -0.000596 0.015470 0.007542
v -0.001215 0.015733 0.007143
v -0.001290 0.015400 0.007382
v -0.001205 0.015744 0.006861
v -0.000669 0.015713 0.006654
v -0.000922 0.015854 0.006616
v -0.000625 0.015357 0.006702
v -0.000596 0.015470 0.007257
v -0.000747 0.015792 0.007210
v -0.001065 0.015816 0.007111
v -0.001153 0.015208 0.007067
v -0.000654 0.015695 0.006942
v -0.001298 0.015575 0.006836
v -0.001304 0.015530 0.006830
v -0.001297 0.015533 0.006500
v -0.001289 0.015732 0.006224
v -0.001251 0.015611 0.006229
v -0.000669 0.015333 0.006081
v -0.001129 0.015774 0.005977
v -0.001254 0.015396 0.006207
v -0.000638 0.015570 0.006349
v -0.000803 0.015779 0.006309
v -0.001010 0.015176 0.006163
v -0.000698 0.015262 0.006145
v -0.001053 0.015188 0.005886
v -0.000691 0.015724 0.006033
v -0.001215 0.015315 0.005903
v -0.000686 0.015298 0.005822
v -0.000765 0.015203 0.005548
v -0.001111 0.015215 0.005310
v -0.000666 0.015665 0.005481
v -0.000699 0.015735 0.005745
v -0.001178 0.015270 0.005609
v -0.000609 0.015230 0.005532
v -0.001257 0.015574 0.005093
v -0.001100 0.015179 0.006491
v -0.000700 0.015751 0.006364
v -0.000933 0.015837 0.006331
v -0.001207 0.015256 0.005938
v -0.000696 0.015253 0.005865
v -0.000597 0.015538 0.005826
v -0.001153 0.015208 0.006498
v -0.000799 0.015178 0.006451
v -0.000660 0.015314 0.006425
v -0.000712 0.015764 0.006362
v -0.000747 0.015792 0.006356
v -0.000799 0.015178 0.006167
v -0.000596 0.015470 0.006119
v -0.000747 0.015792 0.006072
v -0.001101 0.015822 0.006024
v -0.000596 0.015470 0.005835
v -0.000618 0.015387 0.005845
v -0.001200 0.015248 0.005652
v -0.000816 0.015172 0.005600
v -0.001262 0.015652 0.005424
v -0.000976 0.015854 0.005187
v -0.000747 0.015792 0.005787
v -0.001249 0.015676 0.005712
v -0.000908 0.015846 0.005765
v -0.001101 0.015822 0.005740
v -0.001010 0.015165 0.005625
v -0.000616 0.015384 0.005561
v -0.001188 0.015236 0.005650
v -0.001153 0.015208 0.005645
v -0.001068 0.015812 0.005452
v -0.001017 0.015848 0.005466
v -0.001273 0.015571 0.005375
v -0.001265 0.015362 0.005385
v -0.001153 0.015208 0.005361
v -0.000762 0.015236 0.005263
v -0.000600 0.015563 0.005254
v -0.000595 0.015516 0.005260
v -0.000612 0.015609 0.005247
v -0.000629 0.015653 0.005241
v -0.001304 0.015530 0.005123
v -0.001176 0.015253 0.005040
v -0.000758 0.015222 0.008434
v -0.000603 0.015433 0.008400
v -0.000613 0.015598 0.008378
v -0.001051 0.015838 0.008307
v -0.001010 0.015154 0.008185
v -0.000818 0.015829 0.008053
v -0.001268 0.015637 0.007982
v -0.001251 0.015338 0.007942
v -0.000662 0.015307 0.007849
v -0.000882 0.015834 0.007760
v -0.001285 0.015604 0.007693
v -0.000681 0.015277 0.007569
v -0.000890 0.015850 0.007474
v -0.001181 0.015764 0.007434
v -0.001238 0.015299 0.007367
v -0.001116 0.015189 0.007347
v -0.000913 0.015149 0.007319
v -0.000780 0.015189 0.007302
v -0.000651 0.015336 0.007276
v -0.000612 0.015601 0.007240
v -0.000688 0.015737 0.007219
v -0.001280 0.015382 0.007095
v -0.000992 0.015159 0.007045
v -0.000617 0.015384 0.006983
v -0.001016 0.015849 0.006889
v -0.001276 0.015372 0.006809
v -0.000957 0.015149 0.006756
v -0.000600 0.015558 0.006677
v -0.000821 0.015826 0.006630
v -0.001157 0.015743 0.006581
v -0.000921 0.015149 0.006467
v -0.000636 0.015641 0.006380
v -0.001285 0.015603 0.006271
v -0.001033 0.015161 0.006197
v -0.000706 0.015248 0.006151
v -0.000604 0.015580 0.006105
v -0.000673 0.015721 0.006084
v -0.000937 0.015849 0.006045
v -0.001163 0.015777 0.006014
v -0.001297 0.015511 0.005974
v -0.001070 0.015166 0.005918
v -0.000934 0.015160 0.005899
v -0.000691 0.015735 0.005797
v -0.001280 0.015381 0.005673
v -0.001218 0.015266 0.005655
v -0.000625 0.015637 0.005528
v -0.000754 0.015794 0.005502
v -0.000975 0.015155 0.005336
v -0.000690 0.015284 0.005293
v -0.000693 0.015744 0.005227
v -0.001270 0.015649 0.005139
v -0.001239 0.015307 0.005092
v -0.000919 0.015146 0.005044
v -0.001205 0.015747 0.005053
v -0.000897 0.015852 0.005096
v -0.000929 0.015145 0.005228
v -0.001119 0.015190 0.005254
v -0.001289 0.015428 0.005293
v -0.001209 0.015729 0.005335
v -0.000900 0.015849 0.005380
v -0.000671 0.015289 0.005474
v -0.001291 0.015423 0.005577
v -0.001179 0.015760 0.005625
v -0.000628 0.015639 0.005710
v -0.000662 0.015294 0.005757
v -0.001097 0.015815 0.005923
v -0.000791 0.015817 0.005964
v -0.000639 0.015329 0.006036
v -0.000744 0.015212 0.006057
v -0.001260 0.015335 0.006133
v -0.001252 0.015625 0.006174
v -0.000855 0.015831 0.006239
v -0.000595 0.015491 0.006299
v -0.001075 0.015171 0.006386
v -0.001277 0.015390 0.006425
v -0.000922 0.015850 0.006515
v -0.000686 0.015735 0.006549
v -0.000699 0.015248 0.006618
v -0.001196 0.015744 0.006760
v -0.000938 0.015855 0.006797
v -0.001179 0.015760 0.007048
v -0.000616 0.015594 0.007139
v -0.000681 0.015274 0.007183
v -0.001171 0.015222 0.007253
v -0.001224 0.015712 0.007323
v -0.000930 0.015852 0.007367
v -0.000723 0.015226 0.007476
v -0.000976 0.015148 0.007510
v -0.001268 0.015353 0.007558
v -0.001211 0.015740 0.007612
v -0.000617 0.015622 0.007704
v -0.001075 0.015171 0.007808
v -0.001277 0.015391 0.007848
v -0.001238 0.015707 0.007891
v -0.000818 0.015829 0.007951
v -0.000729 0.015225 0.008045
v -0.000971 0.015148 0.008078
v -0.000884 0.015849 0.008226
v -0.000622 0.015623 0.008273
v -0.000764 0.015222 0.008333
v 0.001047 0.015683 0.006537
v 0.001008 0.015712 0.006681
v 0.000967 0.015699 0.006681
v 0.001008 0.015288 0.006681
v 0.000967 0.015301 0.006681
v 0.000930 0.015680 0.006681
v 0.001050 0.015284 0.006681
v 0.000897 0.015347 0.006681
v 0.000870 0.015380 0.006681
v 0.000930 0.015320 0.006681
v 0.000897 0.015653 0.006681
v 0.000870 0.015620 0.006681
v 0.000838 0.015458 0.006681
v 0.000834 0.015500 0.006681
v 0.000851 0.015417 0.006681
v 0.000851 0.015583 0.006681
v 0.000838 0.015542 0.006681
v 0.001273 0.015277 0.008970
v 0.001266 0.015500 0.006681
v 0.001262 0.015458 0.006681
v 0.001249 0.015417 0.006681
v 0.001229 0.015380 0.006681
v 0.001249 0.015583 0.006681
v 0.001262 0.015542 0.006681
v 0.001229 0.015620 0.006681
v 0.001203 0.015347 0.006681
v 0.001170 0.015320 0.006681
v 0.001133 0.015301 0.006681
v 0.001092 0.015288 0.006681
v 0.001203 0.015653 0.006681
v 0.001170 0.015680 0.006681
v 0.001133 0.015699 0.006681
v 0.001092 0.015712 0.006681
v 0.001050 0.015495 0.006336
v 0.001249 0.015583 0.008421
v 0.001262 0.015542 0.008421
v 0.001203 0.015653 0.008421
v 0.001133 0.015699 0.008421
v 0.001170 0.015680 0.008421
v 0.001229 0.015620 0.008421
v 0.001266 0.015500 0.008421
v 0.001092 0.015712 0.008421
v 0.000834 0.015500 0.008421
v 0.000838 0.015542 0.008421
v 0.001050 0.015716 0.008421
v 0.001008 0.015712 0.008421
v 0.000930 0.015680 0.008421
v 0.000870 0.015620 0.008421
v 0.000897 0.015653 0.008421
v 0.000967 0.015699 0.008421
v 0.000851 0.015583 0.008421
v 0.000455 0.015552 0.008737
v 0.001132 0.016065 0.008749
v 0.000838 0.015458 0.008421
v 0.000851 0.015417 0.008421
v 0.000897 0.015347 0.008421
v 0.000930 0.015320 0.008421
v 0.000967 0.015301 0.008421
v 0.000870 0.015380 0.008421
v 0.001008 0.015288 0.008421
v 0.001050 0.015284 0.008421
v 0.001092 0.015288 0.008421
v 0.001133 0.015301 0.008421
v 0.001170 0.015320 0.008421
v 0.001249 0.015417 0.008421
v 0.001262 0.015458 0.008421
v 0.001229 0.015380 0.008421
v 0.001203 0.015347 0.008421
v -0.000953 0.015683 0.006537
v -0.000992 0.015712 0.006681
v -0.001033 0.015699 0.006681
v -0.000992 0.015288 0.006681
v -0.001033 0.015301 0.006681
v -0.001070 0.015680 0.006681
v -0.000950 0.015284 0.006681
v -0.001103 0.015347 0.006681
v -0.001130 0.015380 0.006681
v -0.001070 0.015320 0.006681
v -0.001103 0.015653 0.006681
v -0.001130 0.015620 0.006681
v -0.001162 0.015458 0.006681
v -0.001166 0.015500 0.006681
v -0.001149 0.015417 0.006681
v -0.001149 0.015583 0.006681
v -0.001162 0.015542 0.006681
v -0.001519 0.015304 0.009034
v -0.000373 0.015351 0.009081
v -0.000734 0.015500 0.006681
v -0.000738 0.015458 0.006681
v -0.000751 0.015417 0.006681
v -0.000770 0.015380 0.006681
v -0.000751 0.015583 0.006681
v -0.000738 0.015542 0.006681
v -0.000770 0.015620 0.006681
v -0.000797 0.015347 0.006681
v -0.000830 0.015320 0.006681
v -0.000867 0.015301 0.006681
v -0.000908 0.015288 0.006681
v -0.000797 0.015653 0.006681
v -0.000830 0.015680 0.006681
v -0.000867 0.015699 0.006681
v -0.000908 0.015712 0.006681
v -0.000950 0.015495 0.006336
v -0.000751 0.015583 0.008421
v -0.000738 0.015542 0.008421
v -0.000797 0.015653 0.008421
v -0.000867 0.015699 0.008421
v -0.000830 0.015680 0.008421
v -0.000770 0.015620 0.008421
v -0.000734 0.015500 0.008421
v -0.000908 0.015712 0.008421
v -0.001166 0.015500 0.008421
v -0.001162 0.015542 0.008421
v -0.000950 0.015716 0.008421
v -0.000992 0.015712 0.008421
v -0.001070 0.015680 0.008421
v -0.001130 0.015620 0.008421
v -0.001103 0.015653 0.008421
v -0.001033 0.015699 0.008421
v -0.001149 0.015583 0.008421
v -0.000368 0.015436 0.008739
v -0.001465 0.015833 0.008993
v -0.000790 0.016116 0.008923
v -0.000979 0.014934 0.008745
v -0.001162 0.015458 0.008421
v -0.001149 0.015417 0.008421
v -0.001103 0.015347 0.008421
v -0.001070 0.015320 0.008421
v -0.001033 0.015301 0.008421
v -0.001130 0.015380 0.008421
v -0.000992 0.015288 0.008421
v -0.000950 0.015284 0.008421
v -0.000908 0.015288 0.008421
v -0.000867 0.015301 0.008421
v -0.000830 0.015320 0.008421
v -0.000797 0.015347 0.008421
v -0.000770 0.015380 0.008421
v -0.000751 0.015417 0.008421
v -0.000738 0.015458 0.008421
v 0.001050 0.015906 0.004498
v 0.001456 0.015500 0.004498
v 0.001455 0.015463 0.004498
v 0.001454 0.015461 0.004498
v 0.001129 0.015899 0.004498
v 0.001168 0.015889 0.004498
v 0.001206 0.015875 0.004498
v 0.001242 0.015858 0.004498
v 0.001276 0.015838 0.004498
v 0.001308 0.015814 0.004498
v 0.001050 0.015094 0.004498
v 0.001090 0.015096 0.004498
v 0.001129 0.015101 0.004498
v 0.001168 0.015111 0.004498
v 0.001455 0.015465 0.004498
v 0.001455 0.015464 0.004498
v 0.001206 0.015125 0.004498
v 0.001242 0.015142 0.004498
v 0.001276 0.015162 0.004498
v 0.001308 0.015186 0.004498
v 0.001337 0.015787 0.004498
v 0.001364 0.015758 0.004498
v 0.001408 0.015692 0.004498
v 0.001425 0.015656 0.004498
v 0.001388 0.015726 0.004498
v 0.001439 0.015618 0.004498
v 0.001449 0.015579 0.004498
v 0.001454 0.015540 0.004498
v 0.001337 0.015213 0.004498
v 0.001364 0.015242 0.004498
v 0.001388 0.015274 0.004498
v 0.001425 0.015344 0.004498
v 0.001408 0.015308 0.004498
v 0.001455 0.015470 0.004498
v 0.001439 0.015382 0.004498
v 0.001089 0.015887 0.004346
v 0.001449 0.015421 0.004498
v 0.001454 0.015460 0.004498
v 0.001455 0.015480 0.004498
v 0.001579 0.015680 0.007380
v 0.000644 0.015500 0.004498
v 0.000646 0.015540 0.004498
v 0.000651 0.015579 0.004498
v 0.000661 0.015618 0.004498
v 0.000675 0.015656 0.004498
v 0.000692 0.015692 0.004498
v 0.000712 0.015726 0.004498
v 0.000736 0.015758 0.004498
v 0.000763 0.015787 0.004498
v 0.000646 0.015460 0.004498
v 0.000661 0.015382 0.004498
v 0.000651 0.015421 0.004498
v 0.000692 0.015308 0.004498
v 0.000675 0.015344 0.004498
v 0.000712 0.015274 0.004498
v 0.000763 0.015213 0.004498
v 0.000736 0.015242 0.004498
v 0.000645 0.015465 0.004498
v 0.000645 0.015464 0.004498
v 0.000792 0.015814 0.004498
v 0.000824 0.015838 0.004498
v 0.000858 0.015858 0.004498
v 0.000894 0.015875 0.004498
v 0.000932 0.015889 0.004498
v 0.000971 0.015899 0.004498
v 0.001010 0.015904 0.004498
v 0.000824 0.015162 0.004498
v 0.000792 0.015186 0.004498
v 0.000858 0.015142 0.004498
v 0.000894 0.015125 0.004498
v 0.000932 0.015111 0.004498
v 0.000971 0.015101 0.004498
v 0.000645 0.015461 0.004498
v 0.001010 0.015096 0.004498
v 0.000645 0.015463 0.004498
v 0.001049 0.015477 0.003848
v 0.000645 0.015470 0.004498
v 0.000645 0.015480 0.004498
v 0.001129 0.015101 0.007074
v 0.001090 0.015096 0.007074
v 0.001206 0.015125 0.007074
v 0.001276 0.015162 0.007074
v 0.001242 0.015142 0.007074
v 0.001168 0.015111 0.007074
v 0.001337 0.015213 0.007074
v 0.001388 0.015274 0.007074
v 0.001364 0.015242 0.007074
v 0.001425 0.015344 0.007074
v 0.001449 0.015421 0.007074
v 0.001439 0.015382 0.007074
v 0.001408 0.015308 0.007074
v 0.001308 0.015186 0.007074
v 0.001050 0.015094 0.007074
v 0.001454 0.015460 0.007074
v 0.001050 0.015967 0.007109
v 0.001090 0.015904 0.007074
v 0.001454 0.015540 0.007074
v 0.001439 0.015618 0.007074
v 0.001449 0.015579 0.007074
v 0.001408 0.015692 0.007074
v 0.001364 0.015758 0.007074
v 0.001388 0.015726 0.007074
v 0.001425 0.015656 0.007074
v 0.001308 0.015814 0.007074
v 0.001242 0.015858 0.007074
v 0.001276 0.015838 0.007074
v 0.001168 0.015889 0.007074
v 0.001129 0.015899 0.007074
v 0.001206 0.015875 0.007074
v 0.001337 0.015787 0.007074
v 0.001456 0.015500 0.007074
v 0.001531 0.015171 0.007307
v 0.001136 0.016047 0.007407
v 0.000668 0.015926 0.007319
v 0.000562 0.015271 0.007181
v 0.000569 0.015666 0.007126
v 0.000891 0.014950 0.007455
v 0.001010 0.015904 0.007074
v 0.000894 0.015875 0.007074
v 0.000932 0.015889 0.007074
v 0.000971 0.015899 0.007074
v 0.000763 0.015787 0.007074
v 0.000792 0.015814 0.007074
v 0.000824 0.015838 0.007074
v 0.000651 0.015579 0.007074
v 0.000646 0.015540 0.007074
v 0.000661 0.015618 0.007074
v 0.000712 0.015726 0.007074
v 0.000692 0.015692 0.007074
v 0.000675 0.015656 0.007074
v 0.000736 0.015758 0.007074
v 0.000858 0.015858 0.007074
v 0.000644 0.015500 0.007074
v 0.000651 0.015421 0.007074
v 0.000646 0.015460 0.007074
v 0.000692 0.015308 0.007074
v 0.000675 0.015344 0.007074
v 0.000661 0.015382 0.007074
v 0.000763 0.015213 0.007074
v 0.000736 0.015242 0.007074
v 0.000712 0.015274 0.007074
v 0.000858 0.015142 0.007074
v 0.000894 0.015125 0.007074
v 0.000792 0.015186 0.007074
v 0.000824 0.015162 0.007074
v 0.000932 0.015111 0.007074
v 0.000971 0.015101 0.007074
v 0.001010 0.015096 0.007074
v -0.000950 0.015906 0.004498
v -0.000544 0.015500 0.004498
v -0.000545 0.015463 0.004498
v -0.000545 0.015461 0.004498
v -0.000871 0.015899 0.004498
v -0.000832 0.015889 0.004498
v -0.000794 0.015875 0.004498
v -0.000758 0.015858 0.004498
v -0.000724 0.015838 0.004498
v -0.000692 0.015814 0.004498
v -0.000950 0.015094 0.004498
v -0.000910 0.015096 0.004498
v -0.000871 0.015101 0.004498
v -0.000832 0.015111 0.004498
v -0.000545 0.015465 0.004498
v -0.000545 0.015464 0.004498
v -0.000794 0.015125 0.004498
v -0.000758 0.015142 0.004498
v -0.000724 0.015162 0.004498
v -0.000692 0.015186 0.004498
v -0.000663 0.015787 0.004498
v -0.000636 0.015758 0.004498
v -0.000592 0.015692 0.004498
v -0.000575 0.015656 0.004498
v -0.000612 0.015726 0.004498
v -0.000561 0.015618 0.004498
v -0.000551 0.015579 0.004498
v -0.000546 0.015540 0.004498
v -0.000663 0.015213 0.004498
v -0.000636 0.015242 0.004498
v -0.000612 0.015274 0.004498
v -0.000575 0.015344 0.004498
v -0.000592 0.015308 0.004498
v -0.000545 0.015470 0.004498
v -0.000561 0.015382 0.004498
v -0.000911 0.015887 0.004346
v -0.000551 0.015421 0.004498
v -0.000546 0.015460 0.004498
v -0.000545 0.015480 0.004498
v -0.000481 0.015652 0.007473
v -0.001356 0.015500 0.004498
v -0.001354 0.015540 0.004498
v -0.001349 0.015579 0.004498
v -0.001339 0.015618 0.004498
v -0.001325 0.015656 0.004498
v -0.001308 0.015692 0.004498
v -0.001288 0.015726 0.004498
v -0.001264 0.015758 0.004498
v -0.001237 0.015787 0.004498
v -0.001354 0.015460 0.004498
v -0.001339 0.015382 0.004498
v -0.001349 0.015421 0.004498
v -0.001308 0.015308 0.004498
v -0.001325 0.015344 0.004498
v -0.001288 0.015274 0.004498
v -0.001237 0.015213 0.004498
v -0.001264 0.015242 0.004498
v -0.001355 0.015465 0.004498
v -0.001355 0.015464 0.004498
v -0.001208 0.015814 0.004498
v -0.001176 0.015838 0.004498
v -0.001142 0.015858 0.004498
v -0.001106 0.015875 0.004498
v -0.001068 0.015889 0.004498
v -0.001029 0.015899 0.004498
v -0.000990 0.015904 0.004498
v -0.001176 0.015162 0.004498
v -0.001208 0.015186 0.004498
v -0.001142 0.015142 0.004498
v -0.001106 0.015125 0.004498
v -0.001068 0.015111 0.004498
v -0.001029 0.015101 0.004498
v -0.001355 0.015461 0.004498
v -0.000990 0.015096 0.004498
v -0.001355 0.015463 0.004498
v -0.000951 0.015477 0.003848
v -0.001355 0.015470 0.004498
v -0.001355 0.015480 0.004498
v -0.000871 0.015101 0.007074
v -0.000910 0.015096 0.007074
v -0.000794 0.015125 0.007074
v -0.000724 0.015162 0.007074
v -0.000758 0.015142 0.007074
v -0.000832 0.015111 0.007074
v -0.000663 0.015213 0.007074
v -0.000612 0.015274 0.007074
v -0.000636 0.015242 0.007074
v -0.000575 0.015344 0.007074
v -0.000551 0.015421 0.007074
v -0.000561 0.015382 0.007074
v -0.000592 0.015308 0.007074
v -0.000692 0.015186 0.007074
v -0.000950 0.015094 0.007074
v -0.000546 0.015460 0.007074
v -0.000950 0.015967 0.007109
v -0.000910 0.015904 0.007074
v -0.000546 0.015540 0.007074
v -0.000561 0.015618 0.007074
v -0.000551 0.015579 0.007074
v -0.000592 0.015692 0.007074
v -0.000636 0.015758 0.007074
v -0.000612 0.015726 0.007074
v -0.000575 0.015656 0.007074
v -0.000692 0.015814 0.007074
v -0.000758 0.015858 0.007074
v -0.000724 0.015838 0.007074
v -0.000832 0.015889 0.007074
v -0.000871 0.015899 0.007074
v -0.000794 0.015875 0.007074
v -0.000663 0.015787 0.007074
v -0.000544 0.015500 0.007074
v -0.000469 0.015171 0.007307
v -0.000726 0.016009 0.007294
v -0.001255 0.015971 0.007322
v -0.001096 0.014931 0.007441
v -0.001512 0.015474 0.007358
v -0.001322 0.015134 0.007129
v -0.000990 0.015904 0.007074
v -0.001106 0.015875 0.007074
v -0.001068 0.015889 0.007074
v -0.001029 0.015899 0.007074
v -0.001237 0.015787 0.007074
v -0.001208 0.015814 0.007074
v -0.001176 0.015838 0.007074
v -0.001349 0.015579 0.007074
v -0.001354 0.015540 0.007074
v -0.001339 0.015618 0.007074
v -0.001288 0.015726 0.007074
v -0.001308 0.015692 0.007074
v -0.001325 0.015656 0.007074
v -0.001264 0.015758 0.007074
v -0.001142 0.015858 0.007074
v -0.001356 0.015500 0.007074
v -0.001349 0.015421 0.007074
v -0.001354 0.015460 0.007074
v -0.001308 0.015308 0.007074
v -0.001325 0.015344 0.007074
v -0.001339 0.015382 0.007074
v -0.001237 0.015213 0.007074
v -0.001264 0.015242 0.007074
v -0.001288 0.015274 0.007074
v -0.001142 0.015142 0.007074
v -0.001106 0.015125 0.007074
v -0.001208 0.015186 0.007074
v -0.001176 0.015162 0.007074
v -0.001068 0.015111 0.007074
v -0.001029 0.015101 0.007074
v -0.000990 0.015096 0.007074
v 0.001341 0.015936 0.005189
v 0.001251 0.015985 0.005189
v 0.001421 0.015871 0.005189
v 0.001383 0.015905 0.005189
v 0.001455 0.015833 0.005189
v 0.001297 0.015963 0.005189
v 0.001152 0.016014 0.005189
v 0.001101 0.016022 0.005189
v 0.001050 0.016025 0.005189
v 0.001202 0.016002 0.005189
v 0.001513 0.015747 0.005189
v 0.001535 0.015701 0.005189
v 0.001749 0.015511 0.005189
v 0.001574 0.015500 0.005189
v 0.001564 0.015602 0.005189
v 0.001572 0.015551 0.005189
v 0.001486 0.015791 0.005189
v 0.001552 0.015652 0.005189
v 0.000999 0.016022 0.005189
v 0.000948 0.016014 0.005189
v 0.000898 0.016002 0.005189
v 0.001120 0.016213 0.005189
v 0.000803 0.015963 0.005189
v 0.000717 0.015905 0.005189
v 0.000849 0.015985 0.005189
v 0.000759 0.015936 0.005189
v 0.000679 0.015871 0.005189
v 0.000704 0.016025 0.005207
v 0.000645 0.015833 0.005189
v 0.000614 0.015791 0.005189
v 0.000587 0.015747 0.005189
v 0.000565 0.015701 0.005189
v 0.000548 0.015652 0.005189
v 0.000536 0.015602 0.005189
v 0.000463 0.015863 0.005189
v 0.000528 0.015551 0.005189
v 0.001572 0.015449 0.005189
v 0.001564 0.015398 0.005189
v 0.001535 0.015299 0.005189
v 0.001572 0.015027 0.005189
v 0.001486 0.015209 0.005189
v 0.001552 0.015348 0.005189
v 0.001513 0.015253 0.005189
v 0.001455 0.015167 0.005189
v 0.001383 0.015095 0.005189
v 0.001421 0.015129 0.005189
v 0.001297 0.015037 0.005189
v 0.001341 0.015064 0.005189
v 0.001251 0.015015 0.005189
v 0.001202 0.014998 0.005189
v 0.001152 0.014986 0.005189
v 0.001050 0.014975 0.005189
v 0.001101 0.014978 0.005189
v 0.001039 0.014793 0.005189
v 0.000999 0.014978 0.005189
v 0.000548 0.015348 0.005189
v 0.000565 0.015299 0.005189
v 0.000528 0.015449 0.005189
v 0.000536 0.015398 0.005189
v 0.000614 0.015209 0.005189
v 0.000645 0.015167 0.005189
v 0.000587 0.015253 0.005189
v 0.000525 0.015500 0.005189
v 0.000347 0.015477 0.005189
v 0.000679 0.015129 0.005189
v 0.000898 0.014998 0.005189
v 0.000948 0.014986 0.005189
v 0.000803 0.015037 0.005189
v 0.000849 0.015015 0.005189
v 0.000717 0.015095 0.005189
v 0.000759 0.015064 0.005189
v 0.000598 0.014997 0.005194
v 0.000987 0.015485 0.006846
v 0.001835 0.015693 0.008546
v 0.001252 0.016307 0.008564
v 0.000643 0.016179 0.008798
v 0.001672 0.015043 0.008836
v 0.000378 0.015095 0.008820
v 0.001127 0.014642 0.008486
v 0.001341 0.015936 0.009081
v 0.001251 0.015985 0.009081
v 0.001421 0.015871 0.009081
v 0.001383 0.015905 0.009081
v 0.001455 0.015833 0.009081
v 0.001297 0.015963 0.009081
v 0.001152 0.016014 0.009081
v 0.001101 0.016022 0.009081
v 0.001202 0.016002 0.009081
v 0.001535 0.015701 0.009081
v 0.001486 0.015791 0.009081
v 0.001552 0.015652 0.009081
v 0.001574 0.015500 0.009081
v 0.001572 0.015551 0.009081
v 0.001513 0.015747 0.009081
v 0.001564 0.015602 0.009081
v 0.000999 0.016022 0.009081
v 0.001050 0.016025 0.009081
v 0.000948 0.016014 0.009081
v 0.000898 0.016002 0.009081
v 0.000849 0.015985 0.009081
v 0.000759 0.015936 0.009081
v 0.000679 0.015871 0.009081
v 0.000717 0.015905 0.009081
v 0.000645 0.015833 0.009081
v 0.000803 0.015963 0.009081
v 0.000255 0.015528 0.008519
v 0.000587 0.015747 0.009081
v 0.000614 0.015791 0.009081
v 0.000548 0.015652 0.009081
v 0.000565 0.015701 0.009081
v 0.000528 0.015551 0.009081
v 0.000536 0.015602 0.009081
v 0.001572 0.015449 0.009081
v 0.001564 0.015398 0.009081
v 0.001552 0.015348 0.009081
v 0.001535 0.015299 0.009081
v 0.001486 0.015209 0.009081
v 0.001513 0.015253 0.009081
v 0.001455 0.015167 0.009081
v 0.001421 0.015129 0.009081
v 0.001383 0.015095 0.009081
v 0.001341 0.015064 0.009081
v 0.001297 0.015037 0.009081
v 0.001251 0.015015 0.009081
v 0.001202 0.014998 0.009081
v 0.001152 0.014986 0.009081
v 0.001101 0.014978 0.009081
v 0.000999 0.014978 0.009081
v 0.001050 0.014975 0.009081
v 0.000565 0.015299 0.009081
v 0.000548 0.015348 0.009081
v 0.000536 0.015398 0.009081
v 0.000528 0.015449 0.009081
v 0.000645 0.015167 0.009081
v 0.000614 0.015209 0.009081
v 0.000587 0.015253 0.009081
v 0.000525 0.015500 0.009081
v 0.000679 0.015129 0.009081
v 0.000948 0.014986 0.009081
v 0.000898 0.014998 0.009081
v 0.000849 0.015015 0.009081
v 0.000803 0.015037 0.009081
v 0.000759 0.015064 0.009081
v 0.000717 0.015095 0.009081
v 0.001509 0.015907 0.005219
v -0.000659 0.015936 0.005189
v -0.000749 0.015985 0.005189
v -0.000579 0.015871 0.005189
v -0.000617 0.015905 0.005189
v -0.000703 0.015963 0.005189
v -0.000848 0.016014 0.005189
v -0.000899 0.016022 0.005189
v -0.000950 0.016025 0.005189
v -0.000798 0.016002 0.005189
v -0.000487 0.015747 0.005189
v -0.000465 0.015701 0.005189
v -0.000251 0.015511 0.005189
v -0.000426 0.015500 0.005189
v -0.000436 0.015602 0.005189
v -0.000428 0.015551 0.005189
v -0.000514 0.015791 0.005189
v -0.000545 0.015833 0.005189
v -0.000448 0.015652 0.005189
v -0.001001 0.016022 0.005189
v -0.001052 0.016014 0.005189
v -0.001102 0.016002 0.005189
v -0.000880 0.016213 0.005189
v -0.001197 0.015963 0.005189
v -0.001283 0.015905 0.005189
v -0.001151 0.015985 0.005189
v -0.001241 0.015936 0.005189
v -0.001321 0.015871 0.005189
v -0.001296 0.016025 0.005207
v -0.001355 0.015833 0.005189
v -0.001386 0.015791 0.005189
v -0.001413 0.015747 0.005189
v -0.001435 0.015701 0.005189
v -0.001452 0.015652 0.005189
v -0.001464 0.015602 0.005189
v -0.001537 0.015863 0.005189
v -0.001472 0.015551 0.005189
v -0.000428 0.015449 0.005189
v -0.000436 0.015398 0.005189
v -0.000465 0.015299 0.005189
v -0.000428 0.015027 0.005189
v -0.000514 0.015209 0.005189
v -0.000448 0.015348 0.005189
v -0.000487 0.015253 0.005189
v -0.000545 0.015167 0.005189
v -0.000617 0.015095 0.005189
v -0.000579 0.015129 0.005189
v -0.000703 0.015037 0.005189
v -0.000659 0.015064 0.005189
v -0.000749 0.015015 0.005189
v -0.000798 0.014998 0.005189
v -0.000848 0.014986 0.005189
v -0.000950 0.014975 0.005189
v -0.000899 0.014978 0.005189
v -0.000961 0.014793 0.005189
v -0.001001 0.014978 0.005189
v -0.001452 0.015348 0.005189
v -0.001435 0.015299 0.005189
v -0.001472 0.015449 0.005189
v -0.001464 0.015398 0.005189
v -0.001386 0.015209 0.005189
v -0.001355 0.015167 0.005189
v -0.001413 0.015253 0.005189
v -0.001475 0.015500 0.005189
v -0.001321 0.015129 0.005189
v -0.001102 0.014998 0.005189
v -0.001052 0.014986 0.005189
v -0.001197 0.015037 0.005189
v -0.001151 0.015015 0.005189
v -0.001283 0.015095 0.005189
v -0.001241 0.015064 0.005189
v -0.001067 0.015392 0.007194
v -0.000115 0.015616 0.008518
v -0.001695 0.015703 0.008602
v -0.001622 0.015095 0.008820
v -0.001140 0.014755 0.008830
v -0.000659 0.015936 0.009081
v -0.000749 0.015985 0.009081
v -0.000579 0.015871 0.009081
v -0.000617 0.015905 0.009081
v -0.000545 0.015833 0.009081
v -0.000703 0.015963 0.009081
v -0.001233 0.016271 0.008627
v -0.000848 0.016014 0.009081
v -0.000899 0.016022 0.009081
v -0.000798 0.016002 0.009081
v -0.000465 0.015701 0.009081
v -0.000636 0.016230 0.008787
v -0.000514 0.015791 0.009081
v -0.000448 0.015652 0.009081
v -0.000426 0.015500 0.009081
v -0.000428 0.015551 0.009081
v -0.000487 0.015747 0.009081
v -0.000436 0.015602 0.009081
v -0.001001 0.016022 0.009081
v -0.000950 0.016025 0.009081
v -0.001052 0.016014 0.009081
v -0.001102 0.016002 0.009081
v -0.001151 0.015985 0.009081
v -0.001241 0.015936 0.009081
v -0.001321 0.015871 0.009081
v -0.001283 0.015905 0.009081
v -0.001355 0.015833 0.009081
v -0.001197 0.015963 0.009081
v -0.001413 0.015747 0.009081
v -0.001386 0.015791 0.009081
v -0.001452 0.015652 0.009081
v -0.001435 0.015701 0.009081
v -0.001472 0.015551 0.009081
v -0.001464 0.015602 0.009081
v -0.000428 0.015449 0.009081
v -0.000436 0.015398 0.009081
v -0.000448 0.015348 0.009081
v -0.000465 0.015299 0.009081
v -0.000514 0.015209 0.009081
v -0.000487 0.015253 0.009081
v -0.000545 0.015167 0.009081
v -0.000579 0.015129 0.009081
v -0.000617 0.015095 0.009081
v -0.000659 0.015064 0.009081
v -0.000703 0.015037 0.009081
v -0.000749 0.015015 0.009081
v -0.000533 0.014824 0.008735
v -0.000798 0.014998 0.009081
v -0.000848 0.014986 0.009081
v -0.000899 0.014978 0.009081
v -0.001001 0.014978 0.009081
v -0.000950 0.014975 0.009081
v -0.001435 0.015299 0.009081
v -0.001452 0.015348 0.009081
v -0.001464 0.015398 0.009081
v -0.001472 0.015449 0.009081
v -0.001355 0.015167 0.009081
v -0.001386 0.015209 0.009081
v -0.001413 0.015253 0.009081
v -0.001475 0.015500 0.009081
v -0.001321 0.015129 0.009081
v -0.001052 0.014986 0.009081
v -0.001102 0.014998 0.009081
v -0.001151 0.015015 0.009081
v -0.001197 0.015037 0.009081
v -0.001241 0.015064 0.009081
v -0.001283 0.015095 0.009081
v -0.001636 0.015580 0.005202
v -0.001444 0.015084 0.005217
v -0.000491 0.015908 0.005219
v 0.016511 0.014782 0.018300
v 0.016223 0.014719 0.018300
v 0.015636 0.014679 0.018300
v 0.015931 0.014685 0.018300
v 0.016791 0.014872 0.018300
v 0.015343 0.014702 0.018300
v 0.013986 0.015235 0.018300
v 0.014770 0.014835 0.018300
v 0.014234 0.015076 0.018300
v 0.013755 0.015418 0.018300
v 0.013543 0.015622 0.018300
v 0.013352 0.015846 0.018300
v 0.015053 0.014754 0.018300
v 0.014496 0.014942 0.018300
v 0.017061 0.014990 0.018300
v 0.013184 0.016088 0.018300
v 0.014395 0.020365 0.018300
v 0.014138 0.020222 0.018300
v 0.013040 0.016345 0.018300
v 0.012922 0.016614 0.018300
v 0.012769 0.017182 0.018300
v 0.012752 0.018062 0.018300
v 0.012735 0.017475 0.018300
v 0.012729 0.017769 0.018300
v 0.012832 0.016895 0.018300
v 0.012885 0.018635 0.018300
v 0.013285 0.019419 0.018300
v 0.012992 0.018909 0.018300
v 0.013896 0.020054 0.018300
v 0.013468 0.019650 0.018300
v 0.013672 0.019863 0.018300
v 0.012804 0.018352 0.018300
v 0.013126 0.019172 0.018300
v 0.018036 0.016391 0.018764
v 0.015372 0.017859 0.019641
v 0.018962 0.020784 0.006977
v 0.012926 0.022966 0.006788
v 0.015596 0.020904 0.008857
v 0.014945 0.020574 0.009200
v 0.015525 0.020671 0.009200
v 0.014664 0.020483 0.009200
v 0.016402 0.020601 0.009200
v 0.016685 0.020521 0.009200
v 0.015819 0.020676 0.009200
v 0.014395 0.020365 0.009200
v 0.015232 0.020636 0.009200
v 0.016112 0.020653 0.009200
v 0.016959 0.020413 0.009200
v 0.017222 0.020279 0.009200
v 0.017469 0.020120 0.009200
v 0.017700 0.019938 0.009200
v 0.018104 0.019509 0.009200
v 0.018272 0.019268 0.009200
v 0.017913 0.019733 0.009200
v 0.018911 0.017765 0.008869
v 0.019626 0.015007 0.005330
v 0.018415 0.019011 0.009200
v 0.018686 0.018173 0.009200
v 0.018721 0.017881 0.009200
v 0.018533 0.018741 0.009200
v 0.018703 0.017293 0.009200
v 0.018651 0.017003 0.009200
v 0.018726 0.017586 0.009200
v 0.018624 0.018461 0.009200
v 0.018571 0.016720 0.009200
v 0.018463 0.016446 0.009200
v 0.018329 0.016184 0.009200
v 0.018170 0.015936 0.009200
v 0.017988 0.015705 0.009200
v 0.017559 0.015302 0.009200
v 0.017318 0.015134 0.009200
v 0.016511 0.014782 0.009200
v 0.016791 0.014872 0.009200
v 0.015931 0.014685 0.009200
v 0.015343 0.014702 0.009200
v 0.015636 0.014679 0.009200
v 0.016223 0.014719 0.009200
v 0.014770 0.014835 0.009200
v 0.014234 0.015076 0.009200
v 0.014496 0.014942 0.009200
v 0.013755 0.015418 0.009200
v 0.013352 0.015846 0.009200
v 0.013543 0.015622 0.009200
v 0.013986 0.015235 0.009200
v 0.015053 0.014754 0.009200
v 0.013184 0.016088 0.009200
v 0.013040 0.016345 0.009200
v 0.012832 0.016895 0.009200
v 0.012922 0.016614 0.009200
v 0.012735 0.017475 0.009200
v 0.012752 0.018062 0.009200
v 0.012729 0.017769 0.009200
v 0.012769 0.017182 0.009200
v 0.012885 0.018635 0.009200
v 0.013126 0.019172 0.009200
v 0.012992 0.018909 0.009200
v 0.013468 0.019650 0.009200
v 0.013896 0.020054 0.009200
v 0.013672 0.019863 0.009200
v 0.013285 0.019419 0.009200
v 0.012804 0.018352 0.009200
v 0.014138 0.020222 0.009200
v 0.014664 0.020483 0.018300
v 0.014945 0.020574 0.018300
v 0.015232 0.020636 0.018300
v 0.015525 0.020671 0.018300
v 0.015819 0.020676 0.018300
v 0.016112 0.020653 0.018300
v 0.016402 0.020601 0.018300
v 0.016685 0.020521 0.018300
v 0.016959 0.020413 0.018300
v 0.017222 0.020279 0.018300
v 0.017469 0.020120 0.018300
v 0.017700 0.019938 0.018300
v 0.017913 0.019733 0.018300
v 0.018104 0.019509 0.018300
v 0.018272 0.019268 0.018300
v 0.018415 0.019011 0.018300
v 0.018533 0.018741 0.018300
v 0.018624 0.018461 0.018300
v 0.018686 0.018173 0.018300
v 0.018721 0.017881 0.018300
v 0.018726 0.017586 0.018300
v 0.018703 0.017293 0.018300
v 0.018651 0.017003 0.018300
v 0.018571 0.016720 0.018300
v 0.018463 0.016446 0.018300
v 0.018170 0.015936 0.018300
v 0.017988 0.015705 0.018300
v 0.017783 0.015493 0.018300
v 0.017559 0.015302 0.018300
v 0.017318 0.015134 0.018300
v 0.018006 0.015481 0.008893
v 0.016816 0.014838 0.009079
v 0.014627 0.012652 0.006387
v 0.012958 0.016132 0.008916
v 0.011542 0.018527 0.005356
v 0.014174 -0.015111 0.018300
v 0.014705 -0.014858 0.018300
v 0.014433 -0.014971 0.018300
v 0.015274 -0.014712 0.018300
v 0.015567 -0.014682 0.018300
v 0.013930 -0.015276 0.018300
v 0.015862 -0.014681 0.018300
v 0.016155 -0.014708 0.018300
v 0.016998 -0.014960 0.018300
v 0.016444 -0.014764 0.018300
v 0.017209 -0.015342 0.018704
v 0.014986 -0.014771 0.018300
v 0.016726 -0.014849 0.018300
v 0.017259 -0.015098 0.018300
v 0.017732 -0.015446 0.018300
v 0.017942 -0.015653 0.018300
v 0.017525 -0.020079 0.018300
v 0.017752 -0.019892 0.018300
v 0.018548 -0.016655 0.018300
v 0.018434 -0.016383 0.018300
v 0.018129 -0.015880 0.018300
v 0.018160 -0.016464 0.018736
v 0.018693 -0.017224 0.018300
v 0.018641 -0.018394 0.018300
v 0.018445 -0.018948 0.018300
v 0.018308 -0.019209 0.018300
v 0.018145 -0.019454 0.018300
v 0.018725 -0.017812 0.018300
v 0.018557 -0.018676 0.018300
v 0.018635 -0.016936 0.018300
v 0.018723 -0.017517 0.018300
v 0.018697 -0.018105 0.018300
v 0.017959 -0.019682 0.018300
v 0.015159 -0.017950 0.019784
v 0.017684 -0.020260 0.008897
v 0.017525 -0.020079 0.009200
v 0.016751 -0.020498 0.009200
v 0.016469 -0.020585 0.009200
v 0.017281 -0.020244 0.009200
v 0.015594 -0.020675 0.009200
v 0.015301 -0.020647 0.009200
v 0.015012 -0.020591 0.009200
v 0.013929 -0.021874 0.006523
v 0.015888 -0.020673 0.009200
v 0.016181 -0.020643 0.009200
v 0.017022 -0.020384 0.009200
v 0.014730 -0.020507 0.009200
v 0.013361 -0.019865 0.008907
v 0.014457 -0.020395 0.009200
v 0.014197 -0.020258 0.009200
v 0.013951 -0.020095 0.009200
v 0.013723 -0.019909 0.009200
v 0.013514 -0.019702 0.009200
v 0.013415 -0.019617 0.009081
v 0.013161 -0.019231 0.009200
v 0.012908 -0.018701 0.009200
v 0.012821 -0.018419 0.009200
v 0.013021 -0.018972 0.009200
v 0.012732 -0.017838 0.009200
v 0.012731 -0.017544 0.009200
v 0.012663 -0.018020 0.008945
v 0.012814 -0.016962 0.009200
v 0.012758 -0.017251 0.009200
v 0.012899 -0.016680 0.009200
v 0.013010 -0.016407 0.009200
v 0.013148 -0.016147 0.009200
v 0.013310 -0.015901 0.009200
v 0.013496 -0.015673 0.009200
v 0.013703 -0.015464 0.009200
v 0.013930 -0.015276 0.009200
v 0.020689 -0.015536 0.005422
v 0.014433 -0.014971 0.009200
v 0.014174 -0.015111 0.009200
v 0.014986 -0.014771 0.009200
v 0.015567 -0.014682 0.009200
v 0.015274 -0.014712 0.009200
v 0.014705 -0.014858 0.009200
v 0.016155 -0.014708 0.009200
v 0.016726 -0.014849 0.009200
v 0.016444 -0.014764 0.009200
v 0.017259 -0.015098 0.009200
v 0.017504 -0.015260 0.009200
v 0.016998 -0.014960 0.009200
v 0.015862 -0.014681 0.009200
v 0.017732 -0.015446 0.009200
v 0.017942 -0.015653 0.009200
v 0.017752 -0.019892 0.009200
v 0.018294 -0.016124 0.009200
v 0.018434 -0.016383 0.009200
v 0.018635 -0.016936 0.009200
v 0.018723 -0.017517 0.009200
v 0.018693 -0.017224 0.009200
v 0.018548 -0.016655 0.009200
v 0.018697 -0.018105 0.009200
v 0.018557 -0.018676 0.009200
v 0.018641 -0.018394 0.009200
v 0.018308 -0.019209 0.009200
v 0.017959 -0.019682 0.009200
v 0.018145 -0.019454 0.009200
v 0.018445 -0.018948 0.009200
v 0.018725 -0.017812 0.009200
v 0.017281 -0.020244 0.018300
v 0.017022 -0.020384 0.018300
v 0.016751 -0.020498 0.018300
v 0.016469 -0.020585 0.018300
v 0.016181 -0.020643 0.018300
v 0.015888 -0.020673 0.018300
v 0.015594 -0.020675 0.018300
v 0.015301 -0.020647 0.018300
v 0.015012 -0.020591 0.018300
v 0.014730 -0.020507 0.018300
v 0.014457 -0.020395 0.018300
v 0.014197 -0.020258 0.018300
v 0.013951 -0.020095 0.018300
v 0.013723 -0.019909 0.018300
v 0.013514 -0.019702 0.018300
v 0.013326 -0.019475 0.018300
v 0.013161 -0.019231 0.018300
v 0.013021 -0.018972 0.018300
v 0.012908 -0.018701 0.018300
v 0.012821 -0.018419 0.018300
v 0.012762 -0.018131 0.018300
v 0.012732 -0.017838 0.018300
v 0.012731 -0.017544 0.018300
v 0.012758 -0.017251 0.018300
v 0.012814 -0.016962 0.018300
v 0.012899 -0.016680 0.018300
v 0.013010 -0.016407 0.018300
v 0.013148 -0.016147 0.018300
v 0.013310 -0.015901 0.018300
v 0.013496 -0.015673 0.018300
v 0.013703 -0.015464 0.018300
v 0.013767 -0.015184 0.008898
v 0.015989 -0.012779 0.006261
v 0.018399 -0.016024 0.008883
v 0.011645 -0.016150 0.005791
v 0.020170 -0.019884 0.005908
v -0.020651 0.020498 0.018300
v -0.021181 0.020244 0.018300
v -0.019628 0.017678 0.019831
v -0.020081 0.020643 0.018300
v -0.020369 0.020585 0.018300
v -0.019494 0.020675 0.018300
v -0.018357 0.020395 0.018300
v -0.018912 0.020591 0.018300
v -0.017851 0.020095 0.018300
v -0.017623 0.019909 0.018300
v -0.017414 0.019702 0.018300
v -0.019788 0.020673 0.018300
v -0.021425 0.020079 0.018300
v -0.020922 0.020384 0.018300
v -0.019201 0.020647 0.018300
v -0.018630 0.020507 0.018300
v -0.018097 0.020258 0.018300
v -0.017830 0.015276 0.018300
v -0.017603 0.015464 0.018300
v -0.017226 0.019475 0.018300
v -0.017061 0.019231 0.018300
v -0.016808 0.018701 0.018300
v -0.016721 0.018419 0.018300
v -0.016921 0.018972 0.018300
v -0.016662 0.018131 0.018300
v -0.017210 0.015901 0.018300
v -0.017048 0.016147 0.018300
v -0.016714 0.016962 0.018300
v -0.016658 0.017251 0.018300
v -0.016910 0.016407 0.018300
v -0.016631 0.017544 0.018300
v -0.016632 0.017838 0.018300
v -0.016799 0.016680 0.018300
v -0.017396 0.015673 0.018300
v -0.019515 0.014495 0.008879
v -0.017830 0.015276 0.009200
v -0.018605 0.014858 0.009200
v -0.018886 0.014771 0.009200
v -0.018333 0.014971 0.009200
v -0.019762 0.014681 0.009200
v -0.020055 0.014708 0.009200
v -0.020344 0.014764 0.009200
v -0.019467 0.014682 0.009200
v -0.019174 0.014712 0.009200
v -0.018074 0.015111 0.009200
v -0.020626 0.014849 0.009200
v -0.020898 0.014960 0.009200
v -0.021159 0.015098 0.009200
v -0.021404 0.015260 0.009200
v -0.021632 0.015446 0.009200
v -0.021842 0.015653 0.009200
v -0.022029 0.015880 0.009200
v -0.022194 0.016124 0.009200
v -0.022448 0.016655 0.009200
v -0.022535 0.016936 0.009200
v -0.022334 0.016383 0.009200
v -0.022623 0.017517 0.009200
v -0.022625 0.017812 0.009200
v -0.022804 0.017405 0.008881
v -0.022593 0.017224 0.009200
v -0.022541 0.018394 0.009200
v -0.022597 0.018105 0.009200
v -0.022457 0.018676 0.009200
v -0.022345 0.018948 0.009200
v -0.022122 0.021288 0.005784
v -0.022208 0.019209 0.009200
v -0.022045 0.019454 0.009200
v -0.021859 0.019682 0.009200
v -0.021652 0.019892 0.009200
v -0.021425 0.020079 0.009200
v -0.015050 0.019174 0.005728
v -0.021181 0.020244 0.009200
v -0.020651 0.020498 0.009200
v -0.020081 0.020643 0.009200
v -0.020369 0.020585 0.009200
v -0.020922 0.020384 0.009200
v -0.019494 0.020675 0.009200
v -0.018912 0.020591 0.009200
v -0.019201 0.020647 0.009200
v -0.018357 0.020395 0.009200
v -0.017851 0.020095 0.009200
v -0.018097 0.020258 0.009200
v -0.018630 0.020507 0.009200
v -0.019788 0.020673 0.009200
v -0.017623 0.019909 0.009200
v -0.017414 0.019702 0.009200
v -0.017603 0.015464 0.009200
v -0.017226 0.019475 0.009200
v -0.016921 0.018972 0.009200
v -0.017061 0.019231 0.009200
v -0.016721 0.018419 0.009200
v -0.016632 0.017838 0.009200
v -0.016662 0.018131 0.009200
v -0.016808 0.018701 0.009200
v -0.016658 0.017251 0.009200
v -0.016799 0.016680 0.009200
v -0.016714 0.016962 0.009200
v -0.017048 0.016147 0.009200
v -0.017396 0.015673 0.009200
v -0.017210 0.015901 0.009200
v -0.016910 0.016407 0.009200
v -0.016631 0.017544 0.009200
v -0.018074 0.015111 0.018300
v -0.018333 0.014971 0.018300
v -0.018605 0.014858 0.018300
v -0.018886 0.014771 0.018300
v -0.019174 0.014712 0.018300
v -0.019467 0.014682 0.018300
v -0.019762 0.014681 0.018300
v -0.020055 0.014708 0.018300
v -0.020344 0.014764 0.018300
v -0.020626 0.014849 0.018300
v -0.020898 0.014960 0.018300
v -0.021159 0.015098 0.018300
v -0.021404 0.015260 0.018300
v -0.021632 0.015446 0.018300
v -0.021842 0.015653 0.018300
v -0.022029 0.015880 0.018300
v -0.022194 0.016124 0.018300
v -0.022334 0.016383 0.018300
v -0.022448 0.016655 0.018300
v -0.022535 0.016936 0.018300
v -0.022593 0.017224 0.018300
v -0.022623 0.017517 0.018300
v -0.022625 0.017812 0.018300
v -0.022597 0.018105 0.018300
v -0.022541 0.018394 0.018300
v -0.022457 0.018676 0.018300
v -0.022345 0.018948 0.018300
v -0.022208 0.019209 0.018300
v -0.022045 0.019454 0.018300
v -0.021859 0.019682 0.018300
v -0.021652 0.019892 0.018300
v -0.017967 0.020381 0.008931
v -0.016771 0.016252 0.008864
v -0.017123 0.012712 0.006488
v -0.023275 0.014896 0.006514
v -0.020922 -0.014971 0.018300
v -0.020651 -0.014858 0.018300
v -0.021181 -0.015111 0.018300
v -0.020318 -0.015082 0.018773
v -0.020081 -0.014712 0.018300
v -0.019494 -0.014681 0.018300
v -0.018812 -0.015026 0.018685
v -0.018357 -0.014960 0.018300
v -0.017851 -0.015260 0.018300
v -0.017623 -0.015446 0.018300
v -0.017414 -0.015653 0.018300
v -0.021425 -0.015276 0.018300
v -0.019788 -0.014682 0.018300
v -0.018630 -0.014849 0.018300
v -0.018097 -0.015098 0.018300
v -0.019201 -0.014708 0.018300
v -0.018187 -0.019603 0.018010
v -0.017603 -0.019892 0.018300
v -0.016808 -0.016655 0.018300
v -0.016662 -0.017224 0.018300
v -0.016631 -0.017812 0.018300
v -0.016632 -0.017517 0.018300
v -0.017061 -0.016124 0.018300
v -0.017210 -0.019454 0.018300
v -0.016910 -0.018948 0.018300
v -0.016714 -0.018394 0.018300
v -0.016799 -0.018676 0.018300
v -0.017048 -0.019209 0.018300
v -0.017396 -0.019682 0.018300
v -0.016658 -0.018105 0.018300
v -0.017226 -0.015880 0.018300
v -0.016921 -0.016383 0.018300
v -0.016721 -0.016936 0.018300
v -0.019484 -0.018242 0.019897
v -0.019513 -0.013256 0.005201
v -0.018605 -0.020498 0.009200
v -0.018886 -0.020585 0.009200
v -0.018333 -0.020384 0.009200
v -0.019762 -0.020675 0.009200
v -0.020055 -0.020647 0.009200
v -0.020344 -0.020591 0.009200
v -0.019467 -0.020673 0.009200
v -0.019174 -0.020643 0.009200
v -0.018266 -0.019927 0.018304
v -0.020043 -0.020836 0.008916
v -0.020626 -0.020507 0.009200
v -0.020898 -0.020395 0.009200
v -0.021159 -0.020258 0.009200
v -0.021404 -0.020095 0.009200
v -0.021632 -0.019909 0.009200
v -0.021842 -0.019702 0.009200
v -0.022029 -0.019475 0.009200
v -0.022689 -0.017823 0.008932
v -0.022723 -0.016998 0.008861
v -0.022194 -0.019231 0.009200
v -0.022448 -0.018701 0.009200
v -0.022535 -0.018419 0.009200
v -0.022334 -0.018972 0.009200
v -0.022625 -0.017544 0.009200
v -0.022593 -0.018131 0.009200
v -0.022541 -0.016962 0.009200
v -0.022597 -0.017251 0.009200
v -0.022525 -0.016832 0.009081
v -0.022345 -0.016407 0.009200
v -0.022208 -0.016147 0.009200
v -0.022045 -0.015901 0.009200
v -0.021859 -0.015673 0.009200
v -0.021652 -0.015464 0.009200
v -0.021425 -0.015276 0.009200
v -0.017665 -0.020695 0.006634
v -0.020922 -0.014971 0.009200
v -0.021181 -0.015111 0.009200
v -0.020369 -0.014771 0.009200
v -0.020081 -0.014712 0.009200
v -0.020651 -0.014858 0.009200
v -0.019494 -0.014681 0.009200
v -0.018912 -0.014764 0.009200
v -0.018357 -0.014960 0.009200
v -0.017851 -0.015260 0.009200
v -0.018097 -0.015098 0.009200
v -0.018630 -0.014849 0.009200
v -0.019788 -0.014682 0.009200
v -0.017623 -0.015446 0.009200
v -0.017414 -0.015653 0.009200
v -0.017603 -0.019892 0.009200
v -0.017226 -0.015880 0.009200
v -0.016921 -0.016383 0.009200
v -0.017061 -0.016124 0.009200
v -0.016721 -0.016936 0.009200
v -0.016632 -0.017517 0.009200
v -0.016662 -0.017224 0.009200
v -0.016808 -0.016655 0.009200
v -0.016658 -0.018105 0.009200
v -0.016799 -0.018676 0.009200
v -0.016714 -0.018394 0.009200
v -0.017048 -0.019209 0.009200
v -0.017396 -0.019682 0.009200
v -0.017210 -0.019454 0.009200
v -0.016910 -0.018948 0.009200
v -0.016631 -0.017812 0.009200
v -0.018333 -0.020384 0.018300
v -0.018605 -0.020498 0.018300
v -0.018886 -0.020585 0.018300
v -0.019174 -0.020643 0.018300
v -0.019467 -0.020673 0.018300
v -0.019762 -0.020675 0.018300
v -0.020055 -0.020647 0.018300
v -0.020344 -0.020591 0.018300
v -0.020626 -0.020507 0.018300
v -0.020898 -0.020395 0.018300
v -0.021159 -0.020258 0.018300
v -0.021404 -0.020095 0.018300
v -0.021632 -0.019909 0.018300
v -0.021842 -0.019702 0.018300
v -0.022029 -0.019475 0.018300
v -0.022194 -0.019231 0.018300
v -0.022334 -0.018972 0.018300
v -0.022448 -0.018701 0.018300
v -0.022535 -0.018419 0.018300
v -0.022593 -0.018131 0.018300
v -0.022623 -0.017838 0.018300
v -0.022625 -0.017544 0.018300
v -0.022597 -0.017251 0.018300
v -0.022541 -0.016962 0.018300
v -0.022457 -0.016680 0.018300
v -0.022345 -0.016407 0.018300
v -0.022208 -0.016147 0.018300
v -0.022045 -0.015901 0.018300
v -0.021859 -0.015673 0.018300
v -0.021652 -0.015464 0.018300
v -0.019180 -0.014685 0.009074
v -0.014885 -0.015043 0.007580
v -0.016428 -0.017507 0.008893
v -0.022442 -0.015054 0.008498
v -0.025135 -0.019933 0.006105
v -0.034538 -0.053298 0.105485
v -0.028950 -0.055700 0.101700
v 0.025050 -0.055700 0.101700
v 0.025050 -0.056000 0.102000
v 0.033050 0.049500 0.103500
v 0.026770 -0.056793 0.102975
v 0.032091 -0.054564 0.104651
v 0.032937 -0.050454 0.103338
v 0.033211 0.052369 0.103703
v -0.033676 -0.055824 0.103072
v -0.036950 0.049500 0.103500
v -0.034457 0.053645 0.102318
v -0.028950 -0.056000 0.103200
v 0.025050 -0.056000 0.103200
v -0.030891 0.056552 0.103176
v 0.000198 -0.052934 0.101700
v -0.004829 -0.054006 0.101700
v 0.001010 0.053928 0.101700
v -0.018173 0.056236 0.113293
v 0.030304 0.052943 0.112400
v 0.030340 0.053895 0.102397
v -0.035450 0.049500 0.103200
v 0.031550 -0.049500 0.103200
v -0.009823 -0.053718 0.113657
v 0.000698 -0.054088 0.101700
v -0.002012 0.052042 0.109468
v -0.017400 0.011250 0.113500
v -0.017400 0.049750 0.113500
v -0.017800 0.049750 0.113900
v -0.017659 0.010203 0.113899
v -0.011500 0.011250 0.113500
v -0.011391 0.010394 0.113834
v -0.011100 0.049750 0.113900
v -0.011500 0.049750 0.113500
v 0.007600 0.011250 0.113500
v 0.007600 0.049750 0.113500
v 0.007200 0.049750 0.113900
v 0.007587 0.010180 0.113832
v 0.013500 0.011250 0.113500
v 0.013900 0.011250 0.113900
v 0.013900 0.049750 0.113900
v 0.013500 0.049750 0.113500
v 0.007600 -0.049750 0.113500
v 0.007600 -0.011250 0.113500
v 0.007200 -0.011250 0.113900
v 0.006816 -0.054225 0.113509
v 0.013500 -0.049750 0.113500
v 0.013500 -0.011250 0.113500
v 0.013900 -0.011250 0.113900
v -0.017400 -0.049750 0.113500
v -0.017400 -0.011250 0.113500
v -0.017800 -0.011250 0.113900
v -0.017410 -0.050608 0.113766
v 0.007600 0.049750 0.112800
v 0.013603 0.050460 0.112506
v 0.013500 0.049750 0.112800
v 0.007200 0.011250 0.112400
v 0.007600 0.011250 0.112800
v 0.013900 0.011250 0.112400
v 0.013500 0.011250 0.112800
v 0.010381 0.000011 0.113168
v 0.013500 -0.011250 0.112800
v 0.013900 -0.049750 0.112400
v 0.013500 -0.049750 0.112800
v 0.007600 -0.011250 0.112800
v 0.007503 -0.010281 0.112458
v 0.013768 -0.010272 0.112401
v 0.007600 -0.049750 0.112800
v 0.007200 -0.049750 0.112400
v -0.017800 -0.011250 0.112400
v -0.017400 -0.011250 0.112800
v -0.016077 0.006854 0.112736
v -0.017400 -0.049750 0.112800
v -0.017800 -0.049750 0.112400
v -0.011500 0.049750 0.112800
v -0.011100 0.011250 0.112400
v -0.011500 0.011250 0.112800
v -0.017400 0.049750 0.112800
v -0.017400 0.011250 0.112800
v -0.017800 0.011250 0.112400
v -0.013017 -0.007873 0.113179
v -0.036798 -0.049500 0.112665
v -0.036364 -0.049500 0.113314
v -0.035715 -0.049500 0.113748
v -0.034234 -0.053765 0.113874
v -0.036837 -0.056835 0.110149
v -0.034950 0.049500 0.113900
v -0.035715 0.049500 0.113748
v -0.036364 0.049500 0.113314
v 0.030273 -0.055259 0.113725
v 0.020427 -0.040179 0.115623
v -0.036672 0.051392 0.112581
v -0.034344 0.057774 0.111096
v 0.030285 0.056511 0.113283
v 0.008041 0.054366 0.113626
v -0.001207 -0.050894 0.113387
v -0.001959 -0.050862 0.101700
v -0.004133 -0.052692 0.101700
v 0.000404 0.052584 0.101700
v -0.004118 0.052616 0.101700
v -0.004670 0.054877 0.101460
v -0.031872 0.051093 0.076349
v -0.028673 0.055048 0.078843
v -0.025336 0.049868 0.078747
v -0.027792 0.049894 0.069050
v -0.027750 0.050284 0.069050
v -0.027761 0.050088 0.069050
v -0.027785 0.050675 0.069050
v -0.027758 0.050480 0.069050
v -0.027847 0.051106 0.068886
v -0.027896 0.051051 0.069050
v -0.027832 0.050865 0.069050
v -0.028078 0.051398 0.069050
v -0.027979 0.051229 0.069050
v -0.028194 0.051556 0.069050
v -0.028469 0.051836 0.069050
v -0.028325 0.051703 0.069050
v -0.028793 0.052056 0.069050
v -0.028626 0.051954 0.069050
v -0.028970 0.052142 0.069050
v -0.029241 0.052237 0.068926
v -0.029344 0.052258 0.069050
v -0.029154 0.052209 0.069050
v -0.029538 0.052289 0.069050
v -0.029930 0.052292 0.069050
v -0.029734 0.052300 0.069050
v -0.030125 0.052265 0.069050
v -0.030422 0.052148 0.068864
v -0.030679 0.052071 0.069050
v -0.030501 0.052154 0.069050
v -0.030848 0.051972 0.069050
v -0.031037 0.051800 0.068938
v -0.031286 0.051581 0.069050
v -0.031153 0.051725 0.069050
v -0.031506 0.051257 0.069050
v -0.031404 0.051424 0.069050
v -0.031592 0.051012 0.068927
v -0.031592 0.051080 0.069050
v -0.027727 0.049041 0.076371
v -0.028347 0.048875 0.076138
v -0.028494 0.048744 0.076138
v -0.028999 0.048446 0.076138
v -0.028821 0.048529 0.076138
v -0.029185 0.048382 0.076138
v -0.029375 0.048335 0.076138
v -0.029570 0.048308 0.076138
v -0.029611 0.048268 0.076207
v -0.029962 0.048311 0.076138
v -0.030156 0.048342 0.076138
v -0.030346 0.048391 0.076138
v -0.028570 0.048654 0.076189
v -0.031605 0.048300 0.076763
v -0.030530 0.048458 0.076138
v -0.030707 0.048544 0.076138
v -0.030945 0.048686 0.076185
v -0.031031 0.048764 0.076138
v -0.031175 0.048897 0.076138
v -0.031306 0.049044 0.076138
v -0.031422 0.049202 0.076138
v -0.031521 0.049371 0.076138
v -0.031604 0.049549 0.072594
v -0.031713 0.049820 0.076199
v -0.031742 0.050120 0.076138
v -0.031715 0.049925 0.076138
v -0.031758 0.050478 0.076202
v -0.031750 0.050316 0.076138
v -0.031708 0.050706 0.076138
v -0.031659 0.050896 0.076138
v -0.031696 0.053519 0.077988
v -0.031506 0.051257 0.076138
v -0.031404 0.051424 0.076138
v -0.031286 0.051581 0.076138
v -0.031153 0.051725 0.076138
v -0.031006 0.051856 0.076138
v -0.030848 0.051972 0.076138
v -0.030501 0.052154 0.076138
v -0.030315 0.052218 0.076138
v -0.030125 0.052265 0.076138
v -0.029930 0.052292 0.076138
v -0.029734 0.052300 0.076138
v -0.029538 0.052289 0.076138
v -0.029344 0.052258 0.076138
v -0.029154 0.052209 0.076138
v -0.028970 0.052142 0.076138
v -0.028793 0.052056 0.076138
v -0.028626 0.051954 0.076138
v -0.028469 0.051836 0.076138
v -0.028325 0.051703 0.076138
v -0.028194 0.051556 0.076138
v -0.028078 0.051398 0.076138
v -0.027979 0.051229 0.076138
v -0.027896 0.051051 0.076138
v -0.027832 0.050865 0.076138
v -0.027785 0.050675 0.076138
v -0.027758 0.050480 0.076138
v -0.027750 0.050284 0.076138
v -0.027761 0.050088 0.076138
v -0.028253 0.049179 0.068895
v -0.028652 0.048628 0.069050
v -0.028347 0.048875 0.069050
v -0.028821 0.048529 0.069050
v -0.029375 0.048335 0.069050
v -0.028999 0.048446 0.069050
v -0.029766 0.048300 0.069050
v -0.029962 0.048311 0.069050
v -0.029570 0.048308 0.069050
v -0.030156 0.048342 0.069050
v -0.030346 0.048391 0.069050
v -0.030707 0.048544 0.069050
v -0.030874 0.048646 0.069050
v -0.031306 0.049044 0.069050
v -0.031521 0.049371 0.069050
v -0.031422 0.049202 0.069050
v -0.031031 0.048764 0.069050
v -0.031668 0.049735 0.069050
v -0.031715 0.049925 0.069050
v -0.031739 0.050512 0.069050
v -0.031708 0.050706 0.069050
v -0.031750 0.050316 0.069050
v -0.032622 0.046346 0.079036
v -0.030747 0.052044 0.076186
v -0.028962 0.053456 0.077326
v -0.027969 0.051287 0.076215
v -0.027750 0.050025 0.076192
v -0.031706 0.049948 0.068901
v -0.031601 0.049563 0.068989
v -0.031238 0.048975 0.068968
v -0.030484 0.048470 0.068920
v -0.029248 0.048403 0.068906
v -0.029868 0.048303 0.068960
v -0.028457 0.048802 0.068942
v -0.021498 -0.054000 0.132350
v 0.017488 -0.053870 0.162265
v 0.016140 -0.053231 0.163625
v -0.021122 -0.053538 0.162853
v -0.020912 -0.053265 0.131707
v 0.016815 -0.053333 0.132116
v 0.017598 0.054000 0.132350
v -0.021388 0.053870 0.162265
v -0.020040 0.053231 0.163625
v 0.017222 0.053538 0.162853
v 0.017012 0.053265 0.131707
v -0.020715 0.053333 0.132116
v 0.019919 0.030662 0.051714
v 0.020585 0.027807 0.050150
v 0.020566 0.027416 0.050150
v 0.020585 0.027220 0.050150
v 0.020566 0.027612 0.050150
v 0.020567 0.028071 0.050376
v 0.020624 0.027028 0.050150
v 0.020475 0.024640 0.050666
v 0.020465 0.027065 0.050401
v 0.020681 0.026840 0.044750
v 0.020624 0.027028 0.044750
v 0.020566 0.027612 0.044750
v 0.020585 0.027220 0.044750
v 0.020624 0.028000 0.044750
v 0.020585 0.027807 0.044750
v 0.023146 0.027446 0.043521
v 0.020647 0.027392 0.044478
v 0.026141 0.025169 0.052141
v -0.004874 -0.053362 0.113995
v -0.003096 -0.052532 0.097900
v -0.003263 -0.052775 0.097900
v -0.003094 -0.052503 0.097864
v -0.003441 -0.053332 0.097900
v -0.003379 -0.053045 0.097900
v -0.003391 -0.053916 0.097900
v -0.003445 -0.053626 0.097900
v -0.003283 -0.054189 0.097900
v -0.002675 -0.054813 0.097900
v -0.002918 -0.054646 0.097900
v -0.003123 -0.054435 0.097900
v -0.002118 -0.054991 0.097900
v -0.002405 -0.054929 0.097900
v -0.001824 -0.054995 0.097900
v -0.001261 -0.054833 0.097900
v -0.001678 -0.054952 0.097764
v -0.001015 -0.054673 0.097900
v -0.002885 -0.052327 0.112038
v -0.002366 -0.052059 0.112038
v -0.001846 -0.051988 0.112088
v -0.002076 -0.052005 0.112038
v -0.001568 -0.052372 0.097673
v -0.001215 -0.052170 0.112059
v -0.000982 -0.052354 0.112038
v -0.000777 -0.052565 0.112038
v -0.000509 -0.053084 0.112038
v -0.000455 -0.053374 0.112038
v -0.000459 -0.053668 0.112038
v -0.000521 -0.053955 0.112038
v -0.000804 -0.054468 0.112038
v -0.000637 -0.054225 0.112038
v -0.001261 -0.054833 0.112038
v -0.001534 -0.054941 0.112038
v -0.001824 -0.054995 0.112038
v -0.002118 -0.054991 0.112038
v -0.002405 -0.054929 0.112038
v -0.002675 -0.054813 0.112038
v -0.002918 -0.054646 0.112038
v -0.003123 -0.054435 0.112038
v -0.003283 -0.054189 0.112038
v -0.003391 -0.053916 0.112038
v -0.003445 -0.053626 0.112038
v -0.003441 -0.053332 0.112038
v -0.003379 -0.053045 0.112038
v -0.003263 -0.052775 0.112038
v -0.002639 -0.052167 0.097900
v -0.002076 -0.052005 0.097900
v -0.001782 -0.052009 0.097900
v -0.001225 -0.052187 0.097900
v -0.000982 -0.052354 0.097900
v -0.000777 -0.052565 0.097900
v -0.000617 -0.052811 0.104969
v -0.000459 -0.053668 0.097900
v -0.000455 -0.053374 0.097900
v -0.000637 -0.054225 0.097900
v -0.000804 -0.054468 0.097900
v -0.000521 -0.053955 0.097900
v -0.000582 -0.055548 0.113032
v -0.002635 -0.052120 0.112036
v 0.000372 -0.052404 0.113147
v 0.000216 -0.055725 0.113710
v -0.003278 -0.052736 0.112095
v -0.000531 -0.053050 0.097812
v -0.001970 -0.054137 0.097129
v -0.002237 -0.052026 0.097791
v 0.000384 -0.051318 0.113267
v 0.013828 0.047955 0.118102
v 0.012127 0.048419 0.108200
v 0.012015 0.048335 0.108079
v 0.012240 0.048580 0.108200
v 0.012336 0.048751 0.108200
v 0.012521 0.049308 0.108200
v 0.012477 0.049116 0.108200
v 0.012516 0.049363 0.108105
v 0.012339 0.048894 0.108023
v 0.012549 0.049699 0.108200
v 0.012501 0.050088 0.108200
v 0.012535 0.049895 0.108200
v 0.012449 0.050277 0.108200
v 0.012290 0.050636 0.108200
v 0.012379 0.050460 0.108200
v 0.012065 0.050956 0.108200
v 0.011929 0.051098 0.108200
v 0.012400 0.050234 0.108004
v 0.012124 0.050864 0.108074
v 0.011620 0.051340 0.108200
v 0.011781 0.051227 0.108200
v 0.011449 0.051436 0.108200
v 0.011084 0.051577 0.108200
v 0.011270 0.051516 0.108200
v 0.010697 0.051645 0.108200
v 0.010892 0.051621 0.108200
v 0.011052 0.051568 0.108027
v 0.010305 0.051635 0.108200
v 0.010501 0.051649 0.108200
v 0.010112 0.051601 0.108200
v 0.009564 0.051390 0.108200
v 0.009740 0.051479 0.108200
v 0.009244 0.051165 0.108200
v 0.009102 0.051029 0.108200
v 0.009320 0.051222 0.108123
v 0.009924 0.051506 0.108049
v 0.009152 0.050963 0.108012
v 0.008973 0.050881 0.108200
v 0.008764 0.050549 0.117800
v 0.008623 0.050184 0.117800
v 0.008860 0.050720 0.117800
v 0.008551 0.049601 0.117800
v 0.008565 0.049405 0.117800
v 0.008579 0.049992 0.117800
v 0.008973 0.050881 0.117800
v 0.008619 0.050428 0.117946
v 0.008555 0.049797 0.117800
v 0.008599 0.049212 0.117800
v 0.008651 0.049023 0.117800
v 0.008810 0.048664 0.117800
v 0.008721 0.048840 0.117800
v 0.008915 0.048499 0.117800
v 0.009035 0.048344 0.117800
v 0.009171 0.048202 0.117800
v 0.009043 0.048201 0.117968
v 0.009934 0.047649 0.117972
v 0.009480 0.047960 0.117800
v 0.009651 0.047864 0.117800
v 0.010016 0.047723 0.117800
v 0.010403 0.047655 0.117800
v 0.010599 0.047651 0.117800
v 0.010208 0.047679 0.117800
v 0.009319 0.048073 0.117800
v 0.009830 0.047784 0.117800
v 0.010795 0.047665 0.117800
v 0.010988 0.047699 0.117800
v 0.011177 0.047751 0.117800
v 0.011360 0.047821 0.117800
v 0.011536 0.047910 0.117800
v 0.011701 0.048015 0.117800
v 0.011856 0.048135 0.117800
v 0.012046 0.048176 0.117965
v 0.011998 0.048271 0.117800
v 0.012127 0.048419 0.117800
v 0.011486 0.051513 0.117976
v 0.009244 0.051165 0.117800
v 0.009399 0.051285 0.117800
v 0.009564 0.051390 0.117800
v 0.009756 0.051513 0.117901
v 0.009923 0.051549 0.117800
v 0.010112 0.051601 0.117800
v 0.010305 0.051635 0.117800
v 0.010501 0.051649 0.117800
v 0.010697 0.051645 0.117800
v 0.010892 0.051621 0.117800
v 0.011084 0.051577 0.117800
v 0.011270 0.051516 0.117800
v 0.011449 0.051436 0.117800
v 0.011620 0.051340 0.117800
v 0.011781 0.051227 0.117800
v 0.011850 0.051220 0.117932
v 0.012065 0.050956 0.117800
v 0.012185 0.050801 0.117800
v 0.012290 0.050636 0.117800
v 0.012379 0.050460 0.117800
v 0.012501 0.050088 0.117800
v 0.012535 0.049895 0.117800
v 0.012549 0.049699 0.117800
v 0.012545 0.049503 0.117800
v 0.012477 0.049116 0.117800
v 0.012416 0.048930 0.117800
v 0.012240 0.048580 0.117800
v 0.008675 0.049147 0.108019
v 0.010160 0.047645 0.107995
v 0.011856 0.048135 0.108200
v 0.011998 0.048271 0.108200
v 0.011536 0.047910 0.108200
v 0.011177 0.047751 0.108200
v 0.011360 0.047821 0.108200
v 0.011701 0.048015 0.108200
v 0.010795 0.047665 0.108200
v 0.010403 0.047655 0.108200
v 0.010599 0.047651 0.108200
v 0.010016 0.047723 0.108200
v 0.009651 0.047864 0.108200
v 0.009830 0.047784 0.108200
v 0.010208 0.047679 0.108200
v 0.010988 0.047699 0.108200
v 0.009480 0.047960 0.108200
v 0.009319 0.048073 0.108200
v 0.009171 0.048202 0.108200
v 0.008810 0.048664 0.108200
v 0.009035 0.048344 0.108200
v 0.008721 0.048840 0.108200
v 0.008565 0.049405 0.108200
v 0.008651 0.049023 0.108200
v 0.008555 0.049797 0.108200
v 0.008623 0.050184 0.108200
v 0.008684 0.050370 0.108200
v 0.008764 0.050549 0.108200
v 0.008551 0.049601 0.108200
v 0.008867 0.050716 0.108142
v 0.012470 0.048880 0.117970
v 0.012440 0.050372 0.117903
v 0.012585 0.049415 0.117946
v 0.009096 0.051035 0.117862
v 0.012613 0.049878 0.117972
v 0.012263 0.050762 0.117914
v 0.010744 0.051728 0.117950
v 0.008959 0.048516 0.108038
v 0.008641 0.050120 0.108030
v 0.011100 0.047692 0.108081
v 0.013183 0.052972 0.120856
v 0.008097 0.046555 0.121099
v 0.008957 0.052748 0.118123
v 0.007065 0.048762 0.118175
v 0.011163 0.046245 0.118172
v -0.021121 0.058300 0.132350
v 0.017865 0.058430 0.162265
v 0.016517 0.059069 0.163625
v -0.020745 0.058762 0.162853
v -0.020535 0.059035 0.131707
v 0.017192 0.058967 0.132116
v -0.012226 -0.046705 0.118102
v -0.012971 -0.048304 0.108200
v -0.012906 -0.048429 0.108079
v -0.013110 -0.048165 0.108200
v -0.013262 -0.048041 0.108200
v -0.013780 -0.047766 0.108200
v -0.013599 -0.047840 0.108200
v -0.013835 -0.047760 0.108105
v -0.013403 -0.048014 0.108023
v -0.014161 -0.047671 0.108200
v -0.014552 -0.047653 0.108200
v -0.014356 -0.047652 0.108200
v -0.014747 -0.047672 0.108200
v -0.015128 -0.047768 0.108200
v -0.014940 -0.047711 0.108200
v -0.015482 -0.047937 0.108200
v -0.015645 -0.048046 0.108200
v -0.014714 -0.047728 0.108004
v -0.015381 -0.047894 0.108074
v -0.015935 -0.048310 0.108200
v -0.015796 -0.048171 0.108200
v -0.016059 -0.048462 0.108200
v -0.016260 -0.048799 0.108200
v -0.016168 -0.048625 0.108200
v -0.016391 -0.049168 0.108200
v -0.016334 -0.048980 0.108200
v -0.016256 -0.048832 0.108027
v -0.016448 -0.049556 0.108200
v -0.016429 -0.049361 0.108200
v -0.016447 -0.049752 0.108200
v -0.016332 -0.050328 0.108200
v -0.016389 -0.050140 0.108200
v -0.016163 -0.050682 0.108200
v -0.016054 -0.050845 0.108200
v -0.016207 -0.050597 0.108123
v -0.016385 -0.049954 0.108049
v -0.015980 -0.050807 0.108012
v -0.015929 -0.050996 0.108200
v -0.015638 -0.051259 0.117800
v -0.015301 -0.051460 0.117800
v -0.015790 -0.051135 0.117800
v -0.014739 -0.051629 0.117800
v -0.014544 -0.051648 0.117800
v -0.015120 -0.051534 0.117800
v -0.015929 -0.050996 0.117800
v -0.015543 -0.051422 0.117946
v -0.014932 -0.051591 0.117800
v -0.014348 -0.051647 0.117800
v -0.014153 -0.051628 0.117800
v -0.013772 -0.051532 0.117800
v -0.013960 -0.051589 0.117800
v -0.013591 -0.051456 0.117800
v -0.013418 -0.051363 0.117800
v -0.013255 -0.051254 0.117800
v -0.013277 -0.051380 0.117968
v -0.012582 -0.050595 0.117972
v -0.012965 -0.050990 0.117800
v -0.012841 -0.050838 0.117800
v -0.012640 -0.050501 0.117800
v -0.012509 -0.050132 0.117800
v -0.012471 -0.049939 0.117800
v -0.012566 -0.050320 0.117800
v -0.013104 -0.051129 0.117800
v -0.012732 -0.050675 0.117800
v -0.012452 -0.049744 0.117800
v -0.012453 -0.049548 0.117800
v -0.012472 -0.049353 0.117800
v -0.012511 -0.049160 0.117800
v -0.012568 -0.048972 0.117800
v -0.012644 -0.048791 0.117800
v -0.012737 -0.048618 0.117800
v -0.012745 -0.048424 0.117965
v -0.012846 -0.048455 0.117800
v -0.012971 -0.048304 0.117800
v -0.016128 -0.048412 0.117976
v -0.016163 -0.050682 0.117800
v -0.016256 -0.050509 0.117800
v -0.016332 -0.050328 0.117800
v -0.016420 -0.050119 0.117901
v -0.016428 -0.049947 0.117800
v -0.016447 -0.049752 0.117800
v -0.016448 -0.049556 0.117800
v -0.016429 -0.049361 0.117800
v -0.016391 -0.049168 0.117800
v -0.016334 -0.048980 0.117800
v -0.016260 -0.048799 0.117800
v -0.016168 -0.048625 0.117800
v -0.016059 -0.048462 0.117800
v -0.015935 -0.048310 0.117800
v -0.015796 -0.048171 0.117800
v -0.015778 -0.048103 0.117932
v -0.015482 -0.047937 0.117800
v -0.015309 -0.047844 0.117800
v -0.015128 -0.047768 0.117800
v -0.014940 -0.047711 0.117800
v -0.014552 -0.047653 0.117800
v -0.014356 -0.047652 0.117800
v -0.014161 -0.047671 0.117800
v -0.013968 -0.047709 0.117800
v -0.013599 -0.047840 0.117800
v -0.013425 -0.047932 0.117800
v -0.013110 -0.048165 0.117800
v -0.014271 -0.051583 0.108019
v -0.012540 -0.050373 0.107995
v -0.012737 -0.048618 0.108200
v -0.012846 -0.048455 0.108200
v -0.012568 -0.048972 0.108200
v -0.012472 -0.049353 0.108200
v -0.012511 -0.049160 0.108200
v -0.012644 -0.048791 0.108200
v -0.012452 -0.049744 0.108200
v -0.012509 -0.050132 0.108200
v -0.012471 -0.049939 0.108200
v -0.012640 -0.050501 0.108200
v -0.012841 -0.050838 0.108200
v -0.012732 -0.050675 0.108200
v -0.012566 -0.050320 0.108200
v -0.012453 -0.049548 0.108200
v -0.012965 -0.050990 0.108200
v -0.013104 -0.051129 0.108200
v -0.013255 -0.051254 0.108200
v -0.013772 -0.051532 0.108200
v -0.013418 -0.051363 0.108200
v -0.013960 -0.051589 0.108200
v -0.014544 -0.051648 0.108200
v -0.014153 -0.051628 0.108200
v -0.014932 -0.051591 0.108200
v -0.015301 -0.051460 0.108200
v -0.015475 -0.051368 0.108200
v -0.015638 -0.051259 0.108200
v -0.014739 -0.051629 0.108200
v -0.015785 -0.051129 0.108142
v -0.013367 -0.047887 0.117970
v -0.014842 -0.047665 0.117903
v -0.013875 -0.047684 0.117946
v -0.016061 -0.050850 0.117862
v -0.014326 -0.047578 0.117972
v -0.015257 -0.047774 0.117914
v -0.016465 -0.049108 0.117950
v -0.013601 -0.051410 0.108038
v -0.015236 -0.051452 0.108030
v -0.012427 -0.049438 0.108081
v -0.017280 -0.046494 0.120856
v -0.011814 -0.052590 0.121099
v -0.017773 -0.050697 0.118123
v -0.014163 -0.053235 0.118175
v -0.010990 -0.049621 0.118172
v 0.023728 0.051093 0.076349
v 0.026927 0.055048 0.078843
v 0.030264 0.049868 0.078747
v 0.027808 0.049894 0.069050
v 0.027850 0.050284 0.069050
v 0.027839 0.050088 0.069050
v 0.027815 0.050675 0.069050
v 0.027842 0.050480 0.069050
v 0.027753 0.051106 0.068886
v 0.027704 0.051051 0.069050
v 0.027768 0.050865 0.069050
v 0.027522 0.051398 0.069050
v 0.027621 0.051229 0.069050
v 0.027406 0.051556 0.069050
v 0.027131 0.051836 0.069050
v 0.027275 0.051703 0.069050
v 0.026807 0.052056 0.069050
v 0.026974 0.051954 0.069050
v 0.026630 0.052142 0.069050
v 0.026359 0.052237 0.068926
v 0.026256 0.052258 0.069050
v 0.026446 0.052209 0.069050
v 0.026062 0.052289 0.069050
v 0.025670 0.052292 0.069050
v 0.025866 0.052300 0.069050
v 0.025475 0.052265 0.069050
v 0.025178 0.052148 0.068864
v 0.024921 0.052071 0.069050
v 0.025099 0.052154 0.069050
v 0.024752 0.051972 0.069050
v 0.024563 0.051800 0.068938
v 0.024314 0.051581 0.069050
v 0.024447 0.051725 0.069050
v 0.024094 0.051257 0.069050
v 0.024196 0.051424 0.069050
v 0.024008 0.051012 0.068927
v 0.024008 0.051080 0.069050
v 0.027873 0.049041 0.076371
v 0.027253 0.048875 0.076138
v 0.027106 0.048744 0.076138
v 0.026601 0.048446 0.076138
v 0.026779 0.048529 0.076138
v 0.026415 0.048382 0.076138
v 0.026225 0.048335 0.076138
v 0.026030 0.048308 0.076138
v 0.025989 0.048268 0.076207
v 0.025638 0.048311 0.076138
v 0.025444 0.048342 0.076138
v 0.025254 0.048391 0.076138
v 0.027030 0.048654 0.076189
v 0.023995 0.048300 0.076763
v 0.025070 0.048458 0.076138
v 0.024893 0.048544 0.076138
v 0.024655 0.048686 0.076185
v 0.024569 0.048764 0.076138
v 0.024425 0.048897 0.076138
v 0.024294 0.049044 0.076138
v 0.024178 0.049202 0.076138
v 0.024079 0.049371 0.076138
v 0.023996 0.049549 0.072594
v 0.023887 0.049820 0.076199
v 0.023858 0.050120 0.076138
v 0.023885 0.049925 0.076138
v 0.023842 0.050478 0.076202
v 0.023850 0.050316 0.076138
v 0.023892 0.050706 0.076138
v 0.023941 0.050896 0.076138
v 0.023904 0.053519 0.077988
v 0.024094 0.051257 0.076138
v 0.024196 0.051424 0.076138
v 0.024314 0.051581 0.076138
v 0.024447 0.051725 0.076138
v 0.024594 0.051856 0.076138
v 0.024752 0.051972 0.076138
v 0.025099 0.052154 0.076138
v 0.025285 0.052218 0.076138
v 0.025475 0.052265 0.076138
v 0.025670 0.052292 0.076138
v 0.025866 0.052300 0.076138
v 0.026062 0.052289 0.076138
v 0.026256 0.052258 0.076138
v 0.026446 0.052209 0.076138
v 0.026630 0.052142 0.076138
v 0.026807 0.052056 0.076138
v 0.026974 0.051954 0.076138
v 0.027131 0.051836 0.076138
v 0.027275 0.051703 0.076138
v 0.027406 0.051556 0.076138
v 0.027522 0.051398 0.076138
v 0.027621 0.051229 0.076138
v 0.027704 0.051051 0.076138
v 0.027768 0.050865 0.076138
v 0.027815 0.050675 0.076138
v 0.027842 0.050480 0.076138
v 0.027850 0.050284 0.076138
v 0.027839 0.050088 0.076138
v 0.027347 0.049179 0.068895
v 0.026948 0.048628 0.069050
v 0.027253 0.048875 0.069050
v 0.026779 0.048529 0.069050
v 0.026225 0.048335 0.069050
v 0.026601 0.048446 0.069050
v 0.025834 0.048300 0.069050
v 0.025638 0.048311 0.069050
v 0.026030 0.048308 0.069050
v 0.025444 0.048342 0.069050
v 0.025254 0.048391 0.069050
v 0.024893 0.048544 0.069050
v 0.024726 0.048646 0.069050
v 0.024294 0.049044 0.069050
v 0.024079 0.049371 0.069050
v 0.024178 0.049202 0.069050
v 0.024569 0.048764 0.069050
v 0.023932 0.049735 0.069050
v 0.023885 0.049925 0.069050
v 0.023861 0.050512 0.069050
v 0.023892 0.050706 0.069050
v 0.023850 0.050316 0.069050
v 0.022978 0.046346 0.079036
v 0.024853 0.052044 0.076186
v 0.026638 0.053456 0.077326
v 0.027631 0.051287 0.076215
v 0.027850 0.050025 0.076192
v 0.023894 0.049948 0.068901
v 0.023999 0.049563 0.068989
v 0.024362 0.048975 0.068968
v 0.025116 0.048470 0.068920
v 0.026352 0.048403 0.068906
v 0.025732 0.048303 0.068960
v 0.027143 0.048802 0.068942
v -0.029108 -0.024365 0.051714
v -0.028442 -0.027220 0.050150
v -0.028461 -0.027612 0.050150
v -0.028442 -0.027807 0.050150
v -0.028461 -0.027415 0.050150
v -0.028460 -0.026956 0.050376
v -0.028404 -0.027999 0.050150
v -0.028553 -0.030387 0.050666
v -0.028562 -0.027962 0.050401
v -0.028347 -0.028187 0.044750
v -0.028404 -0.027999 0.044750
v -0.028461 -0.027415 0.044750
v -0.028442 -0.027807 0.044750
v -0.028404 -0.027027 0.044750
v -0.028442 -0.027220 0.044750
v -0.025882 -0.027581 0.043521
v -0.028381 -0.027636 0.044478
v -0.022886 -0.029858 0.052141
v -0.012226 -0.034705 0.118102
v -0.012971 -0.036304 0.108200
v -0.012906 -0.036429 0.108079
v -0.013110 -0.036165 0.108200
v -0.013262 -0.036041 0.108200
v -0.013780 -0.035766 0.108200
v -0.013599 -0.035840 0.108200
v -0.013835 -0.035760 0.108105
v -0.013403 -0.036014 0.108023
v -0.014161 -0.035671 0.108200
v -0.014552 -0.035653 0.108200
v -0.014356 -0.035652 0.108200
v -0.014747 -0.035672 0.108200
v -0.015128 -0.035768 0.108200
v -0.014940 -0.035711 0.108200
v -0.015482 -0.035937 0.108200
v -0.015645 -0.036046 0.108200
v -0.014714 -0.035728 0.108004
v -0.015381 -0.035894 0.108074
v -0.015935 -0.036310 0.108200
v -0.015796 -0.036171 0.108200
v -0.016059 -0.036462 0.108200
v -0.016260 -0.036799 0.108200
v -0.016168 -0.036625 0.108200
v -0.016391 -0.037168 0.108200
v -0.016334 -0.036980 0.108200
v -0.016256 -0.036832 0.108027
v -0.016448 -0.037556 0.108200
v -0.016429 -0.037361 0.108200
v -0.016447 -0.037752 0.108200
v -0.016332 -0.038328 0.108200
v -0.016389 -0.038140 0.108200
v -0.016163 -0.038682 0.108200
v -0.016054 -0.038845 0.108200
v -0.016207 -0.038597 0.108123
v -0.016385 -0.037954 0.108049
v -0.015980 -0.038807 0.108012
v -0.015929 -0.038996 0.108200
v -0.015638 -0.039259 0.117800
v -0.015301 -0.039460 0.117800
v -0.015790 -0.039135 0.117800
v -0.014739 -0.039629 0.117800
v -0.014544 -0.039648 0.117800
v -0.015120 -0.039534 0.117800
v -0.015929 -0.038996 0.117800
v -0.015543 -0.039422 0.117946
v -0.014932 -0.039591 0.117800
v -0.014348 -0.039647 0.117800
v -0.014153 -0.039628 0.117800
v -0.013772 -0.039532 0.117800
v -0.013960 -0.039589 0.117800
v -0.013591 -0.039456 0.117800
v -0.013418 -0.039363 0.117800
v -0.013255 -0.039254 0.117800
v -0.013277 -0.039380 0.117968
v -0.012582 -0.038595 0.117972
v -0.012965 -0.038990 0.117800
v -0.012841 -0.038838 0.117800
v -0.012640 -0.038501 0.117800
v -0.012509 -0.038132 0.117800
v -0.012471 -0.037939 0.117800
v -0.012566 -0.038320 0.117800
v -0.013104 -0.039129 0.117800
v -0.012732 -0.038675 0.117800
v -0.012452 -0.037744 0.117800
v -0.012453 -0.037548 0.117800
v -0.012472 -0.037353 0.117800
v -0.012511 -0.037160 0.117800
v -0.012568 -0.036972 0.117800
v -0.012644 -0.036791 0.117800
v -0.012737 -0.036618 0.117800
v -0.012745 -0.036424 0.117965
v -0.012846 -0.036455 0.117800
v -0.012971 -0.036304 0.117800
v -0.016128 -0.036412 0.117976
v -0.016163 -0.038682 0.117800
v -0.016256 -0.038509 0.117800
v -0.016332 -0.038328 0.117800
v -0.016420 -0.038119 0.117901
v -0.016428 -0.037947 0.117800
v -0.016447 -0.037752 0.117800
v -0.016448 -0.037556 0.117800
v -0.016429 -0.037361 0.117800
v -0.016391 -0.037168 0.117800
v -0.016334 -0.036980 0.117800
v -0.016260 -0.036799 0.117800
v -0.016168 -0.036625 0.117800
v -0.016059 -0.036462 0.117800
v -0.015935 -0.036310 0.117800
v -0.015796 -0.036171 0.117800
v -0.015778 -0.036103 0.117932
v -0.015482 -0.035937 0.117800
v -0.015309 -0.035844 0.117800
v -0.015128 -0.035768 0.117800
v -0.014940 -0.035711 0.117800
v -0.014552 -0.035653 0.117800
v -0.014356 -0.035652 0.117800
v -0.014161 -0.035671 0.117800
v -0.013968 -0.035709 0.117800
v -0.013599 -0.035840 0.117800
v -0.013425 -0.035932 0.117800
v -0.013110 -0.036165 0.117800
v -0.014271 -0.039583 0.108019
v -0.012540 -0.038373 0.107995
v -0.012737 -0.036618 0.108200
v -0.012846 -0.036455 0.108200
v -0.012568 -0.036972 0.108200
v -0.012472 -0.037353 0.108200
v -0.012511 -0.037160 0.108200
v -0.012644 -0.036791 0.108200
v -0.012452 -0.037744 0.108200
v -0.012509 -0.038132 0.108200
v -0.012471 -0.037939 0.108200
v -0.012640 -0.038501 0.108200
v -0.012841 -0.038838 0.108200
v -0.012732 -0.038675 0.108200
v -0.012566 -0.038320 0.108200
v -0.012453 -0.037548 0.108200
v -0.012965 -0.038990 0.108200
v -0.013104 -0.039129 0.108200
v -0.013255 -0.039254 0.108200
v -0.013772 -0.039532 0.108200
v -0.013418 -0.039363 0.108200
v -0.013960 -0.039589 0.108200
v -0.014544 -0.039648 0.108200
v -0.014153 -0.039628 0.108200
v -0.014932 -0.039591 0.108200
v -0.015301 -0.039460 0.108200
v -0.015475 -0.039368 0.108200
v -0.015638 -0.039259 0.108200
v -0.014739 -0.039629 0.108200
v -0.015785 -0.039129 0.108142
v -0.013367 -0.035887 0.117970
v -0.014842 -0.035665 0.117903
v -0.013875 -0.035684 0.117946
v -0.016061 -0.038850 0.117862
v -0.014326 -0.035578 0.117972
v -0.015257 -0.035774 0.117914
v -0.016465 -0.037108 0.117950
v -0.013601 -0.039410 0.108038
v -0.015236 -0.039452 0.108030
v -0.012427 -0.037438 0.108081
v -0.017280 -0.034494 0.120856
v -0.011814 -0.040590 0.121099
v -0.017773 -0.038697 0.118123
v -0.014163 -0.041235 0.118175
v -0.010990 -0.037621 0.118172
v 0.011406 0.042418 0.119174
v 0.011522 0.042508 0.119174
v 0.011629 0.042608 0.119174
v 0.011149 0.042275 0.119174
v 0.011281 0.042340 0.119174
v 0.011011 0.042223 0.119174
v 0.010577 0.042150 0.119174
v 0.010724 0.042160 0.119174
v 0.010284 0.042174 0.119174
v 0.010430 0.042155 0.119174
v 0.010001 0.042254 0.119174
v 0.010140 0.042207 0.119174
v 0.009867 0.042316 0.119227
v 0.009739 0.042388 0.119174
v 0.010921 0.042192 0.119266
v 0.009619 0.042474 0.119174
v 0.009408 0.042678 0.119174
v 0.009508 0.042571 0.119174
v 0.009240 0.042919 0.119174
v 0.009318 0.042794 0.119174
v 0.009123 0.043189 0.119174
v 0.009175 0.043051 0.119174
v 0.009060 0.043476 0.119174
v 0.009084 0.043331 0.119174
v 0.009055 0.043770 0.119174
v 0.009050 0.043623 0.119174
v 0.009107 0.044060 0.119174
v 0.009154 0.044199 0.119174
v 0.009374 0.044581 0.119174
v 0.009288 0.044461 0.119174
v 0.009258 0.044422 0.119260
v 0.009471 0.044692 0.119174
v 0.009215 0.044272 0.110020
v 0.009677 0.042536 0.109741
v 0.010374 0.042126 0.119764
v 0.011522 0.042508 0.110226
v 0.011629 0.042608 0.110226
v 0.011281 0.042340 0.110226
v 0.011149 0.042275 0.110226
v 0.011011 0.042223 0.110226
v 0.010869 0.042184 0.110226
v 0.011279 0.042426 0.109771
v 0.010724 0.042160 0.110226
v 0.010577 0.042150 0.110226
v 0.010430 0.042155 0.110226
v 0.010140 0.042207 0.110226
v 0.010001 0.042254 0.110226
v 0.009867 0.042315 0.110226
v 0.009739 0.042388 0.110226
v 0.010345 0.042160 0.110123
v 0.009471 0.044692 0.110226
v 0.009366 0.044574 0.110190
v 0.009374 0.044581 0.110226
v 0.009508 0.042571 0.110226
v 0.009408 0.042678 0.110226
v 0.009318 0.042794 0.110226
v 0.009240 0.042919 0.110226
v 0.009175 0.043051 0.110226
v 0.009123 0.043189 0.110226
v 0.009084 0.043331 0.110226
v 0.009060 0.043476 0.110226
v 0.009050 0.043623 0.110226
v 0.009055 0.043770 0.110226
v 0.009074 0.043916 0.110226
v 0.009107 0.044060 0.110226
v 0.009078 0.043186 0.110065
v 0.009215 0.044333 0.110226
v 0.009975 0.045007 0.119386
v 0.011100 0.045017 0.119392
v 0.011942 0.044048 0.119510
v 0.011578 0.044711 0.119413
v 0.011726 0.042719 0.110226
v 0.011812 0.042839 0.110226
v 0.011885 0.042967 0.110226
v 0.011812 0.042839 0.119174
v 0.011726 0.042719 0.119174
v 0.011946 0.043101 0.110226
v 0.011993 0.043240 0.110226
v 0.011946 0.043101 0.119174
v 0.012045 0.043530 0.110226
v 0.012378 0.043346 0.112255
v 0.011885 0.042967 0.119174
v 0.012050 0.043677 0.110226
v 0.012040 0.043824 0.110226
v 0.012050 0.043677 0.119174
v 0.012016 0.043969 0.110226
v 0.011977 0.044111 0.110226
v 0.012016 0.043969 0.119174
v 0.012040 0.043824 0.119174
v 0.011925 0.044249 0.110226
v 0.011860 0.044381 0.119174
v 0.011782 0.044506 0.110226
v 0.011692 0.044622 0.110226
v 0.011782 0.044506 0.119174
v 0.011925 0.044249 0.119174
v 0.012045 0.043530 0.119174
v 0.011692 0.044622 0.119174
v 0.011592 0.044729 0.110226
v 0.011592 0.044729 0.119174
v 0.011481 0.044826 0.110226
v 0.011361 0.044912 0.110226
v 0.011481 0.044826 0.119174
v 0.011233 0.044985 0.110226
v 0.011099 0.045046 0.110226
v 0.011233 0.044985 0.119174
v 0.011361 0.044912 0.119174
v 0.010897 0.045108 0.110189
v 0.010816 0.045126 0.110226
v 0.010960 0.045093 0.119174
v 0.010670 0.045145 0.110226
v 0.010523 0.045150 0.110226
v 0.010523 0.045150 0.119174
v 0.010816 0.045126 0.119174
v 0.010376 0.045140 0.110226
v 0.010231 0.045116 0.119174
v 0.010089 0.045077 0.110226
v 0.009951 0.045025 0.110226
v 0.009951 0.045025 0.119174
v 0.009819 0.044960 0.110226
v 0.009694 0.044882 0.110226
v 0.009694 0.044882 0.119174
v 0.009578 0.044792 0.110226
v 0.009578 0.044792 0.119174
v 0.009819 0.044960 0.119174
v 0.010376 0.045140 0.119174
v 0.010137 0.044168 0.109191
v 0.009050 0.043888 0.119713
v 0.010790 0.045043 0.119668
v 0.011950 0.043848 0.119696
v 0.011906 0.043147 0.119562
v 0.011968 0.043429 0.109734
v 0.011722 0.044401 0.109754
v 0.010191 0.045038 0.109861
f 2 3 4
f 6 7 8
f 4 9 5
f 11 12 18
f 13 11 18
f 10 18 12
f 14 15 19
f 17 16 19
f 13 18 15
f 9 18 8
f 3 9 4
f 8 18 10
f 9 8 7
f 18 19 15
f 19 18 27
f 20 21 19
f 20 27 22
f 23 24 27
f 25 26 27
f 23 27 26
f 22 27 24
f 28 29 27
f 28 27 30
f 31 32 36
f 34 33 35
f 25 27 29
f 19 27 20
f 36 35 31
f 37 35 36
f 27 36 30
f 17 19 21
f 37 38 35
f 38 34 35
f 44 146 46
f 41 46 45
f 39 46 41
f 47 146 44
f 42 146 47
f 40 44 46
f 42 43 146
f 43 48 146
f 48 49 146
f 51 146 49
f 50 146 51
f 50 55 146
f 55 52 53
f 55 53 54
f 50 52 55
f 57 56 55
f 60 147 56
f 57 55 63
f 64 56 58
f 59 56 64
f 57 58 56
f 62 60 56
f 56 59 62
f 60 61 147
f 65 147 61
f 147 65 66
f 54 63 55
f 68 72 147
f 67 68 147
f 69 72 68
f 72 69 70
f 72 71 73
f 72 73 74
f 70 71 72
f 66 67 147
f 145 143 75
f 75 139 145
f 143 1 137
f 133 135 1
f 135 137 1
f 56 146 55
f 133 1 72
f 147 72 1
f 146 56 147
f 136 76 34
f 45 136 34
f 77 78 31
f 79 80 32
f 78 79 32
f 76 77 33
f 81 82 28
f 83 84 25
f 82 83 29
f 85 86 23
f 87 88 22
f 86 87 24
f 84 85 26
f 80 81 30
f 34 76 33
f 45 34 38
f 35 77 31
f 32 80 36
f 78 32 31
f 77 35 33
f 30 81 28
f 83 25 29
f 29 28 82
f 36 80 30
f 25 84 26
f 23 86 24
f 24 87 22
f 85 23 26
f 20 22 88
f 88 89 20
f 74 2 4
f 90 91 17
f 92 93 16
f 91 92 17
f 94 95 15
f 134 96 13
f 95 134 13
f 93 94 14
f 97 98 12
f 99 135 6
f 98 99 10
f 100 101 7
f 133 102 5
f 101 133 5
f 135 100 6
f 96 97 11
f 20 89 21
f 16 17 92
f 21 90 17
f 14 19 93
f 13 15 95
f 14 94 15
f 16 93 19
f 12 11 97
f 8 10 99
f 12 98 10
f 7 6 100
f 5 9 101
f 4 5 102
f 7 101 9
f 8 99 6
f 13 96 11
f 102 74 4
f 21 89 90
f 27 18 37
f 37 36 27
f 9 103 37
f 18 9 37
f 103 141 37
f 9 104 103
f 74 73 2
f 71 70 105
f 73 71 106
f 69 68 107
f 67 66 108
f 68 67 109
f 70 69 110
f 65 61 111
f 60 62 112
f 61 60 113
f 59 64 114
f 58 57 115
f 64 58 116
f 62 59 117
f 66 65 118
f 2 73 106
f 105 70 110
f 71 105 106
f 107 68 109
f 108 66 118
f 67 108 109
f 69 107 110
f 111 61 113
f 62 117 112
f 112 113 60
f 118 65 111
f 117 59 114
f 116 58 115
f 115 57 119
f 64 116 114
f 63 120 119
f 119 57 63
f 54 53 121
f 52 50 122
f 53 52 123
f 51 49 124
f 48 43 125
f 49 48 126
f 50 51 124
f 42 47 127
f 44 40 128
f 47 44 127
f 46 39 129
f 41 45 38
f 39 41 130
f 40 46 129
f 43 42 131
f 121 120 54
f 140 123 52
f 121 53 123
f 124 122 50
f 103 126 48
f 124 49 126
f 140 52 122
f 131 125 43
f 141 127 44
f 131 42 127
f 129 128 40
f 132 130 41
f 38 132 41
f 129 39 130
f 141 44 128
f 103 48 125
f 54 120 63
f 146 143 145
f 137 135 98
f 72 74 102
f 133 72 102
f 135 133 100
f 101 100 133
f 99 98 135
f 46 136 45
f 134 143 137
f 143 134 138
f 96 134 137
f 97 96 137
f 134 95 138
f 95 94 138
f 138 94 93
f 138 93 92
f 137 98 97
f 91 143 138
f 75 143 91
f 90 75 91
f 87 139 75
f 88 75 89
f 87 75 88
f 90 89 75
f 86 85 139
f 139 87 86
f 85 84 139
f 83 139 84
f 82 139 83
f 138 92 91
f 139 79 145
f 80 79 139
f 81 80 139
f 79 78 145
f 78 77 145
f 145 77 76
f 145 76 136
f 46 145 136
f 139 82 81
f 132 38 37
f 128 129 141
f 130 141 129
f 125 131 141
f 124 126 103
f 121 123 104
f 120 121 104
f 124 140 122
f 140 103 104
f 127 141 131
f 37 141 132
f 132 141 130
f 141 103 125
f 103 140 124
f 140 104 123
f 115 119 104
f 115 104 116
f 117 114 104
f 113 112 142
f 117 142 112
f 116 104 114
f 118 111 142
f 109 108 142
f 118 142 108
f 110 107 142
f 106 105 142
f 2 106 3
f 110 142 105
f 109 142 107
f 113 142 111
f 104 142 117
f 104 9 3
f 142 3 106
f 142 104 3
f 120 104 119
f 147 1 143
f 143 144 147
f 144 143 146
f 46 146 145
f 146 147 144
f 152 153 156
f 154 155 156
f 152 156 155
f 151 156 153
f 157 158 156
f 159 160 156
f 161 159 156
f 157 156 160
f 162 163 156
f 164 165 156
f 166 164 156
f 162 156 165
f 161 156 163
f 154 156 158
f 244 156 151
f 168 169 167
f 168 167 170
f 171 172 167
f 171 167 173
f 170 167 172
f 174 167 156
f 175 176 174
f 175 174 177
f 179 180 178
f 181 182 183
f 184 181 183
f 179 178 182
f 167 174 173
f 178 174 183
f 178 183 182
f 174 178 177
f 166 167 169
f 156 167 166
f 185 244 270
f 197 186 185
f 186 197 187
f 188 189 197
f 190 188 193
f 191 193 192
f 193 191 190
f 195 194 193
f 198 196 195
f 193 197 266
f 193 188 197
f 193 198 195
f 199 196 198
f 199 198 200
f 203 202 198
f 200 198 201
f 202 201 198
f 198 204 203
f 198 205 204
f 205 198 206
f 207 206 208
f 208 209 210
f 209 211 212
f 213 148 214
f 148 213 211
f 206 198 208
f 211 209 208
f 150 149 266
f 266 149 215
f 269 268 149
f 269 149 150
f 215 148 266
f 268 215 149
f 148 216 184
f 214 148 184
f 217 218 182
f 219 220 180
f 218 219 179
f 216 217 181
f 221 267 175
f 222 223 176
f 267 222 175
f 224 225 171
f 226 227 170
f 225 226 172
f 223 224 173
f 220 221 177
f 184 216 181
f 214 184 183
f 182 218 179
f 180 220 178
f 219 180 179
f 217 182 181
f 177 221 175
f 223 174 176
f 176 175 222
f 178 220 177
f 174 223 173
f 171 225 172
f 172 226 170
f 224 171 173
f 168 170 227
f 227 228 168
f 270 244 151
f 229 230 166
f 231 232 165
f 230 231 164
f 233 234 163
f 235 236 159
f 234 235 161
f 232 233 162
f 237 238 157
f 239 240 154
f 238 239 158
f 241 242 152
f 243 270 151
f 242 243 153
f 240 241 155
f 236 237 160
f 168 228 169
f 164 166 230
f 169 229 166
f 162 165 232
f 161 163 234
f 162 233 163
f 164 231 165
f 160 159 236
f 158 157 238
f 160 237 157
f 155 154 240
f 153 152 242
f 151 153 243
f 155 241 152
f 158 239 154
f 161 235 159
f 169 228 229
f 156 275 174
f 174 275 271
f 275 156 244
f 185 186 244
f 187 197 245
f 186 187 246
f 189 188 247
f 190 191 248
f 188 190 249
f 192 193 250
f 194 195 251
f 193 194 250
f 191 192 252
f 197 189 245
f 244 186 246
f 277 187 245
f 187 277 246
f 247 188 249
f 190 248 275
f 275 249 190
f 245 189 247
f 248 191 252
f 250 194 251
f 251 195 253
f 192 250 252
f 196 254 253
f 253 195 196
f 199 200 255
f 201 202 256
f 200 201 256
f 203 204 257
f 205 206 258
f 204 205 259
f 202 203 260
f 207 208 261
f 210 209 262
f 208 210 261
f 212 211 263
f 213 214 264
f 211 213 263
f 209 212 265
f 274 254 199
f 256 255 200
f 274 199 255
f 273 260 203
f 259 257 204
f 273 203 257
f 256 202 260
f 207 258 206
f 262 261 210
f 265 271 209
f 264 263 213
f 183 264 214
f 265 212 263
f 262 209 271
f 259 205 258
f 199 254 196
f 266 148 211
f 211 208 266
f 208 198 266
f 198 193 266
f 266 197 185
f 148 217 216
f 215 218 217
f 215 217 148
f 215 219 218
f 215 220 219
f 221 220 215
f 223 268 224
f 268 223 222
f 224 268 225
f 226 225 268
f 227 226 268
f 268 228 227
f 221 215 267
f 267 215 268
f 268 222 267
f 268 230 229
f 268 231 230
f 268 233 232
f 233 268 234
f 268 232 231
f 229 228 268
f 269 236 235
f 236 269 237
f 238 237 269
f 239 238 269
f 268 269 234
f 241 240 150
f 243 242 270
f 242 241 270
f 150 240 239
f 235 234 269
f 239 269 150
f 270 241 150
f 185 270 150
f 264 271 263
f 261 262 271
f 263 271 265
f 174 271 183
f 258 207 272
f 257 259 273
f 258 273 259
f 256 260 273
f 256 274 255
f 274 271 275
f 261 272 207
f 183 271 264
f 271 272 261
f 274 273 271
f 273 274 256
f 273 272 271
f 272 273 258
f 251 253 276
f 252 250 276
f 252 276 248
f 251 276 250
f 274 275 276
f 245 247 275
f 246 277 244
f 249 275 247
f 276 275 248
f 275 277 245
f 275 244 277
f 254 276 253
f 274 276 254
f 150 266 185
f 282 286 283
f 282 280 286
f 283 279 282
f 280 281 286
f 284 286 281
f 286 284 285
f 286 285 278
f 278 283 286
f 284 281 288
f 280 282 289
f 281 280 290
f 279 283 291
f 282 279 292
f 285 284 287
f 295 285 293
f 293 285 287
f 288 281 290
f 280 289 294
f 294 290 280
f 287 284 288
f 289 282 292
f 291 283 278
f 279 291 292
f 278 293 291
f 289 292 293
f 291 293 292
f 287 288 294
f 287 294 293
f 290 294 288
f 293 294 289
f 278 295 293
f 278 285 295
f 297 298 299
f 301 302 303
f 299 304 300
f 306 307 313
f 308 306 313
f 305 313 307
f 309 310 314
f 312 311 314
f 308 313 310
f 304 313 303
f 298 304 299
f 303 313 305
f 304 303 302
f 313 314 310
f 314 313 322
f 315 316 314
f 315 322 317
f 318 319 322
f 320 321 322
f 318 322 321
f 317 322 319
f 323 324 322
f 323 322 325
f 326 327 331
f 329 328 330
f 320 322 324
f 314 322 315
f 331 330 326
f 332 330 331
f 322 331 325
f 312 314 316
f 332 333 330
f 333 329 330
f 339 441 341
f 336 341 340
f 334 341 336
f 342 441 339
f 337 441 342
f 335 339 341
f 337 338 441
f 338 343 441
f 343 344 441
f 346 441 344
f 345 441 346
f 345 350 441
f 350 347 348
f 350 348 349
f 345 347 350
f 352 351 350
f 355 442 351
f 352 350 358
f 359 351 353
f 354 351 359
f 352 353 351
f 357 355 351
f 351 354 357
f 355 356 442
f 360 442 356
f 442 360 361
f 349 358 350
f 363 367 442
f 362 363 442
f 364 367 363
f 367 364 365
f 367 366 368
f 367 368 369
f 365 366 367
f 361 362 442
f 440 438 370
f 370 434 440
f 438 296 432
f 428 430 296
f 430 432 296
f 351 441 350
f 428 296 367
f 442 367 296
f 441 351 442
f 431 371 329
f 340 431 329
f 372 373 326
f 374 375 327
f 373 374 327
f 371 372 328
f 376 377 323
f 378 379 320
f 377 378 324
f 380 381 318
f 382 383 317
f 381 382 319
f 379 380 321
f 375 376 325
f 329 371 328
f 340 329 333
f 330 372 326
f 327 375 331
f 373 327 326
f 372 330 328
f 325 376 323
f 378 320 324
f 324 323 377
f 331 375 325
f 320 379 321
f 318 381 319
f 319 382 317
f 380 318 321
f 315 317 383
f 383 384 315
f 369 297 299
f 385 386 312
f 387 388 311
f 386 387 312
f 389 390 310
f 429 391 308
f 390 429 308
f 388 389 309
f 392 393 307
f 394 430 301
f 393 394 305
f 395 396 302
f 428 397 300
f 396 428 300
f 430 395 301
f 391 392 306
f 315 384 316
f 311 312 387
f 316 385 312
f 309 314 388
f 308 310 390
f 309 389 310
f 311 388 314
f 307 306 392
f 303 305 394
f 307 393 305
f 302 301 395
f 300 304 396
f 299 300 397
f 302 396 304
f 303 394 301
f 308 391 306
f 397 369 299
f 316 384 385
f 322 313 332
f 332 331 322
f 304 398 332
f 313 304 332
f 398 436 332
f 304 399 398
f 369 368 297
f 366 365 400
f 368 366 401
f 364 363 402
f 362 361 403
f 363 362 404
f 365 364 405
f 360 356 406
f 355 357 407
f 356 355 408
f 354 359 409
f 353 352 410
f 359 353 411
f 357 354 412
f 361 360 413
f 297 368 401
f 400 365 405
f 366 400 401
f 402 363 404
f 403 361 413
f 362 403 404
f 364 402 405
f 406 356 408
f 357 412 407
f 407 408 355
f 413 360 406
f 412 354 409
f 411 353 410
f 410 352 414
f 359 411 409
f 358 415 414
f 414 352 358
f 349 348 416
f 347 345 417
f 348 347 418
f 346 344 419
f 343 338 420
f 344 343 421
f 345 346 419
f 337 342 422
f 339 335 423
f 342 339 422
f 341 334 424
f 336 340 333
f 334 336 425
f 335 341 424
f 338 337 426
f 416 415 349
f 435 418 347
f 416 348 418
f 419 417 345
f 398 421 343
f 419 344 421
f 435 347 417
f 426 420 338
f 436 422 339
f 426 337 422
f 424 423 335
f 427 425 336
f 333 427 336
f 424 334 425
f 436 339 423
f 398 343 420
f 349 415 358
f 441 438 440
f 432 430 393
f 367 369 397
f 428 367 397
f 430 428 395
f 396 395 428
f 394 393 430
f 341 431 340
f 429 438 432
f 438 429 433
f 391 429 432
f 392 391 432
f 429 390 433
f 390 389 433
f 433 389 388
f 433 388 387
f 432 393 392
f 386 438 433
f 370 438 386
f 385 370 386
f 382 434 370
f 383 370 384
f 382 370 383
f 385 384 370
f 381 380 434
f 434 382 381
f 380 379 434
f 378 434 379
f 377 434 378
f 433 387 386
f 434 374 440
f 375 374 434
f 376 375 434
f 374 373 440
f 373 372 440
f 440 372 371
f 440 371 431
f 341 440 431
f 434 377 376
f 427 333 332
f 423 424 436
f 425 436 424
f 420 426 436
f 419 421 398
f 416 418 399
f 415 416 399
f 419 435 417
f 435 398 399
f 422 436 426
f 332 436 427
f 427 436 425
f 436 398 420
f 398 435 419
f 435 399 418
f 410 414 399
f 410 399 411
f 412 409 399
f 408 407 437
f 412 437 407
f 411 399 409
f 413 406 437
f 404 403 437
f 413 437 403
f 405 402 437
f 401 400 437
f 297 401 298
f 405 437 400
f 404 437 402
f 408 437 406
f 399 437 412
f 399 304 298
f 437 298 401
f 437 399 298
f 415 399 414
f 442 296 438
f 438 439 442
f 439 438 441
f 341 441 440
f 441 442 439
f 444 445 446
f 448 449 450
f 446 451 447
f 453 454 460
f 455 453 460
f 452 460 454
f 456 457 461
f 459 458 461
f 455 460 457
f 451 460 450
f 445 451 446
f 450 460 452
f 451 450 449
f 460 461 457
f 461 460 469
f 462 463 461
f 462 469 464
f 465 466 469
f 467 468 469
f 465 469 468
f 464 469 466
f 470 471 469
f 470 469 472
f 473 474 478
f 476 475 477
f 467 469 471
f 461 469 462
f 478 477 473
f 479 477 478
f 469 478 472
f 459 461 463
f 479 480 477
f 480 476 477
f 486 588 488
f 483 488 487
f 481 488 483
f 489 588 486
f 484 588 489
f 482 486 488
f 484 485 588
f 485 490 588
f 490 491 588
f 493 588 491
f 492 588 493
f 492 497 588
f 497 494 495
f 497 495 496
f 492 494 497
f 499 498 497
f 502 589 498
f 499 497 505
f 506 498 500
f 501 498 506
f 499 500 498
f 504 502 498
f 498 501 504
f 502 503 589
f 507 589 503
f 589 507 508
f 496 505 497
f 510 514 589
f 509 510 589
f 511 514 510
f 514 511 512
f 514 513 515
f 514 515 516
f 512 513 514
f 508 509 589
f 587 585 517
f 517 581 587
f 585 443 579
f 575 577 443
f 577 579 443
f 498 588 497
f 575 443 514
f 589 514 443
f 588 498 589
f 578 518 476
f 487 578 476
f 519 520 473
f 521 522 474
f 520 521 474
f 518 519 475
f 523 524 470
f 525 526 467
f 524 525 471
f 527 528 465
f 529 530 464
f 528 529 466
f 526 527 468
f 522 523 472
f 476 518 475
f 487 476 480
f 477 519 473
f 474 522 478
f 520 474 473
f 519 477 475
f 472 523 470
f 525 467 471
f 471 470 524
f 478 522 472
f 467 526 468
f 465 528 466
f 466 529 464
f 527 465 468
f 462 464 530
f 530 531 462
f 516 444 446
f 532 533 459
f 534 535 458
f 533 534 459
f 536 537 457
f 576 538 455
f 537 576 455
f 535 536 456
f 539 540 454
f 541 577 448
f 540 541 452
f 542 543 449
f 575 544 447
f 543 575 447
f 577 542 448
f 538 539 453
f 462 531 463
f 458 459 534
f 463 532 459
f 456 461 535
f 455 457 537
f 456 536 457
f 458 535 461
f 454 453 539
f 450 452 541
f 454 540 452
f 449 448 542
f 447 451 543
f 446 447 544
f 449 543 451
f 450 541 448
f 455 538 453
f 544 516 446
f 463 531 532
f 469 460 479
f 479 478 469
f 451 545 479
f 460 451 479
f 545 583 479
f 451 546 545
f 516 515 444
f 513 512 547
f 515 513 548
f 511 510 549
f 509 508 550
f 510 509 551
f 512 511 552
f 507 503 553
f 502 504 554
f 503 502 555
f 501 506 556
f 500 499 557
f 506 500 558
f 504 501 559
f 508 507 560
f 444 515 548
f 547 512 552
f 513 547 548
f 549 510 551
f 550 508 560
f 509 550 551
f 511 549 552
f 553 503 555
f 504 559 554
f 554 555 502
f 560 507 553
f 559 501 556
f 558 500 557
f 557 499 561
f 506 558 556
f 505 562 561
f 561 499 505
f 496 495 563
f 494 492 564
f 495 494 565
f 493 491 566
f 490 485 567
f 491 490 568
f 492 493 566
f 484 489 569
f 486 482 570
f 489 486 569
f 488 481 571
f 483 487 480
f 481 483 572
f 482 488 571
f 485 484 573
f 563 562 496
f 582 565 494
f 563 495 565
f 566 564 492
f 545 568 490
f 566 491 568
f 582 494 564
f 573 567 485
f 583 569 486
f 573 484 569
f 571 570 482
f 574 572 483
f 480 574 483
f 571 481 572
f 583 486 570
f 545 490 567
f 496 562 505
f 588 585 587
f 579 577 540
f 514 516 544
f 575 514 544
f 577 575 542
f 543 542 575
f 541 540 577
f 488 578 487
f 576 585 579
f 585 576 580
f 538 576 579
f 539 538 579
f 576 537 580
f 537 536 580
f 580 536 535
f 580 535 534
f 579 540 539
f 533 585 580
f 517 585 533
f 532 517 533
f 529 581 517
f 530 517 531
f 529 517 530
f 532 531 517
f 528 527 581
f 581 529 528
f 527 526 581
f 525 581 526
f 524 581 525
f 580 534 533
f 581 521 587
f 522 521 581
f 523 522 581
f 521 520 587
f 520 519 587
f 587 519 518
f 587 518 578
f 488 587 578
f 581 524 523
f 574 480 479
f 570 571 583
f 572 583 571
f 567 573 583
f 566 568 545
f 563 565 546
f 562 563 546
f 566 582 564
f 582 545 546
f 569 583 573
f 479 583 574
f 574 583 572
f 583 545 567
f 545 582 566
f 582 546 565
f 557 561 546
f 557 546 558
f 559 556 546
f 555 554 584
f 559 584 554
f 558 546 556
f 560 553 584
f 551 550 584
f 560 584 550
f 552 549 584
f 548 547 584
f 444 548 445
f 552 584 547
f 551 584 549
f 555 584 553
f 546 584 559
f 546 451 445
f 584 445 548
f 584 546 445
f 562 546 561
f 589 443 585
f 585 586 589
f 586 585 588
f 488 588 587
f 588 589 586
f 593 590 592
f 591 594 595
f 594 591 590
f 591 592 590
f 593 591 595
f 595 594 593
f 593 592 591
f 590 593 594
f 596 597 630
f 598 630 597
f 599 600 610
f 599 610 601
f 596 630 600
f 602 603 610
f 604 605 630
f 602 610 605
f 606 607 608
f 604 630 607
f 630 610 600
f 610 630 605
f 630 608 607
f 609 608 611
f 612 613 722
f 614 615 722
f 612 722 615
f 616 617 722
f 618 619 722
f 616 722 619
f 614 722 617
f 620 621 722
f 624 625 626
f 622 626 623
f 618 722 621
f 722 626 622
f 611 722 613
f 608 722 611
f 627 624 626
f 632 631 637
f 633 634 637
f 635 636 637
f 634 635 637
f 638 639 645
f 639 640 645
f 641 642 645
f 643 644 629
f 642 643 645
f 636 638 637
f 645 643 629
f 645 637 638
f 646 647 648
f 649 650 661
f 651 652 661
f 650 651 661
f 653 654 661
f 655 656 661
f 654 655 661
f 652 653 661
f 657 658 661
f 659 660 661
f 658 659 661
f 656 657 661
f 661 660 628
f 662 647 628
f 661 629 649
f 630 724 722
f 723 722 724
f 721 628 647
f 721 629 661
f 628 721 661
f 629 721 645
f 637 645 721
f 648 647 625
f 646 648 624
f 662 628 623
f 660 659 622
f 628 660 623
f 647 662 625
f 658 657 621
f 656 655 619
f 657 656 618
f 654 653 617
f 652 651 615
f 653 652 614
f 655 654 616
f 659 658 620
f 624 648 625
f 646 624 627
f 626 662 623
f 622 659 722
f 660 622 623
f 662 626 625
f 620 658 621
f 656 619 618
f 618 621 657
f 722 659 620
f 619 655 616
f 617 653 614
f 614 652 615
f 654 617 616
f 612 615 651
f 651 650 612
f 632 598 597
f 649 629 611
f 644 643 609
f 629 644 611
f 642 641 607
f 645 640 604
f 641 645 604
f 643 642 606
f 639 638 602
f 636 635 601
f 638 636 603
f 634 633 600
f 637 631 596
f 633 637 596
f 635 634 599
f 640 639 605
f 612 650 613
f 609 611 644
f 613 649 611
f 606 608 643
f 604 607 641
f 606 642 607
f 609 643 608
f 602 605 639
f 610 603 636
f 602 638 603
f 599 601 635
f 596 600 633
f 597 596 631
f 599 634 600
f 610 636 601
f 604 640 605
f 631 632 597
f 613 650 649
f 632 667 598
f 668 669 670
f 667 668 671
f 672 673 674
f 669 672 677
f 678 679 680
f 681 682 683
f 679 681 684
f 685 727 686
f 687 688 689
f 727 687 686
f 682 685 690
f 675 678 691
f 598 667 671
f 670 669 677
f 668 670 671
f 674 673 725
f 676 675 691
f 673 676 725
f 672 674 677
f 680 679 684
f 682 665 683
f 683 684 681
f 691 678 680
f 665 682 690
f 686 687 689
f 689 688 692
f 685 686 690
f 693 694 692
f 692 688 693
f 695 696 697
f 698 699 700
f 696 698 701
f 702 703 704
f 705 706 707
f 703 705 708
f 699 702 704
f 709 728 710
f 711 712 713
f 728 711 710
f 714 715 716
f 717 646 627
f 715 717 718
f 712 714 719
f 706 709 720
f 697 694 695
f 700 701 698
f 697 696 701
f 704 664 699
f 723 708 705
f 704 703 708
f 700 699 664
f 720 707 706
f 663 710 711
f 720 709 710
f 719 713 712
f 718 716 715
f 627 718 717
f 719 714 716
f 663 711 713
f 723 705 707
f 695 694 693
f 608 630 722
f 646 717 647
f 715 714 721
f 717 715 721
f 712 711 721
f 714 712 721
f 706 705 721
f 705 703 702
f 699 698 721
f 696 695 721
f 698 696 721
f 709 706 721
f 647 717 721
f 728 721 711
f 721 728 709
f 702 699 721
f 721 705 702
f 695 693 721
f 688 687 721
f 685 682 726
f 681 679 726
f 682 681 726
f 678 675 726
f 672 669 726
f 668 667 726
f 669 668 726
f 673 672 726
f 679 678 726
f 727 721 687
f 727 685 726
f 726 675 676
f 673 726 676
f 726 667 637
f 637 667 632
f 688 721 693
f 722 723 663
f 666 664 723
f 723 724 666
f 666 724 665
f 630 725 724
f 637 721 726
f 727 726 721
f 718 627 626
f 719 716 663
f 718 722 716
f 720 710 723
f 663 723 710
f 719 663 713
f 704 708 664
f 697 701 666
f 700 666 701
f 720 723 707
f 718 626 722
f 716 722 663
f 700 664 666
f 708 723 664
f 697 666 694
f 689 692 666
f 690 686 665
f 689 666 686
f 680 684 724
f 683 724 684
f 676 691 725
f 670 677 630
f 598 671 630
f 670 630 671
f 674 725 677
f 680 724 691
f 683 665 724
f 686 666 665
f 691 724 725
f 677 725 630
f 694 666 692
f 729 730 740
f 732 730 731
f 732 731 738
f 734 731 730
f 734 730 729
f 733 734 729
f 734 736 735
f 735 737 731
f 731 734 735
f 731 737 738
f 730 732 739
f 729 740 733
f 742 855 741
f 746 744 743
f 827 741 745
f 741 744 742
f 746 742 744
f 855 745 741
f 747 742 746
f 742 747 748
f 748 855 742
f 749 745 855
f 750 827 745
f 745 749 750
f 744 741 751
f 751 752 744
f 743 744 752
f 790 753 754
f 754 753 755
f 753 757 756
f 756 755 753
f 758 757 753
f 760 753 761
f 762 758 753
f 760 759 753
f 763 760 761
f 762 753 759
f 764 763 761
f 761 765 764
f 766 764 765
f 768 767 765
f 765 769 768
f 766 765 767
f 770 765 771
f 771 772 773
f 772 771 782
f 765 770 769
f 782 898 779
f 775 779 774
f 777 776 779
f 779 775 777
f 774 779 898
f 776 778 779
f 782 779 780
f 781 780 779
f 899 785 790
f 783 785 899
f 783 784 785
f 787 788 786
f 788 801 786
f 801 788 789
f 788 782 789
f 810 791 792
f 792 814 816
f 792 793 814
f 796 797 795
f 798 801 799
f 798 797 800
f 801 798 800
f 801 802 799
f 801 800 786
f 803 801 794
f 796 800 797
f 800 796 786
f 796 795 787
f 804 805 806
f 804 806 807
f 808 807 806
f 806 809 808
f 811 792 816
f 806 811 816
f 792 811 810
f 806 814 812
f 813 806 812
f 813 809 806
f 814 806 816
f 812 814 815
f 814 793 815
f 817 821 818
f 819 818 821
f 819 821 820
f 822 823 821
f 821 824 822
f 823 820 821
f 822 824 825
f 826 825 824
f 829 828 827
f 828 830 827
f 827 830 821
f 821 831 832
f 821 830 831
f 834 821 833
f 821 834 835
f 821 832 833
f 836 824 835
f 821 835 824
f 837 838 828
f 839 840 831
f 838 839 830
f 829 837 828
f 839 831 830
f 830 828 838
f 840 832 831
f 840 841 832
f 842 843 834
f 844 845 836
f 843 844 835
f 832 841 833
f 835 834 843
f 836 835 844
f 833 842 834
f 833 841 842
f 846 856 847
f 837 856 838
f 839 838 856
f 848 849 856
f 856 840 839
f 856 841 840
f 856 846 848
f 856 850 851
f 843 842 856
f 844 843 856
f 841 856 842
f 852 854 853
f 856 845 844
f 851 853 856
f 850 856 849
f 854 856 853
f 857 738 858
f 859 858 738
f 859 738 860
f 861 862 738
f 738 863 861
f 862 860 738
f 861 863 864
f 867 868 866
f 866 868 738
f 738 869 870
f 738 868 869
f 872 738 871
f 738 872 873
f 738 870 871
f 874 738 873
f 875 876 867
f 877 878 869
f 876 877 868
f 866 875 867
f 877 869 868
f 868 867 876
f 878 870 869
f 878 879 870
f 880 881 872
f 882 883 874
f 881 882 873
f 870 879 871
f 873 872 881
f 874 873 882
f 871 880 872
f 871 879 880
f 884 736 885
f 875 736 876
f 877 876 736
f 886 887 736
f 736 878 877
f 736 879 878
f 736 884 886
f 736 888 889
f 881 880 890
f 882 881 890
f 879 736 880
f 891 736 892
f 890 883 882
f 893 736 891
f 736 890 880
f 889 892 736
f 888 736 887
f 890 736 824
f 893 824 736
f 824 836 883
f 883 890 824
f 865 863 854
f 854 863 856
f 863 738 856
f 738 874 845
f 845 856 738
f 883 836 845
f 845 874 883
f 854 852 793
f 853 851 813
f 852 853 815
f 793 852 815
f 853 813 812
f 812 815 853
f 851 809 813
f 851 850 809
f 849 848 807
f 846 847 805
f 848 846 804
f 809 850 808
f 804 807 848
f 805 804 846
f 808 849 807
f 808 850 849
f 741 827 821
f 829 827 750
f 829 749 837
f 821 817 751
f 741 821 751
f 794 752 817
f 751 817 752
f 794 743 752
f 856 837 855
f 837 749 855
f 829 750 749
f 805 746 743
f 748 856 855
f 847 856 748
f 805 747 746
f 747 805 847
f 747 847 748
f 794 805 743
f 817 818 794
f 819 820 802
f 818 819 803
f 794 818 803
f 819 802 801
f 801 803 819
f 820 799 802
f 820 823 799
f 822 825 797
f 826 824 787
f 825 826 795
f 799 823 798
f 795 797 825
f 787 795 826
f 798 822 797
f 798 823 822
f 810 899 790
f 790 894 782
f 810 790 791
f 782 771 765
f 765 779 782
f 779 765 761
f 895 780 781
f 781 779 896
f 761 753 785
f 896 779 785
f 895 781 896
f 785 779 761
f 895 790 780
f 790 782 780
f 785 753 790
f 792 790 754
f 793 865 854
f 754 865 793
f 793 792 754
f 754 755 865
f 756 757 861
f 755 756 864
f 865 755 863
f 756 861 864
f 864 863 755
f 757 862 861
f 757 758 862
f 762 759 859
f 760 763 857
f 759 760 858
f 862 758 860
f 858 859 759
f 857 858 760
f 860 762 859
f 860 758 762
f 764 766 884
f 767 768 887
f 766 767 886
f 885 764 884
f 767 887 886
f 886 884 766
f 768 888 887
f 768 769 888
f 770 771 892
f 773 772 891
f 771 773 892
f 888 769 889
f 891 892 773
f 893 891 772
f 889 770 892
f 889 769 770
f 893 787 824
f 772 787 893
f 787 772 788
f 772 782 788
f 792 791 790
f 894 898 782
f 789 901 801
f 811 899 810
f 900 775 774
f 898 897 774
f 794 801 778
f 784 778 776
f 778 801 901
f 902 776 777
f 778 784 794
f 903 777 775
f 774 897 900
f 775 900 904
f 783 899 811
f 811 806 783
f 777 903 902
f 776 902 784
f 784 783 806
f 806 805 784
f 805 794 784
f 903 775 904
f 857 739 732
f 763 739 857
f 738 857 732
f 763 730 739
f 764 740 730
f 763 764 730
f 885 734 733
f 734 885 736
f 764 885 733
f 764 733 740
f 866 738 737
f 875 866 737
f 875 735 736
f 737 735 875
f 895 896 894
f 894 896 785
f 895 894 790
f 894 785 897
f 903 785 902
f 902 785 784
f 903 904 785
f 900 785 904
f 894 897 898
f 900 897 785
f 901 779 778
f 901 789 779
f 782 779 789
f 909 913 910
f 909 907 913
f 910 906 909
f 907 908 913
f 911 913 908
f 913 911 912
f 913 912 905
f 905 910 913
f 911 908 915
f 907 909 916
f 908 907 917
f 906 910 918
f 909 906 919
f 912 911 914
f 922 912 920
f 920 912 914
f 915 908 917
f 907 916 921
f 921 917 907
f 914 911 915
f 916 909 919
f 918 910 905
f 906 918 919
f 905 920 918
f 916 919 920
f 918 920 919
f 914 915 921
f 914 921 920
f 917 921 915
f 920 921 916
f 905 922 920
f 905 912 922
f 927 928 931
f 929 930 931
f 927 931 930
f 926 931 928
f 932 933 931
f 934 935 931
f 936 934 931
f 932 931 935
f 937 938 931
f 939 940 931
f 941 939 931
f 937 931 940
f 936 931 938
f 929 931 933
f 1019 931 926
f 943 944 942
f 943 942 945
f 946 947 942
f 946 942 948
f 945 942 947
f 949 942 931
f 950 951 949
f 950 949 952
f 954 955 953
f 956 957 958
f 959 956 958
f 954 953 957
f 942 949 948
f 953 949 958
f 953 958 957
f 949 953 952
f 941 942 944
f 931 942 941
f 960 1019 1045
f 972 961 960
f 961 972 962
f 963 964 972
f 965 963 968
f 966 968 967
f 968 966 965
f 970 969 968
f 973 971 970
f 968 972 1041
f 968 963 972
f 968 973 970
f 974 971 973
f 974 973 975
f 978 977 973
f 975 973 976
f 977 976 973
f 973 979 978
f 973 980 979
f 980 973 981
f 982 981 983
f 983 984 985
f 984 986 987
f 988 923 989
f 923 988 986
f 981 973 983
f 986 984 983
f 925 924 1041
f 1041 924 990
f 1044 1043 924
f 1044 924 925
f 990 923 1041
f 1043 990 924
f 923 991 959
f 989 923 959
f 992 993 957
f 994 995 955
f 993 994 954
f 991 992 956
f 996 1042 950
f 997 998 951
f 1042 997 950
f 999 1000 946
f 1001 1002 945
f 1000 1001 947
f 998 999 948
f 995 996 952
f 959 991 956
f 989 959 958
f 957 993 954
f 955 995 953
f 994 955 954
f 992 957 956
f 952 996 950
f 998 949 951
f 951 950 997
f 953 995 952
f 949 998 948
f 946 1000 947
f 947 1001 945
f 999 946 948
f 943 945 1002
f 1002 1003 943
f 1045 1019 926
f 1004 1005 941
f 1006 1007 940
f 1005 1006 939
f 1008 1009 938
f 1010 1011 934
f 1009 1010 936
f 1007 1008 937
f 1012 1013 932
f 1014 1015 929
f 1013 1014 933
f 1016 1017 927
f 1018 1045 926
f 1017 1018 928
f 1015 1016 930
f 1011 1012 935
f 943 1003 944
f 939 941 1005
f 944 1004 941
f 937 940 1007
f 936 938 1009
f 937 1008 938
f 939 1006 940
f 935 934 1011
f 933 932 1013
f 935 1012 932
f 930 929 1015
f 928 927 1017
f 926 928 1018
f 930 1016 927
f 933 1014 929
f 936 1010 934
f 944 1003 1004
f 931 1050 949
f 949 1050 1046
f 1050 931 1019
f 960 961 1019
f 962 972 1020
f 961 962 1021
f 964 963 1022
f 965 966 1023
f 963 965 1024
f 967 968 1025
f 969 970 1026
f 968 969 1025
f 966 967 1027
f 972 964 1020
f 1019 961 1021
f 1052 962 1020
f 962 1052 1021
f 1022 963 1024
f 965 1023 1050
f 1050 1024 965
f 1020 964 1022
f 1023 966 1027
f 1025 969 1026
f 1026 970 1028
f 967 1025 1027
f 971 1029 1028
f 1028 970 971
f 974 975 1030
f 976 977 1031
f 975 976 1031
f 978 979 1032
f 980 981 1033
f 979 980 1034
f 977 978 1035
f 982 983 1036
f 985 984 1037
f 983 985 1036
f 987 986 1038
f 988 989 1039
f 986 988 1038
f 984 987 1040
f 1049 1029 974
f 1031 1030 975
f 1049 974 1030
f 1048 1035 978
f 1034 1032 979
f 1048 978 1032
f 1031 977 1035
f 982 1033 981
f 1037 1036 985
f 1040 1046 984
f 1039 1038 988
f 958 1039 989
f 1040 987 1038
f 1037 984 1046
f 1034 980 1033
f 974 1029 971
f 1041 923 986
f 986 983 1041
f 983 973 1041
f 973 968 1041
f 1041 972 960
f 923 992 991
f 990 993 992
f 990 992 923
f 990 994 993
f 990 995 994
f 996 995 990
f 998 1043 999
f 1043 998 997
f 999 1043 1000
f 1001 1000 1043
f 1002 1001 1043
f 1043 1003 1002
f 996 990 1042
f 1042 990 1043
f 1043 997 1042
f 1043 1005 1004
f 1043 1006 1005
f 1043 1008 1007
f 1008 1043 1009
f 1043 1007 1006
f 1004 1003 1043
f 1044 1011 1010
f 1011 1044 1012
f 1013 1012 1044
f 1014 1013 1044
f 1043 1044 1009
f 1016 1015 925
f 1018 1017 1045
f 1017 1016 1045
f 925 1015 1014
f 1010 1009 1044
f 1014 1044 925
f 1045 1016 925
f 960 1045 925
f 1039 1046 1038
f 1036 1037 1046
f 1038 1046 1040
f 949 1046 958
f 1033 982 1047
f 1032 1034 1048
f 1033 1048 1034
f 1031 1035 1048
f 1031 1049 1030
f 1049 1046 1050
f 1036 1047 982
f 958 1046 1039
f 1046 1047 1036
f 1049 1048 1046
f 1048 1049 1031
f 1048 1047 1046
f 1047 1048 1033
f 1026 1028 1051
f 1027 1025 1051
f 1027 1051 1023
f 1026 1051 1025
f 1049 1050 1051
f 1020 1022 1050
f 1021 1052 1019
f 1024 1050 1022
f 1051 1050 1023
f 1050 1052 1020
f 1050 1019 1052
f 1029 1051 1028
f 1049 1051 1029
f 925 1041 960
f 1054 1055 1056
f 1058 1059 1060
f 1056 1061 1057
f 1063 1064 1070
f 1065 1063 1070
f 1062 1070 1064
f 1066 1067 1071
f 1069 1068 1071
f 1065 1070 1067
f 1061 1070 1060
f 1055 1061 1056
f 1060 1070 1062
f 1061 1060 1059
f 1070 1071 1067
f 1071 1070 1079
f 1072 1073 1071
f 1072 1079 1074
f 1075 1076 1079
f 1077 1078 1079
f 1075 1079 1078
f 1074 1079 1076
f 1080 1081 1079
f 1080 1079 1082
f 1083 1084 1088
f 1086 1085 1087
f 1077 1079 1081
f 1071 1079 1072
f 1088 1087 1083
f 1089 1087 1088
f 1079 1088 1082
f 1069 1071 1073
f 1089 1090 1087
f 1090 1086 1087
f 1096 1198 1098
f 1093 1098 1097
f 1091 1098 1093
f 1099 1198 1096
f 1094 1198 1099
f 1092 1096 1098
f 1094 1095 1198
f 1095 1100 1198
f 1100 1101 1198
f 1103 1198 1101
f 1102 1198 1103
f 1102 1107 1198
f 1107 1104 1105
f 1107 1105 1106
f 1102 1104 1107
f 1109 1108 1107
f 1112 1199 1108
f 1109 1107 1115
f 1116 1108 1110
f 1111 1108 1116
f 1109 1110 1108
f 1114 1112 1108
f 1108 1111 1114
f 1112 1113 1199
f 1117 1199 1113
f 1199 1117 1118
f 1106 1115 1107
f 1120 1124 1199
f 1119 1120 1199
f 1121 1124 1120
f 1124 1121 1122
f 1124 1123 1125
f 1124 1125 1126
f 1122 1123 1124
f 1118 1119 1199
f 1197 1195 1127
f 1127 1191 1197
f 1195 1053 1189
f 1185 1187 1053
f 1187 1189 1053
f 1108 1198 1107
f 1185 1053 1124
f 1199 1124 1053
f 1198 1108 1199
f 1188 1128 1086
f 1097 1188 1086
f 1129 1130 1083
f 1131 1132 1084
f 1130 1131 1084
f 1128 1129 1085
f 1133 1134 1080
f 1135 1136 1077
f 1134 1135 1081
f 1137 1138 1075
f 1139 1140 1074
f 1138 1139 1076
f 1136 1137 1078
f 1132 1133 1082
f 1086 1128 1085
f 1097 1086 1090
f 1087 1129 1083
f 1084 1132 1088
f 1130 1084 1083
f 1129 1087 1085
f 1082 1133 1080
f 1135 1077 1081
f 1081 1080 1134
f 1088 1132 1082
f 1077 1136 1078
f 1075 1138 1076
f 1076 1139 1074
f 1137 1075 1078
f 1072 1074 1140
f 1140 1141 1072
f 1126 1054 1056
f 1142 1143 1069
f 1144 1145 1068
f 1143 1144 1069
f 1146 1147 1067
f 1186 1148 1065
f 1147 1186 1065
f 1145 1146 1066
f 1149 1150 1064
f 1151 1187 1058
f 1150 1151 1062
f 1152 1153 1059
f 1185 1154 1057
f 1153 1185 1057
f 1187 1152 1058
f 1148 1149 1063
f 1072 1141 1073
f 1068 1069 1144
f 1073 1142 1069
f 1066 1071 1145
f 1065 1067 1147
f 1066 1146 1067
f 1068 1145 1071
f 1064 1063 1149
f 1060 1062 1151
f 1064 1150 1062
f 1059 1058 1152
f 1057 1061 1153
f 1056 1057 1154
f 1059 1153 1061
f 1060 1151 1058
f 1065 1148 1063
f 1154 1126 1056
f 1073 1141 1142
f 1079 1070 1089
f 1089 1088 1079
f 1061 1155 1089
f 1070 1061 1089
f 1155 1193 1089
f 1061 1156 1155
f 1126 1125 1054
f 1123 1122 1157
f 1125 1123 1158
f 1121 1120 1159
f 1119 1118 1160
f 1120 1119 1161
f 1122 1121 1162
f 1117 1113 1163
f 1112 1114 1164
f 1113 1112 1165
f 1111 1116 1166
f 1110 1109 1167
f 1116 1110 1168
f 1114 1111 1169
f 1118 1117 1170
f 1054 1125 1158
f 1157 1122 1162
f 1123 1157 1158
f 1159 1120 1161
f 1160 1118 1170
f 1119 1160 1161
f 1121 1159 1162
f 1163 1113 1165
f 1114 1169 1164
f 1164 1165 1112
f 1170 1117 1163
f 1169 1111 1166
f 1168 1110 1167
f 1167 1109 1171
f 1116 1168 1166
f 1115 1172 1171
f 1171 1109 1115
f 1106 1105 1173
f 1104 1102 1174
f 1105 1104 1175
f 1103 1101 1176
f 1100 1095 1177
f 1101 1100 1178
f 1102 1103 1176
f 1094 1099 1179
f 1096 1092 1180
f 1099 1096 1179
f 1098 1091 1181
f 1093 1097 1090
f 1091 1093 1182
f 1092 1098 1181
f 1095 1094 1183
f 1173 1172 1106
f 1192 1175 1104
f 1173 1105 1175
f 1176 1174 1102
f 1155 1178 1100
f 1176 1101 1178
f 1192 1104 1174
f 1183 1177 1095
f 1193 1179 1096
f 1183 1094 1179
f 1181 1180 1092
f 1184 1182 1093
f 1090 1184 1093
f 1181 1091 1182
f 1193 1096 1180
f 1155 1100 1177
f 1106 1172 1115
f 1198 1195 1197
f 1189 1187 1150
f 1124 1126 1154
f 1185 1124 1154
f 1187 1185 1152
f 1153 1152 1185
f 1151 1150 1187
f 1098 1188 1097
f 1186 1195 1189
f 1195 1186 1190
f 1148 1186 1189
f 1149 1148 1189
f 1186 1147 1190
f 1147 1146 1190
f 1190 1146 1145
f 1190 1145 1144
f 1189 1150 1149
f 1143 1195 1190
f 1127 1195 1143
f 1142 1127 1143
f 1139 1191 1127
f 1140 1127 1141
f 1139 1127 1140
f 1142 1141 1127
f 1138 1137 1191
f 1191 1139 1138
f 1137 1136 1191
f 1135 1191 1136
f 1134 1191 1135
f 1190 1144 1143
f 1191 1131 1197
f 1132 1131 1191
f 1133 1132 1191
f 1131 1130 1197
f 1130 1129 1197
f 1197 1129 1128
f 1197 1128 1188
f 1098 1197 1188
f 1191 1134 1133
f 1184 1090 1089
f 1180 1181 1193
f 1182 1193 1181
f 1177 1183 1193
f 1176 1178 1155
f 1173 1175 1156
f 1172 1173 1156
f 1176 1192 1174
f 1192 1155 1156
f 1179 1193 1183
f 1089 1193 1184
f 1184 1193 1182
f 1193 1155 1177
f 1155 1192 1176
f 1192 1156 1175
f 1167 1171 1156
f 1167 1156 1168
f 1169 1166 1156
f 1165 1164 1194
f 1169 1194 1164
f 1168 1156 1166
f 1170 1163 1194
f 1161 1160 1194
f 1170 1194 1160
f 1162 1159 1194
f 1158 1157 1194
f 1054 1158 1055
f 1162 1194 1157
f 1161 1194 1159
f 1165 1194 1163
f 1156 1194 1169
f 1156 1061 1055
f 1194 1055 1158
f 1194 1156 1055
f 1172 1156 1171
f 1199 1053 1195
f 1195 1196 1199
f 1196 1195 1198
f 1098 1198 1197
f 1198 1199 1196
f 1202 1201 1203
f 1204 1205 1264
f 1206 1207 1264
f 1208 1206 1264
f 1204 1264 1207
f 1202 1203 1205
f 1203 1264 1205
f 1209 1210 1264
f 1211 1264 1210
f 1212 1213 1264
f 1212 1216 1214
f 1209 1264 1213
f 1216 1264 1215
f 1264 1216 1212
f 1208 1264 1211
f 1217 1215 1264
f 1220 1219 1259
f 1221 1219 1220
f 1260 1225 1224
f 1223 1222 1220
f 1223 1260 1224
f 1252 1225 1260
f 1226 1252 1260
f 1260 1227 1226
f 1261 1228 1227
f 1261 1229 1228
f 1230 1231 1258
f 1261 1231 1229
f 1260 1261 1227
f 1231 1261 1258
f 1261 1200 1258
f 1232 1233 1215
f 1258 1232 1217
f 1234 1235 1212
f 1236 1237 1209
f 1235 1236 1213
f 1233 1234 1214
f 1215 1233 1216
f 1232 1215 1217
f 1234 1212 1214
f 1214 1216 1233
f 1212 1235 1213
f 1213 1236 1209
f 1237 1238 1210
f 1209 1237 1210
f 1218 1203 1201
f 1239 1240 1208
f 1241 1242 1207
f 1240 1241 1206
f 1243 1244 1205
f 1245 1262 1201
f 1244 1245 1202
f 1242 1243 1204
f 1210 1238 1211
f 1206 1208 1240
f 1211 1239 1208
f 1204 1207 1242
f 1202 1205 1244
f 1201 1202 1245
f 1204 1243 1205
f 1206 1241 1207
f 1262 1218 1201
f 1211 1238 1239
f 1218 1259 1246
f 1219 1221 1247
f 1259 1219 1246
f 1220 1222 1248
f 1223 1224 1249
f 1222 1223 1249
f 1221 1220 1248
f 1203 1218 1246
f 1265 1219 1247
f 1219 1265 1246
f 1248 1247 1221
f 1249 1224 1250
f 1225 1251 1250
f 1224 1225 1250
f 1227 1228 1253
f 1226 1227 1254
f 1229 1231 1255
f 1230 1258 1217
f 1231 1230 1256
f 1228 1229 1257
f 1254 1263 1226
f 1252 1226 1263
f 1257 1253 1228
f 1256 1255 1231
f 1217 1256 1230
f 1257 1229 1255
f 1254 1227 1253
f 1252 1251 1225
f 1266 1260 1223
f 1223 1220 1266
f 1259 1266 1220
f 1258 1233 1232
f 1262 1259 1218
f 1234 1233 1200
f 1236 1235 1200
f 1237 1236 1200
f 1235 1234 1200
f 1200 1233 1258
f 1238 1237 1200
f 1259 1262 1200
f 1200 1240 1239
f 1240 1200 1241
f 1239 1238 1200
f 1242 1200 1243
f 1245 1244 1262
f 1244 1243 1262
f 1242 1241 1200
f 1262 1243 1200
f 1255 1256 1264
f 1257 1255 1264
f 1217 1264 1256
f 1254 1253 1264
f 1251 1252 1263
f 1254 1264 1263
f 1257 1264 1253
f 1250 1264 1249
f 1247 1248 1265
f 1203 1246 1265
f 1265 1222 1264
f 1222 1265 1248
f 1264 1222 1249
f 1265 1264 1203
f 1251 1264 1250
f 1263 1264 1251
f 1200 1261 1266
f 1261 1260 1266
f 1266 1259 1200
f 1267 1268 1301
f 1269 1301 1268
f 1270 1271 1281
f 1270 1281 1272
f 1267 1301 1271
f 1273 1274 1281
f 1275 1276 1301
f 1273 1281 1276
f 1277 1278 1279
f 1275 1301 1278
f 1301 1281 1271
f 1281 1301 1276
f 1301 1279 1278
f 1280 1279 1282
f 1283 1284 1393
f 1285 1286 1393
f 1283 1393 1286
f 1287 1288 1393
f 1289 1290 1393
f 1287 1393 1290
f 1285 1393 1288
f 1291 1292 1393
f 1295 1296 1297
f 1293 1297 1294
f 1289 1393 1292
f 1393 1297 1293
f 1282 1393 1284
f 1279 1393 1282
f 1298 1295 1297
f 1303 1302 1308
f 1304 1305 1308
f 1306 1307 1308
f 1305 1306 1308
f 1309 1310 1316
f 1310 1311 1316
f 1312 1313 1316
f 1314 1315 1300
f 1313 1314 1316
f 1307 1309 1308
f 1316 1314 1300
f 1316 1308 1309
f 1317 1318 1319
f 1320 1321 1332
f 1322 1323 1332
f 1321 1322 1332
f 1324 1325 1332
f 1326 1327 1332
f 1325 1326 1332
f 1323 1324 1332
f 1328 1329 1332
f 1330 1331 1332
f 1329 1330 1332
f 1327 1328 1332
f 1332 1331 1299
f 1333 1318 1299
f 1332 1300 1320
f 1301 1395 1393
f 1394 1393 1395
f 1392 1299 1318
f 1392 1300 1332
f 1299 1392 1332
f 1300 1392 1316
f 1308 1316 1392
f 1319 1318 1296
f 1317 1319 1295
f 1333 1299 1294
f 1331 1330 1293
f 1299 1331 1294
f 1318 1333 1296
f 1329 1328 1292
f 1327 1326 1290
f 1328 1327 1289
f 1325 1324 1288
f 1323 1322 1286
f 1324 1323 1285
f 1326 1325 1287
f 1330 1329 1291
f 1295 1319 1296
f 1317 1295 1298
f 1297 1333 1294
f 1293 1330 1393
f 1331 1293 1294
f 1333 1297 1296
f 1291 1329 1292
f 1327 1290 1289
f 1289 1292 1328
f 1393 1330 1291
f 1290 1326 1287
f 1288 1324 1285
f 1285 1323 1286
f 1325 1288 1287
f 1283 1286 1322
f 1322 1321 1283
f 1303 1269 1268
f 1320 1300 1282
f 1315 1314 1280
f 1300 1315 1282
f 1313 1312 1278
f 1316 1311 1275
f 1312 1316 1275
f 1314 1313 1277
f 1310 1309 1273
f 1307 1306 1272
f 1309 1307 1274
f 1305 1304 1271
f 1308 1302 1267
f 1304 1308 1267
f 1306 1305 1270
f 1311 1310 1276
f 1283 1321 1284
f 1280 1282 1315
f 1284 1320 1282
f 1277 1279 1314
f 1275 1278 1312
f 1277 1313 1278
f 1280 1314 1279
f 1273 1276 1310
f 1281 1274 1307
f 1273 1309 1274
f 1270 1272 1306
f 1267 1271 1304
f 1268 1267 1302
f 1270 1305 1271
f 1281 1307 1272
f 1275 1311 1276
f 1302 1303 1268
f 1284 1321 1320
f 1303 1338 1269
f 1339 1340 1341
f 1338 1339 1342
f 1343 1344 1345
f 1340 1343 1348
f 1349 1350 1351
f 1352 1353 1354
f 1350 1352 1355
f 1356 1398 1357
f 1358 1359 1360
f 1398 1358 1357
f 1353 1356 1361
f 1346 1349 1362
f 1269 1338 1342
f 1341 1340 1348
f 1339 1341 1342
f 1345 1344 1396
f 1347 1346 1362
f 1344 1347 1396
f 1343 1345 1348
f 1351 1350 1355
f 1353 1336 1354
f 1354 1355 1352
f 1362 1349 1351
f 1336 1353 1361
f 1357 1358 1360
f 1360 1359 1363
f 1356 1357 1361
f 1364 1365 1363
f 1363 1359 1364
f 1366 1367 1368
f 1369 1370 1371
f 1367 1369 1372
f 1373 1374 1375
f 1376 1377 1378
f 1374 1376 1379
f 1370 1373 1375
f 1380 1399 1381
f 1382 1383 1384
f 1399 1382 1381
f 1385 1386 1387
f 1388 1317 1298
f 1386 1388 1389
f 1383 1385 1390
f 1377 1380 1391
f 1368 1365 1366
f 1371 1372 1369
f 1368 1367 1372
f 1375 1335 1370
f 1394 1379 1376
f 1375 1374 1379
f 1371 1370 1335
f 1391 1378 1377
f 1334 1381 1382
f 1391 1380 1381
f 1390 1384 1383
f 1389 1387 1386
f 1298 1389 1388
f 1390 1385 1387
f 1334 1382 1384
f 1394 1376 1378
f 1366 1365 1364
f 1279 1301 1393
f 1317 1388 1318
f 1386 1385 1392
f 1388 1386 1392
f 1383 1382 1392
f 1385 1383 1392
f 1377 1376 1392
f 1376 1374 1373
f 1370 1369 1392
f 1367 1366 1392
f 1369 1367 1392
f 1380 1377 1392
f 1318 1388 1392
f 1399 1392 1382
f 1392 1399 1380
f 1373 1370 1392
f 1392 1376 1373
f 1366 1364 1392
f 1359 1358 1392
f 1356 1353 1397
f 1352 1350 1397
f 1353 1352 1397
f 1349 1346 1397
f 1343 1340 1397
f 1339 1338 1397
f 1340 1339 1397
f 1344 1343 1397
f 1350 1349 1397
f 1398 1392 1358
f 1398 1356 1397
f 1397 1346 1347
f 1344 1397 1347
f 1397 1338 1308
f 1308 1338 1303
f 1359 1392 1364
f 1393 1394 1334
f 1337 1335 1394
f 1394 1395 1337
f 1337 1395 1336
f 1301 1396 1395
f 1308 1392 1397
f 1398 1397 1392
f 1389 1298 1297
f 1390 1387 1334
f 1389 1393 1387
f 1391 1381 1394
f 1334 1394 1381
f 1390 1334 1384
f 1375 1379 1335
f 1368 1372 1337
f 1371 1337 1372
f 1391 1394 1378
f 1389 1297 1393
f 1387 1393 1334
f 1371 1335 1337
f 1379 1394 1335
f 1368 1337 1365
f 1360 1363 1337
f 1361 1357 1336
f 1360 1337 1357
f 1351 1355 1395
f 1354 1395 1355
f 1347 1362 1396
f 1341 1348 1301
f 1269 1342 1301
f 1341 1301 1342
f 1345 1396 1348
f 1351 1395 1362
f 1354 1336 1395
f 1357 1337 1336
f 1362 1395 1396
f 1348 1396 1301
f 1365 1337 1363
f 1401 1405 1760
f 1405 1401 1402
f 1403 1761 1405
f 1404 1761 1403
f 1406 1407 1672
f 1409 1410 1411
f 1412 1409 1413
f 1412 1410 1409
f 1414 1409 1411
f 1413 1415 1416
f 1416 1415 1417
f 1412 1413 1416
f 1412 1418 1410
f 1417 1415 1419
f 1421 1426 1420
f 1414 1426 1421
f 1422 1423 1419
f 1417 1419 1423
f 1423 1422 1424
f 1422 1425 1424
f 1427 1418 1428
f 1412 1428 1418
f 1428 1429 1427
f 1430 1429 1428
f 1431 1432 1433
f 1434 1435 1436
f 1434 1437 1435
f 1431 1410 1418
f 1438 1439 1440
f 1440 1441 1442
f 1439 1441 1440
f 1438 1430 1439
f 1430 1438 1429
f 1443 1444 1445
f 1436 1445 1444
f 1445 1436 1435
f 1444 1443 1446
f 1432 1437 1434
f 1410 1431 1433
f 1447 1448 1449
f 1411 1449 1450
f 1425 1451 1452
f 1451 1425 1422
f 1453 1454 1455
f 1447 1411 1673
f 1447 1673 1456
f 1456 1671 1455
f 1457 1458 1671
f 1406 1459 1457
f 1671 1460 1455
f 1447 1456 1455
f 1447 1449 1411
f 1461 1453 1455
f 1414 1411 1450
f 1462 1442 1463
f 1464 1462 1465
f 1463 1465 1462
f 1466 1446 1467
f 1468 1466 1467
f 1467 1446 1443
f 1461 1464 1465
f 1458 1460 1671
f 1464 1461 1469
f 1469 1461 1460
f 1461 1455 1460
f 1460 1470 1471
f 1472 1460 1458
f 1471 1469 1460
f 1466 1468 1473
f 1441 1463 1442
f 1474 1475 1483
f 1476 1432 1434
f 1477 1478 1479
f 1478 1477 1476
f 1477 1480 1481
f 1482 1477 1483
f 1480 1484 1481
f 1479 1480 1477
f 1477 1485 1476
f 1486 1487 1488
f 1489 1488 1481
f 1489 1490 1488
f 1491 1490 1489
f 1492 1474 1493
f 1488 1487 1481
f 1481 1484 1489
f 1494 2079 1495
f 1476 1485 1433
f 2079 1410 1433
f 1496 1494 1497
f 1495 1497 1494
f 1494 1496 1498
f 1498 1499 1494
f 1476 1433 1432
f 1483 1500 1482
f 1483 1493 1474
f 1483 1475 1500
f 1494 1499 1501
f 1494 1502 1503
f 1503 1504 1505
f 1502 1494 1501
f 1506 1474 1492
f 1505 1494 1503
f 1477 1482 1485
f 1410 2079 1494
f 1507 1472 1508
f 1509 1508 1510
f 1510 1508 1472
f 1490 1491 1510
f 1511 1512 1506
f 1511 1506 1492
f 1510 1491 1509
f 1506 1512 1513
f 1472 1514 1513
f 1512 1510 1513
f 1515 1514 1472
f 1458 1515 1472
f 1676 1459 1406
f 1516 1459 1676
f 1459 1458 1457
f 1513 1510 1472
f 1674 1517 1518
f 2093 1674 1518
f 1505 1519 1520
f 1674 1521 1522
f 1521 1505 1520
f 1674 1522 1517
f 1516 1676 1523
f 2065 1523 2064
f 2064 1523 1674
f 2093 2064 1674
f 1674 1505 1521
f 1505 1504 1519
f 1516 1523 2065
f 1507 1468 1472
f 1454 1452 1451
f 1468 1507 1473
f 1451 1455 1454
f 1450 1524 1426
f 1450 1426 1414
f 1525 1526 1527
f 1528 1527 1526
f 1527 1778 1525
f 1777 1778 1527
f 1527 1529 1530
f 1527 1528 1531
f 1527 1531 1529
f 1530 1532 1527
f 1533 1777 1527
f 1534 1535 1536
f 1537 1536 1538
f 1535 1534 1539
f 1540 1539 1541
f 1534 1536 1537
f 1542 1534 1537
f 1539 1543 1541
f 1539 1540 1535
f 1777 1533 1538
f 1538 1544 1537
f 1545 1546 1543
f 1547 1552 1534
f 1548 1552 1547
f 1546 1545 1549
f 1550 1552 1548
f 1553 1532 1554
f 1552 1550 1551
f 1555 1534 1542
f 1556 1557 1558
f 1559 1560 1561
f 1562 1561 1563
f 1555 1547 1534
f 1564 1563 1557
f 1553 1527 1532
f 1537 1544 1558
f 1538 1533 1565
f 1566 1567 1568
f 1533 1568 1565
f 1558 1569 1556
f 1570 1571 1572
f 1565 1544 1538
f 1566 1572 1567
f 1573 1574 1575
f 1576 1575 1574
f 1573 1533 1577
f 1575 1533 1573
f 1575 1568 1533
f 1572 1566 1570
f 1578 1579 1576
f 1580 1579 1578
f 1574 1578 1576
f 1575 1566 1568
f 1581 1571 1570
f 1569 1558 1544
f 1563 1564 1562
f 1582 1583 1581
f 1583 1571 1581
f 1583 1582 1584
f 1584 1582 1585
f 1559 1561 1562
f 1586 1587 1588
f 1590 1591 1592
f 1593 1591 1590
f 1586 1588 1589
f 1591 1593 1594
f 1592 1580 1590
f 1580 1592 1579
f 1587 1641 1588
f 1595 1584 1585
f 1564 1557 1556
f 1587 1573 1577
f 1559 1596 1560
f 1546 1541 1543
f 1553 1597 1598
f 1599 1553 1598
f 1681 1600 1601
f 1602 1603 1596
f 1600 1681 1599
f 1596 1603 1604
f 1551 1550 1605
f 1605 1550 1606
f 1607 1608 1609
f 1549 1609 1608
f 1603 1608 1607
f 1607 1604 1603
f 1549 1608 1546
f 1606 1604 1605
f 1610 1602 1596
f 1681 1601 1611
f 1553 1599 1681
f 1612 1681 1611
f 1684 1613 1614
f 1613 1681 1615
f 1616 1617 1618
f 1614 1616 1684
f 1615 1619 1613
f 1681 1612 1615
f 1614 1613 1619
f 1680 1684 1616
f 1610 1596 1617
f 1620 1621 1593
f 1553 1554 1597
f 1622 1604 1606
f 1623 1560 1596
f 1624 1625 1596
f 1626 1627 1628
f 1629 1626 1630
f 1622 1624 1604
f 1593 1621 1594
f 1595 1585 1631
f 1628 1632 1631
f 1628 1627 1632
f 1595 1631 1632
f 1629 1627 1626
f 1626 1628 1593
f 1617 1596 1626
f 1593 1628 1633
f 1634 1626 1593
f 1680 1616 1618
f 1596 1604 1624
f 1618 1617 1634
f 1635 1636 1637
f 1638 1577 1635
f 1636 1635 1577
f 1577 1677 1636
f 1634 1593 1639
f 1636 1677 1639
f 1593 1636 1639
f 1617 1626 1634
f 1596 1625 1623
f 1633 1620 1593
f 1587 1577 1638
f 1552 1551 1640
f 1638 1641 1587
f 1759 1406 1656
f 1406 1672 1656
f 1721 1642 13495
f 1643 1642 1721
f 1644 13495 1642
f 1657 1645 1646
f 1657 1644 1645
f 1644 1642 1645
f 13495 13486 1647
f 1649 1647 1648
f 1650 1648 1647
f 13486 1651 1650
f 1650 1647 13486
f 13495 1644 13486
f 1697 1656 1672
f 1697 1652 1656
f 1408 1759 1675
f 1406 1408 1654
f 1408 1406 1759
f 1656 1655 1759
f 1680 1656 1684
f 1761 1404 1659
f 1659 1754 1761
f 1662 1760 1661
f 2363 1663 1403
f 1663 1404 1403
f 1405 1664 1403
f 2363 1403 1664
f 1402 1664 1405
f 2363 1665 1659
f 1659 1404 1663
f 1659 1665 1754
f 1666 1667 1402
f 1667 1664 1402
f 1662 1666 1401
f 1402 1401 1666
f 1661 1668 1662
f 1662 1668 2363
f 1668 1665 2363
f 1401 1760 1662
f 1670 1673 1669
f 1673 1716 1672
f 1669 1673 1411
f 1673 1671 1456
f 1672 1407 1671
f 1673 1672 1671
f 1671 1406 1457
f 1407 1406 1671
f 1406 1654 1676
f 1674 1523 1676
f 1753 1674 1675
f 1675 1676 1654
f 1675 1654 1408
f 1675 1674 1676
f 1674 1753 1505
f 1755 1675 1653
f 1675 1755 1756
f 1675 1756 1753
f 1677 1678 1679
f 1679 1751 1677
f 1678 1677 1577
f 1677 1634 1639
f 1680 1634 1677
f 1655 1680 1759
f 1680 1677 1751
f 1680 1751 1759
f 1634 1680 1618
f 1655 1656 1680
f 1656 1652 1684
f 1681 1613 1684
f 1685 1681 1682
f 1683 1697 1682
f 1683 1652 1697
f 1682 1681 1684
f 1684 1652 1683
f 1684 1683 1682
f 1686 1685 1682
f 1681 1685 1553
f 1686 1697 1696
f 1686 1696 1693
f 1685 1686 1693
f 1697 1686 1682
f 1687 1688 1689
f 1690 1685 1687
f 1691 1527 1692
f 1685 1690 1692
f 1690 1687 1689
f 1692 1690 1691
f 1527 1553 1692
f 1688 1646 1689
f 1657 1646 1688
f 1692 1553 1685
f 1697 1693 1696
f 1687 1685 1688
f 1657 1688 1694
f 1688 1685 1694
f 1685 1693 1694
f 1693 1697 1694
f 1695 1694 1697
f 1695 1657 1694
f 1658 1697 1672
f 1658 1672 1716
f 1697 1657 1695
f 1658 1657 1697
f 1410 1698 1699
f 1651 1700 1701
f 1698 1651 1701
f 1411 1410 1699
f 1700 1702 1701
f 1701 1699 1698
f 1702 1703 1704
f 1702 1700 1703
f 1705 1706 1707
f 13486 1658 1708
f 1706 13486 1708
f 1704 1705 1707
f 1715 1707 1706
f 1706 1708 1715
f 1658 1717 1708
f 1705 1704 1703
f 1411 1699 1669
f 1709 1701 1669
f 1699 1709 1669
f 1710 1702 1669
f 1702 1711 1712
f 1701 1710 1669
f 1704 1713 1714
f 1713 1707 1714
f 1715 1708 1716
f 1707 1715 1714
f 1658 1716 1717
f 1711 1704 1716
f 1673 1670 1716
f 1669 1712 1716
f 1702 1712 1669
f 1712 1711 1716
f 1669 1716 1670
f 1704 1714 1716
f 1715 1716 1714
f 1716 1708 1717
f 1668 1661 1718
f 1718 1750 1719
f 1720 1719 1750
f 1668 1718 1721
f 1720 1722 1719
f 1719 1721 1718
f 1722 1723 1724
f 1722 1720 1723
f 1725 1726 1727
f 1728 1577 1533
f 1729 1727 1728
f 1725 1724 1726
f 1727 1729 1643
f 1643 1725 1727
f 1533 1729 1728
f 1726 1724 1723
f 1505 1730 1494
f 1730 1753 1731
f 1731 1753 1732
f 1494 1730 1733
f 1731 1733 1730
f 1734 1735 1736
f 1736 1731 1732
f 1736 1732 1734
f 1737 1738 1735
f 1739 1740 1741
f 1737 1739 1738
f 1738 1739 1742
f 1740 1665 1741
f 1741 1742 1739
f 1665 1740 1754
f 1737 1735 1734
f 1577 1728 1678
f 1728 1743 1678
f 1727 1744 1678
f 1743 1727 1678
f 1726 1745 1746
f 1744 1726 1678
f 1723 1748 1749
f 1720 1750 1749
f 1748 1720 1749
f 1750 1718 1661
f 1745 1723 1751
f 1759 1751 1752
f 1679 1678 1751
f 1746 1751 1678
f 1746 1678 1726
f 1746 1745 1751
f 1749 1751 1723
f 1661 1747 1751
f 1751 1749 1661
f 1661 1749 1750
f 1730 1505 1753
f 1753 1756 1755
f 1732 1753 1734
f 1737 1734 1755
f 1734 1753 1755
f 1737 1755 1739
f 1740 1739 1754
f 1739 1755 1754
f 1754 1755 1653
f 1757 1752 1751
f 1757 1759 1752
f 1759 1653 1675
f 1747 1758 1757
f 1660 1758 1760
f 1760 1747 1661
f 1759 1757 1761
f 1761 1757 1660
f 1758 1660 1757
f 1760 1758 1747
f 1761 1653 1759
f 1761 1754 1653
f 1751 1747 1757
f 1762 1763 1619
f 1764 1765 1616
f 1763 1764 1614
f 1614 1619 1763
f 1617 1616 1765
f 1614 1764 1616
f 1765 1610 1617
f 1766 1767 1602
f 1768 1769 1603
f 1767 1768 1603
f 1602 1610 1766
f 1608 1603 1769
f 1602 1767 1603
f 1766 1610 1765
f 1769 1770 1546
f 1546 1608 1769
f 1770 1771 1546
f 1772 1773 1535
f 1771 1772 1540
f 1541 1546 1771
f 1535 1540 1772
f 1541 1771 1540
f 1773 1536 1535
f 1774 1775 1536
f 1775 1776 1538
f 1538 1536 1775
f 1538 1776 1777
f 1774 1536 1773
f 1779 1780 1528
f 1525 1779 1526
f 1531 1528 1780
f 1526 1779 1528
f 1780 1529 1531
f 1781 1782 1530
f 1783 1784 1532
f 1782 1783 1532
f 1530 1529 1781
f 1554 1532 1784
f 1530 1782 1532
f 1781 1529 1780
f 1554 1784 1785
f 1785 1597 1554
f 1785 1786 1597
f 1787 1788 1600
f 1786 1787 1599
f 1598 1597 1786
f 1600 1599 1787
f 1598 1786 1599
f 1788 1789 1600
f 1789 1790 1601
f 1791 1792 1612
f 1790 1791 1611
f 1611 1601 1790
f 1615 1612 1792
f 1611 1791 1612
f 1789 1601 1600
f 1793 1794 1795
f 1794 1796 1795
f 1796 1794 1797
f 1796 1797 1798
f 1799 1800 1801
f 1798 1797 1802
f 1801 1802 1799
f 1802 1797 1799
f 1800 1803 1801
f 1801 1803 1804
f 1804 1805 1806
f 1805 1804 1803
f 1806 1805 1807
f 1807 1808 1806
f 1807 1809 1808
f 1809 1810 1808
f 1810 1809 1811
f 1810 1811 1812
f 1813 1814 1815
f 1812 1811 1816
f 1815 1816 1813
f 1816 1811 1813
f 1814 1817 1815
f 1817 1818 1815
f 1818 1817 1819
f 1818 1819 1820
f 1821 1822 1823
f 1823 1820 1821
f 1824 1823 1822
f 1821 1820 1819
f 1822 1825 1826
f 1826 1824 1822
f 1825 1827 1826
f 1827 1828 1826
f 1828 1827 1829
f 1828 1829 1830
f 1831 1832 1833
f 1833 1830 1831
f 1834 1833 1832
f 1831 1830 1829
f 1832 1835 1834
f 1834 1835 1836
f 1836 1837 1838
f 1837 1836 1835
f 1837 1839 1840
f 1840 1838 1837
f 1841 1840 1839
f 1839 1842 1841
f 1841 1842 1843
f 1843 1845 1841
f 1843 1844 1845
f 1844 1846 1845
f 1847 1846 1844
f 1847 1848 1846
f 1848 1847 1849
f 1849 1850 1851
f 1849 1851 1848
f 1850 1852 1851
f 1852 1850 1853
f 1853 1854 1855
f 1853 1855 1852
f 1854 1856 1855
f 1857 1858 1859
f 1859 1856 1857
f 1857 1856 1854
f 1858 1860 1861
f 1861 1859 1858
f 1862 1861 1860
f 1860 1863 1862
f 1862 1863 1793
f 1793 1795 1862
f 1619 1615 1792
f 1792 1762 1619
f 1774 1773 1863
f 1772 1863 1773
f 1863 1772 1771
f 1774 1863 1860
f 1776 1775 1860
f 1860 1842 1776
f 1860 1858 1843
f 1775 1774 1860
f 1776 1842 1777
f 1793 1771 1770
f 1770 1794 1793
f 1794 1770 1769
f 1850 1843 1858
f 1844 1849 1847
f 1858 1857 1850
f 1853 1857 1854
f 1843 1842 1860
f 1863 1771 1793
f 1844 1843 1850
f 1778 1777 1839
f 1779 1525 1832
f 1839 1525 1778
f 1842 1839 1777
f 1780 1779 1831
f 1831 1781 1780
f 1829 1782 1781
f 1525 1839 1832
f 1835 1832 1839
f 1835 1839 1837
f 1782 1829 1783
f 1781 1831 1829
f 1827 1784 1783
f 1827 1783 1829
f 1827 1825 1784
f 1831 1779 1832
f 1797 1768 1799
f 1794 1769 1797
f 1849 1844 1850
f 1805 1803 1807
f 1768 1797 1769
f 1767 1766 1799
f 1765 1799 1766
f 1800 1799 1765
f 1800 1807 1803
f 1809 1807 1800
f 1763 1809 1764
f 1764 1809 1800
f 1800 1765 1764
f 1767 1799 1768
f 1762 1811 1763
f 1763 1811 1809
f 1786 1821 1787
f 1825 1785 1784
f 1785 1825 1822
f 1822 1786 1785
f 1786 1822 1821
f 1821 1819 1787
f 1814 1813 1791
f 1792 1791 1813
f 1811 1762 1813
f 1814 1791 1790
f 1819 1817 1789
f 1819 1788 1787
f 1789 1788 1819
f 1789 1817 1790
f 1817 1814 1790
f 1792 1813 1762
f 1857 1853 1850
f 1864 1830 1833
f 1865 1830 1864
f 1834 1864 1833
f 1836 1866 1834
f 1864 1834 1866
f 1867 1866 1836
f 1868 1826 1869
f 1828 1869 1826
f 1865 1869 1828
f 1870 1867 1838
f 1838 1867 1836
f 1828 1830 1865
f 1871 1870 1845
f 1841 1838 1840
f 1845 1838 1841
f 1795 1861 1862
f 1795 1859 1861
f 1838 1845 1870
f 1846 1872 1845
f 1795 1796 1856
f 1798 1855 1796
f 1856 1796 1855
f 1859 1795 1856
f 1806 1872 1846
f 1872 1871 1845
f 1873 1824 1868
f 1823 1824 1873
f 1823 1873 1874
f 1874 1820 1823
f 1818 1820 1875
f 1874 1875 1820
f 1815 1818 1875
f 1815 1876 1877
f 1877 1816 1815
f 1815 1875 1876
f 1812 1816 1877
f 1804 1806 1848
f 1806 1846 1848
f 1851 1804 1848
f 1801 1852 1802
f 1852 1798 1802
f 1851 1852 1801
f 1855 1798 1852
f 1801 1804 1851
f 1810 1878 1879
f 1808 1879 1880
f 1879 1808 1810
f 1810 1812 1878
f 1812 1877 1878
f 1880 1806 1808
f 1806 1880 1872
f 1824 1826 1868
f 1881 1879 1878
f 1880 1879 1881
f 1882 1883 1872
f 1872 1880 1882
f 1883 1884 1871
f 1871 1872 1883
f 1884 1870 1871
f 1885 1870 1884
f 1885 1867 1870
f 1867 1885 1886
f 1886 1887 1866
f 1886 1866 1867
f 1887 1864 1866
f 1864 1887 1888
f 1888 1889 1865
f 1888 1865 1864
f 1889 1869 1865
f 1868 1869 1890
f 1890 1869 1889
f 1868 1890 1891
f 1891 1873 1868
f 1891 1892 1873
f 1892 1874 1873
f 1893 1874 1892
f 1893 1875 1874
f 1875 1893 1894
f 1894 1895 1876
f 1894 1876 1875
f 1895 1877 1876
f 1877 1895 1896
f 1896 1881 1878
f 1896 1878 1877
f 1886 1885 1883
f 1884 1883 1885
f 1886 1883 1887
f 1888 1887 1890
f 1890 1889 1888
f 1890 1887 1891
f 1887 1883 1882
f 1882 1880 1881
f 1881 1896 1882
f 1882 1896 1895
f 1892 1891 1893
f 1891 1894 1893
f 1894 1891 1895
f 1887 1895 1891
f 1895 1887 1882
f 1897 1898 1545
f 1898 1549 1545
f 1549 1898 1899
f 1549 1899 1609
f 1900 1901 1604
f 1607 1609 1900
f 1604 1607 1900
f 1900 1609 1899
f 1901 1902 1605
f 1605 1604 1901
f 1902 1551 1605
f 1551 1902 1903
f 1903 1904 1640
f 1903 1640 1551
f 1904 1905 1640
f 1640 1905 1552
f 1906 1552 1905
f 1906 1907 1534
f 1534 1552 1906
f 1534 1907 1908
f 1908 1539 1534
f 1539 1908 1897
f 1897 1545 1539
f 1899 1906 1905
f 1907 1897 1908
f 1897 1907 1906
f 1898 1897 1906
f 1905 1904 1899
f 1903 1902 1901
f 1903 1901 1900
f 1899 1898 1906
f 1904 1900 1899
f 1904 1903 1900
f 1909 1910 1561
f 1911 1912 1558
f 1910 1911 1563
f 1563 1561 1910
f 1558 1557 1911
f 1537 1558 1912
f 1563 1911 1557
f 1912 1913 1537
f 1913 1914 1542
f 1915 1916 1555
f 1914 1915 1555
f 1542 1914 1555
f 1916 1548 1547
f 1547 1555 1916
f 1548 1916 1917
f 1913 1542 1537
f 1918 1919 1920
f 1920 1921 1918
f 1919 1922 1920
f 1923 1922 1919
f 1923 1924 1922
f 1924 1925 1922
f 1925 1924 1926
f 1925 1926 1927
f 1928 1929 1930
f 1930 1927 1928
f 1931 1930 1929
f 1928 1927 1926
f 1929 1932 1933
f 1933 1932 1934
f 1933 1931 1929
f 1935 1936 1937
f 1937 1934 1935
f 1937 1936 1938
f 1935 1934 1932
f 1936 1939 1938
f 1939 1940 1938
f 1940 1939 1941
f 1940 1941 1942
f 1943 1944 1945
f 1942 1941 1946
f 1945 1946 1943
f 1946 1941 1943
f 1944 1947 1945
f 1948 1918 1921
f 1921 1947 1948
f 1948 1947 1944
f 1917 1949 1548
f 1950 1951 1622
f 1949 1950 1550
f 1550 1548 1949
f 1622 1606 1950
f 1624 1622 1951
f 1550 1950 1606
f 1951 1952 1624
f 1952 1953 1625
f 1954 1955 1623
f 1953 1954 1623
f 1625 1953 1623
f 1955 1561 1560
f 1560 1623 1955
f 1561 1955 1909
f 1952 1625 1624
f 1911 1944 1943
f 1944 1911 1910
f 1912 1943 1913
f 1943 1912 1911
f 1910 1909 1948
f 1918 1948 1909
f 1909 1919 1918
f 1910 1948 1944
f 1914 1913 1939
f 1941 1913 1943
f 1936 1915 1914
f 1939 1913 1941
f 1936 1916 1915
f 1916 1935 1917
f 1935 1916 1936
f 1936 1914 1939
f 1919 1955 1923
f 1955 1919 1909
f 1954 1924 1923
f 1923 1955 1954
f 1952 1924 1953
f 1926 1952 1928
f 1926 1924 1952
f 1953 1924 1954
f 1949 1917 1932
f 1932 1929 1949
f 1932 1917 1935
f 1928 1951 1950
f 1951 1928 1952
f 1929 1950 1949
f 1950 1929 1928
f 1937 1938 1940
f 1942 1937 1940
f 1934 1937 1942
f 1947 1942 1946
f 1946 1945 1947
f 1921 1942 1947
f 1927 1934 1942
f 1930 1931 1933
f 1933 1927 1930
f 1942 1921 1927
f 1920 1927 1921
f 1920 1922 1925
f 1920 1925 1927
f 1933 1934 1927
f 1956 1957 1629
f 1957 1627 1629
f 1627 1957 1958
f 1627 1958 1632
f 1959 1960 1595
f 1595 1632 1959
f 1584 1595 1960
f 1959 1632 1958
f 1960 1961 1583
f 1962 1963 1567
f 1961 1962 1571
f 1584 1960 1583
f 1583 1961 1571
f 1962 1567 1572
f 1572 1571 1962
f 1567 1963 1568
f 1964 1565 1568
f 1964 1568 1963
f 1965 1966 1544
f 1966 1967 1569
f 1968 1969 1564
f 1969 1970 1562
f 1967 1968 1556
f 1544 1565 1965
f 1569 1544 1966
f 1564 1556 1968
f 1559 1562 1970
f 1564 1969 1562
f 1569 1967 1556
f 1965 1565 1964
f 1559 1970 1971
f 1971 1596 1559
f 1626 1596 1971
f 1971 1972 1626
f 1972 1973 1630
f 1630 1626 1972
f 1974 1975 1976
f 1977 1978 1979
f 1979 1975 1977
f 1977 1975 1974
f 1978 1980 1981
f 1981 1979 1978
f 1980 1982 1981
f 1983 1982 1980
f 1982 1983 1984
f 1984 1983 1985
f 1985 1986 1984
f 1986 1985 1987
f 1987 1988 1986
f 1987 1989 1990
f 1990 1988 1987
f 1989 1991 1992
f 1992 1990 1989
f 1991 1993 1992
f 1994 1993 1991
f 1994 1995 1993
f 1995 1994 1996
f 1996 1997 1998
f 1996 1998 1995
f 1997 1999 1998
f 1999 1997 2000
f 2000 1974 1976
f 2000 1976 1999
f 1629 1630 1973
f 1973 1956 1629
f 2000 1963 1962
f 1974 1962 1961
f 1977 1974 1961
f 1977 1961 1960
f 2000 1962 1974
f 1963 2000 1964
f 1996 1966 1965
f 1994 1967 1966
f 1965 1964 1996
f 1994 1966 1996
f 1969 1968 1991
f 1968 1967 1994
f 1994 1991 1968
f 1996 1964 1997
f 1964 2000 1997
f 1960 1959 1978
f 1980 1978 1959
f 1959 1958 1980
f 1983 1958 1957
f 1958 1983 1980
f 1985 1957 1956
f 1957 1985 1983
f 1989 1970 1991
f 1987 1970 1989
f 1991 1970 1969
f 1985 1973 1987
f 1973 1985 1956
f 1973 1972 1971
f 1971 1970 1973
f 1973 1970 1987
f 1978 1977 1960
f 1992 1993 1995
f 1998 1992 1995
f 1975 1998 1999
f 1999 1976 1975
f 1979 1998 1975
f 1990 1992 1998
f 1986 1988 1990
f 1979 1986 1990
f 1981 1986 1979
f 1981 1982 1984
f 1981 1984 1986
f 1998 1979 1990
f 2001 2002 1591
f 2003 2004 1576
f 2002 2003 1592
f 1592 1591 2002
f 1576 1579 2003
f 1575 1576 2004
f 1592 2003 1579
f 2004 2005 1575
f 2005 2006 1566
f 2007 2008 1570
f 2006 2007 1570
f 1566 2006 1570
f 2008 1582 1581
f 1581 1570 2008
f 1582 2008 2009
f 2005 1566 1575
f 2010 2011 2012
f 2012 2013 2010
f 2011 2014 2012
f 2015 2014 2011
f 2015 2016 2014
f 2016 2017 2014
f 2017 2016 2018
f 2017 2018 2019
f 2020 2021 2022
f 2022 2019 2020
f 2023 2022 2021
f 2020 2019 2018
f 2021 2024 2025
f 2025 2024 2026
f 2025 2023 2021
f 2027 2028 2029
f 2029 2026 2027
f 2029 2028 2030
f 2027 2026 2024
f 2028 2031 2030
f 2031 2032 2030
f 2032 2031 2033
f 2032 2033 2034
f 2035 2036 2037
f 2034 2033 2038
f 2037 2038 2035
f 2038 2033 2035
f 2036 2039 2037
f 2040 2010 2013
f 2013 2039 2040
f 2040 2039 2036
f 2009 2041 1582
f 2042 2043 1628
f 2041 2042 1585
f 1585 1582 2041
f 1628 1631 2042
f 1633 1628 2043
f 1585 2042 1631
f 2043 2044 1633
f 2044 2045 1620
f 2046 2047 1621
f 2045 2046 1621
f 1620 2045 1621
f 2047 1591 1594
f 1594 1621 2047
f 1591 2047 2001
f 2044 1620 1633
f 2003 2036 2035
f 2036 2003 2002
f 2004 2035 2005
f 2035 2004 2003
f 2002 2001 2040
f 2010 2040 2001
f 2001 2011 2010
f 2002 2040 2036
f 2006 2005 2031
f 2033 2005 2035
f 2028 2007 2006
f 2031 2005 2033
f 2028 2008 2007
f 2008 2027 2009
f 2027 2008 2028
f 2028 2006 2031
f 2011 2047 2015
f 2047 2011 2001
f 2046 2016 2015
f 2015 2047 2046
f 2044 2016 2045
f 2018 2044 2020
f 2018 2016 2044
f 2045 2016 2046
f 2041 2009 2024
f 2024 2021 2041
f 2024 2009 2027
f 2020 2043 2042
f 2043 2020 2044
f 2021 2042 2041
f 2042 2021 2020
f 2029 2030 2032
f 2034 2029 2032
f 2026 2029 2034
f 2039 2034 2038
f 2038 2037 2039
f 2013 2034 2039
f 2019 2026 2034
f 2022 2023 2025
f 2025 2019 2022
f 2034 2013 2019
f 2012 2019 2013
f 2012 2014 2017
f 2012 2017 2019
f 2025 2026 2019
f 2048 1586 1589
f 1586 2048 2049
f 2049 2050 1587
f 2049 1587 1586
f 2050 2051 1573
f 1573 1587 2050
f 2051 2052 1574
f 2051 1574 1573
f 1574 2052 2053
f 1574 2053 1578
f 2054 2055 1580
f 1580 1578 2054
f 1590 1580 2055
f 2054 1578 2053
f 1590 2055 2056
f 2056 1593 1590
f 1636 1593 2056
f 2056 2057 1636
f 2057 2058 1637
f 1637 1636 2057
f 1635 1637 2058
f 2058 2059 1635
f 2059 2060 1638
f 1638 1635 2059
f 1638 2060 2061
f 2061 1641 1638
f 2061 2062 1588
f 1588 1641 2061
f 2062 2063 1588
f 1588 2063 1589
f 2048 1589 2063
f 2052 2051 2049
f 2050 2049 2051
f 2052 2049 2048
f 2062 2054 2053
f 2048 2063 2053
f 2053 2052 2048
f 2062 2053 2063
f 2060 2058 2061
f 2058 2060 2059
f 2062 2061 2055
f 2061 2056 2055
f 2056 2061 2058
f 2057 2056 2058
f 2062 2055 2054
f 2066 2067 1459
f 2065 2066 1516
f 1458 1459 2067
f 1516 2066 1459
f 2067 1515 1458
f 2068 2069 1514
f 2070 2071 1513
f 2069 2070 1513
f 1514 1515 2068
f 1506 1513 2071
f 1514 2069 1513
f 2068 1515 2067
f 2072 1474 1506
f 1506 2071 2072
f 2072 2073 1474
f 2074 2075 1482
f 2073 2074 1500
f 1475 1474 2073
f 1482 1500 2074
f 1475 2073 1500
f 2075 1485 1482
f 2076 2077 1485
f 2077 2078 1433
f 1433 1485 2077
f 1433 2078 2079
f 2076 1485 2075
f 2080 2081 1498
f 1497 2080 1496
f 1499 1498 2081
f 1496 2080 1498
f 2081 1501 1499
f 2082 2083 1502
f 2084 2085 1503
f 2083 2084 1503
f 1502 1501 2082
f 1504 1503 2085
f 1502 2083 1503
f 2082 1501 2081
f 1519 1504 2085
f 2085 2086 1519
f 2086 2087 1519
f 2088 2089 1522
f 2087 2088 1521
f 1520 1519 2087
f 1522 1521 2088
f 1520 2087 1521
f 2089 2090 1522
f 2090 2091 1517
f 2091 2092 1518
f 1518 1517 2091
f 1518 2092 2093
f 2090 1517 1522
f 2094 2095 2096
f 2095 2097 2096
f 2097 2095 2098
f 2097 2098 2099
f 2100 2101 2102
f 2099 2098 2103
f 2102 2103 2100
f 2103 2098 2100
f 2101 2104 2102
f 2102 2104 2105
f 2105 2106 2107
f 2106 2105 2104
f 2108 2107 2106
f 2106 2109 2108
f 2109 2110 2108
f 2110 2111 2108
f 2111 2110 2112
f 2111 2112 2113
f 2114 2115 2116
f 2113 2112 2117
f 2116 2117 2114
f 2117 2112 2114
f 2115 2118 2116
f 2118 2119 2116
f 2119 2118 2120
f 2119 2120 2121
f 2122 2123 2124
f 2124 2121 2122
f 2125 2124 2123
f 2122 2121 2120
f 2126 2127 2125
f 2125 2123 2126
f 2126 2128 2127
f 2128 2129 2127
f 2129 2128 2130
f 2129 2130 2131
f 2132 2133 2134
f 2134 2131 2132
f 2135 2134 2133
f 2132 2131 2130
f 2133 2136 2135
f 2135 2136 2137
f 2137 2138 2139
f 2138 2137 2136
f 2140 2141 2139
f 2139 2138 2140
f 2141 2140 2142
f 2142 2143 2141
f 2144 2143 2142
f 2142 2145 2144
f 2145 2146 2147
f 2147 2144 2145
f 2146 2148 2147
f 2149 2148 2146
f 2149 2150 2148
f 2150 2149 2151
f 2151 2152 2153
f 2151 2153 2150
f 2152 2154 2153
f 2154 2152 2155
f 2155 2156 2157
f 2155 2157 2154
f 2156 2158 2157
f 2160 2158 2159
f 2159 2158 2156
f 2161 2162 2160
f 2160 2159 2161
f 2162 2161 2163
f 2163 2164 2162
f 2096 2164 2163
f 2163 2094 2096
f 2118 2091 2090
f 2118 2090 2120
f 2090 2089 2120
f 2114 2093 2092
f 2115 2092 2091
f 2091 2118 2115
f 2114 2092 2115
f 2089 2088 2120
f 2087 2123 2122
f 2123 2087 2086
f 2086 2126 2123
f 2126 2086 2085
f 2064 2114 2112
f 2088 2122 2120
f 2093 2114 2064
f 2088 2087 2122
f 2065 2112 2110
f 2064 2112 2065
f 2067 2066 2101
f 2110 2066 2065
f 2101 2110 2109
f 2068 2067 2100
f 2069 2068 2100
f 2069 2100 2070
f 2110 2101 2066
f 2104 2101 2109
f 2104 2109 2106
f 2070 2100 2098
f 2070 2098 2071
f 2159 2155 2152
f 2071 2098 2095
f 2146 2152 2151
f 2100 2067 2101
f 2130 2128 2084
f 2082 2132 2130
f 2084 2128 2085
f 2136 2133 2140
f 2138 2136 2140
f 2132 2080 2133
f 2083 2082 2130
f 2081 2132 2082
f 2132 2081 2080
f 2133 1497 2140
f 2133 2080 1497
f 1495 2079 2140
f 1495 2140 1497
f 2083 2130 2084
f 2142 2140 2079
f 2151 2149 2146
f 2155 2159 2156
f 2146 2145 2152
f 2095 2072 2071
f 2072 2095 2094
f 2072 2094 2073
f 2159 2152 2145
f 2161 2142 2078
f 2078 2077 2161
f 2142 2079 2078
f 2161 2077 2076
f 2073 2163 2074
f 2073 2094 2163
f 2163 2075 2074
f 2075 2163 2076
f 2163 2161 2076
f 2159 2145 2161
f 2142 2161 2145
f 2128 2126 2085
f 2162 2164 2096
f 2160 2162 2096
f 2097 2158 2096
f 2160 2096 2158
f 2157 2158 2097
f 2139 2141 2143
f 2139 2144 2165
f 2144 2139 2143
f 2147 2166 2144
f 2144 2166 2165
f 2099 2157 2097
f 2105 2150 2153
f 2102 2153 2154
f 2103 2154 2099
f 2102 2154 2103
f 2102 2105 2153
f 2105 2107 2150
f 2157 2099 2154
f 2107 2166 2148
f 2147 2148 2166
f 2167 2166 2107
f 2108 2111 2168
f 2108 2168 2167
f 2113 2169 2111
f 2167 2107 2108
f 2107 2148 2150
f 2170 2135 2137
f 2171 2135 2170
f 2172 2170 2137
f 2172 2139 2165
f 2171 2134 2135
f 2137 2139 2172
f 2171 2173 2131
f 2129 2131 2173
f 2134 2171 2131
f 2127 2174 2175
f 2174 2127 2129
f 2129 2173 2174
f 2125 2127 2175
f 2113 2117 2176
f 2169 2113 2176
f 2117 2116 2176
f 2177 2176 2116
f 2119 2178 2116
f 2177 2116 2178
f 2168 2111 2169
f 2125 2179 2180
f 2175 2179 2125
f 2124 2125 2180
f 2119 2121 2178
f 2181 2178 2121
f 2181 2121 2124
f 2124 2180 2181
f 2182 2168 2169
f 2167 2168 2183
f 2183 2168 2182
f 2184 2166 2167
f 2167 2183 2184
f 2184 2185 2166
f 2185 2165 2166
f 2186 2165 2185
f 2186 2172 2165
f 2172 2186 2187
f 2187 2188 2170
f 2187 2170 2172
f 2188 2171 2170
f 2171 2188 2189
f 2189 2190 2173
f 2189 2173 2171
f 2190 2174 2173
f 2175 2174 2190
f 2179 2175 2191
f 2191 2192 2179
f 2192 2193 2180
f 2180 2179 2192
f 2193 2181 2180
f 2194 2181 2193
f 2194 2178 2181
f 2178 2194 2195
f 2195 2196 2177
f 2195 2177 2178
f 2196 2176 2177
f 2176 2196 2197
f 2197 2182 2169
f 2197 2169 2176
f 2195 2194 2192
f 2193 2192 2194
f 2195 2192 2196
f 2197 2196 2183
f 2183 2182 2197
f 2183 2196 2188
f 2196 2192 2188
f 2191 2175 2190
f 2190 2189 2191
f 2191 2189 2188
f 2185 2184 2186
f 2184 2187 2186
f 2187 2184 2188
f 2183 2188 2184
f 2188 2192 2191
f 2198 2199 1493
f 2199 1492 1493
f 1492 2199 2200
f 1492 2200 1511
f 2201 2202 1510
f 1512 1511 2201
f 1510 1512 2201
f 2201 1511 2200
f 2203 1490 1510
f 1510 2202 2203
f 2203 1488 1490
f 1488 2203 2204
f 2204 2205 1486
f 2204 1486 1488
f 1486 2205 1487
f 1487 2206 1481
f 2206 1487 2205
f 2207 1477 1481
f 1481 2206 2207
f 2208 1483 1477
f 1477 2207 2208
f 1493 1483 2208
f 2208 2198 1493
f 2205 2204 2201
f 2200 2205 2201
f 2202 2204 2203
f 2204 2202 2201
f 2200 2199 2206
f 2207 2206 2198
f 2206 2205 2200
f 2207 2198 2208
f 2199 2198 2206
f 2209 2210 1446
f 2211 2212 1434
f 2210 2211 1444
f 1444 1446 2210
f 1434 1436 2211
f 1476 1434 2212
f 1444 2211 1436
f 2212 2213 1476
f 2213 2214 1478
f 2215 2216 1479
f 2214 2215 1479
f 1478 2214 1479
f 2216 1484 1480
f 1480 1479 2216
f 1484 2216 2217
f 2213 1478 1476
f 2218 2219 2220
f 2220 2221 2218
f 2219 2222 2220
f 2223 2222 2219
f 2223 2224 2222
f 2224 2225 2222
f 2225 2224 2226
f 2225 2226 2227
f 2228 2229 2230
f 2230 2227 2228
f 2231 2230 2229
f 2228 2227 2226
f 2229 2232 2233
f 2233 2232 2234
f 2233 2231 2229
f 2235 2236 2237
f 2237 2234 2235
f 2237 2236 2238
f 2235 2234 2232
f 2236 2239 2238
f 2239 2240 2238
f 2240 2239 2241
f 2240 2241 2242
f 2243 2244 2245
f 2242 2241 2246
f 2245 2246 2243
f 2246 2241 2243
f 2244 2247 2245
f 2248 2218 2221
f 2221 2247 2248
f 2248 2247 2244
f 2217 2249 1484
f 2250 2251 1509
f 2249 2250 1489
f 1489 1484 2249
f 1509 1491 2250
f 1508 1509 2251
f 1489 2250 1491
f 2251 2252 1508
f 2252 2253 1507
f 2254 2255 1473
f 2253 2254 1473
f 1507 2253 1473
f 2255 1446 1466
f 1466 1473 2255
f 1446 2255 2209
f 2252 1507 1508
f 2250 2229 2228
f 2229 2250 2249
f 2251 2228 2252
f 2228 2251 2250
f 2249 2217 2232
f 2217 2235 2232
f 2249 2232 2229
f 2253 2252 2224
f 2226 2252 2228
f 2224 2254 2253
f 2224 2252 2226
f 2223 2255 2254
f 2255 2219 2209
f 2219 2255 2223
f 2223 2254 2224
f 2235 2216 2236
f 2216 2235 2217
f 2214 2239 2236
f 2236 2216 2215
f 2213 2239 2214
f 2241 2213 2243
f 2241 2239 2213
f 2214 2236 2215
f 2218 2248 2209
f 2210 2209 2248
f 2248 2244 2210
f 2218 2209 2219
f 2243 2212 2211
f 2212 2243 2213
f 2244 2211 2210
f 2211 2244 2243
f 2246 2245 2247
f 2247 2242 2246
f 2221 2242 2247
f 2227 2220 2225
f 2220 2222 2225
f 2221 2220 2227
f 2227 2242 2221
f 2237 2238 2240
f 2237 2242 2234
f 2242 2227 2234
f 2233 2227 2230
f 2230 2231 2233
f 2233 2234 2227
f 2237 2240 2242
f 2256 2257 1471
f 2257 1469 1471
f 1469 2257 2258
f 1469 2258 1464
f 2259 2260 1462
f 1462 1464 2259
f 1442 1462 2260
f 2259 1464 2258
f 2260 2261 1440
f 2262 2263 1427
f 2261 2262 1438
f 1442 2260 1440
f 1440 2261 1438
f 2262 1427 1429
f 1429 1438 2262
f 1427 2263 1418
f 2264 1431 1418
f 2264 1418 2263
f 2265 2266 1432
f 2266 2267 1437
f 2268 2269 1445
f 2269 2270 1443
f 2267 2268 1435
f 1432 1431 2265
f 1437 1432 2266
f 1445 1435 2268
f 1467 1443 2270
f 1445 2269 1443
f 1437 2267 1435
f 2265 1431 2264
f 1472 1467 2270
f 2270 2271 1472
f 1472 2271 2272
f 2272 1460 1472
f 2273 1470 1460
f 1460 2272 2273
f 2274 2275 2276
f 2277 2278 2279
f 2279 2275 2277
f 2277 2275 2274
f 2278 2280 2281
f 2281 2279 2278
f 2280 2282 2281
f 2283 2282 2280
f 2282 2283 2284
f 2284 2283 2285
f 2285 2286 2284
f 2287 2288 2286
f 2286 2285 2287
f 2289 2291 2288
f 2288 2287 2289
f 2289 2290 2291
f 2290 2292 2291
f 2293 2292 2290
f 2293 2294 2292
f 2294 2293 2295
f 2295 2296 2297
f 2295 2297 2294
f 2296 2298 2297
f 2298 2296 2299
f 2299 2274 2276
f 2299 2276 2298
f 1470 2273 2256
f 2256 1471 1470
f 2272 2271 2273
f 2273 2287 2285
f 2271 2270 2273
f 2287 2270 2289
f 2270 2287 2273
f 2290 2289 2270
f 2270 2269 2290
f 2285 2256 2273
f 2285 2257 2256
f 2283 2258 2257
f 2257 2285 2283
f 2280 2259 2258
f 2259 2278 2260
f 2278 2259 2280
f 2277 2260 2278
f 2280 2258 2283
f 2295 2293 2266
f 2264 2296 2295
f 2290 2268 2293
f 2267 2266 2293
f 2265 2295 2266
f 2293 2268 2267
f 2264 2295 2265
f 2261 2277 2274
f 2277 2261 2260
f 2274 2299 2262
f 2262 2299 2263
f 2274 2262 2261
f 2263 2299 2264
f 2299 2296 2264
f 2290 2269 2268
f 2298 2276 2275
f 2297 2275 2279
f 2286 2281 2284
f 2281 2282 2284
f 2279 2281 2286
f 2298 2275 2297
f 2294 2297 2291
f 2292 2294 2291
f 2279 2286 2291
f 2286 2288 2291
f 2297 2279 2291
f 2300 2301 1424
f 2302 2303 1416
f 2301 2302 1423
f 1423 1424 2301
f 1416 1417 2302
f 1412 1416 2303
f 1423 2302 1417
f 2303 2304 1412
f 2304 2305 1428
f 2306 2307 1430
f 2305 2306 1430
f 1428 2305 1430
f 2307 1441 1439
f 1439 1430 2307
f 1441 2307 2308
f 2304 1428 1412
f 2309 2310 2311
f 2311 2312 2309
f 2310 2313 2311
f 2314 2313 2310
f 2314 2315 2313
f 2315 2316 2313
f 2316 2315 2317
f 2316 2317 2318
f 2319 2320 2321
f 2321 2318 2319
f 2322 2321 2320
f 2319 2318 2317
f 2320 2323 2324
f 2324 2323 2325
f 2324 2322 2320
f 2326 2327 2328
f 2328 2325 2326
f 2328 2327 2329
f 2326 2325 2323
f 2327 2330 2329
f 2330 2331 2329
f 2331 2330 2332
f 2331 2332 2333
f 2334 2335 2336
f 2333 2332 2337
f 2336 2337 2334
f 2337 2332 2334
f 2335 2338 2336
f 2339 2309 2312
f 2312 2338 2339
f 2339 2338 2335
f 2308 2340 1441
f 2341 2342 1461
f 2340 2341 1463
f 1463 1441 2340
f 1461 1465 2341
f 1453 1461 2342
f 1463 2341 1465
f 2342 2343 1453
f 2343 2344 1454
f 2345 2346 1452
f 2344 2345 1452
f 1454 2344 1452
f 2346 1424 1425
f 1425 1452 2346
f 1424 2346 2300
f 2343 1454 1453
f 2341 2320 2319
f 2320 2341 2340
f 2342 2319 2343
f 2319 2342 2341
f 2340 2308 2323
f 2308 2326 2323
f 2340 2323 2320
f 2344 2343 2315
f 2317 2343 2319
f 2315 2345 2344
f 2315 2343 2317
f 2314 2346 2345
f 2346 2310 2300
f 2310 2346 2314
f 2314 2345 2315
f 2326 2307 2327
f 2307 2326 2308
f 2305 2330 2327
f 2327 2307 2306
f 2304 2330 2305
f 2332 2304 2334
f 2332 2330 2304
f 2305 2327 2306
f 2309 2339 2300
f 2301 2300 2339
f 2339 2335 2301
f 2309 2300 2310
f 2334 2303 2302
f 2303 2334 2304
f 2335 2302 2301
f 2302 2335 2334
f 2337 2336 2338
f 2338 2333 2337
f 2312 2333 2338
f 2318 2311 2316
f 2311 2313 2316
f 2312 2311 2318
f 2318 2333 2312
f 2328 2329 2331
f 2328 2333 2325
f 2333 2318 2325
f 2324 2318 2321
f 2321 2322 2324
f 2324 2325 2318
f 2328 2331 2333
f 2347 1421 1420
f 1421 2347 2348
f 2348 2349 1414
f 2348 1414 1421
f 2350 1409 1414
f 1414 2349 2350
f 2350 2351 1413
f 2350 1413 1409
f 1413 2351 2352
f 1413 2352 1415
f 2353 2354 1419
f 1419 1415 2353
f 1422 1419 2354
f 2353 1415 2352
f 1455 1422 2354
f 2354 2355 1455
f 1455 2355 2356
f 2356 1447 1455
f 2357 1448 1447
f 1447 2356 2357
f 1448 2357 2358
f 2358 1449 1448
f 2359 1450 1449
f 1449 2358 2359
f 2360 1524 1450
f 1450 2359 2360
f 2361 1426 1524
f 1524 2360 2361
f 2361 2362 1426
f 1426 2362 1420
f 2347 1420 2362
f 2356 2355 2357
f 2360 2355 2354
f 2355 2360 2357
f 2357 2359 2358
f 2359 2357 2360
f 2360 2354 2361
f 2354 2353 2361
f 2347 2362 2352
f 2352 2362 2361
f 2361 2353 2352
f 2347 2352 2351
f 2349 2348 2350
f 2351 2350 2348
f 2348 2347 2351
f 1527 1642 1533
f 1642 1527 1645
f 1646 1645 1691
f 1646 1691 1690
f 1646 1690 1689
f 1645 1527 1691
f 1642 1643 1729
f 1724 1643 1721
f 1721 1719 1722
f 1722 1724 1721
f 1724 1725 1643
f 1729 1533 1642
f 13495 1668 1721
f 1658 13486 1644
f 1644 1657 1658
f 1668 13495 1647
f 1647 1665 1668
f 1650 1651 1698
f 1703 1651 13486
f 13486 1706 1705
f 1705 1703 13486
f 1703 1700 1651
f 1698 1410 1650
f 1733 1649 1648
f 1647 1649 1741
f 1649 1733 1731
f 1649 1731 1736
f 1736 1735 1649
f 1649 1742 1741
f 1649 1738 1742
f 1735 1738 1649
f 1741 1665 1647
f 1648 1494 1733
f 1494 1650 1410
f 1650 1494 1648
f 1761 1660 1760
f 2363 1659 1663
f 1667 1400 1664
f 1666 1662 1400
f 1400 1667 1666
f 2363 1400 1662
f 2363 1664 1400
f 1405 1761 1760
f 2365 2366 2367
f 2369 2370 2371
f 2367 2372 2368
f 2374 2375 2381
f 2376 2374 2381
f 2373 2381 2375
f 2377 2378 2382
f 2380 2379 2382
f 2376 2381 2378
f 2372 2381 2371
f 2366 2372 2367
f 2371 2381 2373
f 2372 2371 2370
f 2381 2382 2378
f 2382 2381 2390
f 2383 2384 2382
f 2383 2390 2385
f 2386 2387 2390
f 2388 2389 2390
f 2386 2390 2389
f 2385 2390 2387
f 2391 2392 2390
f 2391 2390 2393
f 2394 2395 2399
f 2397 2396 2398
f 2388 2390 2392
f 2382 2390 2383
f 2399 2398 2394
f 2400 2398 2399
f 2390 2399 2393
f 2380 2382 2384
f 2400 2401 2398
f 2401 2397 2398
f 2407 2509 2409
f 2404 2409 2408
f 2402 2409 2404
f 2410 2509 2407
f 2405 2509 2410
f 2403 2407 2409
f 2405 2406 2509
f 2406 2411 2509
f 2411 2412 2509
f 2414 2509 2412
f 2413 2509 2414
f 2413 2418 2509
f 2418 2415 2416
f 2418 2416 2417
f 2413 2415 2418
f 2420 2419 2418
f 2423 2510 2419
f 2420 2418 2426
f 2427 2419 2421
f 2422 2419 2427
f 2420 2421 2419
f 2425 2423 2419
f 2419 2422 2425
f 2423 2424 2510
f 2428 2510 2424
f 2510 2428 2429
f 2417 2426 2418
f 2431 2435 2510
f 2430 2431 2510
f 2432 2435 2431
f 2435 2432 2433
f 2435 2434 2436
f 2435 2436 2437
f 2433 2434 2435
f 2429 2430 2510
f 2508 2506 2438
f 2438 2502 2508
f 2506 2364 2500
f 2496 2498 2364
f 2498 2500 2364
f 2419 2509 2418
f 2496 2364 2435
f 2510 2435 2364
f 2509 2419 2510
f 2499 2439 2397
f 2408 2499 2397
f 2440 2441 2394
f 2442 2443 2395
f 2441 2442 2395
f 2439 2440 2396
f 2444 2445 2391
f 2446 2447 2388
f 2445 2446 2392
f 2448 2449 2386
f 2450 2451 2385
f 2449 2450 2387
f 2447 2448 2389
f 2443 2444 2393
f 2397 2439 2396
f 2408 2397 2401
f 2398 2440 2394
f 2395 2443 2399
f 2441 2395 2394
f 2440 2398 2396
f 2393 2444 2391
f 2446 2388 2392
f 2392 2391 2445
f 2399 2443 2393
f 2388 2447 2389
f 2386 2449 2387
f 2387 2450 2385
f 2448 2386 2389
f 2383 2385 2451
f 2451 2452 2383
f 2437 2365 2367
f 2453 2454 2380
f 2455 2456 2379
f 2454 2455 2380
f 2457 2458 2378
f 2497 2459 2376
f 2458 2497 2376
f 2456 2457 2377
f 2460 2461 2375
f 2462 2498 2369
f 2461 2462 2373
f 2463 2464 2370
f 2496 2465 2368
f 2464 2496 2368
f 2498 2463 2369
f 2459 2460 2374
f 2383 2452 2384
f 2379 2380 2455
f 2384 2453 2380
f 2377 2382 2456
f 2376 2378 2458
f 2377 2457 2378
f 2379 2456 2382
f 2375 2374 2460
f 2371 2373 2462
f 2375 2461 2373
f 2370 2369 2463
f 2368 2372 2464
f 2367 2368 2465
f 2370 2464 2372
f 2371 2462 2369
f 2376 2459 2374
f 2465 2437 2367
f 2384 2452 2453
f 2390 2381 2400
f 2400 2399 2390
f 2372 2466 2400
f 2381 2372 2400
f 2466 2504 2400
f 2372 2467 2466
f 2437 2436 2365
f 2434 2433 2468
f 2436 2434 2469
f 2432 2431 2470
f 2430 2429 2471
f 2431 2430 2472
f 2433 2432 2473
f 2428 2424 2474
f 2423 2425 2475
f 2424 2423 2476
f 2422 2427 2477
f 2421 2420 2478
f 2427 2421 2479
f 2425 2422 2480
f 2429 2428 2481
f 2365 2436 2469
f 2468 2433 2473
f 2434 2468 2469
f 2470 2431 2472
f 2471 2429 2481
f 2430 2471 2472
f 2432 2470 2473
f 2474 2424 2476
f 2425 2480 2475
f 2475 2476 2423
f 2481 2428 2474
f 2480 2422 2477
f 2479 2421 2478
f 2478 2420 2482
f 2427 2479 2477
f 2426 2483 2482
f 2482 2420 2426
f 2417 2416 2484
f 2415 2413 2485
f 2416 2415 2486
f 2414 2412 2487
f 2411 2406 2488
f 2412 2411 2489
f 2413 2414 2487
f 2405 2410 2490
f 2407 2403 2491
f 2410 2407 2490
f 2409 2402 2492
f 2404 2408 2401
f 2402 2404 2493
f 2403 2409 2492
f 2406 2405 2494
f 2484 2483 2417
f 2503 2486 2415
f 2484 2416 2486
f 2487 2485 2413
f 2466 2489 2411
f 2487 2412 2489
f 2503 2415 2485
f 2494 2488 2406
f 2504 2490 2407
f 2494 2405 2490
f 2492 2491 2403
f 2495 2493 2404
f 2401 2495 2404
f 2492 2402 2493
f 2504 2407 2491
f 2466 2411 2488
f 2417 2483 2426
f 2509 2506 2508
f 2500 2498 2461
f 2435 2437 2465
f 2496 2435 2465
f 2498 2496 2463
f 2464 2463 2496
f 2462 2461 2498
f 2409 2499 2408
f 2497 2506 2500
f 2506 2497 2501
f 2459 2497 2500
f 2460 2459 2500
f 2497 2458 2501
f 2458 2457 2501
f 2501 2457 2456
f 2501 2456 2455
f 2500 2461 2460
f 2454 2506 2501
f 2438 2506 2454
f 2453 2438 2454
f 2450 2502 2438
f 2451 2438 2452
f 2450 2438 2451
f 2453 2452 2438
f 2449 2448 2502
f 2502 2450 2449
f 2448 2447 2502
f 2446 2502 2447
f 2445 2502 2446
f 2501 2455 2454
f 2502 2442 2508
f 2443 2442 2502
f 2444 2443 2502
f 2442 2441 2508
f 2441 2440 2508
f 2508 2440 2439
f 2508 2439 2499
f 2409 2508 2499
f 2502 2445 2444
f 2495 2401 2400
f 2491 2492 2504
f 2493 2504 2492
f 2488 2494 2504
f 2487 2489 2466
f 2484 2486 2467
f 2483 2484 2467
f 2487 2503 2485
f 2503 2466 2467
f 2490 2504 2494
f 2400 2504 2495
f 2495 2504 2493
f 2504 2466 2488
f 2466 2503 2487
f 2503 2467 2486
f 2478 2482 2467
f 2478 2467 2479
f 2480 2477 2467
f 2476 2475 2505
f 2480 2505 2475
f 2479 2467 2477
f 2481 2474 2505
f 2472 2471 2505
f 2481 2505 2471
f 2473 2470 2505
f 2469 2468 2505
f 2365 2469 2366
f 2473 2505 2468
f 2472 2505 2470
f 2476 2505 2474
f 2467 2505 2480
f 2467 2372 2366
f 2505 2366 2469
f 2505 2467 2366
f 2483 2467 2482
f 2510 2364 2506
f 2506 2507 2510
f 2507 2506 2509
f 2409 2509 2508
f 2509 2510 2507
f 2511 2512 2545
f 2513 2545 2512
f 2514 2515 2525
f 2514 2525 2516
f 2511 2545 2515
f 2517 2518 2525
f 2519 2520 2545
f 2517 2525 2520
f 2521 2522 2523
f 2519 2545 2522
f 2545 2525 2515
f 2525 2545 2520
f 2545 2523 2522
f 2524 2523 2526
f 2527 2528 2637
f 2529 2530 2637
f 2527 2637 2530
f 2531 2532 2637
f 2533 2534 2637
f 2531 2637 2534
f 2529 2637 2532
f 2535 2536 2637
f 2539 2540 2541
f 2537 2541 2538
f 2533 2637 2536
f 2637 2541 2537
f 2526 2637 2528
f 2523 2637 2526
f 2542 2539 2541
f 2547 2546 2552
f 2548 2549 2552
f 2550 2551 2552
f 2549 2550 2552
f 2553 2554 2560
f 2554 2555 2560
f 2556 2557 2560
f 2558 2559 2544
f 2557 2558 2560
f 2551 2553 2552
f 2560 2558 2544
f 2560 2552 2553
f 2561 2562 2563
f 2564 2565 2576
f 2566 2567 2576
f 2565 2566 2576
f 2568 2569 2576
f 2570 2571 2576
f 2569 2570 2576
f 2567 2568 2576
f 2572 2573 2576
f 2574 2575 2576
f 2573 2574 2576
f 2571 2572 2576
f 2576 2575 2543
f 2577 2562 2543
f 2576 2544 2564
f 2545 2639 2637
f 2638 2637 2639
f 2636 2543 2562
f 2636 2544 2576
f 2543 2636 2576
f 2544 2636 2560
f 2552 2560 2636
f 2563 2562 2540
f 2561 2563 2539
f 2577 2543 2538
f 2575 2574 2537
f 2543 2575 2538
f 2562 2577 2540
f 2573 2572 2536
f 2571 2570 2534
f 2572 2571 2533
f 2569 2568 2532
f 2567 2566 2530
f 2568 2567 2529
f 2570 2569 2531
f 2574 2573 2535
f 2539 2563 2540
f 2561 2539 2542
f 2541 2577 2538
f 2537 2574 2637
f 2575 2537 2538
f 2577 2541 2540
f 2535 2573 2536
f 2571 2534 2533
f 2533 2536 2572
f 2637 2574 2535
f 2534 2570 2531
f 2532 2568 2529
f 2529 2567 2530
f 2569 2532 2531
f 2527 2530 2566
f 2566 2565 2527
f 2547 2513 2512
f 2564 2544 2526
f 2559 2558 2524
f 2544 2559 2526
f 2557 2556 2522
f 2560 2555 2519
f 2556 2560 2519
f 2558 2557 2521
f 2554 2553 2517
f 2551 2550 2516
f 2553 2551 2518
f 2549 2548 2515
f 2552 2546 2511
f 2548 2552 2511
f 2550 2549 2514
f 2555 2554 2520
f 2527 2565 2528
f 2524 2526 2559
f 2528 2564 2526
f 2521 2523 2558
f 2519 2522 2556
f 2521 2557 2522
f 2524 2558 2523
f 2517 2520 2554
f 2525 2518 2551
f 2517 2553 2518
f 2514 2516 2550
f 2511 2515 2548
f 2512 2511 2546
f 2514 2549 2515
f 2525 2551 2516
f 2519 2555 2520
f 2546 2547 2512
f 2528 2565 2564
f 2547 2582 2513
f 2583 2584 2585
f 2582 2583 2586
f 2587 2588 2589
f 2584 2587 2592
f 2593 2594 2595
f 2596 2597 2598
f 2594 2596 2599
f 2600 2642 2601
f 2602 2603 2604
f 2642 2602 2601
f 2597 2600 2605
f 2590 2593 2606
f 2513 2582 2586
f 2585 2584 2592
f 2583 2585 2586
f 2589 2588 2640
f 2591 2590 2606
f 2588 2591 2640
f 2587 2589 2592
f 2595 2594 2599
f 2597 2580 2598
f 2598 2599 2596
f 2606 2593 2595
f 2580 2597 2605
f 2601 2602 2604
f 2604 2603 2607
f 2600 2601 2605
f 2608 2609 2607
f 2607 2603 2608
f 2610 2611 2612
f 2613 2614 2615
f 2611 2613 2616
f 2617 2618 2619
f 2620 2621 2622
f 2618 2620 2623
f 2614 2617 2619
f 2624 2643 2625
f 2626 2627 2628
f 2643 2626 2625
f 2629 2630 2631
f 2632 2561 2542
f 2630 2632 2633
f 2627 2629 2634
f 2621 2624 2635
f 2612 2609 2610
f 2615 2616 2613
f 2612 2611 2616
f 2619 2579 2614
f 2638 2623 2620
f 2619 2618 2623
f 2615 2614 2579
f 2635 2622 2621
f 2578 2625 2626
f 2635 2624 2625
f 2634 2628 2627
f 2633 2631 2630
f 2542 2633 2632
f 2634 2629 2631
f 2578 2626 2628
f 2638 2620 2622
f 2610 2609 2608
f 2523 2545 2637
f 2561 2632 2562
f 2630 2629 2636
f 2632 2630 2636
f 2627 2626 2636
f 2629 2627 2636
f 2621 2620 2636
f 2620 2618 2617
f 2614 2613 2636
f 2611 2610 2636
f 2613 2611 2636
f 2624 2621 2636
f 2562 2632 2636
f 2643 2636 2626
f 2636 2643 2624
f 2617 2614 2636
f 2636 2620 2617
f 2610 2608 2636
f 2603 2602 2636
f 2600 2597 2641
f 2596 2594 2641
f 2597 2596 2641
f 2593 2590 2641
f 2587 2584 2641
f 2583 2582 2641
f 2584 2583 2641
f 2588 2587 2641
f 2594 2593 2641
f 2642 2636 2602
f 2642 2600 2641
f 2641 2590 2591
f 2588 2641 2591
f 2641 2582 2552
f 2552 2582 2547
f 2603 2636 2608
f 2637 2638 2578
f 2581 2579 2638
f 2638 2639 2581
f 2581 2639 2580
f 2545 2640 2639
f 2552 2636 2641
f 2642 2641 2636
f 2633 2542 2541
f 2634 2631 2578
f 2633 2637 2631
f 2635 2625 2638
f 2578 2638 2625
f 2634 2578 2628
f 2619 2623 2579
f 2612 2616 2581
f 2615 2581 2616
f 2635 2638 2622
f 2633 2541 2637
f 2631 2637 2578
f 2615 2579 2581
f 2623 2638 2579
f 2612 2581 2609
f 2604 2607 2581
f 2605 2601 2580
f 2604 2581 2601
f 2595 2599 2639
f 2598 2639 2599
f 2591 2606 2640
f 2585 2592 2545
f 2513 2586 2545
f 2585 2545 2586
f 2589 2640 2592
f 2595 2639 2606
f 2598 2580 2639
f 2601 2581 2580
f 2606 2639 2640
f 2592 2640 2545
f 2609 2581 2607
f 2644 2645 2655
f 2647 2645 2646
f 2647 2646 2653
f 2649 2646 2645
f 2649 2645 2644
f 2648 2649 2644
f 2649 2651 2650
f 2650 2652 2646
f 2646 2649 2650
f 2646 2652 2653
f 2645 2647 2654
f 2644 2655 2648
f 2657 2770 2656
f 2661 2659 2658
f 2742 2656 2660
f 2656 2659 2657
f 2661 2657 2659
f 2770 2660 2656
f 2662 2657 2661
f 2657 2662 2663
f 2663 2770 2657
f 2664 2660 2770
f 2665 2742 2660
f 2660 2664 2665
f 2659 2656 2666
f 2666 2667 2659
f 2658 2659 2667
f 2705 2668 2669
f 2669 2668 2670
f 2668 2672 2671
f 2671 2670 2668
f 2673 2672 2668
f 2675 2668 2676
f 2677 2673 2668
f 2675 2674 2668
f 2678 2675 2676
f 2677 2668 2674
f 2679 2678 2676
f 2676 2680 2679
f 2681 2679 2680
f 2683 2682 2680
f 2680 2684 2683
f 2681 2680 2682
f 2685 2680 2686
f 2686 2687 2688
f 2687 2686 2697
f 2680 2685 2684
f 2697 2813 2694
f 2690 2694 2689
f 2692 2691 2694
f 2694 2690 2692
f 2689 2694 2813
f 2691 2693 2694
f 2697 2694 2695
f 2696 2695 2694
f 2814 2700 2705
f 2698 2700 2814
f 2698 2699 2700
f 2702 2703 2701
f 2703 2716 2701
f 2716 2703 2704
f 2703 2697 2704
f 2725 2706 2707
f 2707 2729 2731
f 2707 2708 2729
f 2711 2712 2710
f 2713 2716 2714
f 2713 2712 2715
f 2716 2713 2715
f 2716 2717 2714
f 2716 2715 2701
f 2718 2716 2709
f 2711 2715 2712
f 2715 2711 2701
f 2711 2710 2702
f 2719 2720 2721
f 2719 2721 2722
f 2723 2722 2721
f 2721 2724 2723
f 2726 2707 2731
f 2721 2726 2731
f 2707 2726 2725
f 2721 2729 2727
f 2728 2721 2727
f 2728 2724 2721
f 2729 2721 2731
f 2727 2729 2730
f 2729 2708 2730
f 2732 2736 2733
f 2734 2733 2736
f 2734 2736 2735
f 2737 2738 2736
f 2736 2739 2737
f 2738 2735 2736
f 2737 2739 2740
f 2741 2740 2739
f 2744 2743 2742
f 2743 2745 2742
f 2742 2745 2736
f 2736 2746 2747
f 2736 2745 2746
f 2749 2736 2748
f 2736 2749 2750
f 2736 2747 2748
f 2751 2739 2750
f 2736 2750 2739
f 2752 2753 2743
f 2754 2755 2746
f 2753 2754 2745
f 2744 2752 2743
f 2754 2746 2745
f 2745 2743 2753
f 2755 2747 2746
f 2755 2756 2747
f 2757 2758 2749
f 2759 2760 2751
f 2758 2759 2750
f 2747 2756 2748
f 2750 2749 2758
f 2751 2750 2759
f 2748 2757 2749
f 2748 2756 2757
f 2761 2771 2762
f 2752 2771 2753
f 2754 2753 2771
f 2763 2764 2771
f 2771 2755 2754
f 2771 2756 2755
f 2771 2761 2763
f 2771 2765 2766
f 2758 2757 2771
f 2759 2758 2771
f 2756 2771 2757
f 2767 2769 2768
f 2771 2760 2759
f 2766 2768 2771
f 2765 2771 2764
f 2769 2771 2768
f 2772 2653 2773
f 2774 2773 2653
f 2774 2653 2775
f 2776 2777 2653
f 2653 2778 2776
f 2777 2775 2653
f 2776 2778 2779
f 2782 2783 2781
f 2781 2783 2653
f 2653 2784 2785
f 2653 2783 2784
f 2787 2653 2786
f 2653 2787 2788
f 2653 2785 2786
f 2789 2653 2788
f 2790 2791 2782
f 2792 2793 2784
f 2791 2792 2783
f 2781 2790 2782
f 2792 2784 2783
f 2783 2782 2791
f 2793 2785 2784
f 2793 2794 2785
f 2795 2796 2787
f 2797 2798 2789
f 2796 2797 2788
f 2785 2794 2786
f 2788 2787 2796
f 2789 2788 2797
f 2786 2795 2787
f 2786 2794 2795
f 2799 2651 2800
f 2790 2651 2791
f 2792 2791 2651
f 2801 2802 2651
f 2651 2793 2792
f 2651 2794 2793
f 2651 2799 2801
f 2651 2803 2804
f 2796 2795 2805
f 2797 2796 2805
f 2794 2651 2795
f 2806 2651 2807
f 2805 2798 2797
f 2808 2651 2806
f 2651 2805 2795
f 2804 2807 2651
f 2803 2651 2802
f 2805 2651 2739
f 2808 2739 2651
f 2739 2751 2798
f 2798 2805 2739
f 2780 2778 2769
f 2769 2778 2771
f 2778 2653 2771
f 2653 2789 2760
f 2760 2771 2653
f 2798 2751 2760
f 2760 2789 2798
f 2769 2767 2708
f 2768 2766 2728
f 2767 2768 2730
f 2708 2767 2730
f 2768 2728 2727
f 2727 2730 2768
f 2766 2724 2728
f 2766 2765 2724
f 2764 2763 2722
f 2761 2762 2720
f 2763 2761 2719
f 2724 2765 2723
f 2719 2722 2763
f 2720 2719 2761
f 2723 2764 2722
f 2723 2765 2764
f 2656 2742 2736
f 2744 2742 2665
f 2744 2664 2752
f 2736 2732 2666
f 2656 2736 2666
f 2709 2667 2732
f 2666 2732 2667
f 2709 2658 2667
f 2771 2752 2770
f 2752 2664 2770
f 2744 2665 2664
f 2720 2661 2658
f 2663 2771 2770
f 2762 2771 2663
f 2720 2662 2661
f 2662 2720 2762
f 2662 2762 2663
f 2709 2720 2658
f 2732 2733 2709
f 2734 2735 2717
f 2733 2734 2718
f 2709 2733 2718
f 2734 2717 2716
f 2716 2718 2734
f 2735 2714 2717
f 2735 2738 2714
f 2737 2740 2712
f 2741 2739 2702
f 2740 2741 2710
f 2714 2738 2713
f 2710 2712 2740
f 2702 2710 2741
f 2713 2737 2712
f 2713 2738 2737
f 2725 2814 2705
f 2705 2809 2697
f 2725 2705 2706
f 2697 2686 2680
f 2680 2694 2697
f 2694 2680 2676
f 2810 2695 2696
f 2696 2694 2811
f 2676 2668 2700
f 2811 2694 2700
f 2810 2696 2811
f 2700 2694 2676
f 2810 2705 2695
f 2705 2697 2695
f 2700 2668 2705
f 2707 2705 2669
f 2708 2780 2769
f 2669 2780 2708
f 2708 2707 2669
f 2669 2670 2780
f 2671 2672 2776
f 2670 2671 2779
f 2780 2670 2778
f 2671 2776 2779
f 2779 2778 2670
f 2672 2777 2776
f 2672 2673 2777
f 2677 2674 2774
f 2675 2678 2772
f 2674 2675 2773
f 2777 2673 2775
f 2773 2774 2674
f 2772 2773 2675
f 2775 2677 2774
f 2775 2673 2677
f 2679 2681 2799
f 2682 2683 2802
f 2681 2682 2801
f 2800 2679 2799
f 2682 2802 2801
f 2801 2799 2681
f 2683 2803 2802
f 2683 2684 2803
f 2685 2686 2807
f 2688 2687 2806
f 2686 2688 2807
f 2803 2684 2804
f 2806 2807 2688
f 2808 2806 2687
f 2804 2685 2807
f 2804 2684 2685
f 2808 2702 2739
f 2687 2702 2808
f 2702 2687 2703
f 2687 2697 2703
f 2707 2706 2705
f 2809 2813 2697
f 2704 2816 2716
f 2726 2814 2725
f 2815 2690 2689
f 2813 2812 2689
f 2709 2716 2693
f 2699 2693 2691
f 2693 2716 2816
f 2817 2691 2692
f 2693 2699 2709
f 2818 2692 2690
f 2689 2812 2815
f 2690 2815 2819
f 2698 2814 2726
f 2726 2721 2698
f 2692 2818 2817
f 2691 2817 2699
f 2699 2698 2721
f 2721 2720 2699
f 2720 2709 2699
f 2818 2690 2819
f 2772 2654 2647
f 2678 2654 2772
f 2653 2772 2647
f 2678 2645 2654
f 2679 2655 2645
f 2678 2679 2645
f 2800 2649 2648
f 2649 2800 2651
f 2679 2800 2648
f 2679 2648 2655
f 2781 2653 2652
f 2790 2781 2652
f 2790 2650 2651
f 2652 2650 2790
f 2810 2811 2809
f 2809 2811 2700
f 2810 2809 2705
f 2809 2700 2812
f 2818 2700 2817
f 2817 2700 2699
f 2818 2819 2700
f 2815 2700 2819
f 2809 2812 2813
f 2815 2812 2700
f 2816 2694 2693
f 2816 2704 2694
f 2697 2694 2704
f 2823 2822 2836
f 2823 2821 2820
f 2820 2822 2823
f 2828 2826 2825
f 2825 2827 2828
f 2830 2832 2831
f 2834 2833 2835
f 2831 2835 2833
f 2833 2830 2831
f 2821 2837 2820
f 2827 2821 2824
f 2837 2836 2822
f 2822 2820 2837
f 2838 2832 2830
f 2830 2833 2838
f 2838 2833 2834
f 2829 2832 2827
f 2838 2826 2828
f 2828 2832 2838
f 2827 2832 2828
f 2838 2834 2849
f 2849 2836 2838
f 2838 2836 2826
f 2846 2847 2841
f 2844 2842 2839
f 2843 2848 2839
f 2843 2839 2842
f 2846 2844 2839
f 2841 2844 2846
f 2835 2845 2842
f 2842 2845 2843
f 2834 2847 2850
f 2841 2847 2844
f 2850 2847 2851
f 2845 2831 2843
f 2848 2843 2832
f 2843 2831 2832
f 2832 2829 2848
f 2839 2848 2829
f 2834 2835 2847
f 2835 2842 2847
f 2850 2849 2834
f 2847 2842 2844
f 2846 2840 2839
f 2847 2846 2821
f 2846 2847 2840
f 2851 2847 2850
f 2848 2846 2839
f 2839 2829 2848
f 2848 2824 2846
f 2846 2824 2821
f 2823 2847 2821
f 2823 2850 2847
f 2829 2824 2848
f 2850 2823 2836
f 2836 2849 2850
f 2840 2847 2846
f 2825 2826 2836
f 2827 2837 2821
f 2829 2824 2849
f 2824 2829 2827
f 2837 2827 2825
f 2825 2836 2837
f 2839 2840 2846
f 2824 2851 2849
f 2851 2824 2829
f 2849 2851 2829
f 2867 2881 2861
f 2857 2872 2856
f 2858 2883 2855
f 2859 2858 2856
f 2858 2859 2883
f 2855 2883 2874
f 2881 2855 2874
f 2884 2859 2856
f 2877 2862 2861
f 2876 2863 2862
f 2862 2878 2876
f 2863 2877 2861
f 2881 2876 2854
f 2861 2881 2854
f 2864 2852 2853
f 2861 2864 2879
f 2866 2865 2869
f 2870 2869 2865
f 2870 2871 2869
f 2871 2861 2872
f 2861 2871 2873
f 2868 2861 2873
f 2861 2854 2852
f 2884 2885 2859
f 2870 2865 2873
f 2873 2871 2870
f 2866 2868 2873
f 2865 2866 2873
f 2876 2860 2875
f 2881 2875 2860
f 2883 2881 2874
f 2879 2877 2861
f 2878 2877 2879
f 2879 2864 2878
f 2864 2853 2878
f 2853 2852 2878
f 2878 2852 2854
f 2861 2852 2864
f 2861 2868 2867
f 2872 2880 2871
f 2872 2861 2885
f 2880 2872 2857
f 2867 2882 2881
f 2858 2869 2857
f 2869 2871 2857
f 2856 2858 2857
f 2867 2868 2882
f 2858 2866 2869
f 2882 2866 2858
f 2858 2855 2882
f 2881 2882 2855
f 2866 2882 2868
f 2871 2880 2857
f 2861 2872 2885
f 2861 2877 2872
f 2863 2872 2877
f 2872 2863 2885
f 2883 2885 2863
f 2883 2859 2885
f 2876 2878 2854
f 2883 2863 2881
f 2881 2863 2875
f 2875 2863 2876
f 2854 2862 2863
f 2861 2854 2863
f 2862 2854 2861
f 2884 2856 2885
f 2856 2872 2885
f 2876 2881 2860
f 2877 2878 2862
f 2980 2886 2934
f 2934 2931 2980
f 2904 2889 2918
f 2918 2889 2890
f 2887 2918 2888
f 2890 2889 2891
f 2890 2891 2888
f 2891 2889 2892
f 2890 2888 2918
f 2892 2893 2891
f 2888 2891 2894
f 2894 2895 2888
f 2891 2893 2894
f 2888 2895 2887
f 2898 2897 2893
f 2895 2897 2898
f 2894 2897 2895
f 2895 2898 2936
f 2899 2900 2902
f 2903 2902 2904
f 2904 2902 2901
f 2936 2904 2905
f 2936 2905 2906
f 2907 2906 2908
f 2909 2907 2908
f 2906 2905 2908
f 2911 2912 2916
f 2912 2913 2916
f 2915 2916 2914
f 2913 2914 2916
f 2915 2937 2917
f 2917 2916 2915
f 2916 2917 2936
f 2937 2936 2917
f 2918 2887 2927
f 2928 2918 2927
f 2930 2918 2928
f 2918 2919 2920
f 2919 2918 2921
f 2954 2918 2920
f 2918 2932 2921
f 2932 2918 2930
f 2922 2919 2923
f 2954 2920 2924
f 2922 2924 2920
f 2922 2920 2919
f 2921 2925 2926
f 2921 2923 2919
f 2925 2921 2932
f 2926 2923 2921
f 2926 2924 2922
f 2926 2922 2923
f 2887 2928 2927
f 2928 2887 2929
f 2929 2930 2928
f 2933 2932 2929
f 2929 2931 2933
f 2932 2930 2929
f 2934 2886 2926
f 2925 2935 2926
f 2926 2935 2934
f 2979 2936 2937
f 2938 2939 2977
f 2940 2943 2941
f 2940 2941 2938
f 2942 2977 2939
f 2944 2942 2943
f 2941 2943 2942
f 2941 2942 2939
f 2939 2938 2941
f 2945 2938 2915
f 2945 2940 2938
f 2946 2940 2945
f 2945 2947 2948
f 2949 2950 2951
f 2948 2946 2945
f 2946 2949 2943
f 2943 2940 2946
f 2943 2949 2944
f 2944 2977 2942
f 2949 2946 2952
f 2951 2944 2949
f 2949 2952 2913
f 2977 2944 2951
f 2950 2949 2913
f 2945 2915 2947
f 2946 2948 2914
f 2946 2914 2952
f 2951 2950 2912
f 2906 2910 2953
f 2906 2953 2936
f 2918 2954 2955
f 2904 2955 2903
f 2955 2904 2918
f 2956 2886 2958
f 2958 2911 2957
f 2958 2963 2964
f 2956 2960 2961
f 2960 2956 2958
f 2959 2960 2958
f 2963 2957 2962
f 2963 2958 2957
f 2962 2965 2963
f 2966 2961 2965
f 2965 2961 2960
f 2964 2963 2965
f 2959 2965 2960
f 2967 2968 2961
f 2969 2970 2961
f 2966 2969 2961
f 2967 2961 2970
f 2961 2968 2956
f 2971 2965 2962
f 2972 2973 2962
f 2974 2972 2962
f 2971 2962 2973
f 2974 2962 2957
f 2968 2967 2955
f 2967 2970 2903
f 2954 2968 2955
f 2903 2955 2967
f 2902 2903 2970
f 2975 2969 2966
f 2975 2966 2976
f 2970 2899 2902
f 2899 2969 2900
f 2969 2975 2900
f 2899 2970 2969
f 2972 2953 2910
f 2973 2910 2906
f 2936 2953 2974
f 2974 2953 2972
f 2910 2973 2972
f 2973 2907 2971
f 2971 2907 2909
f 2971 2976 2965
f 2976 2971 2909
f 2907 2973 2906
f 2911 2978 2977
f 2896 2895 2936
f 2936 2979 2896
f 2929 2887 2931
f 2976 2909 2975
f 2900 2909 2908
f 2908 2905 2901
f 2909 2900 2975
f 2908 2902 2900
f 2901 2905 2904
f 2908 2901 2902
f 2895 2896 2887
f 2976 2966 2965
f 2911 2958 2886
f 2980 2931 2886
f 2886 2931 2911
f 2931 2887 2979
f 2911 2931 2979
f 2979 2978 2911
f 2896 2979 2887
f 2956 2968 2926
f 2886 2956 2926
f 2968 2954 2924
f 2968 2924 2926
f 2892 2889 2904
f 2904 2936 2898
f 2898 2892 2904
f 2898 2893 2892
f 2974 2916 2936
f 2957 2916 2974
f 2911 2916 2957
f 2977 2979 2938
f 2951 2912 2911
f 2911 2977 2951
f 2958 2964 2965
f 2958 2965 2959
f 2931 2934 2935
f 2931 2935 2925
f 2925 2933 2931
f 2925 2932 2933
f 2979 2915 2938
f 2915 2979 2937
f 2979 2977 2978
f 2998 2997 2981
f 2981 2982 2995
f 2984 2986 2989
f 2989 2986 2987
f 2985 2984 2988
f 2988 2984 2989
f 2990 2984 2985
f 2988 2991 2985
f 2991 2988 2981
f 2985 2991 2990
f 2990 2991 2981
f 2989 2996 2982
f 2988 2989 2982
f 2988 2982 2981
f 2989 2992 2996
f 2992 2989 2987
f 2987 2983 2992
f 2987 2986 2993
f 2984 2994 2986
f 2993 2986 2994
f 2983 2987 2993
f 2982 2996 2995
f 2994 2998 2995
f 2993 2994 2995
f 2993 2995 2983
f 2996 2992 2995
f 2995 2992 2983
f 2997 2998 2981
f 2981 2998 2990
f 2998 2994 2984
f 2998 2984 2990
f 2981 2995 2998
f 3018 3146 3000
f 3002 3018 3000
f 3001 3000 3146
f 3002 2999 3018
f 3018 3005 3006
f 3004 3005 3018
f 3007 3018 3008
f 3007 3004 3018
f 3018 2999 3008
f 3012 3015 3146
f 3012 3016 3013
f 3013 3015 3012
f 3017 3010 3146
f 3001 3146 3003
f 3010 3003 3146
f 3015 3014 3146
f 3011 3009 3146
f 3014 3011 3146
f 3017 3146 3009
f 3019 3142 3018
f 3018 3006 3019
f 3019 3020 3142
f 3020 3021 3142
f 3031 3021 3022
f 3142 3021 3031
f 3031 3024 3026
f 3024 3031 3023
f 3023 3031 3022
f 3027 3028 3031
f 3025 3027 3031
f 3029 3030 3031
f 3032 3033 3145
f 3030 3032 3145
f 3028 3029 3031
f 3145 3031 3030
f 3145 3033 3034
f 3025 3031 3026
f 3016 3035 3036
f 3035 3038 3036
f 3035 3016 3012
f 3038 3039 3042
f 3037 3036 3038
f 3040 3042 3039
f 3037 3038 3042
f 3043 3041 3039
f 3044 3045 3046
f 3043 3039 3046
f 3040 3039 3041
f 3046 3039 3044
f 3044 3047 3045
f 3048 3044 3049
f 3050 3051 3044
f 3044 3051 3049
f 3144 3052 3050
f 3052 3144 3053
f 3144 3050 3044
f 3054 3055 3145
f 3056 3057 3145
f 3054 3145 3057
f 3069 3058 3059
f 3060 3058 3069
f 3055 3060 3069
f 3056 3145 3061
f 3061 3145 3034
f 3069 3145 3055
f 3059 3062 3069
f 3063 3064 3144
f 3144 3065 3066
f 3063 3144 3066
f 3064 3053 3144
f 3067 3068 3069
f 3062 3067 3069
f 3065 3069 3068
f 3065 3144 3069
f 3078 3081 3079
f 3082 3073 3079
f 3079 3076 3078
f 3084 3085 3072
f 3072 3085 3083
f 3083 3079 3072
f 3077 3079 3086
f 3079 3083 3086
f 3077 3076 3079
f 3073 3090 3091
f 3090 3073 3092
f 3082 3079 3093
f 3080 3079 3081
f 3093 3079 3080
f 3073 3089 3092
f 3073 3088 3087
f 3073 3087 3089
f 3088 3073 3082
f 3084 3072 3094
f 3072 3095 3094
f 3072 3096 3095
f 3097 3096 3072
f 3097 3072 3098
f 3099 3102 3098
f 3097 3098 3102
f 3100 3098 3103
f 3101 3098 3104
f 3103 3098 3101
f 3098 3105 3104
f 3075 3106 3107
f 3075 3107 3105
f 3075 3105 3098
f 3075 3108 3109
f 3075 3110 3108
f 3109 3106 3075
f 3099 3098 3100
f 3073 3111 3112
f 3091 3111 3073
f 3073 3112 3114
f 3073 3114 3113
f 3073 3115 3116
f 3115 3073 3113
f 3117 3118 3121
f 3119 3120 3121
f 3121 3118 3119
f 3073 3116 3117
f 3073 3117 3121
f 3123 3121 3122
f 3121 3124 3125
f 3124 3121 3123
f 3126 3074 3127
f 3074 3125 3127
f 3121 3125 3074
f 3075 3128 3129
f 3075 3130 3131
f 3130 3075 3129
f 3132 3133 3074
f 3074 3133 3134
f 3075 3134 3128
f 3075 3135 3110
f 3135 3075 3131
f 3074 3136 3132
f 3074 3137 3138
f 3139 3140 3074
f 3074 3138 3139
f 3126 3137 3074
f 3074 3134 3075
f 3141 3136 3074
f 3140 3141 3074
f 3072 3075 3098
f 3072 3071 3075
f 3075 3071 3074
f 3072 3031 3145
f 3143 3142 3031
f 3031 3072 3143
f 3145 3071 3072
f 3069 3144 3071
f 3071 3145 3069
f 3126 3052 3053
f 3124 3051 3050
f 3127 3050 3052
f 3123 3048 3049
f 3120 3047 3044
f 3122 3044 3048
f 3123 3049 3051
f 3119 3046 3045
f 3116 3041 3043
f 3117 3043 3046
f 3113 3042 3040
f 3112 3036 3037
f 3114 3037 3042
f 3115 3040 3041
f 3119 3045 3047
f 3127 3052 3126
f 3124 3050 3125
f 3127 3125 3050
f 3122 3048 3123
f 3120 3044 3121
f 3122 3121 3044
f 3124 3123 3051
f 3118 3046 3119
f 3117 3116 3043
f 3046 3118 3117
f 3119 3047 3120
f 3115 3041 3116
f 3114 3042 3113
f 3112 3037 3114
f 3115 3113 3040
f 3111 3016 3036
f 3036 3112 3111
f 3090 3015 3013
f 3089 3011 3014
f 3092 3014 3015
f 3088 3017 3009
f 3093 3003 3010
f 3082 3010 3017
f 3087 3009 3011
f 3081 3000 3001
f 3076 2999 3002
f 3078 3002 3000
f 3086 3007 3008
f 3085 3005 3004
f 3083 3004 3007
f 3077 3008 2999
f 3080 3001 3003
f 3090 3092 3015
f 3092 3089 3014
f 3013 3091 3090
f 3009 3087 3088
f 3017 3088 3082
f 3011 3089 3087
f 3111 3091 3016
f 3001 3080 3081
f 3000 3081 3078
f 3080 3003 3093
f 3077 2999 3076
f 3086 3083 3007
f 3008 3077 3086
f 3076 3002 3078
f 3093 3010 3082
f 3085 3004 3083
f 3013 3016 3091
f 3094 3019 3006
f 3084 3006 3005
f 3096 3021 3020
f 3102 3023 3022
f 3097 3022 3021
f 3095 3020 3019
f 3100 3026 3024
f 3101 3027 3025
f 3103 3025 3026
f 3105 3029 3028
f 3106 3032 3030
f 3107 3030 3029
f 3104 3028 3027
f 3099 3024 3023
f 3095 3096 3020
f 3102 3022 3097
f 3021 3096 3097
f 3084 3005 3085
f 3094 3006 3084
f 3019 3094 3095
f 3104 3105 3028
f 3107 3029 3105
f 3104 3027 3101
f 3102 3099 3023
f 3100 3024 3099
f 3026 3100 3103
f 3101 3025 3103
f 3107 3106 3030
f 3032 3106 3109
f 3109 3033 3032
f 3137 3126 3053
f 3108 3034 3033
f 3135 3056 3061
f 3110 3061 3034
f 3130 3054 3057
f 3128 3060 3055
f 3129 3055 3054
f 3131 3057 3056
f 3134 3059 3058
f 3136 3067 3062
f 3132 3062 3059
f 3140 3065 3068
f 3138 3063 3066
f 3139 3066 3065
f 3141 3068 3067
f 3128 3058 3060
f 3129 3054 3130
f 3134 3058 3128
f 3129 3128 3055
f 3110 3034 3108
f 3131 3056 3135
f 3110 3135 3061
f 3130 3057 3131
f 3138 3066 3139
f 3138 3137 3064
f 3053 3064 3137
f 3139 3065 3140
f 3132 3059 3133
f 3141 3067 3136
f 3140 3068 3141
f 3132 3136 3062
f 3059 3134 3133
f 3063 3138 3064
f 3109 3108 3033
f 3044 3039 3071
f 3039 3038 3071
f 3143 3012 3146
f 3143 3035 3012
f 3143 3146 3018
f 3018 3142 3143
f 3144 3044 3071
f 3038 3070 3071
f 3038 3035 3070
f 3143 3070 3035
f 3071 3070 3143
f 3143 3074 3071
f 3073 3143 3072
f 3074 3143 3121
f 3073 3121 3143
f 3073 3072 3079
f 3147 3148 3149
f 3150 3151 3179
f 3152 3153 3179
f 3154 3219 3155
f 3156 3219 3157
f 3155 3219 3156
f 3147 3158 3159
f 3160 3219 3161
f 3162 3219 3163
f 3161 3219 3162
f 3157 3219 3160
f 3164 3165 3167
f 3165 3166 3167
f 3169 3147 3219
f 3170 3169 3219
f 3168 3170 3219
f 3171 3219 3172
f 3173 3219 3174
f 3172 3219 3173
f 3175 3219 3176
f 3177 3158 3147
f 3159 3148 3147
f 3174 3219 3175
f 3163 3219 3171
f 3178 3150 3179
f 3219 3178 3179
f 3181 3176 3219
f 3219 3182 3181
f 3219 3147 3182
f 3147 3149 3182
f 3219 3179 3167
f 3167 3179 3180
f 3180 3164 3167
f 3167 3168 3219
f 3179 3153 3180
f 3147 3183 3177
f 3185 3186 3219
f 3187 3188 3219
f 3186 3187 3219
f 3189 3190 3219
f 3188 3189 3219
f 3192 3185 3219
f 3192 3219 3193
f 3194 3219 3195
f 3193 3219 3194
f 3196 3219 3197
f 3198 3219 3199
f 3197 3219 3198
f 3195 3219 3196
f 3200 3185 3201
f 3204 3203 3207
f 3206 3205 3220
f 3208 3219 3209
f 3210 3219 3211
f 3209 3219 3210
f 3212 3219 3213
f 3192 3214 3185
f 3211 3219 3212
f 3199 3219 3208
f 3191 3202 3215
f 3219 3190 3215
f 3215 3218 3219
f 3216 3219 3154
f 3216 3213 3219
f 3214 3217 3185
f 3219 3218 3207
f 3218 3204 3207
f 3220 3219 3207
f 3220 3239 3178
f 3220 3178 3219
f 3201 3185 3217
f 3207 3206 3220
f 3221 3185 3200
f 3215 3202 3218
f 3222 3185 3221
f 3162 3223 3161
f 3154 3155 3224
f 3156 3157 3225
f 3155 3156 3226
f 3227 3162 3163
f 3228 3163 3171
f 3229 3172 3173
f 3230 3171 3172
f 3231 3174 3175
f 3232 3176 3181
f 3233 3175 3176
f 3234 3173 3174
f 3181 3182 3235
f 3157 3236 3225
f 3225 3226 3156
f 3237 3236 3160
f 3161 3237 3160
f 3224 3155 3226
f 3224 3238 3154
f 3157 3160 3236
f 3171 3230 3228
f 3234 3229 3173
f 3230 3172 3229
f 3233 3231 3175
f 3223 3237 3161
f 3162 3227 3223
f 3174 3231 3234
f 3228 3227 3163
f 3176 3232 3233
f 3235 3232 3181
f 3241 3147 3169
f 3242 3170 3168
f 3243 3169 3170
f 3245 3166 3165
f 3246 3167 3166
f 3244 3168 3167
f 3247 3164 3180
f 3248 3153 3152
f 3247 3180 3153
f 3249 3179 3151
f 3150 3178 3240
f 3152 3179 3249
f 3165 3164 3250
f 3251 3151 3150
f 3235 3182 3252
f 3243 3241 3169
f 3252 3147 3241
f 3244 3242 3168
f 3253 3244 3167
f 3246 3253 3167
f 3243 3170 3242
f 3246 3166 3245
f 3247 3153 3254
f 3165 3250 3245
f 3254 3153 3248
f 3251 3249 3151
f 3251 3150 3258
f 3152 3249 3248
f 3240 3258 3150
f 3164 3247 3250
f 3178 3239 3240
f 3252 3182 3147
f 3226 3225 3255
f 3255 3224 3226
f 3255 3236 3237
f 3225 3236 3255
f 3224 3255 3238
f 3255 3237 3223
f 3227 3228 3255
f 3256 3229 3234
f 3231 3256 3234
f 3230 3229 3255
f 3231 3233 3256
f 3233 3232 3256
f 3227 3255 3223
f 3255 3228 3230
f 3256 3255 3229
f 3256 3232 3235
f 3239 3258 3240
f 3243 3242 3256
f 3253 3242 3244
f 3256 3252 3241
f 3245 3253 3246
f 3256 3241 3243
f 3254 3250 3247
f 3254 3248 3249
f 3250 3254 3245
f 3258 3254 3251
f 3251 3254 3249
f 3256 3242 3253
f 3254 3253 3245
f 3252 3256 3235
f 3254 3258 3253
f 3255 3256 3184
f 3258 3256 3253
f 3256 3258 3257
f 3184 3256 3257
f 3259 3184 3257
f 3260 3261 3258
f 3262 3258 3263
f 3263 3258 3264
f 3265 3257 3266
f 3258 3261 3266
f 3258 3262 3260
f 3265 3267 3257
f 3268 3257 3269
f 3270 3257 3271
f 3268 3271 3257
f 3257 3272 3269
f 3273 3274 3257
f 3270 3275 3257
f 3267 3272 3257
f 3275 3273 3257
f 3264 3258 3239
f 3266 3257 3258
f 3184 3276 3277
f 3278 3259 3279
f 3279 3259 3280
f 3278 3276 3259
f 3277 3281 3184
f 3184 3281 3282
f 3283 3280 3259
f 3284 3285 3184
f 3286 3184 3287
f 3287 3184 3285
f 3288 3184 3286
f 3288 3289 3184
f 3289 3290 3184
f 3238 3184 3290
f 3184 3282 3284
f 3259 3257 3274
f 3276 3184 3259
f 3238 3255 3184
f 3259 3274 3283
f 3239 3220 3264
f 3205 3206 3262
f 3220 3205 3264
f 3207 3203 3260
f 3204 3218 3265
f 3203 3204 3266
f 3206 3207 3260
f 3202 3191 3272
f 3215 3190 3269
f 3191 3215 3269
f 3189 3188 3270
f 3187 3186 3273
f 3188 3187 3275
f 3190 3189 3271
f 3218 3202 3265
f 3262 3263 3205
f 3206 3260 3262
f 3261 3203 3266
f 3265 3266 3204
f 3203 3261 3260
f 3205 3263 3264
f 3267 3202 3272
f 3190 3268 3269
f 3269 3272 3191
f 3265 3202 3267
f 3268 3190 3271
f 3270 3188 3275
f 3275 3187 3273
f 3189 3270 3271
f 3274 3273 3186
f 3186 3185 3274
f 3192 3193 3280
f 3194 3195 3278
f 3193 3194 3279
f 3196 3197 3277
f 3198 3199 3282
f 3197 3198 3281
f 3195 3196 3276
f 3208 3209 3285
f 3210 3211 3286
f 3209 3210 3287
f 3212 3213 3289
f 3216 3154 3238
f 3213 3216 3290
f 3211 3212 3288
f 3199 3208 3284
f 3185 3283 3274
f 3280 3193 3279
f 3192 3280 3283
f 3278 3195 3276
f 3277 3197 3281
f 3196 3277 3276
f 3194 3278 3279
f 3287 3210 3286
f 3282 3281 3198
f 3238 3290 3216
f 3289 3213 3290
f 3199 3284 3282
f 3284 3208 3285
f 3286 3211 3288
f 3209 3287 3285
f 3288 3212 3289
f 3283 3185 3192
f 3292 3324 3293
f 3294 3295 3324
f 3291 3324 3292
f 3296 3293 3324
f 3297 3294 3324
f 3298 3299 3324
f 3300 3298 3324
f 3324 3301 3296
f 3302 3301 3324
f 3303 3304 3324
f 3305 3303 3324
f 3324 3306 3302
f 3307 3324 3304
f 3324 3307 3306
f 3299 3305 3324
f 3295 3300 3324
f 3309 3310 3324
f 3311 3312 3324
f 3310 3311 3324
f 3313 3309 3324
f 3313 3324 3314
f 3315 3324 3316
f 3314 3324 3315
f 3317 3318 3324
f 3319 3297 3324
f 3320 3319 3324
f 3318 3320 3324
f 3321 3324 3322
f 3316 3324 3321
f 3312 3317 3324
f 3323 3324 3291
f 3323 3322 3324
f 3313 3314 3325
f 3309 3313 3326
f 3315 3316 3327
f 3321 3322 3328
f 3316 3321 3329
f 3314 3315 3330
f 3325 3326 3313
f 3331 3309 3326
f 3327 3330 3315
f 3328 3329 3321
f 3332 3328 3322
f 3327 3316 3329
f 3325 3314 3330
f 3322 3323 3332
f 3304 3333 3334
f 3323 3291 3335
f 3292 3293 3336
f 3291 3292 3335
f 3296 3301 3337
f 3302 3306 3338
f 3301 3302 3339
f 3293 3296 3340
f 3335 3292 3336
f 3340 3296 3337
f 3293 3340 3336
f 3302 3338 3339
f 3339 3337 3301
f 3338 3306 3341
f 3334 3341 3307
f 3307 3304 3334
f 3341 3306 3307
f 3323 3335 3332
f 3308 3331 3326
f 3308 3326 3325
f 3308 3327 3329
f 3308 3329 3328
f 3308 3325 3330
f 3308 3330 3327
f 3308 3328 3332
f 3340 3342 3336
f 3337 3342 3340
f 3339 3342 3337
f 3335 3336 3342
f 3341 3343 3338
f 3343 3341 3334
f 3339 3338 3343
f 3308 3335 3342
f 3339 3343 3342
f 3334 3333 3343
f 3335 3308 3332
f 3343 3344 3342
f 3333 3345 3343
f 3343 3345 3346
f 3347 3348 3344
f 3344 3348 3349
f 3347 3344 3350
f 3343 3346 3350
f 3349 3351 3344
f 3344 3351 3352
f 3343 3350 3344
f 3354 3344 3353
f 3344 3354 3355
f 3344 3352 3353
f 3356 3342 3357
f 3358 3342 3356
f 3359 3357 3342
f 3308 3342 3358
f 3308 3358 3331
f 3342 3355 3359
f 3344 3355 3342
f 3304 3303 3333
f 3305 3299 3346
f 3303 3305 3345
f 3298 3300 3347
f 3295 3294 3349
f 3300 3295 3348
f 3299 3298 3350
f 3333 3303 3345
f 3346 3299 3350
f 3305 3346 3345
f 3300 3348 3347
f 3347 3350 3298
f 3348 3295 3349
f 3349 3294 3351
f 3297 3352 3351
f 3294 3297 3351
f 3319 3320 3354
f 3318 3317 3359
f 3320 3318 3355
f 3312 3311 3356
f 3310 3309 3331
f 3311 3310 3358
f 3317 3312 3357
f 3352 3297 3353
f 3355 3354 3320
f 3353 3319 3354
f 3357 3359 3317
f 3358 3356 3311
f 3331 3358 3310
f 3357 3312 3356
f 3355 3318 3359
f 3353 3297 3319
f 3460 3474 3461
f 3461 3474 3373
f 3629 3781 3517
f 3360 3629 3517
f 3462 3382 3400
f 3404 3363 3649
f 3404 3364 3365
f 3731 3374 3732
f 3362 3477 3366
f 3404 3365 3363
f 3735 3734 3384
f 3478 3734 3366
f 3370 3371 3491
f 3405 3644 3738
f 3644 3491 3372
f 3654 3466 3368
f 3371 3372 3491
f 3370 3491 3654
f 3737 3643 3386
f 3458 3739 3369
f 3373 3474 3475
f 3475 3374 3731
f 3400 3732 3475
f 3374 3475 3732
f 3382 3375 3400
f 3462 3361 3376
f 3462 3377 3378
f 3381 3402 3383
f 3462 3378 3382
f 3361 3462 3401
f 3379 3402 3381
f 3377 3462 3376
f 3649 3733 3401
f 3731 3373 3475
f 3401 3404 3649
f 3367 3364 3404
f 3402 3380 3383
f 3477 3362 3402
f 3478 3366 3477
f 3384 3734 3478
f 3367 3402 3379
f 3735 3384 3479
f 3385 3736 3480
f 3479 3736 3735
f 3479 3480 3736
f 3480 3643 3385
f 3406 3458 3369
f 3561 3739 3458
f 3643 3480 3386
f 3386 3738 3737
f 3405 3738 3386
f 3491 3644 3405
f 3491 3466 3654
f 3466 3406 3368
f 3387 3741 3575
f 3388 3389 3575
f 3575 3389 3387
f 3390 3388 3575
f 3501 3393 3392
f 3749 3394 3408
f 3409 3653 3740
f 3494 3661 3409
f 3745 3744 3391
f 3391 3744 3655
f 3745 3397 3746
f 3575 3396 3390
f 3575 3741 3495
f 3471 3407 3743
f 3471 3742 3575
f 3391 3655 3496
f 3500 3397 3745
f 3500 3745 3391
f 3407 3496 3655
f 3397 3747 3746
f 3397 3398 3747
f 3398 3392 3747
f 3395 3408 3394
f 3408 3581 3749
f 3501 3392 3398
f 3501 3502 3393
f 3502 3395 3748
f 3641 3664 3410
f 3742 3396 3575
f 3740 3459 3409
f 3367 3404 3402
f 3403 3477 3402
f 3386 3480 3481
f 3400 3475 3476
f 3468 3409 3459
f 3411 3412 3509
f 3413 3665 3509
f 3625 3753 3450
f 3509 3412 3413
f 3509 3414 3411
f 3758 3666 3521
f 3419 3762 3421
f 3421 3694 3419
f 3417 3761 3420
f 3580 3447 3665
f 3509 3423 3414
f 3509 3665 3447
f 3505 3752 3509
f 3521 3756 3415
f 3760 3451 3416
f 3756 3754 3415
f 3758 3521 3695
f 3752 3423 3509
f 3505 3450 3753
f 3415 3754 3450
f 3666 3756 3521
f 3522 3760 3759
f 3451 3420 3416
f 3522 3451 3760
f 3521 3522 3695
f 3417 3420 3451
f 3525 3761 3417
f 3421 3762 3525
f 3764 3529 3765
f 3531 3763 3526
f 3529 3764 3531
f 3514 3765 3529
f 3514 3511 3422
f 3511 3766 3422
f 3514 3422 3765
f 3522 3759 3695
f 3641 3447 3751
f 3512 3766 3511
f 3512 3426 3427
f 3426 3512 3428
f 3512 3707 3428
f 3513 3768 3707
f 3512 3427 3767
f 3698 3448 3697
f 3767 3766 3512
f 3535 3770 3697
f 3710 3699 3536
f 3429 3771 3710
f 3771 3537 3431
f 3512 3513 3707
f 3513 3448 3768
f 3698 3768 3448
f 3448 3449 3697
f 3536 3699 3770
f 3535 3536 3770
f 3429 3537 3771
f 3536 3429 3710
f 3449 3535 3697
f 3455 3470 3430
f 3455 3430 3772
f 3432 3431 3515
f 3773 3424 3774
f 3723 3516 3776
f 3551 3723 3434
f 3435 3436 3551
f 3552 3437 3438
f 3457 3425 3442
f 3775 3551 3436
f 3552 3777 3439
f 3552 3440 3441
f 3552 3439 3443
f 3717 3774 3549
f 3716 3432 3454
f 3433 3717 3550
f 3779 3714 3554
f 3777 3553 3778
f 3552 3444 3445
f 3444 3552 3446
f 3443 3446 3552
f 3551 3434 3435
f 3552 3445 3440
f 3441 3437 3552
f 3779 3457 3442
f 3775 3433 3456
f 3515 3431 3537
f 3515 3454 3432
f 3454 3455 3772
f 3455 3453 3470
f 3543 3424 3718
f 3424 3773 3718
f 3549 3550 3717
f 3456 3551 3775
f 3550 3456 3433
f 3551 3516 3723
f 3516 3552 3438
f 3552 3553 3777
f 3553 3714 3778
f 3553 3554 3714
f 3554 3457 3779
f 3457 3517 3780
f 3517 3781 3780
f 3457 3780 3425
f 3424 3549 3774
f 3462 3400 3476
f 3402 3404 3403
f 3403 3589 3477
f 3474 3460 3475
f 3476 3475 3822
f 3401 3462 3556
f 3477 3589 3820
f 3384 3478 3818
f 3384 3464 3465
f 3384 3817 3479
f 3479 3564 3480
f 3480 3591 3481
f 3481 3816 3386
f 3588 3815 3386
f 3386 3631 3405
f 3405 3467 3491
f 3466 3491 3566
f 3459 3561 3813
f 3406 3469 3458
f 3386 3816 3588
f 3397 3472 3398
f 3473 3415 3450
f 3415 3473 3510
f 3543 3470 3453
f 3461 3822 3475
f 3476 3562 3463
f 3822 3562 3476
f 3462 3821 3582
f 3463 3462 3476
f 3404 3401 3556
f 3404 3556 3583
f 3404 3583 3563
f 3582 3556 3462
f 3404 3563 3403
f 3403 3563 3589
f 3645 3384 3465
f 3384 3818 3464
f 3817 3384 3645
f 3591 3816 3481
f 3386 3815 3631
f 3491 3467 3565
f 3405 3631 3467
f 3477 3820 3478
f 3482 3468 3459
f 3468 3483 3484
f 3812 3409 3567
f 3567 3468 3487
f 3567 3409 3468
f 3494 3489 3811
f 3494 3409 3489
f 3495 3494 3811
f 3489 3409 3490
f 3810 3575 3495
f 3471 3575 3809
f 3407 3471 3573
f 3466 3566 3634
f 3466 3814 3406
f 3458 3469 3492
f 3458 3492 3560
f 3407 3572 3496
f 3459 3813 3635
f 3482 3483 3468
f 3635 3485 3459
f 3485 3482 3459
f 3484 3487 3468
f 3483 3482 3484
f 3486 3493 3409
f 3493 3490 3409
f 3486 3409 3812
f 3491 3565 3566
f 3463 3821 3462
f 3819 3818 3478
f 3819 3478 3820
f 3460 3461 3475
f 3406 3814 3469
f 3564 3479 3817
f 3574 3495 3811
f 3810 3495 3574
f 3493 3486 3490
f 3488 3489 3490
f 3638 3471 3809
f 3573 3471 3638
f 3488 3811 3489
f 3572 3407 3573
f 3572 3570 3496
f 3807 3500 3391
f 3806 3397 3500
f 3498 3398 3472
f 3472 3397 3806
f 3499 3398 3593
f 3805 3501 3668
f 3639 3806 3500
f 3498 3593 3398
f 3499 3668 3501
f 3501 3805 3502
f 3398 3499 3501
f 3578 3408 3395
f 3578 3581 3408
f 3410 3581 3804
f 3803 3447 3641
f 3641 3410 3503
f 3504 3447 3580
f 3509 3447 3504
f 3580 3447 3803
f 3450 3505 3802
f 3801 3473 3450
f 3415 3510 3800
f 3800 3521 3415
f 3510 3473 3507
f 3579 3395 3502
f 3497 3807 3391
f 3497 3391 3570
f 3594 3410 3804
f 3503 3410 3594
f 3803 3641 3503
f 3395 3579 3578
f 3601 3505 3509
f 3601 3509 3595
f 3504 3595 3509
f 3507 3473 3506
f 3596 3521 3508
f 3521 3800 3508
f 3801 3450 3802
f 3507 3800 3510
f 3801 3506 3473
f 3391 3496 3570
f 3452 3525 3417
f 3531 3534 3529
f 3417 3451 3524
f 3616 3429 3536
f 3542 3543 3453
f 3424 3548 3549
f 3603 3522 3521
f 3598 3522 3597
f 3598 3602 3451
f 3799 3451 3602
f 3520 3677 3524
f 3605 3452 3524
f 3417 3524 3452
f 3798 3421 3525
f 3526 3421 3797
f 3603 3521 3596
f 3603 3597 3522
f 3451 3519 3524
f 3523 3520 3524
f 3519 3523 3524
f 3598 3451 3522
f 3677 3605 3524
f 3452 3798 3525
f 3797 3674 3526
f 3531 3526 3599
f 3528 3529 3534
f 3514 3529 3606
f 3534 3531 3607
f 3600 3511 3514
f 3600 3512 3511
f 3796 3513 3512
f 3796 3448 3513
f 3599 3526 3674
f 3449 3448 3611
f 3535 3449 3795
f 3794 3616 3536
f 3532 3429 3616
f 3793 3537 3429
f 3599 3527 3531
f 3797 3421 3798
f 3607 3528 3534
f 3606 3529 3528
f 3520 3523 3519
f 3451 3799 3519
f 3605 3604 3452
f 3607 3531 3527
f 3512 3600 3682
f 3796 3512 3682
f 3429 3532 3533
f 3796 3530 3448
f 3611 3448 3530
f 3535 3614 3536
f 3793 3429 3533
f 3793 3533 3532
f 3449 3611 3795
f 3614 3535 3795
f 3792 3537 3715
f 3515 3537 3792
f 3791 3455 3454
f 3790 3453 3455
f 3789 3542 3453
f 3788 3543 3542
f 3788 3424 3543
f 3615 3548 3424
f 3792 3688 3515
f 3688 3538 3515
f 3538 3454 3515
f 3538 3626 3454
f 3791 3454 3626
f 3542 3539 3541
f 3541 3540 3542
f 3540 3788 3542
f 3549 3548 3545
f 3787 3550 3549
f 3786 3456 3550
f 3551 3456 3785
f 3517 3457 3518
f 3618 3516 3551
f 3784 3553 3552
f 3552 3516 3617
f 3782 3555 3554
f 3457 3554 3555
f 3620 3457 3555
f 3621 3518 3457
f 3549 3545 3544
f 3787 3549 3544
f 3615 3545 3548
f 3790 3789 3453
f 3790 3455 3791
f 3542 3789 3539
f 3787 3544 3545
f 3615 3424 3788
f 3783 3554 3553
f 3457 3620 3547
f 3547 3621 3457
f 3546 3517 3518
f 3553 3784 3783
f 3784 3552 3617
f 3618 3619 3516
f 3620 3621 3547
f 3517 3546 3360
f 3715 3537 3793
f 3526 3694 3421
f 3526 3418 3694
f 3475 3461 3460
f 3460 3461 3475
f 3562 3822 3461
f 3821 3463 3462
f 3462 3463 3562
f 3818 3645 3464
f 3464 3557 3465
f 3645 3465 3557
f 3564 3591 3480
f 3591 3481 3816
f 3481 3591 3816
f 3492 3469 3558
f 3482 3485 3559
f 3469 3814 3406
f 3406 3814 3560
f 3558 3560 3492
f 3560 3469 3406
f 3469 3560 3558
f 3483 3482 3635
f 3559 3635 3482
f 3485 3635 3559
f 3583 3584 3563
f 3462 3562 3821
f 3582 3821 3562
f 3583 3556 3582
f 3557 3464 3645
f 3645 3586 3817
f 3591 3564 3587
f 3816 3591 3588
f 3588 3631 3815
f 3560 3814 3466
f 3561 3635 3813
f 3561 3458 3560
f 3487 3483 3571
f 3486 3812 3568
f 3490 3486 3493
f 3812 3571 3568
f 3571 3486 3568
f 3486 3571 3493
f 3488 3592 3489
f 3489 3811 3488
f 3490 3493 3571
f 3490 3571 3488
f 3487 3482 3483
f 3572 3569 3496
f 3572 3496 3570
f 3497 3570 3569
f 3806 3639 3472
f 3593 3498 3472
f 3640 3578 3395
f 3579 3395 3578
f 3641 3803 3503
f 3503 3594 3641
f 3487 3571 3567
f 3567 3571 3812
f 3592 3488 3571
f 3811 3489 3592
f 3574 3811 3592
f 3575 3810 3574
f 3569 3570 3496
f 3577 3807 3569
f 3500 3807 3577
f 3593 3472 3639
f 3640 3395 3579
f 3594 3804 3399
f 3803 3641 3594
f 3580 3803 3594
f 3483 3635 3571
f 3582 3562 3585
f 3634 3560 3466
f 3577 3639 3500
f 3575 3574 3637
f 3595 3504 3509
f 3504 3595 3509
f 3601 3636 3505
f 3636 3802 3505
f 3506 3473 3507
f 3507 3642 3800
f 3597 3603 3596
f 3604 3679 3452
f 3534 3528 3607
f 3798 3452 3679
f 3798 3679 3680
f 3676 3528 3534
f 3528 3676 3529
f 3529 3606 3528
f 3607 3676 3534
f 3606 3678 3514
f 3608 3681 3514
f 3580 3595 3504
f 3625 3623 3801
f 3642 3507 3473
f 3642 3672 3800
f 3672 3596 3508
f 3602 3598 3597
f 3679 3604 3677
f 3608 3514 3678
f 3514 3681 3600
f 3680 3673 3797
f 3624 3599 3674
f 3624 3527 3599
f 3676 3607 3624
f 3606 3529 3676
f 3676 3678 3606
f 3681 3608 3678
f 3536 3614 3535
f 3530 3448 3611
f 3796 3448 3530
f 3609 3530 3448
f 3530 3683 3448
f 3611 3448 3683
f 3614 3536 3535
f 3533 3793 3532
f 3532 3616 3533
f 3542 3788 3540
f 3548 3545 3615
f 3539 3612 3540
f 3539 3627 3612
f 3627 3542 3540
f 3612 3627 3540
f 3627 3788 3542
f 3615 3687 3548
f 3787 3545 3544
f 3687 3545 3548
f 3545 3687 3544
f 3787 3687 3550
f 3682 3609 3796
f 3448 3796 3609
f 3683 3530 3609
f 3610 3795 3611
f 3610 3611 3683
f 3610 3536 3795
f 3536 3675 3794
f 3616 3794 3675
f 3793 3533 3616
f 3715 3793 3616
f 3456 3786 3722
f 3785 3691 3551
f 3619 3692 3516
f 3617 3686 3784
f 3516 3692 3617
f 3554 3783 3628
f 3622 3782 3554
f 3555 3782 3622
f 3555 3622 3620
f 3620 3713 3547
f 3518 3621 3713
f 3547 3621 3620
f 3629 3360 3546
f 3715 3688 3792
f 3473 3623 3642
f 3613 3684 3790
f 3627 3539 3789
f 3685 3687 3615
f 3687 3787 3544
f 3550 3687 3786
f 3456 3722 3785
f 3692 3686 3617
f 3551 3691 3618
f 3628 3622 3554
f 3622 3713 3620
f 3713 3629 3546
f 3518 3713 3546
f 3713 3621 3547
f 3582 3585 3630
f 3630 3585 3378
f 3562 3375 3585
f 3630 3733 3582
f 3583 3363 3584
f 3366 3590 3589
f 3591 3587 3736
f 3734 3645 3590
f 3631 3588 3738
f 3565 3654 3634
f 3368 3560 3634
f 3739 3561 3560
f 3591 3737 3588
f 3638 3575 3637
f 3580 3594 3641
f 3732 3400 3562
f 3562 3400 3375
f 3375 3632 3585
f 3589 3646 3366
f 3582 3647 3649
f 3584 3648 3364
f 3737 3650 3588
f 3630 3651 3376
f 3630 3378 3651
f 3630 3376 3652
f 3630 3652 3361
f 3361 3401 3630
f 3401 3733 3630
f 3733 3647 3582
f 3585 3632 3378
f 3635 3561 3740
f 3571 3635 3653
f 3592 3571 3409
f 3592 3661 3574
f 3369 3560 3406
f 3637 3387 3656
f 3571 3653 3409
f 3363 3648 3584
f 3367 3379 3584
f 3584 3364 3367
f 3584 3381 3633
f 3633 3589 3584
f 3380 3589 3633
f 3381 3584 3657
f 3584 3379 3657
f 3646 3589 3362
f 3589 3402 3362
f 3589 3380 3402
f 3376 3651 3378
f 3381 3380 3633
f 3361 3652 3376
f 3657 3379 3381
f 3588 3650 3738
f 3733 3649 3647
f 3648 3363 3364
f 3366 3646 3362
f 3734 3590 3366
f 3735 3645 3734
f 3737 3738 3650
f 3375 3378 3632
f 3658 3370 3565
f 3565 3372 3658
f 3738 3644 3631
f 3658 3372 3370
f 3634 3654 3659
f 3659 3368 3634
f 3368 3406 3560
f 3739 3560 3660
f 3560 3369 3660
f 3740 3561 3459
f 3574 3661 3494
f 3661 3592 3409
f 3495 3741 3574
f 3495 3574 3494
f 3388 3637 3656
f 3637 3388 3662
f 3396 3637 3662
f 3660 3369 3739
f 3368 3659 3654
f 3387 3388 3656
f 3662 3388 3396
f 3638 3742 3471
f 3743 3638 3471
f 3655 3576 3407
f 3407 3576 3743
f 3746 3593 3639
f 3745 3639 3577
f 3748 3640 3502
f 3749 3581 3640
f 3581 3750 3399
f 3664 3594 3399
f 3751 3580 3641
f 3595 3752 3636
f 3623 3625 3754
f 3666 3672 3642
f 3593 3746 3667
f 3667 3747 3593
f 3593 3747 3392
f 3668 3392 3393
f 3747 3667 3746
f 3748 3395 3640
f 3640 3669 3749
f 3394 3669 3640
f 3640 3395 3394
f 3394 3749 3669
f 3750 3581 3410
f 3410 3399 3750
f 3594 3664 3641
f 3410 3664 3399
f 3447 3580 3751
f 3595 3413 3670
f 3413 3411 3670
f 3595 3411 3671
f 3595 3670 3411
f 3671 3423 3595
f 3636 3752 3505
f 3636 3505 3753
f 3671 3411 3423
f 3625 3450 3754
f 3682 3708 3609
f 3675 3536 3610
f 3715 3616 3675
f 3626 3689 3613
f 3597 3596 3695
f 3679 3762 3680
f 3693 3680 3762
f 3673 3680 3694
f 3418 3674 3673
f 3416 3602 3597
f 3764 3676 3624
f 3672 3758 3596
f 3678 3676 3765
f 3422 3681 3678
f 3708 3768 3609
f 3610 3683 3697
f 3675 3610 3770
f 3771 3715 3675
f 3597 3700 3760
f 3759 3700 3597
f 3416 3701 3602
f 3624 3763 3531
f 3701 3420 3602
f 3679 3525 3762
f 3693 3419 3702
f 3680 3419 3703
f 3680 3702 3419
f 3680 3703 3694
f 3679 3761 3525
f 3701 3416 3420
f 3677 3420 3761
f 3760 3700 3759
f 3419 3694 3703
f 3674 3418 3526
f 3763 3624 3526
f 3624 3674 3526
f 3531 3764 3624
f 3678 3704 3422
f 3765 3704 3678
f 3422 3705 3681
f 3682 3706 3428
f 3427 3706 3682
f 3705 3766 3681
f 3705 3422 3766
f 3706 3427 3428
f 3422 3704 3765
f 3768 3708 3707
f 3675 3709 3771
f 3710 3771 3709
f 3710 3709 3675
f 3715 3431 3688
f 3613 3772 3684
f 3711 3684 3772
f 3627 3684 3470
f 3685 3627 3718
f 3718 3773 3685
f 3716 3613 3689
f 3774 3687 3685
f 3775 3691 3722
f 3686 3692 3777
f 3780 3629 3713
f 3613 3716 3454
f 3684 3719 3430
f 3684 3430 3720
f 3684 3720 3470
f 3430 3719 3711
f 3454 3772 3613
f 3470 3543 3627
f 3543 3718 3627
f 3688 3431 3432
f 3431 3715 3771
f 3720 3430 3470
f 3721 3687 3717
f 3687 3721 3433
f 3721 3717 3433
f 3691 3724 3434
f 3436 3724 3691
f 3692 3725 3445
f 3692 3776 3516
f 3438 3726 3692
f 3725 3692 3441
f 3692 3726 3441
f 3692 3445 3727
f 3446 3692 3727
f 3516 3438 3692
f 3728 3692 3446
f 3692 3439 3777
f 3441 3726 3438
f 3724 3436 3434
f 3690 3723 3776
f 3775 3722 3433
f 3439 3728 3446
f 3445 3446 3727
f 3439 3692 3728
f 3441 3445 3725
f 3779 3729 3622
f 3622 3729 3442
f 3779 3442 3729
f 3730 3713 3425
f 3713 3730 3780
f 3730 3425 3780
f 3461 3373 3731
f 3461 3731 3732
f 3461 3732 3562
f 3582 3649 3583
f 3363 3583 3649
f 3645 3735 3586
f 3586 3735 3587
f 3587 3735 3736
f 3385 3591 3736
f 3591 3385 3643
f 3591 3643 3737
f 3631 3644 3565
f 3372 3565 3644
f 3565 3370 3654
f 3653 3635 3740
f 3574 3741 3637
f 3387 3637 3741
f 3637 3396 3742
f 3637 3742 3638
f 3638 3743 3576
f 3576 3655 3569
f 3569 3655 3663
f 3744 3569 3663
f 3569 3744 3577
f 3745 3577 3744
f 3639 3745 3746
f 3593 3392 3668
f 3668 3393 3502
f 3580 3665 3595
f 3413 3595 3665
f 3595 3423 3752
f 3636 3753 3625
f 3623 3754 3642
f 3642 3754 3755
f 3642 3755 3756
f 3666 3642 3756
f 3758 3672 3757
f 3672 3666 3757
f 3596 3758 3695
f 3695 3759 3597
f 3416 3597 3760
f 3602 3420 3677
f 3677 3761 3679
f 3680 3693 3702
f 3673 3694 3418
f 3765 3676 3696
f 3676 3764 3696
f 3681 3766 3767
f 3681 3767 3682
f 3427 3682 3767
f 3682 3428 3707
f 3682 3707 3708
f 3698 3609 3768
f 3609 3698 3683
f 3683 3698 3697
f 3770 3610 3769
f 3610 3697 3769
f 3675 3770 3699
f 3675 3699 3710
f 3716 3688 3432
f 3688 3716 3689
f 3684 3711 3719
f 3685 3773 3774
f 3717 3687 3712
f 3687 3774 3712
f 3687 3433 3722
f 3436 3691 3775
f 3691 3434 3723
f 3691 3723 3690
f 3690 3776 3692
f 3686 3777 3628
f 3628 3777 3778
f 3628 3714 3622
f 3628 3778 3714
f 3714 3779 3622
f 3622 3442 3713
f 3425 3713 3442
f 3781 3629 3780
f 3628 3784 3686
f 3628 3783 3784
f 3692 3619 3690
f 3690 3619 3618
f 3690 3618 3691
f 3691 3785 3722
f 3722 3786 3687
f 3685 3615 3788
f 3685 3788 3627
f 3627 3789 3684
f 3684 3789 3790
f 3613 3790 3626
f 3626 3790 3791
f 3626 3538 3689
f 3689 3538 3688
f 3536 3614 3795
f 3682 3600 3681
f 3624 3607 3527
f 3674 3797 3673
f 3798 3680 3797
f 3677 3604 3605
f 3677 3520 3519
f 3677 3519 3799
f 3677 3799 3602
f 3672 3508 3800
f 3473 3506 3623
f 3801 3623 3506
f 3802 3625 3801
f 3625 3802 3636
f 3636 3601 3595
f 3399 3804 3581
f 3581 3578 3640
f 3640 3579 3502
f 3502 3805 3668
f 3668 3499 3593
f 3497 3569 3807
f 3569 3572 3576
f 3576 3572 3808
f 3573 3576 3808
f 3576 3573 3638
f 3638 3809 3575
f 3634 3566 3565
f 3565 3467 3631
f 3587 3817 3586
f 3564 3817 3587
f 3645 3818 3590
f 3590 3818 3819
f 3820 3590 3819
f 3590 3820 3589
f 3589 3563 3584
f 4032 4290 3923
f 4032 3923 3834
f 4075 4247 3995
f 3996 4075 3995
f 3913 3843 3864
f 3924 3824 4098
f 3924 3828 3829
f 4191 4190 3835
f 3824 3924 3829
f 3825 3827 3826
f 4194 4193 3848
f 3847 4193 4113
f 4113 3828 3924
f 3831 3832 3935
f 4034 4199 4087
f 4199 3935 3833
f 4197 3927 4198
f 4200 3868 4201
f 3869 4201 3868
f 3832 3833 3935
f 3831 3935 4200
f 4038 4108 3830
f 3834 3923 4190
f 3923 3835 4190
f 3864 4191 3845
f 3835 3845 4191
f 3843 3836 3864
f 3913 3823 3837
f 3913 3838 3839
f 3842 3846 3844
f 3913 3839 3843
f 3823 3913 3865
f 3840 3846 3842
f 3866 4192 3865
f 3838 3913 3837
f 3826 4192 3866
f 3825 3826 3866
f 3846 3841 3844
f 3924 4098 3846
f 3847 4113 3924
f 3848 4193 3847
f 3825 3846 3840
f 4194 3848 3925
f 4099 4196 3926
f 3925 4195 4194
f 3925 4196 4195
f 3925 3926 4196
f 3926 4197 4099
f 3869 4038 3830
f 4038 4202 4108
f 4007 4202 4038
f 4197 3926 3927
f 3927 4087 4198
f 3927 3849 4087
f 4034 4087 3849
f 3935 4199 4034
f 3935 3868 4200
f 3850 4204 3851
f 3852 3853 3851
f 3851 3853 3850
f 3854 3852 3851
f 3855 4209 4208
f 3944 3857 3856
f 4213 3858 3859
f 4109 3867 3938
f 3867 4109 4203
f 3939 4118 3938
f 3941 4207 4206
f 4209 3855 4210
f 3851 3860 3854
f 3851 4204 3939
f 4092 3940 4205
f 4092 4111 3851
f 3941 3943 4207
f 3855 4208 3943
f 4208 4207 3943
f 3940 3941 4206
f 4210 3855 4126
f 4126 4211 4210
f 4126 3861 4211
f 3861 3944 3856
f 3861 3856 4211
f 3863 4214 4213
f 3944 3870 3857
f 3859 3863 4213
f 3870 3859 4212
f 3946 4121 3954
f 4111 3860 3851
f 4203 3912 3867
f 3866 3846 3825
f 3866 3911 3846
f 3920 3867 3912
f 3871 3872 3955
f 3873 4123 3955
f 4072 4218 3907
f 3955 3872 3873
f 3955 3874 3871
f 4222 4125 3967
f 3878 4226 3957
f 3957 4153 3878
f 3877 4225 4224
f 4026 3906 4123
f 3955 3880 3874
f 3955 4123 3906
f 3949 4217 3955
f 3967 4124 3875
f 3907 4219 4122
f 4124 4220 3875
f 4222 3967 4154
f 4217 3880 3955
f 3949 3907 4218
f 3875 4220 4219
f 3875 4219 3907
f 4125 4124 3967
f 3968 3876 4223
f 3969 4224 3876
f 3968 3969 3876
f 3967 3968 4154
f 3877 4224 3969
f 3877 3966 4225
f 3957 4226 3966
f 3957 3970 4153
f 3977 4228 3974
f 3972 4229 3977
f 3960 4230 3972
f 4230 4229 3972
f 3960 3979 3879
f 3979 4231 3879
f 3960 3879 4230
f 3968 4223 4154
f 3946 3906 4216
f 3958 4231 3979
f 4157 4236 3983
f 3958 3883 3884
f 3883 3958 3885
f 3958 4155 3885
f 3886 4232 3959
f 3959 4166 3886
f 3958 3884 4231
f 4166 3908 4233
f 3959 4232 4155
f 4168 4158 3984
f 3983 4236 4235
f 4158 4157 3984
f 3984 4237 4168
f 4237 3985 4174
f 3981 4235 4234
f 3958 3959 4155
f 3959 3908 4166
f 4234 4233 3981
f 3908 3981 4233
f 3983 3984 4157
f 3984 3985 4237
f 3981 3983 4235
f 3910 4239 3887
f 3910 3887 4238
f 3889 3890 3962
f 3891 3889 3962
f 3961 3888 3891
f 4240 3881 4241
f 4174 3962 3890
f 3893 3963 4243
f 4001 3896 3897
f 3997 3882 4172
f 4001 4244 3898
f 4001 3899 3900
f 4001 3898 3902
f 4176 4241 3998
f 3892 4176 3999
f 4001 3903 3904
f 3903 4001 3905
f 3902 3905 4001
f 3993 3893 3895
f 4001 3904 3899
f 3900 3896 4001
f 4246 3997 4172
f 4242 3892 4000
f 3962 4174 3985
f 4137 3984 3983
f 3962 3961 3891
f 3961 3910 4238
f 3910 3909 4239
f 3990 3881 4177
f 3881 4240 4177
f 3998 3999 4176
f 3993 3895 4242
f 4000 3993 4242
f 3999 4000 3892
f 3963 3894 4243
f 3894 4001 3897
f 3964 4245 4244
f 4001 3964 4244
f 3993 3963 3893
f 3964 3901 4245
f 3901 4246 4245
f 3901 4002 4246
f 4002 3997 4246
f 3997 3965 3882
f 3965 3995 4247
f 3965 4247 3882
f 3881 3998 4241
f 3913 3864 3845
f 3913 3866 3865
f 3846 3911 3924
f 3849 3927 4004
f 3923 4008 3835
f 3845 3835 4289
f 3866 3913 4010
f 3866 4011 3911
f 3848 3847 3918
f 3848 3916 3917
f 3925 3848 4287
f 3925 4286 3926
f 3926 4285 3927
f 4004 4284 3849
f 3849 4284 4034
f 4034 3919 3935
f 3868 3935 4013
f 3869 3868 3936
f 3912 4007 4283
f 3869 3921 4038
f 3927 4285 4004
f 3922 3875 3907
f 3875 3922 3956
f 3990 4239 3909
f 3835 4008 4032
f 3845 4009 3915
f 4289 4009 3845
f 3913 3914 4029
f 3915 3913 3845
f 4029 4010 3913
f 3911 4011 3924
f 3924 4011 4031
f 4031 4012 3924
f 4036 3848 3917
f 3848 3918 3916
f 4287 3848 4036
f 4080 4285 3926
f 3935 3919 4035
f 3924 4012 3847
f 3928 3920 3912
f 3920 3929 3930
f 3938 3867 4282
f 3867 3920 3933
f 3939 3938 4281
f 4280 3851 3939
f 4092 3851 4279
f 3940 4092 4021
f 3868 4013 4086
f 4038 3921 3937
f 3940 4020 3941
f 3912 4283 4088
f 3928 3929 3920
f 4088 3931 3912
f 3931 3928 3912
f 3930 3933 3920
f 3929 3928 3930
f 3932 3938 4282
f 3935 4035 4013
f 4032 4289 3835
f 3915 3914 3913
f 4288 3866 4010
f 3918 3847 4012
f 3869 3936 3921
f 3923 4290 4008
f 4286 3925 4287
f 4090 3939 4281
f 4280 3939 4090
f 4091 3851 4280
f 3938 3932 3934
f 3851 4091 4279
f 3934 4281 3938
f 4020 3940 4023
f 4023 3940 4021
f 4020 4016 3941
f 3943 3941 4016
f 4017 3855 3943
f 4126 3855 4277
f 4276 3861 4126
f 3942 3861 4127
f 3944 3861 3942
f 4024 3944 4094
f 4276 4127 3861
f 3942 4094 3944
f 3945 4018 3870
f 3944 4024 3870
f 4275 3863 3859
f 4025 3906 3946
f 3946 3954 3947
f 3948 3906 4026
f 3955 3906 3948
f 4026 3906 4025
f 3954 4028 4027
f 4275 3950 3863
f 3907 3949 4274
f 4273 3922 3907
f 3875 3956 4272
f 4272 3967 3875
f 3956 3922 3952
f 4018 3859 3870
f 4028 3863 3950
f 4016 4017 3943
f 4042 3954 4027
f 3947 3954 4042
f 4025 3946 3947
f 3870 4024 3945
f 3859 4018 4275
f 4047 3949 3955
f 4047 3955 4044
f 3948 4044 3955
f 3952 3922 3951
f 4045 3967 3953
f 3967 4272 3953
f 4273 3907 4274
f 3952 4272 3956
f 4273 3951 3922
f 3972 3977 3978
f 3980 3981 3908
f 3981 3982 3983
f 3984 4071 3976
f 3989 3990 3909
f 3976 3985 3984
f 4048 3968 3967
f 4271 3968 4134
f 4049 4133 3877
f 4050 3966 3877
f 4270 3957 3966
f 3970 3957 4269
f 4048 3967 4045
f 4048 4134 3968
f 3969 4049 3877
f 4271 3969 3968
f 4133 4050 3877
f 3974 3970 4268
f 3971 3972 3978
f 3978 3977 4266
f 3960 3972 4052
f 4264 3958 3979
f 3981 3980 4056
f 3974 4267 3977
f 4069 3908 3959
f 4261 3982 3981
f 4137 3983 4061
f 3983 3982 4061
f 4260 4071 3984
f 3984 4137 4260
f 3975 3976 4071
f 4259 3985 3976
f 4268 4267 3974
f 4269 3957 4270
f 3966 4051 4270
f 4266 3971 3978
f 4052 3972 3971
f 3960 4265 3979
f 4266 3977 4267
f 4069 3959 3958
f 3908 4262 3980
f 3908 4069 4262
f 4262 3973 3980
f 4056 3980 3973
f 4061 3982 4261
f 4259 3976 3975
f 3981 4056 4261
f 4258 3985 4144
f 3962 3985 4258
f 4058 3910 3961
f 4060 3909 3910
f 4060 3989 3909
f 4256 3990 3989
f 4255 3881 3990
f 4258 4147 3962
f 4147 4257 3962
f 4257 3961 3962
f 4257 4148 3961
f 4058 3961 4148
f 3989 3986 3988
f 3988 3987 3989
f 3987 4256 3989
f 3998 3881 3992
f 4253 3999 3998
f 4252 4000 3999
f 4251 4000 4150
f 3993 4000 4251
f 4063 3963 3993
f 3894 3963 4250
f 4250 4001 3894
f 3994 3964 4001
f 4249 3901 3964
f 4248 3997 4002
f 4067 3965 3997
f 3998 3992 3991
f 4256 4255 3990
f 4254 3998 3991
f 4255 3992 3881
f 4000 4252 4150
f 4251 4149 3993
f 4063 3993 4149
f 3910 4058 4060
f 3989 4060 3986
f 4254 3991 3992
f 4254 4253 3998
f 4001 4250 4151
f 3994 4001 4151
f 4064 4002 3901
f 3965 4067 4066
f 3995 3965 3996
f 3996 3965 4066
f 4064 3901 4249
f 3964 3994 4249
f 4063 4250 3963
f 4065 4067 3997
f 4144 3985 4259
f 4227 4153 3970
f 3835 4289 4032
f 4032 4289 3835
f 3914 3915 3913
f 3913 3915 4009
f 3866 4288 4030
f 3918 4036 3916
f 3916 4003 3917
f 4036 3917 4003
f 4286 4080 3926
f 4080 3926 4285
f 3926 4080 4285
f 3937 3921 4005
f 3928 3931 4006
f 3921 3936 3869
f 3869 3936 4081
f 4005 4081 3937
f 4081 3921 3869
f 3921 4081 4005
f 3929 3928 4088
f 4006 4088 3928
f 3931 4088 4006
f 4289 4032 4009
f 3913 4009 3914
f 4029 3914 4009
f 4030 4288 4029
f 4031 3866 4030
f 4003 3916 4036
f 4031 4011 3866
f 4036 4037 4287
f 4080 4286 4084
f 4014 3919 4034
f 4285 4080 4004
f 4034 4284 4014
f 4086 3936 3868
f 4038 3937 4081
f 4007 4088 4283
f 3933 3929 4019
f 3932 4282 4015
f 3934 3932 3938
f 4282 4019 4015
f 4019 3932 4015
f 3932 4019 3938
f 3934 4090 3938
f 3938 4281 3934
f 3934 3938 4019
f 3851 4279 4091
f 3933 3928 3929
f 4279 3851 4091
f 4020 4039 3941
f 4020 3941 4016
f 4093 4277 3855
f 3870 3945 4024
f 4024 3945 3870
f 4043 4275 3859
f 4018 3859 4275
f 3946 4025 3947
f 3947 4042 3946
f 3933 4019 3867
f 3867 4019 4282
f 4090 3934 4019
f 4281 3938 4090
f 4091 4280 4090
f 4039 4016 3941
f 3855 4017 4093
f 4040 4093 4017
f 4093 4126 4277
f 4127 4276 4126
f 4043 3859 4018
f 4042 4027 4028
f 4025 3946 4042
f 4026 4025 4042
f 3929 4088 4019
f 4029 4009 4033
f 4031 4078 4079
f 4041 4028 4096
f 4095 4043 3945
f 3862 4042 4028
f 3862 4028 4041
f 4044 3948 3955
f 3948 4044 3955
f 4047 4089 3949
f 4089 4274 3949
f 3951 3922 3952
f 3952 4097 4272
f 4134 4048 4045
f 4271 4160 3969
f 4050 4046 3966
f 3978 3971 4266
f 4051 3966 4046
f 4138 3971 3978
f 3971 4138 3972
f 3972 4052 3971
f 4266 4138 3978
f 4052 4138 3960
f 4026 4044 3948
f 4072 4070 4273
f 4097 3952 3922
f 4097 4132 4272
f 4132 4045 3953
f 4160 4271 4134
f 4265 3960 4138
f 4135 4268 3970
f 4138 4266 4053
f 4052 3972 4138
f 4264 4136 3958
f 4069 3958 4136
f 3973 3980 4056
f 4262 3980 3973
f 4055 3973 3980
f 3973 4073 3980
f 4056 3980 4073
f 4144 3975 4071
f 3976 4259 3975
f 3975 4144 3976
f 3989 4256 3987
f 3881 3992 4255
f 3986 4057 3987
f 3986 4074 4057
f 4074 3989 3987
f 4057 4074 3987
f 4074 4256 3989
f 4255 4146 3881
f 4254 3992 3991
f 4146 3992 3881
f 3992 4146 3991
f 4253 4146 3999
f 4136 4054 4069
f 3980 4262 4055
f 4073 3973 4055
f 4142 4261 4056
f 4142 4056 4073
f 4137 4061 4140
f 4137 4071 4260
f 4259 3976 4144
f 4002 4064 4076
f 4076 4248 4002
f 4145 4249 3994
f 3997 4248 4068
f 3997 4068 4065
f 4065 4066 3997
f 3997 4067 4065
f 4144 4147 4258
f 3922 4070 4097
f 4133 3969 4160
f 4142 4073 4055
f 4074 3986 4060
f 4143 4146 4255
f 4146 4254 3991
f 3999 4146 4252
f 4151 4145 3994
f 4068 4248 4076
f 4068 4066 4065
f 4066 4075 3996
f 4066 4067 3997
f 4029 4033 4077
f 4031 4030 4078
f 4082 4038 4081
f 4038 4082 4007
f 4077 4033 3839
f 4009 3836 4033
f 4077 4192 4029
f 4078 4030 3827
f 4031 4079 3824
f 4099 4080 4084
f 4193 4036 4104
f 4004 4080 4198
f 4035 4200 4086
f 4201 4081 4086
f 4202 4007 4082
f 4081 3830 4082
f 4096 4028 4043
f 4191 3864 4009
f 4009 3864 3836
f 3836 4083 4033
f 4036 4193 4100
f 4031 4101 3828
f 4029 4102 3826
f 4030 4103 3827
f 4198 4105 4004
f 4077 4106 3837
f 4077 3839 4106
f 4077 3837 4107
f 4077 4107 3823
f 3823 3865 4077
f 3865 4192 4077
f 4192 4102 4029
f 4033 4083 3839
f 4088 4007 4203
f 4019 4088 4109
f 4090 4019 3938
f 3830 4081 3869
f 4091 3850 4110
f 4019 4109 3938
f 3826 4103 4030
f 3825 3840 4078
f 4078 3827 3825
f 4078 3842 4085
f 4085 4079 4078
f 3841 4079 4085
f 3842 4078 4112
f 4078 3840 4112
f 4101 4031 3824
f 4079 3846 4098
f 4079 3841 3846
f 4194 4036 4100
f 3837 4106 3839
f 3842 3841 4085
f 3823 4107 3837
f 4112 3840 3842
f 4004 4105 4087
f 4192 3826 4102
f 4103 3826 3827
f 3828 4101 3824
f 4193 4104 4113
f 4194 4100 4193
f 4198 4087 4105
f 3836 3839 4083
f 4199 4014 4114
f 4014 4087 4114
f 4115 3831 4035
f 4035 3833 4115
f 4087 4199 4114
f 4115 3833 3831
f 4086 4200 4116
f 4116 4201 4086
f 4201 3869 4081
f 4108 4082 4117
f 4082 3830 4117
f 4203 4007 3912
f 4090 4118 3939
f 4118 4090 3938
f 3939 4204 4090
f 3852 4091 4110
f 4091 3852 4119
f 3860 4091 4119
f 4117 3830 4108
f 4201 4116 4200
f 3850 3852 4110
f 4119 3852 3860
f 4206 4022 3940
f 3940 4022 4205
f 4208 4093 4040
f 4126 4093 4210
f 4207 4040 4039
f 4095 3945 4212
f 4095 4213 4043
f 4096 4028 4041
f 4041 4215 3862
f 4121 4042 3862
f 4044 4217 4089
f 4070 4072 4122
f 4125 4132 4097
f 4094 4128 3857
f 4128 4094 3856
f 3857 3870 3945
f 4127 4211 3856
f 4128 3856 3857
f 4211 4126 4210
f 3945 3870 4212
f 4212 3859 4095
f 4095 4129 4213
f 3858 4129 4095
f 4095 3859 3858
f 4096 4214 3863
f 3858 4213 4129
f 4215 4041 4028
f 4096 3863 4028
f 4028 3862 4215
f 4042 4121 3946
f 3954 4121 3862
f 3946 4216 4026
f 3946 4026 4042
f 4028 3954 3862
f 3906 4026 4216
f 4044 3873 4130
f 3873 3871 4130
f 4044 3871 4131
f 4044 4130 3871
f 4131 3880 4044
f 4089 4217 3949
f 4089 3949 4218
f 4131 3871 3880
f 4072 3907 4122
f 4141 4071 4137
f 4141 4144 4071
f 4141 4137 4140
f 4134 4045 4154
f 4046 4226 4139
f 4152 4139 4226
f 4139 4153 4135
f 4227 3974 4135
f 4229 4138 4053
f 4132 4222 4045
f 3979 4138 4230
f 4136 4155 4054
f 4054 4233 4055
f 4140 4142 4236
f 4055 4234 4142
f 4141 4140 4157
f 4237 4144 4141
f 4134 4159 3876
f 4223 4159 4134
f 4135 4228 3977
f 4046 3966 4226
f 4152 3878 4161
f 4139 3878 4162
f 4139 4161 3878
f 4139 4162 4153
f 4046 4225 3966
f 4160 3876 4224
f 4133 4224 4225
f 3876 4159 4223
f 3878 4153 4162
f 3974 4227 3970
f 4228 4135 3974
f 3977 4229 4053
f 3977 4053 4135
f 3979 4163 3879
f 4230 4163 3979
f 4136 4164 3885
f 3884 4164 4136
f 3886 4165 4054
f 4054 4232 3886
f 4054 4165 4166
f 3979 3879 4231
f 4164 3884 3885
f 3879 4163 4230
f 4166 4165 3886
f 4141 4167 4237
f 4168 4237 4167
f 4168 4167 4141
f 4144 4174 4147
f 4147 3888 4148
f 4169 4059 4238
f 4074 4059 4239
f 4143 4074 4177
f 4177 4240 4143
f 4241 4146 4143
f 4150 4146 3892
f 4242 4149 4150
f 4151 4183 4243
f 4145 4151 4244
f 4245 4076 4145
f 3895 4183 4149
f 4076 4246 4068
f 4247 4075 4066
f 4237 4173 4144
f 4173 4174 4144
f 3890 4175 4147
f 4175 3891 4147
f 4148 3888 3961
f 4059 4178 3887
f 4059 3887 4179
f 4059 4179 4239
f 3887 4178 4169
f 3961 4238 4148
f 4239 3990 4074
f 3990 4177 4074
f 4175 3890 3891
f 4174 4173 4237
f 4179 3887 4239
f 4180 4146 4176
f 4146 4180 3892
f 4180 4176 3892
f 4150 3892 4181
f 4150 4181 4242
f 4183 4182 3893
f 3895 4182 4183
f 4151 4184 3904
f 4151 4243 3894
f 3897 4185 4151
f 4184 4151 3900
f 4151 4185 3900
f 4151 3904 4186
f 3905 4151 4186
f 3894 3897 4151
f 4187 4151 3905
f 4151 3898 4244
f 3900 4185 3897
f 4182 3895 3893
f 4183 3893 4243
f 4242 4181 3892
f 3898 4187 3905
f 3904 3905 4186
f 3898 4151 4187
f 3900 3904 4184
f 4246 4188 4068
f 4068 4188 4172
f 4246 4172 4188
f 4189 4066 3882
f 4066 4189 4247
f 4189 3882 4247
f 3834 4190 4032
f 4032 4190 4191
f 4032 4191 4009
f 4029 3826 4030
f 3824 4079 4098
f 4031 3828 4113
f 4031 4113 4104
f 4036 4194 4037
f 4037 4195 4084
f 4194 4195 4037
f 4084 4195 4196
f 4084 4196 4099
f 4197 4080 4099
f 4198 4080 4197
f 4004 4087 4014
f 4014 4199 4035
f 3833 4035 4199
f 4035 3831 4200
f 4202 4082 4108
f 4109 4088 4203
f 4090 4204 4091
f 3850 4091 4204
f 4091 3860 4111
f 4091 4111 4092
f 4092 4205 4022
f 4022 4206 4039
f 4039 4206 4120
f 4207 4039 4120
f 4208 4040 4207
f 4209 4093 4208
f 4210 4093 4209
f 4126 4211 4127
f 4127 3856 4094
f 4094 3857 3945
f 4043 4213 4214
f 4043 4214 4096
f 4026 4123 4044
f 3873 4044 4123
f 4044 3880 4217
f 4089 4218 4072
f 4070 4122 4219
f 4070 4219 4097
f 4097 4219 4220
f 4097 4220 4124
f 4125 4097 4124
f 4222 4132 4221
f 4132 4125 4221
f 4045 4222 4154
f 4154 4223 4134
f 4134 3876 4160
f 4160 4224 4133
f 4133 4225 4046
f 4139 4152 4161
f 4135 4153 4227
f 4229 4230 4138
f 3979 4231 4136
f 3884 4136 4231
f 4136 3885 4155
f 4054 4155 4232
f 4233 4054 4166
f 4234 4055 4233
f 4235 4142 4156
f 4142 4234 4156
f 4142 4235 4236
f 4157 4140 4236
f 4141 4157 4158
f 4141 4158 4168
f 3890 4147 4174
f 4147 3891 3888
f 4148 4238 4059
f 4059 4169 4178
f 4143 4240 4241
f 4176 4146 4170
f 4146 4241 4170
f 4149 4242 3895
f 4245 4145 4244
f 4076 4245 4171
f 4246 4076 4171
f 4068 4172 4066
f 3882 4066 4172
f 4249 4076 4064
f 4076 4249 4145
f 4151 4250 4183
f 4062 4063 4183
f 4183 4250 4062
f 4183 4063 4149
f 4149 4251 4150
f 4150 4252 4146
f 4146 4253 4254
f 4143 4256 4074
f 4255 4256 4143
f 4074 4060 4059
f 4059 4060 4148
f 4148 4060 4058
f 4148 4257 4147
f 4140 4061 4261
f 4140 4261 4142
f 4055 4262 4054
f 4054 4262 4263
f 4054 4263 4069
f 4136 4264 3979
f 3979 4265 4138
f 4267 4053 4266
f 4053 4267 4135
f 4268 4135 4267
f 3970 4269 4135
f 4135 4269 4139
f 4139 4269 4270
f 4139 4270 4046
f 4046 4270 4051
f 4046 4050 4133
f 4133 4049 3969
f 4132 3953 4272
f 3922 3951 4070
f 4273 4070 3951
f 4274 4072 4273
f 4072 4274 4089
f 4089 4047 4044
f 4028 3950 4043
f 3950 4275 4043
f 4043 4018 3945
f 3945 4024 4094
f 4094 3942 4127
f 4040 4278 4039
f 4017 4278 4040
f 4016 4039 4278
f 4039 4020 4022
f 4023 4022 4020
f 4022 4023 4092
f 4021 4092 4023
f 4092 4279 4091
f 4081 3936 4086
f 4086 4013 4035
f 4035 3919 4014
f 4014 4284 4004
f 4287 4084 4286
f 4084 4287 4037
f 4036 3918 4104
f 4104 3918 4012
f 4104 4012 4031
f 4010 4029 4288
f 4032 4008 4290
f 4292 4323 4293
f 4294 4295 4323
f 4291 4323 4292
f 4296 4293 4323
f 4297 4294 4323
f 4298 4299 4323
f 4300 4298 4323
f 4323 4301 4296
f 4302 4301 4323
f 4303 4304 4323
f 4305 4303 4323
f 4323 4306 4302
f 4307 4323 4304
f 4323 4307 4306
f 4299 4305 4323
f 4295 4300 4323
f 4308 4309 4323
f 4310 4311 4323
f 4309 4310 4323
f 4312 4308 4323
f 4312 4323 4313
f 4314 4323 4315
f 4313 4323 4314
f 4316 4317 4323
f 4318 4297 4323
f 4319 4318 4323
f 4317 4319 4323
f 4320 4323 4321
f 4315 4323 4320
f 4311 4316 4323
f 4322 4323 4291
f 4322 4321 4323
f 4312 4313 4324
f 4308 4312 4325
f 4314 4315 4326
f 4320 4321 4327
f 4315 4320 4328
f 4313 4314 4329
f 4324 4325 4312
f 4330 4308 4325
f 4326 4329 4314
f 4327 4328 4320
f 4331 4327 4321
f 4326 4315 4328
f 4324 4313 4329
f 4321 4322 4331
f 4304 4332 4333
f 4322 4291 4334
f 4292 4293 4335
f 4291 4292 4334
f 4296 4301 4336
f 4302 4306 4337
f 4301 4302 4338
f 4293 4296 4339
f 4334 4292 4335
f 4339 4296 4336
f 4293 4339 4335
f 4302 4337 4338
f 4338 4336 4301
f 4337 4306 4340
f 4333 4340 4307
f 4307 4304 4333
f 4340 4306 4307
f 4322 4334 4331
f 4341 4330 4325
f 4341 4325 4324
f 4341 4326 4328
f 4341 4328 4327
f 4341 4324 4329
f 4341 4329 4326
f 4341 4327 4331
f 4339 4342 4335
f 4336 4342 4339
f 4338 4342 4336
f 4334 4335 4342
f 4340 4343 4337
f 4343 4340 4333
f 4338 4337 4343
f 4341 4334 4342
f 4338 4343 4342
f 4333 4332 4343
f 4334 4341 4331
f 4343 4344 4342
f 4343 4332 4345
f 4343 4345 4346
f 4347 4348 4344
f 4344 4348 4349
f 4347 4344 4350
f 4344 4346 4350
f 4349 4351 4344
f 4344 4351 4352
f 4344 4343 4346
f 4354 4344 4353
f 4344 4354 4355
f 4344 4352 4353
f 4356 4342 4357
f 4358 4342 4356
f 4359 4357 4342
f 4341 4342 4358
f 4341 4358 4330
f 4342 4355 4359
f 4344 4355 4342
f 4304 4303 4332
f 4305 4299 4346
f 4303 4305 4345
f 4298 4300 4347
f 4295 4294 4349
f 4300 4295 4348
f 4299 4298 4350
f 4332 4303 4345
f 4346 4299 4350
f 4305 4346 4345
f 4300 4348 4347
f 4347 4350 4298
f 4348 4295 4349
f 4349 4294 4351
f 4297 4352 4351
f 4294 4297 4351
f 4318 4319 4354
f 4317 4316 4359
f 4319 4317 4355
f 4311 4310 4356
f 4309 4308 4330
f 4310 4309 4358
f 4316 4311 4357
f 4352 4297 4353
f 4355 4354 4319
f 4353 4318 4354
f 4357 4359 4316
f 4358 4356 4310
f 4330 4358 4309
f 4357 4311 4356
f 4355 4317 4359
f 4353 4297 4318
f 4360 4361 4434
f 4362 4363 4364
f 4365 4366 4434
f 4361 4365 4434
f 4367 4368 4434
f 4369 4370 4434
f 4368 4369 4434
f 4366 4367 4434
f 4371 4434 4372
f 4373 4434 4374
f 4372 4434 4373
f 4362 4375 4376
f 4377 4434 4378
f 4379 4434 4380
f 4378 4434 4379
f 4374 4434 4377
f 4381 4382 4434
f 4383 4384 4434
f 4382 4383 4434
f 4385 4386 4434
f 4387 4388 4396
f 4388 4362 4396
f 4386 4387 4396
f 4384 4385 4434
f 4389 4434 4390
f 4390 4434 4391
f 4392 4396 4393
f 4394 4375 4362
f 4376 4363 4362
f 4393 4396 4395
f 4391 4396 4392
f 4380 4434 4389
f 4370 4381 4434
f 4396 4391 4434
f 4396 4362 4397
f 4362 4364 4397
f 4396 4434 4386
f 4434 4371 4433
f 4362 4398 4394
f 4400 4401 4434
f 4401 4402 4434
f 4403 4404 4434
f 4402 4403 4434
f 4405 4406 4434
f 4407 4408 4434
f 4406 4407 4434
f 4404 4405 4434
f 4400 4434 4409
f 4410 4434 4411
f 4409 4434 4410
f 4412 4434 4413
f 4414 4434 4415
f 4413 4434 4414
f 4411 4434 4412
f 4416 4400 4417
f 4418 4419 4434
f 4419 4420 4434
f 4421 4418 4434
f 4422 4360 4434
f 4423 4422 4434
f 4424 4423 4434
f 4420 4424 4434
f 4425 4426 4427
f 4429 4426 4430
f 4430 4426 4431
f 4409 4432 4400
f 4428 4426 4429
f 4415 4434 4425
f 4408 4421 4434
f 4426 4425 4434
f 4433 4431 4426
f 4433 4426 4434
f 4432 4435 4400
f 4417 4400 4435
f 4436 4400 4416
f 4437 4400 4436
f 4371 4372 4438
f 4439 4373 4374
f 4440 4372 4373
f 4377 4378 4441
f 4374 4377 4442
f 4379 4443 4378
f 4380 4444 4379
f 4445 4389 4390
f 4390 4391 4446
f 4380 4389 4447
f 4448 4393 4395
f 4395 4396 4449
f 4392 4393 4450
f 4391 4392 4451
f 4449 4396 4397
f 4440 4452 4372
f 4373 4439 4440
f 4439 4374 4442
f 4441 4442 4377
f 4438 4372 4452
f 4360 4453 4454
f 4378 4443 4441
f 4443 4379 4444
f 4444 4380 4447
f 4390 4446 4445
f 4451 4392 4450
f 4450 4393 4448
f 4451 4446 4391
f 4389 4445 4447
f 4395 4449 4448
f 4397 4455 4449
f 4456 4362 4388
f 4457 4387 4386
f 4458 4388 4387
f 4459 4385 4384
f 4384 4383 4460
f 4383 4382 4461
f 4462 4386 4385
f 4382 4381 4463
f 4464 4369 4368
f 4465 4370 4369
f 4367 4366 4466
f 4365 4361 4467
f 4366 4365 4468
f 4367 4469 4368
f 4370 4470 4381
f 4456 4388 4458
f 4462 4457 4386
f 4457 4458 4387
f 4459 4462 4385
f 4460 4383 4461
f 4459 4384 4460
f 4456 4455 4362
f 4381 4470 4463
f 4465 4369 4464
f 4461 4382 4463
f 4469 4367 4466
f 4468 4466 4366
f 4365 4467 4468
f 4470 4370 4465
f 4464 4368 4469
f 4467 4361 4454
f 4361 4360 4454
f 4362 4455 4397
f 4399 4440 4439
f 4452 4399 4438
f 4452 4440 4399
f 4439 4442 4399
f 4442 4441 4399
f 4441 4443 4399
f 4472 4450 4448
f 4443 4444 4472
f 4472 4444 4447
f 4449 4472 4448
f 4446 4472 4445
f 4450 4472 4451
f 4447 4445 4472
f 4472 4446 4451
f 4472 4399 4443
f 4449 4455 4472
f 4453 4474 4454
f 4471 4459 4460
f 4455 4456 4471
f 4462 4459 4471
f 4471 4456 4458
f 4457 4462 4471
f 4457 4471 4458
f 4461 4471 4460
f 4470 4474 4463
f 4469 4474 4464
f 4464 4474 4465
f 4474 4469 4466
f 4454 4474 4467
f 4463 4471 4461
f 4470 4465 4474
f 4474 4468 4467
f 4474 4471 4463
f 4466 4468 4474
f 4455 4471 4472
f 4471 4474 4399
f 4472 4471 4399
f 4474 4473 4399
f 4473 4475 4399
f 4474 4477 4478
f 4474 4479 4477
f 4474 4480 4481
f 4478 4480 4474
f 4482 4474 4481
f 4482 4483 4473
f 4484 4479 4474
f 4485 4486 4473
f 4486 4487 4473
f 4488 4489 4473
f 4490 4473 4491
f 4485 4473 4490
f 4473 4483 4488
f 4489 4491 4473
f 4474 4453 4484
f 4482 4473 4474
f 4487 4492 4473
f 4475 4493 4494
f 4495 4496 4475
f 4475 4497 4498
f 4475 4498 4495
f 4496 4493 4475
f 4399 4494 4499
f 4500 4497 4475
f 4501 4476 4502
f 4502 4476 4503
f 4476 4504 4505
f 4506 4476 4505
f 4476 4501 4504
f 4499 4503 4476
f 4438 4399 4507
f 4476 4506 4507
f 4473 4492 4475
f 4399 4499 4476
f 4475 4494 4399
f 4507 4399 4476
f 4475 4492 4500
f 4360 4422 4453
f 4423 4424 4479
f 4422 4423 4484
f 4420 4419 4478
f 4418 4421 4481
f 4419 4418 4480
f 4424 4420 4477
f 4486 4402 4401
f 4408 4407 4483
f 4490 4404 4403
f 4491 4405 4404
f 4485 4403 4402
f 4401 4400 4487
f 4421 4408 4482
f 4479 4484 4423
f 4477 4479 4424
f 4478 4477 4420
f 4480 4478 4419
f 4482 4481 4421
f 4480 4418 4481
f 4422 4484 4453
f 4490 4491 4404
f 4403 4485 4490
f 4485 4402 4486
f 4401 4487 4486
f 4407 4488 4483
f 4406 4489 4488
f 4405 4489 4406
f 4489 4405 4491
f 4483 4482 4408
f 4488 4407 4406
f 4400 4492 4487
f 4412 4413 4495
f 4414 4415 4493
f 4425 4494 4415
f 4500 4409 4410
f 4497 4410 4411
f 4498 4411 4412
f 4496 4413 4414
f 4429 4430 4505
f 4507 4431 4433
f 4506 4430 4431
f 4502 4427 4426
f 4502 4426 4428
f 4429 4504 4428
f 4503 4425 4427
f 4433 4371 4507
f 4495 4413 4496
f 4494 4493 4415
f 4414 4493 4496
f 4492 4409 4500
f 4410 4497 4500
f 4498 4497 4411
f 4495 4498 4412
f 4506 4505 4430
f 4507 4506 4431
f 4371 4438 4507
f 4499 4494 4425
f 4502 4503 4427
f 4501 4428 4504
f 4428 4501 4502
f 4504 4429 4505
f 4425 4503 4499
f 4409 4492 4400
f 4511 4516 4509
f 4510 4509 4516
f 4511 4508 4516
f 4513 4532 4514
f 4532 4513 4515
f 4532 4516 4514
f 4518 4514 4516
f 4517 4518 4516
f 4516 4508 4517
f 4652 4520 4516
f 4652 4525 4522
f 4522 4524 4652
f 4520 4526 4516
f 4510 4516 4512
f 4526 4512 4516
f 4524 4523 4652
f 4521 4519 4652
f 4523 4521 4652
f 4520 4652 4519
f 4515 4527 4532
f 4528 4529 4532
f 4527 4528 4532
f 4532 4529 4530
f 4536 4532 4530
f 4531 4536 4533
f 4534 4536 4531
f 4533 4536 4530
f 4537 4538 4536
f 4535 4537 4536
f 4539 4540 4544
f 4541 4542 4544
f 4540 4541 4544
f 4538 4539 4544
f 4536 4538 4544
f 4544 4542 4543
f 4535 4536 4534
f 4525 4651 4545
f 4651 4525 4652
f 4546 4545 4651
f 4549 4547 4651
f 4546 4651 4547
f 4550 4548 4651
f 4551 4552 4553
f 4553 4550 4551
f 4549 4651 4548
f 4551 4550 4651
f 4554 4555 4551
f 4551 4556 4554
f 4552 4551 4555
f 4556 4551 4557
f 4558 4557 4551
f 4559 4560 4551
f 4558 4551 4560
f 4559 4551 4561
f 4562 4563 4566
f 4564 4565 4566
f 4562 4566 4565
f 4566 4567 4568
f 4569 4567 4566
f 4563 4569 4566
f 4564 4566 4570
f 4566 4544 4570
f 4570 4544 4543
f 4568 4571 4650
f 4572 4573 4650
f 4650 4574 4575
f 4572 4650 4575
f 4650 4561 4551
f 4573 4561 4650
f 4566 4568 4650
f 4576 4577 4650
f 4571 4576 4650
f 4577 4574 4650
f 4586 4579 4583
f 4579 4586 4585
f 4583 4579 4587
f 4588 4579 4589
f 4579 4588 4590
f 4579 4590 4584
f 4584 4587 4579
f 4579 4592 4618
f 4595 4596 4618
f 4593 4595 4618
f 4618 4592 4597
f 4598 4579 4585
f 4592 4579 4598
f 4618 4594 4593
f 4618 4591 4599
f 4618 4599 4594
f 4591 4618 4597
f 4589 4579 4601
f 4601 4579 4600
f 4579 4602 4600
f 4579 4603 4602
f 4604 4603 4579
f 4580 4604 4579
f 4580 4608 4605
f 4604 4580 4605
f 4606 4580 4609
f 4609 4580 4607
f 4610 4611 4612
f 4610 4613 4614
f 4610 4614 4611
f 4580 4612 4607
f 4610 4612 4580
f 4610 4615 4616
f 4610 4616 4613
f 4608 4580 4606
f 4618 4596 4617
f 4619 4618 4617
f 4618 4619 4578
f 4578 4619 4620
f 4578 4622 4621
f 4622 4578 4620
f 4623 4624 4578
f 4625 4626 4578
f 4578 4624 4625
f 4623 4578 4621
f 4627 4578 4628
f 4628 4578 4626
f 4629 4578 4627
f 4582 4630 4631
f 4630 4582 4629
f 4632 4582 4633
f 4582 4631 4633
f 4629 4582 4578
f 4581 4634 4635
f 4610 4636 4637
f 4636 4581 4635
f 4638 4639 4581
f 4581 4639 4640
f 4581 4640 4634
f 4610 4581 4636
f 4637 4641 4610
f 4615 4610 4641
f 4581 4642 4638
f 4582 4643 4644
f 4645 4646 4581
f 4582 4644 4645
f 4632 4643 4582
f 4581 4647 4648
f 4581 4648 4642
f 4647 4581 4646
f 4581 4582 4645
f 4581 4610 4580
f 4581 4580 4649
f 4579 4649 4580
f 4578 4581 4649
f 4532 4536 4649
f 4536 4544 4649
f 4544 4566 4649
f 4566 4650 4649
f 4631 4560 4559
f 4629 4557 4558
f 4630 4558 4560
f 4628 4554 4556
f 4625 4552 4555
f 4626 4555 4554
f 4627 4556 4557
f 4623 4550 4553
f 4622 4549 4548
f 4621 4548 4550
f 4619 4546 4547
f 4596 4525 4545
f 4617 4545 4546
f 4620 4547 4549
f 4624 4553 4552
f 4559 4633 4631
f 4558 4630 4629
f 4630 4560 4631
f 4556 4627 4628
f 4555 4626 4625
f 4626 4554 4628
f 4627 4557 4629
f 4553 4624 4623
f 4548 4621 4622
f 4621 4550 4623
f 4547 4620 4619
f 4545 4617 4596
f 4525 4596 4595
f 4617 4546 4619
f 4620 4549 4622
f 4624 4552 4625
f 4595 4522 4525
f 4593 4524 4522
f 4599 4521 4523
f 4594 4523 4524
f 4597 4520 4519
f 4598 4512 4526
f 4592 4526 4520
f 4591 4519 4521
f 4586 4509 4510
f 4587 4508 4511
f 4583 4511 4509
f 4590 4518 4517
f 4589 4513 4514
f 4588 4514 4518
f 4584 4517 4508
f 4585 4510 4512
f 4594 4524 4593
f 4591 4521 4599
f 4594 4599 4523
f 4592 4520 4597
f 4585 4512 4598
f 4592 4598 4526
f 4591 4597 4519
f 4583 4509 4586
f 4587 4584 4508
f 4511 4583 4587
f 4586 4510 4585
f 4590 4517 4584
f 4589 4514 4588
f 4601 4513 4589
f 4590 4588 4518
f 4515 4513 4601
f 4595 4593 4522
f 4602 4528 4527
f 4600 4527 4515
f 4604 4530 4529
f 4608 4531 4533
f 4605 4533 4530
f 4603 4529 4528
f 4609 4535 4534
f 4612 4538 4537
f 4607 4537 4535
f 4614 4540 4539
f 4616 4542 4541
f 4613 4541 4540
f 4611 4539 4538
f 4606 4534 4531
f 4527 4600 4602
f 4600 4515 4601
f 4529 4603 4604
f 4533 4605 4608
f 4605 4530 4604
f 4603 4528 4602
f 4534 4606 4609
f 4537 4607 4612
f 4607 4535 4609
f 4539 4611 4614
f 4541 4613 4616
f 4542 4616 4615
f 4613 4540 4614
f 4611 4538 4612
f 4606 4531 4608
f 4615 4543 4542
f 4561 4633 4559
f 4641 4570 4543
f 4636 4565 4564
f 4637 4564 4570
f 4634 4563 4562
f 4639 4567 4569
f 4640 4569 4563
f 4635 4562 4565
f 4642 4571 4568
f 4647 4577 4576
f 4648 4576 4571
f 4645 4575 4574
f 4643 4573 4572
f 4644 4572 4575
f 4646 4574 4577
f 4638 4568 4567
f 4637 4570 4641
f 4635 4565 4636
f 4637 4636 4564
f 4640 4563 4634
f 4638 4567 4639
f 4640 4639 4569
f 4635 4634 4562
f 4648 4571 4642
f 4647 4646 4577
f 4576 4648 4647
f 4642 4568 4638
f 4645 4574 4646
f 4643 4572 4644
f 4632 4573 4643
f 4645 4644 4575
f 4632 4633 4561
f 4561 4573 4632
f 4615 4641 4543
f 4551 4651 4649
f 4649 4650 4551
f 4651 4652 4649
f 4516 4532 4649
f 4652 4516 4649
f 4581 4578 4582
f 4578 4649 4618
f 4649 4579 4618
f 4774 4884 5122
f 4884 4774 4666
f 4991 5079 4815
f 4842 4991 4815
f 4759 4674 4695
f 4699 4655 4943
f 4699 4656 4657
f 5030 4775 5031
f 4654 4779 4658
f 4699 4657 4655
f 5033 4660 4677
f 4780 4942 4658
f 4663 4664 4795
f 4880 4945 5036
f 4945 4795 4665
f 4954 4764 4661
f 4664 4665 4795
f 4663 4795 4954
f 5035 4944 4784
f 4753 5037 4662
f 4666 4774 4775
f 4695 5031 4676
f 4775 4676 5031
f 4674 4667 4695
f 4759 4653 4668
f 4759 4669 4670
f 4673 4697 4675
f 4759 4670 4674
f 4653 4759 4696
f 4671 4697 4673
f 4669 4759 4668
f 4943 5032 4696
f 5030 4666 4775
f 4696 4699 4943
f 4659 4656 4699
f 4697 4672 4675
f 4779 4654 4697
f 4780 4658 4779
f 4677 4942 4780
f 4660 4942 4677
f 4659 4697 4671
f 5033 4677 4781
f 4678 5034 4782
f 4781 5034 5033
f 4781 4782 5034
f 4782 4944 4678
f 4700 4753 4662
f 4765 5037 4753
f 4944 4782 4784
f 4784 5036 5035
f 4880 5036 4784
f 4795 4945 4880
f 4795 4764 4954
f 4764 4700 4661
f 4679 4680 4869
f 4681 4682 4869
f 4869 4682 4679
f 4683 4681 4869
f 4965 4802 4684
f 4802 4688 4689
f 4802 4689 4684
f 5046 4686 4687
f 4687 5045 4704
f 4802 4685 4688
f 4798 4961 4792
f 4964 5041 4801
f 4691 5041 4955
f 4869 4690 4683
f 4869 4680 4798
f 4769 4702 5040
f 4769 5039 4869
f 4691 4955 4799
f 4801 5041 4691
f 4801 4703 4964
f 4702 4799 4955
f 4703 5043 4964
f 4703 4692 5043
f 4692 4693 4965
f 4692 4965 5043
f 4705 4932 5046
f 4802 4965 4693
f 4802 4704 4685
f 5045 5044 4704
f 4687 4705 5046
f 4804 4966 4807
f 5039 4690 4869
f 5038 4754 4701
f 4659 4699 4697
f 4698 4779 4697
f 4784 4782 4783
f 4695 4676 4778
f 4767 4701 4754
f 4705 4687 4704
f 4706 4707 4709
f 4708 4969 4709
f 4917 4967 4808
f 4709 4707 4708
f 4709 4710 4706
f 5053 4970 4818
f 4715 5057 4821
f 4821 4714 4715
f 4713 5056 4716
f 5061 5059 4811
f 4933 4744 4969
f 4709 4718 4710
f 4709 4969 4744
f 4709 4916 5049
f 4818 5052 4711
f 4771 5050 4968
f 4967 4916 4808
f 5052 5051 4711
f 5053 4818 4994
f 5049 4718 4709
f 4808 4771 4968
f 4711 5051 5050
f 4711 5050 4771
f 4970 5052 4818
f 4819 5055 5054
f 4712 4716 5055
f 4819 4712 5055
f 4818 4819 4994
f 4713 4716 4712
f 4713 4817 5056
f 4821 5057 4817
f 5063 5062 4719
f 4821 4822 4714
f 4828 5058 4822
f 4747 5059 4828
f 4747 4811 5059
f 4719 5062 4717
f 4719 4717 4811
f 4811 4717 5061
f 4819 5054 4994
f 4804 4744 5048
f 4809 4723 4724
f 4723 4809 4725
f 4809 4995 4725
f 4719 4809 5063
f 4809 5064 5006
f 4809 4724 5063
f 4997 4745 5065
f 4833 5067 5066
f 4833 5066 4996
f 4720 5068 5009
f 5068 4835 5016
f 4746 4996 5065
f 4809 5006 4995
f 4809 4810 5064
f 4997 5064 4745
f 4745 4746 5065
f 4810 4745 5064
f 4834 5009 5067
f 4833 4834 5067
f 4720 4835 5068
f 4834 4720 5009
f 4746 4833 4996
f 4750 5071 4726
f 4750 4726 5070
f 4727 4728 4813
f 4729 4727 4813
f 4812 5015 4729
f 5016 4813 4728
f 4731 4814 5075
f 4848 4731 4732
f 4733 4734 4848
f 4849 4735 4736
f 5074 4848 4734
f 4849 5076 4737
f 4849 4738 4739
f 4849 4737 4740
f 5012 5073 4840
f 4730 5012 4845
f 4748 5073 5011
f 4849 4741 4742
f 4741 4849 4743
f 4740 4743 4849
f 4848 4732 4733
f 4849 4742 4738
f 4739 4735 4849
f 5077 5076 4850
f 5077 4851 4722
f 5074 4730 4846
f 4813 5016 4835
f 4813 4812 4729
f 4749 4750 5070
f 4749 5070 5069
f 4812 4749 5015
f 4988 4748 5011
f 4840 4845 5012
f 4845 4846 4730
f 4846 4848 5074
f 4848 4814 4731
f 4814 4849 4736
f 4849 4850 5076
f 4851 4816 4722
f 4721 4851 5077
f 4816 4815 4722
f 4815 5079 5078
f 4815 5078 4722
f 4850 4721 5077
f 4748 4840 5073
f 4759 4695 4778
f 4697 4699 4698
f 4698 4886 4779
f 4774 5122 4775
f 4676 4775 4752
f 4752 4775 5121
f 4752 4758 4676
f 4778 4676 5120
f 4696 4759 4852
f 4779 4886 5118
f 4677 4780 5117
f 4677 4762 4763
f 4677 4854 4781
f 4781 5116 4782
f 4782 4927 4783
f 4783 5115 4784
f 4879 5114 4784
f 4784 5114 4880
f 4880 4766 4795
f 4764 4795 5113
f 4754 4765 5111
f 4700 4768 4753
f 4784 5115 4879
f 4703 4801 4770
f 4704 4802 4772
f 4802 4693 4891
f 4988 5071 4750
f 4752 5121 4776
f 4752 4755 4777
f 4752 4776 4755
f 4756 4757 4676
f 4758 4756 4676
f 4752 4777 4758
f 4778 4859 4760
f 5120 4859 4778
f 4759 5119 4926
f 4760 4759 4778
f 4699 4696 4852
f 4699 4852 4885
f 4699 4885 4761
f 4926 4852 4759
f 4699 4761 4698
f 4698 4761 4886
f 4928 4677 4763
f 4677 5117 4762
f 4854 4677 4928
f 4927 5115 4783
f 4795 4766 4882
f 4779 5118 4780
f 4785 4767 4754
f 4767 4786 4787
f 5110 4701 4862
f 4862 4767 4790
f 4862 4701 4767
f 4798 4792 4793
f 4792 4701 4794
f 4870 4869 4798
f 4769 4869 5109
f 4702 4769 4872
f 4764 5113 4931
f 4764 5112 4700
f 4753 4768 4796
f 4753 4796 4857
f 4702 4866 4799
f 4754 5111 4888
f 4785 4786 4767
f 4888 4788 4754
f 4788 4785 4754
f 4787 4790 4767
f 4786 4785 4787
f 4789 4797 4701
f 4797 4794 4701
f 4789 4701 5110
f 4795 4882 5113
f 4758 4757 4756
f 4760 5119 4759
f 4676 4757 5120
f 4776 5121 4755
f 5118 5117 4780
f 4755 4758 4777
f 4700 5112 4768
f 5116 4781 4854
f 4775 5122 5121
f 4892 4798 4793
f 4870 4798 4892
f 4797 4789 4794
f 4791 4792 4794
f 4935 4769 5109
f 4868 4769 4935
f 4791 4793 4792
f 4769 4868 4872
f 4866 4702 4872
f 4866 4800 4799
f 4865 4770 4801
f 5106 4703 4770
f 5105 4692 4703
f 4693 4692 5104
f 5103 4802 4891
f 4801 4691 5107
f 4865 4890 4770
f 5104 4891 4693
f 4802 5103 4772
f 5102 4705 4704
f 5102 4932 4705
f 4874 4744 4804
f 4804 4807 4805
f 4806 4744 4933
f 4709 4744 4806
f 4933 4744 4874
f 4807 4773 5101
f 4897 4916 4709
f 4893 4808 4916
f 5099 4771 4808
f 4711 4771 5098
f 5097 4818 4711
f 4873 4704 4772
f 4694 4807 4803
f 4805 4807 4694
f 4874 4804 4805
f 4691 4800 5107
f 5107 4865 4801
f 4704 4873 5102
f 5101 4803 4807
f 4897 4709 4896
f 4806 4896 4709
f 5097 4711 5098
f 5098 4771 5099
f 4894 4818 5097
f 5099 4808 5100
f 4893 5100 4808
f 4691 4799 4800
f 4832 4745 4810
f 5008 4720 4834
f 4751 4988 4750
f 4898 4819 4818
f 4899 4819 4977
f 4899 4820 4712
f 4900 4712 4820
f 4900 4901 4713
f 4903 4817 4713
f 4902 4821 4817
f 4822 4821 5096
f 4898 4818 4894
f 4898 4977 4819
f 4712 4900 4713
f 4899 4712 4819
f 4901 4903 4713
f 5096 4895 4822
f 4828 4822 4823
f 4747 4828 4825
f 4811 4747 4904
f 4719 4811 4826
f 4826 4809 4719
f 4745 4832 4909
f 4823 4822 4895
f 4746 4745 4909
f 4833 4746 4911
f 4829 5008 4834
f 4830 4720 5008
f 5094 4835 4720
f 4825 4824 4747
f 4904 4747 4824
f 4902 5096 4821
f 4825 4828 4823
f 5095 4810 4809
f 4810 5095 4832
f 4720 4830 4831
f 5095 4827 4832
f 4909 4832 4827
f 4833 4911 4834
f 5094 4720 4831
f 5094 4831 4830
f 4746 4909 4911
f 5093 4835 4915
f 4813 4835 5093
f 4749 4812 5092
f 4812 4813 4836
f 4837 4751 4750
f 5090 4988 4751
f 5089 4748 4988
f 4912 4840 4748
f 5093 4920 4813
f 4920 4836 4813
f 4836 4921 4812
f 5091 4750 4749
f 5092 4812 4921
f 4751 4837 4839
f 4839 4838 4751
f 4838 5090 4751
f 5088 4845 4840
f 5086 4846 4845
f 4848 4846 4847
f 4847 4846 5086
f 4913 4848 4847
f 4913 4814 4848
f 5084 4850 4849
f 5082 4721 4850
f 5081 4851 4721
f 5080 4816 4851
f 4840 4912 4844
f 4841 4840 4844
f 5090 5089 4988
f 4912 4841 4844
f 4749 5092 5091
f 4750 5091 4837
f 5088 4840 4841
f 4748 5089 4912
f 4851 4914 4843
f 4843 5080 4851
f 4842 4815 4816
f 5085 4849 4814
f 5082 4850 5083
f 4850 5084 5083
f 4913 5085 4814
f 4914 5080 4843
f 4915 4835 5094
f 4895 4714 4822
f 4777 4758 4755
f 4756 4757 4758
f 4858 4755 5121
f 4777 4858 4758
f 4755 4858 4777
f 4859 4757 4756
f 4757 4859 5120
f 4756 4858 4859
f 4758 4858 4756
f 5119 4760 4759
f 4759 4760 4859
f 4860 4861 5118
f 5117 4928 4762
f 4762 4853 4763
f 4928 4763 4853
f 5116 4927 4782
f 4927 4783 5115
f 4783 4927 5115
f 4796 4768 4855
f 4785 4788 4856
f 4768 5112 4700
f 4700 5112 4857
f 4855 4857 4796
f 4857 4768 4700
f 4768 4857 4855
f 4883 5111 4765
f 4786 4785 4888
f 4856 4888 4785
f 4788 4888 4856
f 4753 4883 4765
f 4884 4858 5121
f 4885 4876 4761
f 4759 4859 5119
f 4926 5119 4859
f 4885 4852 4926
f 4853 4762 4928
f 4928 4887 4854
f 4927 5116 4878
f 4881 5114 4879
f 4881 4766 4880
f 4879 5115 4927
f 4880 5114 4881
f 4857 5112 4764
f 4883 4888 5111
f 4883 4753 4857
f 4790 4786 4889
f 4789 5110 4863
f 4794 4789 4797
f 5110 4889 4863
f 4889 4789 4863
f 4789 4889 4797
f 4791 4889 4792
f 4792 4793 4791
f 4794 4797 4889
f 4794 4889 4791
f 4790 4785 4786
f 4867 4868 4935
f 4866 4864 4799
f 4866 4799 4800
f 4800 4864 5107
f 4936 5106 4770
f 5106 4936 4703
f 4936 5105 4703
f 5105 4937 4692
f 4940 5102 4704
f 4873 4704 5102
f 4804 4874 4805
f 4805 4694 4804
f 4790 4889 4862
f 4862 4889 5110
f 4793 4792 4889
f 4869 4870 4892
f 4892 4793 4889
f 4864 4800 4799
f 4692 4937 5104
f 4937 5105 4936
f 4940 4704 4873
f 4773 4875 5101
f 4875 4773 4932
f 4694 4803 4875
f 4874 4804 4694
f 4694 4933 4874
f 4786 4888 4889
f 4926 4859 4877
f 4931 4857 4764
f 4770 4890 4936
f 4939 4940 4772
f 4896 4806 4709
f 4806 4896 4709
f 4917 5100 4893
f 5099 4771 5098
f 4977 4898 4894
f 4903 4918 4817
f 4747 4824 4825
f 4902 4817 4918
f 5096 4918 4981
f 4905 4824 4747
f 4824 4980 4747
f 4747 4904 4824
f 4825 4905 4747
f 4904 4980 4811
f 4906 4983 4811
f 4933 4896 4806
f 4917 4941 5099
f 4941 5098 4771
f 4941 4975 5098
f 4975 4894 5097
f 4820 4899 4977
f 4906 4811 4980
f 4811 4907 4826
f 4981 4895 5096
f 4980 4824 4905
f 4904 4747 4980
f 4826 4907 4809
f 5095 4809 4907
f 4834 4911 4833
f 4827 4832 4909
f 5095 4832 4827
f 4908 4827 4832
f 4827 4978 4832
f 4909 4832 4978
f 4911 4834 4833
f 4979 4829 4834
f 4831 5094 4830
f 4830 5008 4831
f 4751 5090 4838
f 4844 4841 4912
f 4837 4910 4838
f 4837 4922 4910
f 4922 4751 4838
f 4910 4922 4838
f 4922 5090 4751
f 5085 4814 4849
f 4912 4987 4844
f 5088 4841 4840
f 4987 4841 4844
f 4841 4923 4840
f 5088 4923 4845
f 4907 4919 5095
f 4919 4908 5095
f 4832 5095 4908
f 4978 4827 4908
f 4982 4911 4909
f 4982 4909 4978
f 4834 4911 4982
f 5008 4829 4979
f 5094 4831 5008
f 4915 5094 5008
f 4845 5087 5021
f 5085 4849 4814
f 4721 5082 4992
f 4992 5081 4721
f 4851 5081 5013
f 4851 5013 4914
f 4914 5013 4843
f 4816 5080 4991
f 4843 5080 4914
f 4915 4920 5093
f 4834 4982 4979
f 4922 4837 5091
f 4987 5089 4989
f 4923 5088 4840
f 4845 4923 5087
f 4845 5021 5086
f 4849 4990 5084
f 4990 4924 5084
f 4924 4992 5082
f 5013 5081 4992
f 5013 4991 5080
f 4816 4991 4842
f 5013 5080 4843
f 4987 4923 4841
f 4926 4877 4925
f 4889 4888 4883
f 4884 5030 4858
f 4925 4877 4670
f 4859 4667 4877
f 4925 5032 4926
f 4885 4655 4876
f 4658 4860 4886
f 4878 4887 5034
f 4678 4927 4878
f 4942 4928 4860
f 4883 4857 4765
f 4879 4927 5035
f 4882 4954 4931
f 4661 4857 4931
f 4765 4754 4883
f 4869 4892 4934
f 4935 4869 4934
f 5031 4695 4859
f 4859 4695 4667
f 4667 4929 4877
f 4887 4660 4946
f 4886 4947 4658
f 4926 4948 4943
f 4876 4949 4656
f 4860 4658 4950
f 5035 4951 4879
f 4925 4952 4668
f 4925 4670 4952
f 4925 4668 4953
f 4925 4953 4653
f 4653 4696 4925
f 4696 5032 4925
f 5032 4948 4926
f 4877 4929 4670
f 4889 5038 4701
f 4889 4701 4792
f 4867 4935 5040
f 4662 4857 4700
f 4792 4892 4889
f 4934 4679 4956
f 4655 4949 4876
f 4659 4671 4876
f 4876 4656 4659
f 4876 4673 4930
f 4930 4886 4876
f 4672 4886 4930
f 4673 4876 4957
f 4876 4671 4957
f 4947 4886 4654
f 4886 4697 4654
f 4886 4672 4697
f 4942 4860 4950
f 5033 4887 4946
f 4668 4952 4670
f 4673 4672 4930
f 4653 4953 4668
f 4957 4671 4673
f 4879 4951 5036
f 5032 4943 4948
f 4949 4655 4656
f 4658 4947 4654
f 4942 4950 4658
f 5033 4946 4660
f 5035 5036 4951
f 4667 4670 4929
f 4958 4663 4882
f 4882 4665 4958
f 5036 4945 4881
f 4958 4665 4663
f 4931 4954 4959
f 4959 4661 4931
f 4661 4700 4857
f 5037 4857 4960
f 4857 4662 4960
f 5038 4883 4754
f 4892 4961 4798
f 4961 4892 4792
f 4798 4680 4892
f 4681 4934 4956
f 4934 4681 4962
f 4690 4934 4962
f 4960 4662 5037
f 4661 4959 4954
f 4679 4681 4956
f 4962 4681 4690
f 4935 5039 4769
f 5040 4935 4769
f 4955 4871 4702
f 4702 4871 5040
f 4864 5041 4890
f 4936 4890 4964
f 4938 4891 4684
f 4939 4772 5044
f 4939 4686 4940
f 4932 5047 4875
f 4966 4694 4875
f 5048 4933 4694
f 4896 5049 4916
f 4941 4917 5050
f 4938 4971 4688
f 4971 4938 4684
f 4685 4704 4772
f 4937 5043 4965
f 4971 4684 4688
f 5043 4936 4964
f 4772 4704 5044
f 5045 4687 4939
f 4940 4972 5046
f 4686 4972 4940
f 4939 4687 4686
f 4686 5046 4972
f 5047 4932 4773
f 4773 4875 5047
f 4694 4966 4804
f 4807 4966 4875
f 4804 5048 4694
f 4773 4807 4875
f 4744 4933 5048
f 4896 4708 4973
f 4708 4706 4973
f 4896 4706 4974
f 4896 4973 4706
f 4974 4718 4896
f 4974 4706 4718
f 4917 4808 4968
f 4977 4894 4976
f 4983 4907 4811
f 4894 4975 4976
f 4919 5007 4908
f 4984 4982 4978
f 4992 4924 4990
f 4986 4990 4849
f 4977 4976 4994
f 4918 5057 4981
f 4993 4981 5057
f 4895 4981 4714
f 4828 4905 4895
f 5059 4980 4905
f 4975 5053 4976
f 4983 4980 5061
f 5007 5064 4908
f 4984 4978 4997
f 4982 4984 4996
f 4979 4982 5067
f 4977 4998 5055
f 5054 4998 4977
f 5055 4999 4820
f 4895 5058 4828
f 4716 5000 4901
f 4901 5000 5056
f 4999 4716 4820
f 4918 4817 5057
f 4993 4715 5001
f 4981 4715 5002
f 4981 5001 4715
f 4981 5002 4714
f 4918 5056 4817
f 4999 5055 4716
f 5000 4716 5056
f 5055 4998 5054
f 4715 4714 5002
f 5058 4895 4822
f 4828 5059 4905
f 4983 5003 4717
f 5061 5003 4983
f 4717 5004 4983
f 4907 5005 4725
f 4724 5005 4907
f 5004 5062 4983
f 5004 4717 5062
f 5005 4724 4725
f 4717 5003 5061
f 5064 5007 5006
f 5009 5068 5008
f 4915 5016 4920
f 4985 4921 5069
f 5010 4985 5070
f 4922 4985 5071
f 4989 4922 5011
f 5073 4987 4989
f 4923 4987 5073
f 5021 4923 4730
f 5074 4847 5021
f 5077 5013 4992
f 5078 4991 5013
f 5068 5014 4915
f 5014 5016 4915
f 4728 5017 4920
f 5017 4729 4920
f 4921 5015 4749
f 4985 5018 4726
f 4985 4726 5019
f 4985 5019 5071
f 4726 5018 5010
f 4749 5069 4921
f 5071 4988 4922
f 4988 5011 4922
f 5017 4728 4729
f 5016 5014 5068
f 5019 4726 5071
f 5020 4923 5012
f 4923 5020 4730
f 5020 5012 4730
f 4847 5022 4732
f 4734 5022 4847
f 4731 5023 4986
f 4990 5024 4742
f 4990 5075 4814
f 4736 5025 4990
f 5024 4990 4739
f 4990 5025 4739
f 4990 4742 5026
f 4743 4990 5026
f 4814 4736 4990
f 5027 4990 4743
f 5023 5075 4986
f 4990 4737 5076
f 4739 5025 4736
f 5022 4734 4732
f 5023 4731 5075
f 5074 5021 4730
f 4737 5027 4743
f 4742 4743 5026
f 4737 4990 5027
f 4739 4742 5024
f 5077 5028 5013
f 5013 5028 4722
f 5077 4722 5028
f 5029 5013 4722
f 5013 5029 5078
f 5029 4722 5078
f 4884 4666 5030
f 4858 5030 5031
f 4858 5031 4859
f 4926 4943 4885
f 4655 4885 4943
f 4928 4660 4887
f 4928 4942 4660
f 4887 5033 5034
f 4678 4878 5034
f 4944 4927 4678
f 5035 4927 4944
f 4879 5036 4881
f 4881 4945 4882
f 4665 4882 4945
f 4882 4663 4954
f 4857 5037 4765
f 4883 5038 4889
f 4892 4680 4934
f 4679 4934 4680
f 4934 4690 5039
f 4934 5039 4935
f 4867 5040 4871
f 4871 4955 4864
f 4864 4955 4963
f 5041 4864 4963
f 4964 4890 5042
f 5042 4890 5041
f 4936 5043 4937
f 4937 4965 4891
f 4684 4891 4965
f 4938 4688 4685
f 4938 4685 4772
f 4939 5044 5045
f 4940 5046 4932
f 4933 4969 4896
f 4708 4896 4969
f 4896 4718 5049
f 4916 4967 4917
f 4917 4968 5050
f 4941 5050 5051
f 4941 5051 5052
f 4970 4941 5052
f 4941 4970 4975
f 4975 4970 5053
f 4976 5053 4994
f 4994 5054 4977
f 4977 5055 4820
f 4820 4716 4901
f 4901 5056 4918
f 4981 4993 5001
f 4980 5059 5060
f 4980 5060 5061
f 4983 5062 5063
f 4983 5063 4907
f 4724 4907 5063
f 4907 4725 4995
f 4907 4995 5006
f 4907 5006 4919
f 4919 5006 5007
f 4997 4908 5064
f 4908 4997 4978
f 4984 4997 5065
f 4996 4984 5065
f 4982 4996 5066
f 4982 5066 5067
f 5009 4979 5067
f 4979 5009 5008
f 5008 5068 4915
f 4728 4920 5016
f 4920 4729 5015
f 4920 5015 4921
f 4985 5069 5070
f 4985 5010 5018
f 5073 4989 5072
f 5011 5072 4989
f 4923 5073 5012
f 4734 4847 5074
f 4847 4732 4731
f 4847 4731 4986
f 4986 5075 4990
f 4990 5076 4992
f 4992 5076 5077
f 5079 4991 5078
f 4924 5082 5083
f 4924 5083 5084
f 4849 5085 4986
f 4986 5085 4913
f 4986 4913 4847
f 4847 5086 5021
f 5021 5087 4923
f 4987 4912 5089
f 4989 5090 4922
f 5089 5090 4989
f 4922 5091 4985
f 4985 5091 5092
f 4985 5092 4921
f 4921 4836 4920
f 4983 4906 4980
f 4905 4825 4823
f 4905 4823 4895
f 4918 5096 4902
f 4918 4903 4901
f 4901 4900 4820
f 4975 5097 5098
f 4771 5099 4941
f 5100 4917 5099
f 4917 4893 4916
f 4916 4897 4896
f 4875 4803 5101
f 4932 5102 4940
f 4940 4873 4772
f 4772 5103 4938
f 4938 5103 4891
f 4891 5104 4937
f 4890 4865 5107
f 4890 5107 4864
f 4864 4866 4871
f 4871 4866 5108
f 4872 4871 5108
f 4871 4872 4867
f 4867 4872 4868
f 4935 5109 4869
f 4931 5113 4882
f 4882 4766 4881
f 4878 4854 4887
f 5116 4854 4878
f 4928 5117 4860
f 4860 5117 4861
f 4860 5118 4886
f 4886 4761 4876
f 4884 5121 5122
f 5382 5559 5124
f 5125 5382 5124
f 5217 5145 5166
f 5170 5127 5412
f 5169 5128 5420
f 5169 5129 5130
f 5508 5234 5415
f 5127 5170 5413
f 5169 5130 5128
f 5512 5511 5142
f 5236 5411 5131
f 5134 5135 5223
f 5350 5414 5398
f 5414 5223 5136
f 5514 5240 5515
f 5516 5224 5132
f 5135 5136 5223
f 5134 5223 5516
f 5215 5517 5133
f 5216 5519 5518
f 5508 5123 5234
f 5166 5415 5147
f 5234 5147 5415
f 5145 5137 5166
f 5217 5126 5138
f 5217 5139 5140
f 5411 5142 5511
f 5144 5235 5146
f 5217 5140 5145
f 5126 5217 5167
f 5141 5235 5144
f 5413 5170 5131
f 5139 5217 5138
f 5420 5510 5167
f 5167 5168 5420
f 5169 5420 5168
f 5235 5143 5146
f 5170 5412 5235
f 5236 5131 5170
f 5142 5411 5236
f 5237 5512 5142
f 5169 5235 5141
f 5512 5237 5238
f 5148 5513 5239
f 5238 5513 5512
f 5238 5239 5513
f 5239 5514 5148
f 5224 5215 5133
f 5171 5517 5215
f 5514 5239 5240
f 5240 5398 5515
f 5240 5149 5398
f 5350 5398 5149
f 5223 5414 5350
f 5224 5516 5223
f 5150 5151 5173
f 5152 5153 5173
f 5253 5173 5151
f 5173 5153 5150
f 5154 5152 5173
f 5256 5442 5156
f 5529 5157 5158
f 5158 5528 5232
f 5425 5519 5159
f 5519 5225 5159
f 5253 5432 5159
f 5524 5523 5255
f 5161 5522 5521
f 5524 5155 5525
f 5173 5160 5154
f 5172 5520 5227
f 5227 5427 5173
f 5161 5255 5522
f 5155 5524 5255
f 5523 5522 5255
f 5172 5161 5521
f 5525 5155 5228
f 5228 5527 5526
f 5228 5162 5527
f 5162 5163 5156
f 5162 5156 5527
f 5165 5399 5529
f 5256 5156 5163
f 5525 5228 5526
f 5256 5232 5442
f 5158 5165 5529
f 5258 5435 5265
f 5427 5160 5173
f 5519 5216 5225
f 5174 5175 5266
f 5176 5436 5266
f 5266 5175 5176
f 5266 5177 5174
f 5538 5438 5267
f 5178 5542 5281
f 5281 5543 5178
f 5269 5479 5541
f 5362 5541 5478
f 5401 5207 5436
f 5266 5180 5177
f 5266 5436 5207
f 5407 5532 5266
f 5534 5437 5229
f 5535 5230 5536
f 5279 5268 5539
f 5533 5407 5261
f 5230 5438 5536
f 5538 5267 5471
f 5532 5180 5266
f 5261 5229 5437
f 5208 5535 5534
f 5208 5230 5535
f 5208 5534 5229
f 5230 5267 5438
f 5268 5540 5539
f 5268 5478 5540
f 5267 5279 5471
f 5362 5478 5268
f 5362 5269 5541
f 5281 5542 5269
f 5281 5282 5543
f 5292 5544 5288
f 5285 5545 5292
f 5272 5546 5285
f 5546 5545 5285
f 5272 5294 5179
f 5294 5483 5179
f 5272 5179 5546
f 5279 5539 5471
f 5258 5207 5531
f 5270 5483 5294
f 5270 5183 5184
f 5183 5270 5185
f 5270 5472 5185
f 5271 5547 5485
f 5548 5547 5209
f 5270 5184 5483
f 5271 5485 5472
f 5209 5474 5473
f 5296 5549 5474
f 5487 5475 5297
f 5181 5550 5487
f 5550 5181 5494
f 5209 5473 5548
f 5270 5271 5472
f 5271 5210 5547
f 5210 5209 5547
f 5297 5475 5549
f 5296 5297 5549
f 5297 5181 5487
f 5209 5296 5474
f 5211 5203 5186
f 5211 5186 5551
f 5188 5189 5274
f 5190 5188 5274
f 5273 5187 5190
f 5494 5274 5189
f 5191 5275 5492
f 5311 5191 5193
f 5194 5195 5311
f 5312 5196 5197
f 5277 5182 5201
f 5554 5311 5195
f 5312 5556 5198
f 5312 5199 5200
f 5312 5198 5202
f 5491 5553 5303
f 5490 5491 5309
f 5213 5553 5489
f 5275 5555 5492
f 5312 5204 5205
f 5204 5312 5206
f 5202 5206 5312
f 5306 5558 5557
f 5311 5193 5194
f 5312 5205 5199
f 5200 5196 5312
f 5558 5313 5201
f 5554 5490 5310
f 5274 5494 5181
f 5274 5273 5190
f 5273 5211 5551
f 5211 5212 5203
f 5465 5213 5489
f 5303 5309 5491
f 5309 5310 5490
f 5310 5311 5554
f 5311 5275 5191
f 5275 5192 5555
f 5192 5312 5197
f 5276 5557 5556
f 5312 5276 5556
f 5276 5306 5557
f 5313 5277 5201
f 5306 5313 5558
f 5277 5124 5559
f 5277 5559 5182
f 5213 5303 5553
f 5217 5166 5147
f 5149 5240 5316
f 5234 5123 5600
f 5147 5234 5599
f 5167 5217 5314
f 5235 5169 5219
f 5168 5219 5169
f 5142 5236 5595
f 5142 5220 5221
f 5237 5222 5238
f 5238 5594 5239
f 5239 5593 5240
f 5352 5171 5215
f 5316 5592 5149
f 5149 5592 5350
f 5350 5591 5223
f 5224 5397 5590
f 5216 5171 5589
f 5224 5226 5215
f 5223 5323 5224
f 5240 5593 5316
f 5465 5203 5212
f 5234 5600 5346
f 5147 5321 5218
f 5599 5321 5147
f 5217 5598 5389
f 5218 5217 5147
f 5168 5167 5314
f 5168 5597 5348
f 5168 5348 5219
f 5389 5314 5217
f 5235 5219 5170
f 5170 5219 5353
f 5353 5596 5170
f 5393 5237 5221
f 5142 5595 5220
f 5142 5221 5237
f 5222 5237 5393
f 5392 5593 5239
f 5223 5591 5351
f 5170 5322 5236
f 5241 5225 5216
f 5225 5242 5243
f 5345 5159 5225
f 5159 5231 5249
f 5253 5159 5588
f 5231 5159 5250
f 5328 5173 5253
f 5227 5173 5587
f 5341 5172 5227
f 5336 5161 5172
f 5224 5323 5397
f 5215 5226 5251
f 5215 5251 5319
f 5216 5589 5356
f 5241 5242 5225
f 5356 5244 5216
f 5244 5241 5216
f 5243 5246 5225
f 5242 5241 5243
f 5245 5252 5159
f 5247 5248 5231
f 5252 5250 5159
f 5245 5159 5345
f 5248 5249 5231
f 5352 5589 5171
f 5223 5351 5323
f 5346 5599 5234
f 5218 5598 5217
f 5322 5595 5236
f 5596 5322 5170
f 5224 5590 5226
f 5594 5238 5222
f 5597 5168 5314
f 5337 5253 5588
f 5328 5253 5337
f 5339 5173 5328
f 5252 5245 5250
f 5247 5231 5250
f 5173 5339 5587
f 5402 5227 5587
f 5334 5227 5402
f 5336 5172 5341
f 5247 5249 5248
f 5588 5159 5249
f 5341 5227 5334
f 5336 5338 5161
f 5255 5161 5338
f 5586 5155 5255
f 5228 5155 5330
f 5331 5162 5228
f 5254 5162 5440
f 5163 5162 5254
f 5343 5256 5441
f 5331 5440 5162
f 5254 5441 5256
f 5405 5342 5232
f 5256 5343 5232
f 5163 5254 5256
f 5585 5158 5232
f 5585 5165 5158
f 5262 5399 5165
f 5583 5207 5258
f 5258 5265 5259
f 5260 5207 5401
f 5266 5207 5260
f 5401 5207 5583
f 5265 5233 5584
f 5582 5261 5407
f 5585 5262 5165
f 5581 5229 5261
f 5581 5208 5229
f 5580 5267 5230
f 5230 5208 5263
f 5586 5255 5338
f 5164 5265 5257
f 5259 5265 5164
f 5583 5258 5259
f 5232 5342 5585
f 5232 5343 5405
f 5584 5257 5265
f 5364 5407 5266
f 5364 5266 5360
f 5260 5360 5266
f 5580 5230 5263
f 5263 5208 5581
f 5361 5267 5264
f 5267 5580 5264
f 5582 5581 5261
f 5268 5279 5446
f 5362 5280 5269
f 5280 5363 5269
f 5269 5363 5281
f 5285 5292 5293
f 5295 5209 5210
f 5377 5181 5297
f 5214 5465 5212
f 5274 5181 5298
f 5278 5279 5267
f 5365 5268 5446
f 5366 5362 5268
f 5368 5280 5362
f 5579 5281 5363
f 5282 5281 5577
f 5278 5267 5361
f 5278 5446 5279
f 5280 5368 5363
f 5288 5282 5576
f 5284 5285 5293
f 5293 5292 5283
f 5272 5285 5369
f 5286 5270 5294
f 5209 5295 5370
f 5288 5576 5292
f 5574 5210 5271
f 5371 5296 5209
f 5289 5377 5297
f 5290 5181 5377
f 5577 5281 5579
f 5283 5284 5293
f 5369 5285 5284
f 5272 5575 5294
f 5283 5292 5576
f 5574 5271 5270
f 5210 5572 5295
f 5181 5290 5291
f 5210 5574 5572
f 5572 5287 5295
f 5370 5295 5287
f 5371 5209 5370
f 5296 5375 5297
f 5376 5296 5371
f 5571 5181 5291
f 5571 5291 5290
f 5375 5296 5376
f 5570 5181 5462
f 5298 5181 5570
f 5273 5274 5569
f 5568 5212 5211
f 5299 5214 5212
f 5567 5465 5214
f 5566 5213 5465
f 5302 5303 5213
f 5570 5463 5274
f 5298 5570 5274
f 5463 5569 5274
f 5569 5457 5273
f 5568 5211 5273
f 5568 5273 5457
f 5214 5299 5301
f 5301 5300 5214
f 5300 5567 5214
f 5565 5309 5303
f 5563 5310 5309
f 5311 5310 5563
f 5379 5275 5311
f 5380 5192 5275
f 5305 5312 5192
f 5305 5276 5312
f 5561 5313 5306
f 5560 5277 5313
f 5124 5277 5125
f 5303 5302 5308
f 5304 5303 5308
f 5567 5566 5465
f 5302 5304 5308
f 5212 5568 5374
f 5212 5374 5299
f 5565 5303 5304
f 5302 5213 5566
f 5192 5380 5467
f 5305 5192 5467
f 5378 5306 5276
f 5313 5381 5307
f 5307 5560 5313
f 5277 5560 5461
f 5277 5461 5125
f 5378 5276 5562
f 5276 5305 5562
f 5379 5380 5275
f 5381 5560 5307
f 5462 5181 5571
f 5234 5599 5346
f 5346 5599 5234
f 5598 5218 5217
f 5217 5218 5321
f 5348 5597 5389
f 5595 5393 5220
f 5220 5315 5221
f 5393 5221 5315
f 5594 5392 5239
f 5392 5239 5593
f 5239 5392 5593
f 5251 5226 5317
f 5241 5244 5318
f 5226 5590 5224
f 5224 5590 5319
f 5317 5319 5251
f 5319 5226 5224
f 5226 5319 5317
f 5242 5241 5356
f 5318 5356 5241
f 5244 5356 5318
f 5346 5600 5123
f 5346 5320 5599
f 5321 5599 5320
f 5217 5321 5598
f 5389 5598 5321
f 5354 5596 5353
f 5354 5391 5595
f 5315 5220 5393
f 5393 5355 5222
f 5392 5594 5349
f 5324 5591 5350
f 5593 5392 5316
f 5350 5592 5324
f 5319 5590 5397
f 5352 5215 5319
f 5352 5356 5589
f 5246 5242 5332
f 5245 5345 5325
f 5250 5245 5252
f 5345 5333 5325
f 5333 5245 5325
f 5245 5333 5252
f 5247 5333 5248
f 5248 5333 5326
f 5248 5327 5247
f 5250 5252 5333
f 5250 5333 5247
f 5173 5587 5339
f 5246 5241 5242
f 5587 5173 5339
f 5336 5329 5161
f 5336 5161 5338
f 5403 5330 5155
f 5330 5404 5228
f 5404 5331 5228
f 5232 5405 5343
f 5343 5405 5232
f 5358 5585 5232
f 5342 5232 5585
f 5258 5583 5259
f 5259 5164 5258
f 5246 5332 5225
f 5225 5332 5345
f 5332 5333 5345
f 5326 5588 5249
f 5326 5249 5327
f 5327 5248 5326
f 5337 5588 5326
f 5339 5328 5337
f 5340 5335 5336
f 5329 5338 5161
f 5155 5586 5403
f 5357 5403 5586
f 5403 5404 5330
f 5440 5331 5404
f 5358 5232 5342
f 5233 5344 5584
f 5344 5233 5399
f 5164 5257 5344
f 5583 5258 5164
f 5164 5401 5583
f 5242 5356 5332
f 5389 5321 5347
f 5389 5390 5348
f 5348 5390 5353
f 5326 5333 5337
f 5406 5358 5405
f 5360 5260 5266
f 5260 5360 5266
f 5581 5208 5263
f 5446 5278 5361
f 5365 5477 5268
f 5384 5368 5362
f 5293 5284 5283
f 5579 5363 5384
f 5449 5284 5293
f 5284 5482 5285
f 5285 5369 5284
f 5283 5449 5293
f 5369 5482 5272
f 5401 5360 5260
f 5408 5263 5208
f 5408 5400 5263
f 5400 5361 5264
f 5477 5365 5446
f 5367 5362 5366
f 5575 5272 5482
f 5447 5576 5282
f 5449 5576 5447
f 5482 5284 5449
f 5369 5285 5482
f 5294 5575 5482
f 5286 5451 5270
f 5574 5270 5451
f 5297 5375 5296
f 5287 5295 5370
f 5572 5295 5287
f 5448 5287 5295
f 5287 5453 5295
f 5453 5371 5370
f 5370 5295 5453
f 5375 5297 5296
f 5455 5289 5297
f 5291 5571 5290
f 5290 5377 5291
f 5214 5567 5300
f 5308 5304 5302
f 5299 5372 5300
f 5299 5385 5372
f 5385 5214 5300
f 5372 5385 5300
f 5385 5567 5214
f 5302 5460 5308
f 5565 5304 5303
f 5460 5304 5308
f 5304 5386 5303
f 5565 5386 5309
f 5452 5448 5572
f 5295 5572 5448
f 5453 5287 5448
f 5454 5371 5453
f 5297 5375 5454
f 5377 5289 5455
f 5571 5291 5377
f 5462 5571 5456
f 5456 5571 5377
f 5309 5564 5464
f 5563 5468 5311
f 5306 5378 5469
f 5387 5561 5306
f 5459 5562 5305
f 5313 5561 5387
f 5313 5387 5381
f 5381 5461 5307
f 5307 5560 5381
f 5208 5383 5408
f 5367 5268 5477
f 5297 5454 5455
f 5362 5367 5384
f 5462 5463 5570
f 5385 5299 5374
f 5460 5566 5466
f 5386 5565 5303
f 5309 5386 5564
f 5309 5464 5563
f 5458 5467 5380
f 5467 5459 5305
f 5311 5468 5379
f 5469 5387 5306
f 5387 5461 5381
f 5461 5382 5125
f 5461 5560 5307
f 5460 5386 5304
f 5321 5320 5347
f 5389 5347 5388
f 5351 5324 5396
f 5346 5123 5508
f 5346 5415 5320
f 5388 5347 5140
f 5320 5137 5347
f 5388 5510 5389
f 5390 5389 5420
f 5354 5353 5127
f 5349 5355 5513
f 5148 5392 5349
f 5511 5393 5391
f 5316 5392 5515
f 5396 5324 5398
f 5351 5516 5397
f 5132 5319 5397
f 5171 5216 5352
f 5319 5133 5352
f 5406 5359 5358
f 5399 5358 5359
f 5409 5400 5408
f 5415 5166 5320
f 5320 5166 5137
f 5137 5394 5347
f 5355 5511 5416
f 5354 5417 5413
f 5389 5418 5420
f 5390 5419 5129
f 5391 5131 5421
f 5515 5422 5316
f 5388 5423 5138
f 5388 5140 5423
f 5388 5138 5424
f 5388 5424 5126
f 5126 5167 5388
f 5167 5510 5388
f 5510 5418 5389
f 5347 5394 5140
f 5356 5352 5518
f 5519 5332 5356
f 5159 5333 5425
f 5332 5425 5333
f 5337 5333 5159
f 5340 5402 5520
f 5335 5340 5521
f 5133 5319 5224
f 5339 5150 5426
f 5128 5419 5390
f 5169 5141 5390
f 5390 5129 5169
f 5390 5144 5395
f 5395 5353 5390
f 5143 5353 5395
f 5144 5390 5428
f 5390 5141 5428
f 5417 5354 5127
f 5353 5235 5412
f 5353 5143 5235
f 5411 5391 5421
f 5512 5355 5416
f 5138 5423 5140
f 5144 5143 5395
f 5126 5424 5138
f 5428 5141 5144
f 5316 5422 5398
f 5510 5420 5418
f 5419 5128 5129
f 5413 5417 5127
f 5411 5421 5131
f 5512 5416 5511
f 5515 5398 5422
f 5137 5140 5394
f 5429 5134 5351
f 5351 5136 5429
f 5398 5414 5396
f 5429 5136 5134
f 5397 5516 5430
f 5430 5132 5397
f 5132 5224 5319
f 5517 5352 5431
f 5352 5133 5431
f 5518 5352 5216
f 5337 5432 5253
f 5432 5337 5159
f 5253 5151 5337
f 5152 5339 5426
f 5339 5152 5433
f 5160 5339 5433
f 5431 5133 5517
f 5132 5430 5516
f 5150 5152 5426
f 5433 5152 5160
f 5402 5427 5227
f 5520 5402 5227
f 5521 5340 5172
f 5172 5340 5520
f 5329 5522 5357
f 5524 5403 5357
f 5526 5404 5403
f 5406 5405 5528
f 5406 5529 5359
f 5399 5530 5344
f 5435 5164 5344
f 5531 5401 5164
f 5383 5261 5437
f 5408 5383 5535
f 5409 5408 5536
f 5409 5410 5400
f 5404 5526 5439
f 5439 5527 5404
f 5442 5232 5405
f 5440 5527 5156
f 5441 5156 5442
f 5527 5439 5526
f 5405 5232 5528
f 5528 5158 5406
f 5406 5443 5529
f 5157 5443 5406
f 5406 5158 5157
f 5157 5529 5443
f 5530 5399 5233
f 5233 5344 5530
f 5164 5435 5258
f 5265 5435 5344
f 5258 5531 5164
f 5233 5265 5344
f 5207 5401 5531
f 5360 5176 5444
f 5176 5174 5444
f 5360 5174 5445
f 5360 5444 5174
f 5445 5180 5360
f 5445 5174 5180
f 5456 5377 5455
f 5400 5410 5361
f 5446 5361 5471
f 5470 5450 5542
f 5450 5543 5447
f 5450 5384 5479
f 5410 5538 5361
f 5482 5449 5546
f 5482 5179 5294
f 5452 5547 5448
f 5454 5453 5548
f 5455 5454 5549
f 5446 5476 5540
f 5539 5476 5446
f 5449 5544 5292
f 5450 5269 5542
f 5470 5178 5480
f 5450 5178 5481
f 5450 5480 5178
f 5450 5481 5543
f 5450 5479 5269
f 5477 5540 5478
f 5367 5478 5541
f 5540 5476 5539
f 5178 5543 5481
f 5288 5447 5282
f 5447 5543 5282
f 5544 5447 5288
f 5292 5545 5449
f 5451 5484 5185
f 5184 5484 5451
f 5485 5486 5452
f 5452 5486 5547
f 5294 5179 5483
f 5484 5184 5185
f 5179 5482 5546
f 5547 5486 5485
f 5487 5550 5456
f 5488 5373 5551
f 5385 5373 5203
f 5466 5385 5489
f 5553 5460 5466
f 5386 5460 5553
f 5464 5386 5490
f 5554 5468 5464
f 5462 5456 5550
f 5467 5458 5555
f 5468 5492 5458
f 5459 5467 5556
f 5557 5469 5459
f 5559 5382 5461
f 5550 5493 5462
f 5493 5494 5462
f 5189 5495 5463
f 5495 5190 5463
f 5457 5187 5273
f 5373 5496 5186
f 5373 5186 5497
f 5373 5497 5203
f 5186 5496 5488
f 5273 5551 5457
f 5203 5465 5385
f 5465 5489 5385
f 5495 5189 5190
f 5494 5493 5550
f 5497 5186 5203
f 5498 5386 5491
f 5386 5498 5490
f 5498 5491 5490
f 5468 5499 5193
f 5195 5499 5468
f 5191 5500 5468
f 5467 5502 5205
f 5467 5555 5192
f 5197 5503 5467
f 5502 5467 5200
f 5467 5503 5200
f 5467 5205 5504
f 5206 5467 5504
f 5192 5197 5467
f 5505 5467 5206
f 5500 5492 5468
f 5467 5198 5556
f 5200 5503 5197
f 5499 5195 5193
f 5500 5191 5492
f 5554 5464 5490
f 5198 5505 5206
f 5205 5206 5504
f 5198 5467 5505
f 5200 5205 5502
f 5558 5506 5387
f 5387 5506 5201
f 5558 5201 5506
f 5507 5461 5182
f 5461 5507 5559
f 5507 5182 5559
f 5346 5508 5509
f 5415 5346 5509
f 5128 5390 5420
f 5127 5353 5412
f 5354 5413 5131
f 5354 5131 5391
f 5391 5411 5511
f 5393 5511 5355
f 5355 5512 5513
f 5148 5349 5513
f 5514 5392 5148
f 5515 5392 5514
f 5316 5398 5324
f 5396 5414 5351
f 5136 5351 5414
f 5351 5134 5516
f 5352 5517 5171
f 5518 5519 5356
f 5332 5519 5425
f 5337 5151 5339
f 5150 5339 5151
f 5339 5160 5427
f 5339 5427 5402
f 5335 5521 5329
f 5329 5521 5434
f 5522 5329 5434
f 5523 5357 5522
f 5524 5357 5523
f 5403 5524 5525
f 5403 5525 5526
f 5404 5527 5440
f 5440 5156 5441
f 5441 5442 5405
f 5359 5529 5399
f 5401 5436 5360
f 5176 5360 5436
f 5360 5180 5532
f 5360 5532 5407
f 5407 5533 5383
f 5383 5533 5261
f 5383 5437 5534
f 5383 5534 5535
f 5536 5408 5535
f 5409 5536 5410
f 5410 5536 5438
f 5538 5410 5537
f 5410 5438 5537
f 5361 5538 5471
f 5471 5539 5446
f 5446 5540 5477
f 5477 5478 5367
f 5367 5541 5384
f 5384 5541 5479
f 5450 5470 5480
f 5447 5544 5449
f 5545 5546 5449
f 5294 5483 5451
f 5184 5451 5483
f 5451 5185 5472
f 5451 5472 5485
f 5451 5485 5452
f 5448 5547 5453
f 5453 5547 5548
f 5454 5548 5473
f 5454 5473 5474
f 5454 5474 5549
f 5475 5455 5549
f 5455 5475 5456
f 5456 5475 5487
f 5462 5494 5463
f 5189 5463 5494
f 5463 5190 5187
f 5463 5187 5457
f 5457 5551 5373
f 5373 5488 5496
f 5553 5466 5552
f 5489 5552 5466
f 5386 5553 5491
f 5195 5468 5554
f 5468 5193 5191
f 5458 5492 5555
f 5557 5459 5556
f 5469 5501 5558
f 5469 5557 5501
f 5469 5558 5387
f 5387 5201 5461
f 5182 5461 5201
f 5469 5378 5562
f 5469 5562 5459
f 5458 5380 5379
f 5458 5379 5468
f 5468 5563 5464
f 5464 5564 5386
f 5460 5302 5566
f 5466 5567 5385
f 5566 5567 5466
f 5385 5374 5373
f 5373 5374 5568
f 5373 5568 5457
f 5457 5569 5463
f 5454 5375 5376
f 5371 5454 5376
f 5452 5572 5573
f 5452 5573 5574
f 5452 5574 5451
f 5451 5286 5294
f 5576 5449 5283
f 5282 5577 5447
f 5447 5577 5450
f 5450 5577 5578
f 5579 5450 5578
f 5450 5579 5384
f 5363 5368 5384
f 5367 5366 5268
f 5400 5264 5580
f 5400 5580 5263
f 5208 5581 5383
f 5581 5582 5383
f 5383 5582 5407
f 5407 5364 5360
f 5344 5257 5584
f 5399 5262 5358
f 5358 5262 5585
f 5358 5342 5405
f 5405 5343 5441
f 5441 5254 5440
f 5357 5586 5338
f 5357 5338 5329
f 5329 5336 5335
f 5340 5336 5341
f 5334 5340 5341
f 5340 5334 5402
f 5402 5587 5339
f 5397 5323 5351
f 5351 5591 5324
f 5324 5592 5316
f 5349 5222 5355
f 5349 5594 5222
f 5393 5595 5391
f 5354 5595 5322
f 5354 5322 5596
f 5353 5219 5348
f 5389 5597 5314
f 5602 5634 5603
f 5604 5605 5634
f 5601 5634 5602
f 5606 5603 5634
f 5607 5604 5634
f 5608 5609 5634
f 5610 5608 5634
f 5634 5611 5606
f 5612 5611 5634
f 5613 5614 5634
f 5615 5613 5634
f 5634 5616 5612
f 5617 5634 5614
f 5634 5617 5616
f 5609 5615 5634
f 5605 5610 5634
f 5619 5620 5634
f 5621 5622 5634
f 5620 5621 5634
f 5623 5619 5634
f 5623 5634 5624
f 5625 5634 5626
f 5624 5634 5625
f 5627 5628 5634
f 5629 5607 5634
f 5630 5629 5634
f 5628 5630 5634
f 5631 5634 5632
f 5626 5634 5631
f 5622 5627 5634
f 5633 5634 5601
f 5633 5632 5634
f 5623 5624 5635
f 5619 5623 5636
f 5625 5626 5637
f 5631 5632 5638
f 5626 5631 5639
f 5624 5625 5640
f 5635 5636 5623
f 5641 5619 5636
f 5637 5640 5625
f 5638 5639 5631
f 5642 5638 5632
f 5637 5626 5639
f 5635 5624 5640
f 5632 5633 5642
f 5614 5643 5644
f 5633 5601 5645
f 5602 5603 5646
f 5601 5602 5645
f 5606 5611 5647
f 5612 5616 5648
f 5611 5612 5649
f 5603 5606 5650
f 5645 5602 5646
f 5650 5606 5647
f 5603 5650 5646
f 5612 5648 5649
f 5649 5647 5611
f 5648 5616 5651
f 5644 5651 5617
f 5617 5614 5644
f 5651 5616 5617
f 5633 5645 5642
f 5618 5641 5636
f 5618 5636 5635
f 5618 5637 5639
f 5618 5639 5638
f 5618 5635 5640
f 5618 5640 5637
f 5618 5638 5642
f 5650 5652 5646
f 5647 5652 5650
f 5649 5652 5647
f 5645 5646 5652
f 5651 5653 5648
f 5653 5651 5644
f 5649 5648 5653
f 5618 5645 5652
f 5649 5653 5652
f 5644 5643 5653
f 5645 5618 5642
f 5653 5654 5652
f 5643 5655 5653
f 5653 5655 5656
f 5657 5658 5654
f 5654 5658 5659
f 5657 5654 5660
f 5653 5656 5660
f 5659 5661 5654
f 5654 5661 5662
f 5653 5660 5654
f 5664 5654 5663
f 5654 5664 5665
f 5654 5662 5663
f 5666 5652 5667
f 5668 5652 5666
f 5669 5667 5652
f 5618 5652 5668
f 5618 5668 5641
f 5652 5665 5669
f 5654 5665 5652
f 5614 5613 5643
f 5615 5609 5656
f 5613 5615 5655
f 5608 5610 5657
f 5605 5604 5659
f 5610 5605 5658
f 5609 5608 5660
f 5643 5613 5655
f 5656 5609 5660
f 5615 5656 5655
f 5610 5658 5657
f 5657 5660 5608
f 5658 5605 5659
f 5659 5604 5661
f 5607 5662 5661
f 5604 5607 5661
f 5629 5630 5664
f 5628 5627 5669
f 5630 5628 5665
f 5622 5621 5666
f 5620 5619 5641
f 5621 5620 5668
f 5627 5622 5667
f 5662 5607 5663
f 5665 5664 5630
f 5663 5629 5664
f 5667 5669 5627
f 5668 5666 5621
f 5641 5668 5620
f 5667 5622 5666
f 5665 5628 5669
f 5663 5607 5629
f 5671 5702 5672
f 5673 5674 5702
f 5670 5702 5671
f 5675 5672 5702
f 5676 5673 5702
f 5677 5678 5702
f 5679 5677 5702
f 5702 5680 5675
f 5681 5680 5702
f 5682 5683 5702
f 5684 5682 5702
f 5702 5685 5681
f 5686 5702 5683
f 5702 5686 5685
f 5678 5684 5702
f 5674 5679 5702
f 5687 5688 5702
f 5689 5690 5702
f 5688 5689 5702
f 5691 5687 5702
f 5691 5702 5692
f 5693 5702 5694
f 5692 5702 5693
f 5695 5696 5702
f 5697 5676 5702
f 5698 5697 5702
f 5696 5698 5702
f 5699 5702 5700
f 5694 5702 5699
f 5690 5695 5702
f 5701 5702 5670
f 5701 5700 5702
f 5691 5692 5703
f 5687 5691 5704
f 5693 5694 5705
f 5699 5700 5706
f 5694 5699 5707
f 5692 5693 5708
f 5703 5704 5691
f 5709 5687 5704
f 5705 5708 5693
f 5706 5707 5699
f 5710 5706 5700
f 5705 5694 5707
f 5703 5692 5708
f 5700 5701 5710
f 5683 5711 5712
f 5701 5670 5713
f 5671 5672 5714
f 5670 5671 5713
f 5675 5680 5715
f 5681 5685 5716
f 5680 5681 5717
f 5672 5675 5718
f 5713 5671 5714
f 5718 5675 5715
f 5672 5718 5714
f 5681 5716 5717
f 5717 5715 5680
f 5716 5685 5719
f 5712 5719 5686
f 5686 5683 5712
f 5719 5685 5686
f 5701 5713 5710
f 5720 5709 5704
f 5720 5704 5703
f 5720 5705 5707
f 5720 5707 5706
f 5720 5703 5708
f 5720 5708 5705
f 5720 5706 5710
f 5718 5721 5714
f 5715 5721 5718
f 5717 5721 5715
f 5713 5714 5721
f 5719 5722 5716
f 5722 5719 5712
f 5717 5716 5722
f 5720 5713 5721
f 5717 5722 5721
f 5712 5711 5722
f 5713 5720 5710
f 5722 5723 5721
f 5722 5711 5724
f 5722 5724 5725
f 5726 5727 5723
f 5723 5727 5728
f 5726 5723 5729
f 5723 5725 5729
f 5728 5730 5723
f 5723 5730 5731
f 5723 5722 5725
f 5733 5723 5732
f 5723 5733 5734
f 5723 5731 5732
f 5735 5721 5736
f 5737 5721 5735
f 5738 5736 5721
f 5720 5721 5737
f 5720 5737 5709
f 5721 5734 5738
f 5723 5734 5721
f 5683 5682 5711
f 5684 5678 5725
f 5682 5684 5724
f 5677 5679 5726
f 5674 5673 5728
f 5679 5674 5727
f 5678 5677 5729
f 5711 5682 5724
f 5725 5678 5729
f 5684 5725 5724
f 5679 5727 5726
f 5726 5729 5677
f 5727 5674 5728
f 5728 5673 5730
f 5676 5731 5730
f 5673 5676 5730
f 5697 5698 5733
f 5696 5695 5738
f 5698 5696 5734
f 5690 5689 5735
f 5688 5687 5709
f 5689 5688 5737
f 5695 5690 5736
f 5731 5676 5732
f 5734 5733 5698
f 5732 5697 5733
f 5736 5738 5695
f 5737 5735 5689
f 5709 5737 5688
f 5736 5690 5735
f 5734 5696 5738
f 5732 5676 5697
f 5739 5740 5741
f 5742 5743 5773
f 5744 5745 5812
f 5746 5747 5812
f 5745 5746 5812
f 5743 5744 5812
f 5748 5812 5749
f 5750 5812 5751
f 5749 5812 5750
f 5739 5752 5753
f 5754 5812 5755
f 5756 5812 5757
f 5755 5812 5756
f 5751 5812 5754
f 5758 5759 5812
f 5760 5761 5812
f 5762 5760 5812
f 5759 5762 5812
f 5763 5764 5812
f 5765 5739 5812
f 5764 5765 5812
f 5761 5763 5812
f 5766 5812 5767
f 5767 5812 5768
f 5769 5770 5812
f 5771 5752 5739
f 5753 5740 5739
f 5769 5812 5772
f 5768 5812 5770
f 5757 5812 5766
f 5747 5758 5812
f 5773 5743 5812
f 5774 5772 5812
f 5739 5741 5775
f 5775 5812 5739
f 5812 5775 5774
f 5739 5776 5771
f 5777 5778 5812
f 5779 5780 5812
f 5778 5779 5812
f 5781 5782 5812
f 5782 5783 5812
f 5784 5785 5812
f 5783 5784 5812
f 5780 5781 5812
f 5786 5777 5812
f 5787 5788 5812
f 5786 5812 5788
f 5789 5790 5812
f 5789 5812 5791
f 5792 5793 5812
f 5791 5812 5793
f 5787 5812 5790
f 5794 5777 5795
f 5796 5797 5812
f 5798 5799 5812
f 5797 5798 5812
f 5800 5801 5812
f 5801 5802 5812
f 5799 5800 5812
f 5803 5804 5812
f 5805 5812 5806
f 5803 5812 5805
f 5807 5812 5808
f 5786 5809 5777
f 5806 5812 5807
f 5792 5812 5804
f 5785 5796 5812
f 5810 5812 5748
f 5810 5808 5812
f 5809 5811 5777
f 5813 5773 5812
f 5812 5802 5813
f 5795 5777 5811
f 5814 5777 5794
f 5815 5777 5814
f 5749 5750 5816
f 5748 5749 5817
f 5751 5754 5818
f 5755 5756 5819
f 5754 5755 5820
f 5750 5751 5821
f 5757 5766 5822
f 5767 5768 5823
f 5766 5767 5824
f 5770 5769 5825
f 5772 5774 5826
f 5769 5772 5827
f 5768 5770 5828
f 5756 5757 5829
f 5817 5749 5816
f 5748 5817 5830
f 5821 5751 5818
f 5820 5755 5819
f 5754 5820 5818
f 5750 5821 5816
f 5829 5757 5822
f 5767 5823 5824
f 5824 5822 5766
f 5819 5756 5829
f 5823 5768 5828
f 5825 5769 5827
f 5827 5772 5826
f 5770 5825 5828
f 5831 5826 5774
f 5774 5775 5831
f 5813 5852 5832
f 5739 5765 5833
f 5764 5763 5834
f 5765 5764 5835
f 5761 5760 5836
f 5762 5759 5837
f 5760 5762 5838
f 5763 5761 5839
f 5758 5747 5840
f 5746 5745 5841
f 5747 5746 5842
f 5744 5743 5843
f 5742 5773 5832
f 5743 5742 5844
f 5745 5744 5845
f 5759 5758 5846
f 5831 5775 5847
f 5835 5833 5765
f 5847 5739 5833
f 5839 5834 5763
f 5838 5836 5760
f 5839 5761 5836
f 5835 5764 5834
f 5846 5837 5759
f 5842 5840 5747
f 5846 5758 5840
f 5845 5841 5745
f 5844 5843 5743
f 5832 5844 5742
f 5845 5744 5843
f 5842 5746 5841
f 5838 5762 5837
f 5773 5813 5832
f 5847 5775 5739
f 5850 5821 5818
f 5816 5849 5817
f 5817 5849 5830
f 5850 5820 5819
f 5821 5849 5816
f 5850 5818 5820
f 5822 5850 5829
f 5850 5822 5824
f 5823 5828 5850
f 5825 5850 5828
f 5823 5850 5824
f 5826 5848 5827
f 5819 5829 5850
f 5825 5827 5848
f 5849 5821 5850
f 5850 5825 5848
f 5826 5831 5848
f 5848 5831 5847
f 5848 5833 5835
f 5833 5848 5847
f 5848 5834 5839
f 5848 5839 5836
f 5838 5848 5836
f 5834 5848 5835
f 5848 5837 5846
f 5851 5846 5840
f 5843 5851 5845
f 5842 5851 5840
f 5832 5851 5844
f 5838 5837 5848
f 5851 5843 5844
f 5848 5846 5851
f 5851 5841 5845
f 5842 5841 5851
f 5832 5852 5851
f 5853 5848 5851
f 5850 5848 5853
f 5853 5851 5852
f 5854 5855 5853
f 5855 5849 5850
f 5853 5855 5850
f 5852 5856 5853
f 5857 5853 5858
f 5858 5853 5859
f 5860 5853 5861
f 5862 5861 5853
f 5856 5859 5853
f 5854 5863 5864
f 5854 5865 5863
f 5853 5866 5867
f 5867 5868 5853
f 5869 5866 5853
f 5860 5869 5853
f 5868 5865 5853
f 5870 5862 5853
f 5870 5853 5857
f 5865 5854 5853
f 5864 5871 5854
f 5872 5854 5873
f 5874 5854 5875
f 5875 5854 5876
f 5877 5855 5878
f 5879 5878 5855
f 5879 5855 5874
f 5854 5872 5876
f 5880 5881 5855
f 5882 5883 5855
f 5849 5884 5885
f 5886 5849 5885
f 5855 5881 5884
f 5830 5849 5886
f 5882 5855 5877
f 5883 5880 5855
f 5854 5874 5855
f 5855 5884 5849
f 5873 5854 5871
f 5813 5802 5856
f 5801 5800 5858
f 5802 5801 5859
f 5799 5798 5870
f 5797 5796 5861
f 5798 5797 5862
f 5800 5799 5857
f 5785 5784 5869
f 5783 5782 5867
f 5784 5783 5866
f 5781 5780 5865
f 5779 5778 5864
f 5780 5779 5863
f 5782 5781 5868
f 5796 5785 5860
f 5852 5813 5856
f 5859 5801 5858
f 5802 5859 5856
f 5857 5799 5870
f 5862 5797 5861
f 5798 5862 5870
f 5800 5857 5858
f 5860 5785 5869
f 5783 5867 5866
f 5866 5869 5784
f 5861 5796 5860
f 5867 5782 5868
f 5865 5780 5863
f 5863 5779 5864
f 5781 5865 5868
f 5871 5864 5778
f 5778 5777 5871
f 5786 5788 5872
f 5787 5790 5875
f 5788 5787 5876
f 5789 5791 5879
f 5793 5792 5877
f 5791 5793 5878
f 5790 5789 5874
f 5804 5803 5883
f 5805 5806 5881
f 5803 5805 5880
f 5807 5808 5885
f 5810 5748 5830
f 5808 5810 5886
f 5806 5807 5884
f 5792 5804 5882
f 5871 5777 5873
f 5876 5872 5788
f 5873 5786 5872
f 5874 5875 5790
f 5878 5879 5791
f 5874 5789 5879
f 5876 5787 5875
f 5882 5877 5792
f 5880 5883 5803
f 5882 5804 5883
f 5884 5881 5806
f 5886 5885 5808
f 5830 5886 5810
f 5884 5807 5885
f 5880 5805 5881
f 5878 5793 5877
f 5873 5777 5786
f 5887 5888 5960
f 5889 5890 5891
f 5892 5893 5960
f 5888 5892 5960
f 5894 5895 5960
f 5896 5897 5960
f 5895 5896 5960
f 5893 5894 5960
f 5898 5960 5899
f 5900 5901 5960
f 5902 5960 5901
f 5899 5960 5902
f 5889 5903 5904
f 5905 5960 5906
f 5907 5960 5905
f 5900 5960 5907
f 5908 5909 5960
f 5910 5911 5960
f 5909 5910 5960
f 5912 5913 5960
f 5914 5889 5960
f 5915 5914 5960
f 5913 5915 5960
f 5911 5912 5960
f 5916 5960 5917
f 5918 5960 5919
f 5917 5960 5918
f 5920 5960 5921
f 5922 5903 5889
f 5904 5890 5889
f 5919 5960 5920
f 5906 5960 5916
f 5897 5908 5960
f 5923 5921 5960
f 5960 5924 5923
f 5960 5889 5924
f 5889 5891 5924
f 5996 5997 6000
f 5925 5926 5957
f 5928 5929 5960
f 5930 5928 5960
f 5931 5932 5960
f 5929 5931 5960
f 5927 5930 5960
f 5933 5925 5960
f 5933 5960 5934
f 5935 5936 5960
f 5934 5960 5936
f 5937 5960 5938
f 5939 5960 5940
f 5938 5960 5939
f 5935 5960 5937
f 5941 5925 5942
f 5943 5944 5960
f 5945 5946 5960
f 5944 5945 5960
f 5947 5948 5960
f 5949 5887 5960
f 5948 5949 5960
f 5946 5947 5960
f 5950 5960 5951
f 5952 5960 5953
f 5951 5960 5952
f 5954 5960 5955
f 5933 5956 5925
f 5953 5960 5954
f 5940 5960 5950
f 5932 5943 5960
f 5957 5927 5960
f 5957 5960 5925
f 5958 5960 5898
f 5958 5955 5960
f 5956 5959 5925
f 5942 5925 5959
f 5961 5925 5941
f 5962 5925 5961
f 5963 5899 5902
f 5964 5898 5899
f 5965 5901 5900
f 5966 5907 5905
f 5967 5900 5907
f 5968 5902 5901
f 5905 5906 5969
f 5917 5918 5970
f 5916 5917 5971
f 5919 5920 5972
f 5921 5923 5973
f 5920 5921 5974
f 5918 5919 5975
f 5916 5976 5906
f 5968 5901 5965
f 5963 5902 5968
f 5966 5967 5907
f 5969 5966 5905
f 5967 5965 5900
f 5963 5964 5899
f 5976 5916 5971
f 5918 5975 5970
f 5970 5971 5917
f 5969 5906 5976
f 5919 5977 5975
f 5919 5972 5977
f 5920 5974 5972
f 5973 5974 5921
f 5978 5973 5923
f 5923 5924 5978
f 5887 5979 5888
f 5915 5913 5980
f 5981 5912 5911
f 5982 5913 5912
f 5889 5914 5983
f 5984 5910 5909
f 5911 5910 5985
f 5914 5915 5986
f 5895 5894 5987
f 5988 5893 5892
f 5989 5894 5893
f 5909 5908 5990
f 5991 5897 5896
f 5992 5908 5897
f 5896 5895 5993
f 5888 5994 5892
f 5911 5985 5981
f 5981 5982 5912
f 5982 5980 5913
f 5995 5889 5983
f 5983 5914 5986
f 5915 5980 5986
f 5978 5924 5995
f 5987 5894 5989
f 5985 5910 5984
f 5993 5895 5987
f 5984 5909 5990
f 5992 5990 5908
f 5897 5991 5992
f 5993 5991 5896
f 5989 5893 5988
f 5892 5994 5988
f 5888 5979 5994
f 5995 5924 5889
f 5968 5965 5998
f 5963 5968 5998
f 5963 5998 5964
f 5998 5965 5967
f 5967 5966 5998
f 5966 5969 5998
f 5996 5975 5977
f 5972 5996 5977
f 5970 5975 5996
f 5972 5974 5996
f 5974 5973 5996
f 5969 5976 5998
f 5978 5996 5973
f 5996 5971 5970
f 5996 5998 5976
f 5971 5996 5976
f 5979 5999 5994
f 5996 5995 5983
f 5982 5997 5980
f 5980 5997 5986
f 5997 5985 5984
f 5981 5985 5997
f 5997 5982 5981
f 5997 5983 5986
f 5999 5987 5989
f 5993 5999 5991
f 5991 5999 5992
f 5999 5988 5994
f 5999 5989 5988
f 5997 5990 5992
f 5984 5990 5997
f 5987 5999 5993
f 5996 5983 5997
f 5997 5992 5999
f 5995 5996 5978
f 5998 5996 6000
f 6002 5997 5999
f 6002 6000 5997
f 6003 5998 6000
f 5999 6001 6002
f 6001 6004 6005
f 6005 6006 6001
f 6004 6001 6007
f 6008 6001 6009
f 6010 6009 6001
f 6001 6006 6010
f 6002 6011 6012
f 6013 6002 6012
f 6002 6014 6011
f 6015 6016 6000
f 6017 6000 6013
f 6014 6002 6018
f 6008 6018 6001
f 6017 6015 6000
f 5999 5979 6001
f 6001 5979 6019
f 6019 6007 6001
f 6018 6002 6001
f 6002 6013 6000
f 6020 6021 6000
f 6021 6022 6000
f 6000 6022 6023
f 6000 6024 6025
f 6000 6026 6027
f 6026 6000 6025
f 6023 6024 6000
f 6028 6029 6000
f 6030 6028 6000
f 6003 6031 6032
f 6033 6003 6032
f 6003 6029 6031
f 6034 6003 6033
f 5964 6003 6034
f 6030 6000 6027
f 6029 6003 6000
f 5998 6003 5964
f 6020 6000 6016
f 6009 5944 5943
f 6010 5945 5944
f 5887 5949 6019
f 5948 5947 6004
f 5949 5948 6007
f 6008 5943 5932
f 6018 5932 5931
f 6011 5929 5928
f 6014 5931 5929
f 6013 5930 5927
f 6017 5957 5926
f 6017 5927 5957
f 6012 5928 5930
f 5926 5925 6016
f 6005 6004 5947
f 6005 5946 6006
f 6006 5946 5945
f 6010 6006 5945
f 5979 5887 6019
f 6019 5949 6007
f 6004 6007 5948
f 6005 5947 5946
f 5931 6014 6018
f 5929 6011 6014
f 6012 5930 6013
f 5928 6012 6011
f 5944 6009 6010
f 6008 6009 5943
f 5927 6017 6013
f 6008 5932 6018
f 5926 6015 6017
f 6016 6015 5926
f 6020 5933 5934
f 6022 5936 5935
f 6021 5934 5936
f 5935 5937 6023
f 6026 5939 5940
f 6025 5938 5939
f 5938 6024 5937
f 6030 5950 5951
f 6029 5952 5953
f 5940 5950 6027
f 6032 5954 5955
f 5958 5898 6034
f 5953 5954 6031
f 6028 5951 5952
f 5958 6033 5955
f 6016 5933 6020
f 6021 6020 5934
f 6022 6021 5936
f 6023 5937 6024
f 6025 5939 6026
f 5938 6025 6024
f 6022 5935 6023
f 6027 6026 5940
f 6028 6030 5951
f 5952 6029 6028
f 6029 5953 6031
f 6032 5955 6033
f 6033 5958 6034
f 6032 6031 5954
f 5898 5964 6034
f 6030 6027 5950
f 5933 6016 5925
f 6035 6042 6037
f 6038 6037 6042
f 6036 6042 6035
f 6040 6041 6177
f 6177 6042 6043
f 6043 6040 6177
f 6044 6043 6042
f 6042 6036 6044
f 6046 6047 6042
f 6046 6052 6049
f 6049 6051 6046
f 6053 6047 6046
f 6038 6042 6039
f 6039 6042 6047
f 6051 6050 6046
f 6048 6045 6046
f 6050 6048 6046
f 6053 6046 6045
f 6056 6054 6177
f 6055 6057 6177
f 6054 6055 6177
f 6177 6041 6056
f 6177 6057 6058
f 6058 6065 6177
f 6059 6065 6060
f 6061 6065 6059
f 6060 6065 6058
f 6063 6065 6062
f 6063 6064 6065
f 6066 6067 6068
f 6069 6070 6089
f 6067 6069 6089
f 6064 6066 6068
f 6068 6065 6064
f 6089 6068 6067
f 6089 6070 6071
f 6062 6065 6061
f 6052 6046 6072
f 6046 6180 6075
f 6075 6072 6046
f 6073 6077 6180
f 6075 6180 6077
f 6076 6074 6180
f 6180 6078 6079
f 6079 6076 6180
f 6073 6180 6074
f 6080 6081 6180
f 6179 6082 6080
f 6179 6080 6180
f 6081 6078 6180
f 6083 6084 6179
f 6085 6086 6179
f 6083 6179 6086
f 6084 6082 6179
f 6087 6088 6089
f 6090 6091 6089
f 6087 6089 6091
f 6093 6094 6099
f 6092 6099 6094
f 6088 6093 6099
f 6090 6089 6095
f 6095 6089 6071
f 6088 6099 6089
f 6092 6096 6099
f 6097 6098 6179
f 6099 6100 6101
f 6097 6179 6101
f 6179 6102 6085
f 6179 6098 6102
f 6103 6104 6099
f 6096 6103 6099
f 6104 6100 6099
f 6101 6179 6099
f 6113 6105 6114
f 6114 6105 6111
f 6111 6105 6115
f 6116 6109 6117
f 6105 6109 6112
f 6109 6116 6118
f 6109 6118 6112
f 6112 6115 6105
f 6123 6124 6106
f 6121 6123 6106
f 6106 6120 6125
f 6126 6105 6113
f 6120 6105 6126
f 6106 6122 6121
f 6106 6119 6127
f 6106 6127 6122
f 6119 6106 6125
f 6120 6106 6105
f 6117 6109 6129
f 6129 6109 6128
f 6109 6130 6128
f 6109 6131 6130
f 6132 6131 6109
f 6133 6132 6109
f 6133 6137 6134
f 6132 6133 6134
f 6135 6133 6138
f 6138 6133 6136
f 6107 6139 6140
f 6107 6141 6142
f 6107 6142 6139
f 6133 6140 6136
f 6107 6140 6133
f 6107 6143 6144
f 6107 6144 6141
f 6137 6133 6135
f 6106 6124 6145
f 6146 6106 6145
f 6106 6146 6156
f 6156 6146 6147
f 6156 6149 6148
f 6149 6156 6147
f 6150 6151 6156
f 6152 6153 6156
f 6156 6151 6152
f 6150 6156 6148
f 6154 6156 6155
f 6155 6156 6153
f 6157 6156 6154
f 6110 6158 6159
f 6158 6110 6157
f 6159 6160 6110
f 6157 6110 6156
f 6108 6161 6162
f 6107 6163 6164
f 6163 6108 6162
f 6165 6166 6108
f 6108 6166 6167
f 6108 6167 6161
f 6107 6108 6163
f 6164 6168 6107
f 6143 6107 6168
f 6108 6169 6165
f 6110 6170 6171
f 6172 6173 6108
f 6110 6171 6172
f 6160 6174 6110
f 6174 6170 6110
f 6108 6176 6175
f 6175 6169 6108
f 6176 6108 6173
f 6108 6110 6172
f 6109 6107 6133
f 6109 6178 6107
f 6107 6178 6108
f 6110 6108 6178
f 6068 6107 6178
f 6177 6065 6178
f 6065 6068 6178
f 6068 6089 6107
f 6089 6099 6178
f 6178 6107 6089
f 6178 6099 6179
f 6159 6086 6085
f 6157 6084 6083
f 6158 6083 6086
f 6155 6080 6082
f 6152 6078 6081
f 6153 6081 6080
f 6154 6082 6084
f 6150 6076 6079
f 6149 6073 6074
f 6148 6074 6076
f 6146 6075 6077
f 6124 6052 6072
f 6145 6072 6075
f 6147 6077 6073
f 6151 6079 6078
f 6159 6085 6160
f 6157 6083 6158
f 6159 6158 6086
f 6155 6082 6154
f 6152 6081 6153
f 6155 6153 6080
f 6157 6154 6084
f 6150 6079 6151
f 6148 6149 6074
f 6076 6150 6148
f 6151 6078 6152
f 6147 6073 6149
f 6145 6075 6146
f 6124 6072 6145
f 6147 6146 6077
f 6123 6049 6052
f 6052 6124 6123
f 6122 6050 6051
f 6119 6045 6048
f 6122 6048 6050
f 6125 6047 6053
f 6126 6038 6039
f 6120 6039 6047
f 6125 6053 6045
f 6114 6035 6037
f 6115 6044 6036
f 6111 6036 6035
f 6118 6040 6043
f 6117 6056 6041
f 6116 6041 6040
f 6112 6043 6044
f 6113 6037 6038
f 6121 6049 6123
f 6048 6122 6127
f 6122 6051 6121
f 6045 6119 6125
f 6039 6120 6126
f 6120 6047 6125
f 6119 6048 6127
f 6037 6113 6114
f 6036 6111 6115
f 6111 6035 6114
f 6043 6112 6118
f 6041 6116 6117
f 6056 6117 6129
f 6116 6040 6118
f 6112 6044 6115
f 6113 6038 6126
f 6051 6049 6121
f 6128 6055 6054
f 6129 6054 6056
f 6131 6058 6057
f 6134 6059 6060
f 6132 6060 6058
f 6130 6057 6055
f 6135 6062 6061
f 6136 6064 6063
f 6138 6063 6062
f 6139 6067 6066
f 6141 6070 6069
f 6142 6069 6067
f 6140 6066 6064
f 6137 6061 6059
f 6130 6055 6128
f 6129 6128 6054
f 6132 6058 6131
f 6137 6059 6134
f 6132 6134 6060
f 6130 6131 6057
f 6138 6062 6135
f 6136 6140 6064
f 6063 6138 6136
f 6135 6061 6137
f 6139 6066 6140
f 6141 6069 6142
f 6144 6070 6141
f 6139 6142 6067
f 6144 6143 6071
f 6071 6070 6144
f 6102 6160 6085
f 6164 6090 6095
f 6162 6087 6091
f 6163 6091 6090
f 6167 6093 6088
f 6165 6092 6094
f 6166 6094 6093
f 6161 6088 6087
f 6175 6103 6096
f 6173 6100 6104
f 6176 6104 6103
f 6171 6097 6101
f 6174 6102 6098
f 6170 6098 6097
f 6172 6101 6100
f 6169 6096 6092
f 6095 6143 6168
f 6090 6164 6163
f 6164 6095 6168
f 6087 6162 6161
f 6093 6167 6166
f 6167 6088 6161
f 6162 6091 6163
f 6092 6165 6169
f 6103 6175 6176
f 6175 6096 6169
f 6100 6173 6172
f 6097 6171 6170
f 6098 6170 6174
f 6171 6101 6172
f 6173 6104 6176
f 6165 6094 6166
f 6174 6160 6102
f 6071 6143 6095
f 6179 6180 6178
f 6042 6177 6178
f 6180 6046 6178
f 6178 6046 6042
f 6178 6106 6156
f 6106 6178 6105
f 6109 6105 6178
f 6110 6178 6156
f 6181 6183 6184
f 6185 6184 6183
f 6182 6183 6181
f 6187 6188 6206
f 6206 6183 6189
f 6189 6187 6206
f 6190 6189 6183
f 6183 6182 6190
f 6194 6192 6183
f 6194 6198 6195
f 6195 6197 6194
f 6192 6199 6183
f 6185 6183 6186
f 6186 6183 6199
f 6197 6196 6194
f 6193 6191 6194
f 6196 6193 6194
f 6192 6194 6191
f 6202 6200 6206
f 6201 6203 6206
f 6200 6201 6206
f 6206 6188 6202
f 6206 6203 6204
f 6204 6210 6206
f 6205 6210 6207
f 6208 6210 6205
f 6207 6210 6204
f 6211 6210 6209
f 6211 6212 6323
f 6211 6323 6210
f 6213 6214 6323
f 6215 6216 6323
f 6214 6215 6323
f 6212 6213 6323
f 6323 6216 6217
f 6209 6210 6208
f 6198 6194 6218
f 6194 6325 6221
f 6221 6218 6194
f 6219 6223 6325
f 6221 6325 6223
f 6222 6220 6325
f 6224 6225 6226
f 6226 6222 6224
f 6219 6325 6220
f 6224 6222 6325
f 6227 6228 6224
f 6224 6229 6227
f 6228 6225 6224
f 6229 6224 6230
f 6231 6230 6224
f 6232 6233 6224
f 6231 6224 6233
f 6232 6224 6234
f 6235 6236 6240
f 6237 6238 6240
f 6235 6240 6238
f 6241 6242 6240
f 6239 6240 6242
f 6236 6241 6240
f 6237 6240 6243
f 6240 6323 6243
f 6243 6323 6217
f 6239 6244 6240
f 6245 6246 6324
f 6324 6247 6248
f 6245 6324 6248
f 6324 6234 6224
f 6324 6246 6234
f 6240 6244 6324
f 6249 6250 6324
f 6244 6249 6324
f 6250 6247 6324
f 6259 6253 6256
f 6253 6259 6258
f 6256 6253 6260
f 6261 6252 6262
f 6253 6252 6257
f 6252 6261 6263
f 6252 6263 6257
f 6257 6260 6253
f 6268 6269 6253
f 6266 6268 6253
f 6253 6265 6270
f 6271 6253 6258
f 6265 6253 6271
f 6253 6267 6266
f 6253 6264 6272
f 6253 6272 6267
f 6264 6253 6270
f 6262 6252 6274
f 6274 6252 6273
f 6252 6275 6273
f 6252 6276 6275
f 6277 6276 6252
f 6251 6277 6252
f 6251 6281 6278
f 6277 6251 6278
f 6279 6251 6282
f 6282 6251 6280
f 6251 6283 6284
f 6251 6285 6286
f 6251 6286 6283
f 6251 6284 6280
f 6251 6287 6288
f 6251 6288 6285
f 6281 6251 6279
f 6253 6269 6289
f 6290 6253 6289
f 6253 6290 6300
f 6300 6290 6291
f 6300 6293 6292
f 6293 6300 6291
f 6294 6295 6300
f 6296 6297 6300
f 6300 6295 6296
f 6294 6300 6292
f 6298 6300 6299
f 6299 6300 6297
f 6301 6300 6298
f 6255 6302 6303
f 6302 6255 6301
f 6304 6255 6305
f 6255 6303 6305
f 6301 6255 6300
f 6313 6306 6307
f 6251 6308 6309
f 6308 6313 6307
f 6310 6311 6313
f 6313 6311 6312
f 6313 6312 6306
f 6251 6313 6308
f 6309 6314 6251
f 6287 6251 6314
f 6313 6315 6310
f 6255 6316 6317
f 6318 6319 6313
f 6255 6317 6318
f 6304 6316 6255
f 6313 6320 6321
f 6313 6321 6315
f 6320 6313 6319
f 6313 6255 6318
f 6313 6251 6255
f 6255 6251 6254
f 6322 6323 6251
f 6206 6210 6322
f 6210 6323 6322
f 6323 6254 6251
f 6323 6240 6254
f 6240 6324 6254
f 6303 6233 6232
f 6301 6230 6231
f 6302 6231 6233
f 6299 6227 6229
f 6296 6225 6228
f 6297 6228 6227
f 6298 6229 6230
f 6294 6222 6226
f 6293 6219 6220
f 6292 6220 6222
f 6290 6221 6223
f 6269 6198 6218
f 6289 6218 6221
f 6291 6223 6219
f 6295 6226 6225
f 6303 6232 6305
f 6301 6231 6302
f 6303 6302 6233
f 6299 6229 6298
f 6296 6228 6297
f 6299 6297 6227
f 6301 6298 6230
f 6294 6226 6295
f 6292 6293 6220
f 6222 6294 6292
f 6295 6225 6296
f 6291 6219 6293
f 6289 6221 6290
f 6269 6218 6289
f 6291 6290 6223
f 6268 6195 6198
f 6198 6269 6268
f 6267 6196 6197
f 6264 6191 6193
f 6267 6193 6196
f 6270 6199 6192
f 6271 6185 6186
f 6265 6186 6199
f 6270 6192 6191
f 6259 6181 6184
f 6260 6190 6182
f 6256 6182 6181
f 6263 6187 6189
f 6262 6202 6188
f 6261 6188 6187
f 6257 6189 6190
f 6258 6184 6185
f 6266 6195 6268
f 6193 6267 6272
f 6267 6197 6266
f 6191 6264 6270
f 6186 6265 6271
f 6265 6199 6270
f 6264 6193 6272
f 6184 6258 6259
f 6182 6256 6260
f 6256 6181 6259
f 6189 6257 6263
f 6188 6261 6262
f 6202 6262 6274
f 6261 6187 6263
f 6257 6190 6260
f 6258 6185 6271
f 6197 6195 6266
f 6273 6201 6200
f 6274 6200 6202
f 6276 6204 6203
f 6278 6205 6207
f 6277 6207 6204
f 6275 6203 6201
f 6279 6209 6208
f 6280 6212 6211
f 6282 6211 6209
f 6283 6214 6213
f 6285 6216 6215
f 6286 6215 6214
f 6284 6213 6212
f 6281 6208 6205
f 6275 6201 6273
f 6274 6273 6200
f 6277 6204 6276
f 6281 6205 6278
f 6277 6278 6207
f 6275 6276 6203
f 6282 6209 6279
f 6280 6284 6212
f 6211 6282 6280
f 6279 6208 6281
f 6283 6213 6284
f 6285 6215 6286
f 6288 6216 6285
f 6283 6286 6214
f 6288 6287 6217
f 6217 6216 6288
f 6234 6305 6232
f 6309 6237 6243
f 6307 6235 6238
f 6308 6238 6237
f 6312 6241 6236
f 6310 6239 6242
f 6311 6242 6241
f 6306 6236 6235
f 6321 6249 6244
f 6319 6247 6250
f 6320 6250 6249
f 6317 6245 6248
f 6304 6234 6246
f 6316 6246 6245
f 6318 6248 6247
f 6315 6244 6239
f 6243 6287 6314
f 6237 6309 6308
f 6309 6243 6314
f 6235 6307 6306
f 6241 6312 6311
f 6312 6236 6306
f 6307 6238 6308
f 6239 6310 6315
f 6249 6321 6320
f 6321 6244 6315
f 6247 6319 6318
f 6245 6317 6316
f 6246 6316 6304
f 6317 6248 6318
f 6319 6250 6320
f 6310 6242 6311
f 6304 6305 6234
f 6217 6287 6243
f 6224 6325 6254
f 6325 6194 6254
f 6324 6224 6254
f 6194 6183 6322
f 6183 6206 6322
f 6254 6194 6322
f 6253 6322 6251
f 6322 6253 6254
f 6253 6251 6252
f 6255 6254 6300
f 6254 6253 6300
f 6349 6419 6418
f 6419 6349 6554
f 6660 6753 6385
f 6326 6660 6385
f 6420 6347 6361
f 6365 6329 6605
f 6365 6330 6331
f 6701 6339 6702
f 6328 6437 6332
f 6365 6331 6329
f 6705 6704 6367
f 6438 6704 6332
f 6706 6705 6439
f 6336 6337 6425
f 6441 6608 6596
f 6608 6425 6338
f 6439 6606 6607
f 6708 6426 6334
f 6337 6338 6425
f 6336 6425 6708
f 6416 6709 6335
f 6554 6349 6435
f 6435 6339 6701
f 6361 6702 6435
f 6339 6435 6702
f 6347 6340 6361
f 6420 6327 6341
f 6420 6342 6343
f 6346 6363 6348
f 6420 6343 6347
f 6327 6420 6362
f 6344 6363 6346
f 6342 6420 6341
f 6605 6703 6362
f 6701 6554 6435
f 6362 6365 6605
f 6333 6330 6365
f 6363 6345 6348
f 6437 6328 6363
f 6438 6332 6437
f 6367 6704 6438
f 6333 6363 6344
f 6705 6367 6439
f 6439 6607 6706
f 6368 6707 6606
f 6368 6606 6439
f 6426 6416 6335
f 6427 6709 6416
f 6707 6368 6415
f 6707 6415 6366
f 6366 6596 6707
f 6441 6596 6366
f 6425 6608 6441
f 6426 6708 6425
f 6350 6710 6370
f 6351 6352 6370
f 6370 6352 6350
f 6353 6351 6370
f 6552 6355 6354
f 6718 6356 6357
f 6357 6717 6372
f 6374 6617 6616
f 6714 6712 6458
f 6359 6712 6618
f 6370 6358 6353
f 6370 6710 6455
f 6430 6369 6711
f 6430 6620 6370
f 6359 6618 6456
f 6458 6712 6359
f 6458 6371 6714
f 6369 6456 6618
f 6714 6371 6432
f 6432 6715 6714
f 6432 6360 6715
f 6360 6354 6715
f 6373 6597 6718
f 6552 6354 6360
f 6552 6434 6355
f 6717 6716 6372
f 6357 6373 6718
f 6434 6372 6716
f 6603 6628 6462
f 6620 6358 6370
f 6616 6417 6374
f 6333 6365 6363
f 6364 6437 6363
f 6361 6435 6436
f 6428 6374 6417
f 6373 6357 6372
f 6376 6377 6463
f 6378 6631 6463
f 6582 6629 6464
f 6463 6377 6378
f 6463 6379 6376
f 6726 6632 6466
f 6381 6729 6382
f 6382 6662 6381
f 6478 6671 6670
f 6538 6408 6631
f 6463 6384 6379
f 6463 6631 6408
f 6463 6581 6721
f 6466 6724 6380
f 6477 6409 6727
f 6465 6722 6630
f 6629 6581 6464
f 6724 6723 6380
f 6726 6477 6663
f 6721 6384 6463
f 6464 6465 6630
f 6380 6723 6722
f 6380 6722 6465
f 6632 6724 6466
f 6477 6726 6466
f 6409 6728 6727
f 6409 6475 6728
f 6475 6670 6728
f 6478 6670 6475
f 6382 6671 6478
f 6479 6730 6662
f 6732 6483 6733
f 6382 6479 6662
f 6485 6731 6480
f 6483 6732 6485
f 6471 6733 6483
f 6471 6467 6383
f 6467 6734 6383
f 6471 6383 6733
f 6477 6727 6663
f 6603 6408 6720
f 6468 6734 6467
f 6468 6386 6387
f 6386 6468 6388
f 6468 6665 6388
f 6389 6665 6469
f 6469 6678 6389
f 6468 6387 6734
f 6678 6410 6666
f 6491 6737 6736
f 6491 6736 6667
f 6470 6738 6679
f 6738 6496 6685
f 6490 6667 6735
f 6468 6469 6665
f 6469 6410 6678
f 6735 6666 6490
f 6410 6490 6666
f 6470 6679 6737
f 6491 6470 6737
f 6470 6496 6738
f 6490 6491 6667
f 6411 6741 6390
f 6411 6390 6740
f 6391 6392 6472
f 6393 6391 6472
f 6584 6684 6393
f 6743 6497 6745
f 6685 6472 6392
f 6693 6473 6747
f 6506 6693 6395
f 6396 6397 6506
f 6507 6398 6399
f 6746 6506 6397
f 6507 6748 6400
f 6507 6401 6402
f 6749 6748 6508
f 6507 6400 6404
f 6739 6414 6740
f 6742 6741 6411
f 6394 6681 6503
f 6507 6405 6406
f 6405 6507 6407
f 6404 6407 6507
f 6506 6395 6396
f 6507 6406 6401
f 6402 6398 6507
f 6403 6385 6682
f 6751 6509 6403
f 6746 6394 6504
f 6472 6685 6496
f 6475 6409 6669
f 6492 6496 6470
f 6472 6584 6393
f 6584 6414 6739
f 6414 6411 6740
f 6413 6497 6743
f 6502 6681 6745
f 6502 6503 6681
f 6503 6504 6394
f 6504 6506 6746
f 6506 6473 6693
f 6473 6507 6399
f 6507 6508 6748
f 6508 6751 6749
f 6509 6385 6403
f 6508 6509 6751
f 6385 6753 6752
f 6385 6752 6682
f 6497 6502 6745
f 6497 6413 6412
f 6420 6361 6436
f 6363 6365 6364
f 6364 6547 6437
f 6435 6349 6418
f 6436 6435 6795
f 6362 6420 6510
f 6440 6415 6368
f 6437 6547 6793
f 6367 6438 6792
f 6367 6423 6424
f 6367 6791 6439
f 6368 6439 6790
f 6368 6789 6440
f 6440 6788 6415
f 6441 6366 6787
f 6415 6788 6366
f 6441 6787 6425
f 6426 6595 6786
f 6417 6427 6785
f 6426 6429 6416
f 6425 6520 6426
f 6371 6458 6431
f 6412 6742 6411
f 6419 6795 6435
f 6436 6518 6421
f 6795 6518 6436
f 6420 6794 6589
f 6421 6420 6436
f 6365 6362 6510
f 6365 6510 6546
f 6365 6546 6422
f 6589 6510 6420
f 6365 6422 6364
f 6364 6422 6547
f 6511 6367 6424
f 6367 6792 6423
f 6791 6367 6511
f 6440 6789 6514
f 6440 6514 6788
f 6366 6788 6514
f 6425 6787 6545
f 6366 6514 6787
f 6437 6793 6438
f 6442 6428 6417
f 6428 6443 6444
f 6541 6374 6521
f 6521 6428 6447
f 6521 6374 6428
f 6454 6433 6450
f 6454 6374 6433
f 6455 6454 6784
f 6433 6374 6451
f 6525 6370 6455
f 6430 6370 6533
f 6369 6430 6532
f 6426 6520 6595
f 6416 6429 6452
f 6416 6452 6517
f 6369 6531 6456
f 6417 6785 6549
f 6442 6443 6428
f 6549 6445 6417
f 6445 6442 6417
f 6444 6447 6428
f 6443 6442 6444
f 6446 6453 6374
f 6448 6449 6433
f 6453 6451 6374
f 6446 6374 6541
f 6449 6450 6433
f 6425 6545 6520
f 6421 6794 6420
f 6793 6792 6438
f 6418 6419 6435
f 6426 6786 6429
f 6790 6439 6791
f 6550 6455 6784
f 6525 6455 6550
f 6534 6370 6525
f 6453 6446 6451
f 6448 6433 6451
f 6370 6534 6533
f 6600 6430 6533
f 6532 6430 6600
f 6448 6450 6449
f 6784 6454 6450
f 6531 6369 6536
f 6536 6369 6532
f 6531 6457 6456
f 6527 6431 6458
f 6782 6371 6431
f 6432 6371 6782
f 6781 6360 6432
f 6458 6359 6783
f 6527 6551 6431
f 6780 6552 6360
f 6552 6779 6434
f 6778 6373 6372
f 6778 6597 6373
f 6375 6597 6539
f 6777 6408 6603
f 6603 6462 6460
f 6461 6408 6538
f 6463 6408 6461
f 6538 6408 6777
f 6462 6375 6539
f 6560 6581 6463
f 6555 6464 6581
f 6561 6465 6464
f 6380 6465 6776
f 6775 6466 6380
f 6537 6372 6434
f 6553 6462 6459
f 6460 6462 6553
f 6777 6603 6460
f 6359 6457 6783
f 6783 6527 6458
f 6372 6537 6778
f 6539 6459 6462
f 6560 6463 6559
f 6461 6559 6463
f 6775 6380 6776
f 6776 6465 6561
f 6556 6466 6775
f 6555 6561 6464
f 6359 6456 6457
f 6485 6488 6483
f 6489 6490 6410
f 6470 6575 6492
f 6562 6669 6409
f 6557 6475 6669
f 6564 6478 6475
f 6480 6479 6476
f 6479 6382 6772
f 6774 6477 6556
f 6562 6409 6477
f 6478 6773 6382
f 6476 6641 6480
f 6485 6480 6558
f 6482 6483 6488
f 6471 6483 6565
f 6488 6485 6566
f 6771 6467 6471
f 6771 6468 6467
f 6770 6469 6468
f 6490 6489 6767
f 6558 6480 6641
f 6770 6410 6469
f 6573 6491 6490
f 6470 6491 6573
f 6766 6575 6470
f 6486 6492 6575
f 6558 6481 6485
f 6566 6482 6488
f 6565 6483 6482
f 6773 6772 6382
f 6479 6772 6476
f 6566 6485 6481
f 6468 6771 6568
f 6770 6468 6568
f 6410 6768 6489
f 6766 6470 6648
f 6492 6486 6487
f 6410 6770 6768
f 6768 6484 6489
f 6767 6489 6484
f 6470 6573 6648
f 6767 6573 6490
f 6765 6492 6487
f 6765 6487 6486
f 6472 6496 6764
f 6762 6414 6584
f 6572 6411 6414
f 6493 6412 6411
f 6574 6497 6412
f 6764 6585 6472
f 6585 6763 6472
f 6763 6584 6472
f 6412 6493 6495
f 6495 6494 6412
f 6494 6574 6412
f 6499 6502 6497
f 6500 6503 6502
f 6760 6504 6503
f 6506 6504 6505
f 6505 6504 6760
f 6474 6385 6509
f 6758 6506 6505
f 6758 6473 6506
f 6756 6508 6507
f 6755 6509 6508
f 6754 6474 6509
f 6502 6499 6498
f 6500 6502 6498
f 6574 6499 6497
f 6414 6762 6572
f 6411 6572 6493
f 6500 6498 6499
f 6759 6505 6760
f 6509 6576 6501
f 6501 6754 6509
f 6578 6385 6474
f 6757 6473 6758
f 6757 6507 6473
f 6576 6754 6501
f 6385 6578 6326
f 6496 6492 6765
f 6556 6477 6466
f 6480 6730 6479
f 6435 6419 6418
f 6418 6419 6435
f 6518 6795 6419
f 6794 6421 6420
f 6420 6421 6518
f 6792 6511 6423
f 6423 6512 6424
f 6511 6424 6512
f 6452 6429 6515
f 6442 6445 6516
f 6429 6786 6426
f 6426 6786 6517
f 6515 6517 6452
f 6517 6429 6426
f 6429 6517 6515
f 6443 6442 6549
f 6516 6549 6442
f 6445 6549 6516
f 6546 6542 6422
f 6420 6518 6794
f 6589 6794 6518
f 6546 6510 6589
f 6512 6423 6511
f 6511 6544 6791
f 6368 6790 6592
f 6368 6513 6789
f 6789 6513 6514
f 6517 6786 6595
f 6427 6549 6785
f 6427 6416 6517
f 6447 6443 6529
f 6446 6541 6522
f 6451 6446 6453
f 6541 6530 6522
f 6530 6446 6522
f 6446 6530 6453
f 6448 6530 6449
f 6449 6530 6523
f 6449 6524 6448
f 6451 6453 6530
f 6451 6530 6448
f 6370 6533 6534
f 6447 6442 6443
f 6533 6370 6534
f 6531 6526 6456
f 6531 6456 6457
f 6457 6526 6783
f 6601 6782 6431
f 6782 6601 6432
f 6601 6781 6432
f 6781 6633 6360
f 6528 6778 6372
f 6537 6372 6778
f 6603 6777 6460
f 6460 6553 6603
f 6447 6529 6521
f 6521 6529 6541
f 6529 6530 6541
f 6523 6784 6450
f 6523 6450 6524
f 6524 6449 6523
f 6534 6525 6550
f 6550 6784 6523
f 6526 6457 6456
f 6360 6633 6780
f 6633 6781 6601
f 6528 6372 6537
f 6597 6540 6539
f 6553 6459 6540
f 6777 6603 6553
f 6538 6777 6553
f 6443 6549 6529
f 6589 6518 6543
f 6544 6511 6591
f 6513 6368 6592
f 6613 6514 6513
f 6534 6550 6598
f 6523 6530 6550
f 6534 6598 6599
f 6431 6551 6601
f 6602 6528 6434
f 6559 6461 6463
f 6461 6559 6463
f 6582 6563 6555
f 6561 6465 6776
f 6642 6774 6556
f 6564 6645 6478
f 6488 6482 6566
f 6773 6478 6645
f 6772 6645 6646
f 6643 6482 6488
f 6482 6643 6483
f 6483 6565 6482
f 6566 6643 6488
f 6565 6644 6471
f 6567 6649 6471
f 6538 6559 6461
f 6582 6604 6561
f 6604 6776 6465
f 6604 6638 6776
f 6638 6556 6775
f 6669 6562 6477
f 6477 6774 6642
f 6639 6475 6557
f 6645 6564 6475
f 6567 6471 6644
f 6471 6649 6771
f 6646 6641 6772
f 6579 6558 6641
f 6579 6481 6558
f 6643 6566 6579
f 6565 6483 6643
f 6643 6644 6565
f 6649 6567 6644
f 6648 6573 6470
f 6484 6489 6767
f 6768 6489 6484
f 6569 6484 6489
f 6484 6583 6489
f 6767 6489 6583
f 6573 6648 6470
f 6487 6765 6486
f 6486 6575 6487
f 6412 6574 6494
f 6497 6499 6574
f 6493 6570 6494
f 6493 6586 6570
f 6586 6412 6494
f 6570 6586 6494
f 6586 6574 6412
f 6757 6473 6507
f 6574 6656 6497
f 6500 6499 6498
f 6656 6499 6497
f 6499 6587 6498
f 6500 6587 6503
f 6489 6768 6569
f 6583 6484 6569
f 6651 6767 6583
f 6647 6648 6573
f 6648 6580 6766
f 6575 6766 6580
f 6765 6487 6575
f 6496 6765 6683
f 6683 6765 6575
f 6503 6761 6691
f 6759 6658 6505
f 6757 6507 6473
f 6508 6756 6659
f 6659 6755 6508
f 6509 6755 6577
f 6509 6577 6576
f 6576 6577 6501
f 6474 6754 6660
f 6501 6754 6576
f 6660 6326 6578
f 6496 6585 6764
f 6651 6583 6569
f 6586 6493 6572
f 6656 6574 6652
f 6586 6652 6574
f 6587 6500 6498
f 6503 6587 6761
f 6503 6691 6760
f 6507 6657 6756
f 6657 6659 6756
f 6505 6658 6758
f 6577 6755 6659
f 6577 6660 6754
f 6474 6660 6578
f 6577 6754 6501
f 6656 6587 6499
f 6496 6683 6585
f 6589 6543 6588
f 6514 6613 6594
f 6529 6549 6427
f 6588 6543 6343
f 6518 6340 6543
f 6588 6703 6589
f 6546 6329 6542
f 6332 6548 6547
f 6706 6544 6591
f 6513 6707 6613
f 6704 6511 6548
f 6594 6545 6514
f 6594 6608 6545
f 6545 6708 6595
f 6334 6517 6595
f 6552 6633 6634
f 6600 6534 6599
f 6538 6553 6603
f 6702 6361 6518
f 6518 6361 6340
f 6340 6590 6543
f 6591 6704 6609
f 6547 6610 6332
f 6589 6611 6605
f 6542 6612 6330
f 6588 6614 6341
f 6588 6343 6614
f 6588 6341 6615
f 6588 6615 6327
f 6327 6362 6588
f 6362 6703 6588
f 6703 6611 6589
f 6543 6590 6343
f 6529 6617 6530
f 6550 6530 6454
f 6625 6598 6550
f 6335 6517 6426
f 6599 6350 6619
f 6530 6617 6374
f 6329 6612 6542
f 6333 6344 6542
f 6542 6330 6333
f 6542 6346 6593
f 6593 6547 6542
f 6345 6547 6593
f 6346 6542 6621
f 6542 6344 6621
f 6610 6547 6328
f 6547 6363 6328
f 6547 6345 6363
f 6705 6591 6609
f 6341 6614 6343
f 6346 6345 6593
f 6327 6615 6341
f 6621 6344 6346
f 6703 6605 6611
f 6612 6329 6330
f 6332 6610 6328
f 6704 6548 6332
f 6705 6609 6704
f 6707 6596 6613
f 6340 6343 6590
f 6622 6336 6545
f 6545 6338 6622
f 6596 6608 6594
f 6622 6338 6336
f 6595 6708 6623
f 6623 6334 6595
f 6334 6426 6517
f 6709 6517 6624
f 6517 6335 6624
f 6616 6427 6417
f 6454 6530 6374
f 6598 6625 6454
f 6625 6550 6454
f 6455 6710 6598
f 6455 6598 6454
f 6351 6599 6619
f 6599 6351 6626
f 6358 6599 6626
f 6624 6335 6709
f 6334 6623 6708
f 6350 6351 6619
f 6626 6351 6358
f 6600 6620 6430
f 6711 6600 6430
f 6618 6535 6369
f 6369 6535 6711
f 6526 6712 6551
f 6601 6551 6714
f 6602 6434 6716
f 6602 6356 6528
f 6597 6719 6540
f 6628 6553 6540
f 6720 6538 6603
f 6559 6721 6581
f 6604 6582 6722
f 6632 6638 6604
f 6633 6715 6354
f 6634 6354 6355
f 6715 6601 6714
f 6717 6357 6602
f 6528 6635 6718
f 6356 6635 6528
f 6602 6357 6356
f 6356 6718 6635
f 6719 6597 6375
f 6375 6540 6719
f 6553 6628 6603
f 6462 6628 6540
f 6375 6462 6540
f 6408 6538 6720
f 6559 6378 6636
f 6378 6376 6636
f 6559 6376 6637
f 6559 6636 6376
f 6637 6384 6559
f 6637 6376 6384
f 6582 6464 6630
f 6642 6556 6640
f 6669 6477 6642
f 6639 6645 6475
f 6556 6638 6640
f 6575 6580 6683
f 6654 6657 6507
f 6642 6640 6663
f 6639 6671 6645
f 6645 6729 6646
f 6661 6646 6729
f 6641 6646 6730
f 6732 6643 6579
f 6638 6726 6640
f 6644 6643 6733
f 6383 6649 6644
f 6568 6665 6650
f 6650 6666 6569
f 6569 6735 6651
f 6737 6648 6647
f 6642 6668 6728
f 6727 6668 6642
f 6579 6731 6485
f 6645 6382 6729
f 6661 6381 6672
f 6646 6381 6673
f 6646 6672 6381
f 6646 6673 6662
f 6645 6671 6382
f 6669 6728 6670
f 6639 6670 6671
f 6728 6668 6727
f 6381 6662 6673
f 6641 6730 6480
f 6731 6579 6480
f 6579 6641 6480
f 6485 6732 6579
f 6644 6674 6383
f 6733 6674 6644
f 6383 6675 6649
f 6568 6676 6388
f 6387 6676 6568
f 6675 6734 6649
f 6389 6677 6650
f 6650 6665 6389
f 6650 6677 6678
f 6675 6383 6734
f 6676 6387 6388
f 6383 6674 6733
f 6678 6677 6389
f 6679 6738 6580
f 6683 6685 6585
f 6571 6653 6655
f 6680 6655 6740
f 6742 6586 6571
f 6390 6571 6655
f 6652 6586 6689
f 6587 6656 6681
f 6654 6658 6693
f 6659 6751 6577
f 6752 6660 6577
f 6392 6686 6585
f 6686 6393 6585
f 6653 6684 6584
f 6413 6689 6586
f 6655 6687 6390
f 6571 6390 6688
f 6571 6688 6741
f 6390 6687 6680
f 6584 6739 6653
f 6586 6412 6413
f 6742 6412 6586
f 6652 6689 6413
f 6413 6743 6652
f 6686 6392 6393
f 6685 6683 6738
f 6688 6390 6741
f 6690 6587 6681
f 6587 6690 6394
f 6690 6681 6394
f 6658 6692 6395
f 6397 6692 6658
f 6693 6694 6654
f 6657 6695 6406
f 6657 6747 6473
f 6399 6696 6657
f 6695 6657 6402
f 6657 6696 6402
f 6657 6406 6697
f 6407 6657 6697
f 6473 6399 6657
f 6698 6657 6407
f 6694 6747 6654
f 6657 6400 6748
f 6402 6696 6399
f 6692 6397 6395
f 6694 6693 6747
f 6746 6691 6394
f 6400 6698 6407
f 6406 6407 6697
f 6400 6657 6698
f 6402 6406 6695
f 6751 6699 6577
f 6577 6699 6403
f 6751 6403 6699
f 6700 6577 6682
f 6577 6700 6752
f 6700 6682 6752
f 6701 6419 6554
f 6419 6701 6702
f 6419 6702 6518
f 6589 6605 6546
f 6329 6546 6605
f 6511 6704 6591
f 6706 6591 6705
f 6544 6706 6592
f 6592 6706 6607
f 6592 6607 6606
f 6707 6592 6606
f 6592 6707 6513
f 6613 6596 6594
f 6338 6545 6608
f 6545 6336 6708
f 6517 6709 6427
f 6427 6616 6529
f 6529 6616 6617
f 6598 6710 6599
f 6350 6599 6710
f 6599 6358 6620
f 6599 6620 6600
f 6600 6711 6535
f 6535 6618 6526
f 6526 6618 6627
f 6712 6526 6627
f 6714 6551 6713
f 6713 6551 6712
f 6601 6715 6633
f 6633 6354 6634
f 6634 6355 6434
f 6602 6716 6717
f 6528 6718 6597
f 6538 6631 6559
f 6378 6559 6631
f 6559 6384 6721
f 6581 6629 6582
f 6582 6630 6722
f 6604 6722 6723
f 6604 6723 6724
f 6632 6604 6724
f 6726 6638 6725
f 6638 6632 6725
f 6640 6726 6663
f 6663 6727 6642
f 6642 6728 6669
f 6669 6670 6639
f 6646 6661 6672
f 6730 6646 6662
f 6733 6643 6664
f 6643 6732 6664
f 6649 6734 6568
f 6387 6568 6734
f 6568 6388 6665
f 6650 6678 6666
f 6569 6666 6735
f 6667 6651 6735
f 6651 6667 6647
f 6647 6667 6736
f 6647 6736 6737
f 6679 6648 6737
f 6648 6679 6580
f 6580 6738 6683
f 6392 6585 6685
f 6585 6393 6684
f 6585 6684 6653
f 6740 6653 6739
f 6653 6740 6655
f 6655 6680 6687
f 6742 6571 6741
f 6652 6743 6656
f 6656 6743 6744
f 6745 6656 6744
f 6656 6745 6681
f 6587 6394 6691
f 6691 6746 6658
f 6397 6658 6746
f 6658 6395 6693
f 6654 6747 6657
f 6657 6748 6659
f 6659 6748 6750
f 6659 6750 6749
f 6751 6659 6749
f 6577 6403 6682
f 6753 6660 6752
f 6507 6757 6654
f 6758 6654 6757
f 6654 6758 6658
f 6658 6759 6691
f 6760 6691 6759
f 6691 6761 6587
f 6586 6572 6571
f 6571 6572 6762
f 6571 6762 6653
f 6653 6762 6584
f 6584 6763 6653
f 6653 6763 6585
f 6647 6767 6651
f 6647 6573 6767
f 6569 6768 6650
f 6650 6768 6769
f 6650 6769 6770
f 6650 6770 6568
f 6568 6771 6649
f 6579 6566 6481
f 6641 6476 6772
f 6645 6772 6773
f 6639 6557 6669
f 6638 6775 6776
f 6465 6561 6604
f 6582 6561 6563
f 6582 6555 6581
f 6581 6560 6559
f 6540 6459 6539
f 6597 6778 6528
f 6528 6537 6434
f 6434 6779 6634
f 6634 6779 6552
f 6552 6780 6633
f 6783 6551 6527
f 6551 6783 6526
f 6526 6531 6535
f 6536 6535 6531
f 6535 6536 6600
f 6532 6600 6536
f 6600 6533 6534
f 6595 6520 6545
f 6545 6787 6514
f 6592 6791 6544
f 6790 6791 6592
f 6511 6792 6548
f 6519 6793 6548
f 6548 6792 6519
f 6548 6793 6547
f 6547 6422 6542
f 6796 7267 6913
f 7057 7224 6797
f 6798 7057 6797
f 6839 6818 6838
f 7173 7172 6810
f 6800 6841 6803
f 6840 6802 6801
f 7177 6804 6821
f 6916 7176 6803
f 6807 6808 6932
f 7021 7090 7089
f 7090 6932 6809
f 7100 6902 6805
f 6808 6809 6932
f 6807 6932 7100
f 6893 7180 6806
f 7034 6796 6914
f 7173 6820 7091
f 6914 6810 7172
f 6838 7091 6820
f 6810 6820 7173
f 6818 6811 6838
f 6839 6799 6812
f 6839 6813 6814
f 6817 6840 6819
f 6839 6814 6818
f 6799 6839 6843
f 6815 6840 6817
f 6892 7174 6843
f 6813 6839 6812
f 7175 7174 6892
f 7172 7034 6914
f 6892 6801 7175
f 6840 6801 6892
f 6840 6816 6819
f 6841 6800 6840
f 6916 6803 6841
f 6821 7176 6916
f 6804 7176 6821
f 7177 6821 6917
f 7088 7178 6918
f 6917 7178 7177
f 6917 6918 7178
f 6918 7179 7088
f 6842 6893 6806
f 6903 7180 6893
f 7179 6918 6920
f 6920 7089 7179
f 7021 7089 6920
f 6932 7090 7021
f 6932 6902 7100
f 6902 6842 6805
f 6822 6823 6936
f 6824 6825 6936
f 6936 6825 6822
f 6826 6824 6936
f 6940 7117 6828
f 7190 6829 6830
f 6830 7189 6911
f 6832 7107 6935
f 7185 7184 6939
f 6834 7183 7182
f 7185 6827 7186
f 6936 6833 6826
f 6936 6823 6832
f 6936 6907 6833
f 6937 7181 6907
f 6834 6939 7183
f 6834 7182 7109
f 6827 7185 6939
f 7184 7183 6939
f 6937 6834 7109
f 7186 6827 6908
f 6908 7188 7187
f 6908 6835 7188
f 6835 6837 6828
f 6835 6828 7188
f 6940 6828 6837
f 7186 6908 7187
f 6940 6911 7117
f 6830 6912 7190
f 7085 7110 6945
f 7102 6833 6907
f 7099 6894 6831
f 6920 6918 6919
f 6905 6831 6894
f 6844 6845 6946
f 6846 7111 6946
f 6946 6845 6846
f 6946 6847 6844
f 6849 7201 6956
f 6884 6850 6851
f 6884 6852 7199
f 6956 7202 6849
f 6884 7200 6850
f 6884 6851 6852
f 7012 6880 7111
f 6946 6854 6847
f 6946 7111 6880
f 7086 7193 6946
f 7195 7112 6909
f 7197 6947 7198
f 7193 6854 6946
f 6882 6909 7112
f 6882 7194 7086
f 6855 7196 7195
f 7197 7196 6855
f 6855 7195 6909
f 6855 6947 7197
f 6947 6883 7198
f 6948 6848 7198
f 6948 6955 6848
f 6955 7199 6848
f 6883 6948 7198
f 6884 7199 6955
f 7059 7145 6884
f 6956 7201 7059
f 7145 7200 6884
f 6956 6957 7202
f 6966 7203 6963
f 6960 7204 6966
f 6951 7205 6960
f 7205 7204 6960
f 6951 6968 6853
f 6968 7206 6853
f 6951 6853 7205
f 7085 6880 7192
f 6949 7206 6968
f 7142 7210 6970
f 6949 6858 6859
f 6858 6949 6860
f 6949 7140 6860
f 6950 7207 6861
f 7209 7208 6881
f 6949 6859 7206
f 7207 6885 7208
f 6950 6861 7140
f 6970 7210 7141
f 7153 7142 6971
f 6856 7212 7153
f 7212 6975 7159
f 6881 7141 7209
f 6949 6950 7140
f 6950 6885 7207
f 6885 6881 7208
f 6970 6971 7142
f 6856 6975 7212
f 6971 6856 7153
f 6881 6970 7141
f 6891 7214 6862
f 6891 6862 7213
f 6864 6865 6952
f 6866 6864 6952
f 6886 6863 6866
f 7216 6983 7218
f 7159 6952 6865
f 7166 6953 7219
f 6986 6870 6871
f 6981 6857 7157
f 6986 7220 6872
f 6986 6873 6874
f 7223 7221 6875
f 6986 6872 6876
f 7215 7214 6891
f 6867 7155 6984
f 6986 6877 6878
f 6877 6986 6879
f 6876 6879 6986
f 6979 7166 6869
f 6986 6878 6873
f 6874 6870 6986
f 7223 6988 7157
f 6869 6867 6985
f 6952 7159 6975
f 6955 6948 6954
f 6952 6886 6866
f 6886 6887 7213
f 6887 6891 7213
f 6891 6888 7215
f 6976 6983 7216
f 6890 6976 7216
f 6983 7155 7218
f 6983 6984 7155
f 6985 6979 6869
f 6984 6985 6867
f 6953 6868 7219
f 6868 6986 6871
f 6875 7221 7220
f 6986 6875 7220
f 6979 6953 7166
f 6875 6987 7223
f 6988 6981 7157
f 6987 6988 7223
f 6981 6797 7224
f 6981 7224 6857
f 6976 6890 6889
f 6914 6796 6913
f 6839 6838 6895
f 6895 6838 6820
f 6913 7267 6914
f 6914 6994 6810
f 6820 6810 7266
f 6839 6895 6896
f 6843 6839 6989
f 6892 7263 6840
f 6841 6840 7025
f 6821 6916 7261
f 6821 6899 6900
f 6821 6901 6917
f 6917 6997 6918
f 6918 7071 6919
f 6919 7260 6920
f 7073 7259 6920
f 6920 7259 7021
f 7021 6904 6932
f 6902 6932 7258
f 6894 6903 7256
f 6842 6906 6893
f 6920 7260 7073
f 6910 6935 6831
f 6889 7215 6888
f 6810 6994 6995
f 6820 7017 6898
f 7266 7017 6820
f 6839 6896 6915
f 6839 6897 7023
f 6839 6915 6897
f 6898 6895 6820
f 6892 6843 6989
f 6892 7264 7020
f 6892 7020 7263
f 7023 6989 6839
f 6840 7263 7025
f 7025 7262 6841
f 7069 6821 6900
f 6821 7261 6899
f 6901 6821 7069
f 7071 7260 6919
f 6932 6904 7068
f 6841 7262 6916
f 6921 6905 6894
f 6905 6922 6923
f 7016 6831 6998
f 6998 6905 6926
f 6998 6831 6905
f 6935 6910 6929
f 6832 6935 7255
f 6910 6831 6930
f 7254 6936 6832
f 6907 6936 7253
f 7010 6937 6907
f 7252 6834 6937
f 6902 7258 7075
f 6902 7257 6842
f 6893 6906 6933
f 6893 6933 6993
f 6894 7256 7028
f 6921 6922 6905
f 7028 6924 6894
f 6924 6921 6894
f 6923 6926 6905
f 6922 6921 6923
f 6925 6934 6831
f 6927 6928 6910
f 6934 6930 6831
f 6925 6831 7016
f 6928 6929 6910
f 6932 7068 7258
f 6995 7266 6810
f 6898 7265 6895
f 7262 7261 6916
f 6997 6917 6901
f 6842 7257 6906
f 6896 6897 6915
f 7264 6892 6989
f 6895 7265 6896
f 7006 6832 7255
f 7254 6832 7006
f 7009 6936 7254
f 6934 6925 6930
f 6927 6910 6930
f 6936 7009 7253
f 7077 6907 7253
f 6931 6907 7077
f 7252 6937 7010
f 6927 6929 6928
f 7255 6935 6929
f 7010 6907 6931
f 7252 7008 6834
f 6994 6914 7267
f 6939 6834 7008
f 7251 6827 6939
f 6908 6827 7003
f 7004 6835 6908
f 6938 6835 7115
f 6837 6835 6938
f 7013 6940 7116
f 7004 7115 6835
f 6938 7116 6940
f 7081 7011 6911
f 6940 7013 6911
f 6837 6938 6940
f 7250 6830 6911
f 7250 6912 6830
f 7249 6880 7085
f 7085 6945 6941
f 7248 6880 7012
f 6946 6880 7248
f 7012 6880 7249
f 6945 7015 7014
f 7250 6942 6912
f 6882 7086 7039
f 7039 6909 6882
f 6947 6855 7247
f 6855 6909 6943
f 7251 6939 7008
f 7015 6912 6942
f 7032 6945 7014
f 6941 6945 7032
f 7249 7085 6941
f 6911 7013 7081
f 6911 7011 7250
f 7038 7086 6946
f 6943 6909 7039
f 6883 6947 6944
f 7247 6855 6943
f 6944 6947 7247
f 6884 6955 7036
f 6960 6966 6967
f 6969 6881 6885
f 7053 6856 6971
f 7035 6948 6883
f 7245 6955 6954
f 7040 6884 7036
f 7244 6956 7059
f 6957 6956 7242
f 6955 7245 7036
f 7246 6954 6948
f 6884 7040 7059
f 6963 6957 7241
f 6959 6960 6967
f 6967 6966 6958
f 6951 6960 7041
f 6961 6949 6968
f 6968 7126 6961
f 7126 6968 7240
f 6881 6969 7043
f 6963 7241 6966
f 7058 6885 6950
f 7050 6970 6881
f 7238 7053 6971
f 6964 6856 7053
f 7237 6975 6856
f 7242 6956 7243
f 6956 7244 7243
f 6958 6959 6967
f 7041 6960 6959
f 6951 7240 6968
f 6958 6966 7241
f 7058 6950 6949
f 6885 7239 6969
f 7238 6971 7060
f 7060 6971 6970
f 6856 6964 6965
f 6885 7058 7239
f 7239 6962 6969
f 7043 6969 6962
f 7050 6881 7043
f 6970 7049 7060
f 7237 6856 6965
f 7237 6965 6964
f 7049 6970 7050
f 7044 6975 7158
f 6952 6975 7044
f 7236 6887 6886
f 6891 6887 6888
f 7235 6888 6887
f 6972 6889 6888
f 7234 6976 6889
f 7234 6983 6976
f 7044 7045 6952
f 7045 7051 6952
f 7051 6886 6952
f 7051 7132 6886
f 7236 6886 7132
f 6889 6972 6974
f 6974 6973 6889
f 6973 7234 6889
f 7232 6984 6983
f 7231 6985 6984
f 7054 6985 7165
f 6979 6985 7054
f 7230 6953 6979
f 6868 6953 7229
f 7228 6986 6868
f 6980 6875 6986
f 7226 6988 6987
f 7225 6981 6988
f 6797 6981 6798
f 6983 6978 6977
f 7233 6983 6977
f 7234 6978 6983
f 7236 7235 6887
f 6985 7231 7165
f 7054 7134 6979
f 7230 6979 7134
f 6888 7235 7048
f 6888 7048 6972
f 7233 6977 6978
f 7233 7232 6983
f 6986 7228 7137
f 6980 6986 7137
f 7055 6987 6875
f 6988 7056 6982
f 6982 7225 6988
f 6981 7225 7156
f 6981 7156 6798
f 7228 6868 7229
f 7055 6875 7227
f 6875 6980 7227
f 7230 7229 6953
f 7056 7225 6982
f 7158 6975 7237
f 6810 7266 6995
f 6995 7266 6810
f 7265 6898 6895
f 6895 6898 7017
f 7020 7264 7018
f 7261 7069 6899
f 6899 6990 6900
f 7069 6900 6990
f 6997 7071 6918
f 7071 6919 7260
f 6919 7071 7260
f 6933 6906 6991
f 6921 6924 6992
f 6906 7257 6842
f 6842 7257 6993
f 6991 6993 6933
f 6993 6906 6842
f 6906 6993 6991
f 7022 7256 6903
f 6922 6921 7028
f 6992 7028 6921
f 6924 7028 6992
f 6893 7022 6903
f 7267 6796 6995
f 7017 7266 7066
f 7266 6995 7066
f 6895 7017 7265
f 7017 7023 6897
f 7023 7018 6989
f 7025 7026 7262
f 6990 6899 7069
f 7069 7027 6901
f 7074 6904 7021
f 7260 7071 7073
f 7021 7259 7074
f 6993 7257 6902
f 7022 6893 6993
f 7022 7028 7256
f 6926 6922 7076
f 6925 7016 6999
f 6930 6925 6934
f 7016 7005 6999
f 7005 6925 6999
f 6925 7005 6934
f 6927 7005 6928
f 6928 7005 7000
f 6928 7001 6927
f 6930 6934 7005
f 6930 7005 6927
f 6936 7253 7009
f 6926 6921 6922
f 7253 6936 7009
f 7252 7002 6834
f 7252 6834 7008
f 7079 7003 6827
f 7003 7080 6908
f 7080 7004 6908
f 6911 7081 7013
f 7013 7081 6911
f 7030 7250 6911
f 7011 6911 7250
f 7085 7249 6941
f 6941 7032 7085
f 6926 7076 6998
f 6998 7076 7016
f 7076 7005 7016
f 7000 7255 6929
f 7000 6929 7001
f 7001 6928 7000
f 7006 7255 7000
f 7009 7254 7006
f 7078 7007 7252
f 7002 7008 6834
f 6827 7251 7079
f 7029 7079 7251
f 7079 7080 7003
f 7115 7004 7080
f 7030 6911 7011
f 7032 7014 7015
f 7249 7085 7032
f 7012 7249 7032
f 6922 7028 7076
f 7018 7067 7020
f 7020 7067 7025
f 7075 6993 6902
f 7000 6935 7006
f 7000 7005 6935
f 7031 7015 7083
f 7082 7030 7081
f 6836 7032 7015
f 6836 7015 7031
f 7039 6909 6943
f 6943 7087 7247
f 6944 7084 6883
f 7084 7035 6883
f 7246 7143 6954
f 6967 6959 6958
f 7244 7059 7121
f 7124 6959 6967
f 6959 7148 6960
f 6960 7041 6959
f 6958 7124 6967
f 7041 7148 6951
f 7012 7037 7248
f 6946 7248 7037
f 7037 7038 6946
f 7087 6943 6909
f 7087 7084 7247
f 6948 7035 7084
f 7143 7246 6948
f 7143 7036 7245
f 7240 6951 7148
f 7122 7241 6957
f 7124 7241 7122
f 7148 6959 7124
f 7041 6960 7148
f 7126 7240 7148
f 6961 7123 6949
f 7058 6949 7123
f 7060 7049 6970
f 6962 6969 7043
f 7239 6969 6962
f 7042 6962 6969
f 6962 7129 6969
f 7129 7050 7043
f 7043 6969 7129
f 7049 7060 6970
f 7128 7238 7060
f 6965 7237 6964
f 6964 7053 6965
f 6889 7234 6973
f 6983 6978 7234
f 6972 7046 6973
f 6972 7062 7046
f 7062 6889 6973
f 7046 7062 6973
f 7062 7234 6889
f 7234 7136 6983
f 7233 6978 6977
f 7136 6978 6983
f 6978 7063 6977
f 7232 7063 6984
f 6969 7239 7042
f 7129 6962 7042
f 7130 7050 7129
f 7060 7049 7052
f 7053 7238 7128
f 7237 6965 7053
f 7158 7237 7053
f 6987 7055 7064
f 7065 7226 6987
f 7133 7227 6980
f 6988 7226 7065
f 6988 7065 7056
f 7056 7156 6982
f 6982 7225 7056
f 6909 7061 7087
f 7052 7130 7127
f 7060 7052 7128
f 7059 7036 7121
f 7062 6972 7048
f 7136 7234 7131
f 7062 7131 7234
f 7063 7233 6977
f 6984 7063 7231
f 7137 7133 6980
f 7064 7065 6987
f 7065 7156 7056
f 7156 7057 6798
f 7156 7225 6982
f 7136 7063 6978
f 7017 7066 7019
f 7025 7067 7024
f 7076 7028 7022
f 6995 6796 7034
f 7017 7019 6814
f 7066 6811 7019
f 7017 7174 7023
f 7067 7018 6801
f 7025 7024 6800
f 6803 7026 7025
f 7071 7027 7178
f 7176 7069 7026
f 7068 7100 7075
f 6805 6993 7075
f 6903 6894 7022
f 6993 6806 7022
f 7005 7076 6935
f 7083 7015 7030
f 7082 7033 7030
f 7083 7030 7033
f 7012 7032 7085
f 7091 6838 7066
f 7066 6838 6811
f 6811 7070 7019
f 7027 6804 7092
f 7025 7093 6803
f 7023 7094 7175
f 7067 7095 6802
f 7179 7096 7073
f 7017 7097 6812
f 7017 6814 7097
f 7017 6812 7098
f 7017 7098 6799
f 6799 6843 7017
f 6843 7174 7017
f 7174 7094 7023
f 7019 7070 6814
f 6935 7107 7006
f 7078 7077 7181
f 7007 7078 7109
f 6806 6993 6842
f 7009 6822 7101
f 7076 7099 6831
f 6801 7095 7067
f 6840 6815 7067
f 7067 6802 6840
f 7067 6817 7072
f 7072 7024 7067
f 6816 7024 7072
f 6817 7067 7103
f 7067 6815 7103
f 7093 7025 6800
f 7024 6840 6800
f 7024 6816 6840
f 7177 7027 7092
f 6812 7097 6814
f 6817 6816 7072
f 6799 7098 6812
f 7103 6815 6817
f 7073 7096 7089
f 7174 7175 7094
f 7095 6801 6802
f 6803 7093 6800
f 7176 7026 6803
f 7177 7092 6804
f 7179 7089 7096
f 6811 6814 7070
f 7104 6807 7068
f 7068 6809 7104
f 7089 7090 7074
f 7104 6809 6807
f 7075 7100 7105
f 7105 6805 7075
f 6805 6842 6993
f 7180 7022 7106
f 7022 6806 7106
f 7099 7022 6894
f 6935 7076 6831
f 7006 7107 6832
f 6832 6823 7006
f 6824 7009 7101
f 7009 6824 7108
f 6833 7009 7108
f 7106 6806 7180
f 6805 7105 7100
f 6822 6824 7101
f 7108 6824 6833
f 7077 7102 6907
f 7181 7077 6907
f 7109 7078 6937
f 6937 7078 7181
f 7002 7183 7029
f 7185 7079 7029
f 7187 7080 7079
f 7082 7081 7189
f 7082 7190 7033
f 7083 7015 7031
f 7031 7191 6836
f 7110 7032 6836
f 7192 7012 7085
f 7061 6882 7112
f 7087 7061 7196
f 7197 7084 7087
f 7080 7187 7114
f 7114 7188 7080
f 7117 6911 7081
f 7115 7188 6828
f 7116 6828 7117
f 7188 7114 7187
f 7081 6911 7189
f 7189 6830 7082
f 7082 7118 7190
f 6829 7118 7082
f 7082 6830 6829
f 7083 7190 6912
f 6829 7190 7118
f 7191 7031 7015
f 7083 6912 7015
f 7015 6836 7191
f 7032 7110 7085
f 6945 7110 6836
f 7015 6945 6836
f 6880 7012 7192
f 7037 6846 7119
f 6846 6844 7119
f 7037 6844 7120
f 7037 7119 6844
f 7120 6854 7037
f 7120 6844 6854
f 7128 7158 7053
f 7121 7201 7125
f 7139 7125 7201
f 7125 7202 7122
f 7036 7143 7199
f 6848 7143 6948
f 7148 7124 7205
f 7148 6853 7126
f 7130 7129 7209
f 7210 7052 7127
f 7128 7052 7142
f 7124 7203 6966
f 6852 7144 7036
f 7036 7144 6850
f 7121 7059 7201
f 7139 6849 7146
f 7125 6849 7147
f 7125 7146 6849
f 7125 7147 7202
f 7121 7145 7059
f 7143 6848 7199
f 7144 6852 6850
f 6848 6948 7198
f 6849 7202 7147
f 6963 7122 6957
f 7122 7202 6957
f 7203 7122 6963
f 6966 7204 7124
f 6853 7149 7126
f 7123 7150 6860
f 6859 7150 7123
f 7149 7206 7126
f 6861 7151 7042
f 7042 7151 7207
f 7149 6853 7206
f 7150 6859 6860
f 6853 7148 7205
f 7207 7151 6861
f 7128 7152 7212
f 7153 7212 7152
f 7153 7152 7128
f 7045 7158 7159
f 7047 7132 7135
f 7154 7135 7213
f 7215 7062 7047
f 6862 7047 7135
f 7131 7062 7163
f 7063 7136 7155
f 7165 7063 6867
f 6869 7134 7165
f 7138 7134 7166
f 7137 7138 7219
f 7133 7137 7220
f 7221 7064 7133
f 7224 7057 7156
f 6865 7160 7045
f 7160 6866 7045
f 7132 6863 6886
f 6890 7163 7062
f 7135 7161 6862
f 7047 6862 7162
f 7047 7162 7214
f 6862 7161 7154
f 6886 7213 7132
f 7062 6889 6890
f 7215 6889 7062
f 7131 7163 6890
f 6890 7216 7131
f 7160 6865 6866
f 7159 7158 7212
f 7162 6862 7214
f 7164 7063 7155
f 7063 7164 6867
f 7164 7155 6867
f 7137 7167 6878
f 7137 7219 6868
f 6871 7168 7137
f 7167 7137 6874
f 7137 7168 6874
f 7137 6878 7169
f 6879 7137 7169
f 6868 6871 7137
f 7170 7137 6879
f 7137 6872 7220
f 6874 7168 6871
f 7134 6869 7166
f 7138 7166 7219
f 6869 7165 6867
f 6872 7170 6879
f 6878 6879 7169
f 6872 7137 7170
f 6874 6878 7167
f 7223 7157 7065
f 7171 7156 6857
f 7156 7171 7224
f 7171 6857 7224
f 7172 6995 7034
f 6995 7172 7173
f 6995 7173 7066
f 7066 7173 7091
f 7023 7175 6801
f 7023 6801 7018
f 7069 6804 7027
f 7069 7176 6804
f 7027 7177 7178
f 7088 7071 7178
f 7179 7071 7088
f 7071 7179 7073
f 7073 7089 7074
f 7074 7090 7068
f 6809 7068 7090
f 7068 6807 7100
f 7022 7180 6903
f 7022 7099 7076
f 7006 6823 7009
f 6822 7009 6823
f 7009 6833 7102
f 7009 7102 7077
f 7007 7109 7002
f 7002 7109 7182
f 7183 7002 7182
f 7184 7029 7183
f 7185 7029 7184
f 7079 7185 7186
f 7079 7186 7187
f 7080 7188 7115
f 7115 6828 7116
f 7116 7117 7081
f 7033 7190 7083
f 7012 7111 7037
f 6846 7037 7111
f 7037 6854 7193
f 7037 7193 7086
f 7086 7194 7061
f 7061 7194 6882
f 7061 7112 7195
f 7061 7195 7196
f 7087 7196 7197
f 7084 7197 7113
f 7198 7084 7113
f 7084 7198 6948
f 6852 7036 7199
f 7036 6850 7200
f 7036 7200 7145
f 7036 7145 7121
f 7125 7139 7146
f 7122 7203 7124
f 7204 7205 7124
f 7126 7206 7123
f 6859 7123 7206
f 7123 6860 7140
f 6861 7123 7140
f 7123 6861 7042
f 7208 7042 7207
f 7042 7208 7129
f 7129 7208 7209
f 7130 7209 7141
f 7130 7141 7127
f 7127 7141 7211
f 7210 7127 7211
f 7142 7052 7210
f 7128 7142 7153
f 7128 7212 7158
f 6865 7045 7159
f 7045 6866 6863
f 7045 6863 7132
f 7132 7213 7135
f 7135 7154 7161
f 7215 7047 7214
f 7131 7216 7136
f 7136 7216 7217
f 7218 7136 7217
f 7136 7218 7155
f 7221 7133 7220
f 7222 7223 7064
f 7064 7221 7222
f 7064 7223 7065
f 7065 7157 7156
f 6857 7156 7157
f 7227 7064 7055
f 7064 7227 7133
f 7137 7228 7138
f 7228 7229 7138
f 7138 7229 7230
f 7138 7230 7134
f 7134 7054 7165
f 7165 7231 7063
f 7063 7232 7233
f 7062 7048 7047
f 7048 7235 7047
f 7047 7235 7132
f 7235 7236 7132
f 7132 7051 7045
f 7045 7044 7158
f 7052 7049 7050
f 7052 7050 7130
f 7042 7239 7058
f 7042 7058 7123
f 7123 6961 7126
f 7241 7124 6958
f 6957 7242 7122
f 7122 7242 7125
f 7125 7242 7243
f 7125 7243 7121
f 7121 7243 7244
f 7059 7040 7036
f 7143 7245 6954
f 7084 6944 7247
f 6909 7039 7061
f 7061 7039 7086
f 7086 7038 7037
f 7015 6942 7030
f 7030 6942 7250
f 7030 7011 7081
f 7081 7013 7116
f 7116 6938 7115
f 7029 7251 7008
f 7029 7008 7002
f 7002 7252 7007
f 7078 7252 7010
f 6931 7078 7010
f 7078 6931 7077
f 7077 7253 7009
f 7075 7258 7068
f 7068 6904 7074
f 7074 7259 7073
f 6901 7071 6997
f 7071 6901 7027
f 7069 7261 7026
f 6996 7262 7026
f 7026 7261 6996
f 7025 7263 7020
f 7018 7264 6989
f 6896 7017 6897
f 7017 6896 7265
f 6995 6994 7267
f 7269 7301 7270
f 7271 7272 7301
f 7268 7301 7269
f 7273 7270 7301
f 7274 7271 7301
f 7275 7276 7301
f 7277 7275 7301
f 7301 7278 7273
f 7279 7278 7301
f 7280 7281 7301
f 7282 7280 7301
f 7301 7283 7279
f 7284 7301 7281
f 7301 7284 7283
f 7276 7282 7301
f 7272 7277 7301
f 7321 7285 7320
f 7286 7287 7301
f 7288 7289 7301
f 7287 7288 7301
f 7290 7286 7301
f 7290 7301 7291
f 7292 7301 7293
f 7291 7301 7292
f 7294 7295 7301
f 7296 7274 7301
f 7297 7296 7301
f 7295 7297 7301
f 7298 7301 7299
f 7293 7301 7298
f 7289 7294 7301
f 7300 7301 7268
f 7300 7299 7301
f 7302 7290 7291
f 7303 7286 7290
f 7292 7293 7304
f 7298 7299 7305
f 7293 7298 7306
f 7291 7292 7307
f 7302 7303 7290
f 7308 7286 7303
f 7307 7302 7291
f 7304 7293 7306
f 7306 7298 7305
f 7292 7304 7307
f 7299 7309 7305
f 7299 7300 7309
f 7281 7310 7311
f 7300 7268 7312
f 7269 7270 7313
f 7268 7269 7312
f 7273 7278 7314
f 7283 7284 7315
f 7270 7273 7316
f 7312 7269 7313
f 7316 7273 7314
f 7270 7316 7313
f 7283 7317 7279
f 7283 7315 7317
f 7279 7317 7318
f 7284 7311 7315
f 7318 7314 7278
f 7278 7279 7318
f 7284 7281 7311
f 7300 7312 7309
f 7308 7303 7320
f 7304 7306 7321
f 7321 7306 7305
f 7304 7320 7307
f 7320 7302 7307
f 7320 7303 7302
f 7321 7305 7309
f 7320 7304 7321
f 7312 7321 7309
f 7321 7312 7313
f 7319 7317 7315
f 7316 7314 7321
f 7319 7314 7318
f 7313 7316 7321
f 7317 7319 7318
f 7319 7315 7311
f 7321 7314 7319
f 7311 7310 7319
f 7319 7285 7321
f 7319 7322 7285
f 7323 7320 7285
f 7310 7324 7322
f 7310 7322 7319
f 7322 7324 7325
f 7326 7327 7322
f 7322 7327 7328
f 7326 7322 7329
f 7322 7325 7329
f 7328 7330 7285
f 7285 7330 7331
f 7322 7328 7285
f 7333 7323 7332
f 7285 7331 7323
f 7323 7333 7334
f 7323 7331 7332
f 7335 7323 7336
f 7337 7323 7335
f 7338 7336 7323
f 7323 7337 7308
f 7323 7334 7338
f 7320 7323 7308
f 7281 7280 7310
f 7282 7276 7325
f 7280 7282 7324
f 7275 7277 7326
f 7272 7271 7328
f 7277 7272 7327
f 7276 7275 7329
f 7310 7280 7324
f 7325 7276 7329
f 7282 7325 7324
f 7277 7327 7326
f 7326 7329 7275
f 7327 7272 7328
f 7328 7271 7330
f 7274 7331 7330
f 7271 7274 7330
f 7296 7297 7333
f 7295 7294 7338
f 7297 7295 7334
f 7289 7288 7335
f 7287 7286 7308
f 7288 7287 7337
f 7294 7289 7336
f 7331 7274 7332
f 7334 7333 7297
f 7332 7296 7333
f 7336 7338 7294
f 7337 7335 7288
f 7308 7337 7287
f 7336 7289 7335
f 7334 7295 7338
f 7332 7274 7296
f 7340 7372 7341
f 7342 7343 7372
f 7339 7372 7340
f 7344 7341 7372
f 7345 7342 7372
f 7346 7347 7372
f 7348 7346 7372
f 7372 7349 7344
f 7350 7349 7372
f 7351 7352 7372
f 7353 7351 7372
f 7372 7354 7350
f 7355 7372 7352
f 7372 7355 7354
f 7347 7353 7372
f 7343 7348 7372
f 7390 7393 7356
f 7357 7358 7372
f 7359 7360 7372
f 7358 7359 7372
f 7361 7357 7372
f 7361 7372 7362
f 7363 7372 7364
f 7362 7372 7363
f 7365 7366 7372
f 7367 7345 7372
f 7368 7367 7372
f 7366 7368 7372
f 7369 7372 7370
f 7364 7372 7369
f 7360 7365 7372
f 7371 7372 7339
f 7371 7370 7372
f 7373 7361 7362
f 7374 7357 7361
f 7363 7364 7375
f 7369 7370 7376
f 7364 7369 7377
f 7362 7363 7378
f 7373 7374 7361
f 7379 7357 7374
f 7378 7373 7362
f 7375 7364 7377
f 7377 7369 7376
f 7363 7375 7378
f 7370 7380 7376
f 7370 7371 7380
f 7352 7381 7382
f 7371 7339 7383
f 7340 7341 7384
f 7339 7340 7383
f 7344 7349 7385
f 7354 7355 7386
f 7341 7344 7387
f 7383 7340 7384
f 7387 7344 7385
f 7341 7387 7384
f 7354 7388 7350
f 7354 7386 7388
f 7350 7388 7389
f 7355 7382 7386
f 7389 7385 7349
f 7349 7350 7389
f 7355 7352 7382
f 7371 7383 7380
f 7379 7374 7356
f 7375 7377 7391
f 7391 7377 7376
f 7375 7356 7378
f 7356 7373 7378
f 7356 7374 7373
f 7391 7376 7380
f 7356 7375 7391
f 7383 7391 7380
f 7391 7383 7384
f 7390 7388 7386
f 7387 7385 7391
f 7390 7385 7389
f 7384 7387 7391
f 7388 7390 7389
f 7390 7386 7382
f 7391 7385 7390
f 7382 7381 7390
f 7356 7391 7390
f 7390 7392 7393
f 7392 7381 7394
f 7381 7392 7390
f 7392 7394 7395
f 7396 7397 7392
f 7392 7397 7398
f 7396 7392 7399
f 7392 7395 7399
f 7398 7400 7392
f 7392 7400 7401
f 7403 7393 7402
f 7392 7401 7393
f 7393 7403 7404
f 7393 7401 7402
f 7405 7356 7406
f 7407 7356 7405
f 7408 7406 7356
f 7356 7407 7379
f 7393 7404 7408
f 7393 7408 7356
f 7352 7351 7381
f 7353 7347 7395
f 7351 7353 7394
f 7346 7348 7396
f 7343 7342 7398
f 7348 7343 7397
f 7347 7346 7399
f 7381 7351 7394
f 7395 7347 7399
f 7353 7395 7394
f 7348 7397 7396
f 7396 7399 7346
f 7397 7343 7398
f 7398 7342 7400
f 7345 7401 7400
f 7342 7345 7400
f 7367 7368 7403
f 7366 7365 7408
f 7368 7366 7404
f 7360 7359 7405
f 7358 7357 7379
f 7359 7358 7407
f 7365 7360 7406
f 7401 7345 7402
f 7404 7403 7368
f 7402 7367 7403
f 7406 7408 7365
f 7407 7405 7359
f 7379 7407 7358
f 7406 7360 7405
f 7404 7366 7408
f 7402 7345 7367
f 7410 7411 7412
f 7413 7414 7444
f 7415 7416 7483
f 7417 7418 7483
f 7416 7417 7483
f 7414 7415 7483
f 7419 7483 7420
f 7421 7483 7422
f 7420 7483 7421
f 7410 7423 7424
f 7425 7483 7426
f 7427 7483 7428
f 7426 7483 7427
f 7422 7483 7425
f 7429 7430 7483
f 7431 7432 7483
f 7433 7431 7483
f 7430 7433 7483
f 7434 7435 7483
f 7436 7410 7483
f 7435 7436 7483
f 7432 7434 7483
f 7437 7483 7438
f 7438 7483 7439
f 7440 7441 7483
f 7442 7423 7410
f 7424 7411 7410
f 7440 7483 7443
f 7439 7483 7441
f 7428 7483 7437
f 7418 7429 7483
f 7444 7414 7483
f 7445 7443 7483
f 7410 7412 7446
f 7446 7483 7410
f 7483 7446 7445
f 7410 7447 7442
f 7448 7449 7483
f 7450 7451 7483
f 7449 7450 7483
f 7452 7453 7483
f 7453 7454 7483
f 7455 7456 7483
f 7454 7455 7483
f 7451 7452 7483
f 7457 7448 7483
f 7458 7459 7483
f 7457 7483 7459
f 7460 7461 7483
f 7460 7483 7462
f 7463 7464 7483
f 7462 7483 7464
f 7458 7483 7461
f 7465 7448 7466
f 7467 7468 7483
f 7469 7470 7483
f 7468 7469 7483
f 7471 7472 7483
f 7473 7409 7444
f 7472 7473 7483
f 7470 7471 7483
f 7474 7475 7483
f 7476 7483 7477
f 7474 7483 7476
f 7478 7483 7479
f 7457 7480 7448
f 7477 7483 7478
f 7463 7483 7475
f 7456 7467 7483
f 7481 7483 7419
f 7481 7479 7483
f 7480 7482 7448
f 7483 7473 7444
f 7466 7448 7482
f 7484 7448 7465
f 7485 7448 7484
f 7420 7421 7486
f 7419 7420 7487
f 7422 7425 7488
f 7426 7427 7489
f 7425 7426 7490
f 7421 7422 7491
f 7428 7437 7492
f 7438 7439 7493
f 7437 7438 7494
f 7441 7440 7495
f 7443 7445 7496
f 7440 7443 7497
f 7439 7441 7498
f 7427 7428 7499
f 7487 7420 7486
f 7419 7487 7500
f 7491 7422 7488
f 7490 7426 7489
f 7425 7490 7488
f 7421 7491 7486
f 7499 7428 7492
f 7438 7493 7494
f 7494 7492 7437
f 7489 7427 7499
f 7493 7439 7498
f 7495 7440 7497
f 7497 7443 7496
f 7441 7495 7498
f 7501 7496 7445
f 7445 7446 7501
f 7409 7502 7503
f 7410 7436 7504
f 7435 7434 7505
f 7436 7435 7506
f 7432 7431 7507
f 7433 7430 7508
f 7431 7433 7509
f 7434 7432 7510
f 7429 7418 7511
f 7417 7416 7512
f 7418 7417 7513
f 7415 7414 7514
f 7413 7444 7503
f 7414 7413 7515
f 7416 7415 7516
f 7430 7429 7517
f 7501 7446 7518
f 7506 7504 7436
f 7518 7410 7504
f 7510 7505 7434
f 7509 7507 7431
f 7510 7432 7507
f 7506 7435 7505
f 7517 7508 7430
f 7513 7511 7418
f 7517 7429 7511
f 7516 7512 7416
f 7515 7514 7414
f 7503 7515 7413
f 7516 7415 7514
f 7513 7417 7512
f 7509 7433 7508
f 7444 7409 7503
f 7518 7446 7410
f 7519 7491 7488
f 7486 7519 7487
f 7487 7519 7500
f 7519 7490 7489
f 7491 7519 7486
f 7519 7488 7490
f 7492 7520 7499
f 7520 7492 7494
f 7493 7498 7520
f 7495 7520 7498
f 7493 7520 7494
f 7496 7520 7497
f 7489 7499 7519
f 7495 7497 7520
f 7499 7520 7519
f 7496 7501 7520
f 7520 7501 7518
f 7520 7504 7506
f 7504 7520 7518
f 7520 7505 7510
f 7520 7510 7507
f 7509 7520 7507
f 7505 7520 7506
f 7520 7508 7517
f 7521 7517 7511
f 7514 7521 7516
f 7513 7521 7511
f 7503 7521 7515
f 7509 7508 7520
f 7521 7514 7515
f 7520 7517 7521
f 7521 7512 7516
f 7513 7512 7521
f 7503 7502 7521
f 7502 7522 7521
f 7520 7521 7522
f 7522 7523 7520
f 7520 7523 7519
f 7524 7525 7522
f 7524 7522 7526
f 7526 7522 7502
f 7525 7527 7522
f 7528 7529 7522
f 7529 7530 7522
f 7523 7531 7532
f 7523 7533 7531
f 7522 7534 7535
f 7535 7536 7522
f 7537 7534 7522
f 7530 7537 7522
f 7536 7533 7522
f 7538 7528 7522
f 7527 7538 7522
f 7533 7523 7522
f 7532 7539 7523
f 7540 7523 7541
f 7542 7523 7543
f 7543 7523 7544
f 7545 7523 7546
f 7547 7546 7523
f 7547 7523 7542
f 7523 7540 7544
f 7548 7549 7523
f 7550 7551 7523
f 7519 7552 7553
f 7554 7519 7553
f 7523 7549 7552
f 7500 7519 7554
f 7550 7523 7545
f 7551 7548 7523
f 7523 7552 7519
f 7541 7523 7539
f 7409 7473 7526
f 7472 7471 7525
f 7473 7472 7524
f 7470 7469 7538
f 7468 7467 7529
f 7469 7468 7528
f 7471 7470 7527
f 7456 7455 7537
f 7454 7453 7535
f 7455 7454 7534
f 7452 7451 7533
f 7450 7449 7532
f 7451 7450 7531
f 7453 7452 7536
f 7467 7456 7530
f 7502 7409 7526
f 7524 7472 7525
f 7473 7524 7526
f 7527 7470 7538
f 7528 7468 7529
f 7469 7528 7538
f 7471 7527 7525
f 7530 7456 7537
f 7454 7535 7534
f 7534 7537 7455
f 7529 7467 7530
f 7535 7453 7536
f 7533 7451 7531
f 7531 7450 7532
f 7452 7533 7536
f 7539 7532 7449
f 7449 7448 7539
f 7457 7459 7540
f 7458 7461 7543
f 7459 7458 7544
f 7460 7462 7547
f 7464 7463 7545
f 7462 7464 7546
f 7461 7460 7542
f 7475 7474 7551
f 7476 7477 7549
f 7474 7476 7548
f 7478 7479 7553
f 7481 7419 7500
f 7479 7481 7554
f 7477 7478 7552
f 7463 7475 7550
f 7539 7448 7541
f 7544 7540 7459
f 7541 7457 7540
f 7542 7543 7461
f 7546 7547 7462
f 7542 7460 7547
f 7544 7458 7543
f 7550 7545 7463
f 7548 7551 7474
f 7550 7475 7551
f 7552 7549 7477
f 7554 7553 7479
f 7500 7554 7481
f 7552 7478 7553
f 7548 7476 7549
f 7546 7464 7545
f 7541 7448 7457
f 7556 7557 7558
f 7559 7560 7590
f 7561 7562 7629
f 7563 7564 7629
f 7562 7563 7629
f 7560 7561 7629
f 7565 7629 7566
f 7567 7629 7568
f 7566 7629 7567
f 7556 7569 7570
f 7571 7629 7572
f 7573 7629 7574
f 7572 7629 7573
f 7568 7629 7571
f 7575 7576 7629
f 7577 7578 7629
f 7579 7577 7629
f 7576 7579 7629
f 7580 7581 7629
f 7582 7556 7629
f 7581 7582 7629
f 7578 7580 7629
f 7583 7629 7584
f 7584 7629 7585
f 7586 7587 7629
f 7588 7569 7556
f 7570 7557 7556
f 7586 7629 7589
f 7585 7629 7587
f 7574 7629 7583
f 7564 7575 7629
f 7590 7560 7629
f 7591 7589 7629
f 7556 7558 7592
f 7592 7629 7556
f 7629 7592 7591
f 7556 7593 7588
f 7594 7595 7629
f 7596 7597 7629
f 7595 7596 7629
f 7598 7599 7629
f 7599 7600 7629
f 7601 7602 7629
f 7600 7601 7629
f 7597 7598 7629
f 7603 7594 7629
f 7604 7605 7629
f 7603 7629 7605
f 7606 7607 7629
f 7606 7629 7608
f 7609 7610 7629
f 7608 7629 7610
f 7604 7629 7607
f 7611 7594 7612
f 7613 7614 7629
f 7615 7616 7629
f 7614 7615 7629
f 7617 7618 7629
f 7619 7555 7590
f 7618 7619 7629
f 7616 7617 7629
f 7620 7621 7629
f 7622 7629 7623
f 7620 7629 7622
f 7624 7629 7625
f 7603 7626 7594
f 7623 7629 7624
f 7609 7629 7621
f 7602 7613 7629
f 7627 7629 7565
f 7627 7625 7629
f 7626 7628 7594
f 7629 7619 7590
f 7612 7594 7628
f 7630 7594 7611
f 7631 7594 7630
f 7566 7567 7632
f 7565 7566 7633
f 7568 7571 7634
f 7572 7573 7635
f 7571 7572 7636
f 7567 7568 7637
f 7574 7583 7638
f 7584 7585 7639
f 7583 7584 7640
f 7587 7586 7641
f 7589 7591 7642
f 7586 7589 7643
f 7585 7587 7644
f 7573 7574 7645
f 7633 7566 7632
f 7565 7633 7646
f 7637 7568 7634
f 7636 7572 7635
f 7571 7636 7634
f 7567 7637 7632
f 7645 7574 7638
f 7584 7639 7640
f 7640 7638 7583
f 7635 7573 7645
f 7639 7585 7644
f 7641 7586 7643
f 7643 7589 7642
f 7587 7641 7644
f 7647 7642 7591
f 7591 7592 7647
f 7555 7648 7649
f 7556 7582 7650
f 7581 7580 7651
f 7582 7581 7652
f 7578 7577 7653
f 7579 7576 7654
f 7577 7579 7655
f 7580 7578 7656
f 7575 7564 7657
f 7563 7562 7658
f 7564 7563 7659
f 7561 7560 7660
f 7559 7590 7649
f 7560 7559 7661
f 7562 7561 7662
f 7576 7575 7663
f 7647 7592 7664
f 7652 7650 7582
f 7664 7556 7650
f 7656 7651 7580
f 7655 7653 7577
f 7656 7578 7653
f 7652 7581 7651
f 7663 7654 7576
f 7659 7657 7564
f 7663 7575 7657
f 7662 7658 7562
f 7661 7660 7560
f 7649 7661 7559
f 7662 7561 7660
f 7659 7563 7658
f 7655 7579 7654
f 7590 7555 7649
f 7664 7592 7556
f 7665 7637 7634
f 7632 7665 7633
f 7633 7665 7646
f 7665 7636 7635
f 7637 7665 7632
f 7665 7634 7636
f 7638 7666 7645
f 7666 7638 7640
f 7639 7644 7666
f 7641 7666 7644
f 7639 7666 7640
f 7642 7666 7643
f 7635 7645 7665
f 7641 7643 7666
f 7645 7666 7665
f 7642 7647 7666
f 7666 7647 7664
f 7666 7650 7652
f 7650 7666 7664
f 7666 7651 7656
f 7666 7656 7653
f 7655 7666 7653
f 7651 7666 7652
f 7666 7654 7663
f 7667 7663 7657
f 7660 7667 7662
f 7659 7667 7657
f 7649 7667 7661
f 7655 7654 7666
f 7667 7660 7661
f 7666 7663 7667
f 7667 7658 7662
f 7659 7658 7667
f 7649 7648 7667
f 7648 7668 7667
f 7666 7667 7668
f 7668 7669 7666
f 7666 7669 7665
f 7670 7671 7668
f 7670 7668 7672
f 7672 7668 7648
f 7671 7673 7668
f 7674 7675 7668
f 7675 7676 7668
f 7669 7677 7678
f 7669 7679 7677
f 7668 7680 7681
f 7681 7682 7668
f 7683 7680 7668
f 7676 7683 7668
f 7682 7679 7668
f 7684 7674 7668
f 7673 7684 7668
f 7679 7669 7668
f 7678 7685 7669
f 7686 7669 7687
f 7688 7669 7689
f 7689 7669 7690
f 7691 7669 7692
f 7693 7692 7669
f 7693 7669 7688
f 7669 7686 7690
f 7694 7695 7669
f 7696 7697 7669
f 7665 7698 7699
f 7700 7665 7699
f 7669 7695 7698
f 7646 7665 7700
f 7696 7669 7691
f 7697 7694 7669
f 7669 7698 7665
f 7687 7669 7685
f 7555 7619 7672
f 7618 7617 7671
f 7619 7618 7670
f 7616 7615 7684
f 7614 7613 7675
f 7615 7614 7674
f 7617 7616 7673
f 7602 7601 7683
f 7600 7599 7681
f 7601 7600 7680
f 7598 7597 7679
f 7596 7595 7678
f 7597 7596 7677
f 7599 7598 7682
f 7613 7602 7676
f 7648 7555 7672
f 7670 7618 7671
f 7619 7670 7672
f 7673 7616 7684
f 7674 7614 7675
f 7615 7674 7684
f 7617 7673 7671
f 7676 7602 7683
f 7600 7681 7680
f 7680 7683 7601
f 7675 7613 7676
f 7681 7599 7682
f 7679 7597 7677
f 7677 7596 7678
f 7598 7679 7682
f 7685 7678 7595
f 7595 7594 7685
f 7603 7605 7686
f 7604 7607 7689
f 7605 7604 7690
f 7606 7608 7693
f 7610 7609 7691
f 7608 7610 7692
f 7607 7606 7688
f 7621 7620 7697
f 7622 7623 7695
f 7620 7622 7694
f 7624 7625 7699
f 7627 7565 7646
f 7625 7627 7700
f 7623 7624 7698
f 7609 7621 7696
f 7685 7594 7687
f 7690 7686 7605
f 7687 7603 7686
f 7688 7689 7607
f 7692 7693 7608
f 7688 7606 7693
f 7690 7604 7689
f 7696 7691 7609
f 7694 7697 7620
f 7696 7621 7697
f 7698 7695 7623
f 7700 7699 7625
f 7646 7700 7627
f 7698 7624 7699
f 7694 7622 7695
f 7692 7610 7691
f 7687 7594 7603
f 7701 7703 7704
f 7705 7704 7703
f 7702 7703 7701
f 7707 7708 7842
f 7842 7703 7709
f 7709 7707 7842
f 7710 7709 7703
f 7703 7702 7710
f 7712 7713 7703
f 7712 7717 7715
f 7715 7716 7712
f 7718 7713 7712
f 7705 7703 7706
f 7706 7703 7713
f 7716 7714 7712
f 7714 7711 7712
f 7718 7712 7711
f 7721 7719 7842
f 7720 7722 7842
f 7719 7720 7842
f 7842 7708 7721
f 7842 7722 7723
f 7723 7730 7842
f 7724 7730 7725
f 7726 7730 7724
f 7725 7730 7723
f 7728 7730 7727
f 7728 7729 7730
f 7731 7732 7733
f 7734 7735 7844
f 7732 7734 7844
f 7729 7731 7733
f 7733 7730 7729
f 7844 7733 7732
f 7844 7735 7736
f 7727 7730 7726
f 7717 7712 7737
f 7712 7738 7741
f 7741 7737 7712
f 7739 7743 7738
f 7741 7738 7743
f 7742 7740 7738
f 7738 7744 7745
f 7745 7742 7738
f 7739 7738 7740
f 7746 7747 7738
f 7748 7749 7746
f 7748 7746 7738
f 7747 7744 7738
f 7750 7751 7748
f 7752 7753 7748
f 7750 7748 7753
f 7751 7749 7748
f 7754 7755 7844
f 7756 7757 7844
f 7754 7844 7757
f 7759 7760 7845
f 7758 7845 7760
f 7755 7759 7845
f 7756 7844 7761
f 7761 7844 7736
f 7755 7845 7844
f 7758 7762 7845
f 7763 7764 7748
f 7845 7765 7766
f 7763 7748 7766
f 7748 7767 7752
f 7748 7764 7767
f 7768 7769 7845
f 7762 7768 7845
f 7769 7765 7845
f 7766 7748 7845
f 7776 7770 7777
f 7777 7770 7774
f 7774 7770 7778
f 7779 7782 7780
f 7770 7782 7775
f 7782 7779 7781
f 7782 7781 7775
f 7775 7778 7770
f 7787 7788 7791
f 7785 7787 7791
f 7791 7784 7789
f 7790 7770 7776
f 7784 7770 7790
f 7791 7786 7785
f 7783 7791 7789
f 7784 7791 7770
f 7780 7782 7793
f 7793 7782 7792
f 7782 7794 7792
f 7782 7795 7794
f 7796 7795 7782
f 7797 7796 7782
f 7797 7801 7798
f 7796 7797 7798
f 7799 7797 7802
f 7802 7797 7800
f 7772 7803 7804
f 7772 7805 7806
f 7772 7806 7803
f 7797 7804 7800
f 7772 7804 7797
f 7772 7807 7808
f 7772 7808 7805
f 7801 7797 7799
f 7773 7788 7809
f 7810 7773 7809
f 7791 7788 7773
f 7773 7810 7811
f 7773 7813 7812
f 7813 7773 7811
f 7814 7815 7838
f 7816 7817 7838
f 7838 7815 7816
f 7814 7773 7812
f 7814 7838 7773
f 7818 7838 7819
f 7819 7838 7817
f 7820 7838 7818
f 7838 7821 7822
f 7821 7838 7820
f 7822 7823 7838
f 7831 7824 7825
f 7772 7826 7827
f 7826 7831 7825
f 7828 7829 7831
f 7831 7829 7830
f 7831 7830 7824
f 7772 7831 7826
f 7827 7832 7772
f 7807 7772 7832
f 7831 7833 7828
f 7838 7834 7835
f 7836 7837 7831
f 7838 7835 7836
f 7823 7839 7838
f 7839 7834 7838
f 7831 7841 7840
f 7840 7833 7831
f 7841 7831 7837
f 7831 7838 7836
f 7782 7772 7797
f 7843 7846 7772
f 7782 7771 7772
f 7831 7772 7846
f 7831 7846 7838
f 7771 7843 7772
f 7730 7733 7843
f 7733 7844 7843
f 7771 7730 7843
f 7842 7730 7771
f 7843 7844 7846
f 7844 7845 7846
f 7748 7846 7845
f 7753 7752 7822
f 7820 7751 7750
f 7750 7753 7821
f 7819 7746 7749
f 7816 7744 7747
f 7817 7747 7746
f 7818 7749 7751
f 7814 7742 7745
f 7813 7739 7740
f 7812 7740 7742
f 7810 7741 7743
f 7788 7717 7737
f 7809 7737 7741
f 7811 7743 7739
f 7815 7745 7744
f 7822 7752 7823
f 7750 7821 7820
f 7820 7818 7751
f 7749 7818 7819
f 7747 7817 7816
f 7817 7746 7819
f 7753 7822 7821
f 7814 7745 7815
f 7812 7813 7740
f 7742 7814 7812
f 7815 7744 7816
f 7811 7739 7813
f 7809 7741 7810
f 7788 7737 7809
f 7811 7810 7743
f 7787 7715 7717
f 7717 7788 7787
f 7786 7714 7716
f 7783 7711 7714
f 7789 7713 7718
f 7790 7705 7706
f 7784 7706 7713
f 7789 7718 7711
f 7777 7701 7704
f 7708 7707 7779
f 7778 7710 7702
f 7781 7707 7709
f 7775 7709 7710
f 7780 7721 7708
f 7774 7702 7701
f 7776 7704 7705
f 7787 7785 7715
f 7791 7714 7786
f 7785 7786 7716
f 7789 7711 7783
f 7790 7706 7784
f 7789 7784 7713
f 7791 7783 7714
f 7777 7704 7776
f 7777 7774 7701
f 7721 7780 7793
f 7776 7705 7790
f 7778 7702 7774
f 7781 7709 7775
f 7779 7707 7781
f 7778 7775 7710
f 7708 7779 7780
f 7716 7715 7785
f 7792 7720 7719
f 7793 7719 7721
f 7795 7723 7722
f 7798 7724 7725
f 7796 7725 7723
f 7794 7722 7720
f 7799 7727 7726
f 7800 7729 7728
f 7802 7728 7727
f 7803 7732 7731
f 7805 7735 7734
f 7806 7734 7732
f 7804 7731 7729
f 7801 7726 7724
f 7794 7720 7792
f 7793 7792 7719
f 7796 7723 7795
f 7801 7724 7798
f 7796 7798 7725
f 7794 7795 7722
f 7802 7727 7799
f 7800 7804 7729
f 7728 7802 7800
f 7799 7726 7801
f 7803 7731 7804
f 7805 7734 7806
f 7808 7735 7805
f 7803 7806 7732
f 7808 7807 7736
f 7736 7735 7808
f 7767 7823 7752
f 7827 7756 7761
f 7825 7754 7757
f 7826 7757 7756
f 7830 7759 7755
f 7828 7758 7760
f 7829 7760 7759
f 7824 7755 7754
f 7840 7768 7762
f 7837 7765 7769
f 7841 7769 7768
f 7835 7763 7766
f 7839 7767 7764
f 7834 7764 7763
f 7836 7766 7765
f 7833 7762 7758
f 7761 7807 7832
f 7756 7827 7826
f 7827 7761 7832
f 7754 7825 7824
f 7759 7830 7829
f 7830 7755 7824
f 7825 7757 7826
f 7758 7828 7833
f 7768 7840 7841
f 7840 7762 7833
f 7765 7837 7836
f 7763 7835 7834
f 7764 7834 7839
f 7835 7766 7836
f 7837 7769 7841
f 7828 7760 7829
f 7839 7823 7767
f 7736 7807 7761
f 7738 7712 7846
f 7738 7846 7748
f 7712 7703 7846
f 7703 7842 7771
f 7770 7846 7703
f 7770 7703 7771
f 7846 7770 7773
f 7771 7782 7770
f 7838 7846 7773
f 7773 7770 7791
f 7847 7849 7850
f 7851 7850 7849
f 7848 7849 7847
f 7853 7854 7873
f 7873 7849 7855
f 7855 7853 7873
f 7856 7855 7849
f 7849 7848 7856
f 7858 7859 7849
f 7861 7864 7858
f 7861 7865 7862
f 7862 7864 7861
f 7859 7866 7849
f 7851 7849 7852
f 7852 7849 7866
f 7864 7863 7858
f 7860 7857 7858
f 7863 7860 7858
f 7859 7858 7857
f 7869 7867 7873
f 7868 7870 7873
f 7867 7868 7873
f 7873 7854 7869
f 7873 7870 7871
f 7871 7881 7873
f 7872 7881 7874
f 7875 7881 7872
f 7874 7881 7871
f 7877 7881 7876
f 7877 7878 7881
f 7879 7880 7881
f 7882 7883 7904
f 7880 7882 7904
f 7878 7879 7881
f 7904 7881 7880
f 7904 7883 7884
f 7876 7881 7875
f 7865 7861 7885
f 7888 7885 7861
f 7886 7890 7861
f 7888 7861 7890
f 7889 7887 7861
f 7891 7892 7893
f 7893 7889 7891
f 7886 7861 7887
f 7891 7889 7861
f 7894 7895 7891
f 7891 7896 7894
f 7895 7892 7891
f 7896 7891 7897
f 7898 7897 7891
f 7899 7900 7891
f 7898 7891 7900
f 7899 7891 7901
f 7902 7903 7904
f 7905 7906 7904
f 7902 7904 7906
f 7909 7910 7908
f 7907 7908 7910
f 7903 7909 7908
f 7905 7904 7911
f 7911 7904 7884
f 7903 7908 7904
f 7907 7912 7908
f 7913 7914 7919
f 7919 7915 7916
f 7913 7919 7916
f 7919 7901 7891
f 7919 7914 7901
f 7908 7912 7919
f 7917 7918 7919
f 7912 7917 7919
f 7918 7915 7919
f 7929 7922 7926
f 7922 7929 7928
f 7926 7922 7930
f 7931 7934 7932
f 7922 7934 7927
f 7934 7931 7933
f 7934 7933 7927
f 7927 7930 7922
f 7922 7936 7924
f 7939 7940 7924
f 7937 7939 7924
f 7924 7936 7941
f 7942 7922 7928
f 7936 7922 7942
f 7924 7938 7937
f 7924 7935 7943
f 7924 7943 7938
f 7935 7924 7941
f 7932 7934 7945
f 7945 7934 7944
f 7934 7946 7944
f 7934 7947 7946
f 7948 7947 7934
f 7921 7948 7934
f 7921 7952 7949
f 7948 7921 7949
f 7950 7921 7953
f 7953 7921 7951
f 7921 7954 7955
f 7921 7956 7957
f 7921 7957 7954
f 7921 7955 7951
f 7921 7958 7959
f 7921 7959 7956
f 7952 7921 7950
f 7924 7940 7960
f 7961 7924 7960
f 7924 7961 7925
f 7925 7961 7962
f 7925 7964 7963
f 7964 7925 7962
f 7965 7966 7925
f 7967 7968 7925
f 7925 7966 7967
f 7965 7925 7963
f 7969 7925 7970
f 7970 7925 7968
f 7971 7925 7969
f 7923 7972 7973
f 7972 7923 7971
f 7974 7923 7975
f 7923 7973 7975
f 7971 7923 7925
f 7983 7976 7977
f 7921 7978 7979
f 7978 7983 7977
f 7980 7981 7983
f 7983 7981 7982
f 7983 7982 7976
f 7921 7983 7978
f 7979 7984 7921
f 7958 7921 7984
f 7983 7985 7980
f 7923 7986 7987
f 7988 7989 7923
f 7923 7987 7988
f 7974 7986 7923
f 7923 7985 7983
f 7923 7990 7991
f 7923 7991 7985
f 7990 7923 7989
f 7983 7921 7923
f 7920 7921 7934
f 7923 7921 7920
f 7919 7923 7920
f 7873 7881 7920
f 7881 7904 7920
f 7920 7904 7908
f 7908 7919 7920
f 7900 7899 7973
f 7971 7897 7898
f 7898 7900 7972
f 7970 7894 7896
f 7967 7892 7895
f 7968 7895 7894
f 7969 7896 7897
f 7965 7889 7893
f 7964 7886 7887
f 7963 7887 7889
f 7961 7888 7890
f 7940 7865 7885
f 7960 7885 7888
f 7962 7890 7886
f 7966 7893 7892
f 7973 7899 7975
f 7898 7972 7971
f 7971 7969 7897
f 7896 7969 7970
f 7895 7968 7967
f 7968 7894 7970
f 7900 7973 7972
f 7965 7893 7966
f 7963 7964 7887
f 7889 7965 7963
f 7966 7892 7967
f 7962 7886 7964
f 7960 7888 7961
f 7940 7885 7960
f 7962 7961 7890
f 7939 7862 7865
f 7865 7940 7939
f 7938 7863 7864
f 7935 7857 7860
f 7938 7860 7863
f 7941 7866 7859
f 7942 7851 7852
f 7936 7852 7866
f 7941 7859 7857
f 7929 7847 7850
f 7854 7853 7931
f 7930 7856 7848
f 7933 7853 7855
f 7927 7855 7856
f 7932 7869 7854
f 7926 7848 7847
f 7928 7850 7851
f 7939 7937 7862
f 7943 7860 7938
f 7937 7938 7864
f 7941 7857 7935
f 7942 7852 7936
f 7941 7936 7866
f 7943 7935 7860
f 7929 7850 7928
f 7929 7926 7847
f 7869 7932 7945
f 7928 7851 7942
f 7930 7848 7926
f 7933 7855 7927
f 7931 7853 7933
f 7930 7927 7856
f 7854 7931 7932
f 7864 7862 7937
f 7944 7868 7867
f 7945 7867 7869
f 7947 7871 7870
f 7949 7872 7874
f 7948 7874 7871
f 7946 7870 7868
f 7950 7876 7875
f 7951 7878 7877
f 7953 7877 7876
f 7954 7880 7879
f 7956 7883 7882
f 7957 7882 7880
f 7955 7879 7878
f 7952 7875 7872
f 7946 7868 7944
f 7945 7944 7867
f 7948 7871 7947
f 7952 7872 7949
f 7948 7949 7874
f 7946 7947 7870
f 7953 7876 7950
f 7951 7955 7878
f 7877 7953 7951
f 7950 7875 7952
f 7954 7879 7955
f 7956 7882 7957
f 7959 7883 7956
f 7954 7957 7880
f 7959 7958 7884
f 7884 7883 7959
f 7901 7975 7899
f 7979 7905 7911
f 7977 7902 7906
f 7978 7906 7905
f 7982 7909 7903
f 7980 7907 7910
f 7981 7910 7909
f 7976 7903 7902
f 7991 7917 7912
f 7989 7915 7918
f 7990 7918 7917
f 7987 7913 7916
f 7974 7901 7914
f 7986 7914 7913
f 7988 7916 7915
f 7985 7912 7907
f 7911 7958 7984
f 7905 7979 7978
f 7979 7911 7984
f 7902 7977 7976
f 7909 7982 7981
f 7982 7903 7976
f 7977 7906 7978
f 7907 7980 7985
f 7917 7991 7990
f 7991 7912 7985
f 7915 7989 7988
f 7913 7987 7986
f 7914 7986 7974
f 7987 7916 7988
f 7989 7918 7990
f 7980 7910 7981
f 7974 7975 7901
f 7884 7958 7911
f 7891 7861 7992
f 7992 7919 7891
f 7861 7858 7992
f 7858 7849 7992
f 7849 7873 7920
f 7849 7920 7992
f 7923 7919 7992
f 7992 7924 7923
f 7924 7992 7922
f 7992 7920 7922
f 7924 7925 7923
f 7920 7934 7922
f 7996 8135 7997
f 7995 8135 7996
f 7995 7993 8135
f 7998 8012 7999
f 8000 8135 7994
f 8000 7999 8012
f 8000 8012 8135
f 8135 7993 7994
f 8134 8007 8008
f 8134 8008 8004
f 8001 8002 8134
f 7997 8135 8009
f 8002 8009 8134
f 8004 8006 8134
f 8005 8003 8134
f 8006 8005 8134
f 8001 8134 8003
f 8009 8135 8134
f 8011 8012 7998
f 8010 8012 8011
f 8010 8013 8012
f 8012 8014 8137
f 8013 8014 8012
f 8137 8014 8015
f 8018 8026 8137
f 8137 8017 8018
f 8017 8137 8016
f 8015 8016 8137
f 8020 8021 8026
f 8019 8020 8026
f 8022 8023 8026
f 8024 8025 8026
f 8023 8024 8026
f 8021 8022 8026
f 8026 8025 8050
f 8027 8028 8050
f 8050 8025 8027
f 8019 8026 8018
f 8029 8007 8030
f 8007 8029 8008
f 8033 8030 8007
f 8032 8031 8007
f 8033 8007 8031
f 8035 8034 8007
f 8038 8036 8037
f 8037 8035 8038
f 8032 8007 8034
f 8038 8035 8007
f 8038 8039 8040
f 8036 8038 8040
f 8038 8041 8039
f 8041 8038 8042
f 8043 8044 8045
f 8042 8038 8044
f 8046 8045 8047
f 8046 8043 8045
f 8045 8044 8038
f 8048 8049 8050
f 8051 8052 8050
f 8048 8050 8052
f 8054 8055 8059
f 8053 8059 8055
f 8049 8054 8050
f 8050 8028 8051
f 8054 8059 8050
f 8053 8056 8059
f 8057 8058 8045
f 8059 8060 8061
f 8061 8057 8045
f 8045 8058 8047
f 8062 8063 8059
f 8059 8056 8062
f 8059 8063 8060
f 8061 8045 8059
f 8071 8073 8065
f 8072 8080 8065
f 8065 8069 8071
f 8075 8065 8076
f 8065 8075 8077
f 8065 8077 8070
f 8070 8069 8065
f 8064 8081 8082
f 8080 8081 8064
f 8083 8081 8080
f 8084 8080 8072
f 8074 8065 8073
f 8072 8065 8074
f 8080 8079 8083
f 8080 8085 8078
f 8080 8078 8079
f 8084 8085 8080
f 8076 8065 8087
f 8087 8065 8086
f 8065 8088 8086
f 8065 8089 8088
f 8090 8089 8065
f 8090 8065 8095
f 8092 8091 8095
f 8095 8091 8090
f 8093 8095 8094
f 8095 8096 8097
f 8067 8098 8099
f 8067 8099 8096
f 8095 8097 8094
f 8067 8096 8095
f 8067 8100 8101
f 8067 8102 8100
f 8101 8098 8067
f 8064 8104 8103
f 8082 8104 8064
f 8064 8103 8105
f 8064 8105 8107
f 8064 8106 8108
f 8106 8064 8107
f 8109 8110 8066
f 8111 8112 8066
f 8066 8110 8111
f 8109 8064 8108
f 8109 8066 8064
f 8113 8114 8066
f 8066 8112 8113
f 8115 8066 8114
f 8066 8116 8117
f 8116 8066 8115
f 8118 8066 8119
f 8066 8117 8119
f 8067 8120 8121
f 8067 8122 8123
f 8122 8067 8121
f 8124 8125 8068
f 8067 8125 8126
f 8067 8126 8120
f 8067 8127 8102
f 8067 8123 8127
f 8068 8128 8124
f 8068 8129 8130
f 8131 8132 8068
f 8131 8068 8130
f 8066 8118 8068
f 8118 8129 8068
f 8068 8125 8067
f 8128 8068 8133
f 8132 8133 8068
f 8067 8136 8068
f 8068 8136 8066
f 8059 8045 8136
f 8136 8050 8059
f 8045 8038 8136
f 8038 8007 8136
f 8104 8008 8029
f 8081 8006 8004
f 8082 8004 8008
f 8079 8003 8005
f 8085 8002 8001
f 8078 8001 8003
f 8083 8005 8006
f 8072 7997 8009
f 8073 7995 7996
f 8074 7996 7997
f 8069 7994 7993
f 8077 7999 8000
f 8070 8000 7994
f 8071 7993 7995
f 8084 8009 8002
f 8082 8008 8104
f 8083 8006 8081
f 8082 8081 8004
f 8078 8003 8079
f 8084 8002 8085
f 8078 8085 8001
f 8083 8079 8005
f 8074 7997 8072
f 8073 8071 7995
f 7996 8074 8073
f 8072 8009 8084
f 8069 7993 8071
f 8077 8000 8070
f 8075 7999 8077
f 8069 8070 7994
f 8075 8076 7998
f 7998 7999 8075
f 8087 8010 8011
f 8088 8014 8013
f 8086 8013 8010
f 8090 8016 8015
f 8092 8018 8017
f 8091 8017 8016
f 8089 8015 8014
f 8094 8020 8019
f 8096 8022 8021
f 8097 8021 8020
f 8098 8024 8023
f 8100 8027 8025
f 8101 8025 8024
f 8099 8023 8022
f 8093 8019 8018
f 8086 8088 8013
f 8088 8089 8014
f 8010 8087 8086
f 8016 8090 8091
f 8017 8091 8092
f 8015 8089 8090
f 8087 8011 8076
f 8019 8093 8094
f 8020 8094 8097
f 8093 8018 8095
f 8099 8022 8096
f 8098 8101 8024
f 8023 8099 8098
f 8096 8021 8097
f 8095 8018 8092
f 8100 8025 8101
f 7998 8076 8011
f 8127 8051 8028
f 8102 8028 8027
f 8122 8048 8052
f 8120 8054 8049
f 8121 8049 8048
f 8123 8052 8051
f 8125 8053 8055
f 8124 8062 8056
f 8125 8056 8053
f 8133 8060 8063
f 8131 8057 8061
f 8132 8061 8060
f 8128 8063 8062
f 8126 8055 8054
f 8121 8048 8122
f 8102 8027 8100
f 8121 8120 8049
f 8127 8028 8102
f 8051 8127 8123
f 8123 8122 8052
f 8131 8061 8132
f 8058 8057 8129
f 8057 8131 8130
f 8132 8060 8133
f 8126 8125 8055
f 8124 8056 8125
f 8062 8124 8128
f 8063 8128 8133
f 8054 8120 8126
f 8057 8130 8129
f 8103 8104 8029
f 8118 8046 8047
f 8117 8044 8043
f 8119 8043 8046
f 8115 8041 8042
f 8113 8040 8039
f 8114 8039 8041
f 8116 8042 8044
f 8111 8037 8036
f 8109 8034 8035
f 8110 8035 8037
f 8106 8031 8032
f 8105 8030 8033
f 8107 8033 8031
f 8108 8032 8034
f 8112 8036 8040
f 8042 8116 8115
f 8039 8114 8113
f 8114 8041 8115
f 8118 8047 8129
f 8043 8119 8117
f 8118 8119 8046
f 8044 8117 8116
f 8031 8106 8107
f 8030 8105 8103
f 8105 8033 8107
f 8036 8112 8111
f 8035 8110 8109
f 8034 8109 8108
f 8110 8037 8111
f 8032 8108 8106
f 8112 8040 8113
f 8103 8029 8030
f 8058 8129 8047
f 8007 8134 8136
f 8134 8135 8136
f 8026 8050 8136
f 8136 8135 8012
f 8136 8012 8137
f 8136 8137 8026
f 8066 8136 8064
f 8064 8136 8065
f 8080 8064 8065
f 8136 8067 8095
f 8095 8065 8136
f 8139 8140 8141
f 8145 8206 8146
f 8147 8206 8148
f 8146 8206 8147
f 8139 8149 8150
f 8151 8206 8152
f 8153 8206 8154
f 8152 8206 8153
f 8148 8206 8151
f 8156 8157 8158
f 8159 8156 8158
f 8160 8161 8206
f 8162 8139 8206
f 8161 8162 8206
f 8157 8160 8206
f 8163 8206 8164
f 8164 8206 8165
f 8166 8206 8167
f 8168 8149 8139
f 8150 8140 8139
f 8167 8206 8169
f 8165 8206 8166
f 8154 8206 8163
f 8206 8170 8171
f 8171 8170 8142
f 8144 8171 8143
f 8144 8206 8171
f 8206 8172 8169
f 8172 8206 8173
f 8139 8141 8173
f 8173 8206 8139
f 8158 8206 8144
f 8158 8144 8155
f 8206 8158 8157
f 8139 8174 8168
f 8176 8177 8205
f 8177 8178 8205
f 8180 8181 8206
f 8181 8182 8206
f 8179 8180 8206
f 8176 8206 8183
f 8184 8185 8206
f 8183 8206 8185
f 8186 8206 8187
f 8188 8189 8206
f 8188 8206 8190
f 8187 8206 8189
f 8184 8206 8186
f 8191 8176 8192
f 8193 8194 8210
f 8197 8138 8170
f 8195 8196 8211
f 8198 8206 8199
f 8200 8206 8201
f 8199 8206 8200
f 8202 8206 8203
f 8183 8204 8176
f 8201 8206 8202
f 8190 8206 8198
f 8206 8205 8179
f 8207 8206 8182
f 8210 8207 8193
f 8205 8206 8176
f 8208 8203 8206
f 8206 8145 8208
f 8204 8209 8176
f 8206 8207 8210
f 8211 8210 8195
f 8206 8210 8211
f 8170 8211 8197
f 8170 8206 8211
f 8192 8176 8209
f 8212 8176 8191
f 8213 8176 8212
f 8146 8147 8214
f 8145 8146 8215
f 8148 8151 8216
f 8152 8153 8217
f 8151 8152 8218
f 8147 8148 8219
f 8220 8165 8166
f 8221 8164 8165
f 8169 8222 8167
f 8166 8167 8223
f 8224 8169 8172
f 8172 8173 8225
f 8153 8154 8226
f 8219 8214 8147
f 8218 8152 8217
f 8151 8218 8216
f 8215 8146 8214
f 8219 8148 8216
f 8215 8227 8145
f 8221 8228 8164
f 8165 8220 8221
f 8220 8166 8223
f 8222 8223 8167
f 8154 8229 8226
f 8164 8228 8163
f 8228 8229 8163
f 8169 8224 8222
f 8226 8217 8153
f 8229 8154 8163
f 8225 8224 8172
f 8138 8230 8231
f 8232 8139 8162
f 8233 8161 8160
f 8234 8162 8161
f 8235 8157 8156
f 8236 8159 8158
f 8237 8156 8159
f 8238 8160 8157
f 8239 8155 8144
f 8158 8155 8236
f 8143 8171 8241
f 8142 8170 8231
f 8171 8142 8241
f 8144 8143 8240
f 8225 8173 8242
f 8234 8232 8162
f 8242 8139 8232
f 8238 8233 8160
f 8237 8235 8156
f 8238 8157 8235
f 8234 8161 8233
f 8236 8155 8246
f 8246 8155 8239
f 8245 8239 8144
f 8240 8143 8243
f 8142 8244 8241
f 8243 8143 8241
f 8231 8244 8142
f 8144 8240 8245
f 8237 8159 8236
f 8170 8138 8231
f 8242 8173 8139
f 8215 8214 8248
f 8248 8216 8218
f 8219 8216 8248
f 8217 8248 8218
f 8217 8226 8247
f 8214 8219 8248
f 8228 8247 8229
f 8247 8228 8221
f 8247 8221 8220
f 8247 8222 8224
f 8223 8222 8247
f 8223 8247 8220
f 8226 8229 8247
f 8175 8224 8225
f 8248 8227 8215
f 8248 8217 8247
f 8224 8175 8247
f 8230 8245 8231
f 8242 8232 8175
f 8175 8234 8233
f 8234 8175 8232
f 8175 8238 8235
f 8233 8238 8175
f 8175 8235 8237
f 8237 8236 8246
f 8239 8245 8246
f 8241 8244 8245
f 8243 8245 8240
f 8244 8231 8245
f 8241 8245 8243
f 8237 8246 8175
f 8242 8175 8225
f 8246 8245 8175
f 8245 8251 8175
f 8249 8175 8251
f 8249 8247 8175
f 8249 8248 8247
f 8245 8250 8251
f 8252 8248 8249
f 8253 8254 8250
f 8255 8256 8250
f 8256 8257 8251
f 8258 8251 8257
f 8258 8259 8251
f 8260 8261 8251
f 8262 8251 8261
f 8251 8259 8263
f 8251 8263 8264
f 8249 8265 8266
f 8265 8249 8262
f 8249 8266 8267
f 8260 8251 8264
f 8230 8250 8245
f 8250 8230 8253
f 8251 8250 8256
f 8262 8249 8251
f 8252 8268 8269
f 8249 8270 8271
f 8249 8272 8270
f 8249 8273 8272
f 8252 8274 8275
f 8268 8249 8271
f 8269 8274 8252
f 8252 8276 8277
f 8252 8278 8276
f 8252 8279 8280
f 8281 8252 8280
f 8281 8278 8252
f 8279 8252 8282
f 8275 8282 8252
f 8227 8248 8277
f 8252 8249 8268
f 8252 8277 8248
f 8273 8249 8267
f 8138 8197 8230
f 8211 8196 8254
f 8197 8211 8254
f 8195 8210 8256
f 8194 8193 8258
f 8210 8194 8256
f 8196 8195 8255
f 8207 8182 8259
f 8181 8180 8260
f 8182 8181 8264
f 8179 8205 8262
f 8178 8177 8266
f 8205 8178 8262
f 8180 8179 8261
f 8193 8207 8259
f 8253 8197 8254
f 8250 8196 8255
f 8250 8254 8196
f 8256 8255 8195
f 8258 8257 8194
f 8256 8194 8257
f 8253 8230 8197
f 8259 8182 8263
f 8181 8260 8264
f 8264 8263 8182
f 8258 8193 8259
f 8260 8180 8261
f 8265 8262 8178
f 8178 8266 8265
f 8179 8262 8261
f 8267 8266 8177
f 8177 8176 8267
f 8183 8185 8272
f 8184 8186 8271
f 8185 8184 8270
f 8187 8189 8269
f 8188 8190 8275
f 8189 8188 8274
f 8186 8187 8268
f 8198 8199 8279
f 8200 8201 8281
f 8199 8200 8280
f 8202 8203 8276
f 8208 8145 8227
f 8203 8208 8277
f 8201 8202 8278
f 8190 8198 8282
f 8176 8273 8267
f 8186 8268 8271
f 8269 8189 8274
f 8187 8269 8268
f 8273 8183 8272
f 8270 8184 8271
f 8185 8270 8272
f 8278 8202 8276
f 8227 8277 8208
f 8278 8281 8201
f 8275 8190 8282
f 8279 8199 8280
f 8280 8200 8281
f 8274 8188 8275
f 8282 8198 8279
f 8203 8277 8276
f 8273 8176 8183
f 8284 8283 8285
f 8286 8287 8316
f 8283 8316 8285
f 8288 8285 8316
f 8289 8286 8316
f 8290 8291 8316
f 8292 8290 8316
f 8293 8288 8316
f 8294 8293 8316
f 8295 8296 8316
f 8297 8295 8316
f 8316 8298 8294
f 8299 8316 8296
f 8316 8299 8298
f 8291 8297 8316
f 8287 8292 8316
f 8301 8302 8316
f 8303 8304 8316
f 8302 8303 8316
f 8305 8306 8316
f 8301 8316 8306
f 8305 8316 8307
f 8308 8309 8316
f 8310 8311 8316
f 8311 8289 8316
f 8309 8310 8316
f 8312 8316 8313
f 8313 8316 8314
f 8307 8316 8312
f 8304 8308 8316
f 8315 8316 8283
f 8314 8316 8315
f 8306 8305 8317
f 8301 8306 8318
f 8307 8312 8319
f 8313 8314 8320
f 8312 8313 8321
f 8305 8307 8322
f 8317 8318 8306
f 8323 8301 8318
f 8319 8322 8307
f 8320 8321 8313
f 8324 8320 8314
f 8319 8312 8321
f 8317 8305 8322
f 8314 8315 8324
f 8296 8325 8326
f 8315 8283 8327
f 8284 8285 8328
f 8283 8284 8327
f 8288 8293 8329
f 8294 8298 8330
f 8293 8294 8331
f 8285 8288 8332
f 8327 8284 8328
f 8332 8288 8329
f 8285 8332 8328
f 8294 8330 8331
f 8331 8329 8293
f 8330 8298 8333
f 8326 8333 8299
f 8299 8296 8326
f 8333 8298 8299
f 8315 8327 8324
f 8318 8317 8300
f 8323 8318 8300
f 8317 8322 8300
f 8300 8322 8319
f 8335 8320 8324
f 8321 8320 8335
f 8319 8321 8335
f 8300 8319 8335
f 8328 8332 8335
f 8327 8328 8335
f 8333 8334 8330
f 8331 8334 8329
f 8330 8334 8331
f 8333 8326 8334
f 8335 8332 8329
f 8335 8329 8334
f 8326 8325 8334
f 8327 8335 8324
f 8335 8334 8300
f 8334 8325 8336
f 8337 8334 8336
f 8337 8338 8334
f 8334 8338 8339
f 8300 8340 8341
f 8300 8341 8342
f 8342 8343 8300
f 8339 8340 8300
f 8300 8334 8339
f 8345 8300 8344
f 8300 8345 8346
f 8300 8343 8344
f 8300 8347 8348
f 8349 8347 8300
f 8323 8300 8348
f 8350 8349 8300
f 8300 8346 8350
f 8296 8295 8325
f 8297 8291 8337
f 8295 8297 8336
f 8290 8292 8339
f 8287 8286 8341
f 8292 8287 8340
f 8291 8290 8338
f 8325 8295 8336
f 8337 8291 8338
f 8297 8337 8336
f 8292 8340 8339
f 8339 8338 8290
f 8340 8287 8341
f 8341 8286 8342
f 8289 8343 8342
f 8286 8289 8342
f 8311 8310 8345
f 8309 8308 8350
f 8310 8309 8346
f 8304 8303 8347
f 8302 8301 8323
f 8303 8302 8348
f 8308 8304 8349
f 8343 8289 8344
f 8346 8345 8310
f 8344 8311 8345
f 8349 8350 8308
f 8348 8347 8303
f 8323 8348 8302
f 8349 8304 8347
f 8346 8309 8350
f 8344 8289 8311
f 8799 8462 8569
f 8577 8569 8462
f 8506 8351 8601
f 8601 8757 8506
f 8448 8371 8390
f 8398 8353 8625
f 8708 8463 8709
f 8709 8363 8710
f 8353 8398 8626
f 8393 8355 8354
f 8628 8357 8395
f 8394 8357 8356
f 8713 8628 8465
f 8360 8361 8478
f 8565 8629 8715
f 8629 8478 8362
f 8639 8455 8358
f 8361 8362 8478
f 8360 8478 8639
f 8445 8716 8359
f 8577 8462 8463
f 8463 8708 8577
f 8390 8710 8363
f 8463 8363 8709
f 8371 8364 8390
f 8448 8352 8365
f 8448 8366 8367
f 8370 8464 8372
f 8448 8367 8371
f 8352 8448 8391
f 8368 8464 8370
f 8626 8398 8356
f 8354 8712 8392
f 8366 8448 8365
f 8712 8711 8391
f 8391 8392 8712
f 8393 8354 8392
f 8464 8369 8372
f 8398 8625 8464
f 8394 8356 8398
f 8395 8357 8394
f 8393 8464 8368
f 8628 8395 8465
f 8373 8713 8466
f 8465 8466 8713
f 8466 8714 8373
f 8396 8445 8359
f 8456 8716 8445
f 8714 8466 8374
f 8374 8715 8714
f 8565 8715 8374
f 8478 8629 8565
f 8478 8455 8639
f 8455 8396 8358
f 8375 8717 8385
f 8376 8377 8385
f 8383 8385 8717
f 8385 8377 8375
f 8378 8376 8385
f 8484 8726 8380
f 8728 8381 8382
f 8397 8638 8637
f 8383 8647 8481
f 8722 8721 8483
f 8386 8720 8719
f 8722 8379 8723
f 8385 8384 8378
f 8399 8718 8459
f 8459 8641 8385
f 8386 8483 8720
f 8379 8722 8483
f 8721 8720 8483
f 8399 8386 8719
f 8723 8379 8460
f 8460 8725 8724
f 8460 8387 8725
f 8387 8484 8380
f 8387 8380 8725
f 8389 8729 8728
f 8389 8613 8729
f 8723 8460 8724
f 8484 8400 8726
f 8382 8389 8728
f 8400 8382 8727
f 8487 8650 8493
f 8641 8384 8385
f 8637 8446 8397
f 8374 8466 8467
f 8457 8397 8446
f 8401 8402 8494
f 8403 8651 8494
f 8578 8733 8495
f 8494 8402 8403
f 8494 8404 8401
f 8407 8738 8509
f 8509 8739 8407
f 8439 8680 8408
f 8614 8436 8651
f 8494 8410 8404
f 8494 8651 8436
f 8405 8732 8494
f 8496 8736 8406
f 8735 8406 8736
f 8736 8496 8737
f 8735 8734 8406
f 8732 8410 8494
f 8405 8495 8733
f 8406 8734 8495
f 8496 8508 8737
f 8497 8676 8737
f 8497 8408 8676
f 8508 8497 8737
f 8439 8408 8497
f 8439 8440 8680
f 8509 8738 8440
f 8509 8498 8739
f 8516 8740 8437
f 8511 8741 8516
f 8500 8742 8511
f 8742 8741 8511
f 8500 8517 8409
f 8517 8685 8409
f 8500 8409 8742
f 8487 8436 8731
f 8501 8685 8517
f 8501 8411 8412
f 8411 8501 8413
f 8501 8684 8413
f 8414 8684 8499
f 8499 8688 8414
f 8501 8412 8685
f 8688 8441 8743
f 8519 8689 8415
f 8416 8746 8689
f 8746 8521 8418
f 8438 8415 8744
f 8501 8499 8684
f 8499 8441 8688
f 8744 8743 8438
f 8519 8415 8438
f 8441 8438 8743
f 8519 8520 8689
f 8416 8521 8746
f 8520 8416 8689
f 8442 8748 8417
f 8442 8417 8747
f 8419 8418 8503
f 8749 8444 8750
f 8421 8504 8693
f 8534 8421 8423
f 8424 8425 8534
f 8535 8426 8427
f 8751 8534 8425
f 8535 8753 8428
f 8535 8429 8430
f 8535 8428 8432
f 8691 8750 8531
f 8420 8691 8532
f 8504 8752 8693
f 8535 8433 8434
f 8433 8535 8435
f 8432 8435 8535
f 8534 8423 8424
f 8535 8434 8429
f 8430 8426 8535
f 8755 8530 8756
f 8751 8420 8533
f 8503 8418 8521
f 8503 8502 8419
f 8502 8442 8747
f 8442 8443 8748
f 8531 8532 8691
f 8532 8533 8420
f 8533 8534 8751
f 8534 8504 8421
f 8504 8422 8752
f 8422 8535 8427
f 8505 8754 8753
f 8535 8505 8753
f 8505 8431 8754
f 8431 8755 8754
f 8431 8536 8755
f 8536 8530 8755
f 8530 8506 8756
f 8506 8757 8756
f 8444 8531 8750
f 8448 8390 8363
f 8462 8799 8463
f 8463 8798 8363
f 8391 8448 8537
f 8464 8393 8451
f 8392 8451 8393
f 8395 8394 8794
f 8395 8452 8453
f 8465 8395 8454
f 8465 8793 8466
f 8466 8571 8467
f 8467 8792 8374
f 8564 8791 8374
f 8374 8791 8565
f 8565 8790 8478
f 8455 8478 8789
f 8446 8456 8787
f 8396 8458 8445
f 8374 8792 8564
f 8475 8481 8397
f 8525 8748 8443
f 8463 8543 8447
f 8447 8798 8463
f 8363 8544 8450
f 8797 8544 8363
f 8448 8449 8608
f 8450 8448 8363
f 8392 8391 8537
f 8392 8796 8562
f 8392 8562 8451
f 8608 8537 8448
f 8464 8451 8398
f 8398 8451 8570
f 8570 8795 8398
f 8538 8395 8453
f 8395 8794 8452
f 8454 8395 8538
f 8571 8792 8467
f 8478 8790 8567
f 8398 8545 8394
f 8468 8457 8446
f 8457 8469 8470
f 8786 8397 8546
f 8546 8457 8473
f 8546 8397 8457
f 8481 8475 8476
f 8383 8481 8476
f 8475 8397 8477
f 8785 8385 8383
f 8459 8385 8784
f 8558 8399 8459
f 8556 8386 8399
f 8455 8789 8612
f 8455 8788 8396
f 8445 8458 8479
f 8445 8479 8542
f 8446 8787 8572
f 8468 8469 8457
f 8572 8471 8446
f 8471 8468 8446
f 8470 8473 8457
f 8469 8468 8470
f 8472 8480 8397
f 8480 8477 8397
f 8472 8397 8786
f 8478 8567 8789
f 8450 8449 8448
f 8798 8797 8363
f 8794 8394 8545
f 8398 8795 8545
f 8396 8788 8458
f 8793 8465 8454
f 8796 8392 8537
f 8573 8383 8476
f 8785 8383 8573
f 8548 8385 8785
f 8480 8472 8477
f 8474 8475 8477
f 8385 8548 8784
f 8616 8459 8784
f 8554 8459 8616
f 8556 8399 8558
f 8474 8476 8475
f 8558 8459 8554
f 8556 8557 8386
f 8543 8463 8799
f 8483 8386 8557
f 8783 8379 8483
f 8460 8379 8550
f 8551 8387 8460
f 8482 8387 8654
f 8484 8387 8482
f 8559 8484 8620
f 8551 8654 8387
f 8482 8620 8484
f 8485 8552 8400
f 8484 8559 8400
f 8782 8389 8382
f 8782 8613 8389
f 8780 8436 8487
f 8487 8493 8488
f 8489 8436 8614
f 8494 8436 8489
f 8614 8436 8780
f 8493 8461 8781
f 8495 8405 8779
f 8406 8495 8491
f 8552 8382 8400
f 8783 8483 8557
f 8388 8493 8486
f 8488 8493 8388
f 8780 8487 8488
f 8485 8400 8559
f 8382 8552 8782
f 8781 8486 8493
f 8580 8405 8494
f 8580 8494 8615
f 8496 8406 8778
f 8489 8615 8494
f 8491 8495 8490
f 8508 8496 8492
f 8779 8490 8495
f 8492 8496 8778
f 8491 8778 8406
f 8518 8438 8441
f 8661 8416 8520
f 8777 8497 8508
f 8776 8497 8677
f 8775 8679 8439
f 8582 8440 8439
f 8774 8509 8440
f 8498 8509 8773
f 8777 8677 8497
f 8497 8775 8439
f 8679 8582 8439
f 8584 8604 8498
f 8437 8498 8772
f 8510 8511 8516
f 8500 8511 8585
f 8517 8659 8769
f 8659 8517 8770
f 8769 8501 8517
f 8768 8499 8501
f 8438 8518 8588
f 8772 8498 8604
f 8437 8771 8516
f 8768 8441 8499
f 8513 8661 8520
f 8514 8416 8661
f 8766 8521 8416
f 8772 8771 8437
f 8773 8509 8583
f 8509 8774 8583
f 8771 8510 8516
f 8585 8511 8510
f 8500 8770 8517
f 8498 8773 8584
f 8777 8508 8581
f 8441 8768 8518
f 8438 8767 8519
f 8513 8520 8519
f 8416 8514 8515
f 8768 8512 8518
f 8588 8518 8512
f 8766 8416 8515
f 8766 8515 8514
f 8438 8588 8767
f 8765 8521 8694
f 8503 8521 8765
f 8763 8443 8442
f 8592 8525 8443
f 8762 8444 8525
f 8765 8669 8503
f 8669 8764 8503
f 8764 8502 8503
f 8764 8670 8502
f 8763 8442 8502
f 8763 8502 8670
f 8443 8522 8524
f 8524 8523 8443
f 8523 8592 8443
f 8531 8444 8527
f 8528 8532 8531
f 8760 8533 8532
f 8534 8533 8760
f 8507 8506 8530
f 8595 8504 8534
f 8596 8422 8504
f 8529 8535 8422
f 8529 8505 8535
f 8759 8431 8505
f 8758 8530 8536
f 8599 8507 8530
f 8531 8527 8526
f 8592 8762 8525
f 8528 8531 8526
f 8762 8527 8444
f 8443 8763 8591
f 8443 8591 8522
f 8528 8526 8527
f 8422 8596 8672
f 8529 8422 8672
f 8597 8536 8431
f 8600 8506 8507
f 8597 8431 8759
f 8505 8529 8759
f 8595 8596 8504
f 8598 8599 8530
f 8351 8506 8600
f 8694 8521 8766
f 8437 8739 8498
f 8449 8450 8448
f 8448 8450 8544
f 8562 8796 8608
f 8794 8538 8452
f 8452 8539 8453
f 8538 8453 8539
f 8793 8571 8466
f 8571 8467 8792
f 8467 8571 8792
f 8479 8458 8540
f 8468 8471 8541
f 8458 8788 8396
f 8396 8788 8542
f 8540 8542 8479
f 8542 8458 8396
f 8458 8542 8540
f 8568 8787 8456
f 8469 8468 8572
f 8541 8572 8468
f 8471 8572 8541
f 8445 8568 8456
f 8447 8543 8569
f 8544 8798 8447
f 8448 8544 8449
f 8608 8449 8544
f 8634 8795 8570
f 8634 8538 8794
f 8539 8452 8538
f 8538 8563 8454
f 8571 8793 8563
f 8566 8790 8565
f 8564 8792 8571
f 8565 8791 8566
f 8564 8566 8791
f 8542 8788 8455
f 8568 8572 8787
f 8568 8445 8542
f 8473 8469 8553
f 8472 8786 8547
f 8477 8472 8480
f 8786 8553 8547
f 8553 8472 8547
f 8472 8553 8480
f 8474 8573 8475
f 8475 8476 8474
f 8477 8480 8553
f 8477 8553 8474
f 8385 8784 8548
f 8473 8468 8469
f 8784 8385 8548
f 8556 8549 8386
f 8556 8386 8557
f 8618 8550 8379
f 8550 8619 8460
f 8619 8551 8460
f 8400 8485 8559
f 8559 8485 8400
f 8576 8782 8382
f 8552 8382 8782
f 8487 8780 8488
f 8488 8388 8487
f 8473 8553 8546
f 8546 8553 8786
f 8573 8474 8553
f 8476 8475 8573
f 8574 8785 8573
f 8548 8785 8574
f 8617 8555 8556
f 8549 8557 8386
f 8379 8783 8618
f 8575 8618 8783
f 8618 8619 8550
f 8654 8551 8619
f 8576 8382 8552
f 8461 8560 8781
f 8560 8461 8613
f 8388 8486 8560
f 8780 8487 8388
f 8388 8614 8780
f 8469 8572 8553
f 8608 8544 8561
f 8608 8609 8562
f 8562 8609 8570
f 8612 8542 8455
f 8621 8576 8485
f 8615 8489 8494
f 8489 8615 8494
f 8580 8602 8405
f 8602 8779 8405
f 8490 8495 8491
f 8491 8623 8778
f 8492 8624 8508
f 8624 8581 8508
f 8776 8679 8497
f 8582 8579 8440
f 8516 8510 8771
f 8774 8440 8579
f 8662 8510 8516
f 8510 8662 8511
f 8511 8585 8510
f 8771 8662 8516
f 8585 8662 8500
f 8614 8615 8489
f 8602 8580 8615
f 8578 8622 8490
f 8623 8491 8495
f 8623 8624 8778
f 8677 8581 8624
f 8679 8776 8677
f 8770 8500 8662
f 8603 8663 8773
f 8660 8772 8604
f 8662 8771 8660
f 8585 8511 8662
f 8769 8593 8501
f 8768 8501 8593
f 8512 8518 8588
f 8768 8518 8512
f 8586 8512 8518
f 8512 8587 8518
f 8588 8518 8587
f 8661 8513 8519
f 8515 8766 8514
f 8514 8661 8515
f 8443 8592 8523
f 8444 8527 8762
f 8522 8589 8523
f 8522 8671 8589
f 8671 8443 8523
f 8589 8671 8523
f 8671 8592 8443
f 8762 8668 8444
f 8528 8527 8526
f 8668 8527 8444
f 8527 8605 8526
f 8528 8605 8532
f 8518 8768 8586
f 8664 8588 8587
f 8587 8512 8586
f 8664 8767 8588
f 8519 8767 8665
f 8766 8515 8661
f 8694 8766 8661
f 8532 8761 8699
f 8760 8673 8534
f 8536 8597 8606
f 8606 8758 8536
f 8667 8759 8529
f 8530 8758 8674
f 8530 8674 8598
f 8598 8707 8530
f 8507 8599 8707
f 8530 8599 8598
f 8707 8351 8600
f 8694 8669 8765
f 8495 8622 8623
f 8519 8665 8661
f 8664 8587 8586
f 8671 8522 8591
f 8668 8762 8671
f 8605 8528 8526
f 8532 8605 8761
f 8532 8699 8760
f 8666 8672 8596
f 8672 8667 8529
f 8534 8673 8595
f 8674 8758 8606
f 8674 8707 8598
f 8707 8601 8351
f 8507 8707 8600
f 8707 8599 8530
f 8668 8605 8527
f 8544 8447 8561
f 8608 8561 8607
f 8553 8572 8568
f 8607 8561 8367
f 8447 8364 8561
f 8607 8711 8608
f 8609 8608 8354
f 8634 8570 8353
f 8538 8634 8357
f 8713 8563 8538
f 8571 8563 8713
f 8568 8542 8456
f 8564 8571 8714
f 8566 8564 8715
f 8567 8639 8612
f 8358 8542 8612
f 8456 8446 8568
f 8710 8390 8447
f 8447 8390 8364
f 8364 8610 8561
f 8538 8357 8630
f 8634 8631 8626
f 8608 8632 8712
f 8609 8633 8355
f 8607 8635 8365
f 8607 8367 8635
f 8607 8365 8636
f 8607 8636 8352
f 8352 8391 8607
f 8391 8711 8607
f 8711 8632 8608
f 8561 8610 8367
f 8553 8638 8481
f 8573 8553 8481
f 8647 8574 8573
f 8617 8616 8718
f 8555 8617 8719
f 8359 8542 8396
f 8548 8375 8640
f 8481 8638 8397
f 8354 8633 8609
f 8393 8368 8609
f 8609 8355 8393
f 8609 8370 8611
f 8611 8570 8609
f 8369 8570 8611
f 8370 8609 8642
f 8609 8368 8642
f 8631 8634 8353
f 8570 8464 8625
f 8570 8369 8464
f 8628 8538 8630
f 8365 8635 8367
f 8370 8369 8611
f 8352 8636 8365
f 8642 8368 8370
f 8711 8712 8632
f 8633 8354 8355
f 8626 8631 8353
f 8357 8634 8356
f 8628 8630 8357
f 8714 8715 8564
f 8364 8367 8610
f 8629 8566 8643
f 8566 8715 8643
f 8644 8360 8567
f 8567 8362 8644
f 8715 8629 8643
f 8644 8362 8360
f 8612 8639 8645
f 8645 8358 8612
f 8358 8396 8542
f 8716 8542 8646
f 8542 8359 8646
f 8637 8568 8446
f 8574 8647 8383
f 8647 8573 8481
f 8383 8717 8574
f 8376 8548 8640
f 8548 8376 8648
f 8384 8548 8648
f 8646 8359 8716
f 8358 8645 8639
f 8375 8376 8640
f 8648 8376 8384
f 8616 8641 8459
f 8718 8616 8459
f 8719 8617 8399
f 8399 8617 8718
f 8549 8720 8575
f 8722 8618 8575
f 8724 8619 8618
f 8621 8485 8727
f 8621 8728 8576
f 8613 8730 8560
f 8650 8388 8560
f 8731 8614 8388
f 8578 8734 8622
f 8619 8724 8653
f 8653 8725 8619
f 8620 8655 8726
f 8655 8620 8380
f 8726 8400 8485
f 8654 8725 8380
f 8655 8380 8726
f 8725 8653 8724
f 8485 8400 8727
f 8727 8382 8621
f 8621 8656 8728
f 8381 8656 8621
f 8621 8382 8381
f 8381 8728 8656
f 8730 8613 8461
f 8461 8560 8730
f 8388 8650 8487
f 8493 8650 8560
f 8487 8731 8388
f 8461 8493 8560
f 8436 8614 8731
f 8615 8403 8657
f 8403 8401 8657
f 8615 8401 8658
f 8615 8657 8401
f 8658 8410 8615
f 8602 8732 8405
f 8602 8405 8733
f 8658 8401 8410
f 8578 8495 8734
f 8604 8663 8437
f 8676 8679 8677
f 8579 8738 8603
f 8675 8603 8738
f 8603 8739 8663
f 8741 8662 8660
f 8740 8660 8604
f 8659 8662 8742
f 8586 8594 8743
f 8665 8664 8415
f 8676 8678 8679
f 8660 8740 8516
f 8678 8408 8679
f 8579 8440 8738
f 8675 8407 8681
f 8603 8407 8682
f 8603 8681 8407
f 8603 8682 8739
f 8579 8680 8440
f 8678 8676 8408
f 8679 8408 8680
f 8676 8677 8737
f 8407 8739 8682
f 8663 8739 8437
f 8740 8604 8437
f 8516 8741 8660
f 8659 8683 8409
f 8742 8683 8659
f 8593 8686 8413
f 8412 8686 8593
f 8414 8687 8594
f 8594 8684 8414
f 8594 8687 8688
f 8659 8409 8685
f 8686 8412 8413
f 8409 8683 8742
f 8688 8687 8414
f 8689 8746 8661
f 8694 8418 8669
f 8669 8419 8670
f 8690 8590 8747
f 8671 8590 8748
f 8444 8671 8525
f 8605 8668 8750
f 8751 8673 8699
f 8694 8661 8746
f 8672 8666 8752
f 8673 8693 8666
f 8667 8672 8753
f 8754 8606 8667
f 8606 8755 8674
f 8757 8601 8707
f 8418 8695 8669
f 8695 8419 8669
f 8670 8419 8502
f 8590 8696 8417
f 8590 8417 8697
f 8590 8697 8748
f 8417 8696 8690
f 8502 8747 8670
f 8748 8525 8671
f 8444 8749 8671
f 8695 8418 8419
f 8418 8694 8746
f 8697 8417 8748
f 8698 8605 8691
f 8605 8698 8420
f 8698 8691 8420
f 8673 8700 8423
f 8425 8700 8673
f 8421 8701 8673
f 8672 8702 8434
f 8672 8752 8422
f 8427 8703 8672
f 8702 8672 8430
f 8672 8703 8430
f 8672 8434 8704
f 8435 8672 8704
f 8422 8427 8672
f 8705 8672 8435
f 8701 8693 8673
f 8672 8428 8753
f 8430 8703 8427
f 8700 8425 8423
f 8701 8421 8693
f 8751 8699 8420
f 8428 8705 8435
f 8434 8435 8704
f 8428 8672 8705
f 8430 8434 8702
f 8755 8706 8674
f 8674 8706 8756
f 8755 8756 8706
f 8707 8756 8757
f 8569 8577 8708
f 8569 8708 8709
f 8569 8709 8447
f 8447 8709 8710
f 8608 8712 8354
f 8353 8570 8625
f 8634 8626 8356
f 8713 8538 8628
f 8571 8713 8373
f 8571 8373 8627
f 8714 8571 8627
f 8566 8629 8567
f 8362 8567 8629
f 8567 8360 8639
f 8542 8716 8456
f 8568 8637 8553
f 8553 8637 8638
f 8574 8717 8548
f 8375 8548 8717
f 8548 8384 8641
f 8548 8641 8616
f 8555 8719 8549
f 8549 8719 8649
f 8720 8549 8649
f 8721 8575 8720
f 8722 8575 8721
f 8618 8722 8723
f 8618 8723 8724
f 8619 8725 8654
f 8654 8380 8620
f 8620 8726 8485
f 8576 8728 8729
f 8576 8729 8613
f 8614 8651 8615
f 8403 8615 8651
f 8615 8410 8732
f 8615 8732 8602
f 8602 8733 8578
f 8622 8734 8623
f 8623 8734 8735
f 8623 8735 8736
f 8623 8736 8624
f 8624 8736 8652
f 8737 8624 8652
f 8624 8737 8677
f 8679 8680 8579
f 8603 8675 8681
f 8741 8742 8662
f 8659 8685 8593
f 8412 8593 8685
f 8593 8413 8684
f 8593 8684 8594
f 8743 8594 8688
f 8586 8743 8744
f 8586 8744 8664
f 8664 8744 8415
f 8665 8415 8745
f 8689 8665 8745
f 8665 8689 8661
f 8670 8747 8590
f 8590 8690 8696
f 8671 8749 8668
f 8668 8749 8750
f 8605 8750 8691
f 8605 8420 8699
f 8425 8673 8751
f 8673 8423 8421
f 8666 8693 8752
f 8754 8667 8753
f 8606 8754 8692
f 8755 8606 8692
f 8674 8756 8707
f 8759 8606 8597
f 8606 8759 8667
f 8666 8596 8595
f 8666 8595 8673
f 8673 8760 8699
f 8699 8761 8605
f 8592 8671 8762
f 8671 8591 8590
f 8590 8591 8763
f 8590 8763 8670
f 8670 8764 8669
f 8665 8767 8664
f 8586 8768 8594
f 8594 8768 8593
f 8593 8769 8659
f 8659 8770 8662
f 8772 8660 8771
f 8604 8584 8663
f 8773 8663 8584
f 8603 8773 8583
f 8603 8583 8579
f 8579 8583 8774
f 8579 8582 8679
f 8679 8775 8497
f 8677 8777 8581
f 8624 8492 8778
f 8495 8490 8622
f 8490 8779 8578
f 8578 8779 8602
f 8560 8486 8781
f 8613 8782 8576
f 8576 8552 8485
f 8485 8559 8620
f 8620 8482 8654
f 8575 8783 8557
f 8575 8557 8549
f 8549 8556 8555
f 8617 8556 8558
f 8554 8617 8558
f 8617 8554 8616
f 8616 8784 8548
f 8612 8789 8567
f 8567 8790 8566
f 8793 8454 8563
f 8545 8634 8794
f 8545 8795 8634
f 8570 8451 8562
f 8608 8796 8537
f 8798 8544 8797
f 8569 8543 8799
f 8999 8914 9017
f 8811 9017 8914
f 8900 9056 9132
f 9223 8900 9132
f 8904 8820 8838
f 9171 8812 9085
f 8801 8842 8804
f 8841 8803 8802
f 9175 8805 8823
f 8822 9174 8804
f 8808 8809 8902
f 8843 9179 9178
f 9179 8902 8810
f 9181 8845 8806
f 8846 8806 8845
f 8809 8810 8902
f 8808 8902 9180
f 9027 9182 8807
f 8914 8812 9171
f 8838 9085 8915
f 8812 8915 9085
f 8820 8813 8838
f 8904 8800 8814
f 8904 8815 8816
f 8819 8916 8821
f 8904 8816 8820
f 8800 8904 8839
f 8817 8916 8819
f 8802 9173 8840
f 8815 8904 8814
f 9173 9172 8839
f 9171 8811 8914
f 8839 8840 9173
f 8841 8802 8840
f 8916 8818 8821
f 8842 8801 8916
f 8822 8804 8842
f 8823 9174 8822
f 8805 9174 8823
f 8841 8916 8817
f 9175 8823 8917
f 8824 9176 8918
f 8917 9176 9175
f 8917 8918 9176
f 8918 9177 8824
f 8846 9027 8807
f 8847 9182 9027
f 9177 8918 8919
f 8919 9178 9177
f 8919 8843 9178
f 9181 9180 8930
f 8902 8930 9180
f 8843 8902 9179
f 8845 9181 8930
f 8825 8826 8851
f 8827 8828 8851
f 9072 8851 8826
f 8851 8828 8825
f 8829 8827 8851
f 8939 9115 8831
f 9193 8832 8946
f 8844 9095 9094
f 9189 9188 8937
f 9097 9183 8834
f 8835 9187 9186
f 9189 8830 9106
f 8851 8833 8829
f 8851 8834 8833
f 8913 8934 9185
f 8913 9097 8834
f 8835 8937 9187
f 8830 9189 8937
f 9188 9187 8937
f 8934 8835 9186
f 9106 8830 8938
f 8938 9191 9190
f 8938 8836 9191
f 8836 8939 8831
f 8836 8831 9191
f 8849 8837 9193
f 9106 8938 9190
f 8939 8848 9115
f 8946 8849 9193
f 8848 8946 9192
f 8950 9194 8837
f 8850 9107 9081
f 9183 8833 8834
f 9094 8903 8844
f 8911 8844 8903
f 9072 8933 8851
f 8850 9081 8950
f 8853 8854 8856
f 8855 9110 8856
f 8856 8854 8855
f 8856 8857 8853
f 8861 9202 8959
f 8959 9203 8861
f 8859 9144 8862
f 9206 9205 8893
f 9108 8943 9110
f 9071 8943 9108
f 8856 8864 8857
f 8856 9110 8943
f 8856 8852 9196
f 8951 9199 8858
f 9198 8858 9199
f 9199 8951 9200
f 9109 8852 8945
f 9198 9197 8858
f 9196 8864 8856
f 8865 9109 8945
f 8858 9197 8865
f 8951 8957 9200
f 8952 9201 9200
f 8958 8862 9201
f 8952 8958 9201
f 8957 8952 9200
f 8859 8862 8958
f 8859 9035 9144
f 8959 9202 9035
f 8959 8963 9203
f 8860 9204 8964
f 8860 8893 9205
f 8969 9206 8893
f 8863 9207 8969
f 8866 9208 8863
f 8866 8863 8969
f 8969 9207 9206
f 8941 8943 9195
f 8874 9215 9214
f 8986 9160 9218
f 8866 8869 8870
f 8869 8866 8871
f 8866 8872 8871
f 8953 9209 8872
f 8866 8870 9208
f 8974 9212 9211
f 9140 8874 9214
f 8975 9140 9150
f 9215 8874 8873
f 8873 8874 8876
f 8866 8953 8872
f 8953 8971 9209
f 9210 9209 8973
f 8973 9211 9210
f 8971 8973 9209
f 8974 9150 9212
f 8974 8975 9150
f 8975 8874 9140
f 8973 8974 9211
f 8896 9155 8875
f 8896 8875 9217
f 8877 8876 8894
f 8879 8989 9220
f 8988 8879 8880
f 8881 8882 8988
f 8990 8883 8884
f 9219 8988 8882
f 8990 9153 8886
f 8990 8887 8888
f 8990 8886 8889
f 9222 9221 8991
f 8878 9160 8987
f 9153 8885 9164
f 8990 8890 8891
f 8890 8990 8892
f 8889 8892 8990
f 8899 9221 9164
f 8988 8880 8881
f 8990 8891 8887
f 9220 8990 8884
f 8888 8883 8990
f 9222 8991 8868
f 9219 8878 8898
f 8894 8876 8874
f 8894 8954 8877
f 8895 8896 9217
f 8895 9217 9216
f 8954 8895 8877
f 9136 8867 9156
f 8867 9218 9156
f 8867 8986 9218
f 8986 8987 9160
f 8898 8988 9219
f 8987 8898 8878
f 8988 8989 8879
f 8990 8885 9153
f 8989 8990 9220
f 8885 8899 9164
f 8899 8991 9221
f 8955 8900 8868
f 8900 9223 8868
f 8991 8955 8868
f 8904 8838 8915
f 8843 8919 8901
f 8914 8998 8812
f 8839 8904 8993
f 8916 8841 9001
f 8840 9001 8841
f 8842 8916 9023
f 8823 8822 8906
f 8823 8907 8908
f 8917 8823 8995
f 8917 8909 8918
f 8918 9256 8919
f 8910 8847 9027
f 8902 8843 9254
f 8930 8902 9021
f 8846 8845 9253
f 8903 8847 9252
f 8846 8912 9027
f 8930 9003 8845
f 8919 9256 8901
f 8927 9072 8844
f 9136 9155 8896
f 8812 8998 8992
f 8812 9260 8915
f 8915 9000 8905
f 9260 9000 8915
f 8904 9259 9064
f 8905 8904 8915
f 8840 8839 8993
f 8840 9258 9023
f 8840 9023 9001
f 9064 8993 8904
f 8916 9001 9023
f 9023 9257 8842
f 9067 8823 8908
f 8823 8906 8907
f 8995 8823 9067
f 9026 9256 8918
f 8902 9254 9021
f 8843 8901 9254
f 8842 9002 8822
f 8920 8911 8903
f 8911 8921 8922
f 9016 8844 9004
f 9004 8911 8925
f 9004 8844 8911
f 9072 8927 9251
f 8933 9072 9251
f 8927 8844 8928
f 9250 8851 8933
f 9249 8834 8851
f 8913 8834 8929
f 9248 8835 8934
f 8934 8913 9248
f 8845 9003 9029
f 9027 8912 8931
f 8835 9010 8935
f 8903 9252 9028
f 8920 8921 8911
f 9028 8923 8903
f 8923 8920 8903
f 8922 8925 8911
f 8921 8920 8922
f 8924 8932 8844
f 8932 8928 8844
f 8924 8844 9016
f 8910 9252 8847
f 8930 9021 9003
f 8992 9260 8812
f 8905 9259 8904
f 8842 9257 9002
f 8906 8822 9002
f 8995 8909 8917
f 8846 9253 8912
f 8999 8998 8914
f 9258 8840 8993
f 9073 8933 9251
f 9250 8933 9073
f 9074 8851 9250
f 8932 8924 8928
f 8926 8927 8928
f 8851 9074 9249
f 9074 8913 8929
f 9248 8913 9074
f 8926 9251 8927
f 9010 8835 9248
f 8929 8834 9249
f 9010 9006 8935
f 8937 8835 9006
f 9007 8830 8937
f 8938 8830 9247
f 9246 8836 8938
f 8936 8836 9113
f 8939 8836 8936
f 9014 8939 9077
f 9246 9113 8836
f 8936 9077 8939
f 8939 9014 8848
f 9244 8849 8946
f 9013 8837 8849
f 8950 8837 9243
f 8850 8950 9243
f 9015 8943 8941
f 8941 8850 8942
f 9038 8943 9071
f 9071 8943 9015
f 9039 8856 8943
f 8945 8852 8944
f 9244 8947 8849
f 8944 8865 8945
f 8858 8865 8948
f 9013 8849 8947
f 9245 8946 8848
f 9006 9011 8937
f 9243 8837 8940
f 9034 8850 9243
f 8942 8850 9034
f 9015 8941 8942
f 9007 8937 9011
f 8946 9245 9244
f 9039 8852 8856
f 9039 8943 9037
f 8951 8858 9242
f 9038 9037 8943
f 8948 8865 8944
f 8957 8951 8949
f 8951 9242 8949
f 8948 9242 8858
f 8835 8935 9006
f 8970 8866 8969
f 8967 8893 8860
f 8972 8973 8971
f 8897 9136 8896
f 8966 8874 8975
f 9040 8952 8957
f 9041 8952 9141
f 9241 9058 8859
f 9042 9035 8859
f 9240 8959 9035
f 8963 8959 9240
f 9040 9141 8952
f 9142 9241 8958
f 8958 9241 8859
f 9041 8958 8952
f 9058 9042 8859
f 8960 8961 8967
f 8893 8967 8961
f 8967 8860 9043
f 9044 8893 8961
f 9121 8893 9044
f 9036 8970 8969
f 8969 8968 9036
f 8968 8969 9237
f 8953 8866 9236
f 8893 9121 9237
f 8973 8972 9047
f 9239 8964 8963
f 8964 9238 8860
f 9236 8971 8953
f 8974 8973 9234
f 9233 8966 8975
f 9232 8874 8966
f 9232 9133 8874
f 9239 9238 8964
f 9041 9142 8958
f 9043 8960 8967
f 9044 8961 8960
f 8893 9237 8969
f 9240 8956 8963
f 9043 8860 9238
f 9236 8866 8970
f 8971 9235 8972
f 9233 8975 8974
f 8971 9236 9235
f 9235 8962 8972
f 9047 8972 8962
f 9232 8966 8965
f 8973 9047 9234
f 9048 8974 9234
f 9051 8874 9133
f 8895 8954 9231
f 8954 8894 9050
f 8976 8897 8896
f 9229 9136 8897
f 9229 8867 9136
f 8979 8986 8867
f 9051 9061 8894
f 9061 9050 8894
f 8874 9051 8894
f 9050 9059 8954
f 9230 8896 8895
f 9231 8954 9059
f 8897 8976 8978
f 8978 8977 8897
f 8977 9229 8897
f 8982 8987 8986
f 9227 8898 8987
f 8988 8898 9226
f 9225 8885 8990
f 9224 8991 8899
f 8955 8991 9055
f 8989 8988 9052
f 8986 8981 8980
f 9228 8986 8980
f 8979 8981 8986
f 8895 9231 9230
f 8896 9230 8976
f 9228 8980 8981
f 9228 8982 8986
f 8979 8867 9229
f 8983 8990 9053
f 9053 8990 8989
f 9225 8899 8885
f 8991 9054 8985
f 8985 9055 8991
f 9056 8900 8955
f 8984 9053 8989
f 9225 8990 8983
f 9052 8984 8989
f 9054 9055 8985
f 8964 9203 8963
f 8812 9260 8992
f 8992 9260 8812
f 9259 8905 8904
f 8904 8905 9000
f 9023 9258 9064
f 8906 9067 8907
f 8907 8994 8908
f 9067 8908 8994
f 9020 8909 8995
f 8909 9026 8918
f 9026 8918 9256
f 8918 9026 9256
f 8931 8912 8996
f 8920 8923 8997
f 8912 9253 8846
f 8846 9253 9068
f 8996 9068 8931
f 9068 8912 8846
f 8912 9068 8996
f 9022 9252 8910
f 8921 8920 9028
f 8997 9028 8920
f 8923 9028 8997
f 9027 9022 8910
f 8992 8998 9017
f 9000 9260 8992
f 8904 9000 9259
f 9064 9259 9000
f 9018 9257 9023
f 8994 8907 9067
f 9067 9025 8995
f 9020 8995 9025
f 9026 8909 9020
f 9091 9255 8901
f 9066 9254 8901
f 9256 9026 8901
f 8901 9255 9066
f 9091 9066 9255
f 9029 9253 8845
f 9027 8931 9068
f 9022 9028 9252
f 8925 8921 9009
f 8924 9016 9005
f 8928 8924 8932
f 9016 9009 9005
f 9009 8924 9005
f 8924 9009 8932
f 8926 9030 8927
f 8927 9251 8926
f 8928 8932 9009
f 8928 9009 8926
f 8851 9249 9074
f 8925 8920 8921
f 9249 8851 9074
f 9012 9248 9074
f 9010 8935 9006
f 9076 9247 8830
f 9247 9008 8938
f 9008 9246 8938
f 9033 9244 8946
f 9245 8946 9244
f 9245 8848 9032
f 8941 9015 8942
f 8942 9034 8941
f 8925 9009 9004
f 9004 9009 9016
f 9030 8926 9009
f 9251 8927 9030
f 9073 9251 9030
f 9074 9250 9073
f 9075 9006 8935
f 8830 9007 9076
f 9031 9076 9007
f 9076 9008 9247
f 9113 9246 9008
f 9033 8946 9245
f 9015 8941 9034
f 9034 9071 9015
f 9034 9243 8940
f 8921 9028 9009
f 9064 9000 9019
f 9064 9065 9023
f 9091 8901 9026
f 9075 8935 9012
f 9032 8848 9077
f 9081 9034 8940
f 9037 9038 8943
f 9038 9037 8943
f 8958 9142 9041
f 8944 8865 8948
f 8948 9082 9242
f 8949 9083 8957
f 9083 9040 8957
f 9041 9142 8958
f 8967 8960 9043
f 9240 9035 9122
f 8956 9119 8963
f 9057 8960 8967
f 8960 9121 8961
f 8961 9044 8960
f 9043 9057 8967
f 9071 9037 9038
f 9141 9142 9041
f 8944 8852 8865
f 9082 8948 8865
f 9082 9083 9242
f 9141 9040 9083
f 9058 9241 9142
f 8968 9045 9036
f 9122 9123 9240
f 9119 9239 8963
f 9121 8960 9057
f 9044 8961 9121
f 8968 9237 9121
f 9036 9045 8970
f 9236 8970 9045
f 8962 8972 9047
f 9235 8972 8962
f 9124 8962 8972
f 8962 9046 8972
f 9047 8972 9046
f 9126 9233 8974
f 9126 8965 8966
f 8966 9232 8965
f 8965 9133 8966
f 9233 9126 8966
f 8897 9229 8977
f 8986 8981 8979
f 8976 9049 8977
f 8976 9135 9049
f 9135 8897 8977
f 9049 9135 8977
f 9135 9229 8897
f 8984 8989 9053
f 8979 9062 8986
f 9228 8981 8980
f 9062 8981 8986
f 8981 9159 8980
f 8982 9159 8987
f 8972 9235 9124
f 9127 9047 9046
f 9046 8962 9124
f 9127 9234 9047
f 9128 9125 9234
f 8974 9048 9125
f 9232 8966 9133
f 9133 8965 9126
f 8898 9227 9134
f 9226 9060 8988
f 8984 9053 8989
f 9137 9225 8983
f 9053 9137 8983
f 8899 9225 9138
f 9138 9224 8899
f 8991 9224 9152
f 8991 9152 9054
f 9054 9170 8985
f 8955 9055 9170
f 8985 9055 9054
f 8974 9125 9126
f 9127 9046 9124
f 9135 8976 9230
f 9159 9228 8980
f 8987 9159 9227
f 9159 9134 9227
f 8898 9134 9226
f 9130 9053 8984
f 9137 9131 9225
f 8988 9060 9052
f 9131 9138 9225
f 9152 9170 9054
f 9138 9152 9224
f 8955 9170 9132
f 8955 9132 9056
f 9170 9055 8985
f 9062 9159 8981
f 9000 8992 9019
f 9064 9019 9063
f 8847 9027 9068
f 9009 9028 9022
f 9063 9019 8816
f 8992 8813 9019
f 9063 9172 9064
f 9065 9064 8802
f 9018 9023 8801
f 8804 9024 9018
f 9024 9090 9174
f 9175 9020 9025
f 9026 9020 9176
f 9174 9067 9024
f 8847 9022 9027
f 9091 9026 9177
f 9066 9091 9178
f 9021 9180 9029
f 9068 9029 9101
f 8806 9068 9101
f 9068 9182 8847
f 8847 8903 9022
f 9080 8837 9033
f 9078 9079 9033
f 9033 9032 9078
f 9080 9033 9079
f 9085 8838 8992
f 8992 8838 8813
f 8813 9069 9019
f 9025 8805 9086
f 9018 9087 8804
f 9064 9088 9173
f 9065 9089 8803
f 9063 9092 8814
f 9063 8816 9092
f 9063 8814 9093
f 9063 9093 8800
f 8800 8839 9063
f 8839 9172 9063
f 9172 9088 9064
f 9019 9069 8816
f 9009 9095 9072
f 9030 9009 9072
f 9030 9103 9073
f 9012 9074 9185
f 9075 9012 9186
f 8807 9068 8846
f 9185 9074 8913
f 9074 8825 9096
f 9072 9095 8844
f 8802 9089 9065
f 8841 8817 9065
f 9065 8803 8841
f 9065 8819 9070
f 9070 9023 9065
f 8818 9023 9070
f 8819 9065 9098
f 9065 8817 9098
f 9087 9018 8801
f 9023 8916 8801
f 9023 8818 8916
f 9175 9025 9086
f 8814 9092 8816
f 8819 8818 9070
f 8800 9093 8814
f 9098 8817 8819
f 9172 9173 9088
f 9089 8802 8803
f 8804 9087 8801
f 9174 9090 8804
f 9175 9086 8805
f 9177 9178 9091
f 8813 8816 9069
f 9179 9066 9099
f 9066 9178 9099
f 9100 8808 9021
f 9021 8810 9100
f 9178 9179 9099
f 9100 8810 8808
f 8806 8846 9068
f 9182 9068 9102
f 9068 8807 9102
f 9094 9022 8903
f 9073 9103 9072
f 9103 9030 9072
f 9072 8826 9073
f 8827 9074 9096
f 9074 8827 9104
f 8833 9074 9104
f 9102 8807 9182
f 8806 9101 9181
f 8825 8827 9096
f 9104 8827 8833
f 9186 9012 8934
f 8934 9012 9185
f 9075 9187 9031
f 9189 9076 9031
f 9190 9008 9076
f 9032 9192 9078
f 9078 9193 9079
f 8950 9081 8940
f 9107 9034 9081
f 9195 9071 8941
f 9037 9196 8852
f 9008 9190 9112
f 9112 9191 9008
f 9077 9114 9115
f 9114 9077 8831
f 9115 8848 9032
f 9113 9191 8831
f 9114 8831 9115
f 9191 9112 9190
f 9032 8848 9192
f 9192 8946 9078
f 9078 9116 9193
f 8832 9116 9078
f 9078 8946 8832
f 9080 9193 8837
f 8832 9193 9116
f 9194 8940 8837
f 8950 8940 9194
f 9034 9107 8850
f 9034 8850 9071
f 8850 8941 9071
f 8943 9071 9195
f 9037 8855 9117
f 8855 8853 9117
f 9037 8853 9118
f 9037 9117 8853
f 9118 8864 9037
f 9118 8853 8864
f 9120 9133 9126
f 9119 9123 8964
f 9137 9053 9130
f 9122 9035 9202
f 9139 9122 9202
f 9203 9123 9122
f 9045 8872 9124
f 9128 9127 9210
f 9125 9128 9212
f 9212 9126 9125
f 9140 9133 9120
f 9119 9204 8860
f 8862 9143 9058
f 9058 9143 9144
f 9139 8861 9145
f 9122 8861 9146
f 9122 9145 8861
f 9122 9146 9203
f 9142 9201 8862
f 9143 8862 9144
f 9201 9141 9200
f 8861 9203 9146
f 9123 9203 8964
f 9204 9119 8964
f 8860 9205 9057
f 8860 9057 9119
f 9121 9147 9207
f 9206 9147 9121
f 8863 9148 8968
f 9045 9149 8871
f 8870 9149 9045
f 9148 9208 8968
f 9148 8863 9208
f 9149 8870 8871
f 9207 9147 9206
f 9209 9124 8872
f 9150 9140 9120
f 9133 8876 9061
f 9129 9059 9216
f 9151 9129 9217
f 9135 9129 9155
f 9062 9135 9156
f 9130 9060 8879
f 9220 9137 9130
f 9131 9137 9153
f 9153 9138 9131
f 9223 9132 9170
f 9215 9154 9133
f 9154 8873 9133
f 9059 8877 8895
f 9160 9062 9218
f 9129 9157 8875
f 9129 8875 9158
f 9129 9158 9155
f 8875 9157 9151
f 8895 9216 9059
f 9155 9136 9135
f 9136 9156 9135
f 9061 8876 8877
f 8873 9154 9215
f 9158 8875 9155
f 9159 9160 8878
f 9134 8878 9161
f 9134 9161 9219
f 9060 9162 8880
f 8882 9162 9060
f 8879 9163 9130
f 9137 9165 8891
f 8884 9166 9137
f 9165 9137 8888
f 9137 9166 8888
f 9137 8891 9167
f 8892 9137 9167
f 9220 8884 9137
f 9168 9137 8892
f 9163 9220 9130
f 9137 8886 9153
f 8888 9166 8884
f 9162 8882 8880
f 9163 8879 9220
f 9219 9161 8878
f 8886 9168 8892
f 8891 8892 9167
f 8886 9137 9168
f 8888 8891 9165
f 9222 9169 9152
f 9152 9169 8868
f 9222 8868 9169
f 9170 8868 9223
f 9083 9200 9141
f 9171 9017 8811
f 9017 9171 9085
f 9017 9085 8992
f 9064 9173 8802
f 9024 8804 9090
f 9067 8805 9025
f 9067 9174 8805
f 9020 9175 9176
f 8824 9026 9176
f 9026 8824 9084
f 9177 9026 9084
f 9066 9179 9021
f 8810 9021 9179
f 9021 8808 9180
f 9180 9181 9029
f 9029 9181 9101
f 9022 9094 9009
f 9009 9094 9095
f 9073 8826 9074
f 8825 9074 8826
f 9074 8833 9183
f 9074 9097 8913
f 9074 9183 9184
f 9097 9074 9184
f 9075 9186 9105
f 9187 9075 9105
f 9188 9031 9187
f 9189 9031 9188
f 9106 9076 9189
f 9076 9106 9190
f 9008 9191 9113
f 9113 8831 9077
f 9077 9115 9032
f 9079 9193 9080
f 9071 9108 9037
f 9110 9037 9108
f 8855 9037 9110
f 9037 8864 9196
f 8852 9109 8865
f 8865 9197 9082
f 9082 9197 9198
f 9082 9198 9199
f 9082 9199 9083
f 9083 9199 9111
f 9200 9083 9111
f 9141 9201 9142
f 9142 8862 9058
f 9058 9144 9035
f 9122 9139 9145
f 9057 9205 9121
f 9121 9205 9206
f 8863 9121 9207
f 9121 8863 8968
f 8968 9208 9045
f 8870 9045 9208
f 9045 8871 8872
f 9210 9124 9209
f 9124 9210 9127
f 9128 9210 9211
f 9128 9211 9212
f 9126 9212 9213
f 9150 9126 9213
f 9126 9150 9120
f 9140 9214 9133
f 9133 9214 9215
f 9133 8873 8876
f 9061 8877 9059
f 9129 9216 9217
f 9129 9151 9157
f 9218 9062 9156
f 9062 9160 9159
f 9159 8878 9134
f 9134 9219 9060
f 8882 9060 9219
f 9060 8880 8879
f 9138 9153 9164
f 9138 9164 9221
f 9138 9221 9152
f 9222 9152 9221
f 9152 8868 9170
f 9130 8984 9052
f 9130 9052 9060
f 9060 9226 9134
f 9159 8982 9228
f 9062 8979 9229
f 9062 9229 9135
f 9135 9230 9129
f 9129 9230 9231
f 9129 9231 9059
f 9059 9050 9061
f 9061 9051 9133
f 9234 9125 9048
f 9128 9234 9127
f 9124 9235 9236
f 9124 9236 9045
f 9057 9043 9238
f 9057 9238 9119
f 9239 9119 9238
f 9119 8956 9123
f 9240 9123 8956
f 9035 9042 9058
f 9242 9083 8949
f 8852 9039 9037
f 8837 9013 9033
f 9033 9013 8947
f 9033 8947 9244
f 9033 9245 9032
f 8848 9014 9077
f 9077 8936 9113
f 9031 9007 9011
f 9031 9011 9075
f 9006 9075 9011
f 8935 9010 9012
f 9248 9012 9010
f 9249 9074 8929
f 9068 9253 9029
f 9029 9003 9021
f 9021 9254 9066
f 9067 8906 9024
f 9002 9024 8906
f 9024 9002 9018
f 9002 9257 9018
f 9064 9258 8993
f 9017 8998 8999
f 9262 9261 9263
f 9264 9265 9294
f 9261 9294 9263
f 9266 9263 9294
f 9267 9264 9294
f 9268 9269 9294
f 9270 9268 9294
f 9271 9266 9294
f 9272 9271 9294
f 9273 9274 9294
f 9275 9273 9294
f 9294 9276 9272
f 9277 9294 9274
f 9294 9277 9276
f 9269 9275 9294
f 9265 9270 9294
f 9279 9280 9294
f 9281 9282 9294
f 9280 9281 9294
f 9283 9284 9294
f 9279 9294 9284
f 9283 9294 9285
f 9286 9287 9294
f 9288 9289 9294
f 9289 9267 9294
f 9287 9288 9294
f 9290 9294 9291
f 9291 9294 9292
f 9285 9294 9290
f 9282 9286 9294
f 9293 9294 9261
f 9292 9294 9293
f 9284 9283 9295
f 9279 9284 9296
f 9285 9290 9297
f 9291 9292 9298
f 9290 9291 9299
f 9283 9285 9300
f 9295 9296 9284
f 9301 9279 9296
f 9297 9300 9285
f 9298 9299 9291
f 9302 9298 9292
f 9297 9290 9299
f 9295 9283 9300
f 9292 9293 9302
f 9274 9303 9304
f 9293 9261 9305
f 9262 9263 9306
f 9261 9262 9305
f 9266 9271 9307
f 9272 9276 9308
f 9271 9272 9309
f 9263 9266 9310
f 9305 9262 9306
f 9310 9266 9307
f 9263 9310 9306
f 9272 9308 9309
f 9309 9307 9271
f 9308 9276 9311
f 9304 9311 9277
f 9277 9274 9304
f 9311 9276 9277
f 9293 9305 9302
f 9296 9295 9312
f 9301 9296 9312
f 9295 9300 9312
f 9312 9300 9297
f 9278 9298 9302
f 9299 9298 9278
f 9297 9299 9278
f 9312 9297 9278
f 9306 9310 9278
f 9305 9306 9278
f 9311 9313 9308
f 9309 9313 9307
f 9308 9313 9309
f 9311 9304 9313
f 9278 9310 9307
f 9278 9307 9313
f 9304 9303 9313
f 9305 9278 9302
f 9313 9303 9314
f 9315 9313 9314
f 9315 9316 9313
f 9313 9316 9317
f 9278 9318 9319
f 9278 9319 9320
f 9320 9321 9278
f 9317 9318 9278
f 9278 9313 9317
f 9278 9321 9322
f 9278 9322 9323
f 9312 9324 9325
f 9326 9327 9312
f 9328 9312 9327
f 9326 9312 9325
f 9324 9278 9323
f 9312 9328 9301
f 9278 9324 9312
f 9274 9273 9303
f 9275 9269 9315
f 9273 9275 9314
f 9268 9270 9317
f 9265 9264 9319
f 9270 9265 9318
f 9269 9268 9316
f 9303 9273 9314
f 9315 9269 9316
f 9275 9315 9314
f 9270 9318 9317
f 9317 9316 9268
f 9318 9265 9319
f 9319 9264 9320
f 9267 9321 9320
f 9264 9267 9320
f 9289 9288 9323
f 9287 9286 9325
f 9288 9287 9324
f 9282 9281 9327
f 9280 9279 9301
f 9281 9280 9328
f 9286 9282 9326
f 9321 9267 9322
f 9324 9323 9288
f 9322 9289 9323
f 9326 9325 9286
f 9328 9327 9281
f 9301 9328 9280
f 9326 9282 9327
f 9324 9287 9325
f 9322 9267 9289
f 9329 9330 9401
f 9331 9332 9333
f 9334 9335 9401
f 9330 9334 9401
f 9336 9337 9401
f 9338 9339 9401
f 9337 9338 9401
f 9335 9336 9401
f 9340 9341 9401
f 9340 9401 9342
f 9343 9401 9344
f 9342 9401 9343
f 9331 9345 9346
f 9347 9401 9348
f 9349 9401 9347
f 9344 9401 9349
f 9350 9351 9401
f 9352 9353 9401
f 9351 9352 9401
f 9354 9355 9401
f 9356 9331 9401
f 9357 9356 9401
f 9355 9357 9401
f 9353 9354 9401
f 9358 9401 9359
f 9360 9401 9361
f 9359 9401 9360
f 9362 9401 9363
f 9364 9345 9331
f 9346 9332 9331
f 9361 9401 9362
f 9348 9401 9358
f 9339 9350 9401
f 9365 9363 9401
f 9401 9366 9365
f 9401 9331 9366
f 9331 9333 9366
f 9331 9367 9364
f 9368 9369 9401
f 9370 9371 9401
f 9369 9370 9401
f 9372 9373 9401
f 9374 9375 9401
f 9373 9374 9401
f 9371 9372 9401
f 9376 9368 9401
f 9376 9401 9377
f 9378 9401 9379
f 9377 9401 9378
f 9380 9401 9381
f 9382 9401 9383
f 9381 9401 9382
f 9379 9401 9380
f 9384 9368 9385
f 9386 9387 9401
f 9388 9389 9401
f 9390 9388 9401
f 9387 9390 9401
f 9391 9329 9401
f 9392 9391 9401
f 9393 9392 9401
f 9389 9393 9401
f 9394 9401 9395
f 9396 9401 9397
f 9395 9401 9396
f 9398 9401 9399
f 9376 9400 9368
f 9397 9401 9398
f 9383 9401 9394
f 9375 9386 9401
f 9402 9401 9341
f 9402 9399 9401
f 9400 9403 9368
f 9385 9368 9403
f 9404 9368 9384
f 9405 9368 9404
f 9406 9343 9344
f 9347 9407 9349
f 9408 9340 9342
f 9347 9348 9409
f 9344 9349 9410
f 9411 9342 9343
f 9412 9341 9340
f 9413 9358 9359
f 9414 9360 9361
f 9415 9359 9360
f 9361 9362 9416
f 9365 9366 9417
f 9363 9365 9418
f 9348 9358 9419
f 9362 9363 9420
f 9411 9408 9342
f 9343 9406 9411
f 9406 9344 9410
f 9407 9410 9349
f 9412 9340 9408
f 9329 9421 9330
f 9407 9347 9409
f 9409 9348 9419
f 9413 9419 9358
f 9360 9414 9415
f 9416 9362 9420
f 9420 9363 9418
f 9416 9414 9361
f 9359 9415 9413
f 9365 9417 9418
f 9366 9422 9417
f 9423 9331 9356
f 9356 9357 9424
f 9425 9357 9355
f 9426 9354 9353
f 9427 9352 9351
f 9355 9354 9428
f 9429 9353 9352
f 9430 9350 9339
f 9339 9338 9431
f 9337 9432 9338
f 9433 9336 9335
f 9334 9330 9434
f 9337 9336 9435
f 9334 9436 9335
f 9351 9350 9437
f 9438 9422 9331
f 9424 9423 9356
f 9438 9331 9423
f 9425 9355 9428
f 9426 9428 9354
f 9429 9426 9353
f 9357 9425 9424
f 9352 9427 9429
f 9431 9430 9339
f 9437 9350 9430
f 9432 9431 9338
f 9336 9433 9435
f 9335 9436 9433
f 9351 9437 9427
f 9432 9337 9435
f 9436 9334 9434
f 9330 9421 9434
f 9331 9422 9366
f 9439 9407 9409
f 9406 9410 9439
f 9412 9408 9439
f 9439 9411 9406
f 9439 9408 9411
f 9439 9410 9407
f 9439 9409 9419
f 9415 9439 9413
f 9420 9439 9416
f 9416 9439 9414
f 9420 9418 9439
f 9415 9414 9439
f 9422 9439 9417
f 9419 9413 9439
f 9418 9417 9439
f 9421 9440 9434
f 9422 9441 9439
f 9441 9426 9429
f 9425 9428 9441
f 9441 9438 9423
f 9424 9425 9441
f 9424 9441 9423
f 9441 9428 9426
f 9441 9429 9427
f 9440 9433 9436
f 9437 9440 9427
f 9440 9437 9430
f 9440 9432 9435
f 9433 9440 9435
f 9431 9432 9440
f 9436 9434 9440
f 9431 9440 9430
f 9441 9427 9440
f 9438 9441 9422
f 9440 9439 9441
f 9442 9439 9440
f 9443 9444 9442
f 9439 9442 9444
f 9421 9445 9442
f 9446 9447 9442
f 9442 9445 9446
f 9447 9448 9442
f 9449 9450 9442
f 9451 9442 9450
f 9452 9453 9443
f 9443 9454 9455
f 9451 9452 9442
f 9456 9443 9453
f 9457 9458 9443
f 9454 9443 9458
f 9443 9456 9457
f 9455 9459 9443
f 9440 9421 9442
f 9460 9442 9448
f 9449 9442 9460
f 9442 9452 9443
f 9461 9462 9444
f 9444 9463 9464
f 9443 9465 9466
f 9461 9444 9466
f 9444 9462 9463
f 9444 9464 9467
f 9467 9468 9444
f 9469 9444 9470
f 9444 9471 9472
f 9469 9473 9444
f 9470 9444 9474
f 9475 9444 9472
f 9444 9473 9471
f 9468 9474 9444
f 9475 9412 9444
f 9443 9466 9444
f 9439 9444 9412
f 9443 9459 9465
f 9445 9329 9391
f 9446 9391 9392
f 9393 9389 9448
f 9388 9390 9449
f 9389 9388 9460
f 9393 9447 9392
f 9372 9371 9458
f 9455 9369 9459
f 9454 9371 9370
f 9452 9386 9375
f 9456 9374 9373
f 9453 9375 9374
f 9370 9369 9455
f 9457 9373 9372
f 9447 9446 9392
f 9447 9393 9448
f 9391 9446 9445
f 9448 9389 9460
f 9450 9449 9390
f 9460 9388 9449
f 9421 9329 9445
f 9457 9456 9373
f 9372 9458 9457
f 9458 9371 9454
f 9370 9455 9454
f 9387 9386 9451
f 9453 9452 9375
f 9451 9386 9452
f 9374 9456 9453
f 9387 9451 9450
f 9390 9387 9450
f 9369 9368 9459
f 9467 9382 9383
f 9463 9380 9381
f 9376 9377 9465
f 9461 9378 9379
f 9377 9378 9466
f 9462 9379 9380
f 9464 9381 9382
f 9471 9398 9399
f 9402 9472 9399
f 9468 9383 9394
f 9469 9396 9397
f 9395 9396 9470
f 9395 9474 9394
f 9473 9397 9398
f 9341 9475 9402
f 9462 9380 9463
f 9464 9382 9467
f 9461 9379 9462
f 9376 9465 9459
f 9466 9378 9461
f 9466 9465 9377
f 9381 9464 9463
f 9472 9471 9399
f 9412 9475 9341
f 9472 9402 9475
f 9468 9467 9383
f 9470 9474 9395
f 9469 9397 9473
f 9396 9469 9470
f 9473 9398 9471
f 9474 9468 9394
f 9376 9459 9368
f 9476 9498 9478
f 9476 9478 9480
f 9479 9480 9478
f 9477 9498 9476
f 9481 9482 9498
f 9483 9481 9498
f 9484 9483 9498
f 9498 9477 9484
f 9486 9487 9478
f 9488 9490 9486
f 9485 9491 9478
f 9479 9478 9492
f 9492 9478 9491
f 9490 9489 9486
f 9493 9487 9486
f 9489 9493 9486
f 9485 9478 9487
f 9496 9494 9498
f 9495 9497 9498
f 9494 9495 9498
f 9498 9482 9496
f 9503 9498 9501
f 9500 9503 9499
f 9502 9503 9500
f 9499 9503 9501
f 9498 9497 9501
f 9504 9509 9503
f 9505 9506 9509
f 9504 9505 9509
f 9507 9508 9509
f 9510 9511 9538
f 9508 9510 9538
f 9506 9507 9509
f 9538 9509 9508
f 9538 9511 9512
f 9504 9503 9502
f 9486 9514 9513
f 9486 9513 9488
f 9621 9515 9486
f 9517 9514 9486
f 9518 9515 9621
f 9517 9486 9515
f 9519 9516 9621
f 9621 9520 9521
f 9519 9621 9521
f 9518 9621 9516
f 9522 9523 9621
f 9621 9524 9522
f 9520 9621 9523
f 9524 9621 9525
f 9526 9525 9621
f 9527 9528 9619
f 9526 9619 9528
f 9526 9621 9619
f 9527 9619 9529
f 9530 9531 9538
f 9532 9533 9538
f 9530 9538 9533
f 9546 9534 9535
f 9536 9534 9546
f 9531 9536 9546
f 9538 9537 9532
f 9537 9538 9512
f 9531 9546 9538
f 9535 9539 9546
f 9540 9541 9619
f 9619 9542 9543
f 9543 9540 9619
f 9541 9529 9619
f 9544 9545 9546
f 9546 9539 9544
f 9545 9542 9546
f 9542 9619 9546
f 9550 9549 9561
f 9554 9561 9551
f 9561 9554 9553
f 9551 9561 9556
f 9561 9558 9557
f 9552 9561 9559
f 9561 9557 9559
f 9552 9556 9561
f 9561 9562 9548
f 9548 9565 9564
f 9548 9562 9566
f 9555 9561 9553
f 9561 9555 9562
f 9548 9567 9565
f 9548 9560 9563
f 9548 9563 9567
f 9560 9548 9566
f 9558 9561 9569
f 9569 9561 9568
f 9561 9570 9568
f 9561 9571 9570
f 9572 9571 9549
f 9571 9561 9549
f 9573 9577 9549
f 9572 9549 9577
f 9575 9549 9574
f 9574 9549 9576
f 9549 9578 9579
f 9549 9580 9581
f 9549 9581 9578
f 9549 9579 9576
f 9549 9582 9583
f 9549 9583 9580
f 9573 9549 9575
f 9548 9584 9585
f 9586 9548 9585
f 9564 9584 9548
f 9586 9596 9548
f 9596 9586 9587
f 9596 9589 9588
f 9589 9596 9587
f 9590 9591 9596
f 9592 9593 9596
f 9596 9591 9592
f 9590 9596 9588
f 9594 9595 9596
f 9596 9593 9594
f 9597 9596 9595
f 9616 9598 9599
f 9598 9616 9597
f 9600 9616 9601
f 9616 9599 9601
f 9597 9616 9596
f 9604 9602 9603
f 9604 9605 9606
f 9605 9604 9603
f 9607 9608 9604
f 9604 9608 9609
f 9604 9609 9602
f 9549 9604 9606
f 9606 9610 9549
f 9582 9549 9610
f 9604 9611 9607
f 9616 9612 9613
f 9614 9615 9616
f 9616 9613 9614
f 9616 9600 9612
f 9616 9611 9604
f 9616 9617 9618
f 9616 9618 9611
f 9616 9615 9617
f 9616 9604 9620
f 9616 9620 9596
f 9620 9547 9596
f 9547 9548 9596
f 9547 9620 9621
f 9538 9546 9620
f 9620 9546 9619
f 9619 9621 9620
f 9486 9547 9621
f 9565 9490 9488
f 9563 9493 9489
f 9567 9489 9490
f 9566 9485 9487
f 9555 9492 9491
f 9562 9491 9485
f 9560 9487 9493
f 9554 9480 9479
f 9556 9477 9476
f 9551 9476 9480
f 9559 9483 9484
f 9558 9482 9481
f 9557 9481 9483
f 9552 9484 9477
f 9553 9479 9492
f 9488 9564 9565
f 9489 9567 9563
f 9567 9490 9565
f 9487 9560 9566
f 9491 9562 9555
f 9562 9485 9566
f 9560 9493 9563
f 9479 9553 9554
f 9476 9551 9556
f 9551 9480 9554
f 9484 9552 9559
f 9481 9557 9558
f 9482 9558 9569
f 9557 9483 9559
f 9552 9477 9556
f 9553 9492 9555
f 9569 9496 9482
f 9568 9494 9496
f 9571 9497 9495
f 9570 9495 9494
f 9577 9499 9501
f 9575 9502 9500
f 9573 9500 9499
f 9572 9501 9497
f 9574 9505 9504
f 9579 9507 9506
f 9576 9506 9505
f 9581 9510 9508
f 9583 9512 9511
f 9580 9511 9510
f 9578 9508 9507
f 9575 9504 9502
f 9570 9494 9568
f 9572 9497 9571
f 9570 9571 9495
f 9573 9499 9577
f 9574 9504 9575
f 9573 9575 9500
f 9572 9577 9501
f 9579 9506 9576
f 9578 9581 9508
f 9507 9579 9578
f 9576 9505 9574
f 9580 9510 9581
f 9582 9512 9583
f 9537 9582 9610
f 9580 9583 9511
f 9512 9582 9537
f 9569 9568 9496
f 9606 9533 9532
f 9610 9532 9537
f 9603 9531 9530
f 9609 9534 9536
f 9602 9536 9531
f 9605 9530 9533
f 9543 9542 9615
f 9542 9545 9617
f 9607 9539 9535
f 9541 9540 9613
f 9540 9543 9614
f 9529 9541 9612
f 9608 9535 9534
f 9605 9533 9606
f 9610 9606 9532
f 9602 9531 9603
f 9608 9534 9609
f 9602 9609 9536
f 9605 9603 9530
f 9544 9618 9545
f 9618 9617 9545
f 9615 9542 9617
f 9543 9615 9614
f 9607 9611 9539
f 9544 9611 9618
f 9613 9540 9614
f 9613 9612 9541
f 9535 9608 9607
f 9544 9539 9611
f 9612 9600 9529
f 9513 9564 9488
f 9528 9527 9599
f 9525 9526 9597
f 9526 9528 9598
f 9522 9524 9594
f 9593 9523 9522
f 9595 9524 9525
f 9592 9520 9523
f 9590 9519 9521
f 9589 9518 9516
f 9588 9516 9519
f 9586 9517 9515
f 9584 9513 9514
f 9585 9514 9517
f 9587 9515 9518
f 9591 9521 9520
f 9527 9600 9601
f 9528 9599 9598
f 9599 9527 9601
f 9525 9597 9595
f 9522 9594 9593
f 9594 9524 9595
f 9597 9526 9598
f 9523 9593 9592
f 9590 9521 9591
f 9592 9591 9520
f 9589 9516 9588
f 9586 9515 9587
f 9585 9517 9586
f 9589 9587 9518
f 9590 9588 9519
f 9585 9584 9514
f 9584 9564 9513
f 9529 9600 9527
f 9478 9498 9547
f 9486 9478 9547
f 9498 9503 9547
f 9503 9509 9547
f 9547 9509 9538
f 9547 9538 9549
f 9538 9620 9549
f 9549 9620 9604
f 9547 9550 9561
f 9548 9547 9561
f 9547 9549 9550
f 9769 9622 9966
f 10035 9769 9966
f 9722 9644 9664
f 9983 9836 9733
f 9625 9735 9628
f 9734 9627 9626
f 9986 9629 9720
f 9736 9629 9628
f 9633 9634 9747
f 9825 9899 9884
f 9899 9747 9635
f 9990 9668 9631
f 9669 9631 9668
f 9634 9635 9747
f 9633 9747 9989
f 9831 9991 9632
f 9836 9732 9733
f 9983 9733 9984
f 9664 9984 9636
f 9733 9636 9984
f 9644 9637 9664
f 9722 9623 9638
f 9722 9639 9640
f 9643 9666 9645
f 9722 9640 9644
f 9623 9722 9624
f 9641 9666 9643
f 9639 9722 9638
f 9626 9985 9624
f 9624 9734 9626
f 9666 9642 9645
f 9735 9625 9666
f 9736 9628 9735
f 9720 9629 9736
f 9734 9666 9641
f 9986 9720 9630
f 9630 9987 9986
f 9630 9646 9987
f 9630 9737 9646
f 9737 9988 9646
f 9669 9831 9632
f 9670 9991 9831
f 9988 9737 9738
f 9738 9884 9988
f 9738 9647 9884
f 9825 9884 9647
f 9747 9899 9825
f 9990 9989 9747
f 9668 9990 9747
f 9649 9650 9672
f 9651 9652 9672
f 9648 9672 9650
f 9672 9652 9649
f 9653 9651 9672
f 9753 9926 9655
f 10002 9656 9657
f 9657 10001 9730
f 9667 9908 9992
f 9749 9908 9667
f 9997 9996 9752
f 9659 9995 9994
f 9997 9654 9998
f 9672 9658 9653
f 9750 9993 9727
f 9727 9910 9672
f 9659 9752 9995
f 9659 9994 9917
f 9654 9997 9752
f 9996 9995 9752
f 9750 9659 9917
f 9998 9654 9728
f 9728 10000 9999
f 9728 9660 10000
f 9660 9661 9655
f 9660 9655 10000
f 9663 9886 10002
f 9753 9655 9661
f 9998 9728 9999
f 9753 9730 9926
f 9657 9663 10002
f 9755 9918 9761
f 9910 9658 9672
f 9992 9721 9667
f 9665 9734 9624
f 9719 9735 9666
f 9666 9734 9719
f 9671 9667 9721
f 9673 9674 9676
f 9675 9919 9676
f 9676 9674 9675
f 9676 9677 9673
f 9678 10011 9771
f 9771 9949 9678
f 9679 10010 9709
f 9709 9954 9679
f 9887 9705 9919
f 9676 9681 9677
f 9676 9919 9705
f 9758 10005 9676
f 10007 9762 10008
f 9729 10007 9922
f 10005 9681 9676
f 9707 10006 9758
f 9922 9920 9729
f 9729 9920 9707
f 9729 9762 10007
f 9762 9708 10008
f 9763 10009 10008
f 9763 9770 10009
f 9770 9682 10009
f 9708 9763 10008
f 10010 9682 9770
f 9709 10010 9770
f 9709 9710 9954
f 9771 10011 9710
f 9771 9772 9949
f 9779 10013 9776
f 9774 10014 9779
f 9766 10015 9774
f 10015 10014 9774
f 9766 9781 9680
f 9781 9958 9680
f 9766 9680 10015
f 9755 9705 10004
f 9764 9958 9781
f 9951 10020 9783
f 9764 9684 9685
f 9684 9764 9686
f 9764 10016 9686
f 9765 10017 9687
f 10019 10018 9706
f 9764 9685 9958
f 9711 10018 10017
f 9765 9687 10016
f 9783 10020 9950
f 9962 9951 9784
f 9683 10022 9962
f 10022 9785 9969
f 9706 9950 10019
f 9764 9765 10016
f 9765 9711 10017
f 9711 9706 10018
f 9783 9784 9951
f 9683 9785 10022
f 9784 9683 9962
f 9706 9783 9950
f 9715 10024 9688
f 9715 9688 10023
f 9690 9691 9786
f 9692 9690 9786
f 9712 9689 9692
f 9969 9786 9691
f 9694 9767 9967
f 9717 10028 9967
f 9801 9696 9697
f 10027 9793 9695
f 9801 10029 9698
f 9801 9699 9700
f 9801 9698 9701
f 10033 10031 9718
f 9965 10026 9791
f 9693 9965 9799
f 9714 10026 9964
f 9801 9702 9703
f 9702 9801 9704
f 9701 9704 9801
f 9793 9694 9695
f 9801 9703 9699
f 9700 9696 9801
f 10033 9718 10034
f 10027 9693 9800
f 9786 9969 9785
f 9786 9712 9692
f 9712 9715 10023
f 9715 9713 10024
f 9944 9714 9964
f 9791 9799 9965
f 9800 9793 10027
f 9799 9800 9693
f 9767 9717 9967
f 9717 9801 9697
f 9768 10030 10029
f 9801 9768 10029
f 9793 9767 9694
f 9768 9796 10030
f 9796 10031 10030
f 9718 9802 10034
f 9796 9718 10031
f 9802 9769 10035
f 9802 10035 10034
f 9714 9791 10026
f 9722 9664 9636
f 9719 9829 9735
f 9647 9738 9806
f 9732 10082 9733
f 9733 10081 9636
f 9624 9722 9803
f 9734 9665 9810
f 9735 9829 10079
f 9720 9736 10078
f 9720 9724 9725
f 9630 9720 10077
f 9630 10076 9737
f 9737 10075 9738
f 9809 9670 9831
f 9806 10074 9647
f 9647 10074 9825
f 9825 10073 9747
f 9669 9668 10071
f 9721 9670 10070
f 9669 9726 9831
f 9747 10072 9668
f 9738 10075 9806
f 9944 10024 9713
f 9733 10082 9873
f 9873 10081 9733
f 9636 9823 9723
f 10081 9823 9636
f 9722 10080 9876
f 9723 9722 9636
f 9665 9624 9803
f 9665 9803 9827
f 9665 9827 9810
f 9876 9803 9722
f 9734 9810 9719
f 9719 9810 9829
f 9804 9720 9725
f 9720 10078 9724
f 10077 9720 9804
f 9830 10075 9737
f 9747 10073 9878
f 9735 10079 9736
f 9739 9671 9721
f 9671 9740 9741
f 9822 9667 9671
f 9749 9667 9822
f 9648 9749 10069
f 10068 9672 9648
f 9727 9672 10067
f 9746 9750 9727
f 10066 9659 9750
f 9668 10072 9832
f 9831 9726 9748
f 9721 10070 9880
f 9739 9740 9671
f 9880 9742 9721
f 9742 9739 9721
f 9741 9744 9671
f 9740 9739 9741
f 9743 9749 9822
f 9809 10070 9670
f 9747 9878 10072
f 9723 10080 9722
f 10079 10078 9736
f 9669 10071 9726
f 10076 9630 10077
f 9816 9648 10069
f 10068 9648 9816
f 9818 9672 10068
f 9749 9743 9745
f 9672 9818 10067
f 9889 9727 10067
f 9746 9727 9889
f 10066 9750 9746
f 9745 10069 9749
f 10066 9817 9659
f 9752 9659 9817
f 10065 9654 9752
f 9728 9654 9814
f 9815 9660 9728
f 9751 9660 9924
f 9661 9660 9751
f 9820 9753 9925
f 9815 9924 9660
f 9751 9925 9753
f 9893 9819 9730
f 9753 9820 9730
f 9661 9751 9753
f 10064 9657 9730
f 10064 9663 9657
f 9759 9886 9663
f 10062 9705 9755
f 9755 9761 9756
f 9757 9705 9887
f 9676 9705 9757
f 9887 9705 10062
f 9761 9731 10063
f 10064 9759 9663
f 10060 9729 9707
f 9762 9729 10059
f 10065 9752 9817
f 9662 9761 9754
f 9756 9761 9662
f 10062 9755 9756
f 9893 9730 9820
f 9730 9819 10064
f 10063 9754 9761
f 9840 9758 9676
f 9840 9676 9837
f 10061 9707 9758
f 9757 9837 9676
f 10059 9729 10060
f 9708 9762 9760
f 10061 10060 9707
f 9760 9762 10059
f 9774 9779 9780
f 9782 9706 9711
f 9855 9683 9784
f 9716 9944 9713
f 9842 9763 9708
f 9843 9763 9930
f 9843 9770 9763
f 10058 9844 9709
f 9846 9710 9709
f 10057 9771 9710
f 9772 9771 10055
f 9842 9930 9763
f 9770 10058 9709
f 9844 9846 9709
f 9776 9772 10054
f 9773 9774 9780
f 9780 9779 10052
f 9766 9774 9847
f 10050 9764 9781
f 9706 9782 9849
f 9776 10053 9779
f 10049 9711 9765
f 9853 9783 9706
f 10048 9855 9784
f 9777 9683 9855
f 10047 9785 9683
f 10054 10053 9776
f 10055 9771 10057
f 10052 9773 9780
f 9847 9774 9773
f 9766 10051 9781
f 9846 9845 9710
f 10052 9779 10053
f 10049 9765 9764
f 9711 10049 9782
f 10048 9784 9863
f 9863 9784 9783
f 9683 9777 9778
f 10049 9775 9782
f 9849 9782 9775
f 9853 9706 9849
f 9783 9852 9863
f 10047 9683 9778
f 10047 9778 9777
f 9852 9783 9853
f 10046 9785 9864
f 9786 9785 10046
f 10044 9715 9712
f 10043 9713 9715
f 9787 9716 9713
f 10042 9944 9716
f 10041 9714 9944
f 9790 9791 9714
f 10046 9942 9786
f 9942 10045 9786
f 10045 9712 9786
f 10045 9869 9712
f 10044 9712 9869
f 9716 9787 9789
f 9789 9788 9716
f 9788 10042 9716
f 10040 9799 9791
f 10039 9800 9799
f 10038 9800 9943
f 9793 9800 10038
f 9858 9767 9793
f 9717 9767 9794
f 9795 9801 9717
f 9795 9768 9801
f 10036 9718 9796
f 9861 9802 9718
f 9791 9790 9798
f 9792 9791 9798
f 10042 10041 9944
f 9790 9792 9798
f 10044 10043 9715
f 9800 10039 9943
f 10038 9939 9793
f 9858 9793 9939
f 9713 10043 9787
f 10040 9791 9792
f 9790 9714 10041
f 9717 9794 9946
f 9795 9717 9946
f 9857 9796 9768
f 9718 9859 9797
f 9797 9861 9718
f 9769 9802 9622
f 9857 9768 10037
f 9768 9795 10037
f 9858 9794 9767
f 9859 9861 9797
f 9864 9785 10047
f 10012 9949 9772
f 10080 9723 9722
f 9722 9723 9823
f 9904 10078 10079
f 10078 9804 9724
f 9724 9805 9725
f 9804 9725 9805
f 10076 9830 9737
f 9830 9737 10075
f 9737 9830 10075
f 9748 9726 9807
f 9739 9742 9808
f 9726 10071 9669
f 9669 10071 9879
f 9807 9879 9748
f 9879 9726 9669
f 9726 9879 9807
f 9740 9739 9880
f 9808 9880 9739
f 9742 9880 9808
f 10082 9732 9873
f 9873 9823 10081
f 9722 9823 10080
f 9876 10080 9823
f 9827 9803 9876
f 9904 9804 10078
f 9805 9724 9804
f 9804 9826 10077
f 9830 10076 9826
f 9811 10073 9825
f 10075 9830 9806
f 9825 10074 9811
f 9832 10071 9668
f 9831 9748 9879
f 9880 10070 9809
f 9744 9740 9885
f 9743 9822 9812
f 9745 9743 9749
f 9822 9888 9812
f 9888 9743 9812
f 9743 9888 9749
f 9745 9816 9749
f 9749 10069 9745
f 9745 9749 9888
f 9672 10067 9818
f 9744 9739 9740
f 10067 9672 9818
f 10066 9813 9659
f 10066 9659 9817
f 9891 9814 9654
f 9814 9892 9728
f 9892 9815 9728
f 9730 9893 9820
f 9820 9893 9730
f 9834 10064 9730
f 9819 9730 10064
f 9755 10062 9756
f 9756 9662 9755
f 9744 9885 9671
f 9671 9885 9822
f 9885 9888 9822
f 9816 9745 9888
f 10069 9749 9816
f 9818 10068 9816
f 9813 9817 9659
f 9654 10065 9891
f 9833 9891 10065
f 9891 9892 9814
f 9924 9815 9892
f 9834 9730 9819
f 9731 9821 10063
f 9821 9731 9886
f 9662 9754 9821
f 10062 9755 9662
f 9662 9887 10062
f 9740 9880 9885
f 9823 9873 9874
f 9876 9823 9824
f 9827 9877 9829
f 9826 9804 9900
f 9894 9834 9893
f 9837 9757 9676
f 9757 9837 9676
f 9840 9839 9758
f 9839 10061 9758
f 10060 9729 10059
f 9760 9895 9708
f 9895 9842 9708
f 9843 9841 9770
f 9845 9838 9710
f 9780 9773 10052
f 10057 9710 9838
f 9932 9773 9780
f 9773 9932 9774
f 9774 9847 9773
f 10052 9932 9780
f 9847 9932 9766
f 9887 9837 9757
f 9865 10059 9729
f 9865 9895 10059
f 9930 9842 9895
f 9841 9843 9930
f 10051 9766 9932
f 9931 10054 9772
f 9932 10052 9848
f 9847 9774 9932
f 10050 9936 9764
f 10049 9764 9936
f 9863 9852 9783
f 9775 9782 9849
f 10049 9782 9775
f 9862 9775 9782
f 9775 9937 9782
f 9937 9853 9849
f 9849 9782 9937
f 9852 9863 9783
f 9935 10048 9863
f 9778 10047 9777
f 9777 9855 9778
f 9716 10042 9788
f 9798 9792 9790
f 9787 9850 9788
f 9787 9867 9850
f 9867 9716 9788
f 9850 9867 9788
f 9867 10042 9716
f 9790 9941 9798
f 10040 9792 9791
f 9941 9792 9798
f 9792 9868 9791
f 10040 9868 9799
f 9866 9862 10049
f 9782 10049 9862
f 9937 9775 9862
f 9938 9853 9937
f 9863 9852 9854
f 9855 10048 9935
f 10047 9778 9855
f 9864 10047 9855
f 9796 9857 9940
f 9872 10036 9796
f 9871 10037 9795
f 9718 10036 9872
f 9718 9872 9859
f 9859 9860 9797
f 9802 9861 9860
f 9797 9861 9859
f 9864 9942 10046
f 9729 9896 9865
f 9844 9770 9841
f 9854 9938 9934
f 9863 9854 9935
f 9895 9865 9897
f 9867 9787 10043
f 9941 10041 9945
f 9868 10040 9791
f 9799 9868 10039
f 9947 9870 9794
f 9946 9871 9795
f 9940 9872 9796
f 9872 9860 9859
f 9802 9966 9622
f 9860 9861 9797
f 9941 9868 9792
f 9966 9802 9860
f 9823 9874 9824
f 9876 9824 9875
f 9827 9876 9877
f 9829 9877 9828
f 9878 9811 9883
f 9804 9904 9900
f 9670 9831 9879
f 9732 9836 9873
f 9873 9984 9874
f 9875 9824 9640
f 9874 9637 9824
f 9875 9985 9876
f 9877 9876 9626
f 9829 9828 9625
f 9628 9904 9829
f 9900 9904 9629
f 9986 9826 9900
f 9830 9826 9646
f 9670 9809 9831
f 9806 9830 9988
f 9883 9811 9884
f 9878 9989 9832
f 9879 9832 9913
f 9631 9879 9913
f 9879 9991 9670
f 9670 9721 9809
f 9894 9835 9834
f 9886 9834 9835
f 9984 9664 9874
f 9874 9664 9637
f 9637 9881 9824
f 9829 9901 9628
f 9876 9902 9626
f 9877 9903 9627
f 9988 9905 9806
f 9875 9906 9638
f 9875 9640 9906
f 9875 9638 9907
f 9875 9907 9623
f 9623 9624 9875
f 9624 9985 9875
f 9985 9902 9876
f 9824 9881 9640
f 9992 9880 9809
f 9888 9885 9908
f 9749 9888 9908
f 9915 9818 9816
f 9888 9749 9648
f 9632 9879 9669
f 9648 9816 9888
f 9818 9649 9909
f 9626 9903 9877
f 9734 9641 9877
f 9877 9627 9734
f 9877 9643 9882
f 9882 9828 9877
f 9642 9828 9882
f 9643 9877 9911
f 9877 9641 9911
f 9901 9829 9625
f 9828 9666 9625
f 9828 9642 9666
f 9638 9906 9640
f 9643 9642 9882
f 9623 9907 9638
f 9911 9641 9643
f 9806 9905 9884
f 9985 9626 9902
f 9903 9626 9627
f 9628 9901 9625
f 9629 9904 9628
f 9986 9900 9629
f 9988 9884 9905
f 9637 9640 9881
f 9912 9633 9878
f 9878 9635 9912
f 9884 9899 9883
f 9912 9635 9633
f 9631 9669 9879
f 9991 9879 9914
f 9879 9632 9914
f 9992 9809 9721
f 9818 9915 9648
f 9915 9816 9648
f 9648 9650 9818
f 9651 9818 9909
f 9818 9651 9916
f 9658 9818 9916
f 9914 9632 9991
f 9631 9913 9990
f 9649 9651 9909
f 9916 9651 9658
f 9889 9910 9727
f 9993 9889 9727
f 9917 9890 9750
f 9750 9890 9993
f 9813 9995 9833
f 9997 9891 9833
f 9999 9892 9891
f 9894 9893 10001
f 9894 10002 9835
f 9886 10003 9821
f 9918 9662 9821
f 10004 9887 9662
f 9865 10007 9897
f 10007 9895 9897
f 9892 9999 9923
f 9923 10000 9892
f 9926 9730 9893
f 9924 10000 9655
f 9925 9655 9926
f 10000 9923 9999
f 9893 9730 10001
f 10001 9657 9894
f 9894 9927 10002
f 9656 9927 9894
f 9894 9657 9656
f 9656 10002 9927
f 10003 9886 9731
f 9731 9821 10003
f 9662 9918 9755
f 9761 9918 9821
f 9755 10004 9662
f 9731 9761 9821
f 9705 9887 10004
f 9837 9675 9928
f 9675 9673 9928
f 9837 9673 9929
f 9837 9928 9673
f 9929 9681 9837
f 9839 10005 9758
f 9839 9758 10006
f 9929 9673 9681
f 9896 9707 9920
f 9935 9864 9855
f 10009 9841 9930
f 9838 10011 9933
f 9948 9933 10011
f 9933 9949 9931
f 10012 9776 9931
f 9841 9679 9844
f 10014 9932 9848
f 9781 9932 10015
f 9866 10018 9862
f 9938 9937 10019
f 10020 9854 9934
f 9935 9854 9951
f 10009 9952 9841
f 9931 10013 9779
f 9679 9953 9844
f 9844 9953 9954
f 9952 9682 9841
f 9838 9710 10011
f 9948 9678 9955
f 9933 9678 9956
f 9933 9955 9678
f 9933 9956 9949
f 9838 9954 9710
f 9952 10009 9682
f 9953 9679 9954
f 10009 9930 10008
f 9678 9949 9956
f 9776 10012 9772
f 10013 9931 9776
f 9779 10014 9848
f 9779 9848 9931
f 9781 9957 9680
f 10015 9957 9781
f 9936 9959 9686
f 9685 9959 9936
f 9687 9960 9866
f 9866 9960 10017
f 9781 9680 9958
f 9959 9685 9686
f 9680 9957 10015
f 10017 9960 9687
f 9935 9961 10022
f 9962 10022 9961
f 9962 9961 9935
f 9864 9969 9942
f 9869 10023 9851
f 9963 9851 10023
f 9867 9851 10024
f 9945 9867 9964
f 10026 9941 9945
f 9868 9941 10026
f 9943 9868 9693
f 10027 9939 9943
f 9947 9967 9870
f 9871 9946 10029
f 10030 9872 9940
f 9695 9947 9939
f 10022 9968 9864
f 9968 9969 9864
f 9691 9970 9942
f 9970 9692 9942
f 9869 9689 9712
f 9851 9971 9688
f 9851 9688 9972
f 9851 9972 10024
f 9688 9971 9963
f 9712 10023 9869
f 10024 9944 9867
f 9944 9964 9867
f 9970 9691 9692
f 9969 9968 10022
f 9972 9688 10024
f 9973 9868 9965
f 9868 9973 9693
f 9973 9965 9693
f 9943 9693 9974
f 9943 9974 10027
f 9947 9975 9694
f 9695 9975 9947
f 9694 9976 9947
f 9946 9977 9703
f 9946 10028 9717
f 9697 9978 9946
f 9977 9946 9700
f 9946 9978 9700
f 9946 9703 9979
f 9704 9946 9979
f 9717 9697 9946
f 9980 9946 9704
f 9976 9967 9947
f 9946 9698 10029
f 9700 9978 9697
f 9975 9695 9694
f 9976 9694 9967
f 10027 9974 9693
f 9698 9980 9704
f 9703 9704 9979
f 9698 9946 9980
f 9700 9703 9977
f 10033 9981 9872
f 9872 9981 10034
f 10033 10034 9981
f 9982 9860 10034
f 9860 9982 10035
f 9982 10034 10035
f 9873 9836 9983
f 9984 9873 9983
f 9986 9987 9826
f 9826 9987 9646
f 9830 9646 9898
f 9988 9830 9898
f 9806 9884 9811
f 9883 9899 9878
f 9635 9878 9899
f 9878 9633 9989
f 9989 9990 9832
f 9832 9990 9913
f 9880 9992 9885
f 9908 9885 9992
f 9649 9818 9650
f 9818 9658 9910
f 9818 9910 9889
f 9889 9993 9890
f 9890 9917 9813
f 9813 9917 9994
f 9995 9813 9994
f 9996 9833 9995
f 9997 9833 9996
f 9891 9997 9998
f 9891 9998 9999
f 9892 10000 9924
f 9924 9655 9925
f 9925 9926 9893
f 9835 10002 9886
f 9887 9919 9837
f 9675 9837 9919
f 9837 9681 10005
f 9837 10005 9839
f 9839 10006 9896
f 9896 10006 9707
f 9896 9920 9865
f 9922 9865 9920
f 9865 9922 10007
f 9895 10007 9921
f 10008 9895 9921
f 9895 10008 9930
f 10010 9841 9682
f 9679 9841 10010
f 9844 9954 9838
f 9933 9948 9955
f 9931 9949 10012
f 10014 10015 9932
f 9781 9958 9936
f 9685 9936 9958
f 9936 9686 10016
f 9936 10016 9687
f 9936 9687 9866
f 9866 10017 10018
f 9862 10018 9937
f 9937 10018 10019
f 9938 10019 9950
f 9938 9950 9934
f 9934 9950 10021
f 10020 9934 10021
f 9951 9854 10020
f 9935 9951 9962
f 9935 10022 9864
f 9691 9942 9969
f 9942 9692 9689
f 9942 9689 9869
f 9851 9963 9971
f 10026 9945 10025
f 9964 10025 9945
f 9868 10026 9965
f 9695 9939 10027
f 9870 9967 10028
f 9870 10028 9946
f 10030 9871 10029
f 9871 10030 9940
f 9872 10030 10031
f 9872 10031 10032
f 10033 9872 10032
f 9872 10034 9860
f 9860 10035 9966
f 9940 9857 10037
f 9940 10037 9871
f 9946 9794 9870
f 9856 9858 9947
f 9947 9794 9856
f 9947 9858 9939
f 9939 10038 9943
f 9943 10039 9868
f 9941 9790 10041
f 9945 10042 9867
f 10041 10042 9945
f 9867 10043 9851
f 9851 10043 9869
f 9869 10043 10044
f 9869 10045 9942
f 9854 9852 9853
f 9854 9853 9938
f 9866 10049 9936
f 9936 10050 9781
f 9781 10051 9932
f 10053 9848 10052
f 9848 10053 9931
f 10054 9931 10053
f 9772 10055 9931
f 9931 10055 9933
f 9933 10055 10056
f 10057 9933 10056
f 9933 10057 9838
f 9838 9845 9844
f 9844 9845 9846
f 9844 10058 9770
f 9895 9760 10059
f 9729 10060 9896
f 9896 10060 10061
f 9896 10061 9839
f 9839 9840 9837
f 9821 9754 10063
f 9886 9759 9834
f 9834 9759 10064
f 9834 9819 9893
f 9893 9820 9925
f 9925 9751 9924
f 9833 10065 9817
f 9833 9817 9813
f 9813 10066 9890
f 9890 10066 9746
f 9890 9746 9889
f 9889 10067 9818
f 9879 10071 9832
f 9832 10072 9878
f 9878 10073 9811
f 9811 10074 9806
f 10076 10077 9826
f 9904 10079 9829
f 9829 9810 9827
f 10142 10083 10438
f 10506 10142 10438
f 10181 10103 10121
f 10456 10364 10095
f 10086 10193 10089
f 10192 10088 10087
f 10459 10458 10124
f 10194 10458 10089
f 10092 10093 10179
f 10106 10463 10352
f 10366 10179 10094
f 10195 10365 10461
f 10465 10185 10090
f 10125 10090 10185
f 10093 10094 10179
f 10092 10179 10464
f 10305 10466 10091
f 10364 10190 10191
f 10456 10105 10367
f 10191 10095 10364
f 10121 10367 10105
f 10095 10105 10456
f 10103 10096 10121
f 10181 10084 10097
f 10181 10098 10099
f 10102 10123 10104
f 10181 10099 10103
f 10084 10181 10085
f 10100 10123 10102
f 10098 10181 10097
f 10087 10457 10085
f 10085 10192 10087
f 10123 10101 10104
f 10193 10086 10123
f 10194 10089 10193
f 10124 10458 10194
f 10192 10123 10100
f 10459 10124 10195
f 10195 10460 10459
f 10195 10461 10460
f 10196 10462 10365
f 10196 10365 10195
f 10125 10305 10091
f 10127 10466 10305
f 10462 10196 10372
f 10372 10352 10462
f 10372 10106 10352
f 10366 10463 10179
f 10465 10464 10185
f 10179 10185 10464
f 10106 10179 10463
f 10107 10108 10129
f 10109 10110 10129
f 10209 10129 10108
f 10129 10110 10107
f 10111 10109 10129
f 10216 10114 10113
f 10476 10115 10220
f 10187 10468 10375
f 10468 10187 10116
f 10187 10375 10467
f 10209 10383 10116
f 10472 10471 10214
f 10212 10470 10376
f 10472 10112 10386
f 10129 10117 10111
f 10210 10211 10469
f 10210 10378 10129
f 10212 10214 10470
f 10112 10472 10214
f 10471 10470 10214
f 10211 10212 10376
f 10386 10112 10215
f 10215 10474 10473
f 10215 10118 10474
f 10118 10216 10113
f 10118 10113 10474
f 10128 10120 10476
f 10386 10215 10473
f 10216 10119 10114
f 10220 10128 10476
f 10119 10220 10475
f 10224 10477 10120
f 10218 10387 10217
f 10378 10117 10129
f 10467 10180 10187
f 10122 10192 10085
f 10178 10193 10123
f 10123 10192 10178
f 10218 10217 10224
f 10130 10131 10225
f 10132 10389 10225
f 10225 10131 10132
f 10225 10133 10130
f 10135 10485 10229
f 10170 10136 10137
f 10170 10138 10484
f 10229 10419 10135
f 10170 10424 10136
f 10170 10137 10138
f 10362 10168 10389
f 10225 10140 10133
f 10225 10389 10168
f 10314 10479 10225
f 10226 10481 10169
f 10482 10227 10483
f 10169 10390 10388
f 10169 10481 10390
f 10134 10417 10228
f 10479 10140 10225
f 10172 10169 10388
f 10172 10480 10314
f 10482 10481 10226
f 10226 10227 10482
f 10227 10420 10483
f 10228 10417 10420
f 10228 10238 10134
f 10238 10484 10134
f 10227 10228 10420
f 10173 10484 10238
f 10170 10484 10173
f 10239 10424 10170
f 10229 10485 10239
f 10249 10139 10490
f 10248 10488 10487
f 10229 10240 10419
f 10246 10486 10174
f 10246 10487 10427
f 10246 10248 10487
f 10249 10488 10248
f 10490 10489 10249
f 10141 10491 10139
f 10141 10139 10249
f 10249 10489 10488
f 10218 10168 10478
f 10141 10143 10144
f 10143 10141 10145
f 10141 10430 10145
f 10230 10492 10430
f 10141 10144 10491
f 10251 10493 10492
f 10253 10496 10495
f 10147 10146 10434
f 10146 10148 10150
f 10171 10494 10493
f 10141 10230 10430
f 10230 10251 10492
f 10171 10495 10494
f 10251 10171 10493
f 10147 10434 10496
f 10253 10147 10496
f 10147 10148 10146
f 10171 10253 10495
f 10176 10164 10149
f 10176 10149 10498
f 10151 10436 10262
f 10441 10150 10175
f 10262 10152 10151
f 10499 10257 10501
f 10447 10269 10439
f 10263 10447 10154
f 10155 10156 10263
f 10271 10157 10158
f 10502 10263 10156
f 10271 10440 10159
f 10271 10160 10161
f 10271 10159 10162
f 10502 10163 10262
f 10437 10501 10234
f 10436 10437 10268
f 10269 10503 10439
f 10440 10232 10504
f 10271 10165 10166
f 10165 10271 10167
f 10162 10167 10271
f 10263 10154 10155
f 10271 10166 10160
f 10161 10157 10271
f 10504 10273 10505
f 10163 10152 10262
f 10175 10150 10148
f 10175 10231 10441
f 10177 10176 10498
f 10177 10498 10497
f 10231 10177 10441
f 10176 10153 10164
f 10153 10257 10499
f 10257 10234 10501
f 10234 10268 10437
f 10262 10263 10502
f 10268 10262 10436
f 10263 10269 10447
f 10269 10270 10503
f 10270 10271 10158
f 10271 10232 10440
f 10232 10272 10504
f 10273 10142 10505
f 10272 10273 10504
f 10142 10506 10505
f 10181 10121 10105
f 10178 10304 10193
f 10190 10551 10191
f 10191 10551 10095
f 10105 10095 10550
f 10085 10181 10275
f 10192 10122 10282
f 10193 10304 10283
f 10124 10194 10548
f 10124 10183 10184
f 10195 10124 10547
f 10126 10195 10546
f 10126 10196 10195
f 10196 10545 10372
f 10126 10545 10196
f 10280 10127 10305
f 10106 10372 10544
f 10179 10106 10186
f 10185 10179 10284
f 10125 10185 10543
f 10180 10127 10542
f 10125 10188 10305
f 10095 10551 10301
f 10105 10281 10182
f 10550 10281 10105
f 10181 10549 10342
f 10182 10181 10105
f 10122 10085 10275
f 10122 10275 10303
f 10122 10303 10282
f 10342 10275 10181
f 10192 10282 10178
f 10178 10282 10304
f 10276 10124 10184
f 10124 10548 10183
f 10547 10124 10276
f 10106 10544 10285
f 10179 10186 10351
f 10106 10285 10186
f 10193 10283 10194
f 10197 10187 10180
f 10187 10198 10199
f 10300 10116 10187
f 10116 10189 10205
f 10209 10116 10541
f 10189 10116 10206
f 10289 10129 10209
f 10210 10129 10540
f 10211 10210 10293
f 10185 10284 10306
f 10305 10188 10207
f 10211 10297 10212
f 10180 10542 10346
f 10197 10198 10187
f 10346 10200 10180
f 10200 10197 10180
f 10199 10202 10187
f 10198 10197 10199
f 10201 10208 10116
f 10203 10204 10189
f 10208 10206 10116
f 10201 10116 10300
f 10204 10205 10189
f 10280 10542 10127
f 10179 10351 10284
f 10301 10550 10095
f 10182 10549 10181
f 10283 10548 10194
f 10125 10543 10188
f 10546 10195 10547
f 10294 10209 10541
f 10289 10209 10294
f 10295 10129 10289
f 10208 10201 10206
f 10203 10189 10206
f 10129 10295 10540
f 10355 10210 10540
f 10293 10210 10355
f 10203 10205 10204
f 10541 10116 10205
f 10297 10211 10293
f 10297 10290 10212
f 10214 10212 10290
f 10291 10112 10214
f 10215 10112 10538
f 10537 10118 10215
f 10213 10118 10392
f 10216 10118 10213
f 10536 10216 10393
f 10537 10392 10118
f 10213 10393 10216
f 10216 10536 10119
f 10534 10128 10220
f 10298 10120 10128
f 10224 10120 10533
f 10218 10224 10533
f 10299 10168 10218
f 10532 10168 10362
f 10225 10168 10532
f 10362 10168 10299
f 10534 10221 10128
f 10530 10169 10172
f 10222 10169 10363
f 10226 10169 10222
f 10227 10226 10223
f 10298 10128 10221
f 10535 10220 10119
f 10290 10291 10214
f 10533 10120 10217
f 10309 10218 10533
f 10219 10218 10309
f 10299 10218 10219
f 10220 10535 10534
f 10315 10314 10225
f 10315 10225 10313
f 10531 10172 10314
f 10363 10169 10530
f 10532 10313 10225
f 10223 10226 10222
f 10222 10363 10530
f 10531 10530 10172
f 10250 10141 10249
f 10174 10240 10398
f 10247 10248 10246
f 10252 10171 10251
f 10234 10257 10233
f 10233 10235 10236
f 10236 10268 10234
f 10245 10148 10147
f 10311 10228 10227
f 10316 10228 10397
f 10237 10170 10173
f 10318 10229 10239
f 10240 10229 10526
f 10311 10397 10228
f 10238 10528 10173
f 10316 10238 10228
f 10170 10527 10239
f 10526 10398 10240
f 10174 10398 10525
f 10241 10242 10247
f 10248 10247 10242
f 10247 10246 10524
f 10523 10248 10242
f 10312 10250 10249
f 10249 10404 10312
f 10230 10141 10521
f 10249 10248 10522
f 10171 10252 10321
f 10174 10525 10246
f 10521 10251 10230
f 10519 10253 10171
f 10147 10253 10519
f 10518 10245 10147
f 10517 10148 10245
f 10517 10408 10148
f 10526 10229 10318
f 10239 10527 10318
f 10524 10241 10247
f 10523 10242 10241
f 10249 10522 10404
f 10524 10246 10525
f 10521 10141 10250
f 10251 10520 10252
f 10518 10147 10406
f 10251 10521 10520
f 10520 10243 10252
f 10321 10252 10243
f 10322 10171 10321
f 10147 10519 10406
f 10322 10519 10171
f 10517 10245 10244
f 10327 10148 10408
f 10177 10231 10515
f 10231 10175 10516
f 10254 10153 10176
f 10256 10257 10153
f 10327 10337 10175
f 10337 10516 10175
f 10148 10327 10175
f 10516 10409 10231
f 10514 10176 10177
f 10515 10231 10409
f 10254 10255 10153
f 10255 10256 10153
f 10325 10233 10257
f 10235 10233 10260
f 10234 10233 10236
f 10512 10268 10236
f 10511 10262 10268
f 10510 10263 10262
f 10274 10142 10273
f 10509 10270 10269
f 10328 10232 10271
f 10507 10273 10272
f 10332 10274 10273
f 10265 10233 10325
f 10235 10260 10258
f 10260 10233 10265
f 10259 10236 10258
f 10236 10259 10266
f 10261 10236 10266
f 10236 10261 10267
f 10512 10236 10267
f 10256 10325 10257
f 10258 10236 10235
f 10510 10411 10263
f 10329 10263 10411
f 10177 10515 10514
f 10176 10514 10254
f 10259 10258 10260
f 10265 10325 10260
f 10259 10261 10266
f 10261 10512 10267
f 10329 10269 10263
f 10328 10271 10270
f 10508 10272 10232
f 10273 10330 10264
f 10264 10332 10273
f 10083 10142 10274
f 10232 10328 10508
f 10329 10509 10269
f 10330 10332 10264
f 10095 10550 10301
f 10301 10550 10095
f 10549 10182 10181
f 10181 10182 10281
f 10548 10276 10183
f 10183 10277 10184
f 10276 10184 10277
f 10207 10188 10278
f 10197 10200 10279
f 10188 10543 10125
f 10125 10543 10345
f 10278 10345 10207
f 10345 10188 10125
f 10188 10345 10278
f 10198 10197 10346
f 10279 10346 10197
f 10200 10346 10279
f 10551 10190 10301
f 10550 10301 10281
f 10181 10281 10549
f 10342 10549 10281
f 10303 10275 10342
f 10277 10183 10276
f 10276 10348 10547
f 10348 10126 10546
f 10126 10372 10545
f 10306 10543 10185
f 10305 10207 10345
f 10346 10542 10280
f 10202 10198 10353
f 10201 10300 10286
f 10206 10201 10208
f 10300 10354 10286
f 10354 10201 10286
f 10201 10354 10208
f 10203 10354 10204
f 10204 10354 10287
f 10204 10288 10203
f 10206 10208 10354
f 10206 10354 10203
f 10129 10540 10295
f 10202 10197 10198
f 10540 10129 10295
f 10296 10293 10355
f 10297 10307 10212
f 10297 10212 10290
f 10356 10538 10112
f 10538 10292 10215
f 10292 10537 10215
f 10310 10534 10220
f 10535 10220 10534
f 10535 10119 10357
f 10218 10299 10219
f 10219 10362 10218
f 10202 10353 10187
f 10187 10353 10300
f 10353 10354 10300
f 10287 10541 10205
f 10287 10205 10288
f 10288 10204 10287
f 10294 10541 10287
f 10295 10289 10294
f 10307 10290 10212
f 10112 10291 10356
f 10308 10356 10291
f 10356 10292 10538
f 10392 10537 10292
f 10310 10220 10535
f 10299 10218 10362
f 10362 10219 10309
f 10309 10533 10217
f 10198 10346 10353
f 10344 10368 10276
f 10368 10348 10276
f 10342 10281 10302
f 10303 10343 10304
f 10287 10354 10294
f 10313 10532 10225
f 10532 10313 10225
f 10530 10363 10222
f 10223 10361 10227
f 10361 10311 10227
f 10316 10422 10238
f 10333 10237 10173
f 10237 10401 10170
f 10247 10241 10524
f 10527 10170 10401
f 10318 10401 10402
f 10403 10241 10247
f 10241 10319 10242
f 10242 10523 10241
f 10524 10403 10247
f 10523 10319 10248
f 10362 10313 10532
f 10336 10363 10530
f 10363 10317 10222
f 10317 10361 10223
f 10397 10311 10361
f 10422 10316 10397
f 10422 10173 10528
f 10333 10173 10422
f 10522 10248 10319
f 10404 10320 10312
f 10403 10524 10399
f 10319 10241 10403
f 10523 10242 10319
f 10312 10320 10250
f 10521 10250 10320
f 10406 10519 10147
f 10243 10252 10321
f 10520 10252 10243
f 10334 10243 10252
f 10243 10405 10252
f 10405 10322 10321
f 10321 10252 10405
f 10519 10406 10147
f 10335 10244 10245
f 10245 10517 10244
f 10244 10433 10245
f 10518 10335 10245
f 10153 10256 10255
f 10257 10325 10256
f 10254 10323 10255
f 10254 10407 10323
f 10407 10153 10255
f 10323 10407 10255
f 10407 10256 10153
f 10256 10338 10257
f 10326 10260 10258
f 10325 10339 10260
f 10338 10325 10257
f 10260 10339 10258
f 10512 10412 10268
f 10259 10326 10339
f 10252 10520 10334
f 10405 10243 10334
f 10400 10406 10519
f 10406 10335 10518
f 10517 10245 10433
f 10433 10244 10335
f 10433 10408 10517
f 10262 10511 10413
f 10270 10416 10328
f 10272 10508 10415
f 10415 10507 10272
f 10273 10507 10454
f 10273 10454 10330
f 10330 10331 10264
f 10274 10332 10331
f 10264 10332 10330
f 10406 10433 10335
f 10324 10407 10514
f 10338 10256 10407
f 10339 10326 10258
f 10412 10513 10339
f 10268 10412 10511
f 10262 10413 10510
f 10413 10411 10510
f 10410 10270 10509
f 10416 10340 10328
f 10340 10415 10508
f 10454 10507 10415
f 10454 10331 10330
f 10274 10438 10083
f 10331 10332 10264
f 10338 10339 10325
f 10438 10274 10331
f 10342 10302 10341
f 10303 10342 10343
f 10127 10305 10345
f 10301 10190 10364
f 10341 10302 10099
f 10281 10096 10302
f 10341 10457 10342
f 10343 10342 10087
f 10089 10344 10304
f 10459 10348 10368
f 10126 10348 10365
f 10127 10280 10305
f 10350 10285 10352
f 10351 10464 10306
f 10463 10285 10350
f 10345 10306 10381
f 10090 10345 10381
f 10345 10466 10127
f 10127 10180 10280
f 10360 10120 10310
f 10358 10359 10310
f 10310 10357 10358
f 10360 10310 10359
f 10367 10121 10281
f 10281 10121 10096
f 10096 10347 10302
f 10304 10369 10089
f 10342 10370 10087
f 10343 10371 10088
f 10341 10373 10097
f 10341 10099 10373
f 10341 10097 10374
f 10341 10374 10084
f 10084 10085 10341
f 10085 10457 10341
f 10457 10370 10342
f 10302 10347 10099
f 10467 10346 10280
f 10353 10468 10354
f 10294 10354 10116
f 10296 10355 10469
f 10353 10467 10375
f 10091 10345 10125
f 10295 10107 10377
f 10354 10468 10116
f 10087 10371 10343
f 10192 10100 10343
f 10343 10088 10192
f 10343 10102 10349
f 10349 10304 10343
f 10101 10304 10349
f 10102 10343 10379
f 10343 10100 10379
f 10369 10304 10086
f 10304 10123 10086
f 10304 10101 10123
f 10097 10373 10099
f 10102 10101 10349
f 10084 10374 10097
f 10379 10100 10102
f 10457 10087 10370
f 10371 10087 10088
f 10089 10369 10086
f 10458 10344 10089
f 10459 10368 10458
f 10462 10352 10372
f 10096 10099 10347
f 10380 10092 10351
f 10351 10094 10380
f 10352 10463 10350
f 10380 10094 10092
f 10090 10125 10345
f 10466 10345 10382
f 10345 10091 10382
f 10467 10280 10180
f 10294 10383 10209
f 10383 10294 10116
f 10209 10108 10294
f 10109 10295 10377
f 10295 10109 10384
f 10117 10295 10384
f 10382 10091 10466
f 10090 10381 10465
f 10107 10109 10377
f 10384 10109 10117
f 10355 10378 10210
f 10469 10355 10210
f 10376 10296 10211
f 10211 10296 10469
f 10472 10356 10308
f 10470 10308 10307
f 10473 10292 10356
f 10357 10475 10358
f 10358 10476 10359
f 10387 10309 10217
f 10309 10387 10362
f 10478 10362 10218
f 10362 10389 10313
f 10336 10314 10480
f 10172 10363 10336
f 10363 10481 10317
f 10292 10473 10391
f 10391 10474 10292
f 10114 10119 10357
f 10392 10474 10113
f 10393 10113 10114
f 10474 10391 10473
f 10357 10119 10475
f 10475 10220 10358
f 10358 10394 10476
f 10115 10394 10358
f 10358 10220 10115
f 10360 10476 10120
f 10115 10476 10394
f 10477 10217 10120
f 10224 10217 10477
f 10362 10387 10218
f 10168 10362 10478
f 10313 10132 10395
f 10132 10130 10395
f 10313 10130 10396
f 10313 10395 10130
f 10396 10140 10313
f 10396 10130 10140
f 10363 10172 10388
f 10412 10339 10338
f 10414 10416 10270
f 10401 10485 10402
f 10418 10402 10485
f 10402 10419 10398
f 10333 10422 10484
f 10134 10422 10397
f 10427 10403 10399
f 10319 10403 10488
f 10404 10491 10320
f 10320 10430 10334
f 10334 10493 10405
f 10496 10406 10400
f 10408 10433 10146
f 10397 10421 10417
f 10420 10421 10397
f 10399 10486 10246
f 10138 10423 10333
f 10333 10423 10136
f 10401 10239 10485
f 10418 10135 10425
f 10402 10135 10426
f 10402 10425 10135
f 10402 10426 10419
f 10401 10424 10239
f 10422 10134 10484
f 10423 10138 10136
f 10417 10421 10420
f 10135 10419 10426
f 10174 10398 10240
f 10398 10419 10240
f 10486 10398 10174
f 10246 10427 10399
f 10319 10428 10489
f 10488 10428 10319
f 10139 10429 10404
f 10320 10431 10145
f 10144 10431 10320
f 10429 10491 10404
f 10430 10432 10334
f 10334 10432 10492
f 10429 10139 10491
f 10431 10144 10145
f 10489 10428 10488
f 10492 10432 10430
f 10434 10146 10433
f 10408 10150 10337
f 10337 10441 10409
f 10435 10324 10498
f 10324 10164 10407
f 10413 10412 10436
f 10502 10411 10413
f 10270 10410 10414
f 10439 10414 10410
f 10340 10416 10440
f 10415 10504 10454
f 10150 10442 10337
f 10442 10441 10337
f 10409 10441 10177
f 10324 10443 10149
f 10324 10149 10444
f 10324 10444 10164
f 10149 10443 10435
f 10177 10497 10409
f 10164 10153 10407
f 10153 10499 10407
f 10442 10150 10441
f 10150 10408 10146
f 10444 10149 10164
f 10445 10412 10437
f 10412 10445 10436
f 10445 10437 10436
f 10413 10151 10446
f 10413 10446 10163
f 10411 10448 10154
f 10156 10448 10411
f 10447 10449 10410
f 10416 10450 10166
f 10416 10503 10270
f 10158 10451 10416
f 10450 10416 10161
f 10416 10451 10161
f 10416 10166 10452
f 10167 10416 10452
f 10270 10158 10416
f 10453 10416 10167
f 10449 10439 10410
f 10416 10159 10440
f 10161 10451 10158
f 10448 10156 10154
f 10449 10447 10439
f 10163 10446 10151
f 10159 10453 10167
f 10166 10167 10452
f 10159 10416 10453
f 10161 10166 10450
f 10504 10505 10454
f 10455 10331 10505
f 10331 10455 10506
f 10455 10505 10506
f 10301 10364 10456
f 10301 10456 10281
f 10281 10456 10367
f 10344 10458 10368
f 10459 10460 10348
f 10348 10460 10461
f 10348 10461 10365
f 10462 10126 10365
f 10126 10462 10372
f 10372 10352 10285
f 10366 10285 10463
f 10285 10366 10351
f 10094 10351 10366
f 10351 10092 10464
f 10465 10306 10464
f 10306 10465 10381
f 10346 10467 10353
f 10353 10375 10468
f 10294 10108 10295
f 10107 10295 10108
f 10295 10117 10378
f 10295 10378 10355
f 10296 10376 10307
f 10307 10376 10385
f 10470 10307 10385
f 10471 10308 10470
f 10472 10308 10471
f 10386 10356 10472
f 10356 10386 10473
f 10292 10474 10392
f 10392 10113 10393
f 10393 10114 10357
f 10359 10476 10360
f 10132 10313 10389
f 10313 10140 10479
f 10313 10479 10314
f 10336 10480 10172
f 10390 10363 10388
f 10363 10390 10481
f 10482 10317 10481
f 10317 10482 10361
f 10483 10361 10482
f 10361 10483 10420
f 10361 10420 10397
f 10397 10417 10134
f 10138 10333 10484
f 10333 10136 10424
f 10333 10424 10401
f 10402 10418 10425
f 10398 10486 10399
f 10403 10427 10487
f 10487 10488 10403
f 10490 10319 10489
f 10319 10490 10404
f 10404 10490 10139
f 10144 10320 10491
f 10320 10145 10430
f 10493 10334 10492
f 10405 10493 10494
f 10405 10494 10495
f 10405 10495 10400
f 10400 10495 10496
f 10434 10406 10496
f 10406 10434 10433
f 10409 10497 10324
f 10324 10497 10498
f 10324 10435 10443
f 10407 10499 10338
f 10338 10499 10500
f 10501 10338 10500
f 10338 10501 10412
f 10412 10501 10437
f 10151 10413 10436
f 10413 10163 10502
f 10156 10411 10502
f 10411 10154 10447
f 10411 10447 10410
f 10503 10414 10439
f 10414 10503 10416
f 10340 10440 10415
f 10415 10440 10504
f 10454 10505 10331
f 10331 10506 10438
f 10340 10508 10328
f 10509 10329 10410
f 10410 10329 10411
f 10413 10511 10412
f 10261 10412 10512
f 10339 10513 10259
f 10412 10261 10513
f 10407 10254 10514
f 10324 10514 10409
f 10409 10514 10515
f 10409 10516 10337
f 10337 10327 10408
f 10400 10322 10405
f 10400 10519 10322
f 10334 10520 10521
f 10334 10521 10320
f 10404 10522 10319
f 10399 10524 10525
f 10399 10525 10398
f 10398 10526 10402
f 10318 10402 10526
f 10401 10318 10527
f 10401 10237 10333
f 10422 10528 10238
f 10317 10223 10529
f 10317 10529 10222
f 10336 10530 10531
f 10336 10531 10314
f 10314 10315 10313
f 10120 10298 10310
f 10310 10298 10221
f 10310 10221 10534
f 10310 10535 10357
f 10119 10536 10357
f 10357 10536 10393
f 10393 10213 10392
f 10308 10539 10307
f 10291 10539 10308
f 10290 10307 10539
f 10307 10297 10296
f 10293 10296 10297
f 10355 10540 10295
f 10345 10543 10306
f 10306 10284 10351
f 10351 10186 10285
f 10285 10544 10372
f 10546 10547 10348
f 10276 10548 10344
f 10344 10548 10283
f 10344 10283 10304
f 10304 10282 10303
f 10553 10552 10554
f 10555 10556 10585
f 10552 10585 10554
f 10557 10554 10585
f 10558 10555 10585
f 10559 10560 10585
f 10561 10559 10585
f 10562 10557 10585
f 10563 10562 10585
f 10564 10565 10585
f 10566 10564 10585
f 10585 10567 10563
f 10568 10585 10565
f 10585 10568 10567
f 10560 10566 10585
f 10556 10561 10585
f 10570 10571 10585
f 10572 10573 10585
f 10571 10572 10585
f 10574 10575 10585
f 10570 10585 10575
f 10574 10585 10576
f 10577 10578 10585
f 10579 10580 10585
f 10580 10558 10585
f 10578 10579 10585
f 10581 10585 10582
f 10582 10585 10583
f 10576 10585 10581
f 10573 10577 10585
f 10584 10585 10552
f 10583 10585 10584
f 10575 10574 10586
f 10570 10575 10587
f 10576 10581 10588
f 10582 10583 10589
f 10581 10582 10590
f 10574 10576 10591
f 10586 10587 10575
f 10592 10570 10587
f 10588 10591 10576
f 10589 10590 10582
f 10593 10589 10583
f 10588 10581 10590
f 10586 10574 10591
f 10583 10584 10593
f 10565 10594 10595
f 10584 10552 10596
f 10553 10554 10597
f 10552 10553 10596
f 10557 10562 10598
f 10563 10567 10599
f 10562 10563 10600
f 10554 10557 10601
f 10596 10553 10597
f 10601 10557 10598
f 10554 10601 10597
f 10563 10599 10600
f 10600 10598 10562
f 10599 10567 10602
f 10595 10602 10568
f 10568 10565 10595
f 10602 10567 10568
f 10584 10596 10593
f 10587 10586 10569
f 10592 10587 10569
f 10586 10591 10569
f 10569 10591 10588
f 10604 10589 10593
f 10590 10589 10604
f 10588 10590 10604
f 10569 10588 10604
f 10597 10601 10604
f 10596 10597 10604
f 10602 10603 10599
f 10600 10603 10598
f 10599 10603 10600
f 10602 10595 10603
f 10604 10601 10598
f 10604 10598 10603
f 10595 10594 10603
f 10596 10604 10593
f 10604 10603 10569
f 10594 10605 10603
f 10603 10605 10606
f 10607 10608 10569
f 10569 10608 10609
f 10607 10603 10610
f 10603 10606 10610
f 10609 10611 10569
f 10569 10611 10612
f 10603 10607 10569
f 10614 10569 10613
f 10569 10614 10615
f 10569 10612 10613
f 10569 10616 10617
f 10618 10616 10569
f 10592 10569 10617
f 10619 10618 10569
f 10569 10615 10619
f 10565 10564 10594
f 10566 10560 10606
f 10564 10566 10605
f 10559 10561 10607
f 10556 10555 10609
f 10561 10556 10608
f 10560 10559 10610
f 10594 10564 10605
f 10606 10560 10610
f 10566 10606 10605
f 10561 10608 10607
f 10607 10610 10559
f 10608 10556 10609
f 10609 10555 10611
f 10558 10612 10611
f 10555 10558 10611
f 10580 10579 10614
f 10578 10577 10619
f 10579 10578 10615
f 10573 10572 10616
f 10571 10570 10592
f 10572 10571 10617
f 10577 10573 10618
f 10612 10558 10613
f 10615 10614 10579
f 10613 10580 10614
f 10618 10619 10577
f 10617 10616 10572
f 10592 10617 10571
f 10618 10573 10616
f 10615 10578 10619
f 10613 10558 10580
f 10621 10620 10622
f 10623 10624 10654
f 10620 10654 10622
f 10625 10622 10654
f 10626 10623 10654
f 10627 10628 10654
f 10629 10627 10654
f 10630 10625 10654
f 10631 10630 10654
f 10632 10633 10654
f 10634 10632 10654
f 10654 10635 10631
f 10636 10654 10633
f 10654 10636 10635
f 10628 10634 10654
f 10624 10629 10654
f 10637 10638 10673
f 10639 10640 10654
f 10641 10642 10654
f 10640 10641 10654
f 10643 10644 10654
f 10639 10654 10644
f 10643 10654 10645
f 10646 10647 10654
f 10648 10649 10654
f 10649 10626 10654
f 10647 10648 10654
f 10650 10654 10651
f 10651 10654 10652
f 10645 10654 10650
f 10642 10646 10654
f 10653 10654 10620
f 10652 10654 10653
f 10644 10643 10655
f 10639 10644 10656
f 10645 10650 10657
f 10651 10652 10658
f 10650 10651 10659
f 10643 10645 10660
f 10655 10656 10644
f 10661 10639 10656
f 10657 10660 10645
f 10658 10659 10651
f 10662 10658 10652
f 10657 10650 10659
f 10655 10643 10660
f 10652 10653 10662
f 10633 10663 10664
f 10653 10620 10665
f 10621 10622 10666
f 10620 10621 10665
f 10625 10630 10667
f 10631 10635 10668
f 10630 10631 10669
f 10622 10625 10670
f 10665 10621 10666
f 10670 10625 10667
f 10622 10670 10666
f 10631 10668 10669
f 10669 10667 10630
f 10668 10635 10671
f 10664 10671 10636
f 10636 10633 10664
f 10671 10635 10636
f 10653 10665 10662
f 10656 10655 10672
f 10661 10656 10672
f 10655 10660 10672
f 10672 10660 10657
f 10674 10658 10662
f 10659 10658 10674
f 10657 10659 10674
f 10672 10657 10674
f 10666 10670 10674
f 10665 10666 10674
f 10671 10673 10668
f 10669 10673 10667
f 10668 10673 10669
f 10671 10664 10673
f 10674 10670 10667
f 10674 10667 10673
f 10664 10663 10673
f 10665 10674 10662
f 10638 10672 10674
f 10673 10638 10674
f 10675 10638 10637
f 10675 10672 10638
f 10663 10676 10637
f 10663 10637 10673
f 10637 10676 10677
f 10678 10679 10675
f 10675 10679 10680
f 10678 10637 10681
f 10637 10677 10681
f 10680 10682 10675
f 10675 10682 10683
f 10637 10678 10675
f 10675 10683 10684
f 10675 10684 10685
f 10672 10686 10687
f 10688 10689 10672
f 10690 10672 10689
f 10688 10672 10687
f 10686 10675 10685
f 10672 10690 10661
f 10675 10686 10672
f 10633 10632 10663
f 10634 10628 10677
f 10632 10634 10676
f 10627 10629 10678
f 10624 10623 10680
f 10629 10624 10679
f 10628 10627 10681
f 10663 10632 10676
f 10677 10628 10681
f 10634 10677 10676
f 10629 10679 10678
f 10678 10681 10627
f 10679 10624 10680
f 10680 10623 10682
f 10626 10683 10682
f 10623 10626 10682
f 10649 10648 10685
f 10647 10646 10687
f 10648 10647 10686
f 10642 10641 10689
f 10640 10639 10661
f 10641 10640 10690
f 10646 10642 10688
f 10683 10626 10684
f 10686 10685 10648
f 10684 10649 10685
f 10688 10687 10646
f 10690 10689 10641
f 10661 10690 10640
f 10688 10642 10689
f 10686 10647 10687
f 10684 10626 10649
f 10692 10693 10694
f 10695 10696 10726
f 10697 10698 10766
f 10699 10700 10766
f 10698 10699 10766
f 10696 10697 10766
f 10701 10766 10702
f 10703 10766 10704
f 10702 10766 10703
f 10692 10705 10706
f 10707 10766 10708
f 10709 10766 10710
f 10708 10766 10709
f 10704 10766 10707
f 10711 10712 10766
f 10713 10714 10766
f 10715 10713 10766
f 10712 10715 10766
f 10716 10717 10766
f 10718 10692 10766
f 10717 10718 10766
f 10714 10716 10766
f 10719 10766 10720
f 10720 10766 10721
f 10722 10723 10766
f 10724 10705 10692
f 10706 10693 10692
f 10722 10766 10725
f 10721 10766 10723
f 10710 10766 10719
f 10700 10711 10766
f 10726 10696 10766
f 10727 10725 10766
f 10692 10694 10728
f 10728 10766 10692
f 10766 10728 10727
f 10692 10729 10724
f 10731 10732 10766
f 10733 10734 10766
f 10732 10733 10766
f 10735 10736 10766
f 10736 10737 10766
f 10738 10739 10766
f 10737 10738 10766
f 10734 10735 10766
f 10740 10731 10766
f 10741 10742 10766
f 10740 10766 10742
f 10743 10744 10766
f 10743 10766 10745
f 10746 10747 10766
f 10745 10766 10747
f 10741 10766 10744
f 10748 10731 10749
f 10750 10751 10766
f 10752 10753 10766
f 10751 10752 10766
f 10754 10755 10766
f 10756 10691 10726
f 10755 10756 10766
f 10753 10754 10766
f 10757 10758 10766
f 10759 10766 10760
f 10757 10766 10759
f 10761 10766 10762
f 10740 10763 10731
f 10760 10766 10761
f 10746 10766 10758
f 10739 10750 10766
f 10764 10766 10701
f 10764 10762 10766
f 10763 10765 10731
f 10766 10756 10726
f 10749 10731 10765
f 10767 10731 10748
f 10768 10731 10767
f 10702 10703 10769
f 10701 10702 10770
f 10704 10707 10771
f 10708 10709 10772
f 10707 10708 10773
f 10703 10704 10774
f 10710 10719 10775
f 10720 10721 10776
f 10719 10720 10777
f 10723 10722 10778
f 10725 10727 10779
f 10722 10725 10780
f 10721 10723 10781
f 10709 10710 10782
f 10770 10702 10769
f 10701 10770 10783
f 10774 10704 10771
f 10773 10708 10772
f 10707 10773 10771
f 10703 10774 10769
f 10782 10710 10775
f 10720 10776 10777
f 10777 10775 10719
f 10772 10709 10782
f 10776 10721 10781
f 10778 10722 10780
f 10780 10725 10779
f 10723 10778 10781
f 10784 10779 10727
f 10727 10728 10784
f 10691 10785 10786
f 10692 10718 10787
f 10717 10716 10788
f 10718 10717 10789
f 10714 10713 10790
f 10715 10712 10791
f 10713 10715 10792
f 10716 10714 10793
f 10711 10700 10794
f 10699 10698 10795
f 10700 10699 10796
f 10697 10696 10797
f 10695 10726 10786
f 10696 10695 10798
f 10698 10697 10799
f 10712 10711 10800
f 10784 10728 10801
f 10789 10787 10718
f 10801 10692 10787
f 10793 10788 10716
f 10792 10790 10713
f 10793 10714 10790
f 10789 10717 10788
f 10800 10791 10712
f 10796 10794 10700
f 10800 10711 10794
f 10799 10795 10698
f 10798 10797 10696
f 10786 10798 10695
f 10799 10697 10797
f 10796 10699 10795
f 10792 10715 10791
f 10726 10691 10786
f 10801 10728 10692
f 10770 10730 10783
f 10769 10774 10730
f 10771 10730 10774
f 10730 10773 10772
f 10730 10770 10769
f 10771 10773 10730
f 10775 10730 10782
f 10730 10775 10777
f 10776 10781 10730
f 10778 10730 10781
f 10776 10730 10777
f 10779 10730 10780
f 10772 10782 10730
f 10778 10780 10730
f 10779 10784 10730
f 10730 10784 10801
f 10802 10787 10789
f 10787 10730 10801
f 10802 10788 10793
f 10802 10793 10790
f 10792 10802 10790
f 10788 10802 10789
f 10802 10791 10800
f 10802 10800 10794
f 10797 10802 10799
f 10796 10802 10794
f 10786 10802 10798
f 10792 10791 10802
f 10802 10797 10798
f 10802 10730 10787
f 10802 10795 10799
f 10796 10795 10802
f 10786 10785 10802
f 10802 10803 10730
f 10730 10803 10804
f 10804 10806 10730
f 10802 10785 10803
f 10804 10805 10806
f 10807 10808 10803
f 10807 10803 10809
f 10809 10803 10785
f 10808 10810 10803
f 10811 10812 10804
f 10812 10813 10804
f 10804 10814 10815
f 10804 10816 10814
f 10804 10817 10818
f 10818 10819 10804
f 10820 10817 10804
f 10813 10820 10804
f 10819 10816 10804
f 10821 10811 10803
f 10810 10821 10803
f 10811 10804 10803
f 10815 10822 10804
f 10823 10805 10824
f 10825 10805 10826
f 10826 10805 10827
f 10828 10805 10829
f 10830 10829 10805
f 10830 10805 10825
f 10805 10823 10827
f 10831 10783 10806
f 10832 10833 10806
f 10834 10806 10835
f 10836 10806 10834
f 10806 10836 10837
f 10831 10806 10837
f 10832 10806 10828
f 10833 10835 10806
f 10824 10805 10804
f 10828 10806 10805
f 10730 10806 10783
f 10824 10804 10822
f 10691 10756 10809
f 10755 10754 10808
f 10756 10755 10807
f 10753 10752 10821
f 10751 10750 10812
f 10752 10751 10811
f 10754 10753 10810
f 10739 10738 10820
f 10737 10736 10818
f 10738 10737 10817
f 10735 10734 10816
f 10733 10732 10815
f 10734 10733 10814
f 10736 10735 10819
f 10750 10739 10813
f 10785 10691 10809
f 10807 10755 10808
f 10756 10807 10809
f 10810 10753 10821
f 10811 10751 10812
f 10752 10811 10821
f 10754 10810 10808
f 10813 10739 10820
f 10737 10818 10817
f 10817 10820 10738
f 10812 10750 10813
f 10818 10736 10819
f 10816 10734 10814
f 10814 10733 10815
f 10735 10816 10819
f 10822 10815 10732
f 10732 10731 10822
f 10740 10742 10823
f 10741 10744 10826
f 10742 10741 10827
f 10743 10745 10830
f 10747 10746 10828
f 10745 10747 10829
f 10744 10743 10825
f 10758 10757 10833
f 10759 10760 10834
f 10757 10759 10835
f 10761 10762 10837
f 10764 10701 10783
f 10762 10764 10831
f 10760 10761 10836
f 10746 10758 10832
f 10822 10731 10824
f 10827 10823 10742
f 10824 10740 10823
f 10825 10826 10744
f 10829 10830 10745
f 10825 10743 10830
f 10827 10741 10826
f 10832 10828 10746
f 10835 10833 10757
f 10832 10758 10833
f 10836 10834 10760
f 10831 10837 10762
f 10783 10831 10764
f 10836 10761 10837
f 10835 10759 10834
f 10829 10747 10828
f 10824 10731 10740
f 10838 10839 10909
f 10840 10841 10842
f 10843 10844 10909
f 10839 10843 10909
f 10845 10846 10909
f 10847 10848 10909
f 10846 10847 10909
f 10844 10845 10909
f 10849 10920 10850
f 10851 10920 10852
f 10850 10920 10851
f 10840 10853 10854
f 10855 10920 10856
f 10857 10920 10858
f 10856 10920 10857
f 10852 10920 10855
f 10859 10860 10909
f 10861 10862 10920
f 10860 10861 10909
f 10863 10864 10920
f 10865 10840 10920
f 10866 10865 10920
f 10864 10866 10920
f 10862 10863 10920
f 10869 10853 10840
f 10854 10841 10840
f 10868 10920 10870
f 10858 10920 10867
f 10848 10859 10909
f 10920 10871 10870
f 10920 10872 10871
f 10920 10840 10872
f 10840 10842 10872
f 10920 10909 10861
f 10875 10876 10906
f 10877 10878 10909
f 10878 10879 10909
f 10880 10881 10909
f 10879 10880 10909
f 10876 10877 10909
f 10882 10874 10906
f 10882 10906 10883
f 10884 10906 10885
f 10883 10906 10884
f 10886 10906 10887
f 10888 10909 10889
f 10887 10909 10888
f 10885 10906 10886
f 10890 10874 10891
f 10892 10893 10909
f 10894 10895 10909
f 10893 10894 10909
f 10896 10897 10909
f 10898 10838 10909
f 10897 10898 10909
f 10895 10896 10909
f 10899 10909 10900
f 10901 10920 10902
f 10900 10909 10901
f 10903 10920 10904
f 10882 10905 10874
f 10902 10920 10903
f 10889 10909 10899
f 10881 10892 10909
f 10909 10887 10906
f 10909 10906 10876
f 10907 10920 10849
f 10907 10904 10920
f 10905 10908 10874
f 10901 10909 10920
f 10891 10874 10908
f 10910 10874 10890
f 10911 10874 10910
f 10912 10850 10851
f 10913 10849 10850
f 10914 10852 10855
f 10915 10856 10857
f 10916 10855 10856
f 10917 10851 10852
f 10918 10858 10867
f 10857 10858 10919
f 10870 10871 10921
f 10868 10870 10922
f 10867 10920 10923
f 10852 10914 10917
f 10917 10912 10851
f 10916 10856 10915
f 10915 10857 10919
f 10916 10914 10855
f 10913 10850 10912
f 10918 10867 10923
f 10919 10858 10918
f 10920 10868 10925
f 10868 10922 10925
f 10921 10922 10870
f 10871 10872 10926
f 10926 10921 10871
f 10838 10927 10839
f 10865 10866 10928
f 10929 10864 10863
f 10930 10866 10864
f 10840 10865 10931
f 10932 10862 10861
f 10933 10863 10862
f 10934 10861 10860
f 10846 10845 10935
f 10843 10839 10936
f 10937 10845 10844
f 10860 10859 10938
f 10939 10848 10847
f 10940 10859 10848
f 10844 10843 10941
f 10942 10847 10846
f 10930 10864 10929
f 10933 10862 10932
f 10928 10866 10930
f 10872 10943 10926
f 10943 10840 10931
f 10928 10931 10865
f 10929 10863 10933
f 10846 10935 10942
f 10937 10844 10941
f 10847 10942 10939
f 10932 10861 10934
f 10934 10860 10938
f 10940 10938 10859
f 10939 10940 10848
f 10937 10935 10845
f 10843 10936 10941
f 10839 10927 10936
f 10943 10872 10840
f 10873 10912 10917
f 10873 10914 10916
f 10873 10917 10914
f 10873 10913 10912
f 10915 10919 10873
f 10916 10915 10873
f 10924 10920 10925
f 10922 10924 10925
f 10921 10924 10922
f 10923 10920 10924
f 10921 10926 10924
f 10873 10918 10923
f 10923 10924 10873
f 10919 10918 10873
f 10927 10945 10936
f 10931 10928 10944
f 10944 10933 10932
f 10943 10931 10944
f 10932 10934 10944
f 10930 10944 10928
f 10929 10933 10944
f 10929 10944 10930
f 10940 10939 10944
f 10938 10940 10944
f 10944 10942 10935
f 10937 10944 10935
f 10942 10944 10939
f 10941 10944 10937
f 10936 10945 10941
f 10938 10944 10934
f 10943 10944 10924
f 10944 10941 10945
f 10943 10924 10926
f 10873 10924 10944
f 10944 10945 10873
f 10946 10873 10945
f 10873 10946 10947
f 10948 10949 10945
f 10950 10951 10945
f 10952 10945 10951
f 10953 10945 10952
f 10950 10945 10949
f 10953 10954 10945
f 10945 10954 10955
f 10956 10946 10957
f 10958 10946 10956
f 10946 10959 10960
f 10946 10960 10961
f 10946 10961 10962
f 10963 10946 10962
f 10957 10945 10955
f 10959 10946 10958
f 10945 10927 10948
f 10946 10945 10957
f 10947 10964 10965
f 10947 10966 10967
f 10968 10947 10969
f 10969 10947 10967
f 10968 10964 10947
f 10947 10965 10970
f 10971 10966 10946
f 10972 10973 10947
f 10947 10974 10975
f 10970 10976 10947
f 10977 10972 10947
f 10973 10974 10947
f 10976 10977 10947
f 10913 10873 10978
f 10947 10975 10978
f 10946 10966 10947
f 10947 10978 10873
f 10971 10946 10963
f 10953 10894 10893
f 10952 10895 10894
f 10838 10898 10948
f 10881 10955 10892
f 10893 10892 10954
f 10898 10897 10949
f 10880 10879 10956
f 10959 10878 10877
f 10958 10879 10878
f 10875 10961 10876
f 10877 10876 10960
f 10962 10875 10906
f 10957 10881 10880
f 10874 10962 10906
f 10896 10951 10950
f 10896 10895 10951
f 10951 10895 10952
f 10953 10952 10894
f 10927 10838 10948
f 10948 10898 10949
f 10950 10949 10897
f 10896 10950 10897
f 10956 10879 10958
f 10959 10877 10960
f 10878 10959 10958
f 10893 10954 10953
f 10955 10881 10957
f 10955 10954 10892
f 10876 10961 10960
f 10880 10956 10957
f 10875 10962 10961
f 10874 10963 10962
f 10971 10882 10883
f 10967 10884 10885
f 10966 10883 10884
f 10968 10886 10887
f 10965 10888 10889
f 10885 10886 10969
f 10887 10888 10964
f 10976 10899 10900
f 10972 10901 10902
f 10889 10899 10970
f 10974 10903 10904
f 10907 10849 10978
f 10902 10903 10973
f 10977 10900 10901
f 10975 10904 10907
f 10971 10963 10882
f 10966 10971 10883
f 10884 10967 10966
f 10969 10967 10885
f 10964 10968 10887
f 10886 10968 10969
f 10965 10964 10888
f 10970 10965 10889
f 10977 10976 10900
f 10976 10970 10899
f 10973 10903 10974
f 10974 10904 10975
f 10913 10978 10849
f 10977 10901 10972
f 10973 10972 10902
f 10978 10975 10907
f 10882 10963 10874
f 10979 11001 10981
f 10979 10981 10983
f 10982 10983 10981
f 10985 11001 10979
f 11001 10987 10988
f 10986 10987 11001
f 10989 10986 11001
f 10980 10989 11001
f 11001 10985 10980
f 10991 10981 10992
f 10993 10995 10992
f 10990 10996 10981
f 10982 10981 10984
f 10996 10984 10981
f 10995 10994 10992
f 10997 10991 10992
f 10994 10997 10992
f 10990 10981 10991
f 10988 10998 11001
f 10999 11000 11001
f 10998 10999 11001
f 11007 11001 11004
f 11005 11007 11002
f 11005 11003 11007
f 11002 11007 11004
f 11001 11000 11004
f 11006 11014 11007
f 11008 11009 11014
f 11006 11008 11014
f 11010 11011 11014
f 11012 11013 11043
f 11011 11012 11043
f 11009 11010 11014
f 11043 11014 11011
f 11015 11043 11013
f 11006 11007 11003
f 10992 11017 11016
f 10992 11016 10993
f 11019 11018 10992
f 11021 11017 10992
f 11022 11018 11019
f 11021 10992 11018
f 11023 11020 11019
f 11019 11024 11025
f 11023 11019 11025
f 11022 11019 11020
f 11026 11027 11019
f 11019 11028 11026
f 11033 11028 11019
f 11024 11019 11027
f 11028 11033 11029
f 11030 11029 11033
f 11031 11032 11033
f 11030 11033 11032
f 11031 11033 11034
f 11035 11036 11043
f 11037 11038 11043
f 11035 11043 11038
f 11122 11039 11040
f 11041 11039 11122
f 11036 11041 11122
f 11043 11042 11037
f 11042 11043 11015
f 11036 11122 11043
f 11040 11044 11122
f 11045 11046 11033
f 11033 11047 11048
f 11048 11045 11033
f 11046 11034 11033
f 11049 11050 11122
f 11122 11044 11049
f 11050 11047 11122
f 11047 11033 11122
f 11060 11067 11057
f 11067 11060 11059
f 11057 11067 11062
f 11067 11064 11063
f 11058 11067 11065
f 11067 11063 11065
f 11058 11062 11067
f 11067 11068 11052
f 11052 11071 11070
f 11052 11068 11072
f 11061 11067 11059
f 11067 11061 11068
f 11052 11073 11071
f 11052 11066 11069
f 11052 11069 11073
f 11066 11052 11072
f 11064 11067 11075
f 11075 11067 11074
f 11067 11076 11074
f 11067 11077 11076
f 11078 11077 11053
f 11077 11067 11053
f 11079 11083 11053
f 11078 11053 11083
f 11081 11053 11080
f 11080 11053 11082
f 11053 11084 11085
f 11053 11086 11087
f 11053 11087 11084
f 11053 11085 11082
f 11053 11088 11089
f 11053 11089 11086
f 11079 11053 11081
f 11052 11090 11091
f 11092 11052 11091
f 11070 11090 11052
f 11092 11054 11052
f 11054 11092 11093
f 11054 11095 11094
f 11095 11054 11093
f 11096 11097 11054
f 11098 11099 11054
f 11054 11097 11098
f 11096 11054 11094
f 11100 11101 11054
f 11054 11099 11100
f 11102 11054 11101
f 11056 11103 11104
f 11103 11056 11102
f 11105 11056 11106
f 11056 11104 11106
f 11102 11056 11054
f 11055 11107 11108
f 11055 11109 11110
f 11109 11055 11108
f 11111 11112 11055
f 11055 11112 11113
f 11055 11113 11107
f 11053 11055 11110
f 11110 11114 11053
f 11088 11053 11114
f 11055 11115 11111
f 11056 11116 11117
f 11118 11119 11055
f 11056 11117 11118
f 11056 11105 11116
f 11055 11120 11121
f 11055 11121 11115
f 11055 11119 11120
f 11055 11056 11118
f 11053 11051 11055
f 11051 11056 11055
f 11056 11052 11054
f 11052 11056 11051
f 11043 11122 11051
f 11122 11033 11051
f 11033 11019 11051
f 11019 10992 11051
f 11071 10995 10993
f 11069 10997 10994
f 11073 10994 10995
f 11072 10990 10991
f 11061 10984 10996
f 11068 10996 10990
f 11066 10991 10997
f 11060 10983 10982
f 11062 10985 10979
f 11057 10979 10983
f 11065 10989 10980
f 11063 10987 10986
f 11063 10986 10989
f 11058 10980 10985
f 11059 10982 10984
f 11071 10993 11070
f 11069 10994 11073
f 11071 11073 10995
f 11072 10991 11066
f 11061 10996 11068
f 11072 11068 10990
f 11069 11066 10997
f 11060 10982 11059
f 11057 11062 10979
f 10983 11060 11057
f 11059 10984 11061
f 11058 10985 11062
f 11063 10989 11065
f 11064 10987 11063
f 11058 11065 10980
f 11064 11075 10988
f 10988 10987 11064
f 11074 10999 10998
f 11077 11004 11000
f 11076 11000 10999
f 11083 11005 11002
f 11081 11006 11003
f 11079 11003 11005
f 11078 11002 11004
f 11082 11009 11008
f 11084 11011 11010
f 11085 11010 11009
f 11086 11013 11012
f 11088 11042 11015
f 11089 11015 11013
f 11087 11012 11011
f 11080 11008 11006
f 10998 11075 11074
f 11000 11076 11077
f 11076 10999 11074
f 11002 11078 11083
f 11003 11079 11081
f 11079 11005 11083
f 11078 11004 11077
f 11008 11080 11082
f 11010 11085 11084
f 11085 11009 11082
f 11012 11087 11086
f 11015 11089 11088
f 11042 11088 11114
f 11089 11013 11086
f 11087 11011 11084
f 11080 11006 11081
f 10988 11075 10998
f 11110 11038 11037
f 11114 11037 11042
f 11108 11036 11035
f 11113 11039 11041
f 11107 11041 11036
f 11109 11035 11038
f 11111 11044 11040
f 11121 11050 11049
f 11115 11049 11044
f 11119 11048 11047
f 11117 11046 11045
f 11118 11045 11048
f 11120 11047 11050
f 11112 11040 11039
f 11109 11038 11110
f 11114 11110 11037
f 11107 11036 11108
f 11112 11039 11113
f 11107 11113 11041
f 11109 11108 11035
f 11115 11044 11111
f 11121 11120 11050
f 11049 11115 11121
f 11111 11040 11112
f 11119 11047 11120
f 11117 11045 11118
f 11116 11046 11117
f 11119 11118 11048
f 11116 11105 11034
f 11034 11046 11116
f 11016 11070 10993
f 11104 11032 11031
f 11102 11029 11030
f 11103 11030 11032
f 11100 11026 11028
f 11098 11024 11027
f 11099 11027 11026
f 11101 11028 11029
f 11096 11023 11025
f 11095 11022 11020
f 11094 11020 11023
f 11092 11021 11018
f 11090 11016 11017
f 11091 11017 11021
f 11093 11018 11022
f 11097 11025 11024
f 11031 11105 11106
f 11032 11104 11103
f 11104 11031 11106
f 11029 11102 11101
f 11026 11100 11099
f 11100 11028 11101
f 11102 11030 11103
f 11024 11098 11097
f 11023 11096 11094
f 11096 11025 11097
f 11022 11095 11093
f 11021 11092 11091
f 11017 11091 11090
f 11092 11018 11093
f 11095 11020 11094
f 11098 11027 11099
f 11090 11070 11016
f 11034 11105 11031
f 10981 11001 11051
f 10992 10981 11051
f 11001 11007 11051
f 11014 11043 11051
f 11007 11014 11051
f 11051 11067 11052
f 11067 11051 11053
f 11123 11144 11267
f 11123 11267 11126
f 11125 11126 11267
f 11127 11144 11123
f 11144 11129 11130
f 11128 11129 11144
f 11131 11128 11144
f 11124 11131 11144
f 11144 11127 11124
f 11133 11267 11134
f 11135 11137 11134
f 11132 11138 11267
f 11125 11267 11139
f 11139 11267 11138
f 11137 11136 11134
f 11140 11133 11134
f 11136 11140 11134
f 11132 11267 11133
f 11130 11141 11144
f 11142 11143 11144
f 11141 11142 11144
f 11150 11144 11147
f 11148 11150 11145
f 11148 11146 11150
f 11145 11150 11147
f 11144 11143 11147
f 11149 11157 11150
f 11151 11152 11157
f 11149 11151 11157
f 11153 11154 11157
f 11155 11156 11186
f 11154 11155 11186
f 11152 11153 11157
f 11186 11157 11154
f 11158 11186 11156
f 11149 11150 11146
f 11134 11160 11159
f 11134 11159 11135
f 11162 11161 11134
f 11164 11160 11134
f 11165 11161 11162
f 11164 11134 11161
f 11166 11163 11162
f 11162 11167 11168
f 11166 11162 11168
f 11165 11162 11163
f 11169 11170 11162
f 11162 11171 11169
f 11176 11171 11162
f 11167 11162 11170
f 11171 11176 11172
f 11173 11172 11176
f 11174 11175 11176
f 11173 11176 11175
f 11174 11176 11177
f 11178 11179 11186
f 11180 11181 11186
f 11178 11186 11181
f 11266 11182 11183
f 11184 11182 11266
f 11179 11184 11266
f 11186 11185 11180
f 11185 11186 11158
f 11179 11266 11186
f 11183 11187 11266
f 11188 11189 11176
f 11176 11190 11191
f 11191 11188 11176
f 11189 11177 11176
f 11192 11193 11266
f 11266 11187 11192
f 11193 11190 11266
f 11190 11176 11266
f 11200 11208 11197
f 11208 11200 11199
f 11197 11208 11202
f 11203 11205 11204
f 11206 11208 11203
f 11198 11208 11206
f 11203 11204 11206
f 11198 11202 11208
f 11208 11209 11195
f 11195 11212 11211
f 11195 11209 11213
f 11201 11208 11199
f 11208 11201 11209
f 11195 11214 11212
f 11195 11207 11210
f 11195 11210 11214
f 11207 11195 11213
f 11205 11203 11216
f 11216 11203 11215
f 11203 11217 11215
f 11203 11218 11217
f 11219 11218 11203
f 11220 11224 11203
f 11219 11203 11224
f 11222 11203 11221
f 11221 11203 11223
f 11225 11226 11227
f 11225 11228 11229
f 11225 11229 11226
f 11203 11227 11223
f 11227 11203 11225
f 11225 11230 11231
f 11225 11231 11228
f 11220 11203 11222
f 11195 11232 11233
f 11234 11195 11233
f 11211 11232 11195
f 11234 11196 11195
f 11196 11234 11235
f 11196 11237 11236
f 11237 11196 11235
f 11238 11239 11196
f 11240 11241 11196
f 11196 11239 11240
f 11238 11196 11236
f 11242 11243 11196
f 11196 11241 11242
f 11244 11196 11243
f 11263 11245 11246
f 11245 11263 11244
f 11247 11263 11248
f 11263 11246 11248
f 11244 11263 11196
f 11251 11249 11250
f 11251 11252 11253
f 11252 11251 11250
f 11254 11255 11251
f 11251 11255 11256
f 11251 11256 11249
f 11225 11251 11253
f 11253 11257 11225
f 11230 11225 11257
f 11251 11258 11254
f 11263 11259 11260
f 11261 11262 11251
f 11263 11260 11261
f 11263 11247 11259
f 11251 11264 11265
f 11251 11265 11258
f 11251 11262 11264
f 11251 11263 11261
f 11225 11194 11251
f 11263 11195 11196
f 11251 11194 11263
f 11195 11263 11194
f 11186 11266 11194
f 11176 11194 11266
f 11176 11162 11194
f 11162 11134 11194
f 11212 11137 11135
f 11210 11140 11136
f 11214 11136 11137
f 11213 11132 11133
f 11201 11139 11138
f 11209 11138 11132
f 11207 11133 11140
f 11200 11126 11125
f 11202 11127 11123
f 11197 11123 11126
f 11206 11131 11124
f 11204 11129 11128
f 11204 11128 11131
f 11198 11124 11127
f 11199 11125 11139
f 11212 11135 11211
f 11210 11136 11214
f 11212 11214 11137
f 11213 11133 11207
f 11201 11138 11209
f 11213 11209 11132
f 11210 11207 11140
f 11200 11125 11199
f 11197 11202 11123
f 11126 11200 11197
f 11199 11139 11201
f 11198 11127 11202
f 11204 11131 11206
f 11205 11129 11204
f 11198 11206 11124
f 11205 11216 11130
f 11130 11129 11205
f 11215 11142 11141
f 11218 11147 11143
f 11217 11143 11142
f 11224 11148 11145
f 11222 11149 11146
f 11220 11146 11148
f 11219 11145 11147
f 11223 11152 11151
f 11226 11154 11153
f 11227 11153 11152
f 11228 11156 11155
f 11230 11185 11158
f 11231 11158 11156
f 11229 11155 11154
f 11221 11151 11149
f 11141 11216 11215
f 11143 11217 11218
f 11217 11142 11215
f 11145 11219 11224
f 11146 11220 11222
f 11220 11148 11224
f 11219 11147 11218
f 11151 11221 11223
f 11153 11227 11226
f 11227 11152 11223
f 11155 11229 11228
f 11158 11231 11230
f 11185 11230 11257
f 11231 11156 11228
f 11229 11154 11226
f 11221 11149 11222
f 11130 11216 11141
f 11253 11181 11180
f 11257 11180 11185
f 11250 11179 11178
f 11256 11182 11184
f 11249 11184 11179
f 11252 11178 11181
f 11254 11187 11183
f 11265 11193 11192
f 11258 11192 11187
f 11262 11191 11190
f 11260 11189 11188
f 11261 11188 11191
f 11264 11190 11193
f 11255 11183 11182
f 11252 11181 11253
f 11257 11253 11180
f 11249 11179 11250
f 11255 11182 11256
f 11249 11256 11184
f 11252 11250 11178
f 11258 11187 11254
f 11265 11264 11193
f 11192 11258 11265
f 11254 11183 11255
f 11262 11190 11264
f 11260 11188 11261
f 11259 11189 11260
f 11262 11261 11191
f 11259 11247 11177
f 11177 11189 11259
f 11159 11211 11135
f 11246 11175 11174
f 11244 11172 11173
f 11245 11173 11175
f 11242 11169 11171
f 11240 11167 11170
f 11241 11170 11169
f 11243 11171 11172
f 11238 11166 11168
f 11237 11165 11163
f 11236 11163 11166
f 11234 11164 11161
f 11232 11159 11160
f 11233 11160 11164
f 11235 11161 11165
f 11239 11168 11167
f 11174 11247 11248
f 11175 11246 11245
f 11246 11174 11248
f 11172 11244 11243
f 11169 11242 11241
f 11242 11171 11243
f 11244 11173 11245
f 11167 11240 11239
f 11166 11238 11236
f 11238 11168 11239
f 11165 11237 11235
f 11164 11234 11233
f 11160 11233 11232
f 11234 11161 11235
f 11237 11163 11236
f 11240 11170 11241
f 11232 11211 11159
f 11177 11247 11174
f 11267 11144 11194
f 11134 11267 11194
f 11144 11150 11194
f 11150 11157 11194
f 11194 11157 11186
f 11194 11203 11195
f 11195 11203 11208
f 11194 11225 11203
f 11521 11738 11376
f 11376 11488 11521
f 11413 11268 11510
f 11510 11687 11413
f 11365 11289 11304
f 11378 11270 11543
f 11378 11273 11274
f 11630 11542 11377
f 11270 11378 11274
f 11307 11272 11271
f 11635 11275 11311
f 11308 11634 11559
f 11559 11273 11378
f 11278 11279 11395
f 11481 11546 11545
f 11546 11395 11280
f 11555 11370 11276
f 11309 11276 11370
f 11279 11280 11395
f 11278 11395 11555
f 11362 11638 11277
f 11488 11376 11377
f 11630 11377 11632
f 11304 11632 11281
f 11377 11281 11632
f 11289 11282 11304
f 11365 11269 11283
f 11365 11284 11285
f 11288 11291 11290
f 11365 11285 11289
f 11269 11365 11305
f 11286 11291 11288
f 11284 11365 11283
f 11271 11633 11305
f 11542 11488 11377
f 11305 11306 11271
f 11307 11271 11306
f 11291 11287 11290
f 11378 11543 11291
f 11308 11559 11378
f 11311 11634 11308
f 11275 11634 11311
f 11307 11291 11286
f 11635 11311 11379
f 11544 11636 11380
f 11379 11636 11635
f 11379 11380 11636
f 11380 11637 11544
f 11309 11362 11277
f 11454 11638 11362
f 11637 11380 11382
f 11382 11545 11637
f 11481 11545 11382
f 11395 11546 11481
f 11395 11370 11555
f 11292 11640 11313
f 11293 11294 11313
f 11313 11294 11292
f 11295 11293 11313
f 11402 11298 11297
f 11649 11299 11315
f 11554 11639 11310
f 11392 11563 11398
f 11645 11644 11400
f 11301 11643 11642
f 11645 11296 11566
f 11313 11300 11295
f 11313 11640 11392
f 11313 11373 11300
f 11399 11641 11373
f 11301 11400 11643
f 11301 11642 11565
f 11296 11645 11400
f 11644 11643 11400
f 11399 11301 11565
f 11566 11296 11401
f 11401 11647 11646
f 11401 11302 11647
f 11302 11402 11297
f 11302 11297 11647
f 11566 11401 11646
f 11402 11314 11298
f 11316 11649 11315
f 11314 11315 11648
f 11403 11567 11317
f 11557 11300 11373
f 11639 11363 11310
f 11370 11312 11309
f 11382 11380 11381
f 11307 11361 11291
f 11371 11310 11363
f 11318 11319 11406
f 11320 11568 11406
f 11541 11653 11407
f 11406 11319 11320
f 11406 11321 11318
f 11322 11659 11416
f 11416 11595 11322
f 11353 11601 11323
f 11353 11323 11324
f 11663 11596 11426
f 11477 11352 11568
f 11406 11326 11321
f 11406 11568 11352
f 11493 11652 11406
f 11656 11408 11657
f 11327 11656 11570
f 11652 11326 11406
f 11493 11407 11653
f 11407 11374 11654
f 11655 11654 11374
f 11327 11570 11655
f 11327 11655 11374
f 11327 11408 11656
f 11408 11356 11657
f 11409 11658 11657
f 11409 11415 11658
f 11415 11324 11658
f 11356 11409 11657
f 11353 11324 11415
f 11491 11601 11353
f 11416 11659 11491
f 11416 11417 11595
f 11424 11661 11421
f 11426 11662 11424
f 11427 11663 11426
f 11596 11662 11426
f 11427 11512 11325
f 11512 11605 11325
f 11427 11325 11663
f 11403 11352 11651
f 11428 11605 11512
f 11431 11672 11671
f 11428 11329 11330
f 11329 11428 11331
f 11428 11597 11331
f 11410 11664 11332
f 11598 11357 11665
f 11428 11330 11605
f 11357 11598 11664
f 11410 11332 11597
f 11429 11669 11668
f 11429 11668 11666
f 11609 11669 11430
f 11430 11671 11609
f 11672 11431 11333
f 11333 11431 11673
f 11355 11666 11665
f 11428 11410 11597
f 11410 11357 11664
f 11354 11355 11665
f 11357 11354 11665
f 11429 11430 11669
f 11430 11431 11671
f 11355 11429 11666
f 11358 11676 11334
f 11358 11334 11675
f 11335 11336 11432
f 11337 11335 11432
f 11516 11674 11337
f 11677 11328 11678
f 11615 11432 11336
f 11680 11338 11613
f 11445 11680 11339
f 11340 11341 11445
f 11446 11342 11343
f 11679 11444 11341
f 11446 11681 11344
f 11446 11345 11346
f 11446 11344 11348
f 11685 11683 11440
f 11612 11678 11442
f 11611 11612 11443
f 11446 11349 11350
f 11349 11446 11351
f 11348 11351 11446
f 11445 11339 11340
f 11446 11350 11345
f 11346 11342 11446
f 11685 11440 11686
f 11679 11611 11443
f 11432 11673 11431
f 11432 11615 11673
f 11432 11516 11337
f 11516 11358 11675
f 11358 11359 11676
f 11436 11328 11617
f 11328 11677 11617
f 11442 11443 11612
f 11444 11445 11341
f 11443 11444 11679
f 11445 11338 11680
f 11338 11446 11343
f 11412 11682 11681
f 11446 11412 11681
f 11412 11347 11682
f 11347 11683 11682
f 11347 11440 11683
f 11440 11413 11686
f 11413 11687 11686
f 11328 11442 11678
f 11307 11306 11361
f 11365 11304 11281
f 11291 11361 11378
f 11309 11312 11362
f 11376 11738 11377
f 11377 11737 11281
f 11305 11365 11447
f 11306 11735 11361
f 11311 11308 11369
f 11311 11367 11368
f 11379 11311 11450
f 11379 11732 11380
f 11380 11529 11381
f 11381 11731 11382
f 11531 11730 11382
f 11382 11730 11481
f 11481 11729 11395
f 11370 11395 11458
f 11363 11454 11727
f 11312 11372 11362
f 11382 11731 11531
f 11375 11398 11310
f 11436 11676 11359
f 11377 11455 11364
f 11364 11737 11377
f 11281 11479 11366
f 11737 11479 11281
f 11365 11736 11482
f 11366 11365 11281
f 11306 11305 11447
f 11306 11447 11448
f 11306 11448 11735
f 11482 11447 11365
f 11361 11735 11378
f 11378 11735 11520
f 11520 11456 11378
f 11525 11311 11368
f 11311 11369 11367
f 11450 11311 11525
f 11529 11731 11381
f 11395 11729 11524
f 11378 11456 11308
f 11383 11371 11363
f 11371 11384 11385
f 11726 11310 11461
f 11461 11371 11388
f 11461 11310 11371
f 11398 11375 11391
f 11392 11398 11725
f 11375 11310 11393
f 11724 11313 11392
f 11373 11313 11723
f 11474 11399 11373
f 11722 11301 11399
f 11370 11458 11532
f 11370 11728 11312
f 11362 11372 11396
f 11362 11396 11453
f 11363 11727 11460
f 11383 11384 11371
f 11460 11386 11363
f 11386 11383 11363
f 11385 11388 11371
f 11384 11383 11385
f 11387 11397 11310
f 11389 11390 11375
f 11397 11393 11310
f 11387 11310 11726
f 11390 11391 11375
f 11395 11524 11458
f 11366 11736 11365
f 11734 11308 11456
f 11369 11308 11734
f 11732 11379 11733
f 11450 11733 11379
f 11312 11728 11372
f 11536 11392 11725
f 11724 11392 11536
f 11465 11313 11724
f 11397 11387 11393
f 11389 11375 11393
f 11313 11465 11723
f 11537 11373 11723
f 11394 11373 11537
f 11722 11399 11474
f 11389 11391 11390
f 11725 11398 11391
f 11474 11373 11394
f 11722 11467 11301
f 11455 11377 11738
f 11400 11301 11467
f 11468 11296 11400
f 11401 11296 11720
f 11719 11302 11401
f 11718 11302 11572
f 11402 11302 11718
f 11717 11402 11573
f 11719 11572 11302
f 11718 11573 11402
f 11402 11717 11314
f 11475 11316 11315
f 11317 11478 11716
f 11476 11352 11403
f 11403 11317 11404
f 11405 11352 11477
f 11406 11352 11405
f 11477 11352 11476
f 11715 11374 11407
f 11327 11374 11490
f 11470 11315 11314
f 11317 11316 11475
f 11467 11468 11400
f 11486 11317 11716
f 11404 11317 11486
f 11476 11403 11404
f 11315 11470 11475
f 11492 11493 11406
f 11492 11406 11534
f 11715 11407 11493
f 11408 11327 11714
f 11405 11534 11406
f 11490 11374 11494
f 11356 11408 11713
f 11408 11714 11713
f 11490 11714 11327
f 11715 11494 11374
f 11426 11424 11425
f 11360 11436 11359
f 11328 11441 11442
f 11423 11431 11430
f 11495 11409 11356
f 11710 11416 11491
f 11417 11416 11708
f 11415 11711 11353
f 11712 11415 11409
f 11353 11496 11491
f 11421 11417 11707
f 11418 11419 11425
f 11426 11425 11419
f 11425 11424 11706
f 11497 11426 11419
f 11426 11411 11427
f 11411 11426 11497
f 11704 11428 11512
f 11512 11427 11705
f 11427 11411 11705
f 11355 11354 11498
f 11421 11706 11424
f 11702 11357 11410
f 11429 11355 11499
f 11422 11423 11430
f 11699 11431 11423
f 11707 11706 11421
f 11708 11416 11709
f 11416 11710 11709
f 11706 11418 11425
f 11497 11419 11418
f 11703 11410 11428
f 11357 11702 11354
f 11700 11430 11429
f 11702 11420 11354
f 11498 11354 11420
f 11703 11702 11410
f 11498 11499 11355
f 11699 11423 11422
f 11504 11431 11500
f 11432 11431 11504
f 11697 11358 11516
f 11696 11359 11358
f 11433 11360 11359
f 11695 11436 11360
f 11695 11328 11436
f 11503 11441 11328
f 11504 11515 11432
f 11515 11698 11432
f 11698 11516 11432
f 11360 11433 11435
f 11435 11434 11360
f 11434 11695 11360
f 11442 11441 11438
f 11694 11443 11442
f 11692 11444 11443
f 11414 11413 11440
f 11506 11445 11444
f 11338 11445 11691
f 11690 11446 11338
f 11439 11412 11446
f 11688 11440 11347
f 11508 11414 11440
f 11442 11438 11437
f 11694 11442 11437
f 11503 11438 11441
f 11358 11697 11696
f 11692 11592 11444
f 11506 11444 11592
f 11359 11696 11433
f 11694 11437 11438
f 11503 11328 11695
f 11446 11690 11591
f 11439 11446 11591
f 11505 11347 11412
f 11509 11413 11414
f 11690 11338 11691
f 11505 11412 11689
f 11412 11439 11689
f 11507 11508 11440
f 11268 11413 11509
f 11506 11691 11445
f 11500 11431 11699
f 11660 11595 11417
f 11736 11366 11365
f 11365 11366 11479
f 11369 11525 11367
f 11367 11449 11368
f 11525 11368 11449
f 11457 11733 11450
f 11732 11529 11380
f 11529 11381 11731
f 11381 11529 11731
f 11396 11372 11451
f 11383 11386 11452
f 11372 11728 11312
f 11312 11728 11453
f 11451 11453 11396
f 11453 11372 11312
f 11372 11453 11451
f 11384 11383 11460
f 11452 11460 11383
f 11386 11460 11452
f 11364 11455 11521
f 11364 11479 11737
f 11365 11479 11736
f 11482 11736 11479
f 11482 11448 11447
f 11520 11483 11456
f 11449 11367 11525
f 11525 11484 11450
f 11457 11450 11484
f 11529 11732 11457
f 11459 11729 11481
f 11731 11529 11531
f 11481 11730 11459
f 11526 11728 11370
f 11527 11362 11453
f 11454 11460 11727
f 11454 11362 11527
f 11388 11384 11535
f 11387 11726 11462
f 11393 11387 11397
f 11726 11471 11462
f 11471 11387 11462
f 11387 11471 11397
f 11389 11471 11390
f 11390 11471 11463
f 11390 11464 11389
f 11393 11397 11471
f 11393 11471 11389
f 11313 11723 11465
f 11388 11383 11384
f 11723 11313 11465
f 11722 11466 11301
f 11722 11301 11467
f 11539 11720 11296
f 11720 11469 11401
f 11469 11719 11401
f 11717 11487 11314
f 11487 11475 11315
f 11470 11315 11475
f 11470 11314 11487
f 11403 11476 11404
f 11404 11486 11403
f 11388 11535 11461
f 11461 11535 11726
f 11535 11471 11726
f 11463 11725 11391
f 11463 11391 11464
f 11464 11390 11463
f 11473 11724 11536
f 11536 11725 11463
f 11465 11724 11473
f 11538 11472 11722
f 11466 11467 11301
f 11296 11468 11539
f 11485 11539 11468
f 11539 11469 11720
f 11572 11719 11469
f 11487 11315 11470
f 11533 11475 11487
f 11486 11716 11303
f 11476 11403 11486
f 11477 11476 11486
f 11384 11460 11535
f 11482 11479 11480
f 11532 11526 11370
f 11463 11471 11536
f 11534 11405 11406
f 11405 11534 11406
f 11494 11374 11490
f 11714 11490 11489
f 11713 11540 11356
f 11540 11495 11356
f 11712 11511 11415
f 11577 11496 11353
f 11425 11418 11706
f 11710 11491 11578
f 11583 11418 11425
f 11418 11411 11419
f 11419 11497 11418
f 11706 11583 11425
f 11477 11534 11405
f 11541 11489 11494
f 11489 11490 11374
f 11489 11540 11714
f 11409 11495 11540
f 11511 11712 11409
f 11511 11353 11711
f 11577 11353 11511
f 11579 11707 11417
f 11411 11418 11583
f 11497 11419 11411
f 11704 11580 11428
f 11703 11428 11580
f 11420 11354 11498
f 11702 11354 11420
f 11581 11420 11354
f 11420 11586 11354
f 11498 11354 11586
f 11582 11700 11429
f 11500 11422 11430
f 11423 11699 11422
f 11422 11500 11423
f 11360 11695 11434
f 11441 11438 11503
f 11433 11502 11434
f 11433 11517 11502
f 11517 11360 11434
f 11502 11517 11434
f 11517 11695 11360
f 11503 11590 11441
f 11694 11438 11437
f 11590 11438 11441
f 11438 11514 11437
f 11694 11514 11443
f 11354 11702 11581
f 11586 11420 11581
f 11585 11587 11499
f 11582 11430 11700
f 11429 11499 11587
f 11699 11423 11500
f 11443 11693 11621
f 11347 11505 11589
f 11519 11688 11347
f 11518 11689 11439
f 11440 11688 11519
f 11440 11519 11507
f 11507 11629 11440
f 11414 11508 11629
f 11440 11508 11507
f 11629 11268 11509
f 11429 11587 11582
f 11491 11577 11578
f 11517 11433 11696
f 11588 11590 11503
f 11514 11694 11437
f 11443 11514 11693
f 11443 11621 11692
f 11592 11692 11621
f 11591 11518 11439
f 11589 11519 11347
f 11519 11629 11507
f 11629 11510 11268
f 11414 11629 11509
f 11629 11508 11440
f 11590 11514 11438
f 11479 11364 11480
f 11482 11480 11522
f 11520 11448 11523
f 11453 11526 11527
f 11522 11480 11285
f 11364 11282 11480
f 11522 11633 11482
f 11523 11448 11272
f 11559 11483 11520
f 11635 11457 11484
f 11529 11457 11636
f 11634 11525 11483
f 11524 11555 11532
f 11276 11526 11532
f 11638 11454 11527
f 11526 11277 11527
f 11471 11535 11536
f 11632 11304 11364
f 11364 11304 11282
f 11282 11528 11480
f 11484 11275 11547
f 11520 11548 11273
f 11482 11549 11271
f 11448 11550 11272
f 11637 11551 11531
f 11522 11552 11283
f 11522 11285 11552
f 11522 11283 11553
f 11522 11553 11269
f 11269 11305 11522
f 11305 11633 11522
f 11633 11549 11482
f 11480 11528 11285
f 11460 11454 11639
f 11639 11535 11460
f 11563 11473 11536
f 11641 11538 11537
f 11472 11538 11565
f 11277 11526 11309
f 11398 11536 11535
f 11465 11292 11556
f 11535 11554 11310
f 11271 11550 11448
f 11307 11286 11523
f 11523 11272 11307
f 11523 11288 11530
f 11530 11520 11523
f 11287 11520 11530
f 11288 11523 11558
f 11523 11286 11558
f 11548 11520 11270
f 11520 11291 11543
f 11520 11287 11291
f 11635 11484 11547
f 11283 11552 11285
f 11288 11287 11530
f 11269 11553 11283
f 11558 11286 11288
f 11531 11551 11545
f 11633 11271 11549
f 11550 11271 11272
f 11273 11548 11270
f 11634 11483 11559
f 11635 11547 11275
f 11637 11545 11551
f 11282 11285 11528
f 11560 11278 11524
f 11524 11280 11560
f 11545 11546 11459
f 11560 11280 11278
f 11532 11555 11561
f 11561 11276 11532
f 11276 11309 11526
f 11638 11527 11562
f 11527 11277 11562
f 11639 11454 11363
f 11398 11535 11310
f 11473 11563 11392
f 11563 11536 11398
f 11392 11640 11473
f 11293 11465 11556
f 11465 11293 11564
f 11300 11465 11564
f 11562 11277 11638
f 11276 11561 11555
f 11292 11293 11556
f 11564 11293 11300
f 11537 11557 11373
f 11641 11537 11373
f 11565 11538 11399
f 11399 11538 11641
f 11645 11539 11485
f 11643 11485 11466
f 11646 11469 11539
f 11487 11299 11533
f 11478 11650 11303
f 11567 11486 11303
f 11469 11646 11571
f 11571 11647 11469
f 11298 11314 11487
f 11572 11647 11297
f 11573 11297 11298
f 11647 11571 11646
f 11487 11314 11648
f 11648 11315 11487
f 11533 11574 11649
f 11299 11574 11533
f 11487 11315 11299
f 11317 11649 11316
f 11299 11649 11574
f 11650 11478 11317
f 11317 11303 11650
f 11486 11567 11403
f 11317 11567 11303
f 11403 11651 11477
f 11403 11477 11486
f 11352 11477 11651
f 11534 11320 11575
f 11320 11318 11575
f 11534 11318 11576
f 11534 11575 11318
f 11576 11326 11534
f 11576 11318 11326
f 11541 11407 11654
f 11582 11500 11430
f 11578 11659 11584
f 11594 11584 11659
f 11584 11595 11579
f 11577 11511 11324
f 11660 11421 11579
f 11658 11511 11409
f 11411 11583 11596
f 11512 11411 11663
f 11585 11586 11666
f 11669 11587 11585
f 11671 11500 11582
f 11658 11599 11511
f 11579 11661 11424
f 11324 11600 11577
f 11577 11600 11323
f 11599 11324 11511
f 11578 11491 11659
f 11594 11322 11602
f 11584 11322 11603
f 11584 11602 11322
f 11584 11603 11595
f 11578 11601 11491
f 11599 11658 11324
f 11600 11324 11323
f 11658 11409 11657
f 11322 11595 11603
f 11421 11660 11417
f 11661 11579 11421
f 11424 11662 11583
f 11424 11583 11579
f 11512 11604 11325
f 11663 11604 11512
f 11580 11606 11331
f 11330 11606 11580
f 11332 11607 11581
f 11581 11607 11664
f 11512 11325 11605
f 11606 11330 11331
f 11325 11604 11663
f 11664 11607 11332
f 11582 11608 11671
f 11609 11671 11608
f 11609 11608 11582
f 11500 11673 11515
f 11515 11674 11501
f 11516 11675 11513
f 11610 11513 11675
f 11517 11513 11676
f 11588 11517 11617
f 11617 11677 11588
f 11674 11516 11501
f 11678 11590 11588
f 11514 11590 11678
f 11679 11592 11621
f 11591 11593 11613
f 11518 11591 11681
f 11682 11519 11589
f 11687 11510 11629
f 11672 11614 11500
f 11614 11333 11500
f 11336 11616 11515
f 11616 11337 11515
f 11513 11618 11334
f 11513 11334 11619
f 11513 11619 11676
f 11334 11618 11610
f 11676 11436 11517
f 11436 11617 11517
f 11616 11336 11337
f 11333 11614 11672
f 11619 11334 11676
f 11620 11514 11612
f 11514 11620 11611
f 11620 11612 11611
f 11592 11622 11339
f 11341 11622 11592
f 11680 11623 11593
f 11591 11624 11350
f 11591 11613 11338
f 11343 11625 11591
f 11624 11591 11346
f 11591 11625 11346
f 11591 11350 11626
f 11351 11591 11626
f 11338 11343 11591
f 11627 11591 11351
f 11623 11613 11593
f 11591 11344 11681
f 11346 11625 11343
f 11622 11341 11339
f 11623 11680 11613
f 11679 11621 11611
f 11344 11627 11351
f 11350 11351 11626
f 11344 11591 11627
f 11346 11350 11624
f 11685 11628 11519
f 11519 11628 11686
f 11685 11686 11628
f 11629 11686 11687
f 11540 11657 11409
f 11521 11488 11542
f 11521 11542 11630
f 11521 11630 11364
f 11632 11364 11631
f 11631 11364 11630
f 11482 11271 11448
f 11270 11520 11543
f 11520 11273 11559
f 11525 11275 11484
f 11525 11634 11275
f 11457 11635 11636
f 11544 11529 11636
f 11637 11529 11544
f 11529 11637 11531
f 11531 11545 11459
f 11459 11546 11524
f 11280 11524 11546
f 11524 11278 11555
f 11554 11535 11639
f 11473 11640 11465
f 11292 11465 11640
f 11465 11300 11557
f 11465 11557 11537
f 11472 11565 11466
f 11466 11565 11642
f 11643 11466 11642
f 11644 11485 11643
f 11645 11485 11644
f 11566 11539 11645
f 11539 11566 11646
f 11469 11647 11572
f 11572 11297 11573
f 11573 11298 11487
f 11533 11649 11317
f 11477 11568 11534
f 11320 11534 11568
f 11534 11326 11652
f 11534 11652 11493
f 11493 11653 11541
f 11541 11654 11655
f 11541 11655 11489
f 11489 11655 11570
f 11489 11570 11656
f 11489 11656 11540
f 11540 11656 11569
f 11657 11540 11569
f 11577 11323 11601
f 11577 11601 11578
f 11584 11594 11602
f 11579 11595 11660
f 11662 11596 11583
f 11411 11596 11663
f 11512 11605 11580
f 11330 11580 11605
f 11580 11331 11597
f 11332 11580 11597
f 11580 11332 11581
f 11581 11664 11598
f 11598 11665 11581
f 11581 11665 11586
f 11586 11665 11667
f 11666 11586 11667
f 11668 11585 11666
f 11585 11668 11669
f 11587 11669 11582
f 11582 11669 11670
f 11582 11670 11609
f 11500 11671 11672
f 11500 11333 11673
f 11673 11615 11515
f 11336 11515 11615
f 11515 11337 11674
f 11513 11610 11618
f 11588 11677 11678
f 11514 11678 11612
f 11514 11611 11621
f 11341 11592 11679
f 11592 11339 11680
f 11592 11680 11593
f 11682 11518 11681
f 11518 11682 11589
f 11519 11682 11683
f 11519 11683 11684
f 11685 11519 11684
f 11519 11686 11629
f 11589 11505 11689
f 11589 11689 11518
f 11591 11690 11593
f 11690 11691 11593
f 11593 11691 11592
f 11506 11592 11691
f 11621 11693 11514
f 11695 11588 11503
f 11588 11695 11517
f 11517 11696 11513
f 11697 11513 11696
f 11513 11697 11516
f 11516 11698 11501
f 11501 11698 11515
f 11515 11504 11500
f 11585 11499 11701
f 11498 11585 11701
f 11585 11498 11586
f 11581 11702 11580
f 11580 11702 11703
f 11580 11704 11512
f 11512 11705 11411
f 11583 11706 11579
f 11707 11579 11706
f 11417 11708 11579
f 11579 11708 11584
f 11584 11708 11709
f 11584 11709 11578
f 11578 11709 11710
f 11491 11496 11577
f 11511 11711 11415
f 11714 11540 11713
f 11374 11494 11489
f 11715 11541 11494
f 11541 11715 11493
f 11493 11492 11534
f 11303 11716 11478
f 11317 11475 11533
f 11487 11717 11573
f 11573 11718 11572
f 11485 11721 11466
f 11468 11721 11485
f 11467 11466 11721
f 11466 11722 11472
f 11538 11722 11474
f 11394 11538 11474
f 11538 11394 11537
f 11537 11723 11465
f 11453 11728 11526
f 11532 11458 11524
f 11524 11729 11459
f 11459 11730 11531
f 11733 11457 11732
f 11525 11369 11483
f 11483 11369 11734
f 11456 11483 11734
f 11520 11735 11448
f 11521 11455 11738
f 11894 11739 11986
f 11986 12162 11894
f 11859 11760 11781
f 11860 11741 12013
f 11860 11744 11745
f 12111 12110 11752
f 11741 11860 11745
f 11784 11743 11742
f 12012 11746 11764
f 11861 11746 12114
f 12114 11744 11860
f 11749 11750 11786
f 11785 12015 12117
f 12015 11786 11751
f 12118 11787 11747
f 11750 11751 11786
f 11749 11786 12118
f 11842 12119 11748
f 12110 11857 11858
f 11858 11752 12110
f 12112 12111 11752
f 11781 12112 11762
f 11752 11762 12112
f 11760 11753 11781
f 11859 11740 11754
f 11859 11755 11756
f 11759 11763 11761
f 11859 11756 11760
f 11740 11859 11782
f 11757 11763 11759
f 11755 11859 11754
f 11742 12113 11782
f 11782 11783 11742
f 11784 11742 11783
f 11763 11758 11761
f 11860 12013 11763
f 11861 12114 11860
f 11764 11746 11861
f 11862 12012 11764
f 11784 11763 11757
f 12012 11862 11863
f 11765 12115 11864
f 11863 12115 12012
f 11863 11864 12115
f 11864 12116 11765
f 11787 11842 11748
f 11932 12119 11842
f 12116 11864 11865
f 11865 12117 12116
f 11865 11785 12117
f 11786 11876 12118
f 11785 11786 12015
f 11787 12118 11876
f 11766 12121 11790
f 11767 11768 11790
f 11790 11768 11766
f 11769 11767 11790
f 11770 12127 12126
f 11772 12035 11789
f 11884 12035 11771
f 12132 11773 11774
f 12024 12120 11788
f 11880 12033 11879
f 12123 11777 12025
f 12126 12125 11883
f 11777 12124 12025
f 12127 11770 12128
f 11790 11775 11769
f 11790 12121 11880
f 11790 11776 12027
f 11881 12122 11776
f 11777 11883 12124
f 11770 12126 11883
f 12125 12124 11883
f 11881 11777 12123
f 12128 11770 11778
f 12129 11779 12130
f 11778 12129 12128
f 11778 11779 12129
f 11779 11884 11771
f 11779 11771 12130
f 11855 12001 12132
f 11884 11789 12035
f 11855 12132 11774
f 11789 11774 12131
f 11791 12133 12001
f 11792 12045 11780
f 12027 11775 11790
f 12120 11843 11788
f 11784 11840 11763
f 11851 11788 11843
f 11948 11792 11780
f 11793 11794 11887
f 11795 12037 11887
f 11887 11794 11795
f 11887 11796 11793
f 11798 12141 11889
f 11830 11799 11800
f 11830 11801 12140
f 11889 12071 11798
f 11830 12077 11799
f 11830 11800 11801
f 11806 12145 11802
f 11953 11829 12037
f 11887 11803 11796
f 11887 12037 11829
f 11887 11832 12135
f 11805 12038 11804
f 12138 11805 12139
f 12136 11832 11856
f 12038 12137 11804
f 12135 11803 11887
f 11833 12136 11856
f 11804 12137 12040
f 12138 12038 11805
f 11804 12040 11833
f 11805 11834 12139
f 11888 11797 12139
f 11888 11898 11797
f 11898 12069 11797
f 11834 11888 12139
f 12140 12069 11898
f 11830 12140 11898
f 11899 12077 11830
f 11889 12141 11899
f 11909 11802 12144
f 11889 11900 12071
f 11908 12142 12049
f 11908 11902 12143
f 11909 12143 11902
f 11806 11802 11909
f 11909 12144 12143
f 11792 11829 12134
f 11835 12145 11806
f 11915 12156 12155
f 11835 11808 11809
f 11808 11835 11810
f 11835 12147 11810
f 11892 12148 12147
f 11835 11809 12146
f 11892 12149 12148
f 12146 12145 11835
f 11831 12151 12072
f 12074 11811 12152
f 12085 12073 11890
f 11890 12074 12085
f 12152 11811 12092
f 11911 12072 12149
f 11835 11892 12147
f 11910 11911 12149
f 11831 12072 11911
f 11892 11910 12149
f 11831 12073 12151
f 11831 11890 12073
f 11890 11811 12074
f 11838 12094 11812
f 11838 11812 12154
f 11813 11814 11836
f 11815 11813 11836
f 11893 12091 11815
f 12092 11836 11814
f 12157 11923 12158
f 11922 12157 11816
f 11817 11818 11922
f 11924 11819 11820
f 12101 11921 11818
f 11924 12159 11821
f 11924 11822 11823
f 11924 11821 11825
f 12099 12156 11915
f 12088 12099 11920
f 11924 11826 11827
f 11826 11924 11828
f 11825 11828 11924
f 11922 11816 11817
f 11924 11827 11822
f 12158 11924 11820
f 11823 11819 11924
f 12160 11919 12161
f 12089 11925 12160
f 12101 12088 11921
f 11836 12092 11811
f 11898 11888 11897
f 11968 11830 11898
f 11891 11909 11902
f 11836 11893 11815
f 11837 11838 12154
f 11837 12154 12153
f 11893 11837 12091
f 12067 11807 12095
f 11807 12155 12095
f 11807 11915 12155
f 11915 11920 12099
f 11921 11922 11818
f 11920 11921 12088
f 11922 11923 12157
f 11824 12089 12159
f 11924 11824 12159
f 11923 11924 12158
f 11824 11925 12089
f 11925 11919 12160
f 11919 11894 12161
f 11894 12162 12161
f 11859 11781 11844
f 11784 11783 11840
f 11844 11781 11762
f 11763 11840 11860
f 11785 11865 11841
f 11857 12209 11858
f 11858 12209 11752
f 11762 11752 12208
f 11859 11844 12207
f 11782 11859 11926
f 11783 11934 11840
f 11764 11861 12205
f 11764 11846 11847
f 11862 11848 11863
f 11863 12204 11864
f 11864 12203 11865
f 11786 11785 12201
f 11876 11786 12000
f 11787 11850 12200
f 11843 11932 12199
f 11787 11852 11842
f 11876 11936 11787
f 11865 12203 11841
f 11854 11879 11788
f 11778 11770 11853
f 12067 12087 11838
f 11752 12209 11933
f 11762 11955 11845
f 12208 11955 11762
f 11859 12207 11958
f 11845 11844 11762
f 11783 11782 11926
f 11783 11926 11959
f 11783 11959 11934
f 11958 11926 11859
f 11840 11934 11860
f 11860 11934 11935
f 11935 12206 11860
f 11927 11862 11847
f 11764 11849 11846
f 11764 11847 11862
f 11848 11862 11927
f 11960 12203 11864
f 11786 12201 12000
f 11785 11841 12201
f 11860 12206 11861
f 11866 11851 11843
f 11851 11867 11868
f 12198 11788 11938
f 11938 11851 11871
f 11938 11788 11851
f 11879 11854 11874
f 11880 11879 12197
f 11854 11788 11875
f 12196 11790 11880
f 11942 11776 11790
f 11881 11776 12195
f 12194 11777 11881
f 11787 11936 11850
f 11842 11852 11877
f 11842 11877 11931
f 11777 12194 11882
f 11843 12199 11937
f 11866 11867 11851
f 11937 11869 11843
f 11869 11866 11843
f 11868 11871 11851
f 11867 11866 11868
f 11870 11878 11788
f 11872 11873 11854
f 11878 11875 11788
f 11870 11788 12198
f 11873 11874 11854
f 11876 12000 11936
f 11933 12208 11752
f 11845 12207 11844
f 12206 12205 11861
f 11849 11764 12205
f 11787 12200 11852
f 12204 11863 11848
f 12003 11880 12197
f 12196 11880 12003
f 12004 11790 12196
f 11878 11870 11875
f 11872 11854 11875
f 11790 12004 11942
f 11961 11776 11942
f 12195 11776 11961
f 11950 11881 12195
f 11881 11950 12194
f 11872 11874 11873
f 12197 11879 11874
f 12194 11943 11882
f 11883 11777 11943
f 11944 11770 11883
f 12191 11778 11853
f 11853 11770 12192
f 12191 11779 11778
f 11951 11779 11945
f 11884 11779 11951
f 12190 11884 12043
f 12191 11945 11779
f 11951 12043 11884
f 11884 12190 11789
f 11952 11855 11774
f 11952 12001 11855
f 11791 12001 11954
f 11780 11791 11954
f 12189 11829 11792
f 11792 11948 12189
f 11948 11780 11885
f 12188 11829 11953
f 11887 11829 12188
f 11953 11829 12189
f 11971 11832 11887
f 11886 11856 11832
f 11833 11856 11886
f 12187 11804 11833
f 11967 11804 11966
f 11805 11804 11967
f 11947 11774 11789
f 11943 11944 11883
f 11954 12001 12010
f 12010 11780 11954
f 11885 11780 12010
f 12189 11948 11885
f 11774 11947 11952
f 11971 11887 11970
f 11966 11804 11972
f 12188 11970 11887
f 12187 11833 11886
f 11967 11966 11972
f 11834 11805 12185
f 11805 12186 12185
f 11967 12186 11805
f 12187 11972 11804
f 11777 11882 11943
f 11839 12067 11838
f 11906 11811 11890
f 11973 11888 11834
f 12184 11888 12048
f 12183 11898 11897
f 11896 11830 11968
f 11974 11889 11899
f 11900 11889 12181
f 11973 12048 11888
f 11898 12183 11968
f 12184 11897 11888
f 11830 12182 11899
f 12181 12049 11900
f 11901 11902 11908
f 11891 11902 11975
f 11969 11806 11909
f 11909 12059 11969
f 12059 11909 12177
f 11892 11835 12176
f 11909 11891 12178
f 11903 11910 11892
f 11911 11910 11977
f 12049 12180 11908
f 12174 11906 11890
f 12173 11811 11906
f 12173 12065 11811
f 12181 11889 11974
f 11899 12182 11974
f 12179 11901 11908
f 11975 11902 11901
f 12179 11908 12180
f 12177 11909 12178
f 12176 11835 11806
f 11911 11977 11831
f 12174 11890 11907
f 11907 11890 11831
f 11903 11904 11910
f 11903 11892 12175
f 11977 11910 11904
f 12176 12175 11892
f 11977 11980 11831
f 11831 11980 11907
f 12173 11906 11905
f 11982 11811 12065
f 11837 11893 12171
f 11893 11836 12172
f 11912 11839 11838
f 12170 12067 11839
f 12170 11807 12067
f 11981 11915 11807
f 11982 11993 11836
f 11993 12172 11836
f 11811 11982 11836
f 12172 11991 11893
f 11979 11838 11837
f 12171 11893 11991
f 11839 11912 11914
f 11914 11913 11839
f 11913 12170 11839
f 12169 11920 11915
f 12168 11921 11920
f 11895 11894 11919
f 12166 11922 11921
f 12165 11923 11922
f 11917 11924 11923
f 11918 11824 11924
f 12163 11919 11925
f 11984 11895 11919
f 11981 11916 11915
f 12167 12063 11921
f 12166 11921 12063
f 11837 12171 11979
f 11838 11979 11912
f 12169 11915 11916
f 11981 11807 12170
f 11922 12166 12165
f 11918 11924 11992
f 12164 11925 11824
f 11985 11894 11895
f 11917 11923 12165
f 11917 11992 11924
f 12164 11824 11918
f 11983 11984 11919
f 11739 11894 11985
f 11838 12087 12094
f 11752 12208 11933
f 11933 12208 11752
f 12207 11845 11844
f 11844 11845 11955
f 11849 11927 11846
f 11846 11928 11847
f 11927 11847 11928
f 12204 11960 11864
f 11960 11864 12203
f 11864 11960 12203
f 11877 11852 11929
f 11866 11869 11930
f 11852 12200 11787
f 11787 12200 11931
f 11929 11931 11877
f 11931 11852 11787
f 11852 11931 11929
f 11867 11866 11937
f 11930 11937 11866
f 11869 11937 11930
f 11857 11933 12209
f 11955 12208 11933
f 11844 11955 12207
f 11955 11958 12207
f 11958 11959 11926
f 11935 12020 12206
f 11928 11846 11927
f 11927 12016 11848
f 11957 11848 12016
f 11960 12204 11957
f 12021 12202 11841
f 11999 12201 11841
f 12203 11960 11841
f 11841 12202 11999
f 12021 11999 12202
f 11931 12200 11850
f 11932 11937 12199
f 11932 11842 11931
f 11871 11867 12002
f 11870 12198 11939
f 11875 11870 11878
f 12198 11949 11939
f 11949 11870 11939
f 11870 11949 11878
f 11872 11949 11873
f 11873 11949 11940
f 11873 11941 11872
f 11875 11878 11949
f 11875 11949 11872
f 11790 11942 12004
f 11871 11866 11867
f 11942 11790 12004
f 12194 11882 11943
f 11963 12192 11770
f 12192 12007 11853
f 11945 12191 11853
f 12190 12008 11789
f 11946 11952 11774
f 11947 11774 11952
f 11947 11789 12008
f 11948 12189 11885
f 11871 12002 11938
f 11938 12002 12198
f 12002 11949 12198
f 11940 12197 11874
f 11940 11874 11941
f 11941 11873 11940
f 12004 12196 12003
f 12003 12197 11940
f 11962 11943 11882
f 11770 11944 11963
f 11962 11963 11944
f 11963 12007 12192
f 11945 11853 12007
f 11945 12043 11951
f 11946 11774 11947
f 12009 11952 11946
f 11953 12189 11948
f 11948 11885 12010
f 11867 11937 12002
f 12021 11841 11960
f 11940 11949 12003
f 11953 11948 12010
f 11970 12188 11887
f 12188 11970 11887
f 11972 11966 11967
f 12186 11967 11989
f 12185 12011 11834
f 12011 11973 11834
f 12184 11990 11897
f 11988 11896 11968
f 11896 12054 11830
f 11908 11901 12179
f 12182 11830 12054
f 11974 12054 12055
f 12056 11901 11908
f 11901 12056 11902
f 11902 11975 11901
f 12179 12056 11908
f 12177 12051 12059
f 11953 11970 12188
f 11886 11832 11987
f 11987 11989 11972
f 11989 11967 11966
f 11989 12011 12186
f 12048 11973 12011
f 11990 12184 12048
f 11990 11968 12183
f 11988 11968 11990
f 12050 12180 12049
f 12056 12179 12053
f 11975 11902 12056
f 11891 11975 12056
f 12050 12053 12179
f 11969 12059 11806
f 12176 11806 12059
f 11907 11980 11831
f 11904 11910 11977
f 11903 11910 11904
f 11976 11904 11910
f 11904 12060 11910
f 11977 11910 12060
f 11980 11907 11831
f 12061 12174 11907
f 12061 11905 11906
f 11906 12173 11905
f 11905 12065 11906
f 12174 12061 11906
f 11839 12170 11913
f 11915 11916 11981
f 11912 11978 11913
f 11912 12062 11978
f 12062 11839 11913
f 11978 12062 11913
f 12062 12170 11839
f 11917 11924 11992
f 11981 12064 11915
f 12169 11916 11915
f 12064 11916 11915
f 11916 11994 11915
f 12169 11994 11920
f 12052 11976 11903
f 11910 11903 11976
f 12060 11904 11976
f 12060 12058 11980
f 11907 11980 12058
f 12173 11906 12065
f 12065 11905 12061
f 11921 12168 12100
f 11917 11992 11924
f 11925 12164 11995
f 11995 12163 11925
f 11919 12163 12068
f 11919 12068 11983
f 11983 12109 11919
f 11895 11984 12109
f 11919 11984 11983
f 12109 11739 11985
f 11907 12058 12061
f 12062 11912 11979
f 11994 12169 11915
f 11920 11994 12168
f 11921 12100 12167
f 11992 11995 11918
f 12068 12163 11995
f 12068 12109 11983
f 12109 11986 11739
f 11895 12109 11985
f 12109 11984 11919
f 12064 11994 11916
f 11955 11933 11956
f 11935 11959 11996
f 11927 12020 12016
f 11857 12111 11933
f 11955 11956 11756
f 11933 11753 11956
f 11955 12113 11958
f 11996 11959 11743
f 12114 12020 11935
f 12020 11746 12016
f 12012 11957 12016
f 11960 11957 12115
f 12021 11960 12116
f 11999 12021 12117
f 11747 11931 11850
f 12119 11932 11931
f 11949 12002 12003
f 11962 11882 12005
f 11882 12006 12005
f 11945 12007 11964
f 12043 11945 11964
f 12112 11781 11933
f 11933 11781 11753
f 11753 11997 11956
f 11935 12017 11744
f 11958 12018 11742
f 11959 12019 11743
f 11955 12022 11754
f 11955 11756 12022
f 11955 11754 12023
f 11955 12023 11740
f 11740 11782 11955
f 11782 12113 11955
f 12113 12018 11958
f 11956 11997 11756
f 11937 11932 12120
f 12120 12002 11937
f 12121 12004 12003
f 12027 11961 12004
f 12006 11961 12122
f 11748 11931 11787
f 11879 12003 12002
f 12122 11961 11776
f 12004 11766 12026
f 12002 12024 11788
f 11742 12019 11959
f 11784 11757 11996
f 11996 11743 11784
f 11996 11759 11998
f 11998 11935 11996
f 11758 11935 11998
f 11759 11996 12028
f 11996 11757 12028
f 12017 11935 11741
f 11935 11763 12013
f 11935 11758 11763
f 11754 12022 11756
f 11759 11758 11998
f 11740 12023 11754
f 12028 11757 11759
f 12113 11742 12018
f 12019 11742 11743
f 11744 12017 11741
f 11746 12020 12114
f 12012 12016 11746
f 12116 12117 12021
f 11753 11756 11997
f 12015 11999 12029
f 11999 12117 12029
f 12030 11749 12000
f 12000 11751 12030
f 12117 12015 12029
f 12030 11751 11749
f 11850 12118 12031
f 12031 11747 11850
f 11747 11787 11931
f 12119 11931 12032
f 11931 11748 12032
f 12120 11932 11843
f 11879 12002 11788
f 12003 12033 11880
f 12033 12003 11879
f 11880 12121 12003
f 11767 12004 12026
f 12004 11767 12034
f 11775 12004 12034
f 12032 11748 12119
f 11747 12031 12118
f 11766 11767 12026
f 12034 11767 11775
f 12123 12006 11881
f 11881 12006 12122
f 12008 12043 12035
f 12124 11962 12005
f 12128 12007 11963
f 12008 11965 12131
f 12008 12131 11946
f 11946 11773 12009
f 11772 11965 12008
f 11987 11832 12136
f 11987 12137 11989
f 12007 12128 12041
f 12130 12042 11964
f 11964 12042 11771
f 12041 12129 12007
f 11772 11789 11965
f 12042 12130 11771
f 12043 11771 12035
f 12129 12041 12128
f 11965 11789 12131
f 12131 11774 11946
f 12009 12044 12132
f 11773 12044 12009
f 11946 11774 11773
f 11773 12132 12044
f 12133 12010 12001
f 11791 12010 12133
f 11791 11780 12010
f 12010 12045 11792
f 11780 12045 12010
f 11792 12134 11953
f 11792 11953 12010
f 11829 11953 12134
f 11970 11795 12046
f 11795 11793 12046
f 11970 11793 12047
f 11970 12046 11793
f 12047 11803 11970
f 12047 11793 11803
f 11987 11833 12040
f 12056 12051 11891
f 12057 12051 12056
f 12054 12141 12055
f 12070 12055 12141
f 12055 12071 12049
f 11988 11990 12140
f 11797 11990 12048
f 12143 12056 12053
f 12057 12056 12143
f 11802 12051 12057
f 12145 12059 12051
f 12052 12149 11976
f 12060 11976 12149
f 12060 12072 12058
f 12061 12058 12151
f 12074 12065 12061
f 11797 12075 11990
f 12053 12142 11908
f 11801 12076 11988
f 11988 12076 11799
f 12075 12069 11990
f 12054 11899 12141
f 12070 11798 12078
f 12055 11798 12079
f 12055 12078 11798
f 12055 12079 12071
f 12054 12077 11899
f 12075 11797 12069
f 12076 11801 11799
f 11797 12048 12139
f 11798 12071 12079
f 12049 12071 11900
f 12142 12050 12049
f 11908 12143 12053
f 12057 12080 12144
f 12143 12080 12057
f 11802 12081 12051
f 12059 12082 11810
f 11809 12082 12059
f 12081 12145 12051
f 12147 12083 12052
f 12052 12083 12148
f 12081 11802 12145
f 12082 11809 11810
f 12144 12080 12143
f 12148 12083 12147
f 12061 12084 12074
f 12085 12074 12084
f 12085 12084 12061
f 12066 11991 12153
f 12086 12066 12154
f 11812 12062 12066
f 12099 12098 11994
f 11994 12098 12088
f 12157 12103 12063
f 11995 12160 12068
f 12162 11986 12109
f 12152 12090 12065
f 12090 12092 12065
f 11814 12093 11993
f 12093 11815 11993
f 11991 12091 11837
f 12156 12064 12155
f 12066 12096 11812
f 12062 11812 12097
f 12062 12097 12094
f 11812 12096 12086
f 11837 12153 11991
f 12087 12067 12062
f 12067 12095 12062
f 12093 11814 11815
f 12092 12090 12152
f 12097 11812 12094
f 12098 12099 12088
f 12063 12102 11816
f 11818 12102 12063
f 11992 12104 11827
f 11820 12105 11992
f 12104 11992 11823
f 11992 12105 11823
f 11992 11827 12106
f 11828 11992 12106
f 12158 11820 11992
f 12107 11992 11828
f 11992 11821 12159
f 11823 12105 11820
f 12102 11818 11816
f 12103 12157 12158
f 12101 12100 12088
f 11821 12107 11828
f 11827 11828 12106
f 11821 11992 12107
f 11823 11827 12104
f 12160 12108 12068
f 12068 12108 12161
f 12160 12161 12108
f 12109 12161 12162
f 12011 12139 12048
f 11857 12110 12111
f 11933 12111 12112
f 11958 11742 11959
f 11741 11935 12013
f 11935 11744 12114
f 11957 12012 12115
f 11765 11960 12115
f 11960 11765 12014
f 12116 11960 12014
f 11999 12015 12000
f 11751 12000 12015
f 12000 11749 12118
f 12000 12118 11850
f 12024 12002 12120
f 11766 12004 12121
f 12004 11775 12027
f 11961 12027 11776
f 12006 12123 12025
f 12006 12025 12005
f 12005 12025 12036
f 12124 12005 12036
f 12125 11962 12124
f 11962 12125 11963
f 12126 11963 12125
f 12127 11963 12126
f 12128 11963 12127
f 12007 12129 11964
f 11964 12129 12130
f 11964 11771 12043
f 11772 12008 12035
f 12009 12132 12001
f 11953 12037 11970
f 11795 11970 12037
f 11970 11803 12135
f 11970 12135 11832
f 11987 12136 11833
f 11987 12040 12137
f 11989 12137 12038
f 12138 11989 12038
f 11989 12138 12011
f 12011 12138 12039
f 12139 12011 12039
f 12140 11990 12069
f 11801 11988 12140
f 11988 11799 12077
f 11988 12077 12054
f 12055 12070 12078
f 12050 12142 12053
f 12057 12144 11802
f 12059 12145 12146
f 11809 12059 12146
f 12059 11810 12147
f 12059 12147 12052
f 12149 12052 12148
f 12060 12149 12072
f 12058 12072 12150
f 12151 12058 12150
f 12073 12061 12151
f 12061 12073 12085
f 12074 12152 12065
f 12065 12092 11993
f 11814 11993 12092
f 11993 11815 12091
f 11993 12091 11991
f 12066 12153 12154
f 12066 12086 12096
f 12062 12094 12087
f 12155 12062 12095
f 12062 12155 12064
f 12064 12156 11994
f 12099 11994 12156
f 11994 12088 12100
f 12100 12101 12063
f 11818 12063 12101
f 12063 11816 12157
f 12103 12158 11992
f 11992 12159 12089
f 11992 12089 11995
f 11995 12089 12160
f 12068 12161 12109
f 11918 11995 12164
f 11992 11917 12103
f 12103 11917 12165
f 12103 12165 12063
f 12063 12165 12166
f 12063 12167 12100
f 12100 12168 11994
f 12064 11981 12170
f 12064 12170 12062
f 12062 11979 12066
f 12066 11979 12171
f 12066 12171 11991
f 11991 12172 11993
f 11993 11982 12065
f 12060 11980 11977
f 12052 11903 12175
f 12052 12175 12176
f 12052 12176 12059
f 12178 12051 12177
f 12051 12178 11891
f 12050 12179 12180
f 12049 12181 12055
f 11974 12055 12181
f 12054 11974 12182
f 12054 11896 11988
f 11990 12183 11897
f 12186 12011 12185
f 11966 11972 11989
f 12187 11987 11972
f 11886 11987 12187
f 11832 11971 11970
f 12001 11952 12009
f 11946 11947 12008
f 12008 12190 12043
f 11944 12193 11962
f 11943 11962 12193
f 11882 12194 12006
f 11950 12006 12194
f 12006 11950 12195
f 12006 12195 11961
f 11961 11942 12004
f 11850 11936 12000
f 12000 12201 11999
f 11957 12204 11848
f 11927 11849 12020
f 12020 11849 12205
f 12206 12020 12205
f 11935 11934 11959
f 12211 12210 12212
f 12213 12214 12243
f 12210 12243 12212
f 12215 12212 12243
f 12216 12213 12243
f 12217 12218 12243
f 12219 12217 12243
f 12220 12215 12243
f 12221 12220 12243
f 12222 12223 12243
f 12224 12222 12243
f 12243 12225 12221
f 12226 12243 12223
f 12243 12226 12225
f 12218 12224 12243
f 12214 12219 12243
f 12228 12229 12243
f 12230 12231 12243
f 12229 12230 12243
f 12232 12233 12243
f 12228 12243 12233
f 12232 12243 12234
f 12235 12236 12243
f 12237 12238 12243
f 12238 12216 12243
f 12236 12237 12243
f 12239 12243 12240
f 12240 12243 12241
f 12234 12243 12239
f 12231 12235 12243
f 12242 12243 12210
f 12241 12243 12242
f 12233 12232 12244
f 12228 12233 12245
f 12234 12239 12246
f 12240 12241 12247
f 12239 12240 12248
f 12232 12234 12249
f 12244 12245 12233
f 12250 12228 12245
f 12246 12249 12234
f 12247 12248 12240
f 12251 12247 12241
f 12246 12239 12248
f 12244 12232 12249
f 12241 12242 12251
f 12223 12252 12253
f 12242 12210 12254
f 12211 12212 12255
f 12210 12211 12254
f 12215 12220 12256
f 12221 12225 12257
f 12220 12221 12258
f 12212 12215 12259
f 12254 12211 12255
f 12259 12215 12256
f 12212 12259 12255
f 12221 12257 12258
f 12258 12256 12220
f 12257 12225 12260
f 12253 12260 12226
f 12226 12223 12253
f 12260 12225 12226
f 12242 12254 12251
f 12245 12244 12227
f 12250 12245 12227
f 12244 12249 12227
f 12227 12249 12246
f 12262 12247 12251
f 12248 12247 12262
f 12246 12248 12262
f 12227 12246 12262
f 12255 12259 12262
f 12254 12255 12262
f 12260 12261 12257
f 12258 12261 12256
f 12257 12261 12258
f 12260 12253 12261
f 12262 12259 12256
f 12262 12256 12261
f 12253 12252 12261
f 12254 12262 12251
f 12262 12261 12227
f 12252 12263 12261
f 12261 12263 12264
f 12265 12266 12227
f 12227 12266 12267
f 12265 12261 12268
f 12261 12264 12268
f 12267 12269 12227
f 12227 12269 12270
f 12261 12265 12227
f 12272 12227 12271
f 12227 12272 12273
f 12227 12270 12271
f 12227 12274 12275
f 12276 12274 12227
f 12250 12227 12275
f 12277 12276 12227
f 12227 12273 12277
f 12223 12222 12252
f 12224 12218 12264
f 12222 12224 12263
f 12217 12219 12265
f 12214 12213 12267
f 12219 12214 12266
f 12218 12217 12268
f 12252 12222 12263
f 12264 12218 12268
f 12224 12264 12263
f 12219 12266 12265
f 12265 12268 12217
f 12266 12214 12267
f 12267 12213 12269
f 12216 12270 12269
f 12213 12216 12269
f 12238 12237 12272
f 12236 12235 12277
f 12237 12236 12273
f 12231 12230 12274
f 12229 12228 12250
f 12230 12229 12275
f 12235 12231 12276
f 12270 12216 12271
f 12273 12272 12237
f 12271 12238 12272
f 12276 12277 12235
f 12275 12274 12230
f 12250 12275 12229
f 12276 12231 12274
f 12273 12236 12277
f 12271 12216 12238
f 12279 12278 12280
f 12281 12282 12312
f 12278 12312 12280
f 12283 12280 12312
f 12284 12281 12312
f 12285 12286 12312
f 12287 12285 12312
f 12288 12283 12312
f 12289 12288 12312
f 12290 12291 12312
f 12292 12290 12312
f 12312 12293 12289
f 12294 12312 12291
f 12312 12294 12293
f 12286 12292 12312
f 12282 12287 12312
f 12295 12296 12331
f 12297 12298 12312
f 12299 12300 12312
f 12298 12299 12312
f 12301 12302 12312
f 12297 12312 12302
f 12301 12312 12303
f 12304 12305 12312
f 12306 12307 12312
f 12307 12284 12312
f 12305 12306 12312
f 12308 12312 12309
f 12309 12312 12310
f 12303 12312 12308
f 12300 12304 12312
f 12311 12312 12278
f 12310 12312 12311
f 12302 12301 12313
f 12297 12302 12314
f 12303 12308 12315
f 12309 12310 12316
f 12308 12309 12317
f 12301 12303 12318
f 12313 12314 12302
f 12319 12297 12314
f 12315 12318 12303
f 12316 12317 12309
f 12320 12316 12310
f 12315 12308 12317
f 12313 12301 12318
f 12310 12311 12320
f 12291 12321 12322
f 12311 12278 12323
f 12279 12280 12324
f 12278 12279 12323
f 12283 12288 12325
f 12289 12293 12326
f 12288 12289 12327
f 12280 12283 12328
f 12323 12279 12324
f 12328 12283 12325
f 12280 12328 12324
f 12289 12326 12327
f 12327 12325 12288
f 12326 12293 12329
f 12322 12329 12294
f 12294 12291 12322
f 12329 12293 12294
f 12311 12323 12320
f 12314 12313 12330
f 12319 12314 12330
f 12313 12318 12330
f 12330 12318 12315
f 12332 12316 12320
f 12317 12316 12332
f 12315 12317 12332
f 12330 12315 12332
f 12324 12328 12332
f 12323 12324 12332
f 12329 12331 12326
f 12327 12331 12325
f 12326 12331 12327
f 12329 12322 12331
f 12332 12328 12325
f 12332 12325 12331
f 12322 12321 12331
f 12323 12332 12320
f 12296 12330 12332
f 12331 12296 12332
f 12333 12296 12295
f 12333 12330 12296
f 12321 12334 12295
f 12321 12295 12331
f 12295 12334 12335
f 12336 12337 12333
f 12333 12337 12338
f 12336 12295 12339
f 12295 12335 12339
f 12338 12340 12333
f 12333 12340 12341
f 12295 12336 12333
f 12333 12341 12342
f 12333 12342 12343
f 12330 12344 12345
f 12346 12347 12330
f 12348 12330 12347
f 12346 12330 12345
f 12344 12333 12343
f 12330 12348 12319
f 12333 12344 12330
f 12291 12290 12321
f 12292 12286 12335
f 12290 12292 12334
f 12285 12287 12336
f 12282 12281 12338
f 12287 12282 12337
f 12286 12285 12339
f 12321 12290 12334
f 12335 12286 12339
f 12292 12335 12334
f 12287 12337 12336
f 12336 12339 12285
f 12337 12282 12338
f 12338 12281 12340
f 12284 12341 12340
f 12281 12284 12340
f 12307 12306 12343
f 12305 12304 12345
f 12306 12305 12344
f 12300 12299 12347
f 12298 12297 12319
f 12299 12298 12348
f 12304 12300 12346
f 12341 12284 12342
f 12344 12343 12306
f 12342 12307 12343
f 12346 12345 12304
f 12348 12347 12299
f 12319 12348 12298
f 12346 12300 12347
f 12344 12305 12345
f 12342 12284 12307
f 12350 12351 12352
f 12353 12354 12384
f 12355 12356 12424
f 12357 12358 12424
f 12356 12357 12424
f 12354 12355 12424
f 12359 12424 12360
f 12361 12424 12362
f 12360 12424 12361
f 12350 12363 12364
f 12365 12424 12366
f 12367 12424 12368
f 12366 12424 12367
f 12362 12424 12365
f 12369 12370 12424
f 12371 12372 12424
f 12373 12371 12424
f 12370 12373 12424
f 12374 12375 12424
f 12376 12350 12424
f 12375 12376 12424
f 12372 12374 12424
f 12377 12424 12378
f 12378 12424 12379
f 12380 12381 12424
f 12382 12363 12350
f 12364 12351 12350
f 12380 12424 12383
f 12379 12424 12381
f 12368 12424 12377
f 12358 12369 12424
f 12384 12354 12424
f 12385 12383 12424
f 12350 12352 12386
f 12386 12424 12350
f 12424 12386 12385
f 12350 12387 12382
f 12465 12388 12461
f 12389 12390 12424
f 12391 12392 12424
f 12390 12391 12424
f 12393 12394 12424
f 12394 12395 12424
f 12396 12397 12424
f 12395 12396 12424
f 12392 12393 12424
f 12398 12389 12424
f 12399 12400 12424
f 12398 12424 12400
f 12401 12402 12424
f 12401 12424 12403
f 12404 12405 12424
f 12403 12424 12405
f 12399 12424 12402
f 12406 12389 12407
f 12408 12409 12424
f 12410 12411 12424
f 12409 12410 12424
f 12412 12413 12424
f 12414 12349 12384
f 12413 12414 12424
f 12411 12412 12424
f 12415 12416 12424
f 12417 12424 12418
f 12415 12424 12417
f 12419 12424 12420
f 12398 12421 12389
f 12418 12424 12419
f 12404 12424 12416
f 12397 12408 12424
f 12422 12424 12359
f 12422 12420 12424
f 12421 12423 12389
f 12424 12414 12384
f 12407 12389 12423
f 12425 12389 12406
f 12426 12389 12425
f 12360 12361 12427
f 12359 12360 12428
f 12362 12365 12429
f 12366 12367 12430
f 12365 12366 12431
f 12361 12362 12432
f 12368 12377 12433
f 12378 12379 12434
f 12377 12378 12435
f 12381 12380 12436
f 12383 12385 12437
f 12380 12383 12438
f 12379 12381 12439
f 12367 12368 12440
f 12428 12360 12427
f 12359 12428 12441
f 12432 12362 12429
f 12431 12366 12430
f 12365 12431 12429
f 12361 12432 12427
f 12440 12368 12433
f 12378 12434 12435
f 12435 12433 12377
f 12430 12367 12440
f 12434 12379 12439
f 12436 12380 12438
f 12438 12383 12437
f 12381 12436 12439
f 12442 12437 12385
f 12385 12386 12442
f 12349 12443 12444
f 12350 12376 12445
f 12375 12374 12446
f 12376 12375 12447
f 12372 12371 12448
f 12373 12370 12449
f 12371 12373 12450
f 12374 12372 12451
f 12369 12358 12452
f 12357 12356 12453
f 12358 12357 12454
f 12355 12354 12455
f 12353 12384 12444
f 12354 12353 12456
f 12356 12355 12457
f 12370 12369 12458
f 12442 12386 12459
f 12447 12445 12376
f 12459 12350 12445
f 12451 12446 12374
f 12450 12448 12371
f 12451 12372 12448
f 12447 12375 12446
f 12458 12449 12370
f 12454 12452 12358
f 12458 12369 12452
f 12457 12453 12356
f 12456 12455 12354
f 12444 12456 12353
f 12457 12355 12455
f 12454 12357 12453
f 12450 12373 12449
f 12384 12349 12444
f 12459 12386 12350
f 12460 12432 12429
f 12427 12465 12428
f 12428 12465 12441
f 12460 12431 12430
f 12432 12465 12427
f 12460 12429 12431
f 12433 12460 12440
f 12460 12433 12435
f 12434 12439 12460
f 12436 12460 12439
f 12434 12460 12435
f 12437 12388 12438
f 12430 12440 12460
f 12436 12438 12388
f 12465 12432 12460
f 12460 12436 12388
f 12437 12442 12388
f 12388 12442 12459
f 12388 12445 12447
f 12445 12388 12459
f 12388 12446 12451
f 12388 12451 12448
f 12450 12388 12448
f 12446 12388 12447
f 12388 12449 12458
f 12461 12458 12452
f 12455 12461 12457
f 12454 12461 12452
f 12444 12461 12456
f 12450 12449 12388
f 12461 12455 12456
f 12388 12458 12461
f 12461 12453 12457
f 12454 12453 12461
f 12444 12443 12461
f 12388 12465 12460
f 12461 12462 12465
f 12463 12465 12462
f 12461 12443 12462
f 12462 12464 12463
f 12443 12466 12462
f 12467 12462 12468
f 12468 12462 12469
f 12470 12462 12471
f 12472 12471 12462
f 12466 12469 12462
f 12464 12473 12474
f 12464 12475 12473
f 12464 12476 12477
f 12477 12478 12464
f 12479 12476 12464
f 12470 12479 12464
f 12478 12475 12464
f 12480 12472 12462
f 12480 12462 12467
f 12470 12464 12462
f 12474 12481 12464
f 12482 12463 12483
f 12484 12463 12485
f 12485 12463 12486
f 12487 12463 12488
f 12489 12488 12463
f 12489 12463 12484
f 12463 12482 12486
f 12490 12491 12465
f 12492 12493 12465
f 12465 12494 12495
f 12496 12465 12495
f 12465 12491 12494
f 12441 12465 12496
f 12492 12465 12487
f 12493 12490 12465
f 12483 12463 12464
f 12487 12465 12463
f 12483 12464 12481
f 12349 12414 12466
f 12413 12412 12468
f 12414 12413 12469
f 12411 12410 12480
f 12409 12408 12471
f 12410 12409 12472
f 12412 12411 12467
f 12397 12396 12479
f 12395 12394 12477
f 12396 12395 12476
f 12393 12392 12475
f 12391 12390 12474
f 12392 12391 12473
f 12394 12393 12478
f 12408 12397 12470
f 12443 12349 12466
f 12469 12413 12468
f 12414 12469 12466
f 12467 12411 12480
f 12472 12409 12471
f 12410 12472 12480
f 12412 12467 12468
f 12470 12397 12479
f 12395 12477 12476
f 12476 12479 12396
f 12471 12408 12470
f 12477 12394 12478
f 12475 12392 12473
f 12473 12391 12474
f 12393 12475 12478
f 12481 12474 12390
f 12390 12389 12481
f 12398 12400 12482
f 12399 12402 12485
f 12400 12399 12486
f 12401 12403 12489
f 12405 12404 12487
f 12403 12405 12488
f 12402 12401 12484
f 12416 12415 12493
f 12417 12418 12491
f 12415 12417 12490
f 12419 12420 12495
f 12422 12359 12441
f 12420 12422 12496
f 12418 12419 12494
f 12404 12416 12492
f 12481 12389 12483
f 12486 12482 12400
f 12483 12398 12482
f 12484 12485 12402
f 12488 12489 12403
f 12484 12401 12489
f 12486 12399 12485
f 12492 12487 12404
f 12490 12493 12415
f 12492 12416 12493
f 12494 12491 12418
f 12496 12495 12420
f 12441 12496 12422
f 12494 12419 12495
f 12490 12417 12491
f 12488 12405 12487
f 12483 12389 12398
f 12498 12499 12500
f 12501 12502 12532
f 12503 12504 12572
f 12505 12506 12572
f 12504 12505 12572
f 12502 12503 12572
f 12507 12572 12508
f 12509 12572 12510
f 12508 12572 12509
f 12498 12511 12512
f 12513 12572 12514
f 12515 12572 12516
f 12514 12572 12515
f 12510 12572 12513
f 12517 12518 12572
f 12519 12520 12572
f 12521 12519 12572
f 12518 12521 12572
f 12522 12523 12572
f 12524 12498 12572
f 12523 12524 12572
f 12520 12522 12572
f 12525 12572 12526
f 12526 12572 12527
f 12528 12529 12572
f 12530 12511 12498
f 12512 12499 12498
f 12528 12572 12531
f 12527 12572 12529
f 12516 12572 12525
f 12506 12517 12572
f 12532 12502 12572
f 12533 12531 12572
f 12498 12500 12534
f 12534 12572 12498
f 12572 12534 12533
f 12498 12535 12530
f 12537 12538 12572
f 12539 12540 12572
f 12538 12539 12572
f 12541 12542 12572
f 12542 12543 12572
f 12544 12545 12572
f 12543 12544 12572
f 12540 12541 12572
f 12546 12537 12572
f 12547 12548 12572
f 12546 12572 12548
f 12549 12550 12572
f 12549 12572 12551
f 12552 12553 12572
f 12551 12572 12553
f 12547 12572 12550
f 12554 12537 12555
f 12556 12557 12572
f 12558 12559 12572
f 12557 12558 12572
f 12560 12561 12572
f 12562 12497 12532
f 12561 12562 12572
f 12559 12560 12572
f 12563 12564 12572
f 12565 12572 12566
f 12563 12572 12565
f 12567 12572 12568
f 12546 12569 12537
f 12566 12572 12567
f 12552 12572 12564
f 12545 12556 12572
f 12570 12572 12507
f 12570 12568 12572
f 12569 12571 12537
f 12572 12562 12532
f 12555 12537 12571
f 12573 12537 12554
f 12574 12537 12573
f 12508 12509 12575
f 12507 12508 12576
f 12510 12513 12577
f 12514 12515 12578
f 12513 12514 12579
f 12509 12510 12580
f 12516 12525 12581
f 12526 12527 12582
f 12525 12526 12583
f 12529 12528 12584
f 12531 12533 12585
f 12528 12531 12586
f 12527 12529 12587
f 12515 12516 12588
f 12576 12508 12575
f 12507 12576 12589
f 12580 12510 12577
f 12579 12514 12578
f 12513 12579 12577
f 12509 12580 12575
f 12588 12516 12581
f 12526 12582 12583
f 12583 12581 12525
f 12578 12515 12588
f 12582 12527 12587
f 12584 12528 12586
f 12586 12531 12585
f 12529 12584 12587
f 12590 12585 12533
f 12533 12534 12590
f 12497 12591 12592
f 12498 12524 12593
f 12523 12522 12594
f 12524 12523 12595
f 12520 12519 12596
f 12521 12518 12597
f 12519 12521 12598
f 12522 12520 12599
f 12517 12506 12600
f 12505 12504 12601
f 12506 12505 12602
f 12503 12502 12603
f 12501 12532 12592
f 12502 12501 12604
f 12504 12503 12605
f 12518 12517 12606
f 12590 12534 12607
f 12595 12593 12524
f 12607 12498 12593
f 12599 12594 12522
f 12598 12596 12519
f 12599 12520 12596
f 12595 12523 12594
f 12606 12597 12518
f 12602 12600 12506
f 12606 12517 12600
f 12605 12601 12504
f 12604 12603 12502
f 12592 12604 12501
f 12605 12503 12603
f 12602 12505 12601
f 12598 12521 12597
f 12532 12497 12592
f 12607 12534 12498
f 12608 12580 12577
f 12575 12611 12576
f 12576 12611 12589
f 12608 12579 12578
f 12580 12611 12575
f 12608 12577 12579
f 12581 12608 12588
f 12608 12581 12583
f 12582 12587 12608
f 12584 12608 12587
f 12582 12608 12583
f 12585 12536 12586
f 12578 12588 12608
f 12584 12586 12536
f 12611 12580 12608
f 12608 12584 12536
f 12585 12590 12536
f 12536 12590 12607
f 12536 12593 12595
f 12593 12536 12607
f 12536 12594 12599
f 12536 12599 12596
f 12598 12536 12596
f 12594 12536 12595
f 12536 12597 12606
f 12609 12606 12600
f 12603 12609 12605
f 12602 12609 12600
f 12592 12609 12604
f 12598 12597 12536
f 12609 12603 12604
f 12536 12606 12609
f 12609 12601 12605
f 12602 12601 12609
f 12592 12591 12609
f 12536 12611 12608
f 12609 12610 12536
f 12536 12610 12612
f 12612 12611 12536
f 12610 12609 12591
f 12612 12613 12611
f 12591 12614 12610
f 12615 12610 12616
f 12616 12610 12617
f 12618 12610 12619
f 12620 12619 12610
f 12614 12617 12610
f 12612 12621 12622
f 12612 12623 12621
f 12610 12624 12625
f 12625 12626 12612
f 12627 12624 12610
f 12618 12627 12610
f 12626 12623 12612
f 12628 12620 12610
f 12628 12610 12615
f 12610 12625 12612
f 12622 12629 12612
f 12630 12612 12631
f 12632 12613 12633
f 12633 12613 12634
f 12635 12613 12636
f 12637 12636 12613
f 12637 12613 12632
f 12612 12630 12634
f 12638 12639 12613
f 12640 12641 12613
f 12611 12642 12643
f 12644 12611 12643
f 12613 12639 12642
f 12589 12611 12644
f 12640 12613 12635
f 12641 12638 12613
f 12634 12613 12612
f 12613 12642 12611
f 12631 12612 12629
f 12497 12562 12614
f 12561 12560 12616
f 12562 12561 12617
f 12559 12558 12628
f 12557 12556 12619
f 12558 12557 12620
f 12560 12559 12615
f 12545 12544 12627
f 12543 12542 12625
f 12544 12543 12624
f 12541 12540 12623
f 12539 12538 12622
f 12540 12539 12621
f 12542 12541 12626
f 12556 12545 12618
f 12591 12497 12614
f 12617 12561 12616
f 12562 12617 12614
f 12615 12559 12628
f 12620 12557 12619
f 12558 12620 12628
f 12560 12615 12616
f 12618 12545 12627
f 12543 12625 12624
f 12624 12627 12544
f 12619 12556 12618
f 12625 12542 12626
f 12623 12540 12621
f 12621 12539 12622
f 12541 12623 12626
f 12629 12622 12538
f 12538 12537 12629
f 12546 12548 12630
f 12547 12550 12633
f 12548 12547 12634
f 12549 12551 12637
f 12553 12552 12635
f 12551 12553 12636
f 12550 12549 12632
f 12564 12563 12641
f 12565 12566 12639
f 12563 12565 12638
f 12567 12568 12643
f 12570 12507 12589
f 12568 12570 12644
f 12566 12567 12642
f 12552 12564 12640
f 12629 12537 12631
f 12634 12630 12548
f 12631 12546 12630
f 12632 12633 12550
f 12636 12637 12551
f 12632 12549 12637
f 12634 12547 12633
f 12640 12635 12552
f 12638 12641 12563
f 12640 12564 12641
f 12642 12639 12566
f 12644 12643 12568
f 12589 12644 12570
f 12642 12567 12643
f 12638 12565 12639
f 12636 12553 12635
f 12631 12537 12546
f 12645 12666 12789
f 12645 12789 12648
f 12647 12648 12789
f 12650 12666 12645
f 12666 12652 12653
f 12651 12652 12666
f 12654 12651 12666
f 12646 12654 12666
f 12666 12650 12646
f 12656 12789 12657
f 12658 12660 12657
f 12655 12661 12789
f 12647 12789 12649
f 12661 12649 12789
f 12660 12659 12657
f 12662 12656 12657
f 12659 12662 12657
f 12655 12789 12656
f 12653 12663 12666
f 12664 12665 12666
f 12663 12664 12666
f 12672 12666 12669
f 12670 12672 12667
f 12670 12668 12672
f 12667 12672 12669
f 12666 12665 12669
f 12671 12679 12672
f 12673 12674 12679
f 12671 12673 12679
f 12675 12676 12679
f 12677 12678 12708
f 12676 12677 12708
f 12674 12675 12679
f 12708 12679 12676
f 12680 12708 12678
f 12671 12672 12668
f 12657 12682 12681
f 12657 12681 12658
f 12684 12683 12657
f 12686 12682 12657
f 12687 12683 12684
f 12686 12657 12683
f 12688 12685 12684
f 12684 12689 12690
f 12688 12684 12690
f 12687 12684 12685
f 12691 12692 12684
f 12684 12693 12691
f 12698 12693 12684
f 12689 12684 12692
f 12693 12698 12694
f 12695 12694 12698
f 12696 12697 12698
f 12695 12698 12697
f 12696 12698 12699
f 12700 12701 12708
f 12702 12703 12708
f 12700 12708 12703
f 12716 12704 12705
f 12706 12704 12716
f 12701 12706 12716
f 12708 12707 12702
f 12707 12708 12680
f 12701 12716 12708
f 12705 12709 12716
f 12710 12711 12698
f 12698 12712 12713
f 12710 12698 12713
f 12711 12699 12698
f 12714 12715 12716
f 12716 12709 12714
f 12715 12712 12716
f 12712 12698 12716
f 12727 12719 12724
f 12719 12727 12726
f 12724 12719 12729
f 12720 12731 12730
f 12730 12719 12720
f 12719 12730 12732
f 12719 12732 12725
f 12725 12729 12719
f 12719 12734 12718
f 12718 12737 12736
f 12718 12734 12738
f 12728 12719 12726
f 12719 12728 12734
f 12718 12739 12737
f 12718 12733 12735
f 12718 12735 12739
f 12733 12718 12738
f 12731 12720 12741
f 12741 12720 12740
f 12720 12742 12740
f 12720 12743 12742
f 12744 12743 12720
f 12745 12749 12720
f 12744 12720 12749
f 12747 12720 12746
f 12746 12720 12748
f 12750 12751 12752
f 12750 12753 12754
f 12750 12754 12751
f 12720 12752 12748
f 12752 12720 12750
f 12750 12755 12756
f 12750 12756 12753
f 12745 12720 12747
f 12718 12757 12758
f 12759 12718 12758
f 12736 12757 12718
f 12759 12721 12718
f 12721 12759 12760
f 12721 12762 12761
f 12762 12721 12760
f 12763 12764 12721
f 12765 12766 12721
f 12721 12764 12765
f 12763 12721 12761
f 12767 12768 12721
f 12721 12766 12767
f 12769 12721 12768
f 12723 12770 12771
f 12770 12723 12769
f 12772 12723 12773
f 12723 12771 12773
f 12769 12723 12721
f 12722 12774 12775
f 12722 12776 12777
f 12776 12722 12775
f 12778 12779 12722
f 12722 12779 12780
f 12722 12780 12774
f 12750 12722 12777
f 12777 12781 12750
f 12755 12750 12781
f 12722 12782 12778
f 12723 12783 12784
f 12785 12786 12722
f 12785 12723 12784
f 12723 12772 12783
f 12722 12787 12788
f 12722 12788 12782
f 12722 12786 12787
f 12722 12723 12785
f 12750 12723 12722
f 12723 12718 12721
f 12750 12717 12723
f 12718 12723 12717
f 12708 12716 12717
f 12716 12698 12717
f 12698 12684 12717
f 12684 12657 12717
f 12737 12660 12658
f 12735 12662 12659
f 12739 12659 12660
f 12738 12655 12656
f 12728 12649 12661
f 12734 12661 12655
f 12733 12656 12662
f 12727 12648 12647
f 12729 12650 12645
f 12724 12645 12648
f 12732 12654 12646
f 12730 12652 12651
f 12730 12651 12654
f 12725 12646 12650
f 12726 12647 12649
f 12737 12658 12736
f 12735 12659 12739
f 12737 12739 12660
f 12738 12656 12733
f 12728 12661 12734
f 12738 12734 12655
f 12735 12733 12662
f 12727 12647 12726
f 12724 12729 12645
f 12648 12727 12724
f 12726 12649 12728
f 12725 12650 12729
f 12730 12654 12732
f 12731 12652 12730
f 12725 12732 12646
f 12731 12741 12653
f 12653 12652 12731
f 12740 12664 12663
f 12743 12669 12665
f 12742 12665 12664
f 12749 12670 12667
f 12747 12671 12668
f 12745 12668 12670
f 12744 12667 12669
f 12748 12674 12673
f 12751 12676 12675
f 12752 12675 12674
f 12753 12678 12677
f 12755 12707 12680
f 12756 12680 12678
f 12754 12677 12676
f 12746 12673 12671
f 12663 12741 12740
f 12665 12742 12743
f 12742 12664 12740
f 12667 12744 12749
f 12668 12745 12747
f 12745 12670 12749
f 12744 12669 12743
f 12673 12746 12748
f 12675 12752 12751
f 12752 12674 12748
f 12677 12754 12753
f 12680 12756 12755
f 12707 12755 12781
f 12756 12678 12753
f 12754 12676 12751
f 12746 12671 12747
f 12653 12741 12663
f 12777 12703 12702
f 12781 12702 12707
f 12775 12701 12700
f 12780 12704 12706
f 12774 12706 12701
f 12776 12700 12703
f 12778 12709 12705
f 12788 12715 12714
f 12782 12714 12709
f 12786 12713 12712
f 12784 12711 12710
f 12785 12710 12713
f 12787 12712 12715
f 12779 12705 12704
f 12776 12703 12777
f 12781 12777 12702
f 12774 12701 12775
f 12779 12704 12780
f 12774 12780 12706
f 12776 12775 12700
f 12782 12709 12778
f 12788 12787 12715
f 12714 12782 12788
f 12778 12705 12779
f 12786 12712 12787
f 12784 12710 12785
f 12783 12711 12784
f 12786 12785 12713
f 12783 12772 12699
f 12699 12711 12783
f 12681 12736 12658
f 12771 12697 12696
f 12769 12694 12695
f 12770 12695 12697
f 12767 12691 12693
f 12765 12689 12692
f 12766 12692 12691
f 12768 12693 12694
f 12763 12688 12690
f 12762 12687 12685
f 12761 12685 12688
f 12759 12686 12683
f 12757 12681 12682
f 12758 12682 12686
f 12760 12683 12687
f 12764 12690 12689
f 12696 12772 12773
f 12697 12771 12770
f 12771 12696 12773
f 12694 12769 12768
f 12691 12767 12766
f 12767 12693 12768
f 12769 12695 12770
f 12689 12765 12764
f 12688 12763 12761
f 12763 12690 12764
f 12687 12762 12760
f 12686 12759 12758
f 12682 12758 12757
f 12759 12683 12760
f 12762 12685 12761
f 12765 12692 12766
f 12757 12736 12681
f 12699 12772 12696
f 12789 12666 12717
f 12657 12789 12717
f 12666 12672 12717
f 12679 12708 12717
f 12672 12679 12717
f 12717 12719 12718
f 12719 12717 12720
f 12750 12720 12717
f 12790 12811 12934
f 12790 12934 12793
f 12792 12793 12934
f 12794 12811 12790
f 12811 12796 12797
f 12795 12796 12811
f 12798 12795 12811
f 12791 12798 12811
f 12811 12794 12791
f 12800 12934 12801
f 12802 12804 12801
f 12799 12805 12934
f 12792 12934 12806
f 12806 12934 12805
f 12804 12803 12801
f 12807 12800 12801
f 12803 12807 12801
f 12799 12934 12800
f 12797 12808 12811
f 12809 12810 12811
f 12808 12809 12811
f 12817 12811 12814
f 12815 12817 12812
f 12815 12813 12817
f 12812 12817 12814
f 12811 12810 12814
f 12816 12824 12817
f 12818 12819 12824
f 12816 12818 12824
f 12820 12821 12824
f 12822 12823 12932
f 12821 12822 12932
f 12819 12820 12824
f 12932 12824 12821
f 12825 12932 12823
f 12816 12817 12813
f 12801 12827 12826
f 12801 12826 12802
f 12829 12828 12801
f 12831 12827 12801
f 12832 12828 12829
f 12831 12801 12828
f 12833 12830 12829
f 12829 12834 12835
f 12833 12829 12835
f 12832 12829 12830
f 12836 12837 12829
f 12829 12838 12836
f 12843 12838 12829
f 12834 12829 12837
f 12838 12843 12839
f 12840 12839 12843
f 12841 12842 12843
f 12840 12843 12842
f 12841 12843 12844
f 12845 12846 12932
f 12847 12848 12932
f 12845 12932 12848
f 12933 12849 12850
f 12851 12849 12933
f 12846 12851 12933
f 12932 12852 12847
f 12852 12932 12825
f 12846 12933 12932
f 12850 12853 12933
f 12854 12855 12843
f 12843 12856 12857
f 12854 12843 12857
f 12855 12844 12843
f 12858 12859 12933
f 12933 12853 12858
f 12859 12856 12933
f 12856 12843 12933
f 12868 12876 12865
f 12876 12868 12867
f 12865 12876 12870
f 12871 12873 12872
f 12872 12876 12871
f 12876 12872 12874
f 12876 12874 12866
f 12866 12870 12876
f 12876 12877 12861
f 12861 12880 12879
f 12861 12877 12881
f 12869 12876 12867
f 12876 12869 12877
f 12861 12882 12880
f 12861 12875 12878
f 12861 12878 12882
f 12875 12861 12881
f 12873 12871 12884
f 12884 12871 12883
f 12871 12885 12883
f 12871 12886 12885
f 12887 12886 12871
f 12888 12892 12871
f 12887 12871 12892
f 12890 12871 12889
f 12889 12871 12891
f 12862 12893 12894
f 12862 12895 12896
f 12862 12896 12893
f 12871 12894 12891
f 12894 12871 12862
f 12862 12897 12898
f 12862 12898 12895
f 12888 12871 12890
f 12861 12899 12900
f 12901 12861 12900
f 12879 12899 12861
f 12901 12911 12861
f 12911 12901 12902
f 12911 12904 12903
f 12904 12911 12902
f 12905 12906 12911
f 12907 12908 12911
f 12911 12906 12907
f 12905 12911 12903
f 12909 12910 12911
f 12911 12908 12909
f 12912 12911 12910
f 12864 12913 12914
f 12913 12864 12912
f 12915 12864 12916
f 12864 12914 12916
f 12912 12864 12911
f 12863 12917 12918
f 12863 12919 12920
f 12919 12863 12918
f 12921 12922 12863
f 12863 12922 12923
f 12863 12923 12917
f 12862 12863 12920
f 12920 12924 12862
f 12897 12862 12924
f 12863 12925 12921
f 12864 12926 12927
f 12928 12929 12863
f 12928 12864 12927
f 12864 12915 12926
f 12863 12930 12931
f 12863 12931 12925
f 12863 12929 12930
f 12863 12864 12928
f 12862 12860 12863
f 12863 12860 12864
f 12864 12860 12911
f 12861 12911 12860
f 12932 12933 12860
f 12843 12860 12933
f 12843 12829 12860
f 12829 12801 12860
f 12880 12804 12802
f 12878 12807 12803
f 12882 12803 12804
f 12881 12799 12800
f 12869 12806 12805
f 12877 12805 12799
f 12875 12800 12807
f 12868 12793 12792
f 12870 12794 12790
f 12865 12790 12793
f 12874 12798 12791
f 12872 12796 12795
f 12872 12795 12798
f 12866 12791 12794
f 12867 12792 12806
f 12880 12802 12879
f 12878 12803 12882
f 12880 12882 12804
f 12881 12800 12875
f 12869 12805 12877
f 12881 12877 12799
f 12878 12875 12807
f 12868 12792 12867
f 12865 12870 12790
f 12793 12868 12865
f 12867 12806 12869
f 12866 12794 12870
f 12872 12798 12874
f 12873 12796 12872
f 12866 12874 12791
f 12873 12884 12797
f 12797 12796 12873
f 12883 12809 12808
f 12886 12814 12810
f 12885 12810 12809
f 12892 12815 12812
f 12890 12816 12813
f 12888 12813 12815
f 12887 12812 12814
f 12891 12819 12818
f 12893 12821 12820
f 12894 12820 12819
f 12895 12823 12822
f 12897 12852 12825
f 12898 12825 12823
f 12896 12822 12821
f 12889 12818 12816
f 12808 12884 12883
f 12810 12885 12886
f 12885 12809 12883
f 12812 12887 12892
f 12813 12888 12890
f 12888 12815 12892
f 12887 12814 12886
f 12818 12889 12891
f 12820 12894 12893
f 12894 12819 12891
f 12822 12896 12895
f 12825 12898 12897
f 12852 12897 12924
f 12898 12823 12895
f 12896 12821 12893
f 12889 12816 12890
f 12797 12884 12808
f 12920 12848 12847
f 12924 12847 12852
f 12918 12846 12845
f 12923 12849 12851
f 12917 12851 12846
f 12919 12845 12848
f 12921 12853 12850
f 12931 12859 12858
f 12925 12858 12853
f 12929 12857 12856
f 12927 12855 12854
f 12928 12854 12857
f 12930 12856 12859
f 12922 12850 12849
f 12919 12848 12920
f 12924 12920 12847
f 12917 12846 12918
f 12922 12849 12923
f 12917 12923 12851
f 12919 12918 12845
f 12925 12853 12921
f 12931 12930 12859
f 12858 12925 12931
f 12921 12850 12922
f 12929 12856 12930
f 12927 12854 12928
f 12926 12855 12927
f 12929 12928 12857
f 12926 12915 12844
f 12844 12855 12926
f 12826 12879 12802
f 12914 12842 12841
f 12912 12839 12840
f 12913 12840 12842
f 12909 12836 12838
f 12907 12834 12837
f 12908 12837 12836
f 12910 12838 12839
f 12905 12833 12835
f 12904 12832 12830
f 12903 12830 12833
f 12901 12831 12828
f 12899 12826 12827
f 12900 12827 12831
f 12902 12828 12832
f 12906 12835 12834
f 12841 12915 12916
f 12842 12914 12913
f 12914 12841 12916
f 12839 12912 12910
f 12836 12909 12908
f 12909 12838 12910
f 12912 12840 12913
f 12834 12907 12906
f 12833 12905 12903
f 12905 12835 12906
f 12832 12904 12902
f 12831 12901 12900
f 12827 12900 12899
f 12901 12828 12902
f 12904 12830 12903
f 12907 12837 12908
f 12899 12879 12826
f 12844 12915 12841
f 12934 12811 12860
f 12801 12934 12860
f 12811 12817 12860
f 12824 12932 12860
f 12817 12824 12860
f 12860 12871 12861
f 12861 12871 12876
f 12862 12871 12860
f 12969 12936 12935
f 12938 12936 12969
f 12949 12969 12939
f 12969 12935 12939
f 12937 12938 12969
f 12969 12940 12937
f 12948 12942 12969
f 12947 12940 12969
f 12969 12941 12943
f 12969 12942 12947
f 12969 12943 12948
f 12941 12969 12944
f 12945 12944 12969
f 12969 12946 12945
f 12969 12950 12946
f 12969 12951 12952
f 12950 12969 12953
f 12969 12954 12953
f 12959 12969 12955
f 12959 12954 12969
f 12957 12969 12958
f 12969 12957 12955
f 12956 12958 12969
f 12966 12969 12960
f 12969 12966 12956
f 12962 12969 12967
f 12960 12969 12962
f 12961 12969 12964
f 12963 12965 12969
f 12967 12969 12961
f 12969 12952 12963
f 12965 12964 12969
f 12975 12972 12971
f 12975 12971 12979
f 12973 12972 12975
f 12972 12973 12980
f 12974 12972 12980
f 12981 12972 12978
f 12976 12972 12981
f 12974 12978 12972
f 12976 12977 12972
f 12972 12970 12971
f 12982 12970 12972
f 12982 12983 12970
f 12984 12970 12983
f 12970 12984 12985
f 12970 12988 12986
f 12970 12986 12987
f 12985 12988 12970
f 12977 12982 12972
f 12990 12970 12989
f 12994 12989 12970
f 12994 12970 12991
f 12992 12989 12998
f 12993 12989 12992
f 12994 12998 12989
f 12997 12995 12989
f 12989 12993 12997
f 12995 12996 12989
f 12999 12989 12996
f 12989 12999 13000
f 13067 12989 13000
f 12989 13067 12990
f 12987 12991 12970
f 13001 13002 13067
f 13003 13067 13002
f 13005 13068 13067
f 13067 13004 13005
f 13000 13001 13067
f 12939 12935 13006
f 12949 12939 13007
f 12936 12938 13008
f 12937 12940 13009
f 12938 12937 13010
f 12935 12936 13011
f 12947 12942 13012
f 12948 12943 13013
f 12942 12948 13014
f 12941 12944 13015
f 12945 12946 13016
f 12944 12945 13017
f 12943 12941 13018
f 12940 12947 13019
f 13006 13007 12939
f 13068 12949 13007
f 13008 13011 12936
f 13009 13010 12937
f 13008 12938 13010
f 13006 12935 13011
f 13012 13019 12947
f 13013 13014 12948
f 13012 12942 13014
f 13015 13018 12941
f 13016 13017 12945
f 13020 13016 12946
f 13015 12944 13017
f 13013 12943 13018
f 13009 12940 13019
f 12946 12950 13020
f 12951 12979 12952
f 12950 12953 13021
f 12954 12959 13022
f 12953 12954 13023
f 12955 12957 13024
f 12958 12956 13025
f 12957 12958 13026
f 12959 12955 13027
f 12966 12960 13028
f 12962 12967 13029
f 12960 12962 13030
f 12961 12964 13031
f 12965 12963 13032
f 12964 12965 13033
f 12967 12961 13034
f 12956 12966 13035
f 13021 12953 13023
f 13022 12959 13027
f 12954 13022 13023
f 13024 12957 13026
f 13025 12956 13035
f 12958 13025 13026
f 12955 13024 13027
f 13028 12960 13030
f 12967 13034 13029
f 13029 13030 12962
f 13035 12966 13028
f 13034 12961 13031
f 13033 12965 13032
f 13032 12963 13036
f 12964 13033 13031
f 12952 12979 13036
f 13036 12963 12952
f 12950 13021 13020
f 12951 13037 12975
f 13038 13039 12980
f 13037 13038 12973
f 13040 13041 12978
f 13042 13043 12976
f 13041 13042 12981
f 13039 13040 12974
f 13044 13045 12982
f 13046 13047 12984
f 13045 13046 12983
f 13048 13049 12988
f 13050 13051 12987
f 13049 13050 12986
f 13047 13048 12985
f 13043 13044 12977
f 12975 12979 12951
f 12980 12973 13038
f 12975 13037 12973
f 12978 12974 13040
f 12976 12981 13042
f 12978 13041 12981
f 12980 13039 12974
f 12982 12977 13044
f 12984 12983 13046
f 12982 13045 12983
f 12988 12985 13048
f 12987 12986 13050
f 12991 12987 13051
f 12988 13049 12986
f 12984 13047 12985
f 12976 13043 12977
f 13051 13052 12991
f 13052 13053 12994
f 13054 13055 12992
f 13053 13054 12998
f 13056 13057 12997
f 13058 13059 12996
f 13057 13058 12995
f 13055 13056 12993
f 13060 13061 13000
f 12968 13062 13001
f 13061 12968 13001
f 13063 13064 13003
f 13065 13066 13005
f 13064 13065 13004
f 13062 13063 13002
f 13059 13060 12999
f 12994 13053 12998
f 12992 13055 12993
f 13054 12992 12998
f 12997 13057 12995
f 12996 13059 12999
f 13058 12996 12995
f 13056 12997 12993
f 13000 13061 13001
f 13063 13003 13002
f 13002 13001 13062
f 12999 13060 13000
f 13003 13064 13067
f 13004 13065 13005
f 13068 13005 12949
f 13064 13004 13067
f 12949 13005 13066
f 13052 12994 12991
f 13067 13069 12990
f 13068 13069 13067
f 13011 13069 13068
f 12971 13036 12979
f 13068 13007 13006
f 13011 13068 13006
f 13010 13069 13008
f 13009 13069 13010
f 13011 13008 13069
f 13009 13019 13069
f 13012 13014 13069
f 13013 13069 13014
f 13069 13013 13018
f 13018 13070 13069
f 13070 13015 13017
f 13070 13017 13016
f 13018 13015 13070
f 13019 13012 13069
f 13070 13071 13069
f 13027 13071 13070
f 13021 13070 13020
f 13022 13070 13023
f 13027 13070 13022
f 13021 13023 13070
f 13024 13026 13071
f 13071 13027 13024
f 13026 13025 13071
f 13035 13071 13025
f 13071 13035 13028
f 13016 13020 13070
f 13030 13029 13071
f 13034 13071 13029
f 13071 13034 13031
f 13031 12971 13071
f 12971 13033 13032
f 12971 13032 13036
f 13031 13033 12971
f 13028 13030 13071
f 12971 12970 13071
f 12970 12990 13069
f 12970 13069 13071
f 12951 12969 13037
f 13038 12969 13039
f 13037 12969 13038
f 13039 12969 13040
f 13043 13042 12969
f 13041 12969 13042
f 13041 13040 12969
f 13044 12969 13045
f 13045 12969 13046
f 12969 13047 13046
f 13043 12969 13044
f 12969 13048 13047
f 12969 13049 13048
f 13050 13049 12969
f 12969 13051 13050
f 12969 13052 13051
f 12968 13058 12969
f 13064 12968 12969
f 13052 12969 13053
f 13053 12969 13054
f 12969 13056 13055
f 13057 13056 12969
f 13059 13058 12968
f 13057 12969 13058
f 12969 13055 13054
f 13064 13063 12968
f 13064 12969 13065
f 13060 12968 13061
f 13063 13062 12968
f 13066 12969 12949
f 13060 13059 12968
f 13065 12969 13066
f 13105 13074 13072
f 13105 13076 13075
f 13077 13105 13072
f 13078 13105 13079
f 13105 13078 13076
f 13083 13073 13105
f 13074 13105 13073
f 13105 13075 13083
f 13079 13105 13081
f 13080 13084 13105
f 13085 13105 13082
f 13105 13085 13080
f 13105 13084 13081
f 13082 13087 13086
f 13105 13088 13089
f 13091 13093 13090
f 13092 13087 13082
f 13105 13097 13096
f 13098 13097 13105
f 13093 13105 13099
f 13100 13105 13096
f 13093 13092 13082
f 13094 13101 13093
f 13102 13094 13093
f 13090 13093 13101
f 13103 13099 13105
f 13095 13103 13105
f 13089 13104 13105
f 13098 13105 13104
f 13095 13105 13100
f 13102 13093 13099
f 13105 13093 13082
f 13206 13142 13205
f 13116 13114 13106
f 13106 13107 13110
f 13106 13117 13108
f 13106 13108 13109
f 13117 13106 13110
f 13114 13116 13115
f 13114 13111 13112
f 13114 13112 13113
f 13111 13114 13115
f 13116 13106 13109
f 13120 13119 13114
f 13118 13120 13114
f 13121 13119 13120
f 13119 13121 13122
f 13124 13125 13119
f 13119 13123 13124
f 13122 13123 13119
f 13113 13118 13114
f 13114 13119 13132
f 13132 13207 13114
f 13128 13132 13119
f 13131 13207 13132
f 13129 13119 13126
f 13128 13119 13127
f 13129 13127 13119
f 13131 13132 13130
f 13134 13207 13131
f 13207 13134 13133
f 13133 13135 13207
f 13125 13126 13119
f 13137 13204 13207
f 13135 13136 13207
f 13137 13207 13136
f 13138 13204 13137
f 13138 13139 13204
f 13204 13139 13140
f 13204 13140 13141
f 13072 13074 13143
f 13077 13072 13144
f 13073 13083 13145
f 13075 13076 13146
f 13083 13075 13147
f 13074 13073 13148
f 13078 13079 13149
f 13081 13084 13150
f 13079 13081 13151
f 13080 13085 13152
f 13082 13086 13153
f 13085 13082 13153
f 13084 13080 13154
f 13076 13078 13155
f 13144 13072 13143
f 13077 13144 13141
f 13148 13073 13145
f 13147 13075 13146
f 13083 13147 13145
f 13074 13148 13143
f 13155 13078 13149
f 13081 13150 13151
f 13151 13149 13079
f 13146 13076 13155
f 13150 13084 13154
f 13152 13085 13153
f 13153 13086 13156
f 13080 13152 13154
f 13087 13157 13156
f 13156 13086 13087
f 13088 13107 13158
f 13092 13093 13159
f 13091 13090 13160
f 13093 13091 13159
f 13101 13094 13161
f 13102 13099 13162
f 13094 13102 13163
f 13090 13101 13164
f 13103 13095 13165
f 13100 13096 13166
f 13095 13100 13167
f 13097 13098 13168
f 13104 13089 13169
f 13098 13104 13170
f 13096 13097 13171
f 13099 13103 13172
f 13206 13157 13092
f 13160 13159 13091
f 13206 13092 13159
f 13161 13164 13101
f 13162 13163 13102
f 13161 13094 13163
f 13160 13090 13164
f 13165 13172 13103
f 13166 13167 13100
f 13165 13095 13167
f 13168 13171 13097
f 13169 13170 13104
f 13158 13169 13089
f 13168 13098 13170
f 13166 13096 13171
f 13162 13099 13172
f 13089 13088 13158
f 13092 13157 13087
f 13088 13173 13107
f 13174 13175 13117
f 13173 13174 13110
f 13176 13177 13109
f 13178 13179 13115
f 13177 13178 13116
f 13175 13176 13108
f 13180 13181 13112
f 13182 13183 13118
f 13181 13182 13113
f 13184 13185 13121
f 13186 13187 13123
f 13185 13186 13122
f 13183 13184 13120
f 13179 13180 13111
f 13107 13173 13110
f 13117 13175 13108
f 13174 13117 13110
f 13109 13177 13116
f 13115 13179 13111
f 13178 13115 13116
f 13176 13109 13108
f 13112 13181 13113
f 13183 13120 13118
f 13118 13113 13182
f 13111 13180 13112
f 13120 13184 13121
f 13122 13186 13123
f 13123 13187 13124
f 13185 13122 13121
f 13188 13125 13124
f 13124 13187 13188
f 13189 13190 13126
f 13191 13192 13127
f 13190 13191 13129
f 13193 13194 13130
f 13195 13196 13134
f 13194 13195 13131
f 13192 13193 13128
f 13197 13198 13135
f 13199 13200 13137
f 13198 13199 13136
f 13201 13202 13139
f 13203 13077 13141
f 13202 13203 13140
f 13200 13201 13138
f 13196 13197 13133
f 13125 13188 13126
f 13127 13129 13191
f 13126 13190 13129
f 13132 13128 13193
f 13131 13130 13194
f 13132 13193 13130
f 13127 13192 13128
f 13133 13134 13196
f 13136 13135 13198
f 13133 13197 13135
f 13138 13137 13200
f 13140 13139 13202
f 13141 13140 13203
f 13138 13201 13139
f 13136 13199 13137
f 13131 13195 13134
f 13126 13188 13189
f 13207 13204 13205
f 13208 13106 13114
f 13205 13204 13145
f 13204 13144 13143
f 13204 13143 13148
f 13144 13204 13141
f 13205 13145 13147
f 13205 13146 13155
f 13205 13155 13149
f 13146 13205 13147
f 13145 13204 13148
f 13151 13150 13205
f 13154 13205 13150
f 13205 13154 13152
f 13156 13206 13205
f 13205 13153 13156
f 13206 13156 13157
f 13152 13153 13205
f 13149 13151 13205
f 13163 13208 13142
f 13161 13142 13206
f 13164 13206 13160
f 13161 13206 13164
f 13159 13160 13206
f 13162 13208 13163
f 13142 13161 13163
f 13172 13208 13162
f 13208 13172 13165
f 13167 13208 13165
f 13171 13106 13208
f 13167 13166 13208
f 13171 13208 13166
f 13168 13106 13171
f 13168 13170 13106
f 13106 13170 13169
f 13106 13169 13158
f 13158 13107 13106
f 13205 13114 13207
f 13114 13142 13208
f 13114 13205 13142
f 13179 13105 13180
f 13180 13105 13181
f 13105 13185 13184
f 13186 13185 13105
f 13184 13183 13105
f 13173 13088 13105
f 13173 13105 13174
f 13174 13105 13175
f 13177 13176 13105
f 13105 13176 13175
f 13178 13177 13105
f 13181 13105 13182
f 13105 13183 13182
f 13105 13187 13186
f 13178 13105 13179
f 13105 13188 13187
f 13105 13189 13188
f 13193 13105 13194
f 13105 13193 13192
f 13194 13105 13195
f 13201 13200 13105
f 13200 13199 13105
f 13190 13189 13105
f 13191 13105 13192
f 13190 13105 13191
f 13196 13195 13105
f 13105 13198 13197
f 13197 13196 13105
f 13202 13105 13203
f 13105 13202 13201
f 13105 13077 13203
f 13105 13199 13198
f 13212 13213 13211
f 13211 13213 13209
f 13218 13211 13219
f 13211 13218 13217
f 13211 13214 13220
f 13212 13211 13220
f 13210 13221 13211
f 13210 13211 13222
f 13209 13222 13211
f 13211 13223 13214
f 13211 13216 13223
f 13216 13211 13224
f 13211 13215 13224
f 13225 13211 13217
f 13225 13215 13211
f 13211 13226 13227
f 13228 13211 13229
f 13231 13230 13211
f 13232 13211 13230
f 13211 13228 13219
f 13234 13235 13211
f 13211 13236 13237
f 13237 13239 13211
f 13211 13235 13238
f 13232 13229 13211
f 13233 13231 13211
f 13240 13233 13211
f 13241 13236 13211
f 13227 13242 13211
f 13234 13211 13242
f 13241 13211 13238
f 13240 13211 13239
f 13279 13343 13344
f 13345 13344 13243
f 13245 13243 13344
f 13344 13244 13253
f 13344 13247 13245
f 13243 13245 13246
f 13247 13344 13253
f 13243 13252 13251
f 13243 13248 13249
f 13243 13249 13250
f 13248 13243 13251
f 13252 13243 13246
f 13255 13345 13243
f 13254 13255 13243
f 13256 13345 13255
f 13345 13256 13257
f 13345 13258 13259
f 13345 13259 13260
f 13257 13258 13345
f 13250 13254 13243
f 13273 13345 13267
f 13264 13267 13345
f 13264 13345 13261
f 13263 13267 13262
f 13268 13267 13263
f 13264 13262 13267
f 13266 13267 13265
f 13267 13268 13265
f 13270 13267 13266
f 13267 13270 13269
f 13269 13271 13267
f 13260 13261 13345
f 13267 13271 13273
f 13271 13272 13273
f 13274 13273 13272
f 13275 13273 13274
f 13275 13276 13273
f 13273 13276 13277
f 13273 13277 13278
f 13210 13222 13280
f 13221 13210 13278
f 13209 13213 13281
f 13212 13220 13282
f 13213 13212 13283
f 13222 13209 13284
f 13214 13223 13285
f 13216 13224 13286
f 13223 13216 13287
f 13215 13225 13288
f 13217 13218 13289
f 13225 13217 13290
f 13224 13215 13291
f 13220 13214 13292
f 13280 13222 13284
f 13210 13280 13278
f 13281 13213 13283
f 13282 13220 13292
f 13212 13282 13283
f 13209 13281 13284
f 13285 13223 13287
f 13224 13291 13286
f 13286 13287 13216
f 13292 13214 13285
f 13291 13215 13288
f 13290 13217 13289
f 13289 13218 13293
f 13225 13290 13288
f 13219 13294 13293
f 13293 13218 13219
f 13226 13244 13295
f 13228 13229 13296
f 13232 13230 13297
f 13229 13232 13298
f 13231 13233 13299
f 13240 13239 13300
f 13233 13240 13301
f 13230 13231 13302
f 13237 13236 13303
f 13241 13238 13304
f 13236 13241 13305
f 13235 13234 13306
f 13242 13227 13307
f 13234 13242 13308
f 13238 13235 13309
f 13239 13237 13310
f 13296 13294 13228
f 13297 13298 13232
f 13296 13229 13298
f 13299 13302 13231
f 13300 13301 13240
f 13299 13233 13301
f 13297 13230 13302
f 13303 13310 13237
f 13304 13305 13241
f 13303 13236 13305
f 13306 13309 13235
f 13307 13308 13242
f 13295 13307 13227
f 13306 13234 13308
f 13304 13238 13309
f 13300 13239 13310
f 13227 13226 13295
f 13228 13294 13219
f 13226 13311 13244
f 13312 13313 13247
f 13311 13312 13253
f 13314 13315 13246
f 13316 13317 13251
f 13315 13316 13252
f 13313 13314 13245
f 13318 13319 13249
f 13320 13321 13254
f 13319 13320 13250
f 13322 13323 13256
f 13324 13325 13258
f 13323 13324 13257
f 13321 13322 13255
f 13317 13318 13248
f 13244 13311 13253
f 13247 13313 13245
f 13312 13247 13253
f 13246 13315 13252
f 13251 13317 13248
f 13316 13251 13252
f 13314 13246 13245
f 13249 13319 13250
f 13321 13255 13254
f 13254 13250 13320
f 13248 13318 13249
f 13255 13322 13256
f 13257 13324 13258
f 13258 13325 13259
f 13323 13257 13256
f 13326 13260 13259
f 13259 13325 13326
f 13327 13328 13261
f 13329 13330 13262
f 13328 13329 13264
f 13331 13332 13268
f 13333 13334 13266
f 13332 13333 13265
f 13330 13331 13263
f 13335 13336 13269
f 13337 13338 13272
f 13336 13337 13271
f 13339 13340 13275
f 13341 13221 13277
f 13340 13341 13276
f 13338 13339 13274
f 13334 13335 13270
f 13261 13260 13327
f 13262 13264 13329
f 13261 13328 13264
f 13268 13263 13331
f 13266 13265 13333
f 13268 13332 13265
f 13262 13330 13263
f 13269 13270 13335
f 13272 13271 13337
f 13269 13336 13271
f 13275 13274 13339
f 13277 13276 13341
f 13278 13277 13221
f 13275 13340 13276
f 13272 13338 13274
f 13266 13334 13270
f 13327 13260 13326
f 13342 13279 13273
f 13273 13278 13280
f 13273 13280 13284
f 13281 13273 13284
f 13282 13273 13283
f 13292 13273 13282
f 13281 13283 13273
f 13292 13285 13273
f 13286 13342 13273
f 13287 13286 13273
f 13291 13342 13286
f 13342 13291 13288
f 13342 13290 13289
f 13342 13289 13293
f 13288 13290 13342
f 13285 13287 13273
f 13296 13279 13342
f 13296 13342 13294
f 13297 13279 13298
f 13302 13279 13297
f 13296 13298 13279
f 13299 13301 13279
f 13279 13302 13299
f 13301 13300 13279
f 13310 13279 13300
f 13343 13310 13303
f 13279 13310 13343
f 13293 13294 13342
f 13305 13304 13343
f 13309 13343 13304
f 13343 13309 13306
f 13295 13344 13343
f 13343 13308 13307
f 13343 13307 13295
f 13306 13308 13343
f 13303 13305 13343
f 13244 13344 13295
f 13279 13344 13345
f 13279 13345 13273
f 13226 13211 13311
f 13211 13325 13324
f 13323 13211 13324
f 13211 13326 13325
f 13312 13311 13211
f 13313 13312 13211
f 13315 13314 13211
f 13316 13315 13211
f 13313 13211 13314
f 13318 13317 13211
f 13319 13318 13211
f 13321 13320 13211
f 13323 13322 13211
f 13321 13211 13322
f 13319 13211 13320
f 13316 13211 13317
f 13328 13327 13211
f 13327 13326 13211
f 13333 13332 13211
f 13336 13335 13211
f 13333 13211 13334
f 13334 13211 13335
f 13329 13328 13211
f 13330 13329 13211
f 13332 13331 13211
f 13330 13211 13331
f 13337 13336 13211
f 13338 13337 13211
f 13340 13339 13211
f 13221 13341 13211
f 13340 13211 13341
f 13338 13211 13339
f 13346 13349 13347
f 13346 13348 13349
f 13355 13379 13356
f 13349 13352 13350
f 13379 13355 13354
f 13357 13349 13348
f 13350 13352 13358
f 13352 13379 13359
f 13360 13379 13354
f 13353 13379 13360
f 13351 13358 13352
f 13352 13361 13351
f 13359 13379 13353
f 13379 13362 13363
f 13366 13367 13379
f 13379 13367 13365
f 13371 13379 13372
f 13373 13370 13379
f 13374 13369 13379
f 13372 13379 13370
f 13379 13363 13374
f 13375 13379 13371
f 13379 13376 13356
f 13379 13368 13376
f 13368 13379 13377
f 13377 13379 13364
f 13378 13364 13379
f 13365 13378 13379
f 13373 13379 13369
f 13366 13379 13375
f 13349 13379 13352
f 13415 13380 13477
f 13399 13479 13480
f 13382 13390 13415
f 13415 13362 13389
f 13415 13383 13381
f 13415 13381 13382
f 13383 13415 13389
f 13390 13388 13387
f 13390 13384 13385
f 13390 13385 13386
f 13384 13390 13387
f 13388 13390 13382
f 13480 13415 13390
f 13391 13392 13390
f 13393 13390 13392
f 13390 13393 13394
f 13394 13480 13390
f 13480 13395 13396
f 13480 13396 13397
f 13394 13395 13480
f 13386 13391 13390
f 13398 13399 13480
f 13404 13399 13398
f 13403 13480 13400
f 13402 13480 13401
f 13405 13480 13402
f 13403 13401 13480
f 13480 13405 13398
f 13408 13399 13406
f 13407 13399 13404
f 13399 13407 13406
f 13397 13400 13480
f 13408 13409 13479
f 13410 13479 13409
f 13411 13479 13410
f 13411 13412 13479
f 13479 13412 13413
f 13479 13413 13414
f 13479 13399 13408
f 13348 13346 13416
f 13357 13348 13417
f 13347 13349 13418
f 13350 13358 13419
f 13349 13350 13418
f 13346 13347 13420
f 13351 13361 13421
f 13352 13359 13422
f 13361 13352 13422
f 13353 13360 13423
f 13354 13355 13424
f 13360 13354 13425
f 13359 13353 13426
f 13358 13351 13427
f 13417 13348 13416
f 13357 13417 13414
f 13420 13347 13418
f 13419 13358 13427
f 13350 13419 13418
f 13346 13420 13416
f 13421 13361 13476
f 13359 13426 13422
f 13422 13476 13361
f 13427 13351 13421
f 13426 13353 13423
f 13425 13354 13424
f 13424 13355 13428
f 13360 13425 13423
f 13356 13429 13428
f 13428 13355 13356
f 13376 13368 13431
f 13377 13364 13432
f 13368 13377 13433
f 13378 13365 13434
f 13367 13366 13435
f 13365 13367 13436
f 13364 13378 13437
f 13375 13371 13438
f 13372 13370 13439
f 13371 13372 13440
f 13373 13369 13441
f 13374 13363 13442
f 13369 13374 13443
f 13370 13373 13444
f 13366 13375 13445
f 13431 13429 13376
f 13432 13433 13377
f 13431 13368 13433
f 13434 13437 13378
f 13435 13436 13367
f 13434 13365 13436
f 13432 13364 13437
f 13438 13445 13375
f 13439 13440 13372
f 13438 13371 13440
f 13441 13444 13373
f 13442 13443 13374
f 13430 13442 13363
f 13441 13369 13443
f 13439 13370 13444
f 13435 13366 13445
f 13363 13362 13430
f 13376 13429 13356
f 13446 13447 13383
f 13448 13449 13382
f 13450 13451 13387
f 13449 13450 13388
f 13447 13448 13381
f 13452 13453 13385
f 13454 13455 13391
f 13453 13454 13386
f 13456 13457 13393
f 13458 13459 13395
f 13457 13458 13394
f 13455 13456 13392
f 13451 13452 13384
f 13383 13447 13381
f 13446 13383 13389
f 13382 13449 13388
f 13387 13451 13384
f 13450 13387 13388
f 13448 13382 13381
f 13385 13453 13386
f 13455 13392 13391
f 13391 13386 13454
f 13384 13452 13385
f 13392 13456 13393
f 13394 13458 13395
f 13395 13459 13396
f 13457 13394 13393
f 13460 13397 13396
f 13396 13459 13460
f 13461 13462 13400
f 13463 13464 13401
f 13462 13463 13403
f 13465 13466 13405
f 13467 13468 13407
f 13466 13467 13404
f 13464 13465 13402
f 13469 13470 13406
f 13471 13472 13410
f 13470 13471 13409
f 13473 13474 13412
f 13475 13357 13414
f 13474 13475 13413
f 13472 13473 13411
f 13468 13469 13406
f 13400 13397 13461
f 13401 13403 13463
f 13400 13462 13403
f 13405 13402 13465
f 13404 13398 13466
f 13405 13466 13398
f 13401 13464 13402
f 13406 13407 13468
f 13409 13408 13470
f 13406 13470 13408
f 13411 13410 13472
f 13413 13412 13474
f 13414 13413 13475
f 13411 13473 13412
f 13409 13471 13410
f 13404 13467 13407
f 13461 13397 13460
f 13479 13416 13380
f 13476 13380 13421
f 13479 13417 13416
f 13380 13416 13420
f 13417 13479 13414
f 13380 13418 13419
f 13380 13427 13421
f 13427 13380 13419
f 13418 13380 13420
f 13426 13380 13476
f 13422 13426 13476
f 13423 13380 13426
f 13380 13423 13425
f 13425 13477 13380
f 13477 13424 13428
f 13477 13428 13429
f 13425 13424 13477
f 13437 13478 13477
f 13433 13477 13431
f 13437 13477 13432
f 13434 13478 13437
f 13433 13432 13477
f 13435 13478 13436
f 13478 13434 13436
f 13445 13478 13435
f 13478 13445 13438
f 13438 13440 13478
f 13429 13431 13477
f 13415 13477 13478
f 13444 13415 13478
f 13440 13439 13478
f 13444 13478 13439
f 13441 13415 13444
f 13441 13443 13415
f 13415 13443 13442
f 13415 13442 13430
f 13415 13430 13362
f 13480 13479 13380
f 13415 13480 13380
f 13447 13446 13379
f 13379 13446 13389
f 13379 13389 13362
f 13459 13458 13379
f 13458 13457 13379
f 13447 13379 13448
f 13379 13451 13450
f 13448 13379 13449
f 13449 13379 13450
f 13379 13452 13451
f 13379 13453 13452
f 13379 13454 13453
f 13454 13379 13455
f 13457 13456 13379
f 13455 13379 13456
f 13379 13460 13459
f 13464 13463 13379
f 13465 13464 13379
f 13465 13379 13466
f 13379 13463 13462
f 13468 13379 13469
f 13379 13349 13475
f 13379 13468 13467
f 13461 13460 13379
f 13461 13379 13462
f 13467 13466 13379
f 13470 13379 13471
f 13470 13469 13379
f 13472 13379 13473
f 13379 13475 13474
f 13473 13379 13474
f 13349 13357 13475
f 13472 13471 13379
f 13482 13483 13484
f 13484 13490 13482
f 13486 13484 13483
f 13485 13488 1650
f 1650 1648 13485
f 13485 1648 13489
f 13574 13501 1647
f 13486 13566 1644
f 13495 13573 13574
f 13574 1647 13495
f 13566 13490 1644
f 1642 13491 13492
f 13491 1642 1645
f 1645 13566 13491
f 13484 13486 13494
f 13505 13496 13526
f 13578 13497 13504
f 13579 13498 13575
f 13499 13581 13580
f 13501 13500 13575
f 13575 13498 13501
f 13492 13499 13502
f 13499 13492 13581
f 13497 13481 13504
f 13526 13487 13505
f 13504 13497 13578
f 13504 13505 13497
f 13526 13496 13505
f 13526 13505 13504
f 13578 13504 13526
f 13580 13506 13499
f 13507 13508 13509
f 13509 13510 13507
f 13552 13507 13510
f 13513 13499 13514
f 13499 13509 13508
f 13511 13512 13513
f 13513 13514 13511
f 13515 13516 13517
f 13517 13518 13515
f 13520 13519 13541
f 13521 13575 13522
f 13575 13517 13516
f 13519 13520 13521
f 13521 13522 13519
f 13523 13524 13525
f 13525 13526 13523
f 13528 13529 13541
f 13541 13525 13524
f 13527 13571 13529
f 13529 13528 13527
f 13530 13531 13532
f 13532 13533 13530
f 13561 13532 13531
f 13506 13575 13534
f 13537 13506 13534
f 13534 13538 13537
f 13536 13535 13539
f 13539 13540 13536
f 13541 13540 13539
f 13538 13541 13537
f 13542 13547 13543
f 13543 13544 13542
f 13547 13542 13541
f 13526 13544 13543
f 13548 13526 13549
f 13545 13548 13549
f 13549 13546 13545
f 13550 13561 13551
f 13553 13504 13554
f 13551 13553 13554
f 13554 13550 13551
f 13555 13506 13556
f 13556 13557 13555
f 13499 13506 13555
f 13556 13552 13557
f 13559 13552 13560
f 13560 13552 13561
f 13558 13559 13560
f 13560 13499 13558
f 13544 13527 13528
f 13528 13542 13544
f 13542 13528 13541
f 13541 13524 13545
f 13541 13545 13546
f 13524 13523 13548
f 13548 13545 13524
f 13526 13548 13523
f 13527 13544 13526
f 13526 13571 13527
f 13508 13507 13559
f 13559 13558 13508
f 13552 13559 13507
f 13511 13557 13552
f 13552 13512 13511
f 13557 13511 13514
f 13514 13555 13557
f 13555 13514 13499
f 13499 13508 13558
f 13561 13531 13551
f 13531 13530 13553
f 13553 13551 13531
f 13533 13504 13553
f 13533 13553 13530
f 13516 13515 13538
f 13538 13534 13516
f 13518 13541 13538
f 13518 13538 13515
f 13519 13540 13541
f 13540 13519 13522
f 13522 13536 13540
f 13575 13535 13536
f 13536 13522 13575
f 13575 13516 13534
f 13566 13563 13562
f 13563 13566 13564
f 13565 13564 13566
f 13565 13566 13504
f 13526 13504 13566
f 13566 13570 13526
f 13570 13566 13487
f 13567 13568 13564
f 13567 13564 13565
f 13569 13572 13562
f 13564 13568 13563
f 13562 13563 13569
f 13572 13566 13562
f 13563 13568 13569
f 13575 13573 13499
f 13568 13567 13573
f 13573 13569 13568
f 13572 13569 13573
f 13487 13489 13574
f 13570 13487 13574
f 13574 13571 13570
f 13574 13573 13575
f 13491 13566 13572
f 13572 13573 13492
f 13492 13491 13572
f 13489 13501 13574
f 13481 13502 13499
f 13503 13487 13500
f 13500 13501 13503
f 13574 13521 13520
f 13521 13574 13575
f 13574 13520 13529
f 13506 13517 13575
f 13518 13517 13506
f 13561 13518 13512
f 13571 13574 13529
f 13520 13541 13529
f 13571 13526 13570
f 13526 13525 13576
f 13525 13541 13561
f 13525 13561 13576
f 13513 13512 13506
f 13512 13552 13561
f 13506 13499 13513
f 13518 13561 13541
f 13499 13573 13567
f 13510 13561 13552
f 13509 13567 13510
f 13509 13499 13567
f 13565 13510 13567
f 13504 13576 13561
f 13532 13565 13533
f 13532 13561 13510
f 13504 13533 13565
f 13565 13532 13510
f 13518 13506 13512
f 13489 13487 13488
f 13488 13485 13489
f 13486 13487 13566
f 13486 13483 13487
f 13505 13487 13483
f 13482 13481 13497
f 13482 13490 13481
f 13505 13482 13497
f 13483 13482 13505
f 13484 13494 13493
f 13493 13490 13484
f 13498 13581 13501
f 13581 13492 13495
f 13495 13501 13581
f 13539 13535 13500
f 13547 13539 13500
f 13535 13575 13500
f 13541 13539 13547
f 13541 13556 13537
f 13543 13547 13487
f 13547 13500 13487
f 13487 13526 13543
f 13526 13546 13549
f 13506 13537 13556
f 13552 13556 13541
f 13541 13546 13552
f 13550 13560 13561
f 13499 13560 13481
f 13526 13561 13552
f 13526 13552 13546
f 13561 13526 13504
f 13554 13481 13550
f 13481 13554 13504
f 13550 13481 13560
f 13579 13575 13506
f 13496 13577 13526
f 13577 13578 13526
f 1648 13501 13489
f 13503 1650 13488
f 13488 13487 13503
f 1648 1650 13503
f 13503 13501 1648
f 13495 13492 13573
f 1642 13492 13502
f 1645 1642 13502
f 13486 1644 13494
f 13490 13493 1644
f 13493 13494 1644
f 13566 1645 13481
f 13502 13481 1645
f 13490 13566 13481
f 13495 1647 13501
f 13506 13498 13579
f 13506 13580 13581
f 13581 13498 13506
f 13506 13575 13499
f 13576 13577 13496
f 13496 13526 13576
f 13504 13578 13577
f 13504 13577 13576
f 13586 13587 13590
f 13588 13589 13590
f 13586 13590 13589
f 13585 13590 13587
f 13591 13592 13590
f 13593 13594 13590
f 13595 13593 13590
f 13591 13590 13594
f 13596 13597 13590
f 13598 13599 13590
f 13600 13598 13590
f 13596 13590 13599
f 13595 13590 13597
f 13588 13590 13592
f 13678 13590 13585
f 13602 13603 13601
f 13602 13601 13604
f 13605 13606 13601
f 13605 13601 13607
f 13604 13601 13606
f 13608 13601 13590
f 13609 13610 13608
f 13609 13608 13611
f 13613 13614 13612
f 13615 13616 13617
f 13618 13615 13617
f 13613 13612 13616
f 13601 13608 13607
f 13612 13608 13617
f 13612 13617 13616
f 13608 13612 13611
f 13600 13601 13603
f 13590 13601 13600
f 13619 13678 13704
f 13631 13620 13619
f 13620 13631 13621
f 13622 13623 13631
f 13624 13622 13627
f 13625 13627 13626
f 13627 13625 13624
f 13629 13628 13627
f 13632 13630 13629
f 13627 13631 13700
f 13627 13622 13631
f 13627 13632 13629
f 13633 13630 13632
f 13633 13632 13634
f 13637 13636 13632
f 13634 13632 13635
f 13636 13635 13632
f 13632 13638 13637
f 13632 13639 13638
f 13639 13632 13640
f 13641 13640 13642
f 13642 13643 13644
f 13643 13645 13646
f 13647 13582 13648
f 13582 13647 13645
f 13640 13632 13642
f 13645 13643 13642
f 13584 13583 13700
f 13700 13583 13649
f 13703 13702 13583
f 13703 13583 13584
f 13649 13582 13700
f 13702 13649 13583
f 13582 13650 13618
f 13648 13582 13618
f 13651 13652 13616
f 13653 13654 13614
f 13652 13653 13613
f 13650 13651 13615
f 13655 13701 13609
f 13656 13657 13610
f 13701 13656 13609
f 13658 13659 13605
f 13660 13661 13604
f 13659 13660 13606
f 13657 13658 13607
f 13654 13655 13611
f 13618 13650 13615
f 13648 13618 13617
f 13616 13652 13613
f 13614 13654 13612
f 13653 13614 13613
f 13651 13616 13615
f 13611 13655 13609
f 13657 13608 13610
f 13610 13609 13656
f 13612 13654 13611
f 13608 13657 13607
f 13605 13659 13606
f 13606 13660 13604
f 13658 13605 13607
f 13602 13604 13661
f 13661 13662 13602
f 13704 13678 13585
f 13663 13664 13600
f 13665 13666 13599
f 13664 13665 13598
f 13667 13668 13597
f 13669 13670 13593
f 13668 13669 13595
f 13666 13667 13596
f 13671 13672 13591
f 13673 13674 13588
f 13672 13673 13592
f 13675 13676 13586
f 13677 13704 13585
f 13676 13677 13587
f 13674 13675 13589
f 13670 13671 13594
f 13602 13662 13603
f 13598 13600 13664
f 13603 13663 13600
f 13596 13599 13666
f 13595 13597 13668
f 13596 13667 13597
f 13598 13665 13599
f 13594 13593 13670
f 13592 13591 13672
f 13594 13671 13591
f 13589 13588 13674
f 13587 13586 13676
f 13585 13587 13677
f 13589 13675 13586
f 13592 13673 13588
f 13595 13669 13593
f 13603 13662 13663
f 13590 13709 13608
f 13608 13709 13705
f 13709 13590 13678
f 13619 13620 13678
f 13621 13631 13679
f 13620 13621 13680
f 13623 13622 13681
f 13624 13625 13682
f 13622 13624 13683
f 13626 13627 13684
f 13628 13629 13685
f 13627 13628 13684
f 13625 13626 13686
f 13631 13623 13679
f 13678 13620 13680
f 13711 13621 13679
f 13621 13711 13680
f 13681 13622 13683
f 13624 13682 13709
f 13709 13683 13624
f 13679 13623 13681
f 13682 13625 13686
f 13684 13628 13685
f 13685 13629 13687
f 13626 13684 13686
f 13630 13688 13687
f 13687 13629 13630
f 13633 13634 13689
f 13635 13636 13690
f 13634 13635 13690
f 13637 13638 13691
f 13639 13640 13692
f 13638 13639 13693
f 13636 13637 13694
f 13641 13642 13695
f 13644 13643 13696
f 13642 13644 13695
f 13646 13645 13697
f 13647 13648 13698
f 13645 13647 13697
f 13643 13646 13699
f 13708 13688 13633
f 13690 13689 13634
f 13708 13633 13689
f 13707 13694 13637
f 13693 13691 13638
f 13707 13637 13691
f 13690 13636 13694
f 13641 13692 13640
f 13696 13695 13644
f 13699 13705 13643
f 13698 13697 13647
f 13617 13698 13648
f 13699 13646 13697
f 13696 13643 13705
f 13693 13639 13692
f 13633 13688 13630
f 13700 13582 13645
f 13645 13642 13700
f 13642 13632 13700
f 13632 13627 13700
f 13700 13631 13619
f 13582 13651 13650
f 13649 13652 13651
f 13649 13651 13582
f 13649 13653 13652
f 13649 13654 13653
f 13655 13654 13649
f 13657 13702 13658
f 13702 13657 13656
f 13658 13702 13659
f 13660 13659 13702
f 13661 13660 13702
f 13702 13662 13661
f 13655 13649 13701
f 13701 13649 13702
f 13702 13656 13701
f 13702 13664 13663
f 13702 13665 13664
f 13702 13667 13666
f 13667 13702 13668
f 13702 13666 13665
f 13663 13662 13702
f 13703 13670 13669
f 13670 13703 13671
f 13672 13671 13703
f 13673 13672 13703
f 13702 13703 13668
f 13675 13674 13584
f 13677 13676 13704
f 13676 13675 13704
f 13584 13674 13673
f 13669 13668 13703
f 13673 13703 13584
f 13704 13675 13584
f 13619 13704 13584
f 13698 13705 13697
f 13695 13696 13705
f 13697 13705 13699
f 13608 13705 13617
f 13692 13641 13706
f 13691 13693 13707
f 13692 13707 13693
f 13690 13694 13707
f 13690 13708 13689
f 13708 13705 13709
f 13695 13706 13641
f 13617 13705 13698
f 13705 13706 13695
f 13708 13707 13705
f 13707 13708 13690
f 13707 13706 13705
f 13706 13707 13692
f 13685 13687 13710
f 13686 13684 13710
f 13686 13710 13682
f 13685 13710 13684
f 13708 13709 13710
f 13679 13681 13709
f 13680 13711 13678
f 13683 13709 13681
f 13710 13709 13682
f 13709 13711 13679
f 13709 13678 13711
f 13688 13710 13687
f 13708 13710 13688
f 13584 13700 13619
f 13715 13712 13714
f 13713 13716 13717
f 13716 13713 13712
f 13713 13714 13712
f 13715 13713 13717
f 13717 13716 13715
f 13715 13714 13713
f 13712 13715 13716
f 13721 13718 13720
f 13719 13722 13723
f 13722 13719 13718
f 13719 13720 13718
f 13721 13719 13723
f 13723 13722 13721
f 13721 13720 13719
f 13718 13721 13722
f 13728 13732 13729
f 13728 13726 13732
f 13729 13725 13728
f 13726 13727 13732
f 13730 13732 13727
f 13732 13730 13731
f 13732 13731 13724
f 13724 13729 13732
f 13730 13727 13734
f 13726 13728 13735
f 13727 13726 13736
f 13725 13729 13737
f 13728 13725 13738
f 13731 13730 13733
f 13741 13731 13739
f 13739 13731 13733
f 13734 13727 13736
f 13726 13735 13740
f 13740 13736 13726
f 13733 13730 13734
f 13735 13728 13738
f 13737 13729 13724
f 13725 13737 13738
f 13724 13739 13737
f 13735 13738 13739
f 13737 13739 13738
f 13733 13734 13740
f 13733 13740 13739
f 13736 13740 13734
f 13739 13740 13735
f 13724 13741 13739
f 13724 13731 13741
f 13744 13743 13745
f 13746 13747 13806
f 13748 13749 13806
f 13750 13748 13806
f 13746 13806 13749
f 13744 13745 13747
f 13745 13806 13747
f 13751 13752 13806
f 13753 13806 13752
f 13754 13755 13806
f 13754 13758 13756
f 13751 13806 13755
f 13758 13806 13757
f 13806 13758 13754
f 13750 13806 13753
f 13759 13757 13806
f 13762 13761 13801
f 13763 13761 13762
f 13802 13767 13766
f 13765 13764 13762
f 13765 13802 13766
f 13794 13767 13802
f 13768 13794 13802
f 13802 13769 13768
f 13803 13770 13769
f 13803 13771 13770
f 13772 13773 13800
f 13803 13773 13771
f 13802 13803 13769
f 13773 13803 13800
f 13803 13742 13800
f 13774 13775 13757
f 13800 13774 13759
f 13776 13777 13754
f 13778 13779 13751
f 13777 13778 13755
f 13775 13776 13756
f 13757 13775 13758
f 13774 13757 13759
f 13776 13754 13756
f 13756 13758 13775
f 13754 13777 13755
f 13755 13778 13751
f 13779 13780 13752
f 13751 13779 13752
f 13760 13745 13743
f 13781 13782 13750
f 13783 13784 13749
f 13782 13783 13748
f 13785 13786 13747
f 13787 13804 13743
f 13786 13787 13744
f 13784 13785 13746
f 13752 13780 13753
f 13748 13750 13782
f 13753 13781 13750
f 13746 13749 13784
f 13744 13747 13786
f 13743 13744 13787
f 13746 13785 13747
f 13748 13783 13749
f 13804 13760 13743
f 13753 13780 13781
f 13760 13801 13788
f 13761 13763 13789
f 13801 13761 13788
f 13762 13764 13790
f 13765 13766 13791
f 13764 13765 13791
f 13763 13762 13790
f 13745 13760 13788
f 13807 13761 13789
f 13761 13807 13788
f 13790 13789 13763
f 13791 13766 13792
f 13767 13793 13792
f 13766 13767 13792
f 13769 13770 13795
f 13768 13769 13796
f 13771 13773 13797
f 13772 13800 13759
f 13773 13772 13798
f 13770 13771 13799
f 13796 13805 13768
f 13794 13768 13805
f 13799 13795 13770
f 13798 13797 13773
f 13759 13798 13772
f 13799 13771 13797
f 13796 13769 13795
f 13794 13793 13767
f 13808 13802 13765
f 13765 13762 13808
f 13801 13808 13762
f 13800 13775 13774
f 13804 13801 13760
f 13776 13775 13742
f 13778 13777 13742
f 13779 13778 13742
f 13777 13776 13742
f 13742 13775 13800
f 13780 13779 13742
f 13801 13804 13742
f 13742 13782 13781
f 13782 13742 13783
f 13781 13780 13742
f 13784 13742 13785
f 13787 13786 13804
f 13786 13785 13804
f 13784 13783 13742
f 13804 13785 13742
f 13797 13798 13806
f 13799 13797 13806
f 13759 13806 13798
f 13796 13795 13806
f 13793 13794 13805
f 13796 13806 13805
f 13799 13806 13795
f 13792 13806 13791
f 13789 13790 13807
f 13745 13788 13807
f 13807 13764 13806
f 13764 13807 13790
f 13806 13764 13791
f 13807 13806 13745
f 13793 13806 13792
f 13805 13806 13793
f 13742 13803 13808
f 13803 13802 13808
f 13808 13801 13742
f 13810 13811 13812
f 13814 13815 13816
f 13812 13817 13813
f 13819 13820 13826
f 13821 13819 13826
f 13818 13826 13820
f 13822 13823 13827
f 13825 13824 13827
f 13821 13826 13823
f 13817 13826 13816
f 13811 13817 13812
f 13816 13826 13818
f 13817 13816 13815
f 13826 13827 13823
f 13827 13826 13835
f 13828 13829 13827
f 13828 13835 13830
f 13831 13832 13835
f 13833 13834 13835
f 13831 13835 13834
f 13830 13835 13832
f 13836 13837 13835
f 13836 13835 13838
f 13839 13840 13844
f 13842 13841 13843
f 13833 13835 13837
f 13827 13835 13828
f 13844 13843 13839
f 13845 13843 13844
f 13835 13844 13838
f 13825 13827 13829
f 13845 13846 13843
f 13846 13842 13843
f 13852 13954 13854
f 13849 13854 13853
f 13847 13854 13849
f 13855 13954 13852
f 13850 13954 13855
f 13848 13852 13854
f 13850 13851 13954
f 13851 13856 13954
f 13856 13857 13954
f 13859 13954 13857
f 13858 13954 13859
f 13858 13863 13954
f 13863 13860 13861
f 13863 13861 13862
f 13858 13860 13863
f 13865 13864 13863
f 13868 13955 13864
f 13865 13863 13871
f 13872 13864 13866
f 13867 13864 13872
f 13865 13866 13864
f 13870 13868 13864
f 13864 13867 13870
f 13868 13869 13955
f 13873 13955 13869
f 13955 13873 13874
f 13862 13871 13863
f 13876 13880 13955
f 13875 13876 13955
f 13877 13880 13876
f 13880 13877 13878
f 13880 13879 13881
f 13880 13881 13882
f 13878 13879 13880
f 13874 13875 13955
f 13953 13951 13883
f 13883 13947 13953
f 13951 13809 13945
f 13941 13943 13809
f 13943 13945 13809
f 13864 13954 13863
f 13941 13809 13880
f 13955 13880 13809
f 13954 13864 13955
f 13944 13884 13842
f 13853 13944 13842
f 13885 13886 13839
f 13887 13888 13840
f 13886 13887 13840
f 13884 13885 13841
f 13889 13890 13836
f 13891 13892 13833
f 13890 13891 13837
f 13893 13894 13831
f 13895 13896 13830
f 13894 13895 13832
f 13892 13893 13834
f 13888 13889 13838
f 13842 13884 13841
f 13853 13842 13846
f 13843 13885 13839
f 13840 13888 13844
f 13886 13840 13839
f 13885 13843 13841
f 13838 13889 13836
f 13891 13833 13837
f 13837 13836 13890
f 13844 13888 13838
f 13833 13892 13834
f 13831 13894 13832
f 13832 13895 13830
f 13893 13831 13834
f 13828 13830 13896
f 13896 13897 13828
f 13882 13810 13812
f 13898 13899 13825
f 13900 13901 13824
f 13899 13900 13825
f 13902 13903 13823
f 13942 13904 13821
f 13903 13942 13821
f 13901 13902 13822
f 13905 13906 13820
f 13907 13943 13814
f 13906 13907 13818
f 13908 13909 13815
f 13941 13910 13813
f 13909 13941 13813
f 13943 13908 13814
f 13904 13905 13819
f 13828 13897 13829
f 13824 13825 13900
f 13829 13898 13825
f 13822 13827 13901
f 13821 13823 13903
f 13822 13902 13823
f 13824 13901 13827
f 13820 13819 13905
f 13816 13818 13907
f 13820 13906 13818
f 13815 13814 13908
f 13813 13817 13909
f 13812 13813 13910
f 13815 13909 13817
f 13816 13907 13814
f 13821 13904 13819
f 13910 13882 13812
f 13829 13897 13898
f 13835 13826 13845
f 13845 13844 13835
f 13817 13911 13845
f 13826 13817 13845
f 13911 13949 13845
f 13817 13912 13911
f 13882 13881 13810
f 13879 13878 13913
f 13881 13879 13914
f 13877 13876 13915
f 13875 13874 13916
f 13876 13875 13917
f 13878 13877 13918
f 13873 13869 13919
f 13868 13870 13920
f 13869 13868 13921
f 13867 13872 13922
f 13866 13865 13923
f 13872 13866 13924
f 13870 13867 13925
f 13874 13873 13926
f 13810 13881 13914
f 13913 13878 13918
f 13879 13913 13914
f 13915 13876 13917
f 13916 13874 13926
f 13875 13916 13917
f 13877 13915 13918
f 13919 13869 13921
f 13870 13925 13920
f 13920 13921 13868
f 13926 13873 13919
f 13925 13867 13922
f 13924 13866 13923
f 13923 13865 13927
f 13872 13924 13922
f 13871 13928 13927
f 13927 13865 13871
f 13862 13861 13929
f 13860 13858 13930
f 13861 13860 13931
f 13859 13857 13932
f 13856 13851 13933
f 13857 13856 13934
f 13858 13859 13932
f 13850 13855 13935
f 13852 13848 13936
f 13855 13852 13935
f 13854 13847 13937
f 13849 13853 13846
f 13847 13849 13938
f 13848 13854 13937
f 13851 13850 13939
f 13929 13928 13862
f 13948 13931 13860
f 13929 13861 13931
f 13932 13930 13858
f 13911 13934 13856
f 13932 13857 13934
f 13948 13860 13930
f 13939 13933 13851
f 13949 13935 13852
f 13939 13850 13935
f 13937 13936 13848
f 13940 13938 13849
f 13846 13940 13849
f 13937 13847 13938
f 13949 13852 13936
f 13911 13856 13933
f 13862 13928 13871
f 13954 13951 13953
f 13945 13943 13906
f 13880 13882 13910
f 13941 13880 13910
f 13943 13941 13908
f 13909 13908 13941
f 13907 13906 13943
f 13854 13944 13853
f 13942 13951 13945
f 13951 13942 13946
f 13904 13942 13945
f 13905 13904 13945
f 13942 13903 13946
f 13903 13902 13946
f 13946 13902 13901
f 13946 13901 13900
f 13945 13906 13905
f 13899 13951 13946
f 13883 13951 13899
f 13898 13883 13899
f 13895 13947 13883
f 13896 13883 13897
f 13895 13883 13896
f 13898 13897 13883
f 13894 13893 13947
f 13947 13895 13894
f 13893 13892 13947
f 13891 13947 13892
f 13890 13947 13891
f 13946 13900 13899
f 13947 13887 13953
f 13888 13887 13947
f 13889 13888 13947
f 13887 13886 13953
f 13886 13885 13953
f 13953 13885 13884
f 13953 13884 13944
f 13854 13953 13944
f 13947 13890 13889
f 13940 13846 13845
f 13936 13937 13949
f 13938 13949 13937
f 13933 13939 13949
f 13932 13934 13911
f 13929 13931 13912
f 13928 13929 13912
f 13932 13948 13930
f 13948 13911 13912
f 13935 13949 13939
f 13845 13949 13940
f 13940 13949 13938
f 13949 13911 13933
f 13911 13948 13932
f 13948 13912 13931
f 13923 13927 13912
f 13923 13912 13924
f 13925 13922 13912
f 13921 13920 13950
f 13925 13950 13920
f 13924 13912 13922
f 13926 13919 13950
f 13917 13916 13950
f 13926 13950 13916
f 13918 13915 13950
f 13914 13913 13950
f 13810 13914 13811
f 13918 13950 13913
f 13917 13950 13915
f 13921 13950 13919
f 13912 13950 13925
f 13912 13817 13811
f 13950 13811 13914
f 13950 13912 13811
f 13928 13912 13927
f 13955 13809 13951
f 13951 13952 13955
f 13952 13951 13954
f 13854 13954 13953
f 13954 13955 13952
f 13959 13956 13958
f 13957 13960 13961
f 13960 13957 13956
f 13957 13958 13956
f 13959 13957 13961
f 13961 13960 13959
f 13959 13958 13957
f 13956 13959 13960
f 13963 13964 13965
f 13967 13968 13969
f 13965 13970 13966
f 13972 13973 13979
f 13974 13972 13979
f 13971 13979 13973
f 13975 13976 13980
f 13978 13977 13980
f 13974 13979 13976
f 13970 13979 13969
f 13964 13970 13965
f 13969 13979 13971
f 13970 13969 13968
f 13979 13980 13976
f 13980 13979 13988
f 13981 13982 13980
f 13981 13988 13983
f 13984 13985 13988
f 13986 13987 13988
f 13984 13988 13987
f 13983 13988 13985
f 13989 13990 13988
f 13989 13988 13991
f 13992 13993 13997
f 13995 13994 13996
f 13986 13988 13990
f 13980 13988 13981
f 13997 13996 13992
f 13998 13996 13997
f 13988 13997 13991
f 13978 13980 13982
f 13998 13999 13996
f 13999 13995 13996
f 14005 14107 14007
f 14002 14007 14006
f 14000 14007 14002
f 14008 14107 14005
f 14003 14107 14008
f 14001 14005 14007
f 14003 14004 14107
f 14004 14009 14107
f 14009 14010 14107
f 14012 14107 14010
f 14011 14107 14012
f 14011 14016 14107
f 14016 14013 14014
f 14016 14014 14015
f 14011 14013 14016
f 14018 14017 14016
f 14021 14108 14017
f 14018 14016 14024
f 14025 14017 14019
f 14020 14017 14025
f 14018 14019 14017
f 14023 14021 14017
f 14017 14020 14023
f 14021 14022 14108
f 14026 14108 14022
f 14108 14026 14027
f 14015 14024 14016
f 14029 14033 14108
f 14028 14029 14108
f 14030 14033 14029
f 14033 14030 14031
f 14033 14032 14034
f 14033 14034 14035
f 14031 14032 14033
f 14027 14028 14108
f 14106 14104 14036
f 14036 14100 14106
f 14104 13962 14098
f 14094 14096 13962
f 14096 14098 13962
f 14017 14107 14016
f 14094 13962 14033
f 14108 14033 13962
f 14107 14017 14108
f 14097 14037 13995
f 14006 14097 13995
f 14038 14039 13992
f 14040 14041 13993
f 14039 14040 13993
f 14037 14038 13994
f 14042 14043 13989
f 14044 14045 13986
f 14043 14044 13990
f 14046 14047 13984
f 14048 14049 13983
f 14047 14048 13985
f 14045 14046 13987
f 14041 14042 13991
f 13995 14037 13994
f 14006 13995 13999
f 13996 14038 13992
f 13993 14041 13997
f 14039 13993 13992
f 14038 13996 13994
f 13991 14042 13989
f 14044 13986 13990
f 13990 13989 14043
f 13997 14041 13991
f 13986 14045 13987
f 13984 14047 13985
f 13985 14048 13983
f 14046 13984 13987
f 13981 13983 14049
f 14049 14050 13981
f 14035 13963 13965
f 14051 14052 13978
f 14053 14054 13977
f 14052 14053 13978
f 14055 14056 13976
f 14095 14057 13974
f 14056 14095 13974
f 14054 14055 13975
f 14058 14059 13973
f 14060 14096 13967
f 14059 14060 13971
f 14061 14062 13968
f 14094 14063 13966
f 14062 14094 13966
f 14096 14061 13967
f 14057 14058 13972
f 13981 14050 13982
f 13977 13978 14053
f 13982 14051 13978
f 13975 13980 14054
f 13974 13976 14056
f 13975 14055 13976
f 13977 14054 13980
f 13973 13972 14058
f 13969 13971 14060
f 13973 14059 13971
f 13968 13967 14061
f 13966 13970 14062
f 13965 13966 14063
f 13968 14062 13970
f 13969 14060 13967
f 13974 14057 13972
f 14063 14035 13965
f 13982 14050 14051
f 13988 13979 13998
f 13998 13997 13988
f 13970 14064 13998
f 13979 13970 13998
f 14064 14102 13998
f 13970 14065 14064
f 14035 14034 13963
f 14032 14031 14066
f 14034 14032 14067
f 14030 14029 14068
f 14028 14027 14069
f 14029 14028 14070
f 14031 14030 14071
f 14026 14022 14072
f 14021 14023 14073
f 14022 14021 14074
f 14020 14025 14075
f 14019 14018 14076
f 14025 14019 14077
f 14023 14020 14078
f 14027 14026 14079
f 13963 14034 14067
f 14066 14031 14071
f 14032 14066 14067
f 14068 14029 14070
f 14069 14027 14079
f 14028 14069 14070
f 14030 14068 14071
f 14072 14022 14074
f 14023 14078 14073
f 14073 14074 14021
f 14079 14026 14072
f 14078 14020 14075
f 14077 14019 14076
f 14076 14018 14080
f 14025 14077 14075
f 14024 14081 14080
f 14080 14018 14024
f 14015 14014 14082
f 14013 14011 14083
f 14014 14013 14084
f 14012 14010 14085
f 14009 14004 14086
f 14010 14009 14087
f 14011 14012 14085
f 14003 14008 14088
f 14005 14001 14089
f 14008 14005 14088
f 14007 14000 14090
f 14002 14006 13999
f 14000 14002 14091
f 14001 14007 14090
f 14004 14003 14092
f 14082 14081 14015
f 14101 14084 14013
f 14082 14014 14084
f 14085 14083 14011
f 14064 14087 14009
f 14085 14010 14087
f 14101 14013 14083
f 14092 14086 14004
f 14102 14088 14005
f 14092 14003 14088
f 14090 14089 14001
f 14093 14091 14002
f 13999 14093 14002
f 14090 14000 14091
f 14102 14005 14089
f 14064 14009 14086
f 14015 14081 14024
f 14107 14104 14106
f 14098 14096 14059
f 14033 14035 14063
f 14094 14033 14063
f 14096 14094 14061
f 14062 14061 14094
f 14060 14059 14096
f 14007 14097 14006
f 14095 14104 14098
f 14104 14095 14099
f 14057 14095 14098
f 14058 14057 14098
f 14095 14056 14099
f 14056 14055 14099
f 14099 14055 14054
f 14099 14054 14053
f 14098 14059 14058
f 14052 14104 14099
f 14036 14104 14052
f 14051 14036 14052
f 14048 14100 14036
f 14049 14036 14050
f 14048 14036 14049
f 14051 14050 14036
f 14047 14046 14100
f 14100 14048 14047
f 14046 14045 14100
f 14044 14100 14045
f 14043 14100 14044
f 14099 14053 14052
f 14100 14040 14106
f 14041 14040 14100
f 14042 14041 14100
f 14040 14039 14106
f 14039 14038 14106
f 14106 14038 14037
f 14106 14037 14097
f 14007 14106 14097
f 14100 14043 14042
f 14093 13999 13998
f 14089 14090 14102
f 14091 14102 14090
f 14086 14092 14102
f 14085 14087 14064
f 14082 14084 14065
f 14081 14082 14065
f 14085 14101 14083
f 14101 14064 14065
f 14088 14102 14092
f 13998 14102 14093
f 14093 14102 14091
f 14102 14064 14086
f 14064 14101 14085
f 14101 14065 14084
f 14076 14080 14065
f 14076 14065 14077
f 14078 14075 14065
f 14074 14073 14103
f 14078 14103 14073
f 14077 14065 14075
f 14079 14072 14103
f 14070 14069 14103
f 14079 14103 14069
f 14071 14068 14103
f 14067 14066 14103
f 13963 14067 13964
f 14071 14103 14066
f 14070 14103 14068
f 14074 14103 14072
f 14065 14103 14078
f 14065 13970 13964
f 14103 13964 14067
f 14103 14065 13964
f 14081 14065 14080
f 14108 13962 14104
f 14104 14105 14108
f 14105 14104 14107
f 14007 14107 14106
f 14107 14108 14105
f 14113 14114 14117
f 14115 14116 14117
f 14113 14117 14116
f 14112 14117 14114
f 14118 14119 14117
f 14120 14121 14117
f 14122 14120 14117
f 14118 14117 14121
f 14123 14124 14117
f 14125 14126 14117
f 14127 14125 14117
f 14123 14117 14126
f 14122 14117 14124
f 14115 14117 14119
f 14205 14117 14112
f 14129 14130 14128
f 14129 14128 14131
f 14132 14133 14128
f 14132 14128 14134
f 14131 14128 14133
f 14135 14128 14117
f 14136 14137 14135
f 14136 14135 14138
f 14140 14141 14139
f 14142 14143 14144
f 14145 14142 14144
f 14140 14139 14143
f 14128 14135 14134
f 14139 14135 14144
f 14139 14144 14143
f 14135 14139 14138
f 14127 14128 14130
f 14117 14128 14127
f 14146 14205 14231
f 14158 14147 14146
f 14147 14158 14148
f 14149 14150 14158
f 14151 14149 14154
f 14152 14154 14153
f 14154 14152 14151
f 14156 14155 14154
f 14159 14157 14156
f 14154 14158 14227
f 14154 14149 14158
f 14154 14159 14156
f 14160 14157 14159
f 14160 14159 14161
f 14164 14163 14159
f 14161 14159 14162
f 14163 14162 14159
f 14159 14165 14164
f 14159 14166 14165
f 14166 14159 14167
f 14168 14167 14169
f 14169 14170 14171
f 14170 14172 14173
f 14174 14109 14175
f 14109 14174 14172
f 14167 14159 14169
f 14172 14170 14169
f 14111 14110 14227
f 14227 14110 14176
f 14230 14229 14110
f 14230 14110 14111
f 14176 14109 14227
f 14229 14176 14110
f 14109 14177 14145
f 14175 14109 14145
f 14178 14179 14143
f 14180 14181 14141
f 14179 14180 14140
f 14177 14178 14142
f 14182 14228 14136
f 14183 14184 14137
f 14228 14183 14136
f 14185 14186 14132
f 14187 14188 14131
f 14186 14187 14133
f 14184 14185 14134
f 14181 14182 14138
f 14145 14177 14142
f 14175 14145 14144
f 14143 14179 14140
f 14141 14181 14139
f 14180 14141 14140
f 14178 14143 14142
f 14138 14182 14136
f 14184 14135 14137
f 14137 14136 14183
f 14139 14181 14138
f 14135 14184 14134
f 14132 14186 14133
f 14133 14187 14131
f 14185 14132 14134
f 14129 14131 14188
f 14188 14189 14129
f 14231 14205 14112
f 14190 14191 14127
f 14192 14193 14126
f 14191 14192 14125
f 14194 14195 14124
f 14196 14197 14120
f 14195 14196 14122
f 14193 14194 14123
f 14198 14199 14118
f 14200 14201 14115
f 14199 14200 14119
f 14202 14203 14113
f 14204 14231 14112
f 14203 14204 14114
f 14201 14202 14116
f 14197 14198 14121
f 14129 14189 14130
f 14125 14127 14191
f 14130 14190 14127
f 14123 14126 14193
f 14122 14124 14195
f 14123 14194 14124
f 14125 14192 14126
f 14121 14120 14197
f 14119 14118 14199
f 14121 14198 14118
f 14116 14115 14201
f 14114 14113 14203
f 14112 14114 14204
f 14116 14202 14113
f 14119 14200 14115
f 14122 14196 14120
f 14130 14189 14190
f 14117 14236 14135
f 14135 14236 14232
f 14236 14117 14205
f 14146 14147 14205
f 14148 14158 14206
f 14147 14148 14207
f 14150 14149 14208
f 14151 14152 14209
f 14149 14151 14210
f 14153 14154 14211
f 14155 14156 14212
f 14154 14155 14211
f 14152 14153 14213
f 14158 14150 14206
f 14205 14147 14207
f 14238 14148 14206
f 14148 14238 14207
f 14208 14149 14210
f 14151 14209 14236
f 14236 14210 14151
f 14206 14150 14208
f 14209 14152 14213
f 14211 14155 14212
f 14212 14156 14214
f 14153 14211 14213
f 14157 14215 14214
f 14214 14156 14157
f 14160 14161 14216
f 14162 14163 14217
f 14161 14162 14217
f 14164 14165 14218
f 14166 14167 14219
f 14165 14166 14220
f 14163 14164 14221
f 14168 14169 14222
f 14171 14170 14223
f 14169 14171 14222
f 14173 14172 14224
f 14174 14175 14225
f 14172 14174 14224
f 14170 14173 14226
f 14235 14215 14160
f 14217 14216 14161
f 14235 14160 14216
f 14234 14221 14164
f 14220 14218 14165
f 14234 14164 14218
f 14217 14163 14221
f 14168 14219 14167
f 14223 14222 14171
f 14226 14232 14170
f 14225 14224 14174
f 14144 14225 14175
f 14226 14173 14224
f 14223 14170 14232
f 14220 14166 14219
f 14160 14215 14157
f 14227 14109 14172
f 14172 14169 14227
f 14169 14159 14227
f 14159 14154 14227
f 14227 14158 14146
f 14109 14178 14177
f 14176 14179 14178
f 14176 14178 14109
f 14176 14180 14179
f 14176 14181 14180
f 14182 14181 14176
f 14184 14229 14185
f 14229 14184 14183
f 14185 14229 14186
f 14187 14186 14229
f 14188 14187 14229
f 14229 14189 14188
f 14182 14176 14228
f 14228 14176 14229
f 14229 14183 14228
f 14229 14191 14190
f 14229 14192 14191
f 14229 14194 14193
f 14194 14229 14195
f 14229 14193 14192
f 14190 14189 14229
f 14230 14197 14196
f 14197 14230 14198
f 14199 14198 14230
f 14200 14199 14230
f 14229 14230 14195
f 14202 14201 14111
f 14204 14203 14231
f 14203 14202 14231
f 14111 14201 14200
f 14196 14195 14230
f 14200 14230 14111
f 14231 14202 14111
f 14146 14231 14111
f 14225 14232 14224
f 14222 14223 14232
f 14224 14232 14226
f 14135 14232 14144
f 14219 14168 14233
f 14218 14220 14234
f 14219 14234 14220
f 14217 14221 14234
f 14217 14235 14216
f 14235 14232 14236
f 14222 14233 14168
f 14144 14232 14225
f 14232 14233 14222
f 14235 14234 14232
f 14234 14235 14217
f 14234 14233 14232
f 14233 14234 14219
f 14212 14214 14237
f 14213 14211 14237
f 14213 14237 14209
f 14212 14237 14211
f 14235 14236 14237
f 14206 14208 14236
f 14207 14238 14205
f 14210 14236 14208
f 14237 14236 14209
f 14236 14238 14206
f 14236 14205 14238
f 14215 14237 14214
f 14235 14237 14215
f 14111 14227 14146
f 14243 14247 14244
f 14243 14241 14247
f 14244 14240 14243
f 14241 14242 14247
f 14245 14247 14242
f 14247 14245 14246
f 14247 14246 14239
f 14239 14244 14247
f 14245 14242 14249
f 14241 14243 14250
f 14242 14241 14251
f 14240 14244 14252
f 14243 14240 14253
f 14246 14245 14248
f 14256 14246 14254
f 14254 14246 14248
f 14249 14242 14251
f 14241 14250 14255
f 14255 14251 14241
f 14248 14245 14249
f 14250 14243 14253
f 14252 14244 14239
f 14240 14252 14253
f 14239 14254 14252
f 14250 14253 14254
f 14252 14254 14253
f 14248 14249 14255
f 14248 14255 14254
f 14251 14255 14249
f 14254 14255 14250
f 14239 14256 14254
f 14239 14246 14256
f 14258 14259 14260
f 14262 14263 14264
f 14260 14265 14261
f 14267 14268 14274
f 14269 14267 14274
f 14266 14274 14268
f 14270 14271 14275
f 14273 14272 14275
f 14269 14274 14271
f 14265 14274 14264
f 14259 14265 14260
f 14264 14274 14266
f 14265 14264 14263
f 14274 14275 14271
f 14275 14274 14283
f 14276 14277 14275
f 14276 14283 14278
f 14279 14280 14283
f 14281 14282 14283
f 14279 14283 14282
f 14278 14283 14280
f 14284 14285 14283
f 14284 14283 14286
f 14287 14288 14292
f 14290 14289 14291
f 14281 14283 14285
f 14275 14283 14276
f 14292 14291 14287
f 14293 14291 14292
f 14283 14292 14286
f 14273 14275 14277
f 14293 14294 14291
f 14294 14290 14291
f 14300 14402 14302
f 14297 14302 14301
f 14295 14302 14297
f 14303 14402 14300
f 14298 14402 14303
f 14296 14300 14302
f 14298 14299 14402
f 14299 14304 14402
f 14304 14305 14402
f 14307 14402 14305
f 14306 14402 14307
f 14306 14311 14402
f 14311 14308 14309
f 14311 14309 14310
f 14306 14308 14311
f 14313 14312 14311
f 14316 14403 14312
f 14313 14311 14319
f 14320 14312 14314
f 14315 14312 14320
f 14313 14314 14312
f 14318 14316 14312
f 14312 14315 14318
f 14316 14317 14403
f 14321 14403 14317
f 14403 14321 14322
f 14310 14319 14311
f 14324 14328 14403
f 14323 14324 14403
f 14325 14328 14324
f 14328 14325 14326
f 14328 14327 14329
f 14328 14329 14330
f 14326 14327 14328
f 14322 14323 14403
f 14401 14399 14331
f 14331 14395 14401
f 14399 14257 14393
f 14389 14391 14257
f 14391 14393 14257
f 14312 14402 14311
f 14389 14257 14328
f 14403 14328 14257
f 14402 14312 14403
f 14392 14332 14290
f 14301 14392 14290
f 14333 14334 14287
f 14335 14336 14288
f 14334 14335 14288
f 14332 14333 14289
f 14337 14338 14284
f 14339 14340 14281
f 14338 14339 14285
f 14341 14342 14279
f 14343 14344 14278
f 14342 14343 14280
f 14340 14341 14282
f 14336 14337 14286
f 14290 14332 14289
f 14301 14290 14294
f 14291 14333 14287
f 14288 14336 14292
f 14334 14288 14287
f 14333 14291 14289
f 14286 14337 14284
f 14339 14281 14285
f 14285 14284 14338
f 14292 14336 14286
f 14281 14340 14282
f 14279 14342 14280
f 14280 14343 14278
f 14341 14279 14282
f 14276 14278 14344
f 14344 14345 14276
f 14330 14258 14260
f 14346 14347 14273
f 14348 14349 14272
f 14347 14348 14273
f 14350 14351 14271
f 14390 14352 14269
f 14351 14390 14269
f 14349 14350 14270
f 14353 14354 14268
f 14355 14391 14262
f 14354 14355 14266
f 14356 14357 14263
f 14389 14358 14261
f 14357 14389 14261
f 14391 14356 14262
f 14352 14353 14267
f 14276 14345 14277
f 14272 14273 14348
f 14277 14346 14273
f 14270 14275 14349
f 14269 14271 14351
f 14270 14350 14271
f 14272 14349 14275
f 14268 14267 14353
f 14264 14266 14355
f 14268 14354 14266
f 14263 14262 14356
f 14261 14265 14357
f 14260 14261 14358
f 14263 14357 14265
f 14264 14355 14262
f 14269 14352 14267
f 14358 14330 14260
f 14277 14345 14346
f 14283 14274 14293
f 14293 14292 14283
f 14265 14359 14293
f 14274 14265 14293
f 14359 14397 14293
f 14265 14360 14359
f 14330 14329 14258
f 14327 14326 14361
f 14329 14327 14362
f 14325 14324 14363
f 14323 14322 14364
f 14324 14323 14365
f 14326 14325 14366
f 14321 14317 14367
f 14316 14318 14368
f 14317 14316 14369
f 14315 14320 14370
f 14314 14313 14371
f 14320 14314 14372
f 14318 14315 14373
f 14322 14321 14374
f 14258 14329 14362
f 14361 14326 14366
f 14327 14361 14362
f 14363 14324 14365
f 14364 14322 14374
f 14323 14364 14365
f 14325 14363 14366
f 14367 14317 14369
f 14318 14373 14368
f 14368 14369 14316
f 14374 14321 14367
f 14373 14315 14370
f 14372 14314 14371
f 14371 14313 14375
f 14320 14372 14370
f 14319 14376 14375
f 14375 14313 14319
f 14310 14309 14377
f 14308 14306 14378
f 14309 14308 14379
f 14307 14305 14380
f 14304 14299 14381
f 14305 14304 14382
f 14306 14307 14380
f 14298 14303 14383
f 14300 14296 14384
f 14303 14300 14383
f 14302 14295 14385
f 14297 14301 14294
f 14295 14297 14386
f 14296 14302 14385
f 14299 14298 14387
f 14377 14376 14310
f 14396 14379 14308
f 14377 14309 14379
f 14380 14378 14306
f 14359 14382 14304
f 14380 14305 14382
f 14396 14308 14378
f 14387 14381 14299
f 14397 14383 14300
f 14387 14298 14383
f 14385 14384 14296
f 14388 14386 14297
f 14294 14388 14297
f 14385 14295 14386
f 14397 14300 14384
f 14359 14304 14381
f 14310 14376 14319
f 14402 14399 14401
f 14393 14391 14354
f 14328 14330 14358
f 14389 14328 14358
f 14391 14389 14356
f 14357 14356 14389
f 14355 14354 14391
f 14302 14392 14301
f 14390 14399 14393
f 14399 14390 14394
f 14352 14390 14393
f 14353 14352 14393
f 14390 14351 14394
f 14351 14350 14394
f 14394 14350 14349
f 14394 14349 14348
f 14393 14354 14353
f 14347 14399 14394
f 14331 14399 14347
f 14346 14331 14347
f 14343 14395 14331
f 14344 14331 14345
f 14343 14331 14344
f 14346 14345 14331
f 14342 14341 14395
f 14395 14343 14342
f 14341 14340 14395
f 14339 14395 14340
f 14338 14395 14339
f 14394 14348 14347
f 14395 14335 14401
f 14336 14335 14395
f 14337 14336 14395
f 14335 14334 14401
f 14334 14333 14401
f 14401 14333 14332
f 14401 14332 14392
f 14302 14401 14392
f 14395 14338 14337
f 14388 14294 14293
f 14384 14385 14397
f 14386 14397 14385
f 14381 14387 14397
f 14380 14382 14359
f 14377 14379 14360
f 14376 14377 14360
f 14380 14396 14378
f 14396 14359 14360
f 14383 14397 14387
f 14293 14397 14388
f 14388 14397 14386
f 14397 14359 14381
f 14359 14396 14380
f 14396 14360 14379
f 14371 14375 14360
f 14371 14360 14372
f 14373 14370 14360
f 14369 14368 14398
f 14373 14398 14368
f 14372 14360 14370
f 14374 14367 14398
f 14365 14364 14398
f 14374 14398 14364
f 14366 14363 14398
f 14362 14361 14398
f 14258 14362 14259
f 14366 14398 14361
f 14365 14398 14363
f 14369 14398 14367
f 14360 14398 14373
f 14360 14265 14259
f 14398 14259 14362
f 14398 14360 14259
f 14376 14360 14375
f 14403 14257 14399
f 14399 14400 14403
f 14400 14399 14402
f 14302 14402 14401
f 14402 14403 14400
f 14404 14405 14438
f 14406 14438 14405
f 14407 14408 14418
f 14407 14418 14409
f 14404 14438 14408
f 14410 14411 14418
f 14412 14413 14438
f 14410 14418 14413
f 14414 14415 14416
f 14412 14438 14415
f 14438 14418 14408
f 14418 14438 14413
f 14438 14416 14415
f 14417 14416 14419
f 14420 14421 14530
f 14422 14423 14530
f 14420 14530 14423
f 14424 14425 14530
f 14426 14427 14530
f 14424 14530 14427
f 14422 14530 14425
f 14428 14429 14530
f 14432 14433 14434
f 14430 14434 14431
f 14426 14530 14429
f 14530 14434 14430
f 14419 14530 14421
f 14416 14530 14419
f 14435 14432 14434
f 14440 14439 14445
f 14441 14442 14445
f 14443 14444 14445
f 14442 14443 14445
f 14446 14447 14453
f 14447 14448 14453
f 14449 14450 14453
f 14451 14452 14437
f 14450 14451 14453
f 14444 14446 14445
f 14453 14451 14437
f 14453 14445 14446
f 14454 14455 14456
f 14457 14458 14469
f 14459 14460 14469
f 14458 14459 14469
f 14461 14462 14469
f 14463 14464 14469
f 14462 14463 14469
f 14460 14461 14469
f 14465 14466 14469
f 14467 14468 14469
f 14466 14467 14469
f 14464 14465 14469
f 14469 14468 14436
f 14470 14455 14436
f 14469 14437 14457
f 14438 14532 14530
f 14531 14530 14532
f 14529 14436 14455
f 14529 14437 14469
f 14436 14529 14469
f 14437 14529 14453
f 14445 14453 14529
f 14456 14455 14433
f 14454 14456 14432
f 14470 14436 14431
f 14468 14467 14430
f 14436 14468 14431
f 14455 14470 14433
f 14466 14465 14429
f 14464 14463 14427
f 14465 14464 14426
f 14462 14461 14425
f 14460 14459 14423
f 14461 14460 14422
f 14463 14462 14424
f 14467 14466 14428
f 14432 14456 14433
f 14454 14432 14435
f 14434 14470 14431
f 14430 14467 14530
f 14468 14430 14431
f 14470 14434 14433
f 14428 14466 14429
f 14464 14427 14426
f 14426 14429 14465
f 14530 14467 14428
f 14427 14463 14424
f 14425 14461 14422
f 14422 14460 14423
f 14462 14425 14424
f 14420 14423 14459
f 14459 14458 14420
f 14440 14406 14405
f 14457 14437 14419
f 14452 14451 14417
f 14437 14452 14419
f 14450 14449 14415
f 14453 14448 14412
f 14449 14453 14412
f 14451 14450 14414
f 14447 14446 14410
f 14444 14443 14409
f 14446 14444 14411
f 14442 14441 14408
f 14445 14439 14404
f 14441 14445 14404
f 14443 14442 14407
f 14448 14447 14413
f 14420 14458 14421
f 14417 14419 14452
f 14421 14457 14419
f 14414 14416 14451
f 14412 14415 14449
f 14414 14450 14415
f 14417 14451 14416
f 14410 14413 14447
f 14418 14411 14444
f 14410 14446 14411
f 14407 14409 14443
f 14404 14408 14441
f 14405 14404 14439
f 14407 14442 14408
f 14418 14444 14409
f 14412 14448 14413
f 14439 14440 14405
f 14421 14458 14457
f 14440 14475 14406
f 14476 14477 14478
f 14475 14476 14479
f 14480 14481 14482
f 14477 14480 14485
f 14486 14487 14488
f 14489 14490 14491
f 14487 14489 14492
f 14493 14535 14494
f 14495 14496 14497
f 14535 14495 14494
f 14490 14493 14498
f 14483 14486 14499
f 14406 14475 14479
f 14478 14477 14485
f 14476 14478 14479
f 14482 14481 14533
f 14484 14483 14499
f 14481 14484 14533
f 14480 14482 14485
f 14488 14487 14492
f 14490 14473 14491
f 14491 14492 14489
f 14499 14486 14488
f 14473 14490 14498
f 14494 14495 14497
f 14497 14496 14500
f 14493 14494 14498
f 14501 14502 14500
f 14500 14496 14501
f 14503 14504 14505
f 14506 14507 14508
f 14504 14506 14509
f 14510 14511 14512
f 14513 14514 14515
f 14511 14513 14516
f 14507 14510 14512
f 14517 14536 14518
f 14519 14520 14521
f 14536 14519 14518
f 14522 14523 14524
f 14525 14454 14435
f 14523 14525 14526
f 14520 14522 14527
f 14514 14517 14528
f 14505 14502 14503
f 14508 14509 14506
f 14505 14504 14509
f 14512 14472 14507
f 14531 14516 14513
f 14512 14511 14516
f 14508 14507 14472
f 14528 14515 14514
f 14471 14518 14519
f 14528 14517 14518
f 14527 14521 14520
f 14526 14524 14523
f 14435 14526 14525
f 14527 14522 14524
f 14471 14519 14521
f 14531 14513 14515
f 14503 14502 14501
f 14416 14438 14530
f 14454 14525 14455
f 14523 14522 14529
f 14525 14523 14529
f 14520 14519 14529
f 14522 14520 14529
f 14514 14513 14529
f 14513 14511 14510
f 14507 14506 14529
f 14504 14503 14529
f 14506 14504 14529
f 14517 14514 14529
f 14455 14525 14529
f 14536 14529 14519
f 14529 14536 14517
f 14510 14507 14529
f 14529 14513 14510
f 14503 14501 14529
f 14496 14495 14529
f 14493 14490 14534
f 14489 14487 14534
f 14490 14489 14534
f 14486 14483 14534
f 14480 14477 14534
f 14476 14475 14534
f 14477 14476 14534
f 14481 14480 14534
f 14487 14486 14534
f 14535 14529 14495
f 14535 14493 14534
f 14534 14483 14484
f 14481 14534 14484
f 14534 14475 14445
f 14445 14475 14440
f 14496 14529 14501
f 14530 14531 14471
f 14474 14472 14531
f 14531 14532 14474
f 14474 14532 14473
f 14438 14533 14532
f 14445 14529 14534
f 14535 14534 14529
f 14526 14435 14434
f 14527 14524 14471
f 14526 14530 14524
f 14528 14518 14531
f 14471 14531 14518
f 14527 14471 14521
f 14512 14516 14472
f 14505 14509 14474
f 14508 14474 14509
f 14528 14531 14515
f 14526 14434 14530
f 14524 14530 14471
f 14508 14472 14474
f 14516 14531 14472
f 14505 14474 14502
f 14497 14500 14474
f 14498 14494 14473
f 14497 14474 14494
f 14488 14492 14532
f 14491 14532 14492
f 14484 14499 14533
f 14478 14485 14438
f 14406 14479 14438
f 14478 14438 14479
f 14482 14533 14485
f 14488 14532 14499
f 14491 14473 14532
f 14494 14474 14473
f 14499 14532 14533
f 14485 14533 14438
f 14502 14474 14500
