v 0.009815 0.004475 0.016300
v 0.009879 0.004586 0.016300
v 0.009958 0.004688 0.016300
v 0.010089 0.004806 0.016300
v 0.008721 0.004033 0.016352
v 0.009736 0.004232 0.016300
v 0.010462 0.004985 0.016300
v 0.009072 0.005319 0.016300
v 0.010031 0.005916 0.016300
v 0.010055 0.003888 0.016151
v 0.009798 0.003765 0.016300
v 0.009835 0.003687 0.016300
v 0.009317 0.002757 0.016377
v 0.010089 0.003393 0.016300
v 0.010295 0.002199 0.016300
v 0.010350 0.003253 0.016300
v 0.011093 0.004830 0.016300
v 0.011779 0.004560 0.016392
v 0.011870 0.005533 0.016300
v 0.012230 0.005091 0.016300
v 0.010608 0.005987 0.016385
v 0.012497 0.004286 0.016300
v 0.012470 0.004470 0.016300
v 0.011482 0.004099 0.016300
v 0.011726 0.002562 0.016300
v 0.011086 0.003359 0.016300
v 0.012126 0.002940 0.016300
v 0.011225 0.002291 0.016300
v 0.011337 0.003613 0.016300
v 0.012507 0.004006 0.016300
v 0.012011 0.003871 0.016441
v 0.012532 0.003720 0.016185
v 0.008849 0.003160 0.015993
v 0.010167 0.002224 0.015999
v 0.011738 0.002464 0.015994
v 0.012455 0.004764 0.016077
v 0.011301 0.005946 0.015996
v 0.009721 0.005821 0.015999
v 0.008830 0.004868 0.015999
v 0.009611 0.004001 0.015100
v 0.009626 0.003904 0.015100
v 0.009650 0.003809 0.015100
v 0.009607 0.004099 0.015100
v 0.009683 0.003717 0.015100
v 0.009725 0.003628 0.015100
v 0.009775 0.003544 0.015100
v 0.009834 0.003465 0.015100
v 0.009899 0.003392 0.015100
v 0.009972 0.003326 0.015100
v 0.010051 0.003268 0.015100
v 0.010135 0.003218 0.015100
v 0.010224 0.003176 0.015100
v 0.010316 0.003143 0.015100
v 0.010412 0.003119 0.015100
v 0.010509 0.003104 0.015100
v 0.010607 0.003099 0.015100
v 0.010705 0.003104 0.015100
v 0.010802 0.003119 0.015100
v 0.010989 0.003176 0.015100
v 0.011078 0.003218 0.015100
v 0.011162 0.003268 0.015100
v 0.011241 0.003326 0.015100
v 0.010897 0.003143 0.015100
v 0.011314 0.003392 0.015100
v 0.011380 0.003465 0.015100
v 0.011438 0.003544 0.015100
v 0.011489 0.003628 0.015100
v 0.011587 0.003904 0.015100
v 0.011602 0.004001 0.015100
v 0.011564 0.003809 0.015100
v 0.011530 0.003717 0.015100
v 0.011607 0.004099 0.015100
v 0.009611 0.004197 0.015100
v 0.011602 0.004197 0.015100
v 0.011587 0.004295 0.015100
v 0.011564 0.004390 0.015100
v 0.010897 0.005056 0.015100
v 0.010802 0.005080 0.015100
v 0.011530 0.004482 0.015100
v 0.011489 0.004571 0.015100
v 0.011438 0.004655 0.015100
v 0.011380 0.004734 0.015100
v 0.011314 0.004807 0.015100
v 0.011241 0.004872 0.015100
v 0.011162 0.004931 0.015100
v 0.010989 0.005023 0.015100
v 0.011078 0.004981 0.015100
v 0.010705 0.005095 0.015100
v 0.010607 0.005099 0.015100
v 0.010509 0.005095 0.015100
v 0.010412 0.005080 0.015100
v 0.009650 0.004390 0.015100
v 0.009626 0.004295 0.015100
v 0.010316 0.005056 0.015100
v 0.010224 0.005023 0.015100
v 0.010135 0.004981 0.015100
v 0.009899 0.004807 0.015100
v 0.009972 0.004872 0.015100
v 0.010051 0.004931 0.015100
v 0.009834 0.004734 0.015100
v 0.009775 0.004655 0.015100
v 0.009725 0.004571 0.015100
v 0.009683 0.004482 0.015100
v 0.009607 0.004099 0.011500
v 0.009611 0.004001 0.011500
v 0.009626 0.003904 0.011500
v 0.009650 0.003809 0.011500
v 0.009683 0.003717 0.011500
v 0.009725 0.003628 0.011500
v 0.009775 0.003544 0.011500
v 0.009834 0.003465 0.011500
v 0.009899 0.003392 0.011500
v 0.009972 0.003326 0.011500
v 0.010051 0.003268 0.011500
v 0.010135 0.003218 0.011500
v 0.010224 0.003176 0.011500
v 0.010316 0.003143 0.011500
v 0.010412 0.003119 0.011500
v 0.010509 0.003104 0.011500
v 0.010607 0.003099 0.011500
v 0.010705 0.003104 0.011500
v 0.010802 0.003119 0.011500
v 0.010897 0.003143 0.011500
v 0.010989 0.003176 0.011500
v 0.011078 0.003218 0.011500
v 0.011162 0.003268 0.011500
v 0.011241 0.003326 0.011500
v 0.011314 0.003392 0.011500
v 0.011380 0.003465 0.011500
v 0.011438 0.003544 0.011500
v 0.011489 0.003628 0.011500
v 0.011530 0.003717 0.011500
v 0.011564 0.003809 0.011500
v 0.011587 0.003904 0.011500
v 0.011602 0.004001 0.011500
v 0.011607 0.004099 0.011500
v 0.009611 0.004197 0.011500
v 0.011602 0.004197 0.011500
v 0.011587 0.004295 0.011500
v 0.011564 0.004390 0.011500
v 0.011530 0.004482 0.011500
v 0.011489 0.004571 0.011500
v 0.011438 0.004655 0.011500
v 0.011380 0.004734 0.011500
v 0.011314 0.004807 0.011500
v 0.011241 0.004872 0.011500
v 0.011162 0.004931 0.011500
v 0.011078 0.004981 0.011500
v 0.010989 0.005023 0.011500
v 0.010897 0.005056 0.011500
v 0.010802 0.005080 0.011500
v 0.010705 0.005095 0.011500
v 0.010607 0.005099 0.011500
v 0.010509 0.005095 0.011500
v 0.010412 0.005080 0.011500
v 0.010316 0.005056 0.011500
v 0.010224 0.005023 0.011500
v 0.010135 0.004981 0.011500
v 0.010051 0.004931 0.011500
v 0.009972 0.004872 0.011500
v 0.009899 0.004807 0.011500
v 0.009834 0.004734 0.011500
v 0.009775 0.004655 0.011500
v 0.009725 0.004571 0.011500
v 0.009683 0.004482 0.011500
v 0.009650 0.004390 0.011500
v 0.009626 0.004295 0.011500
v 0.011396 0.004269 0.011300
v 0.011364 0.003799 0.011300
v 0.011120 0.004745 0.011300
v 0.010405 0.004903 0.011299
v 0.010401 0.003279 0.011299
v 0.011065 0.003435 0.011300
v 0.009871 0.004462 0.011300
v 0.009831 0.003836 0.011300
v 0.010717 0.003473 0.016206
v 0.011045 0.003524 0.016186
v 0.011062 0.003841 0.016035
v 0.010909 0.003461 0.015862
v 0.011074 0.004339 0.016044
v 0.011124 0.004305 0.016066
v 0.011051 0.004371 0.016041
v 0.010930 0.004785 0.016206
v 0.011044 0.004410 0.016052
v 0.011357 0.004165 0.016210
v 0.011380 0.004086 0.016226
v 0.010633 0.004624 0.016044
v 0.010930 0.003414 0.016206
v 0.011038 0.004735 0.016218
v 0.010593 0.004620 0.016041
v 0.010231 0.004777 0.016227
v 0.010271 0.004784 0.016218
v 0.010145 0.004429 0.016062
v 0.010471 0.003519 0.015849
v 0.009803 0.004073 0.016260
v 0.010218 0.003426 0.016229
v 0.010172 0.003504 0.016191
v 0.011353 0.004070 0.015729
v 0.010649 0.004772 0.015660
v 0.010170 0.003659 0.015660
v 0.010624 0.003579 0.015660
v 0.011196 0.004097 0.015660
v 0.010416 0.004699 0.015868
v 0.009965 0.004093 0.015660
v 0.009892 0.004140 0.015955
v 0.009815 -0.016739 0.016300
v 0.009879 -0.016628 0.016300
v 0.009958 -0.016525 0.016300
v 0.010089 -0.016407 0.016300
v 0.008721 -0.017180 0.016352
v 0.009736 -0.016981 0.016300
v 0.010462 -0.016228 0.016300
v 0.009072 -0.015894 0.016300
v 0.010031 -0.015297 0.016300
v 0.010055 -0.017326 0.016151
v 0.009798 -0.017449 0.016300
v 0.009835 -0.017526 0.016300
v 0.009317 -0.018457 0.016377
v 0.010089 -0.017820 0.016300
v 0.010295 -0.019015 0.016300
v 0.010350 -0.017960 0.016300
v 0.011093 -0.016383 0.016300
v 0.011779 -0.016653 0.016392
v 0.011870 -0.015680 0.016300
v 0.012230 -0.016122 0.016300
v 0.010608 -0.015226 0.016385
v 0.012497 -0.016927 0.016300
v 0.012470 -0.016743 0.016300
v 0.011482 -0.017114 0.016300
v 0.011726 -0.018651 0.016300
v 0.011086 -0.017854 0.016300
v 0.012126 -0.018273 0.016300
v 0.011225 -0.018922 0.016300
v 0.011337 -0.017601 0.016300
v 0.012507 -0.017207 0.016300
v 0.012011 -0.017342 0.016441
v 0.012532 -0.017494 0.016185
v 0.008849 -0.018053 0.015993
v 0.010167 -0.018989 0.015999
v 0.011738 -0.018749 0.015994
v 0.012455 -0.016449 0.016077
v 0.011301 -0.015267 0.015996
v 0.009721 -0.015393 0.015999
v 0.008830 -0.016345 0.015999
v 0.009611 -0.017212 0.015100
v 0.009626 -0.017309 0.015100
v 0.009650 -0.017404 0.015100
v 0.009607 -0.017114 0.015100
v 0.009683 -0.017496 0.015100
v 0.009725 -0.017585 0.015100
v 0.009775 -0.017669 0.015100
v 0.009834 -0.017748 0.015100
v 0.009899 -0.017821 0.015100
v 0.009972 -0.017887 0.015100
v 0.010051 -0.017945 0.015100
v 0.010135 -0.017996 0.015100
v 0.010224 -0.018038 0.015100
v 0.010316 -0.018071 0.015100
v 0.010412 -0.018095 0.015100
v 0.010509 -0.018109 0.015100
v 0.010607 -0.018114 0.015100
v 0.010705 -0.018109 0.015100
v 0.010802 -0.018095 0.015100
v 0.010989 -0.018038 0.015100
v 0.011078 -0.017996 0.015100
v 0.011162 -0.017945 0.015100
v 0.011241 -0.017887 0.015100
v 0.010897 -0.018071 0.015100
v 0.011314 -0.017821 0.015100
v 0.011380 -0.017748 0.015100
v 0.011438 -0.017669 0.015100
v 0.011489 -0.017585 0.015100
v 0.011587 -0.017309 0.015100
v 0.011602 -0.017212 0.015100
v 0.011564 -0.017404 0.015100
v 0.011530 -0.017496 0.015100
v 0.011607 -0.017114 0.015100
v 0.009611 -0.017016 0.015100
v 0.011602 -0.017016 0.015100
v 0.011587 -0.016919 0.015100
v 0.011564 -0.016823 0.015100
v 0.010897 -0.016157 0.015100
v 0.010802 -0.016133 0.015100
v 0.011530 -0.016731 0.015100
v 0.011489 -0.016642 0.015100
v 0.011438 -0.016558 0.015100
v 0.011380 -0.016479 0.015100
v 0.011314 -0.016407 0.015100
v 0.011241 -0.016341 0.015100
v 0.011162 -0.016282 0.015100
v 0.010989 -0.016190 0.015100
v 0.011078 -0.016232 0.015100
v 0.010705 -0.016119 0.015100
v 0.010607 -0.016114 0.015100
v 0.010509 -0.016119 0.015100
v 0.010412 -0.016133 0.015100
v 0.009650 -0.016823 0.015100
v 0.009626 -0.016919 0.015100
v 0.010316 -0.016157 0.015100
v 0.010224 -0.016190 0.015100
v 0.010135 -0.016232 0.015100
v 0.009899 -0.016407 0.015100
v 0.009972 -0.016341 0.015100
v 0.010051 -0.016282 0.015100
v 0.009834 -0.016479 0.015100
v 0.009775 -0.016558 0.015100
v 0.009725 -0.016642 0.015100
v 0.009683 -0.016731 0.015100
v 0.009607 -0.017114 0.011500
v 0.009611 -0.017212 0.011500
v 0.009626 -0.017309 0.011500
v 0.009650 -0.017404 0.011500
v 0.009683 -0.017496 0.011500
v 0.009725 -0.017585 0.011500
v 0.009775 -0.017669 0.011500
v 0.009834 -0.017748 0.011500
v 0.009899 -0.017821 0.011500
v 0.009972 -0.017887 0.011500
v 0.010051 -0.017945 0.011500
v 0.010135 -0.017996 0.011500
v 0.010224 -0.018038 0.011500
v 0.010316 -0.018071 0.011500
v 0.010412 -0.018095 0.011500
v 0.010509 -0.018109 0.011500
v 0.010607 -0.018114 0.011500
v 0.010705 -0.018109 0.011500
v 0.010802 -0.018095 0.011500
v 0.010897 -0.018071 0.011500
v 0.010989 -0.018038 0.011500
v 0.011078 -0.017996 0.011500
v 0.011162 -0.017945 0.011500
v 0.011241 -0.017887 0.011500
v 0.011314 -0.017821 0.011500
v 0.011380 -0.017748 0.011500
v 0.011438 -0.017669 0.011500
v 0.011489 -0.017585 0.011500
v 0.011530 -0.017496 0.011500
v 0.011564 -0.017404 0.011500
v 0.011587 -0.017309 0.011500
v 0.011602 -0.017212 0.011500
v 0.011607 -0.017114 0.011500
v 0.009611 -0.017016 0.011500
v 0.011602 -0.017016 0.011500
v 0.011587 -0.016919 0.011500
v 0.011564 -0.016823 0.011500
v 0.011530 -0.016731 0.011500
v 0.011489 -0.016642 0.011500
v 0.011438 -0.016558 0.011500
v 0.011380 -0.016479 0.011500
v 0.011314 -0.016407 0.011500
v 0.011241 -0.016341 0.011500
v 0.011162 -0.016282 0.011500
v 0.011078 -0.016232 0.011500
v 0.010989 -0.016190 0.011500
v 0.010897 -0.016157 0.011500
v 0.010802 -0.016133 0.011500
v 0.010705 -0.016119 0.011500
v 0.010607 -0.016114 0.011500
v 0.010509 -0.016119 0.011500
v 0.010412 -0.016133 0.011500
v 0.010316 -0.016157 0.011500
v 0.010224 -0.016190 0.011500
v 0.010135 -0.016232 0.011500
v 0.010051 -0.016282 0.011500
v 0.009972 -0.016341 0.011500
v 0.009899 -0.016407 0.011500
v 0.009834 -0.016479 0.011500
v 0.009775 -0.016558 0.011500
v 0.009725 -0.016642 0.011500
v 0.009683 -0.016731 0.011500
v 0.009650 -0.016823 0.011500
v 0.009626 -0.016919 0.011500
v 0.011396 -0.016944 0.011300
v 0.011364 -0.017414 0.011300
v 0.011120 -0.016468 0.011300
v 0.010405 -0.016310 0.011299
v 0.010401 -0.017935 0.011299
v 0.011065 -0.017778 0.011300
v 0.009871 -0.016752 0.011300
v 0.009831 -0.017378 0.011300
v 0.010717 -0.017740 0.016206
v 0.011045 -0.017689 0.016186
v 0.011062 -0.017372 0.016035
v 0.010909 -0.017752 0.015862
v 0.011074 -0.016874 0.016044
v 0.011124 -0.016908 0.016066
v 0.011051 -0.016842 0.016041
v 0.010930 -0.016428 0.016206
v 0.011044 -0.016803 0.016052
v 0.011357 -0.017048 0.016210
v 0.011380 -0.017127 0.016226
v 0.010633 -0.016590 0.016044
v 0.010930 -0.017799 0.016206
v 0.011038 -0.016478 0.016218
v 0.010593 -0.016593 0.016041
v 0.010231 -0.016436 0.016227
v 0.010271 -0.016429 0.016218
v 0.010145 -0.016785 0.016062
v 0.010471 -0.017694 0.015849
v 0.009803 -0.017140 0.016260
v 0.010218 -0.017787 0.016229
v 0.010172 -0.017709 0.016191
v 0.011353 -0.017143 0.015729
v 0.010649 -0.016441 0.015660
v 0.010170 -0.017554 0.015660
v 0.010624 -0.017634 0.015660
v 0.011196 -0.017116 0.015660
v 0.010416 -0.016514 0.015868
v 0.009965 -0.017120 0.015660
v 0.009892 -0.017073 0.015955
v -0.010771 0.004960 0.016300
v -0.010643 0.004974 0.016300
v -0.010514 0.004970 0.016300
v -0.010342 0.004935 0.016300
v -0.011773 0.005583 0.016352
v -0.011013 0.004881 0.016300
v -0.009976 0.004739 0.016300
v -0.010528 0.006058 0.016300
v -0.009479 0.005636 0.016300
v -0.011103 0.004420 0.016151
v -0.011354 0.004555 0.016300
v -0.011395 0.004479 0.016300
v -0.012452 0.004349 0.016377
v -0.011483 0.004101 0.016300
v -0.012325 0.003230 0.016300
v -0.011441 0.003807 0.016300
v -0.009730 0.004138 0.016300
v -0.009543 0.003425 0.016392
v -0.008703 0.003925 0.016300
v -0.008848 0.003374 0.016300
v -0.009082 0.005212 0.016385
v -0.009341 0.002683 0.016300
v -0.009208 0.002814 0.016300
v -0.010090 0.003393 0.016300
v -0.011187 0.002288 0.016300
v -0.010922 0.003276 0.016300
v -0.010647 0.002189 0.016300
v -0.011702 0.002533 0.016300
v -0.010569 0.003222 0.016300
v -0.009561 0.002510 0.016300
v -0.009962 0.002831 0.016441
v -0.009777 0.002320 0.016185
v -0.012403 0.004965 0.015993
v -0.012380 0.003348 0.015999
v -0.011260 0.002222 0.015994
v -0.008979 0.002999 0.016077
v -0.008706 0.004628 0.015996
v -0.009739 0.005830 0.015999
v -0.011034 0.005987 0.015999
v -0.011273 0.004845 0.015100
v -0.011343 0.004776 0.015100
v -0.011406 0.004701 0.015100
v -0.011197 0.004907 0.015100
v -0.011461 0.004620 0.015100
v -0.011508 0.004533 0.015100
v -0.011546 0.004443 0.015100
v -0.011575 0.004349 0.015100
v -0.011595 0.004253 0.015100
v -0.011605 0.004156 0.015100
v -0.011606 0.004058 0.015100
v -0.011597 0.003960 0.015100
v -0.011578 0.003863 0.015100
v -0.011551 0.003769 0.015100
v -0.011514 0.003678 0.015100
v -0.011468 0.003591 0.015100
v -0.011414 0.003509 0.015100
v -0.011352 0.003433 0.015100
v -0.011283 0.003363 0.015100
v -0.011127 0.003245 0.015100
v -0.011041 0.003199 0.015100
v -0.010950 0.003160 0.015100
v -0.010856 0.003131 0.015100
v -0.011208 0.003301 0.015100
v -0.010760 0.003111 0.015100
v -0.010663 0.003101 0.015100
v -0.010565 0.003100 0.015100
v -0.010467 0.003109 0.015100
v -0.010185 0.003192 0.015100
v -0.010099 0.003238 0.015100
v -0.010276 0.003156 0.015100
v -0.010371 0.003128 0.015100
v -0.010017 0.003292 0.015100
v -0.011115 0.004961 0.015100
v -0.009940 0.003354 0.015100
v -0.009870 0.003423 0.015100
v -0.009808 0.003498 0.015100
v -0.009663 0.004430 0.015100
v -0.009700 0.004521 0.015100
v -0.009753 0.003579 0.015100
v -0.009706 0.003666 0.015100
v -0.009667 0.003756 0.015100
v -0.009638 0.003850 0.015100
v -0.009618 0.003946 0.015100
v -0.009608 0.004043 0.015100
v -0.009607 0.004141 0.015100
v -0.009635 0.004336 0.015100
v -0.009616 0.004239 0.015100
v -0.009745 0.004607 0.015100
v -0.009799 0.004689 0.015100
v -0.009861 0.004766 0.015100
v -0.009930 0.004836 0.015100
v -0.010937 0.005043 0.015100
v -0.011028 0.005006 0.015100
v -0.010005 0.004898 0.015100
v -0.010086 0.004954 0.015100
v -0.010173 0.005000 0.015100
v -0.010453 0.005088 0.015100
v -0.010357 0.005068 0.015100
v -0.010263 0.005039 0.015100
v -0.010550 0.005098 0.015100
v -0.010649 0.005099 0.015100
v -0.010746 0.005090 0.015100
v -0.010843 0.005071 0.015100
v -0.011197 0.004907 0.011500
v -0.011273 0.004845 0.011500
v -0.011343 0.004776 0.011500
v -0.011406 0.004701 0.011500
v -0.011461 0.004620 0.011500
v -0.011508 0.004533 0.011500
v -0.011546 0.004443 0.011500
v -0.011575 0.004349 0.011500
v -0.011595 0.004253 0.011500
v -0.011605 0.004156 0.011500
v -0.011606 0.004058 0.011500
v -0.011597 0.003960 0.011500
v -0.011578 0.003863 0.011500
v -0.011551 0.003769 0.011500
v -0.011514 0.003678 0.011500
v -0.011468 0.003591 0.011500
v -0.011414 0.003509 0.011500
v -0.011352 0.003433 0.011500
v -0.011283 0.003363 0.011500
v -0.011208 0.003301 0.011500
v -0.011127 0.003245 0.011500
v -0.011041 0.003199 0.011500
v -0.010950 0.003160 0.011500
v -0.010856 0.003131 0.011500
v -0.010760 0.003111 0.011500
v -0.010663 0.003101 0.011500
v -0.010565 0.003100 0.011500
v -0.010467 0.003109 0.011500
v -0.010371 0.003128 0.011500
v -0.010276 0.003156 0.011500
v -0.010185 0.003192 0.011500
v -0.010099 0.003238 0.011500
v -0.010017 0.003292 0.011500
v -0.011115 0.004961 0.011500
v -0.009940 0.003354 0.011500
v -0.009870 0.003423 0.011500
v -0.009808 0.003498 0.011500
v -0.009753 0.003579 0.011500
v -0.009706 0.003666 0.011500
v -0.009667 0.003756 0.011500
v -0.009638 0.003850 0.011500
v -0.009618 0.003946 0.011500
v -0.009608 0.004043 0.011500
v -0.009607 0.004141 0.011500
v -0.009616 0.004239 0.011500
v -0.009635 0.004336 0.011500
v -0.009663 0.004430 0.011500
v -0.009700 0.004521 0.011500
v -0.009745 0.004607 0.011500
v -0.009799 0.004689 0.011500
v -0.009861 0.004766 0.011500
v -0.009930 0.004836 0.011500
v -0.010005 0.004898 0.011500
v -0.010086 0.004954 0.011500
v -0.010173 0.005000 0.011500
v -0.010263 0.005039 0.011500
v -0.010357 0.005068 0.011500
v -0.010453 0.005088 0.011500
v -0.010550 0.005098 0.011500
v -0.010649 0.005099 0.011500
v -0.010746 0.005090 0.011500
v -0.010843 0.005071 0.011500
v -0.010937 0.005043 0.011500
v -0.011028 0.005006 0.011500
v -0.010004 0.003562 0.011300
v -0.010402 0.003311 0.011300
v -0.009782 0.004066 0.011300
v -0.010076 0.004736 0.011299
v -0.011391 0.003781 0.011299
v -0.010873 0.003337 0.011300
v -0.010748 0.004907 0.011300
v -0.011278 0.004570 0.011300
v -0.011047 0.003641 0.016206
v -0.010813 0.003406 0.016186
v -0.010547 0.003580 0.016035
v -0.010944 0.003479 0.015862
v -0.010138 0.003863 0.016044
v -0.010136 0.003803 0.016066
v -0.010125 0.003901 0.016041
v -0.009863 0.004243 0.016206
v -0.010098 0.003929 0.016052
v -0.010111 0.003533 0.016210
v -0.010161 0.003467 0.016226
v -0.010168 0.004387 0.016044
v -0.010969 0.003434 0.016206
v -0.009839 0.004126 0.016218
v -0.010194 0.004417 0.016041
v -0.010281 0.004803 0.016227
v -0.010252 0.004774 0.016218
v -0.010613 0.004666 0.016062
v -0.011156 0.003867 0.015849
v -0.011102 0.004732 0.016260
v -0.011380 0.004016 0.016229
v -0.011343 0.004099 0.016191
v -0.010190 0.003479 0.015729
v -0.010038 0.004462 0.015660
v -0.011220 0.004192 0.015660
v -0.011016 0.003779 0.015660
v -0.010261 0.003622 0.015660
v -0.010235 0.004607 0.015868
v -0.010990 0.004613 0.015660
v -0.010995 0.004700 0.015955
v 0.007603 0.047525 0.046239
v 0.008828 0.047423 0.046037
v 0.009058 0.047569 0.046281
v 0.007552 0.047488 0.046326
v 0.006711 0.047488 0.045604
v 0.010210 0.047477 0.046469
v 0.009427 0.047516 0.045471
v 0.010546 0.047471 0.044251
v 0.006531 0.047574 0.045956
v 0.005548 0.047488 0.045754
v 0.005369 0.047481 0.044865
v 0.007146 0.047488 0.043890
v 0.008714 0.047586 0.043465
v 0.007858 0.047536 0.043451
v 0.006667 0.047594 0.043799
v 0.007124 0.025096 0.043895
v 0.009255 0.025067 0.044217
v 0.006713 0.025085 0.045486
v 0.008381 0.025084 0.046395
v 0.008915 0.025288 0.046189
v 0.009129 0.025288 0.045988
v 0.009129 0.045088 0.045988
v 0.009300 0.025288 0.045748
v 0.009421 0.025288 0.045480
v 0.009421 0.045088 0.045480
v 0.009300 0.045088 0.045748
v 0.009487 0.025288 0.045194
v 0.009497 0.025288 0.044900
v 0.009497 0.045088 0.044900
v 0.009448 0.025288 0.044610
v 0.009344 0.025288 0.044335
v 0.009344 0.045088 0.044335
v 0.009448 0.045088 0.044610
v 0.009487 0.045088 0.045194
v 0.009189 0.025288 0.044085
v 0.008988 0.025288 0.043871
v 0.008988 0.045088 0.043871
v 0.008748 0.025288 0.043700
v 0.008480 0.025288 0.043579
v 0.008480 0.045088 0.043579
v 0.008748 0.045088 0.043700
v 0.008194 0.025288 0.043513
v 0.007900 0.025288 0.043503
v 0.007900 0.045088 0.043503
v 0.007610 0.025288 0.043552
v 0.007335 0.025288 0.043656
v 0.007335 0.045088 0.043656
v 0.007610 0.045088 0.043552
v 0.008194 0.045088 0.043513
v 0.009189 0.045088 0.044085
v 0.008915 0.045088 0.046189
v 0.007085 0.025288 0.043811
v 0.007085 0.045088 0.043811
v 0.008665 0.045088 0.046344
v 0.006871 0.045088 0.044012
v 0.006700 0.025288 0.044252
v 0.006579 0.025288 0.044520
v 0.006700 0.045088 0.044252
v 0.006513 0.025288 0.044806
v 0.006503 0.025288 0.045100
v 0.006503 0.045088 0.045100
v 0.006552 0.025288 0.045390
v 0.006656 0.025288 0.045665
v 0.006656 0.045088 0.045665
v 0.006552 0.045088 0.045390
v 0.006513 0.045088 0.044806
v 0.006811 0.025288 0.045915
v 0.007012 0.025288 0.046129
v 0.007012 0.045088 0.046129
v 0.007252 0.025288 0.046300
v 0.007520 0.025288 0.046421
v 0.007520 0.045088 0.046421
v 0.007252 0.045088 0.046300
v 0.007806 0.025288 0.046487
v 0.008100 0.025288 0.046497
v 0.008100 0.045088 0.046497
v 0.008390 0.025288 0.046448
v 0.008390 0.045088 0.046448
v 0.007806 0.045088 0.046487
v 0.006811 0.045088 0.045915
v 0.005788 0.045088 0.044252
v 0.006348 0.045088 0.042620
v 0.005180 0.045105 0.045762
v 0.009126 0.045088 0.042396
v 0.007365 0.045248 0.047954
v 0.010959 0.045088 0.044900
v 0.008937 0.045088 0.047750
v 0.009916 0.047273 0.047014
v 0.010554 0.047376 0.046028
v 0.010734 0.047373 0.045202
v 0.009632 0.047273 0.042755
v 0.006308 0.047325 0.042767
v 0.008064 0.047273 0.042225
v 0.010693 0.047375 0.044416
v 0.005583 0.047290 0.046346
v 0.005994 0.047443 0.046844
v 0.006520 0.047348 0.047325
v 0.005271 0.047289 0.044546
v 0.007163 0.047368 0.042382
v 0.009137 0.047368 0.042486
v 0.007352 0.047470 0.042405
v 0.008533 0.047464 0.042382
v 0.008015 0.047409 0.042272
v 0.009246 0.047431 0.042598
v 0.009800 0.047364 0.042941
v 0.010096 0.047394 0.043256
v 0.010459 0.047368 0.043752
v 0.010623 0.047395 0.045742
v 0.009897 0.047422 0.046961
v 0.009933 0.047476 0.043187
v 0.009315 0.047601 0.043479
v 0.010671 0.047473 0.045232
v 0.008923 0.047477 0.047539
v 0.006184 0.047448 0.042983
v 0.006467 0.047484 0.042870
v 0.009042 0.047366 0.047549
v 0.008094 0.047380 0.047746
v 0.007177 0.047412 0.047592
v 0.008789 0.047407 0.047613
v 0.007721 0.047477 0.047630
v 0.006456 0.047457 0.047208
v 0.005359 0.047364 0.045711
v 0.005558 0.047396 0.046220
v 0.005365 0.047447 0.045566
v 0.006875 0.047364 0.047493
v 0.005269 0.047409 0.044857
v 0.005350 0.047430 0.044512
v 0.005518 0.047385 0.043835
v 0.005580 0.047462 0.043895
v 0.005846 0.047397 0.043307
v 0.007903 0.046963 0.044183
v 0.007800 0.046993 0.044163
v 0.007306 0.047355 0.043957
v 0.007243 0.046964 0.044676
v 0.007207 0.046979 0.044727
v 0.007170 0.047325 0.044093
v 0.007216 0.047384 0.043982
v 0.006635 0.047502 0.045181
v 0.008416 0.047365 0.043798
v 0.008650 0.046960 0.044500
v 0.007363 0.046956 0.045524
v 0.008464 0.047169 0.045954
v 0.007510 0.047410 0.046228
v 0.008648 0.046299 0.045372
v 0.009303 0.047388 0.044839
v 0.008969 0.047155 0.044643
v 0.007174 0.046218 0.043997
v 0.007336 0.046218 0.044299
v 0.007304 0.046414 0.045492
v 0.007273 0.046218 0.043948
v 0.008381 0.046558 0.043979
v 0.007597 0.046218 0.046040
v 0.008682 0.046218 0.044406
v 0.009305 0.046218 0.044846
v 0.008801 0.046218 0.046000
v 0.007207 0.047397 0.043970
v -0.006891 -0.021904 0.016600
v -0.011689 -0.013933 0.016600
v -0.005084 -0.022647 0.016600
v -0.002847 -0.023278 0.017150
v -0.005716 -0.017466 0.016600
v -0.015479 -0.012948 0.016600
v -0.016666 -0.008174 0.016600
v -0.014028 -0.013466 0.016600
v -0.015355 -0.014033 0.016600
v -0.010649 -0.012376 0.016600
v 0.001667 -0.023174 0.016600
v 0.005683 -0.017554 0.016600
v 0.007452 -0.022362 0.016600
v 0.008546 -0.015054 0.017021
v 0.010928 -0.012433 0.016600
v 0.015557 -0.013018 0.016600
v 0.016690 -0.009264 0.016924
v -0.016732 -0.003614 0.016600
v -0.016453 -0.004865 0.017600
v -0.014788 0.002079 0.016600
v -0.015003 0.000153 0.016600
v -0.011092 -0.000744 0.016600
v -0.012913 -0.000082 0.018314
v -0.014402 0.000427 0.018600
v -0.007185 0.009258 0.016600
v -0.005689 0.004291 0.017850
v -0.009377 0.001010 0.016600
v -0.005934 0.009218 0.016600
v 0.011120 -0.000742 0.016600
v 0.016547 -0.004252 0.016600
v 0.015924 -0.000730 0.016600
v 0.014402 0.000427 0.016600
v 0.006280 0.007046 0.016600
v 0.001407 0.010342 0.016600
v 0.013219 0.004690 0.016600
v 0.006130 0.009052 0.016600
v 0.008459 -0.016562 0.024001
v 0.002442 -0.018382 0.021086
v 0.011802 -0.009168 0.022368
v 0.009083 0.001369 0.016782
v 0.011828 -0.004261 0.024000
v 0.011900 -0.004060 0.020600
v 0.010426 -0.000440 0.023320
v 0.003087 0.005170 0.022300
v 0.008485 0.001978 0.024000
v -0.010439 -0.000461 0.023271
v -0.002523 0.005346 0.021960
v -0.000000 0.005493 0.024000
v -0.011932 -0.004738 0.024000
v -0.011893 -0.008241 0.024000
v -0.013291 -0.004852 0.020602
v -0.010439 -0.012553 0.023362
v -0.005840 -0.017124 0.024000
v -0.005391 -0.017491 0.020600
v -0.000657 -0.018562 0.024000
v -0.009177 0.002667 0.023948
v -0.011483 -0.009991 0.024000
v -0.008485 -0.014992 0.024000
v -0.023187 -0.032121 0.016100
v -0.014747 -0.037907 0.016100
v -0.004212 -0.037911 0.016100
v -0.030578 -0.014166 0.016100
v -0.035795 -0.004968 0.016099
v -0.018631 -0.032446 0.016100
v -0.025333 -0.028621 0.016099
v 0.009219 -0.036898 0.016100
v 0.008546 -0.040128 0.016100
v 0.020798 -0.034311 0.016100
v 0.027977 -0.024699 0.016099
v 0.029214 -0.018608 0.016100
v 0.034623 -0.011577 0.016100
v -0.031449 -0.001842 0.015592
v -0.030144 0.002637 0.016100
v -0.025960 0.014786 0.016099
v -0.027680 0.008730 0.016100
v -0.019458 0.021982 0.016100
v -0.012055 0.022595 0.016100
v 0.020246 0.018814 0.016099
v 0.024547 0.017353 0.016099
v 0.033564 -0.001420 0.016098
v 0.010510 0.026668 0.016100
v 0.007666 0.024096 0.016100
v -0.011903 0.024598 0.016080
v -0.000175 0.028005 0.016100
v -0.010251 0.027493 0.022361
v -0.011800 0.025912 0.021600
v 0.000176 0.028766 0.021899
v 0.010350 0.027316 0.022187
v -0.005889 0.028065 0.021600
v 0.011800 0.025912 0.021600
v 0.013120 0.025962 0.023273
v 0.008959 -0.040341 0.023500
v 0.004382 -0.041572 0.021941
v 0.012606 -0.039493 0.022138
v 0.026589 -0.029268 0.023500
v 0.024529 -0.031474 0.023500
v 0.030001 -0.025248 0.022287
v 0.035627 -0.003691 0.022507
v 0.032199 0.007848 0.021924
v 0.034581 -0.001109 0.023500
v 0.026578 0.016313 0.023502
v 0.020769 0.021985 0.021923
v 0.023586 0.017978 0.024166
v 0.033319 -0.018195 0.022136
v 0.029478 0.013069 0.021912
v -0.005642 -0.041491 0.022263
v -0.013143 0.026060 0.023050
v -0.029156 0.012857 0.023500
v -0.024344 0.019287 0.021789
v -0.033743 0.003222 0.021854
v -0.034918 -0.004109 0.023500
v -0.034897 -0.013539 0.021830
v -0.034707 -0.000903 0.021953
v -0.031529 -0.021703 0.023500
v -0.033294 -0.017402 0.023503
v -0.029900 -0.025198 0.022694
v -0.025182 -0.031233 0.022570
v -0.017411 -0.037458 0.022161
v -0.034009 -0.010831 0.024095
v -0.007701 -0.039733 0.024118
v -0.018653 -0.035058 0.024115
v 0.000574 -0.040662 0.024079
v -0.027708 -0.026755 0.024206
v 0.010743 -0.038660 0.024213
v 0.022379 -0.034081 0.022595
v 0.026532 -0.027629 0.024103
v 0.030105 -0.021752 0.024142
v 0.031432 -0.019034 0.024130
v 0.033910 -0.004797 0.024133
v -0.033872 -0.002196 0.024116
v -0.032203 0.007783 0.022972
v -0.026081 0.016163 0.024023
v -0.014989 0.023967 0.024162
v 0.031438 0.006359 0.024073
v 0.030646 0.009687 0.024001
v 0.010673 0.025670 0.024138
v 0.017681 0.022296 0.024173
v 0.002402 -0.019532 0.023956
v 0.006714 -0.018003 0.023564
v 0.007956 -0.017432 0.024000
v 0.011708 -0.013419 0.022321
v 0.011531 -0.013556 0.024000
v 0.012881 -0.010362 0.023880
v 0.013093 -0.004267 0.023526
v 0.011302 0.000642 0.023490
v 0.010925 0.001449 0.024000
v 0.008038 0.003814 0.023970
v 0.004830 0.006039 0.023785
v 0.002099 0.006844 0.024000
v -0.002489 0.006664 0.023568
v -0.003354 -0.019582 0.023975
v -0.005277 0.005812 0.023555
v -0.005672 0.005760 0.024000
v -0.011319 0.000667 0.023106
v -0.012883 -0.002658 0.023870
v -0.013375 -0.008228 0.023976
v -0.011434 -0.013577 0.023268
v -0.010925 -0.014463 0.024000
v -0.008529 -0.016903 0.023847
v 0.003284 -0.039846 0.022200
v -0.000000 -0.040007 0.022200
v 0.017982 -0.035037 0.023963
v 0.033372 -0.013201 0.024165
v 0.025896 0.014745 0.022200
v 0.027854 0.012104 0.022200
v 0.012820 0.024443 0.022200
v -0.000241 0.027096 0.022310
v -0.000672 0.027703 0.024082
v -0.015792 0.023037 0.022200
v -0.021252 0.019389 0.022200
v -0.018612 0.021347 0.022200
v -0.023688 0.017181 0.022200
v -0.028235 0.011988 0.024065
v -0.031551 0.004907 0.022266
v -0.033339 -0.003224 0.022200
v -0.032856 0.000028 0.022200
v -0.033339 -0.009791 0.022200
v -0.033500 -0.006507 0.022200
v -0.032058 -0.016232 0.022200
v -0.032856 -0.013043 0.022200
v -0.029544 -0.022299 0.022200
v -0.030950 -0.019327 0.022200
v -0.025896 -0.027759 0.022200
v -0.027854 -0.025119 0.022200
v -0.021252 -0.032403 0.022200
v -0.023688 -0.030195 0.022200
v -0.015792 -0.036051 0.022200
v -0.018612 -0.034361 0.022200
v -0.009725 -0.038565 0.022200
v -0.012820 -0.037457 0.022200
v -0.003284 -0.039846 0.022200
v -0.006536 -0.039363 0.022200
v -0.015698 0.022861 0.022000
v -0.018500 0.021181 0.022000
v -0.003898 0.006496 0.022022
v -0.012743 0.024258 0.022000
v -0.021125 0.019234 0.022000
v -0.025741 0.014618 0.022000
v -0.027688 0.011993 0.022000
v -0.023547 0.017040 0.022000
v -0.009687 0.003180 0.022000
v -0.011418 0.001122 0.022000
v -0.029368 0.009190 0.022000
v -0.006497 0.026153 0.022000
v -0.009666 0.025359 0.022000
v -0.000673 0.007186 0.022000
v -0.003264 0.026633 0.022000
v -0.002673 0.006930 0.022000
v -0.000000 0.026793 0.022000
v -0.030765 0.006236 0.022000
v -0.031866 0.003159 0.022000
v -0.032660 -0.000011 0.022000
v -0.013010 -0.002644 0.022026
v -0.013320 -0.003930 0.022032
v -0.033140 -0.003243 0.022000
v -0.033300 -0.006507 0.022000
v -0.013550 -0.005240 0.022013
v -0.000498 0.007195 0.022013
v 0.006497 0.026153 0.022000
v 0.003264 0.026633 0.022000
v 0.009666 0.025359 0.022000
v 0.015698 0.022861 0.022000
v 0.012743 0.024258 0.022000
v 0.007489 0.004845 0.022031
v 0.018500 0.021181 0.022000
v 0.007611 0.004884 0.022000
v 0.021125 0.019234 0.022000
v 0.023547 0.017040 0.022000
v 0.025741 0.014618 0.022000
v 0.029368 0.009190 0.022000
v 0.027688 0.011993 0.022000
v 0.030765 0.006236 0.022000
v 0.009710 0.003203 0.022000
v 0.010958 0.001572 0.022021
v 0.013141 -0.002521 0.022000
v 0.031866 0.003159 0.022000
v 0.032660 -0.000011 0.022000
v 0.013634 -0.005164 0.022000
v 0.033140 -0.003243 0.022000
v 0.033300 -0.006507 0.022000
v 0.013640 -0.006478 0.022008
v -0.033140 -0.009771 0.022000
v -0.032660 -0.013004 0.022000
v -0.013437 -0.009180 0.022000
v -0.031866 -0.016174 0.022000
v -0.030765 -0.019250 0.022000
v -0.029368 -0.022205 0.022000
v -0.025741 -0.027632 0.022000
v -0.018500 -0.034195 0.022000
v -0.015698 -0.035875 0.022000
v -0.007298 -0.018054 0.022009
v -0.023547 -0.030054 0.022000
v -0.027688 -0.025008 0.022000
v -0.021125 -0.032248 0.022000
v -0.012743 -0.037272 0.022000
v -0.002632 -0.019890 0.022008
v -0.006497 -0.039167 0.022000
v -0.000000 -0.039807 0.022000
v -0.009666 -0.038373 0.022000
v -0.003264 -0.039647 0.022000
v 0.025741 -0.027632 0.022000
v 0.011391 -0.014118 0.022000
v 0.029368 -0.022205 0.022000
v 0.012393 -0.012369 0.022000
v 0.015698 -0.035875 0.022000
v 0.004823 -0.019415 0.022000
v 0.023547 -0.030054 0.022000
v 0.018500 -0.034195 0.022000
v 0.033140 -0.009771 0.022000
v 0.032660 -0.013004 0.022000
v 0.031866 -0.016174 0.022000
v 0.013110 -0.010484 0.022000
v 0.030765 -0.019250 0.022000
v 0.009666 -0.038373 0.022000
v 0.012743 -0.037272 0.022000
v 0.006497 -0.039167 0.022000
v 0.003264 -0.039647 0.022000
v 0.027688 -0.025008 0.022000
v 0.021125 -0.032248 0.022000
v -0.000985 -0.020031 0.022130
v 0.008910 -0.016696 0.022096
v 0.002669 -0.019811 0.022030
v 0.005225 -0.019050 0.022030
v 0.003593 -0.019557 0.022065
v 0.010494 -0.015119 0.022026
v 0.011983 -0.012997 0.022033
v 0.007837 -0.017712 0.022017
v 0.013331 -0.009223 0.022033
v 0.002597 0.006846 0.022017
v -0.000747 -0.020144 0.022007
v 0.013461 -0.004551 0.022031
v 0.012773 -0.001992 0.022065
v 0.011970 -0.000033 0.022013
v 0.009165 0.003544 0.022031
v 0.004613 0.006304 0.022019
v -0.005586 0.005819 0.022098
v -0.001523 0.006973 0.022092
v -0.012079 -0.000387 0.022131
v -0.007202 0.005114 0.022019
v -0.012870 -0.001968 0.023588
v -0.012613 -0.001315 0.022008
v -0.011421 0.000891 0.022039
v -0.013537 -0.007603 0.022039
v -0.011273 -0.014127 0.022031
v -0.013321 -0.009185 0.022030
v -0.012777 -0.011061 0.022037
v -0.009622 -0.016179 0.022007
v -0.007755 -0.017647 0.022073
v -0.004557 -0.019292 0.022033
v -0.000000 -0.039992 0.022123
v 0.009720 -0.038550 0.022123
v 0.006533 -0.039348 0.022123
v 0.003271 -0.039723 0.022015
v 0.009689 -0.038446 0.022015
v 0.012773 -0.037343 0.022015
v 0.006511 -0.039242 0.022015
v 0.018603 -0.034349 0.022123
v 0.021243 -0.032391 0.022123
v 0.025884 -0.027750 0.022123
v 0.018543 -0.034259 0.022015
v 0.029531 -0.022292 0.022123
v 0.027842 -0.025110 0.022123
v 0.015785 -0.036038 0.022123
v 0.015734 -0.035943 0.022015
v 0.003278 -0.039788 0.022059
v -0.000000 -0.039884 0.022015
v 0.023601 -0.030108 0.022015
v 0.021174 -0.032308 0.022015
v 0.006524 -0.039306 0.022059
v 0.012797 -0.037403 0.022059
v 0.018579 -0.034313 0.022059
v 0.021215 -0.032358 0.022059
v 0.015764 -0.036000 0.022059
v 0.009708 -0.038509 0.022059
v 0.027752 -0.025050 0.022015
v 0.030836 -0.019280 0.022015
v 0.031939 -0.016196 0.022015
v 0.029435 -0.022241 0.022015
v 0.025851 -0.027722 0.022059
v 0.025800 -0.027681 0.022015
v 0.029493 -0.022271 0.022059
v 0.030896 -0.019305 0.022059
v 0.027806 -0.025086 0.022059
v 0.023647 -0.030154 0.022059
v 0.032841 -0.013040 0.022123
v 0.033485 -0.006507 0.022123
v 0.033324 -0.009789 0.022123
v 0.032043 0.003213 0.022123
v 0.030936 0.006307 0.022123
v 0.032841 0.000025 0.022123
v 0.032735 -0.013019 0.022015
v 0.025884 0.014735 0.022123
v 0.021243 0.019377 0.022123
v 0.018603 0.021334 0.022123
v 0.023677 0.017170 0.022123
v 0.015785 0.023024 0.022123
v 0.006533 0.026334 0.022123
v 0.003282 0.026816 0.022123
v 0.009720 0.025536 0.022123
v 0.029531 0.009277 0.022123
v 0.033377 -0.006507 0.022015
v 0.033216 -0.003236 0.022015
v 0.032735 0.000004 0.022015
v 0.033216 -0.009779 0.022015
v 0.032799 -0.013031 0.022059
v 0.030836 0.006266 0.022015
v 0.029435 0.009226 0.022015
v 0.031939 0.003182 0.022015
v 0.033280 -0.009785 0.022059
v 0.027752 0.012036 0.022015
v 0.023601 0.017094 0.022015
v 0.021174 0.019293 0.022015
v 0.025800 0.014667 0.022015
v 0.015734 0.022928 0.022015
v 0.009689 0.025432 0.022015
v 0.006511 0.026228 0.022015
v 0.012773 0.024329 0.022015
v 0.018543 0.021244 0.022015
v 0.003271 0.026709 0.022015
v -0.000000 0.026869 0.022015
v 0.030936 -0.019321 0.022123
v 0.032001 -0.016215 0.022059
v 0.003282 -0.039831 0.022123
v -0.000000 -0.039949 0.022059
v 0.012814 -0.037443 0.022123
v 0.023677 -0.030184 0.022123
v 0.033280 -0.003229 0.022059
v 0.033441 -0.006507 0.022059
v 0.032043 -0.016227 0.022123
v 0.032799 0.000017 0.022059
v 0.033324 -0.003225 0.022123
v 0.032001 0.003200 0.022059
v -0.003278 -0.039788 0.022059
v 0.030896 0.006290 0.022059
v 0.027806 0.012072 0.022059
v 0.025851 0.014708 0.022059
v 0.029493 0.009257 0.022059
v 0.027842 0.012096 0.022123
v 0.023647 0.017140 0.022059
v 0.021215 0.019343 0.022059
v 0.018579 0.021298 0.022059
v 0.015764 0.022986 0.022059
v 0.009708 0.025494 0.022059
v 0.006524 0.026292 0.022059
v 0.012797 0.024389 0.022059
v 0.003278 0.026773 0.022059
v 0.012814 0.024429 0.022123
v -0.000000 0.026978 0.022123
v -0.000000 0.026934 0.022059
v -0.003271 -0.039723 0.022015
v -0.006533 0.026334 0.022123
v -0.009720 0.025536 0.022123
v -0.003282 0.026816 0.022123
v -0.015785 0.023024 0.022123
v -0.012814 0.024429 0.022123
v -0.021243 0.019377 0.022123
v -0.027842 0.012096 0.022123
v -0.025884 0.014735 0.022123
v -0.030936 0.006307 0.022123
v -0.030836 0.006266 0.022015
v -0.018543 0.021244 0.022015
v -0.029531 0.009277 0.022123
v -0.018603 0.021334 0.022123
v -0.029435 0.009226 0.022015
v -0.003271 0.026709 0.022015
v -0.009689 0.025432 0.022015
v -0.015734 0.022928 0.022015
v -0.006524 0.026292 0.022059
v -0.006511 0.026228 0.022015
v -0.012797 0.024389 0.022059
v -0.012773 0.024329 0.022015
v -0.015764 0.022986 0.022059
v -0.009708 0.025494 0.022059
v -0.003278 0.026773 0.022059
v -0.021215 0.019343 0.022059
v -0.021174 0.019293 0.022015
v -0.025800 0.014667 0.022015
v -0.023601 0.017094 0.022015
v -0.025851 0.014708 0.022059
v -0.029493 0.009257 0.022059
v -0.027752 0.012036 0.022015
v -0.030896 0.006290 0.022059
v -0.027806 0.012072 0.022059
v -0.023647 0.017140 0.022059
v -0.018579 0.021298 0.022059
v -0.032841 0.000025 0.022123
v -0.033485 -0.006507 0.022123
v -0.033324 -0.009789 0.022123
v -0.033324 -0.003225 0.022123
v -0.030936 -0.019321 0.022123
v -0.032043 -0.016227 0.022123
v -0.032735 -0.013019 0.022015
v -0.032841 -0.013040 0.022123
v -0.027842 -0.025110 0.022123
v -0.023677 -0.030184 0.022123
v -0.021243 -0.032391 0.022123
v -0.025884 -0.027750 0.022123
v -0.015785 -0.036038 0.022123
v -0.009720 -0.038550 0.022123
v -0.006533 -0.039348 0.022123
v -0.012814 -0.037443 0.022123
v -0.018603 -0.034349 0.022123
v -0.029531 -0.022292 0.022123
v -0.033377 -0.006507 0.022015
v -0.033216 -0.009779 0.022015
v -0.031939 -0.016196 0.022015
v -0.033216 -0.003236 0.022015
v -0.031939 0.003182 0.022015
v -0.032735 0.000004 0.022015
v -0.033280 -0.003229 0.022059
v -0.032799 0.000017 0.022059
v -0.029435 -0.022241 0.022015
v -0.027752 -0.025050 0.022015
v -0.023601 -0.030108 0.022015
v -0.021174 -0.032308 0.022015
v -0.025800 -0.027681 0.022015
v -0.015734 -0.035943 0.022015
v -0.009689 -0.038446 0.022015
v -0.006511 -0.039242 0.022015
v -0.012773 -0.037343 0.022015
v -0.018543 -0.034259 0.022015
v -0.032043 0.003213 0.022123
v -0.032001 0.003200 0.022059
v -0.023677 0.017170 0.022123
v -0.033280 -0.009785 0.022059
v -0.033441 -0.006507 0.022059
v -0.032799 -0.013031 0.022059
v -0.032001 -0.016215 0.022059
v -0.030896 -0.019305 0.022059
v -0.030836 -0.019280 0.022015
v -0.027806 -0.025086 0.022059
v -0.025851 -0.027722 0.022059
v -0.029493 -0.022271 0.022059
v -0.023647 -0.030154 0.022059
v -0.021215 -0.032358 0.022059
v -0.018579 -0.034313 0.022059
v -0.015764 -0.036000 0.022059
v -0.009708 -0.038509 0.022059
v -0.006524 -0.039306 0.022059
v -0.012797 -0.037403 0.022059
v -0.003282 -0.039831 0.022123
v -0.024062 -0.025850 0.013250
v -0.017959 -0.027498 0.013601
v -0.016169 -0.026604 0.013819
v -0.003321 -0.031180 0.013602
v -0.002788 -0.032875 0.013723
v -0.001702 -0.037092 0.013377
v -0.001978 -0.033867 0.013715
v -0.000628 -0.027593 0.013527
v -0.021077 -0.023793 0.013606
v -0.017308 -0.018072 0.014725
v -0.014633 -0.025446 0.013601
v -0.008703 -0.025660 0.013600
v -0.014428 -0.023864 0.013600
v -0.016416 -0.021140 0.013601
v 0.001913 -0.034148 0.013670
v 0.003092 -0.031900 0.013658
v 0.003126 -0.027973 0.013534
v 0.001984 -0.029010 0.013663
v 0.010923 -0.036025 0.013673
v 0.019105 -0.026839 0.013741
v 0.020717 -0.023706 0.013807
v 0.019000 -0.031161 0.013588
v 0.015561 -0.020581 0.013533
v 0.014364 -0.024467 0.013601
v 0.023963 -0.026173 0.013600
v 0.018446 -0.016367 0.014869
v 0.017820 -0.020945 0.013716
v 0.027535 -0.021633 0.013734
v -0.027446 -0.006860 0.012557
v -0.020202 -0.011724 0.015400
v -0.020593 -0.002860 0.015044
v -0.029109 0.005369 0.013674
v -0.017419 0.005008 0.013610
v -0.015162 0.008328 0.013548
v -0.021573 0.013226 0.013264
v -0.020845 0.011322 0.013699
v -0.009996 0.023377 0.013641
v -0.012304 0.010239 0.014350
v -0.014509 0.012178 0.013601
v -0.006666 0.013036 0.014985
v 0.005658 0.024610 0.013792
v 0.017719 0.008062 0.013716
v 0.015434 0.009409 0.013833
v 0.020815 -0.008557 0.015100
v 0.031000 -0.006507 0.013600
v 0.032000 -0.009290 0.014962
v 0.029890 0.003489 0.013723
v 0.022515 0.011858 0.013374
v 0.016176 0.020335 0.013670
v 0.014773 0.008263 0.013577
v 0.014868 0.013048 0.013603
v 0.017678 0.014249 0.013708
v 0.004212 -0.037910 0.014098
v 0.018778 -0.031826 0.014100
v 0.023181 -0.027887 0.014100
v 0.031509 -0.005234 0.014100
v 0.024408 0.013438 0.013849
v 0.019983 0.017843 0.014100
v -0.003088 0.024841 0.014100
v -0.015237 0.021173 0.014099
v -0.020855 0.016029 0.013425
v -0.025449 0.012115 0.014112
v -0.031604 -0.011436 0.015198
v -0.027150 -0.022780 0.014098
v -0.016048 -0.033426 0.013670
v -0.008126 -0.037131 0.014098
v 0.018556 -0.024616 0.021523
v 0.015822 -0.022141 0.018509
v 0.019987 -0.025142 0.014350
v 0.017888 -0.027048 0.013839
v 0.017678 -0.021685 0.014350
v 0.015765 -0.026252 0.013959
v 0.015812 -0.022319 0.014345
v 0.019124 0.007913 0.016830
v 0.016616 0.012996 0.021269
v 0.018634 0.013480 0.014350
v 0.019756 0.012632 0.014359
v 0.018755 0.008795 0.014374
v 0.016721 0.013480 0.014350
v 0.015236 0.012088 0.014374
v -0.018256 0.010707 0.021554
v -0.016721 0.013480 0.014350
v -0.015600 0.012632 0.014359
v -0.015088 0.011749 0.017227
v -0.017678 0.013671 0.014350
v -0.019907 0.012144 0.016589
v -0.018114 0.008668 0.014359
v -0.018931 0.008460 0.013766
v -0.015771 -0.022528 0.019475
v -0.019353 -0.025497 0.021304
v -0.018313 -0.021134 0.013756
v -0.014665 -0.022855 0.013728
v -0.018236 -0.026584 0.016157
v -0.020180 -0.023748 0.014359
v -0.019099 -0.022058 0.014341
v 0.000796 0.028188 0.021600
v 0.009033 0.026789 0.021600
v 0.016369 0.024584 0.021090
v 0.025602 0.016834 0.021600
v 0.032071 0.006681 0.021600
v 0.033976 -0.000516 0.021600
v 0.034487 -0.004998 0.021600
v 0.033632 -0.015382 0.021600
v 0.029878 -0.023757 0.021600
v 0.023494 -0.032263 0.021600
v 0.011765 -0.039039 0.021600
v 0.003041 -0.040944 0.021600
v -0.006328 -0.040728 0.021600
v -0.021086 -0.034271 0.021600
v -0.030678 -0.022672 0.021600
v -0.034106 -0.012296 0.021600
v -0.034487 -0.004998 0.021600
v -0.030623 0.009459 0.021600
v -0.022323 0.020112 0.021600
v -0.000000 0.027695 0.021600
v 0.002389 -0.030618 0.019020
v 0.002301 -0.033453 0.017701
v -0.000243 -0.034629 0.016841
v -0.002098 -0.028800 0.017757
v 0.001667 -0.029013 0.013850
v 0.002550 -0.033156 0.013861
v 0.002920 -0.030565 0.013867
v 0.000652 -0.028498 0.013733
v -0.000585 -0.028565 0.013850
v -0.000671 -0.034559 0.013693
v -0.002815 -0.033338 0.016083
v -0.002012 -0.029191 0.013854
v 0.009190 0.012348 0.015100
v 0.016251 0.006498 0.016600
v 0.018442 0.003390 0.014638
v 0.011140 -0.023129 0.016829
v 0.000733 -0.027366 0.016600
v -0.009328 -0.025016 0.016681
v -0.016704 0.006281 0.016600
v -0.004048 0.013844 0.016600
v -0.007309 -0.024153 0.017071
v -0.014237 -0.019411 0.017150
v -0.018336 -0.012069 0.017211
v -0.019100 -0.007445 0.017150
v -0.016845 -0.015511 0.017150
v 0.006140 -0.025177 0.016967
v 0.009004 -0.023352 0.017333
v 0.015739 -0.017585 0.017304
v -0.016609 0.001907 0.017436
v -0.012418 0.008063 0.016993
v -0.003184 0.012440 0.016769
v 0.016318 0.003580 0.016967
v 0.012617 0.007851 0.016930
v -0.002185 0.013993 0.015373
v 0.010611 0.009374 0.017333
v 0.006465 0.011859 0.017081
v 0.008437 0.010644 0.017211
v 0.014279 0.006210 0.017700
v 0.017646 0.000802 0.017700
v 0.020130 -0.004986 0.016171
v 0.018548 -0.011646 0.016967
v 0.005754 -0.023319 0.017700
v -0.003198 -0.025429 0.017229
v -0.018371 -0.005479 0.017425
v -0.017703 0.000826 0.017150
v -0.010611 0.009374 0.017700
v -0.008690 0.009272 0.017543
v -0.001553 0.011532 0.017700
v -0.007444 -0.022810 0.017553
v -0.011538 -0.019017 0.017700
v -0.016497 -0.012118 0.017700
v 0.005135 -0.022673 0.016903
v 0.012510 -0.018045 0.017700
v 0.014939 -0.014730 0.017700
v 0.013094 0.004990 0.017700
v 0.018358 -0.008228 0.017413
v 0.004386 0.010021 0.017700
v -0.005998 -0.018178 0.020600
v 0.005375 -0.022510 0.020600
v -0.006425 -0.021966 0.020600
v 0.006654 -0.020337 0.020600
v 0.005869 -0.017156 0.020600
v 0.016064 -0.001447 0.020600
v 0.015459 -0.012932 0.020600
v 0.012913 -0.000082 0.018600
v 0.014180 -0.013475 0.020600
v 0.014402 0.000427 0.020600
v 0.011581 -0.012356 0.020600
v 0.010723 -0.012339 0.020600
v 0.011120 -0.000742 0.020600
v 0.005865 0.005257 0.020600
v 0.006854 0.007240 0.020600
v 0.000807 0.009998 0.020600
v 0.006841 0.008589 0.020600
v -0.001610 0.009914 0.020600
v -0.006711 0.007565 0.020600
v -0.006060 0.008988 0.020600
v 0.005723 0.004438 0.020600
v -0.015764 -0.012132 0.020600
v -0.015209 -0.000039 0.020600
v -0.014624 -0.013407 0.020600
v -0.011952 -0.012555 0.019489
v -0.011202 -0.000754 0.020600
v -0.035200 -0.011100 0.022000
v -0.034787 -0.001897 0.035000
v -0.020170 -0.033500 0.022000
v -0.001745 -0.040800 0.022000
v -0.019206 -0.036235 0.035000
v 0.005570 -0.039645 0.035000
v 0.017220 -0.035472 0.022000
v 0.019327 -0.034436 0.035000
v 0.031015 -0.021243 0.022000
v 0.028304 -0.024496 0.035000
v 0.031851 -0.017216 0.035000
v 0.033276 -0.010374 0.035000
v 0.033349 -0.001682 0.022000
v 0.033471 -0.002614 0.035000
v 0.025483 0.016507 0.022000
v 0.029433 0.009899 0.035000
v 0.023165 0.017743 0.035000
v 0.001745 0.027786 0.022000
v 0.012484 0.025079 0.035000
v -0.022565 0.019283 0.022000
v -0.013822 0.025446 0.035000
v -0.007904 0.003227 0.022000
v -0.005250 0.004852 0.022000
v -0.001007 0.005952 0.022000
v -0.010761 -0.000005 0.022000
v 0.002653 0.005708 0.022000
v 0.000833 0.005974 0.022000
v -0.002933 0.005658 0.022000
v -0.012111 -0.003359 0.022000
v -0.012394 -0.008234 0.022000
v -0.008912 -0.015327 0.022000
v -0.012493 -0.005783 0.022000
v -0.011819 -0.010619 0.022000
v -0.010790 -0.012845 0.022000
v -0.006528 -0.017183 0.022000
v 0.005416 0.004840 0.022000
v 0.008569 0.002620 0.022000
v 0.010176 0.000767 0.022000
v 0.011609 -0.001769 0.022000
v 0.012560 -0.005935 0.022000
v 0.012089 -0.009761 0.022000
v 0.001727 -0.018901 0.022000
v -0.000724 -0.019000 0.022000
v 0.005918 -0.017652 0.022000
v -0.003702 -0.018487 0.022000
v 0.010877 -0.012745 0.022000
v 0.009120 -0.015069 0.022000
v -0.007813 0.004526 0.033600
v -0.003692 0.006478 0.035000
v -0.010317 0.002267 0.034000
v 0.002874 0.006728 0.034091
v -0.008380 0.004077 0.035000
v -0.013333 -0.004290 0.033833
v -0.013167 -0.009561 0.034167
v 0.007793 0.004928 0.034000
v 0.013462 -0.007717 0.034000
v 0.001478 -0.019992 0.034412
v 0.006402 -0.018121 0.034100
v -0.001558 -0.019917 0.035000
v 0.011127 -0.014227 0.033889
v -0.013239 -0.007638 0.033500
v -0.012054 -0.012681 0.034000
v -0.008445 -0.016802 0.033595
v -0.004178 -0.019458 0.033960
v 0.002400 -0.019200 0.033000
v 0.004947 -0.019068 0.033000
v 0.012686 -0.003139 0.033000
v 0.013498 -0.006744 0.033000
v 0.008374 0.003427 0.033000
v -0.001096 0.007056 0.034000
v 0.012321 -0.002575 0.033000
v 0.011929 -0.000278 0.033500
v 0.010381 -0.013710 0.033000
v 0.009331 -0.016086 0.033500
v -0.006446 0.005154 0.033560
v -0.008198 0.003157 0.033000
v -0.012741 -0.002419 0.033833
v -0.004606 -0.018206 0.033000
v -0.012066 -0.010383 0.033000
v -0.019562 -0.024685 0.009700
v -0.019475 -0.024946 0.009700
v -0.019224 -0.025386 0.009700
v -0.018967 -0.025648 0.009700
v -0.019527 -0.023751 0.009730
v -0.019602 -0.024498 0.009700
v -0.019633 -0.024092 0.009700
v -0.018592 -0.025921 0.009700
v -0.021733 -0.021556 0.009700
v -0.019364 -0.023194 0.009700
v -0.019523 -0.023554 0.009700
v -0.019141 -0.022896 0.009700
v -0.018702 -0.022499 0.009700
v -0.018178 -0.022300 0.009700
v -0.017589 -0.021687 0.009492
v -0.017895 -0.022244 0.009700
v -0.017323 -0.022265 0.009700
v -0.018125 -0.026083 0.009700
v -0.017747 -0.026139 0.009700
v -0.017254 -0.026091 0.009700
v -0.016653 -0.025871 0.009700
v -0.015620 -0.028577 0.009702
v -0.016159 -0.025413 0.009700
v -0.019014 -0.028914 0.009699
v -0.014172 -0.027599 0.009704
v -0.014999 -0.025563 0.009245
v -0.015657 -0.024553 0.009628
v -0.016448 -0.022669 0.009700
v -0.015450 -0.019788 0.009715
v -0.017007 -0.021130 0.009297
v -0.015771 -0.023764 0.009700
v -0.015908 -0.022757 0.009508
v -0.013627 -0.027219 0.011117
v -0.016527 -0.029012 0.011006
v -0.016564 -0.029096 0.011080
v -0.019815 -0.028773 0.011093
v -0.012635 -0.024574 0.011071
v -0.013650 -0.021071 0.011099
v -0.020370 -0.025445 0.011213
v -0.022244 -0.026397 0.011126
v -0.020195 -0.019788 0.011078
v -0.017788 -0.019192 0.011100
v -0.018810 -0.021467 0.011214
v -0.015479 -0.019683 0.011089
v -0.022205 -0.021979 0.011103
v -0.022317 -0.022312 0.009890
v -0.022126 -0.021848 0.009856
v -0.021244 -0.020653 0.009848
v -0.018728 -0.019272 0.009803
v -0.016031 -0.019481 0.009750
v -0.014612 -0.020222 0.009816
v -0.012967 -0.022452 0.009917
v -0.012689 -0.024008 0.009795
v -0.012838 -0.022930 0.009807
v -0.013113 -0.026264 0.009899
v -0.013764 -0.027289 0.009816
v -0.016820 -0.029122 0.009859
v -0.015711 -0.028779 0.009838
v -0.018771 -0.029111 0.009856
v -0.020608 -0.028256 0.009899
v -0.021402 -0.027522 0.009827
v -0.022753 -0.024618 0.011076
v -0.014649 -0.028171 0.009830
v -0.012755 -0.025062 0.009850
v -0.012743 -0.023800 0.009707
v -0.013593 -0.021363 0.009731
v -0.013988 -0.020846 0.009775
v -0.017037 -0.019212 0.009864
v -0.018615 -0.019338 0.009725
v -0.019639 -0.019593 0.009827
v -0.020300 -0.019945 0.009823
v -0.017312 -0.019276 0.009732
v -0.012806 -0.025153 0.009777
v -0.020116 -0.019829 0.009740
v -0.021630 -0.021266 0.009693
v -0.022464 -0.022992 0.009727
v -0.022555 -0.023766 0.009699
v -0.021972 -0.026666 0.009726
v -0.022429 -0.025748 0.009855
v -0.020510 -0.028299 0.009774
v -0.022542 -0.025180 0.009745
v -0.022646 -0.023603 0.009788
v -0.021254 -0.027558 0.009710
v -0.019010 -0.028964 0.009759
v -0.013117 -0.026207 0.009796
v -0.018058 -0.029088 0.009730
v -0.016875 -0.029068 0.009734
v -0.015565 -0.028691 0.009755
v -0.013718 -0.027123 0.009725
v -0.016589 -0.023829 0.010567
v -0.016392 -0.022861 0.009812
v -0.016396 -0.023015 0.009972
v -0.016305 -0.024133 0.010345
v -0.016605 -0.022837 0.009988
v -0.016838 -0.024953 0.010579
v -0.017320 -0.025870 0.009988
v -0.016988 -0.025525 0.010195
v -0.015936 -0.024680 0.009860
v -0.017098 -0.025926 0.009824
v -0.016420 -0.022828 0.009808
v -0.015875 -0.024580 0.009812
v -0.015877 -0.024609 0.009808
v -0.015888 -0.024637 0.009812
v -0.017118 -0.025944 0.009812
v -0.017145 -0.025956 0.009808
v -0.017174 -0.025961 0.009812
v -0.017939 -0.025293 0.010574
v -0.018893 -0.025076 0.010195
v -0.018974 -0.025483 0.009824
v -0.018964 -0.025509 0.009812
v -0.018797 -0.024480 0.010578
v -0.018751 -0.025532 0.009988
v -0.018613 -0.023445 0.010537
v -0.018439 -0.023171 0.010450
v -0.017525 -0.022953 0.010492
v -0.019451 -0.023711 0.009824
v -0.018258 -0.022444 0.009824
v -0.019475 -0.023816 0.009824
v -0.019481 -0.023790 0.009812
v -0.018946 -0.025532 0.009808
v -0.018921 -0.025549 0.009812
v -0.019467 -0.023733 0.009812
v -0.018237 -0.022426 0.009812
v -0.018210 -0.022413 0.009808
v -0.018181 -0.022409 0.009812
v -0.016836 -0.025015 0.011800
v -0.017939 -0.025296 0.011800
v -0.015877 -0.024609 0.011800
v -0.015902 -0.024655 0.011800
v -0.016400 -0.024814 0.011800
v -0.016254 -0.024192 0.011800
v -0.017145 -0.025956 0.011800
v -0.017209 -0.025923 0.011800
v -0.017101 -0.025929 0.011800
v -0.018801 -0.024552 0.011800
v -0.016554 -0.023817 0.011800
v -0.015879 -0.024557 0.011800
v -0.016383 -0.022882 0.011800
v -0.016964 -0.022953 0.011800
v -0.016410 -0.022838 0.011800
v -0.018946 -0.025532 0.011800
v -0.018973 -0.025488 0.011800
v -0.018874 -0.025530 0.011800
v -0.018509 -0.023403 0.011800
v -0.019477 -0.023812 0.011800
v -0.019478 -0.023760 0.011800
v -0.019200 -0.024084 0.011800
v -0.019084 -0.023595 0.011800
v -0.018351 -0.022816 0.011800
v -0.018255 -0.022440 0.011800
v -0.018211 -0.022413 0.011800
v -0.018147 -0.022447 0.011800
v -0.019454 -0.023715 0.011800
v -0.015877 -0.024609 0.009808
v -0.014932 -0.024433 0.013102
v -0.014872 -0.025000 0.013631
v -0.014950 -0.023426 0.012067
v -0.014725 -0.024018 0.013689
v -0.015775 -0.022054 0.012579
v -0.015595 -0.022141 0.013661
v -0.016224 -0.021668 0.013646
v -0.017867 -0.021246 0.011657
v -0.015983 -0.021832 0.013600
v -0.018884 -0.021533 0.013653
v -0.018425 -0.021361 0.013660
v -0.018687 -0.021590 0.012366
v -0.020031 -0.022485 0.013629
v -0.020118 -0.022683 0.011979
v -0.017860 -0.021291 0.013600
v -0.020545 -0.023691 0.011255
v -0.020575 -0.023701 0.013681
v -0.020416 -0.025398 0.011508
v -0.020581 -0.024234 0.013620
v -0.020481 -0.024929 0.013600
v -0.020390 -0.025226 0.013600
v -0.020540 -0.024650 0.013600
v -0.020150 -0.025723 0.013633
v -0.019395 -0.026607 0.013692
v -0.018433 -0.027024 0.011618
v -0.019250 -0.026626 0.013620
v -0.018347 -0.027024 0.013648
v -0.018793 -0.026903 0.013684
v -0.016245 -0.026693 0.012056
v -0.016178 -0.026677 0.013599
v -0.015262 -0.025799 0.013626
v -0.014783 -0.024761 0.019205
v -0.016616 -0.026910 0.019172
v -0.015540 -0.022281 0.019201
v -0.018825 -0.026931 0.019102
v -0.020404 -0.025307 0.019137
v -0.020527 -0.023364 0.019153
v -0.019012 -0.021485 0.018998
v -0.017824 -0.021228 0.019178
v -0.015296 -0.022306 0.019045
v -0.014621 -0.024577 0.019052
v -0.019871 -0.022187 0.019113
v -0.015680 -0.026478 0.019001
v -0.017666 -0.027202 0.018997
v -0.019416 -0.026593 0.019162
v -0.020664 -0.024502 0.018999
v -0.019641 -0.021962 0.013689
v -0.018618 -0.021300 0.013703
v -0.015596 -0.020471 0.015281
v -0.015376 -0.022249 0.013704
v -0.019597 -0.021875 0.013700
v -0.014852 -0.023162 0.013703
v -0.014933 -0.025417 0.013699
v -0.015647 -0.026427 0.013706
v -0.016950 -0.027124 0.013708
v -0.020454 -0.025261 0.013700
v -0.020654 -0.023924 0.011218
v -0.020001 -0.022406 0.011228
v -0.019539 -0.021855 0.011209
v -0.020488 -0.023406 0.011247
v -0.020287 -0.022837 0.011216
v -0.019561 -0.021954 0.011243
v -0.018316 -0.021307 0.011215
v -0.018033 -0.021291 0.011247
v -0.017422 -0.021260 0.011229
v -0.016623 -0.021451 0.011226
v -0.014780 -0.023541 0.011209
v -0.016088 -0.021728 0.011230
v -0.015534 -0.022209 0.011243
v -0.014854 -0.025038 0.011213
v -0.017011 -0.021355 0.011262
v -0.015190 -0.022630 0.011227
v -0.015722 -0.021981 0.011211
v -0.014905 -0.023292 0.011259
v -0.014764 -0.023962 0.011245
v -0.014974 -0.025315 0.011350
v -0.015263 -0.025885 0.011207
v -0.014755 -0.024673 0.011209
v -0.015066 -0.025523 0.011219
v -0.015573 -0.026218 0.011229
v -0.016091 -0.026664 0.011219
v -0.016398 -0.026796 0.011262
v -0.016786 -0.026980 0.011224
v -0.017172 -0.027074 0.011216
v -0.016660 -0.026908 0.011262
v -0.018722 -0.026924 0.011225
v -0.020585 -0.024881 0.011205
v -0.018065 -0.027092 0.011228
v -0.019386 -0.026578 0.011223
v -0.017467 -0.027105 0.011224
v -0.019377 -0.026544 0.011262
v -0.019917 -0.026088 0.011226
v -0.020350 -0.025354 0.011246
v -0.020488 -0.024931 0.011262
v -0.020583 -0.024083 0.011262
v -0.014703 -0.024535 0.013708
v -0.014988 -0.023050 0.013658
v -0.014866 -0.023444 0.013647
v -0.016223 -0.021575 0.013701
v -0.015237 -0.022573 0.013670
v -0.017574 -0.021185 0.013703
v -0.016556 -0.021477 0.013676
v -0.020254 -0.022731 0.013688
v -0.020545 -0.023302 0.013702
v -0.017460 -0.021273 0.013652
v -0.016838 -0.021392 0.013653
v -0.020449 -0.023280 0.013644
v -0.015068 -0.025508 0.013652
v -0.020644 -0.024361 0.013698
v -0.019894 -0.026192 0.013706
v -0.020125 -0.025801 0.013678
v -0.018285 -0.027129 0.013701
v -0.016399 -0.026886 0.013700
v -0.015568 -0.026220 0.013674
v -0.017635 -0.027096 0.013647
v -0.019265 -0.026648 0.013673
v -0.017214 -0.027063 0.013657
v -0.016776 -0.026959 0.013654
v -0.015712 -0.026331 0.013637
v -0.011398 -0.016739 0.016300
v -0.011334 -0.016628 0.016300
v -0.011255 -0.016525 0.016300
v -0.011125 -0.016407 0.016300
v -0.012492 -0.017180 0.016352
v -0.011477 -0.016981 0.016300
v -0.010751 -0.016228 0.016300
v -0.012142 -0.015894 0.016300
v -0.011182 -0.015297 0.016300
v -0.011158 -0.017326 0.016151
v -0.011415 -0.017449 0.016300
v -0.011378 -0.017526 0.016300
v -0.011897 -0.018457 0.016377
v -0.011125 -0.017820 0.016300
v -0.010918 -0.019015 0.016300
v -0.010863 -0.017960 0.016300
v -0.010120 -0.016383 0.016300
v -0.009434 -0.016653 0.016392
v -0.009343 -0.015680 0.016300
v -0.008984 -0.016122 0.016300
v -0.010606 -0.015226 0.016385
v -0.008716 -0.016927 0.016300
v -0.008743 -0.016743 0.016300
v -0.009732 -0.017114 0.016300
v -0.009487 -0.018651 0.016300
v -0.010128 -0.017854 0.016300
v -0.009088 -0.018273 0.016300
v -0.009988 -0.018922 0.016300
v -0.009876 -0.017601 0.016300
v -0.008706 -0.017207 0.016300
v -0.009202 -0.017342 0.016441
v -0.008681 -0.017494 0.016185
v -0.012365 -0.018053 0.015993
v -0.011046 -0.018989 0.015999
v -0.009476 -0.018749 0.015994
v -0.008758 -0.016449 0.016077
v -0.009912 -0.015267 0.015996
v -0.011492 -0.015393 0.015999
v -0.012383 -0.016345 0.015999
v -0.011602 -0.017212 0.015100
v -0.011587 -0.017309 0.015100
v -0.011564 -0.017404 0.015100
v -0.011607 -0.017114 0.015100
v -0.011530 -0.017496 0.015100
v -0.011489 -0.017585 0.015100
v -0.011438 -0.017669 0.015100
v -0.011380 -0.017748 0.015100
v -0.011314 -0.017821 0.015100
v -0.011241 -0.017887 0.015100
v -0.011162 -0.017945 0.015100
v -0.011078 -0.017996 0.015100
v -0.010989 -0.018038 0.015100
v -0.010897 -0.018071 0.015100
v -0.010802 -0.018095 0.015100
v -0.010705 -0.018109 0.015100
v -0.010607 -0.018114 0.015100
v -0.010509 -0.018109 0.015100
v -0.010412 -0.018095 0.015100
v -0.010224 -0.018038 0.015100
v -0.010135 -0.017996 0.015100
v -0.010051 -0.017945 0.015100
v -0.009972 -0.017887 0.015100
v -0.010316 -0.018071 0.015100
v -0.009899 -0.017821 0.015100
v -0.009834 -0.017748 0.015100
v -0.009775 -0.017669 0.015100
v -0.009725 -0.017585 0.015100
v -0.009626 -0.017309 0.015100
v -0.009611 -0.017212 0.015100
v -0.009650 -0.017404 0.015100
v -0.009683 -0.017496 0.015100
v -0.009607 -0.017114 0.015100
v -0.011602 -0.017016 0.015100
v -0.009611 -0.017016 0.015100
v -0.009626 -0.016919 0.015100
v -0.009650 -0.016823 0.015100
v -0.010316 -0.016157 0.015100
v -0.010412 -0.016133 0.015100
v -0.009683 -0.016731 0.015100
v -0.009725 -0.016642 0.015100
v -0.009775 -0.016558 0.015100
v -0.009834 -0.016479 0.015100
v -0.009899 -0.016407 0.015100
v -0.009972 -0.016341 0.015100
v -0.010051 -0.016282 0.015100
v -0.010224 -0.016190 0.015100
v -0.010135 -0.016232 0.015100
v -0.010509 -0.016119 0.015100
v -0.010607 -0.016114 0.015100
v -0.010705 -0.016119 0.015100
v -0.010802 -0.016133 0.015100
v -0.011564 -0.016823 0.015100
v -0.011587 -0.016919 0.015100
v -0.010897 -0.016157 0.015100
v -0.010989 -0.016190 0.015100
v -0.011078 -0.016232 0.015100
v -0.011314 -0.016407 0.015100
v -0.011241 -0.016341 0.015100
v -0.011162 -0.016282 0.015100
v -0.011380 -0.016479 0.015100
v -0.011438 -0.016558 0.015100
v -0.011489 -0.016642 0.015100
v -0.011530 -0.016731 0.015100
v -0.011607 -0.017114 0.011500
v -0.011602 -0.017212 0.011500
v -0.011587 -0.017309 0.011500
v -0.011564 -0.017404 0.011500
v -0.011530 -0.017496 0.011500
v -0.011489 -0.017585 0.011500
v -0.011438 -0.017669 0.011500
v -0.011380 -0.017748 0.011500
v -0.011314 -0.017821 0.011500
v -0.011241 -0.017887 0.011500
v -0.011162 -0.017945 0.011500
v -0.011078 -0.017996 0.011500
v -0.010989 -0.018038 0.011500
v -0.010897 -0.018071 0.011500
v -0.010802 -0.018095 0.011500
v -0.010705 -0.018109 0.011500
v -0.010607 -0.018114 0.011500
v -0.010509 -0.018109 0.011500
v -0.010412 -0.018095 0.011500
v -0.010316 -0.018071 0.011500
v -0.010224 -0.018038 0.011500
v -0.010135 -0.017996 0.011500
v -0.010051 -0.017945 0.011500
v -0.009972 -0.017887 0.011500
v -0.009899 -0.017821 0.011500
v -0.009834 -0.017748 0.011500
v -0.009775 -0.017669 0.011500
v -0.009725 -0.017585 0.011500
v -0.009683 -0.017496 0.011500
v -0.009650 -0.017404 0.011500
v -0.009626 -0.017309 0.011500
v -0.009611 -0.017212 0.011500
v -0.009607 -0.017114 0.011500
v -0.011602 -0.017016 0.011500
v -0.009611 -0.017016 0.011500
v -0.009626 -0.016919 0.011500
v -0.009650 -0.016823 0.011500
v -0.009683 -0.016731 0.011500
v -0.009725 -0.016642 0.011500
v -0.009775 -0.016558 0.011500
v -0.009834 -0.016479 0.011500
v -0.009899 -0.016407 0.011500
v -0.009972 -0.016341 0.011500
v -0.010051 -0.016282 0.011500
v -0.010135 -0.016232 0.011500
v -0.010224 -0.016190 0.011500
v -0.010316 -0.016157 0.011500
v -0.010412 -0.016133 0.011500
v -0.010509 -0.016119 0.011500
v -0.010607 -0.016114 0.011500
v -0.010705 -0.016119 0.011500
v -0.010802 -0.016133 0.011500
v -0.010897 -0.016157 0.011500
v -0.010989 -0.016190 0.011500
v -0.011078 -0.016232 0.011500
v -0.011162 -0.016282 0.011500
v -0.011241 -0.016341 0.011500
v -0.011314 -0.016407 0.011500
v -0.011380 -0.016479 0.011500
v -0.011438 -0.016558 0.011500
v -0.011489 -0.016642 0.011500
v -0.011530 -0.016731 0.011500
v -0.011564 -0.016823 0.011500
v -0.011587 -0.016919 0.011500
v -0.009817 -0.016944 0.011300
v -0.009849 -0.017414 0.011300
v -0.010093 -0.016468 0.011300
v -0.010808 -0.016310 0.011299
v -0.010812 -0.017935 0.011299
v -0.010148 -0.017778 0.011300
v -0.011342 -0.016752 0.011300
v -0.011383 -0.017378 0.011300
v -0.010496 -0.017740 0.016206
v -0.010168 -0.017689 0.016186
v -0.010152 -0.017372 0.016035
v -0.010304 -0.017752 0.015862
v -0.010139 -0.016874 0.016044
v -0.010089 -0.016908 0.016066
v -0.010162 -0.016842 0.016041
v -0.010284 -0.016428 0.016206
v -0.010169 -0.016803 0.016052
v -0.009856 -0.017048 0.016210
v -0.009833 -0.017127 0.016226
v -0.010580 -0.016590 0.016044
v -0.010283 -0.017799 0.016206
v -0.010175 -0.016478 0.016218
v -0.010620 -0.016593 0.016041
v -0.010982 -0.016436 0.016227
v -0.010942 -0.016429 0.016218
v -0.011068 -0.016785 0.016062
v -0.010743 -0.017694 0.015849
v -0.011410 -0.017140 0.016260
v -0.010995 -0.017787 0.016229
v -0.011041 -0.017709 0.016191
v -0.009860 -0.017143 0.015729
v -0.010564 -0.016441 0.015660
v -0.011043 -0.017554 0.015660
v -0.010589 -0.017634 0.015660
v -0.010017 -0.017116 0.015660
v -0.010797 -0.016514 0.015868
v -0.011248 -0.017120 0.015660
v -0.011321 -0.017073 0.015955
v 0.017419 -0.026118 0.009700
v 0.017694 -0.026137 0.009700
v 0.018196 -0.026072 0.009700
v 0.018537 -0.025935 0.009700
v 0.016570 -0.025728 0.009730
v 0.017231 -0.026083 0.009700
v 0.016845 -0.025956 0.009700
v 0.018932 -0.025693 0.009700
v 0.013698 -0.026928 0.009700
v 0.016117 -0.025364 0.009700
v 0.016389 -0.025648 0.009700
v 0.015927 -0.025044 0.009700
v 0.015728 -0.024487 0.009700
v 0.015745 -0.023927 0.009700
v 0.015403 -0.023148 0.009492
v 0.015801 -0.023643 0.009700
v 0.016039 -0.023123 0.009700
v 0.019261 -0.025324 0.009700
v 0.019457 -0.024996 0.009700
v 0.019601 -0.024522 0.009700
v 0.019628 -0.023883 0.009700
v 0.022523 -0.023962 0.009702
v 0.019393 -0.023251 0.009700
v 0.021537 -0.027228 0.009699
v 0.022173 -0.022250 0.009704
v 0.019975 -0.022237 0.009245
v 0.018790 -0.022458 0.009628
v 0.016747 -0.022468 0.009700
v 0.014467 -0.020445 0.009715
v 0.015111 -0.022397 0.009297
v 0.018018 -0.022262 0.009700
v 0.017035 -0.022004 0.009508
v 0.022030 -0.021601 0.011117
v 0.022578 -0.024967 0.011006
v 0.022641 -0.025033 0.011080
v 0.021101 -0.027914 0.011093
v 0.019965 -0.019674 0.011071
v 0.016340 -0.019273 0.011099
v 0.017813 -0.027154 0.011213
v 0.017976 -0.029250 0.011126
v 0.012652 -0.024830 0.011078
v 0.013022 -0.022379 0.011100
v 0.014733 -0.024192 0.011214
v 0.014358 -0.020432 0.011089
v 0.013909 -0.027525 0.011103
v 0.014173 -0.027756 0.009890
v 0.013818 -0.027402 0.009856
v 0.013051 -0.026130 0.009848
v 0.012737 -0.023277 0.009803
v 0.013960 -0.020865 0.009750
v 0.015188 -0.019838 0.009816
v 0.017878 -0.019170 0.009917
v 0.019421 -0.019507 0.009795
v 0.018368 -0.019233 0.009807
v 0.021344 -0.020762 0.009899
v 0.022042 -0.021755 0.009816
v 0.022568 -0.025279 0.009859
v 0.022675 -0.024124 0.009838
v 0.021811 -0.027078 0.009856
v 0.020319 -0.028449 0.009899
v 0.019338 -0.028902 0.009827
v 0.016137 -0.029040 0.011076
v 0.022519 -0.022910 0.009830
v 0.020370 -0.019971 0.009850
v 0.019209 -0.019478 0.009707
v 0.016632 -0.019332 0.009731
v 0.016003 -0.019499 0.009775
v 0.013327 -0.021692 0.009864
v 0.012841 -0.023198 0.009725
v 0.012685 -0.024242 0.009827
v 0.012758 -0.024987 0.009823
v 0.013282 -0.021970 0.009732
v 0.020434 -0.020053 0.009777
v 0.012721 -0.024773 0.009740
v 0.013470 -0.026721 0.009693
v 0.014746 -0.028152 0.009727
v 0.015426 -0.028532 0.009699
v 0.018329 -0.029101 0.009726
v 0.017306 -0.029173 0.009855
v 0.020397 -0.028375 0.009774
v 0.016738 -0.029061 0.009745
v 0.015241 -0.028553 0.009788
v 0.019427 -0.028778 0.009710
v 0.021585 -0.027243 0.009759
v 0.021290 -0.020744 0.009796
v 0.022064 -0.026411 0.009730
v 0.022497 -0.025310 0.009734
v 0.022650 -0.023956 0.009755
v 0.021907 -0.021649 0.009725
v 0.017765 -0.023043 0.010567
v 0.016946 -0.022490 0.009812
v 0.017086 -0.022553 0.009972
v 0.018154 -0.022897 0.010345
v 0.016843 -0.022678 0.009988
v 0.018708 -0.023702 0.010579
v 0.019371 -0.024498 0.009988
v 0.019180 -0.024060 0.010195
v 0.018801 -0.022764 0.009860
v 0.019508 -0.024315 0.009824
v 0.016905 -0.022504 0.009808
v 0.018732 -0.022670 0.009812
v 0.018758 -0.022683 0.009808
v 0.018779 -0.022704 0.009812
v 0.019517 -0.024340 0.009812
v 0.019518 -0.024370 0.009808
v 0.019511 -0.024398 0.009812
v 0.018602 -0.024850 0.010574
v 0.018036 -0.025648 0.010195
v 0.018382 -0.025879 0.009824
v 0.018410 -0.025879 0.009812
v 0.017523 -0.025332 0.010578
v 0.018513 -0.025692 0.009988
v 0.016637 -0.024767 0.010537
v 0.016450 -0.024500 0.010450
v 0.016598 -0.023573 0.010492
v 0.016563 -0.025642 0.009824
v 0.015847 -0.024055 0.009824
v 0.016650 -0.025705 0.009824
v 0.016623 -0.025700 0.009812
v 0.018438 -0.025871 0.009808
v 0.018463 -0.025856 0.009812
v 0.016576 -0.025666 0.009812
v 0.015838 -0.024029 0.009812
v 0.015837 -0.024000 0.009808
v 0.015844 -0.023971 0.009812
v 0.018767 -0.023725 0.011800
v 0.018604 -0.024851 0.011800
v 0.018758 -0.022683 0.011800
v 0.018791 -0.022723 0.011800
v 0.018747 -0.023245 0.011800
v 0.018229 -0.022872 0.011800
v 0.019518 -0.024370 0.011800
v 0.019463 -0.024416 0.011800
v 0.019510 -0.024319 0.011800
v 0.017588 -0.025363 0.011800
v 0.017768 -0.023006 0.011800
v 0.018710 -0.022665 0.011800
v 0.016969 -0.022490 0.011800
v 0.016812 -0.023055 0.011800
v 0.016917 -0.022498 0.011800
v 0.018438 -0.025871 0.011800
v 0.018387 -0.025880 0.011800
v 0.018464 -0.025804 0.011800
v 0.016637 -0.024654 0.011800
v 0.016646 -0.025705 0.011800
v 0.016597 -0.025686 0.011800
v 0.017003 -0.025553 0.011800
v 0.016595 -0.025259 0.011800
v 0.016156 -0.024284 0.011800
v 0.015845 -0.024051 0.011800
v 0.015837 -0.024000 0.011800
v 0.015893 -0.023954 0.011800
v 0.016564 -0.025646 0.011800
v 0.018758 -0.022683 0.009808
v 0.018957 -0.021743 0.013102
v 0.019504 -0.021904 0.013631
v 0.018019 -0.021374 0.012067
v 0.018653 -0.021393 0.013689
v 0.016437 -0.021612 0.012579
v 0.016585 -0.021479 0.013661
v 0.015908 -0.021879 0.013646
v 0.014889 -0.023236 0.011657
v 0.016151 -0.021719 0.013600
v 0.014766 -0.024286 0.013653
v 0.014783 -0.023795 0.013660
v 0.014894 -0.024125 0.012366
v 0.015207 -0.025710 0.013629
v 0.015358 -0.025865 0.011979
v 0.014933 -0.023247 0.013600
v 0.016125 -0.026645 0.011255
v 0.016123 -0.026677 0.013681
v 0.017752 -0.027179 0.011508
v 0.016613 -0.026886 0.013620
v 0.017294 -0.027059 0.013600
v 0.017603 -0.027089 0.013600
v 0.017014 -0.027008 0.013600
v 0.018154 -0.027057 0.013633
v 0.019259 -0.026698 0.013692
v 0.020013 -0.025968 0.011618
v 0.019332 -0.026570 0.013620
v 0.020045 -0.025889 0.013648
v 0.019763 -0.026255 0.013684
v 0.020543 -0.023820 0.012056
v 0.020554 -0.023752 0.013599
v 0.020093 -0.022570 0.013626
v 0.019317 -0.021730 0.019205
v 0.020602 -0.024245 0.019172
v 0.016736 -0.021482 0.019201
v 0.019777 -0.026295 0.019102
v 0.017673 -0.027133 0.019137
v 0.015830 -0.026504 0.019153
v 0.014673 -0.024386 0.018998
v 0.014889 -0.023190 0.019178
v 0.016852 -0.021265 0.019045
v 0.019209 -0.021510 0.019052
v 0.014993 -0.025448 0.019113
v 0.020560 -0.023216 0.019001
v 0.020471 -0.025327 0.018997
v 0.019239 -0.026712 0.019162
v 0.016829 -0.027066 0.018999
v 0.014873 -0.025149 0.013689
v 0.014653 -0.023951 0.013703
v 0.015041 -0.020841 0.015281
v 0.016769 -0.021318 0.013704
v 0.014809 -0.025075 0.013700
v 0.017813 -0.021182 0.013703
v 0.019866 -0.022120 0.013699
v 0.020526 -0.023166 0.013706
v 0.020672 -0.024636 0.013708
v 0.017611 -0.027162 0.013700
v 0.016299 -0.026835 0.011218
v 0.015146 -0.025652 0.011228
v 0.014813 -0.025014 0.011209
v 0.015884 -0.026483 0.011247
v 0.015435 -0.026080 0.011216
v 0.014897 -0.025072 0.011243
v 0.014774 -0.023674 0.011215
v 0.014867 -0.023407 0.011247
v 0.015072 -0.022830 0.011229
v 0.015555 -0.022165 0.011226
v 0.018190 -0.021261 0.011209
v 0.016015 -0.021777 0.011230
v 0.016671 -0.021448 0.011243
v 0.019546 -0.021902 0.011213
v 0.015318 -0.022487 0.011262
v 0.017193 -0.021291 0.011227
v 0.016389 -0.021535 0.011211
v 0.017913 -0.021282 0.011259
v 0.018585 -0.021408 0.011245
v 0.019756 -0.022118 0.011350
v 0.020172 -0.022603 0.011207
v 0.019246 -0.021670 0.011209
v 0.019912 -0.022283 0.011219
v 0.020362 -0.023017 0.011229
v 0.020575 -0.023666 0.011219
v 0.020579 -0.024000 0.011262
v 0.020601 -0.024430 0.011224
v 0.020541 -0.024822 0.011216
v 0.020584 -0.024286 0.011262
v 0.019810 -0.026197 0.011225
v 0.017210 -0.027137 0.011205
v 0.020216 -0.025655 0.011228
v 0.019237 -0.026678 0.011223
v 0.020457 -0.025106 0.011224
v 0.019208 -0.026657 0.011262
v 0.018581 -0.026981 0.011226
v 0.017736 -0.027101 0.011246
v 0.017293 -0.027067 0.011262
v 0.016473 -0.026831 0.011262
v 0.019138 -0.021570 0.013708
v 0.017658 -0.021265 0.013658
v 0.018068 -0.021303 0.013647
v 0.015823 -0.021843 0.013701
v 0.017121 -0.021314 0.013670
v 0.014946 -0.022942 0.013703
v 0.015604 -0.022113 0.013676
v 0.015350 -0.026010 0.013688
v 0.015766 -0.026497 0.013702
v 0.015070 -0.022871 0.013652
v 0.015418 -0.022342 0.013653
v 0.015782 -0.026400 0.013644
v 0.019898 -0.022279 0.013652
v 0.016707 -0.026993 0.013698
v 0.018685 -0.027001 0.013706
v 0.018236 -0.027064 0.013678
v 0.020166 -0.025872 0.013701
v 0.020662 -0.024036 0.013700
v 0.020364 -0.023014 0.013674
v 0.020384 -0.025258 0.013647
v 0.019347 -0.026593 0.013673
v 0.020515 -0.024857 0.013657
v 0.020586 -0.024412 0.013654
v 0.020412 -0.023189 0.013637
v 0.008272 -0.040407 -0.000055
v 0.005973 -0.038647 0.008316
v 0.007157 -0.039022 0.011200
v 0.003528 -0.036094 0.008896
v 0.004261 -0.037573 0.010737
v 0.004808 -0.030131 0.011125
v 0.005482 -0.038531 0.008610
v 0.035571 -0.005438 0.000202
v 0.035466 -0.009890 0.009586
v 0.032886 -0.020144 0.009636
v 0.021607 -0.034674 0.000200
v 0.018244 -0.037206 0.009638
v 0.017935 -0.037130 0.000058
v 0.026446 -0.032374 0.005757
v 0.008877 -0.040961 0.000063
v -0.003839 -0.041795 0.007641
v -0.010853 -0.040968 0.009213
v -0.014751 -0.038813 0.000196
v -0.020875 -0.035076 -0.000218
v -0.031330 -0.023255 0.000207
v -0.029313 -0.029229 0.007755
v -0.036408 -0.012415 0.007160
v -0.008392 -0.040743 -0.000056
v -0.035029 -0.012365 0.000198
v -0.033155 0.007146 0.009632
v 0.032536 -0.021115 0.000146
v -0.019808 -0.035946 0.000049
v -0.028163 -0.028204 0.000201
v -0.035500 -0.006678 0.000200
v -0.033712 0.004555 0.000069
v -0.030108 0.012422 0.000116
v -0.022877 0.021047 0.007867
v -0.005866 0.028590 0.002427
v -0.014127 0.027667 0.007140
v -0.024599 0.019201 0.002807
v -0.026888 0.016673 0.000200
v 0.020561 0.023337 0.007377
v 0.034613 0.007979 0.005254
v 0.033689 0.004686 0.000200
v 0.025403 0.018325 0.000172
v 0.024941 0.018840 0.007191
v -0.020957 0.021932 0.000255
v -0.025525 0.017792 -0.000210
v 0.023563 0.020125 0.002651
v 0.022228 0.021166 0.000279
v 0.034857 0.000217 0.000200
v 0.023464 0.018986 0.016276
v 0.032785 0.001639 0.016326
v 0.032460 -0.013694 0.016305
v 0.011965 0.025557 0.016398
v 0.003606 0.026532 0.016391
v 0.020792 0.017924 0.016008
v 0.034119 -0.011872 0.016100
v 0.029451 -0.024074 0.016367
v 0.021034 -0.033464 0.016369
v 0.013322 -0.038347 0.016315
v -0.004057 -0.040737 0.016318
v 0.000000 0.027993 0.016100
v -0.004916 0.026974 0.016452
v -0.015479 0.023252 0.016355
v -0.027420 0.012671 0.016423
v -0.029034 0.011763 0.016349
v -0.034013 -0.001577 0.016370
v -0.033831 -0.007201 0.016429
v -0.018005 -0.035944 0.016364
v -0.005667 -0.040223 0.016290
v -0.031874 -0.019710 0.016100
v -0.033484 -0.011372 0.016438
v -0.026505 -0.023989 0.015938
v -0.027585 -0.027014 0.016331
v -0.024210 0.007500 0.011080
v -0.030013 0.008728 0.010778
v -0.024374 0.006233 0.011050
v -0.025189 0.011912 0.011099
v -0.022951 0.009848 0.011080
v -0.023040 0.003593 0.011086
v -0.024837 0.015973 0.011200
v -0.025781 0.014101 0.011200
v -0.025845 0.014544 0.011056
v -0.023642 0.016829 0.011200
v -0.017806 0.014945 0.011200
v -0.020653 0.012645 0.011200
v -0.023448 0.010529 0.011200
v -0.020688 0.010199 0.011200
v -0.020297 0.009420 0.011200
v -0.015717 0.007774 0.011200
v -0.019217 0.003329 0.011200
v -0.012472 0.015908 0.011700
v -0.015245 0.013285 0.011200
v -0.012530 0.016493 0.011200
v -0.010517 0.013604 0.011617
v -0.012641 0.019221 0.011200
v -0.012530 0.018100 0.011200
v -0.011899 0.002636 0.011200
v -0.006139 0.007133 0.010900
v -0.007000 0.004993 0.011200
v -0.010027 0.004175 0.011200
v 0.007000 -0.007507 0.011200
v 0.007000 0.004993 0.011200
v -0.023031 -0.016639 0.011200
v -0.020767 -0.023570 0.011200
v -0.020493 -0.022743 0.011200
v -0.020658 -0.025525 0.011200
v -0.023063 -0.022962 0.011200
v -0.017440 -0.020579 0.011200
v -0.025515 -0.027998 0.011200
v -0.025598 -0.025399 0.011113
v -0.021616 -0.028591 0.011201
v 0.012530 0.018100 0.011200
v 0.012641 0.019221 0.011200
v -0.014340 -0.024740 0.011200
v -0.011688 -0.016012 0.011200
v -0.011670 -0.014231 0.011200
v -0.010101 -0.016722 0.011815
v -0.007000 -0.020007 0.011200
v -0.010312 -0.017971 0.011200
v -0.006810 -0.020964 0.011200
v -0.004444 -0.029196 0.011200
v -0.003820 -0.034249 0.010418
v -0.012530 0.019707 0.011200
v 0.012530 0.019707 0.011200
v 0.012530 0.016493 0.011200
v 0.017579 0.014958 0.011200
v 0.014879 0.009572 0.011200
v 0.011541 0.013991 0.011829
v 0.013902 0.014607 0.011200
v 0.010008 0.003976 0.011603
v 0.007000 -0.020007 0.011200
v 0.015058 0.008676 0.013279
v 0.011561 0.004356 0.011200
v 0.028051 -0.006507 0.011061
v 0.023744 0.016762 0.011200
v 0.023168 0.010262 0.011025
v 0.024837 0.015973 0.011200
v 0.025727 0.013772 0.011020
v 0.025313 0.012093 0.011149
v 0.023048 0.009754 0.011200
v 0.020818 0.009217 0.011200
v 0.026775 0.001685 0.011097
v 0.023050 0.009523 0.011045
v 0.027538 -0.001337 0.011080
v 0.026710 -0.015056 0.011145
v 0.027429 -0.012349 0.011008
v 0.001971 -0.027027 0.010954
v 0.010607 -0.017114 0.011200
v 0.017312 -0.021042 0.011200
v 0.015500 -0.021780 0.012727
v 0.014862 -0.022743 0.011200
v -0.006565 -0.039561 0.011201
v -0.003476 -0.035652 0.011200
v 0.014468 -0.024683 0.012571
v 0.023228 -0.023318 0.011110
v 0.020549 -0.022130 0.011200
v 0.016781 -0.027520 0.011200
v 0.025731 -0.026706 0.011200
v 0.020226 -0.026158 0.011200
v -0.033829 -0.000303 -0.000378
v -0.032577 -0.020584 0.000043
v -0.029352 0.010876 -0.000112
v -0.013583 -0.037267 0.000047
v -0.013244 -0.039346 -0.000049
v 0.026811 -0.029124 -0.000262
v 0.029055 0.012470 -0.000240
v 0.030128 -0.021823 0.000000
v 0.012204 -0.038024 -0.000000
v 0.015907 -0.036396 -0.000053
v 0.025594 -0.029999 -0.000229
v 0.033526 0.001974 -0.000321
v 0.032631 -0.015594 0.000000
v 0.033764 -0.006914 0.000000
v 0.035022 -0.012208 0.000009
v 0.006578 -0.039723 0.007329
v 0.007869 -0.039170 0.000453
v 0.034059 -0.006592 0.010960
v 0.029451 -0.022813 0.010960
v -0.007244 -0.039080 0.007509
v -0.016294 -0.035853 0.000093
v -0.025898 -0.027375 0.010960
v -0.024635 -0.029250 0.011178
v -0.031001 -0.019203 0.008200
v -0.030987 -0.019377 0.010674
v -0.028954 -0.024738 -0.000177
v -0.033072 -0.015263 -0.000367
v -0.034334 -0.008526 -0.000346
v -0.033693 -0.005477 0.005700
v 0.033288 -0.011497 0.000163
v 0.028909 -0.024083 0.000220
v 0.022051 -0.031743 0.000248
v -0.007631 -0.039122 0.000842
v -0.009837 -0.038535 0.000166
v -0.020711 -0.032891 0.000214
v 0.033473 -0.005020 0.000245
v -0.007848 0.026269 0.010533
v -0.033866 -0.001010 0.003244
v -0.031784 0.004248 0.000073
v 0.006102 0.026933 0.001765
v 0.002620 0.027115 0.011950
v -0.024837 0.015973 0.001900
v 0.024837 0.015973 0.001900
v 0.026951 0.013416 0.000245
v 0.029397 0.009923 0.010960
v 0.004571 0.026539 0.009200
v -0.022329 0.018486 0.000202
v -0.023753 0.017328 0.001593
v -0.019188 0.020968 0.000460
v 0.016142 0.023198 0.001132
v 0.015850 0.023076 0.001700
v 0.032162 0.005276 -0.000285
v 0.032322 0.002297 0.000243
v 0.003454 -0.027994 0.008686
v 0.004474 -0.038124 0.008700
v 0.003472 -0.034220 0.008740
v 0.003474 -0.036756 0.008731
v -0.002292 -0.027444 0.008754
v -0.004474 -0.038124 0.008700
v -0.003113 -0.036014 0.008711
v 0.022066 0.016109 0.013600
v 0.021020 0.011929 0.013029
v 0.015121 0.021067 0.013909
v 0.017784 0.014552 0.013600
v 0.030144 0.002637 0.013600
v 0.018543 0.008128 0.013600
v 0.011331 0.003375 0.013600
v 0.011331 -0.016389 0.013600
v 0.030144 -0.015651 0.013600
v 0.019875 0.008861 0.013600
v 0.016971 0.008070 0.012945
v 0.015072 0.013007 0.013600
v 0.014588 0.011785 0.013600
v -0.001076 0.025762 0.013600
v 0.014524 0.010916 0.013600
v 0.010607 0.005017 0.013528
v 0.011543 0.004098 0.013541
v 0.010999 0.003152 0.013600
v 0.010607 0.003074 0.013600
v 0.010999 -0.016167 0.013600
v 0.010607 -0.016089 0.013600
v -0.009882 0.004824 0.013600
v 0.009660 0.004492 0.013600
v 0.009660 -0.016721 0.013600
v 0.009882 -0.016389 0.013600
v -0.009882 -0.016389 0.013600
v 0.009582 0.004099 0.013600
v -0.009660 0.004492 0.013600
v 0.010214 0.003152 0.013600
v 0.010214 -0.016167 0.013600
v 0.009882 0.003375 0.013600
v -0.009660 0.003707 0.013600
v 0.009660 0.003707 0.013600
v -0.009582 0.004099 0.013600
v 0.028568 -0.019175 0.014107
v 0.020774 -0.022654 0.013600
v 0.021425 -0.028074 0.013746
v 0.017757 -0.020998 0.013600
v 0.018824 -0.027160 0.013600
v 0.019593 -0.031329 0.013708
v 0.016338 -0.027165 0.013600
v 0.009660 -0.017506 0.013600
v 0.009582 -0.017114 0.013600
v -0.000000 -0.028482 0.013600
v -0.009582 -0.017114 0.013600
v 0.009882 -0.017839 0.013600
v 0.001158 -0.028712 0.013600
v 0.000327 -0.028503 0.013589
v -0.009660 -0.016721 0.013600
v 0.003053 -0.031507 0.013600
v 0.008177 -0.037082 0.013872
v 0.001931 -0.033860 0.013600
v 0.002627 -0.032991 0.013588
v 0.002988 -0.031958 0.013572
v -0.000823 -0.034478 0.013582
v 0.001139 -0.034291 0.013590
v -0.014588 0.011785 0.013600
v -0.014524 0.010860 0.013600
v -0.015130 0.013144 0.013600
v -0.020199 0.018106 0.013600
v -0.016432 0.007866 0.013600
v -0.010696 0.005031 0.013535
v -0.010214 0.003152 0.013600
v -0.010607 0.003074 0.013600
v -0.010214 -0.016167 0.013600
v -0.010607 -0.016089 0.013600
v -0.010999 0.003152 0.013600
v -0.010999 -0.016167 0.013600
v -0.011331 0.003375 0.013600
v -0.011688 0.004099 0.013597
v -0.017580 0.014436 0.013600
v -0.019641 0.013651 0.013600
v -0.024994 0.012168 0.014222
v -0.029062 0.005267 0.014347
v -0.021162 0.010593 0.013600
v -0.030144 0.002637 0.013600
v -0.031479 -0.006922 0.014047
v -0.030144 -0.015651 0.013600
v -0.009660 -0.017506 0.013600
v -0.009882 -0.017839 0.013600
v -0.001158 -0.028712 0.013600
v -0.010607 -0.018195 0.013597
v -0.001681 -0.028992 0.013600
v -0.011354 -0.016614 0.013547
v -0.014342 -0.023288 0.013600
v -0.011481 -0.017411 0.013544
v -0.001745 -0.034020 0.013596
v -0.002642 -0.032985 0.013592
v -0.003029 -0.031419 0.013592
v -0.004212 -0.037911 0.013600
v -0.016203 -0.027161 0.013600
v -0.018575 -0.020849 0.013600
v -0.010930 -0.036142 0.014685
v -0.020918 -0.025784 0.013600
v -0.012390 0.020573 0.002568
v -0.012382 0.023873 0.001873
v -0.012530 0.022466 0.012700
v -0.012446 0.019643 0.007464
v -0.012530 0.016493 0.012700
v 0.012484 0.019587 0.002540
v 0.012530 0.016493 0.012700
v 0.012530 0.022466 0.012700
v 0.012530 0.022163 0.005012
v -0.024126 0.016576 0.001905
v 0.012447 0.019644 0.007464
v 0.013669 0.018129 0.001899
v -0.012596 0.019394 0.002091
v -0.016243 0.017161 0.001824
v -0.014925 0.017221 0.001900
v 0.015381 0.017045 0.001898
v 0.019500 0.022193 0.005100
v 0.019500 0.021607 0.006514
v 0.019500 0.022041 0.005865
v 0.019500 0.020193 0.007100
v 0.019500 0.019428 0.006948
v 0.019500 0.020958 0.006948
v 0.019500 0.018779 0.006514
v 0.019500 0.018345 0.005865
v 0.019500 0.018779 0.003686
v 0.019500 0.020193 0.003100
v 0.019500 0.021607 0.003686
v 0.019500 0.020958 0.003252
v 0.019500 0.019428 0.003252
v 0.019500 0.022041 0.004335
v 0.019500 0.018345 0.004335
v 0.019500 0.018193 0.005100
v 0.031607 -0.007559 0.014127
v 0.015004 -0.034846 0.016024
v 0.010472 -0.036253 0.015586
v -0.020813 -0.029840 0.014012
v -0.027262 -0.022604 0.013959
v -0.030895 -0.012652 0.015600
v -0.013140 0.022475 0.015932
v -0.003088 0.024841 0.015600
v -0.006145 0.024388 0.015600
v 0.006008 0.024492 0.015576
v 0.000000 0.024993 0.015600
v 0.013489 0.022012 0.015600
v 0.027774 0.008341 0.013908
v 0.033363 -0.003644 0.016381
v -0.015000 0.018359 0.005860
v -0.015000 0.018208 0.005100
v -0.015000 0.019433 0.006934
v -0.015000 0.018789 0.006504
v -0.015000 0.020953 0.006934
v -0.015000 0.020193 0.007085
v -0.015000 0.022027 0.005860
v -0.015000 0.021596 0.006504
v -0.015000 0.022178 0.005100
v -0.015000 0.022027 0.004340
v -0.015000 0.021596 0.003696
v -0.015000 0.020953 0.003266
v -0.015000 0.019433 0.003266
v -0.015000 0.020193 0.003115
v -0.015000 0.018789 0.003696
v -0.015000 0.018359 0.004340
v -0.015000 0.021607 0.003686
v -0.015000 0.020958 0.003252
v -0.015000 0.022193 0.005100
v -0.015000 0.022041 0.004335
v -0.015000 0.020193 0.003100
v -0.015000 0.022041 0.005865
v -0.015000 0.021607 0.006514
v -0.015000 0.020193 0.007100
v -0.015000 0.020958 0.006948
v -0.015000 0.018779 0.003686
v -0.015000 0.019428 0.003252
v -0.015000 0.018345 0.004335
v -0.015000 0.018193 0.005100
v -0.015000 0.019428 0.006948
v -0.015000 0.018779 0.006514
v -0.015000 0.018345 0.005865
v -0.012530 0.022163 0.005012
v -0.006514 -0.040526 0.007223
v 0.006926 -0.039071 0.007630
v 0.000760 -0.042431 0.008142
v 0.011647 0.024875 0.001728
v 0.020975 0.017117 0.001708
v 0.023459 0.017749 0.000383
v 0.013735 0.017988 0.001693
v -0.014486 0.017446 0.001748
v -0.012568 0.024661 0.001662
v -0.011950 0.024772 0.001636
v 0.011958 0.024377 0.012700
v 0.012532 0.023081 0.001764
v -0.008299 0.027523 0.012700
v -0.008727 -0.040077 -0.000196
v -0.007223 -0.040024 0.000870
v -0.004025 0.026648 0.012700
v -0.004637 0.026036 0.012700
v -0.004696 0.025810 0.006478
v -0.005473 0.022789 0.009200
v -0.005300 0.020993 0.009200
v -0.005147 0.021023 0.009200
v -0.005147 0.021023 0.012700
v -0.005300 0.020993 0.012700
v -0.005017 0.021110 0.009200
v -0.005017 0.021110 0.012700
v -0.004930 0.021240 0.009200
v -0.004930 0.021240 0.012700
v -0.005600 0.020993 0.012700
v -0.005600 0.020993 0.009200
v -0.005970 0.021240 0.009200
v -0.005970 0.021240 0.012700
v -0.005883 0.021110 0.009200
v -0.005883 0.021110 0.012700
v -0.005753 0.021023 0.009200
v -0.005753 0.021023 0.012700
v 0.004900 0.021393 0.009200
v 0.004930 0.021240 0.009200
v 0.004930 0.021240 0.012700
v 0.004719 0.025981 0.012700
v 0.005017 0.021110 0.009200
v 0.005017 0.021110 0.012700
v 0.005147 0.021023 0.009200
v 0.005300 0.020993 0.009200
v 0.005300 0.020993 0.012700
v 0.005147 0.021023 0.012700
v 0.004025 0.026648 0.012700
v 0.006752 0.026181 0.010561
v 0.006153 0.025357 0.012700
v 0.006000 0.021393 0.009200
v 0.006000 0.021393 0.012700
v 0.005600 0.020993 0.009200
v 0.005753 0.021023 0.009200
v 0.005753 0.021023 0.012700
v 0.005600 0.020993 0.012700
v 0.005883 0.021110 0.009200
v 0.005883 0.021110 0.012700
v 0.005970 0.021240 0.009200
v 0.005970 0.021240 0.012700
v -0.002286 -0.023218 0.008545
v -0.004063 -0.033190 0.008900
v -0.005500 -0.018507 0.010700
v -0.002200 -0.018507 0.010700
v 0.002200 -0.018507 0.010700
v 0.002200 -0.018507 0.010800
v 0.005500 -0.018507 0.010700
v -0.000000 -0.018348 0.010637
v -0.007000 0.004993 0.010700
v -0.005301 -0.016332 0.010706
v -0.005062 0.003952 0.010761
v -0.001983 0.005985 0.010700
v -0.003363 0.005700 0.010750
v -0.003259 -0.018369 0.010761
v -0.003437 -0.018507 0.010700
v 0.003011 0.005871 0.010768
v 0.003437 -0.018507 0.010700
v 0.006139 0.007133 0.010904
v 0.007000 0.004993 0.010700
v 0.005200 -0.015507 0.010700
v 0.005062 -0.016566 0.010765
v 0.003648 -0.018215 0.010744
v 0.007460 -0.021398 0.010767
v -0.002067 -0.025278 0.010973
v -0.006969 -0.020258 0.008755
v -0.004607 -0.031146 0.008706
v -0.004143 -0.028870 0.008894
v -0.004442 -0.029722 0.008900
v -0.003428 -0.028040 0.008810
v 0.001922 -0.027334 0.008895
v 0.004500 -0.030307 0.008900
v 0.003994 -0.028640 0.008900
v 0.004388 -0.029431 0.008900
v 0.003370 -0.027945 0.008900
v 0.004386 -0.032314 0.008740
v 0.006777 -0.040827 0.007133
v 0.007034 -0.040652 0.001290
v -0.007539 -0.041123 0.001169
v -0.003789 -0.036907 0.008900
v -0.004344 -0.037747 0.008909
v -0.005411 -0.038531 0.008612
v 0.006474 -0.018817 0.009176
v -0.006699 -0.018705 0.010384
v -0.023238 -0.023357 0.010960
v -0.029480 -0.016530 0.010731
v -0.023151 -0.022531 0.010960
v -0.024326 -0.018847 0.011050
v -0.023009 -0.016547 0.011046
v 0.023993 -0.020946 0.011068
v 0.025716 0.004617 0.011071
v 0.025098 0.011826 0.010960
v 0.025422 0.015230 0.011125
v 0.024466 -0.024283 0.010960
v 0.025366 -0.025217 0.011073
v 0.022839 -0.032396 0.011172
v 0.025727 -0.026786 0.010960
v 0.023050 -0.022790 0.011110
v -0.009530 0.013493 0.012700
v -0.011928 0.014584 0.011700
v 0.009530 0.013493 0.012700
v 0.020177 0.021903 0.000156
v 0.018603 0.023335 0.000568
v -0.014554 0.024317 0.000955
v -0.009221 0.026189 0.001516
v 0.009137 0.027779 0.002202
v 0.001800 0.028082 0.001937
v -0.001681 -0.039063 0.008567
v 0.006544 -0.038716 0.008054
v 0.006278 -0.038685 0.008162
v -0.006013 -0.038653 0.008271
v -0.006832 -0.019318 0.008732
v 0.006948 -0.020326 0.008703
v 0.006832 -0.019318 0.008732
v 0.019500 0.022054 0.004329
v 0.019500 0.021618 0.003675
v 0.019500 0.020193 0.003085
v 0.019500 0.020964 0.003238
v 0.019500 0.022054 0.005871
v 0.019500 0.021618 0.006525
v 0.019500 0.020964 0.006962
v 0.019500 0.020193 0.007115
v 0.019500 0.019422 0.003238
v 0.019500 0.018768 0.003675
v 0.019500 0.018331 0.004329
v 0.019500 0.018331 0.005871
v 0.019500 0.018178 0.005100
v 0.019500 0.019422 0.006962
v 0.019500 0.018768 0.006525
v -0.013594 0.003060 0.008279
v -0.012463 -0.015611 0.007637
v -0.019937 -0.001313 0.005521
v -0.019823 -0.011625 0.005511
v -0.032460 -0.015443 0.006041
v -0.012638 -0.010346 0.005566
v -0.012681 -0.001713 0.005372
v -0.035336 -0.004373 0.000100
v -0.021505 -0.004576 0.012700
v -0.015026 -0.001893 0.012700
v -0.019691 -0.010878 0.012700
v -0.014475 -0.010316 0.012700
v -0.030806 -0.017749 0.009523
v -0.029567 -0.016370 0.008200
v -0.029152 0.001522 0.006402
v -0.031066 0.004327 0.010743
v -0.031057 0.004633 0.008210
v 0.025769 0.017787 0.010033
v 0.034350 -0.001571 0.010179
v 0.033304 0.002963 0.010154
v 0.031597 0.007818 0.010169
v 0.017976 0.023177 0.010179
v 0.023710 0.018819 0.010169
v 0.004623 0.028310 0.010173
v 0.034308 -0.013305 0.010172
v 0.028778 -0.025996 0.010170
v 0.020944 -0.034339 0.010163
v 0.007631 -0.040918 0.010033
v 0.002075 -0.041123 0.010165
v -0.003622 -0.041074 0.010170
v 0.000145 0.029990 0.009211
v -0.014695 0.024931 0.010179
v -0.019247 0.022297 0.010171
v -0.021977 0.020272 0.010171
v -0.028275 0.013859 0.010172
v -0.034771 -0.001681 0.010163
v -0.016972 -0.036753 0.010181
v -0.020356 -0.034582 0.010165
v -0.011779 -0.039112 0.010162
v -0.022430 -0.032884 0.010154
v -0.024496 -0.031003 0.010171
v -0.031438 -0.021582 0.010180
v -0.034246 -0.011965 0.010165
v -0.026779 -0.028484 0.010171
v 0.010607 -0.018053 0.013546
v 0.011392 -0.017589 0.013548
v 0.010222 -0.016729 0.012802
v 0.011529 -0.017031 0.013540
v -0.010965 -0.017867 0.013369
v -0.009930 -0.016653 0.013378
v -0.011110 0.003346 0.013312
v -0.009916 0.003579 0.013502
v -0.011287 0.004554 0.013373
v -0.009847 0.004443 0.013358
v 0.010950 0.003340 0.013358
v 0.009888 0.004610 0.013531
v 0.011283 0.004561 0.013378
v -0.001326 -0.034444 0.009500
v -0.001685 -0.028355 0.009500
v 0.002997 -0.030496 0.009500
v 0.001972 -0.033389 0.010471
v -0.002595 -0.031571 0.011014
v -0.002696 -0.030014 0.013599
v 0.002481 -0.029560 0.013604
v -0.001143 -0.028696 0.013571
v -0.005062 -0.016710 0.010800
v 0.005200 0.002893 0.010800
v 0.004321 0.005014 0.010800
v 0.004986 0.004202 0.010726
v -0.004135 0.005208 0.010757
v 0.015250 0.039588 0.029750
v 0.015250 0.039492 0.029731
v 0.023050 0.039492 0.029731
v 0.015250 0.039411 0.029677
v 0.015250 0.039357 0.029596
v 0.023050 0.039411 0.029677
v 0.015250 0.039338 0.029500
v 0.015250 0.039357 0.029404
v 0.023050 0.039357 0.029404
v 0.015250 0.039411 0.029323
v 0.015250 0.039492 0.029269
v 0.023050 0.039411 0.029323
v 0.023050 0.039338 0.029500
v 0.023050 0.039492 0.029269
v 0.015250 0.039588 0.029250
v 0.023050 0.039684 0.029731
v 0.015250 0.039684 0.029269
v 0.023050 0.039588 0.029250
v 0.015250 0.039765 0.029323
v 0.015250 0.039819 0.029404
v 0.023050 0.039819 0.029404
v 0.023050 0.039684 0.029269
v 0.015250 0.039838 0.029500
v 0.015250 0.039819 0.029596
v 0.023050 0.039819 0.029596
v 0.015250 0.039765 0.029677
v 0.015250 0.039684 0.029731
v 0.023050 0.039765 0.029677
v 0.023050 0.039838 0.029500
v 0.015250 0.037825 0.030323
v 0.015250 0.037729 0.030304
v 0.023050 0.037729 0.030304
v 0.015250 0.037648 0.030250
v 0.015250 0.037594 0.030169
v 0.023050 0.037594 0.030169
v 0.023050 0.037648 0.030250
v 0.015250 0.037575 0.030073
v 0.015250 0.037594 0.029977
v 0.023050 0.037594 0.029977
v 0.015250 0.037648 0.029896
v 0.015250 0.037729 0.029842
v 0.023050 0.037648 0.029896
v 0.023050 0.037575 0.030073
v 0.015250 0.037825 0.029823
v 0.023050 0.037825 0.029823
v 0.023050 0.037920 0.030304
v 0.015250 0.037920 0.029842
v 0.023050 0.037920 0.029842
v 0.015250 0.038001 0.029896
v 0.015250 0.038056 0.029977
v 0.023050 0.038001 0.029896
v 0.015250 0.038075 0.030073
v 0.015250 0.038056 0.030169
v 0.023050 0.038056 0.030169
v 0.015250 0.038001 0.030250
v 0.015250 0.037920 0.030304
v 0.023050 0.038001 0.030250
v 0.023050 0.038075 0.030073
v 0.015250 0.036735 0.031823
v 0.015250 0.036639 0.031804
v 0.023050 0.036639 0.031804
v 0.015250 0.036558 0.031750
v 0.015250 0.036504 0.031669
v 0.023050 0.036504 0.031669
v 0.015250 0.036485 0.031573
v 0.015250 0.036504 0.031477
v 0.023050 0.036504 0.031477
v 0.015250 0.036558 0.031396
v 0.015250 0.036639 0.031342
v 0.023050 0.036639 0.031342
v 0.023050 0.036558 0.031396
v 0.023050 0.036485 0.031573
v 0.015250 0.036735 0.031323
v 0.023050 0.036735 0.031323
v 0.023050 0.036830 0.031804
v 0.015250 0.036830 0.031342
v 0.023050 0.036830 0.031342
v 0.015250 0.036912 0.031396
v 0.015250 0.036966 0.031477
v 0.023050 0.036966 0.031477
v 0.023050 0.036912 0.031396
v 0.015250 0.036985 0.031573
v 0.015250 0.036966 0.031669
v 0.023050 0.036966 0.031669
v 0.015250 0.036912 0.031750
v 0.015250 0.036830 0.031804
v 0.023050 0.036912 0.031750
v 0.023050 0.036985 0.031573
v 0.015250 0.036735 0.033677
v 0.015250 0.036639 0.033658
v 0.023050 0.036639 0.033658
v 0.015250 0.036558 0.033604
v 0.015250 0.036504 0.033523
v 0.023050 0.036504 0.033523
v 0.023050 0.036558 0.033604
v 0.015250 0.036485 0.033427
v 0.015250 0.036504 0.033331
v 0.023050 0.036504 0.033331
v 0.015250 0.036558 0.033250
v 0.015250 0.036639 0.033196
v 0.023050 0.036639 0.033196
v 0.023050 0.036558 0.033250
v 0.023050 0.036485 0.033427
v 0.015250 0.036735 0.033177
v 0.023050 0.036735 0.033177
v 0.023050 0.036830 0.033658
v 0.015250 0.036830 0.033196
v 0.023050 0.036830 0.033196
v 0.015250 0.036912 0.033250
v 0.015250 0.036966 0.033331
v 0.023050 0.036966 0.033331
v 0.023050 0.036912 0.033250
v 0.015250 0.036985 0.033427
v 0.015250 0.036966 0.033523
v 0.023050 0.036966 0.033523
v 0.015250 0.036912 0.033604
v 0.015250 0.036830 0.033658
v 0.023050 0.036912 0.033604
v 0.023050 0.036985 0.033427
v 0.015250 0.037825 0.035177
v 0.015250 0.037729 0.035158
v 0.023050 0.037729 0.035158
v 0.015250 0.037648 0.035104
v 0.015250 0.037594 0.035023
v 0.023050 0.037594 0.035023
v 0.023050 0.037648 0.035104
v 0.015250 0.037575 0.034927
v 0.015250 0.037594 0.034831
v 0.023050 0.037594 0.034831
v 0.015250 0.037648 0.034750
v 0.015250 0.037729 0.034696
v 0.023050 0.037729 0.034696
v 0.023050 0.037648 0.034750
v 0.023050 0.037575 0.034927
v 0.015250 0.037825 0.034677
v 0.023050 0.037825 0.034677
v 0.023050 0.037920 0.035158
v 0.015250 0.037920 0.034696
v 0.023050 0.037920 0.034696
v 0.015250 0.038001 0.034750
v 0.015250 0.038056 0.034831
v 0.023050 0.038056 0.034831
v 0.023050 0.038001 0.034750
v 0.015250 0.038075 0.034927
v 0.015250 0.038056 0.035023
v 0.023050 0.038056 0.035023
v 0.015250 0.038001 0.035104
v 0.015250 0.037920 0.035158
v 0.023050 0.038001 0.035104
v 0.023050 0.038075 0.034927
v 0.015250 0.041351 0.035177
v 0.015250 0.041256 0.035158
v 0.023050 0.041256 0.035158
v 0.015250 0.041175 0.035104
v 0.015250 0.041120 0.035023
v 0.023050 0.041120 0.035023
v 0.023050 0.041175 0.035104
v 0.015250 0.041101 0.034927
v 0.015250 0.041120 0.034831
v 0.023050 0.041120 0.034831
v 0.015250 0.041175 0.034750
v 0.015250 0.041256 0.034696
v 0.023050 0.041175 0.034750
v 0.023050 0.041101 0.034927
v 0.023050 0.041351 0.035177
v 0.023050 0.041256 0.034696
v 0.015250 0.041351 0.034677
v 0.015250 0.041447 0.035158
v 0.015250 0.041447 0.034696
v 0.023050 0.041351 0.034677
v 0.015250 0.041528 0.034750
v 0.015250 0.041582 0.034831
v 0.023050 0.041582 0.034831
v 0.023050 0.041447 0.034696
v 0.015250 0.041601 0.034927
v 0.015250 0.041582 0.035023
v 0.023050 0.041582 0.035023
v 0.015250 0.041528 0.035104
v 0.023050 0.041447 0.035158
v 0.023050 0.041528 0.035104
v 0.023050 0.041601 0.034927
v 0.015250 0.042441 0.033677
v 0.015250 0.042345 0.033658
v 0.023050 0.042345 0.033658
v 0.015250 0.042264 0.033604
v 0.015250 0.042210 0.033523
v 0.023050 0.042210 0.033523
v 0.023050 0.042264 0.033604
v 0.015250 0.042191 0.033427
v 0.015250 0.042210 0.033331
v 0.023050 0.042210 0.033331
v 0.015250 0.042264 0.033250
v 0.015250 0.042345 0.033196
v 0.023050 0.042264 0.033250
v 0.023050 0.042191 0.033427
v 0.023050 0.042345 0.033196
v 0.015250 0.042441 0.033177
v 0.023050 0.042537 0.033658
v 0.015250 0.042537 0.033196
v 0.023050 0.042441 0.033177
v 0.015250 0.042618 0.033250
v 0.015250 0.042672 0.033331
v 0.023050 0.042672 0.033331
v 0.023050 0.042537 0.033196
v 0.015250 0.042691 0.033427
v 0.015250 0.042672 0.033523
v 0.023050 0.042672 0.033523
v 0.015250 0.042618 0.033604
v 0.015250 0.042537 0.033658
v 0.023050 0.042618 0.033604
v 0.023050 0.042691 0.033427
v 0.015250 0.042441 0.031823
v 0.015250 0.042345 0.031804
v 0.023050 0.042345 0.031804
v 0.015250 0.042264 0.031750
v 0.015250 0.042210 0.031669
v 0.023050 0.042210 0.031669
v 0.023050 0.042264 0.031750
v 0.015250 0.042191 0.031573
v 0.015250 0.042210 0.031477
v 0.023050 0.042210 0.031477
v 0.015250 0.042264 0.031396
v 0.015250 0.042345 0.031342
v 0.023050 0.042345 0.031342
v 0.023050 0.042264 0.031396
v 0.023050 0.042191 0.031573
v 0.015250 0.042441 0.031323
v 0.023050 0.042441 0.031323
v 0.023050 0.042537 0.031804
v 0.015250 0.042537 0.031342
v 0.023050 0.042537 0.031342
v 0.015250 0.042618 0.031396
v 0.015250 0.042672 0.031477
v 0.023050 0.042672 0.031477
v 0.023050 0.042618 0.031396
v 0.015250 0.042691 0.031573
v 0.015250 0.042672 0.031669
v 0.023050 0.042672 0.031669
v 0.015250 0.042618 0.031750
v 0.015250 0.042537 0.031804
v 0.023050 0.042618 0.031750
v 0.023050 0.042691 0.031573
v 0.015250 0.041351 0.030323
v 0.015250 0.041256 0.030304
v 0.023050 0.041256 0.030304
v 0.015250 0.041175 0.030250
v 0.015250 0.041120 0.030169
v 0.023050 0.041175 0.030250
v 0.015250 0.041101 0.030073
v 0.015250 0.041120 0.029977
v 0.023050 0.041120 0.029977
v 0.015250 0.041175 0.029896
v 0.015250 0.041256 0.029842
v 0.023050 0.041175 0.029896
v 0.023050 0.041101 0.030073
v 0.023050 0.041351 0.030323
v 0.023050 0.041256 0.029842
v 0.015250 0.041351 0.029823
v 0.015250 0.041447 0.030304
v 0.015250 0.041447 0.029842
v 0.023050 0.041351 0.029823
v 0.015250 0.041528 0.029896
v 0.015250 0.041582 0.029977
v 0.023050 0.041582 0.029977
v 0.023050 0.041447 0.029842
v 0.015250 0.041601 0.030073
v 0.015250 0.041582 0.030169
v 0.023050 0.041582 0.030169
v 0.015250 0.041528 0.030250
v 0.023050 0.041447 0.030304
v 0.023050 0.041601 0.030073
v 0.015250 0.039588 0.034250
v 0.015250 0.039492 0.034231
v 0.023050 0.039492 0.034231
v 0.015250 0.039411 0.034177
v 0.015250 0.039357 0.034096
v 0.023050 0.039411 0.034177
v 0.015250 0.039338 0.034000
v 0.015250 0.039357 0.033904
v 0.023050 0.039357 0.033904
v 0.015250 0.039411 0.033823
v 0.015250 0.039492 0.033769
v 0.023050 0.039411 0.033823
v 0.023050 0.039338 0.034000
v 0.023050 0.039492 0.033769
v 0.015250 0.039588 0.033750
v 0.023050 0.039684 0.034231
v 0.015250 0.039684 0.033769
v 0.023050 0.039588 0.033750
v 0.015250 0.039765 0.033823
v 0.015250 0.039819 0.033904
v 0.023050 0.039819 0.033904
v 0.023050 0.039684 0.033769
v 0.015250 0.039838 0.034000
v 0.015250 0.039819 0.034096
v 0.023050 0.039819 0.034096
v 0.015250 0.039765 0.034177
v 0.015250 0.039684 0.034231
v 0.023050 0.039765 0.034177
v 0.023050 0.039838 0.034000
v 0.015250 0.040887 0.032000
v 0.015250 0.040791 0.031981
v 0.023050 0.040791 0.031981
v 0.015250 0.040710 0.031927
v 0.015250 0.040656 0.031846
v 0.023050 0.040710 0.031927
v 0.015250 0.040637 0.031750
v 0.015250 0.040656 0.031654
v 0.023050 0.040656 0.031654
v 0.015250 0.040710 0.031573
v 0.015250 0.040791 0.031519
v 0.023050 0.040710 0.031573
v 0.023050 0.040637 0.031750
v 0.023050 0.040887 0.032000
v 0.023050 0.040656 0.031846
v 0.023050 0.040791 0.031519
v 0.015250 0.040887 0.031500
v 0.015250 0.040983 0.031981
v 0.015250 0.040983 0.031519
v 0.023050 0.040887 0.031500
v 0.015250 0.041064 0.031573
v 0.015250 0.041118 0.031654
v 0.023050 0.041118 0.031654
v 0.023050 0.040983 0.031519
v 0.015250 0.041137 0.031750
v 0.015250 0.041118 0.031846
v 0.023050 0.041118 0.031846
v 0.015250 0.041064 0.031927
v 0.023050 0.040983 0.031981
v 0.023050 0.041064 0.031927
v 0.023050 0.041137 0.031750
v 0.015250 0.038289 0.032000
v 0.015250 0.038193 0.031981
v 0.023050 0.038193 0.031981
v 0.015250 0.038112 0.031927
v 0.015250 0.038058 0.031846
v 0.023050 0.038112 0.031927
v 0.015250 0.038039 0.031750
v 0.015250 0.038058 0.031654
v 0.023050 0.038058 0.031654
v 0.015250 0.038112 0.031573
v 0.015250 0.038193 0.031519
v 0.023050 0.038193 0.031519
v 0.023050 0.038112 0.031573
v 0.023050 0.038039 0.031750
v 0.015250 0.038289 0.031500
v 0.023050 0.038289 0.031500
v 0.023050 0.038385 0.031981
v 0.015250 0.038385 0.031519
v 0.023050 0.038385 0.031519
v 0.015250 0.038466 0.031573
v 0.015250 0.038520 0.031654
v 0.023050 0.038520 0.031654
v 0.023050 0.038466 0.031573
v 0.015250 0.038539 0.031750
v 0.015250 0.038520 0.031846
v 0.023050 0.038520 0.031846
v 0.015250 0.038466 0.031927
v 0.015250 0.038385 0.031981
v 0.023050 0.038466 0.031927
v 0.023050 0.038539 0.031750
v 0.024057 0.039396 0.026970
v 0.023976 0.040648 0.027125
v 0.024247 0.037968 0.027227
v 0.022978 0.038951 0.027041
v 0.023888 0.038209 0.027188
v 0.023067 0.045090 0.032496
v 0.024979 0.035807 0.028686
v 0.023819 0.036526 0.027936
v 0.022682 0.038653 0.027064
v 0.022886 0.036621 0.027883
v 0.023796 0.036009 0.028323
v 0.023719 0.034690 0.029999
v 0.023743 0.035024 0.029439
v 0.023687 0.034355 0.030806
v 0.023671 0.034238 0.031226
v 0.022620 0.035962 0.028352
v 0.022526 0.034489 0.030319
v 0.021548 0.038462 0.027138
v 0.020261 0.039042 0.027033
v 0.020262 0.037238 0.027539
v 0.021356 0.034660 0.030175
v 0.021342 0.034230 0.031414
v 0.020101 0.034459 0.030616
v 0.025020 0.034382 0.033630
v 0.023647 0.034129 0.031864
v 0.023643 0.034054 0.032779
v 0.024204 0.044938 0.031225
v 0.024259 0.044997 0.031434
v 0.023571 0.034297 0.033985
v 0.023547 0.034507 0.034606
v 0.023531 0.034690 0.035003
v 0.023603 0.034129 0.033138
v 0.022585 0.034797 0.035193
v 0.024988 0.044370 0.030101
v 0.023495 0.035218 0.035821
v 0.023486 0.035870 0.036608
v 0.024821 0.038367 0.037811
v 0.024132 0.044139 0.029449
v 0.023415 0.036897 0.037292
v 0.023446 0.036179 0.036811
v 0.023366 0.038104 0.037792
v 0.023335 0.038952 0.037959
v 0.021239 0.034130 0.032833
v 0.021238 0.034379 0.034122
v 0.020017 0.034129 0.032253
v 0.019977 0.034431 0.034293
v 0.020074 0.034116 0.032787
v 0.019869 0.034750 0.035059
v 0.019888 0.035171 0.035687
v 0.021074 0.036513 0.037163
v 0.020999 0.038937 0.037954
v 0.019842 0.035972 0.036726
v 0.019741 0.036784 0.037231
v 0.019733 0.038753 0.037914
v 0.019097 0.039641 0.027045
v 0.019030 0.037046 0.027584
v 0.017844 0.039582 0.027045
v 0.017804 0.039003 0.027073
v 0.017743 0.037344 0.027504
v 0.018993 0.035903 0.028408
v 0.018880 0.034980 0.029580
v 0.018822 0.034197 0.031548
v 0.017629 0.035914 0.028419
v 0.017627 0.034872 0.029721
v 0.017528 0.034131 0.032812
v 0.016545 0.039334 0.027029
v 0.016639 0.036832 0.027611
v 0.014250 0.040168 0.026865
v 0.015462 0.038515 0.027110
v 0.015516 0.040054 0.026858
v 0.015164 0.036758 0.027747
v 0.015381 0.036517 0.027942
v 0.016406 0.035196 0.029198
v 0.016507 0.034221 0.030642
v 0.015358 0.036002 0.028330
v 0.015327 0.035879 0.028383
v 0.014250 0.036002 0.028263
v 0.015313 0.035138 0.029267
v 0.016463 0.034242 0.031094
v 0.014299 0.034123 0.031043
v 0.018677 0.034490 0.034459
v 0.017465 0.034212 0.033704
v 0.018540 0.036803 0.037198
v 0.018531 0.038143 0.037797
v 0.017397 0.035205 0.035831
v 0.015994 0.034293 0.033488
v 0.024249 0.040407 0.027056
v 0.015856 0.035758 0.036384
v 0.014330 0.035611 0.036856
v 0.023923 0.039164 0.027016
v 0.017272 0.037823 0.037676
v 0.014250 0.036314 0.036927
v 0.016237 0.036420 0.037146
v 0.017218 0.039831 0.037976
v 0.014768 0.038849 0.037842
v 0.022938 0.037893 0.027268
v 0.023843 0.037086 0.027602
v 0.024983 0.041514 0.037480
v 0.023278 0.040543 0.037887
v 0.023343 0.039257 0.038060
v 0.023251 0.041983 0.037498
v 0.023210 0.042281 0.037291
v 0.022273 0.042281 0.037291
v 0.023179 0.042999 0.036809
v 0.023118 0.044153 0.035560
v 0.025107 0.044533 0.034021
v 0.023113 0.044505 0.035052
v 0.023766 0.035410 0.028922
v 0.023038 0.044980 0.033561
v 0.022008 0.043652 0.036174
v 0.022181 0.044153 0.035560
v 0.022100 0.044980 0.033561
v 0.020916 0.040851 0.037804
v 0.020885 0.042146 0.037328
v 0.020810 0.043585 0.036204
v 0.019653 0.041523 0.037605
v 0.019687 0.039972 0.037933
v 0.019589 0.042975 0.036792
v 0.020755 0.044218 0.035406
v 0.019443 0.044673 0.034664
v 0.019460 0.044809 0.034076
v 0.022821 0.035277 0.029091
v 0.023159 0.044986 0.031490
v 0.024200 0.044696 0.030445
v 0.022737 0.034275 0.031122
v 0.022024 0.044980 0.031436
v 0.023206 0.044319 0.029718
v 0.022951 0.044378 0.029740
v 0.022429 0.034031 0.032667
v 0.024056 0.042638 0.027949
v 0.023134 0.042998 0.028190
v 0.022665 0.034129 0.033138
v 0.022626 0.034356 0.034195
v 0.023034 0.040542 0.027112
v 0.022748 0.040233 0.027013
v 0.021820 0.044209 0.029499
v 0.021760 0.044312 0.029729
v 0.020499 0.043857 0.029090
v 0.021720 0.042585 0.027917
v 0.021643 0.040901 0.027192
v 0.021549 0.040347 0.027068
v 0.020464 0.043239 0.028445
v 0.020373 0.040555 0.027100
v 0.018456 0.040215 0.037932
v 0.018382 0.041296 0.037679
v 0.018311 0.042992 0.036780
v 0.017126 0.042257 0.037321
v 0.018209 0.044729 0.034428
v 0.017013 0.043678 0.036166
v 0.015156 0.042370 0.037233
v 0.022376 0.034655 0.034966
v 0.022554 0.035278 0.035911
v 0.022497 0.036443 0.036998
v 0.016906 0.045072 0.032637
v 0.014950 0.043897 0.035934
v 0.014906 0.045056 0.032336
v 0.022197 0.037795 0.037731
v 0.015820 0.045290 0.032570
v 0.022425 0.038211 0.037813
v 0.018121 0.045017 0.031839
v 0.019342 0.044955 0.031469
v 0.019338 0.044578 0.030287
v 0.019249 0.043698 0.028884
v 0.018120 0.044795 0.030831
v 0.018015 0.044022 0.029302
v 0.017950 0.043305 0.028490
v 0.019193 0.041777 0.027509
v 0.019125 0.040685 0.027150
v 0.017941 0.042565 0.027930
v 0.017947 0.041954 0.027580
v 0.017875 0.040683 0.027150
v 0.016924 0.045184 0.032153
v 0.014595 0.044854 0.031222
v 0.014861 0.043611 0.029040
v 0.022112 0.039884 0.037992
v 0.022341 0.040545 0.037904
v 0.015153 0.042825 0.028151
v 0.016741 0.043208 0.028327
v 0.016671 0.041744 0.027410
v 0.016764 0.040003 0.027016
v 0.014250 0.042644 0.027927
v 0.015545 0.040852 0.027147
v 0.015530 0.040427 0.027064
v 0.015538 0.040640 0.027106
v 0.022233 0.043167 0.036676
v 0.013574 0.038463 0.041747
v 0.013579 0.031059 0.036570
v 0.014249 0.047154 0.027359
v 0.014250 0.040988 0.023724
v 0.014245 0.040306 0.023388
v 0.014250 0.047844 0.028720
v 0.014250 0.047888 0.035675
v 0.014246 0.038804 0.023399
v 0.014250 0.038188 0.023724
v 0.014247 0.032231 0.027158
v 0.014250 0.031288 0.029325
v 0.014250 0.046488 0.038100
v 0.014250 0.047513 0.037075
v 0.014248 0.040067 0.041686
v 0.014220 0.047472 0.037398
v 0.014242 0.046847 0.037931
v 0.014244 0.031266 0.036272
v 0.012206 0.045082 0.028094
v 0.012179 0.043346 0.026528
v 0.012124 0.041080 0.025578
v 0.012087 0.046681 0.031358
v 0.012269 0.038993 0.023284
v 0.012129 0.034400 0.027603
v 0.012221 0.036797 0.025868
v 0.012223 0.032496 0.032515
v 0.011988 0.031951 0.029099
v 0.012267 0.031222 0.028907
v 0.012201 0.046418 0.034305
v 0.012149 0.044865 0.037188
v 0.012260 0.047880 0.036492
v 0.012251 0.042529 0.039014
v 0.012271 0.040662 0.041565
v 0.012250 0.034237 0.037013
v 0.012250 0.033853 0.036514
v 0.012250 0.032688 0.038100
v 0.012250 0.033515 0.035982
v 0.012250 0.037951 0.039326
v 0.012249 0.035043 0.037848
v 0.012250 0.036408 0.038745
v 0.025253 0.042743 0.029297
v 0.025258 0.039548 0.027971
v 0.025121 0.042878 0.028482
v 0.025253 0.044100 0.032275
v 0.025227 0.039224 0.036870
v 0.025250 0.039588 0.037011
v 0.025253 0.036350 0.029361
v 0.025260 0.035455 0.030732
v 0.025259 0.035118 0.032282
v 0.025138 0.043328 0.036044
v 0.025252 0.040435 0.036916
v 0.025250 0.039888 0.036940
v 0.025261 0.035620 0.034632
v 0.024916 0.035645 0.036038
v 0.025254 0.036722 0.035946
v 0.025248 0.039427 0.035919
v 0.025317 0.039713 0.036893
v 0.025253 0.038497 0.036869
v 0.023721 0.045607 0.032486
v 0.015782 0.034621 0.028891
v 0.015824 0.034589 0.028841
v 0.015918 0.034672 0.028928
v 0.024949 0.041658 0.027810
v 0.023944 0.034364 0.030584
v 0.023408 0.037724 0.037718
v 0.022197 0.037146 0.026831
v 0.022870 0.041583 0.027402
v 0.022573 0.045001 0.029738
v 0.022104 0.033808 0.030624
v 0.023708 0.044708 0.029041
v 0.023233 0.033764 0.034446
v 0.023608 0.042493 0.027045
v 0.023401 0.034365 0.029373
v 0.023549 0.037894 0.026660
v 0.023097 0.036258 0.037607
v 0.022917 0.041470 0.038278
v 0.022761 0.045004 0.035257
v 0.022878 0.042572 0.037798
v 0.021800 0.037494 0.038208
v 0.021011 0.036832 0.027084
v 0.021635 0.042347 0.037914
v 0.021407 0.045348 0.034722
v 0.020148 0.045450 0.034441
v 0.019917 0.041462 0.026720
v 0.020370 0.042758 0.037684
v 0.021620 0.042762 0.037682
v 0.021495 0.045202 0.034825
v 0.021554 0.039629 0.027032
v 0.021793 0.044767 0.030748
v 0.021448 0.045589 0.033453
v 0.020570 0.036854 0.037944
v 0.020518 0.038410 0.038465
v 0.020831 0.033622 0.031325
v 0.020577 0.044594 0.030315
v 0.020658 0.044891 0.033883
v 0.021464 0.036843 0.027774
v 0.021960 0.033465 0.031524
v 0.023487 0.036196 0.027454
v 0.023871 0.045495 0.031076
v 0.023022 0.038207 0.038433
v 0.023721 0.042925 0.027417
v 0.023616 0.041104 0.026548
v 0.022933 0.041009 0.038408
v 0.022643 0.045533 0.034248
v 0.022363 0.040883 0.026512
v 0.022840 0.042567 0.027849
v 0.022213 0.035642 0.027879
v 0.022746 0.043816 0.037021
v 0.024142 0.043368 0.028460
v 0.023786 0.044339 0.028710
v 0.023325 0.033593 0.031357
v 0.023159 0.034823 0.036277
v 0.023574 0.038631 0.026499
v 0.023887 0.045589 0.031546
v 0.022707 0.044610 0.036083
v 0.022956 0.040346 0.038533
v 0.022957 0.043508 0.028668
v 0.023177 0.043741 0.036156
v 0.023589 0.039105 0.026443
v 0.021840 0.036414 0.037681
v 0.022273 0.035969 0.036646
v 0.022012 0.033586 0.033449
v 0.022066 0.042042 0.037458
v 0.020403 0.041929 0.038119
v 0.020653 0.033625 0.034118
v 0.020561 0.044774 0.030753
v 0.020788 0.042958 0.036803
v 0.019945 0.043966 0.028155
v 0.019782 0.039833 0.026333
v 0.021209 0.042741 0.027286
v 0.021864 0.045077 0.032675
v 0.021441 0.035438 0.028922
v 0.021567 0.044071 0.036605
v 0.021737 0.039364 0.038576
v 0.020293 0.044502 0.036075
v 0.021121 0.035633 0.036259
v 0.021078 0.036395 0.036920
v 0.020612 0.045002 0.031835
v 0.020480 0.039609 0.038587
v 0.021821 0.035237 0.036872
v 0.020419 0.042396 0.027812
v 0.022679 0.036996 0.027642
v 0.019592 0.033971 0.030061
v 0.019379 0.033953 0.035021
v 0.019297 0.037514 0.038218
v 0.019065 0.042221 0.038077
v 0.018816 0.034475 0.030586
v 0.018026 0.038171 0.038409
v 0.018054 0.037297 0.038144
v 0.019588 0.033677 0.031089
v 0.019276 0.038178 0.038411
v 0.019324 0.036836 0.037918
v 0.018559 0.040979 0.026481
v 0.018228 0.033492 0.031451
v 0.018190 0.034292 0.035487
v 0.018741 0.045127 0.029754
v 0.017585 0.045198 0.030127
v 0.017737 0.045298 0.034588
v 0.017583 0.034318 0.031076
v 0.016948 0.034173 0.035257
v 0.016933 0.044648 0.034600
v 0.016298 0.045175 0.029988
v 0.017713 0.045497 0.033916
v 0.017557 0.044769 0.029325
v 0.016926 0.034510 0.035845
v 0.016614 0.042929 0.037580
v 0.016212 0.044736 0.029088
v 0.016277 0.045434 0.030510
v 0.016770 0.038361 0.038455
v 0.016193 0.042172 0.026996
v 0.019235 0.036786 0.038006
v 0.020157 0.035546 0.028811
v 0.019887 0.035725 0.036356
v 0.019721 0.035806 0.027739
v 0.019546 0.041043 0.037829
v 0.018662 0.043169 0.027477
v 0.019063 0.038908 0.027087
v 0.018207 0.033640 0.033966
v 0.017995 0.039116 0.038558
v 0.018123 0.034833 0.036361
v 0.019518 0.033556 0.033264
v 0.019683 0.034961 0.028561
v 0.019504 0.043841 0.035927
v 0.018060 0.036230 0.037625
v 0.018754 0.034168 0.033153
v 0.018761 0.043882 0.028200
v 0.018357 0.035106 0.028250
v 0.018307 0.033501 0.032316
v 0.018588 0.035933 0.036553
v 0.017784 0.044669 0.035840
v 0.017116 0.034376 0.029262
v 0.017388 0.040595 0.026497
v 0.016998 0.033655 0.033864
v 0.016745 0.039109 0.038558
v 0.016120 0.040067 0.026442
v 0.016432 0.045646 0.032979
v 0.017076 0.033585 0.031491
v 0.018196 0.044985 0.033278
v 0.016816 0.034856 0.036480
v 0.018287 0.043821 0.036023
v 0.016509 0.044620 0.035985
v 0.016406 0.036908 0.027638
v 0.016684 0.041004 0.038409
v 0.016491 0.043967 0.036857
v 0.016558 0.044207 0.036449
v 0.016246 0.043535 0.027880
v 0.015939 0.035126 0.028362
v 0.019104 0.043164 0.037413
v 0.023866 0.045692 0.032003
v 0.022589 0.045201 0.030173
v 0.022136 0.034174 0.029740
v 0.021668 0.041463 0.038280
v 0.021824 0.036829 0.037914
v 0.021976 0.044549 0.034793
v 0.021084 0.038851 0.026467
v 0.022294 0.038825 0.026421
v 0.019604 0.033806 0.030632
v 0.018890 0.037613 0.027331
v 0.017761 0.045002 0.035258
v 0.017308 0.038168 0.026592
v 0.016769 0.036180 0.037647
v 0.023403 0.041662 0.026782
v 0.023224 0.035557 0.027878
v 0.021817 0.033679 0.031082
v 0.023058 0.033453 0.032184
v 0.023328 0.038749 0.026395
v 0.022858 0.035306 0.036820
v 0.023453 0.043120 0.027516
v 0.023190 0.034705 0.028767
v 0.022142 0.040099 0.026379
v 0.022675 0.040339 0.038543
v 0.022034 0.038111 0.026594
v 0.020713 0.036234 0.027433
v 0.021711 0.034105 0.035244
v 0.019875 0.045508 0.030947
v 0.020704 0.035076 0.028351
v 0.019809 0.044421 0.028665
v 0.021210 0.045583 0.033790
v 0.021478 0.040285 0.038613
v 0.020840 0.045285 0.031861
v 0.020175 0.035127 0.029370
v 0.020071 0.044227 0.036506
v 0.020105 0.043564 0.037161
v 0.020815 0.038030 0.026571
v 0.021128 0.035279 0.036037
v 0.022532 0.044977 0.035421
v 0.022848 0.036342 0.037700
v 0.023391 0.040268 0.026408
v 0.023406 0.040743 0.026480
v 0.022938 0.034511 0.035963
v 0.022968 0.033728 0.034204
v 0.022630 0.042847 0.037695
v 0.022660 0.042221 0.038038
v 0.023105 0.033756 0.030649
v 0.022454 0.045698 0.033165
v 0.022000 0.036146 0.027428
v 0.022016 0.036555 0.027173
v 0.023189 0.034038 0.029794
v 0.023267 0.037389 0.026775
v 0.022190 0.042718 0.027279
v 0.022267 0.043866 0.028107
v 0.022136 0.041228 0.026645
v 0.021406 0.041289 0.038361
v 0.021073 0.044896 0.029443
v 0.021291 0.044062 0.036613
v 0.019799 0.043386 0.027632
v 0.019979 0.045537 0.033983
v 0.019934 0.037297 0.037595
v 0.020305 0.037984 0.038422
v 0.020216 0.040175 0.038608
v 0.020012 0.045247 0.034849
v 0.021527 0.037492 0.038207
v 0.019435 0.045045 0.032741
v 0.019201 0.042433 0.027850
v 0.020565 0.033667 0.031002
v 0.019651 0.040536 0.026447
v 0.018557 0.044568 0.028924
v 0.018356 0.035875 0.027653
v 0.018832 0.043984 0.036785
v 0.019291 0.033484 0.033030
v 0.019609 0.039676 0.026379
v 0.017948 0.034377 0.035724
v 0.017932 0.034645 0.036121
v 0.018374 0.039783 0.026355
v 0.018208 0.035267 0.028152
v 0.017331 0.045325 0.030416
v 0.017537 0.044362 0.036312
v 0.016081 0.040030 0.038004
v 0.015014 0.044734 0.034207
v 0.016292 0.044037 0.036640
v 0.015831 0.038700 0.026440
v 0.015712 0.035027 0.028396
v 0.019524 0.036574 0.027155
v 0.018695 0.035013 0.035504
v 0.017357 0.036656 0.037099
v 0.018671 0.045709 0.032588
v 0.017636 0.042649 0.037808
v 0.017916 0.034944 0.036496
v 0.017823 0.037129 0.038111
v 0.018763 0.045263 0.034814
v 0.019031 0.037430 0.038239
v 0.018786 0.044878 0.035614
v 0.019254 0.033727 0.034424
v 0.018707 0.045370 0.034370
v 0.017827 0.035891 0.028386
v 0.018036 0.033543 0.031754
v 0.017197 0.041948 0.026839
v 0.016997 0.044806 0.034104
v 0.016081 0.045326 0.030418
v 0.015970 0.042269 0.026971
v 0.016364 0.043651 0.037113
v 0.015868 0.045022 0.033995
v 0.016793 0.044091 0.029369
v 0.016579 0.038903 0.027087
v 0.017188 0.041379 0.026621
v 0.017113 0.040527 0.026496
v 0.016408 0.042191 0.038051
v 0.015580 0.042447 0.027685
v 0.016142 0.045613 0.031263
v 0.015742 0.035945 0.027560
v 0.015250 0.040110 0.036703
v 0.025050 0.040088 0.036720
v 0.025050 0.040088 0.036250
v 0.025050 0.038692 0.036654
v 0.015250 0.038692 0.036654
v 0.015250 0.039088 0.036720
v 0.025050 0.037927 0.036412
v 0.015250 0.037927 0.036412
v 0.015250 0.038304 0.036551
v 0.025050 0.038304 0.036551
v 0.025050 0.037222 0.036031
v 0.015250 0.037222 0.036031
v 0.015250 0.037566 0.036238
v 0.025050 0.036601 0.035523
v 0.015250 0.036601 0.035523
v 0.015250 0.036900 0.035792
v 0.025050 0.036900 0.035792
v 0.025050 0.037566 0.036238
v 0.025050 0.036086 0.034908
v 0.015250 0.036086 0.034908
v 0.015250 0.036329 0.035228
v 0.025050 0.035696 0.034208
v 0.015250 0.035696 0.034208
v 0.015250 0.035875 0.034567
v 0.025050 0.035875 0.034567
v 0.025050 0.035445 0.033446
v 0.015250 0.035445 0.033446
v 0.015250 0.035552 0.033833
v 0.025050 0.035341 0.032651
v 0.015250 0.035341 0.032651
v 0.015250 0.035374 0.033051
v 0.025050 0.035374 0.033051
v 0.025050 0.035552 0.033833
v 0.025050 0.036329 0.035228
v 0.025050 0.035388 0.031850
v 0.015250 0.035388 0.031850
v 0.015250 0.035345 0.032250
v 0.025050 0.035585 0.031073
v 0.015250 0.035585 0.031073
v 0.015250 0.035468 0.031457
v 0.025050 0.035468 0.031457
v 0.025050 0.035924 0.030346
v 0.015250 0.035924 0.030346
v 0.015250 0.035737 0.030702
v 0.025050 0.036394 0.029696
v 0.015250 0.036394 0.029696
v 0.015250 0.036144 0.030010
v 0.025050 0.036144 0.030010
v 0.025050 0.035737 0.030702
v 0.025050 0.036977 0.029146
v 0.015250 0.036977 0.029146
v 0.015250 0.036673 0.029408
v 0.025050 0.037654 0.028716
v 0.015250 0.037654 0.028716
v 0.015250 0.037305 0.028915
v 0.025050 0.037305 0.028915
v 0.025050 0.038399 0.028420
v 0.015250 0.038399 0.028420
v 0.015250 0.038020 0.028550
v 0.025050 0.039187 0.028269
v 0.015250 0.039187 0.028269
v 0.015250 0.038790 0.028326
v 0.025050 0.038790 0.028326
v 0.025050 0.038020 0.028550
v 0.025050 0.036673 0.029408
v 0.025050 0.035345 0.032250
v 0.025050 0.039588 0.028250
v 0.015250 0.039588 0.028250
v 0.025050 0.040386 0.028326
v 0.015250 0.040386 0.028326
v 0.015250 0.039989 0.028269
v 0.025050 0.041156 0.028550
v 0.015250 0.041156 0.028550
v 0.015250 0.040777 0.028420
v 0.025050 0.040777 0.028420
v 0.025050 0.041870 0.028915
v 0.015250 0.041870 0.028915
v 0.015250 0.041522 0.028716
v 0.025050 0.042503 0.029408
v 0.015250 0.042503 0.029408
v 0.015250 0.042198 0.029146
v 0.025050 0.042198 0.029146
v 0.025050 0.041522 0.028716
v 0.025050 0.043032 0.030010
v 0.015250 0.043032 0.030010
v 0.015250 0.042782 0.029696
v 0.025050 0.043439 0.030702
v 0.015250 0.043439 0.030702
v 0.015250 0.043252 0.030346
v 0.025050 0.043252 0.030346
v 0.025050 0.043708 0.031457
v 0.015250 0.043708 0.031457
v 0.015250 0.043591 0.031073
v 0.025050 0.043831 0.032250
v 0.015250 0.043831 0.032250
v 0.015250 0.043788 0.031850
v 0.025050 0.043788 0.031850
v 0.025050 0.043591 0.031073
v 0.025050 0.042782 0.029696
v 0.025050 0.043802 0.033051
v 0.015250 0.043802 0.033051
v 0.015250 0.043835 0.032651
v 0.025050 0.043624 0.033833
v 0.015250 0.043624 0.033833
v 0.015250 0.043731 0.033446
v 0.025050 0.043731 0.033446
v 0.025050 0.043301 0.034567
v 0.015250 0.043301 0.034567
v 0.015250 0.043480 0.034208
v 0.025050 0.042847 0.035228
v 0.015250 0.042847 0.035228
v 0.015250 0.043090 0.034908
v 0.025050 0.043090 0.034908
v 0.025050 0.043480 0.034208
v 0.025050 0.042276 0.035792
v 0.015250 0.042276 0.035792
v 0.015250 0.042575 0.035523
v 0.025050 0.041610 0.036238
v 0.015250 0.041610 0.036238
v 0.015250 0.041954 0.036031
v 0.025050 0.041954 0.036031
v 0.025050 0.040872 0.036551
v 0.015250 0.040872 0.036551
v 0.015250 0.041248 0.036412
v 0.015250 0.040484 0.036654
v 0.025050 0.040484 0.036654
v 0.025050 0.041248 0.036412
v 0.025050 0.042575 0.035523
v 0.025050 0.043835 0.032651
v 0.025050 0.039989 0.028269
v 0.015250 0.039088 0.036250
v 0.025008 0.039061 0.036700
v 0.015250 0.039126 0.036059
v 0.025050 0.039126 0.036059
v 0.015250 0.039234 0.035896
v 0.015250 0.039397 0.035788
v 0.025050 0.039397 0.035788
v 0.025050 0.039234 0.035896
v 0.025050 0.039588 0.035750
v 0.015250 0.039588 0.035750
v 0.015250 0.039779 0.035788
v 0.015250 0.039941 0.035896
v 0.025050 0.039941 0.035896
v 0.015250 0.040050 0.036059
v 0.025050 0.040050 0.036059
v 0.025050 0.039779 0.035788
v 0.013804 0.031831 0.027146
v 0.014108 0.031240 0.036619
v 0.012595 0.038959 0.041906
v 0.014063 0.040825 0.041673
v 0.013964 0.047967 0.036873
v 0.012520 0.047026 0.038066
v 0.012610 0.048132 0.035954
v 0.012938 0.038859 0.023106
v 0.013887 0.040522 0.023183
v 0.012784 0.047754 0.027465
v 0.012371 0.047558 0.027589
v 0.006383 0.039251 0.039497
v 0.006444 0.037564 0.039201
v 0.010006 0.041579 0.025789
v 0.010182 0.041276 0.025715
v 0.005365 0.038654 0.039427
v 0.005820 0.034809 0.037525
v 0.008302 0.041119 0.025670
v 0.009841 0.042190 0.026002
v 0.007897 0.038913 0.039467
v 0.007146 0.033395 0.037211
v 0.007839 0.035455 0.038142
v 0.007615 0.036352 0.038707
v 0.008325 0.041774 0.025850
v 0.010042 0.042538 0.026159
v 0.005250 0.032588 0.032500
v 0.006562 0.032604 0.032504
v 0.005250 0.032692 0.031278
v 0.005272 0.032621 0.031825
v 0.009888 0.043396 0.026626
v 0.010243 0.042895 0.026331
v 0.006596 0.032667 0.031500
v 0.009121 0.038772 0.039446
v 0.009059 0.037842 0.039279
v 0.007511 0.039264 0.039485
v 0.007835 0.033658 0.036207
v 0.008132 0.033418 0.035807
v 0.008284 0.032670 0.031486
v 0.005307 0.032803 0.030812
v 0.006637 0.032951 0.030343
v 0.006443 0.032875 0.030517
v 0.005250 0.033535 0.028802
v 0.006514 0.033728 0.028671
v 0.005404 0.033980 0.028325
v 0.006570 0.034801 0.027403
v 0.010114 0.044302 0.027335
v 0.005250 0.036051 0.026412
v 0.006650 0.036751 0.026101
v 0.006900 0.035955 0.026529
v 0.005250 0.038224 0.025616
v 0.005556 0.037564 0.025799
v 0.010136 0.044773 0.027808
v 0.005481 0.035667 0.026797
v 0.005614 0.039251 0.025516
v 0.005250 0.041656 0.025692
v 0.006886 0.033699 0.028759
v 0.008332 0.033004 0.030149
v 0.008017 0.033790 0.028592
v 0.008148 0.034472 0.027748
v 0.008289 0.035538 0.026812
v 0.008095 0.035380 0.026906
v 0.008166 0.037161 0.025934
v 0.008337 0.036722 0.026117
v 0.008189 0.037810 0.025730
v 0.008569 0.037942 0.025709
v 0.008321 0.038913 0.025538
v 0.009949 0.034888 0.027323
v 0.009000 0.039588 0.039500
v 0.009385 0.036069 0.038481
v 0.010736 0.038154 0.039351
v 0.009300 0.034265 0.037026
v 0.009656 0.033121 0.035179
v 0.009290 0.033025 0.034935
v 0.009243 0.033619 0.036157
v 0.010723 0.033945 0.036628
v 0.010690 0.034583 0.037394
v 0.009585 0.034184 0.036950
v 0.010657 0.035332 0.038048
v 0.009608 0.033775 0.036400
v 0.009420 0.038235 0.039368
v 0.011017 0.035688 0.038313
v 0.010687 0.039588 0.039500
v 0.010528 0.038736 0.039448
v 0.010760 0.037491 0.039178
v 0.012000 0.039588 0.039500
v 0.010145 0.044943 0.027992
v 0.012061 0.037814 0.039248
v 0.012135 0.039069 0.039480
v 0.010084 0.045511 0.028782
v 0.010881 0.033075 0.034999
v 0.010758 0.033401 0.035774
v 0.011079 0.034309 0.037062
v 0.010263 0.046012 0.029757
v 0.010072 0.046409 0.030928
v 0.009314 0.032820 0.034286
v 0.009376 0.032594 0.032467
v 0.009510 0.032776 0.034053
v 0.009868 0.033418 0.029193
v 0.009498 0.033482 0.029077
v 0.009635 0.032927 0.030403
v 0.009775 0.032633 0.031741
v 0.010896 0.032616 0.031872
v 0.010966 0.033086 0.029906
v 0.011036 0.034101 0.028153
v 0.011001 0.033539 0.028993
v 0.010942 0.032865 0.030550
v 0.009729 0.034228 0.028023
v 0.009587 0.035195 0.027050
v 0.010043 0.037237 0.025916
v 0.009669 0.037260 0.025907
v 0.009923 0.039153 0.025537
v 0.011079 0.035016 0.027199
v 0.009878 0.035426 0.026883
v 0.011114 0.035828 0.026605
v 0.011102 0.035543 0.026787
v 0.011091 0.035280 0.026993
v 0.011137 0.036417 0.026269
v 0.011058 0.034538 0.027653
v 0.011184 0.032866 0.034531
v 0.011062 0.032588 0.032516
v 0.010095 0.046529 0.031591
v 0.010308 0.046586 0.032377
v 0.011196 0.038007 0.025681
v 0.010371 0.046363 0.034215
v 0.010594 0.046055 0.035179
v 0.011242 0.039333 0.025505
v 0.011263 0.039992 0.025512
v 0.011231 0.039002 0.025533
v 0.010243 0.045716 0.035798
v 0.006950 0.039975 0.025515
v 0.006818 0.041573 0.025795
v 0.010301 0.044784 0.037190
v 0.007162 0.041973 0.025969
v 0.005704 0.041835 0.025951
v 0.010733 0.043488 0.038313
v 0.005250 0.046319 0.029711
v 0.005847 0.045121 0.028392
v 0.011871 0.043160 0.038510
v 0.011883 0.042869 0.038683
v 0.010568 0.042917 0.038641
v 0.007335 0.044992 0.028050
v 0.007091 0.045600 0.028951
v 0.007358 0.045401 0.028600
v 0.008290 0.040788 0.025612
v 0.008684 0.041318 0.025726
v 0.009918 0.040406 0.025554
v 0.008543 0.042571 0.026176
v 0.008396 0.043592 0.026758
v 0.007074 0.043356 0.026603
v 0.007065 0.046360 0.030730
v 0.007443 0.046372 0.030812
v 0.008731 0.046178 0.030164
v 0.008812 0.044538 0.027550
v 0.008419 0.044122 0.027167
v 0.008695 0.045770 0.029217
v 0.008672 0.045420 0.028629
v 0.007088 0.046500 0.031391
v 0.010267 0.043488 0.026687
v 0.005966 0.046506 0.031486
v 0.005250 0.046251 0.034781
v 0.007500 0.046588 0.032500
v 0.007143 0.046559 0.033045
v 0.007478 0.046555 0.031825
v 0.006046 0.046422 0.033849
v 0.007536 0.046496 0.033577
v 0.005250 0.045041 0.036926
v 0.006130 0.045579 0.036104
v 0.010462 0.040721 0.039408
v 0.005571 0.043220 0.038504
v 0.005519 0.041735 0.039138
v 0.005747 0.044234 0.037660
v 0.008752 0.046511 0.033484
v 0.007375 0.045139 0.036748
v 0.008792 0.046526 0.031905
v 0.007110 0.046574 0.032055
v 0.007224 0.045991 0.035330
v 0.007418 0.045910 0.035487
v 0.008740 0.045770 0.035712
v 0.009142 0.045401 0.036400
v 0.008580 0.046458 0.031159
v 0.007547 0.043456 0.038334
v 0.007571 0.042867 0.038684
v 0.007583 0.044746 0.037218
v 0.007864 0.039925 0.039484
v 0.007577 0.041419 0.039198
v 0.008923 0.041806 0.039139
v 0.007841 0.040601 0.039418
v 0.008943 0.043688 0.038168
v 0.007338 0.043968 0.037961
v 0.009173 0.040041 0.039476
v 0.011368 0.042895 0.026340
v 0.011380 0.043195 0.026501
v 0.011344 0.042282 0.026048
v 0.011403 0.043756 0.026876
v 0.011392 0.043475 0.026688
v 0.011436 0.044506 0.027530
v 0.011309 0.041317 0.025717
v 0.011504 0.045712 0.029126
v 0.011552 0.046248 0.030374
v 0.011564 0.046352 0.030697
v 0.011598 0.046533 0.031690
v 0.011609 0.046572 0.032022
v 0.011575 0.046423 0.031028
v 0.011587 0.046494 0.031358
v 0.011653 0.046537 0.033344
v 0.011620 0.046579 0.032352
v 0.011631 0.046586 0.032681
v 0.011642 0.046561 0.033012
v 0.011664 0.046480 0.033675
v 0.010534 0.046506 0.033514
v 0.007254 0.045595 0.036081
v 0.010659 0.045083 0.036800
v 0.010699 0.044288 0.037677
v 0.010403 0.042344 0.038926
v 0.010345 0.043809 0.038084
v 0.010837 0.040707 0.039402
v 0.011688 0.046335 0.034334
v 0.011711 0.046125 0.034980
v 0.011793 0.044937 0.037015
v 0.011759 0.045523 0.036196
v 0.011676 0.046424 0.034007
v 0.010516 0.044179 0.037781
v 0.011859 0.043452 0.038337
v 0.010439 0.041382 0.039266
v 0.011907 0.042253 0.038973
v 0.011942 0.041282 0.039283
v 0.011954 0.040954 0.039366
v 0.012124 0.039714 0.039498
v 0.008625 0.039588 0.025500
v 0.009381 0.032591 0.032303
v 0.009739 0.032604 0.032837
v 0.009360 0.032603 0.032961
v 0.010935 0.032671 0.033521
v 0.009632 0.033418 0.035807
v 0.009119 0.036266 0.038652
v 0.008903 0.042361 0.038923
v 0.009156 0.043063 0.038569
v 0.009012 0.044277 0.037688
v 0.008976 0.045028 0.036905
v 0.009118 0.045757 0.035807
v 0.007189 0.046326 0.034367
v 0.009094 0.046055 0.035179
v 0.008875 0.046339 0.034327
v 0.008279 0.040456 0.025554
v 0.008453 0.040070 0.025524
v 0.008495 0.035984 0.026509
v 0.007994 0.033440 0.029170
v 0.008037 0.032889 0.030522
v 0.008092 0.032647 0.031617
v 0.007822 0.032763 0.034056
v 0.007788 0.033054 0.034988
v 0.007895 0.034238 0.036989
v 0.008040 0.035138 0.037904
v 0.007993 0.036281 0.038669
v 0.007674 0.037279 0.039100
v 0.007732 0.038253 0.039372
v 0.007154 0.046533 0.033376
v 0.007132 0.046585 0.032714
v 0.007224 0.046106 0.029951
v 0.007125 0.044525 0.027554
v 0.006677 0.037468 0.025833
v 0.006626 0.036143 0.026407
v 0.006770 0.035090 0.027137
v 0.006937 0.034638 0.027550
v 0.006548 0.034341 0.027878
v 0.006526 0.033925 0.028399
v 0.006667 0.033253 0.029539
v 0.005356 0.033270 0.029507
v 0.006520 0.033826 0.028535
v 0.006564 0.034681 0.027516
v 0.006632 0.036295 0.026330
v 0.007031 0.036909 0.026033
v 0.006877 0.037802 0.025736
v 0.007080 0.038235 0.025632
v 0.006827 0.039087 0.025524
v 0.006748 0.039531 0.025506
v 0.007116 0.046576 0.032220
v 0.007137 0.046572 0.032879
v 0.007160 0.046504 0.033542
v 0.007583 0.046157 0.034892
v 0.007207 0.046174 0.034853
v 0.007710 0.044038 0.037904
v 0.007645 0.035630 0.038266
v 0.007667 0.035097 0.037862
v 0.008168 0.033004 0.034851
v 0.008126 0.032651 0.033399
v 0.008059 0.032590 0.032615
v 0.007895 0.032619 0.031905
v 0.008386 0.033699 0.028759
v 0.008285 0.040622 0.025583
v 0.008534 0.042338 0.026063
v 0.008779 0.043763 0.026892
v 0.008402 0.043724 0.026860
v 0.008424 0.044243 0.027280
v 0.008550 0.044921 0.027974
v 0.008746 0.045713 0.035875
v 0.009293 0.041939 0.039084
v 0.009138 0.041046 0.039346
v 0.009320 0.032784 0.034121
v 0.009343 0.032660 0.033459
v 0.009365 0.032600 0.032797
v 0.009387 0.032603 0.032137
v 0.009671 0.033300 0.029444
v 0.009480 0.033254 0.029534
v 0.009800 0.041053 0.025661
v 0.009847 0.042345 0.026073
v 0.009871 0.042956 0.026371
v 0.009894 0.043532 0.026724
v 0.010060 0.046317 0.030601
v 0.010054 0.046271 0.030438
v 0.010455 0.046456 0.031147
v 0.010078 0.046439 0.031093
v 0.010106 0.046556 0.031922
v 0.010100 0.046542 0.031756
v 0.010806 0.041612 0.039201
v 0.010969 0.036909 0.038967
v 0.010703 0.036504 0.038776
v 0.011040 0.035138 0.037904
v 0.010674 0.034946 0.037731
v 0.011826 0.044241 0.037719
v 0.011799 0.044825 0.037136
v 0.011848 0.043723 0.038138
v 0.011865 0.043306 0.038424
v 0.011889 0.042715 0.038756
v 0.012114 0.036382 0.038722
v 0.012183 0.034747 0.037556
v 0.012227 0.033880 0.036551
v 0.011906 0.031776 0.032500
v 0.005915 0.032125 0.029826
v 0.005959 0.033210 0.027783
v 0.006037 0.035647 0.025606
v 0.006238 0.042403 0.025138
v 0.006382 0.044877 0.026658
v 0.006465 0.046080 0.028080
v 0.006552 0.047403 0.031110
v 0.006661 0.046962 0.035360
v 0.006824 0.042991 0.039603
v 0.006906 0.040157 0.040383
v 0.006986 0.041097 0.040165
v 0.007077 0.038079 0.040165
v 0.007015 0.036923 0.039912
v 0.007094 0.034832 0.038750
v 0.007252 0.032482 0.035904
v 0.007256 0.031798 0.033650
v 0.007354 0.031755 0.032028
v 0.007533 0.033843 0.027162
v 0.007624 0.036233 0.025324
v 0.007730 0.040042 0.024629
v 0.007884 0.044203 0.026105
v 0.007949 0.046472 0.028607
v 0.008156 0.047225 0.034404
v 0.008367 0.043336 0.039443
v 0.008238 0.044927 0.038249
v 0.008525 0.037081 0.039975
v 0.008730 0.032140 0.035232
v 0.008917 0.031729 0.031456
v 0.008898 0.032464 0.029139
v 0.008943 0.033386 0.027693
v 0.009101 0.035644 0.025576
v 0.009240 0.039934 0.024638
v 0.009321 0.042914 0.025359
v 0.009344 0.044322 0.026242
v 0.009610 0.047303 0.034035
v 0.009714 0.046748 0.035778
v 0.009947 0.042324 0.039867
v 0.009990 0.039287 0.040364
v 0.010190 0.033823 0.037856
v 0.010380 0.031776 0.031490
v 0.010583 0.033596 0.027215
v 0.010766 0.041113 0.024756
v 0.010926 0.045818 0.027678
v 0.011039 0.047229 0.030581
v 0.011322 0.043541 0.039323
v 0.011468 0.040662 0.040310
v 0.011462 0.038145 0.040233
v 0.011540 0.036797 0.039844
v 0.011575 0.035009 0.038911
v 0.011667 0.033706 0.037694
v 0.011719 0.032212 0.035193
v 0.005853 0.031732 0.032497
v 0.006226 0.040348 0.024644
v 0.006246 0.044268 0.026238
v 0.006180 0.038390 0.024745
v 0.006458 0.047396 0.032121
v 0.006764 0.045185 0.038068
v 0.006491 0.047363 0.033253
v 0.006678 0.044554 0.038530
v 0.007079 0.033079 0.036874
v 0.005574 0.033066 0.035127
v 0.007746 0.044268 0.026238
v 0.007781 0.045112 0.026976
v 0.008051 0.047419 0.031729
v 0.007991 0.047363 0.033253
v 0.007572 0.038826 0.024707
v 0.006351 0.046473 0.028809
v 0.007335 0.032028 0.030318
v 0.007441 0.034911 0.026228
v 0.005936 0.036379 0.038767
v 0.007431 0.032590 0.028817
v 0.007762 0.042208 0.025094
v 0.008366 0.038835 0.040276
v 0.008447 0.040104 0.040363
v 0.008632 0.034404 0.038433
v 0.008579 0.033079 0.036874
v 0.008062 0.046805 0.035489
v 0.007899 0.047066 0.030241
v 0.008206 0.046096 0.036925
v 0.008462 0.035897 0.039385
v 0.008262 0.042168 0.039883
v 0.009058 0.038470 0.024763
v 0.009399 0.046089 0.027949
v 0.009024 0.037329 0.025022
v 0.009483 0.047402 0.032879
v 0.009645 0.045377 0.037753
v 0.009793 0.044827 0.038392
v 0.009601 0.046255 0.036588
v 0.010009 0.034616 0.038550
v 0.010371 0.033326 0.027820
v 0.010454 0.035214 0.025991
v 0.010298 0.032218 0.029773
v 0.010583 0.039209 0.024692
v 0.010958 0.047396 0.032121
v 0.009152 0.041519 0.024921
v 0.009543 0.047381 0.031295
v 0.009762 0.041872 0.040038
v 0.008754 0.031846 0.031372
v 0.010024 0.036587 0.039806
v 0.010830 0.043993 0.025979
v 0.010688 0.042577 0.025283
v 0.010665 0.037688 0.024854
v 0.010500 0.036598 0.025283
v 0.010218 0.032055 0.035019
v 0.011167 0.046993 0.035234
v 0.011233 0.045683 0.037474
v 0.011178 0.044554 0.038530
v 0.011090 0.047383 0.033681
v 0.011296 0.041083 0.040187
v 0.010875 0.046805 0.029511
v 0.010851 0.046473 0.028809
v 0.011781 0.031646 0.032600
v 0.011981 0.032734 0.036280
v 0.023251 0.038305 0.031698
v 0.023252 0.038257 0.031791
v 0.023242 0.038389 0.031679
v 0.023254 0.040907 0.031759
v 0.023250 0.039598 0.033948
v 0.023250 0.039640 0.033997
v 0.023250 0.039591 0.034055
v 0.023249 0.041409 0.029997
v 0.023252 0.041327 0.030116
v 0.023219 0.041481 0.029918
v 0.023253 0.042473 0.031594
v 0.023250 0.042414 0.031527
v 0.023250 0.042391 0.031583
v 0.023253 0.042487 0.033427
v 0.023250 0.042388 0.033406
v 0.023250 0.042414 0.033470
v 0.023247 0.041430 0.034982
v 0.023251 0.041277 0.034867
v 0.023250 0.041340 0.034976
v 0.023227 0.041171 0.034959
v 0.023249 0.037906 0.034970
v 0.023251 0.037785 0.034892
v 0.023238 0.036849 0.033373
v 0.023252 0.036788 0.033419
v 0.023246 0.036650 0.033369
v 0.023247 0.036640 0.033464
v 0.023246 0.036659 0.031511
v 0.023250 0.036689 0.031600
v 0.023253 0.036774 0.031569
v 0.023231 0.036792 0.031712
v 0.023242 0.037965 0.030070
v 0.023250 0.037815 0.030024
v 0.023247 0.039529 0.029424
v 0.023244 0.039694 0.029457
v 0.023254 0.039596 0.029526
v 0.023219 0.042471 0.033659
v 0.023210 0.042311 0.033571
v 0.023222 0.042511 0.033572
v 0.023220 0.042342 0.033295
v 0.023235 0.042416 0.033551
v 0.023202 0.042275 0.033265
v 0.023240 0.042335 0.033381
v 0.023222 0.042432 0.033267
v 0.023215 0.042530 0.033281
v 0.023197 0.042583 0.033266
v 0.023202 0.042645 0.033445
v 0.023235 0.042568 0.033427
v 0.023210 0.041306 0.035127
v 0.023230 0.041262 0.034800
v 0.023218 0.041290 0.034718
v 0.023139 0.041574 0.034827
v 0.023192 0.041519 0.035047
v 0.023231 0.041493 0.034860
v 0.023130 0.039754 0.034178
v 0.023212 0.039546 0.034208
v 0.023184 0.039372 0.034044
v 0.023249 0.039520 0.034081
v 0.023225 0.039483 0.033878
v 0.023224 0.039505 0.033807
v 0.023196 0.039772 0.033873
v 0.023224 0.039738 0.034047
v 0.023235 0.039677 0.034089
v 0.023178 0.038036 0.035025
v 0.023216 0.037755 0.035118
v 0.023243 0.037782 0.035032
v 0.023218 0.037890 0.035079
v 0.023204 0.037616 0.034948
v 0.023235 0.037735 0.034838
v 0.023214 0.037941 0.034771
v 0.023235 0.037914 0.034838
v 0.023208 0.037722 0.034742
v 0.023174 0.036949 0.033526
v 0.023201 0.036696 0.033631
v 0.023218 0.036800 0.033579
v 0.023205 0.036520 0.033345
v 0.023226 0.036675 0.033285
v 0.023196 0.036847 0.033252
v 0.023235 0.036824 0.033517
v 0.023175 0.036975 0.031622
v 0.023168 0.036681 0.031794
v 0.023211 0.036595 0.031724
v 0.023180 0.036518 0.031488
v 0.023220 0.036666 0.031426
v 0.023198 0.036784 0.031376
v 0.023224 0.036880 0.031512
v 0.023235 0.036824 0.031483
v 0.023235 0.036852 0.031621
v 0.023235 0.036824 0.031662
v 0.023220 0.038226 0.031936
v 0.023219 0.038411 0.031872
v 0.023144 0.038066 0.031838
v 0.023191 0.038097 0.031750
v 0.023209 0.038150 0.031608
v 0.023235 0.038199 0.031661
v 0.023195 0.038384 0.031558
v 0.023165 0.038513 0.031854
v 0.023168 0.037771 0.030293
v 0.023251 0.037777 0.030153
v 0.023199 0.037614 0.030104
v 0.023222 0.037755 0.029928
v 0.023241 0.037702 0.030056
v 0.023214 0.037753 0.029862
v 0.023183 0.038021 0.029970
v 0.023197 0.038027 0.030177
v 0.023235 0.037914 0.030162
v 0.023190 0.039737 0.029655
v 0.023238 0.039516 0.029609
v 0.023195 0.039540 0.029719
v 0.023156 0.039459 0.029297
v 0.023218 0.039405 0.029600
v 0.023212 0.039591 0.029302
v 0.023235 0.039636 0.029383
v 0.023152 0.039807 0.029405
v 0.023235 0.039677 0.029589
v 0.023188 0.041277 0.030282
v 0.023237 0.041450 0.030242
v 0.023165 0.041124 0.030104
v 0.023236 0.041229 0.030029
v 0.023207 0.041258 0.029887
v 0.023235 0.041419 0.029964
v 0.023156 0.041576 0.030035
v 0.023215 0.041498 0.030162
v 0.023235 0.041441 0.030162
v 0.023213 0.040873 0.031979
v 0.023241 0.040816 0.031851
v 0.023224 0.040957 0.031893
v 0.023158 0.040695 0.031614
v 0.023242 0.040751 0.031791
v 0.023231 0.040824 0.031617
v 0.023235 0.040955 0.031641
v 0.023198 0.041093 0.031770
v 0.023204 0.041001 0.031569
v 0.023237 0.042336 0.031653
v 0.023218 0.042503 0.031727
v 0.023216 0.042240 0.031604
v 0.023196 0.042293 0.031421
v 0.023182 0.042397 0.031788
v 0.023206 0.042490 0.031383
v 0.023185 0.042675 0.031619
v 0.023235 0.042566 0.031544
v 0.023235 0.042531 0.031662
v 0.025203 0.039202 0.035965
v 0.025127 0.040036 0.036064
v 0.025218 0.039799 0.035840
v 0.025236 0.037345 0.036333
v 0.025152 0.037506 0.036250
v 0.025232 0.035287 0.033372
v 0.025126 0.036569 0.035547
v 0.025196 0.035282 0.032196
v 0.025160 0.035537 0.033994
v 0.025221 0.035408 0.031318
v 0.025251 0.035841 0.030151
v 0.025252 0.036934 0.028956
v 0.025156 0.037050 0.029053
v 0.025192 0.039084 0.028220
v 0.025192 0.039097 0.036810
v 0.025173 0.036020 0.030069
v 0.025241 0.038008 0.028446
v 0.025234 0.041270 0.028450
v 0.025185 0.040567 0.028243
v 0.025247 0.042265 0.029044
v 0.025235 0.042628 0.029356
v 0.025247 0.043373 0.030237
v 0.025124 0.040614 0.028336
v 0.025126 0.041742 0.028813
v 0.025267 0.043865 0.031377
v 0.025126 0.043200 0.030222
v 0.025211 0.043464 0.034488
v 0.025203 0.043857 0.033253
v 0.025242 0.043086 0.035107
v 0.025259 0.041161 0.036654
v 0.025154 0.043897 0.032348
v 0.025199 0.042246 0.035904
v 0.025138 0.041264 0.036455
v 0.025133 0.040112 0.036733
v 0.012405 0.031012 0.035887
v 0.012352 0.030999 0.032500
v 0.012265 0.031211 0.035675
v 0.012283 0.031736 0.027561
v 0.012892 0.031041 0.028589
v 0.012329 0.031456 0.027948
v 0.012295 0.032175 0.027074
v 0.012309 0.032617 0.026777
v 0.012373 0.032596 0.026740
v 0.012872 0.031848 0.037897
v 0.012265 0.032650 0.038167
v 0.012373 0.031720 0.037492
v 0.012309 0.032617 0.038223
v 0.012286 0.031938 0.037721
v 0.012292 0.031530 0.037135
v 0.012259 0.031291 0.036390
v 0.012309 0.038117 0.023602
v 0.012265 0.038150 0.023658
v 0.012373 0.038096 0.041436
v 0.012309 0.038117 0.041398
v 0.012265 0.038150 0.041342
v 0.012348 0.038362 0.023434
v 0.012284 0.040009 0.023246
v 0.012320 0.039675 0.023175
v 0.012373 0.041080 0.023564
v 0.012301 0.040542 0.023352
v 0.012265 0.041026 0.023658
v 0.012309 0.041059 0.023602
v 0.012257 0.038512 0.041525
v 0.012274 0.039740 0.041785
v 0.012373 0.041080 0.041436
v 0.012677 0.040148 0.041889
v 0.012309 0.041059 0.041398
v 0.012373 0.046580 0.026740
v 0.012309 0.046559 0.026777
v 0.012259 0.046983 0.027142
v 0.012309 0.046559 0.038223
v 0.012265 0.046526 0.038167
v 0.012285 0.047741 0.028032
v 0.012271 0.047941 0.028616
v 0.012309 0.048029 0.029325
v 0.012682 0.048254 0.029729
v 0.012285 0.048007 0.035675
v 0.012373 0.047846 0.036818
v 0.012337 0.047954 0.036451
v 0.012373 0.047571 0.037342
v 0.012251 0.047284 0.037572
v 0.014127 0.032596 0.038260
v 0.014127 0.038096 0.041436
v 0.014191 0.032617 0.038223
v 0.014191 0.038117 0.041398
v 0.014235 0.032650 0.038167
v 0.014215 0.032090 0.037849
v 0.014199 0.031571 0.037233
v 0.014236 0.032029 0.037706
v 0.014191 0.031247 0.036437
v 0.014127 0.031103 0.035675
v 0.014191 0.031147 0.035675
v 0.014235 0.031211 0.035675
v 0.014157 0.039180 0.041811
v 0.014242 0.038554 0.041547
v 0.014127 0.041080 0.041436
v 0.014213 0.040016 0.041772
v 0.014191 0.041059 0.041398
v 0.014235 0.041026 0.041342
v 0.014127 0.031103 0.029325
v 0.014191 0.031147 0.029325
v 0.014235 0.031211 0.029325
v 0.014191 0.046559 0.038223
v 0.014235 0.046526 0.038167
v 0.014185 0.031200 0.028632
v 0.014205 0.031511 0.027868
v 0.014239 0.031379 0.028255
v 0.014150 0.032165 0.027047
v 0.014127 0.032596 0.026740
v 0.014191 0.032617 0.026777
v 0.014235 0.032650 0.026833
v 0.014191 0.048029 0.035675
v 0.014242 0.047937 0.036112
v 0.014215 0.047870 0.036615
v 0.014235 0.047964 0.035675
v 0.014144 0.046938 0.038022
v 0.014159 0.038356 0.023441
v 0.014191 0.038117 0.023602
v 0.014235 0.038150 0.023658
v 0.014127 0.048073 0.029325
v 0.014191 0.048029 0.029325
v 0.014235 0.047964 0.029325
v 0.014187 0.039285 0.023181
v 0.014240 0.039741 0.023282
v 0.014195 0.039687 0.023169
v 0.014191 0.041059 0.023602
v 0.014235 0.040689 0.023492
v 0.014235 0.041026 0.023658
v 0.014127 0.046580 0.026740
v 0.014212 0.047003 0.027091
v 0.014191 0.046559 0.026777
v 0.014136 0.047479 0.027515
v 0.014192 0.047853 0.028249
v 0.014235 0.046526 0.026833
v 0.014235 0.047806 0.028367
v 0.014202 0.048013 0.028980
v 0.015846 0.035387 0.027974
v 0.016133 0.042805 0.027227
v 0.015947 0.038905 0.026360
v 0.016002 0.039631 0.026317
v 0.016055 0.040660 0.026425
v 0.016534 0.042821 0.037765
v 0.016252 0.045200 0.029912
v 0.016332 0.045771 0.032545
v 0.016453 0.043595 0.037196
v 0.016040 0.041766 0.026719
v 0.016079 0.041351 0.026582
v 0.016157 0.043653 0.027846
v 0.015914 0.036263 0.027302
v 0.015855 0.035821 0.027603
v 0.015948 0.038128 0.026495
v 0.015963 0.037730 0.026604
v 0.015900 0.036798 0.026975
v 0.016152 0.044175 0.028361
v 0.016268 0.045643 0.031285
v 0.016292 0.045748 0.031998
v 0.016361 0.045280 0.034921
v 0.016197 0.044454 0.028697
v 0.016361 0.045534 0.034166
v 0.016368 0.045663 0.033571
v 0.016409 0.044992 0.035535
v 0.016605 0.039755 0.038676
v 0.016790 0.035118 0.036757
v 0.016656 0.038722 0.038618
v 0.016640 0.038142 0.038501
v 0.016823 0.034213 0.035551
v 0.017063 0.035224 0.028134
v 0.017269 0.040143 0.026342
v 0.017219 0.039592 0.026327
v 0.017086 0.034709 0.028709
v 0.017265 0.041030 0.026498
v 0.016642 0.040122 0.038652
v 0.016697 0.037538 0.038322
v 0.016699 0.036931 0.038078
v 0.016885 0.033809 0.034694
v 0.016753 0.035764 0.037353
v 0.016864 0.033531 0.033767
v 0.016885 0.033448 0.033181
v 0.016573 0.041045 0.038506
v 0.017123 0.035566 0.027818
v 0.017198 0.038137 0.026499
v 0.016941 0.033397 0.032257
v 0.017000 0.033467 0.032020
v 0.017158 0.037194 0.026794
v 0.016981 0.033581 0.031031
v 0.017245 0.037302 0.026812
v 0.017035 0.034294 0.029298
v 0.017010 0.033880 0.030148
v 0.017047 0.033749 0.030603
v 0.017222 0.038859 0.026365
v 0.016541 0.041970 0.038203
v 0.015867 0.034627 0.028896
v 0.017351 0.042914 0.027285
v 0.017340 0.041744 0.026706
v 0.018130 0.033414 0.032518
v 0.018345 0.034353 0.029294
v 0.018354 0.035380 0.027983
v 0.017418 0.044023 0.028186
v 0.017750 0.042387 0.038002
v 0.017767 0.041060 0.038506
v 0.017711 0.043379 0.037378
v 0.017845 0.039827 0.038707
v 0.018140 0.033632 0.034217
v 0.018481 0.038841 0.026372
v 0.018418 0.037278 0.026775
v 0.017913 0.038342 0.038579
v 0.018812 0.045720 0.031796
v 0.018722 0.045642 0.031257
v 0.019643 0.041021 0.037896
v 0.019170 0.038448 0.038586
v 0.019142 0.038085 0.038500
v 0.019122 0.039528 0.038673
v 0.019102 0.040792 0.038567
v 0.019079 0.040067 0.038655
v 0.018842 0.045755 0.032611
v 0.018796 0.045742 0.032990
v 0.018992 0.043961 0.036862
v 0.019293 0.034856 0.036465
v 0.019597 0.035429 0.027931
v 0.019449 0.033438 0.031957
v 0.019234 0.035271 0.036961
v 0.019610 0.035100 0.028257
v 0.018919 0.044841 0.035768
v 0.018990 0.043129 0.037572
v 0.019246 0.035935 0.037488
v 0.019323 0.034468 0.035950
v 0.019299 0.035980 0.037467
v 0.019506 0.033529 0.031301
v 0.019486 0.033898 0.030073
v 0.019410 0.033413 0.032872
v 0.019470 0.033468 0.032982
v 0.019646 0.036239 0.027310
v 0.019746 0.039323 0.026332
v 0.017416 0.042274 0.026992
v 0.017493 0.045502 0.030688
v 0.017637 0.045288 0.034903
v 0.017699 0.044488 0.036284
v 0.017597 0.045679 0.033557
v 0.017461 0.045078 0.029656
v 0.017529 0.045694 0.031591
v 0.017458 0.044796 0.029175
v 0.017570 0.045774 0.032446
v 0.017723 0.043745 0.037068
v 0.017810 0.042669 0.037849
v 0.017883 0.038341 0.038550
v 0.018587 0.039941 0.026380
v 0.018680 0.043949 0.028127
v 0.018361 0.034622 0.028891
v 0.018261 0.033788 0.030384
v 0.018598 0.042647 0.027132
v 0.018531 0.041500 0.026631
v 0.018575 0.042003 0.026818
v 0.018667 0.044528 0.028760
v 0.019025 0.041683 0.038311
v 0.018931 0.045356 0.034615
v 0.019291 0.034293 0.035717
v 0.019552 0.034365 0.029192
v 0.018871 0.045631 0.033781
v 0.019717 0.038133 0.026489
v 0.019785 0.038592 0.026455
v 0.019792 0.040539 0.026395
v 0.019689 0.036962 0.026915
v 0.019667 0.037443 0.026704
v 0.018765 0.045461 0.030597
v 0.017871 0.040319 0.038631
v 0.018025 0.035043 0.036716
v 0.018093 0.034323 0.035723
v 0.018062 0.034086 0.035299
v 0.017810 0.041453 0.038394
v 0.018261 0.034215 0.029414
v 0.018356 0.034188 0.029608
v 0.018488 0.039698 0.026314
v 0.018860 0.045477 0.034402
v 0.019394 0.033590 0.033990
v 0.018187 0.033433 0.032982
v 0.018388 0.036665 0.027057
v 0.018450 0.038202 0.026484
v 0.018465 0.037937 0.026550
v 0.018407 0.036411 0.027195
v 0.019739 0.041020 0.026494
v 0.018049 0.035978 0.037466
v 0.019945 0.045202 0.029920
v 0.019936 0.044522 0.028789
v 0.019982 0.044989 0.029513
v 0.019872 0.043263 0.027520
v 0.020342 0.040814 0.038556
v 0.020385 0.039028 0.038656
v 0.020453 0.037301 0.038251
v 0.020408 0.038312 0.038544
v 0.019868 0.042268 0.026940
v 0.020007 0.045510 0.030731
v 0.020297 0.045462 0.031974
v 0.020079 0.045700 0.033450
v 0.020256 0.043238 0.037490
v 0.020234 0.042812 0.037779
v 0.020489 0.036108 0.037605
v 0.020169 0.044978 0.035512
v 0.020210 0.044191 0.036624
v 0.020304 0.041816 0.038265
v 0.020355 0.040001 0.038668
v 0.020528 0.035402 0.037039
v 0.020171 0.045242 0.034973
v 0.020036 0.045730 0.031828
v 0.020912 0.036765 0.026999
v 0.020883 0.037009 0.026886
v 0.020878 0.035767 0.027647
v 0.020988 0.039095 0.026338
v 0.020977 0.039842 0.026327
v 0.021172 0.043799 0.027978
v 0.021322 0.045654 0.031371
v 0.021257 0.045756 0.032028
v 0.020937 0.038005 0.026526
v 0.021002 0.037719 0.026663
v 0.021031 0.041509 0.026620
v 0.020600 0.034288 0.035661
v 0.020649 0.033470 0.033401
v 0.020688 0.033383 0.032408
v 0.020768 0.033470 0.032314
v 0.020770 0.033755 0.030460
v 0.020769 0.034008 0.029851
v 0.020718 0.033525 0.031227
v 0.020785 0.034232 0.029422
v 0.021028 0.035438 0.028180
v 0.020808 0.034630 0.028808
v 0.020538 0.034827 0.036451
v 0.021176 0.044475 0.028720
v 0.021221 0.045227 0.029979
v 0.021221 0.044979 0.029482
v 0.021117 0.041270 0.026600
v 0.021030 0.040454 0.026387
v 0.021250 0.045427 0.030495
v 0.021143 0.043283 0.027554
v 0.020598 0.033954 0.035035
v 0.021090 0.042463 0.027027
v 0.021328 0.045700 0.033452
v 0.021438 0.043954 0.036882
v 0.021361 0.045727 0.032517
v 0.021797 0.034593 0.036149
v 0.021907 0.033402 0.032488
v 0.021971 0.033466 0.032966
v 0.022055 0.035061 0.028296
v 0.021755 0.035716 0.037315
v 0.021527 0.042349 0.038036
v 0.021842 0.034134 0.035393
v 0.021884 0.033825 0.034709
v 0.021854 0.033622 0.034140
v 0.021904 0.033480 0.033396
v 0.022047 0.034504 0.028988
v 0.022347 0.043453 0.027650
v 0.022294 0.039922 0.026342
v 0.022250 0.040567 0.026405
v 0.022238 0.039418 0.026325
v 0.022095 0.035433 0.027908
v 0.022411 0.042374 0.027043
v 0.022244 0.041836 0.026753
v 0.022102 0.034274 0.029433
v 0.022413 0.044337 0.028539
v 0.021925 0.033719 0.030551
v 0.022750 0.042383 0.038018
v 0.022748 0.043299 0.037434
v 0.023621 0.043283 0.027544
v 0.023514 0.041741 0.026709
v 0.023643 0.043834 0.028013
v 0.022455 0.044823 0.029197
v 0.022648 0.044064 0.036753
v 0.022481 0.045765 0.032308
v 0.022585 0.045770 0.032849
v 0.022953 0.037304 0.038258
v 0.022595 0.045647 0.033777
v 0.023450 0.038198 0.026472
v 0.023172 0.033487 0.031469
v 0.022942 0.036190 0.037662
v 0.023522 0.039942 0.026333
v 0.023746 0.045305 0.030142
v 0.023351 0.036169 0.027354
v 0.023371 0.035762 0.027654
v 0.023784 0.045773 0.032499
v 0.023050 0.034473 0.035986
v 0.021391 0.045505 0.034264
v 0.021426 0.045006 0.035472
v 0.021494 0.043490 0.037293
v 0.021571 0.040304 0.038636
v 0.021649 0.040707 0.038533
v 0.021595 0.038210 0.038530
v 0.021705 0.036794 0.038019
v 0.021556 0.041270 0.038445
v 0.021631 0.039441 0.038679
v 0.022017 0.033818 0.030251
v 0.021722 0.038078 0.038463
v 0.021456 0.044531 0.036198
v 0.021783 0.036367 0.037727
v 0.022135 0.036425 0.027189
v 0.022412 0.045228 0.029988
v 0.022652 0.045061 0.035374
v 0.022519 0.045439 0.030544
v 0.022778 0.041928 0.038257
v 0.023519 0.040911 0.026457
v 0.023711 0.045131 0.029758
v 0.023089 0.033506 0.033711
v 0.023606 0.044155 0.028320
v 0.023456 0.039189 0.026328
v 0.022890 0.038123 0.038536
v 0.023398 0.036845 0.026957
v 0.022307 0.041816 0.026690
v 0.022810 0.040715 0.038601
v 0.022972 0.035898 0.037479
v 0.022907 0.039273 0.038672
v 0.022214 0.037850 0.026571
v 0.022191 0.038707 0.026371
v 0.023026 0.035163 0.036817
v 0.022556 0.045653 0.031375
v 0.023225 0.033406 0.032410
v 0.023703 0.036804 0.027328
v 0.023279 0.034363 0.029136
v 0.023250 0.033687 0.030686
v 0.023355 0.034514 0.029036
v 0.023480 0.035241 0.028311
v 0.023789 0.045570 0.030924
v 0.023113 0.033879 0.034870
v 0.016122 0.045241 0.030106
v 0.016218 0.045599 0.033735
v 0.016075 0.044525 0.028851
v 0.015809 0.037706 0.026664
v 0.015921 0.040909 0.026500
v 0.016014 0.043155 0.027503
v 0.016024 0.043907 0.028136
v 0.016309 0.044778 0.035813
v 0.016279 0.045279 0.034804
v 0.016231 0.045659 0.033410
v 0.016372 0.042920 0.037634
v 0.016085 0.044889 0.029410
v 0.016688 0.034513 0.035940
v 0.016684 0.034951 0.036523
v 0.016826 0.033449 0.032548
v 0.016902 0.034134 0.029697
v 0.016843 0.033504 0.031650
v 0.016586 0.037051 0.038087
v 0.016607 0.035703 0.037257
v 0.016535 0.038072 0.038435
v 0.016522 0.038968 0.038604
v 0.017069 0.038214 0.026514
v 0.017136 0.039947 0.026370
v 0.016763 0.033764 0.034443
v 0.016781 0.033485 0.033083
v 0.017077 0.036137 0.027362
v 0.017067 0.037386 0.026765
v 0.016944 0.034918 0.028501
v 0.016738 0.034044 0.035147
v 0.016459 0.040595 0.038579
v 0.015675 0.034646 0.028910
v 0.017432 0.045700 0.032798
v 0.017576 0.044580 0.036073
v 0.017873 0.036413 0.037755
v 0.017979 0.033934 0.034897
v 0.017488 0.045628 0.033620
v 0.017240 0.043203 0.027550
v 0.017519 0.045155 0.035089
v 0.017513 0.045440 0.034355
v 0.018097 0.033478 0.031855
v 0.017788 0.038085 0.038441
v 0.019115 0.036643 0.037891
v 0.019320 0.033466 0.032056
v 0.019379 0.033658 0.030895
v 0.019369 0.033764 0.030576
v 0.018864 0.043392 0.037312
v 0.019082 0.037522 0.038286
v 0.018858 0.043947 0.036823
v 0.019569 0.037827 0.026623
v 0.019600 0.039136 0.026387
v 0.019608 0.038607 0.026440
v 0.018364 0.042464 0.037272
v 0.017325 0.044529 0.028857
v 0.017356 0.044104 0.028288
v 0.017662 0.042029 0.038129
v 0.017748 0.040110 0.038617
v 0.017713 0.040605 0.038541
v 0.017605 0.043596 0.037153
v 0.017345 0.045010 0.029609
v 0.017778 0.039149 0.038623
v 0.017402 0.045546 0.030972
v 0.017794 0.038667 0.038570
v 0.017953 0.036586 0.037925
v 0.018038 0.033510 0.033333
v 0.018122 0.033609 0.031106
v 0.018158 0.034295 0.029405
v 0.017891 0.035461 0.037032
v 0.017889 0.036012 0.037490
v 0.018134 0.033796 0.030470
v 0.018684 0.045713 0.031936
v 0.018208 0.034717 0.028756
v 0.018734 0.045584 0.033836
v 0.019140 0.035680 0.037240
v 0.018983 0.040574 0.038559
v 0.018930 0.041401 0.038353
v 0.018818 0.044732 0.035858
v 0.019051 0.038453 0.038538
v 0.019405 0.034278 0.029426
v 0.018449 0.041608 0.026684
v 0.018320 0.038098 0.026545
v 0.018630 0.045328 0.030310
v 0.018501 0.043618 0.027869
v 0.018576 0.045049 0.029740
v 0.018992 0.039626 0.038637
v 0.019487 0.035345 0.028032
v 0.018505 0.042944 0.027354
v 0.018276 0.036752 0.027054
v 0.019794 0.041694 0.026682
v 0.019925 0.045708 0.031934
v 0.019973 0.045694 0.033178
v 0.020141 0.042867 0.037695
v 0.019730 0.042794 0.027263
v 0.019860 0.044358 0.028581
v 0.019567 0.044627 0.035260
v 0.019674 0.041591 0.026714
v 0.020181 0.041772 0.038234
v 0.020192 0.041196 0.038411
v 0.020264 0.038762 0.038565
v 0.020280 0.039109 0.038620
v 0.020359 0.036801 0.037970
v 0.020375 0.036379 0.037734
v 0.020240 0.040352 0.038596
v 0.020343 0.037241 0.038173
v 0.019871 0.045246 0.030086
v 0.020470 0.033987 0.035007
v 0.020881 0.039337 0.026362
v 0.020558 0.041734 0.027334
v 0.020924 0.041245 0.026597
v 0.021008 0.043398 0.027693
v 0.021028 0.043926 0.028173
v 0.021050 0.044399 0.028698
v 0.020977 0.042710 0.027219
v 0.020527 0.033505 0.033408
v 0.020621 0.033593 0.031122
v 0.020592 0.033468 0.032018
v 0.020742 0.035750 0.027713
v 0.020675 0.034182 0.029548
v 0.020473 0.034249 0.035539
v 0.021114 0.045270 0.030162
v 0.020843 0.038814 0.026421
v 0.020899 0.040333 0.026410
v 0.021156 0.045558 0.031069
v 0.020399 0.035015 0.036584
v 0.020782 0.036822 0.027016
v 0.021530 0.039100 0.038620
v 0.021435 0.041954 0.038178
v 0.021798 0.033464 0.032756
v 0.021953 0.034931 0.028496
v 0.021979 0.035739 0.027736
v 0.022058 0.037229 0.026821
v 0.022087 0.038791 0.026410
v 0.022186 0.041032 0.026533
v 0.022241 0.042585 0.027137
v 0.022591 0.044173 0.036662
v 0.022768 0.038869 0.038589
v 0.022859 0.036788 0.037963
v 0.022696 0.041497 0.038344
v 0.022320 0.044558 0.028883
v 0.023620 0.045408 0.030587
v 0.023558 0.044552 0.028910
v 0.023672 0.045654 0.031557
v 0.021209 0.045727 0.032734
v 0.021233 0.045651 0.033464
v 0.021271 0.045167 0.035047
v 0.021362 0.043388 0.037312
v 0.021318 0.044459 0.036258
v 0.021386 0.042645 0.037808
v 0.021569 0.037340 0.038208
v 0.021639 0.035334 0.036910
v 0.021788 0.033564 0.033704
v 0.022765 0.039577 0.038639
v 0.022735 0.040535 0.038566
v 0.022811 0.038142 0.038466
v 0.022420 0.045622 0.031220
v 0.021912 0.034228 0.029520
v 0.023642 0.045622 0.031409
v 0.023084 0.033449 0.032258
v 0.023593 0.044832 0.029309
v 0.023038 0.033563 0.033699
v 0.022921 0.035236 0.036830
v 0.022990 0.034009 0.035071
v 0.022496 0.045411 0.034405
v 0.022499 0.045555 0.033943
v 0.022803 0.037631 0.038308
v 0.021717 0.034349 0.035701
v 0.022483 0.045650 0.033470
v 0.022512 0.045194 0.034967
v 0.023609 0.045066 0.029730
v 0.023390 0.039605 0.026361
v 0.023484 0.042390 0.027038
v 0.023514 0.043199 0.027521
v 0.023271 0.036176 0.027391
v 0.023584 0.045082 0.029778
v -0.005725 0.047488 0.046155
v -0.007317 0.047457 0.046029
v -0.006645 0.047440 0.045033
v -0.006339 0.047569 0.044989
v -0.007255 0.047488 0.046185
v -0.007394 0.047551 0.046395
v -0.008175 0.047488 0.046396
v -0.005407 0.047476 0.044467
v -0.006648 0.047531 0.044375
v -0.007074 0.047488 0.043941
v -0.006972 0.047471 0.042554
v -0.007770 0.047580 0.043383
v -0.007820 0.047488 0.047571
v -0.008572 0.047488 0.046278
v -0.008965 0.047488 0.047376
v -0.009531 0.047601 0.045728
v -0.010105 0.047488 0.046444
v -0.009399 0.047488 0.044961
v -0.008551 0.047488 0.042506
v -0.008676 0.047485 0.043693
v -0.009341 0.047484 0.042731
v -0.009290 0.047536 0.044131
v -0.010538 0.047488 0.044510
v -0.009410 0.025096 0.044981
v -0.008627 0.025087 0.043827
v -0.007318 0.025084 0.043806
v -0.008436 0.025085 0.046305
v -0.007079 0.025087 0.045974
v -0.006614 0.025106 0.045109
v -0.006501 0.025288 0.045042
v -0.006521 0.025288 0.044749
v -0.006521 0.045088 0.044749
v -0.006599 0.025288 0.044465
v -0.006730 0.025288 0.044202
v -0.006730 0.045088 0.044202
v -0.006599 0.045088 0.044465
v -0.006910 0.025288 0.043970
v -0.007132 0.025288 0.043777
v -0.007132 0.045088 0.043777
v -0.007387 0.025288 0.043631
v -0.007666 0.025288 0.043538
v -0.007666 0.045088 0.043538
v -0.007387 0.045088 0.043631
v -0.006910 0.045088 0.043970
v -0.007958 0.025288 0.043501
v -0.008251 0.025288 0.043521
v -0.008251 0.045088 0.043521
v -0.008535 0.025288 0.043599
v -0.008798 0.025288 0.043730
v -0.008798 0.045088 0.043730
v -0.008535 0.045088 0.043599
v -0.009030 0.025288 0.043910
v -0.009223 0.025288 0.044132
v -0.009223 0.045088 0.044132
v -0.009369 0.025288 0.044387
v -0.009462 0.025288 0.044666
v -0.009462 0.045088 0.044666
v -0.009369 0.045088 0.044387
v -0.009030 0.045088 0.043910
v -0.007958 0.045088 0.043501
v -0.006501 0.045088 0.045042
v -0.009499 0.025288 0.044958
v -0.009499 0.045088 0.044958
v -0.006538 0.045088 0.045334
v -0.009479 0.045088 0.045251
v -0.009401 0.025288 0.045535
v -0.009270 0.025288 0.045798
v -0.009401 0.045088 0.045535
v -0.009090 0.025288 0.046030
v -0.008868 0.025288 0.046223
v -0.008868 0.045088 0.046223
v -0.008613 0.025288 0.046369
v -0.008334 0.025288 0.046462
v -0.008334 0.045088 0.046462
v -0.008613 0.045088 0.046369
v -0.009090 0.045088 0.046030
v -0.008042 0.025288 0.046499
v -0.007749 0.025288 0.046479
v -0.007749 0.045088 0.046479
v -0.007465 0.025288 0.046401
v -0.007202 0.025288 0.046270
v -0.007202 0.045088 0.046270
v -0.007465 0.045088 0.046401
v -0.006970 0.025288 0.046090
v -0.006777 0.025288 0.045868
v -0.006777 0.045088 0.045868
v -0.006631 0.025288 0.045613
v -0.006631 0.045088 0.045613
v -0.006970 0.045088 0.046090
v -0.008042 0.045088 0.046499
v -0.009977 0.045088 0.046242
v -0.010675 0.045088 0.045730
v -0.009274 0.045130 0.047661
v -0.008581 0.045088 0.047741
v -0.010671 0.045088 0.044153
v -0.009528 0.045088 0.042651
v -0.008351 0.045088 0.042269
v -0.006972 0.045088 0.047579
v -0.005782 0.045088 0.046689
v -0.005631 0.045088 0.043512
v -0.007110 0.045088 0.042337
v -0.005217 0.045088 0.045173
v -0.005229 0.047273 0.044787
v -0.005601 0.047303 0.043628
v -0.006116 0.047373 0.043008
v -0.007638 0.047378 0.042280
v -0.008709 0.047273 0.042316
v -0.010757 0.047291 0.044650
v -0.010110 0.047273 0.043197
v -0.006763 0.047304 0.042526
v -0.008484 0.047290 0.047724
v -0.007702 0.047336 0.047732
v -0.007017 0.047289 0.047578
v -0.006338 0.047335 0.047197
v -0.005751 0.047289 0.046597
v -0.005397 0.047335 0.045904
v -0.010684 0.047294 0.045607
v -0.010076 0.047289 0.046828
v -0.010638 0.047367 0.044272
v -0.010462 0.047354 0.043790
v -0.009879 0.047364 0.043013
v -0.009153 0.047345 0.042491
v -0.009675 0.047364 0.042838
v -0.010529 0.047454 0.044126
v -0.010123 0.047477 0.043455
v -0.009692 0.047464 0.042932
v -0.010204 0.047407 0.043406
v -0.009074 0.047431 0.042516
v -0.008458 0.047364 0.042304
v -0.007914 0.047401 0.042282
v -0.008191 0.047364 0.042272
v -0.007002 0.047365 0.042451
v -0.005768 0.047395 0.043436
v -0.005295 0.047365 0.044546
v -0.005503 0.047401 0.043915
v -0.008179 0.047471 0.042350
v -0.007415 0.047473 0.042439
v -0.006550 0.047472 0.042791
v -0.005891 0.047477 0.043395
v -0.005709 0.047481 0.043747
v -0.005386 0.047474 0.045496
v -0.010713 0.047401 0.044780
v -0.006544 0.047404 0.042702
v -0.005306 0.047444 0.045041
v -0.010619 0.047484 0.044843
v -0.005305 0.047365 0.045482
v -0.005895 0.047409 0.046735
v -0.007401 0.047362 0.047673
v -0.006511 0.047412 0.047276
v -0.005867 0.047473 0.046545
v -0.005476 0.047407 0.046040
v -0.006138 0.047477 0.046878
v -0.007205 0.047474 0.047539
v -0.007347 0.047407 0.047655
v -0.008213 0.047450 0.047682
v -0.009117 0.047364 0.047496
v -0.008616 0.047365 0.047673
v -0.010634 0.047394 0.045725
v -0.009695 0.047365 0.047150
v -0.009226 0.047447 0.047400
v -0.006779 0.047364 0.047447
v -0.008479 0.047430 0.047651
v -0.009838 0.047406 0.047034
v -0.009756 0.047477 0.046973
v -0.010052 0.047430 0.046746
v -0.010471 0.047385 0.046188
v -0.010385 0.047462 0.046178
v -0.010630 0.047459 0.045472
v -0.010728 0.047364 0.045191
v -0.008695 0.046963 0.044559
v -0.008572 0.047388 0.043835
v -0.008775 0.046993 0.044626
v -0.009247 0.047355 0.044878
v -0.008729 0.046964 0.045381
v -0.008713 0.046979 0.045442
v -0.009228 0.047325 0.045070
v -0.009286 0.047384 0.045017
v -0.008722 0.047502 0.046172
v -0.008550 0.047299 0.046086
v -0.008669 0.047365 0.043918
v -0.009283 0.047384 0.044911
v -0.007977 0.046960 0.044180
v -0.007996 0.046956 0.045825
v -0.006967 0.047169 0.045243
v -0.007326 0.047331 0.046034
v -0.007302 0.046299 0.044733
v -0.007302 0.047388 0.043888
v -0.007665 0.047155 0.044023
v -0.007396 0.047405 0.046162
v -0.006701 0.047397 0.045059
v -0.009300 0.046218 0.045007
v -0.008913 0.046218 0.044970
v -0.008566 0.046218 0.046052
v -0.008717 0.046218 0.046070
v -0.009247 0.046218 0.044878
v -0.009285 0.046218 0.044914
v -0.008631 0.046218 0.043885
v -0.008568 0.046218 0.043844
v -0.007367 0.046218 0.046147
v -0.007166 0.046218 0.045392
v -0.007076 0.046218 0.044747
v -0.007275 0.046218 0.043943
v -0.007976 0.046218 0.044162
v -0.007347 0.046218 0.043878
v -0.006702 0.046218 0.045005
v -0.009299 0.047397 0.044963
v -0.011750 0.044588 0.049900
v -0.009000 0.043688 0.049900
v 0.009000 0.043688 0.049900
v -0.009631 0.043627 0.049900
v -0.010431 0.043308 0.049895
v 0.011750 0.044588 0.049900
v 0.009841 0.043595 0.049900
v -0.011431 0.042522 0.049900
v 0.011707 0.042119 0.049902
v 0.011263 0.042707 0.049900
v -0.012726 0.045772 0.049028
v -0.012799 0.026022 0.048002
v -0.012692 0.025721 0.049235
v -0.012457 0.044588 0.049607
v -0.012515 0.025393 0.049544
v -0.012375 0.025246 0.049680
v -0.012674 0.044588 0.049283
v -0.012199 0.025119 0.049794
v -0.012139 0.036588 0.049821
v -0.012139 0.040588 0.049821
v -0.012133 0.044588 0.049824
v -0.012039 0.035847 0.049857
v -0.011988 0.025026 0.049871
v -0.011917 0.035494 0.049886
v -0.011750 0.024977 0.049900
v -0.011831 0.041866 0.049900
v 0.011750 0.024977 0.049900
v 0.011918 0.035495 0.049886
v 0.011690 0.035014 0.049902
v 0.011988 0.025026 0.049871
v 0.012040 0.035849 0.049857
v 0.012133 0.044588 0.049824
v 0.012199 0.025119 0.049794
v 0.012750 0.026073 0.048900
v 0.012750 0.044588 0.048900
v 0.012692 0.025721 0.049235
v 0.012139 0.036588 0.049821
v 0.012457 0.044588 0.049607
v 0.012375 0.025246 0.049680
v 0.012515 0.025393 0.049544
v 0.012674 0.044588 0.049283
v 0.012139 0.040588 0.049821
v -0.012747 0.029495 0.033500
v -0.012750 0.026088 0.033500
v -0.012750 0.049588 0.043900
v -0.012730 0.031660 0.022266
v -0.012750 0.029631 0.024179
v -0.012719 0.041306 0.022352
v -0.012750 0.044214 0.023529
v -0.012750 0.047581 0.047936
v -0.012750 0.049044 0.046282
v -0.012704 0.049671 0.045536
v -0.012729 0.047474 0.025776
v 0.012590 0.025375 0.048000
v 0.012750 0.026088 0.048000
v 0.012750 0.033073 0.039490
v 0.012750 0.029631 0.033500
v 0.012750 0.026088 0.033500
v 0.012542 0.030068 0.032323
v 0.012583 0.030438 0.035138
v 0.013070 0.042098 0.041864
v 0.012750 0.036669 0.041635
v 0.012750 0.029631 0.028839
v 0.012750 0.029631 0.024179
v 0.012566 0.030694 0.028973
v 0.012562 0.032447 0.026225
v 0.012523 0.033909 0.024838
v 0.012338 0.037877 0.023079
v 0.012750 0.036306 0.023574
v 0.012844 0.040023 0.022880
v 0.012786 0.043014 0.023590
v 0.012680 0.046055 0.049168
v 0.012702 0.044769 0.040490
v 0.012687 0.047097 0.048729
v 0.012735 0.049118 0.046510
v 0.012729 0.048952 0.034759
v 0.012750 0.049588 0.032500
v 0.012500 0.045975 0.025453
v 0.012788 0.047211 0.026784
v 0.012628 0.044386 0.025318
v 0.012778 0.045652 0.024932
v 0.012782 0.048987 0.030981
v 0.012821 0.048404 0.028727
v -0.008161 0.025742 0.050340
v -0.011869 0.024930 0.048000
v -0.011750 0.050588 0.032500
v -0.012133 0.050512 0.032500
v -0.012133 0.050512 0.043900
v -0.012457 0.050295 0.032500
v -0.012457 0.050295 0.043900
v -0.012674 0.049971 0.032500
v -0.012674 0.049971 0.043900
v -0.009918 0.050590 0.042474
v -0.009667 0.050588 0.039494
v -0.008925 0.050588 0.039867
v -0.010747 0.050588 0.038370
v -0.007532 0.050588 0.042016
v -0.006494 0.050588 0.042398
v -0.010742 0.050588 0.035424
v -0.008000 0.050588 0.033903
v -0.007192 0.050588 0.039961
v -0.005404 0.050588 0.043497
v -0.005209 0.050588 0.043900
v 0.005209 0.050588 0.043900
v 0.005404 0.050588 0.043497
v 0.005657 0.050588 0.043127
v -0.005961 0.050588 0.042799
v -0.005657 0.050588 0.043127
v 0.005961 0.050588 0.042799
v 0.011750 0.050588 0.043900
v -0.005879 0.050588 0.039121
v 0.010383 0.050590 0.043083
v 0.006312 0.050588 0.042520
v -0.005506 0.050588 0.038667
v 0.006887 0.050588 0.042203
v -0.005228 0.050588 0.038148
v -0.005194 0.050588 0.035500
v -0.005058 0.050588 0.037585
v 0.008498 0.050588 0.041973
v 0.010536 0.025294 0.048528
v 0.007774 0.026088 0.049267
v 0.005015 0.026623 0.048760
v 0.001020 0.027009 0.049140
v -0.002798 0.026927 0.048262
v -0.007210 0.026228 0.049013
v 0.011218 0.026647 0.033500
v 0.008083 0.027547 0.033500
v 0.009661 0.027133 0.033500
v 0.008629 0.027413 0.043474
v 0.006487 0.027886 0.033500
v 0.007379 0.027706 0.043471
v 0.009617 0.027146 0.044672
v 0.004064 0.028256 0.039110
v 0.004878 0.028151 0.033500
v 0.003258 0.028341 0.033500
v 0.006634 0.027858 0.044075
v 0.006842 0.027818 0.043825
v 0.006478 0.027888 0.044362
v 0.006383 0.027906 0.044675
v 0.008006 0.027565 0.043350
v 0.008323 0.027489 0.043382
v 0.009160 0.027273 0.043826
v 0.008910 0.027340 0.043624
v 0.007687 0.027638 0.043380
v 0.007095 0.027766 0.043621
v 0.004878 0.028151 0.048000
v 0.009366 0.027217 0.044074
v 0.001627 0.028483 0.048000
v 0.001725 0.028483 0.036195
v -0.003459 0.028334 0.037513
v 0.004183 0.028247 0.041854
v 0.011218 0.026647 0.048000
v 0.009661 0.027133 0.048000
v 0.009521 0.027173 0.045639
v 0.009617 0.027146 0.045326
v 0.009650 0.027136 0.045000
v 0.008911 0.027339 0.046375
v 0.009160 0.027273 0.046173
v 0.009367 0.027216 0.045924
v 0.009521 0.027173 0.044360
v 0.008083 0.027547 0.048000
v 0.008629 0.027413 0.046525
v 0.008323 0.027489 0.046618
v 0.006487 0.027886 0.048000
v 0.007381 0.027706 0.046530
v 0.007688 0.027638 0.046620
v 0.008007 0.027565 0.046650
v 0.007095 0.027766 0.046380
v 0.006843 0.027817 0.046177
v 0.006350 0.027912 0.045001
v 0.001993 0.028438 0.044186
v -0.000825 0.028483 0.044569
v 0.000004 0.028493 0.044650
v 0.000833 0.028483 0.044568
v 0.006383 0.027906 0.045328
v 0.006479 0.027888 0.045640
v 0.006635 0.027858 0.045926
v -0.006383 0.027906 0.036672
v -0.006487 0.027886 0.033500
v -0.004878 0.028151 0.033500
v -0.006350 0.027912 0.037000
v -0.006480 0.027888 0.036359
v -0.006636 0.027858 0.036072
v -0.004250 0.028234 0.040400
v -0.007381 0.027706 0.035470
v -0.007689 0.027638 0.035379
v -0.008083 0.027547 0.033500
v -0.006844 0.027817 0.035823
v -0.007097 0.027766 0.035619
v -0.006383 0.027906 0.037326
v -0.006383 0.027906 0.044672
v -0.006479 0.027888 0.037640
v -0.006480 0.027888 0.044359
v -0.006634 0.027858 0.037926
v -0.006843 0.027817 0.038176
v -0.006636 0.027858 0.044072
v -0.007689 0.027638 0.038620
v -0.007380 0.027706 0.038529
v -0.007381 0.027706 0.043470
v -0.007095 0.027766 0.038379
v -0.007097 0.027766 0.043619
v -0.006844 0.027817 0.043823
v -0.007689 0.027638 0.043379
v -0.008006 0.027565 0.038650
v -0.008325 0.027488 0.035382
v -0.008007 0.027565 0.035350
v -0.008630 0.027412 0.035475
v -0.008912 0.027339 0.035625
v -0.009661 0.027133 0.033500
v -0.009522 0.027173 0.036363
v -0.009368 0.027216 0.036077
v -0.009161 0.027273 0.035828
v -0.009650 0.027136 0.037001
v -0.011218 0.026647 0.033500
v -0.009617 0.027146 0.037328
v -0.011218 0.026647 0.048000
v -0.009161 0.027273 0.043828
v -0.009367 0.027216 0.037925
v -0.009160 0.027273 0.038174
v -0.008630 0.027412 0.043475
v -0.008911 0.027339 0.038376
v -0.008628 0.027413 0.038526
v -0.008325 0.027488 0.043382
v -0.008324 0.027489 0.038618
v -0.008912 0.027339 0.043625
v -0.009617 0.027146 0.036675
v -0.009521 0.027173 0.037639
v -0.009522 0.027173 0.044363
v -0.009368 0.027216 0.044077
v -0.008007 0.027565 0.043350
v -0.003356 0.028344 0.043374
v -0.003414 0.028346 0.048000
v -0.006350 0.027912 0.045000
v -0.006383 0.027906 0.045326
v -0.006487 0.027886 0.048000
v -0.006479 0.027888 0.045640
v -0.006634 0.027858 0.045926
v -0.006843 0.027817 0.046176
v -0.008083 0.027547 0.048000
v -0.007380 0.027706 0.046529
v -0.007095 0.027766 0.046379
v -0.007689 0.027638 0.046620
v -0.009617 0.027146 0.044675
v -0.009650 0.027136 0.045001
v -0.009661 0.027133 0.048000
v -0.009617 0.027146 0.045328
v -0.008628 0.027413 0.046526
v -0.008324 0.027489 0.046618
v -0.008006 0.027565 0.046650
v -0.008911 0.027339 0.046376
v -0.009521 0.027173 0.045639
v -0.009367 0.027216 0.045925
v -0.009160 0.027273 0.046174
v -0.012133 0.028707 0.033500
v -0.012338 0.028822 0.033500
v 0.011671 0.028634 0.033500
v 0.011906 0.028643 0.033500
v 0.012133 0.028707 0.033500
v 0.005974 0.030026 0.033500
v 0.012338 0.028822 0.033500
v -0.012641 0.029177 0.033500
v -0.012510 0.028981 0.033500
v -0.009205 0.029338 0.033500
v -0.004946 0.030167 0.033500
v -0.001272 0.030489 0.033500
v 0.010688 0.028923 0.033500
v 0.012641 0.029177 0.033500
v 0.012722 0.029397 0.033500
v 0.012510 0.028981 0.033500
v 0.002308 0.030427 0.033500
v 0.009655 0.029210 0.025532
v 0.003526 0.030360 0.025499
v -0.000000 0.030493 0.025500
v -0.003806 0.030332 0.025499
v -0.008027 0.029618 0.025500
v -0.011376 0.028706 0.025504
v -0.012096 0.041236 0.021577
v -0.009875 0.033382 0.021477
v 0.000765 0.034622 0.021500
v 0.012250 0.034770 0.024300
v 0.012250 0.030270 0.030647
v 0.012250 0.031473 0.027540
v 0.012250 0.047576 0.027304
v 0.012475 0.048869 0.030207
v 0.012250 0.040519 0.023046
v 0.012250 0.042932 0.023549
v 0.012250 0.049065 0.033433
v 0.012450 0.047563 0.037828
v 0.012250 0.046409 0.039155
v 0.012250 0.043343 0.041258
v 0.012250 0.040137 0.041995
v 0.012250 0.038274 0.041919
v 0.012250 0.034763 0.040836
v 0.012250 0.031999 0.038232
v 0.012450 0.031196 0.036985
v 0.012250 0.030193 0.033977
v 0.012250 0.045999 0.036671
v 0.012250 0.046797 0.035009
v 0.012250 0.047148 0.033554
v 0.012037 0.042965 0.038880
v 0.012250 0.042161 0.039690
v 0.012250 0.046772 0.029929
v 0.012250 0.046169 0.028633
v 0.012250 0.045000 0.027088
v 0.012250 0.042911 0.025628
v 0.012250 0.041801 0.025203
v 0.012250 0.040431 0.024898
v 0.012147 0.038114 0.039777
v 0.012250 0.035352 0.038840
v 0.012250 0.034196 0.037892
v 0.011879 0.034908 0.037891
v 0.012099 0.033202 0.036038
v 0.012021 0.032841 0.035081
v 0.012250 0.031971 0.033250
v 0.012250 0.036954 0.025335
v 0.012250 0.038467 0.024946
v 0.012249 0.034310 0.026852
v 0.012250 0.032092 0.031009
v 0.012250 0.032863 0.028906
v -0.003250 0.046661 0.032520
v -0.003250 0.032582 0.031014
v -0.003250 0.045035 0.036897
v -0.003250 0.033093 0.035248
v -0.003250 0.046214 0.034815
v -0.003250 0.043553 0.026676
v -0.003250 0.035570 0.026573
v -0.003250 0.045677 0.028940
v -0.003250 0.044317 0.037661
v -0.003250 0.034859 0.037661
v -0.003250 0.045631 0.036034
v 0.011625 0.032588 0.032841
v 0.011625 0.035147 0.027089
v 0.011625 0.034638 0.027550
v 0.011635 0.042004 0.025883
v 0.011630 0.044530 0.027512
v 0.011625 0.040274 0.025534
v 0.011814 0.046355 0.030100
v 0.000186 0.045559 0.036154
v 0.012116 0.046858 0.031340
v 0.011625 0.045761 0.035800
v -0.000232 0.045557 0.036156
v 0.011620 0.046405 0.034247
v -0.001495 0.045399 0.036406
v 0.011625 0.045408 0.036389
v 0.011625 0.033975 0.028304
v 0.011620 0.036304 0.026293
v 0.011620 0.038594 0.025534
v 0.011619 0.032659 0.031472
v 0.011920 0.033041 0.029632
v 0.000947 0.045505 0.036242
v -0.002160 0.045158 0.036740
v -0.002482 0.044992 0.036950
v -0.002770 0.044796 0.037177
v -0.003179 0.034473 0.037331
v 0.001771 0.045307 0.036536
v 0.012033 0.044310 0.038003
v 0.003868 0.035779 0.038484
v 0.003432 0.044344 0.037746
v 0.000011 0.033581 0.036092
v 0.011625 0.033414 0.035800
v 0.002030 0.033933 0.036636
v 0.011619 0.043760 0.038127
v 0.012113 0.040144 0.039801
v 0.011620 0.039929 0.039497
v 0.012024 0.036781 0.039182
v 0.004181 0.040042 0.039601
v 0.011965 0.036252 0.038831
v 0.011667 0.024981 0.048000
v -0.011689 0.035014 0.049902
v -0.011116 0.034317 0.049900
v -0.010608 0.033938 0.049900
v -0.009000 0.033488 0.049900
v 0.009000 0.033488 0.049900
v 0.011512 0.024981 0.049900
v 0.011963 0.032794 0.021501
v 0.011728 0.028631 0.025456
v 0.012228 0.028752 0.025181
v 0.011998 0.028662 0.025341
v 0.012415 0.028884 0.024995
v 0.012559 0.029043 0.024796
v 0.012735 0.031776 0.022155
v 0.012664 0.029224 0.024591
v -0.012226 0.028751 0.025182
v -0.011996 0.028661 0.025342
v -0.011727 0.028631 0.025456
v -0.012558 0.029041 0.024799
v -0.012663 0.029223 0.024593
v -0.012413 0.028882 0.024997
v -0.012312 0.032466 0.021630
v 0.011939 0.040157 0.021517
v -0.011790 0.046830 0.023950
v 0.011773 0.048441 0.025722
v -0.011943 0.050236 0.029418
v 0.011751 0.050246 0.029732
v 0.012133 0.050512 0.043900
v 0.012133 0.050512 0.032500
v 0.012457 0.050295 0.043900
v 0.012457 0.050295 0.032500
v 0.012674 0.049971 0.043900
v 0.012674 0.049971 0.032500
v 0.012632 0.049983 0.030798
v 0.012459 0.049976 0.029861
v 0.012227 0.049701 0.028367
v 0.012134 0.048363 0.025972
v 0.011996 0.050565 0.031641
v 0.012459 0.048763 0.026959
v 0.012674 0.046991 0.024795
v 0.012133 0.043980 0.022344
v 0.012677 0.045279 0.023783
v 0.012602 0.045995 0.024000
v 0.012151 0.043837 0.022412
v 0.012293 0.041040 0.021715
v 0.012590 0.043033 0.022492
v 0.012579 0.041190 0.022029
v -0.011789 0.028638 0.033500
v -0.012458 0.050112 0.030039
v -0.012674 0.049771 0.030474
v -0.012543 0.048828 0.027114
v -0.012288 0.047127 0.024640
v -0.012674 0.049524 0.029486
v -0.012741 0.049712 0.031363
v -0.012674 0.048745 0.027606
v -0.012515 0.048370 0.026314
v -0.012482 0.045550 0.023577
v -0.012296 0.041056 0.021718
v -0.012357 0.043350 0.022351
v -0.012546 0.044405 0.022931
v -0.012600 0.040950 0.022014
v -0.004451 0.046113 0.039438
v -0.002007 0.046086 0.036627
v 0.001329 0.046104 0.036134
v 0.004324 0.046104 0.039626
v 0.003926 0.046088 0.042026
v 0.002656 0.046091 0.043846
v 0.000354 0.038941 0.044635
v -0.000000 0.046088 0.044650
v 0.000829 0.046088 0.044568
v -0.000500 0.038588 0.044620
v -0.000829 0.046088 0.044568
v -0.000461 0.038780 0.044625
v -0.000353 0.038942 0.044635
v -0.001857 0.048296 0.042685
v 0.000000 0.039088 0.044650
v 0.000191 0.039050 0.044646
v 0.000462 0.038778 0.044625
v -0.000191 0.039049 0.044646
v 0.000461 0.038397 0.044625
v 0.000354 0.038234 0.044635
v -0.000000 0.038088 0.044650
v 0.000192 0.038127 0.044646
v -0.000461 0.038397 0.044625
v -0.000354 0.038235 0.044635
v -0.000192 0.038127 0.044646
v 0.009618 0.045088 0.044678
v 0.009524 0.045088 0.044369
v 0.009372 0.045088 0.044083
v 0.008917 0.045088 0.043628
v 0.008631 0.045088 0.043476
v 0.009167 0.045088 0.043833
v 0.008322 0.045088 0.043382
v 0.007678 0.045088 0.043382
v 0.008000 0.045088 0.043350
v 0.006833 0.045088 0.043833
v 0.006476 0.045088 0.044369
v 0.006628 0.045088 0.044083
v 0.007083 0.045088 0.043628
v 0.007369 0.045088 0.043476
v 0.009650 0.045088 0.045000
v 0.006382 0.045088 0.044678
v 0.009618 0.045088 0.045322
v 0.007083 0.045088 0.046372
v 0.007678 0.045088 0.046618
v 0.007369 0.045088 0.046524
v 0.006382 0.045088 0.045322
v 0.006628 0.045088 0.045917
v 0.006476 0.045088 0.045631
v 0.006833 0.045088 0.046167
v 0.009167 0.045088 0.046167
v 0.009372 0.045088 0.045917
v 0.008917 0.045088 0.046372
v 0.008631 0.045088 0.046524
v 0.008322 0.045088 0.046618
v 0.008000 0.045088 0.046650
v 0.009524 0.045088 0.045631
v 0.006350 0.045088 0.045000
v 0.011000 0.045088 0.045000
v 0.010596 0.045088 0.046719
v 0.010713 0.045088 0.043572
v 0.008000 0.045088 0.041759
v 0.007712 0.045088 0.048149
v 0.004835 0.045088 0.045554
v 0.005668 0.045088 0.043093
v 0.011000 0.050486 0.045000
v 0.005092 0.050577 0.044263
v 0.005022 0.050543 0.044635
v 0.005025 0.050402 0.045384
v 0.005094 0.050297 0.045745
v 0.005547 0.049867 0.046798
v 0.007247 0.049057 0.047904
v 0.007616 0.048992 0.047975
v 0.006570 0.049282 0.047637
v 0.007998 0.048969 0.048000
v 0.009280 0.049180 0.047786
v 0.006895 0.049157 0.047789
v 0.005000 0.050484 0.045014
v 0.010987 0.050442 0.045202
v -0.007083 0.045088 0.043628
v -0.007678 0.045088 0.043382
v -0.007369 0.045088 0.043476
v -0.006382 0.045088 0.044678
v -0.006628 0.045088 0.044083
v -0.006476 0.045088 0.044369
v -0.006833 0.045088 0.043833
v -0.009167 0.045088 0.043833
v -0.009372 0.045088 0.044083
v -0.008917 0.045088 0.043628
v -0.008631 0.045088 0.043476
v -0.008322 0.045088 0.043382
v -0.008000 0.045088 0.043350
v -0.009524 0.045088 0.044369
v -0.006350 0.045088 0.045000
v -0.009618 0.045088 0.044678
v -0.006382 0.045088 0.045322
v -0.009618 0.045088 0.045322
v -0.009524 0.045088 0.045631
v -0.009372 0.045088 0.045917
v -0.008917 0.045088 0.046372
v -0.008631 0.045088 0.046524
v -0.009167 0.045088 0.046167
v -0.008322 0.045088 0.046618
v -0.007678 0.045088 0.046618
v -0.008000 0.045088 0.046650
v -0.006833 0.045088 0.046167
v -0.006476 0.045088 0.045631
v -0.006628 0.045088 0.045917
v -0.007083 0.045088 0.046372
v -0.007369 0.045088 0.046524
v -0.009650 0.045088 0.045000
v -0.005404 0.045088 0.046719
v -0.005000 0.045088 0.045000
v -0.005933 0.045088 0.042427
v -0.008288 0.045088 0.048149
v -0.009732 0.045088 0.042422
v -0.011165 0.045088 0.045554
v -0.005022 0.050542 0.044640
v -0.005091 0.050577 0.044267
v -0.005000 0.050486 0.045000
v -0.005000 0.050483 0.045015
v -0.010908 0.050577 0.044263
v -0.010975 0.050402 0.045384
v -0.010463 0.049887 0.046713
v -0.010906 0.050297 0.045745
v -0.009282 0.049181 0.047785
v -0.007623 0.048991 0.047976
v -0.007251 0.049056 0.047905
v -0.006572 0.049281 0.047638
v -0.008002 0.048969 0.048000
v -0.005998 0.049576 0.047235
v -0.005094 0.050296 0.045747
v -0.010795 0.050174 0.046089
v -0.010989 0.050513 0.044825
v -0.006900 0.049155 0.047791
v -0.005396 0.049995 0.046515
v -0.005025 0.050400 0.045389
v -0.007083 0.042088 0.035628
v -0.007678 0.042088 0.035382
v -0.007369 0.042088 0.035476
v -0.006382 0.042088 0.036678
v -0.006628 0.042088 0.036083
v -0.006476 0.042088 0.036369
v -0.006833 0.042088 0.035833
v -0.009167 0.042088 0.035833
v -0.009372 0.042088 0.036083
v -0.008917 0.042088 0.035628
v -0.008631 0.042088 0.035476
v -0.008322 0.042088 0.035382
v -0.008000 0.042088 0.035350
v -0.009524 0.042088 0.036369
v -0.006350 0.042088 0.037000
v -0.009618 0.042088 0.036678
v -0.006382 0.042088 0.037322
v -0.009618 0.042088 0.037322
v -0.009524 0.042088 0.037631
v -0.009372 0.042088 0.037917
v -0.008917 0.042088 0.038372
v -0.008631 0.042088 0.038524
v -0.009167 0.042088 0.038167
v -0.008322 0.042088 0.038618
v -0.007678 0.042088 0.038618
v -0.008000 0.042088 0.038650
v -0.006833 0.042088 0.038167
v -0.006476 0.042088 0.037631
v -0.006628 0.042088 0.037917
v -0.007083 0.042088 0.038372
v -0.007369 0.042088 0.038524
v -0.009650 0.042088 0.037000
v -0.004986 0.042088 0.038139
v -0.005636 0.042088 0.035060
v -0.007698 0.042088 0.033933
v -0.008213 0.042088 0.040156
v -0.010013 0.042088 0.034683
v -0.011139 0.042088 0.037728
v -0.011750 0.045176 0.049871
v -0.011750 0.045758 0.049785
v -0.011977 0.050574 0.044168
v -0.011750 0.046330 0.049642
v -0.011750 0.046884 0.049443
v -0.011750 0.047416 0.049192
v -0.011750 0.047921 0.048889
v -0.011750 0.048394 0.048538
v -0.012332 0.045730 0.049640
v -0.012606 0.047183 0.048846
v -0.012674 0.045116 0.049257
v -0.012673 0.046853 0.048790
v -0.012486 0.050162 0.045342
v -0.011750 0.048831 0.048143
v -0.012195 0.048135 0.048713
v -0.011750 0.049226 0.047706
v -0.012618 0.048778 0.047564
v -0.012673 0.048552 0.047551
v -0.012262 0.049554 0.047102
v -0.011979 0.050248 0.045954
v -0.012350 0.050057 0.045904
v -0.010629 0.050031 0.046401
v -0.010712 0.050102 0.046245
v 0.012214 0.050464 0.044797
v 0.010944 0.050559 0.044454
v 0.010850 0.050235 0.045918
v 0.011750 0.047921 0.048889
v 0.011750 0.047416 0.049192
v 0.011750 0.046884 0.049443
v 0.011750 0.046330 0.049642
v 0.011750 0.045758 0.049785
v 0.011750 0.045176 0.049871
v 0.011986 0.050049 0.046433
v 0.010463 0.049888 0.046713
v 0.012071 0.048508 0.048422
v 0.012463 0.046944 0.049186
v 0.012287 0.045468 0.049704
v 0.012337 0.048244 0.048455
v 0.012586 0.048790 0.047619
v 0.012061 0.049056 0.047854
v 0.012287 0.049902 0.046393
v 0.012621 0.049777 0.045826
v 0.012133 0.049513 0.047191
v 0.012709 0.049752 0.045539
v 0.009000 0.043588 0.049400
v 0.009000 0.043588 0.049800
v -0.009000 0.043588 0.049400
v -0.009791 0.043497 0.049412
v 0.012000 0.036588 0.049400
v 0.011974 0.036131 0.049782
v 0.012000 0.040588 0.049400
v 0.012000 0.040588 0.049729
v -0.009000 0.033588 0.049400
v -0.009000 0.033588 0.049800
v 0.009000 0.033588 0.049800
v 0.009000 0.033588 0.049400
v -0.012000 0.036588 0.049400
v -0.012000 0.040588 0.049400
v -0.011388 0.042464 0.049406
v -0.000191 0.039050 0.049400
v -0.000354 0.038941 0.049400
v -0.000500 0.038588 0.049400
v -0.000462 0.038779 0.049400
v -0.000000 0.039088 0.049400
v 0.000191 0.039050 0.049400
v 0.000354 0.038941 0.049400
v 0.011301 0.042840 0.049402
v 0.000500 0.038588 0.049400
v 0.000462 0.038779 0.049400
v -0.000354 0.038234 0.049400
v -0.000462 0.038397 0.049400
v -0.000191 0.038126 0.049400
v -0.011247 0.034244 0.049399
v -0.000000 0.038088 0.049400
v 0.000354 0.038234 0.049400
v 0.000191 0.038126 0.049400
v 0.000462 0.038397 0.049400
v 0.010172 0.033818 0.049409
v 0.011718 0.035153 0.049403
v 0.010710 0.034113 0.049807
v 0.011914 0.035877 0.049761
v 0.011841 0.035530 0.049864
v 0.010196 0.043359 0.049824
v 0.011029 0.042813 0.049838
v 0.011787 0.041638 0.049781
v -0.009600 0.033618 0.049879
v -0.010551 0.033999 0.049800
v -0.011315 0.034664 0.049833
v -0.011899 0.035794 0.049791
v -0.010529 0.043190 0.049808
v -0.011952 0.040998 0.049455
v -0.011545 0.042202 0.049783
v -0.011655 0.042036 0.049856
v -0.011999 0.041163 0.049845
v -0.012091 0.040588 0.049829
v -0.012012 0.040588 0.049776
v -0.012045 0.040588 0.049812
v -0.009000 0.043650 0.049892
v -0.009602 0.043563 0.049876
v -0.009000 0.043617 0.049871
v -0.009810 0.043480 0.049829
v -0.009000 0.043596 0.049838
v -0.010422 0.043251 0.049853
v -0.011102 0.042814 0.049891
v -0.010790 0.043022 0.049857
v -0.012091 0.036588 0.049829
v -0.012045 0.036588 0.049812
v -0.012012 0.036588 0.049776
v 0.009000 0.043650 0.049892
v 0.009000 0.043617 0.049871
v 0.009000 0.043596 0.049838
v -0.012058 0.036232 0.049840
v -0.011849 0.035522 0.049870
v -0.011978 0.036182 0.049775
v -0.011532 0.034948 0.049854
v 0.011542 0.042274 0.049887
v 0.011181 0.042739 0.049871
v 0.010675 0.043167 0.049897
v 0.011596 0.042106 0.049799
v 0.010371 0.043289 0.049869
v 0.009752 0.043520 0.049874
v 0.009412 0.043568 0.049849
v -0.011407 0.034708 0.049884
v -0.009000 0.033526 0.049892
v -0.009000 0.033580 0.049838
v -0.009000 0.033559 0.049871
v -0.010580 0.034002 0.049846
v -0.010410 0.033843 0.049888
v 0.011988 0.041077 0.049809
v 0.011914 0.041463 0.049851
v 0.012033 0.041243 0.049857
v 0.012045 0.040588 0.049812
v 0.012091 0.040588 0.049829
v 0.009000 0.033526 0.049892
v 0.009000 0.033580 0.049838
v 0.009000 0.033559 0.049871
v 0.012012 0.036588 0.049776
v 0.012045 0.036588 0.049812
v 0.012091 0.036588 0.049829
v 0.009814 0.033632 0.049890
v 0.010212 0.033816 0.049836
v 0.009564 0.033632 0.049828
v 0.011087 0.034406 0.049853
v 0.011053 0.034314 0.049892
v 0.010584 0.033975 0.049888
v 0.011540 0.034964 0.049850
v 0.011471 0.034750 0.049895
v 0.012048 0.036134 0.049843
v -0.025814 -0.007101 0.045323
v -0.024254 -0.007348 0.045487
v -0.026023 -0.006564 0.045499
v -0.025000 -0.005507 0.045500
v -0.025651 -0.005728 0.045104
v -0.024237 -0.005790 0.045266
v -0.024837 -0.005521 0.044800
v -0.024000 -0.006507 0.044800
v -0.024108 -0.006959 0.044800
v -0.024108 -0.006055 0.044800
v -0.024683 -0.007491 0.044800
v -0.026197 -0.005483 0.044830
v -0.026172 -0.007403 0.044972
v 0.025900 -0.007210 0.045059
v 0.025927 -0.005454 0.044842
v 0.025300 -0.005553 0.044800
v 0.026022 -0.006453 0.045516
v -0.018204 -0.030232 0.044800
v -0.018669 -0.032915 0.044184
v -0.016371 -0.029683 0.044800
v -0.024994 -0.027039 0.044756
v -0.014555 -0.028708 0.044800
v -0.013752 -0.028739 0.044800
v -0.011477 -0.036166 0.044800
v -0.011875 -0.033004 0.044800
v -0.013000 -0.029024 0.044800
v -0.012377 -0.029533 0.044800
v 0.012377 -0.029533 0.044800
v -0.011948 -0.030213 0.044800
v -0.011785 -0.031313 0.044800
v 0.003185 -0.038691 0.044800
v -0.031844 -0.011766 0.044800
v -0.028904 -0.009448 0.044800
v -0.027104 -0.008612 0.044800
v -0.026209 -0.007507 0.044800
v -0.026209 -0.007507 0.044800
v -0.026482 -0.007983 0.044800
v -0.003031 0.012797 0.044800
v 0.013000 -0.029024 0.044800
v -0.014555 0.015693 0.044800
v 0.011617 -0.036013 0.044626
v 0.011921 -0.032655 0.044800
v 0.019548 -0.032362 0.043401
v 0.024059 -0.027606 0.044800
v 0.024108 -0.006959 0.044800
v 0.016191 -0.029559 0.044800
v 0.014151 -0.028650 0.044800
v 0.025692 -0.007741 0.044799
v 0.024000 -0.006507 0.044800
v 0.014555 0.015693 0.044800
v 0.024108 -0.006055 0.044800
v 0.024408 -0.005701 0.044800
v 0.029599 -0.019447 0.044800
v 0.029519 -0.010024 0.044800
v 0.027052 -0.008570 0.044800
v 0.031726 -0.010684 0.044800
v 0.027812 -0.008911 0.044800
v 0.003031 0.012797 0.044800
v -0.028626 -0.003754 0.043729
v -0.031420 -0.001308 0.044800
v -0.027104 -0.004402 0.044800
v -0.028409 0.008299 0.044800
v -0.026209 -0.005507 0.044800
v -0.013752 0.015725 0.044800
v -0.004762 0.014568 0.044919
v -0.013000 0.016010 0.044800
v -0.024999 0.013527 0.044800
v -0.012377 0.016518 0.044800
v -0.017805 0.017299 0.044800
v -0.011734 0.017688 0.044800
v -0.009234 0.024132 0.044800
v -0.011659 0.022952 0.044674
v 0.000000 0.012269 0.044802
v 0.029148 0.006699 0.044800
v 0.027713 0.009493 0.044800
v 0.026011 0.012132 0.044800
v 0.022801 0.016010 0.044800
v 0.014001 0.015700 0.044800
v 0.011801 0.017043 0.044800
v 0.004862 0.014247 0.044800
v 0.024837 -0.005521 0.044800
v 0.030222 -0.002339 0.043648
v 0.028848 -0.003622 0.044800
v 0.030302 0.003779 0.044800
v 0.011922 0.019879 0.043069
v 0.015408 0.015952 0.044800
v 0.018929 0.017734 0.044800
v 0.016466 0.016753 0.044800
v 0.001436 0.030588 0.036400
v 0.001730 0.026895 0.036509
v 0.017323 0.003824 0.041612
v 0.017646 0.002493 0.041393
v 0.017890 0.003555 0.041393
v 0.017656 0.003152 0.041393
v 0.016374 0.003614 0.041526
v 0.016778 0.002435 0.041393
v 0.016553 0.002262 0.041393
v 0.016609 0.002226 0.041393
v 0.017170 0.004263 0.041393
v 0.016445 0.003941 0.041393
v 0.015870 0.003042 0.041393
v 0.015877 0.002946 0.041393
v 0.016143 0.003908 0.041393
v -0.017635 0.002996 0.041418
v -0.017746 0.003893 0.041393
v -0.017076 0.003863 0.041672
v -0.017864 0.002809 0.041393
v -0.016888 0.003243 0.041393
v -0.016783 0.004279 0.041393
v -0.016697 0.004262 0.041393
v -0.017018 0.002195 0.041393
v -0.016115 0.002644 0.041393
v -0.016039 0.002601 0.041393
v -0.016191 0.003206 0.041393
v -0.015896 0.003640 0.041393
v -0.000252 -0.026753 0.041418
v -0.001035 -0.026303 0.041393
v -0.000609 -0.025786 0.041672
v -0.000240 -0.027048 0.041393
v -0.000000 -0.026007 0.041393
v -0.000765 -0.025301 0.041393
v -0.000700 -0.025242 0.041393
v 0.000759 -0.026741 0.041393
v 0.000878 -0.025705 0.041504
v 0.000788 -0.026023 0.041393
v 0.000448 -0.025472 0.041393
v 0.000278 -0.024976 0.041393
v 0.017080 0.002575 0.041829
v 0.016587 0.002229 0.042061
v 0.017653 0.002417 0.042144
v 0.017645 0.002580 0.042103
v 0.017857 0.003560 0.042036
v 0.017903 0.003463 0.042047
v 0.017008 0.004215 0.042090
v 0.016128 0.003924 0.042038
v 0.015867 0.002984 0.042105
v -0.016423 0.003701 0.041466
v -0.016849 0.004251 0.042040
v -0.017735 0.003860 0.042104
v -0.017801 0.002790 0.042036
v -0.017861 0.002880 0.042047
v -0.017039 0.002178 0.042093
v -0.016651 0.002528 0.041851
v -0.016031 0.002622 0.042062
v -0.016186 0.003169 0.041837
v -0.016217 0.003742 0.041922
v -0.015750 0.003524 0.042162
v -0.000087 -0.025361 0.041466
v -0.000782 -0.025371 0.042040
v -0.000726 -0.026422 0.041921
v -0.000187 -0.027010 0.042036
v 0.000499 -0.026730 0.041955
v 0.000714 -0.026247 0.041851
v 0.000830 -0.026742 0.042122
v 0.001020 -0.025743 0.042068
v 0.000495 -0.025520 0.041829
v 0.000263 -0.024988 0.042105
v 0.016410 0.002071 0.042171
v 0.018043 0.002444 0.042199
v -0.017714 0.004188 0.042174
v -0.018235 0.002633 0.042203
v 0.001220 -0.025396 0.042181
v 0.000608 -0.024936 0.042173
v -0.001253 -0.026140 0.042172
v 0.001154 -0.025677 0.042163
v -0.001041 -0.026320 0.042111
v -0.000332 -0.027071 0.042128
v 0.001221 -0.026150 0.042174
v 0.017153 0.004456 0.042175
v 0.016061 0.004029 0.042148
v 0.018055 0.003766 0.042175
v 0.015655 0.003478 0.042173
v 0.015972 0.002338 0.042163
v -0.015717 0.002531 0.042186
v -0.017632 0.002258 0.042174
v -0.016346 0.004378 0.042173
v -0.016792 0.004352 0.042149
v 0.001183 -0.027294 0.042032
v 0.000241 -0.027269 0.042176
v -0.000354 -0.024770 0.042163
v -0.000749 -0.025167 0.042138
v -0.001194 -0.025589 0.042173
v -0.002671 -0.001115 0.040905
v -0.004269 -0.002238 0.040863
v 0.005084 -0.003184 0.040963
v 0.001203 -0.000458 0.041083
v 0.003759 -0.011360 0.041163
v 0.005885 -0.005337 0.040905
v -0.003981 -0.011453 0.041163
v -0.005723 -0.008368 0.040683
v 0.017461 0.005458 0.041087
v 0.016642 0.005039 0.041912
v 0.018451 0.004161 0.041912
v 0.018307 0.005473 0.040709
v 0.018860 0.003575 0.041809
v 0.018693 0.001813 0.040834
v 0.017122 0.001259 0.041833
v 0.015575 0.001842 0.041861
v 0.014767 0.003438 0.041774
v 0.015710 0.004856 0.041816
v 0.019368 0.003982 0.040547
v 0.018067 0.001474 0.040648
v 0.015179 0.002141 0.041630
v 0.014888 0.003255 0.041605
v 0.016340 0.001231 0.040577
v 0.015044 0.004019 0.041605
v -0.015178 0.002173 0.041806
v -0.017368 0.000878 0.041086
v -0.016565 0.001907 0.042187
v -0.018007 0.001671 0.041852
v -0.018905 0.003606 0.041752
v -0.018083 0.004683 0.041944
v -0.016914 0.005519 0.040959
v -0.016183 0.004913 0.041912
v -0.015768 0.004815 0.041852
v -0.015072 0.004193 0.041802
v -0.018295 0.001556 0.040783
v -0.018640 0.004549 0.040608
v -0.018482 0.004450 0.041605
v 0.001893 -0.026174 0.041890
v 0.000912 -0.027574 0.041912
v 0.000054 -0.027819 0.041912
v 0.000828 -0.028088 0.041074
v -0.000238 -0.027941 0.041816
v -0.001598 -0.027194 0.041700
v -0.001888 -0.026127 0.041929
v 0.001187 -0.024265 0.041792
v -0.001649 -0.024956 0.041821
v -0.000598 -0.024183 0.041861
v 0.001912 -0.025130 0.040578
v 0.000129 -0.028099 0.040578
v -0.001029 -0.027399 0.042137
v -0.001816 -0.024957 0.041585
v -0.000550 -0.024084 0.041605
v 0.000887 -0.024128 0.040630
v -0.026949 -0.017372 0.039000
v -0.026769 -0.017859 0.039000
v -0.026472 -0.017325 0.039000
v -0.026345 -0.017722 0.039000
v -0.026949 -0.013562 0.039000
v -0.026769 -0.014049 0.039000
v -0.026440 -0.013995 0.039000
v -0.026369 -0.013597 0.039000
v -0.026972 -0.012382 0.039000
v -0.026769 -0.012779 0.039000
v -0.026440 -0.012725 0.039000
v -0.026406 -0.012248 0.039000
v -0.026949 -0.016102 0.039000
v -0.026769 -0.016589 0.039000
v -0.026440 -0.016535 0.039000
v -0.026369 -0.016137 0.039000
v -0.026949 -0.014832 0.039000
v -0.026769 -0.015319 0.039000
v -0.026440 -0.015265 0.039000
v -0.026369 -0.014867 0.039000
v 0.003977 -0.030207 0.040847
v 0.003417 -0.029933 0.040790
v 0.003831 -0.029665 0.040857
v 0.002554 -0.030213 0.040886
v 0.002335 -0.029644 0.040796
v 0.002710 -0.029611 0.040782
v 0.001122 -0.030225 0.040850
v 0.001074 -0.030324 0.040724
v 0.001220 -0.029627 0.040837
v -0.000067 -0.030348 0.040815
v -0.000383 -0.029969 0.040792
v -0.000021 -0.029657 0.040856
v 0.000438 -0.029901 0.040684
v -0.001398 -0.030291 0.040864
v -0.001354 -0.030397 0.040696
v -0.001674 -0.029898 0.040789
v -0.001100 -0.029611 0.040782
v -0.002526 -0.030215 0.040884
v -0.002736 -0.030324 0.040724
v -0.002747 -0.029643 0.040793
v -0.002446 -0.029630 0.040813
v -0.003566 -0.030067 0.040841
v -0.003972 -0.030213 0.040848
v -0.003860 -0.029615 0.040834
v -0.022431 0.001613 0.040820
v -0.021869 0.002075 0.040797
v -0.018566 0.008696 0.040890
v -0.018291 0.008277 0.040842
v -0.018128 0.008842 0.040771
v -0.019366 0.007457 0.040849
v -0.018829 0.007589 0.040844
v -0.018877 0.007224 0.040841
v -0.019898 0.006447 0.040840
v -0.019553 0.006569 0.040861
v -0.019783 0.006029 0.040862
v -0.020456 0.005582 0.040790
v -0.020421 0.004989 0.040871
v -0.020741 0.004305 0.040844
v -0.021234 0.004154 0.040855
v -0.020566 0.003964 0.040805
v -0.021857 0.003005 0.040870
v -0.021332 0.003148 0.040846
v -0.021313 0.002687 0.040724
v 0.018315 0.008881 0.040809
v 0.018598 0.008309 0.040846
v 0.018153 0.008434 0.040842
v 0.022504 0.002199 0.040793
v 0.022095 0.002179 0.040856
v 0.022405 0.001587 0.040811
v 0.022005 0.001798 0.040840
v 0.021839 0.002997 0.040840
v 0.021394 0.003159 0.040883
v 0.020966 0.004334 0.040891
v 0.020783 0.004534 0.040689
v 0.020970 0.003845 0.040844
v 0.020563 0.005365 0.040859
v 0.020046 0.004989 0.040812
v 0.020070 0.006230 0.040794
v 0.019403 0.006610 0.040828
v 0.019318 0.007436 0.040901
v 0.019168 0.007015 0.040766
v 0.000591 -0.012507 0.040913
v 0.002933 -0.011771 0.040563
v 0.004724 -0.010248 0.040563
v 0.005543 -0.008803 0.040563
v 0.005969 -0.007632 0.040835
v 0.003830 -0.001841 0.040563
v 0.002296 -0.000964 0.040563
v -0.000592 -0.000499 0.040563
v -0.001171 -0.012392 0.040563
v -0.005306 -0.003671 0.040563
v -0.005968 -0.005399 0.040905
v -0.005885 -0.007678 0.040563
v -0.003762 -0.011330 0.040638
v 0.014571 0.003239 0.040563
v 0.017653 0.001395 0.040563
v 0.016122 0.005091 0.040563
v -0.014849 0.003636 0.040593
v -0.016122 0.005091 0.040563
v -0.015473 0.004657 0.040563
v -0.015403 0.001737 0.040594
v -0.018890 0.002870 0.040563
v 0.001923 -0.025457 0.040563
v -0.000561 -0.023911 0.040577
v -0.001848 -0.025242 0.040563
v -0.002000 -0.026007 0.040563
v 0.002000 -0.026007 0.040563
v -0.001756 -0.027303 0.040574
v -0.026360 -0.017378 0.040563
v -0.026586 -0.017896 0.040563
v -0.026810 -0.017313 0.040563
v -0.026973 -0.017617 0.040563
v -0.026531 -0.013475 0.040563
v -0.026373 -0.013647 0.040563
v -0.026350 -0.013762 0.040563
v -0.026650 -0.014132 0.040563
v -0.026765 -0.013485 0.040563
v -0.026933 -0.013627 0.040563
v -0.026535 -0.012215 0.040563
v -0.026403 -0.012314 0.040563
v -0.026350 -0.012492 0.040563
v -0.026580 -0.012845 0.040563
v -0.026769 -0.012205 0.040563
v -0.026963 -0.012476 0.040563
v -0.026531 -0.016015 0.040563
v -0.026337 -0.016286 0.040563
v -0.026650 -0.016648 0.040563
v -0.026910 -0.016106 0.040563
v -0.026927 -0.016417 0.040563
v -0.026531 -0.014745 0.040563
v -0.026353 -0.014962 0.040563
v -0.026518 -0.015351 0.040563
v -0.026810 -0.014773 0.040563
v -0.026973 -0.015077 0.040563
v 0.003711 -0.030417 0.040637
v 0.003492 -0.030285 0.040640
v 0.003574 -0.029627 0.040747
v 0.003359 -0.030030 0.040642
v 0.004145 -0.030274 0.040675
v 0.004006 -0.029609 0.040724
v 0.004192 -0.029709 0.040635
v 0.004260 -0.029966 0.040640
v 0.003810 -0.029516 0.040640
v 0.002212 -0.030291 0.040674
v 0.002089 -0.029899 0.040647
v 0.002540 -0.030416 0.040640
v 0.002956 -0.030139 0.040640
v 0.002781 -0.030321 0.040700
v 0.002991 -0.029903 0.040642
v 0.000952 -0.030285 0.040640
v 0.000854 -0.030139 0.040640
v 0.000819 -0.029899 0.040647
v 0.000952 -0.029648 0.040640
v 0.001449 -0.030404 0.040643
v 0.001270 -0.029516 0.040640
v 0.001625 -0.030094 0.040787
v 0.001610 -0.029634 0.040633
v 0.001720 -0.029966 0.040640
v -0.000416 -0.030139 0.040640
v -0.000236 -0.029627 0.040747
v -0.000416 -0.029794 0.040640
v 0.000187 -0.030395 0.040642
v -0.000011 -0.029555 0.040729
v 0.000259 -0.029593 0.040645
v 0.000416 -0.030139 0.040640
v -0.001588 -0.030285 0.040640
v -0.001513 -0.029578 0.040641
v -0.000933 -0.030272 0.040676
v -0.000819 -0.029903 0.040642
v -0.002858 -0.030285 0.040640
v -0.002956 -0.030139 0.040640
v -0.002991 -0.029899 0.040647
v -0.002374 -0.030390 0.040686
v -0.002281 -0.029593 0.040645
v -0.002124 -0.030139 0.040640
v -0.002089 -0.029903 0.040642
v -0.004048 -0.030330 0.040695
v -0.004128 -0.029648 0.040640
v -0.004277 -0.029966 0.040654
v -0.003617 -0.030391 0.040647
v -0.003810 -0.029516 0.040640
v -0.003461 -0.029651 0.040638
v -0.003359 -0.030030 0.040642
v -0.022353 0.002269 0.040811
v -0.022688 0.001992 0.040648
v -0.022049 0.002345 0.040644
v -0.021787 0.002039 0.040640
v -0.021775 0.001864 0.040640
v -0.022088 0.001466 0.040631
v -0.022446 0.001533 0.040640
v -0.021832 0.001698 0.040640
v -0.018581 0.008853 0.040795
v -0.018801 0.008747 0.040640
v -0.018528 0.008957 0.040640
v -0.018353 0.008968 0.040640
v -0.017943 0.008477 0.040639
v -0.018377 0.008036 0.040645
v -0.018843 0.008377 0.040677
v -0.019167 0.007793 0.040795
v -0.018988 0.007868 0.040640
v -0.018579 0.007369 0.040645
v -0.018762 0.007779 0.040647
v -0.019514 0.007486 0.040643
v -0.018839 0.007014 0.040642
v -0.019264 0.007036 0.040718
v -0.019271 0.007032 0.040640
v -0.019871 0.006737 0.040642
v -0.019402 0.006683 0.040644
v -0.019261 0.006286 0.040758
v -0.019623 0.006768 0.040640
v -0.020178 0.006300 0.040630
v -0.019548 0.005865 0.040631
v -0.019885 0.005969 0.040733
v -0.020706 0.005447 0.040640
v -0.020073 0.005540 0.040778
v -0.020258 0.005669 0.040640
v -0.019889 0.005146 0.040746
v -0.020209 0.004764 0.040632
v -0.020541 0.004833 0.040640
v -0.020748 0.005077 0.040677
v -0.020671 0.004482 0.040643
v -0.021054 0.004550 0.040750
v -0.021424 0.003960 0.040657
v -0.020835 0.003666 0.040637
v -0.021719 0.003479 0.040632
v -0.021302 0.003380 0.040647
v -0.021130 0.003055 0.040642
v -0.022051 0.003068 0.040647
v -0.021820 0.002619 0.040645
v 0.018834 0.008505 0.040733
v 0.018691 0.008161 0.040644
v 0.018278 0.008065 0.040631
v 0.017943 0.008477 0.040639
v 0.018054 0.008796 0.040640
v 0.018353 0.008968 0.040640
v 0.018679 0.008908 0.040644
v 0.022674 0.001891 0.040642
v 0.022388 0.001498 0.040647
v 0.021770 0.001676 0.040646
v 0.021864 0.002197 0.040640
v 0.022338 0.002358 0.040640
v 0.022049 0.002345 0.040644
v 0.022015 0.002995 0.040714
v 0.021800 0.002653 0.040753
v 0.021976 0.003248 0.040640
v 0.021320 0.002661 0.040695
v 0.021128 0.003053 0.040640
v 0.021860 0.003380 0.040640
v 0.021229 0.003297 0.040640
v 0.021416 0.003445 0.040643
v 0.021726 0.003419 0.040727
v 0.021380 0.004095 0.040714
v 0.020686 0.003760 0.040696
v 0.021295 0.004429 0.040638
v 0.021190 0.003721 0.040650
v 0.020594 0.004397 0.040640
v 0.020492 0.004145 0.040639
v 0.021068 0.004557 0.040640
v 0.020196 0.004872 0.040812
v 0.020779 0.005109 0.040631
v 0.020516 0.005668 0.040631
v 0.020489 0.004800 0.040644
v 0.019848 0.005184 0.040644
v 0.020060 0.005556 0.040738
v 0.019482 0.005914 0.040648
v 0.020029 0.006619 0.040642
v 0.019794 0.005934 0.040782
v 0.019243 0.006343 0.040692
v 0.019292 0.006097 0.040640
v 0.019456 0.006712 0.040640
v 0.019324 0.006596 0.040640
v 0.019798 0.006757 0.040640
v 0.019438 0.007402 0.040771
v 0.019383 0.007727 0.040644
v 0.018765 0.007118 0.040785
v 0.018592 0.007465 0.040642
v 0.019203 0.007818 0.040726
v 0.018874 0.007844 0.040644
v 0.018689 0.007696 0.040640
v 0.000435 0.025559 0.036493
v -0.003884 0.023599 0.036492
v 0.003979 0.023186 0.036498
v 0.001697 0.017146 0.036500
v -0.002996 0.018704 0.037676
v -0.002222 0.018167 0.036500
v 0.024185 -0.007422 0.045490
v 0.025844 -0.007073 0.045499
v 0.024815 -0.005427 0.045495
v 0.006694 0.011708 0.040563
v 0.005846 0.010559 0.040094
v 0.006825 0.012368 0.039625
v 0.005100 0.010583 0.039000
v 0.003452 0.012138 0.039744
v 0.003679 0.011341 0.039000
v 0.002292 0.014421 0.039721
v -0.000439 0.015840 0.039434
v -0.000625 0.015522 0.040563
v -0.003260 0.012945 0.039000
v -0.003823 0.011368 0.040172
v -0.003506 0.011708 0.039000
v -0.006347 0.011121 0.039911
v -0.004999 0.010586 0.039994
v -0.006849 0.012163 0.040563
v -0.005927 0.014866 0.039000
v -0.006806 0.013610 0.039827
v -0.004284 0.017779 0.039000
v -0.004446 0.016576 0.039781
v -0.004326 0.023987 0.040563
v -0.005202 0.024560 0.039000
v -0.004632 0.024452 0.039841
v 0.006613 0.024651 0.040563
v 0.005371 0.024532 0.039000
v 0.015610 0.021013 0.039521
v 0.022386 0.015685 0.039521
v 0.020978 0.016993 0.040563
v 0.024959 0.012713 0.040563
v 0.030925 -0.000504 0.040563
v 0.030547 0.001493 0.039222
v 0.031502 -0.006320 0.040563
v 0.031341 -0.010285 0.039151
v 0.030518 -0.014662 0.040563
v 0.028970 -0.019159 0.039558
v 0.025221 -0.025457 0.039781
v 0.021256 -0.029756 0.040563
v 0.014040 -0.034707 0.040563
v 0.018194 -0.032314 0.039346
v 0.011363 -0.035887 0.040563
v 0.004556 -0.037708 0.040563
v 0.009632 -0.036638 0.039313
v 0.000786 -0.038037 0.039412
v -0.003003 -0.037864 0.040563
v -0.011514 -0.035827 0.040563
v -0.011069 -0.036082 0.039391
v -0.018778 -0.031895 0.039284
v -0.014184 -0.034632 0.040563
v -0.021702 -0.029456 0.040563
v -0.026915 -0.022869 0.040563
v -0.030647 -0.013864 0.039938
v -0.028958 -0.018985 0.040069
v -0.031315 -0.010079 0.040172
v -0.025087 -0.025665 0.039284
v -0.031496 -0.006153 0.040563
v -0.030888 -0.000340 0.040563
v -0.029992 0.003540 0.039313
v -0.027906 0.008286 0.040563
v -0.021758 0.016312 0.040563
v -0.016785 0.020248 0.039399
v -0.012467 0.022461 0.038982
v -0.010536 0.023270 0.040563
v -0.004594 -0.037711 0.039586
v 0.004592 0.024353 0.039000
v 0.004284 0.023718 0.039000
v 0.003462 0.022769 0.040563
v 0.004284 0.017779 0.039000
v 0.004721 0.016180 0.039391
v 0.006825 0.012698 0.040563
v 0.006651 0.013928 0.039729
v 0.000712 0.017513 0.038091
v 0.002781 0.018505 0.039000
v 0.004106 0.022791 0.038985
v 0.001706 0.025111 0.036882
v -0.004032 0.023595 0.038644
v -0.000968 0.017612 0.039000
v -0.009332 0.025088 0.045310
v -0.008527 0.024628 0.046271
v -0.007694 0.024776 0.043667
v -0.007016 0.024926 0.045874
v 0.006670 0.025087 0.044505
v 0.007782 0.024876 0.046369
v 0.009025 0.024658 0.045820
v 0.007116 0.025088 0.045884
v 0.005250 0.043477 0.038320
v 0.005250 0.036909 0.038967
v 0.005250 0.039588 0.039500
v 0.005250 0.046588 0.032500
v 0.005250 0.044034 0.027048
v 0.005250 0.039588 0.025500
v -0.014250 0.015675 0.044800
v -0.012692 0.015929 0.042300
v -0.015281 0.015902 0.043170
v -0.026209 -0.007507 0.042800
v -0.026631 -0.008175 0.042301
v -0.026000 -0.006507 0.042800
v -0.026209 -0.005507 0.042800
v -0.026189 -0.005241 0.042301
v -0.027812 -0.004104 0.042300
v -0.011886 -0.030361 0.042300
v -0.014426 -0.028507 0.042300
v 0.014841 -0.028644 0.042300
v 0.013000 -0.029024 0.042300
v 0.011783 -0.030350 0.043329
v 0.027085 -0.004446 0.042300
v 0.028637 -0.003749 0.042300
v 0.026275 -0.005307 0.042300
v 0.026215 -0.007997 0.042300
v 0.014967 0.015703 0.042300
v 0.011813 0.017502 0.042300
v 0.012377 0.016518 0.042300
v 0.013297 0.015849 0.042300
v 0.009234 0.024132 0.044800
v 0.008130 0.024120 0.044621
v 0.011472 0.021122 0.042300
v 0.018922 0.017901 0.042194
v 0.028692 -0.009310 0.042300
v 0.031212 -0.011078 0.042145
v 0.018204 -0.030232 0.044800
v 0.019004 -0.030664 0.042151
v 0.016774 -0.029954 0.042300
v 0.015160 -0.034479 0.042300
v 0.012169 -0.035886 0.042300
v 0.011725 -0.033727 0.042300
v -0.011717 -0.033592 0.042300
v -0.011858 -0.035533 0.042192
v -0.016676 -0.029905 0.042300
v -0.019443 -0.031863 0.042300
v -0.018204 -0.030232 0.042300
v -0.029663 -0.010387 0.042300
v -0.031562 -0.010661 0.042300
v -0.029597 -0.002827 0.042300
v -0.031680 -0.002347 0.042300
v -0.018063 0.017278 0.042300
v -0.011541 0.021858 0.042169
v -0.011785 0.018299 0.042300
v -0.019485 0.018928 0.042299
v -0.021819 -0.029640 0.039000
v -0.023905 -0.027478 0.039000
v -0.019539 -0.031597 0.039000
v -0.017084 -0.033329 0.039000
v -0.027420 -0.022612 0.039000
v -0.028818 -0.019952 0.039000
v -0.025778 -0.025128 0.039000
v -0.005976 -0.037741 0.039000
v -0.008897 -0.037037 0.039000
v -0.003001 -0.038165 0.039000
v -0.014476 -0.034821 0.039000
v -0.011739 -0.036061 0.039000
v -0.031429 -0.011352 0.039000
v -0.031746 -0.008364 0.039000
v -0.030831 -0.014297 0.039000
v -0.029958 -0.017172 0.039000
v -0.031779 -0.005360 0.039000
v -0.031485 -0.004275 0.039150
v -0.030998 0.000592 0.039000
v -0.030189 0.003486 0.039000
v -0.029111 0.006290 0.039000
v -0.027773 0.008981 0.039000
v -0.026188 0.011533 0.039000
v 0.003001 -0.038165 0.039000
v 0.005976 -0.037741 0.039000
v 0.008897 -0.037037 0.039000
v 0.011739 -0.036061 0.039000
v 0.014476 -0.034821 0.039000
v -0.006672 0.024585 0.039000
v 0.017084 -0.033329 0.039000
v 0.022169 -0.028945 0.038978
v 0.006672 0.024585 0.039000
v 0.025778 -0.025128 0.039000
v 0.027420 -0.022612 0.039000
v 0.004284 0.021491 0.039000
v 0.028818 -0.019952 0.039000
v 0.029958 -0.017172 0.039000
v 0.028979 0.006004 0.039288
v 0.027106 0.009749 0.039494
v 0.026188 0.011533 0.039000
v 0.030831 -0.014297 0.039000
v 0.031429 -0.011352 0.039000
v 0.030998 0.000592 0.039000
v 0.031529 -0.002366 0.039000
v 0.031532 -0.004955 0.039152
v -0.025498 0.012101 0.039384
v -0.021975 0.016117 0.038977
v -0.020990 0.017489 0.038998
v -0.009577 0.023816 0.039000
v -0.004284 0.023737 0.039000
v -0.003708 0.025076 0.039000
v 0.024368 0.013924 0.039000
v 0.022331 0.016133 0.039000
v 0.020095 0.018139 0.039000
v 0.003708 0.025076 0.039000
v 0.015105 0.021476 0.039000
v 0.012396 0.022777 0.039000
v 0.017679 0.019926 0.039000
v 0.009577 0.023816 0.039000
v 0.004262 0.015131 0.045848
v 0.002645 0.013423 0.045317
v -0.004500 0.016493 0.045800
v -0.003250 0.046418 0.030967
v -0.003250 0.040059 0.025432
v -0.003250 0.041657 0.025813
v 0.001004 0.045486 0.036270
v -0.001044 0.045465 0.036301
v -0.001449 0.033778 0.036405
v 0.004402 0.027854 0.036457
v 0.003326 0.026483 0.038278
v 0.003696 0.026483 0.038969
v -0.002007 0.026656 0.036504
v -0.003326 0.026483 0.038278
v -0.003696 0.026483 0.038969
v -0.000431 0.026479 0.036428
v 0.005731 0.027754 0.041723
v -0.000229 0.026858 0.045232
v -0.005907 0.027484 0.040608
v -0.003612 0.026294 0.042139
v -0.002338 0.026022 0.043638
v 0.001786 0.026005 0.044032
v 0.002929 0.028028 0.045663
v 0.004531 0.027832 0.044343
v 0.003731 0.026478 0.042053
v -0.004160 0.027673 0.044709
v 0.005785 0.027722 0.039546
v 0.004803 0.028162 0.037313
v -0.005399 0.028075 0.038408
v -0.005501 0.028060 0.042419
v -0.005244 0.027766 0.037827
v 0.005752 0.028018 0.040308
v -0.003874 0.028278 0.044749
v -0.002389 0.028416 0.045774
v 0.000796 0.027475 0.045460
v -0.000428 0.028493 0.046243
v 0.005725 0.028022 0.041040
v 0.004677 0.028179 0.043869
v -0.004835 0.028151 0.040758
v -0.004175 0.046304 0.039677
v -0.003534 0.046088 0.038039
v -0.001801 0.045279 0.036571
v -0.000230 0.045545 0.036177
v 0.001312 0.046102 0.036126
v 0.000595 0.045522 0.036212
v 0.001387 0.045396 0.036403
v -0.002889 0.028372 0.036714
v -0.003711 0.028298 0.038230
v -0.000744 0.030026 0.036210
v 0.003540 0.028319 0.037910
v 0.004168 0.046088 0.039571
v 0.004237 0.046080 0.041199
v 0.002686 0.046085 0.043836
v 0.000829 0.046088 0.044568
v 0.000500 0.038664 0.044621
v 0.000006 0.040929 0.045189
v -0.000829 0.046088 0.044568
v -0.002686 0.046085 0.043836
v -0.002432 0.028416 0.043996
v -0.000418 0.038870 0.044630
v -0.004075 0.046090 0.041668
v -0.004061 0.028258 0.041800
v 0.000742 0.028485 0.044585
v 0.002081 0.028435 0.044163
v 0.004311 0.028227 0.041485
v 0.000099 0.038086 0.044650
v 0.000002 0.028493 0.044650
v -0.000738 0.028485 0.044585
v 0.000298 0.038143 0.048000
v -0.000588 0.038471 0.048000
v 0.000359 0.039057 0.048000
v 0.000991 0.047589 0.038916
v -0.002243 0.046570 0.036918
v 0.003656 0.047062 0.039327
v -0.001991 0.047610 0.040375
v 0.000000 0.047595 0.042227
v 0.003915 0.026258 0.040132
v 0.003783 0.025268 0.039200
v 0.003756 0.025257 0.039125
v -0.003715 0.025153 0.039016
v -0.003756 0.025257 0.039125
v -0.003732 0.025217 0.039060
v -0.003874 0.025879 0.040480
v 0.003431 0.025325 0.044635
v -0.001831 0.025440 0.044056
v -0.000469 0.025486 0.044444
v -0.006916 0.024980 0.044084
v -0.006914 0.024737 0.044380
v -0.008706 0.024399 0.043938
v -0.006766 0.024769 0.044800
v -0.003924 0.025326 0.047463
v 0.008584 0.024880 0.043780
v 0.007589 0.024587 0.043661
v -0.019609 0.019164 0.043869
v -0.032014 -0.010642 0.043010
v -0.012383 -0.036111 0.042445
v 0.032032 -0.002358 0.043868
v 0.012322 0.023170 0.042630
v -0.002823 0.014039 0.047362
v -0.004384 0.015619 0.048000
v 0.000616 0.013426 0.047505
v 0.004288 0.015057 0.048000
v 0.004489 0.025238 0.048000
v 0.006763 0.024770 0.039200
v 0.009684 0.023992 0.039200
v 0.020254 0.018268 0.039200
v 0.024546 0.014023 0.039200
v 0.026374 0.011616 0.039200
v 0.022500 0.016247 0.039200
v 0.029308 0.006340 0.039200
v 0.030389 0.003518 0.039200
v 0.027965 0.009047 0.039200
v 0.031019 -0.014368 0.039200
v 0.030140 -0.017259 0.039200
v 0.027584 -0.022728 0.039200
v 0.028991 -0.020054 0.039200
v 0.025931 -0.025258 0.039200
v 0.021947 -0.029795 0.039200
v 0.008948 -0.037231 0.039200
v 0.006010 -0.037938 0.039200
v 0.031199 0.000606 0.039200
v 0.012518 0.022943 0.039200
v 0.015240 0.021631 0.039200
v 0.019460 0.018888 0.042334
v 0.017826 0.020068 0.039200
v 0.031731 -0.002368 0.039200
v 0.031980 -0.005380 0.039200
v 0.031944 -0.008402 0.039200
v 0.031825 -0.010597 0.042477
v 0.031623 -0.011407 0.039200
v 0.017183 -0.033503 0.039200
v 0.019653 -0.031761 0.039200
v 0.014560 -0.035003 0.039200
v 0.024046 -0.027621 0.039200
v 0.011807 -0.036249 0.039200
v -0.003019 -0.038364 0.039200
v -0.008948 -0.037231 0.039200
v -0.006010 -0.037938 0.039200
v -0.020778 -0.030867 0.039170
v -0.025931 -0.025258 0.039200
v -0.028991 -0.020054 0.039200
v -0.031019 -0.014368 0.039200
v -0.027584 -0.022728 0.039200
v -0.030140 -0.017259 0.039200
v -0.031199 0.000606 0.039200
v -0.029308 0.006340 0.039200
v -0.030389 0.003518 0.039200
v -0.028610 0.007858 0.039155
v -0.025546 0.012784 0.039114
v 0.001509 -0.038493 0.039202
v -0.013390 -0.035590 0.039158
v -0.011807 -0.036249 0.039200
v -0.031446 -0.012573 0.039170
v -0.032003 -0.002344 0.043976
v -0.016944 0.020911 0.042744
v -0.016453 0.020958 0.039163
v -0.012957 0.022974 0.042463
v 0.006709 0.024766 0.039123
v 0.009630 0.023993 0.039123
v 0.012466 0.022948 0.039123
v 0.003750 0.025247 0.039109
v 0.012449 0.022908 0.039059
v 0.015191 0.021640 0.039123
v 0.015170 0.021602 0.039059
v 0.009617 0.023952 0.039059
v 0.017780 0.020081 0.039123
v 0.020210 0.018284 0.039123
v 0.022459 0.016266 0.039123
v 0.026339 0.011639 0.039123
v 0.024508 0.014044 0.039123
v 0.027934 0.009072 0.039123
v 0.029280 0.006366 0.039123
v 0.030364 0.003545 0.039123
v 0.017755 0.020045 0.039059
v 0.006700 0.024724 0.039059
v 0.003744 0.025237 0.039093
v 0.022429 0.016235 0.039059
v 0.020182 0.018250 0.039059
v 0.012424 0.022849 0.039015
v 0.017719 0.019991 0.039015
v 0.020141 0.018200 0.039015
v 0.015139 0.021545 0.039015
v 0.009598 0.023890 0.039015
v 0.026303 0.011615 0.039059
v 0.029240 0.006349 0.039059
v 0.030323 0.003532 0.039059
v 0.027896 0.009051 0.039059
v 0.024475 0.014016 0.039059
v 0.024426 0.013975 0.039015
v 0.026250 0.011578 0.039015
v 0.029181 0.006323 0.039015
v 0.030261 0.003511 0.039015
v 0.027839 0.009020 0.039015
v 0.031177 0.000634 0.039123
v 0.031135 0.000625 0.039059
v 0.022383 0.016189 0.039015
v 0.031712 -0.002340 0.039123
v 0.031930 -0.008374 0.039123
v 0.031612 -0.011379 0.039123
v 0.031964 -0.005352 0.039123
v 0.030133 -0.017233 0.039123
v 0.027580 -0.022705 0.039123
v 0.025928 -0.025235 0.039123
v 0.028986 -0.020029 0.039123
v 0.031011 -0.014341 0.039123
v 0.021947 -0.029774 0.039123
v 0.017183 -0.033484 0.039123
v 0.014560 -0.034986 0.039123
v 0.019653 -0.031742 0.039123
v 0.008949 -0.037214 0.039123
v 0.003019 -0.038349 0.039123
v -0.000000 -0.038492 0.039123
v 0.006011 -0.037922 0.039123
v 0.011807 -0.036233 0.039123
v 0.024045 -0.027599 0.039123
v 0.031669 -0.002346 0.039059
v 0.031921 -0.005353 0.039059
v 0.031887 -0.008371 0.039059
v 0.031605 -0.002354 0.039015
v 0.030969 -0.014330 0.039059
v 0.030092 -0.017219 0.039059
v 0.031569 -0.011373 0.039059
v 0.028947 -0.020011 0.039059
v 0.027543 -0.022683 0.039059
v 0.024012 -0.027571 0.039059
v 0.021917 -0.029743 0.039059
v 0.025893 -0.025210 0.039059
v 0.017160 -0.033448 0.039059
v 0.014541 -0.034947 0.039059
v 0.008937 -0.037173 0.039059
v 0.006003 -0.037879 0.039059
v 0.011791 -0.036192 0.039059
v 0.019626 -0.031708 0.039059
v 0.003015 -0.038306 0.039059
v -0.000000 -0.038449 0.039059
v 0.031072 0.000610 0.039015
v 0.006686 0.024660 0.039015
v 0.003714 0.025152 0.039016
v 0.003723 0.025186 0.039038
v 0.031856 -0.005356 0.039015
v 0.031822 -0.008368 0.039015
v 0.031505 -0.011363 0.039015
v 0.030906 -0.014315 0.039015
v 0.003711 0.025115 0.039008
v 0.028888 -0.019983 0.039015
v 0.025841 -0.025172 0.039015
v 0.023963 -0.027528 0.039015
v 0.027487 -0.022650 0.039015
v 0.030031 -0.017197 0.039015
v 0.019586 -0.031657 0.039015
v 0.017125 -0.033393 0.039015
v 0.014511 -0.034889 0.039015
v 0.021872 -0.029696 0.039015
v 0.008919 -0.037111 0.039015
v 0.005990 -0.037816 0.039015
v 0.011767 -0.036132 0.039015
v 0.003009 -0.038241 0.039015
v -0.000000 -0.038384 0.039015
v -0.003019 -0.038349 0.039123
v -0.008949 -0.037214 0.039123
v -0.006011 -0.037922 0.039123
v -0.003015 -0.038306 0.039059
v -0.008937 -0.037173 0.039059
v -0.011791 -0.036192 0.039059
v -0.006003 -0.037879 0.039059
v -0.014560 -0.034986 0.039123
v -0.017183 -0.033484 0.039123
v -0.021947 -0.029774 0.039123
v -0.017160 -0.033448 0.039059
v -0.025928 -0.025235 0.039123
v -0.027580 -0.022705 0.039123
v -0.024045 -0.027599 0.039123
v -0.028986 -0.020029 0.039123
v -0.014541 -0.034947 0.039059
v -0.003009 -0.038241 0.039015
v -0.021917 -0.029743 0.039059
v -0.019626 -0.031708 0.039059
v -0.005990 -0.037816 0.039015
v -0.011767 -0.036132 0.039015
v -0.017125 -0.033393 0.039015
v -0.019586 -0.031657 0.039015
v -0.014511 -0.034889 0.039015
v -0.008919 -0.037111 0.039015
v -0.025893 -0.025210 0.039059
v -0.028947 -0.020011 0.039059
v -0.030133 -0.017233 0.039123
v -0.030092 -0.017218 0.039059
v -0.027543 -0.022683 0.039059
v -0.024012 -0.027571 0.039059
v -0.023963 -0.027528 0.039015
v -0.025841 -0.025172 0.039015
v -0.028888 -0.019983 0.039015
v -0.030031 -0.017197 0.039015
v -0.027487 -0.022650 0.039015
v -0.030969 -0.014330 0.039059
v -0.021872 -0.029696 0.039015
v -0.031930 -0.008374 0.039123
v -0.031964 -0.005352 0.039123
v -0.031612 -0.011379 0.039123
v -0.031177 0.000634 0.039123
v -0.027190 0.010385 0.039117
v -0.030364 0.003545 0.039123
v -0.031712 -0.002340 0.039123
v -0.020210 0.018284 0.039123
v -0.021382 0.017325 0.039117
v -0.006709 0.024766 0.039123
v -0.008238 0.024445 0.039191
v -0.012587 0.023040 0.039284
v -0.031569 -0.011373 0.039059
v -0.031887 -0.008371 0.039059
v -0.031921 -0.005353 0.039059
v -0.031505 -0.011363 0.039015
v -0.031135 0.000625 0.039059
v -0.030323 0.003532 0.039059
v -0.031669 -0.002346 0.039059
v -0.029240 0.006349 0.039059
v -0.020182 0.018250 0.039059
v -0.023468 0.015225 0.039039
v -0.015170 0.021602 0.039059
v -0.012449 0.022908 0.039059
v -0.006700 0.024724 0.039059
v -0.009617 0.023952 0.039059
v -0.017755 0.020045 0.039059
v -0.030906 -0.014315 0.039015
v -0.031856 -0.005356 0.039015
v -0.031822 -0.008368 0.039015
v -0.031605 -0.002354 0.039015
v -0.031072 0.000610 0.039015
v -0.030261 0.003511 0.039015
v -0.027839 0.009020 0.039015
v -0.026250 0.011578 0.039015
v -0.029181 0.006323 0.039015
v -0.017719 0.019991 0.039015
v -0.015139 0.021545 0.039015
v -0.012424 0.022849 0.039015
v -0.006686 0.024660 0.039015
v -0.009598 0.023890 0.039015
v 0.003714 0.025151 0.039016
v 0.003728 0.025202 0.039049
v 0.003732 0.025217 0.039061
v 0.004175 -0.030229 0.040563
v 0.003810 -0.030491 0.040563
v 0.004175 -0.030229 0.039000
v 0.003810 -0.030511 0.039000
v 0.003445 -0.030229 0.039781
v 0.003444 -0.029704 0.040563
v 0.003670 -0.029478 0.040563
v 0.003217 -0.029835 0.039000
v 0.004028 -0.029531 0.040563
v 0.004218 -0.029835 0.040563
v 0.003810 -0.029441 0.039000
v 0.004077 -0.030383 0.038430
v 0.004225 -0.029698 0.038430
v 0.004176 -0.029704 0.039000
v 0.004260 -0.029967 0.039000
v 0.004218 -0.030098 0.040563
v 0.003523 -0.029572 0.038430
v 0.003402 -0.030098 0.039000
v 0.003360 -0.029967 0.040563
v 0.002540 -0.030491 0.040563
v 0.002905 -0.030229 0.039781
v 0.002540 -0.030511 0.039000
v 0.002175 -0.030229 0.040563
v 0.002174 -0.029704 0.040563
v 0.002491 -0.029443 0.039576
v 0.001544 -0.028282 0.040733
v 0.002906 -0.029704 0.039781
v 0.002807 -0.030383 0.038430
v 0.002948 -0.029835 0.039000
v 0.002990 -0.029967 0.040563
v 0.002253 -0.029572 0.038430
v 0.002175 -0.030229 0.039000
v 0.002292 -0.030346 0.038430
v 0.002090 -0.029967 0.040563
v 0.001270 -0.030491 0.040563
v 0.001635 -0.030229 0.039781
v 0.001270 -0.030511 0.039000
v 0.000884 -0.030164 0.039781
v 0.001270 -0.029421 0.040563
v 0.000904 -0.029704 0.039000
v 0.001636 -0.029704 0.040563
v 0.001270 -0.029441 0.039000
v 0.001556 -0.030361 0.038430
v 0.001905 -0.029966 0.038427
v 0.001636 -0.029704 0.039000
v 0.001859 -0.029967 0.039000
v 0.001720 -0.029967 0.040563
v 0.001674 -0.029546 0.038429
v 0.000855 -0.030235 0.038430
v 0.000939 -0.029625 0.038430
v 0.000862 -0.030098 0.039000
v 0.000904 -0.029704 0.040563
v -0.000000 -0.030502 0.039747
v 0.000365 -0.030229 0.039781
v -0.000365 -0.030229 0.040563
v -0.000366 -0.029704 0.039781
v 0.000366 -0.029704 0.040563
v -0.000000 -0.029431 0.039747
v 0.000394 -0.030399 0.038429
v 0.000416 -0.030139 0.038430
v 0.000415 -0.029584 0.038430
v 0.000366 -0.029704 0.039000
v 0.000521 -0.030032 0.039000
v 0.000408 -0.030098 0.040563
v 0.000450 -0.029967 0.040563
v -0.000287 -0.029572 0.038430
v -0.000365 -0.030229 0.039000
v -0.000453 -0.030024 0.038430
v -0.000406 -0.030400 0.038429
v -0.000408 -0.029835 0.040563
v -0.000635 -0.029967 0.040563
v -0.000905 -0.030229 0.040563
v -0.001270 -0.030491 0.040563
v -0.000905 -0.030229 0.039000
v -0.001270 -0.030511 0.039000
v -0.001635 -0.030229 0.040563
v -0.001635 -0.030229 0.039000
v -0.001270 -0.029421 0.040563
v -0.001770 -0.029835 0.039000
v -0.000904 -0.029704 0.039781
v -0.001270 -0.029441 0.039000
v -0.001003 -0.030383 0.038430
v -0.000862 -0.029835 0.039000
v -0.000820 -0.029967 0.039000
v -0.000862 -0.030098 0.040563
v -0.000868 -0.029555 0.038430
v -0.001615 -0.029647 0.038430
v -0.001678 -0.030098 0.039000
v -0.001452 -0.030486 0.038430
v -0.001656 -0.030164 0.040563
v -0.001720 -0.029967 0.040563
v -0.001636 -0.029704 0.040563
v -0.002540 -0.030491 0.040563
v -0.002175 -0.030229 0.039781
v -0.002540 -0.030511 0.039000
v -0.002926 -0.030164 0.039781
v -0.002589 -0.029443 0.039576
v -0.002322 -0.029531 0.040563
v -0.002254 -0.030361 0.038430
v -0.002068 -0.029595 0.038429
v -0.002174 -0.029704 0.039781
v -0.002132 -0.030098 0.039000
v -0.002090 -0.029967 0.040563
v -0.002951 -0.030363 0.038430
v -0.002827 -0.029572 0.038430
v -0.003040 -0.029835 0.039000
v -0.002906 -0.029704 0.040563
v -0.003761 -0.030489 0.039919
v -0.003445 -0.030229 0.039781
v -0.004028 -0.030402 0.039000
v -0.004175 -0.030229 0.039781
v -0.004176 -0.029704 0.040563
v -0.003810 -0.029421 0.040563
v -0.004176 -0.029704 0.039000
v -0.003444 -0.029704 0.040563
v -0.003444 -0.029704 0.039000
v -0.003810 -0.029441 0.039000
v 0.003556 -0.030568 0.037618
v 0.004445 -0.030501 0.038430
v 0.003334 -0.030324 0.038429
v 0.001905 -0.030551 0.038430
v 0.001016 -0.030579 0.037148
v 0.004374 -0.029411 0.038261
v 0.002968 -0.029602 0.038430
v 0.002326 -0.028767 0.037077
v 0.003275 -0.029331 0.038430
v 0.000735 -0.029365 0.038430
v -0.000535 -0.029365 0.038430
v -0.002005 -0.030535 0.038430
v -0.003810 -0.030493 0.038430
v -0.003425 -0.030218 0.038430
v -0.004222 -0.030310 0.038430
v -0.004445 -0.029431 0.038430
v -0.003365 -0.029820 0.038430
v -0.002406 -0.029388 0.038274
v -0.003866 -0.029454 0.038431
v -0.003917 -0.029356 0.038430
v -0.004461 -0.028163 0.036400
v -0.005214 -0.029784 0.036400
v -0.004345 -0.030601 0.036400
v -0.003175 -0.030551 0.036400
v -0.001905 -0.030551 0.036400
v -0.000635 -0.030551 0.036400
v 0.000635 -0.030501 0.036400
v 0.002005 -0.030535 0.036400
v 0.003175 -0.030501 0.036400
v 0.004412 -0.030501 0.036400
v 0.003723 -0.029388 0.036400
v 0.003075 -0.029365 0.036400
v 0.001905 -0.029431 0.036400
v 0.000635 -0.029381 0.036400
v -0.000735 -0.029431 0.036400
v -0.000585 -0.029371 0.036400
v -0.001855 -0.029371 0.036400
v -0.003175 -0.029431 0.036400
v -0.003402 -0.029835 0.039000
v -0.003360 -0.029967 0.040563
v -0.004218 -0.030098 0.039000
v -0.004260 -0.029967 0.040563
v -0.004218 -0.029835 0.040563
v -0.005656 -0.028121 0.039000
v 0.003476 -0.027178 0.039000
v -0.005601 -0.032108 0.039000
v 0.005278 -0.032211 0.039000
v 0.006067 -0.029415 0.039000
v 0.005628 -0.028145 0.037093
v -0.005564 -0.032071 0.036400
v 0.004957 -0.032366 0.036400
v 0.005550 -0.030846 0.036400
v -0.022632 0.001740 0.040563
v -0.022711 0.002031 0.039426
v -0.022632 0.001740 0.039000
v -0.022556 0.002296 0.040094
v -0.022131 0.002605 0.040563
v -0.021756 0.001657 0.039781
v -0.022175 0.001475 0.040563
v -0.022040 0.003288 0.040563
v -0.021997 0.002840 0.039000
v -0.022057 0.003297 0.039000
v -0.021562 0.003456 0.039781
v -0.021041 0.003443 0.039000
v -0.021121 0.002757 0.039822
v -0.021676 0.002343 0.039781
v -0.021362 0.003939 0.040563
v -0.021405 0.004387 0.040563
v -0.021269 0.003704 0.039000
v -0.021422 0.004397 0.039000
v -0.020994 0.004571 0.040563
v -0.020542 0.004310 0.040563
v -0.020486 0.003857 0.039744
v -0.020727 0.005039 0.040563
v -0.020779 0.005492 0.039781
v -0.020861 0.004805 0.039000
v -0.020359 0.005670 0.040563
v -0.019907 0.005410 0.040563
v -0.019843 0.004952 0.040563
v -0.019999 0.005511 0.039000
v -0.020270 0.004775 0.040563
v -0.020406 0.004542 0.039000
v -0.019860 0.004962 0.039000
v -0.020157 0.006543 0.039955
v -0.020092 0.006139 0.039000
v -0.019947 0.006730 0.039000
v -0.019657 0.006756 0.039781
v -0.019203 0.006106 0.039608
v -0.019272 0.006510 0.039000
v -0.019411 0.005917 0.040563
v -0.019635 0.005875 0.039781
v -0.019457 0.007239 0.040563
v -0.019500 0.007687 0.040563
v -0.019353 0.007088 0.039000
v -0.019517 0.007697 0.039000
v -0.019022 0.007856 0.039781
v -0.018573 0.007152 0.040563
v -0.018683 0.007857 0.039000
v -0.019000 0.006975 0.040563
v -0.019000 0.006975 0.039000
v -0.018590 0.007162 0.039000
v -0.018822 0.008339 0.040563
v -0.018865 0.008787 0.040563
v -0.018822 0.008339 0.039000
v -0.018882 0.008797 0.039000
v -0.018387 0.008955 0.039781
v -0.018002 0.008709 0.040563
v -0.017946 0.008256 0.039710
v -0.018094 0.008811 0.039000
v -0.022670 0.001784 0.038430
v -0.022576 0.002212 0.038430
v -0.022096 0.001372 0.038430
v -0.022586 0.001688 0.040563
v -0.022446 0.001533 0.040563
v -0.021729 0.001945 0.038430
v -0.022044 0.002344 0.038430
v -0.022338 0.002358 0.038430
v -0.022084 0.002422 0.039000
v -0.021996 0.002313 0.040563
v -0.018917 0.008701 0.038430
v -0.018206 0.008118 0.038430
v -0.018729 0.008236 0.040563
v -0.018433 0.008089 0.039781
v -0.017927 0.008744 0.038430
v -0.018094 0.008811 0.040563
v -0.019531 0.007371 0.038430
v -0.019364 0.007136 0.040563
v -0.019271 0.007033 0.040563
v -0.018630 0.007620 0.038430
v -0.018729 0.007972 0.038427
v -0.018637 0.007610 0.040563
v -0.020187 0.006501 0.038430
v -0.019906 0.005933 0.039000
v -0.019770 0.005904 0.039000
v -0.020092 0.006139 0.040563
v -0.019941 0.005805 0.040563
v -0.019482 0.005828 0.038430
v -0.019247 0.006439 0.038430
v -0.019455 0.006888 0.038427
v -0.019272 0.006510 0.040563
v -0.020822 0.005269 0.038430
v -0.020541 0.004833 0.039000
v -0.020291 0.004729 0.038430
v -0.020541 0.004833 0.040563
v -0.019927 0.004997 0.038430
v -0.019868 0.005359 0.038430
v -0.020359 0.005670 0.039000
v -0.020139 0.005644 0.038430
v -0.020433 0.005657 0.038430
v -0.019999 0.005511 0.040563
v -0.021400 0.003984 0.038430
v -0.020722 0.003587 0.038429
v -0.021129 0.003701 0.038430
v -0.021040 0.003704 0.039000
v -0.021040 0.003704 0.040563
v -0.021269 0.003836 0.040563
v -0.020535 0.004321 0.038430
v -0.020860 0.004541 0.039000
v -0.020859 0.004583 0.038430
v -0.020726 0.004512 0.039000
v -0.020726 0.004512 0.040563
v -0.024838 0.002148 0.039000
v -0.024085 0.000434 0.039000
v -0.022177 0.000511 0.039000
v -0.021660 -0.000437 0.039000
v -0.019701 0.010900 0.039000
v -0.016293 0.009862 0.039000
v -0.017761 0.002794 0.039000
v -0.021542 -0.000577 0.036400
v -0.016453 0.009831 0.036400
v -0.018963 0.011098 0.036400
v -0.023951 0.002748 0.036400
v -0.024209 0.000602 0.036400
v -0.021904 0.002736 0.039000
v -0.022086 0.002884 0.038430
v -0.021675 0.002604 0.039000
v -0.021178 0.002674 0.038430
v -0.021904 0.002736 0.040563
v -0.021811 0.002633 0.040563
v -0.021507 0.003519 0.038430
v -0.021269 0.003311 0.039000
v -0.021177 0.003210 0.040563
v -0.022760 0.002146 0.038285
v -0.023002 0.001640 0.038430
v -0.021966 0.003525 0.038430
v -0.022075 0.001105 0.038430
v -0.021129 0.004732 0.038430
v -0.020823 0.005515 0.038430
v -0.021433 0.002085 0.038430
v -0.020586 0.002582 0.037342
v -0.020127 0.004380 0.038430
v -0.020061 0.006824 0.038430
v -0.019219 0.008023 0.037896
v -0.018918 0.008815 0.038430
v -0.018231 0.009102 0.037034
v -0.019492 0.005480 0.038430
v -0.018425 0.007395 0.038430
v -0.018857 0.006580 0.038430
v -0.017630 0.008804 0.038430
v -0.016171 0.008791 0.036400
v -0.018993 0.008734 0.036400
v -0.019870 0.007165 0.036400
v -0.021382 0.006892 0.036400
v -0.020541 0.005970 0.036400
v -0.021140 0.004965 0.036400
v -0.021769 0.003977 0.036400
v -0.021779 0.003809 0.036400
v -0.022317 0.002827 0.036400
v -0.022601 0.001475 0.036400
v -0.021572 0.001857 0.036400
v -0.021333 0.002259 0.036400
v -0.020855 0.003219 0.036400
v -0.020755 0.003392 0.036400
v -0.020192 0.004302 0.036400
v -0.019810 0.004930 0.036400
v -0.018492 0.005759 0.036400
v -0.018793 0.006658 0.036400
v -0.018038 0.007990 0.037618
v 0.018094 0.008811 0.040563
v 0.017921 0.008378 0.039729
v 0.018637 0.007609 0.039781
v 0.019182 0.008237 0.040563
v 0.018956 0.008104 0.040563
v 0.018573 0.007152 0.040563
v 0.019000 0.006975 0.040563
v 0.019195 0.006296 0.040563
v 0.021121 0.002757 0.039822
v 0.021866 0.001560 0.040563
v 0.019724 0.006770 0.040563
v 0.019457 0.007239 0.040563
v 0.019635 0.005875 0.040563
v 0.019953 0.005591 0.040563
v 0.019843 0.004952 0.040563
v 0.020135 0.006587 0.040563
v 0.020092 0.006139 0.040563
v 0.021405 0.004387 0.040563
v 0.020727 0.005039 0.040563
v 0.020770 0.005487 0.040563
v 0.020994 0.004571 0.040563
v 0.020585 0.003763 0.039426
v 0.020905 0.003675 0.040563
v 0.021496 0.003705 0.040563
v 0.021735 0.001896 0.040563
v 0.022131 0.002605 0.040563
v 0.022040 0.003288 0.040563
v 0.021540 0.002575 0.040563
v 0.022632 0.001740 0.040563
v 0.018365 0.008074 0.039781
v 0.018141 0.008117 0.039670
v 0.019517 0.007697 0.039000
v 0.019000 0.006975 0.039000
v 0.019724 0.006770 0.039000
v 0.020152 0.006597 0.039000
v 0.020092 0.006139 0.039000
v 0.019225 0.006062 0.039000
v 0.020269 0.005696 0.039781
v 0.020787 0.005497 0.039000
v 0.020270 0.004775 0.039000
v 0.019504 0.003256 0.039000
v 0.020994 0.004571 0.039000
v 0.021422 0.004397 0.039000
v 0.021362 0.003939 0.039000
v 0.020905 0.003675 0.039000
v 0.020542 0.004310 0.039000
v 0.020465 0.004096 0.039000
v 0.022057 0.003297 0.039000
v 0.021540 0.002575 0.039000
v 0.022084 0.002422 0.039000
v 0.022684 0.002193 0.039744
v 0.022244 0.001007 0.039000
v 0.021765 0.001662 0.039000
v 0.017996 0.008820 0.038430
v 0.018094 0.008811 0.039000
v 0.018454 0.008970 0.039781
v 0.018213 0.008077 0.038430
v 0.018757 0.008068 0.038429
v 0.018729 0.008104 0.040563
v 0.022496 0.002303 0.038430
v 0.021988 0.002327 0.038429
v 0.021812 0.002110 0.039000
v 0.022130 0.002342 0.040563
v 0.021904 0.002342 0.040563
v 0.022754 0.002020 0.038431
v 0.022632 0.001740 0.039000
v 0.022446 0.001533 0.039000
v 0.022586 0.001688 0.040563
v 0.022446 0.001533 0.040563
v 0.022111 0.003227 0.038431
v 0.021449 0.003522 0.039000
v 0.021054 0.003190 0.038430
v 0.021495 0.003442 0.040563
v 0.021269 0.003442 0.040563
v 0.021359 0.002584 0.038430
v 0.021675 0.002604 0.039000
v 0.021997 0.002840 0.039000
v 0.021935 0.002710 0.038430
v 0.021675 0.002604 0.040563
v 0.021904 0.002736 0.040563
v 0.021608 0.002590 0.040563
v 0.021082 0.004578 0.038430
v 0.020419 0.004289 0.038430
v 0.020681 0.004791 0.039000
v 0.020860 0.004541 0.040563
v 0.020634 0.004542 0.040563
v 0.020724 0.003683 0.038430
v 0.021040 0.003704 0.039000
v 0.021269 0.003836 0.039000
v 0.021269 0.003836 0.040563
v 0.021040 0.003704 0.040563
v 0.020748 0.005494 0.038430
v 0.020083 0.005627 0.038429
v 0.019771 0.005642 0.039000
v 0.019766 0.005370 0.038430
v 0.020225 0.005641 0.040563
v 0.020118 0.004777 0.038430
v 0.020592 0.004858 0.038430
v 0.020270 0.004775 0.040563
v 0.020068 0.006686 0.038430
v 0.019590 0.006741 0.040563
v 0.019364 0.006742 0.040563
v 0.019230 0.006085 0.038430
v 0.019999 0.006036 0.039000
v 0.019915 0.005918 0.038429
v 0.019770 0.005904 0.040563
v 0.019999 0.006036 0.040563
v 0.019703 0.005889 0.040563
v 0.017406 0.010524 0.039000
v 0.016893 0.007857 0.038752
v 0.018566 0.010730 0.037375
v 0.019317 0.009585 0.039000
v 0.018729 0.008104 0.039000
v 0.019364 0.006742 0.039000
v 0.024873 0.002129 0.039000
v 0.023297 -0.000038 0.039000
v 0.016258 0.009653 0.037556
v 0.015987 0.008975 0.036400
v 0.022311 -0.000469 0.036400
v 0.021401 -0.000403 0.039000
v 0.021271 -0.000075 0.036400
v 0.024652 0.001426 0.036706
v 0.022039 0.006906 0.036400
v 0.019227 0.007966 0.038430
v 0.018551 0.007560 0.038430
v 0.018955 0.007841 0.040563
v 0.018942 0.006964 0.038430
v 0.019457 0.007239 0.039000
v 0.019363 0.006872 0.038427
v 0.019499 0.007397 0.038430
v 0.019411 0.007187 0.040563
v 0.019364 0.007136 0.040563
v 0.019135 0.007004 0.040563
v 0.018616 0.009287 0.038430
v 0.018870 0.008808 0.037850
v 0.019870 0.007165 0.038430
v 0.020505 0.006065 0.038430
v 0.021140 0.004965 0.038430
v 0.018158 0.007758 0.038430
v 0.017639 0.008740 0.038430
v 0.019175 0.006030 0.038430
v 0.018479 0.007249 0.038285
v 0.021507 0.003977 0.038430
v 0.021811 0.003770 0.038430
v 0.023002 0.001641 0.038430
v 0.020698 0.003358 0.038430
v 0.021333 0.002259 0.038430
v 0.021704 0.001956 0.038430
v 0.021817 0.001525 0.038430
v 0.022404 0.001339 0.036997
v 0.022454 0.002790 0.036400
v 0.022367 0.002740 0.036400
v 0.021775 0.003865 0.036400
v 0.021140 0.004965 0.036400
v 0.020459 0.006096 0.036400
v 0.019870 0.007165 0.036400
v 0.019252 0.008216 0.036400
v 0.020291 0.010049 0.036400
v 0.017633 0.008720 0.036400
v 0.018188 0.007718 0.036400
v 0.018900 0.006605 0.036400
v 0.018578 0.005685 0.036400
v 0.019795 0.004922 0.037493
v 0.020220 0.004318 0.036400
v 0.020093 0.004418 0.036400
v 0.019883 0.002707 0.036400
v 0.021197 0.002515 0.036400
v -0.025997 -0.006508 0.042800
v -0.026198 -0.005507 0.042800
v -0.026209 -0.007507 0.042800
v -0.026157 -0.005757 0.042800
v -0.026104 -0.006007 0.042800
v -0.026157 -0.007257 0.042800
v -0.019627 0.011231 0.009700
v -0.019618 0.010956 0.009700
v -0.022427 0.009983 0.009707
v -0.019535 0.010570 0.009700
v -0.019332 0.010138 0.009700
v -0.021860 0.013643 0.009703
v -0.019325 0.012116 0.009730
v -0.019611 0.011422 0.009700
v -0.019524 0.011819 0.009700
v -0.019051 0.009769 0.009700
v -0.019425 0.010305 0.009700
v -0.020810 0.014851 0.009700
v -0.018867 0.012716 0.009700
v -0.019264 0.012304 0.009700
v -0.019084 0.012524 0.009700
v -0.018710 0.012825 0.009700
v -0.018937 0.015843 0.009700
v -0.018468 0.012956 0.009700
v -0.017984 0.013104 0.009700
v -0.017617 0.013120 0.009700
v -0.016877 0.013539 0.009492
v -0.017329 0.013093 0.009700
v -0.016876 0.012948 0.009700
v -0.016705 0.012861 0.009700
v -0.018650 0.009480 0.009700
v -0.018304 0.009318 0.009700
v -0.017818 0.009223 0.009700
v -0.017179 0.009261 0.009700
v -0.016615 0.006484 0.009700
v -0.016575 0.009559 0.009700
v -0.019389 0.006616 0.009700
v -0.015297 0.006895 0.009704
v -0.015752 0.010047 0.009531
v -0.015847 0.010239 0.009628
v -0.016065 0.012271 0.009700
v -0.015729 0.011110 0.009700
v -0.015777 0.011699 0.009700
v -0.014283 0.014744 0.009715
v -0.016391 0.012644 0.009700
v -0.015744 0.010919 0.009700
v -0.013006 0.009658 0.009710
v -0.013121 0.012817 0.009700
v -0.014950 0.006940 0.011147
v -0.018056 0.006178 0.011006
v -0.013949 0.007916 0.011075
v -0.015567 0.009100 0.011209
v -0.017476 0.008166 0.011200
v -0.018893 0.006320 0.011152
v -0.019831 0.006650 0.011109
v -0.018916 0.008426 0.011200
v -0.012728 0.009988 0.011172
v -0.014703 0.011403 0.011203
v -0.012806 0.012213 0.011092
v -0.012828 0.012851 0.011156
v -0.013772 0.014297 0.011100
v -0.021551 0.008013 0.011088
v -0.020488 0.010236 0.011207
v -0.022592 0.010022 0.011125
v -0.020655 0.010970 0.011203
v -0.022684 0.010665 0.011122
v -0.022500 0.012429 0.011093
v -0.021660 0.014182 0.011105
v -0.018362 0.016107 0.011063
v -0.016353 0.015985 0.011100
v -0.018154 0.014093 0.011207
v -0.014473 0.015016 0.011078
v -0.019803 0.013231 0.011207
v -0.020993 0.014892 0.011098
v -0.021586 0.014295 0.009890
v -0.021270 0.014683 0.009856
v -0.019847 0.015692 0.009899
v -0.018855 0.016098 0.011092
v -0.017549 0.016184 0.009880
v -0.016559 0.016037 0.009842
v -0.014554 0.015074 0.009842
v -0.013706 0.014228 0.009899
v -0.012668 0.011481 0.009917
v -0.012858 0.009826 0.009859
v -0.012728 0.010522 0.009839
v -0.022125 0.013458 0.009846
v -0.013901 0.007870 0.009899
v -0.014818 0.007075 0.009816
v -0.018323 0.006196 0.009899
v -0.017110 0.006205 0.009838
v -0.020193 0.006795 0.009894
v -0.021651 0.008110 0.009899
v -0.022258 0.009168 0.009842
v -0.022565 0.012301 0.009899
v -0.015962 0.006458 0.009899
v -0.013213 0.008920 0.009850
v -0.012704 0.011275 0.009786
v -0.013566 0.014040 0.009821
v -0.012817 0.011150 0.009703
v -0.012847 0.009977 0.009775
v -0.013101 0.012979 0.009714
v -0.012820 0.012243 0.009786
v -0.013186 0.013312 0.009775
v -0.015305 0.015506 0.009742
v -0.015639 0.015751 0.009864
v -0.017225 0.016125 0.009790
v -0.018242 0.016132 0.009827
v -0.019445 0.015789 0.009743
v -0.020333 0.015407 0.009822
v -0.018975 0.015983 0.009823
v -0.014546 0.014902 0.009705
v -0.016142 0.015835 0.009728
v -0.016732 0.015966 0.009710
v -0.013287 0.008847 0.009777
v -0.015645 0.015675 0.009759
v -0.018044 0.016085 0.009730
v -0.020820 0.014982 0.009725
v -0.021922 0.013685 0.009727
v -0.013958 0.007992 0.009716
v -0.022412 0.012379 0.009701
v -0.022561 0.010100 0.009842
v -0.022677 0.011034 0.009855
v -0.021736 0.008310 0.009756
v -0.021155 0.007587 0.009827
v -0.022597 0.011340 0.009723
v -0.022437 0.012593 0.009777
v -0.022630 0.011806 0.009808
v -0.021786 0.008543 0.009708
v -0.022290 0.009498 0.009725
v -0.020323 0.006974 0.009759
v -0.018071 0.006196 0.009823
v -0.019498 0.006524 0.009823
v -0.015702 0.006601 0.009793
v -0.014264 0.007538 0.009823
v -0.019447 0.006581 0.009730
v -0.020743 0.007349 0.009713
v -0.018308 0.006262 0.009734
v -0.016945 0.006248 0.009755
v -0.016989 0.006364 0.009703
v -0.014528 0.007397 0.009723
v -0.021907 0.008532 0.009823
v -0.015121 0.006979 0.009725
v -0.013767 0.008096 0.009786
v -0.017110 0.012158 0.010574
v -0.016533 0.011199 0.010567
v -0.016066 0.012071 0.009812
v -0.016064 0.012043 0.009824
v -0.016258 0.011676 0.010195
v -0.016533 0.011140 0.010572
v -0.016068 0.010340 0.009859
v -0.016264 0.012154 0.009988
v -0.017076 0.010196 0.010572
v -0.017127 0.010166 0.010567
v -0.017961 0.009707 0.010214
v -0.017401 0.009689 0.010195
v -0.016151 0.010197 0.009860
v -0.017621 0.009336 0.009824
v -0.017729 0.009336 0.009824
v -0.016077 0.012098 0.009808
v -0.016095 0.012121 0.009812
v -0.016063 0.010275 0.009812
v -0.016074 0.010248 0.009808
v -0.016092 0.010225 0.009812
v -0.017646 0.009325 0.009812
v -0.017675 0.009321 0.009808
v -0.017704 0.009325 0.009812
v -0.018235 0.010175 0.010571
v -0.018272 0.010191 0.010567
v -0.019097 0.010665 0.010195
v -0.018823 0.011142 0.010567
v -0.018801 0.010189 0.010214
v -0.019292 0.010298 0.009824
v -0.019289 0.010270 0.009812
v -0.018866 0.011271 0.010537
v -0.019238 0.010204 0.009824
v -0.018261 0.012151 0.010571
v -0.018819 0.012147 0.010201
v -0.018229 0.012175 0.010567
v -0.017538 0.012887 0.009988
v -0.019241 0.012132 0.009824
v -0.017954 0.012652 0.010195
v -0.017734 0.013005 0.009824
v -0.019294 0.012039 0.009824
v -0.019292 0.012066 0.009812
v -0.019278 0.010243 0.009808
v -0.019260 0.010220 0.009812
v -0.019263 0.012116 0.009812
v -0.017710 0.013016 0.009812
v -0.017680 0.013021 0.009808
v -0.017651 0.013016 0.009812
v -0.017121 0.010175 0.011800
v -0.017588 0.009371 0.011800
v -0.018247 0.010181 0.011800
v -0.016074 0.010248 0.011800
v -0.016111 0.010211 0.011800
v -0.016634 0.010202 0.011800
v -0.016316 0.010756 0.011800
v -0.017675 0.009321 0.011800
v -0.017725 0.009334 0.011800
v -0.017927 0.009666 0.011800
v -0.017625 0.009334 0.011800
v -0.018818 0.011152 0.011800
v -0.016536 0.011172 0.011800
v -0.016061 0.010298 0.011800
v -0.016250 0.011707 0.011800
v -0.016063 0.012048 0.011800
v -0.017109 0.012160 0.011800
v -0.016146 0.012117 0.011800
v -0.016077 0.012098 0.011800
v -0.019242 0.010207 0.011800
v -0.019278 0.010243 0.011800
v -0.019292 0.010293 0.011800
v -0.018854 0.010199 0.011800
v -0.019279 0.010343 0.011800
v -0.018250 0.012158 0.011800
v -0.019295 0.012043 0.011800
v -0.019281 0.012093 0.011800
v -0.019107 0.011703 0.011800
v -0.018856 0.012138 0.011800
v -0.017931 0.012675 0.011800
v -0.017731 0.013007 0.011800
v -0.017681 0.013021 0.011800
v -0.017629 0.012970 0.011800
v -0.019245 0.012130 0.011800
v -0.016074 0.010248 0.009808
v -0.014972 0.010081 0.011287
v -0.014888 0.010355 0.013629
v -0.015138 0.009745 0.013635
v -0.014810 0.011259 0.011750
v -0.014825 0.010507 0.013668
v -0.014946 0.011720 0.013121
v -0.015031 0.012370 0.013631
v -0.015563 0.013165 0.013646
v -0.016572 0.013793 0.012048
v -0.015380 0.012940 0.013600
v -0.017730 0.014084 0.011301
v -0.017719 0.014087 0.013658
v -0.018073 0.014057 0.013653
v -0.017312 0.014051 0.013629
v -0.017901 0.013946 0.012366
v -0.019604 0.013339 0.011650
v -0.019446 0.013473 0.013629
v -0.019692 0.013270 0.013643
v -0.019213 0.013631 0.013600
v -0.014784 0.011365 0.013600
v -0.015493 0.013046 0.011780
v -0.017024 0.013996 0.013600
v -0.020283 0.012465 0.011255
v -0.020220 0.012587 0.013625
v -0.020563 0.011302 0.011754
v -0.020473 0.011955 0.013620
v -0.020576 0.011261 0.013600
v -0.020574 0.010950 0.013600
v -0.020553 0.011545 0.013600
v -0.020336 0.009969 0.011301
v -0.020487 0.010405 0.013633
v -0.020216 0.009738 0.013659
v -0.019540 0.009018 0.011929
v -0.019883 0.009282 0.013620
v -0.019358 0.008803 0.013629
v -0.019586 0.008987 0.013600
v -0.018708 0.008442 0.011301
v -0.017599 0.008365 0.012383
v -0.016496 0.008504 0.011317
v -0.016955 0.008353 0.013599
v -0.015587 0.009134 0.011294
v -0.015826 0.008932 0.013626
v -0.015428 0.009331 0.013628
v -0.015564 0.009244 0.019201
v -0.018074 0.008390 0.019200
v -0.014881 0.010765 0.019200
v -0.017385 0.008244 0.019150
v -0.015085 0.012382 0.019201
v -0.017538 0.014056 0.019184
v -0.019455 0.008805 0.019110
v -0.019489 0.008921 0.019201
v -0.020601 0.010663 0.019090
v -0.019946 0.013028 0.019154
v -0.018183 0.014139 0.018998
v -0.019053 0.013779 0.019122
v -0.016698 0.013965 0.019161
v -0.015826 0.013553 0.019003
v -0.014744 0.011650 0.019089
v -0.014690 0.010792 0.018998
v -0.019508 0.013548 0.019000
v -0.015057 0.012667 0.018997
v -0.015140 0.009533 0.019058
v -0.016421 0.008401 0.019001
v -0.018531 0.008276 0.018997
v -0.020287 0.009731 0.019089
v -0.020630 0.011723 0.018999
v -0.020344 0.012392 0.019140
v -0.019864 0.009116 0.019000
v -0.020595 0.011180 0.019153
v -0.020182 0.012826 0.013699
v -0.019061 0.013788 0.013692
v -0.017581 0.014194 0.013699
v -0.015962 0.013625 0.013703
v -0.015455 0.013196 0.013703
v -0.014918 0.012366 0.013704
v -0.014756 0.010524 0.013701
v -0.014678 0.011270 0.013702
v -0.018854 0.013934 0.013700
v -0.014719 0.011664 0.013700
v -0.015391 0.009211 0.013696
v -0.016116 0.008602 0.013700
v -0.016755 0.008311 0.013700
v -0.018062 0.008174 0.013704
v -0.018873 0.008425 0.013702
v -0.019940 0.009198 0.013703
v -0.020674 0.010937 0.013703
v -0.020319 0.012544 0.011210
v -0.019394 0.013540 0.011228
v -0.019003 0.013815 0.011213
v -0.020146 0.012722 0.011247
v -0.019792 0.013181 0.011246
v -0.018843 0.013847 0.011243
v -0.017465 0.014111 0.011215
v -0.018268 0.014024 0.011249
v -0.017751 0.014087 0.011246
v -0.017189 0.014045 0.011247
v -0.017027 0.014041 0.011215
v -0.015933 0.013526 0.011224
v -0.015170 0.012750 0.011207
v -0.014717 0.010957 0.011209
v -0.016493 0.013856 0.011226
v -0.015451 0.013069 0.011230
v -0.015058 0.012450 0.011243
v -0.014840 0.010491 0.011248
v -0.015217 0.009544 0.011213
v -0.016228 0.013691 0.011262
v -0.015746 0.013355 0.011243
v -0.014913 0.012099 0.011247
v -0.015211 0.012710 0.011262
v -0.014823 0.011842 0.011226
v -0.014777 0.011365 0.011262
v -0.014771 0.011080 0.011262
v -0.014794 0.010795 0.011262
v -0.015081 0.009851 0.011259
v -0.015851 0.008850 0.011207
v -0.015017 0.009865 0.011209
v -0.016500 0.008454 0.011206
v -0.015567 0.009157 0.011246
v -0.016243 0.008619 0.011229
v -0.016933 0.008335 0.011231
v -0.018030 0.008240 0.011209
v -0.017200 0.008303 0.011262
v -0.017625 0.008238 0.011224
v -0.018053 0.008287 0.011262
v -0.017483 0.008269 0.011262
v -0.019394 0.008795 0.011224
v -0.020592 0.011717 0.011208
v -0.020399 0.010075 0.011229
v -0.018882 0.008486 0.011223
v -0.020000 0.009367 0.011223
v -0.020618 0.011046 0.011222
v -0.018312 0.008313 0.011224
v -0.018992 0.008566 0.011246
v -0.019593 0.008973 0.011243
v -0.019982 0.009397 0.011262
v -0.020222 0.009756 0.011262
v -0.020573 0.010816 0.011246
v -0.020584 0.011261 0.011262
v -0.020432 0.012101 0.011262
v -0.020549 0.011692 0.011244
v -0.014928 0.009983 0.013708
v -0.014775 0.011487 0.013658
v -0.014772 0.011075 0.013647
v -0.014958 0.012199 0.013638
v -0.015132 0.012613 0.013669
v -0.015347 0.012937 0.013671
v -0.014852 0.011932 0.013673
v -0.015340 0.009347 0.013692
v -0.016719 0.014015 0.013703
v -0.015827 0.013443 0.013676
v -0.018148 0.014136 0.013700
v -0.019744 0.013350 0.013704
v -0.020088 0.012892 0.013692
v -0.020371 0.012442 0.013701
v -0.016511 0.013840 0.013652
v -0.016073 0.013606 0.013653
v -0.016861 0.013971 0.013654
v -0.018571 0.013949 0.013656
v -0.020074 0.012832 0.013644
v -0.015556 0.009155 0.013652
v -0.020617 0.011807 0.013702
v -0.020430 0.009938 0.013703
v -0.020596 0.011081 0.013659
v -0.020544 0.011794 0.013673
v -0.020362 0.010016 0.013661
v -0.020485 0.010323 0.013678
v -0.019282 0.008636 0.013703
v -0.017227 0.008216 0.013700
v -0.016229 0.008607 0.013682
v -0.019614 0.008936 0.013695
v -0.018338 0.008317 0.013671
v -0.017358 0.008242 0.013677
v -0.019904 0.009265 0.013673
v -0.019052 0.008604 0.013643
v -0.018481 0.008374 0.013643
v -0.018058 0.008280 0.013657
v -0.017609 0.008254 0.013654
v -0.016409 0.008551 0.013637
v -0.016138 0.008704 0.013638
v 0.000025 0.028176 0.021600
v 0.008726 0.026996 0.021600
v 0.019286 0.022319 0.010200
v 0.025866 0.016505 0.021600
v 0.029990 0.010854 0.021600
v 0.029011 0.012481 0.010200
v 0.034350 -0.001941 0.021600
v 0.034406 -0.002737 0.010200
v 0.033792 0.001140 0.010200
v 0.032157 0.006457 0.010200
v 0.022252 0.020083 0.010200
v 0.034609 -0.006913 0.021600
v 0.034064 -0.012948 0.021600
v 0.033603 -0.015246 0.021600
v 0.031253 -0.021633 0.021600
v 0.031078 -0.022227 0.010200
v 0.027703 -0.027438 0.021600
v 0.023088 -0.032439 0.021600
v 0.017587 -0.036444 0.021600
v 0.011410 -0.039300 0.021600
v 0.006765 -0.040524 0.021600
v 0.003399 -0.041023 0.021600
v 0.014056 -0.038372 0.010200
v 0.023984 -0.031628 0.010200
v 0.034683 -0.006520 0.010200
v 0.000025 0.028176 0.010200
v -0.002004 -0.041170 0.021600
v -0.014765 -0.037871 0.010200
v -0.007028 -0.040439 0.010200
v -0.019475 -0.035168 0.010200
v -0.032694 -0.017896 0.021600
v -0.033916 -0.013265 0.021600
v -0.034692 -0.007922 0.021600
v -0.034302 -0.001128 0.021600
v -0.032594 0.005459 0.021600
v -0.033479 0.002483 0.010200
v -0.029634 0.011587 0.021600
v -0.025536 0.017019 0.021600
v -0.027492 0.014608 0.010200
v -0.031083 0.008841 0.010200
v -0.020456 0.021548 0.021600
v -0.014592 0.024999 0.021600
v -0.017321 0.023520 0.010200
v -0.008166 0.027240 0.021600
v -0.006789 0.027505 0.010200
v -0.000025 0.028176 0.021600
v -0.000025 0.028176 0.010200
v -0.003414 0.027907 0.010200
v -0.011132 0.026322 0.010200
v -0.022846 0.019565 0.010200
v -0.034431 -0.002809 0.010200
v 0.000074 0.028152 0.010200
v 0.000025 0.027976 0.021600
v 0.003414 0.027907 0.021600
v 0.012423 0.025835 0.010200
v 0.008388 0.027128 0.010200
v 0.016683 0.023913 0.021600
v 0.021471 0.020602 0.021600
v 0.015266 0.024527 0.010200
v 0.032420 0.005727 0.021600
v 0.026199 0.016163 0.010200
v 0.034180 -0.012207 0.010200
v 0.031073 -0.021545 0.021600
v 0.027543 -0.027317 0.021600
v 0.022955 -0.032290 0.021600
v 0.017486 -0.036272 0.021600
v 0.011344 -0.039111 0.021600
v 0.004767 -0.040697 0.021600
v 0.002164 -0.041203 0.010200
v 0.000000 -0.040990 0.021600
v -0.006136 -0.040540 0.021600
v -0.013598 -0.038426 0.021600
v -0.018690 -0.035603 0.021600
v -0.026650 -0.028824 0.010200
v -0.023642 -0.031842 0.021600
v -0.027459 -0.027643 0.021600
v -0.030495 -0.022817 0.021600
v -0.031391 -0.021376 0.010200
v -0.034483 -0.006520 0.010200
v -0.034492 -0.007914 0.021600
v -0.034633 -0.007441 0.010200
v -0.034064 -0.012975 0.010200
v -0.026651 -0.028388 0.010200
v -0.034104 -0.001159 0.021600
v -0.032406 0.005390 0.021600
v -0.029463 0.011482 0.021600
v -0.025388 0.016883 0.021600
v -0.020338 0.021386 0.021600
v -0.014507 0.024817 0.021600
v -0.008119 0.027045 0.021600
v -0.000025 0.027976 0.010200
v -0.000025 0.027976 0.021600
v -0.003414 0.027907 0.021600
v -0.034318 -0.003140 0.010200
v -0.019094 -0.008075 0.006150
v -0.019759 -0.008114 0.006164
v -0.018842 -0.007491 0.006150
v -0.019081 -0.006955 0.006150
v -0.020115 -0.007782 0.006156
v -0.019969 -0.006971 0.006150
v -0.018851 -0.007443 0.006200
v -0.018944 -0.007155 0.006200
v -0.019398 -0.006827 0.006195
v -0.019953 -0.007031 0.006200
v -0.020138 -0.007380 0.006200
v -0.020101 -0.007258 0.006200
v -0.020150 -0.007507 0.006200
v -0.020081 -0.007805 0.006200
v -0.019584 -0.008167 0.006200
v -0.019960 -0.007967 0.006200
v -0.019202 -0.008088 0.006200
v -0.018911 -0.007822 0.006200
v -0.019094 -0.006075 0.006150
v -0.018851 -0.005288 0.006150
v -0.019813 -0.006095 0.006175
v -0.020051 -0.005867 0.006165
v -0.020162 -0.005440 0.006177
v -0.019668 -0.004785 0.006150
v -0.020128 -0.005329 0.006150
v -0.018905 -0.005210 0.006200
v -0.019379 -0.004838 0.006192
v -0.019907 -0.004981 0.006200
v -0.020138 -0.005634 0.006200
v -0.019575 -0.006156 0.006200
v -0.019749 -0.006108 0.006200
v -0.019373 -0.006145 0.006200
v -0.019093 -0.006033 0.006200
v -0.018858 -0.005651 0.006200
v -0.017094 -0.010075 0.006150
v -0.018218 -0.009540 0.006150
v -0.017797 -0.010102 0.006150
v -0.016851 -0.009288 0.006150
v -0.017325 -0.008866 0.006150
v -0.017879 -0.008969 0.006150
v -0.016886 -0.009271 0.006200
v -0.017224 -0.008892 0.006200
v -0.017730 -0.008892 0.006188
v -0.018077 -0.009177 0.006200
v -0.016852 -0.009582 0.006200
v -0.018150 -0.009571 0.006175
v -0.017951 -0.010023 0.006200
v -0.017038 -0.009998 0.006200
v -0.017447 -0.010158 0.006200
v -0.017094 -0.004075 0.006150
v -0.018140 -0.003693 0.006164
v -0.017797 -0.004102 0.006150
v -0.016842 -0.003491 0.006150
v -0.017844 -0.002933 0.006183
v -0.017131 -0.002915 0.006150
v -0.018095 -0.003210 0.006150
v -0.016842 -0.003523 0.006200
v -0.016919 -0.003210 0.006200
v -0.017356 -0.002865 0.006200
v -0.017077 -0.003010 0.006200
v -0.018121 -0.003307 0.006200
v -0.018026 -0.003914 0.006200
v -0.017644 -0.004149 0.006200
v -0.017321 -0.004135 0.006200
v -0.017139 -0.004048 0.006200
v -0.016962 -0.003886 0.006200
v -0.015412 -0.008187 0.006150
v -0.016094 -0.007849 0.006150
v -0.014838 -0.007686 0.006150
v -0.014989 -0.007086 0.006191
v -0.015315 -0.006819 0.006150
v -0.014862 -0.007380 0.006200
v -0.014899 -0.007258 0.006200
v -0.015300 -0.006886 0.006200
v -0.016069 -0.007154 0.006166
v -0.016142 -0.007363 0.006200
v -0.015739 -0.006877 0.006200
v -0.014850 -0.007507 0.006200
v -0.016095 -0.007804 0.006200
v -0.015767 -0.008108 0.006200
v -0.015373 -0.008145 0.006200
v -0.015202 -0.008088 0.006200
v -0.014911 -0.007822 0.006200
v -0.015500 -0.008157 0.006200
v -0.015816 -0.006146 0.006150
v -0.015038 -0.005016 0.006150
v -0.016141 -0.005673 0.006181
v -0.016069 -0.005154 0.006164
v -0.014944 -0.005155 0.006200
v -0.015435 -0.004825 0.006174
v -0.015852 -0.004951 0.006200
v -0.016121 -0.005307 0.006200
v -0.015553 -0.004856 0.006200
v -0.014844 -0.005484 0.006170
v -0.014862 -0.005634 0.006200
v -0.015861 -0.006048 0.006200
v -0.015627 -0.006145 0.006200
v -0.015749 -0.006108 0.006200
v -0.015960 -0.005967 0.006200
v -0.015325 -0.006149 0.006200
v -0.014924 -0.005815 0.006177
v -0.015116 -0.006041 0.006159
v -0.017094 -0.008075 0.006150
v -0.017759 -0.008114 0.006164
v -0.016842 -0.007491 0.006150
v -0.018115 -0.007784 0.006150
v -0.017969 -0.006971 0.006150
v -0.016851 -0.007443 0.006200
v -0.016944 -0.007155 0.006200
v -0.017003 -0.007065 0.006157
v -0.017310 -0.006882 0.006175
v -0.017918 -0.006964 0.006200
v -0.017500 -0.006857 0.006200
v -0.016862 -0.007634 0.006200
v -0.018158 -0.007491 0.006200
v -0.018056 -0.007859 0.006200
v -0.017700 -0.008128 0.006200
v -0.017139 -0.008048 0.006200
v -0.017003 -0.007930 0.006200
v -0.016899 -0.007756 0.006200
v -0.017388 -0.008155 0.006200
v -0.028282 -0.010883 0.006210
v -0.022444 -0.011931 0.006210
v -0.028405 -0.010817 0.006210
v -0.023726 -0.010418 0.006210
v -0.023605 -0.010985 0.006210
v -0.023233 -0.011518 0.006210
v -0.013533 -0.012297 0.006560
v -0.023345 -0.009612 0.006710
v -0.023053 -0.003610 0.006574
v -0.022684 -0.003751 0.006773
v -0.028433 -0.002182 0.006210
v -0.026963 -0.002307 0.006635
v -0.028366 -0.001453 0.006710
v -0.023746 -0.002546 0.006210
v -0.023421 -0.003304 0.006710
v -0.020500 -0.003507 0.006210
v -0.023367 -0.001635 0.006210
v -0.014050 -0.000657 0.006210
v -0.022450 -0.001204 0.006210
v -0.019500 -0.010507 0.006210
v -0.019664 -0.010495 0.006202
v -0.020063 -0.010349 0.006205
v -0.021173 -0.010618 0.006773
v -0.021306 -0.011078 0.006210
v -0.021646 -0.009463 0.006210
v -0.020383 -0.009989 0.006206
v -0.013069 -0.012038 0.006210
v -0.012750 -0.011057 0.006672
v -0.014617 -0.010012 0.006204
v -0.014511 -0.009667 0.006202
v -0.014500 -0.009507 0.006210
v -0.020916 -0.002919 0.006208
v -0.020488 -0.003343 0.006202
v -0.020277 -0.002870 0.006205
v -0.021294 -0.001889 0.006210
v -0.019982 -0.002625 0.006207
v -0.015034 -0.002616 0.006207
v -0.015336 -0.002519 0.006201
v -0.014510 -0.003360 0.006210
v -0.014711 -0.002860 0.006204
v -0.015500 -0.002507 0.006210
v -0.012964 -0.001024 0.006210
v -0.028449 -0.002126 0.007210
v -0.027507 -0.000701 0.007210
v -0.027719 -0.000737 0.006400
v -0.027150 -0.000657 0.007210
v -0.013026 -0.001147 0.007210
v -0.012776 -0.001654 0.007210
v -0.013617 -0.000699 0.007210
v -0.014050 -0.012357 0.007210
v -0.012831 -0.011562 0.007210
v -0.027150 -0.012357 0.007210
v -0.028013 -0.012119 0.006585
v -0.028342 -0.010773 0.007210
v -0.027859 -0.011876 0.007210
v -0.028464 -0.010964 0.007210
v -0.023695 -0.010260 0.007210
v -0.023393 -0.011450 0.007210
v -0.022851 -0.009319 0.006496
v -0.028307 -0.002251 0.007210
v -0.023697 -0.002723 0.007210
v -0.023369 -0.001528 0.007210
v -0.022573 -0.009261 0.006781
v -0.021865 -0.011688 0.007210
v -0.022450 -0.009257 0.007210
v -0.022206 -0.009281 0.007210
v -0.022206 -0.003733 0.007210
v -0.021381 -0.009831 0.007210
v -0.021935 -0.003659 0.006543
v -0.021839 -0.009411 0.007210
v -0.021578 -0.003424 0.007210
v -0.021793 -0.001365 0.007210
v -0.021154 -0.002546 0.007210
v -0.014500 -0.003507 0.006200
v -0.014537 -0.003215 0.006200
v -0.015241 -0.010481 0.006206
v -0.015500 -0.010507 0.006200
v -0.014869 -0.010290 0.006204
v -0.020500 -0.009507 0.006200
v -0.020476 -0.009759 0.006206
v -0.019500 -0.002507 0.006200
v -0.019752 -0.002531 0.006206
v -0.014874 -0.009697 0.006200
v -0.014899 -0.009186 0.006200
v -0.015047 -0.009984 0.006200
v -0.015588 -0.010187 0.006200
v -0.015546 -0.008823 0.006200
v -0.015960 -0.009967 0.006200
v -0.016038 -0.009128 0.006200
v -0.016165 -0.009619 0.006200
v -0.017047 -0.005984 0.006200
v -0.014820 -0.003595 0.006200
v -0.015203 -0.004102 0.006200
v -0.015644 -0.004149 0.006200
v -0.014935 -0.003182 0.006169
v -0.015224 -0.002892 0.006200
v -0.015858 -0.002936 0.006200
v -0.016874 -0.005697 0.006200
v -0.015923 -0.004004 0.006200
v -0.016928 -0.005149 0.006200
v -0.017356 -0.004865 0.006200
v -0.016114 -0.003744 0.006200
v -0.016142 -0.003363 0.006200
v -0.018974 -0.009100 0.006200
v -0.018843 -0.009658 0.006200
v -0.019040 -0.009967 0.006200
v -0.017453 -0.006171 0.006200
v -0.017749 -0.006108 0.006200
v -0.017796 -0.006101 0.006164
v -0.019325 -0.010149 0.006200
v -0.019700 -0.010128 0.006200
v -0.019923 -0.010004 0.006200
v -0.020094 -0.009166 0.006200
v -0.020114 -0.009744 0.006200
v -0.019416 -0.008847 0.006200
v -0.019749 -0.008907 0.006200
v -0.017797 -0.004912 0.006200
v -0.018070 -0.005189 0.006200
v -0.018162 -0.005686 0.006200
v -0.018998 -0.003943 0.006200
v -0.019040 -0.003048 0.006200
v -0.018856 -0.003379 0.006200
v -0.018862 -0.003634 0.006200
v -0.018960 -0.003146 0.006200
v -0.019349 -0.002850 0.006200
v -0.019321 -0.004135 0.006200
v -0.019575 -0.004156 0.006200
v -0.019879 -0.004045 0.006200
v -0.019962 -0.003016 0.006200
v -0.020142 -0.003682 0.006200
v -0.020138 -0.003380 0.006200
v -0.014837 -0.003554 0.006150
v -0.015148 -0.002951 0.006150
v -0.015651 -0.002850 0.006150
v -0.016095 -0.003210 0.006150
v -0.016094 -0.003849 0.006150
v -0.015547 -0.004171 0.006150
v -0.015064 -0.004009 0.006150
v -0.016849 -0.005449 0.006167
v -0.016962 -0.005128 0.006150
v -0.017263 -0.004893 0.006150
v -0.017575 -0.004859 0.006150
v -0.017936 -0.005005 0.006150
v -0.018128 -0.005329 0.006150
v -0.018148 -0.005582 0.006150
v -0.018070 -0.005825 0.006150
v -0.017500 -0.006157 0.006150
v -0.017009 -0.005998 0.006150
v -0.018892 -0.003182 0.006150
v -0.019251 -0.002907 0.006150
v -0.019516 -0.002849 0.006150
v -0.019879 -0.002969 0.006150
v -0.020142 -0.003332 0.006150
v -0.020049 -0.003898 0.006150
v -0.019679 -0.004135 0.006150
v -0.019289 -0.004138 0.006150
v -0.018916 -0.003819 0.006150
v -0.014849 -0.009443 0.006150
v -0.015038 -0.009016 0.006150
v -0.015516 -0.008849 0.006150
v -0.015818 -0.008937 0.006150
v -0.016095 -0.009210 0.006150
v -0.016148 -0.009582 0.006150
v -0.016038 -0.009886 0.006150
v -0.015798 -0.010088 0.006150
v -0.015627 -0.010145 0.006150
v -0.015289 -0.010138 0.006150
v -0.014916 -0.009819 0.006150
v -0.018849 -0.009443 0.006150
v -0.018962 -0.009128 0.006150
v -0.019263 -0.008893 0.006150
v -0.019776 -0.008892 0.006150
v -0.020081 -0.009210 0.006150
v -0.020138 -0.009380 0.006150
v -0.020131 -0.009718 0.006150
v -0.019797 -0.010102 0.006150
v -0.019158 -0.010101 0.006150
v -0.018876 -0.009696 0.006150
v -0.008355 0.044488 0.034473
v -0.007547 0.044457 0.035851
v -0.008748 0.044440 0.035870
v -0.008959 0.044569 0.035644
v -0.007454 0.044488 0.035711
v -0.007203 0.044551 0.035704
v -0.006756 0.044488 0.036344
v -0.009921 0.044476 0.035179
v -0.009287 0.044531 0.036249
v -0.009399 0.044488 0.036847
v -0.010594 0.044471 0.037557
v -0.009457 0.044580 0.037737
v -0.005995 0.044488 0.035381
v -0.006625 0.044488 0.036737
v -0.005499 0.044488 0.036431
v -0.006526 0.044601 0.037839
v -0.005611 0.044488 0.037899
v -0.007231 0.044488 0.038170
v -0.009730 0.044488 0.038879
v -0.008684 0.044485 0.038303
v -0.009093 0.044484 0.039398
v -0.007974 0.044536 0.038555
v -0.006949 0.044488 0.039361
v -0.007209 0.022096 0.038167
v -0.008603 0.022087 0.038185
v -0.009369 0.022084 0.037124
v -0.006680 0.022085 0.036611
v -0.007728 0.022087 0.035687
v -0.008704 0.022106 0.035801
v -0.008824 0.022288 0.035746
v -0.009052 0.022288 0.035931
v -0.009052 0.042088 0.035931
v -0.009241 0.022288 0.036157
v -0.009381 0.022288 0.036415
v -0.009381 0.042088 0.036415
v -0.009241 0.042088 0.036157
v -0.009469 0.022288 0.036696
v -0.009500 0.022288 0.036988
v -0.009500 0.042088 0.036988
v -0.009473 0.022288 0.037281
v -0.009390 0.022288 0.037563
v -0.009390 0.042088 0.037563
v -0.009473 0.042088 0.037281
v -0.009469 0.042088 0.036696
v -0.009254 0.022288 0.037824
v -0.009069 0.022288 0.038052
v -0.009069 0.042088 0.038052
v -0.008843 0.022288 0.038241
v -0.008585 0.022288 0.038381
v -0.008585 0.042088 0.038381
v -0.008843 0.042088 0.038241
v -0.008304 0.022288 0.038469
v -0.008012 0.022288 0.038500
v -0.008012 0.042088 0.038500
v -0.007719 0.022288 0.038473
v -0.007437 0.022288 0.038390
v -0.007437 0.042088 0.038390
v -0.007719 0.042088 0.038473
v -0.008304 0.042088 0.038469
v -0.009254 0.042088 0.037824
v -0.008824 0.042088 0.035746
v -0.007176 0.022288 0.038254
v -0.007176 0.042088 0.038254
v -0.008563 0.042088 0.035610
v -0.006948 0.042088 0.038069
v -0.006759 0.022288 0.037843
v -0.006619 0.022288 0.037585
v -0.006759 0.042088 0.037843
v -0.006531 0.022288 0.037304
v -0.006500 0.022288 0.037012
v -0.006500 0.042088 0.037012
v -0.006527 0.022288 0.036719
v -0.006610 0.022288 0.036437
v -0.006610 0.042088 0.036437
v -0.006527 0.042088 0.036719
v -0.006531 0.042088 0.037304
v -0.006746 0.022288 0.036176
v -0.006931 0.022288 0.035948
v -0.006931 0.042088 0.035948
v -0.007157 0.022288 0.035759
v -0.007415 0.022288 0.035619
v -0.007415 0.042088 0.035619
v -0.007157 0.042088 0.035759
v -0.007696 0.022288 0.035531
v -0.007988 0.022288 0.035500
v -0.007988 0.042088 0.035500
v -0.008281 0.022288 0.035527
v -0.008281 0.042088 0.035527
v -0.007696 0.042088 0.035531
v -0.006746 0.042088 0.036176
v -0.005849 0.042088 0.037910
v -0.005870 0.042088 0.038775
v -0.005089 0.042130 0.036521
v -0.005419 0.042088 0.035907
v -0.007166 0.042088 0.039675
v -0.009052 0.042088 0.039597
v -0.010038 0.042088 0.038851
v -0.006474 0.042088 0.034681
v -0.007884 0.042088 0.034214
v -0.010576 0.042088 0.035910
v -0.010693 0.042088 0.037794
v -0.009451 0.042088 0.034619
v -0.009761 0.044273 0.034849
v -0.010498 0.044303 0.035818
v -0.010712 0.044373 0.036595
v -0.010438 0.044378 0.038260
v -0.009795 0.044273 0.039117
v -0.006709 0.044291 0.039461
v -0.008271 0.044273 0.039763
v -0.010737 0.044304 0.037402
v -0.005490 0.044290 0.035837
v -0.005930 0.044336 0.035191
v -0.006449 0.044289 0.034719
v -0.007150 0.044335 0.034379
v -0.007978 0.044289 0.034241
v -0.008749 0.044335 0.034349
v -0.005966 0.044294 0.038854
v -0.005313 0.044289 0.037655
v -0.007087 0.044367 0.039579
v -0.007583 0.044354 0.039711
v -0.008554 0.044364 0.039678
v -0.009397 0.044345 0.039382
v -0.008814 0.044364 0.039611
v -0.007269 0.044454 0.039574
v -0.008052 0.044477 0.039625
v -0.008727 0.044464 0.039571
v -0.008045 0.044407 0.039720
v -0.009422 0.044431 0.039303
v -0.009949 0.044364 0.038919
v -0.010278 0.044401 0.038485
v -0.010127 0.044364 0.038719
v -0.010662 0.044365 0.037641
v -0.010560 0.044395 0.036065
v -0.009921 0.044365 0.035041
v -0.010319 0.044401 0.035574
v -0.010071 0.044471 0.038664
v -0.010434 0.044473 0.037986
v -0.010641 0.044472 0.037076
v -0.010523 0.044477 0.036189
v -0.010339 0.044481 0.035839
v -0.009090 0.044474 0.034573
v -0.006627 0.044401 0.039351
v -0.010717 0.044404 0.037121
v -0.009509 0.044444 0.034768
v -0.006630 0.044484 0.039238
v -0.009148 0.044365 0.034514
v -0.007782 0.044409 0.034281
v -0.006151 0.044362 0.034979
v -0.006986 0.044412 0.034477
v -0.007954 0.044473 0.034366
v -0.008592 0.044407 0.034335
v -0.007526 0.044477 0.034398
v -0.006373 0.044474 0.034895
v -0.006197 0.044407 0.034945
v -0.005679 0.044450 0.035639
v -0.005314 0.044364 0.036487
v -0.005455 0.044365 0.035975
v -0.005898 0.044394 0.038745
v -0.005267 0.044365 0.037159
v -0.005330 0.044447 0.036632
v -0.006692 0.044364 0.034598
v -0.005552 0.044430 0.035875
v -0.005280 0.044406 0.037343
v -0.005377 0.044477 0.037310
v -0.005394 0.044430 0.037684
v -0.005612 0.044385 0.038347
v -0.005669 0.044462 0.038282
v -0.006107 0.044459 0.038886
v -0.006281 0.044364 0.039127
v -0.007964 0.043963 0.037822
v -0.008628 0.044388 0.038136
v -0.007863 0.043993 0.037849
v -0.007386 0.044355 0.038092
v -0.007270 0.043964 0.037380
v -0.007230 0.043979 0.037331
v -0.007240 0.044325 0.037967
v -0.007250 0.044384 0.038045
v -0.006625 0.044502 0.036921
v -0.006795 0.044299 0.036829
v -0.008504 0.044365 0.038168
v -0.007339 0.044384 0.038103
v -0.008686 0.043960 0.037451
v -0.007326 0.043956 0.036525
v -0.008392 0.044169 0.036014
v -0.007538 0.044331 0.035856
v -0.008618 0.043299 0.036580
v -0.009311 0.044388 0.037064
v -0.008993 0.044155 0.037284
v -0.007393 0.044405 0.035840
v -0.008696 0.044397 0.035901
v -0.007251 0.043218 0.038062
v -0.007502 0.043218 0.037766
v -0.006814 0.043218 0.036862
v -0.006713 0.043218 0.036976
v -0.007386 0.043218 0.038092
v -0.007335 0.043218 0.038103
v -0.008553 0.043218 0.038156
v -0.008623 0.043218 0.038127
v -0.007422 0.043218 0.035824
v -0.008156 0.043218 0.036092
v -0.008737 0.043218 0.036387
v -0.009282 0.043218 0.037011
v -0.008701 0.043218 0.037460
v -0.009294 0.043218 0.037107
v -0.008739 0.043218 0.035933
v -0.007286 0.044397 0.038086
v 0.002339 -0.041429 0.048000
v 0.006620 -0.041228 0.033615
v 0.004668 -0.041194 0.048000
v 0.009253 -0.040262 0.048000
v 0.017314 -0.036901 0.033215
v 0.006976 -0.040805 0.048000
v 0.016362 -0.037447 0.040613
v 0.020080 -0.034887 0.042335
v 0.023070 -0.032794 0.033290
v 0.032362 -0.021343 0.033555
v 0.030311 -0.024007 0.049800
v 0.033643 -0.015970 0.050123
v 0.034323 -0.007638 0.041537
v 0.035061 -0.007084 0.033478
v 0.034999 -0.006003 0.040409
v 0.033227 0.005904 0.033583
v 0.033859 0.002357 0.048000
v 0.015281 -0.037271 0.042149
v 0.018551 -0.035189 0.042238
v 0.013898 -0.038630 0.043236
v 0.033685 -0.009459 0.044269
v 0.034753 -0.010669 0.043648
v 0.030311 0.010993 0.048000
v 0.026215 0.016683 0.048000
v 0.025121 0.018030 0.033522
v 0.024606 0.018383 0.048000
v 0.014226 0.025476 0.042359
v 0.011911 0.026142 0.036100
v 0.014220 0.025878 0.033502
v 0.005898 0.027916 0.041108
v 0.002615 0.028279 0.033189
v -0.000622 0.028530 0.033609
v 0.004569 0.028778 0.034919
v 0.004547 0.027849 0.036693
v 0.008873 0.027349 0.044027
v 0.018912 0.022947 0.040717
v 0.017863 0.023591 0.040422
v 0.016327 0.024459 0.040571
v 0.020572 0.021813 0.042338
v 0.007122 0.027761 0.044110
v 0.007713 0.027630 0.043763
v 0.009255 0.027247 0.045252
v 0.004478 0.027979 0.044355
v 0.030366 0.008162 0.048002
v 0.014239 -0.038481 0.047659
v 0.019696 -0.035488 0.048205
v 0.034732 -0.002242 0.042876
v 0.021000 -0.034510 0.046404
v 0.034986 -0.009076 0.049346
v 0.034812 -0.002864 0.047574
v 0.014170 -0.038542 0.049815
v 0.016372 -0.037454 0.049452
v 0.018320 -0.036375 0.049645
v 0.009253 -0.040262 0.049800
v 0.034512 -0.008027 0.050178
v 0.034986 -0.005159 0.049494
v 0.033191 0.004600 0.048000
v 0.021952 0.020753 0.049800
v 0.020770 0.021665 0.047103
v 0.006686 0.027848 0.045264
v 0.008034 0.027567 0.046749
v 0.001398 0.028024 0.046266
v -0.001656 0.028118 0.046144
v 0.034542 0.000091 0.049799
v 0.018740 0.023109 0.049568
v 0.024606 0.018383 0.049800
v 0.013744 0.025683 0.047129
v -0.002426 -0.041470 0.048000
v -0.001749 0.028580 0.034666
v -0.006873 0.027776 0.033231
v -0.007742 0.027630 0.035688
v -0.006105 0.027964 0.037999
v -0.005750 0.027850 0.039623
v -0.015067 0.025745 0.035741
v -0.015718 0.024778 0.040811
v -0.022837 0.020013 0.033220
v -0.010876 0.026730 0.036101
v -0.009222 0.027256 0.044493
v -0.009441 0.027196 0.037001
v -0.013044 0.025980 0.035461
v -0.007937 0.027583 0.043695
v -0.008002 0.027568 0.038293
v -0.007124 0.027760 0.044109
v -0.006848 0.027816 0.044515
v -0.007698 0.027650 0.046508
v -0.019352 0.022656 0.041002
v -0.013866 0.025635 0.043225
v -0.029087 0.012963 0.033277
v -0.032374 0.006794 0.048000
v -0.033929 0.002884 0.033540
v -0.033859 0.002357 0.048000
v -0.030403 0.010930 0.048000
v -0.035006 -0.006914 0.033279
v -0.033910 -0.006328 0.041970
v -0.035000 -0.006901 0.040394
v -0.034513 -0.009252 0.042581
v -0.033533 -0.017059 0.033329
v -0.034742 -0.010748 0.044067
v -0.033784 -0.015881 0.049795
v -0.028464 -0.026873 0.049800
v -0.026297 -0.030074 0.033547
v -0.025853 -0.029304 0.050295
v -0.018478 -0.036261 0.033494
v -0.019370 -0.035673 0.040900
v -0.015544 -0.037887 0.040757
v -0.007948 -0.040797 0.033526
v -0.009253 -0.040262 0.048000
v -0.006976 -0.040805 0.048000
v -0.034936 -0.004354 0.040984
v -0.020777 -0.034674 0.042974
v -0.027096 0.015683 0.048000
v -0.005702 0.027908 0.042538
v -0.003111 0.027917 0.045470
v -0.009661 0.027133 0.048000
v -0.021169 0.021357 0.043806
v -0.013644 0.025724 0.045370
v -0.013877 0.025624 0.046634
v -0.013310 0.026275 0.048214
v -0.016825 0.024221 0.049852
v -0.019918 0.022287 0.048784
v -0.024157 0.019231 0.049833
v -0.033191 0.004600 0.048000
v -0.033859 0.002357 0.049800
v -0.034935 -0.003327 0.049352
v -0.034913 -0.009267 0.049820
v -0.035008 -0.005606 0.049836
v -0.034914 -0.006072 0.050135
v -0.034621 -0.010502 0.046894
v -0.023981 -0.032001 0.049800
v -0.020116 -0.035248 0.049292
v -0.012493 -0.039201 0.049800
v -0.013429 -0.038820 0.045425
v -0.018462 -0.036288 0.049651
v -0.016040 -0.037680 0.049516
v -0.009253 -0.040262 0.049800
v -0.031914 0.001258 0.049951
v -0.032630 -0.008649 0.050000
v -0.031800 -0.013819 0.049924
v -0.031429 -0.021855 0.049959
v -0.033467 0.002338 0.050033
v -0.027290 -0.024395 0.049951
v -0.020618 -0.031335 0.048749
v -0.016274 -0.035978 0.050296
v -0.010723 -0.038365 0.050326
v -0.009471 -0.037832 0.049954
v -0.012731 0.025492 0.050059
v -0.011868 0.024937 0.050000
v -0.010568 0.024471 0.050000
v 0.011409 0.024990 0.050000
v 0.011019 0.024205 0.049941
v 0.004041 0.026655 0.050107
v 0.011868 0.024937 0.050000
v 0.012718 0.025485 0.050066
v -0.019469 0.021418 0.050327
v -0.023771 0.017523 0.050139
v 0.017718 0.023703 0.049916
v 0.017440 0.021153 0.049963
v 0.024594 0.018306 0.049951
v -0.032379 -0.006792 0.048457
v -0.031336 -0.015434 0.048157
v -0.029748 -0.020115 0.049980
v -0.032492 -0.005110 0.049885
v -0.026174 -0.025459 0.048378
v -0.010047 -0.037415 0.049800
v -0.012569 -0.036041 0.048200
v -0.015199 -0.035140 0.048346
v 0.019720 0.018947 0.048149
v 0.013996 0.022730 0.048298
v 0.009621 0.024477 0.048785
v -0.003437 0.025553 0.048250
v -0.001901 0.026619 0.050075
v -0.010841 0.023904 0.048511
v -0.015396 0.022199 0.049912
v 0.034044 -0.009681 0.050278
v 0.033650 0.002317 0.050003
v 0.009252 -0.040106 0.050005
v 0.009644 -0.037858 0.050000
v 0.008911 -0.039416 0.049942
v 0.008886 -0.038631 0.049891
v 0.028417 -0.026845 0.049927
v 0.024393 -0.031597 0.049963
v 0.017088 -0.035136 0.050338
v 0.012833 -0.036366 0.049800
v 0.019529 -0.032087 0.048109
v 0.015511 -0.035067 0.048000
v 0.021943 -0.030273 0.049029
v 0.027809 -0.024445 0.050229
v 0.029297 -0.020549 0.048160
v 0.032674 -0.008730 0.049975
v 0.031746 0.001101 0.049794
v 0.032285 -0.006441 0.048511
v 0.029514 -0.020114 0.049800
v 0.011631 0.025945 0.032985
v 0.008929 0.026817 0.033000
v -0.011044 0.026530 0.033096
v 0.007866 -0.039108 0.035000
v 0.004729 -0.039984 0.032939
v 0.021252 -0.032403 0.035000
v 0.017108 -0.035525 0.033737
v 0.024652 -0.029244 0.035000
v 0.027310 -0.026178 0.033375
v 0.033562 -0.010325 0.034250
v 0.031636 -0.018422 0.033739
v 0.033269 -0.001579 0.033556
v 0.030960 0.006545 0.034143
v 0.022305 0.018537 0.035000
v 0.010343 0.025437 0.034077
v 0.004408 0.026726 0.033286
v -0.000414 -0.040108 0.035000
v 0.017235 0.022247 0.035000
v -0.001354 0.027002 0.035000
v 0.000582 0.027321 0.032878
v -0.008150 0.026028 0.034250
v -0.012037 0.025414 0.032858
v -0.021252 0.019389 0.035000
v -0.027415 0.013457 0.033089
v -0.029544 0.009285 0.035000
v -0.031671 0.005053 0.033226
v -0.032509 -0.016370 0.033751
v -0.027110 -0.026250 0.035000
v -0.020506 -0.033523 0.033009
v -0.015792 -0.036051 0.035000
v -0.018671 -0.034450 0.034000
v -0.007934 -0.039401 0.033740
v -0.011023 -0.038180 0.033000
v -0.033753 -0.009316 0.033444
v -0.017691 0.022142 0.034143
v -0.029935 0.009358 0.033581
v -0.029782 -0.022475 0.033667
v -0.001502 -0.041016 0.033000
v -0.014979 -0.037938 0.033100
v -0.008929 -0.039832 0.033000
v -0.024395 -0.030902 0.033000
v -0.033324 -0.015436 0.033000
v -0.026429 -0.028683 0.033000
v -0.028261 -0.026296 0.033000
v -0.029878 -0.023757 0.033000
v 0.005991 -0.040483 0.033000
v 0.012150 -0.038886 0.033000
v 0.022176 -0.032936 0.033000
v 0.027526 -0.027356 0.033000
v 0.029878 -0.023757 0.033000
v 0.031268 -0.021087 0.033000
v 0.033753 -0.013795 0.033000
v 0.034506 -0.007834 0.033000
v -0.034433 -0.003262 0.033000
v -0.032850 0.001482 0.033662
v -0.026429 0.015669 0.033000
v -0.024395 0.017888 0.033000
v 0.029050 0.012162 0.033000
v 0.031268 0.008073 0.033000
v 0.025694 0.015438 0.033662
v 0.020823 0.020161 0.032919
v 0.034214 -0.001834 0.033000
v 0.032419 0.005293 0.033000
v 0.033324 0.002422 0.033000
v 0.019720 0.021906 0.033000
v -0.024656 0.018329 0.048000
v -0.020440 0.018309 0.048550
v -0.010904 0.023629 0.048001
v -0.015763 0.021552 0.047715
v -0.033766 0.002479 0.048000
v -0.033692 0.002505 0.048000
v -0.033825 0.002428 0.048000
v -0.033614 0.002500 0.048000
v -0.026042 0.012406 0.048000
v -0.022648 0.017242 0.048000
v 0.003384 0.025474 0.048104
v 0.024650 0.018319 0.048000
v 0.026761 0.012843 0.048000
v 0.023426 0.016919 0.048350
v 0.022648 0.017242 0.048000
v 0.033692 0.002505 0.048000
v 0.033766 0.002479 0.048000
v 0.033825 0.002428 0.048000
v 0.032509 0.002186 0.048000
v 0.031771 0.000832 0.048000
v -0.031666 -0.000146 0.048001
v -0.032005 -0.006508 0.047579
v -0.031379 -0.013848 0.048002
v -0.027280 -0.023582 0.048110
v -0.017946 -0.033041 0.047967
v -0.008981 -0.037604 0.048000
v -0.009175 -0.040267 0.048000
v -0.008505 -0.039958 0.048499
v 0.031597 -0.013264 0.048174
v 0.026146 -0.025316 0.048137
v 0.032005 -0.006506 0.047579
v 0.031727 -0.010970 0.048001
v 0.008858 -0.038021 0.048000
v 0.009289 -0.037129 0.048000
v 0.008578 -0.039619 0.048664
v 0.009041 -0.040191 0.048000
v 0.009100 -0.040243 0.048000
v 0.009175 -0.040267 0.048000
v 0.012043 -0.036283 0.048172
v 0.000020 0.019991 0.039000
v -0.011739 -0.036061 0.039000
v -0.014476 -0.034821 0.039000
v -0.017084 -0.033329 0.039000
v -0.000000 -0.038307 0.039000
v -0.030831 -0.014297 0.039000
v -0.023905 -0.027478 0.039000
v -0.027420 -0.022612 0.039000
v 0.005976 -0.037741 0.039000
v 0.011739 -0.036061 0.039000
v 0.014476 -0.034821 0.039000
v 0.023905 -0.027478 0.039000
v 0.027420 -0.022612 0.039000
v 0.029958 -0.017172 0.039000
v 0.030831 -0.014297 0.039000
v -0.001189 0.020225 0.039000
v -0.027773 0.008981 0.039000
v -0.024368 0.013924 0.039000
v 0.022331 0.016133 0.039000
v 0.001220 0.020236 0.039000
v 0.017679 0.019926 0.039000
v 0.024368 0.013924 0.039000
v 0.012396 0.022777 0.039000
v 0.015105 0.021476 0.039000
v 0.000397 0.025495 0.044520
v 0.008818 0.024263 0.046081
v 0.014729 0.022087 0.047779
v 0.016020 0.021216 0.047541
v 0.020254 0.018268 0.039200
v 0.029308 0.006340 0.039200
v 0.027965 0.009047 0.039200
v 0.007130 0.024690 0.045976
v 0.017828 0.020070 0.045891
v 0.008987 0.024214 0.044016
v 0.031921 -0.008757 0.045000
v 0.030140 -0.017259 0.039200
v 0.025931 -0.025258 0.039200
v 0.031019 -0.014368 0.039200
v 0.021947 -0.029795 0.039200
v 0.015286 -0.034948 0.046988
v 0.008948 -0.037231 0.039200
v 0.024046 -0.027621 0.039200
v 0.016387 -0.033993 0.047259
v 0.031948 -0.004504 0.046339
v 0.028991 -0.020054 0.039200
v 0.003342 0.025324 0.042837
v 0.003958 0.025247 0.041077
v 0.006855 0.024752 0.044232
v 0.009684 0.023992 0.039200
v 0.017184 0.020504 0.042938
v 0.003991 0.025245 0.040313
v 0.031944 -0.008402 0.039200
v 0.032047 -0.006507 0.042226
v 0.018176 -0.032852 0.044490
v 0.015210 -0.034674 0.042800
v -0.000941 0.025479 0.044388
v -0.008948 -0.037231 0.039200
v -0.014465 -0.035055 0.046576
v -0.011807 -0.036249 0.039200
v -0.020453 -0.031170 0.039241
v -0.024046 -0.027621 0.039200
v -0.030140 -0.017259 0.039200
v -0.032112 -0.008168 0.046487
v -0.031019 -0.014368 0.039200
v -0.017880 -0.033438 0.045945
v -0.031943 -0.004561 0.046201
v -0.031615 -0.001264 0.039263
v -0.029308 0.006340 0.039200
v -0.011041 0.023089 0.043223
v -0.008560 0.024331 0.046180
v -0.007531 0.024594 0.046159
v -0.007125 0.024690 0.045892
v -0.006848 0.024752 0.045486
v -0.014947 -0.034944 0.042867
v -0.031941 -0.008510 0.043662
v -0.032232 -0.005855 0.042611
v -0.014885 0.021971 0.043066
v -0.018001 0.019948 0.045471
v -0.001830 0.025440 0.044057
v -0.008344 0.024390 0.043689
v -0.005587 0.024988 0.043026
v -0.004023 0.025237 0.040592
v -0.003783 0.025268 0.039200
v 0.034735 -0.010804 0.045390
v 0.032650 -0.004916 0.043409
v 0.032650 -0.007368 0.042921
v 0.032650 -0.004428 0.044139
v 0.032650 -0.004257 0.045000
v 0.032642 -0.004641 0.046320
v 0.032184 -0.008071 0.046601
v 0.032629 -0.006069 0.047228
v 0.021100 0.021417 0.044986
v 0.018236 0.020685 0.044096
v 0.015305 0.021894 0.042852
v 0.014525 0.022808 0.045861
v 0.014379 0.022915 0.044551
v 0.015528 0.022155 0.047144
v 0.017071 0.021338 0.047079
v 0.017953 0.020818 0.046295
v -0.014089 0.022977 0.044991
v -0.017622 0.021915 0.042476
v -0.018284 0.020645 0.044554
v -0.017937 0.020829 0.046321
v -0.015579 0.022199 0.047079
v -0.016325 0.021769 0.047250
v -0.016839 0.021037 0.046993
v -0.032228 -0.004301 0.044917
v -0.034735 -0.002211 0.044622
v -0.034254 -0.003408 0.043259
v -0.033417 -0.009252 0.044889
v -0.032329 -0.005676 0.047041
v -0.021092 -0.034438 0.044676
v -0.017942 -0.033839 0.043688
v -0.014947 -0.035578 0.043409
v -0.016703 -0.034540 0.042774
v -0.014269 -0.035971 0.044992
v -0.015569 -0.034878 0.047130
v -0.016843 -0.034049 0.046991
v 0.013633 -0.038743 0.045010
v 0.017953 -0.033833 0.046295
v 0.014162 -0.035557 0.044629
v 0.012280 0.025792 0.033012
v -0.012306 0.025809 0.033021
v -0.007291 0.019996 0.035935
v -0.008807 0.019978 0.035914
v -0.008737 0.019990 0.038035
v -0.007752 0.019996 0.038255
v -0.006806 0.019979 0.037495
v -0.008255 0.019256 0.036838
v -0.008865 -0.039593 0.049800
v -0.008574 -0.039647 0.048419
v -0.008878 -0.038528 0.049793
v 0.009453 -0.037743 0.049800
v 0.009200 -0.040269 0.048000
v 0.009200 -0.040269 0.049800
v 0.009175 -0.040267 0.049800
v 0.009041 -0.040191 0.049800
v 0.009100 -0.040243 0.049800
v -0.009200 -0.040269 0.048000
v -0.009175 -0.040267 0.049800
v -0.009025 -0.040085 0.049983
v -0.009200 -0.040269 0.049800
v 0.024278 0.017172 0.048613
v -0.033640 0.002503 0.049800
v -0.031395 0.001650 0.048109
v -0.024486 0.017547 0.048414
v -0.022438 0.017196 0.049803
v -0.023746 0.017042 0.048504
v -0.032475 0.002062 0.049800
v 0.032137 0.001819 0.049959
v 0.023531 0.017244 0.049916
v 0.022272 0.017378 0.049936
v -0.033692 0.002505 0.049800
v -0.033766 0.002479 0.049800
v -0.033825 0.002428 0.049800
v -0.024665 0.018242 0.049800
v -0.024650 0.018165 0.049800
v 0.024717 0.017584 0.048499
v 0.033825 0.002428 0.049800
v 0.033766 0.002479 0.049800
v 0.033692 0.002505 0.049800
v 0.011816 0.024935 0.048000
v 0.005445 0.026629 0.048000
v -0.004613 0.026703 0.048000
v -0.008633 0.025861 0.048000
v 0.012764 0.026078 0.049805
v -0.012654 0.025398 0.048000
v -0.010886 0.025178 0.049000
v 0.012660 0.025402 0.048000
v -0.011750 0.024930 0.050000
v 0.015170 0.021602 0.039059
v 0.020210 0.018284 0.039123
v 0.003744 0.025237 0.039093
v 0.022429 0.016235 0.039059
v 0.012424 0.022849 0.039015
v 0.020141 0.018200 0.039015
v 0.029240 0.006349 0.039059
v 0.029181 0.006323 0.039015
v 0.027839 0.009020 0.039015
v 0.022383 0.016189 0.039015
v 0.031712 -0.002340 0.039123
v 0.027580 -0.022705 0.039123
v 0.028986 -0.020029 0.039123
v 0.014560 -0.034986 0.039123
v 0.008949 -0.037214 0.039123
v 0.006011 -0.037922 0.039123
v 0.031887 -0.008371 0.039059
v 0.031605 -0.002354 0.039015
v 0.031569 -0.011373 0.039059
v 0.028947 -0.020011 0.039059
v 0.024012 -0.027571 0.039059
v 0.025893 -0.025210 0.039059
v 0.017160 -0.033448 0.039059
v 0.003015 -0.038306 0.039059
v 0.003723 0.025186 0.039038
v 0.003715 0.025154 0.039016
v 0.031856 -0.005356 0.039015
v 0.028888 -0.019983 0.039015
v 0.023963 -0.027528 0.039015
v 0.019586 -0.031657 0.039015
v 0.014511 -0.034889 0.039015
v 0.008919 -0.037111 0.039015
v 0.005990 -0.037816 0.039015
v -0.000000 -0.038384 0.039015
v -0.003019 -0.038349 0.039123
v -0.003015 -0.038306 0.039059
v -0.019626 -0.031708 0.039059
v -0.005990 -0.037816 0.039015
v -0.025841 -0.025172 0.039015
v -0.031930 -0.008374 0.039123
v -0.031612 -0.011379 0.039123
v -0.020210 0.018284 0.039123
v -0.006709 0.024766 0.039123
v -0.003732 0.025217 0.039060
v -0.027896 0.009051 0.039059
v -0.031856 -0.005356 0.039015
v -0.022383 0.016189 0.039015
v -0.017719 0.019991 0.039015
v -0.003715 0.025153 0.039016
v -0.009598 0.023890 0.039015
v 0.003730 0.025209 0.039055
v 0.003714 0.025149 0.039015
v 0.005738 0.027492 0.039935
v 0.005140 0.027493 0.037867
v 0.001160 0.027501 0.034779
v -0.001122 0.027493 0.034860
v -0.003809 0.027486 0.036018
v -0.005122 0.027490 0.043169
v -0.003195 0.027493 0.045281
v -0.004066 0.027493 0.044566
v 0.003195 0.027493 0.045281
v 0.005312 0.027493 0.042700
v 0.002955 0.021251 0.037793
v -0.003685 0.021309 0.038451
v 0.033640 0.002503 0.049800
v 0.015766 0.010786 0.009700
v 0.015837 0.010520 0.009700
v 0.013323 0.008933 0.009707
v 0.016005 0.010163 0.009700
v 0.016302 0.009789 0.009700
v 0.013042 0.012627 0.009703
v 0.015858 0.011716 0.009730
v 0.015737 0.010976 0.009700
v 0.015732 0.011382 0.009700
v 0.016659 0.009494 0.009700
v 0.016173 0.009930 0.009700
v 0.013790 0.014042 0.009700
v 0.016168 0.012405 0.009700
v 0.015875 0.011913 0.009700
v 0.016001 0.012169 0.009700
v 0.016296 0.012547 0.009700
v 0.015388 0.015434 0.009700
v 0.016502 0.012729 0.009700
v 0.016940 0.012984 0.009700
v 0.017293 0.013082 0.009700
v 0.017919 0.013659 0.009492
v 0.017580 0.013121 0.009700
v 0.018054 0.013084 0.009700
v 0.018240 0.013038 0.009700
v 0.017115 0.009303 0.009700
v 0.017489 0.009224 0.009700
v 0.017984 0.009242 0.009700
v 0.018598 0.009425 0.009700
v 0.019779 0.006849 0.009700
v 0.019118 0.009852 0.009700
v 0.017047 0.006346 0.009700
v 0.020969 0.007549 0.009704
v 0.019808 0.010514 0.009531
v 0.019672 0.010680 0.009628
v 0.018998 0.012609 0.009700
v 0.019589 0.011555 0.009700
v 0.019409 0.012118 0.009700
v 0.020170 0.015423 0.009715
v 0.018595 0.012898 0.009700
v 0.019618 0.011366 0.009700
v 0.022571 0.010760 0.009710
v 0.021740 0.013811 0.009700
v 0.021296 0.007671 0.011147
v 0.018445 0.006223 0.011006
v 0.022049 0.008850 0.011075
v 0.020204 0.009635 0.011209
v 0.018558 0.008291 0.011200
v 0.017598 0.006171 0.011152
v 0.016610 0.006278 0.011109
v 0.017096 0.008216 0.011200
v 0.022767 0.011145 0.011172
v 0.020521 0.012073 0.011203
v 0.022185 0.013294 0.011092
v 0.022018 0.013910 0.011156
v 0.020770 0.015104 0.011100
v 0.014625 0.007214 0.011088
v 0.015154 0.009621 0.011207
v 0.013154 0.008934 0.011125
v 0.014825 0.010298 0.011203
v 0.012917 0.009539 0.011122
v 0.012695 0.011299 0.011093
v 0.013115 0.013197 0.011105
v 0.015888 0.015822 0.011063
v 0.017872 0.016160 0.011100
v 0.016549 0.013908 0.011207
v 0.019924 0.015644 0.011078
v 0.015139 0.012693 0.011207
v 0.013603 0.014040 0.011098
v 0.013161 0.013323 0.009890
v 0.013380 0.013774 0.009856
v 0.014536 0.015080 0.009899
v 0.015410 0.015701 0.011092
v 0.016662 0.016082 0.009880
v 0.017660 0.016164 0.009842
v 0.019832 0.015682 0.009842
v 0.020849 0.015051 0.009899
v 0.022485 0.012612 0.009917
v 0.022677 0.010958 0.009859
v 0.022645 0.011665 0.009839
v 0.012827 0.012386 0.009846
v 0.022107 0.008816 0.009899
v 0.021394 0.007833 0.009816
v 0.018181 0.006180 0.009899
v 0.019360 0.006465 0.009838
v 0.016224 0.006337 0.009894
v 0.014505 0.007286 0.009899
v 0.013673 0.008179 0.009842
v 0.012662 0.011159 0.009899
v 0.020421 0.006972 0.009899
v 0.022538 0.009995 0.009850
v 0.022497 0.012404 0.009786
v 0.021028 0.014900 0.009821
v 0.022416 0.012256 0.009703
v 0.022654 0.011107 0.009775
v 0.021723 0.013973 0.009714
v 0.022164 0.013320 0.009786
v 0.021564 0.014278 0.009775
v 0.019002 0.015932 0.009742
v 0.018620 0.016095 0.009864
v 0.016991 0.016098 0.009790
v 0.016000 0.015873 0.009827
v 0.014906 0.015266 0.009743
v 0.014128 0.014692 0.009822
v 0.015319 0.015562 0.009823
v 0.019878 0.015517 0.009705
v 0.018112 0.016062 0.009728
v 0.017507 0.016056 0.009710
v 0.022481 0.009907 0.009777
v 0.018632 0.016019 0.009759
v 0.016203 0.015873 0.009730
v 0.013750 0.014167 0.009725
v 0.012973 0.012653 0.009727
v 0.022023 0.008922 0.009716
v 0.012793 0.011270 0.009701
v 0.013166 0.009017 0.009842
v 0.012840 0.009900 0.009855
v 0.014376 0.007461 0.009756
v 0.015107 0.006890 0.009827
v 0.012849 0.010216 0.009723
v 0.012720 0.011472 0.009777
v 0.012710 0.010662 0.009808
v 0.014275 0.007677 0.009708
v 0.013567 0.008492 0.009725
v 0.016056 0.006482 0.009759
v 0.018427 0.006237 0.009823
v 0.016963 0.006232 0.009823
v 0.020641 0.007171 0.009793
v 0.021828 0.008410 0.009823
v 0.016999 0.006299 0.009730
v 0.015562 0.006752 0.009713
v 0.018181 0.006247 0.009734
v 0.019511 0.006543 0.009755
v 0.019442 0.006647 0.009703
v 0.021603 0.008212 0.009723
v 0.014160 0.007639 0.009823
v 0.021121 0.007670 0.009725
v 0.022186 0.009066 0.009786
v 0.018006 0.012261 0.010574
v 0.018786 0.011459 0.010567
v 0.019042 0.012414 0.009812
v 0.019051 0.012388 0.009824
v 0.018945 0.011985 0.010195
v 0.018799 0.011401 0.010572
v 0.019434 0.010728 0.009859
v 0.018831 0.012450 0.009988
v 0.018485 0.010359 0.010572
v 0.018443 0.010318 0.010567
v 0.017734 0.009681 0.010214
v 0.018284 0.009791 0.010195
v 0.019386 0.010570 0.009860
v 0.018150 0.009397 0.009824
v 0.018045 0.009373 0.009824
v 0.019025 0.012438 0.009808
v 0.019002 0.012456 0.009812
v 0.019453 0.010666 0.009812
v 0.019449 0.010637 0.009808
v 0.019436 0.010610 0.009812
v 0.018129 0.009381 0.009812
v 0.018101 0.009370 0.009808
v 0.018072 0.009367 0.009812
v 0.017361 0.010074 0.010571
v 0.017322 0.010082 0.010567
v 0.016410 0.010356 0.010195
v 0.016569 0.010882 0.010567
v 0.016807 0.009960 0.010214
v 0.016305 0.009953 0.009824
v 0.016313 0.009927 0.009812
v 0.016498 0.010998 0.010537
v 0.016378 0.009875 0.009824
v 0.016886 0.011993 0.010571
v 0.016344 0.011862 0.010201
v 0.016913 0.012023 0.010567
v 0.017423 0.012874 0.009988
v 0.015937 0.011751 0.009824
v 0.017071 0.012550 0.010195
v 0.017205 0.012944 0.009824
v 0.015906 0.011648 0.009824
v 0.015902 0.011675 0.009812
v 0.016330 0.009903 0.009808
v 0.016353 0.009885 0.009812
v 0.015919 0.011731 0.009812
v 0.017227 0.012961 0.009812
v 0.017254 0.012971 0.009808
v 0.017283 0.012974 0.009812
v 0.018447 0.010328 0.011800
v 0.018174 0.009438 0.011800
v 0.017349 0.010078 0.011800
v 0.019449 0.010637 0.011800
v 0.019422 0.010593 0.011800
v 0.018914 0.010465 0.011800
v 0.019098 0.011076 0.011800
v 0.018101 0.009370 0.011800
v 0.018050 0.009371 0.011800
v 0.017777 0.009649 0.011800
v 0.018147 0.009394 0.011800
v 0.016571 0.010893 0.011800
v 0.018789 0.011432 0.011800
v 0.019451 0.010689 0.011800
v 0.018946 0.012018 0.011800
v 0.019050 0.012392 0.011800
v 0.018007 0.012263 0.011800
v 0.018953 0.012440 0.011800
v 0.019025 0.012438 0.011800
v 0.016374 0.009876 0.011800
v 0.016330 0.009903 0.011800
v 0.016305 0.009949 0.011800
v 0.016754 0.009957 0.011800
v 0.016307 0.010001 0.011800
v 0.016896 0.012002 0.011800
v 0.015905 0.011652 0.011800
v 0.015906 0.011704 0.011800
v 0.016165 0.011364 0.011800
v 0.016310 0.011845 0.011800
v 0.017089 0.012578 0.011800
v 0.017208 0.012947 0.011800
v 0.017254 0.012971 0.011800
v 0.017315 0.012934 0.011800
v 0.015933 0.011748 0.011800
v 0.019449 0.010637 0.009808
v 0.020561 0.010725 0.011287
v 0.020580 0.011011 0.013629
v 0.020475 0.010360 0.013635
v 0.020450 0.011909 0.011750
v 0.020606 0.011174 0.013668
v 0.020213 0.012328 0.013121
v 0.019982 0.012941 0.013631
v 0.019283 0.013594 0.013646
v 0.018158 0.013975 0.012048
v 0.019513 0.013416 0.013600
v 0.016964 0.013996 0.011301
v 0.016973 0.014001 0.013658
v 0.016636 0.013891 0.013653
v 0.017378 0.014058 0.013629
v 0.016829 0.013823 0.012366
v 0.015309 0.012844 0.011650
v 0.015432 0.013011 0.013629
v 0.015238 0.012757 0.013643
v 0.015623 0.013217 0.013600
v 0.020451 0.012018 0.013600
v 0.019378 0.013494 0.011780
v 0.017672 0.014071 0.013600
v 0.014846 0.011838 0.011255
v 0.014879 0.011971 0.013625
v 0.014838 0.010642 0.011754
v 0.014777 0.011299 0.013620
v 0.014835 0.010599 0.013600
v 0.014907 0.010297 0.013600
v 0.014792 0.010880 0.013600
v 0.015363 0.009396 0.011301
v 0.015116 0.009786 0.013633
v 0.015532 0.009198 0.013659
v 0.016354 0.008651 0.011929
v 0.015960 0.008830 0.013620
v 0.016580 0.008483 0.013629
v 0.016316 0.008610 0.013600
v 0.017296 0.008279 0.011301
v 0.018392 0.008456 0.012383
v 0.019435 0.008842 0.011317
v 0.019022 0.008591 0.013599
v 0.020176 0.009663 0.011294
v 0.019990 0.009412 0.013626
v 0.020286 0.009891 0.013628
v 0.020174 0.009775 0.019201
v 0.017924 0.008373 0.019200
v 0.020494 0.011412 0.019200
v 0.018629 0.008388 0.019150
v 0.019927 0.012940 0.019201
v 0.017157 0.014012 0.019184
v 0.016485 0.008463 0.019110
v 0.016425 0.008568 0.019201
v 0.014946 0.010011 0.019090
v 0.015046 0.012463 0.019154
v 0.016510 0.013947 0.018998
v 0.015745 0.013398 0.019122
v 0.017996 0.014114 0.019161
v 0.018939 0.013912 0.019003
v 0.020425 0.012305 0.019089
v 0.020673 0.011482 0.018998
v 0.015355 0.013069 0.019000
v 0.019889 0.013224 0.018997
v 0.020521 0.010154 0.019058
v 0.019531 0.008759 0.019001
v 0.017506 0.008158 0.018997
v 0.015464 0.009175 0.019089
v 0.014677 0.011036 0.018999
v 0.014804 0.011754 0.019140
v 0.016016 0.008673 0.019000
v 0.014835 0.010516 0.019153
v 0.014862 0.012212 0.013699
v 0.015735 0.013404 0.013692
v 0.017084 0.014136 0.013699
v 0.018790 0.013951 0.013703
v 0.019381 0.013648 0.013703
v 0.020093 0.012962 0.013704
v 0.020670 0.011206 0.013701
v 0.020576 0.011950 0.013702
v 0.015903 0.013594 0.013700
v 0.020447 0.012324 0.013700
v 0.020350 0.009783 0.013696
v 0.019783 0.009025 0.013700
v 0.019227 0.008596 0.013700
v 0.017986 0.008165 0.013704
v 0.017138 0.008225 0.013702
v 0.015924 0.008735 0.013703
v 0.014813 0.010261 0.013703
v 0.014793 0.011907 0.011210
v 0.015467 0.013088 0.011228
v 0.015785 0.013445 0.011213
v 0.014921 0.012120 0.011247
v 0.015162 0.012647 0.011246
v 0.015934 0.013512 0.011243
v 0.017216 0.014082 0.011215
v 0.016454 0.013815 0.011249
v 0.016943 0.013994 0.011246
v 0.017499 0.014081 0.011247
v 0.017658 0.014114 0.011215
v 0.018840 0.013861 0.011224
v 0.019760 0.013279 0.011207
v 0.020609 0.011636 0.011209
v 0.018220 0.014055 0.011226
v 0.019414 0.013526 0.011230
v 0.019938 0.013012 0.011243
v 0.020595 0.011154 0.011248
v 0.020444 0.010146 0.011213
v 0.018516 0.013955 0.011262
v 0.019061 0.013737 0.011243
v 0.020159 0.012703 0.011247
v 0.019730 0.013231 0.011262
v 0.020304 0.012474 0.011226
v 0.020458 0.012020 0.011262
v 0.020528 0.011744 0.011262
v 0.020571 0.011461 0.011262
v 0.020506 0.010477 0.011259
v 0.019984 0.009326 0.011207
v 0.020566 0.010505 0.011209
v 0.019443 0.008793 0.011206
v 0.020191 0.009690 0.011246
v 0.019655 0.009012 0.011229
v 0.019048 0.008579 0.011231
v 0.018002 0.008237 0.011209
v 0.018796 0.008487 0.011262
v 0.018397 0.008327 0.011224
v 0.017968 0.008278 0.011262
v 0.018527 0.008390 0.011262
v 0.016547 0.008467 0.011224
v 0.014716 0.011039 0.011208
v 0.015277 0.009484 0.011229
v 0.017115 0.008282 0.011223
v 0.015827 0.008886 0.011223
v 0.014843 0.010380 0.011222
v 0.017710 0.008243 0.011224
v 0.016991 0.008336 0.011246
v 0.016313 0.008594 0.011243
v 0.015838 0.008919 0.011262
v 0.015522 0.009214 0.011262
v 0.014939 0.010167 0.011246
v 0.014827 0.010598 0.011262
v 0.014783 0.011450 0.011262
v 0.014763 0.011025 0.011244
v 0.020625 0.010639 0.013708
v 0.020432 0.012139 0.013658
v 0.020529 0.011738 0.013647
v 0.020092 0.012791 0.013638
v 0.019828 0.013154 0.013669
v 0.019546 0.013421 0.013671
v 0.020256 0.012555 0.013673
v 0.020369 0.009927 0.013692
v 0.017964 0.014158 0.013703
v 0.018962 0.013805 0.013676
v 0.016545 0.013951 0.013700
v 0.015170 0.012823 0.013704
v 0.014939 0.012298 0.013692
v 0.014765 0.011795 0.013701
v 0.018207 0.014036 0.013652
v 0.018686 0.013907 0.013653
v 0.017836 0.014084 0.013654
v 0.016175 0.013673 0.013656
v 0.014966 0.012243 0.013644
v 0.020202 0.009691 0.013652
v 0.014670 0.011121 0.013702
v 0.015278 0.009344 0.013703
v 0.014856 0.010419 0.013659
v 0.014745 0.011126 0.013673
v 0.015326 0.009435 0.013661
v 0.015136 0.009706 0.013678
v 0.016692 0.008338 0.013703
v 0.018789 0.008396 0.013700
v 0.019671 0.009004 0.013682
v 0.016300 0.008554 0.013695
v 0.017684 0.008241 0.013671
v 0.018655 0.008391 0.013677
v 0.015943 0.008809 0.013673
v 0.016923 0.008358 0.013643
v 0.017532 0.008265 0.013643
v 0.017965 0.008269 0.013657
v 0.018409 0.008346 0.013654
v 0.019509 0.008908 0.013637
v 0.019738 0.009119 0.013638
v 0.001103 -0.034376 0.010687
v 0.000118 -0.034505 0.016300
v 0.000582 -0.034453 0.016300
v 0.001413 -0.034157 0.016300
v 0.001993 -0.033750 0.016300
v 0.000983 -0.034342 0.016300
v 0.002808 -0.032756 0.010687
v 0.002203 -0.033544 0.016300
v 0.002699 -0.032817 0.016300
v 0.002392 -0.033318 0.016300
v 0.002941 -0.032122 0.016300
v 0.002857 -0.030357 0.010685
v 0.002917 -0.030807 0.016300
v 0.002972 -0.031096 0.016300
v 0.002588 -0.029990 0.016300
v 0.002145 -0.029405 0.016300
v 0.002834 -0.030524 0.016300
v 0.001180 -0.028669 0.010711
v 0.001811 -0.029115 0.016300
v 0.001568 -0.028949 0.016300
v 0.000758 -0.028604 0.016300
v 0.000177 -0.028512 0.016300
v 0.001039 -0.028693 0.016300
v 0.003003 -0.031511 0.016300
v 0.001763 -0.033934 0.016300
v 0.002558 -0.033075 0.016300
v 0.002814 -0.032546 0.016300
v 0.002725 -0.030251 0.016300
v 0.002427 -0.029744 0.016300
v 0.001309 -0.028808 0.016300
v 0.000470 -0.028544 0.016300
v -0.000254 -0.028514 0.016305
v -0.000177 -0.034502 0.016300
v -0.001170 -0.028666 0.010661
v -0.000983 -0.028673 0.016300
v -0.000700 -0.028590 0.016300
v -0.001517 -0.028919 0.016300
v -0.001993 -0.029264 0.016300
v -0.001256 -0.028783 0.016300
v -0.002838 -0.030328 0.010711
v -0.002392 -0.029696 0.016300
v -0.002763 -0.030329 0.016300
v -0.002558 -0.029939 0.016300
v -0.002903 -0.030749 0.016300
v -0.002995 -0.031330 0.016300
v -0.002963 -0.031038 0.016300
v -0.002203 -0.029471 0.016300
v -0.002854 -0.032630 0.010664
v -0.002972 -0.031918 0.016300
v -0.002834 -0.032490 0.016300
v -0.002917 -0.032207 0.016300
v -0.002588 -0.033024 0.016300
v -0.002427 -0.033270 0.016300
v -0.002725 -0.032763 0.016300
v -0.001249 -0.034315 0.010687
v -0.001811 -0.033899 0.016300
v -0.001309 -0.034206 0.016300
v -0.001568 -0.034065 0.016300
v -0.001039 -0.034322 0.016300
v -0.000470 -0.034470 0.016300
v -0.002133 -0.033619 0.016305
v -0.002998 -0.031625 0.016300
v -0.001763 -0.029080 0.016300
v -0.000447 -0.034214 0.017492
v -0.001897 -0.033420 0.009500
v -0.000898 -0.034057 0.009500
v -0.002683 -0.031645 0.009500
v -0.002645 -0.031088 0.009500
v -0.002485 -0.032548 0.009500
v 0.000138 -0.034190 0.009500
v 0.000911 -0.034035 0.009500
v 0.001826 -0.033502 0.009500
v 0.002284 -0.032907 0.009500
v 0.002581 -0.032279 0.009500
v -0.002565 -0.030726 0.009500
v -0.001041 -0.029022 0.009500
v -0.002012 -0.029701 0.009500
v -0.002410 -0.030338 0.009500
v 0.001400 -0.029223 0.009500
v 0.000772 -0.028926 0.009500
v -0.000138 -0.028824 0.009500
v 0.002371 -0.030227 0.009500
v 0.002605 -0.030882 0.009500
v 0.002683 -0.031369 0.009500
v 0.001823 -0.029536 0.009500
v -0.001681 -0.033657 0.017500
v 0.000971 -0.034020 0.017500
v 0.002243 -0.033090 0.017500
v -0.002705 -0.031973 0.017500
v -0.002379 -0.030205 0.017500
v -0.001181 -0.029046 0.017500
v 0.002708 -0.031309 0.017500
v 0.000557 -0.028845 0.017500
v 0.002068 -0.029726 0.017500
v -0.020003 0.018493 0.006008
v -0.020002 0.018720 0.003891
v -0.019997 0.022093 0.004905
v -0.020516 0.020633 0.005073
v -0.020000 0.021376 0.003709
v -0.020001 0.021413 0.006504
v -0.019500 0.022193 0.005100
v -0.019500 0.022154 0.005490
v 0.019500 0.022154 0.005490
v -0.019500 0.022041 0.005865
v -0.019500 0.021856 0.006211
v 0.019500 0.021856 0.006211
v -0.019500 0.021607 0.006514
v -0.019500 0.021304 0.006763
v 0.019500 0.021304 0.006763
v -0.019500 0.020958 0.006948
v -0.019500 0.020583 0.007062
v -0.019500 0.020193 0.007100
v -0.019500 0.019803 0.007062
v 0.019500 0.020193 0.007100
v -0.019500 0.019428 0.006948
v -0.019500 0.019082 0.006763
v 0.019500 0.019803 0.007062
v -0.019500 0.018779 0.006514
v -0.019500 0.018530 0.006211
v 0.019500 0.018530 0.006211
v -0.019500 0.018345 0.005865
v -0.019500 0.018231 0.005490
v 0.019500 0.018231 0.005490
v 0.019500 0.018345 0.005865
v 0.019500 0.020583 0.007062
v 0.019500 0.019082 0.006763
v -0.019500 0.018193 0.005100
v 0.019500 0.022154 0.004710
v -0.019500 0.018231 0.004710
v 0.019500 0.018231 0.004710
v -0.019500 0.018345 0.004335
v -0.019500 0.018530 0.003989
v 0.019500 0.018530 0.003989
v 0.019500 0.018345 0.004335
v -0.019500 0.018779 0.003686
v -0.019500 0.019082 0.003437
v 0.019500 0.019082 0.003437
v -0.019500 0.019428 0.003252
v -0.019500 0.019803 0.003138
v 0.019500 0.019803 0.003138
v -0.019500 0.020193 0.003100
v -0.019500 0.020583 0.003138
v 0.019500 0.020583 0.003138
v -0.019500 0.020958 0.003252
v -0.019500 0.021304 0.003437
v 0.019500 0.021304 0.003437
v -0.019500 0.021607 0.003686
v -0.019500 0.021856 0.003989
v 0.019500 0.021856 0.003989
v -0.019500 0.022041 0.004335
v 0.019500 0.020193 0.003100
v 0.019993 0.022064 0.005203
v 0.020004 0.021225 0.003444
v 0.020007 0.019311 0.006885
v 0.020001 0.021413 0.006504
v 0.020000 0.019270 0.003485
v 0.020001 0.018334 0.004788
f 6 8 5
f 6 1 8
f 21 9 7
f 2 8 1
f 3 8 2
f 7 8 4
f 3 4 8
f 8 7 9
f 6 5 195
f 11 10 5
f 12 5 13
f 12 11 5
f 14 13 16
f 13 15 16
f 176 16 15
f 12 13 10
f 19 17 18
f 20 19 18
f 23 18 22
f 22 18 30
f 18 24 30
f 36 18 23
f 21 17 19
f 27 29 26
f 15 28 176
f 26 176 28
f 30 24 31
f 26 25 27
f 25 26 28
f 32 29 27
f 31 29 32
f 33 34 13
f 34 35 15
f 33 13 5
f 34 15 13
f 28 15 35
f 25 28 35
f 25 35 27
f 32 27 35
f 30 31 32
f 36 37 19
f 37 38 21
f 38 39 8
f 22 30 36
f 36 19 20
f 18 36 20
f 37 21 19
f 22 36 23
f 9 21 38
f 9 38 8
f 5 8 39
f 39 33 5
f 36 30 32
f 33 40 41
f 41 42 33
f 33 43 40
f 33 44 45
f 33 46 47
f 33 45 46
f 44 33 42
f 33 48 49
f 33 50 51
f 33 49 50
f 34 52 53
f 34 54 55
f 34 53 54
f 34 51 52
f 33 47 48
f 34 56 57
f 57 58 35
f 55 56 34
f 35 59 60
f 35 61 62
f 35 60 61
f 35 63 59
f 35 64 65
f 35 66 67
f 35 65 66
f 32 68 69
f 68 32 70
f 67 71 35
f 62 64 35
f 63 35 58
f 32 71 70
f 51 34 33
f 34 57 35
f 35 71 32
f 69 72 32
f 43 33 73
f 72 74 36
f 75 76 36
f 74 75 36
f 37 77 78
f 76 79 36
f 80 81 36
f 82 83 37
f 81 82 36
f 84 85 37
f 37 86 77
f 86 37 87
f 85 87 37
f 83 84 37
f 37 78 88
f 79 80 36
f 37 88 89
f 38 90 91
f 37 89 90
f 39 92 93
f 38 91 94
f 38 95 96
f 97 38 98
f 38 99 98
f 38 96 99
f 39 100 101
f 39 102 103
f 39 101 102
f 39 97 100
f 93 73 39
f 38 94 95
f 39 103 92
f 37 36 82
f 97 39 38
f 38 37 90
f 73 33 39
f 72 36 32
f 104 105 40
f 106 107 42
f 105 106 41
f 108 109 45
f 110 111 47
f 109 110 46
f 107 108 44
f 112 113 49
f 114 115 51
f 113 114 50
f 116 117 53
f 118 119 55
f 117 118 54
f 115 116 52
f 111 112 48
f 120 121 56
f 122 123 58
f 121 122 57
f 124 125 59
f 126 127 61
f 125 126 60
f 123 124 63
f 128 129 64
f 130 131 66
f 129 130 65
f 132 133 71
f 134 135 68
f 133 134 70
f 131 132 67
f 127 128 62
f 119 120 56
f 40 43 104
f 42 41 106
f 40 105 41
f 45 44 108
f 47 46 110
f 45 109 46
f 42 107 44
f 49 48 112
f 51 50 114
f 49 113 50
f 53 52 116
f 55 54 118
f 53 117 54
f 51 115 52
f 47 111 48
f 57 56 121
f 63 58 123
f 57 122 58
f 60 59 125
f 62 61 127
f 60 126 61
f 63 124 59
f 65 64 129
f 67 66 131
f 65 130 66
f 70 71 133
f 69 68 135
f 70 134 68
f 67 132 71
f 62 128 64
f 55 119 56
f 135 136 69
f 104 43 137
f 136 138 72
f 139 140 75
f 138 139 74
f 141 142 79
f 143 144 81
f 142 143 80
f 140 141 76
f 145 146 83
f 147 148 85
f 146 147 84
f 149 150 86
f 151 152 78
f 150 151 77
f 148 149 87
f 144 145 82
f 153 154 90
f 155 156 94
f 154 155 91
f 157 158 96
f 159 160 98
f 158 159 99
f 156 157 95
f 161 162 100
f 163 164 102
f 162 163 101
f 165 166 92
f 167 137 73
f 166 167 93
f 164 165 103
f 160 161 97
f 152 153 88
f 74 72 138
f 76 75 140
f 74 139 75
f 80 79 142
f 82 81 144
f 80 143 81
f 76 141 79
f 84 83 146
f 87 85 148
f 84 147 85
f 77 86 150
f 88 78 152
f 77 151 78
f 87 149 86
f 82 145 83
f 90 89 153
f 94 91 155
f 90 154 91
f 96 95 157
f 98 99 159
f 96 158 99
f 94 156 95
f 100 97 161
f 102 101 163
f 100 162 101
f 92 103 165
f 73 93 167
f 92 166 93
f 102 164 103
f 98 160 97
f 88 153 89
f 137 43 73
f 136 72 69
f 168 169 172
f 170 168 175
f 172 169 173
f 170 174 171
f 170 175 174
f 175 168 172
f 29 178 177
f 26 177 179
f 31 198 178
f 18 180 181
f 180 18 182
f 184 182 18
f 18 189 184
f 186 18 185
f 181 185 18
f 183 7 187
f 186 198 31
f 26 179 188
f 188 176 26
f 29 177 26
f 178 29 31
f 186 31 24
f 24 18 186
f 18 17 189
f 189 17 183
f 17 21 183
f 7 183 21
f 190 7 203
f 7 191 192
f 6 205 193
f 192 203 7
f 16 194 196
f 194 16 176
f 191 7 4
f 193 191 4
f 193 3 2
f 3 193 4
f 193 1 6
f 193 2 1
f 6 195 205
f 10 195 5
f 13 197 10
f 11 12 10
f 14 197 13
f 16 196 14
f 14 196 197
f 187 7 190
f 179 202 201
f 200 201 202
f 204 200 202
f 200 194 201
f 202 199 204
f 201 188 179
f 178 202 177
f 202 178 198
f 181 202 185
f 189 202 184
f 202 189 199
f 199 193 204
f 205 204 193
f 10 204 195
f 197 200 10
f 10 200 204
f 189 183 199
f 182 184 202
f 181 180 202
f 202 180 182
f 186 185 198
f 198 185 202
f 176 188 201
f 176 201 194
f 179 177 202
f 194 200 196
f 196 200 197
f 204 205 195
f 190 203 199
f 183 187 199
f 199 187 190
f 192 191 203
f 199 203 193
f 193 203 191
f 111 175 172
f 173 124 172
f 129 173 169
f 105 175 106
f 107 175 108
f 175 107 106
f 175 111 110
f 172 115 114
f 109 175 110
f 114 113 172
f 109 108 175
f 172 112 111
f 112 172 113
f 116 115 172
f 119 118 172
f 117 172 118
f 116 172 117
f 104 175 105
f 124 123 172
f 173 126 125
f 173 128 127
f 128 173 129
f 126 173 127
f 132 131 169
f 134 133 169
f 132 169 133
f 169 131 130
f 169 130 129
f 121 120 172
f 172 123 122
f 124 173 125
f 134 169 135
f 120 119 172
f 122 121 172
f 169 136 135
f 175 104 137
f 142 168 170
f 170 171 151
f 171 174 160
f 138 136 168
f 141 140 168
f 168 140 139
f 168 139 138
f 143 142 170
f 147 146 170
f 170 149 148
f 143 170 144
f 141 168 142
f 145 170 146
f 144 170 145
f 150 170 151
f 149 170 150
f 170 148 147
f 152 151 171
f 152 171 153
f 155 154 171
f 156 155 171
f 158 171 159
f 158 157 171
f 162 161 174
f 157 156 171
f 171 154 153
f 160 174 161
f 174 163 162
f 159 171 160
f 164 174 165
f 174 166 165
f 174 164 163
f 167 174 137
f 166 174 167
f 174 175 137
f 168 136 169
f 211 213 210
f 211 206 213
f 226 214 212
f 207 213 206
f 208 213 207
f 212 213 209
f 208 209 213
f 213 212 214
f 211 210 400
f 216 215 210
f 217 210 218
f 217 216 210
f 219 218 221
f 218 220 221
f 381 221 220
f 217 218 215
f 224 222 223
f 225 224 223
f 228 223 227
f 227 223 235
f 223 229 235
f 241 223 228
f 226 222 224
f 232 234 231
f 220 233 381
f 231 381 233
f 235 229 236
f 231 230 232
f 230 231 233
f 237 234 232
f 236 234 237
f 238 239 218
f 239 240 220
f 238 218 210
f 239 220 218
f 233 220 240
f 230 233 240
f 230 240 232
f 237 232 240
f 235 236 237
f 241 242 224
f 242 243 226
f 243 244 213
f 227 235 241
f 241 224 225
f 223 241 225
f 242 226 224
f 227 241 228
f 214 226 243
f 214 243 213
f 210 213 244
f 244 238 210
f 241 235 237
f 238 245 246
f 246 247 238
f 238 248 245
f 238 249 250
f 238 251 252
f 238 250 251
f 249 238 247
f 238 253 254
f 238 255 256
f 238 254 255
f 239 257 258
f 239 259 260
f 239 258 259
f 239 256 257
f 238 252 253
f 239 261 262
f 262 263 240
f 260 261 239
f 240 264 265
f 240 266 267
f 240 265 266
f 240 268 264
f 240 269 270
f 240 271 272
f 240 270 271
f 237 273 274
f 273 237 275
f 272 276 240
f 267 269 240
f 268 240 263
f 237 276 275
f 256 239 238
f 239 262 240
f 240 276 237
f 274 277 237
f 248 238 278
f 277 279 241
f 280 281 241
f 279 280 241
f 242 282 283
f 281 284 241
f 285 286 241
f 287 288 242
f 286 287 241
f 289 290 242
f 242 291 282
f 291 242 292
f 290 292 242
f 288 289 242
f 242 283 293
f 284 285 241
f 242 293 294
f 243 295 296
f 242 294 295
f 244 297 298
f 243 296 299
f 243 300 301
f 302 243 303
f 243 304 303
f 243 301 304
f 244 305 306
f 244 307 308
f 244 306 307
f 244 302 305
f 298 278 244
f 243 299 300
f 244 308 297
f 242 241 287
f 302 244 243
f 243 242 295
f 278 238 244
f 277 241 237
f 309 310 245
f 311 312 247
f 310 311 246
f 313 314 250
f 315 316 252
f 314 315 251
f 312 313 249
f 317 318 254
f 319 320 256
f 318 319 255
f 321 322 258
f 323 324 260
f 322 323 259
f 320 321 257
f 316 317 253
f 325 326 261
f 327 328 263
f 326 327 262
f 329 330 264
f 331 332 266
f 330 331 265
f 328 329 268
f 333 334 269
f 335 336 271
f 334 335 270
f 337 338 276
f 339 340 273
f 338 339 275
f 336 337 272
f 332 333 267
f 324 325 261
f 245 248 309
f 247 246 311
f 245 310 246
f 250 249 313
f 252 251 315
f 250 314 251
f 247 312 249
f 254 253 317
f 256 255 319
f 254 318 255
f 258 257 321
f 260 259 323
f 258 322 259
f 256 320 257
f 252 316 253
f 262 261 326
f 268 263 328
f 262 327 263
f 265 264 330
f 267 266 332
f 265 331 266
f 268 329 264
f 270 269 334
f 272 271 336
f 270 335 271
f 275 276 338
f 274 273 340
f 275 339 273
f 272 337 276
f 267 333 269
f 260 324 261
f 340 341 274
f 309 248 342
f 341 343 277
f 344 345 280
f 343 344 279
f 346 347 284
f 348 349 286
f 347 348 285
f 345 346 281
f 350 351 288
f 352 353 290
f 351 352 289
f 354 355 291
f 356 357 283
f 355 356 282
f 353 354 292
f 349 350 287
f 358 359 295
f 360 361 299
f 359 360 296
f 362 363 301
f 364 365 303
f 363 364 304
f 361 362 300
f 366 367 305
f 368 369 307
f 367 368 306
f 370 371 297
f 372 342 278
f 371 372 298
f 369 370 308
f 365 366 302
f 357 358 293
f 279 277 343
f 281 280 345
f 279 344 280
f 285 284 347
f 287 286 349
f 285 348 286
f 281 346 284
f 289 288 351
f 292 290 353
f 289 352 290
f 282 291 355
f 293 283 357
f 282 356 283
f 292 354 291
f 287 350 288
f 295 294 358
f 299 296 360
f 295 359 296
f 301 300 362
f 303 304 364
f 301 363 304
f 299 361 300
f 305 302 366
f 307 306 368
f 305 367 306
f 297 308 370
f 278 298 372
f 297 371 298
f 307 369 308
f 303 365 302
f 293 358 294
f 342 248 278
f 341 277 274
f 373 374 377
f 375 373 380
f 377 374 378
f 375 379 376
f 375 380 379
f 380 373 377
f 234 383 382
f 231 382 384
f 236 403 383
f 223 385 386
f 385 223 387
f 389 387 223
f 223 394 389
f 391 223 390
f 386 390 223
f 388 212 392
f 391 403 236
f 231 384 393
f 393 381 231
f 234 382 231
f 383 234 236
f 391 236 229
f 229 223 391
f 223 222 394
f 394 222 388
f 222 226 388
f 212 388 226
f 395 212 408
f 212 396 397
f 211 410 398
f 397 408 212
f 221 399 401
f 399 221 381
f 396 212 209
f 398 396 209
f 398 208 207
f 208 398 209
f 398 206 211
f 398 207 206
f 211 400 410
f 215 400 210
f 218 402 215
f 216 217 215
f 219 402 218
f 221 401 219
f 219 401 402
f 392 212 395
f 384 407 406
f 405 406 407
f 409 405 407
f 405 399 406
f 407 404 409
f 406 393 384
f 383 407 382
f 407 383 403
f 386 407 390
f 394 407 389
f 407 394 404
f 404 398 409
f 410 409 398
f 215 409 400
f 402 405 215
f 215 405 409
f 394 388 404
f 387 389 407
f 386 385 407
f 407 385 387
f 391 390 403
f 403 390 407
f 381 393 406
f 381 406 399
f 384 382 407
f 399 405 401
f 401 405 402
f 409 410 400
f 395 408 404
f 388 392 404
f 404 392 395
f 397 396 408
f 404 408 398
f 398 408 396
f 316 380 377
f 378 329 377
f 334 378 374
f 310 380 311
f 312 380 313
f 380 312 311
f 380 316 315
f 377 320 319
f 314 380 315
f 319 318 377
f 314 313 380
f 377 317 316
f 317 377 318
f 321 320 377
f 324 323 377
f 322 377 323
f 321 377 322
f 309 380 310
f 329 328 377
f 378 331 330
f 378 333 332
f 333 378 334
f 331 378 332
f 337 336 374
f 339 338 374
f 337 374 338
f 374 336 335
f 374 335 334
f 326 325 377
f 377 328 327
f 329 378 330
f 339 374 340
f 325 324 377
f 327 326 377
f 374 341 340
f 380 309 342
f 347 373 375
f 375 376 356
f 376 379 365
f 343 341 373
f 346 345 373
f 373 345 344
f 373 344 343
f 348 347 375
f 352 351 375
f 375 354 353
f 348 375 349
f 346 373 347
f 350 375 351
f 349 375 350
f 355 375 356
f 354 375 355
f 375 353 352
f 357 356 376
f 357 376 358
f 360 359 376
f 361 360 376
f 363 376 364
f 363 362 376
f 367 366 379
f 362 361 376
f 376 359 358
f 365 379 366
f 379 368 367
f 364 376 365
f 369 379 370
f 379 371 370
f 379 369 368
f 372 379 342
f 371 379 372
f 379 380 342
f 373 341 374
f 416 418 415
f 416 411 418
f 431 419 417
f 412 418 411
f 413 418 412
f 417 418 414
f 413 414 418
f 418 417 419
f 416 415 605
f 421 420 415
f 422 415 423
f 422 421 415
f 424 423 426
f 423 425 426
f 586 426 425
f 422 423 420
f 429 427 428
f 430 429 428
f 433 428 432
f 432 428 440
f 428 434 440
f 446 428 433
f 431 427 429
f 437 439 436
f 425 438 586
f 436 586 438
f 440 434 441
f 436 435 437
f 435 436 438
f 442 439 437
f 441 439 442
f 443 444 423
f 444 445 425
f 443 423 415
f 444 425 423
f 438 425 445
f 435 438 445
f 435 445 437
f 442 437 445
f 440 441 442
f 446 447 429
f 447 448 431
f 448 449 418
f 432 440 446
f 446 429 430
f 428 446 430
f 447 431 429
f 432 446 433
f 419 431 448
f 419 448 418
f 415 418 449
f 449 443 415
f 446 440 442
f 443 450 451
f 451 452 443
f 443 453 450
f 443 454 455
f 443 456 457
f 443 455 456
f 454 443 452
f 443 458 459
f 443 460 461
f 443 459 460
f 444 462 463
f 444 464 465
f 444 463 464
f 444 461 462
f 443 457 458
f 444 466 467
f 467 468 445
f 465 466 444
f 445 469 470
f 445 471 472
f 445 470 471
f 445 473 469
f 445 474 475
f 445 476 477
f 445 475 476
f 442 478 479
f 478 442 480
f 477 481 445
f 472 474 445
f 473 445 468
f 442 481 480
f 461 444 443
f 444 467 445
f 445 481 442
f 479 482 442
f 453 443 483
f 482 484 446
f 485 486 446
f 484 485 446
f 447 487 488
f 486 489 446
f 490 491 446
f 492 493 447
f 491 492 446
f 494 495 447
f 447 496 487
f 496 447 497
f 495 497 447
f 493 494 447
f 447 488 498
f 489 490 446
f 447 498 499
f 448 500 501
f 447 499 500
f 449 502 503
f 448 501 504
f 448 505 506
f 507 448 508
f 448 509 508
f 448 506 509
f 449 510 511
f 449 512 513
f 449 511 512
f 449 507 510
f 503 483 449
f 448 504 505
f 449 513 502
f 447 446 492
f 507 449 448
f 448 447 500
f 483 443 449
f 482 446 442
f 514 515 450
f 516 517 452
f 515 516 451
f 518 519 455
f 520 521 457
f 519 520 456
f 517 518 454
f 522 523 459
f 524 525 461
f 523 524 460
f 526 527 463
f 528 529 465
f 527 528 464
f 525 526 462
f 521 522 458
f 530 531 466
f 532 533 468
f 531 532 467
f 534 535 469
f 536 537 471
f 535 536 470
f 533 534 473
f 538 539 474
f 540 541 476
f 539 540 475
f 542 543 481
f 544 545 478
f 543 544 480
f 541 542 477
f 537 538 472
f 529 530 466
f 450 453 514
f 452 451 516
f 450 515 451
f 455 454 518
f 457 456 520
f 455 519 456
f 452 517 454
f 459 458 522
f 461 460 524
f 459 523 460
f 463 462 526
f 465 464 528
f 463 527 464
f 461 525 462
f 457 521 458
f 467 466 531
f 473 468 533
f 467 532 468
f 470 469 535
f 472 471 537
f 470 536 471
f 473 534 469
f 475 474 539
f 477 476 541
f 475 540 476
f 480 481 543
f 479 478 545
f 480 544 478
f 477 542 481
f 472 538 474
f 465 529 466
f 545 546 479
f 514 453 547
f 546 548 482
f 549 550 485
f 548 549 484
f 551 552 489
f 553 554 491
f 552 553 490
f 550 551 486
f 555 556 493
f 557 558 495
f 556 557 494
f 559 560 496
f 561 562 488
f 560 561 487
f 558 559 497
f 554 555 492
f 563 564 500
f 565 566 504
f 564 565 501
f 567 568 506
f 569 570 508
f 568 569 509
f 566 567 505
f 571 572 510
f 573 574 512
f 572 573 511
f 575 576 502
f 577 547 483
f 576 577 503
f 574 575 513
f 570 571 507
f 562 563 498
f 484 482 548
f 486 485 550
f 484 549 485
f 490 489 552
f 492 491 554
f 490 553 491
f 486 551 489
f 494 493 556
f 497 495 558
f 494 557 495
f 487 496 560
f 498 488 562
f 487 561 488
f 497 559 496
f 492 555 493
f 500 499 563
f 504 501 565
f 500 564 501
f 506 505 567
f 508 509 569
f 506 568 509
f 504 566 505
f 510 507 571
f 512 511 573
f 510 572 511
f 502 513 575
f 483 503 577
f 502 576 503
f 512 574 513
f 508 570 507
f 498 563 499
f 547 453 483
f 546 482 479
f 578 579 582
f 580 578 585
f 582 579 583
f 580 584 581
f 580 585 584
f 585 578 582
f 439 588 587
f 436 587 589
f 441 608 588
f 428 590 591
f 590 428 592
f 594 592 428
f 428 599 594
f 596 428 595
f 591 595 428
f 593 417 597
f 596 608 441
f 436 589 598
f 598 586 436
f 439 587 436
f 588 439 441
f 596 441 434
f 434 428 596
f 428 427 599
f 599 427 593
f 427 431 593
f 417 593 431
f 600 417 613
f 417 601 602
f 416 615 603
f 602 613 417
f 426 604 606
f 604 426 586
f 601 417 414
f 603 601 414
f 603 413 412
f 413 603 414
f 603 411 416
f 603 412 411
f 416 605 615
f 420 605 415
f 423 607 420
f 421 422 420
f 424 607 423
f 426 606 424
f 424 606 607
f 597 417 600
f 589 612 611
f 610 611 612
f 614 610 612
f 610 604 611
f 612 609 614
f 611 598 589
f 588 612 587
f 612 588 608
f 591 612 595
f 599 612 594
f 612 599 609
f 609 603 614
f 615 614 603
f 420 614 605
f 607 610 420
f 420 610 614
f 599 593 609
f 592 594 612
f 591 590 612
f 612 590 592
f 596 595 608
f 608 595 612
f 586 598 611
f 586 611 604
f 589 587 612
f 604 610 606
f 606 610 607
f 614 615 605
f 600 613 609
f 593 597 609
f 609 597 600
f 602 601 613
f 609 613 603
f 603 613 601
f 521 585 582
f 583 534 582
f 539 583 579
f 515 585 516
f 517 585 518
f 585 517 516
f 585 521 520
f 582 525 524
f 519 585 520
f 524 523 582
f 519 518 585
f 582 522 521
f 522 582 523
f 526 525 582
f 529 528 582
f 527 582 528
f 526 582 527
f 514 585 515
f 534 533 582
f 583 536 535
f 583 538 537
f 538 583 539
f 536 583 537
f 542 541 579
f 544 543 579
f 542 579 543
f 579 541 540
f 579 540 539
f 531 530 582
f 582 533 532
f 534 583 535
f 544 579 545
f 530 529 582
f 532 531 582
f 579 546 545
f 585 514 547
f 552 578 580
f 580 581 561
f 581 584 570
f 548 546 578
f 551 550 578
f 578 550 549
f 578 549 548
f 553 552 580
f 557 556 580
f 580 559 558
f 553 580 554
f 551 578 552
f 555 580 556
f 554 580 555
f 560 580 561
f 559 580 560
f 580 558 557
f 562 561 581
f 562 581 563
f 565 564 581
f 566 565 581
f 568 581 569
f 568 567 581
f 572 571 584
f 567 566 581
f 581 564 563
f 570 584 571
f 584 573 572
f 569 581 570
f 574 584 575
f 584 576 575
f 584 574 573
f 577 584 547
f 576 584 577
f 584 585 547
f 578 546 579
f 616 619 735
f 735 619 624
f 617 621 622
f 617 618 621
f 727 726 622
f 624 620 625
f 625 620 753
f 626 753 630
f 726 725 628
f 630 627 629
f 628 716 629
f 632 633 631
f 632 634 633
f 635 636 637
f 638 639 640
f 636 638 641
f 642 643 644
f 645 646 647
f 643 645 648
f 639 642 649
f 650 651 652
f 653 654 655
f 651 653 656
f 657 658 659
f 660 661 662
f 658 660 663
f 654 657 664
f 646 650 665
f 637 666 635
f 640 641 638
f 637 636 641
f 644 649 642
f 647 648 645
f 644 643 648
f 640 639 649
f 652 665 650
f 655 656 653
f 652 651 656
f 659 664 657
f 662 663 660
f 659 658 663
f 655 654 664
f 647 646 665
f 667 668 661
f 635 666 669
f 667 631 670
f 671 672 673
f 631 671 670
f 674 675 676
f 677 678 679
f 675 677 680
f 672 674 681
f 682 683 684
f 685 686 687
f 683 685 688
f 689 690 691
f 692 634 669
f 690 692 693
f 686 689 694
f 678 682 695
f 670 668 667
f 696 673 672
f 670 671 673
f 676 681 674
f 679 680 677
f 676 675 680
f 696 672 681
f 684 695 682
f 687 688 685
f 684 683 688
f 691 694 689
f 669 693 692
f 691 690 693
f 687 686 694
f 679 678 695
f 634 635 669
f 668 662 661
f 697 673 696
f 697 670 673
f 668 670 697
f 681 698 696
f 676 698 681
f 698 680 679
f 698 679 695
f 680 698 676
f 699 659 697
f 697 662 668
f 659 699 664
f 663 697 659
f 699 656 655
f 664 699 655
f 652 699 665
f 656 699 652
f 662 697 663
f 684 700 698
f 684 688 700
f 700 688 687
f 687 694 702
f 691 693 702
f 693 669 702
f 702 694 691
f 702 669 666
f 700 687 702
f 701 648 647
f 701 647 665
f 649 644 701
f 701 644 648
f 701 640 649
f 699 701 665
f 637 641 701
f 701 702 637
f 702 666 637
f 701 641 640
f 698 695 684
f 702 701 703
f 701 699 706
f 699 697 708
f 703 701 704
f 705 701 709
f 709 701 722
f 704 701 705
f 706 722 701
f 708 715 699
f 706 699 715
f 707 714 697
f 708 697 714
f 696 698 713
f 697 696 743
f 698 700 711
f 743 696 713
f 707 697 743
f 711 710 698
f 712 711 700
f 732 700 702
f 703 731 702
f 732 702 731
f 630 629 716
f 730 630 716
f 717 628 719
f 628 717 716
f 706 721 722
f 621 727 622
f 628 725 719
f 730 716 729
f 729 716 714
f 716 717 718
f 716 718 714
f 721 725 722
f 719 725 720
f 725 726 722
f 717 719 715
f 729 714 707
f 714 718 708
f 718 717 715
f 718 715 708
f 715 720 706
f 715 719 720
f 725 721 720
f 720 721 706
f 727 623 726
f 705 709 727
f 623 727 709
f 728 724 621
f 623 709 722
f 705 723 704
f 705 727 723
f 704 621 724
f 704 724 703
f 704 723 727
f 727 621 704
f 722 726 623
f 618 616 728
f 728 616 735
f 735 624 736
f 735 736 733
f 618 728 621
f 710 738 698
f 743 745 707
f 698 741 713
f 624 711 736
f 624 625 711
f 626 625 753
f 729 630 730
f 728 734 724
f 724 734 731
f 728 735 732
f 728 732 734
f 724 731 703
f 732 735 733
f 732 733 700
f 731 734 732
f 700 740 712
f 700 733 740
f 736 740 733
f 740 736 712
f 711 738 710
f 736 711 712
f 739 625 626
f 739 626 741
f 626 743 742
f 630 744 626
f 744 743 626
f 745 630 729
f 742 741 626
f 737 738 739
f 737 739 698
f 738 737 698
f 741 742 743
f 741 743 713
f 739 741 698
f 745 744 630
f 745 743 744
f 738 711 739
f 711 625 739
f 729 707 745
f 638 634 632
f 658 632 631
f 635 634 636
f 638 632 639
f 632 645 643
f 639 632 642
f 646 645 632
f 632 643 642
f 634 638 636
f 650 632 651
f 653 632 654
f 646 632 650
f 657 632 658
f 631 660 658
f 632 657 654
f 631 661 660
f 653 651 632
f 631 633 672
f 685 633 634
f 671 631 672
f 674 633 675
f 677 633 678
f 633 677 675
f 633 674 672
f 682 633 683
f 634 686 685
f 685 683 633
f 678 633 682
f 692 690 634
f 689 634 690
f 689 686 634
f 667 661 631
f 628 746 754
f 766 755 628
f 747 746 628
f 629 748 747
f 749 751 630
f 630 750 749
f 751 752 627
f 630 753 750
f 628 754 766
f 628 629 747
f 748 629 627
f 751 627 630
f 627 752 748
f 764 753 620
f 758 756 624
f 617 622 759
f 760 759 622
f 761 760 726
f 755 761 726
f 624 756 620
f 758 624 619
f 757 616 618
f 619 616 758
f 757 618 617
f 760 622 726
f 726 628 755
f 764 620 756
f 763 765 762
f 763 768 766
f 767 763 764
f 759 763 767
f 759 767 770
f 759 769 768
f 768 763 759
f 759 770 617
f 767 757 617
f 617 770 767
f 756 767 764
f 753 764 763
f 766 746 763
f 763 746 747
f 762 752 771
f 762 765 752
f 748 752 765
f 752 762 771
f 762 752 751
f 748 765 747
f 763 747 765
f 763 749 750
f 749 763 751
f 762 751 763
f 753 763 750
f 758 767 756
f 767 616 757
f 616 767 758
f 769 760 768
f 759 760 769
f 761 768 760
f 755 768 761
f 766 768 755
f 746 766 754
f 776 772 773
f 779 780 777
f 773 780 779
f 781 773 1469
f 1469 773 779
f 784 783 785
f 787 784 785
f 786 787 785
f 791 792 789
f 792 791 795
f 794 798 793
f 791 798 794
f 791 794 795
f 796 797 798
f 796 798 791
f 800 811 1452
f 1452 806 803
f 806 1452 811
f 802 803 806
f 804 806 811
f 785 809 909
f 810 785 808
f 815 811 918
f 808 785 909
f 814 813 812
f 811 816 918
f 816 811 814
f 812 813 810
f 798 797 827
f 797 818 827
f 815 819 818
f 824 825 773
f 820 822 817
f 817 798 827
f 822 821 828
f 823 822 828
f 773 829 824
f 826 825 824
f 829 773 823
f 821 822 820
f 826 809 825
f 830 835 831
f 2357 831 832
f 831 835 832
f 834 1335 833
f 836 835 830
f 836 834 833
f 838 2357 832
f 837 838 832
f 837 839 838
f 837 840 839
f 842 840 841
f 842 841 1318
f 834 843 1335
f 834 846 844
f 834 844 843
f 846 834 845
f 848 845 854
f 854 845 847
f 851 842 1318
f 853 854 852
f 852 854 855
f 852 849 853
f 852 1370 849
f 878 856 857
f 858 860 856
f 862 861 859
f 876 873 874
f 864 865 863
f 866 896 868
f 896 866 867
f 871 900 869
f 875 869 934
f 872 876 874
f 864 893 877
f 902 879 880
f 883 882 884
f 903 880 879
f 890 883 886
f 887 885 883
f 886 883 885
f 1380 864 877
f 896 933 895
f 933 896 897
f 934 869 900
f 902 901 944
f 904 939 878
f 906 874 905
f 906 905 869
f 909 1055 910
f 808 912 913
f 913 912 914
f 911 910 808
f 915 1063 916
f 917 916 918
f 924 923 827
f 1071 1069 926
f 927 1077 928
f 929 928 930
f 1051 909 922
f 921 920 919
f 893 931 932
f 905 935 936
f 939 938 907
f 907 937 908
f 874 935 905
f 903 941 942
f 903 942 940
f 901 946 947
f 901 947 945
f 903 943 941
f 901 948 949
f 890 950 951
f 890 951 948
f 894 952 953
f 894 954 955
f 894 955 952
f 894 953 950
f 894 956 957
f 892 958 959
f 892 959 956
f 891 960 961
f 893 962 963
f 893 963 960
f 892 961 958
f 894 957 954
f 901 949 946
f 903 940 904
f 943 903 944
f 901 945 944
f 890 948 901
f 894 950 890
f 956 894 892
f 893 960 891
f 891 961 892
f 893 932 962
f 964 965 1070
f 964 966 967
f 968 1070 965
f 973 969 970
f 971 969 972
f 971 972 968
f 973 970 974
f 975 976 966
f 977 978 975
f 966 979 975
f 978 977 980
f 979 977 975
f 966 976 967
f 974 981 973
f 982 983 984
f 1072 981 984
f 983 985 984
f 1072 973 981
f 986 987 988
f 985 983 988
f 988 983 986
f 966 964 1070
f 972 969 973
f 968 972 1070
f 982 984 981
f 989 990 991
f 1066 992 990
f 991 980 989
f 1066 990 1060
f 993 994 995
f 995 994 992
f 1060 990 989
f 980 977 989
f 996 993 997
f 998 996 997
f 1004 999 998
f 1000 999 1004
f 1064 1001 1002
f 1004 1002 1000
f 1003 1001 1064
f 1066 995 992
f 997 993 995
f 1004 998 997
f 1005 1002 1004
f 1006 1003 1064
f 1064 1002 1005
f 1008 1007 1006
f 1007 1003 1006
f 1009 1010 1008
f 1011 1009 1012
f 1009 1011 1010
f 1009 1008 1006
f 988 987 1074
f 1074 987 1013
f 1014 1015 1074
f 1074 1013 1014
f 1014 1016 1077
f 1077 1018 1075
f 1014 1077 1015
f 1019 1078 1075
f 1021 1080 1022
f 1022 1078 1023
f 1016 1017 1077
f 1075 1018 1024
f 1075 1024 1019
f 1078 1019 1023
f 1025 1020 1022
f 1020 1021 1022
f 1025 1022 1023
f 1080 1021 1026
f 1027 1080 1028
f 1027 1028 1061
f 1030 1028 1080
f 1031 1061 1028
f 1080 1026 1030
f 1029 1061 1031
f 1018 1077 1017
f 1032 1033 1056
f 1035 1033 1034
f 1036 1058 1037
f 1038 1056 1058
f 1040 1059 1041
f 1040 1011 1059
f 1011 1012 1059
f 1042 1043 1044
f 1042 1041 1043
f 1044 1043 1035
f 1043 1041 1059
f 1046 1036 1037
f 1046 1037 1045
f 1037 1053 1047
f 1048 1047 1053
f 1045 1037 1047
f 1053 1029 1048
f 1053 1061 1029
f 1049 1033 1032
f 1034 1033 1049
f 1044 1035 1034
f 1058 1039 1050
f 1058 1050 1038
f 1038 1032 1056
f 1058 1036 1039
f 930 922 824
f 829 930 824
f 909 826 922
f 922 826 824
f 927 928 823
f 821 820 927
f 927 828 821
f 823 930 829
f 929 930 823
f 928 929 823
f 823 828 927
f 909 809 826
f 910 911 909
f 909 911 808
f 810 808 914
f 914 808 913
f 810 914 915
f 820 926 927
f 1071 926 817
f 817 926 820
f 817 925 1071
f 925 817 827
f 827 818 924
f 921 818 819
f 923 818 921
f 818 923 924
f 814 812 916
f 918 814 917
f 918 816 814
f 916 917 814
f 812 810 915
f 915 916 812
f 920 815 919
f 920 921 815
f 921 819 815
f 815 918 919
f 1053 1055 909
f 1054 910 1055
f 808 910 1052
f 909 1051 1053
f 910 1058 1052
f 1054 1058 910
f 1057 912 1056
f 912 1052 1056
f 912 808 1052
f 912 1059 914
f 918 916 995
f 1059 915 914
f 1063 1064 916
f 995 916 1065
f 919 918 1066
f 912 1057 1059
f 1053 1051 1061
f 1037 1055 1053
f 1037 1054 1055
f 1056 1052 1058
f 1037 1058 1054
f 1062 915 1012
f 1043 1059 1057
f 1012 915 1059
f 1035 1057 1033
f 1033 1057 1056
f 1035 1043 1057
f 1062 1012 1009
f 1009 1006 1062
f 916 1064 1005
f 1062 1006 1063
f 918 995 1066
f 919 1066 1060
f 919 1060 921
f 921 1060 989
f 1065 916 1005
f 1004 1065 1005
f 1063 1006 1064
f 1065 997 995
f 997 1065 1004
f 1068 921 989
f 1063 915 1062
f 1068 923 921
f 923 1068 966
f 923 966 1067
f 827 923 1070
f 1070 1067 966
f 1070 923 1067
f 1073 1069 1071
f 1073 1071 925
f 1072 1069 1073
f 827 1070 925
f 926 1069 984
f 927 926 1074
f 984 985 926
f 930 928 1079
f 922 1080 1051
f 927 1074 1077
f 988 1074 926
f 1077 1075 928
f 988 926 985
f 1080 922 930
f 966 1068 989
f 972 925 1070
f 972 1073 925
f 984 1069 1072
f 966 989 979
f 977 979 989
f 973 1073 972
f 1073 973 1072
f 1015 1076 1074
f 1075 1078 928
f 930 1079 1080
f 1022 1079 1078
f 1079 928 1078
f 1051 1080 1027
f 1015 1077 1076
f 1079 1022 1080
f 1051 1027 1061
f 1077 1074 1076
f 1081 932 931
f 1082 893 895
f 893 1083 931
f 1084 1048 1029
f 1085 1045 1047
f 1086 1046 1045
f 1087 1047 1048
f 1089 933 897
f 1091 1039 1036
f 1092 897 898
f 933 1094 895
f 1095 1036 1046
f 1096 1084 1097
f 1084 1029 1097
f 1085 1047 1087
f 1048 1084 1087
f 1098 1038 1050
f 1099 1050 1039
f 1100 1087 1084
f 1101 1086 1085
f 1086 1045 1085
f 1102 1091 1095
f 1091 1036 1095
f 1099 1039 1091
f 1103 1099 1091
f 1086 1095 1046
f 1104 1095 1086
f 1050 1099 1098
f 1105 1085 1087
f 1106 1049 1032
f 1107 1044 1034
f 1044 1108 1042
f 1109 1034 1049
f 1110 1111 1098
f 1111 1038 1098
f 1112 1109 1106
f 1049 1106 1109
f 1034 1109 1107
f 1113 1107 1109
f 1106 1032 1111
f 1114 1106 1111
f 1044 1107 1108
f 1032 1038 1111
f 1115 1098 1099
f 1029 1031 1097
f 1116 899 934
f 1117 934 900
f 905 1121 900
f 1041 1042 1122
f 1123 936 935
f 1125 874 908
f 874 1126 935
f 1127 908 937
f 1129 907 938
f 907 1130 937
f 936 1131 905
f 1040 1132 1011
f 1010 1011 1133
f 1008 1010 1134
f 1135 1132 1040
f 1136 1122 1108
f 1042 1108 1122
f 1007 1137 1003
f 1135 1041 1122
f 1003 1138 1001
f 1139 1007 1008
f 1140 1135 1122
f 1135 1040 1041
f 1002 1001 1141
f 999 1000 1142
f 998 999 1143
f 1000 1002 1144
f 993 996 1145
f 992 994 1146
f 990 992 1147
f 994 993 1148
f 996 998 1149
f 991 990 1150
f 991 1151 980
f 899 1152 898
f 1153 1108 1107
f 1154 1096 1155
f 1096 1097 1155
f 1082 1105 1100
f 1105 1087 1100
f 1101 1085 1105
f 1156 1101 1105
f 1096 1100 1084
f 1083 1100 1096
f 1088 1102 1104
f 1102 1095 1104
f 1157 1115 1103
f 1115 1099 1103
f 1110 1098 1115
f 1090 1110 1115
f 1102 1103 1091
f 1089 1103 1102
f 1101 1104 1086
f 1094 1104 1101
f 1092 1112 1114
f 1112 1106 1114
f 1112 1113 1109
f 1011 1132 1133
f 1010 1133 1134
f 1158 1133 1132
f 1114 1111 1110
f 1158 1132 1159
f 1160 1153 1113
f 1153 1107 1113
f 1118 1140 1136
f 1140 1122 1136
f 1159 1135 1140
f 1117 1159 1140
f 1153 1136 1108
f 1116 1136 1153
f 1161 1134 1133
f 1152 1113 1112
f 1159 1132 1135
f 1093 1114 1110
f 931 1154 1081
f 1154 1155 1081
f 893 1082 1083
f 1082 1100 1083
f 1156 1105 1082
f 895 1156 1082
f 1154 1083 1096
f 931 1083 1154
f 933 1088 1094
f 1088 1104 1094
f 897 1157 1089
f 1157 1103 1089
f 1090 1115 1157
f 897 1090 1157
f 1088 1089 1102
f 933 1089 1088
f 1156 1094 1101
f 895 1094 1156
f 897 1092 1093
f 1092 1114 1093
f 1160 1113 1152
f 1112 1092 1152
f 1133 1158 1161
f 1121 1161 1158
f 1093 1110 1090
f 898 1152 1092
f 899 1116 1160
f 1116 1153 1160
f 934 1117 1118
f 1117 1140 1118
f 1162 1159 1117
f 900 1162 1117
f 1116 1118 1136
f 934 1118 1116
f 1158 1162 1121
f 899 1160 1152
f 1159 1162 1158
f 897 1093 1090
f 1134 1163 1139
f 1164 1081 1155
f 1165 1137 1139
f 1007 1139 1137
f 1166 1141 1138
f 1001 1138 1141
f 1002 1141 1144
f 1167 1144 1141
f 1138 1003 1137
f 1168 1138 1137
f 1120 1165 1163
f 1139 1163 1165
f 1169 1166 1168
f 1138 1168 1166
f 1141 1166 1167
f 1123 1167 1166
f 1168 1137 1165
f 1131 1168 1165
f 1144 1170 1142
f 1163 1161 1119
f 1171 1143 1142
f 999 1142 1143
f 1171 1172 1143
f 996 1149 1145
f 993 1145 1148
f 1145 1149 1173
f 1149 998 1143
f 1143 1172 1149
f 1124 1171 1170
f 1171 1142 1170
f 1146 1148 1174
f 992 1146 1147
f 990 1147 1150
f 1147 1146 1175
f 1148 1145 1176
f 1150 1147 1177
f 1146 994 1148
f 1144 1167 1170
f 1142 1000 1144
f 1126 1170 1167
f 905 1119 1121
f 1121 1119 1161
f 1120 1131 1165
f 1163 1119 1120
f 1131 1169 1168
f 905 1131 1120
f 1171 1125 1172
f 905 1120 1119
f 936 1123 1169
f 1123 1166 1169
f 874 1124 1126
f 1124 1170 1126
f 1125 1171 1124
f 874 1125 1124
f 1123 1126 1167
f 935 1126 1123
f 1172 1127 1173
f 936 1169 1131
f 1178 1176 1173
f 1145 1173 1176
f 1128 1175 1174
f 1146 1174 1175
f 1147 1175 1177
f 1129 1177 1175
f 1174 1148 1176
f 1130 1174 1176
f 937 1178 1127
f 1173 1127 1178
f 907 1128 1130
f 1174 1130 1128
f 1175 1128 1129
f 907 1129 1128
f 1130 1176 1178
f 937 1130 1178
f 1179 1180 1177
f 1172 1125 1127
f 1173 1149 1172
f 908 1127 1125
f 1180 1151 1150
f 1163 1134 1161
f 1139 1008 1134
f 900 1121 1162
f 1155 1097 1181
f 1182 939 904
f 939 1184 938
f 1185 940 942
f 940 1186 904
f 1187 941 943
f 944 1189 943
f 982 981 1191
f 968 965 1192
f 945 1193 944
f 941 1194 942
f 974 1195 981
f 978 1151 1196
f 980 1151 978
f 976 1197 967
f 1197 976 975
f 975 978 1196
f 964 967 1198
f 1199 1200 1196
f 975 1196 1200
f 1201 1202 1197
f 967 1197 1202
f 967 1202 1198
f 1203 1198 1202
f 1197 975 1200
f 1204 1197 1200
f 1198 1192 964
f 1205 1196 1151
f 1206 1207 1192
f 1207 968 1192
f 969 971 1208
f 1207 971 968
f 1207 1209 971
f 1192 965 964
f 970 969 1208
f 1210 1208 1209
f 971 1209 1208
f 1211 1195 1212
f 970 1212 1195
f 974 970 1195
f 1213 1191 1195
f 1212 970 1208
f 1214 1212 1208
f 1195 1191 981
f 1215 1209 1207
f 1216 1192 1198
f 991 1150 1151
f 1217 947 946
f 1218 949 948
f 1219 948 951
f 949 1220 946
f 1221 953 952
f 953 1222 950
f 1014 1013 1223
f 950 1224 951
f 1225 955 954
f 1226 957 956
f 1227 956 959
f 957 1228 954
f 1229 958 961
f 1230 960 963
f 1231 963 962
f 960 1232 961
f 958 1233 959
f 955 1234 952
f 986 1235 987
f 1236 1013 987
f 1014 1237 1016
f 1017 1016 1237
f 1238 1235 986
f 1191 1239 982
f 1240 982 1239
f 1240 1238 983
f 986 983 1238
f 1241 1238 1240
f 982 1240 983
f 1242 1240 1239
f 1018 1017 1243
f 1024 1018 1244
f 1023 1019 1245
f 1025 1023 1246
f 1019 1024 1247
f 1021 1020 1248
f 1030 1026 1249
f 1028 1030 1250
f 1026 1021 1251
f 1020 1025 1252
f 1031 1028 1181
f 947 1253 945
f 1254 1239 1191
f 1184 1205 1180
f 1205 1151 1180
f 1183 1204 1199
f 1204 1200 1199
f 1201 1197 1204
f 1186 1201 1204
f 1205 1199 1196
f 1182 1199 1205
f 1194 1216 1203
f 1216 1198 1203
f 1255 1215 1206
f 1215 1207 1206
f 1210 1209 1215
f 1189 1210 1215
f 1216 1206 1192
f 1187 1206 1216
f 1201 1203 1202
f 1185 1203 1201
f 1193 1211 1214
f 1211 1212 1214
f 1211 1213 1195
f 987 1235 1236
f 1013 1236 1223
f 1256 1236 1235
f 1214 1208 1210
f 1256 1235 1257
f 1253 1254 1213
f 1254 1191 1213
f 1220 1241 1242
f 1241 1240 1242
f 1257 1238 1241
f 1218 1257 1241
f 1254 1242 1239
f 1217 1242 1254
f 1258 1223 1236
f 1190 1213 1211
f 1257 1235 1238
f 1188 1214 1210
f 938 1184 1179
f 1184 1180 1179
f 904 1183 1182
f 1183 1199 1182
f 1186 1204 1183
f 904 1186 1183
f 1184 1182 1205
f 939 1182 1184
f 942 1194 1185
f 1194 1203 1185
f 943 1255 1187
f 1255 1206 1187
f 1189 1215 1255
f 943 1189 1255
f 1194 1187 1216
f 941 1187 1194
f 1186 1185 1201
f 940 1185 1186
f 944 1193 1188
f 1193 1214 1188
f 1253 1213 1190
f 1211 1193 1190
f 1236 1256 1258
f 1224 1258 1256
f 1188 1210 1189
f 945 1190 1193
f 947 1217 1253
f 1217 1254 1253
f 949 1218 1220
f 1218 1241 1220
f 1219 1257 1218
f 948 1219 1218
f 1217 1220 1242
f 946 1220 1217
f 1256 1219 1224
f 945 1253 1190
f 1257 1219 1256
f 944 1188 1189
f 1223 1259 1237
f 1177 1129 1179
f 1260 1261 1237
f 1017 1237 1261
f 1262 1244 1243
f 1018 1243 1244
f 1024 1244 1247
f 1263 1247 1244
f 1243 1017 1261
f 1264 1243 1261
f 1221 1260 1259
f 1237 1259 1260
f 1225 1262 1264
f 1243 1264 1262
f 1244 1262 1263
f 1228 1263 1262
f 1264 1261 1260
f 1234 1264 1260
f 1247 1265 1245
f 1259 1258 1222
f 1266 1246 1245
f 1023 1245 1246
f 1266 1267 1246
f 1020 1252 1248
f 1021 1248 1251
f 1248 1252 1268
f 1252 1025 1246
f 1246 1267 1252
f 1227 1266 1265
f 1266 1245 1265
f 1249 1251 1269
f 1030 1249 1250
f 1028 1250 1181
f 1250 1249 1270
f 1251 1248 1271
f 1181 1250 1164
f 1249 1026 1251
f 1247 1263 1265
f 1245 1019 1247
f 1226 1265 1263
f 950 1222 1224
f 1224 1222 1258
f 1221 1234 1260
f 1259 1222 1221
f 1234 1225 1264
f 952 1234 1221
f 1266 1233 1267
f 953 1221 1222
f 954 1228 1225
f 1228 1262 1225
f 956 1227 1226
f 1227 1265 1226
f 1233 1266 1227
f 959 1233 1227
f 1228 1226 1263
f 957 1226 1228
f 1267 1229 1268
f 955 1225 1234
f 1232 1271 1268
f 1248 1268 1271
f 1231 1270 1269
f 1249 1269 1270
f 1250 1270 1164
f 1272 1164 1270
f 1269 1251 1271
f 1230 1269 1271
f 961 1232 1229
f 1268 1229 1232
f 963 1231 1230
f 1269 1230 1231
f 1270 1231 1272
f 962 1272 1231
f 1230 1271 1232
f 960 1230 1232
f 1272 1081 1164
f 1267 1233 1229
f 1268 1252 1267
f 958 1229 1233
f 1181 1164 1155
f 1259 1223 1258
f 1237 1014 1223
f 951 1224 1219
f 1097 1031 1181
f 1150 1177 1180
f 938 1179 1129
f 1272 932 1081
f 1272 962 932
f 1278 1284 1276
f 1274 1337 1273
f 1337 1284 1278
f 1275 1284 1337
f 1275 1337 1274
f 1279 1397 1278
f 1277 1279 1278
f 1284 1280 1276
f 1363 1273 1282
f 1363 1281 1273
f 1273 1302 1282
f 1284 1283 1285
f 1283 1284 1275
f 1282 1286 1363
f 1286 1282 1364
f 1364 1284 1285
f 1291 1278 1287
f 1291 1287 1288
f 1290 1395 1280
f 1280 1289 1290
f 1289 1291 1288
f 1342 1294 1344
f 1342 1292 1294
f 1294 1291 1289
f 1294 1292 1293
f 1296 1294 1289
f 1296 1289 1295
f 1293 1300 1297
f 1297 1294 1293
f 1299 1295 1298
f 1300 1299 1298
f 1299 1300 1293
f 1301 1304 1303
f 1305 1303 1304
f 1360 1306 1305
f 1304 1308 1305
f 1307 1308 1304
f 1310 1311 1312
f 1333 1312 1311
f 1311 1310 1306
f 1421 1312 1309
f 1313 1421 1309
f 1312 1333 1309
f 1402 1315 1314
f 1314 1320 1402
f 1402 1322 1315
f 1317 1318 1316
f 1316 1319 1317
f 1316 1318 1298
f 1402 1319 1427
f 1320 1319 1402
f 1427 1319 1316
f 1318 1300 1298
f 1322 1400 1323
f 1323 1400 1321
f 1313 1321 1400
f 1400 1421 1313
f 1324 1323 1321
f 1320 1324 1321
f 1321 1329 1320
f 1273 1301 1302
f 1291 1326 840
f 1325 1291 837
f 1327 1300 840
f 1300 1318 841
f 1326 1327 840
f 1328 1319 1318
f 1319 1329 850
f 1329 1330 849
f 1330 1321 849
f 1321 1313 849
f 837 832 1325
f 837 1291 840
f 841 840 1300
f 851 1318 1319
f 850 851 1319
f 849 850 1329
f 853 849 1313
f 854 853 1313
f 1313 1331 854
f 1331 1309 854
f 1332 1333 845
f 854 1332 848
f 1333 1334 845
f 1334 1304 846
f 1335 1336 836
f 1273 1337 835
f 1337 1338 835
f 1336 1273 835
f 845 848 1332
f 845 1334 846
f 844 846 1304
f 844 1304 843
f 835 836 1336
f 833 1335 836
f 832 835 1338
f 1338 1325 832
f 1339 1343 1299
f 1293 1339 1299
f 1339 1293 1341
f 1339 1292 1342
f 1292 1339 1341
f 1345 1343 1339
f 1345 1339 1340
f 1339 1342 1344
f 1340 1339 1344
f 1341 1293 1292
f 1345 1340 1296
f 1344 1296 1340
f 1344 1294 1296
f 1299 1345 1295
f 1295 1345 1296
f 1299 1343 1345
f 1347 1324 1348
f 1349 1347 1348
f 1346 1347 1349
f 1351 1324 1347
f 1315 1347 1346
f 1346 1350 1314
f 1315 1346 1314
f 1347 1352 1351
f 1352 1347 1315
f 1348 1324 1320
f 1320 1349 1348
f 1320 1350 1346
f 1346 1349 1320
f 1350 1320 1314
f 1315 1322 1352
f 1351 1352 1323
f 1352 1322 1323
f 1351 1323 1324
f 1355 1356 1353
f 1353 1357 1354
f 1355 1353 1354
f 1358 1357 1353
f 1353 1360 1308
f 1360 1353 1359
f 1358 1353 1308
f 1353 1356 1359
f 1354 1357 1333
f 1333 1355 1354
f 1355 1311 1356
f 1355 1333 1311
f 1356 1311 1306
f 1306 1359 1356
f 1360 1359 1306
f 1360 1305 1308
f 1358 1308 1307
f 1358 1307 1333
f 1333 1357 1358
f 1275 1362 1361
f 1275 1361 1364
f 1367 1363 1361
f 1367 1361 1362
f 1367 1362 1366
f 1366 1362 1365
f 1362 1275 1365
f 1361 1363 1286
f 1283 1275 1364
f 1361 1286 1364
f 1283 1364 1285
f 1274 1365 1275
f 1273 1365 1274
f 1281 1366 1365
f 1281 1367 1366
f 1365 1273 1281
f 1367 1281 1363
f 1368 1369 852
f 861 1370 852
f 1369 861 852
f 1372 1373 851
f 1371 1372 850
f 1370 1371 849
f 1374 1375 842
f 1375 1376 840
f 1377 1378 839
f 1376 1377 840
f 1373 1374 842
f 855 1368 852
f 851 1373 842
f 1372 851 850
f 1371 850 849
f 2357 838 1379
f 840 842 1375
f 840 1377 839
f 839 1378 838
f 838 1378 1379
f 1380 1381 831
f 1381 1382 836
f 1382 1383 834
f 1384 884 834
f 881 1385 834
f 1385 880 845
f 884 881 834
f 1386 878 854
f 857 858 855
f 878 857 854
f 880 1386 845
f 1383 1384 834
f 2357 1380 831
f 831 1381 830
f 830 1381 836
f 1382 834 836
f 834 1385 845
f 847 1386 854
f 1386 847 845
f 857 855 854
f 1380 2357 1379
f 1380 889 1381
f 889 1380 877
f 1380 1379 864
f 883 1383 1382
f 888 1381 889
f 1382 887 883
f 1381 887 1382
f 887 1381 888
f 1379 1378 864
f 1378 865 864
f 896 865 1378
f 1378 1377 896
f 868 1377 1376
f 1377 868 896
f 1376 1375 868
f 875 868 1375
f 1375 869 875
f 1384 1383 883
f 883 884 1384
f 902 1385 881
f 1385 902 880
f 1386 880 878
f 869 1373 1372
f 1372 870 869
f 870 1372 876
f 1375 1374 869
f 1373 869 1374
f 861 862 1370
f 1371 876 1372
f 873 1371 1370
f 876 1371 873
f 857 860 858
f 860 857 856
f 1369 1368 859
f 858 859 1368
f 859 861 1369
f 858 1368 1387
f 1370 907 908
f 872 874 906
f 873 908 874
f 871 905 900
f 875 934 899
f 868 899 898
f 868 898 897
f 867 897 896
f 864 895 893
f 907 1370 862
f 1370 908 873
f 872 906 876
f 905 871 869
f 869 870 906
f 906 870 876
f 875 899 868
f 866 897 867
f 896 895 865
f 865 895 863
f 863 895 864
f 897 866 868
f 877 893 891
f 889 891 892
f 885 887 894
f 886 894 890
f 881 901 902
f 903 904 880
f 944 903 879
f 890 901 883
f 877 891 889
f 892 894 889
f 894 887 888
f 894 886 885
f 894 888 889
f 883 901 882
f 901 884 882
f 881 884 901
f 879 902 944
f 904 878 880
f 859 907 862
f 939 907 858
f 859 858 907
f 856 878 939
f 939 858 856
f 1390 1388 1389
f 1390 1398 1388
f 1398 1391 1388
f 1395 1388 1391
f 1393 1389 1388
f 1287 1390 1389
f 1388 1395 1392
f 1388 1290 1394
f 1290 1388 1392
f 1388 1394 1288
f 1393 1388 1288
f 1389 1393 1287
f 1396 1395 1391
f 1277 1398 1390
f 1390 1279 1277
f 1391 1398 1399
f 1391 1399 1396
f 1390 1287 1397
f 1395 1290 1392
f 1289 1394 1290
f 1393 1288 1287
f 1289 1288 1394
f 1396 1280 1395
f 1399 1398 1276
f 1280 1396 1399
f 1276 1398 1277
f 1390 1397 1279
f 1277 1278 1276
f 1280 1399 1276
f 1287 1278 1397
f 1322 1401 1400
f 1289 1404 1413
f 1289 1413 1403
f 1295 1403 1298
f 1401 1322 1402
f 1289 1403 1295
f 1404 1289 1280
f 1284 1405 1404
f 1284 1404 1280
f 1405 1364 1282
f 1364 1405 1284
f 1406 1303 1305
f 1406 1306 1310
f 1407 1312 1421
f 1306 1406 1305
f 1303 1302 1301
f 1405 1436 1408
f 1409 1405 1282
f 1430 1404 1405
f 1408 1430 1405
f 1302 1411 1410
f 1302 1303 1411
f 1303 1431 1411
f 1410 1412 1302
f 1412 1282 1302
f 1282 1412 1409
f 1404 1430 1413
f 1403 1413 1414
f 1415 1298 1403
f 1415 1428 1298
f 1298 1428 1316
f 1303 1406 1432
f 1303 1432 1431
f 1416 1432 1406
f 1406 1417 1416
f 1312 1434 1417
f 1310 1417 1406
f 1312 1417 1310
f 1421 1418 1407
f 1407 1418 1312
f 1419 1402 1427
f 1419 1420 1401
f 1419 1401 1402
f 1427 1316 1443
f 1443 1316 1428
f 1400 1423 1421
f 1423 1400 1424
f 1400 1401 1420
f 1420 1422 1400
f 1400 1422 1424
f 1413 1429 1414
f 1435 1418 1421
f 1425 1420 1419
f 1426 1419 1427
f 1433 1417 1434
f 1434 1312 1418
f 1405 1409 1436
f 1436 1409 1437
f 1430 1408 1436
f 1436 775 1430
f 1410 1438 1412
f 1411 1431 1438
f 1411 1438 1410
f 1409 1412 1438
f 1437 1409 1438
f 775 1413 1430
f 775 1439 1413
f 1413 1439 1429
f 1429 1403 1414
f 1429 1415 1403
f 1440 1415 1429
f 1441 1415 1440
f 1415 1441 788
f 1428 1415 788
f 788 1443 1428
f 1431 1432 1416
f 1433 1416 1417
f 1416 1433 1434
f 1435 1434 1418
f 1443 1442 1427
f 1425 1419 1442
f 1426 1427 1442
f 1442 1419 1426
f 1424 1444 1423
f 1423 1444 1421
f 1444 1435 1421
f 1444 1424 1442
f 1442 1420 1425
f 1442 1424 1422
f 1420 1442 1422
f 1435 1444 805
f 1444 1442 804
f 1442 1443 802
f 1441 1440 784
f 788 1441 787
f 1440 1429 784
f 804 807 1444
f 804 1442 806
f 805 1444 807
f 802 806 1442
f 801 802 1443
f 784 787 1441
f 784 1429 1439
f 801 1443 788
f 1436 1437 772
f 775 1436 772
f 1437 1438 773
f 1438 1431 789
f 1431 1416 791
f 1416 1434 796
f 1434 1435 799
f 774 775 772
f 773 1438 780
f 778 777 1438
f 780 1438 777
f 772 1437 773
f 789 1431 791
f 799 796 1434
f 805 799 1435
f 791 1416 796
f 778 1438 789
f 775 782 1439
f 1439 782 1446
f 782 775 1446
f 1447 774 772
f 774 1447 775
f 1447 1446 775
f 1448 783 784
f 1446 1447 809
f 809 1448 1446
f 1447 1445 825
f 825 809 1447
f 1448 809 1449
f 785 1449 809
f 1446 784 1439
f 1448 784 1446
f 1445 772 776
f 1445 1447 772
f 785 783 1449
f 783 1448 1449
f 825 776 773
f 776 825 1445
f 801 1450 802
f 801 788 1450
f 1451 788 787
f 1451 1450 788
f 1451 1453 1455
f 1450 1451 813
f 813 1452 1450
f 1450 1452 1454
f 1451 1455 810
f 810 813 1451
f 1456 785 810
f 1456 810 1455
f 1452 813 1457
f 814 1457 813
f 1458 1459 804
f 805 1461 1460
f 805 807 1461
f 805 1462 1464
f 1464 799 805
f 805 1460 1462
f 1461 818 1460
f 818 1463 1464
f 1462 818 1464
f 818 1462 1460
f 1461 1459 815
f 1458 1465 815
f 815 818 1461
f 1465 811 815
f 1463 818 797
f 1459 1458 815
f 777 778 1466
f 778 789 1466
f 789 790 1466
f 789 1467 822
f 822 790 789
f 1467 795 794
f 822 1469 1466
f 1466 1469 1468
f 822 1466 790
f 1467 794 822
f 794 1470 822
f 822 1470 817
f 823 1469 822
f 777 1468 1469
f 779 777 1469
f 1466 1468 777
f 1467 789 792
f 1467 792 795
f 797 796 1463
f 799 1463 796
f 1464 1463 799
f 807 804 1461
f 804 1459 1461
f 802 1450 1454
f 1454 803 802
f 1454 1452 803
f 786 1455 1453
f 786 1451 787
f 1453 1451 786
f 773 781 823
f 823 781 1469
f 793 798 817
f 817 1470 793
f 794 793 1470
f 804 1465 1458
f 811 1465 804
f 1452 1457 800
f 811 800 1457
f 1457 814 811
f 1456 1455 786
f 785 1456 786
f 1325 1278 1291
f 1327 1294 1297
f 1328 1318 1317
f 1328 1317 1319
f 1329 1319 1320
f 1326 1291 1294
f 1327 1326 1294
f 1300 1327 1297
f 1330 1329 1321
f 1331 1313 1309
f 1332 1309 1333
f 1301 843 1304
f 1307 1304 1334
f 1335 1301 1273
f 1338 1337 1278
f 1332 854 1309
f 1333 1307 1334
f 1273 1336 1335
f 843 1301 1335
f 1278 1325 1338
f 855 1387 1368
f 858 1387 855
f 1471 1473 1475
f 1477 1479 1478
f 1474 1477 1478
f 1473 1474 1475
f 1475 1472 1471
f 1476 1475 1474
f 1478 1479 1480
f 1476 1474 1478
f 1479 1483 1484
f 1483 1485 1486
f 1488 1490 1491
f 1485 1488 1489
f 1482 1481 1479
f 1482 1479 1484
f 1487 1485 1489
f 1486 1485 1487
f 1484 1483 1486
f 1489 1488 1491
f 1491 1490 1472
f 1490 1471 1472
f 1481 1480 1479
f 1488 1493 1490
f 1492 1495 1490
f 1490 1495 1471
f 1496 1497 1488
f 1496 1488 1506
f 1492 1490 1493
f 1494 1488 1497
f 1498 1488 1494
f 1488 1498 1493
f 1499 1471 1495
f 1501 1473 1471
f 1499 1502 1471
f 1500 1471 1502
f 1503 1471 1500
f 1504 1471 1503
f 1501 1471 1504
f 1473 1505 1474
f 1505 1473 1501
f 1485 1506 1488
f 1485 1507 1506
f 1485 1508 1507
f 1485 1509 1508
f 1510 1509 1483
f 1485 1483 1509
f 1510 1483 1479
f 1479 1516 1511
f 1511 1510 1479
f 1513 1512 1474
f 1474 1512 1514
f 1515 1474 1505
f 1474 1515 1513
f 1516 1479 1517
f 1517 1479 1477
f 1514 1477 1474
f 1477 1514 1517
f 1520 1491 1472
f 1520 1472 1547
f 1540 1521 1489
f 1545 1491 1518
f 1522 1491 1520
f 1518 1491 1522
f 1519 1491 1545
f 1540 1491 1519
f 1491 1540 1489
f 1472 1523 1547
f 1475 1532 1472
f 1472 1531 1523
f 1531 1472 1524
f 1524 1472 1532
f 1532 1475 1533
f 1533 1475 1534
f 1525 1489 1521
f 1489 1525 1487
f 1486 1525 1542
f 1484 1542 1526
f 1542 1484 1486
f 1482 1484 1526
f 1482 1526 1481
f 1487 1525 1486
f 1528 1527 1478
f 1527 1529 1475
f 1534 1475 1529
f 1478 1544 1528
f 1480 1526 1530
f 1480 1530 1478
f 1480 1481 1526
f 1476 1527 1475
f 1476 1478 1527
f 1544 1478 1530
f 1528 1536 1535
f 1527 1534 1529
f 1528 1535 1527
f 1526 1537 1538
f 1526 1541 1537
f 1525 1539 1542
f 1542 1541 1526
f 1520 1518 1522
f 1545 1540 1519
f 1538 1537 1526
f 1543 1530 1526
f 1543 1544 1530
f 1535 1536 1528
f 1527 1535 1534
f 1548 1534 1535
f 1521 1540 1525
f 1540 1545 1525
f 1518 1546 1545
f 1520 1546 1518
f 1546 1520 1547
f 1549 1532 1533
f 1533 1534 1548
f 1523 1531 1547
f 1532 1549 1524
f 1531 1524 1549
f 1514 1544 1543
f 1514 1528 1544
f 1515 1548 1535
f 1514 1535 1528
f 1505 1533 1548
f 1504 1549 1533
f 1502 1531 1549
f 1543 1516 1517
f 1543 1517 1514
f 1512 1535 1514
f 1515 1535 1513
f 1513 1535 1512
f 1548 1515 1505
f 1533 1505 1501
f 1504 1533 1501
f 1500 1549 1503
f 1499 1531 1502
f 1502 1549 1500
f 1503 1549 1504
f 1499 1495 1531
f 1511 1516 1543
f 1495 1546 1547
f 1494 1525 1545
f 1493 1545 1546
f 1508 1541 1542
f 1507 1542 1539
f 1510 1537 1541
f 1510 1526 1537
f 1506 1539 1525
f 1546 1492 1493
f 1492 1546 1495
f 1545 1493 1498
f 1545 1498 1494
f 1525 1496 1506
f 1496 1525 1497
f 1497 1525 1494
f 1539 1506 1507
f 1542 1507 1508
f 1541 1508 1509
f 1510 1541 1509
f 1511 1526 1510
f 1511 1543 1526
f 1531 1495 1547
f 1626 1551 1627
f 1632 1627 1553
f 1555 1626 1556
f 1556 1626 1554
f 1632 1553 1557
f 1550 1626 1555
f 1551 1626 1550
f 1553 1627 1552
f 1551 1552 1627
f 1557 1573 1632
f 1626 1558 1559
f 1626 1559 1560
f 1560 1554 1626
f 1561 1558 1624
f 1562 1624 1618
f 1561 1624 1562
f 1563 1618 1565
f 1562 1618 1563
f 1565 1618 1564
f 1566 1564 1579
f 1559 1558 1561
f 1573 1557 1567
f 1567 1568 1573
f 1573 1568 1569
f 1569 1570 1571
f 1574 1570 1572
f 1570 1574 1571
f 1574 1572 1575
f 1573 1569 1571
f 1580 1581 1614
f 1578 1577 1579
f 1578 1581 1577
f 1580 1614 1576
f 1582 1782 1780
f 1583 1582 1784
f 1584 1583 1787
f 1586 1770 1781
f 1776 1587 1593
f 1589 1588 1790
f 1594 1590 1597
f 1590 1591 1598
f 1593 1587 1600
f 1587 1586 1601
f 1591 1593 1617
f 1595 1631 1594
f 1596 1595 1594
f 1597 1596 1594
f 1598 1591 1617
f 1599 1617 1593
f 1600 1599 1593
f 1602 1603 1586
f 1613 1602 1586
f 1601 1586 1603
f 1586 1582 1604
f 1584 1585 1608
f 1583 1584 1606
f 1582 1583 1612
f 1585 1589 1610
f 1605 1604 1582
f 1612 1605 1582
f 1607 1583 1606
f 1606 1584 1608
f 1612 1583 1607
f 1604 1613 1586
f 1609 1608 1585
f 1609 1585 1610
f 1627 1589 1628
f 1628 1589 1611
f 1610 1589 1627
f 1611 1594 1631
f 1587 1601 1615
f 1615 1614 1581
f 1581 1578 1615
f 1614 1575 1576
f 1590 1620 1597
f 1598 1619 1590
f 1564 1599 1579
f 1618 1624 1623
f 1614 1602 1622
f 1614 1615 1603
f 1614 1603 1602
f 1615 1578 1616
f 1621 1599 1564
f 1578 1579 1599
f 1616 1578 1600
f 1622 1602 1613
f 1615 1616 1587
f 1603 1615 1601
f 1600 1578 1599
f 1621 1617 1599
f 1616 1600 1587
f 1598 1621 1618
f 1625 1624 1558
f 1626 1625 1558
f 1621 1598 1617
f 1623 1619 1618
f 1620 1623 1597
f 1623 1620 1619
f 1619 1620 1590
f 1624 1597 1623
f 1618 1619 1598
f 1624 1625 1596
f 1597 1624 1596
f 1621 1564 1618
f 1575 1614 1622
f 1611 1630 1628
f 1630 1626 1627
f 1626 1630 1631
f 1571 1636 1573
f 1609 1629 1608
f 1632 1573 1629
f 1626 1631 1625
f 1627 1632 1610
f 1635 1633 1573
f 1632 1629 1610
f 1631 1630 1611
f 1630 1627 1628
f 1610 1629 1609
f 1573 1633 1629
f 1629 1633 1608
f 1635 1608 1633
f 1631 1596 1625
f 1636 1571 1637
f 1636 1637 1606
f 1637 1574 1612
f 1574 1637 1571
f 1638 1574 1575
f 1608 1636 1606
f 1635 1636 1608
f 1637 1607 1606
f 1607 1637 1612
f 1638 1605 1574
f 1634 1638 1575
f 1605 1638 1634
f 1605 1634 1604
f 1605 1612 1574
f 1622 1634 1575
f 1635 1573 1636
f 1595 1596 1631
f 1622 1613 1634
f 1613 1604 1634
f 1643 1664 1566
f 1639 1580 1642
f 1639 1641 1581
f 1640 1581 1641
f 1644 1570 1646
f 1644 1647 1575
f 1646 1570 1648
f 1568 1567 1645
f 1577 1643 1579
f 1643 1566 1579
f 1577 1581 1640
f 1639 1581 1580
f 1642 1580 1576
f 1642 1576 1650
f 1640 1649 1577
f 1576 1651 1650
f 1577 1649 1643
f 1652 1576 1647
f 1647 1576 1575
f 1651 1576 1652
f 1648 1570 1653
f 1653 1569 1654
f 1569 1655 1654
f 1570 1644 1572
f 1575 1572 1644
f 1645 1655 1569
f 1568 1645 1569
f 1569 1653 1570
f 1567 1656 1645
f 1656 1567 1661
f 1660 1657 1551
f 1657 1658 1552
f 1658 1659 1552
f 1662 1561 1663
f 1665 1560 1662
f 1663 1562 1666
f 1667 1660 1556
f 1557 1661 1567
f 1554 1668 1667
f 1659 1669 1553
f 1670 1553 1669
f 1660 1551 1550
f 1661 1557 1553
f 1661 1553 1670
f 1552 1659 1553
f 1551 1657 1552
f 1556 1660 1555
f 1554 1667 1556
f 1550 1555 1660
f 1554 1665 1671
f 1561 1562 1663
f 1559 1561 1662
f 1560 1559 1662
f 1666 1562 1672
f 1673 1672 1563
f 1562 1563 1672
f 1673 1563 1674
f 1563 1664 1674
f 1664 1563 1565
f 1554 1560 1665
f 1564 1664 1565
f 1564 1566 1664
f 1677 1678 1679
f 1679 1675 1680
f 1681 1682 1683
f 1682 1676 1675
f 1682 1675 1683
f 1675 1684 1685
f 1677 1680 1686
f 1677 1679 1680
f 1680 1675 1685
f 1685 1688 1687
f 1688 1689 1687
f 1684 1675 1676
f 1692 1690 1691
f 1684 1692 1691
f 1693 1685 1684
f 1696 1694 1695
f 1697 1684 1696
f 1695 1697 1696
f 1701 1688 1698
f 1699 1701 1698
f 1700 1701 1699
f 1693 1684 1697
f 1693 1698 1688
f 1688 1685 1693
f 1702 1697 1695
f 1676 1692 1684
f 1640 1641 1687
f 1640 1687 1689
f 1687 1641 1685
f 1689 1649 1640
f 1643 1649 1688
f 1649 1689 1688
f 1693 1662 1663
f 1663 1698 1693
f 1662 1693 1697
f 1671 1665 1702
f 1671 1702 1695
f 1697 1665 1662
f 1702 1665 1697
f 1695 1554 1671
f 1667 1668 1694
f 1660 1667 1696
f 1668 1695 1694
f 1667 1694 1696
f 1554 1695 1668
f 1645 1656 1682
f 1656 1676 1682
f 1656 1661 1692
f 1692 1676 1656
f 1682 1655 1645
f 1648 1675 1646
f 1654 1655 1681
f 1653 1654 1681
f 1681 1683 1653
f 1648 1653 1683
f 1675 1648 1683
f 1682 1681 1655
f 1641 1639 1685
f 1685 1639 1642
f 1680 1685 1642
f 1650 1703 1677
f 1642 1650 1686
f 1677 1686 1650
f 1680 1642 1686
f 1652 1677 1703
f 1652 1647 1678
f 1647 1679 1678
f 1678 1677 1652
f 1644 1675 1679
f 1644 1646 1675
f 1644 1679 1647
f 1659 1658 1691
f 1659 1691 1690
f 1657 1684 1658
f 1691 1658 1684
f 1690 1669 1659
f 1661 1670 1692
f 1670 1690 1692
f 1669 1690 1670
f 1657 1660 1684
f 1696 1684 1660
f 1674 1664 1701
f 1674 1701 1700
f 1700 1673 1674
f 1666 1672 1699
f 1663 1666 1698
f 1672 1700 1699
f 1666 1699 1698
f 1673 1700 1672
f 1664 1688 1701
f 1664 1643 1688
f 1706 1801 1707
f 1710 1708 1711
f 1708 1710 1712
f 1718 1711 1714
f 1714 1711 1713
f 1711 1718 1808
f 1806 1717 1810
f 1717 1806 1716
f 1711 1715 1713
f 1717 1720 1810
f 1719 1720 1717
f 1732 1779 1734
f 1720 1719 1721
f 1723 1725 1721
f 1723 1721 1724
f 1722 1721 1725
f 1726 1721 1727
f 1730 1731 1728
f 1729 1728 1731
f 1727 1721 1728
f 1724 1721 1726
f 1730 1728 1818
f 1818 1728 1732
f 1733 1732 1822
f 1734 1779 1705
f 1822 1732 1734
f 1779 1704 1705
f 1735 1748 1736
f 1735 1742 1748
f 1742 1740 1748
f 1742 1735 1737
f 1748 1740 1739
f 1745 1740 1742
f 1741 1745 1742
f 1752 1742 1737
f 1737 1735 1743
f 1737 1743 1752
f 1735 1744 1743
f 1744 1735 1746
f 1746 1735 1736
f 1738 1747 1748
f 1747 1736 1748
f 1740 1749 1739
f 1740 1745 1806
f 1741 1742 1751
f 1745 1741 1754
f 1752 1743 1802
f 1743 1744 1755
f 1742 1752 1804
f 1807 1740 1806
f 1750 1806 1745
f 1750 1745 1754
f 1751 1742 1804
f 1754 1741 1751
f 1753 1802 1743
f 1755 1753 1743
f 1707 1744 1799
f 1755 1744 1707
f 1740 1807 1720
f 1744 1746 1756
f 1746 1736 1816
f 1736 1747 1758
f 1738 1748 1727
f 1749 1740 1812
f 1739 1749 1812
f 1748 1739 1813
f 1747 1738 1815
f 1756 1799 1744
f 1756 1746 1757
f 1816 1757 1746
f 1816 1736 1758
f 1815 1758 1747
f 1727 1731 1738
f 1815 1738 1731
f 1813 1727 1748
f 1759 1813 1739
f 1720 1812 1740
f 1759 1739 1812
f 1761 1594 1764
f 1760 1764 1594
f 1761 1762 1594
f 1611 1760 1594
f 1594 1762 1590
f 1768 1591 1590
f 1590 1592 1766
f 1592 1590 1762
f 1715 1762 1765
f 1766 1768 1590
f 1591 1768 1593
f 1776 1593 1771
f 1587 1776 1775
f 1593 1768 1769
f 1593 1769 1771
f 1587 1775 1586
f 1766 1767 1768
f 1717 1761 1764
f 1763 1764 1760
f 1717 1764 1763
f 1717 1765 1761
f 1765 1762 1761
f 1592 1767 1766
f 1769 1768 1774
f 1711 1774 1768
f 1711 1768 1767
f 1711 1767 1592
f 1711 1592 1762
f 1762 1715 1711
f 1715 1765 1717
f 1763 1719 1717
f 1769 1711 1708
f 1711 1769 1774
f 1776 1772 1775
f 1708 1772 1776
f 1708 1775 1772
f 1708 1776 1771
f 1769 1708 1771
f 1770 1586 1775
f 1775 1777 1770
f 1770 1778 1781
f 1706 1777 1775
f 1706 1775 1708
f 1706 1778 1777
f 1770 1777 1778
f 1781 1778 1779
f 1704 1779 1778
f 1704 1778 1706
f 1773 1586 1781
f 1582 1586 1773
f 1782 1582 1773
f 1780 1783 1582
f 1783 1784 1582
f 1779 1780 1782
f 1583 1786 1787
f 1786 1583 1784
f 1788 1786 1784
f 1584 1787 1793
f 1791 1584 1793
f 1585 1584 1789
f 1589 1585 1795
f 1760 1611 1589
f 1795 1588 1589
f 1584 1791 1789
f 1585 1789 1792
f 1585 1792 1795
f 1589 1790 1760
f 1781 1782 1773
f 1779 1782 1781
f 1732 1785 1784
f 1732 1784 1783
f 1779 1783 1780
f 1732 1783 1779
f 1732 1786 1788
f 1788 1784 1785
f 1728 1793 1787
f 1728 1791 1793
f 1732 1787 1786
f 1732 1788 1785
f 1728 1787 1732
f 1791 1728 1789
f 1728 1794 1792
f 1795 1792 1794
f 1721 1795 1794
f 1792 1789 1728
f 1790 1588 1760
f 1721 1796 1795
f 1796 1588 1795
f 1728 1721 1794
f 1796 1721 1797
f 1721 1760 1797
f 1588 1797 1760
f 1721 1798 1760
f 1760 1798 1719
f 1798 1721 1719
f 1797 1588 1796
f 1763 1760 1719
f 1801 1755 1707
f 1704 1707 1799
f 1800 1755 1801
f 1753 1709 1802
f 1755 1800 1803
f 1803 1753 1755
f 1805 1752 1802
f 1751 1750 1754
f 1804 1752 1808
f 1809 1752 1805
f 1710 1805 1802
f 1714 1751 1804
f 1705 1704 1799
f 1803 1800 1708
f 1709 1753 1803
f 1808 1752 1809
f 1711 1809 1805
f 1712 1802 1709
f 1707 1704 1706
f 1709 1803 1708
f 1706 1708 1800
f 1801 1706 1800
f 1710 1802 1712
f 1709 1708 1712
f 1711 1805 1710
f 1808 1809 1711
f 1751 1714 1713
f 1804 1808 1714
f 1806 1750 1716
f 1750 1751 1713
f 1715 1750 1713
f 1808 1718 1714
f 1715 1717 1750
f 1750 1717 1716
f 1720 1806 1810
f 1705 1799 1811
f 1722 1812 1720
f 1724 1759 1812
f 1729 1819 1727
f 1759 1726 1814
f 1814 1813 1759
f 1807 1806 1720
f 1727 1819 1731
f 1818 1758 1815
f 1730 1815 1731
f 1757 1816 1822
f 1757 1817 1756
f 1756 1817 1811
f 1721 1722 1720
f 1726 1813 1814
f 1724 1726 1759
f 1723 1724 1812
f 1815 1730 1818
f 1728 1729 1727
f 1726 1727 1813
f 1725 1812 1722
f 1725 1723 1812
f 1731 1819 1729
f 1758 1818 1820
f 1821 1758 1820
f 1732 1820 1818
f 1733 1758 1821
f 1732 1821 1820
f 1817 1757 1822
f 1733 1822 1758
f 1822 1816 1758
f 1811 1817 1734
f 1733 1821 1732
f 1817 1822 1734
f 1811 1734 1705
f 1799 1756 1811
f 1828 1830 1827
f 1828 1823 1830
f 1843 1831 1829
f 1824 1830 1823
f 1825 1830 1824
f 1829 1830 1826
f 1825 1826 1830
f 1830 1829 1831
f 1828 1827 2017
f 1833 1832 1827
f 1834 1827 1835
f 1834 1833 1827
f 1836 1835 1838
f 1835 1837 1838
f 1998 1838 1837
f 1834 1835 1832
f 1841 1839 1840
f 1842 1841 1840
f 1845 1840 1844
f 1844 1840 1852
f 1840 1846 1852
f 1858 1840 1845
f 1843 1839 1841
f 1849 1851 1848
f 1837 1850 1998
f 1848 1998 1850
f 1852 1846 1853
f 1848 1847 1849
f 1847 1848 1850
f 1854 1851 1849
f 1853 1851 1854
f 1855 1856 1835
f 1856 1857 1837
f 1855 1835 1827
f 1856 1837 1835
f 1850 1837 1857
f 1847 1850 1857
f 1847 1857 1849
f 1854 1849 1857
f 1852 1853 1854
f 1858 1859 1841
f 1859 1860 1843
f 1860 1861 1830
f 1844 1852 1858
f 1858 1841 1842
f 1840 1858 1842
f 1859 1843 1841
f 1844 1858 1845
f 1831 1843 1860
f 1831 1860 1830
f 1827 1830 1861
f 1861 1855 1827
f 1858 1852 1854
f 1855 1862 1863
f 1863 1864 1855
f 1855 1865 1862
f 1855 1866 1867
f 1855 1868 1869
f 1855 1867 1868
f 1866 1855 1864
f 1855 1870 1871
f 1855 1872 1873
f 1855 1871 1872
f 1856 1874 1875
f 1856 1876 1877
f 1856 1875 1876
f 1856 1873 1874
f 1855 1869 1870
f 1856 1878 1879
f 1879 1880 1857
f 1877 1878 1856
f 1857 1881 1882
f 1857 1883 1884
f 1857 1882 1883
f 1857 1885 1881
f 1857 1886 1887
f 1857 1888 1889
f 1857 1887 1888
f 1854 1890 1891
f 1890 1854 1892
f 1889 1893 1857
f 1884 1886 1857
f 1885 1857 1880
f 1854 1893 1892
f 1873 1856 1855
f 1856 1879 1857
f 1857 1893 1854
f 1891 1894 1854
f 1865 1855 1895
f 1894 1896 1858
f 1897 1898 1858
f 1896 1897 1858
f 1859 1899 1900
f 1898 1901 1858
f 1902 1903 1858
f 1904 1905 1859
f 1903 1904 1858
f 1906 1907 1859
f 1859 1908 1899
f 1908 1859 1909
f 1907 1909 1859
f 1905 1906 1859
f 1859 1900 1910
f 1901 1902 1858
f 1859 1910 1911
f 1860 1912 1913
f 1859 1911 1912
f 1861 1914 1915
f 1860 1913 1916
f 1860 1917 1918
f 1919 1860 1920
f 1860 1921 1920
f 1860 1918 1921
f 1861 1922 1923
f 1861 1924 1925
f 1861 1923 1924
f 1861 1919 1922
f 1915 1895 1861
f 1860 1916 1917
f 1861 1925 1914
f 1859 1858 1904
f 1919 1861 1860
f 1860 1859 1912
f 1895 1855 1861
f 1894 1858 1854
f 1926 1927 1862
f 1928 1929 1864
f 1927 1928 1863
f 1930 1931 1867
f 1932 1933 1869
f 1931 1932 1868
f 1929 1930 1866
f 1934 1935 1871
f 1936 1937 1873
f 1935 1936 1872
f 1938 1939 1875
f 1940 1941 1877
f 1939 1940 1876
f 1937 1938 1874
f 1933 1934 1870
f 1942 1943 1878
f 1944 1945 1880
f 1943 1944 1879
f 1946 1947 1881
f 1948 1949 1883
f 1947 1948 1882
f 1945 1946 1885
f 1950 1951 1886
f 1952 1953 1888
f 1951 1952 1887
f 1954 1955 1893
f 1956 1957 1890
f 1955 1956 1892
f 1953 1954 1889
f 1949 1950 1884
f 1941 1942 1878
f 1862 1865 1926
f 1864 1863 1928
f 1862 1927 1863
f 1867 1866 1930
f 1869 1868 1932
f 1867 1931 1868
f 1864 1929 1866
f 1871 1870 1934
f 1873 1872 1936
f 1871 1935 1872
f 1875 1874 1938
f 1877 1876 1940
f 1875 1939 1876
f 1873 1937 1874
f 1869 1933 1870
f 1879 1878 1943
f 1885 1880 1945
f 1879 1944 1880
f 1882 1881 1947
f 1884 1883 1949
f 1882 1948 1883
f 1885 1946 1881
f 1887 1886 1951
f 1889 1888 1953
f 1887 1952 1888
f 1892 1893 1955
f 1891 1890 1957
f 1892 1956 1890
f 1889 1954 1893
f 1884 1950 1886
f 1877 1941 1878
f 1957 1958 1891
f 1926 1865 1959
f 1958 1960 1894
f 1961 1962 1897
f 1960 1961 1896
f 1963 1964 1901
f 1965 1966 1903
f 1964 1965 1902
f 1962 1963 1898
f 1967 1968 1905
f 1969 1970 1907
f 1968 1969 1906
f 1971 1972 1908
f 1973 1974 1900
f 1972 1973 1899
f 1970 1971 1909
f 1966 1967 1904
f 1975 1976 1912
f 1977 1978 1916
f 1976 1977 1913
f 1979 1980 1918
f 1981 1982 1920
f 1980 1981 1921
f 1978 1979 1917
f 1983 1984 1922
f 1985 1986 1924
f 1984 1985 1923
f 1987 1988 1914
f 1989 1959 1895
f 1988 1989 1915
f 1986 1987 1925
f 1982 1983 1919
f 1974 1975 1910
f 1896 1894 1960
f 1898 1897 1962
f 1896 1961 1897
f 1902 1901 1964
f 1904 1903 1966
f 1902 1965 1903
f 1898 1963 1901
f 1906 1905 1968
f 1909 1907 1970
f 1906 1969 1907
f 1899 1908 1972
f 1910 1900 1974
f 1899 1973 1900
f 1909 1971 1908
f 1904 1967 1905
f 1912 1911 1975
f 1916 1913 1977
f 1912 1976 1913
f 1918 1917 1979
f 1920 1921 1981
f 1918 1980 1921
f 1916 1978 1917
f 1922 1919 1983
f 1924 1923 1985
f 1922 1984 1923
f 1914 1925 1987
f 1895 1915 1989
f 1914 1988 1915
f 1924 1986 1925
f 1920 1982 1919
f 1910 1975 1911
f 1959 1865 1895
f 1958 1894 1891
f 1990 1991 1994
f 1992 1990 1997
f 1994 1991 1995
f 1992 1996 1993
f 1992 1997 1996
f 1997 1990 1994
f 1851 2000 1999
f 1848 1999 2001
f 1853 2020 2000
f 1840 2002 2003
f 2002 1840 2004
f 2006 2004 1840
f 1840 2011 2006
f 2008 1840 2007
f 2003 2007 1840
f 2005 1829 2009
f 2008 2020 1853
f 1848 2001 2010
f 2010 1998 1848
f 1851 1999 1848
f 2000 1851 1853
f 2008 1853 1846
f 1846 1840 2008
f 1840 1839 2011
f 2011 1839 2005
f 1839 1843 2005
f 1829 2005 1843
f 2012 1829 2025
f 1829 2013 2014
f 1828 2027 2015
f 2014 2025 1829
f 1838 2016 2018
f 2016 1838 1998
f 2013 1829 1826
f 2015 2013 1826
f 2015 1825 1824
f 1825 2015 1826
f 2015 1823 1828
f 2015 1824 1823
f 1828 2017 2027
f 1832 2017 1827
f 1835 2019 1832
f 1833 1834 1832
f 1836 2019 1835
f 1838 2018 1836
f 1836 2018 2019
f 2009 1829 2012
f 2001 2024 2023
f 2022 2023 2024
f 2026 2022 2024
f 2022 2016 2023
f 2024 2021 2026
f 2023 2010 2001
f 2000 2024 1999
f 2024 2000 2020
f 2003 2024 2007
f 2011 2024 2006
f 2024 2011 2021
f 2021 2015 2026
f 2027 2026 2015
f 1832 2026 2017
f 2019 2022 1832
f 1832 2022 2026
f 2011 2005 2021
f 2004 2006 2024
f 2003 2002 2024
f 2024 2002 2004
f 2008 2007 2020
f 2020 2007 2024
f 1998 2010 2023
f 1998 2023 2016
f 2001 1999 2024
f 2016 2022 2018
f 2018 2022 2019
f 2026 2027 2017
f 2012 2025 2021
f 2005 2009 2021
f 2021 2009 2012
f 2014 2013 2025
f 2021 2025 2015
f 2015 2025 2013
f 1933 1997 1994
f 1995 1946 1994
f 1951 1995 1991
f 1927 1997 1928
f 1929 1997 1930
f 1997 1929 1928
f 1997 1933 1932
f 1994 1937 1936
f 1931 1997 1932
f 1936 1935 1994
f 1931 1930 1997
f 1994 1934 1933
f 1934 1994 1935
f 1938 1937 1994
f 1941 1940 1994
f 1939 1994 1940
f 1938 1994 1939
f 1926 1997 1927
f 1946 1945 1994
f 1995 1948 1947
f 1995 1950 1949
f 1950 1995 1951
f 1948 1995 1949
f 1954 1953 1991
f 1956 1955 1991
f 1954 1991 1955
f 1991 1953 1952
f 1991 1952 1951
f 1943 1942 1994
f 1994 1945 1944
f 1946 1995 1947
f 1956 1991 1957
f 1942 1941 1994
f 1944 1943 1994
f 1991 1958 1957
f 1997 1926 1959
f 1964 1990 1992
f 1992 1993 1973
f 1993 1996 1982
f 1960 1958 1990
f 1963 1962 1990
f 1990 1962 1961
f 1990 1961 1960
f 1965 1964 1992
f 1969 1968 1992
f 1992 1971 1970
f 1965 1992 1966
f 1963 1990 1964
f 1967 1992 1968
f 1966 1992 1967
f 1972 1992 1973
f 1971 1992 1972
f 1992 1970 1969
f 1974 1973 1993
f 1974 1993 1975
f 1977 1976 1993
f 1978 1977 1993
f 1980 1993 1981
f 1980 1979 1993
f 1984 1983 1996
f 1979 1978 1993
f 1993 1976 1975
f 1982 1996 1983
f 1996 1985 1984
f 1981 1993 1982
f 1986 1996 1987
f 1996 1988 1987
f 1996 1986 1985
f 1989 1996 1959
f 1988 1996 1989
f 1996 1997 1959
f 1990 1958 1991
f 2104 2029 2105
f 2110 2105 2031
f 2033 2104 2034
f 2034 2104 2032
f 2110 2031 2035
f 2028 2104 2033
f 2029 2104 2028
f 2031 2105 2030
f 2029 2030 2105
f 2035 2051 2110
f 2104 2036 2037
f 2104 2037 2038
f 2038 2032 2104
f 2039 2036 2102
f 2040 2102 2096
f 2039 2102 2040
f 2041 2096 2043
f 2040 2096 2041
f 2043 2096 2042
f 2044 2042 2057
f 2037 2036 2039
f 2051 2035 2045
f 2045 2046 2051
f 2051 2046 2047
f 2047 2048 2049
f 2052 2048 2050
f 2048 2052 2049
f 2052 2050 2053
f 2051 2047 2049
f 2058 2059 2092
f 2056 2055 2057
f 2056 2059 2055
f 2058 2092 2054
f 2060 2260 2258
f 2061 2060 2262
f 2062 2061 2265
f 2064 2248 2259
f 2254 2065 2071
f 2067 2066 2268
f 2072 2068 2075
f 2068 2069 2076
f 2071 2065 2078
f 2065 2064 2079
f 2069 2071 2095
f 2073 2109 2072
f 2074 2073 2072
f 2075 2074 2072
f 2076 2069 2095
f 2077 2095 2071
f 2078 2077 2071
f 2080 2081 2064
f 2091 2080 2064
f 2079 2064 2081
f 2064 2060 2082
f 2062 2063 2086
f 2061 2062 2084
f 2060 2061 2090
f 2063 2067 2088
f 2083 2082 2060
f 2090 2083 2060
f 2085 2061 2084
f 2084 2062 2086
f 2090 2061 2085
f 2082 2091 2064
f 2087 2086 2063
f 2087 2063 2088
f 2105 2067 2106
f 2106 2067 2089
f 2088 2067 2105
f 2089 2072 2109
f 2065 2079 2093
f 2093 2092 2059
f 2059 2056 2093
f 2092 2053 2054
f 2068 2098 2075
f 2076 2097 2068
f 2042 2077 2057
f 2096 2102 2101
f 2092 2080 2100
f 2092 2093 2081
f 2092 2081 2080
f 2093 2056 2094
f 2099 2077 2042
f 2056 2057 2077
f 2094 2056 2078
f 2100 2080 2091
f 2093 2094 2065
f 2081 2093 2079
f 2078 2056 2077
f 2099 2095 2077
f 2094 2078 2065
f 2076 2099 2096
f 2103 2102 2036
f 2104 2103 2036
f 2099 2076 2095
f 2101 2097 2096
f 2098 2101 2075
f 2101 2098 2097
f 2097 2098 2068
f 2102 2075 2101
f 2096 2097 2076
f 2102 2103 2074
f 2075 2102 2074
f 2099 2042 2096
f 2053 2092 2100
f 2089 2108 2106
f 2108 2104 2105
f 2104 2108 2109
f 2049 2114 2051
f 2087 2107 2086
f 2110 2051 2107
f 2104 2109 2103
f 2105 2110 2088
f 2113 2111 2051
f 2110 2107 2088
f 2109 2108 2089
f 2108 2105 2106
f 2088 2107 2087
f 2051 2111 2107
f 2107 2111 2086
f 2113 2086 2111
f 2109 2074 2103
f 2114 2049 2115
f 2114 2115 2084
f 2115 2052 2090
f 2052 2115 2049
f 2116 2052 2053
f 2086 2114 2084
f 2113 2114 2086
f 2115 2085 2084
f 2085 2115 2090
f 2116 2083 2052
f 2112 2116 2053
f 2083 2116 2112
f 2083 2112 2082
f 2083 2090 2052
f 2100 2112 2053
f 2113 2051 2114
f 2073 2074 2109
f 2100 2091 2112
f 2091 2082 2112
f 2121 2142 2044
f 2117 2058 2120
f 2117 2119 2059
f 2118 2059 2119
f 2122 2048 2124
f 2122 2125 2053
f 2124 2048 2126
f 2046 2045 2123
f 2055 2121 2057
f 2121 2044 2057
f 2055 2059 2118
f 2117 2059 2058
f 2120 2058 2054
f 2120 2054 2128
f 2118 2127 2055
f 2054 2129 2128
f 2055 2127 2121
f 2130 2054 2125
f 2125 2054 2053
f 2129 2054 2130
f 2126 2048 2131
f 2131 2047 2132
f 2047 2133 2132
f 2048 2122 2050
f 2053 2050 2122
f 2123 2133 2047
f 2046 2123 2047
f 2047 2131 2048
f 2045 2134 2123
f 2134 2045 2139
f 2138 2135 2029
f 2135 2136 2030
f 2136 2137 2030
f 2140 2039 2141
f 2143 2038 2140
f 2141 2040 2144
f 2145 2138 2034
f 2035 2139 2045
f 2032 2146 2145
f 2137 2147 2031
f 2148 2031 2147
f 2138 2029 2028
f 2139 2035 2031
f 2139 2031 2148
f 2030 2137 2031
f 2029 2135 2030
f 2034 2138 2033
f 2032 2145 2034
f 2028 2033 2138
f 2032 2143 2149
f 2039 2040 2141
f 2037 2039 2140
f 2038 2037 2140
f 2144 2040 2150
f 2151 2150 2041
f 2040 2041 2150
f 2151 2041 2152
f 2041 2142 2152
f 2142 2041 2043
f 2032 2038 2143
f 2042 2142 2043
f 2042 2044 2142
f 2155 2156 2157
f 2157 2153 2158
f 2159 2160 2161
f 2160 2154 2153
f 2160 2153 2161
f 2153 2162 2163
f 2155 2158 2164
f 2155 2157 2158
f 2158 2153 2163
f 2163 2166 2165
f 2166 2167 2165
f 2162 2153 2154
f 2170 2168 2169
f 2162 2170 2169
f 2171 2163 2162
f 2174 2172 2173
f 2175 2162 2174
f 2173 2175 2174
f 2179 2166 2176
f 2177 2179 2176
f 2178 2179 2177
f 2171 2162 2175
f 2171 2176 2166
f 2166 2163 2171
f 2180 2175 2173
f 2154 2170 2162
f 2118 2119 2165
f 2118 2165 2167
f 2165 2119 2163
f 2167 2127 2118
f 2121 2127 2166
f 2127 2167 2166
f 2171 2140 2141
f 2141 2176 2171
f 2140 2171 2175
f 2149 2143 2180
f 2149 2180 2173
f 2175 2143 2140
f 2180 2143 2175
f 2173 2032 2149
f 2145 2146 2172
f 2138 2145 2174
f 2146 2173 2172
f 2145 2172 2174
f 2032 2173 2146
f 2123 2134 2160
f 2134 2154 2160
f 2134 2139 2170
f 2170 2154 2134
f 2160 2133 2123
f 2126 2153 2124
f 2132 2133 2159
f 2131 2132 2159
f 2159 2161 2131
f 2126 2131 2161
f 2153 2126 2161
f 2160 2159 2133
f 2119 2117 2163
f 2163 2117 2120
f 2158 2163 2120
f 2128 2181 2155
f 2120 2128 2164
f 2155 2164 2128
f 2158 2120 2164
f 2130 2155 2181
f 2130 2125 2156
f 2125 2157 2156
f 2156 2155 2130
f 2122 2153 2157
f 2122 2124 2153
f 2122 2157 2125
f 2137 2136 2169
f 2137 2169 2168
f 2135 2162 2136
f 2169 2136 2162
f 2168 2147 2137
f 2139 2148 2170
f 2148 2168 2170
f 2147 2168 2148
f 2135 2138 2162
f 2174 2162 2138
f 2152 2142 2179
f 2152 2179 2178
f 2178 2151 2152
f 2144 2150 2177
f 2141 2144 2176
f 2150 2178 2177
f 2144 2177 2176
f 2151 2178 2150
f 2142 2166 2179
f 2142 2121 2166
f 2184 2279 2185
f 2188 2186 2189
f 2186 2188 2190
f 2196 2189 2192
f 2192 2189 2191
f 2189 2196 2286
f 2284 2195 2288
f 2195 2284 2194
f 2189 2193 2191
f 2195 2198 2288
f 2197 2198 2195
f 2210 2257 2212
f 2198 2197 2199
f 2201 2203 2199
f 2201 2199 2202
f 2200 2199 2203
f 2204 2199 2205
f 2208 2209 2206
f 2207 2206 2209
f 2205 2199 2206
f 2202 2199 2204
f 2208 2206 2296
f 2296 2206 2210
f 2211 2210 2300
f 2212 2257 2183
f 2300 2210 2212
f 2257 2182 2183
f 2213 2226 2214
f 2213 2220 2226
f 2220 2218 2226
f 2220 2213 2215
f 2226 2218 2217
f 2223 2218 2220
f 2219 2223 2220
f 2230 2220 2215
f 2215 2213 2221
f 2215 2221 2230
f 2213 2222 2221
f 2222 2213 2224
f 2224 2213 2214
f 2216 2225 2226
f 2225 2214 2226
f 2218 2227 2217
f 2218 2223 2284
f 2219 2220 2229
f 2223 2219 2232
f 2230 2221 2280
f 2221 2222 2233
f 2220 2230 2282
f 2285 2218 2284
f 2228 2284 2223
f 2228 2223 2232
f 2229 2220 2282
f 2232 2219 2229
f 2231 2280 2221
f 2233 2231 2221
f 2185 2222 2277
f 2233 2222 2185
f 2218 2285 2198
f 2222 2224 2234
f 2224 2214 2294
f 2214 2225 2236
f 2216 2226 2205
f 2227 2218 2290
f 2217 2227 2290
f 2226 2217 2291
f 2225 2216 2293
f 2234 2277 2222
f 2234 2224 2235
f 2294 2235 2224
f 2294 2214 2236
f 2293 2236 2225
f 2205 2209 2216
f 2293 2216 2209
f 2291 2205 2226
f 2237 2291 2217
f 2198 2290 2218
f 2237 2217 2290
f 2239 2072 2242
f 2238 2242 2072
f 2239 2240 2072
f 2089 2238 2072
f 2072 2240 2068
f 2246 2069 2068
f 2068 2070 2244
f 2070 2068 2240
f 2193 2240 2243
f 2244 2246 2068
f 2069 2246 2071
f 2254 2071 2249
f 2065 2254 2253
f 2071 2246 2247
f 2071 2247 2249
f 2065 2253 2064
f 2244 2245 2246
f 2195 2239 2242
f 2241 2242 2238
f 2195 2242 2241
f 2195 2243 2239
f 2243 2240 2239
f 2070 2245 2244
f 2247 2246 2252
f 2189 2252 2246
f 2189 2246 2245
f 2189 2245 2070
f 2189 2070 2240
f 2240 2193 2189
f 2193 2243 2195
f 2241 2197 2195
f 2247 2189 2186
f 2189 2247 2252
f 2254 2250 2253
f 2186 2250 2254
f 2186 2253 2250
f 2186 2254 2249
f 2247 2186 2249
f 2248 2064 2253
f 2253 2255 2248
f 2248 2256 2259
f 2184 2255 2253
f 2184 2253 2186
f 2184 2256 2255
f 2248 2255 2256
f 2259 2256 2257
f 2182 2257 2256
f 2182 2256 2184
f 2251 2064 2259
f 2060 2064 2251
f 2260 2060 2251
f 2258 2261 2060
f 2261 2262 2060
f 2257 2258 2260
f 2061 2264 2265
f 2264 2061 2262
f 2266 2264 2262
f 2062 2265 2271
f 2269 2062 2271
f 2063 2062 2267
f 2067 2063 2273
f 2238 2089 2067
f 2273 2066 2067
f 2062 2269 2267
f 2063 2267 2270
f 2063 2270 2273
f 2067 2268 2238
f 2259 2260 2251
f 2257 2260 2259
f 2210 2263 2262
f 2210 2262 2261
f 2257 2261 2258
f 2210 2261 2257
f 2210 2264 2266
f 2266 2262 2263
f 2206 2271 2265
f 2206 2269 2271
f 2210 2265 2264
f 2210 2266 2263
f 2206 2265 2210
f 2269 2206 2267
f 2206 2272 2270
f 2273 2270 2272
f 2199 2273 2272
f 2270 2267 2206
f 2268 2066 2238
f 2199 2274 2273
f 2274 2066 2273
f 2206 2199 2272
f 2274 2199 2275
f 2199 2238 2275
f 2066 2275 2238
f 2199 2276 2238
f 2238 2276 2197
f 2276 2199 2197
f 2275 2066 2274
f 2241 2238 2197
f 2279 2233 2185
f 2182 2185 2277
f 2278 2233 2279
f 2231 2187 2280
f 2233 2278 2281
f 2281 2231 2233
f 2283 2230 2280
f 2229 2228 2232
f 2282 2230 2286
f 2287 2230 2283
f 2188 2283 2280
f 2192 2229 2282
f 2183 2182 2277
f 2281 2278 2186
f 2187 2231 2281
f 2286 2230 2287
f 2189 2287 2283
f 2190 2280 2187
f 2185 2182 2184
f 2187 2281 2186
f 2184 2186 2278
f 2279 2184 2278
f 2188 2280 2190
f 2187 2186 2190
f 2189 2283 2188
f 2286 2287 2189
f 2229 2192 2191
f 2282 2286 2192
f 2284 2228 2194
f 2228 2229 2191
f 2193 2228 2191
f 2286 2196 2192
f 2193 2195 2228
f 2228 2195 2194
f 2198 2284 2288
f 2183 2277 2289
f 2200 2290 2198
f 2202 2237 2290
f 2207 2297 2205
f 2237 2204 2292
f 2292 2291 2237
f 2285 2284 2198
f 2205 2297 2209
f 2296 2236 2293
f 2208 2293 2209
f 2235 2294 2300
f 2235 2295 2234
f 2234 2295 2289
f 2199 2200 2198
f 2204 2291 2292
f 2202 2204 2237
f 2201 2202 2290
f 2293 2208 2296
f 2206 2207 2205
f 2204 2205 2291
f 2203 2290 2200
f 2203 2201 2290
f 2209 2297 2207
f 2236 2296 2298
f 2299 2236 2298
f 2210 2298 2296
f 2211 2236 2299
f 2210 2299 2298
f 2295 2235 2300
f 2211 2300 2236
f 2300 2294 2236
f 2289 2295 2212
f 2211 2299 2210
f 2295 2300 2212
f 2289 2212 2183
f 2277 2234 2289
f 2302 2305 2303
f 2305 2302 2307
f 2306 2305 2304
f 2307 2511 2305
f 2326 2309 2310
f 2326 2310 2314
f 2312 2863 2315
f 2457 2322 2325
f 2316 2692 2317
f 2326 2471 2309
f 2308 2309 2471
f 2326 2314 2462
f 2311 2314 2312
f 2311 2312 2313
f 2461 2323 2317
f 2461 2317 2318
f 2313 2312 2315
f 2321 2327 2317
f 2328 2319 2321
f 2320 2328 2321
f 2458 2320 2321
f 2322 2458 2321
f 2484 2324 2322
f 2843 2329 2322
f 2843 2322 2457
f 2484 2322 2329
f 2330 2325 2331
f 2457 2325 2330
f 2318 2317 2327
f 2325 2332 2331
f 2334 2342 2332
f 2335 2336 2331
f 2337 2853 2341
f 2341 2853 2338
f 2866 2337 2812
f 2342 2343 2335
f 2343 2336 2335
f 2335 2332 2342
f 2334 2866 2333
f 2813 2333 2866
f 2345 2809 2337
f 2344 2340 2345
f 2341 2338 2340
f 2341 2340 2344
f 2338 2339 2508
f 2338 2346 2468
f 2468 2339 2338
f 2308 2346 2338
f 2345 2337 2344
f 2338 2309 2308
f 2335 2331 2332
f 2350 2352 2347
f 2353 2656 2349
f 2644 2356 2355
f 2359 2351 2358
f 2360 2649 2359
f 2366 2357 2609
f 2370 2365 2369
f 2370 2368 2367
f 2372 2373 2851
f 2372 2379 2374
f 2372 2374 2371
f 2374 2375 2371
f 2373 2372 2371
f 2373 2376 2851
f 2379 2377 2382
f 2382 2377 2380
f 2379 2374 2378
f 2382 2380 2381
f 2374 2379 2382
f 2374 2382 2383
f 2383 2382 2375
f 2386 2371 2375
f 2373 2371 2376
f 2376 2371 2386
f 2385 2375 2384
f 2386 2375 2385
f 2386 2387 2376
f 2384 2375 2382
f 2381 2388 2389
f 2386 2389 2806
f 2392 2393 2381
f 2393 2390 2381
f 2388 2806 2389
f 2390 2388 2381
f 2391 2386 2806
f 2395 2391 2765
f 2391 2397 2386
f 2387 2386 2394
f 2394 2386 2397
f 2396 2397 2395
f 2395 2397 2391
f 2413 2394 2397
f 2413 2397 2396
f 2427 2398 2399
f 2400 2404 2794
f 2405 2404 2400
f 2402 2404 2405
f 2402 2401 2404
f 2405 2400 2795
f 2403 2404 2401
f 2403 2479 2407
f 2407 2479 2406
f 2408 2479 2403
f 2408 2411 2449
f 2407 2404 2403
f 2414 2412 2413
f 2412 2416 2405
f 2416 2414 2415
f 2405 2416 2411
f 2396 2414 2413
f 2414 2396 2415
f 2416 2415 2417
f 2416 2417 2411
f 2418 2449 2411
f 2417 2771 2411
f 2450 2449 2419
f 2418 2419 2449
f 2771 2418 2411
f 2405 2795 2412
f 2420 2393 2392
f 2409 2421 2410
f 2423 2426 2422
f 2423 2422 2409
f 2423 2409 2410
f 2425 2765 2391
f 2426 2424 2425
f 2425 2424 2430
f 2765 2425 2427
f 2399 2765 2427
f 2398 2445 2428
f 2425 2430 2427
f 2430 2398 2427
f 2430 2431 2398
f 2430 2424 2429
f 2432 2518 2423
f 2518 2432 2438
f 2438 2434 2799
f 2799 2436 2438
f 2438 2432 2434
f 2435 2436 2799
f 2437 2440 2438
f 2433 2437 2438
f 2430 2438 2439
f 2430 2527 2438
f 2797 2438 2440
f 2441 2430 2439
f 2438 2797 2439
f 2430 2441 2431
f 2445 2398 2431
f 2445 2431 2443
f 2445 2443 2442
f 2438 2436 2433
f 2527 2430 2429
f 2771 2770 2444
f 2444 2770 2306
f 2445 2770 2428
f 2770 2445 2451
f 2306 2770 2451
f 2306 2303 2305
f 2802 2303 2306
f 2447 2445 2446
f 2445 2442 2446
f 2447 2448 2445
f 2451 2445 2448
f 2796 2804 2453
f 2804 2452 2453
f 2442 2453 2446
f 2801 2802 2452
f 2454 2802 2306
f 2306 2451 2454
f 2452 2802 2456
f 2456 2453 2452
f 2802 2801 2455
f 2456 2802 2454
f 2796 2453 2442
f 2457 2484 2843
f 2330 2495 2457
f 2459 2495 2330
f 2483 2482 2458
f 2459 2331 2343
f 2327 2319 2461
f 2460 2461 2477
f 2460 2703 2461
f 2465 2466 2315
f 2315 2301 2465
f 2467 2313 2466
f 2470 2468 2471
f 2469 2471 2326
f 2464 2326 2462
f 2326 2464 2469
f 2486 2470 2471
f 2469 2486 2471
f 2303 2802 2472
f 2475 2474 2487
f 2475 2487 2802
f 2490 2449 2476
f 2802 2473 2472
f 2479 2408 2491
f 2408 2449 2477
f 2478 2479 2482
f 2481 2478 2482
f 2840 2480 2482
f 2482 2480 2481
f 2483 2485 2840
f 2474 2486 2487
f 2486 2474 2492
f 2802 2488 2466
f 2488 2802 2487
f 2802 2466 2473
f 2479 2491 2482
f 2483 2840 2482
f 2490 2476 2489
f 2460 2477 2449
f 2449 2490 2460
f 2484 2485 2483
f 2457 2485 2484
f 2491 2408 2477
f 2457 2494 2485
f 2498 2379 2372
f 2377 2379 2498
f 2372 2459 2498
f 2811 2707 2493
f 2500 2501 2499
f 2799 2434 2499
f 2502 2497 2496
f 2496 2736 2502
f 2501 2508 2474
f 2707 2496 2497
f 2459 2504 2498
f 2372 2494 2459
f 2504 2505 2698
f 2504 2503 2505
f 2507 2693 2506
f 2695 2500 2499
f 2509 2474 2508
f 2509 2468 2474
f 2500 2508 2501
f 2468 2492 2474
f 2457 2495 2494
f 2799 2499 2501
f 2513 2511 2814
f 2814 2512 2513
f 2782 2512 2510
f 2510 2512 2514
f 2773 2776 2514
f 2814 2515 2516
f 2516 2512 2814
f 2516 2773 2514
f 2514 2512 2516
f 2655 2517 2518
f 2518 2517 2520
f 2520 2517 2519
f 2522 2643 2521
f 2522 2521 2655
f 2554 2525 2643
f 2522 2527 2533
f 2523 2643 2522
f 2526 2522 2655
f 2655 2518 2526
f 2529 2528 2530
f 2528 2520 2519
f 2529 2891 2532
f 2530 2891 2529
f 2529 2532 2531
f 2532 2429 2531
f 2530 2528 2519
f 2522 2533 2523
f 2524 2643 2523
f 2524 2523 2534
f 2534 2535 2536
f 2536 2535 2537
f 2534 2536 2524
f 2538 2539 2891
f 2540 2541 2542
f 2543 2539 2544
f 2537 2545 2546
f 2545 2537 2535
f 2546 2547 2541
f 2547 2546 2545
f 2542 2547 2887
f 2548 2547 2549
f 2550 2549 2543
f 2429 2533 2527
f 2554 2643 2524
f 2553 2551 2552
f 2552 2551 2525
f 2554 2883 2447
f 2552 2525 2554
f 2553 2555 2556
f 2556 2557 2567
f 2557 2556 2555
f 2567 2557 2451
f 2881 2447 2883
f 2880 2447 2881
f 2447 2880 2451
f 2558 2559 2560
f 2559 2561 2560
f 2562 2558 2563
f 2451 2880 2899
f 2562 2899 2880
f 2563 2558 2564
f 2558 2560 2564
f 2565 2559 2540
f 2899 2562 2563
f 2451 2566 2567
f 2569 2567 2570
f 2570 2567 2566
f 2451 2899 2566
f 2567 2571 2606
f 2572 2571 2567
f 2568 2572 2567
f 2569 2568 2567
f 2524 2883 2554
f 2573 2574 2578
f 2573 2538 2530
f 2573 2530 2575
f 2573 2578 2538
f 2574 2577 2578
f 2576 2575 2530
f 2550 2543 2544
f 2539 2538 2544
f 2547 2548 2887
f 2541 2547 2542
f 2542 2887 2579
f 2579 2580 2581
f 2581 2580 2582
f 2579 2581 2542
f 2549 2550 2548
f 2586 2578 2577
f 2582 2583 2584
f 2582 2580 2583
f 2585 2600 2584
f 2585 2584 2583
f 2585 2586 2577
f 2540 2542 2565
f 2588 2587 2576
f 2576 2587 2575
f 2591 2588 2576
f 2576 2589 2591
f 2593 2585 2577
f 2591 2590 2577
f 2590 2592 2577
f 2593 2577 2592
f 2600 2585 2593
f 2591 2589 2590
f 2594 2608 2593
f 2595 2560 2561
f 2595 2596 2597
f 2595 2900 2560
f 2900 2595 2597
f 2598 2599 2596
f 2597 2596 2599
f 2559 2565 2561
f 2898 2598 2601
f 2601 2598 2602
f 2602 2600 2608
f 2599 2598 2898
f 2606 2571 2603
f 2603 2604 2606
f 2605 2898 2601
f 2605 2606 2604
f 2605 2609 2606
f 2605 2607 2609
f 2608 2601 2602
f 2610 2608 2647
f 2608 2600 2593
f 2609 2607 2646
f 2607 2605 2601
f 2646 2610 2647
f 2610 2646 2607
f 2647 2608 2594
f 2538 2891 2530
f 2626 2694 2432
f 2689 2611 2612
f 2613 2689 2612
f 2613 2614 2689
f 2420 2615 2390
f 2613 2615 2420
f 2613 2420 2614
f 2421 2422 2617
f 2618 2421 2617
f 2616 2619 2701
f 2621 2618 2619
f 2701 2619 2618
f 2421 2618 2621
f 2694 2695 2432
f 2695 2434 2432
f 2434 2695 2499
f 2498 2620 2377
f 2380 2377 2620
f 2504 2380 2620
f 2380 2504 2624
f 2392 2381 2614
f 2381 2697 2623
f 2614 2381 2623
f 2410 2621 2423
f 2423 2621 2616
f 2622 2423 2616
f 2624 2381 2380
f 2381 2624 2625
f 2697 2381 2625
f 2432 2423 2626
f 2423 2622 2696
f 2423 2696 2626
f 2621 2619 2629
f 2629 2619 2627
f 2632 2621 2628
f 2629 2628 2621
f 2630 2631 2621
f 2621 2632 2630
f 2633 2621 2631
f 2621 2633 2634
f 2619 2616 2640
f 2641 2616 2642
f 2621 2642 2616
f 2616 2641 2635
f 2639 2616 2635
f 2638 2616 2636
f 2637 2616 2638
f 2639 2636 2616
f 2637 2640 2616
f 2640 2627 2619
f 2634 2642 2621
f 2556 2644 2553
f 2567 2645 2556
f 2606 2609 2567
f 2593 2648 2647
f 2551 2643 2525
f 2593 2647 2594
f 2576 2360 2361
f 2530 2650 2651
f 2530 2651 2649
f 2576 2649 2360
f 2576 2361 2589
f 2530 2652 2653
f 2530 2654 2652
f 2655 2348 2352
f 2643 2656 2655
f 2517 2352 2519
f 2530 2653 2650
f 2590 2593 2592
f 2530 2649 2576
f 2519 2654 2530
f 2655 2352 2517
f 2643 2655 2521
f 2456 2553 2552
f 2456 2555 2553
f 2454 2451 2557
f 2454 2557 2555
f 2456 2552 2453
f 2454 2555 2456
f 2448 2447 2451
f 2446 2554 2447
f 2453 2552 2554
f 2554 2446 2453
f 2411 2607 2601
f 2408 2610 2607
f 2607 2411 2408
f 2403 2610 2408
f 2402 2608 2610
f 2405 2601 2608
f 2610 2403 2401
f 2402 2610 2401
f 2405 2608 2402
f 2411 2601 2405
f 2386 2577 2574
f 2386 2591 2577
f 2591 2386 2385
f 2384 2591 2385
f 2381 2587 2588
f 2382 2588 2591
f 2389 2575 2587
f 2386 2573 2575
f 2381 2588 2382
f 2587 2381 2389
f 2575 2389 2386
f 2386 2574 2573
f 2591 2384 2382
f 2438 2526 2518
f 2438 2522 2526
f 2424 2531 2429
f 2438 2527 2522
f 2426 2529 2531
f 2426 2528 2529
f 2423 2520 2528
f 2423 2528 2426
f 2518 2520 2423
f 2531 2424 2426
f 2657 2658 2335
f 2659 2660 2332
f 2660 2657 2332
f 2661 2662 2332
f 2663 2664 2332
f 2665 2663 2332
f 2332 2664 2661
f 2332 2662 2659
f 2335 2332 2657
f 2666 2335 2667
f 2332 2666 2665
f 2668 2667 2335
f 2669 2670 2335
f 2671 2669 2335
f 2670 2668 2335
f 2672 2671 2335
f 2666 2332 2335
f 2335 2658 2672
f 2666 2667 2673
f 2674 2673 2667
f 2675 2666 2676
f 2673 2676 2666
f 2668 2670 2677
f 2669 2677 2670
f 2667 2668 2674
f 2677 2674 2668
f 2663 2665 2675
f 2666 2675 2665
f 2664 2663 2678
f 2675 2678 2663
f 2661 2664 2679
f 2678 2679 2664
f 2680 2661 2681
f 2679 2681 2661
f 2682 2683 2669
f 2677 2669 2683
f 2684 2682 2671
f 2669 2671 2682
f 2685 2684 2672
f 2671 2672 2684
f 2657 2685 2658
f 2672 2658 2685
f 2662 2686 2659
f 2687 2659 2686
f 2661 2680 2662
f 2686 2662 2680
f 2660 2688 2657
f 2685 2657 2688
f 2659 2687 2660
f 2688 2660 2687
f 2689 2678 2675
f 2614 2681 2679
f 2614 2679 2678
f 2614 2686 2680
f 2614 2688 2687
f 2614 2687 2686
f 2614 2680 2681
f 2689 2614 2678
f 2623 2684 2685
f 2684 2623 2682
f 2614 2623 2685
f 2683 2682 2623
f 2674 2677 2611
f 2673 2674 2611
f 2677 2683 2611
f 2676 2673 2611
f 2611 2683 2623
f 2611 2689 2676
f 2689 2675 2676
f 2688 2614 2685
f 2420 2392 2614
f 2621 2410 2421
f 2648 2593 2368
f 2366 2609 2646
f 2368 2369 2647
f 2365 2646 2647
f 2648 2368 2647
f 2355 2553 2644
f 2551 2553 2355
f 2644 2556 2645
f 2349 2643 2551
f 2356 2645 2567
f 2368 2593 2364
f 2369 2368 2370
f 2366 2646 2365
f 2369 2365 2647
f 2609 2357 2567
f 2567 2357 2356
f 2354 2349 2551
f 2355 2354 2551
f 2644 2645 2356
f 2656 2643 2349
f 2654 2519 2352
f 2352 2348 2347
f 2350 2652 2654
f 2650 2653 2359
f 2651 2650 2359
f 2364 2593 2590
f 2361 2590 2589
f 2652 2351 2653
f 2651 2359 2649
f 2655 2656 2348
f 2652 2350 2351
f 2654 2352 2350
f 2653 2351 2359
f 2362 2363 2590
f 2361 2362 2590
f 2364 2590 2363
f 2690 2691 2316
f 2691 2690 2476
f 2316 2691 2692
f 2472 2783 2692
f 2472 2692 2691
f 2507 2701 2693
f 2701 2507 2696
f 2696 2507 2506
f 2694 2696 2506
f 2506 2695 2694
f 2697 2624 2504
f 2504 2623 2697
f 2504 2611 2623
f 2504 2698 2611
f 2700 2736 2496
f 2693 2700 2496
f 2700 2693 2701
f 2701 2618 2700
f 2612 2702 2613
f 2493 2612 2811
f 2493 2702 2612
f 2493 2708 2702
f 2707 2497 2705
f 2708 2707 2706
f 2705 2706 2707
f 2709 2710 2711
f 2709 2711 2712
f 2710 2713 2714
f 2710 2714 2711
f 2715 2708 2706
f 2714 2713 2716
f 2706 2716 2715
f 2716 2713 2715
f 2717 2718 2709
f 2709 2712 2717
f 2708 2719 2720
f 2708 2720 2702
f 2719 2721 2722
f 2719 2722 2720
f 2723 2718 2717
f 2722 2721 2724
f 2717 2724 2723
f 2724 2721 2723
f 2493 2707 2708
f 2713 2708 2715
f 2713 2710 2708
f 2709 2708 2710
f 2718 2708 2709
f 2721 2708 2723
f 2718 2723 2708
f 2719 2708 2721
f 2725 2726 2727
f 2725 2727 2728
f 2726 2729 2730
f 2726 2730 2727
f 2731 2732 2733
f 2730 2729 2734
f 2733 2734 2731
f 2734 2729 2731
f 2728 2502 2725
f 2497 2728 2735
f 2502 2728 2497
f 2738 2736 2737
f 2737 2739 2738
f 2740 2741 2742
f 2740 2742 2743
f 2741 2744 2745
f 2741 2745 2742
f 2746 2738 2739
f 2745 2744 2747
f 2739 2747 2746
f 2747 2744 2746
f 2733 2732 2740
f 2740 2743 2733
f 2740 2738 2741
f 2746 2744 2738
f 2741 2738 2744
f 2736 2738 2725
f 2731 2725 2732
f 2740 2732 2725
f 2726 2725 2729
f 2731 2729 2725
f 2740 2725 2738
f 2502 2736 2725
f 2304 2512 2306
f 2819 2748 2772
f 2750 2751 2755
f 2752 2755 2751
f 2751 2753 2752
f 2754 2755 2752
f 2751 2761 2753
f 2757 2756 2758
f 2758 2756 2395
f 2759 2395 2765
f 2395 2759 2760
f 2758 2395 2905
f 2905 2395 2760
f 2790 2757 2750
f 2762 2750 2757
f 2757 2790 2756
f 2761 2762 2757
f 2759 2765 2763
f 2763 2765 2904
f 2904 2766 2767
f 2765 2766 2904
f 2751 2762 2761
f 2769 2768 2754
f 2769 2764 2752
f 2754 2764 2769
f 2754 2768 2770
f 2770 2768 2767
f 2767 2766 2770
f 2428 2766 2399
f 2766 2428 2770
f 2771 2748 2770
f 2417 2415 2790
f 2417 2790 2772
f 2772 2771 2417
f 2756 2790 2415
f 2415 2396 2756
f 2419 2773 2749
f 2773 2419 2418
f 2773 2418 2775
f 2774 2775 2418
f 2418 2776 2774
f 2771 2444 2514
f 2776 2771 2514
f 2776 2418 2771
f 2444 2777 2514
f 2444 2306 2781
f 2306 2778 2780
f 2780 2779 2306
f 2781 2306 2779
f 2778 2306 2782
f 2395 2756 2396
f 2399 2766 2765
f 2863 2783 2315
f 2784 2315 2783
f 2317 2785 2690
f 2785 2317 2323
f 2419 2449 2450
f 2449 2786 2787
f 2786 2449 2419
f 2788 2449 2787
f 2790 2755 2789
f 2791 2793 2404
f 2407 2791 2404
f 2481 2848 2792
f 2407 2478 2481
f 2794 2481 2792
f 2795 2794 2792
f 2407 2481 2793
f 2793 2481 2794
f 2791 2407 2793
f 2383 2375 2374
f 2433 2440 2437
f 2433 2436 2798
f 2433 2798 2440
f 2440 2798 2797
f 2797 2798 2436
f 2452 2804 2796
f 2796 2800 2452
f 2796 2801 2800
f 2442 2801 2796
f 2501 2435 2799
f 2501 2797 2436
f 2439 2797 2501
f 2441 2439 2501
f 2441 2501 2431
f 2501 2474 2431
f 2475 2803 2801
f 2475 2442 2443
f 2442 2475 2801
f 2803 2475 2802
f 2474 2475 2431
f 2475 2443 2431
f 2435 2501 2436
f 2803 2802 2455
f 2452 2800 2801
f 2455 2801 2803
f 2478 2407 2406
f 2406 2479 2478
f 2378 2374 2379
f 2390 2615 2388
f 2807 2425 2391
f 2391 2805 2807
f 2426 2425 2617
f 2426 2617 2422
f 2705 2497 2706
f 2706 2728 2716
f 2613 2702 2720
f 2805 2806 2388
f 2805 2391 2806
f 2388 2615 2805
f 2724 2615 2722
f 2730 2711 2714
f 2717 2712 2615
f 2615 2724 2717
f 2712 2711 2805
f 2712 2805 2615
f 2734 2805 2711
f 2714 2716 2727
f 2615 2613 2722
f 2613 2720 2722
f 2735 2728 2497
f 2728 2727 2716
f 2737 2736 2700
f 2700 2739 2737
f 2618 2739 2700
f 2711 2730 2734
f 2739 2618 2747
f 2734 2733 2807
f 2742 2745 2617
f 2743 2742 2617
f 2733 2743 2617
f 2618 2745 2747
f 2734 2807 2805
f 2807 2617 2425
f 2617 2807 2733
f 2617 2745 2618
f 2714 2727 2730
f 2728 2706 2497
f 2808 2345 2695
f 2808 2506 2809
f 2809 2496 2812
f 2811 2333 2813
f 2316 2317 2690
f 2863 2692 2783
f 2814 2476 2817
f 2691 2476 2814
f 2814 2307 2691
f 2788 2814 2817
f 2814 2788 2515
f 2307 2814 2511
f 2307 2302 2691
f 2816 2691 2302
f 2691 2816 2815
f 2511 2513 2305
f 2305 2513 2304
f 2512 2304 2513
f 2306 2512 2782
f 2782 2780 2778
f 2780 2782 2510
f 2510 2779 2780
f 2510 2781 2779
f 2510 2777 2444
f 2510 2444 2781
f 2777 2510 2514
f 2776 2773 2774
f 2773 2775 2774
f 2773 2516 2749
f 2419 2749 2516
f 2786 2419 2516
f 2515 2787 2516
f 2786 2516 2787
f 2788 2787 2515
f 2772 2748 2771
f 2748 2819 2770
f 2820 2818 2790
f 2772 2818 2819
f 2789 2820 2790
f 2819 2818 2820
f 2789 2754 2770
f 2789 2755 2754
f 2770 2820 2789
f 2820 2770 2819
f 2755 2790 2750
f 2790 2818 2772
f 2821 2637 2822
f 2638 2822 2637
f 2627 2640 2821
f 2637 2821 2640
f 2638 2636 2823
f 2639 2823 2636
f 2822 2638 2824
f 2823 2824 2638
f 2825 2627 2337
f 2821 2337 2627
f 2826 2629 2825
f 2627 2825 2629
f 2827 2628 2826
f 2629 2826 2628
f 2828 2632 2827
f 2628 2827 2632
f 2635 2829 2639
f 2823 2639 2829
f 2641 2830 2635
f 2829 2635 2830
f 2642 2831 2641
f 2830 2641 2831
f 2832 2833 2642
f 2831 2642 2833
f 2828 2834 2631
f 2633 2631 2834
f 2632 2828 2630
f 2631 2630 2828
f 2835 2832 2634
f 2642 2634 2832
f 2834 2835 2633
f 2634 2633 2835
f 2832 2341 2833
f 2834 2341 2835
f 2828 2341 2834
f 2832 2835 2341
f 2826 2341 2827
f 2337 2826 2825
f 2341 2828 2827
f 2337 2341 2826
f 2831 2341 2344
f 2344 2337 2821
f 2344 2821 2822
f 2824 2344 2822
f 2829 2344 2823
f 2830 2344 2829
f 2824 2823 2344
f 2830 2831 2344
f 2831 2833 2341
f 2837 2795 2792
f 2851 2376 2836
f 2836 2376 2387
f 2394 2413 2842
f 2836 2394 2842
f 2387 2394 2836
f 2413 2841 2842
f 2412 2795 2837
f 2837 2413 2412
f 2413 2837 2841
f 2494 2850 2485
f 2838 2485 2850
f 2485 2839 2840
f 2485 2838 2839
f 2404 2793 2794
f 2795 2400 2794
f 2783 2472 2784
f 2301 2315 2784
f 2313 2315 2466
f 2313 2467 2311
f 2311 2467 2314
f 2314 2467 2462
f 2471 2468 2308
f 2338 2508 2463
f 2463 2695 2340
f 2468 2508 2339
f 2340 2338 2463
f 2308 2468 2346
f 2695 2345 2340
f 2866 2812 2496
f 2811 2334 2333
f 2808 2809 2345
f 2337 2809 2812
f 2866 2496 2813
f 2811 2810 2334
f 2334 2810 2342
f 2324 2484 2483
f 2328 2458 2482
f 2329 2843 2484
f 2322 2324 2483
f 2322 2483 2458
f 2320 2458 2328
f 2321 2319 2327
f 2482 2319 2328
f 2323 2461 2703
f 2318 2327 2461
f 2331 2336 2343
f 2330 2331 2459
f 2704 2690 2785
f 2785 2323 2704
f 2504 2620 2498
f 2625 2624 2697
f 2612 2611 2698
f 2612 2698 2699
f 2811 2612 2699
f 2696 2694 2626
f 2701 2696 2616
f 2696 2622 2616
f 2459 2503 2504
f 2459 2494 2495
f 2342 2810 2505
f 2342 2505 2343
f 2459 2343 2503
f 2698 2505 2810
f 2343 2505 2503
f 2707 2811 2813
f 2810 2811 2699
f 2496 2809 2693
f 2809 2506 2693
f 2698 2810 2699
f 2813 2496 2707
f 2845 2838 2842
f 2845 2844 2838
f 2844 2839 2838
f 2841 2839 2846
f 2844 2846 2839
f 2842 2841 2847
f 2841 2846 2847
f 2842 2847 2845
f 2846 2845 2847
f 2844 2845 2846
f 2840 2481 2480
f 2792 2849 2837
f 2851 2850 2852
f 2851 2852 2372
f 2836 2842 2838
f 2851 2836 2838
f 2851 2838 2850
f 2372 2852 2494
f 2850 2494 2852
f 2837 2839 2841
f 2840 2848 2481
f 2792 2848 2840
f 2840 2849 2792
f 2849 2839 2837
f 2840 2839 2849
f 2878 2877 2368
f 2871 2878 2368
f 2877 2879 2370
f 2876 2875 2365
f 2873 2872 2365
f 2875 2873 2365
f 2874 2865 2366
f 2872 2874 2365
f 2879 2876 2365
f 2865 2864 2357
f 2864 2863 2356
f 2863 2862 2356
f 2862 2861 2355
f 2861 2860 2354
f 2368 2364 2871
f 2370 2367 2877
f 2368 2877 2367
f 2366 2365 2874
f 2370 2879 2365
f 2357 2864 2356
f 2356 2862 2355
f 2355 2861 2354
f 2349 2354 2860
f 2349 2860 2353
f 2366 2865 2357
f 2860 2854 2656
f 2854 2855 2656
f 2856 2853 2347
f 2855 2856 2348
f 2858 2857 2347
f 2857 2859 2350
f 2853 2858 2347
f 2859 2866 2359
f 2868 2869 2360
f 2867 2868 2360
f 2866 2867 2360
f 2870 2871 2362
f 2869 2870 2361
f 2348 2856 2347
f 2656 2855 2348
f 2350 2347 2857
f 2351 2350 2859
f 2359 2358 2859
f 2359 2866 2360
f 2362 2361 2870
f 2363 2362 2871
f 2364 2363 2871
f 2360 2869 2361
f 2351 2859 2358
f 2656 2353 2860
f 2860 2861 2310
f 2861 2862 2314
f 2692 2863 2864
f 2312 2862 2863
f 2317 2865 2874
f 2874 2872 2317
f 2873 2875 2321
f 2876 2879 2321
f 2875 2876 2321
f 2322 2878 2871
f 2878 2322 2877
f 2879 2877 2321
f 2872 2873 2317
f 2864 2865 2692
f 2860 2310 2309
f 2314 2310 2861
f 2314 2862 2312
f 2692 2865 2317
f 2317 2873 2321
f 2321 2877 2322
f 2860 2309 2854
f 2325 2871 2870
f 2870 2869 2332
f 2334 2869 2868
f 2334 2868 2867
f 2859 2857 2337
f 2853 2856 2338
f 2856 2855 2338
f 2855 2854 2338
f 2857 2858 2853
f 2871 2325 2322
f 2325 2870 2332
f 2866 2334 2867
f 2332 2869 2334
f 2859 2337 2866
f 2337 2857 2853
f 2854 2309 2338
f 2445 2881 2883
f 2881 2445 2880
f 2880 2445 2882
f 2445 2883 2882
f 2559 2558 2882
f 2562 2882 2558
f 2562 2880 2882
f 2524 2882 2883
f 2524 2536 2882
f 2537 2546 2882
f 2537 2882 2536
f 2540 2882 2541
f 2882 2546 2541
f 2540 2559 2882
f 2884 2416 2412
f 2412 2602 2884
f 2416 2884 2414
f 2600 2602 2412
f 2600 2412 2414
f 2884 2598 2414
f 2602 2598 2884
f 2595 2414 2596
f 2414 2598 2596
f 2414 2565 2885
f 2581 2414 2885
f 2414 2584 2600
f 2561 2565 2414
f 2542 2885 2565
f 2542 2581 2885
f 2582 2584 2414
f 2582 2414 2581
f 2595 2561 2414
f 2886 2397 2394
f 2887 2397 2886
f 2888 2886 2394
f 2888 2394 2397
f 2397 2889 2578
f 2888 2397 2578
f 2887 2889 2397
f 2886 2579 2887
f 2585 2886 2586
f 2585 2583 2886
f 2580 2579 2886
f 2580 2886 2583
f 2548 2889 2887
f 2888 2586 2886
f 2550 2544 2889
f 2538 2889 2544
f 2538 2578 2889
f 2586 2888 2578
f 2548 2550 2889
f 2890 2430 2427
f 2430 2890 2533
f 2532 2427 2430
f 2430 2533 2892
f 2430 2892 2532
f 2891 2427 2532
f 2890 2427 2545
f 2543 2549 2427
f 2547 2427 2549
f 2547 2545 2427
f 2535 2534 2890
f 2535 2890 2545
f 2533 2890 2523
f 2890 2534 2523
f 2891 2543 2427
f 2429 2892 2533
f 2429 2532 2892
f 2539 2543 2891
f 2893 2894 2897
f 2893 2896 2894
f 2896 2895 2894
f 2605 2897 2894
f 2570 2895 2896
f 2893 2897 2604
f 2893 2603 2571
f 2603 2893 2604
f 2896 2569 2570
f 2896 2893 2571
f 2898 2605 2894
f 2899 2894 2895
f 2895 2570 2899
f 2894 2899 2564
f 2894 2564 2900
f 2898 2894 2900
f 2568 2896 2572
f 2568 2569 2896
f 2897 2605 2604
f 2572 2896 2571
f 2564 2899 2563
f 2566 2899 2570
f 2560 2900 2564
f 2898 2900 2599
f 2599 2900 2597
f 2757 2901 2761
f 2752 2753 2769
f 2902 2904 2767
f 2767 2768 2902
f 2903 2763 2904
f 2759 2763 2760
f 2757 2758 2901
f 2902 2903 2904
f 2903 2902 2763
f 2753 2763 2902
f 2769 2753 2768
f 2753 2902 2768
f 2753 2761 2763
f 2760 2763 2758
f 2760 2758 2905
f 2761 2758 2763
f 2901 2758 2761
f 2449 2788 2817
f 2476 2449 2817
f 2472 2691 2303
f 2302 2303 2815
f 2815 2303 2691
f 2460 2490 2703
f 2482 2491 2319
f 2491 2477 2461
f 2491 2461 2319
f 2490 2489 2323
f 2690 2704 2489
f 2703 2490 2323
f 2323 2489 2704
f 2690 2489 2476
f 2470 2486 2492
f 2486 2469 2487
f 2467 2488 2487
f 2466 2488 2467
f 2464 2487 2469
f 2464 2462 2487
f 2467 2487 2462
f 2508 2500 2463
f 2301 2473 2465
f 2695 2463 2500
f 2465 2473 2466
f 2506 2808 2695
f 2468 2509 2508
f 2468 2470 2492
f 2784 2472 2473
f 2301 2784 2473
f 2906 2907 2908
f 2909 2910 2911
f 2907 2909 2911
f 2912 2913 2914
f 2915 2916 2917
f 2913 2915 2917
f 2910 2912 2918
f 2908 4465 2906
f 4467 2911 2910
f 2908 2907 2911
f 2914 2918 2912
f 2919 2917 2916
f 2914 2913 2917
f 4467 2910 2918
f 2916 2920 2919
f 2906 4465 2921
f 2920 2922 2923
f 2924 2925 2926
f 2922 2924 2927
f 2928 2929 2930
f 2931 2932 2921
f 2929 2931 2933
f 2925 2928 2934
f 2927 2923 2922
f 2926 4470 2924
f 2927 2924 4470
f 2930 2934 2928
f 2921 2933 2931
f 2930 2929 2933
f 2926 2925 2934
f 2932 2906 2921
f 2920 2923 2919
f 2935 2936 2937
f 2938 2939 2940
f 2936 2938 2941
f 2942 2943 2944
f 2945 2946 2947
f 2943 2945 2944
f 2939 2942 2948
f 2937 4454 2935
f 2940 2941 2938
f 2937 2936 2941
f 2944 2948 2942
f 4459 2947 2946
f 2944 2945 2947
f 2940 2939 2948
f 2949 2950 2946
f 2935 4454 2951
f 2949 2952 2953
f 2954 2955 2956
f 2952 2954 2953
f 2957 2958 2959
f 2960 2961 2951
f 2958 2960 2962
f 2955 2957 2963
f 2953 2950 2949
f 4460 2956 2955
f 2953 2954 2956
f 2959 2963 2957
f 2951 2962 2960
f 2959 2958 2962
f 4460 2955 2963
f 2961 2935 2951
f 2950 4459 2946
f 2964 2965 2966
f 2967 2968 2969
f 2965 2967 2966
f 2970 2971 2972
f 2973 2974 2975
f 2971 2973 2976
f 2968 2970 2977
f 2966 4437 2964
f 2969 4438 2967
f 2966 2967 4438
f 2972 2977 2970
f 2975 2976 2973
f 2972 2971 2976
f 2969 2968 2977
f 2978 2979 2974
f 2964 4437 2980
f 2978 2981 2982
f 2983 2984 2985
f 2981 2983 2986
f 2987 2988 2989
f 2990 2991 2992
f 2988 2990 2989
f 2984 2987 2993
f 2982 2979 2978
f 2985 2986 2983
f 2982 2981 2986
f 2989 2993 2987
f 2980 2992 2991
f 2989 2990 2992
f 2985 2984 2993
f 2991 2964 2980
f 2979 2975 2974
f 2994 2995 2996
f 2997 2998 2999
f 2995 2997 3000
f 3001 3002 3003
f 3004 3005 3006
f 3002 3004 3007
f 2998 3001 3008
f 2996 4430 2994
f 2999 3000 2997
f 2996 2995 3000
f 3003 3008 3001
f 3006 3007 3004
f 3003 3002 3007
f 2999 2998 3008
f 3009 3010 3005
f 2994 4430 3011
f 3009 3012 3013
f 3014 3015 3016
f 3012 3014 3017
f 3018 3019 3020
f 3021 3022 3011
f 3019 3021 3023
f 3015 3018 3024
f 3013 3010 3009
f 3016 3017 3014
f 3013 3012 3017
f 3020 3024 3018
f 3011 3023 3021
f 3020 3019 3023
f 3016 3015 3024
f 3022 2994 3011
f 3010 3006 3005
f 3025 3026 3027
f 3028 3029 3030
f 3026 3028 3031
f 3032 3033 3034
f 3035 3036 3037
f 3033 3035 3038
f 3029 3032 3039
f 3027 4421 3025
f 3030 3031 3028
f 3027 3026 3031
f 3034 3039 3032
f 3037 3038 3035
f 3034 3033 3038
f 3030 3029 3039
f 3040 3041 3036
f 3025 4421 3042
f 3040 3043 3044
f 3045 3046 3047
f 3043 3045 3048
f 3049 3050 3051
f 3052 3053 3042
f 3050 3052 3054
f 3046 3049 3055
f 3044 3041 3040
f 3047 3048 3045
f 3044 3043 3048
f 3051 3055 3049
f 3042 3054 3052
f 3051 3050 3054
f 3047 3046 3055
f 3053 3025 3042
f 3041 3037 3036
f 3056 3057 3058
f 3059 3060 3061
f 3057 3059 3062
f 3063 3064 3065
f 3066 3067 3068
f 3064 3066 3068
f 3060 3063 3069
f 3058 3070 3056
f 3061 3062 3059
f 3058 3057 3062
f 3065 3069 3063
f 3071 3068 3067
f 3065 3064 3068
f 3061 3060 3069
f 3067 3072 3071
f 3056 3070 3073
f 3072 3074 3075
f 3076 3077 3078
f 3074 3076 3079
f 3080 3081 3082
f 3083 3073 3084
f 3081 3083 3085
f 3077 3080 3086
f 3079 3075 3074
f 3078 4408 3076
f 3079 3076 4408
f 3082 3086 3080
f 3084 3085 3083
f 3082 3081 3085
f 3078 3077 3086
f 3073 3070 3084
f 3072 3075 3071
f 3087 3088 3089
f 3090 3091 3092
f 3088 3090 3093
f 3094 3095 3096
f 3097 3098 3099
f 3095 3097 3099
f 3091 3094 3100
f 3089 4393 3087
f 3092 3093 3090
f 3089 3088 3093
f 3096 3100 3094
f 3101 3099 3098
f 3096 3095 3099
f 3092 3091 3100
f 3098 3102 3101
f 3087 4393 3103
f 3102 3104 3105
f 3106 3107 3108
f 3104 3106 3109
f 3110 3111 3112
f 3113 3114 3103
f 3111 3113 3115
f 3107 3110 3116
f 3109 3105 3104
f 3108 4402 3106
f 3109 3106 4402
f 3112 3116 3110
f 3103 3115 3113
f 3112 3111 3115
f 3108 3107 3116
f 3114 3087 3103
f 3102 3105 3101
f 3117 3118 3119
f 3120 3121 3122
f 3118 3120 3123
f 3124 3125 3126
f 3127 3128 3129
f 3125 3127 3130
f 3121 3124 3131
f 3119 4494 3117
f 3122 3123 3120
f 3119 3118 3123
f 3126 3131 3124
f 3129 3130 3127
f 3126 3125 3130
f 3122 3121 3131
f 3132 3133 3128
f 3117 4494 3134
f 3132 3135 3136
f 3137 3138 3139
f 3135 3137 3140
f 3141 3142 3143
f 3144 3145 3134
f 3142 3144 3146
f 3138 3141 3147
f 3136 3133 3132
f 3139 3140 3137
f 3136 3135 3140
f 3143 3147 3141
f 3134 3146 3144
f 3143 3142 3146
f 3139 3138 3147
f 3145 3117 3134
f 3133 3129 3128
f 3148 3149 3150
f 3151 3152 3153
f 3149 3151 3153
f 3154 3155 3156
f 3157 3158 3159
f 3155 3157 3159
f 3152 3154 3160
f 3150 3161 3148
f 4474 3153 3152
f 3150 3149 3153
f 3156 3160 3154
f 3162 3159 3158
f 3156 3155 3159
f 4474 3152 3160
f 3158 3163 3162
f 3148 3161 3164
f 3163 3165 3166
f 3167 3168 3169
f 3165 3167 3170
f 3171 3172 3173
f 3174 3164 3175
f 3172 3174 3173
f 3168 3171 3176
f 3170 3166 3165
f 3169 4367 3167
f 3170 3167 4367
f 3173 3176 3171
f 3175 4473 3174
f 3173 3174 4473
f 3169 3168 3176
f 3164 3161 3175
f 3163 3166 3162
f 3177 3178 3179
f 3180 3181 3182
f 3178 3180 3179
f 3183 3184 3185
f 3186 3187 3188
f 3184 3186 3188
f 3181 3183 3189
f 3179 4412 3177
f 4413 3182 3181
f 3179 3180 3182
f 3185 3189 3183
f 3190 3188 3187
f 3185 3184 3188
f 4413 3181 3189
f 3187 3191 3190
f 3177 4412 3192
f 3191 3193 3194
f 3195 3196 3197
f 3193 3195 3198
f 3199 3200 3201
f 3202 3203 3204
f 3200 3202 3201
f 3196 3199 3205
f 3198 3194 3193
f 3197 4417 3195
f 3198 3195 4417
f 3201 3205 3199
f 3192 3204 3203
f 3201 3202 3204
f 3197 3196 3205
f 3203 3177 3192
f 3191 3194 3190
f 3206 3207 3208
f 3209 3210 3211
f 3207 3209 3211
f 3212 3213 3214
f 3215 3216 3217
f 3213 3215 3217
f 3210 3212 3218
f 3208 3219 3206
f 3220 3211 3210
f 3208 3207 3211
f 3214 3218 3212
f 3221 3217 3216
f 3214 3213 3217
f 3220 3210 3218
f 3216 3222 3221
f 3206 3219 3223
f 3222 3224 3225
f 3226 3227 3228
f 3224 3226 3229
f 3230 3231 3232
f 3233 3223 3234
f 3231 3233 3235
f 3227 3230 3236
f 3229 3225 3224
f 3228 4489 3226
f 3229 3226 4489
f 3232 3236 3230
f 3234 3235 3233
f 3232 3231 3235
f 3228 3227 3236
f 3223 3219 3234
f 3222 3225 3221
f 3237 3238 3239
f 3240 3241 3242
f 3238 3240 3239
f 3243 3244 3245
f 3246 3247 3248
f 3244 3246 3249
f 3241 3243 3250
f 3239 4446 3237
f 4448 3242 3241
f 3239 3240 3242
f 3245 3250 3243
f 3248 3249 3246
f 3245 3244 3249
f 4448 3241 3250
f 3251 3252 3247
f 3237 4446 3253
f 3251 3254 3255
f 3256 3257 3258
f 3254 3256 3259
f 3260 3261 3262
f 3263 3264 3253
f 3261 3263 3265
f 3257 3260 3266
f 3255 3252 3251
f 3258 3259 3256
f 3255 3254 3259
f 3262 3266 3260
f 3253 3265 3263
f 3262 3261 3265
f 3258 3257 3266
f 3264 3237 3253
f 3252 3248 3247
f 3271 3267 3269
f 3269 3273 3363
f 3271 3269 4911
f 3363 4911 3269
f 3374 4915 3273
f 3277 3273 4915
f 3514 3279 3273
f 3290 3291 3514
f 3298 3292 3290
f 3291 3290 3292
f 3290 3297 3296
f 3296 3295 3290
f 3290 3504 3301
f 3301 3504 3302
f 3504 3306 3302
f 3504 3303 3306
f 3515 3303 3307
f 3515 3305 3303
f 3318 3718 3319
f 3322 3668 3627
f 3755 3329 3325
f 3333 3652 3764
f 3335 3334 3336
f 3334 3335 3337
f 3337 3338 3343
f 3343 3342 3344
f 3342 3343 3341
f 3346 3343 3344
f 3339 3346 3344
f 3346 3339 3340
f 3346 3340 3345
f 3352 3346 3345
f 3354 3355 3352
f 3361 3358 3354
f 3267 3271 3356
f 3359 3361 3354
f 3303 3364 3365
f 3366 3303 3365
f 3273 3274 3363
f 3365 3364 3367
f 3368 3367 3364
f 3274 3273 3277
f 3568 3370 3500
f 3371 3568 3500
f 3500 3373 3371
f 3500 3370 3364
f 3509 3272 3372
f 3509 3294 3293
f 3279 3374 3273
f 3372 3373 3500
f 3272 3375 3372
f 3373 3372 3375
f 3664 3378 3581
f 3690 4790 3545
f 3690 3588 4790
f 3294 3390 3293
f 3278 3279 3514
f 3281 3280 3514
f 3300 3559 3304
f 3291 3281 3514
f 3304 3390 3300
f 3394 3393 3567
f 3396 3559 3493
f 3493 3513 3396
f 3295 3298 3290
f 3513 3353 3268
f 3353 3267 3268
f 3517 3400 3401
f 5024 3409 3591
f 4707 3382 3625
f 3301 3297 3290
f 3361 3738 3416
f 3305 3306 3303
f 3308 3307 3303
f 3422 3424 3439
f 3334 3447 3443
f 3768 3334 3443
f 3332 3445 3446
f 3768 3448 3334
f 3370 3368 3364
f 3449 3336 3334
f 3449 3334 3450
f 3308 3303 3366
f 3556 3567 3397
f 3517 3556 3397
f 3275 3401 3270
f 3592 3275 3362
f 3270 3362 3275
f 3282 3592 3276
f 3283 3282 3388
f 3395 3283 3391
f 3417 3395 3399
f 3398 3399 3395
f 3299 3418 3417
f 3571 3417 3418
f 3423 3571 3419
f 3441 3423 3425
f 3573 3441 3442
f 3376 3573 3451
f 3369 3451 3573
f 3664 3376 3377
f 3539 3581 3392
f 3448 3450 3334
f 3338 3341 3343
f 3455 3454 3447
f 3447 3334 3455
f 3456 3334 4622
f 3455 3334 3456
f 3422 3457 3458
f 3422 3439 3457
f 3447 3454 3443
f 3439 3440 3457
f 3454 3440 3443
f 3454 3457 3440
f 3334 3460 3459
f 3459 4622 3334
f 3343 3461 3460
f 3337 3460 3334
f 3343 3460 3337
f 3346 3461 3343
f 3462 4605 3346
f 3739 3458 4611
f 3739 3422 3458
f 3463 3421 3739
f 3464 3739 4611
f 3463 3465 3421
f 3466 3739 3464
f 3463 3739 3467
f 3416 3421 3465
f 3466 3467 3739
f 3361 3416 3465
f 3355 3354 3358
f 3352 3468 3346
f 3352 3355 3468
f 3346 3468 3462
f 4587 3468 3355
f 3358 3361 4593
f 3355 4585 4587
f 3355 3358 4593
f 4568 3469 4572
f 3472 4572 3469
f 3471 3473 3475
f 3477 3478 3476
f 3481 3479 3480
f 3482 4579 3480
f 3483 3482 4144
f 3483 4144 4562
f 3483 4579 3482
f 3484 3485 3486
f 4546 3485 3487
f 4548 4357 3476
f 4357 4546 3487
f 3486 3489 3484
f 4561 4004 3488
f 4562 4004 4561
f 4562 4144 4004
f 3485 4546 3486
f 3490 4561 3488
f 3486 3490 3489
f 3490 3486 4561
f 3502 3501 3496
f 3502 3496 3507
f 3508 3495 3496
f 3496 3495 3507
f 3344 3512 3339
f 3510 3512 3344
f 3304 4916 3390
f 3297 3521 3296
f 3367 3368 3528
f 3363 3274 3548
f 3521 3297 3301
f 3296 3521 3295
f 3561 3280 3281
f 3513 3522 3396
f 3514 3523 3278
f 4911 3524 3271
f 3525 3305 3515
f 3390 4916 3293
f 3526 3365 3367
f 3373 3375 3554
f 3288 4817 3287
f 3664 3581 4877
f 3574 3379 3380
f 3409 4788 3591
f 3307 3308 3550
f 3281 3291 3561
f 3278 3523 3279
f 3394 4909 3389
f 3592 4906 3275
f 3368 3370 3558
f 3560 3304 3559
f 3279 4915 3374
f 3295 3521 3298
f 3305 3525 3306
f 3356 3271 3569
f 3277 4915 3274
f 3417 3571 3590
f 4881 3441 3573
f 3423 3441 3584
f 3309 4816 3288
f 3582 4804 3546
f 3409 3285 3579
f 3581 3539 4808
f 3402 3405 4807
f 3404 3408 3578
f 3595 3319 3320
f 3349 3350 3599
f 3605 3347 3744
f 3428 3429 3606
f 3607 3430 3431
f 3348 3351 4673
f 3618 3438 3763
f 3619 3357 3360
f 3445 3620 3444
f 3413 3415 3616
f 3289 3311 4726
f 3622 3624 3286
f 3597 4769 3327
f 3434 3321 4744
f 3321 3627 4744
f 3312 3631 3313
f 3311 3313 3631
f 3318 4719 3623
f 4713 3723 3427
f 3633 4715 3384
f 3350 3410 4700
f 3429 3724 3626
f 3326 3637 3322
f 3328 3635 3638
f 3437 3323 3642
f 3414 3640 3650
f 3652 4650 3764
f 3332 3645 3445
f 3647 3609 3331
f 3331 3348 3643
f 3413 3653 3360
f 3656 3763 3444
f 3339 3657 3652
f 3549 3564 3293
f 3509 3293 3659
f 4915 3548 3274
f 3550 3515 3307
f 4872 3304 3520
f 3267 3356 3569
f 3569 3271 3563
f 3304 3560 3520
f 3566 3366 3365
f 3301 3562 3521
f 3302 3306 3525
f 3526 3553 3365
f 3293 4916 3549
f 3660 3394 3518
f 3517 4852 3556
f 3283 3519 4886
f 3661 3283 4886
f 3517 3401 3555
f 3389 4909 3272
f 4848 3555 3401
f 3661 4854 3283
f 3375 3272 3554
f 3368 3558 3528
f 3513 3268 3552
f 4916 3304 4872
f 3561 3514 3280
f 4871 3552 3268
f 3363 3548 4911
f 3308 3366 3550
f 4893 3394 3660
f 3558 3370 3568
f 3592 3516 4906
f 3557 3592 3282
f 3283 3547 3519
f 3524 3563 3271
f 3564 3659 3293
f 3283 3395 3547
f 3531 3573 3536
f 3573 3376 3583
f 3580 4807 3405
f 3572 3395 3417
f 3663 3570 3423
f 3284 3665 3538
f 3405 3406 3580
f 3535 3380 3577
f 3533 3385 3545
f 3574 3380 3535
f 4784 3379 3574
f 3542 3317 3589
f 3543 4817 3288
f 3571 3423 3570
f 3532 3664 4877
f 3663 3423 3529
f 3540 4877 3581
f 3537 3664 3532
f 3407 4827 3406
f 3317 3542 3316
f 3586 4813 3695
f 3543 3288 4816
f 4909 3394 4893
f 3666 3401 3275
f 3267 4871 3268
f 3292 3298 3521
f 3561 3291 3292
f 4915 3279 3523
f 3562 3301 3302
f 3553 3566 3365
f 3401 3666 4848
f 3551 3396 3522
f 3568 3371 3565
f 3396 3551 3559
f 3371 3373 3565
f 3373 3554 3527
f 3582 4821 4804
f 4878 3376 3664
f 3587 3316 3541
f 3575 3309 3310
f 3589 3317 3379
f 3408 3591 3578
f 3530 3284 3546
f 3289 3600 3667
f 3667 3593 3289
f 3534 4788 3409
f 3286 4760 4757
f 3601 3595 3320
f 3624 4730 3286
f 3604 3328 3638
f 3744 3639 3630
f 3328 3604 3597
f 4777 3668 3322
f 3668 4776 3627
f 3598 3599 3350
f 3630 3605 3744
f 4730 4760 3286
f 3594 3312 3314
f 4726 3600 3289
f 3622 3632 4720
f 3579 4759 3409
f 3691 3289 3593
f 3628 3635 3347
f 3603 3434 4744
f 3433 3434 3603
f 3658 3384 4715
f 3636 3429 3626
f 3384 3596 3382
f 3598 3350 4704
f 3350 3629 4704
f 3430 3607 3426
f 3414 3608 3669
f 3671 3351 3745
f 3649 3615 3351
f 3643 3348 4673
f 3641 4668 3330
f 3615 3610 3351
f 3412 3650 4742
f 3651 3415 3611
f 4658 3758 3420
f 3644 3360 4670
f 3644 3619 3360
f 3646 3420 4642
f 3618 3763 3612
f 3763 4646 4656
f 3652 4647 4651
f 3763 4656 3617
f 4639 3445 3645
f 3763 4641 3612
f 3648 3613 3414
f 4742 4969 3412
f 3609 3641 3330
f 3642 3436 3437
f 3669 3640 3414
f 3436 4732 3435
f 3414 3613 3608
f 3415 3655 3654
f 3745 3357 3671
f 3654 3616 3415
f 4645 3445 4639
f 3763 3617 4641
f 3618 3420 3438
f 4673 3351 3610
f 4658 3420 3646
f 3323 3324 3642
f 3657 3339 3512
f 4701 3347 3605
f 3319 3602 3621
f 4720 3624 3622
f 4700 3629 3350
f 3411 4763 3410
f 3349 3634 3639
f 4763 4700 3410
f 4745 3429 3636
f 4757 3285 3286
f 3602 3319 3595
f 3637 3326 3327
f 3648 3426 4740
f 3329 3330 4668
f 4636 3444 3620
f 3332 3764 4650
f 4646 3763 3656
f 3415 3651 3655
f 4636 3656 3444
f 3670 3324 3325
f 3607 3431 3614
f 3431 3432 4696
f 3653 4670 3360
f 4640 3413 3616
f 4701 3628 3347
f 3678 3567 4898
f 3517 3678 3672
f 3425 5081 5052
f 3701 3398 3675
f 4864 3581 3705
f 3406 3680 5048
f 5079 3664 5084
f 4864 5071 3581
f 3284 5048 3682
f 5045 3582 5046
f 5044 3310 3309
f 5041 3683 3286
f 3686 3622 5033
f 3427 5006 3685
f 5064 5062 3380
f 3587 5066 3316
f 5027 5026 3404
f 3690 3544 3576
f 5063 3385 3715
f 3404 5028 5027
f 5084 3664 3696
f 3698 3676 3400
f 3400 3699 3698
f 3700 3417 3701
f 5081 3423 3697
f 5051 3696 3377
f 3677 3418 3700
f 3702 3573 3703
f 3393 5057 4898
f 3402 3539 5071
f 3288 4856 3674
f 3712 3405 4853
f 3710 3405 4847
f 3706 3546 3707
f 5047 3707 3284
f 4856 3287 5072
f 3405 3710 4853
f 5056 5090 3394
f 3388 3679 3708
f 3400 3672 3699
f 3708 3704 3283
f 3697 3419 3677
f 3709 3270 3676
f 3276 3709 3673
f 5057 3393 5090
f 3681 5054 3442
f 3704 3675 3391
f 3673 3679 3282
f 3664 5079 3705
f 3546 3706 5046
f 3284 3682 5047
f 3722 3316 5065
f 3573 5054 3703
f 3402 5055 3711
f 3702 5051 3369
f 3406 3712 3680
f 3405 3402 3711
f 5052 3681 3425
f 3285 5037 3694
f 5036 3714 3544
f 5033 3286 3683
f 5024 5025 5038
f 3725 3313 3311
f 3312 5030 5022
f 5061 3688 3545
f 3429 3716 5009
f 3718 3719 3320
f 3720 3320 5015
f 5040 3314 5022
f 3385 5063 5061
f 3317 3722 4882
f 3544 3714 5028
f 5064 3380 3713
f 3379 3689 3713
f 3591 5026 5029
f 5041 3286 3694
f 5014 3382 3720
f 3719 5015 3320
f 3289 5034 3725
f 3716 3429 3687
f 5008 3693 3384
f 5013 3382 5014
f 5062 3715 3577
f 3433 3724 5012
f 5056 3389 5073
f 5012 3726 3434
f 5000 3727 3431
f 3324 3734 4997
f 5004 3728 3325
f 3635 4960 3730
f 3597 4995 4962
f 4967 3627 3731
f 3349 4719 4990
f 3351 3732 3733
f 3329 3755 3735
f 3430 3426 3746
f 4938 3361 4937
f 4947 3361 4938
f 3446 4940 3332
f 3763 3736 4976
f 4975 3737 3413
f 3416 3738 4947
f 3424 3422 4919
f 4930 4936 3354
f 3342 3341 3770
f 3727 4999 3431
f 3350 3751 5001
f 3325 4997 5004
f 3732 3351 4952
f 3348 3331 4981
f 4989 3746 3648
f 3437 4996 3734
f 3747 3413 4972
f 4984 3351 3748
f 4983 3609 3330
f 3414 3752 3750
f 3349 4990 3751
f 4962 4960 3328
f 3729 3412 4963
f 3323 3437 3734
f 3752 3650 3729
f 3635 3730 3753
f 3744 3347 3753
f 4966 3322 3627
f 3414 3754 4989
f 3754 3414 3750
f 3351 3348 4952
f 4983 3330 3735
f 3357 3749 4958
f 4958 3360 3357
f 3609 4986 3756
f 3748 3351 3733
f 4972 3413 3360
f 3747 4975 3413
f 3325 3324 4997
f 3322 3743 3326
f 3726 3731 3434
f 4943 3339 3652
f 4942 3352 4934
f 3416 4947 3767
f 4949 3420 3758
f 3737 4955 3611
f 3421 4928 3761
f 4922 3336 3449
f 3438 3420 4949
f 3445 3757 3765
f 3445 3765 3766
f 3445 3766 4940
f 3340 4945 4933
f 4928 3421 3767
f 3422 3762 4919
f 3440 3759 4929
f 3424 3769 3759
f 3740 3421 3761
f 3354 4936 3359
f 3741 4921 3337
f 3509 5073 3389
f 3397 3567 3678
f 3276 3673 3282
f 3401 3400 3676
f 3388 3282 3679
f 3675 3398 3395
f 3571 3418 3677
f 3395 3391 3675
f 3677 3419 3571
f 3393 4898 3567
f 3376 3451 5051
f 3538 3407 5048
f 3546 5046 3582
f 3441 3681 3442
f 5051 3377 3376
f 5071 3392 3581
f 3309 3288 5044
f 5048 3284 3538
f 3451 3369 5051
f 3441 3425 3681
f 3407 3406 5048
f 3299 3700 3418
f 3581 3378 3705
f 3586 3695 5066
f 3577 3715 3381
f 3715 3385 3381
f 3404 5026 3408
f 3591 3408 5026
f 3587 3586 5066
f 3689 3379 3317
f 3577 3380 5062
f 3622 3286 5033
f 3720 3383 3320
f 3692 3633 3384
f 3318 3623 5040
f 3720 4707 3383
f 5006 3427 3723
f 5011 3633 3692
f 3686 3691 3622
f 3285 3409 5037
f 3576 3588 3690
f 3544 5028 3404
f 3285 3694 3286
f 5024 3591 5029
f 5040 3623 3315
f 3314 5040 3315
f 3313 5030 3312
f 4707 3720 3382
f 3387 3717 3723
f 3428 3687 3429
f 5009 3724 3429
f 3311 3289 3725
f 3270 3709 3362
f 3398 3701 3399
f 3442 5054 3573
f 3697 3423 3419
f 3539 3392 5071
f 3664 3705 3378
f 3664 3377 3696
f 3582 5072 3287
f 3712 3406 3405
f 3402 3403 3539
f 3397 3678 3517
f 3394 5090 3393
f 3389 5056 3394
f 3701 3417 3399
f 3388 3708 3283
f 3362 3709 3592
f 3592 3709 3276
f 3400 3517 3672
f 3283 3704 3391
f 3700 3299 3417
f 3369 3573 3702
f 3284 3707 3546
f 4856 3288 3287
f 3425 3423 5081
f 3695 3310 3684
f 3289 3691 5034
f 3545 3688 3690
f 5024 5038 3409
f 3312 5022 3314
f 3427 3685 3428
f 5008 3384 3382
f 3721 3387 3386
f 3316 3722 3317
f 3380 3379 3713
f 5061 3545 3385
f 3319 3718 3320
f 3272 3509 3389
f 3434 3731 3321
f 3639 4719 3349
f 3350 5001 3410
f 3744 4719 3639
f 3328 4960 3635
f 3627 3321 3731
f 3412 3729 3650
f 3431 4999 3432
f 3746 3426 3648
f 3435 3432 4999
f 3324 3323 3734
f 3735 3330 3329
f 4984 3745 3351
f 3414 3650 3752
f 3412 4969 4963
f 3327 3326 4995
f 3609 3756 3331
f 3436 3435 4999
f 3755 3325 3728
f 3413 3737 3415
f 4940 3764 3332
f 3340 3339 4945
f 3739 3421 3740
f 4947 3738 3361
f 3342 3742 3344
f 3335 3336 3741
f 4940 3446 3445
f 3444 4954 3445
f 3652 3333 4943
f 4924 3443 3440
f 3770 3341 3338
f 4934 3352 3345
f 3347 3635 3753
f 3411 3410 4992
f 3751 3350 3349
f 4989 3648 3414
f 5000 3431 3430
f 3745 3749 3357
f 3597 3327 4995
f 4992 4969 3411
f 4962 3328 3597
f 3437 3436 4996
f 3333 3764 4939
f 3611 3415 3737
f 3762 3739 4925
f 3741 3337 3335
f 3439 3424 3759
f 4922 3449 3448
f 3770 3338 3337
f 3611 4955 3758
f 3763 3438 3736
f 3359 4937 3361
f 3422 3739 3762
f 3759 3440 3439
f 3416 3767 3421
f 3448 3768 4922
f 5012 3434 3433
f 3270 3401 3676
f 3772 3773 3771
f 3774 3775 3776
f 3777 3778 3779
f 3780 3779 3775
f 3781 3782 3783
f 3784 3785 3786
f 3787 3786 3782
f 3788 3783 3778
f 3789 3790 3791
f 3792 3793 3794
f 3795 3794 3790
f 3796 3797 3798
f 3799 3800 3801
f 3802 3801 3797
f 3803 3798 3793
f 3804 3791 3785
f 3805 3806 3807
f 3808 3809 3810
f 3811 3810 3806
f 3812 3813 3814
f 3815 3816 3817
f 3818 3817 3813
f 3819 3814 3809
f 3820 3821 3822
f 3823 3824 3825
f 3826 3825 3821
f 3827 3828 3829
f 3830 3831 3832
f 3833 3832 3828
f 3834 3829 3824
f 3835 3822 3816
f 3836 3807 3800
f 3774 3776 3902
f 3777 3779 3780
f 3774 3780 3775
f 3781 3783 3788
f 3784 3786 3787
f 3781 3787 3782
f 3777 3788 3778
f 3789 3791 3804
f 3792 3794 3795
f 3789 3795 3790
f 3796 3798 3803
f 3799 3801 3802
f 3796 3802 3797
f 3792 3803 3793
f 3784 3804 3785
f 3805 3807 3836
f 3808 3810 3811
f 3805 3811 3806
f 3819 3812 3814
f 3809 3808 3819
f 3818 3813 3812
f 3817 3818 3815
f 3836 3800 3799
f 3835 3816 3815
f 3826 3821 3820
f 3835 3820 3822
f 3834 3824 3823
f 3833 3828 3827
f 3830 3832 3833
f 3834 3827 3829
f 3826 3823 3825
f 3831 3830 3837
f 3831 3837 3838
f 3839 3840 3841
f 3842 3843 3844
f 3845 3844 3840
f 3846 3847 3848
f 3849 3850 3851
f 3852 3851 3847
f 3853 3848 3843
f 3854 3855 3856
f 3857 3858 3859
f 3860 3859 3855
f 3861 3862 3863
f 3864 3865 3866
f 3867 3866 3862
f 3868 3863 3858
f 3869 3856 3850
f 3870 3871 3872
f 3873 3874 3875
f 3876 3875 3871
f 3877 3878 3879
f 3880 3881 3882
f 3883 3882 3878
f 3884 3879 3874
f 3885 3886 3887
f 3888 3889 3890
f 3891 3890 3886
f 3892 3893 3894
f 3772 3771 3895
f 3896 3895 3893
f 3897 3894 3889
f 3898 3887 3881
f 3899 3872 3865
f 3900 3838 3837
f 3840 3839 3845
f 3839 3841 3900
f 3843 3842 3853
f 3847 3846 3852
f 3846 3848 3853
f 3842 3844 3845
f 3850 3849 3869
f 3855 3854 3860
f 3854 3856 3869
f 3858 3857 3868
f 3862 3861 3867
f 3861 3863 3868
f 3857 3859 3860
f 3849 3851 3852
f 3865 3864 3899
f 3871 3870 3876
f 3870 3872 3899
f 3874 3873 3884
f 3878 3877 3883
f 3877 3879 3884
f 3873 3875 3876
f 3881 3880 3898
f 3886 3885 3891
f 3885 3887 3898
f 3889 3888 3897
f 3893 3892 3896
f 3895 3896 3772
f 3892 3894 3897
f 3888 3890 3891
f 3880 3882 3883
f 3864 3866 3867
f 3841 3838 3900
f 3902 3776 3901
f 3901 3903 3904
f 3905 3906 3907
f 3903 3905 3908
f 3902 3901 3904
f 3905 3907 3908
f 3908 3904 3903
f 3906 3909 3907
f 3906 3910 3909
f 3911 3912 3913
f 3914 3771 3773
f 3912 3914 3915
f 3909 3910 3916
f 3915 3913 3912
f 3773 3915 3914
f 3916 3911 3913
f 3916 3910 3911
f 3165 3847 3851
f 3167 3165 3851
f 3850 3168 3851
f 3848 3163 3158
f 3848 3847 3163
f 3847 3165 3163
f 3848 3158 3843
f 3850 3856 3171
f 3850 3171 3168
f 3168 3167 3851
f 3171 3856 3172
f 3172 3128 3174
f 3164 3174 3127
f 3132 3172 3855
f 3855 3172 3856
f 2924 3841 3840
f 2925 3840 3844
f 3844 3157 2925
f 2924 2922 3841
f 3157 2928 2925
f 2924 3840 2925
f 3844 3843 3157
f 3841 2922 3838
f 3155 2929 2928
f 2932 3152 3216
f 2931 2929 3154
f 3152 2932 2931
f 3152 2931 3154
f 2906 2932 3215
f 2929 3155 3154
f 3151 3216 3152
f 3155 2928 3157
f 3843 3158 3157
f 3151 3149 3222
f 3135 3859 3858
f 3137 3858 3863
f 3138 3137 3863
f 3135 3132 3859
f 3135 3858 3137
f 3128 3172 3132
f 3863 3862 3138
f 3128 3127 3174
f 3138 3862 3141
f 3142 3866 3144
f 3142 3141 3862
f 3866 3142 3862
f 3104 3117 3145
f 3145 3144 3865
f 3098 3120 3118
f 3118 3117 3098
f 3125 3226 3164
f 3164 3127 3125
f 3164 3226 3148
f 3227 3226 3125
f 3222 3149 3224
f 3224 3148 3226
f 3216 3151 3222
f 3125 3124 3227
f 3216 3215 2932
f 3124 3230 3227
f 3121 3231 3230
f 3231 3121 3120
f 3213 2906 3215
f 3260 3213 3212
f 2906 3213 3257
f 3231 3120 3233
f 3124 3121 3230
f 3224 3149 3148
f 3261 3210 3191
f 3132 3855 3859
f 3261 3212 3210
f 3838 2920 2916
f 2920 3838 2922
f 3838 2916 3831
f 3831 2916 2915
f 3831 2915 3832
f 3828 3832 2913
f 3829 3828 2954
f 2913 3832 2915
f 2909 2907 2958
f 2910 2909 2957
f 2913 2912 2954
f 2912 2910 2955
f 2955 2910 2957
f 2909 2958 2957
f 2912 2955 2954
f 2958 3254 2960
f 3828 2913 2954
f 3825 3824 2949
f 2949 3824 2952
f 3829 2952 3824
f 3825 2949 2946
f 3825 2946 3821
f 3822 3821 2943
f 3822 2942 3816
f 2945 3821 2946
f 3251 2961 2960
f 3822 2943 2942
f 2942 2939 3816
f 3817 2939 2978
f 2939 3817 3816
f 2938 2981 2939
f 2943 3821 2945
f 3829 2954 2952
f 3254 2958 2907
f 2961 3247 2935
f 2961 3251 3247
f 2935 3247 3246
f 3254 3251 2960
f 2936 2935 3246
f 2983 2981 2938
f 2983 2936 2984
f 3246 2984 2936
f 2984 3244 2987
f 3254 2907 3256
f 3257 3213 3260
f 2906 3257 3256
f 3243 2987 3244
f 2988 3243 3241
f 2988 2987 3243
f 2988 3241 2990
f 3244 2984 3246
f 3241 3240 2990
f 2906 3256 2907
f 3813 3817 2978
f 2974 2973 3814
f 2978 2974 3813
f 3813 2974 3814
f 3814 2973 3809
f 3809 2971 3810
f 3809 2973 2971
f 2939 2981 2978
f 3014 2991 2990
f 3807 2967 2965
f 2964 2991 3012
f 2968 3810 2970
f 2968 2967 3806
f 3807 3806 2967
f 3806 3810 2968
f 2970 3810 2971
f 3009 2965 2964
f 2936 2983 2938
f 3212 3261 3260
f 3865 3144 3866
f 3145 3872 3104
f 3872 3871 3106
f 3107 3871 3875
f 3107 3106 3871
f 3102 3117 3104
f 3104 3872 3106
f 3098 3117 3102
f 3098 3097 3120
f 3110 3875 3874
f 3875 3110 3107
f 3110 3874 3111
f 3111 3874 3879
f 3113 3111 3879
f 3878 3087 3114
f 3113 3879 3114
f 3087 3077 3088
f 3223 3233 3097
f 3233 3120 3097
f 3223 3097 3095
f 3206 3095 3094
f 3193 3209 3207
f 3206 3223 3095
f 3195 3207 3206
f 3196 3206 3094
f 3191 3210 3209
f 3091 3072 3094
f 3199 3066 3200
f 3091 3090 3074
f 3196 3067 3199
f 3193 3207 3195
f 3064 3202 3200
f 3206 3196 3195
f 3088 3076 3090
f 3196 3094 3067
f 3209 3193 3191
f 3879 3878 3114
f 3865 3872 3145
f 3088 3077 3076
f 3087 3882 3077
f 3077 3881 3080
f 3081 3080 3887
f 3072 3091 3074
f 3090 3076 3074
f 3881 3077 3882
f 3067 3094 3072
f 3887 3886 3081
f 3886 3083 3081
f 3890 3083 3886
f 3083 3890 3073
f 3056 3889 3057
f 3889 3056 3073
f 3890 3889 3073
f 3887 3080 3881
f 3064 3200 3066
f 3912 3060 3059
f 3202 3063 3203
f 3202 3064 3063
f 3203 3063 3911
f 3060 3911 3063
f 3059 3057 3893
f 3199 3067 3066
f 3914 3059 3893
f 3914 3893 3771
f 3893 3895 3771
f 3911 3910 3203
f 3912 3059 3914
f 3060 3912 3911
f 3894 3893 3057
f 3057 3889 3894
f 3882 3087 3878
f 3177 3203 3910
f 3186 3237 3264
f 3238 3237 3015
f 3237 3184 3018
f 3014 3012 2991
f 3240 3238 3014
f 3014 3238 3015
f 3237 3018 3015
f 3264 3263 3187
f 3186 3264 3187
f 3184 3237 3186
f 3184 3043 3018
f 3040 3019 3018
f 3021 3019 3036
f 3043 3184 3183
f 3181 3045 3183
f 3187 3263 3191
f 3261 3191 3263
f 2965 3009 3005
f 3005 3004 3800
f 3800 2965 3005
f 2965 3800 3807
f 3801 3002 3797
f 3801 3800 3004
f 3002 3801 3004
f 2964 3012 3009
f 3035 3022 3021
f 3793 2997 2995
f 2994 3022 3033
f 3001 3797 3002
f 3797 3001 3798
f 3798 2998 3793
f 2997 3793 2998
f 2998 3798 3001
f 3794 2995 2994
f 3180 3046 3181
f 3240 3014 2990
f 3050 3049 3906
f 3046 3180 3049
f 3906 3049 3178
f 3046 3045 3181
f 3043 3183 3045
f 3905 3052 3050
f 3178 3177 3910
f 3043 3040 3018
f 3903 3052 3905
f 3903 3901 3779
f 3779 3052 3903
f 3053 3778 3783
f 3778 3053 3779
f 3779 3053 3052
f 3901 3775 3779
f 3901 3776 3775
f 3905 3050 3906
f 3910 3906 3178
f 3035 3021 3036
f 3033 3790 2994
f 3035 3033 3022
f 2995 3794 3793
f 3791 3033 3032
f 3794 2994 3790
f 3033 3791 3790
f 3019 3040 3036
f 3029 3028 3786
f 3026 3025 3783
f 3028 3026 3782
f 3032 3785 3791
f 3028 3782 3786
f 3786 3785 3029
f 3782 3026 3783
f 3025 3053 3783
f 3785 3032 3029
f 3180 3178 3049
f 3273 4510 3497
f 3273 4515 4510
f 4509 3273 3497
f 3498 3499 3514
f 3273 4509 3498
f 3273 3269 3492
f 3496 3303 3508
f 3267 3492 3269
f 3514 3273 3498
f 3290 3514 3499
f 3290 3503 3504
f 3504 3505 3303
f 3496 3501 3303
f 3364 3501 4528
f 4523 3294 3494
f 3300 4523 4520
f 3491 3559 3300
f 3501 3364 3303
f 3509 3494 3294
f 3353 3513 3492
f 3390 4523 3300
f 3390 3294 4523
f 3372 3494 3509
f 3559 3491 3493
f 3492 3267 3353
f 3477 3917 4537
f 3453 3918 4542
f 4546 3453 4542
f 3929 3932 4314
f 3932 3928 4086
f 3944 3945 3942
f 4305 3942 3943
f 3490 4241 3489
f 4003 3490 3488
f 3484 4243 3485
f 3484 3489 4242
f 4033 3475 4030
f 4031 3475 4032
f 3476 4036 4018
f 4018 4022 3477
f 4019 4021 3477
f 3477 4021 3474
f 4019 3477 4022
f 4033 4039 3475
f 3474 4034 3475
f 4042 4043 3475
f 4044 4042 3475
f 3482 4054 4055
f 4082 4083 4076
f 4083 4082 4087
f 4107 4108 3470
f 3470 4111 4110
f 3471 4113 4109
f 3470 3471 4109
f 4043 4113 3471
f 3469 3470 4112
f 4115 4116 3472
f 4117 4118 3472
f 4119 4120 3472
f 3472 3469 4114
f 4120 4117 3472
f 3472 4116 4119
f 4118 4122 3472
f 3472 4123 4124
f 4125 3479 4121
f 4123 3472 4122
f 3479 4136 3480
f 4129 4128 4138
f 3482 3480 4236
f 3482 4238 4139
f 3482 4143 4144
f 3482 4141 4142
f 4103 4101 4100
f 4083 4080 4076
f 4076 4080 4052
f 4080 4075 4052
f 4075 4053 4052
f 3971 4052 4050
f 4053 4050 4052
f 4050 3970 3971
f 3966 3971 3970
f 3970 3967 3966
f 3963 3966 3969
f 3967 3969 3966
f 3963 3969 3958
f 3969 3960 3958
f 3960 4184 3958
f 4184 3955 3958
f 3958 3955 3944
f 3944 3955 3945
f 4182 3972 4185
f 3959 4185 3972
f 4180 3972 4181
f 3961 4180 4186
f 4181 4186 4180
f 3964 3965 4187
f 4178 4187 3965
f 4046 4191 4192
f 4091 4193 4077
f 4081 4077 4078
f 4078 4077 4194
f 4174 4194 4077
f 4173 4195 4081
f 4157 4197 4196
f 4093 4127 4089
f 3951 3936 4100
f 3939 4199 3938
f 3938 4200 4169
f 4165 4203 4204
f 3954 4165 4164
f 4164 4205 3973
f 4205 3974 3975
f 3974 4205 4163
f 4061 4161 4060
f 4060 4161 4206
f 4160 4206 4161
f 4208 4064 4209
f 4069 4208 4210
f 4208 4070 4210
f 4090 4068 4096
f 4212 4156 4094
f 3987 3995 3993
f 4011 4215 4013
f 4013 4216 4147
f 4012 4147 4217
f 4148 4217 4147
f 4147 4012 4146
f 4017 4147 4218
f 4146 4218 4147
f 4219 4016 4220
f 4023 4029 3983
f 4062 4221 3931
f 4222 3941 3935
f 4223 3947 3941
f 3946 4224 4074
f 4227 4009 4225
f 4225 4009 4226
f 4227 4010 4228
f 4038 4227 4229
f 4229 4227 4230
f 4227 4037 4230
f 4041 4040 4045
f 4128 4041 4045
f 4234 3994 4235
f 4234 3992 4008
f 4006 3991 4007
f 4006 4149 4035
f 3476 4018 3477
f 4021 4020 3474
f 4020 4034 3474
f 4034 4028 3475
f 4028 4032 3475
f 4031 4030 3475
f 4039 4044 3475
f 3475 4043 3471
f 4109 4107 3470
f 4108 4111 3470
f 4112 3470 4110
f 4114 3469 4112
f 4115 3472 4114
f 3472 4124 3479
f 3479 4124 4121
f 4137 3479 4125
f 3479 4137 4133
f 4134 3479 4133
f 4134 4136 3479
f 4136 4135 3480
f 4237 4236 3480
f 3480 4135 4237
f 3482 4236 4238
f 4239 4054 3482
f 4139 4239 3482
f 4141 3482 4240
f 4055 4240 3482
f 3482 4142 4143
f 4003 3488 4004
f 3490 4003 4241
f 3489 4241 4242
f 3484 4242 4243
f 3487 3485 4243
f 4085 4087 4086
f 3932 4086 4087
f 4082 4076 4087
f 3932 4087 4076
f 4052 3932 4076
f 3933 4314 3932
f 3958 3933 3932
f 4305 3933 3958
f 3932 4052 3958
f 4052 3971 3958
f 3944 3942 4305
f 3958 3966 3963
f 4305 3958 3944
f 3971 3966 3958
f 4244 4356 3476
f 4036 3476 4356
f 4246 4181 4245
f 4299 4297 4191
f 4247 4299 4189
f 4246 4247 3965
f 4297 4248 4047
f 4250 4176 4249
f 4248 4249 4065
f 4250 4251 4058
f 4301 4089 4252
f 4253 4097 4301
f 4254 4101 4255
f 4253 4255 4101
f 4257 4171 4256
f 4258 3937 4168
f 4257 4258 3939
f 4312 4165 4261
f 4260 4261 4203
f 4259 4260 4166
f 3937 4259 3952
f 4254 4256 4172
f 4251 4252 4173
f 4262 4263 3975
f 4315 4262 3975
f 4263 4264 3982
f 4316 4265 4207
f 4266 4211 4265
f 4316 3934 4264
f 4267 4088 4308
f 4266 4308 4096
f 4315 4164 4312
f 4323 4094 4267
f 4268 4104 4269
f 4323 4269 4154
f 4268 4318 4214
f 4270 4319 4151
f 4272 4013 4271
f 4319 4271 3987
f 4318 4270 3949
f 4245 3948 4296
f 4016 4272 4273
f 4274 4275 4023
f 4023 4273 4274
f 4027 4275 4276
f 4278 4327 3968
f 3962 4277 4278
f 4009 4327 4340
f 4038 4340 4279
f 3930 4276 4277
f 4045 4280 4331
f 4084 4281 4282
f 4056 4331 4281
f 3994 4343 4283
f 4348 4284 4036
f 3991 4283 4348
f 3986 4282 4343
f 4040 4279 4280
f 4042 4346 4286
f 4033 4285 4346
f 4286 4344 4109
f 4112 4344 4287
f 4121 4352 4349
f 4118 4288 4352
f 4114 4287 4288
f 4349 4350 4136
f 4236 4350 4289
f 4003 4291 4292
f 4004 4290 4291
f 4141 4289 4290
f 4293 4294 4242
f 4294 4357 4243
f 4356 4357 4295
f 4357 4356 3476
f 4244 3476 4356
f 4292 4293 4241
f 4284 4285 4019
f 4181 4246 4179
f 3965 4179 4246
f 4297 4047 4046
f 3965 4247 4178
f 4191 4297 4046
f 3943 4296 3948
f 4099 4301 4105
f 3938 4258 4168
f 4097 4105 4301
f 4174 4251 4173
f 4254 4172 3951
f 3938 3939 4258
f 4091 4073 4251
f 4058 4176 4250
f 3937 3952 4168
f 3951 4101 4254
f 4249 4176 4065
f 3948 4245 3957
f 4091 4251 4174
f 4245 4181 3959
f 4189 4299 4191
f 4178 4247 3964
f 4066 4251 4073
f 4252 4157 4173
f 4098 4097 4253
f 4099 4089 4301
f 4172 4256 4171
f 3952 4259 4167
f 4166 4260 4202
f 4064 4265 4070
f 4263 3977 3975
f 4266 4072 4211
f 4160 4161 4264
f 4312 4164 4165
f 4203 4202 4260
f 4154 4269 4104
f 4154 4155 4323
f 4318 3984 4106
f 4270 3950 3949
f 4104 4268 4153
f 4261 4165 4203
f 4211 4070 4265
f 4160 4264 3934
f 4096 4308 4090
f 4072 4266 4071
f 4263 3982 3980
f 4264 4161 3982
f 3977 4263 3976
f 4315 3975 4163
f 3934 4316 3940
f 4088 4267 4159
f 4151 4319 3985
f 4323 4155 4094
f 4153 4268 4152
f 4214 4318 4106
f 3987 3985 4319
f 3987 4271 3990
f 4088 4090 4308
f 4245 3956 3957
f 4177 4247 4189
f 4047 4248 4049
f 4177 3964 4247
f 4049 4248 4065
f 4175 4251 4066
f 4089 4093 4252
f 4098 4253 4101
f 4092 4157 4252
f 4259 4166 4167
f 3959 4183 4245
f 4251 4175 4058
f 4252 4093 4092
f 4171 4257 3939
f 3956 4245 4183
f 4063 4265 4064
f 3979 3976 4263
f 4163 4164 4315
f 3978 4263 3980
f 3940 4316 4207
f 4102 4152 4268
f 4267 4094 4159
f 3949 3984 4318
f 4268 4214 4102
f 4265 4063 4207
f 4071 4266 4096
f 3979 4263 3978
f 4270 4151 3950
f 3989 3990 4271
f 3989 4271 4011
f 4275 4024 4023
f 4002 3968 4327
f 3962 4278 3968
f 4276 4062 4027
f 4029 4024 4275
f 4010 4340 4037
f 4002 4327 4005
f 4138 4331 4131
f 4283 3992 3994
f 4084 4282 3998
f 4283 3991 3992
f 4038 4279 4040
f 4131 4331 4056
f 4037 4340 4038
f 4016 4146 4272
f 4276 3930 4062
f 4146 4148 4272
f 3994 4233 4343
f 4331 4048 4045
f 4056 4281 4130
f 3986 3999 4282
f 4280 4045 4040
f 4331 4138 4048
f 3962 3946 4277
f 4013 4272 4148
f 4149 4006 4348
f 4285 4034 4020
f 4149 4348 4036
f 4028 4034 4285
f 4031 4028 4285
f 4344 4112 4110
f 4039 4346 4042
f 4286 4043 4042
f 4118 4120 4288
f 4236 4135 4350
f 4289 4139 4236
f 4352 4121 4123
f 4242 4294 4243
f 4135 4136 4350
f 4291 4003 4004
f 3487 4243 4357
f 4031 4285 4033
f 4036 4284 4018
f 4113 4043 4286
f 4018 4284 4022
f 4020 4021 4285
f 4108 4344 4110
f 4121 4349 4137
f 4001 4290 4004
f 4143 4290 4144
f 4055 4139 4289
f 4349 4134 4137
f 4123 4118 4352
f 4120 4116 4288
f 4114 4112 4287
f 4241 4293 4242
f 4282 3999 3998
f 4026 4275 4027
f 3946 3941 4277
f 4015 4273 4023
f 3935 3930 4277
f 4026 4029 4275
f 4000 3986 4343
f 4000 4343 4233
f 4140 4281 4084
f 3991 4348 4007
f 3941 3935 4277
f 4273 4015 4016
f 4340 4010 4009
f 4140 4130 4281
f 4006 4007 4348
f 4284 4019 4022
f 4286 4109 4113
f 4344 4108 4109
f 4039 4033 4346
f 4055 4289 4141
f 4114 4288 4116
f 4144 4290 4001
f 4021 4019 4285
f 4136 4134 4349
f 4141 4290 4143
f 4292 4241 4003
f 4009 4005 4327
f 4013 4011 4271
f 3943 3942 4296
f 4302 4251 4300
f 4265 4307 4266
f 4265 4306 4307
f 4298 4249 4248
f 4301 4303 4253
f 4257 4256 4254
f 4331 4332 4330
f 4342 4273 4272
f 4341 4281 4331
f 4347 4346 4335
f 4275 4328 4326
f 4336 4334 4285
f 4354 4288 4355
f 4290 4289 4353
f 4251 4250 4311
f 4264 4263 4310
f 4321 4323 4267
f 4251 4302 4252
f 4268 4325 4318
f 4257 4314 4258
f 4253 4254 4255
f 3937 4304 4259
f 4262 4313 4263
f 4266 4322 4308
f 4308 4309 4267
f 4318 4317 4270
f 4270 4324 4319
f 4319 4320 4271
f 4276 4275 4326
f 4276 4339 4277
f 4343 4333 4283
f 4286 4346 4337
f 4341 4282 4281
f 4338 4352 4288
f 4287 4355 4288
f 4284 4336 4285
f 4331 4280 4332
f 4285 4335 4346
f 4329 4279 4340
f 4286 4345 4344
f 4350 4351 4289
f 4053 4075 4251
f 3967 4247 3969
f 3970 4247 3967
f 4246 3955 4184
f 4246 4184 3960
f 4254 4085 4086
f 4083 4252 4080
f 4314 4257 3929
f 4085 4253 4087
f 4259 3933 4305
f 4067 4266 4175
f 4189 4263 4188
f 4312 4183 3972
f 4196 4093 4321
f 4265 4049 4065
f 4183 4312 3956
f 4058 4175 4266
f 4263 4189 4190
f 4324 4170 3938
f 4093 4089 4323
f 4101 4325 4098
f 3953 4201 4271
f 4171 4170 4270
f 4202 4271 4201
f 4050 4053 4298
f 4087 4301 4083
f 3929 4257 3932
f 4080 4300 4075
f 3970 4050 4297
f 4246 3960 3969
f 4254 4086 3928
f 3933 3937 4258
f 3933 4304 3937
f 4257 3928 3932
f 4261 3943 3948
f 3965 4188 4263
f 4067 4079 4308
f 4306 4065 4176
f 4310 4190 4191
f 4323 4089 4099
f 4169 4319 3938
f 4100 4318 4101
f 4098 4268 4097
f 3952 3953 4320
f 4172 4171 4270
f 4267 4081 4196
f 4310 4191 4046
f 4058 4266 4059
f 4315 3972 4180
f 4264 4046 4049
f 4180 4179 4313
f 4308 4079 4077
f 4313 4179 3965
f 3956 4312 3948
f 4266 4057 4059
f 4168 4319 4169
f 4198 4097 4268
f 4057 4266 4176
f 3936 4172 4270
f 4198 4269 4099
f 4309 4077 4081
f 4271 4202 4203
f 3936 4317 4100
f 4320 4168 3952
f 3945 4296 3942
f 4275 3979 3981
f 4090 4327 4071
f 4063 4277 4207
f 4273 3973 4205
f 4013 4348 3988
f 4158 4156 4280
f 4277 4063 4208
f 4207 4277 4061
f 4162 3979 4275
f 4213 4214 4341
f 4156 4095 4332
f 3988 4348 4150
f 4153 4213 4341
f 4280 4159 4158
f 3947 4345 3941
f 4336 4016 4014
f 4233 4292 4232
f 4231 4289 4056
f 4025 4027 4346
f 4009 4227 4288
f 4074 4344 3947
f 3941 4345 3930
f 4347 4029 4025
f 4231 4132 4353
f 4293 4233 3997
f 4041 4128 4349
f 4232 4292 4000
f 4006 4035 4295
f 4349 4040 4041
f 4023 4336 4014
f 3981 3982 4326
f 4071 4327 4072
f 3973 4273 4164
f 4214 4106 4341
f 4095 4155 4332
f 3985 4343 3996
f 3995 4150 4348
f 4205 3975 4274
f 4327 4208 4069
f 3976 4162 4275
f 4165 4342 4203
f 4161 4061 4339
f 3976 4275 3975
f 4161 4276 4145
f 4342 4165 4164
f 4072 4327 4211
f 4333 3985 3987
f 4330 4155 4154
f 4104 4153 4331
f 4211 4327 4069
f 3949 3996 4343
f 4104 4331 4154
f 3949 4282 4106
f 4279 4088 4159
f 4088 4329 4090
f 4145 4326 3982
f 4348 3993 3995
f 4344 4074 3962
f 3930 4286 4062
f 4009 4355 4005
f 4293 3997 4234
f 4000 4291 3986
f 4008 4006 4357
f 4289 4051 4056
f 4352 4126 4040
f 4149 4356 4035
f 4344 3962 3968
f 4227 4038 4338
f 3993 4283 3987
f 4147 4017 4284
f 4029 4335 4023
f 4016 4336 4017
f 4005 4287 4002
f 4353 4132 3998
f 4293 4234 4008
f 4138 4051 4289
f 4002 4287 3968
f 4138 4351 4128
f 4291 3998 3986
f 4352 4038 4126
f 4036 4356 4149
f 4062 4286 4027
f 4147 4348 4013
f 4245 3945 3955
f 3955 4246 4245
f 3969 4247 4246
f 4299 3970 4297
f 4247 3970 4299
f 4297 4050 4248
f 4248 4050 4298
f 4250 4053 4311
f 4249 4053 4250
f 4251 4075 4300
f 4311 4053 4251
f 4298 4053 4249
f 4300 4080 4302
f 4302 4080 4252
f 4252 4083 4301
f 4301 4087 4303
f 4303 4087 4253
f 4253 4085 4254
f 4254 3928 4257
f 4314 3933 4258
f 4259 4305 4260
f 4305 3943 4260
f 4304 3933 4259
f 4260 3943 4261
f 4261 3948 4312
f 4312 3972 4315
f 4262 4180 4313
f 4313 3965 4263
f 4263 4190 4310
f 4315 4180 4262
f 4310 4046 4264
f 4264 4049 4316
f 4316 4049 4265
f 4265 4065 4306
f 4307 4176 4266
f 4266 4067 4322
f 4322 4067 4308
f 4306 4176 4307
f 4308 4077 4309
f 4309 4081 4267
f 4321 4093 4323
f 4267 4196 4321
f 4269 4198 4268
f 4325 4101 4318
f 4268 4098 4325
f 4323 4099 4269
f 4318 4100 4317
f 4317 3936 4270
f 4270 4170 4324
f 4324 3938 4319
f 4319 4168 4320
f 4320 3953 4271
f 4203 4272 4271
f 4272 4203 4342
f 4342 4164 4273
f 4273 4205 4274
f 4275 3981 4328
f 4328 3981 4326
f 4274 3975 4275
f 4276 4161 4339
f 4278 4208 4327
f 4277 4208 4278
f 4339 4061 4277
f 4327 4090 4340
f 4326 4145 4276
f 4329 4088 4279
f 4280 4156 4332
f 4332 4155 4330
f 4279 4159 4280
f 4330 4154 4331
f 4331 4153 4341
f 4282 3949 4343
f 4343 3985 4333
f 4333 3987 4283
f 4283 3993 4348
f 4341 4106 4282
f 4340 4090 4329
f 4284 4017 4336
f 4336 4023 4334
f 4285 4023 4335
f 4347 4025 4346
f 4346 4027 4337
f 4335 4029 4347
f 4334 4023 4285
f 4337 4027 4286
f 4345 3947 4344
f 4286 3930 4345
f 4287 4005 4355
f 4354 4009 4288
f 4288 4227 4338
f 4355 4009 4354
f 4344 3968 4287
f 4338 4038 4352
f 4349 4128 4350
f 4352 4040 4349
f 4350 4128 4351
f 4351 4138 4289
f 4289 4231 4353
f 4290 3998 4291
f 4292 4233 4293
f 4291 4000 4292
f 4293 4008 4294
f 4294 4008 4357
f 4295 4035 4356
f 4357 4006 4295
f 4353 3998 4290
f 4348 4147 4284
f 3945 4245 4296
f 4359 4358 4360
f 4414 4362 4364
f 4364 4362 4363
f 4367 4366 4365
f 4370 4369 4368
f 4373 4372 4371
f 4374 4376 4375
f 4378 4422 4379
f 4382 4381 4383
f 4384 4386 4385
f 4389 4388 4455
f 3089 3093 4393
f 3092 4394 4393
f 4393 3093 3092
f 4393 4394 4395
f 3092 3100 4398
f 3096 3099 4398
f 3099 3101 4398
f 3100 3096 4398
f 4398 4394 3092
f 4397 4394 4373
f 4371 4397 4373
f 4394 4372 4373
f 4399 4394 4398
f 4399 4372 4394
f 4396 4399 4398
f 4399 4396 4372
f 4400 4372 4396
f 4394 4397 4395
f 3105 4398 3101
f 4398 3105 3109
f 4398 3109 4402
f 4398 4401 4400
f 4401 4398 4402
f 4402 3108 4403
f 4400 4396 4398
f 3116 4403 3108
f 4403 3116 3112
f 4393 3112 3115
f 4393 3115 3103
f 4403 3112 4393
f 4400 4401 4371
f 4402 4403 4404
f 4401 4402 4371
f 4371 4402 4404
f 4400 4371 4372
f 4403 4371 4404
f 4395 4403 4393
f 4403 4395 4371
f 4397 4371 4395
f 4405 3070 3058
f 3058 3062 4405
f 4377 4405 3062
f 3062 3061 4377
f 3061 3069 4377
f 3065 3068 4407
f 3068 3071 4407
f 3069 3065 4377
f 4377 3065 4407
f 4405 4377 4375
f 4375 4376 4405
f 4405 4376 4374
f 4377 4406 4375
f 4377 4407 4406
f 3075 4407 3071
f 3075 3079 4407
f 4407 3079 4408
f 4408 3078 3086
f 4408 3086 3082
f 4409 3082 3085
f 4409 3085 3084
f 4405 4409 3084
f 4408 3082 4409
f 3084 3070 4405
f 4407 4408 4410
f 4406 4410 4375
f 4406 4407 4410
f 4410 4374 4375
f 4374 4410 4409
f 4409 4405 4374
f 4410 4408 4409
f 4412 3179 3182
f 4413 4412 3182
f 3185 3188 4416
f 3188 3190 4416
f 3189 3185 4416
f 4413 3189 4416
f 4412 4413 4414
f 4414 4364 4412
f 4415 4414 4413
f 4413 4416 4415
f 4414 4415 4362
f 4416 4362 4415
f 3194 4416 3190
f 3194 3198 4417
f 3194 4417 4416
f 3205 4417 3197
f 4417 3205 3201
f 4411 3201 3204
f 4411 3204 3192
f 4418 4417 4411
f 4417 3201 4411
f 3192 4412 4411
f 4416 4417 4362
f 4417 4363 4362
f 4363 4417 4418
f 4418 4412 4419
f 4418 4411 4412
f 4418 4419 4364
f 4364 4363 4418
f 4364 4419 4412
f 4421 3027 3031
f 4424 3031 3030
f 4421 3031 4424
f 3039 4424 3030
f 4424 3039 3034
f 4428 3034 3038
f 4428 3038 3037
f 4424 3034 4428
f 4422 4421 4379
f 4379 4421 4424
f 4424 4428 4425
f 4424 4425 4379
f 4428 4379 4425
f 4421 4422 4423
f 3041 4428 3037
f 4428 3041 3044
f 4428 3044 4426
f 4426 3044 3048
f 4426 3048 3047
f 4426 3047 4420
f 3055 4420 3047
f 4420 3055 3051
f 4420 3051 3054
f 4420 3054 3042
f 4423 4420 4421
f 4427 4428 4426
f 4427 4426 4378
f 4428 4427 4378
f 4378 4379 4428
f 4420 4378 4426
f 4420 4423 4378
f 4422 4378 4423
f 4420 3042 4421
f 4432 2996 3000
f 4432 3000 2999
f 4430 2996 4432
f 3008 4432 2999
f 4432 3008 3003
f 4432 3003 3007
f 4432 3007 3006
f 4430 4432 4383
f 4430 4383 4381
f 4432 4433 4382
f 4432 4382 4383
f 3006 3010 4432
f 3010 3013 4434
f 3010 4434 4432
f 4434 3013 3017
f 4434 3017 3016
f 4434 3016 4429
f 4434 4433 4432
f 3024 4429 3016
f 4429 3024 3020
f 4429 3020 3023
f 4429 3023 3011
f 3011 4430 4429
f 4433 4434 4381
f 4434 4429 4380
f 4434 4380 4381
f 4433 4381 4382
f 4381 4380 4429
f 4429 4431 4435
f 4429 4435 4381
f 4381 4431 4430
f 4431 4381 4435
f 4429 4430 4431
f 4437 2966 4438
f 4439 4438 2969
f 2977 4439 2969
f 4439 2977 2972
f 4439 2972 2976
f 4439 2976 2975
f 2979 4441 2975
f 4386 4438 4385
f 4438 4386 4387
f 4439 4385 4438
f 4439 4440 4384
f 4385 4439 4384
f 4384 4440 4386
f 4437 4438 4387
f 4441 4439 2975
f 2979 2982 4441
f 4436 2982 2986
f 4441 2982 4436
f 4436 2986 2985
f 4441 4440 4439
f 4436 2985 2993
f 4436 2993 2989
f 4436 2989 2992
f 4436 2992 2980
f 2980 4437 4436
f 4442 4441 4436
f 4441 4442 4443
f 4443 4442 4386
f 4441 4443 4386
f 4441 4386 4440
f 4444 4386 4442
f 4436 4387 4445
f 4445 4444 4436
f 4444 4445 4386
f 4445 4387 4386
f 4442 4436 4444
f 4436 4437 4387
f 4448 3239 3242
f 4446 3239 4448
f 4448 3250 3245
f 4450 3245 3249
f 4450 3249 3248
f 4448 3245 4450
f 3252 4452 3248
f 4448 4449 4446
f 4359 4446 4450
f 4450 4451 4359
f 4358 4359 4451
f 4358 4451 4450
f 4446 4449 4450
f 4449 4448 4450
f 4452 4450 3248
f 3252 3255 4452
f 4452 3255 3259
f 4452 3259 3258
f 4452 3258 4453
f 3266 4453 3258
f 4453 3266 3262
f 4453 3262 3265
f 4453 3265 3253
f 3253 4446 4453
f 4452 4360 4358
f 4452 4453 4360
f 4450 4452 4358
f 4359 4360 4447
f 4446 4359 4447
f 4360 4453 4447
f 4447 4453 4446
f 4456 2937 2941
f 4454 2937 4456
f 4456 2941 2940
f 4456 2940 2948
f 4459 2948 2944
f 4459 2944 2947
f 4456 2948 4459
f 4454 4456 4458
f 4454 4458 4455
f 4457 4456 4459
f 4456 4457 4458
f 4455 4457 4389
f 4457 4455 4458
f 4454 4455 4461
f 4459 2950 2953
f 4460 2953 2956
f 4459 2953 4460
f 2963 4461 4460
f 4461 2963 2959
f 4461 2959 2962
f 4461 2962 2951
f 2951 4454 4461
f 4459 4460 4388
f 4389 4459 4388
f 4459 4389 4457
f 4388 4461 4462
f 4388 4462 4455
f 4461 4455 4462
f 4460 4461 4388
f 2908 2911 4465
f 4467 4465 2911
f 2914 2917 4466
f 2917 2919 4466
f 2918 2914 4467
f 4467 2914 4466
f 4392 4464 4467
f 4467 4468 4390
f 4467 4466 4468
f 4467 4390 4392
f 4467 4464 4465
f 2923 4466 2919
f 2923 2927 4468
f 2923 4468 4466
f 4468 2927 4470
f 4470 2926 2934
f 4470 2934 2930
f 4463 2930 2933
f 4463 2933 2921
f 4470 2930 4463
f 4468 4470 4391
f 4468 4469 4390
f 4391 4469 4468
f 4469 4391 4390
f 4392 4390 4391
f 4463 4465 4471
f 4463 4471 4391
f 4471 4392 4391
f 4464 4392 4465
f 4392 4471 4465
f 4391 4470 4463
f 4463 2921 4465
f 4472 3161 3150
f 3150 3153 4472
f 4474 4472 3153
f 3156 3159 4476
f 3159 3162 4476
f 3160 3156 4474
f 4474 3156 4476
f 4472 4475 4473
f 4472 4474 4475
f 4366 4473 4475
f 4474 4476 4475
f 4365 4366 4475
f 4365 4475 4476
f 3166 4476 3162
f 3166 3170 4367
f 3166 4367 4476
f 4367 3169 4478
f 4476 4367 4477
f 4478 3169 3176
f 4478 3176 3173
f 4479 4478 4473
f 4472 4473 3175
f 4478 3173 4473
f 3175 3161 4472
f 4476 4477 4365
f 4367 4365 4477
f 4479 4473 4480
f 4479 4480 4366
f 4366 4367 4479
f 4366 4480 4473
f 4367 4478 4479
f 4481 3219 3208
f 4481 3208 3211
f 4481 3211 3220
f 4484 4481 3218
f 3218 4481 3220
f 4484 3218 3214
f 4484 3214 3217
f 4484 3217 3221
f 4485 4481 4484
f 4481 4485 4482
f 4482 4485 4361
f 4486 4485 4484
f 4485 4486 4361
f 4489 4484 3221
f 4481 4482 4483
f 3225 4489 3221
f 4489 3225 3229
f 4489 3228 4488
f 4489 4486 4484
f 3236 4488 3228
f 4488 3236 3232
f 4481 3232 3235
f 4481 3235 3234
f 4488 3232 4481
f 3234 3219 4481
f 4486 4487 4361
f 4486 4489 4487
f 4487 4489 4361
f 4488 4361 4489
f 4483 4488 4481
f 4488 4483 4361
f 4482 4361 4483
f 4492 3119 3123
f 4492 3123 3122
f 4494 3119 4492
f 3131 4492 3122
f 4492 3131 3126
f 4493 3126 3130
f 4493 3130 3129
f 4492 3126 4493
f 3133 4495 3129
f 4494 4492 4490
f 4494 4490 4368
f 4490 4370 4368
f 4494 4368 4491
f 4492 4370 4490
f 4370 4492 4369
f 4369 4492 4493
f 4495 4493 3129
f 3133 3136 4495
f 4496 3136 3140
f 4496 3140 3139
f 4495 3136 4496
f 3147 4496 3139
f 4496 3147 3143
f 4496 3143 3146
f 4496 3146 3134
f 3134 4494 4496
f 4495 4496 4497
f 4495 4497 4368
f 4369 4495 4368
f 4495 4369 4493
f 4496 4368 4497
f 4496 4491 4498
f 4496 4498 4368
f 4368 4498 4491
f 4496 4494 4491
f 3772 4532 3773
f 3902 3904 4499
f 3908 3907 4499
f 3907 3909 4501
f 4501 4499 3907
f 3916 4501 3909
f 3908 4499 3904
f 3506 3507 4499
f 4501 3506 4499
f 3916 3913 4501
f 3913 3915 4500
f 3915 3773 4532
f 4532 4500 3915
f 3913 4500 4501
f 4501 4500 4532
f 3506 4501 3507
f 3507 4501 4532
f 3508 3303 4502
f 3495 3508 4502
f 4513 3495 4502
f 3505 3504 3503
f 3505 4502 3303
f 4502 4503 4513
f 4503 4502 4505
f 3503 4504 4507
f 3505 3503 4507
f 4502 3505 4505
f 4506 3290 3499
f 3273 3492 4512
f 4504 3290 4506
f 3498 4508 3499
f 4509 3497 4510
f 4517 4512 3492
f 4515 3273 4512
f 3290 4504 3503
f 4503 4505 3781
f 4513 4503 3777
f 4505 3505 4507
f 4505 4507 3789
f 4504 4506 4507
f 3902 4513 3774
f 3780 4513 3777
f 3777 4503 3788
f 4513 3780 3774
f 3781 4505 3787
f 3784 4505 3804
f 3804 4505 3789
f 4505 3784 3787
f 4503 3781 3788
f 3795 4507 3792
f 4507 3803 3792
f 3789 4507 3795
f 3803 4507 3796
f 3796 4507 3802
f 3836 3799 4506
f 3805 3836 4506
f 3802 4506 3799
f 4506 3802 4507
f 4508 4509 4514
f 4509 4508 3498
f 4506 3499 3811
f 3499 4508 4514
f 3499 4514 3808
f 4510 4511 4514
f 4514 4509 4510
f 3811 3499 3808
f 3819 4514 3812
f 3819 3808 4514
f 3835 4514 4511
f 3812 4514 3818
f 3815 4514 3835
f 3820 3835 4511
f 4514 3815 3818
f 4511 3826 3820
f 4515 4512 3833
f 3823 3826 4515
f 3834 3823 4515
f 3833 3827 4515
f 3830 3833 4512
f 3834 4515 3827
f 4515 3826 4511
f 4511 4510 4515
f 4506 3811 3805
f 4516 3492 3513
f 3492 4516 4517
f 3513 3493 4516
f 4519 4518 3493
f 4520 3491 3300
f 4519 3493 3491
f 3493 4518 4516
f 4516 4518 4517
f 4517 4518 4522
f 4520 4518 4519
f 4519 3491 4520
f 3494 3372 4526
f 3372 3500 4525
f 4527 3500 4530
f 3502 4528 3501
f 3500 3364 4530
f 4523 3494 4526
f 4526 3372 4525
f 3507 4528 3502
f 4530 3364 4528
f 4525 3500 4527
f 4512 4521 3900
f 4512 4517 4521
f 4522 4518 3852
f 4517 4522 4521
f 4521 4522 3853
f 4520 4523 4524
f 4523 4526 4529
f 4518 4520 4524
f 4523 4529 3861
f 4524 4523 3857
f 4518 4524 3854
f 3837 4512 3900
f 3839 4521 3845
f 3845 4521 3842
f 4521 3839 3900
f 3853 4522 3846
f 3852 4518 3849
f 3849 4518 3869
f 4522 3852 3846
f 4521 3853 3842
f 3854 4524 3860
f 3857 4523 3868
f 3857 3860 4524
f 3869 4518 3854
f 3868 4523 3861
f 3861 4529 3867
f 3864 4529 3899
f 3870 3899 4529
f 4529 3864 3867
f 4529 3876 3870
f 4512 3837 3830
f 4526 4525 4527
f 4526 4527 3884
f 4526 3876 4529
f 4531 4530 4528
f 4532 4531 4528
f 4532 4528 3507
f 3876 4526 3873
f 3884 4527 3877
f 3884 3873 4526
f 3885 4527 4530
f 3877 4527 3883
f 3880 4527 3898
f 3885 3898 4527
f 4527 3880 3883
f 4530 3891 3885
f 4531 4532 3896
f 3888 3891 4531
f 3897 3888 4531
f 3896 3892 4531
f 3772 3896 4532
f 3897 4531 3892
f 4531 3891 4530
f 4499 3507 3495
f 4513 3902 4499
f 4513 4499 3495
f 4533 4537 3453
f 4535 4548 3476
f 3478 4534 4535
f 3476 3478 4535
f 3477 3474 4536
f 4534 4537 4533
f 4537 4534 3478
f 3477 4537 3478
f 4538 3477 4536
f 3917 3477 4538
f 4539 4540 4541
f 4539 4541 3917
f 3917 4536 4539
f 4536 3474 4539
f 3917 4538 4536
f 3486 4546 4543
f 3453 4546 4544
f 4546 4357 4547
f 4545 4543 4546
f 4546 4542 4545
f 4544 4546 4547
f 4547 4548 4533
f 3453 4547 4533
f 4548 4535 4533
f 4533 4535 4534
f 4544 4547 3453
f 4548 4547 4357
f 3917 4541 4554
f 4554 3924 3917
f 4549 4554 4541
f 4541 4540 4549
f 4550 4539 3475
f 4539 4550 4540
f 3475 4539 3474
f 4540 4550 4549
f 3452 4551 4542
f 4545 4542 4551
f 4551 4552 4545
f 4552 4553 4543
f 4553 3486 4543
f 3486 4553 4561
f 4552 4543 4545
f 3475 3473 4550
f 4550 4554 4549
f 4550 3473 4554
f 3924 3473 4556
f 3924 4554 3473
f 3473 4555 4556
f 3471 4558 4555
f 4558 4556 4555
f 3925 4556 4558
f 4559 4558 3471
f 4558 4559 4560
f 4558 4560 4557
f 4555 3473 3471
f 3924 4556 3925
f 3925 4558 4557
f 4562 3919 4564
f 4561 3919 4562
f 4551 3919 4561
f 3483 4563 4565
f 3919 4551 3452
f 4552 4551 4561
f 4563 3483 3920
f 3920 3483 4564
f 4564 3483 4562
f 4553 4552 4561
f 3925 4557 3926
f 4557 4566 3926
f 4566 4557 4560
f 4566 4560 4567
f 4559 3471 4568
f 4568 4567 4559
f 3470 4568 3471
f 4559 4567 4560
f 3922 4563 3920
f 4563 3922 4569
f 4563 4569 4565
f 4570 3483 4565
f 3483 4570 4579
f 4570 4565 4569
f 4568 3470 3469
f 4567 3926 4566
f 3926 4567 4568
f 4568 4571 3927
f 3927 3926 4568
f 4572 4571 4568
f 3926 3927 4571
f 4572 3926 4571
f 4572 3472 4573
f 4574 4572 4573
f 3926 4572 4574
f 3479 3481 4575
f 3921 3923 4577
f 4575 3923 4574
f 3923 4575 3481
f 4576 4577 3481
f 4578 3481 4579
f 4577 3923 3481
f 4576 3921 4577
f 3480 4579 3481
f 3922 4578 4579
f 4578 4576 3481
f 4579 4570 3922
f 3922 4570 4569
f 3921 4576 4578
f 3921 4578 3922
f 4574 4573 4575
f 4573 3472 4575
f 3472 3479 4575
f 3452 4580 4581
f 4580 3452 4542
f 4581 4580 4582
f 4582 4583 4581
f 4584 3355 4593
f 4593 4583 4584
f 4584 4583 4582
f 4580 4542 4585
f 4585 4582 4580
f 4582 4585 4584
f 4586 4585 4542
f 4585 3355 4584
f 3468 4587 4586
f 4586 4542 3918
f 3468 3918 3453
f 3918 4588 4586
f 4590 3453 4589
f 4586 4588 3468
f 4590 3468 3453
f 3468 4590 4591
f 4588 3918 3468
f 4586 4587 4585
f 3919 4592 4564
f 3452 4592 3919
f 4593 4592 3452
f 4593 3452 4581
f 4595 3361 3465
f 3361 4595 4593
f 4593 4595 4592
f 4583 4593 4581
f 4564 4592 4595
f 4595 3920 4564
f 4596 4594 3920
f 4596 3920 4597
f 4597 3920 3465
f 4595 3465 3920
f 3453 4598 4589
f 4598 3453 4537
f 4589 4598 4599
f 4599 4590 4589
f 4600 3462 4591
f 4591 4590 4600
f 3468 4591 3462
f 4600 4590 4599
f 3920 4594 4614
f 3920 4614 3922
f 4614 4594 4601
f 4594 4596 4601
f 4596 4597 4602
f 4597 3463 4602
f 3463 4597 3465
f 4596 4602 4601
f 4598 4603 4599
f 4603 4598 4537
f 4537 3917 4604
f 4604 4603 4537
f 4600 4603 4605
f 4603 4600 4599
f 4605 3462 4600
f 4603 4604 4605
f 4607 4606 3917
f 4605 4604 3461
f 4605 3461 3346
f 4606 4608 3461
f 4608 4606 4607
f 3461 4608 4609
f 3461 4604 3917
f 3461 3917 4606
f 4610 3921 4611
f 4611 3921 4612
f 4610 4611 4613
f 4613 4611 3458
f 4611 4612 3464
f 3466 4612 3921
f 3921 4614 3466
f 3922 4614 3921
f 4612 3466 3464
f 3467 3466 4614
f 4602 4614 4601
f 3467 4614 4602
f 3463 3467 4602
f 4615 4616 4607
f 4615 3917 3924
f 3917 4615 4607
f 4616 4608 4607
f 4617 3460 4609
f 4609 4608 4617
f 3461 4609 3460
f 4617 4608 4616
f 3923 3921 4574
f 3921 4618 4574
f 4618 3921 4610
f 4618 4610 4619
f 4613 3458 4620
f 4620 4619 4613
f 3457 4620 3458
f 4613 4619 4610
f 3924 4621 4615
f 4623 4621 3924
f 3924 3925 4623
f 4617 4615 3459
f 4615 4617 4616
f 3459 3460 4617
f 4615 4621 3459
f 4622 3459 4621
f 4621 4623 3456
f 4621 3456 4622
f 3925 4625 4623
f 3925 4626 4625
f 4626 3925 4624
f 4625 4626 3455
f 3456 4625 3455
f 3456 4623 4625
f 4628 4627 3926
f 4627 4628 4629
f 4628 3926 4630
f 4629 4628 4632
f 3454 4632 4628
f 4631 4630 3926
f 4634 4574 4618
f 4634 4631 4574
f 4574 4631 3926
f 4631 4633 3454
f 4633 3457 3454
f 4633 4634 3457
f 4631 3454 4628
f 4634 4619 4620
f 4619 4634 4618
f 3457 4634 4620
f 4634 4633 4631
f 4631 4628 4630
f 3926 4627 3925
f 4624 3925 4627
f 4627 4629 4624
f 4629 4632 4626
f 4632 3455 4626
f 3455 4632 3454
f 4629 4626 4624
f 3510 3511 4690
f 3511 4635 3657
f 4635 4648 3652
f 4651 4650 3652
f 4649 4637 4638
f 4638 4639 3645
f 4645 4636 3620
f 4645 4644 4636
f 4649 4638 3332
f 3612 4641 3618
f 3618 4653 3420
f 4653 4654 3420
f 4642 4658 3646
f 4658 4657 3758
f 4657 4659 3611
f 4655 4659 4657
f 3651 4659 3654
f 3654 4643 4640
f 4689 4677 3413
f 4662 4663 4671
f 4671 4672 3357
f 4662 4671 3619
f 4660 4662 4670
f 4674 4661 3351
f 4664 4673 3615
f 4673 4675 3643
f 3649 4664 3615
f 4672 3671 3357
f 4675 4676 4680
f 4680 4681 3331
f 4681 4680 4683
f 4683 4687 3647
f 4681 4683 3647
f 4686 4685 3609
f 4687 4683 4686
f 3641 4685 4668
f 4668 4678 3329
f 4687 4686 3609
f 4678 4943 3325
f 4943 4682 3325
f 4679 4688 3670
f 4684 4682 4679
f 4688 4667 4666
f 4688 4666 3324
f 4684 4679 3325
f 4665 4678 4668
f 4675 4680 3643
f 4669 4692 4666
f 3657 3512 3511
f 4692 4732 3436
f 4692 4691 4732
f 4691 4696 3432
f 4737 4733 3607
f 4739 4737 3607
f 4740 4736 3648
f 4733 4738 3426
f 4734 4735 3640
f 4735 4741 3650
f 4699 4742 4741
f 4736 4734 3608
f 4742 4697 4767
f 4666 4692 3642
f 4640 4689 3413
f 4650 4649 3332
f 3445 4645 3620
f 4636 4646 3656
f 4677 3653 3413
f 4739 3614 3431
f 4739 3607 3614
f 3431 4696 4739
f 4732 4691 3435
f 4670 3653 4677
f 4671 3357 3619
f 4662 3619 3644
f 3654 4640 3616
f 3651 3654 3655
f 3644 4670 4662
f 3671 4674 3351
f 4734 3640 3669
f 3329 4678 3325
f 3432 3435 4691
f 4692 3436 3642
f 4734 3669 3608
f 4736 3613 3648
f 4763 4767 4698
f 4700 4704 3629
f 3599 4980 3349
f 4704 4980 3599
f 4764 4779 4980
f 3639 4779 4764
f 4765 3630 4764
f 4701 4765 4766
f 4773 3628 4701
f 3634 4980 4779
f 3349 4980 3634
f 3411 4767 4763
f 3635 3628 4773
f 4969 4742 3411
f 4769 4747 4768
f 3604 4747 3597
f 4769 3597 4747
f 4769 4694 3327
f 4769 4768 4694
f 3604 3638 4773
f 4773 4693 3604
f 4741 4742 3650
f 4767 3411 4742
f 4635 3652 3657
f 3511 3512 4690
f 4647 3652 4648
f 4638 3645 3332
f 3649 3351 4661
f 4654 4642 3420
f 3641 3609 4685
f 3647 3331 4681
f 4646 4652 4656
f 4659 3651 3611
f 3611 3758 4657
f 4680 3331 3643
f 4687 3609 3647
f 3610 3615 4673
f 4684 3325 4682
f 3325 4679 3670
f 4688 3324 3670
f 3324 4666 3642
f 4733 3426 3607
f 4738 4740 3426
f 3613 4736 3608
f 4735 3650 3640
f 3598 4704 3599
f 3634 4779 3639
f 3639 4764 3630
f 3605 4765 4701
f 3635 4773 3638
f 4765 3605 3630
f 4746 3637 3327
f 3637 4746 4768
f 3728 4777 3322
f 4774 4703 3668
f 4703 4776 3668
f 4775 4702 3627
f 4770 3603 4744
f 4750 3603 4749
f 3603 4750 3433
f 4750 4748 3724
f 4702 4770 4744
f 3606 4762 3428
f 4713 4756 3387
f 4756 4713 4714
f 4762 4706 4705
f 4721 4753 4771
f 4753 4721 3386
f 4721 4715 3633
f 4715 4722 3658
f 4771 4753 3387
f 4745 4751 3429
f 4711 4710 3320
f 4710 4711 4712
f 4710 4708 3320
f 4707 4711 3383
f 4708 4709 3621
f 4708 3621 3595
f 4725 4723 3318
f 4716 4724 3315
f 4719 4716 3623
f 3594 4772 3312
f 4729 4772 4728
f 4772 4729 3631
f 4724 4754 3594
f 3621 4723 4725
f 3621 4725 3319
f 4728 4718 4726
f 3593 4726 4727
f 4755 4720 3632
f 3593 4727 4755
f 4758 4731 3285
f 4731 4758 4757
f 4717 4730 3624
f 4729 4728 3311
f 3596 4752 4711
f 3596 4711 3382
f 4695 3322 3637
f 3728 3322 4695
f 4777 4774 3668
f 4776 4775 3627
f 4702 4744 3627
f 3724 4748 3626
f 4745 3636 3626
f 4753 3386 3387
f 3387 3723 4713
f 4721 3633 5011
f 4705 4713 3427
f 4722 3384 3658
f 3387 4756 4771
f 3596 3384 4722
f 4762 4705 3427
f 3386 4721 5011
f 4750 3724 3433
f 3429 4751 3606
f 4762 3427 3428
f 4725 3318 3319
f 4723 4719 3318
f 3314 3315 4724
f 3315 3623 4716
f 4724 3594 3314
f 3595 3601 4708
f 3631 4729 3311
f 4726 3667 3600
f 3691 4755 3622
f 3624 4720 4717
f 4755 3691 3593
f 4726 3311 4728
f 3632 3622 4755
f 3312 4772 3631
f 4711 3625 3382
f 4711 4707 3625
f 4711 3320 3383
f 4708 3601 3320
f 3593 3667 4726
f 3285 4731 3579
f 4761 4757 4760
f 4758 3285 4757
f 4759 3534 3409
f 3595 3621 3602
f 3534 4759 5005
f 4746 3327 4694
f 4694 4768 4746
f 4759 4778 5005
f 4802 4803 4810
f 4788 4783 3591
f 4781 3578 5010
f 4789 4782 4780
f 4782 4789 3544
f 4781 4782 3544
f 4789 4801 3588
f 4791 3533 3545
f 4796 4792 3577
f 4784 4798 3379
f 4792 4793 4797
f 4792 4797 3574
f 4785 4787 3542
f 4787 4786 3542
f 4786 4794 3541
f 4799 4823 3586
f 4794 4799 3587
f 4798 4785 3589
f 4795 5011 4796
f 4795 4796 3585
f 4813 4831 3695
f 4819 4817 3543
f 4816 4815 4819
f 4814 4815 3309
f 4817 4818 3287
f 4818 4820 3287
f 4820 4822 3287
f 4804 4802 3546
f 4811 4810 3284
f 4810 4805 3665
f 4828 4805 4806
f 4805 4828 3538
f 4827 4828 4812
f 4832 4830 3580
f 4827 4812 4832
f 4827 4832 3406
f 4807 4824 3402
f 4825 4829 3539
f 4826 4825 3403
f 4802 4810 4811
f 4809 4833 4835
f 4888 4834 4879
f 3532 4878 3537
f 4835 4833 3581
f 4854 4886 4846
f 4888 4879 3583
f 4884 4881 3573
f 4881 4884 4880
f 4841 4884 3662
f 4879 4841 3536
f 4885 4882 4887
f 4885 4887 3423
f 4883 4889 3570
f 4883 4840 4889
f 4889 4840 3571
f 4882 4883 4887
f 4887 4883 3529
f 4881 4880 4885
f 4881 4885 3441
f 4901 4868 4911
f 4809 4835 4808
f 4808 4835 3581
f 3404 4781 3544
f 3530 3546 4802
f 3316 4786 3541
f 4790 4791 3545
f 3589 4785 3542
f 3586 3587 4799
f 4822 4821 3582
f 4781 3404 3578
f 3665 3284 4810
f 4878 3664 3537
f 3583 4879 3573
f 4833 4877 3540
f 4811 3284 4802
f 4825 3539 3403
f 3536 4841 3531
f 4805 3538 3665
f 4841 3573 3531
f 3582 3287 4822
f 3587 3541 4794
f 4792 3574 3535
f 4813 3586 4823
f 4814 3309 3575
f 4816 4819 3543
f 4816 3309 4815
f 4828 4827 3407
f 3544 4789 3576
f 4829 4808 3539
f 3581 4833 3540
f 3376 4888 3583
f 4879 3536 3573
f 3662 4884 3573
f 3423 3584 4885
f 3530 4802 3284
f 4836 4842 3417
f 3417 4844 3572
f 4838 4845 4837
f 3395 4845 4838
f 3547 3395 4837
f 4838 4837 3395
f 4843 4844 3417
f 4854 4846 3283
f 3592 4851 4890
f 3557 4851 3592
f 4846 4839 4851
f 3283 4846 3282
f 3547 4856 4886
f 4836 3417 3590
f 3547 4886 3519
f 4844 4845 3572
f 4842 4843 3417
f 4840 3590 3571
f 4850 3666 4907
f 3275 4907 3666
f 4846 4851 3282
f 4851 3557 3282
f 4848 4902 3555
f 4848 4849 4902
f 4886 4854 3661
f 4889 3571 3570
f 4883 3663 3529
f 4783 3578 3591
f 3588 4801 4790
f 4789 3588 3576
f 4795 3385 4800
f 4796 3577 3381
f 4796 3385 3585
f 3574 4797 4784
f 3577 4792 3535
f 4800 3385 3533
f 4795 3585 3385
f 3381 3385 4796
f 3379 4798 3589
f 3542 4786 3316
f 4831 3310 3695
f 3575 3310 4831
f 3407 3538 4828
f 3406 4832 3580
f 4824 3403 3402
f 4826 3403 4824
f 3580 4830 4807
f 3395 3572 4845
f 4888 3376 4878
f 4841 3662 3573
f 4885 3584 3441
f 4887 3529 3423
f 3570 3663 4883
f 3592 4890 3516
f 3666 4850 4848
f 4907 3275 4906
f 4852 4902 4847
f 4852 4847 3556
f 4855 4862 3567
f 4893 4862 4891
f 4862 4893 3660
f 4847 4855 3567
f 4909 4893 5071
f 4865 4867 3272
f 4909 4864 4865
f 4909 4865 3272
f 4892 3565 3373
f 3565 3558 3568
f 4894 4858 4857
f 4858 4894 3528
f 4894 4903 3526
f 4903 4905 3566
f 4905 4900 4866
f 4905 4866 3550
f 4866 4904 3525
f 4904 4866 4870
f 4908 4876 3562
f 4904 4908 3525
f 4876 4917 3521
f 3521 4917 4897
f 4913 4910 4869
f 4910 4913 3561
f 3521 4897 4910
f 4913 4912 3514
f 4912 4913 3708
f 4915 4914 4912
f 4912 4914 3523
f 4874 4873 4901
f 4874 4901 3548
f 4899 4871 3267
f 4868 4899 3569
f 3552 4895 4860
f 3522 4859 3551
f 3552 4860 3522
f 3552 3522 3513
f 4871 4895 3552
f 4859 4861 3559
f 4861 4898 3559
f 4898 3520 3560
f 3659 4916 4875
f 4911 4868 3524
f 3554 3272 4867
f 3567 3556 4847
f 3527 4892 3373
f 3660 3518 4862
f 4902 4852 3517
f 4905 3550 3366
f 3515 4866 3525
f 4908 3302 3525
f 3553 4903 3566
f 4894 3367 3528
f 3526 4903 3553
f 3366 3566 4905
f 4908 3562 3302
f 3567 4862 3394
f 3518 3394 4862
f 4894 3526 3367
f 3558 4858 3528
f 4866 3515 3550
f 4892 3527 3554
f 3569 4899 3267
f 4910 3561 3292
f 4910 3292 3521
f 4901 4911 3548
f 4868 3563 3524
f 4859 3559 3551
f 3559 4898 3560
f 3520 4896 4872
f 3564 4916 3659
f 3514 3561 4913
f 4912 3523 3514
f 4914 4915 3523
f 3563 4868 3569
f 3564 3549 4916
f 4874 3548 4915
f 4876 3521 3562
f 3659 4875 3509
f 4902 3517 3555
f 5005 4788 3534
f 4651 3770 3337
f 4924 3440 4920
f 3443 4924 3768
f 4925 3739 3740
f 3359 4935 4937
f 4935 3359 4936
f 3352 4946 3354
f 3333 4939 4944
f 4946 4930 3354
f 3510 4948 3742
f 3742 3342 3770
f 3742 3770 4635
f 3337 4921 4650
f 4921 3741 4649
f 3770 4651 4647
f 3336 4922 4638
f 3760 4922 3768
f 4922 3760 4644
f 4923 3760 3768
f 3760 4923 4636
f 4923 3768 4924
f 4923 4924 4646
f 3741 3336 4637
f 4920 4929 4656
f 4929 4920 3440
f 4918 3769 4641
f 3769 4918 3759
f 4929 3759 4918
f 4929 4918 4641
f 3769 3424 4654
f 3424 4927 4642
f 4927 3424 4919
f 4927 4919 4658
f 4919 4926 4655
f 4926 4919 3762
f 4925 4926 3762
f 4926 4925 4655
f 4928 3767 4640
f 3761 4928 4640
f 4925 3740 3761
f 4925 3761 3654
f 4924 4920 4652
f 4947 4938 4660
f 4938 4937 4662
f 4935 4936 4672
f 4937 4935 4671
f 4931 4930 3649
f 4930 4931 4936
f 4936 4931 4661
f 4941 4946 3352
f 4946 4941 4673
f 4942 4675 3352
f 4941 3352 4675
f 4941 4675 4673
f 4930 4946 4664
f 4932 4934 4680
f 4934 4932 4942
f 4934 3340 4683
f 3340 4934 3345
f 4933 4945 4685
f 3340 4933 4686
f 4944 4939 4682
f 3333 4944 4682
f 4940 4939 3764
f 4939 4940 4688
f 3765 4940 3766
f 4940 3765 4666
f 4945 3339 4943
f 4945 4943 4678
f 4942 4932 4676
f 3767 4947 4689
f 4951 3749 3745
f 4949 3758 4953
f 4955 4956 3758
f 4968 3627 4967
f 3765 3757 4692
f 4970 3763 4976
f 3445 4954 4691
f 3444 3763 4971
f 4970 4971 3763
f 4971 4970 4696
f 4954 3444 4696
f 3757 3445 4691
f 4698 4972 3360
f 3360 4973 4974
f 4977 4700 3360
f 3438 4978 3736
f 3360 4958 4979
f 4976 3736 4978
f 4976 4978 4733
f 3438 4949 4740
f 4953 4956 4736
f 4949 4953 4740
f 4978 3438 4738
f 4950 3737 4735
f 3737 4975 4735
f 3737 4950 4955
f 4955 4950 4735
f 4975 3747 4699
f 4972 4698 4767
f 3747 4972 4742
f 3758 4956 4953
f 4956 4955 4734
f 4970 4976 4739
f 4693 3331 3756
f 3430 3746 4987
f 4983 3735 4988
f 4992 3410 4991
f 3751 4994 5001
f 4960 4962 4961
f 3430 4998 5000
f 3326 5002 4995
f 3436 4999 5003
f 3726 5012 4778
f 3337 4650 4651
f 4647 4648 3770
f 4650 4921 4649
f 3424 4642 4654
f 4660 4938 4662
f 4661 4674 4936
f 4920 4656 4652
f 3618 4641 3769
f 4686 4683 3340
f 4668 4945 4665
f 4668 4685 4945
f 4665 4945 4678
f 4685 4686 4933
f 4946 4673 4664
f 4737 4976 4733
f 4733 4978 4738
f 4934 4683 4680
f 3649 4661 4931
f 4922 4644 4645
f 3769 4654 4653
f 3761 4640 4643
f 4929 4641 3617
f 4657 4658 4919
f 4659 4655 4925
f 4636 4644 3760
f 4639 4922 4645
f 4646 4924 4652
f 4919 4655 4657
f 4642 4927 4658
f 4947 4677 4689
f 4925 3654 4659
f 4671 4663 4937
f 4660 4670 4947
f 4672 4671 4935
f 3671 4936 4674
f 4682 4943 3333
f 4739 4976 4737
f 4692 4669 3765
f 4932 4680 4676
f 4974 4698 3360
f 4979 4977 3360
f 4704 4977 4979
f 4973 3360 4700
f 4698 4974 4973
f 4958 3749 4704
f 4951 4980 3749
f 4985 4951 3745
f 4951 4985 4980
f 4704 3749 4980
f 4743 4979 4958
f 4980 4984 4764
f 4764 4984 3748
f 3733 3732 4764
f 3732 4952 4765
f 3748 3733 4764
f 4952 3348 4701
f 4693 4981 3331
f 4701 4981 4773
f 3348 4981 4701
f 4985 3745 4984
f 4985 4984 4980
f 4765 4764 3732
f 4765 4952 4766
f 4958 4704 4743
f 4973 4700 4763
f 4734 4736 4956
f 4982 4957 3756
f 3604 4957 4982
f 4983 4986 3609
f 4768 4986 4983
f 4982 3756 4986
f 3604 4982 4986
f 4701 4766 4952
f 4693 4773 4981
f 4693 3756 4957
f 4953 4736 4740
f 3336 4638 4637
f 4636 4923 4646
f 4638 4922 4639
f 4929 3617 4656
f 3769 4653 3618
f 3742 4635 3511
f 3649 4930 4664
f 4672 4936 3671
f 4675 4942 4676
f 4677 4947 4670
f 4663 4662 4937
f 3510 3742 3511
f 3741 4637 4649
f 4643 3654 3761
f 4689 4640 3767
f 3770 4648 4635
f 4688 4940 4667
f 4696 4970 4739
f 4955 4735 4734
f 4939 4688 4679
f 4691 4954 4696
f 4971 4696 3444
f 4939 4679 4682
f 4697 4742 4972
f 3747 4742 4699
f 4697 4972 4767
f 4741 4975 4699
f 4743 4704 4979
f 4977 4704 4700
f 3604 4986 4747
f 4735 4975 4741
f 4768 4747 4986
f 3765 4669 4666
f 4740 4738 3438
f 4667 4940 4666
f 4692 3757 4691
f 4693 4957 3604
f 4698 4973 4763
f 4983 4988 4768
f 4988 3735 3637
f 3728 3735 3755
f 3728 5004 4777
f 5004 4997 4703
f 4997 3734 4702
f 3734 4996 3603
f 4996 5003 4748
f 5003 4996 3436
f 5003 4999 3626
f 3727 5000 4751
f 4706 4998 3430
f 4998 4706 4762
f 5000 4998 3606
f 3746 4989 4714
f 4987 3746 4713
f 4706 3430 4987
f 4989 3750 4771
f 3750 4989 3754
f 3750 3752 4771
f 3729 4993 3752
f 4993 3729 4721
f 3752 4993 4721
f 4965 4963 4715
f 4963 4965 3729
f 4963 4969 4722
f 3729 4965 4715
f 4999 3727 4751
f 4992 4991 4711
f 4991 3410 5001
f 4991 5001 4711
f 4964 4994 3751
f 4994 4964 4709
f 4964 4959 3621
f 4959 4964 3751
f 5001 4994 4708
f 4719 4754 4716
f 4754 4719 3744
f 3753 3730 4728
f 4754 3744 3753
f 4959 3751 4990
f 4959 4990 4723
f 4961 4962 4727
f 4960 4961 4726
f 4995 5002 4755
f 4962 4995 4727
f 5002 3743 4730
f 3743 5002 3326
f 3322 4966 4761
f 3743 3322 4760
f 4968 4967 4757
f 3731 3726 4759
f 3726 4778 4759
f 4967 3731 3579
f 4966 3627 4968
f 4966 4968 4757
f 3730 4960 4728
f 4969 4992 4752
f 4774 5004 4703
f 4702 4775 4997
f 4776 4997 4775
f 4748 4750 4996
f 4702 3734 4770
f 4770 3734 3603
f 4776 4703 4997
f 4996 4749 3603
f 4999 4745 3626
f 5000 3606 4751
f 3746 4714 4713
f 4989 4771 4756
f 4715 4721 3729
f 4987 4713 4705
f 4989 4756 4714
f 3752 4721 4771
f 3596 4969 4752
f 4722 4969 3596
f 4715 4963 4722
f 4987 4705 4706
f 5004 4774 4777
f 3735 4695 3637
f 4750 4749 4996
f 5003 3626 4748
f 4768 4988 3637
f 4999 4751 4745
f 4998 4762 3606
f 4695 3735 3728
f 4728 4772 3753
f 4718 4728 4960
f 4718 4960 4726
f 4708 4710 5001
f 5001 4710 4712
f 4723 4990 4719
f 3621 4709 4964
f 4754 4724 4716
f 4711 4752 4992
f 4961 4727 4726
f 4755 4727 4995
f 4717 5002 4730
f 4761 4760 3322
f 4717 4720 5002
f 4967 3579 4731
f 4967 4731 4757
f 4723 3621 4959
f 3753 3594 4754
f 4712 4711 5001
f 4994 4709 4708
f 3753 4772 3594
f 4760 4730 3743
f 4966 4757 4761
f 4755 5002 4720
f 3731 4759 3579
f 4778 5012 5005
f 3742 4948 3344
f 3723 3717 5007
f 5009 5012 3724
f 3685 5021 3428
f 3720 5015 5016
f 5021 3687 3428
f 3313 3725 5032
f 5035 5040 5022
f 5023 5037 3409
f 3690 5039 3544
f 5012 5009 5005
f 3716 3687 4783
f 5010 3687 4781
f 3687 5021 4782
f 3687 5010 3578
f 3685 5006 4789
f 5006 5007 4790
f 5006 3723 5007
f 3717 3387 3721
f 3717 3721 3533
f 3386 5011 4795
f 3721 3386 4800
f 5007 3717 4791
f 5021 3685 4789
f 3692 3384 3693
f 3692 3693 4796
f 3693 5008 4792
f 5013 5014 4797
f 5019 3720 4798
f 3720 5019 5014
f 5014 5019 4784
f 3382 5013 5008
f 5008 5013 4793
f 5016 5015 4785
f 5015 3719 4785
f 3719 5020 4786
f 3719 3718 5020
f 5020 3718 5017
f 5020 5017 4786
f 5018 3318 4794
f 5018 3718 3318
f 3318 5040 4799
f 3718 5018 5017
f 5017 5018 4786
f 3720 5016 4798
f 5035 5022 4831
f 5022 5030 3575
f 5030 3313 5032
f 5030 5032 4815
f 3725 5031 5032
f 5032 5031 4815
f 3691 3686 5034
f 5034 3686 4822
f 5031 3725 5034
f 3686 5033 4821
f 3683 5041 5033
f 5033 5041 4804
f 5031 5034 4819
f 3694 5037 4810
f 5023 5038 4806
f 5037 5023 4805
f 5038 5025 4828
f 5024 5029 4812
f 5025 5024 4812
f 3409 5038 5023
f 5026 5027 4807
f 5028 3714 4824
f 5027 5028 4807
f 5039 3690 4808
f 5036 3544 5039
f 5036 5039 4829
f 3714 5036 4826
f 5029 5026 4832
f 5041 3694 4803
f 5040 5035 4823
f 3690 5059 4809
f 3317 4882 5042
f 4847 3405 3711
f 3688 5059 3690
f 5059 5060 4833
f 5060 5059 3688
f 5060 3688 4833
f 3688 5061 4877
f 3689 3317 5042
f 5061 5063 4878
f 5062 5064 4879
f 3715 5062 5063
f 5063 5062 4834
f 5043 5064 3713
f 5043 3713 3689
f 5043 3689 4884
f 5064 5043 4841
f 3689 5042 4885
f 5042 4882 4885
f 4882 3722 5065
f 5066 3695 3590
f 3316 5066 4840
f 5065 3316 4883
f 5067 3310 5044
f 3681 5052 5068
f 3288 3674 3547
f 3701 3675 5076
f 5080 3705 5079
f 5082 3695 3684
f 3701 5078 3700
f 3672 4895 3699
f 3672 3678 4860
f 3673 3709 5089
f 5026 4830 4832
f 4824 4807 5028
f 4824 3714 4826
f 5026 4807 4830
f 4820 5034 4822
f 4787 3719 4786
f 4791 3717 3533
f 3575 4831 5022
f 5034 4817 4819
f 5029 4832 4812
f 4808 3690 4809
f 3532 4877 5061
f 4885 4880 3689
f 5043 4884 4841
f 4833 4809 5059
f 5062 4879 4834
f 4841 4879 5064
f 4882 5065 4883
f 4829 5039 4808
f 4883 3316 4840
f 4782 5021 4780
f 4782 4781 3687
f 4790 4801 5006
f 4780 5021 4789
f 4831 4813 5035
f 4785 3719 4787
f 5014 4784 4797
f 4823 5035 4813
f 4806 5038 4828
f 4877 4833 3688
f 4819 4815 5031
f 4818 4817 5034
f 4814 3575 5030
f 4820 4818 5034
f 4829 4825 5036
f 5025 4812 4828
f 5009 4788 5005
f 5082 3684 4836
f 5067 4844 3310
f 3684 3310 4844
f 4843 3684 4844
f 3547 5044 3288
f 5044 3547 4837
f 4856 3547 3674
f 4845 5067 5044
f 4856 5072 4886
f 5072 3582 5045
f 4846 5072 5045
f 5046 3706 4851
f 3706 3707 4851
f 3707 5047 4890
f 5045 5046 4839
f 4851 4839 5046
f 5047 4906 3516
f 4846 5045 4839
f 4851 3707 4890
f 3516 4890 5047
f 4906 5048 4907
f 4907 5048 3680
f 3680 4848 4850
f 3680 4850 4907
f 4902 4849 5049
f 4849 4848 3680
f 4853 5049 3712
f 4902 5049 4853
f 4849 3680 5049
f 3680 3712 5049
f 5048 4906 5047
f 5047 3682 5048
f 3590 4840 5066
f 3695 5082 4836
f 4790 5007 4791
f 3533 3721 4800
f 4792 4796 3693
f 4800 3386 4795
f 5009 3716 4783
f 3687 3578 4783
f 4788 5009 4783
f 4785 4798 5016
f 4792 5008 4793
f 4794 4786 5018
f 5013 4797 4793
f 4823 4799 5040
f 4814 5030 4815
f 5033 4804 4821
f 4796 5011 3692
f 4801 4789 5006
f 4798 4784 5019
f 4799 4794 3318
f 3686 4821 4822
f 5061 4878 3532
f 4888 4878 5063
f 5036 4825 4826
f 4888 5063 4834
f 5044 4837 4845
f 5072 4846 4886
f 4880 4884 3689
f 5067 4845 4844
f 5041 4802 4804
f 4805 5023 4806
f 5041 4803 4802
f 4805 4810 5037
f 3684 4843 4842
f 3590 3695 4836
f 4842 4836 3684
f 3694 4810 4803
f 5050 4853 3710
f 5050 3710 4847
f 4902 5050 4847
f 5071 4891 3402
f 5055 3402 4891
f 4862 5055 4891
f 4847 3711 5055
f 4909 5071 4864
f 4865 3705 5083
f 4867 5080 5079
f 4867 5079 5084
f 4892 3696 5051
f 3554 5084 3696
f 5083 3705 5080
f 4865 5083 5080
f 4857 3702 3703
f 3558 5051 3702
f 4903 5069 3681
f 5068 4903 3681
f 5054 3681 5069
f 4894 5054 5069
f 4857 3703 5054
f 5070 5052 5081
f 4900 5052 5070
f 5053 5081 3697
f 4900 5081 5053
f 4900 5070 5081
f 4904 3697 3677
f 4870 3697 4904
f 4908 5077 3700
f 3700 5077 3677
f 4904 3677 5077
f 5053 3697 4870
f 4866 5053 4870
f 4905 5068 5052
f 3565 5051 4863
f 5078 4876 3700
f 5076 4897 3701
f 5078 3701 4897
f 4917 5078 4897
f 5074 4897 3675
f 4869 3675 3704
f 4869 5074 3675
f 5076 3675 4897
f 4912 3708 3679
f 3673 4912 3679
f 4874 3673 5089
f 4901 3709 3676
f 4873 5089 3709
f 4913 3704 3708
f 4868 3676 4899
f 4871 5086 3698
f 3698 5086 3676
f 4871 3698 3699
f 4899 3676 5086
f 4860 4895 3672
f 3522 5087 5088
f 5088 5087 3678
f 4860 3678 5087
f 4859 5088 4898
f 4898 5088 3678
f 3520 5057 5075
f 5075 5057 5090
f 5085 5075 5090
f 3520 5075 5085
f 4896 5090 5056
f 4872 5056 5073
f 4916 5058 3509
f 3509 5058 5073
f 5073 5058 4916
f 5085 5090 4896
f 4865 5080 4867
f 4893 4891 5071
f 4864 3705 4865
f 5054 4894 4857
f 4847 5055 4855
f 3554 3696 4892
f 4905 5052 4900
f 3702 4858 3558
f 5069 4903 4894
f 3565 4892 5051
f 3565 4863 3558
f 3702 4857 4858
f 3554 4867 5084
f 4855 5055 4862
f 4853 5050 4902
f 4903 5068 4905
f 4866 4900 5053
f 5051 3558 4863
f 5077 4908 4904
f 4869 3704 4913
f 4873 3709 4901
f 4915 3673 4874
f 4908 3700 4876
f 4876 5078 4917
f 5089 4873 4874
f 4872 5073 4916
f 3520 5085 4896
f 3699 4895 4871
f 5057 3520 4898
f 4859 3522 5088
f 3509 4875 4916
f 5086 4871 4899
f 4869 4910 5074
f 4910 4897 5074
f 3673 4915 4912
f 4859 4898 4861
f 4872 4896 5056
f 3676 4868 4901
f 4860 5087 3522
f 5097 5103 5096
f 5092 5091 5094
f 5092 5095 5242
f 5242 5095 5096
f 5099 5098 5230
f 5093 5098 5099
f 5093 5094 5098
f 5099 5229 5100
f 5229 5102 5100
f 5103 5097 5105
f 5105 5097 5104
f 5105 5104 5268
f 5254 5268 5106
f 5107 5254 5106
f 5113 5106 5108
f 5106 5113 5235
f 5226 5109 5110
f 5102 5226 5110
f 5109 5111 5110
f 5113 5108 5112
f 5111 5215 5110
f 5110 5215 5112
f 5115 5117 5114
f 5119 5118 5117
f 5119 5115 5116
f 5115 5119 5117
f 5120 5121 5122
f 5123 5124 5125
f 5121 5123 5126
f 5127 5128 5129
f 5130 5131 5132
f 5128 5130 5133
f 5124 5127 5134
f 5135 5136 5137
f 5138 5139 5140
f 5136 5138 5141
f 5142 5143 5144
f 5145 5146 5147
f 5143 5145 5148
f 5139 5142 5149
f 5131 5135 5150
f 5122 5151 5120
f 5125 5126 5123
f 5122 5121 5126
f 5129 5134 5127
f 5132 5133 5130
f 5129 5128 5133
f 5125 5124 5134
f 5137 5150 5135
f 5140 5141 5138
f 5137 5136 5141
f 5144 5149 5142
f 5147 5148 5145
f 5144 5143 5148
f 5140 5139 5149
f 5132 5131 5150
f 5152 5153 5146
f 5120 5151 5154
f 5152 5114 5155
f 5156 5157 5158
f 5114 5156 5155
f 5159 5160 5161
f 5162 5163 5164
f 5160 5162 5165
f 5157 5159 5166
f 5167 5168 5169
f 5170 5171 5172
f 5168 5170 5173
f 5174 5175 5176
f 5177 5119 5154
f 5175 5177 5178
f 5171 5174 5179
f 5163 5167 5180
f 5155 5153 5152
f 5181 5158 5157
f 5155 5156 5158
f 5161 5166 5159
f 5164 5165 5162
f 5161 5160 5165
f 5181 5157 5166
f 5169 5180 5167
f 5172 5173 5170
f 5169 5168 5173
f 5176 5179 5174
f 5154 5178 5177
f 5176 5175 5178
f 5172 5171 5179
f 5164 5163 5180
f 5119 5120 5154
f 5153 5147 5146
f 5182 5158 5181
f 5182 5155 5158
f 5153 5155 5182
f 5166 5183 5181
f 5161 5183 5166
f 5184 5165 5164
f 5184 5164 5180
f 5165 5184 5161
f 5161 5184 5183
f 5153 5182 5185
f 5186 5144 5185
f 5185 5147 5153
f 5144 5186 5149
f 5148 5185 5144
f 5186 5141 5140
f 5149 5186 5140
f 5186 5187 5137
f 5137 5187 5150
f 5141 5186 5137
f 5147 5185 5148
f 5169 5188 5184
f 5169 5173 5188
f 5188 5173 5172
f 5172 5179 5189
f 5176 5178 5189
f 5178 5154 5192
f 5189 5179 5176
f 5192 5189 5178
f 5192 5154 5151
f 5188 5172 5189
f 5191 5133 5132
f 5191 5132 5150
f 5134 5129 5190
f 5191 5129 5133
f 5190 5125 5134
f 5187 5191 5150
f 5122 5126 5190
f 5190 5192 5122
f 5192 5151 5122
f 5190 5129 5191
f 5190 5126 5125
f 5184 5180 5169
f 5192 5190 5193
f 5190 5191 5195
f 5191 5187 5197
f 5187 5186 5197
f 5186 5185 5199
f 5193 5190 5194
f 5195 5191 5200
f 5200 5191 5196
f 5194 5190 5195
f 5197 5196 5191
f 5199 5212 5186
f 5197 5186 5212
f 5198 5210 5185
f 5199 5185 5210
f 5185 5182 5198
f 5181 5183 5208
f 5182 5181 5256
f 5184 5188 5202
f 5188 5189 5204
f 5189 5192 5206
f 5198 5182 5207
f 5256 5181 5208
f 5207 5182 5256
f 5201 5183 5184
f 5202 5201 5184
f 5203 5202 5188
f 5203 5188 5204
f 5205 5204 5189
f 5193 5206 5192
f 5205 5189 5206
f 5199 5213 5212
f 5113 5112 5215
f 5235 5113 5214
f 5113 5215 5214
f 5214 5215 5217
f 5216 5111 5218
f 5111 5216 5215
f 5197 5221 5196
f 5194 5225 5193
f 5109 5226 5111
f 5102 5229 5228
f 5230 5229 5099
f 5111 5226 5218
f 5235 5214 5232
f 5232 5214 5209
f 5215 5216 5217
f 5214 5217 5210
f 5227 5226 5102
f 5220 5226 5196
f 5218 5226 5219
f 5226 5227 5196
f 5216 5218 5212
f 5209 5214 5210
f 5209 5210 5198
f 5232 5209 5198
f 5210 5217 5199
f 5217 5211 5199
f 5217 5216 5211
f 5211 5216 5213
f 5211 5213 5199
f 5213 5216 5212
f 5212 5219 5197
f 5212 5218 5219
f 5221 5220 5196
f 5221 5226 5220
f 5226 5221 5219
f 5219 5221 5197
f 5228 5101 5102
f 5195 5233 5228
f 5101 5228 5233
f 5222 5196 5101
f 5231 5234 5098
f 5225 5230 5098
f 5229 5195 5228
f 5196 5222 5200
f 5101 5233 5222
f 5222 5233 5200
f 5233 5195 5200
f 5195 5223 5194
f 5195 5229 5223
f 5098 5234 5224
f 5225 5098 5224
f 5225 5224 5193
f 5225 5223 5229
f 5229 5230 5225
f 5223 5225 5194
f 5196 5227 5101
f 5227 5102 5101
f 5193 5236 5206
f 5094 5091 5231
f 5204 5205 5237
f 5240 5092 5242
f 5092 5240 5091
f 5091 5240 5231
f 5231 5240 5237
f 5242 5096 5243
f 5242 5243 5239
f 5243 5096 5103
f 5094 5231 5098
f 5201 5247 5183
f 5198 5207 5248
f 5256 5248 5207
f 5183 5249 5208
f 5103 5245 5243
f 5103 5105 5245
f 5254 5105 5268
f 5258 5106 5235
f 5203 5238 5202
f 5231 5241 5234
f 5234 5241 5236
f 5240 5242 5237
f 5231 5237 5241
f 5243 5244 5239
f 5244 5243 5245
f 5234 5236 5193
f 5236 5241 5206
f 5241 5237 5205
f 5237 5242 5239
f 5237 5239 5204
f 5206 5241 5205
f 5204 5251 5203
f 5204 5239 5251
f 5244 5251 5239
f 5251 5244 5203
f 5202 5245 5201
f 5202 5244 5245
f 5245 5247 5201
f 5244 5202 5238
f 5244 5238 5203
f 5252 5247 5245
f 5250 5105 5254
f 5250 5254 5253
f 5247 5252 5250
f 5254 5256 5255
f 5106 5257 5107
f 5254 5107 5257
f 5257 5256 5254
f 5248 5106 5258
f 5255 5253 5254
f 5246 5247 5250
f 5253 5249 5250
f 5246 5250 5183
f 5247 5246 5183
f 5253 5255 5256
f 5253 5256 5208
f 5249 5253 5208
f 5250 5249 5183
f 5248 5257 5106
f 5248 5256 5257
f 5259 5248 5258
f 5248 5259 5198
f 5258 5232 5259
f 5232 5258 5235
f 5252 5245 5250
f 5245 5105 5250
f 5224 5234 5193
f 5232 5198 5259
f 5123 5119 5116
f 5136 5116 5115
f 5143 5115 5114
f 5120 5119 5121
f 5123 5116 5124
f 5116 5130 5128
f 5124 5116 5127
f 5131 5130 5116
f 5116 5128 5127
f 5119 5123 5121
f 5135 5116 5136
f 5138 5115 5139
f 5131 5116 5135
f 5142 5115 5143
f 5114 5145 5143
f 5115 5142 5139
f 5114 5146 5145
f 5138 5136 5115
f 5114 5117 5157
f 5170 5117 5118
f 5177 5118 5119
f 5156 5114 5157
f 5159 5117 5160
f 5162 5117 5163
f 5117 5162 5160
f 5117 5159 5157
f 5167 5117 5168
f 5118 5171 5170
f 5170 5168 5117
f 5163 5117 5167
f 5177 5175 5118
f 5174 5118 5175
f 5174 5171 5118
f 5152 5146 5114
f 5110 5260 5270
f 5261 5272 5110
f 5262 5260 5110
f 5112 5263 5262
f 5264 5266 5106
f 5106 5265 5264
f 5266 5267 5108
f 5106 5268 5265
f 5110 5270 5261
f 5110 5112 5262
f 5108 5267 5271
f 5263 5112 5108
f 5266 5108 5106
f 5108 5271 5263
f 5269 5268 5104
f 5269 5104 5097
f 5279 5273 5096
f 5093 5099 5276
f 5277 5276 5099
f 5278 5277 5102
f 5272 5278 5102
f 5096 5273 5097
f 5279 5096 5095
f 5275 5279 5095
f 5274 5092 5094
f 5095 5092 5275
f 5274 5094 5093
f 5093 5280 5274
f 5100 5277 5099
f 5277 5100 5102
f 5102 5110 5272
f 5269 5097 5273
f 5283 5282 5284
f 5281 5285 5286
f 5282 5285 5281
f 5287 5293 5288
f 5282 5293 5287
f 5290 5282 5283
f 5276 5282 5290
f 5295 5291 5290
f 5294 5293 5292
f 5276 5290 5291
f 5276 5292 5293
f 5293 5282 5276
f 5283 5289 5290
f 5287 5261 5270
f 5261 5287 5288
f 5293 5261 5288
f 5276 5291 5093
f 5295 5280 5093
f 5295 5093 5291
f 5290 5274 5280
f 5280 5295 5290
f 5283 5269 5273
f 5273 5289 5283
f 5284 5282 5268
f 5268 5283 5284
f 5269 5283 5268
f 5287 5260 5282
f 5282 5260 5262
f 5281 5271 5296
f 5281 5286 5271
f 5263 5271 5286
f 5285 5263 5286
f 5267 5281 5296
f 5281 5267 5266
f 5263 5285 5262
f 5282 5262 5285
f 5282 5264 5265
f 5264 5282 5266
f 5281 5266 5282
f 5268 5282 5265
f 5279 5275 5289
f 5279 5289 5273
f 5290 5092 5274
f 5092 5290 5275
f 5289 5275 5290
f 5294 5277 5293
f 5292 5277 5294
f 5276 5277 5292
f 5278 5293 5277
f 5272 5293 5278
f 5261 5293 5272
f 5260 5287 5270
f 5297 5298 5299
f 5298 5297 5300
f 5301 5300 5297
f 5297 6002 5301
f 5302 5299 5303
f 5299 5302 5297
f 5302 5303 6016
f 5322 5304 5297
f 6002 5297 5304
f 5306 5305 5302
f 6016 5306 5302
f 5307 5308 5309
f 5310 5311 5312
f 5309 5311 5313
f 5312 5314 5315
f 5307 5309 5313
f 5313 5311 5310
f 5316 5992 5317
f 5316 5317 5310
f 5315 5316 5310
f 5315 5310 5312
f 5314 6010 5315
f 5318 5319 5320
f 5318 6010 5314
f 5320 5321 5665
f 5321 5320 5319
f 5297 5317 5322
f 5322 5317 5992
f 5318 5314 5319
f 5323 5324 5325
f 5324 5323 5326
f 5324 5326 5327
f 5302 5305 6029
f 5302 6029 5328
f 5326 5329 5327
f 5330 5331 5332
f 5333 6046 5329
f 5329 6046 5327
f 5334 5335 5336
f 5329 5335 5333
f 5337 5336 5332
f 6029 5338 5328
f 5328 5338 5334
f 5335 5334 5333
f 5334 5336 5337
f 5333 5334 5338
f 5332 5331 5337
f 5308 5339 5340
f 5307 5339 5308
f 5344 5339 5717
f 5307 5717 5339
f 5342 5339 5344
f 5339 5342 5343
f 5717 5345 5344
f 5341 5346 5347
f 5348 5341 5347
f 5349 5345 5717
f 5341 5717 5307
f 5307 5346 5341
f 5350 5351 5330
f 5591 5351 5356
f 5352 5351 5591
f 5358 5330 5351
f 5356 5354 5353
f 5351 5354 5356
f 5353 5355 5356
f 5331 5358 5357
f 5358 5351 5352
f 5358 5331 5330
f 5359 5360 5361
f 5362 5360 5677
f 5361 5360 5362
f 5677 5363 5362
f 5365 5363 5677
f 5359 5361 5353
f 5364 5677 5366
f 5365 5677 5364
f 5355 5353 5361
f 5370 5357 5369
f 5584 5942 5369
f 5331 5357 5368
f 5371 5369 5942
f 5942 5584 5372
f 5373 5942 5372
f 5371 5370 5369
f 5367 5377 5376
f 5374 5376 5377
f 5375 5703 5379
f 5381 5380 5321
f 5308 5311 5309
f 5308 5381 5311
f 5311 5381 5312
f 5381 5319 5314
f 5314 5312 5381
f 5319 5381 5321
f 5382 5383 5384
f 5382 5384 5901
f 5383 5385 5386
f 5383 5386 5384
f 5387 5717 5341
f 5386 5385 5388
f 5341 5388 5387
f 5388 5385 5387
f 5901 5389 5392
f 5389 5391 5390
f 5389 5397 5391
f 5397 5389 5393
f 5393 5394 5397
f 5382 5901 5395
f 5395 5901 5392
f 5382 5396 5701
f 5395 5396 5382
f 5392 5389 5390
f 5398 5399 5400
f 5400 5401 5398
f 5398 5401 5402
f 5403 5397 5394
f 5404 5402 5403
f 5402 5404 5398
f 5405 5403 5402
f 5403 5405 5407
f 5409 5407 5405
f 5408 5406 5701
f 5410 5409 5411
f 5397 5403 5407
f 5410 5411 5412
f 5409 5410 5407
f 5412 5411 5414
f 5415 5413 5414
f 5701 5413 5415
f 5415 5408 5701
f 5415 5414 5411
f 5413 5701 5396
f 5380 5381 5421
f 5354 5351 5422
f 5423 5424 5425
f 5426 5423 5427
f 5422 5428 5424
f 5431 5430 5429
f 5430 5447 5429
f 5432 5426 5433
f 5434 5430 5426
f 5447 5430 5435
f 5436 5423 5437
f 5424 5438 5439
f 5424 5439 5425
f 5437 5423 5425
f 5440 5427 5423
f 5423 5436 5440
f 5441 5426 5427
f 5433 5426 5441
f 5424 5443 5438
f 8641 5431 5445
f 8641 5445 5446
f 5429 5445 5431
f 5428 5422 5448
f 5449 5450 5451
f 5449 5451 5452
f 5448 5452 5428
f 5449 5453 5454
f 5449 5454 5455
f 5428 5456 5424
f 5449 5455 5450
f 5457 5458 5449
f 5351 5448 5422
f 5449 5452 5448
f 5457 5459 5458
f 5449 5458 5453
f 5460 5461 5457
f 5462 5463 5457
f 5459 5457 5463
f 5461 5462 5457
f 5464 5461 5460
f 5460 5465 5464
f 5443 5424 5456
f 5432 5434 5426
f 5430 5434 5435
f 5466 5442 5447
f 5444 5468 5469
f 5470 5467 5444
f 5468 5528 5527
f 5469 5470 5444
f 5442 5471 5460
f 5460 5472 5473
f 5471 5472 5460
f 5465 5460 5473
f 5442 5466 5471
f 5447 5435 5466
f 5442 5444 5447
f 5528 5468 5444
f 5447 5444 5467
f 5474 5475 5476
f 5476 5477 5474
f 5475 5474 5478
f 5478 5479 5475
f 5480 5476 5446
f 5481 5482 5483
f 5475 5479 5484
f 5475 5484 5485
f 5475 5485 5481
f 5483 5475 5481
f 5486 5477 5480
f 5486 5487 5488
f 5488 5489 5490
f 5476 5480 5477
f 5491 5490 5492
f 5493 5494 5495
f 5494 5496 5497
f 5496 5491 5498
f 5493 5499 5500
f 8641 5446 5476
f 5501 5483 5502
f 5482 5502 5483
f 5483 5501 5503
f 5483 5503 5504
f 5504 5505 5483
f 5506 5505 5507
f 5508 5507 5505
f 5505 5509 5510
f 5510 5511 5512
f 5504 5508 5505
f 5513 5514 5515
f 5516 5517 5518
f 5519 5518 5520
f 5517 5521 5515
f 5505 5506 5522
f 5510 5509 5511
f 5511 5523 5524
f 5509 5505 5522
f 5523 5514 5525
f 5510 5308 5340
f 5520 5500 5526
f 5480 5527 5528
f 5487 5486 5480
f 5480 5529 5487
f 5488 5487 5489
f 5495 5494 5497
f 5492 5490 5489
f 5498 5491 5492
f 5497 5496 5498
f 5493 5495 5499
f 5528 5530 5529
f 5528 5531 5530
f 5532 5530 5531
f 5533 5532 5531
f 5480 5528 5529
f 5531 5534 5533
f 5535 5536 5531
f 5531 5536 5537
f 5531 5537 5534
f 5538 5536 5535
f 5526 5500 5499
f 5516 5518 5519
f 5515 5521 5513
f 5526 5519 5520
f 5524 5523 5525
f 5512 5539 5540
f 5541 5540 5542
f 5524 5539 5511
f 5513 5525 5514
f 5541 5543 5535
f 5535 5544 5545
f 5543 5544 5535
f 5538 5535 5545
f 5541 5546 5543
f 5541 5547 5548
f 5541 5548 5549
f 5542 5547 5541
f 5512 5540 5541
f 5539 5512 5511
f 5546 5541 5549
f 5512 5308 5510
f 5516 5521 5517
f 5510 5340 5550
f 5505 5510 5711
f 5475 5483 5711
f 5476 5475 5559
f 5505 5711 5483
f 5550 5711 5510
f 5559 8641 5476
f 5559 5475 5711
f 5340 5551 5550
f 5426 5430 5562
f 5423 5426 5552
f 5422 5424 5553
f 5354 5422 5554
f 5423 5552 5424
f 5555 5431 8641
f 5562 5430 5431
f 5552 5553 5424
f 5426 5562 5552
f 5553 5554 5422
f 5354 5554 5556
f 5557 5558 5340
f 5339 5557 5340
f 5558 5551 5340
f 5561 8641 5560
f 5560 8641 5559
f 5563 5564 5354
f 5565 5563 5354
f 5556 5565 5354
f 5555 8641 5566
f 5562 5431 5555
f 8641 5561 5566
f 5564 5353 5354
f 5555 5568 5567
f 5555 5567 5562
f 5566 5568 5555
f 5568 5566 5561
f 5568 5561 5569
f 5559 5572 5571
f 5559 5571 5570
f 5570 5561 5560
f 5570 5560 5559
f 5570 5569 5561
f 5575 5573 5686
f 5575 5574 5573
f 5575 5686 5671
f 5364 5576 5365
f 5355 5361 5577
f 5374 5377 5579
f 5579 5379 5580
f 5582 5581 5366
f 5366 5581 5364
f 5365 5576 5363
f 5361 5362 5578
f 5377 5375 5579
f 5375 5379 5579
f 5367 5582 5366
f 5367 5376 5582
f 5378 5372 5580
f 5588 5587 5357
f 5589 5588 5358
f 5352 5590 5589
f 5357 5586 5369
f 5369 5585 5584
f 5352 5589 5358
f 5591 5590 5352
f 5588 5357 5358
f 5592 5356 5355
f 5580 5372 5583
f 5593 5584 5585
f 5652 5593 5585
f 5583 5372 5594
f 5594 5595 5583
f 5594 5372 5584
f 5584 5593 5594
f 5586 5596 5369
f 5586 5357 5597
f 5587 5659 5357
f 5587 5604 5659
f 5652 5585 5596
f 5659 5597 5357
f 5596 5586 5597
f 5585 5369 5596
f 5635 5580 5583
f 5633 5598 5580
f 5635 5633 5580
f 5583 5595 5635
f 5599 5579 5580
f 5599 5600 5579
f 5600 5374 5579
f 5599 5580 5598
f 5376 5374 5600
f 5582 5601 5602
f 5582 5376 5601
f 5581 5582 5603
f 5602 5603 5582
f 5588 5604 5587
f 5589 5604 5588
f 5604 5589 5661
f 5663 5589 5605
f 5589 5663 5661
f 5606 5607 5589
f 5589 5607 5605
f 5589 5608 5606
f 5590 5608 5589
f 5591 5609 5608
f 5591 5608 5590
f 5609 5591 5356
f 5610 5609 5356
f 5355 5610 5592
f 5610 5356 5592
f 5611 5364 5612
f 5576 5613 5363
f 5611 5613 5576
f 5612 5364 5603
f 5603 5364 5581
f 5611 5576 5364
f 5361 5615 5645
f 5614 5361 5645
f 5614 5355 5577
f 5355 5614 5610
f 5361 5614 5577
f 5613 5362 5363
f 5362 5613 5578
f 5615 5578 5613
f 5615 5361 5578
f 5618 5650 5619
f 5619 5617 5616
f 5617 5622 5623
f 5624 5625 5650
f 5619 5626 5618
f 5626 5619 5620
f 5619 5616 5620
f 5617 5623 5616
f 6769 5621 5622
f 5621 5623 5622
f 5650 5618 5624
f 5622 5617 5641
f 6769 5622 5643
f 5621 6769 5630
f 5620 5616 5638
f 5634 5626 5620
f 5616 5623 5633
f 5620 5636 5634
f 5634 5637 5626
f 5646 5634 5636
f 6772 5626 5637
f 5626 6772 5639
f 5646 5636 5640
f 5631 5623 5621
f 5641 5629 5622
f 5622 5628 5642
f 5642 5643 5622
f 5627 5644 5617
f 5644 5645 5617
f 5628 5622 5629
f 5645 5641 5617
f 5632 6769 5643
f 5616 5633 5635
f 5620 5638 5636
f 5638 5616 5635
f 6769 5632 5630
f 5621 5376 5631
f 5631 5633 5623
f 5621 5630 5376
f 5647 5648 5618
f 5649 5618 5648
f 5618 5639 5647
f 5618 5649 5624
f 5646 5640 5651
f 5640 5654 5651
f 5618 5626 5639
f 5656 5619 5655
f 5650 5655 5619
f 5655 5657 5608
f 5609 5617 5619
f 5607 5657 5653
f 5640 5652 5654
f 5652 5658 5654
f 5662 5654 5596
f 5596 5654 5658
f 5659 5662 5596
f 5604 5662 5660
f 5659 5660 5662
f 5661 5653 5662
f 5604 5661 5662
f 5653 5663 5607
f 5661 5663 5653
f 5607 5608 5657
f 5656 5609 5619
f 5655 5608 5656
f 5609 5627 5617
f 5628 5613 5642
f 5627 5610 5644
f 5641 5645 5613
f 5645 5644 5614
f 5629 5641 5613
f 5629 5613 5628
f 5643 5642 5611
f 5603 5632 5643
f 5603 5630 5632
f 5376 5600 5631
f 5376 5630 5601
f 5600 5633 5631
f 5610 5614 5644
f 5612 5643 5611
f 5642 5613 5611
f 5615 5613 5645
f 5602 5601 5630
f 5643 5612 5603
f 5599 5633 5600
f 5633 5599 5598
f 5603 5602 5630
f 5638 5635 5595
f 5652 5640 5593
f 5636 5638 5593
f 5636 5593 5640
f 5596 5597 5659
f 5610 5627 5609
f 5656 5608 5609
f 5595 5594 5638
f 5652 5596 5658
f 5593 5638 5594
f 5660 5659 5604
f 5607 5663 5605
f 5608 5607 5606
f 5528 5420 5531
f 5531 5420 5535
f 5420 5541 5535
f 5420 5421 5512
f 5308 5512 5421
f 5541 5420 5512
f 5420 5444 5442
f 5460 5419 5442
f 5419 5460 5457
f 5419 5457 5418
f 5418 5457 5449
f 5417 5418 5448
f 5449 5448 5418
f 5420 5442 5419
f 5444 5420 5528
f 5421 5381 5308
f 5416 5417 5351
f 5351 5350 5416
f 5448 5351 5417
f 5416 5350 5664
f 5321 5380 5667
f 5665 5321 5666
f 5421 5984 5380
f 5668 5420 5419
f 5984 5421 5668
f 5667 5666 5321
f 5325 6045 5323
f 6042 5323 6045
f 6038 5669 5417
f 5419 5669 5668
f 5417 6043 6038
f 6043 5323 6042
f 5421 5420 5668
f 5418 5417 5669
f 5419 5418 5669
f 5416 5323 6043
f 5416 5670 5323
f 5416 6043 5417
f 5335 5350 5336
f 5664 5350 5326
f 5664 5326 5323
f 5350 5329 5326
f 5335 5329 5350
f 5416 5664 5670
f 5350 5332 5336
f 5350 5330 5332
f 5568 5671 5567
f 5568 5569 5575
f 5567 5677 5672
f 5673 5674 5677
f 5360 5675 5673
f 5677 5674 5672
f 5360 5676 5675
f 5671 5568 5575
f 5677 5567 5671
f 5360 5673 5677
f 5360 5678 5676
f 5679 5342 5680
f 5680 5342 5681
f 5682 5683 5343
f 5684 5682 5343
f 5684 5343 5679
f 5572 5681 5342
f 5571 5572 5574
f 5570 5571 5574
f 5342 5679 5343
f 5572 5342 5685
f 5685 5574 5572
f 5574 5575 5570
f 5575 5569 5570
f 5573 5687 5704
f 5573 5704 5686
f 5704 5687 5688
f 5687 5689 5688
f 5689 5382 5701
f 5690 5688 5689
f 5701 5690 5689
f 5406 5691 5692
f 5406 5692 5701
f 5691 5693 5694
f 5691 5694 5692
f 5695 5942 5373
f 5694 5693 5696
f 5373 5696 5695
f 5696 5693 5695
f 5697 5378 5580
f 5373 5372 5697
f 5697 5372 5378
f 5373 5697 5696
f 5580 5379 5697
f 5375 5377 5706
f 5690 5699 5688
f 5697 5379 5699
f 5696 5697 5694
f 5699 5698 5697
f 5697 5698 5701
f 5692 5694 5701
f 5701 5694 5697
f 5698 5699 5701
f 5699 5690 5701
f 5706 5703 5375
f 5702 5700 5699
f 5700 5702 5703
f 5688 5699 5700
f 5699 5379 5702
f 5379 5703 5702
f 5367 5705 5377
f 5686 5704 5708
f 5367 5709 5705
f 5705 5709 5706
f 5703 5706 5704
f 5688 5703 5704
f 5707 5704 5706
f 5706 5709 5707
f 5710 5367 5366
f 5709 5710 5708
f 5709 5708 5707
f 5704 5707 5708
f 5710 5366 5708
f 5709 5367 5710
f 5688 5700 5703
f 5705 5706 5377
f 5366 5677 5708
f 5686 5708 5671
f 5671 5708 5677
f 5681 5572 5711
f 5711 5572 5559
f 5343 5683 5339
f 5683 5682 5557
f 5679 5680 5550
f 5684 5679 5551
f 5682 5684 5558
f 5558 5557 5682
f 5550 5551 5679
f 5711 5550 5680
f 5558 5684 5551
f 5683 5557 5339
f 5673 5675 5556
f 5674 5673 5554
f 5556 5554 5673
f 5565 5556 5675
f 5553 5674 5554
f 5675 5676 5565
f 5563 5676 5678
f 5567 5672 5552
f 5678 5360 5564
f 5564 5563 5678
f 5552 5562 5567
f 5564 5360 5353
f 5676 5563 5565
f 5383 5382 5689
f 5689 5712 5383
f 5383 5712 5385
f 5385 5712 5387
f 5689 5687 5714
f 5715 5719 5687
f 5714 5687 5719
f 5387 5712 5717
f 5712 5716 5713
f 5713 5717 5712
f 5713 5716 5717
f 5349 5716 5712
f 5349 5717 5716
f 5714 5718 5712
f 5349 5712 5718
f 5718 5714 5349
f 5719 5349 5714
f 5712 5689 5714
f 5720 5715 5687
f 5723 5720 5687
f 5687 5573 5722
f 5687 5722 5723
f 5719 5715 5349
f 5720 5349 5715
f 5349 5720 5345
f 5345 5720 5723
f 5722 5573 5344
f 5344 5573 5724
f 5724 5573 5721
f 5344 5723 5722
f 5344 5345 5723
f 5685 5573 5574
f 5685 5721 5573
f 5685 5342 5724
f 5724 5721 5685
f 5344 5724 5342
f 5649 5726 5725
f 5647 5726 5648
f 5725 5624 5649
f 5648 5726 5649
f 6772 5727 5639
f 5726 5647 5639
f 5726 5639 5727
f 5625 5624 5725
f 5637 5634 5727
f 5646 5727 5634
f 5727 6772 5637
f 5727 5646 5651
f 5654 5727 5651
f 5654 5728 5727
f 5446 5650 5625
f 5446 5655 5650
f 5480 5446 5725
f 5655 5446 5445
f 5725 5446 5625
f 5655 5445 5657
f 5657 5445 5653
f 5729 5447 5730
f 5729 5728 5447
f 5447 5728 5662
f 5654 5662 5728
f 5731 5732 5733
f 5734 5735 5736
f 5737 5735 5732
f 5738 5735 5734
f 5739 5732 5740
f 5733 5741 5731
f 5740 5732 5731
f 5742 5737 5732
f 5732 5739 5742
f 5736 5735 5737
f 5527 5725 5738
f 6819 5733 5730
f 5733 6819 5741
f 5662 5653 5429
f 5467 6819 5730
f 6819 5467 5470
f 5470 5743 6819
f 5662 5429 5447
f 5730 5447 5467
f 5445 5429 5653
f 5470 5469 5744
f 5469 5745 5746
f 5469 5746 5744
f 5468 5734 5747
f 5469 5748 5749
f 5748 5468 5747
f 5469 5749 5745
f 5748 5469 5468
f 5738 5734 5527
f 5527 5734 5468
f 5743 5470 5744
f 5527 5480 5725
f 5726 5738 5725
f 5727 5738 5726
f 5728 5738 5727
f 5738 5728 5729
f 5730 5738 5729
f 5738 5730 5733
f 5738 5733 5732
f 5735 5738 5732
f 5428 5452 5750
f 5456 5428 5751
f 5456 5752 5443
f 5439 5438 5753
f 5754 5425 5439
f 5443 5755 5438
f 5425 5754 5437
f 5436 5437 5756
f 5427 5440 5757
f 5440 5436 5758
f 5759 5432 5433
f 5760 5435 5434
f 5761 5434 5432
f 5762 5433 5441
f 5441 5427 5763
f 5452 5764 5750
f 5456 5751 5752
f 5751 5428 5750
f 5438 5755 5753
f 5437 5754 5756
f 5754 5439 5753
f 5755 5443 5752
f 5440 5758 5757
f 5441 5763 5762
f 5763 5427 5757
f 5432 5759 5761
f 5435 5760 5765
f 5760 5434 5761
f 5759 5433 5762
f 5758 5436 5756
f 5765 5466 5435
f 5766 5764 5452
f 5767 5464 5465
f 5462 5461 5768
f 5769 5461 5464
f 5770 5471 5466
f 5771 5473 5472
f 5772 5472 5471
f 5473 5773 5465
f 5455 5454 5774
f 5775 5450 5455
f 5776 5454 5453
f 5777 5458 5459
f 5777 5453 5458
f 5778 5459 5463
f 5462 5779 5463
f 5450 5780 5451
f 5466 5781 5770
f 5472 5772 5771
f 5772 5471 5770
f 5465 5773 5767
f 5461 5769 5768
f 5769 5464 5767
f 5773 5473 5771
f 5463 5779 5778
f 5453 5777 5776
f 5777 5459 5778
f 5455 5774 5775
f 5451 5780 5766
f 5780 5450 5775
f 5774 5454 5776
f 5779 5462 5768
f 5766 5452 5451
f 5765 5781 5466
f 5775 5783 5780
f 5783 5782 5764
f 5783 5766 5780
f 5766 5783 5764
f 5786 5778 5779
f 5778 5786 5777
f 5774 5783 5775
f 5786 5776 5777
f 5774 5776 5783
f 5776 5786 5783
f 5750 5764 5784
f 5782 5784 5764
f 5784 5751 5750
f 5784 5785 5755
f 5751 5784 5752
f 5755 5785 5753
f 5753 5785 5754
f 5756 5754 5785
f 5758 5756 5785
f 5752 5784 5755
f 5768 5786 5779
f 5769 5786 5768
f 5769 5767 5786
f 5773 5771 5787
f 5786 5767 5773
f 5772 5787 5771
f 5787 5772 5770
f 5781 5787 5770
f 5786 5773 5787
f 5759 5762 5785
f 5762 5763 5785
f 5757 5758 5785
f 5785 5763 5757
f 5788 5761 5759
f 5765 5760 5787
f 5787 5781 5765
f 5785 5788 5759
f 5761 5788 5787
f 5761 5787 5760
f 5923 5784 5782
f 5923 5782 5789
f 5785 5784 5408
f 5802 5789 5782
f 5787 5788 5401
f 5788 5785 5405
f 5408 5784 5923
f 5415 5785 5408
f 5785 5415 5411
f 5411 5409 5785
f 5405 5785 5409
f 5401 5788 5402
f 5400 5787 5401
f 5405 5402 5788
f 5790 5787 5400
f 5790 5791 5787
f 5786 5787 5794
f 5796 5786 5795
f 5783 5786 5799
f 5799 5786 5798
f 5796 5798 5786
f 5786 5797 5800
f 5801 5787 5791
f 5787 5801 5792
f 5792 5793 5787
f 5787 5793 5794
f 5797 5786 5794
f 5924 5783 5932
f 5924 5802 5783
f 5932 5783 5799
f 5795 5786 5800
f 5782 5783 5802
f 5803 5497 5498
f 5499 5495 5804
f 5805 5495 5497
f 5806 5487 5529
f 5807 5492 5489
f 5808 5489 5487
f 5492 5809 5498
f 5525 5513 5810
f 5811 5524 5525
f 5812 5513 5521
f 5813 5516 5519
f 5813 5521 5516
f 5814 5519 5526
f 5499 5815 5526
f 5524 5816 5539
f 5529 5817 5806
f 5489 5808 5807
f 5808 5487 5806
f 5498 5809 5803
f 5495 5805 5804
f 5805 5497 5803
f 5809 5492 5807
f 5526 5815 5814
f 5521 5813 5812
f 5813 5519 5814
f 5525 5810 5811
f 5539 5816 5818
f 5816 5524 5811
f 5810 5513 5812
f 5815 5499 5804
f 5818 5540 5539
f 5819 5817 5529
f 5542 5540 5820
f 5547 5542 5821
f 5547 5822 5548
f 5546 5549 5823
f 5824 5543 5546
f 5548 5825 5549
f 5543 5824 5544
f 5545 5544 5826
f 5536 5538 5827
f 5538 5545 5828
f 5829 5533 5534
f 5830 5530 5532
f 5831 5532 5533
f 5832 5534 5537
f 5537 5536 5833
f 5540 5834 5820
f 5547 5821 5822
f 5821 5542 5820
f 5549 5825 5823
f 5544 5824 5826
f 5824 5546 5823
f 5825 5548 5822
f 5538 5828 5827
f 5537 5833 5832
f 5833 5536 5827
f 5533 5829 5831
f 5530 5830 5819
f 5830 5532 5831
f 5829 5534 5832
f 5828 5545 5826
f 5819 5529 5530
f 5818 5834 5540
f 5835 5831 5829
f 5817 5819 5835
f 5830 5835 5819
f 5830 5831 5835
f 5828 5838 5827
f 5832 5835 5829
f 5838 5833 5827
f 5832 5833 5835
f 5833 5838 5835
f 5806 5836 5837
f 5836 5806 5817
f 5817 5835 5836
f 5837 5808 5806
f 5807 5837 5809
f 5809 5837 5803
f 5804 5805 5837
f 5803 5837 5805
f 5815 5804 5837
f 5808 5837 5807
f 5824 5838 5826
f 5828 5826 5838
f 5823 5838 5824
f 5823 5825 5838
f 5822 5821 5840
f 5840 5825 5822
f 5840 5820 5834
f 5820 5840 5821
f 5838 5825 5840
f 5839 5813 5814
f 5812 5813 5839
f 5839 5815 5837
f 5814 5815 5839
f 5839 5810 5812
f 5816 5811 5840
f 5816 5840 5818
f 5834 5818 5840
f 5811 5839 5840
f 5811 5810 5839
f 5841 5837 5836
f 5842 5837 5841
f 5841 5836 5843
f 5844 5843 5836
f 5839 5837 5389
f 5840 5839 5389
f 5399 5837 5842
f 5398 5837 5399
f 5837 5398 5404
f 5403 5837 5404
f 5393 5837 5394
f 5403 5394 5837
f 5389 5837 5393
f 5845 5840 5389
f 5845 5857 5840
f 5838 5840 5849
f 5835 5838 5852
f 5851 5838 5850
f 5850 5838 5853
f 5849 5853 5838
f 5847 5840 5856
f 5847 5849 5840
f 5840 5857 5846
f 5846 5848 5840
f 5840 5848 5856
f 5838 5858 5852
f 5854 5835 5852
f 5858 5838 5851
f 5855 5860 5835
f 5835 5859 5855
f 5859 5835 5854
f 5860 5844 5836
f 5836 5835 5860
f 5861 5485 5484
f 5482 5481 5862
f 5863 5481 5485
f 5864 5474 5477
f 5865 5479 5478
f 5866 5478 5474
f 5479 5867 5484
f 5507 5508 5868
f 5869 5506 5507
f 5870 5508 5504
f 5871 5503 5501
f 5871 5504 5503
f 5872 5501 5502
f 5482 5873 5502
f 5506 5874 5522
f 5477 5875 5864
f 5478 5866 5865
f 5866 5474 5864
f 5484 5867 5861
f 5481 5863 5862
f 5863 5485 5861
f 5867 5479 5865
f 5502 5873 5872
f 5504 5871 5870
f 5871 5501 5872
f 5507 5868 5869
f 5522 5874 5876
f 5874 5506 5869
f 5868 5508 5870
f 5873 5482 5862
f 5876 5509 5522
f 5877 5875 5477
f 5511 5509 5878
f 5523 5511 5879
f 5523 5880 5514
f 5517 5515 5881
f 5882 5518 5517
f 5514 5883 5515
f 5518 5882 5520
f 5500 5520 5884
f 5494 5493 5885
f 5493 5500 5886
f 5887 5490 5491
f 5888 5486 5488
f 5889 5488 5490
f 5890 5491 5496
f 5496 5494 5891
f 5509 5892 5878
f 5523 5879 5880
f 5879 5511 5878
f 5515 5883 5881
f 5520 5882 5884
f 5882 5517 5881
f 5883 5514 5880
f 5493 5886 5885
f 5496 5891 5890
f 5891 5494 5885
f 5490 5887 5889
f 5486 5888 5877
f 5888 5488 5889
f 5887 5491 5890
f 5886 5500 5884
f 5877 5477 5486
f 5876 5892 5509
f 5893 5889 5887
f 5875 5877 5893
f 5888 5893 5877
f 5888 5889 5893
f 5886 5896 5885
f 5890 5893 5887
f 5896 5891 5885
f 5891 5896 5890
f 5896 5893 5890
f 5893 5864 5875
f 5866 5893 5894
f 5866 5864 5893
f 5865 5894 5867
f 5894 5895 5861
f 5867 5894 5861
f 5861 5895 5863
f 5873 5862 5895
f 5863 5895 5862
f 5866 5894 5865
f 5882 5896 5884
f 5886 5884 5896
f 5881 5896 5882
f 5881 5883 5898
f 5880 5879 5898
f 5898 5883 5880
f 5878 5898 5879
f 5898 5878 5892
f 5876 5898 5892
f 5896 5881 5898
f 5895 5871 5872
f 5897 5870 5871
f 5872 5873 5895
f 5895 5897 5871
f 5897 5868 5870
f 5874 5869 5898
f 5874 5898 5876
f 5869 5897 5898
f 5869 5868 5897
f 5413 5894 5893
f 5413 5895 5894
f 5396 5897 5895
f 5395 5898 5897
f 5396 5895 5413
f 5897 5396 5395
f 5390 5896 5898
f 5397 5893 5896
f 5898 5395 5392
f 5898 5392 5390
f 5391 5896 5390
f 5893 5407 5410
f 5893 5412 5414
f 5412 5893 5410
f 5407 5893 5397
f 5397 5896 5391
f 5414 5413 5893
f 5907 5317 5899
f 5899 5317 5297
f 5907 5899 5900
f 5386 5901 5384
f 5317 5907 5310
f 5313 5310 5907
f 5902 5903 5913
f 5904 5905 5913
f 5906 5913 5905
f 5903 5904 5913
f 5908 5907 5913
f 5907 5902 5913
f 5902 5907 5900
f 5907 5307 5909
f 5909 5313 5907
f 5307 5313 5909
f 5908 5910 5907
f 5388 5341 5911
f 5307 5910 5346
f 5908 5346 5910
f 5307 5907 5910
f 5911 5386 5388
f 5913 5906 5912
f 5913 5912 5914
f 5913 5915 5916
f 5917 5913 5914
f 5913 5917 5915
f 5901 5911 5918
f 5919 5918 5911
f 5908 5916 5346
f 5908 5913 5916
f 5916 5915 5347
f 5346 5916 5347
f 5915 5348 5347
f 5917 5919 5348
f 5348 5915 5917
f 5348 5919 5911
f 5348 5911 5341
f 5917 5918 5919
f 5911 5901 5386
f 5918 5857 5901
f 5918 5846 5857
f 5845 5389 5901
f 5842 5841 5791
f 5399 5842 5790
f 5856 5848 5918
f 5920 5918 5847
f 5855 5859 5794
f 5860 5855 5793
f 5921 5856 5918
f 5844 5860 5792
f 5400 5399 5790
f 5791 5843 5801
f 5791 5790 5842
f 5843 5844 5801
f 5843 5791 5841
f 5408 5923 5406
f 5406 5923 5922
f 5922 5923 5789
f 5801 5844 5792
f 5793 5855 5794
f 5860 5793 5792
f 5922 5802 5931
f 5802 5922 5789
f 5918 5849 5847
f 5914 5849 5917
f 5800 5852 5858
f 5797 5854 5852
f 5795 5858 5851
f 5849 5914 5912
f 5854 5794 5859
f 5912 5906 5853
f 5925 5906 5905
f 5798 5853 5906
f 5850 5853 5798
f 5904 5926 5905
f 5927 5904 5903
f 5903 5902 5928
f 5929 5902 5900
f 5930 5900 5899
f 5851 5850 5796
f 5853 5849 5912
f 5899 5297 5302
f 5794 5854 5797
f 5800 5858 5795
f 5852 5800 5797
f 5931 5932 5799
f 5846 5918 5848
f 5799 5938 5931
f 5918 5920 5921
f 5799 5933 5938
f 5796 5850 5798
f 5799 5798 5933
f 5798 5906 5933
f 5925 5933 5906
f 5796 5795 5851
f 5926 5925 5905
f 5924 5932 5931
f 5903 5928 5927
f 5929 5928 5902
f 5927 5926 5904
f 5930 5929 5900
f 5930 5899 5302
f 5931 5802 5924
f 5849 5918 5917
f 5845 5901 5857
f 5929 5930 5935
f 5302 5328 5930
f 5337 5331 5368
f 5927 5928 5934
f 5925 5926 5934
f 5927 5934 5926
f 5357 5934 5368
f 5929 5935 5928
f 5695 5693 5922
f 5368 5935 5337
f 5334 5337 5935
f 5930 5328 5935
f 5935 5328 5334
f 5691 5922 5693
f 5934 5357 5370
f 5928 5935 5934
f 5370 5933 5934
f 5933 5370 5936
f 5934 5935 5368
f 5933 5925 5934
f 5370 5371 5937
f 5371 5940 5939
f 5371 5939 5937
f 5936 5937 5938
f 5933 5936 5938
f 5937 5939 5941
f 5941 5938 5937
f 5931 5938 5941
f 5940 5942 5931
f 5940 5931 5939
f 5942 5922 5931
f 5922 5942 5695
f 5940 5371 5942
f 5931 5941 5939
f 5937 5936 5370
f 5691 5406 5922
f 5943 5944 5945
f 5946 5945 5944
f 5947 5948 5949
f 5950 5949 5948
f 5951 5952 5953
f 5953 5954 5951
f 5989 6012 5955
f 5955 5956 5989
f 5945 5946 5957
f 5958 5957 5989
f 5958 5989 5956
f 5959 5958 5956
f 5960 5961 5956
f 5959 5956 5961
f 5956 5955 5960
f 5957 5958 5945
f 5945 5958 5962
f 5963 5964 5949
f 5963 5965 5943
f 5966 5949 5967
f 5949 5965 5963
f 5967 5949 5964
f 5963 5943 5962
f 5943 5945 5962
f 5968 5969 5955
f 5970 5955 5971
f 5970 5968 5955
f 5951 5972 5970
f 5971 5951 5970
f 5972 5951 5954
f 5973 5974 5947
f 5975 5973 5947
f 5975 5947 5966
f 5947 5974 5977
f 5966 5947 5949
f 5976 5977 5954
f 5954 5977 5974
f 5974 5972 5954
f 5969 5960 5955
f 5954 5953 6040
f 5976 5954 6040
f 5978 5977 5976
f 5948 5947 5977
f 5977 6044 5980
f 5980 5979 5977
f 5979 5948 5977
f 5943 6020 5944
f 5965 5981 6020
f 5965 6020 5943
f 5982 5981 5965
f 6017 5982 5965
f 5965 5983 6017
f 5950 5983 5965
f 5950 5965 5949
f 5951 5984 5952
f 5971 5984 5951
f 6011 5971 5987
f 5971 6011 5986
f 6012 5987 5971
f 6012 5971 5955
f 5985 5971 5986
f 5957 5946 5988
f 5988 5946 5999
f 5990 5989 5957
f 5322 5992 5991
f 5992 5316 5993
f 5992 5989 5990
f 5994 5989 5992
f 5994 5992 5995
f 5992 5993 5995
f 5992 5990 5991
f 5298 5300 5997
f 5997 5996 5298
f 5996 5997 5998
f 5300 5301 5997
f 5301 6001 5997
f 5998 5997 6000
f 5946 6000 5997
f 5997 5988 5999
f 5999 5946 5997
f 5988 5997 6001
f 6002 6003 5301
f 6003 6001 5301
f 5991 6002 5322
f 5322 6002 5304
f 6003 6002 5990
f 5988 6003 5957
f 6003 5988 6001
f 5990 5957 6003
f 5990 6002 5991
f 5316 5315 6004
f 5316 6004 5993
f 6012 5989 5994
f 6005 6006 5995
f 5995 5993 6005
f 5994 5995 6006
f 6006 6012 5994
f 6005 5993 6004
f 6007 5299 5298
f 5298 5996 6007
f 5946 5944 6000
f 5996 5998 6008
f 5998 6009 6008
f 6009 5998 6000
f 6009 6000 5944
f 5996 6008 6007
f 6004 5315 6010
f 6011 6010 5318
f 6010 6006 6005
f 6010 6011 6012
f 6010 6005 6004
f 6010 6012 6006
f 5318 5320 6011
f 6011 5320 5665
f 5665 6021 6011
f 6011 5987 6012
f 6011 6021 6013
f 6014 5305 5306
f 5306 6015 6014
f 6015 5306 6016
f 6015 6018 5982
f 6015 5982 6017
f 5303 6018 6016
f 6019 6018 5303
f 6015 6016 6018
f 5303 5299 6007
f 6007 6019 5303
f 6020 6019 6007
f 6018 6019 5981
f 6018 5981 5982
f 6008 6020 6007
f 6020 6008 6009
f 6020 6009 5944
f 6020 5981 6019
f 6022 5984 5668
f 6021 5665 5666
f 6021 5666 6026
f 5952 5984 6023
f 6024 6023 5984
f 6021 5986 6013
f 6021 6025 5986
f 5986 6011 6013
f 6025 6021 6026
f 5984 6022 6024
f 5380 6026 5667
f 6026 5380 5984
f 6025 5984 5985
f 6025 5985 5986
f 5984 5971 5985
f 5984 6025 6026
f 5666 5667 6026
f 6017 6028 6015
f 6015 6028 6014
f 5305 6014 6029
f 6014 6028 6029
f 6017 6027 6028
f 6027 6017 5983
f 5950 6027 5983
f 6029 6028 6027
f 6029 6031 5338
f 6031 6029 6027
f 6027 6030 6031
f 6022 5668 5669
f 5669 6032 6022
f 5953 5952 6033
f 6032 6034 6024
f 6034 6023 6024
f 6023 6034 6033
f 6023 6033 5952
f 6032 6024 6022
f 5948 6035 5950
f 6027 5950 6035
f 6030 6027 6035
f 6035 6036 6030
f 6036 6037 6031
f 6037 5338 6031
f 5338 6037 5333
f 6036 6031 6030
f 5669 6038 6032
f 6032 6038 6034
f 6034 6040 6033
f 6034 6038 6040
f 6033 6040 5953
f 6039 6040 6038
f 5976 6040 6039
f 5978 5976 6039
f 6039 6038 6043
f 6041 6043 6042
f 6039 6043 5978
f 6043 5977 5978
f 5977 6043 6041
f 5977 6041 6044
f 6041 6042 6044
f 6042 6045 6044
f 6035 6046 6036
f 6046 6035 5948
f 6046 5948 5980
f 6036 6046 6037
f 5333 6037 6046
f 6046 5980 5327
f 5327 5980 5324
f 5980 5325 5324
f 5325 5980 6045
f 5980 6044 6045
f 5948 5979 5980
f 5744 5746 5973
f 5746 5745 5974
f 5743 5744 5975
f 5741 6819 5966
f 5741 5967 5731
f 6819 5743 5966
f 5731 5964 5740
f 5745 5972 5974
f 5744 5973 5975
f 5973 5746 5974
f 5741 5966 5967
f 5740 5964 5963
f 5964 5731 5967
f 5966 5743 5975
f 5963 5739 5740
f 5970 5972 5745
f 5736 5737 5959
f 5742 5739 5958
f 5959 5737 5742
f 5747 5734 5960
f 5748 5747 5969
f 5734 5736 5961
f 5968 5749 5748
f 5739 5962 5958
f 5736 5959 5961
f 5959 5742 5958
f 5747 5960 5969
f 5749 5968 5970
f 5968 5748 5969
f 5960 5734 5961
f 5970 5745 5749
f 5963 5962 5739
f 6050 6047 6048
f 6047 6051 6049
f 6051 6047 6050
f 6048 6052 6050
f 6050 6052 6053
f 6052 6048 6054
f 6051 6050 6053
f 6048 6055 6054
f 6054 6056 6052
f 6055 6048 6057
f 6047 6057 6048
f 6049 6051 6058
f 6047 6049 6059
f 6067 6065 6064
f 6064 6066 6067
f 6067 6066 6068
f 6068 6069 6055
f 6071 6070 6076
f 6072 6073 6074
f 6075 6076 6077
f 6070 6077 6076
f 6075 6074 6073
f 6072 6055 6069
f 6067 6057 6078
f 6078 6080 6079
f 6057 6080 6078
f 6081 6082 6083
f 6047 6081 6083
f 6057 6047 6083
f 6059 6081 6047
f 6080 6057 6083
f 6055 6072 6054
f 6084 6056 6054
f 6072 6085 6119
f 6052 6056 6086
f 6057 6068 6055
f 6057 6067 6068
f 6054 6072 6119
f 6077 6087 6088
f 6672 6077 6088
f 6075 6077 6672
f 6089 6090 6687
f 6072 6074 6085
f 6091 6085 6093
f 6090 6092 6687
f 6093 6092 6099
f 6672 6074 6075
f 6099 6092 6090
f 6093 6099 6094
f 6091 6093 6094
f 6095 6119 6085
f 6096 6097 6098
f 6091 6095 6085
f 6100 6101 6099
f 6102 6100 6099
f 6094 6099 6101
f 6101 6100 6103
f 6097 6104 6095
f 6106 6105 6107
f 6108 6106 6053
f 6107 6053 6106
f 6051 6107 6058
f 6051 6053 6107
f 6110 6056 6111
f 6052 6086 6108
f 6084 6111 6056
f 6108 6086 6113
f 6054 6119 6084
f 6661 6113 6086
f 6112 6111 6114
f 6110 6111 6112
f 6661 6115 6113
f 6113 6115 6858
f 6118 6116 6111
f 6114 6111 6116
f 6111 6854 6117
f 6855 6854 6111
f 6111 6117 6118
f 6110 6086 6056
f 6098 6120 6121
f 6104 6119 6095
f 6766 6104 6097
f 6122 6096 6121
f 6123 6132 6122
f 6124 6097 6096
f 6766 6124 6126
f 6124 6766 6097
f 6129 6128 6061
f 6130 6127 6061
f 6130 6120 6127
f 6061 6128 6130
f 6128 6861 6130
f 6098 6127 6120
f 6062 6061 6127
f 6131 6682 6125
f 6682 6862 6681
f 6125 6126 6124
f 6123 6133 6132
f 6121 6096 6098
f 6132 6133 6134
f 6096 6122 6132
f 6126 6125 6682
f 6108 6053 6052
f 6136 6777 6813
f 6135 6136 6813
f 6813 6777 6811
f 6139 6140 6137
f 6142 6141 6140
f 6142 6140 6138
f 6142 6144 6143
f 6137 6140 6146
f 6146 6140 6141
f 6147 6142 6148
f 6149 6146 6141
f 6142 6147 6141
f 6146 6145 6137
f 6154 6150 6152
f 6150 6151 6152
f 6156 6183 6155
f 6155 6183 6154
f 6157 6150 6154
f 6183 6160 6158
f 6183 6161 6160
f 6158 6154 6183
f 6166 6162 6164
f 6162 6163 6164
f 6194 6167 6168
f 6167 6194 6166
f 6169 6162 6166
f 6171 6166 6170
f 6194 6172 6170
f 6194 6173 6172
f 6170 6166 6194
f 6143 6175 6142
f 6174 6175 6142
f 6142 6175 6144
f 6175 6143 6144
f 6142 6138 6174
f 6138 6176 6174
f 6176 6138 6177
f 6140 6177 6138
f 6140 6179 6177
f 6140 6139 6179
f 6139 6178 6179
f 6139 6137 6178
f 6180 6145 6146
f 6180 6137 6145
f 6146 6216 6180
f 6146 6149 6181
f 6181 6216 6146
f 6181 6149 6141
f 6148 6142 6182
f 6141 6147 6182
f 6182 6147 6148
f 6142 6175 6182
f 6184 6223 6155
f 6183 6156 6223
f 6223 6156 6155
f 6155 6152 6184
f 6152 6155 6154
f 6151 6185 6152
f 6150 6185 6151
f 6150 6187 6185
f 6187 6150 6153
f 6153 6186 6187
f 6153 6150 6186
f 6157 6188 6150
f 6189 6188 6157
f 6154 6189 6157
f 6154 6158 6189
f 6159 6158 6190
f 6159 6189 6158
f 6189 6159 6190
f 6190 6158 6191
f 6160 6191 6158
f 6160 6161 6191
f 6192 6161 6183
f 6192 6193 6161
f 6191 6161 6193
f 6195 6227 6167
f 6194 6168 6227
f 6227 6168 6167
f 6167 6164 6195
f 6164 6167 6166
f 6163 6212 6164
f 6212 6163 6196
f 6162 6196 6163
f 6162 6213 6196
f 6213 6162 6165
f 6165 6197 6213
f 6165 6162 6197
f 6169 6198 6162
f 6199 6200 6169
f 6198 6169 6200
f 6166 6199 6169
f 6166 6171 6199
f 6170 6199 6171
f 6199 6170 6201
f 6172 6202 6170
f 6172 6173 6202
f 6203 6173 6194
f 6202 6173 6203
f 6218 6181 6141
f 6182 6175 6204
f 6181 6218 6216
f 6182 6218 6141
f 6204 6174 6176
f 6204 6175 6174
f 6217 6178 6137
f 6205 6176 6177
f 6177 6179 6217
f 6179 6178 6217
f 6215 6137 6180
f 6217 6137 6215
f 6190 6191 6193
f 6223 6184 6152
f 6192 6183 6222
f 6183 6223 6222
f 6190 6193 6220
f 6222 6193 6192
f 6223 6152 6206
f 6152 6185 6206
f 6221 6186 6150
f 6221 6150 6188
f 6185 6187 6207
f 6187 6186 6207
f 6221 6207 6186
f 6255 6189 6220
f 6188 6189 6255
f 6189 6190 6220
f 6208 6170 6202
f 6228 6195 6164
f 6203 6194 6227
f 6211 6201 6170
f 6170 6208 6211
f 6203 6209 6202
f 6208 6202 6209
f 6228 6164 6210
f 6195 6228 6227
f 6164 6212 6210
f 6225 6197 6162
f 6225 6162 6198
f 6196 6213 6212
f 6213 6225 6278
f 6213 6197 6225
f 6211 6199 6201
f 6200 6199 6214
f 6200 6225 6198
f 6199 6211 6214
f 6204 6219 6182
f 6188 6255 6221
f 6214 6211 6208
f 6200 6214 6224
f 6200 6224 6225
f 6203 6227 6226
f 6213 6210 6212
f 6230 6229 6232
f 6230 6231 6235
f 6231 6230 6232
f 6231 6234 6233
f 6230 6235 6373
f 6233 6235 6231
f 6234 6367 6233
f 6233 6363 6235
f 6236 6373 6235
f 6246 6180 6216
f 6180 6238 6215
f 6217 6215 6237
f 6177 6217 6241
f 6246 6238 6180
f 6238 6237 6215
f 6240 6239 6217
f 6241 6205 6177
f 6239 6241 6217
f 6237 6240 6217
f 6243 6176 6205
f 6176 6243 6204
f 6219 6204 6244
f 6182 6245 6218
f 6244 6182 6219
f 6243 6244 6204
f 6245 6246 6218
f 6244 6245 6182
f 6242 6243 6205
f 6218 6246 6216
f 6237 6238 6246
f 6241 6239 6240
f 6247 6242 6241
f 6240 6247 6241
f 6242 6205 6241
f 6243 6242 6248
f 6244 6249 6245
f 6243 6251 6244
f 6251 6249 6244
f 6245 6252 6246
f 6250 6245 6249
f 6252 6245 6250
f 6221 6255 6254
f 6256 6207 6221
f 6185 6207 6257
f 6253 6255 6220
f 6257 6258 6185
f 6263 6207 6256
f 6254 6256 6221
f 6185 6258 6206
f 6222 6223 6259
f 6206 6258 6223
f 6261 6193 6222
f 6259 6260 6222
f 6258 6259 6223
f 6262 6220 6193
f 6261 6262 6193
f 6260 6261 6222
f 6253 6382 6254
f 6254 6255 6253
f 6254 6263 6256
f 6257 6207 6263
f 6257 6264 6265
f 6258 6257 6265
f 6258 6264 6259
f 6261 6260 6259
f 6259 6262 6261
f 6253 6262 6379
f 6264 6258 6265
f 6253 6220 6262
f 6266 6214 6208
f 6214 6266 6224
f 6225 6270 6278
f 6224 6267 6225
f 7130 6224 6266
f 6269 6268 6225
f 6278 6272 6213
f 6268 6270 6225
f 6267 6269 6225
f 6213 6272 6210
f 6272 6228 6210
f 6227 6228 6274
f 6226 6227 6275
f 6203 6273 6209
f 6275 6203 6226
f 6208 6209 6273
f 6274 6275 6227
f 6272 6274 6228
f 6275 6273 6203
f 6266 6273 6276
f 6270 6268 6269
f 6269 6267 6224
f 6224 7130 6269
f 6278 6270 6277
f 6269 6277 6270
f 7130 6266 6276
f 6271 6272 6278
f 6272 6279 6274
f 6275 6280 6273
f 6274 6279 6275
f 6279 6280 6275
f 6385 6281 6273
f 6273 6280 6385
f 6279 6272 6389
f 6272 6271 6389
f 6266 6208 6273
f 6282 6284 6283
f 6283 6284 6285
f 6286 6289 6287
f 6287 6289 6288
f 6290 6293 6291
f 6291 6293 6292
f 6294 6297 6295
f 6295 6297 6296
f 6298 6301 6299
f 6299 6301 6300
f 6302 6303 6304
f 6306 6307 6305
f 6437 6308 6310
f 6311 6312 6313
f 6314 6311 6313
f 6317 6318 6315
f 6321 6322 6319
f 6323 6324 6325
f 6327 6326 6465
f 6328 6330 6329
f 6332 6333 6331
f 6331 6480 6332
f 6335 6336 6334
f 6498 6338 6496
f 6337 6496 6338
f 6341 6340 6339
f 6344 6342 6343
f 6346 6345 6511
f 6347 6345 6346
f 6349 6348 6350
f 6351 6349 6350
f 6352 6353 6524
f 6525 6353 6352
f 6525 6527 6353
f 6534 6354 6356
f 6545 6357 6358
f 6357 6540 6358
f 6548 6360 6359
f 6362 6556 6361
f 6364 6363 6233
f 6366 6365 6367
f 6365 6364 6233
f 6232 6369 6368
f 6367 6365 6233
f 6368 6231 6232
f 6375 6236 6235
f 6371 6375 6235
f 6229 6370 6232
f 6373 6372 6230
f 6374 6373 6236
f 6235 6363 6371
f 6252 6376 6246
f 6249 6376 6250
f 6376 6252 6250
f 6249 6251 6376
f 6243 6248 6251
f 6248 6377 6251
f 6378 6246 6376
f 6237 6246 6378
f 6253 6379 6382
f 6262 6380 6381
f 6262 6381 6379
f 6259 6380 6262
f 6263 6383 6257
f 6264 6257 6383
f 6386 6385 6279
f 6273 6281 6276
f 6280 6279 6385
f 6279 6387 6386
f 6388 6276 6384
f 6278 6389 6271
f 6389 6278 6277
f 7130 6276 6388
f 6279 6389 6387
f 6390 6391 6285
f 6284 6282 6390
f 6285 6284 6390
f 6390 6282 6392
f 6391 6393 6283
f 6393 6392 6282
f 6393 6282 6283
f 6391 6283 6285
f 6394 6395 6289
f 6396 6397 6289
f 6395 6396 6289
f 6289 6286 6394
f 6289 6397 6288
f 6394 6286 6398
f 6399 6398 6286
f 6397 6399 6286
f 6397 6286 6287
f 6397 6287 6288
f 6404 6400 6293
f 6400 6401 6293
f 6402 6403 6293
f 6401 6402 6293
f 6293 6403 6292
f 6403 6405 6290
f 6405 6404 6290
f 6403 6290 6291
f 6404 6293 6290
f 6403 6291 6292
f 6406 6407 6297
f 6407 6408 6296
f 6297 6294 6406
f 6297 6407 6296
f 6406 6294 6409
f 6408 6410 6294
f 6410 6409 6294
f 6408 6294 6295
f 6408 6295 6296
f 6411 6412 6301
f 6412 6413 6301
f 6301 6298 6411
f 6301 6413 6300
f 6411 6298 6414
f 6413 6415 6299
f 6415 6414 6298
f 6415 6298 6299
f 6413 6299 6300
f 6416 6303 6302
f 6303 6416 6417
f 6303 6417 6419
f 6418 6304 6303
f 6420 6416 6302
f 6422 6304 6421
f 6423 6302 6304
f 6421 6304 6424
f 6422 6423 6304
f 6302 6423 6420
f 6418 6424 6304
f 6305 6426 6306
f 6425 6305 6427
f 6425 6426 6305
f 6307 6430 6305
f 6305 6428 6429
f 6305 6430 6428
f 6429 6427 6305
f 6431 6308 6309
f 6308 6433 6310
f 6431 6432 6308
f 6309 6308 6435
f 6432 6433 6308
f 6434 6310 6433
f 6310 6438 6437
f 6308 6437 6435
f 6310 6436 6438
f 6437 6438 6439
f 6311 6440 6312
f 6442 6313 6312
f 6441 6313 6442
f 6313 6444 6445
f 6314 6446 6311
f 6313 6445 6314
f 6311 6446 6443
f 6441 6444 6313
f 6316 6447 6315
f 6448 6318 6317
f 6449 6316 6315
f 6318 6450 6315
f 6315 6450 6449
f 6451 6319 6320
f 6319 6453 6321
f 6451 6452 6319
f 6320 6319 6454
f 6452 6453 6319
f 6322 6457 6319
f 6457 6322 6455
f 6319 6456 6454
f 6319 6457 6456
f 6324 6460 6325
f 6324 6458 6460
f 6324 6461 6458
f 6325 6460 6459
f 6461 6324 6323
f 6325 6463 6323
f 6325 6462 6463
f 6461 6323 6464
f 6323 6463 6464
f 6467 6327 6465
f 6327 6468 6469
f 6470 6326 6327
f 6470 6327 6472
f 6471 6326 6470
f 6466 6465 6326
f 6469 6472 6327
f 6328 6473 6475
f 6328 6475 6476
f 6328 6476 6330
f 6477 6329 6330
f 6328 6474 6473
f 6328 6329 6478
f 6478 6329 6477
f 6479 6328 6478
f 6479 6474 6328
f 6332 6480 6481
f 6483 6482 6332
f 6481 6483 6332
f 6482 6333 6332
f 6331 6333 6485
f 6486 6484 6331
f 6485 6486 6331
f 6333 6482 6485
f 6492 6335 6334
f 6335 6489 6490
f 6488 6335 6492
f 6491 6335 6488
f 6491 6489 6335
f 6336 6493 6494
f 6494 6492 6336
f 6490 6493 6336
f 6492 6334 6336
f 6335 6490 6336
f 6497 6496 6337
f 6338 6495 6337
f 6338 6498 6499
f 6501 6338 6500
f 6500 6338 6499
f 6501 6495 6338
f 6339 6340 6503
f 6341 6339 6502
f 6502 6339 6503
f 6340 6504 6503
f 6340 6341 6504
f 6504 6341 6505
f 6343 6342 6506
f 6342 6509 6506
f 6508 6343 6507
f 6506 6507 6343
f 6344 6510 6342
f 6509 6342 6510
f 6508 6344 6343
f 6347 6346 6513
f 6346 6511 6512
f 6512 6513 6346
f 6345 6517 6511
f 6345 6347 6515
f 6514 6515 6347
f 6517 6345 6516
f 6513 6514 6347
f 6348 6518 6350
f 6520 6350 6519
f 6520 6351 6350
f 6349 6351 6520
f 6521 6349 6520
f 6523 6522 6349
f 6349 6521 6523
f 6348 6349 6522
f 6352 6524 6525
f 6353 6526 6524
f 6531 6532 6353
f 6353 6528 6530
f 6528 6353 6527
f 6353 6532 6529
f 6353 6530 6531
f 6529 6526 6353
f 6356 6354 6536
f 6536 6354 6533
f 6536 6534 6356
f 6354 6535 6533
f 6538 6354 6534
f 6539 6354 6355
f 6354 6538 6537
f 6354 6539 6535
f 6355 6354 6537
f 6543 6540 6357
f 6357 6542 6541
f 6357 6541 6543
f 6545 6358 6544
f 6545 6542 6357
f 6546 6360 6548
f 6359 6360 6547
f 6549 6360 6550
f 6549 6552 6360
f 6360 6552 6551
f 6547 6360 6553
f 6546 6550 6360
f 6361 6555 6554
f 6361 6556 6557
f 6361 6559 6558
f 6560 6361 6557
f 6361 6560 6559
f 6361 6558 6555
f 6565 6562 6561
f 6564 6565 6561
f 6566 6565 6564
f 6564 6561 6563
f 6063 6567 6568
f 6567 6063 6569
f 6572 6570 6571
f 6571 6574 6575
f 6571 6575 6573
f 6577 6578 6580
f 6579 6577 6580
f 6581 6579 6580
f 6584 6586 6582
f 6588 6585 6586
f 6755 6588 6589
f 6588 6755 6587
f 6589 6591 6755
f 6599 6750 6598
f 6736 6607 6605
f 6610 6608 6606
f 6736 6605 6604
f 6750 6601 6600
f 6593 6594 6592
f 6594 6595 6596
f 6595 6744 6597
f 6602 6601 6603
f 6607 6610 6606
f 6609 6610 6611
f 6614 6616 6613
f 6625 6624 6723
f 6590 6591 6630
f 6629 6630 6628
f 6752 6627 6751
f 6723 6623 6621
f 6622 6617 6615
f 6620 6618 6622
f 6614 6615 6616
f 6627 6752 6628
f 6630 6629 6590
f 6751 6626 6625
f 6612 6611 6631
f 6633 6632 6634
f 6592 6632 6593
f 6592 6634 6632
f 6633 6634 6635
f 6636 6635 6634
f 6572 6638 6637
f 6639 6564 6640
f 6564 6563 6641
f 6564 6641 6640
f 6642 6641 6563
f 6563 6561 6642
f 6561 6562 6643
f 6562 6565 6643
f 6565 6566 6564
f 6644 6565 6564
f 6564 6639 6644
f 6853 6645 6647
f 6851 6647 6645
f 6645 6646 6648
f 6851 6645 6648
f 6650 6651 6649
f 6856 6649 6651
f 6652 6650 6649
f 6653 4086 6654
f 6653 4085 4086
f 4076 4305 4052
f 6654 4076 6653
f 4076 4082 6653
f 3932 4086 6655
f 6654 4314 3933
f 3932 6654 4086
f 4305 6654 3933
f 4076 6654 4305
f 4052 6656 4076
f 4052 4305 3963
f 6657 4052 3971
f 3963 3971 4052
f 3971 3966 6658
f 3963 3944 3958
f 3944 4305 3942
f 3944 3963 4305
f 3963 3966 3971
f 6660 6659 6110
f 6660 6112 6114
f 6660 6114 6116
f 6112 6660 6110
f 6086 6659 6660
f 6086 6660 6661
f 6660 6116 6704
f 6664 6663 6662
f 6082 6662 6083
f 6663 6080 6083
f 6662 6663 6083
f 6666 6663 6664
f 6666 6664 6665
f 6667 6666 6107
f 6109 6058 6665
f 6058 6666 6665
f 6107 6666 6058
f 6075 6073 6668
f 6668 6076 6075
f 6669 6668 6072
f 6668 6073 6072
f 6669 6072 6069
f 6669 6068 6066
f 6068 6669 6069
f 6670 6092 6093
f 6085 6671 6093
f 6671 6670 6093
f 6672 6085 6074
f 6671 6085 6672
f 6569 6063 6061
f 6060 6063 6568
f 6062 6569 6061
f 6567 6060 6568
f 6569 6062 6127
f 6567 6569 6097
f 6091 6567 6095
f 6567 6091 6094
f 6569 6098 6097
f 6097 6095 6567
f 6127 6098 6569
f 6567 6094 6060
f 6061 6673 6674
f 6061 6676 6675
f 6061 6675 6673
f 6061 6063 6676
f 6063 6060 6676
f 6094 6676 6060
f 6676 6101 6103
f 6101 6676 6094
f 6677 6124 6096
f 6132 6677 6096
f 6125 6680 6679
f 6125 6679 6678
f 6680 6125 6124
f 6124 6677 6680
f 6131 6125 6678
f 6681 6651 6682
f 6682 6651 6650
f 6854 6648 6646
f 6117 6854 6646
f 6682 6131 6683
f 6679 6680 6677
f 6678 6679 6677
f 6684 6131 6677
f 6888 6131 6684
f 6862 6683 6131
f 6888 6862 6131
f 6677 6131 6678
f 6684 6677 6132
f 6134 6133 6684
f 6132 6134 6684
f 6674 6129 6061
f 6129 6674 6128
f 6685 6674 6676
f 6685 6686 6674
f 6673 6676 6674
f 6673 6675 6676
f 6128 6674 6686
f 6100 6686 6685
f 6685 6676 6100
f 6103 6100 6676
f 6689 6688 6687
f 6687 6092 6689
f 6689 6092 6670
f 6672 6690 6689
f 6692 6691 6690
f 6688 6689 6690
f 6692 6690 6672
f 6672 6670 6671
f 6670 6672 6689
f 6087 6692 6088
f 6692 6672 6088
f 6071 6076 6668
f 6668 6693 6070
f 6070 6693 6694
f 6668 6070 6071
f 6696 6668 6695
f 6668 6696 6694
f 6694 6693 6668
f 6697 6696 6695
f 6695 6668 6669
f 6697 6695 6066
f 6066 6064 6697
f 6695 6669 6066
f 6663 6079 6080
f 6078 6079 6698
f 6079 6663 6698
f 6663 6699 6698
f 6699 6663 6701
f 6666 6667 6663
f 6667 6105 6663
f 6663 6105 6700
f 6663 6700 6701
f 6105 6106 6700
f 6107 6105 6667
f 6661 6702 6115
f 6116 6118 6704
f 6118 6703 6704
f 6702 6661 6705
f 6661 6660 6704
f 6705 6661 6704
f 6703 6705 6704
f 6706 6707 6622
f 6706 6622 6615
f 6615 6708 6706
f 6708 6615 6709
f 6710 6711 6620
f 6710 6620 6622
f 6712 6622 6707
f 6622 6712 6710
f 6713 6714 6614
f 6713 6614 6631
f 6713 6631 6715
f 6715 6631 6611
f 6716 6709 6615
f 6716 6615 6614
f 6614 6717 6716
f 6717 6614 6714
f 6718 6719 6621
f 6621 6719 6723
f 6718 6621 6619
f 6720 6619 6721
f 6619 6720 6718
f 6722 6723 6719
f 6625 6723 6724
f 6721 6619 6620
f 6725 6625 6724
f 6726 6625 6725
f 6721 6620 6711
f 6625 6727 6751
f 6727 6625 6726
f 6751 6727 6728
f 6729 6610 6730
f 6610 6729 6611
f 6610 6731 6730
f 6731 6610 6732
f 6732 6610 6733
f 6733 6610 6607
f 6607 6735 6733
f 6736 6604 6738
f 6738 6604 6739
f 6603 6739 6604
f 6641 6740 6635
f 6603 6741 6739
f 6603 6742 6741
f 6603 6601 6746
f 6746 6601 6747
f 6603 6746 6742
f 6599 6748 6749
f 6749 6750 6599
f 6586 6581 6582
f 6580 6583 6582
f 6751 7082 6752
f 6579 6586 6585
f 6582 6581 6580
f 6579 6585 6577
f 6586 6579 6581
f 6565 6577 6588
f 6565 6644 6577
f 6644 6639 6577
f 6588 6587 6565
f 6577 6585 6588
f 6752 6753 6628
f 6629 6754 6590
f 6734 6590 6754
f 6590 6734 6756
f 6755 6643 6587
f 6565 6587 6643
f 6643 6755 6756
f 6756 6755 6591
f 6591 6590 6756
f 6574 6572 6575
f 6571 6573 6575
f 6639 6576 6577
f 6640 6636 6576
f 6636 6574 6576
f 6574 6636 6638
f 6574 6638 6572
f 6575 6572 6571
f 6745 6744 6757
f 6757 6595 6758
f 6757 6744 6595
f 6595 6759 6758
f 6640 6576 6639
f 6641 6635 6640
f 6640 6635 6636
f 6740 6641 6633
f 6633 6641 6760
f 6632 6633 6760
f 6761 6594 6762
f 6594 6761 6763
f 6759 6594 6763
f 6595 6594 6759
f 6593 6632 6760
f 6737 6593 6760
f 6762 6594 6764
f 6764 6593 6737
f 6593 6764 6594
f 6126 6682 6765
f 6766 6126 6765
f 6766 6119 6104
f 6111 6865 6863
f 6111 6084 6865
f 6119 6865 6084
f 6766 6865 6119
f 5619 5650 5626
f 5616 5617 5619
f 5623 5622 5617
f 5650 5625 5624
f 5618 5626 5650
f 5620 5619 5626
f 6768 5617 5616
f 5619 5620 5616
f 6768 5623 5617
f 6769 5622 6770
f 5622 5621 6770
f 5622 5623 5621
f 5624 5618 5650
f 5622 6769 3966
f 5617 5622 3958
f 6769 6770 3971
f 6770 5621 3971
f 6768 5616 4052
f 5623 6768 4052
f 5621 5623 6657
f 3958 3944 5617
f 3944 3942 5617
f 6658 6769 3971
f 6769 6658 3966
f 3963 5622 3966
f 3958 5622 3963
f 6657 3971 5621
f 6657 5623 4052
f 5634 5620 6772
f 6772 5620 5626
f 5634 4076 5620
f 4052 5616 6656
f 4076 6656 5616
f 5634 6771 4076
f 5620 4076 5616
f 5618 5649 5647
f 5649 5618 5624
f 6771 4082 4076
f 5651 5654 4082
f 5626 5647 6772
f 6771 5651 4082
f 5647 5626 5618
f 6773 5650 5619
f 4305 5655 5619
f 6773 5619 5655
f 4305 5657 5655
f 5617 4305 5619
f 5654 5662 4085
f 6653 4082 5654
f 4086 4085 5662
f 6655 4086 5662
f 6653 5654 4085
f 5662 3932 6655
f 6654 3932 5653
f 5653 3932 5662
f 4314 6654 5653
f 3933 4314 5653
f 3933 5657 4305
f 5653 5657 3933
f 5617 3942 4305
f 6774 6775 6136
f 6775 6774 6776
f 6776 6791 6841
f 6795 6778 6779
f 6795 6777 6778
f 6847 6783 6779
f 6791 6776 6774
f 6795 6779 6783
f 6136 6780 6777
f 6841 6791 6781
f 6785 6782 6790
f 6785 6790 6784
f 6786 6789 6788
f 6786 6787 6799
f 6784 6790 6783
f 6781 6788 6789
f 6786 6788 6787
f 6789 6841 6781
f 6784 6783 6847
f 6795 6783 6793
f 6783 6790 6794
f 6792 6791 6774
f 6803 6783 6794
f 6777 6795 6811
f 6803 6793 6783
f 6791 6796 6781
f 6790 6782 6798
f 6798 6797 6790
f 6782 6799 6800
f 6800 6798 6782
f 6788 6781 6802
f 6781 6796 6801
f 6805 6837 5624
f 6812 6804 6805
f 5649 5624 6837
f 6808 6807 6772
f 6806 6837 6772
f 6772 6837 6808
f 5625 6805 5624
f 5654 6808 6838
f 5654 5651 6808
f 6812 5625 5650
f 6813 5650 6773
f 6813 6811 5650
f 6812 6803 6804
f 5650 6811 6812
f 6812 6805 5625
f 5655 6813 6773
f 5655 5657 6135
f 6814 5657 5653
f 6135 5657 6136
f 6813 5655 6135
f 6136 5657 6814
f 6804 6803 6826
f 6838 6815 5662
f 6815 6816 5662
f 5662 6816 6829
f 5654 6838 5662
f 6817 6818 6819
f 6819 6818 5731
f 6816 6817 6829
f 6820 6821 6824
f 5649 6837 5647
f 6837 6806 5647
f 6821 6822 5734
f 5734 6822 6823
f 5731 6820 5740
f 6824 5742 6820
f 6824 6821 5734
f 6825 6826 6822
f 6807 6808 5634
f 6820 5731 6818
f 6809 6808 6771
f 6817 6828 6829
f 6819 5743 6827
f 6827 6828 6819
f 5743 5744 6827
f 6819 6828 6817
f 5662 6829 5653
f 6829 6814 5653
f 5744 6830 6831
f 5744 6831 6827
f 6831 5748 6832
f 6830 5749 6831
f 5748 6831 5749
f 6832 5748 5747
f 6832 5747 5734
f 5734 6823 6832
f 6823 6822 6826
f 6825 6804 6826
f 6808 6809 5634
f 6810 6808 5651
f 6808 6810 6771
f 6833 6830 5744
f 6833 5744 5743
f 5731 6835 6819
f 6835 5743 6819
f 5740 6835 5731
f 6833 5743 6835
f 5740 6820 6835
f 6830 6833 6834
f 6835 6820 5742
f 5742 6824 6834
f 6834 5734 5747
f 6834 5747 5748
f 6834 6824 5734
f 5748 5749 6834
f 6835 5742 6834
f 5749 6830 6834
f 6792 6829 6791
f 6781 6801 6829
f 6829 6801 6796
f 6796 6791 6829
f 6814 6774 6136
f 6792 6814 6829
f 6792 6774 6814
f 6829 6802 6781
f 6788 6802 6829
f 6828 6827 6799
f 6788 6828 6787
f 6828 6799 6787
f 6800 6827 6831
f 6800 6799 6827
f 6828 6788 6829
f 6793 6803 6812
f 6795 6812 6811
f 6826 6803 6794
f 6793 6812 6795
f 6832 6823 6800
f 6798 6800 6823
f 6800 6831 6832
f 6798 6823 6797
f 6826 6797 6823
f 6826 6790 6797
f 6826 6794 6790
f 6839 6805 6804
f 6837 6836 6808
f 6805 6839 6837
f 6838 6808 6836
f 6839 6804 6825
f 6817 6816 6838
f 6838 6816 6815
f 6839 6822 6840
f 6839 6825 6822
f 6838 6840 6817
f 6840 6818 6817
f 6818 6840 6820
f 6820 6840 6821
f 6840 6822 6821
f 6776 7104 9101
f 6775 9101 6760
f 6776 6842 6843
f 6843 7104 6776
f 6643 6756 6778
f 6641 6642 6136
f 6775 6760 6641
f 9101 6775 6776
f 6776 6841 6842
f 6136 6642 6561
f 6775 6641 6136
f 6561 6780 6136
f 6643 6780 6561
f 6777 6643 6778
f 6643 6777 6780
f 6778 6844 6779
f 6778 6756 6844
f 8956 6841 6848
f 6845 6779 6846
f 6847 6779 6845
f 6782 6849 6850
f 6785 6849 6782
f 6782 6850 6799
f 6799 6850 6786
f 6786 6848 6789
f 6848 6841 6789
f 6846 6779 6844
f 6851 6854 6852
f 6645 6117 6646
f 6854 6851 6648
f 6117 6645 6853
f 6855 6111 6767
f 6765 6682 6848
f 6651 6681 6856
f 6857 6649 6856
f 6650 6649 6682
f 6652 6649 6650
f 6682 6649 6857
f 6705 6115 6702
f 6115 6705 6858
f 6700 6106 6701
f 6918 6701 6106
f 6699 6078 6698
f 6078 6699 6859
f 6697 6064 6696
f 6065 6696 6064
f 6860 6070 6694
f 6692 6087 6691
f 6687 6688 6089
f 6686 6102 6893
f 6102 6686 6100
f 6684 6133 6888
f 6862 6682 6683
f 6767 6111 6864
f 6111 6863 6864
f 6766 6765 6866
f 6766 6866 6865
f 6855 6867 6786
f 6786 6850 6855
f 6786 6867 6848
f 6857 6848 6682
f 6869 6857 6856
f 6856 6681 6862
f 6869 6856 6862
f 6123 6870 6888
f 6123 6122 6871
f 6872 6122 6121
f 6874 6120 6130
f 6875 6130 6861
f 6876 6121 6120
f 6090 6881 6099
f 6102 6099 6893
f 6882 6090 6089
f 6123 6888 6133
f 6841 8956 6868
f 6868 8956 6848
f 6841 6868 6842
f 6868 6848 6857
f 6886 6862 6887
f 6886 6869 6862
f 6888 6889 6862
f 6121 6876 6872
f 6868 6857 6869
f 6889 6887 6862
f 6870 6123 6873
f 6888 6870 6889
f 6871 6122 6872
f 6876 6120 6874
f 6875 6861 6885
f 6885 6861 6890
f 6130 6875 6874
f 6123 6871 6873
f 6861 6891 6890
f 6892 6891 6893
f 6894 6892 6893
f 6893 6877 6894
f 6893 6891 6861
f 6099 6879 6880
f 6089 6087 6897
f 6099 6877 6893
f 6877 6099 6878
f 6878 6099 6880
f 6881 6090 6898
f 6898 6090 6882
f 6099 6881 6879
f 6895 6896 6089
f 6897 6895 6089
f 6883 6899 6087
f 6883 6087 6077
f 6897 6087 6899
f 6882 6089 6896
f 6077 6884 6883
f 6077 6914 6884
f 6902 6077 6070
f 6905 6067 6078
f 6903 6065 6067
f 6906 6078 6859
f 6108 6910 6106
f 6918 6106 6911
f 6070 6860 6901
f 7082 6113 6858
f 6854 6855 6852
f 7071 6647 6851
f 6647 7071 6853
f 6117 6853 6118
f 6849 6785 6855
f 6855 6851 6852
f 6851 6855 6847
f 6850 6849 6855
f 6784 6855 6785
f 6108 6113 7065
f 6900 6077 6902
f 6902 6070 6901
f 6077 6900 6914
f 6860 6915 6916
f 6904 6067 6907
f 6916 6901 6860
f 6065 6915 6860
f 8965 6065 6903
f 6907 6067 6905
f 6905 6078 6908
f 6906 6859 6917
f 6078 6906 6908
f 8972 8981 6918
f 6918 8981 6859
f 6909 6918 6911
f 8972 6918 6909
f 6108 6912 6910
f 6851 6847 7071
f 6784 6847 6855
f 6858 6921 6919
f 6911 6106 6910
f 6912 6108 7065
f 6913 6113 7082
f 7082 6858 7069
f 6113 6913 7065
f 6920 6919 6921
f 7071 6118 6853
f 6921 6118 7071
f 6858 6919 7069
f 6848 6867 6866
f 6866 6765 6848
f 6767 6864 6855
f 6922 6843 6842
f 6922 6842 6868
f 6923 6868 6869
f 6924 6869 6886
f 6925 6843 6922
f 6923 6924 6926
f 6924 6923 6869
f 6927 6924 6886
f 6924 6927 6928
f 6922 6868 6923
f 6922 6923 6929
f 6886 6887 6927
f 6887 6889 6930
f 6931 6889 6870
f 6932 6870 6873
f 6930 6889 6931
f 6872 6933 6871
f 6873 6871 6934
f 6935 6872 6876
f 6936 6876 6874
f 6937 6874 6875
f 6887 6930 6927
f 6927 6930 6938
f 6939 6922 6929
f 7104 6940 6939
f 6932 6931 6870
f 6931 6932 6941
f 6942 6930 6931
f 6929 6926 6943
f 6929 6923 6926
f 6928 6938 6944
f 6928 6927 6938
f 6938 6930 6942
f 6938 6942 6945
f 6924 6928 6926
f 6926 6928 6946
f 6941 6942 6931
f 6939 6929 6947
f 6934 6933 6948
f 6933 6934 6871
f 6935 6936 6949
f 6936 6935 6876
f 6937 6936 6874
f 6936 6937 6950
f 6933 6872 6935
f 6933 6935 6951
f 6941 6952 6953
f 6941 6932 6952
f 6948 6952 6934
f 6952 6948 6954
f 6951 6949 6955
f 6949 6951 6935
f 6950 6949 6936
f 6949 6950 6956
f 6948 6933 6951
f 6948 6951 6957
f 6937 6958 6959
f 6952 6932 6934
f 6932 6873 6934
f 6942 6941 6960
f 6937 6875 6958
f 6885 6890 6961
f 6891 6892 6962
f 6892 6894 6963
f 6890 6891 6964
f 6877 6878 6965
f 6880 6879 6966
f 6879 6881 6967
f 6878 6880 6968
f 6894 6877 6969
f 6898 6882 6970
f 6896 6895 6971
f 6895 6897 6972
f 6882 6896 6973
f 6899 6883 6974
f 6884 6914 6975
f 6975 6914 6976
f 6883 6884 6977
f 6897 6899 6978
f 6881 6898 6979
f 6958 6961 6980
f 6961 6958 6885
f 6961 6981 6980
f 6962 6964 6891
f 6963 6962 6892
f 6982 6964 6962
f 6961 6890 6964
f 6964 6981 6961
f 6959 6980 6983
f 6959 6958 6980
f 6984 6963 6969
f 6965 6969 6877
f 6968 6965 6878
f 6985 6969 6965
f 6986 6962 6963
f 6968 6987 6965
f 6963 6894 6969
f 6959 6950 6937
f 6988 6968 6966
f 6967 6966 6879
f 6989 6967 6979
f 6970 6979 6898
f 6973 6970 6882
f 6990 6979 6970
f 6967 6881 6979
f 6991 6966 6967
f 6992 6973 6971
f 6972 6971 6895
f 6978 6972 6897
f 6993 6971 6972
f 6994 6978 6974
f 6977 6974 6883
f 6975 6977 6884
f 6995 6974 6977
f 6978 6899 6974
f 6996 6972 6978
f 6973 6896 6971
f 6997 6970 6973
f 6968 6880 6966
f 6998 6977 6975
f 6976 6999 6975
f 6885 6958 6875
f 6950 6959 7000
f 9101 7001 7002
f 7001 6947 6737
f 9101 7003 7001
f 6943 6947 6929
f 6947 6943 6764
f 6926 6946 6943
f 6946 6944 6761
f 6944 6946 6928
f 6945 6960 6759
f 6960 6945 6942
f 6953 6960 6941
f 6960 6953 6758
f 6944 6938 6945
f 6944 6945 6763
f 6947 7001 6939
f 6943 6946 6762
f 6954 6948 6957
f 6954 6953 6952
f 6983 6980 7004
f 6986 6982 6962
f 6984 6986 6963
f 6982 7005 6981
f 6981 6964 6982
f 6986 7006 6982
f 6957 6955 6744
f 6957 6951 6955
f 6956 7000 6599
f 6956 6950 7000
f 7000 6959 6983
f 7000 6983 6748
f 6949 6956 6955
f 6955 6956 6743
f 6984 7007 6986
f 6954 6957 6745
f 6981 7004 6980
f 6953 6954 6757
f 6737 6947 6764
f 6960 6758 6759
f 6945 6759 6763
f 6761 6944 6763
f 6943 6762 6764
f 6745 6757 6954
f 6762 6946 6761
f 6758 6953 6757
f 7008 6737 6760
f 6744 6955 6743
f 6744 6745 6957
f 6601 7005 7006
f 7006 7005 6982
f 7007 6747 7006
f 7004 7005 6750
f 7004 6981 7005
f 7006 6747 6601
f 6743 6956 6599
f 7000 6748 6599
f 7004 6750 6749
f 6750 7005 6601
f 6749 6748 6983
f 7004 6749 6983
f 6986 7007 7006
f 6985 6987 7009
f 6987 6985 6965
f 6988 6991 7010
f 6991 6988 6966
f 6989 6991 6967
f 6989 7011 6991
f 6987 6968 6988
f 6987 6988 7012
f 7007 7013 6746
f 7007 6984 7013
f 7009 7012 6741
f 7012 7009 6987
f 7010 7012 6988
f 7012 7010 6739
f 7013 6985 7009
f 7013 7009 6742
f 7011 7010 6991
f 7013 6984 6985
f 6997 7014 6990
f 6997 6990 6970
f 7015 6997 6992
f 6993 6992 6971
f 6996 6993 6972
f 7016 6992 6993
f 6997 6973 6992
f 6990 7014 7017
f 7011 7017 6736
f 6989 7017 7011
f 7018 6996 6994
f 6995 6994 6974
f 6998 6995 6977
f 7019 6994 6995
f 7020 6993 6996
f 7021 6995 6998
f 6996 6978 6994
f 7017 6989 6990
f 6989 6979 6990
f 7010 7011 6738
f 6742 7009 6741
f 6738 7011 6736
f 7012 6739 6741
f 7015 7014 6997
f 6607 7014 7015
f 6746 7013 6742
f 6739 7010 6738
f 6607 6736 7014
f 7015 6735 6607
f 7014 6736 7017
f 7016 7020 6733
f 7020 7016 6993
f 7018 7019 6731
f 7019 7018 6994
f 7021 7019 6995
f 7019 7021 6730
f 7020 6996 7018
f 7020 7018 6732
f 7016 6733 6735
f 7020 6732 6733
f 6732 7018 6731
f 6729 6730 7021
f 7019 6730 6731
f 6998 6999 7022
f 7016 6735 7015
f 7015 6992 7016
f 7021 7022 6729
f 7007 6746 6747
f 6984 6969 6985
f 6900 6902 7023
f 6901 6916 7024
f 6902 6901 7025
f 6976 7023 7026
f 7023 6976 6900
f 7025 7024 7027
f 7024 7025 6901
f 6915 7024 6916
f 7024 6915 7028
f 7023 6902 7025
f 7023 7025 7029
f 6900 6976 6914
f 6065 8965 7031
f 7032 6903 6067
f 7031 8965 6903
f 7030 7031 7033
f 7030 6065 7031
f 7034 6904 6907
f 7035 6907 6905
f 7036 6067 6904
f 7037 6905 6908
f 6065 7030 6915
f 6915 7030 7038
f 6999 7026 7039
f 6999 6976 7026
f 7029 7025 7027
f 7029 7026 7023
f 6903 7032 7040
f 7031 6903 7041
f 7026 7029 7042
f 7027 7028 7043
f 7027 7024 7028
f 7038 7033 7044
f 7038 7030 7033
f 7033 7031 7041
f 7033 7041 7045
f 6915 7038 7028
f 7028 7038 7046
f 7040 7041 6903
f 7029 7027 7047
f 7036 7034 7048
f 7034 7036 6904
f 7035 7037 7049
f 7037 7035 6905
f 7050 7037 6908
f 7037 7050 7051
f 7034 6907 7035
f 7034 7035 7052
f 7040 7053 7054
f 7040 7032 7053
f 7048 7053 7036
f 7053 7048 7055
f 7052 7049 7056
f 7049 7052 7035
f 7051 7049 7037
f 7049 7051 7057
f 7048 7034 7052
f 7048 7052 7058
f 6917 7059 7050
f 7053 7032 7036
f 7032 6067 7036
f 7041 7040 7060
f 6908 6906 7050
f 7021 6998 7022
f 7061 6859 8981
f 7062 8981 8972
f 7063 6917 6859
f 7064 6909 6911
f 7066 6911 6910
f 7067 8972 6909
f 7068 7069 6919
f 7072 6921 7071
f 7070 7071 6847
f 6920 6921 7072
f 6847 6845 7070
f 6917 7063 7073
f 7063 7074 7073
f 7062 7061 8981
f 7067 7062 8972
f 7075 7061 7062
f 7063 6859 7061
f 7061 7074 7063
f 7059 7073 7076
f 7059 6917 7073
f 7077 7067 7064
f 7066 7064 6911
f 6912 7066 6910
f 7078 7064 7066
f 7079 7062 7067
f 6912 7080 7066
f 7067 6909 7064
f 7051 7050 7059
f 7081 7069 7068
f 7083 6920 7072
f 7085 7071 7070
f 6846 7070 6845
f 7072 7071 7086
f 7068 6920 7087
f 7068 6919 6920
f 6846 7085 7070
f 6917 7050 6906
f 7051 7059 7088
f 7022 7039 6715
f 7022 6999 7039
f 7042 7047 6714
f 7042 7029 7047
f 7047 7027 7043
f 7047 7043 6717
f 7026 7042 7039
f 7039 7042 6713
f 7046 7044 6709
f 7046 7038 7044
f 7045 7060 6706
f 7045 7041 7060
f 7060 7040 7054
f 7060 7054 6707
f 7033 7045 7044
f 7044 7045 6708
f 7028 7046 7043
f 7043 7046 6716
f 7055 7058 6710
f 7055 7048 7058
f 7052 7056 7058
f 7075 7074 7061
f 7079 7075 7062
f 7074 7075 7089
f 7054 7053 7055
f 7090 7074 7089
f 7056 7057 6721
f 7056 7049 7057
f 7088 7076 6718
f 7088 7059 7076
f 7076 7073 7090
f 7076 7090 6719
f 7051 7088 7057
f 7057 7088 6720
f 7075 7079 7091
f 7058 7056 6711
f 7073 7074 7090
f 7054 7055 6712
f 7039 6713 6715
f 6717 6714 7047
f 6717 7043 6716
f 6708 6709 7044
f 6715 6611 7022
f 7042 6714 6713
f 7045 6706 6708
f 6716 7046 6709
f 6706 7060 6707
f 6710 7058 6711
f 7089 7091 6723
f 7091 7089 7075
f 6723 7091 6724
f 7056 6721 6711
f 6712 7055 6710
f 6722 7089 6723
f 7057 6720 6721
f 6719 6718 7076
f 7090 6722 6719
f 6718 6720 7088
f 6712 6707 7054
f 7089 6722 7090
f 7077 7092 7079
f 6611 6729 7022
f 7077 7078 7093
f 7078 7077 7064
f 7080 7065 7094
f 7065 7080 6912
f 7065 6913 7095
f 7078 7066 7080
f 7078 7080 7096
f 7092 7093 6725
f 7093 7092 7077
f 7096 7094 6727
f 7094 7096 7080
f 7095 7094 7065
f 7094 7095 6728
f 7093 7078 7096
f 7093 7096 6726
f 7092 6724 7091
f 7069 6753 7082
f 6753 7069 7081
f 7087 7081 7068
f 7083 7087 6920
f 7097 7081 7087
f 7098 7087 7083
f 7084 7099 7083
f 7100 7086 7085
f 7085 7086 7071
f 6844 7085 6846
f 7084 7086 7101
f 7084 7072 7086
f 7100 7085 6844
f 7083 7072 7084
f 7082 7095 6913
f 7095 7082 6751
f 6727 6726 7096
f 6753 6752 7082
f 6725 7093 6726
f 7092 6725 6724
f 6728 6727 7094
f 6751 6728 7095
f 7097 7098 6628
f 7098 7097 7087
f 7099 7101 6754
f 7101 7099 7084
f 7100 7101 7086
f 7101 7100 6734
f 7098 7083 7099
f 7098 7099 6629
f 7097 6628 6753
f 6628 7098 6629
f 6734 6754 7101
f 6756 6734 7100
f 6629 7099 6754
f 7100 6844 6756
f 6753 7081 7097
f 7091 7079 7092
f 7079 7067 7077
f 6998 6975 6999
f 6737 7008 7001
f 7001 7008 9127
f 7001 9127 7102
f 7001 7102 7002
f 7001 7003 6939
f 6939 7003 7103
f 6939 7103 7104
f 6939 6940 6922
f 6922 6940 6925
f 6861 6128 6686
f 6861 6686 6893
f 6089 6690 6691
f 6691 6087 6089
f 6690 6089 6688
f 6696 6065 6860
f 6694 6696 6860
f 6859 6701 6918
f 6699 6701 6859
f 6921 6705 6703
f 6703 6118 6921
f 6921 6858 6705
f 7105 7106 7108
f 7105 7108 7107
f 7109 7108 7106
f 7110 7111 7112
f 7111 7115 7112
f 7113 7114 7118
f 7118 7115 7113
f 7113 7115 7111
f 7107 7116 6420
f 7118 6421 7117
f 7119 7116 7107
f 6416 6420 7116
f 6420 7105 7107
f 6421 7118 6422
f 6422 7118 7114
f 7120 6420 6423
f 6421 6424 7117
f 7112 7121 6418
f 7109 6416 7224
f 6424 6418 7121
f 6418 7110 7112
f 7110 6418 6303
f 7224 7122 7109
f 6416 7109 6417
f 6417 7109 6419
f 7123 6303 6419
f 6416 7116 7224
f 7117 6424 7121
f 7123 6419 7109
f 7123 7110 6303
f 7121 7112 7224
f 7112 7122 7224
f 6422 7114 6423
f 7114 7120 6423
f 7120 7105 6420
f 7116 7119 7117
f 7119 7118 7117
f 7125 7124 7126
f 7126 7127 7136
f 7127 7126 7124
f 7128 7129 7150
f 7131 7129 7130
f 7125 7132 6429
f 6307 7228 7131
f 7112 7132 7125
f 6427 6429 7132
f 7125 6429 6428
f 7228 7133 7131
f 6307 7131 6430
f 7134 6428 6430
f 7131 7134 6430
f 6425 6427 7132
f 7150 7135 6306
f 7137 7148 7136
f 7136 6425 7137
f 7135 6307 6306
f 7128 6306 6426
f 6306 7128 7150
f 6425 7136 7127
f 6425 7132 7137
f 7228 6307 7135
f 6425 7138 6426
f 7138 6425 7127
f 7138 7128 6426
f 7135 7150 7148
f 7150 7136 7148
f 7134 7125 6428
f 7132 7112 7228
f 7112 7133 7228
f 7140 7139 7141
f 7142 7141 7139
f 7156 7143 7144
f 7143 7146 7144
f 7143 7145 7149
f 7149 7146 7143
f 7140 7147 6435
f 7152 7148 7149
f 7149 6438 7152
f 7150 7147 7140
f 7140 6435 6437
f 7149 7145 6438
f 7151 6437 6439
f 7145 7151 6438
f 7153 6435 7147
f 6436 7154 7152
f 7144 7154 6310
f 7142 6309 7153
f 7153 7144 7167
f 6310 6434 7144
f 7154 6436 6310
f 6433 7156 6434
f 6434 7156 7144
f 7153 7155 7142
f 7142 6432 6431
f 6431 6309 7142
f 6309 6435 7153
f 6438 6436 7152
f 6432 7142 6433
f 7142 7156 6433
f 7154 7144 7153
f 7167 7155 7153
f 6438 7151 6439
f 7151 7140 6437
f 7147 7150 7148
f 7150 7149 7148
f 7157 7159 7171
f 7162 7161 7166
f 7164 7163 7158
f 7158 7163 6443
f 7166 6445 7165
f 7167 7164 7158
f 6446 7158 6443
f 6445 7166 7161
f 7161 6314 6445
f 7168 6446 6314
f 7161 7169 6314
f 6445 6444 7165
f 6311 6443 7163
f 7160 7170 6441
f 7173 7172 7171
f 7171 6311 7173
f 6442 7160 6441
f 6441 7170 6444
f 7174 6442 6312
f 7159 6440 6311
f 7171 7159 6311
f 6311 7163 7173
f 7165 6444 7170
f 6440 7175 6312
f 7175 6440 7159
f 7175 7174 6312
f 7174 7160 6442
f 7170 7160 7172
f 7160 7171 7172
f 7169 7168 6314
f 7168 7158 6446
f 7164 7167 7165
f 7167 7166 7165
f 7176 7177 7179
f 7176 7179 7178
f 7179 7180 7181
f 7180 7179 7177
f 7196 7182 7183
f 7182 7185 7183
f 7184 7185 7182
f 7178 7186 6449
f 6318 7190 7184
f 7188 7186 7178
f 7186 6316 6449
f 6449 7176 7178
f 7190 7187 7184
f 7184 6450 6318
f 7189 6449 6450
f 7184 7175 6450
f 6448 7191 7190
f 7183 7191 6448
f 7181 6316 7193
f 7190 6318 6448
f 7196 6448 6317
f 6448 7196 7183
f 7193 7192 7181
f 6315 7194 7195
f 6316 7181 6447
f 6447 7181 7180
f 6447 7180 6315
f 6316 7186 7193
f 6315 7195 6317
f 7194 6315 7180
f 7196 6317 7195
f 7191 7183 7193
f 7183 7192 7193
f 7175 7189 6450
f 7189 7176 6449
f 7186 7188 7190
f 7188 7187 7190
f 7198 7197 7199
f 7200 7199 7197
f 7211 7201 7210
f 7205 7201 7202
f 7198 7203 6454
f 7205 6455 7204
f 7204 7206 7183
f 7206 7203 7198
f 7198 6454 6456
f 6455 7205 6457
f 7207 6456 6457
f 7205 7207 6457
f 6455 6322 7204
f 7208 6454 7203
f 7210 7209 6321
f 7200 6320 7208
f 7209 6322 6321
f 7211 6321 6453
f 6321 7211 7210
f 7208 7210 7200
f 6452 6451 7200
f 6451 6320 7200
f 6320 6454 7208
f 7204 6322 7209
f 6452 7200 6453
f 7200 7211 6453
f 7209 7210 7208
f 7207 7198 6456
f 7203 7206 7204
f 7183 7205 7204
f 7215 7214 7212
f 7216 7217 7218
f 7217 7221 7218
f 7217 7219 7220
f 7220 7221 7217
f 7222 7224 7116
f 7222 7116 7223
f 7225 7132 7224
f 7132 7225 7137
f 7132 7228 7224
f 7223 7116 7117
f 7137 7225 7147
f 7226 7147 7225
f 7153 7226 7163
f 7153 7147 7226
f 7148 7137 7147
f 7164 7153 7163
f 7153 7164 7165
f 7224 7228 7121
f 7117 7121 7227
f 7227 7121 7228
f 7229 7228 7135
f 7228 7230 7227
f 7117 7227 7223
f 7135 7148 7152
f 7153 7165 7154
f 7229 7135 7152
f 7154 7231 7152
f 7165 7231 7154
f 7203 7193 7233
f 7186 7172 7173
f 7190 7172 7186
f 7204 7193 7203
f 7173 7193 7186
f 7203 7233 7208
f 7234 7235 7208
f 7208 7235 7238
f 7190 7170 7172
f 7204 7191 7193
f 7232 7165 7170
f 7191 7204 7190
f 7170 7190 7232
f 7209 7238 7240
f 7209 7239 7204
f 7240 7239 7209
f 7237 7241 7240
f 7240 7236 7237
f 7238 7209 7208
f 7241 7243 7242
f 7243 7241 7237
f 7243 7237 7236
f 7236 7234 7243
f 7234 7244 7243
f 7245 7244 7234
f 7234 7208 7245
f 7246 7245 7208
f 7208 7233 7246
f 7233 7193 7246
f 7247 7246 7193
f 7193 7173 7247
f 7226 7247 7173
f 7173 7163 7226
f 7163 7226 7248
f 7249 7226 7225
f 7222 7249 7225
f 7225 7224 7222
f 7224 7222 7250
f 7273 7222 7251
f 7222 7223 7251
f 7227 7251 7223
f 7251 7227 7252
f 7252 7227 7230
f 7252 7230 7228
f 7228 7253 7252
f 7222 7224 7250
f 7254 7229 7152
f 7229 7253 7228
f 7231 7255 7229
f 7229 7152 7231
f 7255 7231 7165
f 7254 7152 7229
f 7226 7163 7248
f 7232 7257 7255
f 7255 7165 7232
f 7190 7256 7257
f 7257 7232 7190
f 7204 7258 7257
f 7257 7190 7204
f 7258 7204 7239
f 7256 7190 7257
f 7239 7242 7258
f 7239 7259 7242
f 7259 7239 7240
f 7241 7259 7240
f 7259 7241 7242
f 7234 7213 7235
f 7213 7234 6461
f 7240 7238 7220
f 7220 6463 7240
f 7238 7213 7210
f 6464 7213 6461
f 6463 7220 7219
f 7219 7261 6463
f 6463 6462 7240
f 6458 6461 7234
f 7218 7240 6325
f 7215 6458 7236
f 6325 6459 7218
f 7240 6462 6325
f 7216 6459 6460
f 6459 7216 7218
f 7236 7262 7215
f 6458 7215 6460
f 6458 7234 7236
f 7263 6460 7215
f 7263 7264 6460
f 7264 7216 6460
f 7240 7218 7236
f 7218 7262 7236
f 6463 7261 6464
f 7261 7213 6464
f 7235 7213 7238
f 7210 7260 7238
f 7238 7260 7220
f 7221 7201 7265
f 7265 7218 7221
f 7210 7201 7220
f 7221 7220 7201
f 7266 7265 7201
f 7205 7185 7201
f 7185 7266 7201
f 7162 7185 7184
f 7183 7185 7205
f 7188 7160 7184
f 7162 7184 7160
f 7171 7160 7188
f 7162 7266 7185
f 7267 7214 7215
f 7267 7215 7218
f 7200 7210 7213
f 7213 7212 7199
f 7212 7267 7199
f 7212 7214 7267
f 7200 7213 7199
f 7265 7267 7218
f 7181 7183 7198
f 7181 7198 7179
f 7157 7171 7178
f 7178 7171 7188
f 7178 7179 7157
f 7267 7157 7179
f 7199 7179 7198
f 7267 7179 7199
f 7268 7157 7267
f 7266 7162 7146
f 7129 7266 7146
f 7144 7146 7166
f 7162 7166 7146
f 7144 7166 7167
f 7150 7129 7149
f 7149 7129 7146
f 7270 7129 7115
f 7270 7115 7269
f 7115 7131 7112
f 7269 7118 7119
f 7118 7269 7115
f 7131 7115 7129
f 7129 7270 7266
f 7158 7142 7167
f 7136 7150 7140
f 7126 7136 7140
f 7141 7158 7157
f 7141 7142 7158
f 7268 7126 7141
f 7141 7126 7140
f 7157 7268 7141
f 7109 7112 7125
f 7108 7109 7125
f 7269 7107 7108
f 7126 7108 7125
f 7108 7126 7268
f 7108 7268 7269
f 7107 7269 7119
f 7266 7270 7229
f 7242 7265 7266
f 7265 7242 7243
f 7269 7268 7273
f 7268 7272 7273
f 7272 7268 7267
f 7267 7271 7272
f 7267 7265 7243
f 7243 7271 7267
f 7242 7266 7229
f 7270 7269 7273
f 7274 7275 7276
f 7277 7278 7339
f 7279 7280 7385
f 7278 7281 7283
f 7278 7283 7282
f 7284 7283 7281
f 7403 7286 7285
f 7288 7289 7291
f 7288 7291 7290
f 7291 7292 7297
f 7292 7291 7289
f 7293 7294 7303
f 7294 7376 7285
f 7295 7296 7297
f 7296 7298 7368
f 7299 7300 7301
f 7300 7304 7301
f 7300 7302 7303
f 7304 7300 7303
f 7356 7305 7306
f 7308 7307 7305
f 7361 7309 7310
f 7309 7311 7312
f 7313 7314 7316
f 7313 7316 7315
f 7317 7316 7314
f 7352 7318 7319
f 7318 7322 7319
f 7318 7320 7321
f 7322 7318 7321
f 7323 7324 7326
f 7323 7326 7325
f 7327 7326 7324
f 7328 7329 7330
f 6466 7331 7332
f 7276 7331 6466
f 7385 6470 7333
f 7274 6466 6326
f 6466 7274 7276
f 7276 7385 7333
f 7335 7334 6326
f 6470 7385 7280
f 7335 6326 6471
f 6470 7336 7333
f 7336 6468 7287
f 7338 7337 7339
f 7338 7339 6465
f 6465 7332 7338
f 7337 7287 7339
f 6469 6468 7336
f 7336 6472 6469
f 7287 6468 6327
f 6465 7339 7278
f 6465 7278 6467
f 7340 6327 6467
f 6465 6466 7332
f 6470 6472 7336
f 7340 6467 7278
f 7340 7287 6327
f 7336 7287 7337
f 6470 7335 6471
f 7335 6470 7280
f 7334 7274 6326
f 7331 7276 7333
f 7341 7325 7319
f 7325 7341 6479
f 7342 7351 7344
f 7344 6478 7342
f 6474 6479 7341
f 6479 7323 7325
f 7319 7344 7351
f 7343 6479 6478
f 6478 7345 7342
f 7345 6477 7330
f 7341 7345 7327
f 7341 7327 6475
f 7328 6477 6330
f 6477 7328 7330
f 7327 6476 6475
f 6475 6473 7341
f 6473 6474 7341
f 6478 6477 7345
f 6476 7327 6330
f 7327 7346 6330
f 7346 7328 6330
f 7330 7327 7345
f 7344 7343 6478
f 7343 7323 6479
f 7341 7319 7351
f 7315 7347 6484
f 7418 7360 7321
f 7321 6485 7418
f 6484 7313 7315
f 7313 6484 6486
f 7348 6486 6487
f 6486 6485 7320
f 6485 7321 7320
f 7414 6484 7347
f 7350 7418 6482
f 7350 6482 7319
f 7414 7351 7317
f 7414 7317 6480
f 7352 6482 6483
f 6482 7352 7319
f 6480 7317 6481
f 6480 6331 7414
f 6331 6484 7414
f 6485 6482 7418
f 6481 7317 6483
f 7317 7352 6483
f 7350 7319 7351
f 7319 7317 7351
f 6486 7349 6487
f 7349 6486 7320
f 7349 7348 6487
f 7348 7313 6486
f 7347 7315 7360
f 7360 7315 7321
f 7353 7306 7354
f 7306 7353 6492
f 6493 7358 7312
f 6492 7356 7306
f 7354 7355 7358
f 7356 6492 6494
f 7310 7360 7359
f 7358 6490 7359
f 7359 6490 7310
f 7353 7360 7308
f 7353 7308 6488
f 7360 7310 7315
f 7361 6490 6489
f 6490 7361 7310
f 7308 6491 6488
f 6488 6492 7353
f 6493 6490 7358
f 6491 7308 6489
f 7308 7361 6489
f 7315 7308 7360
f 6493 7357 6494
f 7357 6493 7312
f 7357 7356 6494
f 7353 7354 7358
f 7358 7355 7312
f 7362 7297 7363
f 7297 7362 6501
f 7303 6499 7364
f 6495 6501 7362
f 6501 7295 7297
f 6499 7303 7302
f 7365 6501 6500
f 7302 7365 6499
f 6499 6498 7364
f 6498 7367 7366
f 7367 6498 7301
f 7370 7369 7368
f 7370 7368 6337
f 6337 7362 7370
f 7299 6498 6496
f 6498 7299 7301
f 6337 7368 7298
f 6337 7298 6497
f 6337 6495 7362
f 7364 6498 7366
f 6497 7357 6496
f 7357 6497 7298
f 7357 7371 6496
f 7371 7299 6496
f 7367 7301 7369
f 7301 7368 7369
f 6499 7365 6500
f 7365 7295 6501
f 7362 7363 7364
f 7364 7363 7303
f 6504 7372 7408
f 7290 7372 6504
f 7373 7374 7285
f 7285 6505 7373
f 6504 7288 7290
f 7290 7375 7374
f 6505 7285 7376
f 6505 6341 7373
f 6503 6504 7408
f 7378 7373 6341
f 7378 6341 7303
f 7380 7297 6503
f 7381 7378 7303
f 6503 7408 7380
f 6502 7293 6341
f 6341 7293 7303
f 7380 7379 7297
f 6503 7297 7292
f 6503 7382 6502
f 7382 6503 7292
f 7382 7293 6502
f 7378 7381 7380
f 7381 7379 7380
f 6505 7376 6504
f 7376 7377 6504
f 7377 7288 6504
f 7372 7290 7374
f 7374 7375 7285
f 7284 7290 7291
f 7296 7291 7297
f 7283 7291 7383
f 7277 7283 7383
f 7283 7284 7291
f 7383 7291 7296
f 7305 7296 7368
f 7296 7305 7387
f 7381 7303 7363
f 7363 7297 7381
f 7294 7285 7286
f 7296 7387 7383
f 7294 7286 7389
f 7283 7277 7339
f 7275 7277 7383
f 7276 7275 7384
f 7275 7383 7384
f 7384 7385 7276
f 7286 7279 7389
f 7279 7286 7287
f 7279 7386 7389
f 7385 7386 7279
f 7283 7339 7282
f 7387 7316 7326
f 7317 7326 7316
f 7317 7319 7325
f 7326 7317 7325
f 7387 7326 7327
f 7316 7387 7307
f 7330 7388 7327
f 7387 7327 7388
f 7329 7344 7322
f 7329 7388 7330
f 7329 7389 7388
f 7319 7322 7344
f 7389 7329 7322
f 7368 7301 7306
f 7316 7307 7308
f 7354 7301 7312
f 7387 7305 7307
f 7301 7354 7306
f 7303 7294 7304
f 7301 7304 7312
f 7294 7389 7304
f 7304 7389 7309
f 7368 7306 7305
f 7304 7309 7312
f 7309 7321 7310
f 7322 7321 7309
f 7310 7321 7315
f 7322 7309 7389
f 7315 7316 7308
f 7389 7386 7390
f 7411 7389 7390
f 7390 7386 7385
f 7385 7384 7390
f 7437 7421 7389
f 7421 7388 7389
f 7388 7421 7391
f 7392 7387 7388
f 7392 7424 7387
f 7393 7394 7384
f 7393 7384 7383
f 7393 7383 7387
f 7387 7424 7393
f 7388 7391 7392
f 7437 7389 7411
f 7390 7384 7394
f 7396 7282 7395
f 7282 7396 6509
f 7396 7397 7398
f 6344 7398 7287
f 7396 7395 7339
f 6509 7278 7282
f 7278 6509 6510
f 7339 7397 7396
f 7287 6510 6344
f 7287 7400 6510
f 6506 6509 7396
f 7401 7398 7285
f 7398 6508 7285
f 7401 7284 6506
f 7402 7401 7285
f 7401 7402 7290
f 7398 6344 6508
f 7403 6508 6507
f 6508 7403 7285
f 6506 7396 7401
f 6506 7284 6507
f 7284 7403 6507
f 7290 7284 7401
f 7400 7399 6510
f 7399 7278 6510
f 7398 7397 7287
f 7332 7331 7404
f 7404 7331 7405
f 7396 7404 7406
f 7404 7396 7332
f 7396 7406 7401
f 7331 7333 7405
f 7396 7337 7338
f 7338 7332 7396
f 7405 7333 7407
f 7408 7372 7406
f 7401 7406 7372
f 7408 7409 7362
f 7401 7372 7374
f 7380 7362 7364
f 7408 7362 7380
f 7378 7380 7364
f 7337 7396 7398
f 7398 7336 7337
f 7336 7410 7333
f 7398 7411 7410
f 7336 7398 7410
f 7398 7401 7373
f 7373 7401 7374
f 7373 7378 7364
f 7373 7411 7398
f 7412 7364 7366
f 7412 7366 7417
f 7373 7364 7412
f 7413 7353 7409
f 7369 7353 7358
f 7353 7369 7370
f 7370 7362 7353
f 7360 7353 7347
f 7362 7409 7353
f 7413 7347 7353
f 7347 7413 7414
f 7415 7416 7341
f 7341 7414 7415
f 7341 7351 7414
f 7341 7416 7345
f 7367 7369 7358
f 7418 7358 7359
f 7367 7358 7417
f 7417 7366 7367
f 7418 7419 7358
f 7419 7417 7358
f 7418 7359 7360
f 7350 7351 7342
f 7418 7350 7342
f 7439 7345 7420
f 7418 7342 7439
f 7342 7345 7439
f 7345 7416 7420
f 7439 7416 7421
f 7416 7439 7420
f 7415 7422 7416
f 7414 7422 7415
f 7414 7413 7423
f 7424 7423 7413
f 7425 7424 7413
f 7413 7409 7425
f 7426 7425 7409
f 7409 7408 7426
f 7427 7426 7408
f 7408 7406 7427
f 7393 7428 7406
f 7393 7429 7406
f 7406 7404 7393
f 7430 7393 7404
f 7404 7405 7430
f 7407 7430 7405
f 7430 7407 7333
f 7431 7333 7410
f 7411 7432 7431
f 7431 7410 7411
f 7430 7333 7431
f 7393 7406 7429
f 7373 7434 7433
f 7433 7411 7373
f 7427 7406 7428
f 7412 7435 7411
f 7411 7373 7412
f 7412 7436 7435
f 7434 7373 7411
f 7436 7412 7417
f 7417 7437 7436
f 7437 7417 7419
f 7419 7438 7437
f 7418 7439 7438
f 7438 7419 7418
f 7305 7296 6626
f 6626 6751 7314
f 7356 7298 7296
f 7324 7314 6751
f 7289 6626 7296
f 7295 7292 7289
f 7289 7296 7295
f 7365 7382 7292
f 7302 7293 7365
f 7365 7293 7382
f 7365 7292 7295
f 6627 7324 6751
f 7308 7305 7313
f 7349 7308 7313
f 7313 7305 7314
f 7305 6626 7314
f 7298 7356 7357
f 7312 7300 7299
f 7300 7312 7311
f 7299 7357 7312
f 6264 7294 7300
f 7296 7305 7356
f 7294 7302 7300
f 7277 7275 6626
f 7277 7281 7278
f 6626 7281 7277
f 7278 7400 7340
f 7275 6625 6626
f 6625 7274 6624
f 7275 7274 6625
f 7287 7340 7400
f 6624 7274 7335
f 7288 7281 7289
f 7288 7376 7284
f 7288 7284 7281
f 7294 7293 7302
f 6383 7286 7294
f 7279 7287 7286
f 7403 7376 7286
f 7403 7284 7376
f 7286 7376 7294
f 7279 7286 6383
f 6626 7289 7281
f 6628 6630 6586
f 6586 6584 6628
f 6584 7327 6628
f 6627 7327 7324
f 7328 6584 7329
f 7327 6584 7328
f 6381 6584 6582
f 6630 6588 6586
f 6588 6630 6589
f 6583 6230 6582
f 6370 6583 6580
f 6230 6583 6229
f 6630 6591 6589
f 6582 6230 6379
f 7323 7317 7314
f 7361 7308 7349
f 7317 7323 7344
f 7323 7314 7324
f 7317 7344 7352
f 7318 6259 7309
f 7309 7361 7320
f 6383 7294 6264
f 7311 7309 6264
f 7309 7320 7318
f 7361 7349 7320
f 7300 7311 6264
f 7344 7329 7318
f 7318 7329 6259
f 7344 7318 7352
f 6259 7329 6380
f 6259 6264 7309
f 6380 7329 6381
f 6382 6379 6230
f 7329 6584 6381
f 6582 6379 6381
f 6383 6263 7279
f 7327 6627 6628
f 6404 6621 6623
f 6404 6405 6621
f 7335 6623 6723
f 6400 6623 7335
f 6619 6405 6399
f 6399 6405 6403
f 6619 6399 6397
f 6405 6619 6621
f 6415 6397 6414
f 7280 6401 6400
f 6404 6623 6400
f 6394 6398 6403
f 6411 6414 6397
f 6403 6398 6399
f 6723 6624 7335
f 6415 6619 6397
f 6620 6619 6409
f 6415 6413 6409
f 6415 6409 6619
f 6393 6620 6410
f 6410 6620 6409
f 6408 6393 6410
f 6620 6391 6618
f 6392 6393 6408
f 6409 6413 6406
f 6393 6391 6620
f 6408 6390 6392
f 6394 6403 6395
f 6395 6402 6396
f 6402 6395 6403
f 6397 6396 6412
f 6402 6236 6396
f 6401 6374 6402
f 6407 6413 6412
f 6413 6407 6406
f 6411 6397 6412
f 6390 6408 6407
f 7279 6263 6401
f 6401 6254 6374
f 6372 6382 6230
f 6373 6382 6372
f 6373 6254 6382
f 6374 6254 6373
f 6375 6407 6412
f 6236 6402 6374
f 6236 6412 6396
f 6407 6375 6390
f 6236 6375 6412
f 6401 6263 6254
f 7280 7279 6401
f 6386 6617 6375
f 6390 6622 6618
f 6390 6617 6622
f 7216 6617 6386
f 6617 6390 6375
f 6390 6618 6391
f 7216 6616 6615
f 7263 6613 6616
f 6615 6617 7216
f 7263 7215 6613
f 6613 7215 6614
f 7212 6631 6614
f 7263 6616 7216
f 7217 7216 6386
f 7201 7217 6389
f 7217 7201 7219
f 7211 7261 7219
f 7200 7261 7211
f 7211 7219 7201
f 7212 6612 6631
f 7213 7200 7197
f 7212 7197 6612
f 6612 7197 7177
f 7197 7212 7213
f 7261 7200 7213
f 7212 6614 7215
f 6400 7335 7280
f 6578 6577 6576
f 6576 6574 6580
f 6370 6574 6571
f 6580 6574 6370
f 6592 6638 6634
f 6592 6594 6638
f 6636 6634 6638
f 6638 6594 6637
f 7440 6570 6572
f 6637 7440 6572
f 6571 6570 6376
f 6594 7440 6637
f 7495 7440 6596
f 7495 6595 7443
f 6378 7441 6237
f 6376 6570 7441
f 7441 7470 6237
f 7445 6237 7470
f 7441 6378 6376
f 6368 6571 6376
f 6570 7440 7441
f 7498 7442 7469
f 7442 7445 7469
f 7445 7446 7447
f 6237 7447 6240
f 6242 6247 7448
f 7447 7446 7541
f 7445 7447 6237
f 7470 7469 7445
f 7449 6248 6242
f 6596 7440 6594
f 7541 7451 7450
f 7450 7451 7455
f 7455 7451 7443
f 6240 7452 7454
f 7453 7454 7452
f 7443 6595 6597
f 7459 7456 7455
f 6744 7455 7443
f 7455 6744 7459
f 6597 6744 7443
f 7457 7458 7459
f 7525 7458 7460
f 7477 7456 7459
f 6744 7457 7459
f 7466 6744 6743
f 7453 7456 7477
f 7495 6596 6595
f 6247 6240 7454
f 7538 7525 6247
f 6247 7454 7538
f 7457 7460 7458
f 7461 7462 7448
f 7462 7513 7448
f 6247 7461 7448
f 7448 7464 6242
f 7463 7457 7466
f 7465 7466 7490
f 6744 7466 7457
f 7503 7464 7467
f 7467 7464 7448
f 7490 7466 6743
f 7468 7490 6599
f 6599 7490 6743
f 7449 6242 7464
f 6375 6385 6386
f 6387 7217 6386
f 6389 7217 6387
f 6385 6375 6371
f 6583 6370 6229
f 7202 7201 6389
f 7202 6389 7182
f 7162 7182 6389
f 7162 6389 6277
f 7184 7182 7162
f 6385 6371 6363
f 6363 6281 6385
f 6363 6364 6281
f 6281 6364 6276
f 6571 6232 6370
f 6277 7143 7162
f 7145 7143 7129
f 7129 7143 6269
f 7143 6277 6269
f 7161 7162 7143
f 7205 7182 7196
f 7182 7205 7202
f 7205 7196 7207
f 7207 7196 7195
f 7184 7160 7175
f 7176 7175 7159
f 7160 7184 7162
f 7207 7180 7198
f 7207 7195 7180
f 7177 7197 7198
f 7198 7180 7177
f 7177 7176 7157
f 7177 6611 6612
f 7169 7156 7142
f 7156 7169 7161
f 7151 7145 7128
f 7156 7161 7143
f 7158 7169 7142
f 7139 6611 7157
f 6611 7177 7157
f 7142 7139 7158
f 6611 7139 6609
f 7139 7157 7158
f 7140 7124 7139
f 7140 7151 7127
f 7157 7176 7159
f 7129 6269 7130
f 6369 6571 6368
f 6368 6376 6231
f 6376 6234 6231
f 6367 6234 6251
f 6232 6571 6369
f 6365 6276 6364
f 7111 7130 6388
f 6388 6384 7113
f 6365 6604 6276
f 6366 6367 6602
f 6276 6604 6605
f 6366 6603 6365
f 7449 6377 6248
f 6377 6602 6251
f 6377 7449 7508
f 7508 7468 6598
f 6602 6377 7508
f 7468 6599 6598
f 6598 6750 7508
f 6365 6603 6604
f 6602 6603 6366
f 7508 6601 6602
f 7508 6600 6601
f 7508 6750 6600
f 6602 6367 6251
f 7138 7151 7128
f 7128 7145 7129
f 7110 7131 7111
f 7131 7110 7134
f 7111 7131 7130
f 7123 7134 7110
f 6609 7124 7106
f 7124 6609 7139
f 7134 7109 7125
f 7109 7134 7123
f 7125 7106 7124
f 7106 7125 7109
f 7140 7127 7124
f 7127 7151 7138
f 7111 6388 7113
f 7113 6384 7114
f 6384 6605 6607
f 7105 7114 6608
f 6607 7114 6384
f 7106 6610 6609
f 7114 6606 6608
f 7105 6610 7106
f 6608 6610 7105
f 7114 6607 6606
f 6384 6276 6605
f 6251 6234 6376
f 6576 6580 6578
f 7495 7443 7551
f 7551 7444 7552
f 7444 7551 7443
f 7441 7440 7494
f 7444 7443 7471
f 7471 7552 7444
f 7471 7451 7567
f 7451 7471 7443
f 7446 7445 7472
f 7445 7549 7472
f 7442 7549 7445
f 7450 7455 7474
f 7474 7473 7450
f 7474 7456 7475
f 7456 7474 7455
f 7452 6240 7533
f 6240 7476 7533
f 7447 7541 7553
f 7553 7476 7447
f 7447 7476 6240
f 7477 7459 7478
f 7478 7458 7523
f 7458 7478 7459
f 7538 7454 7479
f 7454 7480 7479
f 7454 7453 7533
f 7533 7480 7454
f 7460 7457 7482
f 7482 7481 7460
f 7482 7463 7483
f 7463 7482 7457
f 7462 7461 7484
f 6247 7525 7485
f 7486 7461 6247
f 7485 7486 6247
f 7463 7466 7487
f 7487 7510 7463
f 7487 7465 7516
f 7465 7487 7466
f 7467 7448 7488
f 7448 7513 7510
f 7490 7489 7465
f 7490 7468 7505
f 7508 7449 7491
f 7449 7492 7491
f 7464 7503 7501
f 7501 7492 7464
f 7464 7492 7449
f 7493 7574 7495
f 7574 6517 7495
f 7493 7494 6514
f 7493 7495 7494
f 7495 6517 6516
f 6514 7494 7440
f 7440 6515 6514
f 7495 6516 6345
f 6511 6517 7574
f 7469 7496 6513
f 7552 6511 7497
f 7497 7469 7552
f 7496 6514 6513
f 7498 6513 6512
f 6512 7444 7498
f 7444 6512 6511
f 7552 7444 6511
f 6511 7574 7497
f 7493 6514 7496
f 7498 7469 6513
f 7496 7469 7497
f 6515 7440 6345
f 7440 7495 6345
f 7500 7499 7489
f 7499 6522 7489
f 7587 7501 6520
f 7587 7500 7501
f 6522 7465 7489
f 7499 6348 6522
f 6523 7465 6522
f 6520 7503 6521
f 6520 7501 7503
f 7504 6348 7499
f 6520 7588 7587
f 7491 7588 6520
f 7505 6518 7504
f 7504 7491 7506
f 7508 6520 6519
f 6520 7508 7491
f 6350 7507 7508
f 6518 7468 6350
f 7505 7468 6518
f 6518 6348 7504
f 6350 7508 6519
f 7507 6350 7468
f 7588 7491 7504
f 7506 7505 7504
f 6521 7503 6523
f 7503 7502 6523
f 7502 7465 6523
f 7489 7501 7500
f 7509 6532 7510
f 7511 7510 6528
f 6526 6529 7509
f 6532 7463 7510
f 6532 7509 6529
f 7463 6532 6531
f 6528 7510 7513
f 7513 6530 6528
f 6528 7514 7511
f 7488 7515 7514
f 7488 7514 6527
f 7509 7517 7516
f 7516 6524 7509
f 7517 7515 7489
f 6525 7467 6527
f 6527 7467 7488
f 7519 7503 6525
f 7489 7516 7517
f 7465 6525 6524
f 7516 7465 6524
f 6524 6526 7509
f 6528 6527 7514
f 7519 6525 7465
f 7503 7518 6525
f 7518 7520 6525
f 7520 7467 6525
f 7514 7515 7517
f 6530 7513 6531
f 7513 7512 6531
f 7512 7463 6531
f 7509 7510 7511
f 6535 7521 7582
f 7521 6539 7481
f 7522 7485 6538
f 7522 7481 7523
f 6539 7460 7481
f 7521 6535 6539
f 6355 7460 6539
f 6538 7525 6537
f 6538 7485 7525
f 6538 7526 7522
f 7484 7527 7526
f 7484 7526 6534
f 7483 6533 7582
f 7582 7527 7510
f 7462 6534 6536
f 6534 7462 7484
f 7582 7528 7483
f 6533 7463 6536
f 7513 6536 7529
f 7483 7463 6533
f 6533 6535 7582
f 6538 6534 7526
f 7529 6536 7463
f 7513 7530 6536
f 7530 7462 6536
f 7526 7527 7582
f 7510 7528 7582
f 6537 7525 6355
f 7525 7524 6355
f 7524 7460 6355
f 7521 7481 7522
f 7522 7523 7485
f 7532 7531 7477
f 7531 6542 7477
f 7533 7534 7532
f 7534 7533 6544
f 7535 6542 6545
f 7453 6545 6544
f 7533 7453 6544
f 6541 6542 7531
f 7479 7536 6358
f 7531 7537 7523
f 7523 6541 7531
f 7537 7479 7523
f 6358 6540 7479
f 7536 6544 6358
f 7538 6540 6543
f 6540 7538 7479
f 6541 7523 7458
f 7525 6543 7458
f 7534 6544 7536
f 6541 7458 6543
f 7525 7538 6543
f 7536 7479 7537
f 7453 7535 6545
f 7535 7477 6542
f 7477 7533 7532
f 7539 6553 7473
f 7542 7553 6549
f 7542 7568 7553
f 7568 7473 7553
f 6547 6553 7539
f 6360 7450 6553
f 6553 7450 7473
f 6549 7541 6552
f 6549 7553 7541
f 7540 6360 6551
f 7544 7542 7533
f 7533 7542 6546
f 7539 7544 7475
f 7475 6359 7539
f 7544 7533 7477
f 7542 6550 6546
f 7452 6546 6548
f 6546 7452 7533
f 7546 7453 6548
f 7477 7543 7544
f 6359 7475 7456
f 6359 6547 7539
f 6549 6550 7542
f 6359 7546 6548
f 7546 6359 7456
f 7453 7545 6548
f 7545 7547 6548
f 7547 7452 6548
f 7544 7543 7475
f 6552 7541 6551
f 7541 7540 6551
f 7540 7450 6360
f 7539 7473 7568
f 7556 7441 7548
f 7494 7495 7548
f 7550 7548 7495
f 7441 7556 7549
f 7549 7470 7441
f 7441 7494 7548
f 7470 7549 7469
f 7552 7469 7442
f 7471 7551 7552
f 7551 7471 7474
f 7551 7550 7495
f 7469 7549 7442
f 7473 7567 7553
f 7553 7472 7476
f 7472 7549 7476
f 7480 7533 7476
f 7471 7567 7473
f 7476 7549 7480
f 7471 7473 7474
f 7479 7480 7486
f 7475 7477 7474
f 7477 7478 7474
f 7478 7551 7474
f 7478 7523 7481
f 7485 7523 7479
f 7485 7479 7486
f 7484 7461 7448
f 7448 7461 7480
f 7551 7478 7554
f 7486 7480 7461
f 7478 7481 7482
f 7510 7482 7483
f 7490 7554 7487
f 7487 7482 7510
f 7482 7487 7554
f 7482 7554 7478
f 7484 7448 7510
f 7448 7480 7492
f 7501 7489 7488
f 7492 7488 7448
f 7492 7480 7559
f 7492 7501 7488
f 7491 7492 7559
f 7489 7487 7516
f 7555 7490 7505
f 7487 7489 7490
f 7506 7491 7555
f 7555 7505 7506
f 7490 7555 7561
f 7561 7554 7490
f 7556 7557 7549
f 7491 7559 7558
f 7555 7491 7558
f 7605 7560 7480
f 7559 7480 7560
f 7560 7558 7559
f 7561 7562 7554
f 7562 7597 7551
f 7597 7550 7551
f 7562 7551 7554
f 7561 7555 7558
f 7605 7480 7601
f 7549 7601 7480
f 7548 7550 7556
f 7497 7563 7552
f 7563 6558 7552
f 7564 7442 6557
f 6558 7444 7552
f 7563 6555 6558
f 6559 7444 6558
f 6559 7442 7498
f 6560 6557 7442
f 6557 6556 7564
f 6554 6555 7563
f 6556 7566 7564
f 7472 7566 6556
f 7569 7568 7567
f 7567 6554 7569
f 7568 7472 7553
f 7446 6556 6362
f 6556 7446 7472
f 7553 7567 7568
f 6361 7570 7571
f 6554 7567 7451
f 6554 7451 6361
f 7541 6362 7571
f 6554 7563 7569
f 6361 7571 6362
f 7570 6361 7451
f 7541 7572 6362
f 7572 7446 6362
f 7566 7472 7568
f 6560 7442 6559
f 7498 7565 6559
f 7565 7444 6559
f 7497 7552 7564
f 7552 7442 7564
f 7575 7569 7563
f 7574 7493 7573
f 7574 7563 7497
f 7569 7575 7539
f 7576 7539 7575
f 7577 7531 7576
f 7531 7539 7576
f 7568 7569 7539
f 7539 7531 7532
f 7532 7544 7539
f 7497 7564 7496
f 7496 7564 7578
f 7493 7496 7579
f 7579 7496 7578
f 7564 7581 7578
f 7564 7566 7581
f 7493 7579 7573
f 7566 7568 7542
f 7544 7532 7534
f 7534 7542 7544
f 7581 7542 7580
f 7581 7566 7542
f 7542 7534 7580
f 7582 7521 7577
f 7509 7582 7583
f 7521 7537 7531
f 7522 7537 7521
f 7511 7582 7509
f 7531 7577 7521
f 7509 7504 7499
f 7499 7500 7517
f 7509 7499 7517
f 7584 7589 7504
f 7522 7536 7537
f 7582 7511 7526
f 7536 7522 7602
f 7602 7534 7536
f 7511 7585 7526
f 7585 7522 7526
f 7500 7587 7514
f 7586 7511 7514
f 7587 7586 7514
f 7588 7504 7589
f 7517 7500 7514
f 7588 7560 7606
f 7588 7589 7560
f 7584 7504 7589
f 7504 7561 7589
f 7590 7561 7504
f 7504 7509 7591
f 7509 7590 7591
f 7592 7590 7509
f 7509 7583 7592
f 7583 7582 7592
f 7593 7592 7582
f 7582 7577 7593
f 7562 7593 7577
f 7577 7576 7562
f 7595 7594 7576
f 7576 7575 7595
f 7596 7595 7575
f 7575 7563 7596
f 7563 7574 7596
f 7574 7597 7596
f 7550 7574 7573
f 7579 7550 7573
f 7550 7579 7598
f 7578 7599 7598
f 7598 7579 7578
f 7599 7578 7581
f 7581 7601 7599
f 7581 7600 7601
f 7600 7581 7580
f 7534 7602 7601
f 7601 7580 7534
f 7600 7580 7601
f 7562 7576 7594
f 7522 7603 7604
f 7604 7602 7522
f 7585 7605 7604
f 7604 7522 7585
f 7511 7606 7605
f 7605 7585 7511
f 7603 7522 7604
f 7606 7511 7586
f 7606 7586 7587
f 7590 7504 7591
f 7588 7606 7587
f 6864 6863 6865
f 6865 6866 6855
f 6866 6867 6855
f 6855 6864 6865
f 6835 6834 6833
f 7606 7560 7605
f 7592 7593 7562
f 7605 7602 7604
f 7560 7589 7558
f 7561 7558 7589
f 7590 7592 7562
f 7562 7561 7590
f 7599 7601 7598
f 7598 7601 7549
f 7598 7549 7557
f 7557 7556 7598
f 7550 7598 7556
f 7574 7550 7597
f 7596 7597 7562
f 7596 7562 7595
f 7595 7562 7594
f 7601 7602 7605
f 7390 7394 7430
f 7430 7394 7393
f 7430 7431 7390
f 7393 7427 7428
f 7411 7431 7432
f 7390 7431 7411
f 7434 7411 7433
f 7427 7393 7426
f 7435 7436 7411
f 7425 7426 7424
f 7414 7423 7424
f 7392 7422 7424
f 7422 7414 7424
f 7426 7393 7424
f 7439 7437 7438
f 7421 7437 7439
f 7392 7416 7422
f 7421 7416 7391
f 7392 7391 7416
f 7436 7437 7411
f 7245 7271 7244
f 7246 7271 7245
f 7246 7247 7271
f 7243 7244 7271
f 7271 7247 7272
f 7249 7222 7272
f 7272 7226 7249
f 7273 7272 7222
f 7226 7272 7247
f 7273 7251 7270
f 7242 7257 7258
f 7242 7229 7257
f 7252 7270 7251
f 7252 7253 7229
f 7252 7229 7270
f 7255 7257 7229
f 6839 6838 6836
f 6837 6839 6836
f 6838 6839 6840
f 6058 7608 7607
f 7607 6049 6058
f 7607 6059 6049
f 7609 6059 7607
f 6059 7609 6081
f 7608 6058 6109
f 6109 6665 7608
f 6662 6082 6081
f 6081 7609 6662
f 6665 7610 7608
f 7611 7607 7608
f 6662 7609 7612
f 7611 7608 7610
f 6664 7612 7607
f 7607 7611 6664
f 7607 7612 7609
f 7726 7614 7615
f 7734 7615 7617
f 7726 7618 7621
f 7620 7726 7621
f 7621 7618 7619
f 7734 7617 7622
f 7643 7742 7622
f 7613 7726 7620
f 7614 7726 7613
f 7617 7615 7623
f 7623 7615 7616
f 7614 7616 7615
f 7622 7742 7734
f 7618 7624 7627
f 7618 7627 7626
f 7626 7619 7618
f 7628 7624 7629
f 7631 7629 7719
f 7624 7625 7627
f 7628 7629 7630
f 7630 7629 7631
f 7632 7719 7634
f 7631 7719 7632
f 7634 7719 7633
f 7635 7633 7717
f 7636 7635 7717
f 7625 7624 7628
f 7643 7622 7637
f 7637 7638 7643
f 7643 7638 7639
f 7639 7640 7745
f 7644 7640 7642
f 7745 7640 7641
f 7640 7644 7641
f 7644 7642 7645
f 7643 7639 7745
f 7654 7649 7647
f 7648 7649 7705
f 7651 7636 7717
f 7650 7647 7651
f 7650 7651 7717
f 7705 7652 7648
f 7653 7646 7705
f 7650 7654 7647
f 7705 7649 7654
f 7652 7705 7646
f 7655 7657 7658
f 7655 7658 7946
f 7656 7659 7660
f 7660 7662 7661
f 7656 7655 7948
f 7660 7659 7952
f 7663 7931 7947
f 7664 7663 7665
f 7931 7663 7664
f 7665 7666 7930
f 7930 7666 7667
f 7670 7669 7671
f 7671 7672 7670
f 7674 7679 7680
f 7684 7677 7675
f 7674 7680 7682
f 7680 7684 7683
f 7684 7675 7685
f 7675 7676 7685
f 7678 7667 7687
f 7667 7666 7688
f 7665 7663 7689
f 7676 7678 7711
f 7681 7692 7674
f 7682 7681 7674
f 7683 7682 7680
f 7686 7685 7676
f 7686 7676 7711
f 7687 7711 7678
f 7688 7687 7667
f 7689 7666 7665
f 7690 7691 7663
f 7702 7690 7663
f 7689 7663 7691
f 7663 7657 7693
f 7657 7655 7693
f 7660 7661 7697
f 7656 7660 7695
f 7655 7656 7701
f 7661 7668 7697
f 7668 7670 7699
f 7672 7673 7700
f 7670 7672 7727
f 7694 7693 7655
f 7701 7694 7655
f 7696 7656 7695
f 7695 7660 7697
f 7701 7656 7696
f 7693 7702 7663
f 7698 7697 7668
f 7698 7668 7699
f 7727 7672 7728
f 7692 7700 7673
f 7728 7672 7700
f 7699 7670 7727
f 7673 7674 7692
f 7666 7689 7708
f 7666 7704 7688
f 7707 7705 7654
f 7705 7707 7708
f 7653 7705 7703
f 7654 7650 7707
f 7653 7645 7646
f 7684 7716 7683
f 7683 7715 7682
f 7685 7713 7684
f 7633 7710 7717
f 7723 7629 7624
f 7719 7629 7722
f 7688 7704 7687
f 7653 7706 7720
f 7708 7707 7709
f 7705 7708 7703
f 7653 7703 7706
f 7707 7650 7709
f 7718 7710 7633
f 7650 7717 7710
f 7709 7650 7704
f 7690 7706 7691
f 7720 7706 7702
f 7702 7706 7690
f 7708 7709 7666
f 7703 7708 7689
f 7706 7703 7691
f 7691 7703 7689
f 7718 7721 7710
f 7721 7718 7711
f 7704 7650 7687
f 7687 7710 7711
f 7687 7650 7710
f 7721 7711 7710
f 7709 7704 7666
f 7712 7719 7722
f 7686 7718 7719
f 7714 7629 7723
f 7724 7723 7624
f 7618 7724 7624
f 7722 7629 7714
f 7722 7714 7716
f 7718 7686 7711
f 7712 7686 7719
f 7722 7713 7712
f 7686 7712 7685
f 7716 7714 7683
f 7714 7715 7683
f 7722 7716 7713
f 7713 7716 7684
f 7723 7715 7714
f 7712 7713 7685
f 7723 7724 7682
f 7715 7723 7682
f 7718 7633 7719
f 7725 7653 7720
f 7700 7733 7728
f 7618 7726 7724
f 7731 7726 7615
f 7726 7731 7732
f 7735 7615 7734
f 7735 7734 7729
f 7697 7738 7695
f 7701 7739 7694
f 7695 7737 7696
f 7643 7736 7742
f 7745 7743 7643
f 7725 7644 7645
f 7698 7730 7697
f 7734 7742 7729
f 7732 7731 7733
f 7726 7732 7724
f 7615 7735 7699
f 7731 7615 7727
f 7741 7736 7643
f 7729 7742 7730
f 7735 7729 7699
f 7732 7733 7700
f 7724 7732 7692
f 7692 7732 7700
f 7733 7731 7728
f 7727 7615 7699
f 7731 7727 7728
f 7699 7747 7698
f 7699 7729 7747
f 7747 7729 7698
f 7736 7738 7697
f 7742 7736 7730
f 7730 7736 7697
f 7729 7730 7698
f 7741 7738 7736
f 7692 7682 7724
f 7743 7745 7744
f 7743 7744 7737
f 7744 7644 7739
f 7644 7744 7641
f 7746 7748 7644
f 7746 7644 7725
f 7745 7641 7744
f 7738 7743 7695
f 7741 7743 7738
f 7744 7696 7737
f 7743 7737 7695
f 7744 7739 7701
f 7696 7744 7701
f 7748 7694 7644
f 7694 7748 7746
f 7749 7746 7725
f 7694 7746 7740
f 7740 7749 7693
f 7749 7740 7746
f 7694 7740 7693
f 7694 7739 7644
f 7720 7749 7725
f 7741 7643 7743
f 7725 7645 7653
f 7681 7682 7692
f 7720 7702 7749
f 7702 7693 7749
f 7757 7750 7636
f 7751 7648 7755
f 7751 7754 7649
f 7752 7649 7753
f 7649 7754 7753
f 7756 7755 7646
f 7758 7642 7759
f 7759 7640 7761
f 7758 7762 7645
f 7761 7640 7763
f 7639 7760 7764
f 7638 7637 7760
f 7647 7757 7651
f 7765 7766 7647
f 7757 7636 7651
f 7647 7649 7752
f 7751 7649 7648
f 7648 7652 7755
f 7755 7652 7646
f 7756 7646 7767
f 7752 7765 7647
f 7646 7768 7767
f 7647 7766 7757
f 7769 7646 7762
f 7762 7646 7645
f 7768 7646 7769
f 7763 7640 7770
f 7770 7639 7771
f 7639 7772 7771
f 7640 7759 7642
f 7645 7642 7758
f 7764 7772 7639
f 7638 7760 7639
f 7639 7770 7640
f 7637 7773 7760
f 7774 7773 7637
f 7774 7637 7777
f 7776 7613 7780
f 7776 7775 7614
f 7775 7778 7623
f 7778 7779 7623
f 7781 7777 7617
f 7782 7783 7628
f 7782 7628 7784
f 7630 7787 7784
f 7786 7626 7783
f 7787 7631 7788
f 7789 7780 7621
f 7635 7636 7785
f 7622 7777 7637
f 7619 7790 7789
f 7779 7791 7617
f 7792 7617 7791
f 7623 7616 7775
f 7776 7614 7613
f 7777 7622 7617
f 7781 7617 7792
f 7623 7779 7617
f 7614 7775 7616
f 7621 7780 7620
f 7619 7789 7621
f 7613 7620 7780
f 7619 7786 7793
f 7627 7625 7783
f 7628 7630 7784
f 7625 7628 7783
f 7626 7627 7783
f 7788 7631 7794
f 7795 7794 7632
f 7631 7632 7794
f 7795 7632 7796
f 7632 7785 7796
f 7785 7632 7634
f 7619 7626 7786
f 7631 7787 7630
f 7633 7785 7634
f 7633 7635 7785
f 7636 7750 7785
f 7797 7798 7806
f 7800 7801 7802
f 7802 7797 7803
f 7804 7805 7806
f 7804 7806 7807
f 7806 7799 7797
f 7806 7798 7807
f 7797 7808 7809
f 7800 7803 7810
f 7800 7802 7803
f 7803 7797 7809
f 7811 7814 7812
f 7813 7814 7811
f 7814 7815 7812
f 7809 7813 7811
f 7808 7797 7799
f 7819 7816 7817
f 7819 7817 7818
f 7819 7820 7808
f 7820 7819 7818
f 7821 7809 7808
f 7824 7822 7823
f 7825 7808 7824
f 7823 7825 7824
f 7829 7813 7826
f 7827 7829 7826
f 7828 7829 7827
f 7821 7808 7825
f 7821 7826 7813
f 7813 7809 7821
f 7830 7825 7823
f 7799 7819 7808
f 7752 7753 7812
f 7752 7812 7815
f 7754 7811 7753
f 7812 7753 7811
f 7815 7765 7752
f 7757 7766 7814
f 7766 7815 7814
f 7765 7815 7766
f 7783 7782 7825
f 7787 7826 7784
f 7821 7782 7784
f 7784 7826 7821
f 7782 7821 7825
f 7793 7786 7830
f 7793 7830 7823
f 7825 7786 7783
f 7830 7786 7825
f 7823 7619 7793
f 7789 7790 7822
f 7780 7789 7824
f 7790 7823 7822
f 7789 7822 7824
f 7619 7823 7790
f 7760 7773 7806
f 7773 7799 7806
f 7774 7777 7819
f 7819 7799 7774
f 7774 7799 7773
f 7806 7764 7760
f 7764 7806 7805
f 7805 7772 7764
f 7763 7798 7761
f 7771 7772 7804
f 7770 7771 7804
f 7804 7807 7770
f 7763 7770 7807
f 7798 7763 7807
f 7805 7804 7772
f 7754 7751 7811
f 7809 7751 7755
f 7751 7809 7811
f 7803 7809 7755
f 7767 7831 7800
f 7756 7767 7810
f 7800 7810 7767
f 7803 7756 7810
f 7769 7800 7831
f 7769 7762 7801
f 7762 7802 7801
f 7801 7800 7769
f 7755 7756 7803
f 7758 7797 7802
f 7759 7761 7797
f 7759 7797 7758
f 7758 7802 7762
f 7797 7761 7798
f 7779 7778 7818
f 7779 7818 7817
f 7775 7820 7778
f 7818 7778 7820
f 7817 7791 7779
f 7781 7792 7816
f 7777 7781 7819
f 7792 7817 7816
f 7781 7816 7819
f 7791 7817 7792
f 7775 7776 7808
f 7808 7776 7780
f 7824 7808 7780
f 7820 7775 7808
f 7796 7785 7829
f 7796 7829 7828
f 7828 7795 7796
f 7788 7794 7827
f 7787 7788 7826
f 7794 7828 7827
f 7788 7827 7826
f 7795 7828 7794
f 7785 7750 7829
f 7750 7813 7829
f 7750 7757 7814
f 7814 7813 7750
f 7837 7852 7838
f 7840 7842 7845
f 7834 7832 7833
f 7835 7833 7832
f 7974 7835 7851
f 7835 7974 7836
f 7837 7851 7835
f 7839 7852 7840
f 7852 7839 7841
f 7853 7840 7845
f 7843 7842 7844
f 7842 7843 7845
f 7840 7853 7986
f 7850 7847 7848
f 7849 7847 7990
f 7847 7849 7848
f 7842 7846 7844
f 7847 7855 7990
f 7854 7855 7847
f 7856 7861 7862
f 7870 7872 7873
f 7869 7870 7871
f 7864 7868 8005
f 7855 7854 7856
f 7858 7860 7856
f 7858 7856 7859
f 7857 7856 7860
f 7862 7861 7863
f 7866 7867 7864
f 7865 7864 7867
f 7863 7861 7864
f 7859 7856 7862
f 8005 7868 8006
f 8006 7868 7869
f 7871 7870 8009
f 7834 7874 7872
f 7873 7872 7874
f 8009 7870 7873
f 7866 7864 8005
f 7872 7832 7834
f 7875 7876 7878
f 7875 7882 7876
f 7875 7887 7882
f 7887 7884 7882
f 7875 7877 7879
f 7887 7875 7879
f 7896 7882 7900
f 7882 7884 7900
f 7884 7898 7900
f 7900 7883 7896
f 7880 7886 7887
f 7886 7884 7887
f 7885 7886 7880
f 7888 7887 7879
f 7889 7892 7879
f 7879 7877 7889
f 7875 7893 7877
f 7886 7891 7884
f 7879 7892 7888
f 7877 7890 7889
f 7877 7893 7890
f 7893 7875 7894
f 7894 7875 7878
f 7881 7895 7882
f 7895 7876 7882
f 7898 7897 7900
f 7878 7876 7895
f 7896 7899 7882
f 7881 7882 7899
f 7898 7884 7901
f 7891 7886 7983
f 7884 7891 7983
f 7885 7880 7903
f 7880 7887 7903
f 7886 7885 7909
f 7888 7892 7905
f 7889 7890 7908
f 7890 7893 7972
f 7892 7889 7906
f 7887 7888 7980
f 7901 7884 7983
f 7902 7983 7886
f 7902 7886 7909
f 7903 7982 7885
f 7903 7887 7980
f 7909 7885 7982
f 7904 7888 7905
f 7906 7905 7892
f 7910 7906 7889
f 7910 7889 7908
f 7907 7890 7972
f 7908 7890 7907
f 7980 7888 7904
f 7898 7901 7985
f 7893 7894 7911
f 7894 7878 7999
f 7878 7895 7914
f 7881 7899 7916
f 7899 7896 7916
f 7883 7900 7917
f 7897 7898 7992
f 7900 7897 7992
f 7896 7883 7993
f 7895 7881 7998
f 7911 7972 7893
f 7913 7912 7894
f 7911 7894 7912
f 7999 7913 7894
f 7999 7878 7914
f 7915 7914 7895
f 7916 8001 7881
f 7998 7881 8001
f 7993 7916 7896
f 7917 7993 7883
f 7985 7992 7898
f 7917 7900 7992
f 7915 7895 7998
f 7919 7680 7679
f 7918 7679 7674
f 7922 7679 7918
f 7919 7920 7680
f 7673 7918 7674
f 7680 7920 7684
f 7928 7676 7675
f 7920 7925 7677
f 7675 7677 7924
f 7677 7926 7924
f 7920 7923 7925
f 7677 7684 7920
f 7846 7925 7923
f 7924 7928 7675
f 7676 7932 7678
f 7667 7678 7929
f 7928 7932 7676
f 7930 7667 7933
f 7665 7930 7941
f 7678 7932 7929
f 7667 7929 7933
f 7665 7941 7664
f 7941 7930 7939
f 7924 7927 7928
f 7919 7679 7922
f 7847 7919 7922
f 7921 7922 7918
f 7847 7922 7921
f 7847 7923 7919
f 7923 7920 7919
f 7926 7927 7924
f 7926 7677 7925
f 7929 7932 7937
f 7840 7937 7932
f 7927 7932 7928
f 7840 7932 7927
f 7842 7927 7926
f 7842 7926 7925
f 7925 7846 7842
f 7846 7923 7847
f 7921 7854 7847
f 7840 7927 7842
f 7938 7929 7852
f 7929 7840 7852
f 7840 7929 7937
f 7930 7934 7939
f 7940 7930 7933
f 7852 7934 7940
f 7930 7940 7934
f 7852 7939 7934
f 7852 7940 7933
f 7938 7852 7933
f 7931 7664 7941
f 7941 7942 7931
f 7837 7941 7939
f 7931 7935 7947
f 7935 7931 7944
f 7835 7942 7941
f 7837 7939 7852
f 7835 7941 7837
f 7942 7835 7943
f 7835 7944 7943
f 7931 7943 7944
f 7947 7935 7945
f 7832 7945 7935
f 7835 7935 7944
f 7832 7935 7835
f 7943 7931 7942
f 7933 7929 7938
f 7936 7663 7947
f 7657 7663 7936
f 7658 7657 7936
f 7949 7658 7936
f 7946 7950 7655
f 7950 7948 7655
f 7872 7946 7658
f 7951 7948 7950
f 7948 7951 7656
f 7659 7656 7951
f 7659 7954 7952
f 7954 7659 7951
f 7955 7952 7954
f 7956 7954 7951
f 7660 7952 7963
f 7960 7662 7963
f 7660 7963 7662
f 7661 7957 7668
f 7661 7662 7957
f 7670 7668 7959
f 7672 7671 7958
f 7918 7673 7672
f 7959 7669 7670
f 7662 7960 7957
f 7668 7957 7961
f 7668 7961 7959
f 7671 7669 7962
f 7962 7669 7968
f 7672 7958 7918
f 7958 7671 7971
f 7872 7947 7945
f 7872 7658 7949
f 7947 7949 7936
f 7872 7949 7947
f 7870 7953 7951
f 7870 7951 7950
f 7872 7950 7946
f 7870 7950 7872
f 7869 7954 7956
f 7956 7951 7953
f 7957 7960 7964
f 7868 7963 7955
f 7963 7952 7955
f 7868 7964 7960
f 7868 7960 7963
f 7869 7955 7954
f 7869 7956 7953
f 7869 7953 7870
f 7872 7945 7832
f 7868 7955 7869
f 7864 7965 7957
f 7864 7964 7868
f 7964 7864 7957
f 7967 7959 7961
f 7864 7966 7961
f 7861 7959 7967
f 7967 7961 7966
f 7861 7967 7966
f 7961 7965 7864
f 7671 7962 7971
f 7856 7968 7959
f 7968 7669 7959
f 7958 7971 7918
f 7918 7971 7970
f 7864 7861 7966
f 7856 7959 7861
f 7968 7856 7969
f 7856 7971 7969
f 7962 7969 7971
f 7856 7970 7971
f 7918 7970 7854
f 7970 7856 7854
f 7969 7962 7968
f 7961 7957 7965
f 7921 7918 7854
f 7836 7907 7972
f 7910 7908 7906
f 7974 7908 7907
f 7833 7836 7972
f 7973 7908 7974
f 7905 7906 7977
f 7975 7906 7978
f 7906 7976 7977
f 7838 7976 7906
f 7839 7905 7977
f 7908 7973 7978
f 7978 7906 7908
f 7911 7979 7972
f 7981 7904 7905
f 7982 7902 7909
f 7980 7904 7986
f 7987 7904 7981
f 7839 7981 7905
f 7903 7843 7982
f 7843 7903 7980
f 7902 7982 7989
f 7983 7902 7849
f 7984 7901 7983
f 7834 7833 7972
f 7978 7973 7837
f 7837 7975 7978
f 7836 7974 7907
f 7980 7986 7988
f 7838 7906 7975
f 7986 7904 7987
f 7840 7987 7981
f 7841 7977 7976
f 7836 7833 7835
f 7838 7975 7837
f 7851 7837 7973
f 7974 7851 7973
f 7852 7976 7838
f 7839 7977 7841
f 7976 7852 7841
f 7840 7981 7839
f 7986 7987 7840
f 7982 7843 7844
f 7980 7988 7845
f 7843 7980 7845
f 7989 7846 7902
f 7849 7902 7848
f 7989 7982 7844
f 7846 7989 7844
f 7853 7988 7986
f 7988 7853 7845
f 7846 7850 7902
f 7983 7849 7990
f 7902 7850 7848
f 7846 7847 7850
f 7985 7983 7990
f 7834 7972 7991
f 7995 7992 7985
f 7995 7917 7992
f 7901 7984 7985
f 7994 7917 7995
f 7857 7995 7985
f 7917 7994 7862
f 7859 7994 7995
f 7993 7863 7916
f 8004 7916 7863
f 7996 7993 7997
f 7993 7996 7863
f 7865 8004 7863
f 7917 7862 7997
f 7997 7993 7917
f 7984 7983 7985
f 7916 8004 8001
f 7915 7998 8005
f 8002 7914 7915
f 7866 8005 8001
f 8005 7998 8001
f 7914 8003 7999
f 7913 7999 7912
f 7912 7999 8009
f 7912 8000 7911
f 7979 7911 7991
f 7911 8000 7991
f 7855 7985 7990
f 7855 7857 7985
f 7856 7857 7855
f 7862 7996 7997
f 7859 7862 7994
f 7858 7859 7995
f 7915 8005 8006
f 7867 8001 8004
f 7864 7865 7863
f 7862 7863 7996
f 7860 7995 7857
f 7860 7858 7995
f 7867 8004 7865
f 7867 7866 8001
f 7914 8002 8007
f 8003 7914 8007
f 8008 8003 8007
f 7869 8007 8006
f 8002 8006 8007
f 7871 8003 8008
f 7869 8008 8007
f 8000 7912 8009
f 7871 8009 8003
f 8009 7999 8003
f 7991 8000 7873
f 7871 8008 7869
f 8000 8010 7873
f 8010 8009 7873
f 7991 7873 7874
f 8010 8000 8009
f 7991 7874 7834
f 8002 7915 8006
f 7972 7979 7991
f 8011 8064 8062
f 8064 8012 8066
f 8067 8068 8021
f 8012 8067 8065
f 8014 8015 8016
f 8070 8017 8019
f 8015 8070 8020
f 8068 8014 8021
f 8022 8023 8072
f 8023 8024 8072
f 8025 8027 8026
f 8024 8025 8026
f 8028 8029 8033
f 8031 8032 8079
f 8030 8031 8079
f 8029 8030 8033
f 8027 8028 8034
f 8017 8022 8035
f 8036 8011 8062
f 8064 8066 8062
f 8065 8067 8069
f 8013 8067 8021
f 8067 8013 8069
f 8012 8065 8066
f 8021 8014 8071
f 8014 8016 8071
f 8019 8017 8018
f 8070 8019 8020
f 8015 8020 8016
f 8035 8022 8072
f 8072 8024 8026
f 8034 8026 8027
f 8018 8017 8035
f 8034 8028 8033
f 8033 8030 8079
f 8037 8079 8032
f 8037 8081 8039
f 8081 8082 8039
f 8082 8083 8040
f 8083 8085 8040
f 8087 8041 8088
f 8086 8087 8088
f 8041 8042 8092
f 8042 8043 8092
f 8085 8086 8084
f 8044 8045 8046
f 8047 8048 8049
f 8045 8047 8050
f 8051 8052 8053
f 8103 8056 8057
f 8054 8103 8058
f 8052 8054 8059
f 8048 8051 8060
f 8043 8044 8061
f 8079 8037 8039
f 8038 8082 8040
f 8039 8082 8038
f 8088 8084 8086
f 8088 8041 8092
f 8040 8085 8084
f 8061 8091 8043
f 8061 8044 8046
f 8050 8047 8049
f 8046 8045 8050
f 8060 8051 8053
f 8058 8055 8054
f 8057 8058 8103
f 8059 8054 8055
f 8053 8052 8059
f 8049 8048 8060
f 8092 8043 8091
f 8036 8062 8063
f 8063 8011 8036
f 8062 8064 8063
f 8066 8012 8064
f 8021 8068 8067
f 8069 8067 8012
f 8020 8070 8015
f 8016 8015 8014
f 8018 8022 8017
f 8018 8017 8070
f 8071 8014 8068
f 8072 8023 8022
f 8026 8074 8073
f 8026 8073 8023
f 8034 8076 8075
f 8033 8078 8077
f 8033 8077 8076
f 8034 8075 8074
f 8065 8012 8066
f 8062 8066 8064
f 8069 8021 8067
f 8065 8069 8012
f 8016 8014 8071
f 8020 8015 8016
f 8019 8070 8020
f 8019 8018 8070
f 8021 8071 8068
f 8072 8022 8018
f 8023 8072 8026
f 8034 8074 8026
f 8079 8078 8033
f 8034 8033 8076
f 8078 8079 8080
f 8039 8082 8081
f 8084 8086 8085
f 8040 8085 8083
f 8040 8083 8082
f 8088 8041 8087
f 8088 8087 8086
f 8092 8042 8041
f 8091 8090 8042
f 8046 8095 8094
f 8049 8097 8096
f 8050 8096 8095
f 8053 8099 8098
f 8101 8102 8103
f 8058 8103 8100
f 8059 8100 8099
f 8060 8098 8097
f 8104 8094 8090
f 8039 8080 8079
f 8082 8038 8040
f 8038 8082 8039
f 8086 8084 8093
f 8088 8086 8093
f 8041 8088 8092
f 8042 8092 8091
f 8084 8085 8040
f 8090 8089 8104
f 8094 8061 8046
f 8061 8094 8104
f 8095 8046 8050
f 8096 8050 8049
f 8097 8049 8060
f 8098 8060 8053
f 8099 8053 8059
f 8100 8059 8058
f 8103 8058 8101
f 8089 8090 8091
f 8081 8080 8039
f 8101 8057 8056
f 8056 8102 8101
f 8090 8043 8042
f 8037 8080 8081
f 8094 8044 8043
f 8094 8043 8090
f 8095 8045 8044
f 8095 8044 8094
f 8045 8096 8047
f 8045 8095 8096
f 8097 8048 8047
f 8097 8047 8096
f 8098 8051 8048
f 8098 8048 8097
f 8099 8052 8051
f 8099 8051 8098
f 8052 8100 8054
f 8052 8099 8100
f 8103 8102 8056
f 8103 8054 8100
f 8032 8078 8080
f 8078 8032 8031
f 8030 8077 8078
f 8030 8078 8031
f 8077 8029 8076
f 8029 8077 8030
f 8028 8075 8076
f 8076 8029 8028
f 8027 8074 8075
f 8025 8073 8074
f 8025 8074 8027
f 8073 8024 8023
f 8024 8073 8025
f 8028 8027 8075
f 8064 8011 8063
f 8080 8037 8032
f 8093 8084 8088
f 8091 8061 8104
f 8089 8091 8104
f 8057 8101 8058
f 8059 8055 8058
f 8035 8072 8018
f 8069 8013 8021
f 8109 8110 8105
f 8105 8108 8107
f 8110 8108 8105
f 8106 8109 8105
f 8107 8108 8112
f 8108 8110 8113
f 8111 8107 8112
f 8113 8112 8108
f 8114 8113 8110
f 8115 8116 8110
f 8114 8110 8116
f 8109 8117 8110
f 8107 8111 8122
f 8105 8107 8122
f 8106 8105 8119
f 8106 8120 8109
f 8118 8109 8120
f 8119 8105 8121
f 8121 8105 8122
f 8117 8115 8110
f 8124 8123 8126
f 8128 8124 8126
f 8128 8126 8127
f 8129 8128 8127
f 8123 8125 8126
f 8124 8128 8131
f 8131 8128 8132
f 8128 8129 8127
f 8130 8138 8124
f 8131 8130 8124
f 8132 8128 8127
f 8123 8124 8138
f 8125 8123 8134
f 8133 8127 8126
f 8134 8135 8125
f 8136 8134 8123
f 8136 8123 8137
f 8137 8123 8138
f 8142 8140 8143
f 8140 8142 8139
f 8140 8144 8147
f 8143 8140 8147
f 8141 8140 8139
f 8142 8143 8146
f 8144 8140 8148
f 8145 8149 8142
f 8145 8142 8146
f 8147 8146 8143
f 8147 8144 8148
f 8150 8140 8151
f 8140 8141 8151
f 8139 8142 8149
f 8141 8139 8153
f 8153 8139 8152
f 8149 8152 8139
f 8151 8141 8153
f 8150 8148 8140
f 8154 8155 8160
f 8154 8159 8157
f 8160 8159 8154
f 8159 8160 8158
f 8156 8155 8154
f 8157 8159 8162
f 8161 8157 8162
f 8164 8159 8163
f 8162 8159 8164
f 8158 8163 8159
f 8158 8160 8165
f 8155 8156 8166
f 8154 8157 8161
f 8156 8154 8167
f 8166 8156 8167
f 8168 8167 8154
f 8169 8168 8154
f 8161 8170 8154
f 8169 8154 8170
f 8155 8165 8160
f 8175 8171 8172
f 8175 8174 8173
f 8171 8175 8173
f 8179 8175 8172
f 8173 8174 8177
f 8175 8179 8181
f 8176 8182 8173
f 8176 8173 8177
f 8174 8175 8178
f 8178 8175 8181
f 8172 8180 8179
f 8173 8182 8187
f 8172 8171 8184
f 8171 8173 8187
f 8183 8180 8172
f 8184 8183 8172
f 8185 8188 8171
f 8185 8171 8186
f 8186 8171 8187
f 8184 8171 8188
f 8190 8206 8189
f 8206 8198 8205
f 8206 8190 8198
f 8192 8190 8189
f 8192 8189 8191
f 8192 8194 8190
f 8198 8190 8193
f 8194 8192 8195
f 8194 8193 8190
f 8197 8194 8195
f 8189 8206 8204
f 8205 8198 8199
f 8200 8203 8189
f 8201 8202 8189
f 8200 8189 8202
f 8191 8189 8203
f 8201 8189 8204
f 8191 8196 8192
f 8210 8211 8207
f 8207 8214 8209
f 8214 8211 8215
f 8211 8214 8207
f 8208 8210 8207
f 8209 8214 8213
f 8215 8211 8217
f 8212 8209 8213
f 8216 8217 8211
f 8219 8216 8211
f 8210 8219 8211
f 8209 8212 8218
f 8207 8209 8218
f 8208 8207 8225
f 8219 8210 8220
f 8208 8220 8210
f 8222 8225 8207
f 8218 8224 8207
f 8223 8207 8224
f 8222 8207 8223
f 8221 8208 8225
f 8226 8227 8278
f 8229 8230 8226
f 8231 8227 8226
f 8226 8233 8229
f 8250 8294 8305
f 8233 8234 8284
f 8233 8226 8234
f 8226 8230 8231
f 8237 8270 8242
f 8238 8237 8236
f 8270 8237 8238
f 8234 8237 8240
f 8235 8250 8288
f 8294 8250 8235
f 8284 8234 8235
f 8240 8237 8239
f 8237 8242 8239
f 8243 8244 8270
f 8270 8244 8242
f 8226 8237 8234
f 8288 8284 8235
f 8245 8249 8246
f 8246 8249 8247
f 8247 8249 8248
f 8241 8305 8294
f 8250 8305 8251
f 8248 8250 8251
f 8251 8247 8248
f 8301 8252 8232
f 8253 8252 8303
f 8232 8245 8301
f 8252 8301 8303
f 8253 8254 8255
f 8253 8255 8256
f 8254 8253 8303
f 8256 8267 8253
f 8227 8249 8245
f 8245 8232 8227
f 8257 8258 8241
f 8241 8294 8257
f 8260 8259 8257
f 8260 8307 8261
f 8259 8260 8261
f 8263 8243 8262
f 8265 8267 8264
f 8267 8265 8262
f 8263 8266 8243
f 8307 8243 8266
f 8243 8267 8262
f 8267 8256 8264
f 8260 8243 8307
f 8244 8243 8260
f 8271 8270 8269
f 8238 8236 8268
f 8270 8271 8274
f 8274 8243 8270
f 8267 8272 8273
f 8267 8243 8274
f 8272 8267 8274
f 8267 8273 8253
f 8232 8252 8276
f 8252 8253 8276
f 8232 8275 8277
f 8277 8227 8232
f 8278 8281 8226
f 8278 8227 8277
f 8277 8280 8278
f 8226 8279 8280
f 8226 8280 8237
f 8280 8281 8278
f 8279 8281 8280
f 8280 8283 8282
f 8283 8280 8277
f 8280 8233 8234
f 8282 8233 8280
f 8284 8235 8233
f 8268 8285 8238
f 8238 8237 8270
f 8271 8269 8237
f 8237 8269 8270
f 8237 8238 8285
f 8234 8240 8237
f 8286 8237 8240
f 8287 8237 8286
f 8237 8287 8271
f 8280 8234 8237
f 8235 8234 8233
f 8284 8288 8235
f 8289 8283 8277
f 8290 8291 8292
f 8288 8290 8235
f 8295 8293 8296
f 8294 8291 8295
f 8232 8276 8275
f 8253 8293 8248
f 8253 8248 8275
f 8276 8253 8275
f 8275 8248 8289
f 8289 8277 8275
f 8293 8253 8273
f 8292 8235 8290
f 8294 8295 8296
f 8291 8294 8292
f 8287 8297 8271
f 8273 8274 8298
f 8298 8296 8273
f 8272 8274 8273
f 8298 8274 8297
f 8296 8293 8273
f 8297 8274 8271
f 8236 8237 8285
f 8268 8236 8285
f 8226 8228 8279
f 8228 8226 8281
f 8279 8228 8281
f 8299 8300 8264
f 8265 8264 8300
f 8299 8264 8256
f 8256 8255 8299
f 8302 8301 8245
f 8245 8246 8302
f 8304 8305 8241
f 8241 8258 8304
f 8306 8307 8266
f 8266 8263 8306
f 8310 8254 8303
f 8254 8310 8308
f 8255 8254 8309
f 8309 8254 8308
f 8187 8255 8309
f 8311 8301 8302
f 8310 8301 8311
f 8302 8152 8311
f 8310 8303 8301
f 8186 8187 8309
f 8186 8309 8312
f 8187 8182 8255
f 8255 8182 8198
f 8177 8174 8205
f 8176 8177 8199
f 8312 8188 8185
f 8188 8312 8184
f 8185 8186 8312
f 8174 8178 8204
f 8199 8182 8176
f 8149 8315 8152
f 8315 8313 8152
f 8314 8315 8145
f 8145 8315 8149
f 8314 8184 8312
f 8313 8311 8152
f 8314 8145 8223
f 8146 8223 8145
f 8302 8153 8152
f 8224 8218 8183
f 8183 8218 8180
f 8184 8314 8183
f 8179 8203 8181
f 8212 8180 8218
f 8180 8213 8179
f 8223 8224 8183
f 8223 8183 8314
f 8146 8222 8223
f 8222 8146 8225
f 8212 8213 8180
f 8316 8214 8215
f 8214 8316 8213
f 8179 8213 8316
f 8146 8147 8225
f 8302 8246 8153
f 8205 8199 8177
f 8206 8174 8204
f 8174 8206 8205
f 8198 8193 8299
f 8318 8193 8194
f 8198 8299 8255
f 8204 8181 8201
f 8202 8201 8181
f 8318 8194 8319
f 8197 8195 8319
f 8197 8319 8194
f 8178 8181 8204
f 8300 8299 8317
f 8193 8317 8299
f 8300 8317 8265
f 8265 8320 8321
f 8320 8265 8317
f 8321 8262 8265
f 8321 8263 8262
f 8263 8321 8322
f 8193 8318 8317
f 8195 8324 8319
f 8198 8182 8199
f 8191 8203 8179
f 8181 8200 8202
f 8192 8324 8195
f 8196 8191 8325
f 8364 8191 8323
f 8196 8325 8192
f 8364 8325 8191
f 8191 8179 8316
f 8332 8316 8215
f 8192 8325 8170
f 8316 8323 8191
f 8203 8200 8181
f 8168 8325 8326
f 8327 8324 8192
f 8170 8161 8327
f 8327 8161 8328
f 8328 8162 8322
f 8327 8192 8170
f 8169 8325 8168
f 8169 8170 8325
f 8161 8162 8328
f 8163 8263 8164
f 8162 8164 8322
f 8263 8322 8164
f 8217 8332 8215
f 8335 8151 8246
f 8220 8147 8148
f 8151 8330 8150
f 8221 8225 8147
f 8330 8151 8331
f 8151 8335 8331
f 8330 8148 8150
f 8148 8330 8329
f 8329 8122 8148
f 8221 8147 8208
f 8147 8220 8208
f 8332 8217 8216
f 8219 8220 8122
f 8219 8122 8111
f 8148 8122 8220
f 8111 8112 8219
f 8112 8137 8216
f 8216 8219 8112
f 8329 8121 8122
f 8329 8340 8121
f 8335 8246 8336
f 8336 8246 8247
f 8336 8247 8337
f 8339 8337 8247
f 8251 8305 8339
f 8251 8339 8247
f 8338 8305 8304
f 8305 8338 8339
f 8118 8338 8304
f 8340 8119 8121
f 8119 8340 8341
f 8112 8113 8137
f 8341 8106 8119
f 8341 8338 8106
f 8106 8338 8120
f 8109 8118 8304
f 8338 8118 8120
f 8125 8113 8114
f 8133 8115 8117
f 8114 8116 8126
f 8115 8133 8116
f 8109 8304 8117
f 8117 8304 8258
f 8151 8153 8246
f 8136 8113 8134
f 8333 8216 8334
f 8216 8344 8334
f 8326 8342 8167
f 8342 8343 8166
f 8138 8344 8137
f 8344 8216 8137
f 8344 8138 8130
f 8130 8345 8343
f 8343 8344 8130
f 8332 8216 8333
f 8342 8166 8167
f 8163 8158 8306
f 8348 8155 8345
f 8347 8155 8348
f 8345 8155 8166
f 8343 8345 8166
f 8347 8165 8155
f 8346 8158 8349
f 8349 8158 8347
f 8158 8165 8347
f 8346 8350 8158
f 8326 8167 8168
f 8135 8134 8113
f 8352 8131 8353
f 8131 8352 8351
f 8131 8351 8345
f 8126 8125 8114
f 8133 8126 8116
f 8133 8117 8127
f 8132 8353 8131
f 8258 8132 8127
f 8135 8113 8125
f 8307 8354 8261
f 8350 8354 8307
f 8350 8307 8306
f 8350 8306 8158
f 8356 8258 8257
f 8258 8356 8355
f 8353 8132 8355
f 8261 8354 8259
f 8354 8257 8259
f 8257 8354 8356
f 8132 8258 8355
f 8117 8258 8127
f 8131 8345 8130
f 8136 8137 8113
f 8163 8306 8263
f 8357 8320 8317
f 8358 8359 8321
f 8320 8358 8321
f 8359 8360 8322
f 8322 8321 8359
f 8322 8360 8328
f 8361 8328 8360
f 8361 8362 8319
f 8362 8363 8318
f 8363 8357 8317
f 8327 8328 8361
f 8324 8361 8319
f 8327 8361 8324
f 8318 8319 8362
f 8317 8318 8363
f 8358 8363 8361
f 8357 8358 8320
f 8363 8358 8357
f 8361 8363 8362
f 8359 8358 8361
f 8359 8361 8360
f 8364 8365 8325
f 8365 8366 8325
f 8367 8368 8342
f 8368 8369 8343
f 8366 8367 8326
f 8325 8366 8326
f 8342 8326 8367
f 8343 8342 8368
f 8344 8343 8369
f 8370 8344 8369
f 8370 8371 8344
f 8371 8334 8344
f 8372 8373 8332
f 8334 8372 8332
f 8332 8333 8334
f 8316 8332 8373
f 8316 8373 8323
f 8373 8364 8323
f 8373 8370 8365
f 8365 8364 8373
f 8365 8368 8366
f 8372 8334 8373
f 8370 8373 8371
f 8368 8365 8370
f 8366 8368 8367
f 8369 8368 8370
f 8373 8334 8371
f 8375 8376 8350
f 8374 8375 8350
f 8376 8377 8354
f 8377 8378 8354
f 8349 8347 8374
f 8350 8346 8374
f 8349 8374 8346
f 8350 8376 8354
f 8356 8354 8378
f 8374 8347 8348
f 8378 8379 8355
f 8379 8380 8353
f 8381 8382 8345
f 8380 8381 8352
f 8352 8353 8380
f 8355 8379 8353
f 8351 8352 8381
f 8345 8351 8381
f 8348 8345 8382
f 8382 8374 8348
f 8355 8356 8378
f 8382 8379 8378
f 8380 8382 8381
f 8376 8375 8374
f 8374 8378 8376
f 8378 8374 8382
f 8378 8377 8376
f 8380 8379 8382
f 8383 8384 8309
f 8384 8385 8312
f 8385 8386 8312
f 8386 8387 8314
f 8309 8384 8312
f 8315 8314 8387
f 8312 8386 8314
f 8388 8315 8387
f 8383 8309 8308
f 8388 8389 8315
f 8389 8390 8311
f 8390 8391 8311
f 8392 8393 8310
f 8391 8392 8311
f 8311 8313 8389
f 8315 8389 8313
f 8310 8311 8392
f 8310 8393 8308
f 8393 8383 8308
f 8384 8392 8390
f 8392 8383 8393
f 8392 8384 8383
f 8386 8385 8384
f 8386 8384 8390
f 8386 8390 8388
f 8388 8390 8389
f 8386 8388 8387
f 8390 8392 8391
f 8394 8395 8329
f 8395 8396 8329
f 8397 8398 8338
f 8398 8399 8338
f 8396 8397 8340
f 8330 8394 8329
f 8329 8396 8340
f 8338 8341 8397
f 8340 8397 8341
f 8400 8338 8399
f 8400 8401 8337
f 8402 8403 8330
f 8401 8402 8335
f 8339 8338 8400
f 8337 8401 8336
f 8339 8400 8337
f 8330 8331 8402
f 8335 8402 8331
f 8336 8401 8335
f 8403 8394 8330
f 8402 8394 8403
f 8402 8400 8398
f 8402 8395 8394
f 8395 8398 8396
f 8398 8395 8402
f 8396 8398 8397
f 8400 8399 8398
f 8401 8400 8402
f 8250 8291 8290
f 8250 8295 8291
f 8250 8293 8295
f 8282 8229 8233
f 8290 8288 8250
f 8293 8250 8248
f 8249 8289 8248
f 8227 8283 8289
f 8289 8249 8227
f 8231 8283 8227
f 8283 8230 8229
f 8230 8283 8231
f 8229 8282 8283
f 8239 8287 8286
f 8260 8298 8297
f 8244 8297 8287
f 8287 8239 8242
f 8244 8287 8242
f 8297 8244 8260
f 8257 8296 8298
f 8239 8286 8240
f 8298 8260 8257
f 8296 8257 8294
f 8235 8292 8294
f 8410 8416 8409
f 8405 8404 8407
f 8405 8408 8555
f 8555 8408 8409
f 8412 8411 8543
f 8406 8411 8412
f 8406 8407 8411
f 8412 8542 8413
f 8542 8415 8413
f 8416 8410 8418
f 8418 8410 8417
f 8418 8417 8581
f 8567 8581 8419
f 8420 8567 8419
f 8426 8419 8421
f 8419 8426 8548
f 8539 8422 8423
f 8415 8539 8423
f 8422 8424 8423
f 8426 8421 8425
f 8424 8528 8423
f 8423 8528 8425
f 8428 8430 8427
f 8432 8431 8430
f 8432 8428 8429
f 8428 8432 8430
f 8433 8434 8435
f 8436 8437 8438
f 8434 8436 8439
f 8440 8441 8442
f 8443 8444 8445
f 8441 8443 8446
f 8437 8440 8447
f 8448 8449 8450
f 8451 8452 8453
f 8449 8451 8454
f 8455 8456 8457
f 8458 8459 8460
f 8456 8458 8461
f 8452 8455 8462
f 8444 8448 8463
f 8435 8464 8433
f 8438 8439 8436
f 8435 8434 8439
f 8442 8447 8440
f 8445 8446 8443
f 8442 8441 8446
f 8438 8437 8447
f 8450 8463 8448
f 8453 8454 8451
f 8450 8449 8454
f 8457 8462 8455
f 8460 8461 8458
f 8457 8456 8461
f 8453 8452 8462
f 8445 8444 8463
f 8465 8466 8459
f 8433 8464 8467
f 8465 8427 8468
f 8469 8470 8471
f 8427 8469 8468
f 8472 8473 8474
f 8475 8476 8477
f 8473 8475 8478
f 8470 8472 8479
f 8480 8481 8482
f 8483 8484 8485
f 8481 8483 8486
f 8487 8488 8489
f 8490 8432 8467
f 8488 8490 8491
f 8484 8487 8492
f 8476 8480 8493
f 8468 8466 8465
f 8494 8471 8470
f 8468 8469 8471
f 8474 8479 8472
f 8477 8478 8475
f 8474 8473 8478
f 8494 8470 8479
f 8482 8493 8480
f 8485 8486 8483
f 8482 8481 8486
f 8489 8492 8487
f 8467 8491 8490
f 8489 8488 8491
f 8485 8484 8492
f 8477 8476 8493
f 8432 8433 8467
f 8466 8460 8459
f 8495 8471 8494
f 8495 8468 8471
f 8466 8468 8495
f 8479 8496 8494
f 8474 8496 8479
f 8497 8478 8477
f 8497 8477 8493
f 8478 8497 8474
f 8474 8497 8496
f 8466 8495 8498
f 8499 8457 8498
f 8498 8460 8466
f 8457 8499 8462
f 8461 8498 8457
f 8499 8454 8453
f 8462 8499 8453
f 8499 8500 8450
f 8450 8500 8463
f 8454 8499 8450
f 8460 8498 8461
f 8482 8501 8497
f 8482 8486 8501
f 8501 8486 8485
f 8485 8492 8502
f 8489 8491 8502
f 8491 8467 8505
f 8502 8492 8489
f 8505 8502 8491
f 8505 8467 8464
f 8501 8485 8502
f 8504 8446 8445
f 8504 8445 8463
f 8447 8442 8503
f 8504 8442 8446
f 8503 8438 8447
f 8500 8504 8463
f 8435 8439 8503
f 8503 8505 8435
f 8505 8464 8435
f 8503 8442 8504
f 8503 8439 8438
f 8497 8493 8482
f 8505 8503 8506
f 8503 8504 8508
f 8504 8500 8510
f 8500 8499 8510
f 8499 8498 8512
f 8506 8503 8507
f 8508 8504 8513
f 8513 8504 8509
f 8507 8503 8508
f 8510 8509 8504
f 8512 8525 8499
f 8510 8499 8525
f 8511 8523 8498
f 8512 8498 8523
f 8498 8495 8511
f 8494 8496 8521
f 8495 8494 8569
f 8497 8501 8515
f 8501 8502 8517
f 8502 8505 8519
f 8511 8495 8520
f 8569 8494 8521
f 8520 8495 8569
f 8514 8496 8497
f 8515 8514 8497
f 8516 8515 8501
f 8516 8501 8517
f 8518 8517 8502
f 8506 8519 8505
f 8518 8502 8519
f 8512 8526 8525
f 8426 8425 8528
f 8548 8426 8527
f 8426 8528 8527
f 8527 8528 8530
f 8529 8424 8531
f 8424 8529 8528
f 8510 8534 8509
f 8507 8538 8506
f 8422 8539 8424
f 8415 8542 8541
f 8543 8542 8412
f 8424 8539 8531
f 8548 8527 8545
f 8545 8527 8522
f 8528 8529 8530
f 8527 8530 8523
f 8540 8539 8415
f 8533 8539 8509
f 8531 8539 8532
f 8539 8540 8509
f 8529 8531 8525
f 8522 8527 8523
f 8522 8523 8511
f 8545 8522 8511
f 8523 8530 8512
f 8530 8524 8512
f 8530 8529 8524
f 8524 8529 8526
f 8524 8526 8512
f 8526 8529 8525
f 8525 8532 8510
f 8525 8531 8532
f 8534 8533 8509
f 8534 8539 8533
f 8539 8534 8532
f 8532 8534 8510
f 8541 8414 8415
f 8508 8546 8541
f 8414 8541 8546
f 8535 8509 8414
f 8544 8547 8411
f 8538 8543 8411
f 8542 8508 8541
f 8509 8535 8513
f 8414 8546 8535
f 8535 8546 8513
f 8546 8508 8513
f 8508 8536 8507
f 8508 8542 8536
f 8411 8547 8537
f 8538 8411 8537
f 8538 8537 8506
f 8538 8536 8542
f 8542 8543 8538
f 8536 8538 8507
f 8509 8540 8414
f 8540 8415 8414
f 8506 8549 8519
f 8407 8404 8544
f 8517 8518 8550
f 8553 8405 8555
f 8405 8553 8404
f 8404 8553 8544
f 8544 8553 8550
f 8555 8409 8556
f 8555 8556 8552
f 8556 8409 8416
f 8407 8544 8411
f 8514 8560 8496
f 8511 8520 8561
f 8569 8561 8520
f 8496 8562 8521
f 8416 8558 8556
f 8416 8418 8558
f 8567 8418 8581
f 8571 8419 8548
f 8516 8551 8515
f 8544 8554 8547
f 8547 8554 8549
f 8553 8555 8550
f 8544 8550 8554
f 8556 8557 8552
f 8557 8556 8558
f 8547 8549 8506
f 8549 8554 8519
f 8554 8550 8518
f 8550 8555 8552
f 8550 8552 8517
f 8519 8554 8518
f 8517 8564 8516
f 8517 8552 8564
f 8557 8564 8552
f 8564 8557 8516
f 8515 8558 8514
f 8515 8557 8558
f 8558 8560 8514
f 8557 8515 8551
f 8557 8551 8516
f 8565 8560 8558
f 8563 8418 8567
f 8563 8567 8566
f 8560 8565 8563
f 8567 8569 8568
f 8419 8570 8420
f 8567 8420 8570
f 8570 8569 8567
f 8561 8419 8571
f 8568 8566 8567
f 8559 8560 8563
f 8566 8562 8563
f 8559 8563 8496
f 8560 8559 8496
f 8566 8568 8569
f 8566 8569 8521
f 8562 8566 8521
f 8563 8562 8496
f 8561 8570 8419
f 8561 8569 8570
f 8572 8561 8571
f 8561 8572 8511
f 8571 8545 8572
f 8545 8571 8548
f 8565 8558 8563
f 8558 8418 8563
f 8537 8547 8506
f 8545 8511 8572
f 8436 8432 8429
f 8449 8429 8428
f 8456 8428 8427
f 8433 8432 8434
f 8436 8429 8437
f 8429 8443 8441
f 8437 8429 8440
f 8444 8443 8429
f 8429 8441 8440
f 8432 8436 8434
f 8448 8429 8449
f 8451 8428 8452
f 8444 8429 8448
f 8455 8428 8456
f 8427 8458 8456
f 8428 8455 8452
f 8427 8459 8458
f 8451 8449 8428
f 8427 8430 8470
f 8483 8430 8431
f 8490 8431 8432
f 8469 8427 8470
f 8472 8430 8473
f 8475 8430 8476
f 8430 8475 8473
f 8430 8472 8470
f 8480 8430 8481
f 8431 8484 8483
f 8483 8481 8430
f 8476 8430 8480
f 8490 8488 8431
f 8487 8431 8488
f 8487 8484 8431
f 8465 8459 8427
f 8423 8573 8583
f 8574 8585 8423
f 8575 8573 8423
f 8425 8576 8575
f 8577 8579 8419
f 8419 8578 8577
f 8579 8580 8421
f 8419 8581 8578
f 8423 8583 8574
f 8423 8425 8575
f 8421 8580 8584
f 8576 8425 8421
f 8579 8421 8419
f 8421 8584 8576
f 8582 8581 8417
f 8582 8417 8410
f 8592 8586 8409
f 8406 8412 8589
f 8590 8589 8412
f 8591 8590 8415
f 8585 8591 8415
f 8409 8586 8410
f 8592 8409 8408
f 8588 8592 8408
f 8587 8405 8407
f 8408 8405 8588
f 8587 8407 8406
f 8406 8593 8587
f 8413 8590 8412
f 8590 8413 8415
f 8415 8423 8585
f 8582 8410 8586
f 8596 8595 8597
f 8594 8598 8599
f 8595 8598 8594
f 8600 8606 8601
f 8595 8606 8600
f 8603 8595 8596
f 8589 8595 8603
f 8608 8604 8603
f 8607 8606 8605
f 8589 8603 8604
f 8589 8605 8606
f 8606 8595 8589
f 8596 8602 8603
f 8600 8574 8583
f 8574 8600 8601
f 8606 8574 8601
f 8589 8604 8406
f 8608 8593 8406
f 8608 8406 8604
f 8603 8587 8593
f 8593 8608 8603
f 8596 8582 8586
f 8586 8602 8596
f 8597 8595 8581
f 8581 8596 8597
f 8582 8596 8581
f 8600 8573 8595
f 8595 8573 8575
f 8594 8584 8609
f 8594 8599 8584
f 8576 8584 8599
f 8598 8576 8599
f 8580 8594 8609
f 8594 8580 8579
f 8576 8598 8575
f 8595 8575 8598
f 8595 8577 8578
f 8577 8595 8579
f 8594 8579 8595
f 8581 8595 8578
f 8592 8588 8602
f 8592 8602 8586
f 8603 8405 8587
f 8405 8603 8588
f 8602 8588 8603
f 8607 8590 8606
f 8605 8590 8607
f 8589 8590 8605
f 8591 8606 8590
f 8585 8606 8591
f 8574 8606 8585
f 8573 8600 8583
f 8627 8611 8614
f 8617 8614 8618
f 8618 8790 8617
f 8614 8628 8616
f 8619 8623 8630
f 8656 8623 8625
f 8626 8656 8625
f 8790 8618 8619
f 8624 8622 8623
f 8616 8627 8614
f 8628 8614 8617
f 8627 8629 8611
f 8623 8622 8630
f 8624 8623 8656
f 8631 8621 8619
f 8619 8630 8631
f 9024 8611 8629
f 8634 8879 8625
f 8634 8638 8648
f 8638 8637 8636
f 8641 8642 8640
f 8637 8642 8644
f 8642 8643 8639
f 8646 8645 8638
f 8638 8647 8646
f 8648 8997 8634
f 8638 8636 8647
f 8645 8648 8638
f 8676 8636 8637
f 8669 8649 8639
f 8650 8639 8649
f 8642 8650 8644
f 8644 8651 8637
f 8639 8652 8669
f 8639 8650 8642
f 8634 8997 8635
f 8613 9024 8660
f 8660 9024 8654
f 8677 8611 8610
f 8610 8611 8612
f 8615 8611 8613
f 8611 8615 8612
f 8613 8611 9024
f 8789 8619 8620
f 8656 8673 8659
f 8621 8631 8989
f 8663 8613 8660
f 8655 8657 8790
f 8660 8661 8662
f 8790 8657 8617
f 8654 8661 8660
f 8790 8619 8789
f 8619 8621 8620
f 8621 8989 8658
f 8673 8664 8665
f 8665 8659 8673
f 8666 8626 8625
f 5351 8676 8651
f 8676 8637 8651
f 8667 8997 8668
f 8625 8632 8653
f 8652 5460 8669
f 8671 5444 8652
f 5460 8670 8669
f 8672 5528 5444
f 5444 8671 8672
f 8625 8653 8666
f 8879 8634 8633
f 8625 8879 8632
f 8675 8635 8667
f 8997 8667 8635
f 8674 8667 8668
f 8634 8635 8633
f 5460 8652 5444
f 5351 8651 8670
f 8676 9071 8765
f 9071 8676 5351
f 8626 8673 8656
f 8681 8678 8679
f 8679 8680 8681
f 8680 8679 8688
f 8695 8683 8685
f 8804 8686 8688
f 8696 8686 8683
f 8690 8688 8687
f 8804 8688 8679
f 8682 8681 8721
f 8691 8692 8681
f 8721 8681 8692
f 8690 8692 8691
f 8688 8690 8691
f 9006 8683 8695
f 8686 8687 8688
f 8695 8685 8724
f 8696 8683 8684
f 8696 8687 8686
f 8699 8701 8697
f 9014 8699 8702
f 8705 8702 8706
f 8706 8708 8707
f 8704 8703 8702
f 8713 8710 8712
f 8714 8840 8715
f 8716 8741 8715
f 8714 8712 8840
f 8703 8718 8702
f 8704 8702 8705
f 9015 8706 8707
f 8706 9015 8705
f 9014 9013 8699
f 8718 9014 8702
f 8710 8748 8706
f 8714 8715 8741
f 8719 9017 8710
f 8710 8713 8719
f 8712 8714 8713
f 8685 8697 8720
f 8721 5528 8722
f 8721 8694 5531
f 8694 8721 8693
f 8721 8692 8693
f 8721 5531 5528
f 8694 8723 5531
f 8722 5528 8672
f 8696 8725 8687
f 5308 8687 8725
f 8723 8694 8687
f 8726 5308 8725
f 8730 8729 8724
f 8726 8727 5308
f 5308 8723 8687
f 8730 8728 8729
f 8867 8724 8685
f 8867 8685 8720
f 8720 8697 8701
f 8731 8698 8699
f 8701 8699 8698
f 8733 8732 8700
f 8700 9013 8733
f 8731 8699 8700
f 8730 8724 8867
f 8700 8699 9013
f 8735 8736 8733
f 8716 8740 8741
f 8717 8715 8677
f 8715 8717 8716
f 8740 8743 8741
f 8734 8736 8735
f 8734 8735 8737
f 8734 8737 8708
f 8708 8706 8748
f 8707 8708 8737
f 8710 8711 8709
f 8748 8710 8709
f 8710 8738 8711
f 8738 9017 8739
f 8716 8744 8740
f 8710 9017 8738
f 8715 8611 8677
f 8745 8749 8736
f 8736 8747 8746
f 8736 8746 8771
f 8736 8771 8745
f 8748 8747 8736
f 8770 8747 8748
f 8711 8750 8770
f 8711 8770 8748
f 8753 9046 8754
f 8755 8728 8756
f 9073 8756 8757
f 8778 8759 8758
f 8778 8758 8760
f 8761 8758 8759
f 8762 8761 8765
f 8728 8757 8756
f 8757 8728 8782
f 8868 8782 8763
f 8782 8728 8763
f 8765 8761 8759
f 8765 8766 8767
f 8766 8765 8759
f 8767 8766 9057
f 8767 9057 9056
f 8780 9073 8757
f 8747 8769 8768
f 8768 8887 8771
f 8768 8771 8747
f 8770 8769 8747
f 8769 8750 8890
f 8775 8753 8774
f 8759 8778 8777
f 8777 8766 8759
f 8782 8870 8781
f 8779 8780 8781
f 8870 8782 8868
f 9055 8664 8784
f 8798 8783 8664
f 8785 8791 8786
f 8786 8787 8785
f 8786 8788 8787
f 8789 8796 8790
f 8790 8795 8791
f 8795 8790 8796
f 8791 8794 8905
f 8793 8794 8791
f 8792 8791 8905
f 8896 8796 8797
f 8664 8886 8800
f 8801 8797 8796
f 8895 8798 8800
f 8886 8664 8799
f 8802 8803 8642
f 8821 8641 8640
f 8641 8821 8678
f 8678 8821 8679
f 8809 8810 8808
f 8805 8806 8818
f 8808 8806 8805
f 8809 8808 8807
f 8819 8862 8815
f 8816 8862 8819
f 8815 8862 8861
f 8817 8820 8821
f 8833 8834 8832
f 8822 8821 8820
f 8836 8823 8822
f 8827 8837 8826
f 8825 8836 8824
f 8833 8832 8831
f 8830 8838 8829
f 8818 8806 8833
f 8840 8832 8834
f 8840 8830 8832
f 8806 8839 8833
f 8841 8834 8833
f 8834 8841 8840
f 8828 8843 8835
f 8844 8845 8838
f 8838 8830 8844
f 8844 8830 8842
f 8838 8706 8828
f 8846 8838 8845
f 8838 8846 8706
f 8806 8848 8847
f 8848 8806 8808
f 8808 8614 8848
f 8618 8849 8810
f 8808 8849 8614
f 8808 8810 8849
f 8810 8850 8618
f 8852 8810 8812
f 8810 8852 8851
f 8810 8851 8850
f 8812 8811 8853
f 8811 8854 8853
f 8811 8813 8854
f 8835 8702 8855
f 8856 8835 8855
f 8825 8837 8697
f 8825 8857 8858
f 8685 8836 8825
f 8823 8836 8685
f 8822 8823 8804
f 8804 8821 8822
f 8679 8821 8804
f 8858 8685 8825
f 8814 8861 8859
f 8860 8814 8859
f 8813 8863 8854
f 8814 8864 8813
f 8865 8813 8864
f 8813 8865 8863
f 8860 8864 8814
f 8817 8803 8816
f 8803 8817 8642
f 8802 8816 8803
f 8821 8640 8817
f 8642 8817 8640
f 8816 9027 8862
f 9027 8816 8802
f 8866 8862 9027
f 8833 8831 8832
f 8829 8818 8833
f 8829 8833 8832
f 8838 8828 8818
f 8812 8818 8814
f 8818 8829 8838
f 8829 8832 8830
f 8828 8822 8818
f 8818 8807 8808
f 8808 8805 8818
f 8810 8807 8812
f 8809 8807 8810
f 8811 8812 8813
f 8807 8818 8812
f 8826 8828 8856
f 8828 8826 8822
f 8826 8856 8827
f 8836 8826 8837
f 8824 8836 8837
f 8826 8836 8822
f 8819 8818 8822
f 8825 8824 8837
f 8814 8819 8861
f 8813 8812 8814
f 8820 8817 8816
f 8819 8822 8816
f 8815 8861 8819
f 8819 8814 8818
f 8816 8822 8820
f 8828 8835 8856
f 9053 9051 8720
f 8867 8720 9051
f 8779 8781 8869
f 8781 8870 8869
f 8875 8868 8876
f 8871 8872 8731
f 8873 8871 8731
f 8731 9050 8698
f 8874 8731 8872
f 9050 8731 8874
f 8873 8731 8700
f 8875 8876 9053
f 8720 8701 8875
f 9053 8720 8875
f 8701 8698 9050
f 9050 8875 8701
f 8932 8778 8877
f 8932 8777 8778
f 8777 8933 8776
f 8933 8777 8932
f 8878 9063 8633
f 8635 8878 8633
f 9048 8880 8633
f 9063 9048 8633
f 8879 8881 8776
f 8879 8880 8881
f 8633 8880 8879
f 8879 8653 8632
f 8885 8882 8666
f 8882 8883 8666
f 8666 8883 8884
f 8885 8666 8653
f 8884 8626 8666
f 8653 8886 8885
f 8888 8887 8768
f 8768 8769 8889
f 8768 8889 8888
f 8889 8769 8890
f 8890 8772 8751
f 8751 8775 8891
f 8775 8774 8891
f 8893 8716 8717
f 8717 8892 9036
f 9036 8894 8717
f 8717 8894 8893
f 8717 8677 8892
f 8677 8899 8892
f 8797 8895 8896
f 8793 8795 8896
f 8653 8800 8886
f 8800 8653 8897
f 8800 8898 8895
f 8898 8800 8897
f 8899 8612 8615
f 8899 8615 8901
f 8902 8901 8615
f 8903 8902 8615
f 8615 8904 8903
f 8612 8899 8610
f 8899 8677 8610
f 8905 8794 8793
f 8613 8904 8615
f 8899 8905 8900
f 8906 8907 6714
f 8907 8906 8908
f 8906 8909 8908
f 8910 6729 8906
f 6715 8906 6713
f 8910 8906 6715
f 6713 8906 6714
f 8906 6708 8909
f 8906 6721 6711
f 8906 8911 6721
f 8906 6718 8911
f 8906 8912 6706
f 6712 8906 8913
f 6712 8912 8906
f 8906 6711 8913
f 6708 8906 6706
f 8906 6719 6718
f 8906 6729 8914
f 8906 8914 6731
f 6731 8915 8906
f 8916 8906 8915
f 8906 8916 6735
f 6735 6607 8906
f 6607 6736 8906
f 6736 8917 8906
f 6738 8906 8917
f 8918 8906 6738
f 8906 8918 6741
f 6741 8919 8906
f 8920 8906 8919
f 8906 8920 6747
f 8906 6747 6601
f 6601 6750 8906
f 6749 8906 6750
f 6722 6719 8906
f 6723 8921 6724
f 6725 6724 8921
f 8921 6726 6725
f 6728 8922 8921
f 7082 8923 8921
f 8921 8923 6728
f 8921 8922 6726
f 6752 7082 8921
f 6628 6753 9139
f 9139 6629 6628
f 6629 9139 6754
f 6756 6734 9139
f 6754 9139 6734
f 9139 6753 8921
f 6753 6752 8921
f 6722 8906 8921
f 8924 6759 8925
f 6759 8926 8925
f 8927 8924 8925
f 8925 6599 6743
f 6745 8925 6744
f 6743 6744 8925
f 8925 6745 8927
f 6748 6599 8925
f 8925 8926 9138
f 8928 9138 8929
f 9138 8926 8929
f 8928 6764 9138
f 6737 9138 6764
f 6737 6760 9138
f 8925 6749 6748
f 6749 8925 8906
f 8921 6723 6722
f 8932 8877 8931
f 8776 8933 8938
f 8776 6873 8879
f 8776 8938 8934
f 8935 8653 8879
f 8931 8877 8937
f 8877 8953 8937
f 8939 8932 8931
f 8953 8877 8951
f 8898 8897 8995
f 8898 8940 6894
f 8898 8943 8895
f 8948 8905 8793
f 8948 8945 8905
f 8905 9026 6899
f 8905 6899 8900
f 8900 8946 8899
f 8793 8896 8947
f 8793 8959 8948
f 6896 8959 8793
f 8940 8898 8995
f 8895 8950 8896
f 9026 8905 8945
f 8949 8653 6890
f 8897 8653 8949
f 8930 6786 8877
f 6786 8951 8877
f 8939 6886 8999
f 8932 8939 8999
f 8939 8953 6868
f 6868 8952 8956
f 8951 8952 8953
f 8956 6842 6868
f 8939 8954 6886
f 8952 6868 8953
f 8939 6868 8954
f 6889 8955 6887
f 8999 6886 6887
f 8955 8999 6887
f 8934 8955 6889
f 8934 6873 8776
f 6873 6871 8879
f 8955 8934 8938
f 8879 6871 6872
f 8879 6872 8936
f 6885 6890 8653
f 8935 6875 8653
f 6885 8653 6875
f 8879 8936 8935
f 8950 6879 8896
f 8949 6890 8958
f 8960 6899 9026
f 8960 8959 6895
f 8958 6890 6891
f 8958 8957 6894
f 8957 8958 6891
f 8943 8898 6894
f 8950 8895 8941
f 8943 8941 8895
f 6894 8940 8958
f 8947 8896 8942
f 6896 8793 8944
f 8947 8944 8793
f 8960 6895 6897
f 8946 8900 6899
f 6899 8960 6897
f 6895 8959 6896
f 6879 8942 8896
f 8946 6884 8899
f 6884 6914 8899
f 8961 8930 8877
f 8892 8899 6900
f 9022 8891 8774
f 8774 8892 8964
f 8751 8891 8965
f 8890 8751 8966
f 8968 8888 8889
f 8889 8890 6905
f 9023 8891 9022
f 9022 8774 8963
f 8774 8979 8963
f 9023 8970 8891
f 8889 8980 8968
f 8889 6917 8980
f 8887 9016 8971
f 8887 8888 9016
f 8979 8774 8964
f 8887 8972 9050
f 8887 9012 8972
f 8868 9011 8870
f 8779 8869 8975
f 8868 8875 7082
f 8983 9011 8868
f 7069 8983 8868
f 8875 9050 8973
f 8870 8974 8869
f 8779 8976 8977
f 8976 8779 8975
f 8779 8978 8986
f 8978 8779 8977
f 8974 8975 8869
f 8971 9012 8887
f 6900 6902 8892
f 6900 8899 6914
f 6904 6907 8890
f 8981 8972 9012
f 8962 8892 6902
f 8979 8964 6915
f 8962 8964 8892
f 8965 8891 6065
f 6065 8979 6915
f 6904 8890 8966
f 8967 8889 6905
f 6907 6905 8890
f 6917 8889 8969
f 8981 8980 6917
f 8967 8969 8889
f 8965 8966 8751
f 6921 8974 8982
f 7072 8985 8974
f 8984 8779 6785
f 8984 8961 8779
f 8986 6785 8779
f 7071 8986 8985
f 9050 6911 8973
f 6911 9050 8972
f 7065 6913 8875
f 7082 7069 8868
f 6919 8983 7069
f 8875 6913 7082
f 8875 6912 7065
f 8986 7071 8987
f 8974 6921 7072
f 7071 8985 7072
f 8987 7071 8988
f 6920 6921 8982
f 6919 6920 8982
f 6912 8875 8973
f 8961 8877 8779
f 8630 8989 8631
f 8622 8656 8990
f 8990 8656 8992
f 8622 8991 8630
f 8622 8624 8656
f 8659 8994 8656
f 8656 8994 8993
f 8992 8656 8993
f 8995 8996 8664
f 8630 8995 8658
f 8665 8996 8994
f 8989 8630 8658
f 8994 8659 8665
f 8995 8664 8658
f 8996 8665 8664
f 8958 8940 8630
f 8958 8630 8991
f 8958 8990 8992
f 8990 8958 8622
f 8622 8958 8991
f 8992 8993 8958
f 8995 8630 8940
f 8996 8897 8949
f 8949 8993 8994
f 8949 8994 8996
f 8897 8996 8995
f 8958 8993 8949
f 8998 8997 8648
f 8999 8636 9001
f 8676 9001 8636
f 8648 8999 8998
f 8999 8648 8645
f 8645 8646 8999
f 8999 8647 8636
f 8999 8646 8647
f 9000 8676 9002
f 9000 9001 8676
f 9002 8674 9003
f 8997 9004 8668
f 8674 9004 9003
f 8997 8998 9004
f 8676 8765 9002
f 8765 8674 9002
f 9004 8674 8668
f 8955 8938 8998
f 8999 8955 8998
f 8933 8932 9002
f 8933 9004 8938
f 9001 9000 8932
f 9002 8932 9000
f 8933 9002 9003
f 8933 9003 9004
f 9004 8998 8938
f 8999 9001 8932
f 9005 8725 8696
f 9006 8724 9007
f 8684 9006 8982
f 8684 8982 9005
f 8684 9005 8696
f 8684 8683 9006
f 9006 8695 8724
f 8729 9008 8724
f 8724 9008 9007
f 9009 9010 8728
f 9010 9011 8729
f 8728 9005 9009
f 8729 9011 9008
f 8725 9005 8726
f 9005 8728 8727
f 8728 9010 8729
f 8727 8726 9005
f 8982 8974 9005
f 9006 6919 8982
f 9007 8983 6919
f 9007 6919 9006
f 9011 8983 9008
f 9005 8974 8870
f 8983 9007 9008
f 8870 9011 9010
f 8870 9009 9005
f 9010 9009 8870
f 9012 9013 9014
f 8718 8703 9014
f 8705 8703 8704
f 9015 8737 8968
f 8707 8737 9015
f 9013 9012 8733
f 8733 9012 9016
f 9016 8737 8735
f 9016 8735 8733
f 8703 8980 8981
f 9014 8981 9012
f 8980 8705 9015
f 8705 8980 8703
f 8703 8981 9014
f 8968 8980 9015
f 8737 8888 8968
f 8971 9016 9012
f 9016 8888 8737
f 9018 8970 9017
f 9018 9017 8719
f 9021 9019 8714
f 9019 8979 8714
f 9020 8714 8979
f 8713 9020 9018
f 8713 8714 9020
f 8713 9018 8719
f 8714 8741 9021
f 9022 9021 8741
f 8970 9023 8742
f 9023 9022 8742
f 9017 8970 8739
f 8743 9022 8741
f 8970 8742 8739
f 8742 9022 8743
f 6065 8891 8970
f 8979 6065 9018
f 9018 9020 8979
f 9018 6065 8970
f 9019 9021 8979
f 8963 8979 9021
f 9022 8963 9021
f 9026 9024 8629
f 8616 8628 8627
f 8627 9026 8629
f 9025 8617 8657
f 8945 8655 8662
f 8945 8654 9026
f 9024 9026 8654
f 8655 9025 8657
f 8945 8661 8654
f 8661 8945 8662
f 8628 8959 8960
f 9026 8627 8960
f 8627 8628 8960
f 8628 8617 8959
f 8948 8959 9025
f 9025 8959 8617
f 8655 8948 9025
f 8948 8655 8945
f 8847 8848 8611
f 8806 8847 8611
f 8806 8611 8839
f 8619 8618 8850
f 8618 8614 8849
f 8851 8619 8850
f 8812 8619 8852
f 8852 8619 8851
f 8853 8619 8812
f 8623 8853 8854
f 8625 8865 8864
f 8625 8864 8860
f 8625 8863 8865
f 8625 8860 8859
f 8634 8861 8862
f 8634 8859 8861
f 9027 8638 8866
f 8862 8866 8634
f 8854 8863 8623
f 8611 8848 8614
f 8619 8853 8623
f 8623 8863 8625
f 8634 8625 8859
f 8866 8638 8634
f 8839 8611 8715
f 8685 8683 8823
f 8823 8683 9028
f 8857 8825 8697
f 8857 8685 8858
f 8855 8699 8856
f 8827 8699 8837
f 8856 8699 8827
f 8706 8843 8828
f 8706 8835 8843
f 8710 8845 8844
f 8845 8710 8846
f 8842 8830 8710
f 8840 8712 8830
f 8833 8715 8841
f 8841 8715 8840
f 8715 8833 8839
f 8710 8844 8842
f 8683 8689 9028
f 8685 8857 8697
f 8702 8699 8855
f 8837 8699 8697
f 8706 8702 8835
f 8712 8710 8830
f 8706 8846 8710
f 8638 9027 8637
f 8802 8637 9027
f 8642 8637 8802
f 8683 8686 8689
f 8804 8823 8686
f 8823 8689 8686
f 8823 9028 8689
f 8681 9034 9033
f 8681 9029 9034
f 8680 9030 9029
f 8680 9029 8681
f 8680 8688 9030
f 8688 9031 9034
f 8681 9033 9032
f 8691 9032 9031
f 8691 9031 8688
f 9032 8691 8681
f 9030 8688 9034
f 9029 9030 9034
f 9034 9032 9033
f 9032 9034 9031
f 8953 8939 8650
f 8939 8651 8644
f 8953 8650 8649
f 8650 8939 8644
f 8649 8669 8953
f 8931 8651 8939
f 8669 8937 8953
f 8937 8670 8931
f 8669 8670 8937
f 8931 8670 8651
f 8690 8985 8986
f 8687 8974 8985
f 8692 8986 8693
f 8693 8986 8694
f 8692 8690 8986
f 8690 8687 8985
f 8975 8974 8694
f 8694 8978 8977
f 8976 8975 8694
f 8977 8976 8694
f 8974 8687 8694
f 8694 8986 8978
f 8787 8899 8901
f 9036 8892 9035
f 8892 9037 9035
f 8892 8774 8754
f 8754 9037 8892
f 8773 8754 8774
f 8899 9038 8905
f 9038 8899 8788
f 8787 8788 8899
f 9039 8613 8663
f 8663 9040 9039
f 9039 9040 9041
f 8902 8903 9042
f 8903 8904 9043
f 9043 9042 8903
f 9041 9043 8904
f 8904 9039 9041
f 8902 9042 8901
f 9044 8893 9045
f 8893 8894 9046
f 9045 9047 9044
f 9046 9045 8893
f 9044 9047 8744
f 8716 9044 8744
f 8880 9048 9056
f 9055 9140 8885
f 8874 9049 9050
f 8876 8868 9052
f 9052 9053 8876
f 8887 8745 8771
f 8745 8887 9050
f 9054 8745 9050
f 8885 8799 9055
f 8886 8799 8885
f 8880 9056 8881
f 8881 9056 9057
f 8776 8881 9057
f 8874 8872 9058
f 9058 9049 8874
f 9059 9058 8872
f 8872 8871 9059
f 8871 8873 9060
f 8873 8732 9060
f 8732 8873 8700
f 8871 9060 9059
f 8730 8867 9061
f 9062 9061 9051
f 9051 9061 8867
f 8878 8635 8675
f 8675 8767 8878
f 8878 8767 9063
f 8626 8884 9064
f 8626 9064 8673
f 8884 8883 9065
f 8884 9065 9064
f 8882 8885 9140
f 9065 8883 9066
f 9140 9066 8882
f 9066 8883 8882
f 9067 9068 8758
f 8760 8758 9068
f 9068 5420 8760
f 9069 9070 9073
f 8760 5420 8780
f 9073 8780 9069
f 8780 5420 9069
f 9072 5308 8727
f 9071 5351 9074
f 5531 5420 5528
f 9069 5531 8723
f 9069 8723 5308
f 5420 5531 9069
f 5444 5420 5460
f 9068 8670 5460
f 8670 9068 5351
f 9068 5460 5420
f 5444 5528 5420
f 9069 5308 9070
f 9070 9072 9073
f 5351 9068 9074
f 9067 9074 9068
f 9070 5308 9072
f 8762 9074 9067
f 9067 8761 8762
f 9071 9074 8762
f 8756 9075 9073
f 8755 9073 9072
f 9073 8755 8756
f 8727 8755 9072
f 6842 6843 6922
f 6868 6842 6922
f 8954 6868 6923
f 6886 8954 6924
f 6922 6843 6925
f 6926 6924 6923
f 8954 6923 6924
f 6886 6924 6927
f 9076 6927 6924
f 6923 6868 6922
f 6929 6923 6922
f 6927 6887 6886
f 6930 6889 6887
f 8934 6889 9077
f 6873 8934 6932
f 9077 6889 6930
f 6871 6933 6872
f 6934 6871 6873
f 8936 6872 6935
f 8935 8936 6936
f 6875 8935 6937
f 6927 6930 6887
f 6938 6930 6927
f 6929 6922 6939
f 6939 9078 7104
f 8934 9077 6932
f 9079 6932 9077
f 9077 6930 6942
f 9080 6926 6929
f 6926 6923 6929
f 6944 6938 9076
f 6938 6927 9076
f 6942 6930 6938
f 9081 6942 6938
f 6926 9076 6924
f 6946 9076 6926
f 9077 6942 9079
f 6947 6929 6939
f 6948 6933 6934
f 6871 6934 6933
f 9082 6936 6935
f 8936 6935 6936
f 8935 6936 6937
f 6950 6937 6936
f 6935 6872 6933
f 6951 6935 6933
f 6953 6952 9079
f 6952 6932 9079
f 6934 6952 6948
f 6954 6948 6952
f 9083 9082 6951
f 6935 6951 9082
f 6936 9082 6950
f 6956 6950 9082
f 6951 6933 6948
f 9084 6951 6948
f 6959 6958 6937
f 6934 6932 6952
f 6934 6873 6932
f 9085 9079 6942
f 6958 6875 6937
f 9086 6890 6885
f 6962 8957 6891
f 6963 6894 8957
f 6964 6891 6890
f 6965 8941 8943
f 9087 6879 8950
f 6967 8942 6879
f 9088 8950 8941
f 6969 8943 6894
f 6970 8944 8947
f 6971 6895 6896
f 9089 6897 6895
f 6973 6896 8944
f 9090 8946 6899
f 6975 6914 6884
f 6976 6914 6975
f 9091 6884 8946
f 6978 6899 6897
f 6979 8947 8942
f 6980 9086 6958
f 6885 6958 9086
f 6980 6981 9086
f 6891 6964 6962
f 8957 6962 6963
f 6962 6964 9092
f 6964 6890 9086
f 9086 6981 6964
f 9093 6980 6959
f 6980 6958 6959
f 6969 6963 6984
f 8943 6969 6965
f 8941 6965 9088
f 6965 6969 6985
f 6963 6962 9094
f 6965 9095 9088
f 6969 6894 6963
f 6937 6950 6959
f 9087 9088 6988
f 6879 9087 6967
f 6979 6967 9096
f 8947 6979 6970
f 8944 6970 6973
f 6970 6979 6990
f 6979 8942 6967
f 6967 9087 9097
f 6971 6973 9098
f 6895 6971 9089
f 6897 9089 6978
f 9089 6971 6993
f 9090 6978 6994
f 8946 9090 9091
f 6884 9091 6975
f 9091 9090 6995
f 9090 6899 6978
f 6978 9089 6996
f 6971 6896 6973
f 6973 6970 6997
f 9087 8950 9088
f 6975 9091 9099
f 6975 6999 6976
f 6875 6958 6885
f 7000 6959 6950
f 7002 7001 9101
f 6737 6947 7001
f 7001 9100 9101
f 6929 6947 9080
f 6764 9080 6947
f 9080 6946 6926
f 8929 6944 6946
f 9076 6946 6944
f 6759 9085 9081
f 6942 9081 9085
f 9079 9085 6953
f 8924 6953 9085
f 9081 6938 6944
f 8926 9081 6944
f 6939 7001 6947
f 8928 6946 9080
f 9084 6948 6954
f 6952 6953 6954
f 9102 6980 9093
f 6962 9092 9094
f 6963 9094 6984
f 6981 7005 9092
f 9092 6964 6981
f 9092 7006 9094
f 6744 9083 9084
f 9083 6951 9084
f 6599 7000 6956
f 7000 6950 6956
f 9093 6959 7000
f 6748 9093 7000
f 9083 6956 9082
f 6743 6956 9083
f 9094 7007 6984
f 6745 9084 6954
f 6980 9102 6981
f 8927 6954 6953
f 6764 6947 6737
f 8928 8929 6946
f 8929 8926 6944
f 8924 9085 6759
f 8927 6953 8924
f 6954 8927 6745
f 6759 9081 8926
f 8928 9080 6764
f 6760 6737 7008
f 7005 9102 6750
f 6981 9102 7005
f 6747 7006 6601
f 7005 6601 7006
f 7006 6747 7007
f 7006 9092 7005
f 6601 7005 6750
f 6743 9083 6744
f 6599 6956 6743
f 6749 9093 6748
f 9102 6749 6750
f 6599 6748 7000
f 9084 6745 6744
f 9093 6749 9102
f 7006 7007 9094
f 9103 9095 6985
f 6965 6985 9095
f 7010 9097 6988
f 9087 6988 9097
f 6967 9097 9096
f 9097 9104 9096
f 6988 9088 9095
f 7012 6988 9095
f 8920 7013 7007
f 7013 6984 7007
f 6741 7012 9103
f 9095 9103 7012
f 6988 7012 7010
f 8918 7010 7012
f 9103 6985 7013
f 8919 9103 7013
f 9097 7010 9104
f 6985 6984 7013
f 6990 9105 6997
f 6970 6990 6997
f 9098 6997 7015
f 6971 9098 6993
f 9089 6993 6996
f 6993 9098 9106
f 9098 6973 6997
f 7017 9105 6990
f 8917 7017 9104
f 9104 7017 9096
f 6994 6996 9107
f 9090 6994 6995
f 9091 6995 9099
f 6995 6994 9108
f 6996 6993 7020
f 9099 6995 7021
f 6994 6978 6996
f 6990 9096 7017
f 6990 6979 9096
f 6738 9104 7010
f 6741 9103 8919
f 7013 8920 8919
f 8917 9104 6738
f 6741 8918 7012
f 6997 9105 7015
f 7015 9105 6607
f 9105 7017 6736
f 6738 7010 8918
f 7017 8917 6736
f 6607 9105 6736
f 6607 6735 7015
f 8916 7020 9106
f 6993 9106 7020
f 6731 9108 9107
f 6994 9107 9108
f 6995 9108 7021
f 8914 7021 9108
f 9107 6996 7020
f 8915 9107 7020
f 8916 9106 6735
f 8915 7020 8916
f 9108 6731 8914
f 7021 8914 6729
f 9107 8915 6731
f 9109 6999 9099
f 7015 6735 9106
f 9106 9098 7015
f 6729 9109 7021
f 6747 8920 7007
f 6985 6969 6984
f 9110 6902 6900
f 7024 8964 8962
f 7025 8962 6902
f 9111 9110 6976
f 6900 6976 9110
f 7027 7024 7025
f 8962 7025 7024
f 8964 7024 6915
f 7028 6915 7024
f 7025 6902 9110
f 7029 7025 9110
f 6914 6976 6900
f 7031 8965 6065
f 8966 8965 7032
f 6903 8965 7031
f 7033 7031 7030
f 7031 6065 7030
f 6907 6904 7034
f 6905 6907 7035
f 6904 8966 7036
f 8967 6905 7037
f 6915 7030 6065
f 7038 7030 6915
f 7039 9111 6999
f 9111 6976 6999
f 7027 7025 7029
f 9110 9111 7029
f 8965 6903 7032
f 7040 7032 6903
f 9112 6903 7031
f 9113 7029 9111
f 7043 7028 7027
f 7028 7024 7027
f 7044 7033 7038
f 7033 7030 7038
f 9112 7031 7033
f 7045 9112 7033
f 7028 7038 6915
f 7046 7038 7028
f 6903 9112 7040
f 7047 7027 7029
f 7048 7034 7036
f 6904 7036 7034
f 7049 7037 7035
f 6905 7035 7037
f 8967 7037 7050
f 7051 7050 7037
f 7035 6907 7034
f 7052 7035 7034
f 7054 7053 7040
f 7053 7032 7040
f 7036 7053 7048
f 9114 7048 7053
f 7056 7049 7052
f 7035 7052 7049
f 7037 7049 7051
f 7057 7051 7049
f 7052 7034 7048
f 7058 7052 7048
f 7050 7059 6917
f 7036 7032 7053
f 7036 8966 7032
f 7060 7040 9112
f 7050 8969 8967
f 9109 9099 7021
f 8972 8981 7062
f 8981 6917 9116
f 6911 8972 7064
f 8973 6911 7066
f 6919 7069 9117
f 8988 7071 9118
f 7072 6921 6920
f 9118 6845 8988
f 7073 9116 6917
f 7073 7074 9116
f 8981 9115 7062
f 8972 7062 7067
f 7062 9115 7075
f 9115 8981 9116
f 9116 7074 9115
f 7076 7073 7059
f 7073 6917 7059
f 7064 7067 7077
f 6911 7064 7066
f 8973 7066 6912
f 7066 7064 7078
f 7067 7062 7079
f 7066 7080 6912
f 7064 8972 7067
f 7059 7050 7051
f 9117 7069 7081
f 7072 6920 7083
f 9118 7071 7085
f 6845 9118 9119
f 7086 7071 7072
f 7087 6920 9117
f 6920 6919 9117
f 9120 7065 6912
f 9118 7085 9119
f 8969 7050 6917
f 7088 7059 7051
f 6715 7039 9109
f 7039 6999 9109
f 6714 7047 9113
f 7047 7029 9113
f 7043 7027 7047
f 8907 7043 7047
f 7039 9113 9111
f 6713 9113 7039
f 8909 7044 7046
f 7044 7038 7046
f 6706 7060 7045
f 7060 9112 7045
f 7054 7040 7060
f 8912 7054 7060
f 7044 7045 7033
f 6708 7045 7044
f 7043 7046 7028
f 8908 7046 7043
f 8913 7058 9114
f 7058 7048 9114
f 7058 7056 7052
f 9115 7074 7075
f 7062 7075 7079
f 9121 7075 7074
f 9114 7053 7054
f 9121 7074 7090
f 6721 7057 7056
f 7057 7049 7056
f 6718 7076 7088
f 7076 7059 7088
f 7090 7073 7076
f 6719 7090 7076
f 7057 7088 7051
f 8911 7088 7057
f 7091 7079 7075
f 6711 7056 7058
f 7090 7074 7073
f 6712 9114 7054
f 6715 9109 8910
f 6714 9113 6713
f 8907 7047 6714
f 6715 6713 7039
f 8909 7046 8908
f 6706 7045 6708
f 8912 7060 6706
f 8909 6708 7044
f 8907 8908 7043
f 8913 9114 6712
f 6721 7056 6711
f 7058 8913 6711
f 7075 9121 7091
f 7091 9121 6723
f 6712 7054 8912
f 8911 7057 6721
f 6718 7088 8911
f 6722 7090 6719
f 9121 6722 6723
f 6718 6719 7076
f 6723 6724 7091
f 7090 6722 9121
f 7079 7092 7077
f 9109 6729 8910
f 7093 7078 7077
f 7064 7077 7078
f 7094 9120 7080
f 6912 7080 9120
f 7065 9120 6913
f 7095 6913 9120
f 7080 7066 7078
f 7096 7080 7078
f 6725 7093 7092
f 7077 7092 7093
f 8922 7094 7096
f 7080 7096 7094
f 9120 7094 7095
f 6728 7095 7094
f 7096 7078 7093
f 6726 7096 7093
f 7091 6724 7092
f 7082 9122 7069
f 7081 7069 6753
f 9117 7081 7087
f 6920 7087 7083
f 7087 7081 9123
f 7083 7087 7098
f 7083 7099 7084
f 7085 7086 7100
f 7071 7086 7085
f 9119 7085 9124
f 9125 7086 7084
f 7086 7072 7084
f 9124 7085 7100
f 7084 7072 7083
f 6913 7095 7082
f 8923 7082 7095
f 6725 7092 6724
f 8922 7096 6726
f 7093 6725 6726
f 7069 9122 6753
f 6753 9122 6752
f 6728 7094 8922
f 9122 7082 6752
f 6728 8923 7095
f 6628 7098 9123
f 7087 9123 7098
f 6754 9125 7099
f 7084 7099 9125
f 7086 9125 7100
f 6734 7100 9125
f 7099 7083 7098
f 6629 7099 7098
f 6753 6628 9123
f 6629 7098 6628
f 7099 6629 6754
f 7100 6734 6756
f 6754 6734 9125
f 6756 9124 7100
f 9123 7081 6753
f 7092 7079 7091
f 7077 7067 7079
f 6999 6975 9099
f 6922 9078 6939
f 6925 9078 6922
f 6939 9100 7001
f 7103 9100 6939
f 9126 7103 6939
f 7104 9126 6939
f 7001 7008 6737
f 9127 7008 7001
f 7102 9127 7001
f 7002 7102 7001
f 8639 9129 9128
f 8642 9130 8643
f 8678 9131 9130
f 8678 9132 9131
f 8639 8643 9129
f 8641 9130 8642
f 9130 8641 8678
f 9132 8678 8681
f 8721 9134 9135
f 8721 9135 9133
f 8652 9136 8671
f 8639 9137 8652
f 9134 8721 8722
f 8906 8925 9138
f 9139 8906 9138
f 8921 8906 9139
f 6775 9138 6760
f 6776 6760 9101
f 9101 7104 6776
f 9139 9138 6780
f 6756 9139 6778
f 6779 9124 6756
f 9119 9124 6779
f 6776 6842 6841
f 6841 6842 8956
f 6843 6842 6776
f 7104 6843 6776
f 6136 9138 6775
f 6776 6775 6760
f 6136 6780 9138
f 6778 9139 6777
f 6780 6777 9139
f 6778 6779 6756
f 6779 6845 9119
f 8952 6841 8956
f 6779 6847 8988
f 6847 8987 8988
f 8987 6784 8986
f 6782 8930 8961
f 8951 6789 8952
f 8961 8984 6782
f 6784 8987 6847
f 8986 6784 6785
f 8984 6785 6782
f 8930 6799 6786
f 6799 8930 6782
f 6789 8951 6786
f 6789 6841 8952
f 6845 6779 8988
f 6776 6841 9129
f 6775 8643 6136
f 6136 9130 6780
f 6776 9129 6775
f 6847 6779 8681
f 8681 6779 6778
f 9132 6777 6780
f 9132 6778 6777
f 9129 8643 6775
f 9128 9129 6841
f 8643 9130 6136
f 9131 6780 9130
f 9132 6780 9131
f 8682 6847 8681
f 8681 6778 9132
f 8639 9128 6841
f 6782 6785 8722
f 9133 6785 6784
f 8721 6784 6847
f 6786 6799 8671
f 6786 8652 6789
f 6799 6782 8671
f 9133 9135 6785
f 8721 9133 6784
f 8672 6782 8722
f 9135 9134 6785
f 6785 9134 8722
f 9136 6786 8671
f 8671 6782 8672
f 8652 9137 6789
f 9136 8652 6786
f 9137 8639 6789
f 8639 6841 6789
f 6847 8682 8721
f 8784 8664 8673
f 8664 8783 8658
f 8621 8658 8783
f 8621 8796 8620
f 8785 8660 8791
f 8790 8791 8662
f 8791 8660 8662
f 8662 8655 8790
f 8660 8785 8663
f 8796 8789 8620
f 8785 9040 8663
f 9041 9040 8785
f 8785 9043 9041
f 8785 8901 9042
f 9042 9043 8785
f 8784 9066 9140
f 9066 8784 9065
f 9064 9065 8784
f 9064 8784 8673
f 8787 8901 8785
f 9055 8784 9140
f 9038 8788 8786
f 8905 9038 8786
f 8786 8792 8905
f 8795 8796 8896
f 8791 8795 8793
f 8791 8792 8786
f 8797 8801 8783
f 8798 8895 8783
f 8895 8797 8783
f 8664 8800 8798
f 8801 8796 8621
f 8801 8621 8783
f 9055 8799 8664
f 9046 8753 8740
f 8752 8742 8753
f 8742 8752 8711
f 8744 9046 8740
f 8743 8753 8742
f 8753 8743 8740
f 8711 8738 8739
f 8739 8742 8711
f 8711 8748 8709
f 8708 8748 8736
f 8732 8736 8749
f 8734 8708 8736
f 8736 8732 8733
f 8749 9049 9058
f 8749 9060 8732
f 8749 9058 9059
f 9059 9060 8749
f 9046 8894 9036
f 9046 8744 9047
f 9045 9046 9047
f 9049 8749 9050
f 9035 9046 9036
f 8749 9054 9050
f 9054 8749 8745
f 8753 8754 8773
f 9035 9037 9046
f 9046 9037 8754
f 8747 8771 8746
f 8770 8750 8769
f 8772 8890 8750
f 8775 8752 8753
f 8775 8751 8711
f 8711 8772 8750
f 8711 8751 8772
f 8775 8711 8752
f 8753 8773 8774
f 8765 9071 8762
f 8667 8765 8767
f 8667 8674 8765
f 8675 8667 8767
f 9048 9063 8767
f 9056 9048 8767
f 8776 8766 8777
f 8766 8776 9057
f 8760 8877 8778
f 8760 8779 8877
f 8868 8763 9052
f 8757 8782 8781
f 8779 8760 8780
f 8781 8780 8757
f 9052 8763 8764
f 9053 9052 8764
f 9053 8764 9051
f 9051 8764 9062
f 9061 9062 8764
f 8764 8730 9061
f 8764 8763 8730
f 8728 8755 8727
f 8728 8730 8763
f 9254 9142 9143
f 9262 9143 9145
f 9254 9146 9149
f 9148 9254 9149
f 9149 9146 9147
f 9262 9145 9150
f 9171 9270 9150
f 9141 9254 9148
f 9142 9254 9141
f 9145 9143 9151
f 9151 9143 9144
f 9142 9144 9143
f 9150 9270 9262
f 9146 9152 9155
f 9146 9155 9154
f 9154 9147 9146
f 9156 9152 9157
f 9159 9157 9247
f 9152 9153 9155
f 9156 9157 9158
f 9158 9157 9159
f 9160 9247 9162
f 9159 9247 9160
f 9162 9247 9161
f 9163 9161 9245
f 9164 9163 9245
f 9153 9152 9156
f 9171 9150 9165
f 9165 9166 9171
f 9171 9166 9167
f 9167 9168 9273
f 9172 9168 9170
f 9273 9168 9169
f 9168 9172 9169
f 9172 9170 9173
f 9171 9167 9273
f 9182 9177 9175
f 9176 9177 9233
f 9179 9164 9245
f 9178 9175 9179
f 9178 9179 9245
f 9233 9180 9176
f 9181 9174 9233
f 9178 9182 9175
f 9233 9177 9182
f 9180 9233 9174
f 9183 9185 9186
f 9183 9186 9474
f 9184 9187 9188
f 9188 9190 9189
f 9184 9183 9476
f 9188 9187 9480
f 9191 9459 9475
f 9192 9191 9193
f 9459 9191 9192
f 9193 9194 9458
f 9458 9194 9195
f 9198 9197 9199
f 9199 9200 9198
f 9202 9207 9208
f 9212 9205 9203
f 9202 9208 9210
f 9208 9212 9211
f 9212 9203 9213
f 9203 9204 9213
f 9206 9195 9215
f 9195 9194 9216
f 9193 9191 9217
f 9204 9206 9239
f 9209 9220 9202
f 9210 9209 9202
f 9211 9210 9208
f 9214 9213 9204
f 9214 9204 9239
f 9215 9239 9206
f 9216 9215 9195
f 9217 9194 9193
f 9218 9219 9191
f 9230 9218 9191
f 9217 9191 9219
f 9191 9185 9221
f 9185 9183 9221
f 9188 9189 9225
f 9184 9188 9223
f 9183 9184 9229
f 9189 9196 9225
f 9196 9198 9227
f 9200 9201 9228
f 9198 9200 9255
f 9222 9221 9183
f 9229 9222 9183
f 9224 9184 9223
f 9223 9188 9225
f 9229 9184 9224
f 9221 9230 9191
f 9226 9225 9196
f 9226 9196 9227
f 9255 9200 9256
f 9220 9228 9201
f 9256 9200 9228
f 9227 9198 9255
f 9201 9202 9220
f 9194 9217 9236
f 9194 9232 9216
f 9235 9233 9182
f 9233 9235 9236
f 9181 9233 9231
f 9182 9178 9235
f 9181 9173 9174
f 9212 9244 9211
f 9211 9243 9210
f 9213 9241 9212
f 9161 9238 9245
f 9251 9157 9152
f 9247 9157 9250
f 9216 9232 9215
f 9181 9234 9248
f 9236 9235 9237
f 9233 9236 9231
f 9181 9231 9234
f 9235 9178 9237
f 9246 9238 9161
f 9178 9245 9238
f 9237 9178 9232
f 9218 9234 9219
f 9248 9234 9230
f 9230 9234 9218
f 9236 9237 9194
f 9231 9236 9217
f 9234 9231 9219
f 9219 9231 9217
f 9246 9249 9238
f 9249 9246 9239
f 9232 9178 9215
f 9215 9238 9239
f 9215 9178 9238
f 9249 9239 9238
f 9237 9232 9194
f 9240 9247 9250
f 9214 9246 9247
f 9242 9157 9251
f 9252 9251 9152
f 9146 9252 9152
f 9250 9157 9242
f 9250 9242 9244
f 9246 9214 9239
f 9240 9214 9247
f 9250 9241 9240
f 9214 9240 9213
f 9244 9242 9211
f 9242 9243 9211
f 9250 9244 9241
f 9241 9244 9212
f 9251 9243 9242
f 9240 9241 9213
f 9251 9252 9210
f 9243 9251 9210
f 9246 9161 9247
f 9253 9181 9248
f 9228 9261 9256
f 9146 9254 9252
f 9259 9254 9143
f 9254 9259 9260
f 9263 9143 9262
f 9263 9262 9257
f 9225 9266 9223
f 9229 9267 9222
f 9223 9265 9224
f 9171 9264 9270
f 9273 9271 9171
f 9253 9172 9173
f 9226 9258 9225
f 9262 9270 9257
f 9260 9259 9261
f 9254 9260 9252
f 9143 9263 9227
f 9259 9143 9255
f 9269 9264 9171
f 9257 9270 9258
f 9263 9257 9227
f 9260 9261 9228
f 9252 9260 9220
f 9220 9260 9228
f 9261 9259 9256
f 9255 9143 9227
f 9259 9255 9256
f 9227 9275 9226
f 9227 9257 9275
f 9275 9257 9226
f 9264 9266 9225
f 9270 9264 9258
f 9258 9264 9225
f 9257 9258 9226
f 9269 9266 9264
f 9220 9210 9252
f 9271 9273 9272
f 9271 9272 9265
f 9272 9172 9267
f 9172 9272 9169
f 9274 9276 9172
f 9274 9172 9253
f 9273 9169 9272
f 9266 9271 9223
f 9269 9271 9266
f 9272 9224 9265
f 9271 9265 9223
f 9272 9267 9229
f 9224 9272 9229
f 9276 9222 9172
f 9222 9276 9274
f 9277 9274 9253
f 9222 9274 9268
f 9268 9277 9221
f 9277 9268 9274
f 9222 9268 9221
f 9222 9267 9172
f 9248 9277 9253
f 9269 9171 9271
f 9253 9173 9181
f 9209 9210 9220
f 9248 9230 9277
f 9230 9221 9277
f 9285 9278 9164
f 9279 9176 9283
f 9279 9282 9177
f 9280 9177 9281
f 9177 9282 9281
f 9284 9283 9174
f 9286 9170 9287
f 9287 9168 9289
f 9286 9290 9173
f 9289 9168 9291
f 9167 9288 9292
f 9166 9165 9288
f 9175 9285 9179
f 9293 9294 9175
f 9285 9164 9179
f 9175 9177 9280
f 9279 9177 9176
f 9176 9180 9283
f 9283 9180 9174
f 9284 9174 9295
f 9280 9293 9175
f 9174 9296 9295
f 9175 9294 9285
f 9297 9174 9290
f 9290 9174 9173
f 9296 9174 9297
f 9291 9168 9298
f 9298 9167 9299
f 9167 9300 9299
f 9168 9287 9170
f 9173 9170 9286
f 9292 9300 9167
f 9166 9288 9167
f 9167 9298 9168
f 9165 9301 9288
f 9302 9301 9165
f 9302 9165 9305
f 9304 9141 9308
f 9304 9303 9142
f 9303 9306 9151
f 9306 9307 9151
f 9309 9305 9145
f 9310 9311 9156
f 9310 9156 9312
f 9158 9315 9312
f 9314 9154 9311
f 9315 9159 9316
f 9317 9308 9149
f 9163 9164 9313
f 9150 9305 9165
f 9147 9318 9317
f 9307 9319 9145
f 9320 9145 9319
f 9151 9144 9303
f 9304 9142 9141
f 9305 9150 9145
f 9309 9145 9320
f 9151 9307 9145
f 9142 9303 9144
f 9149 9308 9148
f 9147 9317 9149
f 9141 9148 9308
f 9147 9314 9321
f 9155 9153 9311
f 9156 9158 9312
f 9153 9156 9311
f 9154 9155 9311
f 9316 9159 9322
f 9323 9322 9160
f 9159 9160 9322
f 9323 9160 9324
f 9160 9313 9324
f 9313 9160 9162
f 9147 9154 9314
f 9159 9315 9158
f 9161 9313 9162
f 9161 9163 9313
f 9164 9278 9313
f 9325 9326 9334
f 9328 9329 9330
f 9330 9325 9331
f 9332 9333 9334
f 9332 9334 9335
f 9334 9327 9325
f 9334 9326 9335
f 9325 9336 9337
f 9328 9331 9338
f 9328 9330 9331
f 9331 9325 9337
f 9339 9342 9340
f 9341 9342 9339
f 9342 9343 9340
f 9337 9341 9339
f 9336 9325 9327
f 9347 9344 9345
f 9347 9345 9346
f 9347 9348 9336
f 9348 9347 9346
f 9349 9337 9336
f 9352 9350 9351
f 9353 9336 9352
f 9351 9353 9352
f 9357 9341 9354
f 9355 9357 9354
f 9356 9357 9355
f 9349 9336 9353
f 9349 9354 9341
f 9341 9337 9349
f 9358 9353 9351
f 9327 9347 9336
f 9280 9281 9340
f 9280 9340 9343
f 9282 9339 9281
f 9340 9281 9339
f 9343 9293 9280
f 9285 9294 9342
f 9294 9343 9342
f 9293 9343 9294
f 9311 9310 9353
f 9315 9354 9312
f 9349 9310 9312
f 9312 9354 9349
f 9310 9349 9353
f 9321 9314 9358
f 9321 9358 9351
f 9353 9314 9311
f 9358 9314 9353
f 9351 9147 9321
f 9317 9318 9350
f 9308 9317 9352
f 9318 9351 9350
f 9317 9350 9352
f 9147 9351 9318
f 9288 9301 9334
f 9301 9327 9334
f 9302 9305 9347
f 9347 9327 9302
f 9302 9327 9301
f 9334 9292 9288
f 9292 9334 9333
f 9333 9300 9292
f 9291 9326 9289
f 9299 9300 9332
f 9298 9299 9332
f 9332 9335 9298
f 9291 9298 9335
f 9326 9291 9335
f 9333 9332 9300
f 9282 9279 9339
f 9337 9279 9283
f 9279 9337 9339
f 9331 9337 9283
f 9295 9359 9328
f 9284 9295 9338
f 9328 9338 9295
f 9331 9284 9338
f 9297 9328 9359
f 9297 9290 9329
f 9290 9330 9329
f 9329 9328 9297
f 9283 9284 9331
f 9286 9325 9330
f 9287 9289 9325
f 9287 9325 9286
f 9286 9330 9290
f 9325 9289 9326
f 9307 9306 9346
f 9307 9346 9345
f 9303 9348 9306
f 9346 9306 9348
f 9345 9319 9307
f 9309 9320 9344
f 9305 9309 9347
f 9320 9345 9344
f 9309 9344 9347
f 9319 9345 9320
f 9303 9304 9336
f 9336 9304 9308
f 9352 9336 9308
f 9348 9303 9336
f 9324 9313 9357
f 9324 9357 9356
f 9356 9323 9324
f 9316 9322 9355
f 9315 9316 9354
f 9322 9356 9355
f 9316 9355 9354
f 9323 9356 9322
f 9313 9278 9357
f 9278 9341 9357
f 9278 9285 9342
f 9342 9341 9278
f 9365 9380 9366
f 9368 9370 9373
f 9362 9360 9361
f 9363 9361 9360
f 9502 9363 9379
f 9363 9502 9364
f 9365 9379 9363
f 9367 9380 9368
f 9380 9367 9369
f 9381 9368 9373
f 9371 9370 9372
f 9370 9371 9373
f 9368 9381 9514
f 9378 9375 9376
f 9377 9375 9518
f 9375 9377 9376
f 9370 9374 9372
f 9375 9383 9518
f 9382 9383 9375
f 9384 9389 9390
f 9398 9400 9401
f 9397 9398 9399
f 9392 9396 9533
f 9383 9382 9384
f 9386 9388 9384
f 9386 9384 9387
f 9385 9384 9388
f 9390 9389 9391
f 9394 9395 9392
f 9393 9392 9395
f 9391 9389 9392
f 9387 9384 9390
f 9533 9396 9534
f 9534 9396 9397
f 9399 9398 9537
f 9362 9402 9400
f 9401 9400 9402
f 9537 9398 9401
f 9394 9392 9533
f 9400 9360 9362
f 9403 9404 9406
f 9403 9410 9404
f 9403 9415 9410
f 9415 9412 9410
f 9403 9405 9407
f 9415 9403 9407
f 9424 9410 9428
f 9410 9412 9428
f 9412 9426 9428
f 9428 9411 9424
f 9408 9414 9415
f 9414 9412 9415
f 9413 9414 9408
f 9416 9415 9407
f 9417 9420 9407
f 9407 9405 9417
f 9403 9421 9405
f 9414 9419 9412
f 9407 9420 9416
f 9405 9418 9417
f 9405 9421 9418
f 9421 9403 9422
f 9422 9403 9406
f 9409 9423 9410
f 9423 9404 9410
f 9426 9425 9428
f 9406 9404 9423
f 9424 9427 9410
f 9409 9410 9427
f 9426 9412 9429
f 9419 9414 9511
f 9412 9419 9511
f 9413 9408 9431
f 9408 9415 9431
f 9414 9413 9437
f 9416 9420 9433
f 9417 9418 9436
f 9418 9421 9500
f 9420 9417 9434
f 9415 9416 9508
f 9429 9412 9511
f 9430 9511 9414
f 9430 9414 9437
f 9431 9510 9413
f 9431 9415 9508
f 9437 9413 9510
f 9432 9416 9433
f 9434 9433 9420
f 9438 9434 9417
f 9438 9417 9436
f 9435 9418 9500
f 9436 9418 9435
f 9508 9416 9432
f 9426 9429 9513
f 9421 9422 9439
f 9422 9406 9527
f 9406 9423 9442
f 9409 9427 9444
f 9427 9424 9444
f 9411 9428 9445
f 9425 9426 9520
f 9428 9425 9520
f 9424 9411 9521
f 9423 9409 9526
f 9439 9500 9421
f 9441 9440 9422
f 9439 9422 9440
f 9527 9441 9422
f 9527 9406 9442
f 9443 9442 9423
f 9444 9529 9409
f 9526 9409 9529
f 9521 9444 9424
f 9445 9521 9411
f 9513 9520 9426
f 9445 9428 9520
f 9443 9423 9526
f 9447 9208 9207
f 9446 9207 9202
f 9450 9207 9446
f 9447 9448 9208
f 9201 9446 9202
f 9208 9448 9212
f 9456 9204 9203
f 9448 9453 9205
f 9203 9205 9452
f 9205 9454 9452
f 9448 9451 9453
f 9205 9212 9448
f 9374 9453 9451
f 9452 9456 9203
f 9204 9460 9206
f 9195 9206 9457
f 9456 9460 9204
f 9458 9195 9461
f 9193 9458 9469
f 9206 9460 9457
f 9195 9457 9461
f 9193 9469 9192
f 9469 9458 9467
f 9452 9455 9456
f 9447 9207 9450
f 9375 9447 9450
f 9449 9450 9446
f 9375 9450 9449
f 9375 9451 9447
f 9451 9448 9447
f 9454 9455 9452
f 9454 9205 9453
f 9457 9460 9465
f 9368 9465 9460
f 9455 9460 9456
f 9368 9460 9455
f 9370 9455 9454
f 9370 9454 9453
f 9453 9374 9370
f 9374 9451 9375
f 9449 9382 9375
f 9368 9455 9370
f 9466 9457 9380
f 9457 9368 9380
f 9368 9457 9465
f 9458 9462 9467
f 9468 9458 9461
f 9380 9462 9468
f 9458 9468 9462
f 9380 9467 9462
f 9380 9468 9461
f 9466 9380 9461
f 9459 9192 9469
f 9469 9470 9459
f 9365 9469 9467
f 9459 9463 9475
f 9463 9459 9472
f 9363 9470 9469
f 9365 9467 9380
f 9363 9469 9365
f 9470 9363 9471
f 9363 9472 9471
f 9459 9471 9472
f 9475 9463 9473
f 9360 9473 9463
f 9363 9463 9472
f 9360 9463 9363
f 9471 9459 9470
f 9461 9457 9466
f 9464 9191 9475
f 9185 9191 9464
f 9186 9185 9464
f 9477 9186 9464
f 9474 9478 9183
f 9478 9476 9183
f 9400 9474 9186
f 9479 9476 9478
f 9476 9479 9184
f 9187 9184 9479
f 9187 9482 9480
f 9482 9187 9479
f 9483 9480 9482
f 9484 9482 9479
f 9188 9480 9491
f 9488 9190 9491
f 9188 9491 9190
f 9189 9485 9196
f 9189 9190 9485
f 9198 9196 9487
f 9200 9199 9486
f 9446 9201 9200
f 9487 9197 9198
f 9190 9488 9485
f 9196 9485 9489
f 9196 9489 9487
f 9199 9197 9490
f 9490 9197 9496
f 9200 9486 9446
f 9486 9199 9499
f 9400 9475 9473
f 9400 9186 9477
f 9475 9477 9464
f 9400 9477 9475
f 9398 9481 9479
f 9398 9479 9478
f 9400 9478 9474
f 9398 9478 9400
f 9397 9482 9484
f 9484 9479 9481
f 9485 9488 9492
f 9396 9491 9483
f 9491 9480 9483
f 9396 9492 9488
f 9396 9488 9491
f 9397 9483 9482
f 9397 9484 9481
f 9397 9481 9398
f 9400 9473 9360
f 9396 9483 9397
f 9392 9493 9485
f 9392 9492 9396
f 9492 9392 9485
f 9495 9487 9489
f 9392 9494 9489
f 9389 9487 9495
f 9495 9489 9494
f 9389 9495 9494
f 9489 9493 9392
f 9199 9490 9499
f 9384 9496 9487
f 9496 9197 9487
f 9486 9499 9446
f 9446 9499 9498
f 9392 9389 9494
f 9384 9487 9389
f 9496 9384 9497
f 9384 9499 9497
f 9490 9497 9499
f 9384 9498 9499
f 9446 9498 9382
f 9498 9384 9382
f 9497 9490 9496
f 9489 9485 9493
f 9449 9446 9382
f 9364 9435 9500
f 9438 9436 9434
f 9502 9436 9435
f 9361 9364 9500
f 9501 9436 9502
f 9433 9434 9505
f 9503 9434 9506
f 9434 9504 9505
f 9366 9504 9434
f 9367 9433 9505
f 9436 9501 9506
f 9506 9434 9436
f 9439 9507 9500
f 9509 9432 9433
f 9510 9430 9437
f 9508 9432 9514
f 9515 9432 9509
f 9367 9509 9433
f 9431 9371 9510
f 9371 9431 9508
f 9430 9510 9517
f 9511 9430 9377
f 9512 9429 9511
f 9362 9361 9500
f 9506 9501 9365
f 9365 9503 9506
f 9364 9502 9435
f 9508 9514 9516
f 9366 9434 9503
f 9514 9432 9515
f 9368 9515 9509
f 9369 9505 9504
f 9364 9361 9363
f 9366 9503 9365
f 9379 9365 9501
f 9502 9379 9501
f 9380 9504 9366
f 9367 9505 9369
f 9504 9380 9369
f 9368 9509 9367
f 9514 9515 9368
f 9510 9371 9372
f 9508 9516 9373
f 9371 9508 9373
f 9517 9374 9430
f 9377 9430 9376
f 9517 9510 9372
f 9374 9517 9372
f 9381 9516 9514
f 9516 9381 9373
f 9374 9378 9430
f 9511 9377 9518
f 9430 9378 9376
f 9374 9375 9378
f 9513 9511 9518
f 9362 9500 9519
f 9523 9520 9513
f 9523 9445 9520
f 9429 9512 9513
f 9522 9445 9523
f 9385 9523 9513
f 9445 9522 9390
f 9387 9522 9523
f 9521 9391 9444
f 9532 9444 9391
f 9524 9521 9525
f 9521 9524 9391
f 9393 9532 9391
f 9445 9390 9525
f 9525 9521 9445
f 9512 9511 9513
f 9444 9532 9529
f 9443 9526 9533
f 9530 9442 9443
f 9394 9533 9529
f 9533 9526 9529
f 9442 9531 9527
f 9441 9527 9440
f 9440 9527 9537
f 9440 9528 9439
f 9507 9439 9519
f 9439 9528 9519
f 9383 9513 9518
f 9383 9385 9513
f 9384 9385 9383
f 9390 9524 9525
f 9387 9390 9522
f 9386 9387 9523
f 9443 9533 9534
f 9395 9529 9532
f 9392 9393 9391
f 9390 9391 9524
f 9388 9523 9385
f 9388 9386 9523
f 9395 9532 9393
f 9395 9394 9529
f 9442 9530 9535
f 9531 9442 9535
f 9536 9531 9535
f 9397 9535 9534
f 9530 9534 9535
f 9399 9531 9536
f 9397 9536 9535
f 9528 9440 9537
f 9399 9537 9531
f 9537 9527 9531
f 9519 9528 9401
f 9399 9536 9397
f 9528 9538 9401
f 9538 9537 9401
f 9519 9401 9402
f 9538 9528 9537
f 9519 9402 9362
f 9530 9443 9534
f 9500 9507 9519
f 9539 9545 9543
f 9550 9556 9554
f 9545 9550 9562
f 9541 9540 9539
f 9544 9541 9539
f 9543 9563 9539
f 9542 9539 9563
f 9544 9539 9542
f 9548 9546 9545
f 9547 9564 9545
f 9548 9545 9564
f 9549 9565 9545
f 9562 9549 9545
f 9547 9545 9565
f 9543 9545 9546
f 9552 9562 9550
f 9555 9551 9550
f 9552 9550 9551
f 9553 9566 9550
f 9554 9567 9550
f 9553 9550 9567
f 9555 9550 9566
f 9557 9554 9556
f 9568 9558 9556
f 9557 9556 9558
f 9559 9561 9556
f 9560 9569 9556
f 9559 9556 9569
f 9568 9556 9561
f 9556 9570 9560
f 9539 9540 9571
f 9572 9578 9585
f 9586 9593 9599
f 9578 9586 9600
f 9573 9574 9572
f 9570 9572 9574
f 9575 9577 9572
f 9576 9601 9572
f 9575 9572 9601
f 9573 9572 9577
f 9579 9585 9578
f 9580 9581 9578
f 9579 9578 9581
f 9582 9580 9578
f 9583 9584 9578
f 9582 9578 9584
f 9576 9572 9585
f 9587 9600 9586
f 9588 9589 9586
f 9587 9586 9589
f 9590 9592 9586
f 9599 9591 9586
f 9590 9586 9591
f 9588 9586 9592
f 9594 9599 9593
f 9595 9596 9593
f 9594 9593 9596
f 9602 9597 9593
f 9571 9598 9593
f 9602 9593 9598
f 9595 9593 9597
f 9583 9578 9600
f 9593 9539 9571
f 9572 9570 9556
f 9604 9603 9609
f 9606 9603 9607
f 9609 9603 9613
f 9608 9604 9609
f 9610 9609 9611
f 9612 9611 9609
f 9613 9612 9609
f 9605 9606 9607
f 9603 9606 9613
f 9612 9613 9614
f 9615 9613 9616
f 9615 9614 9613
f 9617 9612 9614
f 9614 9619 9618
f 9620 9621 9617
f 9621 9622 9612
f 9621 9612 9617
f 9623 9620 9617
f 9618 9617 9614
f 9627 9624 9602
f 9602 9626 9632
f 9629 9627 9602
f 9602 9625 9626
f 9628 9627 9629
f 9629 9602 9632
f 9630 9632 9626
f 9629 9632 9631
f 9608 9609 9539
f 9609 9610 9539
f 9611 9612 9545
f 9610 9611 9545
f 9612 9622 9545
f 9621 9620 9550
f 9622 9621 9550
f 9620 9623 9550
f 9617 9618 9556
f 9623 9617 9556
f 9618 9619 9556
f 9539 9610 9545
f 9550 9623 9556
f 9545 9622 9550
f 9619 9614 9572
f 9614 9615 9572
f 9615 9616 9578
f 9606 9605 9578
f 9613 9606 9578
f 9616 9613 9578
f 9605 9607 9586
f 9607 9603 9586
f 9603 9604 9593
f 9604 9608 9593
f 9572 9615 9578
f 9586 9603 9593
f 9578 9605 9586
f 9608 9539 9593
f 9572 9556 9619
f 9631 9632 9558
f 9632 9630 9555
f 9630 9626 9549
f 9626 9625 9542
f 9625 9602 9541
f 9560 9570 9631
f 9559 9569 9631
f 9560 9631 9569
f 9568 9561 9631
f 9557 9558 9632
f 9568 9631 9558
f 9559 9631 9561
f 9553 9567 9632
f 9554 9632 9567
f 9555 9566 9632
f 9552 9551 9630
f 9555 9630 9551
f 9553 9632 9566
f 9557 9632 9554
f 9562 9630 9549
f 9547 9565 9626
f 9548 9564 9626
f 9547 9626 9564
f 9549 9626 9565
f 9543 9546 9626
f 9542 9563 9626
f 9543 9626 9563
f 9544 9542 9625
f 9544 9625 9541
f 9548 9626 9546
f 9552 9630 9562
f 9602 9540 9541
f 9602 9624 9597
f 9624 9627 9590
f 9627 9628 9582
f 9628 9629 9585
f 9571 9540 9602
f 9571 9602 9598
f 9595 9597 9624
f 9594 9596 9624
f 9595 9624 9596
f 9590 9591 9624
f 9599 9624 9591
f 9588 9592 9627
f 9587 9589 9627
f 9588 9627 9589
f 9590 9627 9592
f 9594 9624 9599
f 9583 9600 9627
f 9582 9584 9627
f 9583 9627 9584
f 9579 9581 9628
f 9580 9628 9581
f 9582 9628 9580
f 9576 9585 9629
f 9575 9601 9629
f 9576 9629 9601
f 9573 9577 9629
f 9570 9574 9629
f 9573 9629 9574
f 9575 9629 9577
f 9579 9628 9585
f 9587 9627 9600
f 9629 9631 9570
f 9633 9636 9634
f 9636 9635 9637
f 9635 9636 9638
f 9639 9640 9641
f 9642 9643 9644
f 9640 9642 2629
f 9645 9646 9647
f 9648 9649 2632
f 9646 9648 2632
f 9643 9645 2628
f 9650 9651 9652
f 9653 9654 2631
f 9651 9653 9655
f 9656 9657 9658
f 9659 9660 9661
f 9657 9659 9662
f 9654 9656 2633
f 9649 9650 9663
f 9641 9690 9639
f 9644 2629 9642
f 9641 9640 2629
f 9647 2628 9645
f 9663 2632 9649
f 9647 9646 2632
f 9644 9643 2628
f 9655 9652 9651
f 9664 2631 9654
f 9655 9653 2631
f 9658 2633 9656
f 9661 9662 9659
f 9658 9657 9662
f 9664 9654 2633
f 9663 9650 9652
f 9665 2642 9660
f 9639 9690 9666
f 9665 9667 9668
f 9669 9670 9671
f 9667 9669 9672
f 9673 9674 9675
f 9676 9677 9678
f 9674 9676 2639
f 9670 9673 2635
f 9679 9680 9681
f 9682 9683 9684
f 9680 9682 2638
f 9685 9686 9687
f 9688 9635 9666
f 9686 9688 2640
f 9683 9685 2637
f 9677 9679 9689
f 9668 2642 9665
f 9671 9672 9669
f 9668 9667 9672
f 9675 2635 9673
f 9678 2639 9676
f 9675 9674 2639
f 9671 9670 2635
f 9681 9689 9679
f 9684 2638 9682
f 9681 9680 2638
f 9687 2637 9685
f 9666 2640 9688
f 9687 9686 2640
f 9684 9683 2637
f 9678 9677 9689
f 9635 9639 9666
f 2642 9661 9660
f 9691 9690 9692
f 9690 9693 9692
f 9691 9692 9694
f 9695 9694 9692
f 9642 9635 9638
f 9648 9638 9636
f 9653 9636 9633
f 9639 9635 9640
f 9640 9635 9642
f 9649 9648 9636
f 9645 9643 9638
f 9646 9638 9648
f 9638 9646 9645
f 9638 9643 9642
f 9649 9636 9650
f 9636 9653 9651
f 9636 9651 9650
f 9654 9633 9656
f 9657 9633 9659
f 9633 9657 9656
f 9633 9654 9653
f 9633 9660 9659
f 9676 9634 9636
f 9633 9634 9667
f 9686 9637 9635
f 9683 9636 9637
f 9665 9633 9667
f 9670 9634 9673
f 9670 9669 9634
f 9634 9669 9667
f 9676 9636 9677
f 9634 9676 9674
f 9634 9674 9673
f 9679 9636 9680
f 9636 9682 9680
f 9677 9636 9679
f 9686 9635 9688
f 9682 9636 9683
f 9637 9685 9683
f 9686 9685 9637
f 9633 9665 9660
f 9695 9692 9662
f 9692 9693 2632
f 9693 9690 2629
f 9662 9661 9695
f 2633 9658 9692
f 9662 9692 9658
f 2631 9664 9692
f 9692 9664 2633
f 9655 2631 9692
f 9661 2642 9695
f 9663 9652 9692
f 9647 2632 9693
f 9663 9692 2632
f 2628 9693 9644
f 9641 2629 9690
f 9693 2629 9644
f 9647 9693 2628
f 9655 9692 9652
f 9695 2642 9668
f 9690 9691 2640
f 9691 9694 9678
f 9694 9695 9671
f 2637 9687 9691
f 9691 9687 2640
f 9690 2640 9666
f 2638 9691 9681
f 9684 9691 2638
f 2637 9691 9684
f 9678 9689 9691
f 9675 2639 9694
f 9678 9694 2639
f 9671 2635 9694
f 9668 9672 9695
f 9671 9695 9672
f 9675 9694 2635
f 9691 9689 9681
