v -0.000111 0.029566 0.016671
v 0.000766 0.029490 0.016950
v -0.016711 0.024519 0.016948
v 0.010910 0.027325 0.016270
v 0.006764 0.028612 0.016628
v -0.006153 0.028758 0.016642
v 0.024784 0.015830 0.016719
v 0.020470 0.021297 0.016776
v 0.026914 0.011884 0.016650
v 0.029184 0.005021 0.016949
v 0.029533 0.001122 0.015921
v 0.029100 -0.004264 0.016115
v 0.028813 0.006427 0.016151
v -0.003346 0.029540 0.015689
v 0.028349 -0.007922 0.016185
v 0.025314 -0.015058 0.016682
v -0.023182 0.018187 0.016793
v -0.016634 -0.024329 0.016709
v -0.005412 -0.028910 0.016699
v -0.028542 -0.007274 0.016669
v -0.026549 0.012865 0.016989
v -0.024549 -0.016372 0.016962
v -0.026963 -0.012022 0.016937
v -0.029286 -0.002298 0.016640
v 0.017726 -0.023541 0.016711
v -0.020491 0.021320 0.016188
v -0.035288 0.000917 0.017150
v -0.029448 0.003560 0.017087
v -0.028188 0.009357 0.017150
v -0.024258 0.017136 0.017150
v -0.018583 0.023285 0.017150
v -0.024527 0.023089 0.017993
v -0.035171 0.008147 0.016910
v -0.028635 -0.007880 0.017150
v -0.027302 -0.011773 0.017150
v -0.030517 -0.018679 0.016725
v -0.026261 -0.023805 0.017111
v -0.034538 -0.009799 0.016936
v -0.029503 -0.003596 0.017150
v -0.012246 0.027094 0.017150
v -0.001666 0.033129 0.018196
v -0.007393 0.034557 0.017150
v -0.009793 0.027730 0.016885
v 0.005127 0.029301 0.017150
v 0.004817 0.035079 0.017150
v 0.015198 0.025842 0.017148
v 0.012761 0.032940 0.017150
v 0.021908 0.027989 0.017151
v 0.021539 0.020449 0.017150
v -0.019978 -0.029349 0.017114
v -0.012363 -0.033284 0.017151
v -0.018739 -0.023265 0.017149
v -0.011700 -0.027009 0.016958
v -0.000917 -0.035288 0.017150
v -0.000905 -0.031726 0.017933
v 0.000712 -0.032233 0.017960
v 0.011716 -0.027009 0.016927
v 0.024544 -0.021669 0.018001
v 0.028624 0.008258 0.017150
v 0.029738 0.000687 0.017150
v 0.035496 0.002567 0.017152
v 0.031703 0.016205 0.017109
v 0.024856 0.016228 0.017113
v 0.023424 -0.018334 0.017150
v 0.026654 -0.013175 0.017150
v 0.031557 -0.015941 0.017150
v 0.027638 -0.022022 0.017150
v 0.030223 -0.012372 0.017959
v -0.031892 0.015449 0.015146
v -0.034382 0.006168 0.014985
v -0.027913 0.020886 0.014989
v -0.030465 0.016736 0.015035
v -0.034779 -0.002016 0.014982
v -0.030572 -0.016675 0.014997
v -0.027502 -0.021399 0.014985
v -0.034022 -0.007015 0.014963
v -0.023302 0.025930 0.014989
v -0.020649 0.028090 0.014989
v -0.013425 0.032417 0.015026
v -0.008105 0.034618 0.015283
v 0.000002 0.035087 0.015026
v -0.003706 0.034586 0.015021
v 0.006430 0.034263 0.015003
v 0.015077 0.031734 0.014976
v 0.021495 0.027463 0.014974
v 0.028418 0.020121 0.014985
v -0.023655 -0.025593 0.014963
v -0.018330 -0.029654 0.015003
v -0.014138 -0.031771 0.014940
v -0.008029 -0.034066 0.015016
v 0.007248 -0.034201 0.014935
v 0.020394 -0.028178 0.014990
v 0.023073 -0.025968 0.014963
v 0.034241 0.007860 0.014982
v 0.034781 0.001174 0.014997
v 0.032381 0.013173 0.015006
v 0.026391 -0.022831 0.014989
v 0.034385 -0.005345 0.014970
v 0.031967 -0.014898 0.015019
v 0.032456 -0.010526 0.015215
v 0.010184 0.034317 0.016344
v 0.017542 0.030863 0.015350
v -0.000147 0.035769 0.015947
v -0.015130 0.032355 0.017105
v -0.014288 0.032558 0.015363
v -0.023351 0.027149 0.016150
v 0.017213 0.031172 0.016951
v 0.005568 0.035361 0.015956
v 0.022260 0.027988 0.016001
v 0.031953 0.016136 0.016438
v 0.027938 0.022508 0.015985
v 0.035408 0.002561 0.016950
v 0.035387 0.005739 0.016329
v 0.035469 -0.005616 0.015779
v 0.034633 -0.008279 0.016951
v 0.031681 -0.016776 0.015511
v -0.018192 0.030798 0.015430
v 0.031732 0.015916 0.015350
v 0.034986 0.006019 0.015350
v 0.026127 -0.024462 0.016205
v 0.021678 -0.028460 0.016354
v 0.011719 -0.033840 0.016690
v -0.003736 -0.035676 0.016087
v 0.004559 -0.035553 0.015784
v 0.019632 -0.030059 0.016733
v -0.006442 -0.034785 0.015023
v -0.012549 -0.033249 0.015350
v -0.017112 -0.031867 0.016541
v -0.027004 -0.023476 0.015957
v -0.035771 -0.000827 0.016150
v -0.034986 -0.006019 0.015350
v -0.033385 -0.010363 0.015132
v -0.030162 0.018795 0.016950
v -0.034624 0.009538 0.016233
v -0.034626 0.007828 0.015350
v -0.028656 0.021218 0.015308
v 0.018417 -0.029856 0.015007
v -0.020483 -0.028995 0.015350
v -0.033140 -0.012729 0.015350
v 0.002852 0.033968 0.015650
v 0.007503 0.033281 0.015503
v -0.015821 0.030192 0.015560
v -0.008523 0.033008 0.015603
v 0.014391 0.030904 0.015585
v 0.016700 0.030031 0.015178
v 0.024740 0.023545 0.015606
v 0.031221 0.013588 0.015517
v 0.033796 0.004119 0.015560
v 0.032214 -0.011260 0.015489
v 0.033897 -0.003560 0.015576
v 0.028631 0.018501 0.015575
v -0.002580 0.033984 0.015495
v 0.027854 -0.019699 0.015565
v 0.032801 0.009027 0.015560
v 0.020950 -0.026925 0.015563
v -0.024645 0.023531 0.015650
v 0.001382 -0.034203 0.015620
v 0.012264 -0.031867 0.015611
v -0.010553 -0.032435 0.015579
v 0.000492 -0.034084 0.015350
v -0.006079 -0.033597 0.015222
v -0.017637 -0.029354 0.015255
v -0.021369 -0.026488 0.015527
v -0.034121 0.002566 0.015650
v -0.033917 0.004233 0.015351
v -0.030371 -0.015513 0.015517
v -0.031301 -0.013497 0.015650
v -0.025815 -0.022204 0.015569
v -0.030193 0.015706 0.015576
v -0.024775 0.023656 0.015474
v -0.031945 0.011731 0.015554
v 0.009035 -0.032830 0.015350
v -0.028793 -0.018175 0.015350
v 0.006594 -0.028641 0.016203
v 0.009310 -0.028319 0.015650
v 0.002278 -0.029415 0.016142
v -0.004365 -0.029224 0.015934
v 0.021767 -0.019798 0.016066
v 0.017173 -0.024169 0.015763
v 0.014435 -0.026095 0.015650
v -0.016938 -0.024615 0.015650
v -0.006568 -0.029055 0.015650
v -0.010428 -0.027522 0.016030
v 0.025793 -0.015084 0.015650
v 0.027062 -0.011602 0.016107
v 0.028107 0.010796 0.015652
v 0.022600 0.019439 0.015650
v -0.022568 -0.019014 0.016049
v -0.027439 -0.012116 0.015651
v -0.032399 -0.007447 0.015239
v -0.029598 0.002226 0.015743
v -0.028798 0.007745 0.015650
v -0.027964 0.009403 0.016157
v -0.024424 0.017253 0.015650
v -0.020510 0.021604 0.015650
v 0.004753 0.029584 0.015651
v 0.020656 0.021293 0.015743
v 0.016341 0.024551 0.016000
v -0.015874 0.025127 0.015736
v -0.010369 0.028023 0.015650
v 0.027528 -0.015491 0.020121
v 0.027402 -0.015166 0.020100
v 0.023035 -0.008928 0.020100
v 0.031499 -0.010551 0.020100
v 0.032356 -0.007450 0.020100
v 0.021447 -0.007450 0.020100
v 0.031338 0.011160 0.020106
v 0.032356 0.007450 0.020100
v 0.023035 0.008928 0.020100
v 0.021447 0.007450 0.020100
v 0.022404 0.008214 0.020100
v 0.027402 0.015166 0.020100
v 0.029480 0.015365 0.020106
v 0.039980 -0.004095 0.021151
v 0.039667 0.005210 0.019300
v 0.039753 0.004676 0.022972
v 0.030379 -0.014325 0.020722
v 0.032072 -0.009340 0.020300
v 0.032586 -0.007340 0.020300
v 0.027536 -0.015855 0.021749
v 0.028217 -0.015898 0.024070
v 0.029179 -0.015803 0.020283
v 0.029427 -0.015641 0.023853
v 0.022011 -0.008325 0.020955
v 0.022871 -0.009043 0.020300
v 0.037539 -0.006950 0.018300
v 0.032861 -0.006950 0.019802
v 0.032590 -0.006966 0.019782
v 0.021447 -0.006950 0.019600
v 0.020546 -0.006955 0.019311
v 0.032356 -0.006950 0.019600
v 0.037539 -0.006950 0.023800
v 0.033074 -0.006950 0.020300
v 0.037684 -0.006950 0.018310
v 0.019400 0.006527 0.020416
v 0.019140 -0.002156 0.023577
v 0.019395 -0.006288 0.019632
v 0.026368 0.014167 0.022803
v 0.027660 0.015670 0.020300
v 0.028047 0.016013 0.023061
v 0.029806 0.015096 0.020300
v 0.029589 0.015530 0.023778
v 0.028574 0.015916 0.020300
v 0.032617 0.008168 0.021763
v 0.030679 0.013225 0.020300
v 0.037737 0.006876 0.024164
v 0.037539 0.006950 0.018300
v 0.032860 0.006950 0.019802
v 0.033044 0.006950 0.020097
v 0.021071 0.006961 0.019733
v 0.032356 0.006950 0.019600
v 0.020589 0.007006 0.019970
v 0.028234 -0.015161 0.024779
v 0.032058 -0.006255 0.024784
v 0.032657 0.005990 0.024800
v 0.037826 -0.005880 0.024801
v 0.023336 -0.008012 0.024800
v 0.028934 -0.015012 0.024787
v 0.022939 0.007591 0.024800
v 0.022504 -0.007210 0.024800
v 0.022504 0.007210 0.024800
v 0.022034 -0.006873 0.024800
v 0.021534 0.006583 0.024800
v 0.021482 -0.007013 0.024732
v 0.021534 -0.006583 0.024800
v 0.020462 -0.006153 0.024800
v 0.022034 0.006873 0.024800
v 0.037574 0.006105 0.024788
v 0.031870 0.006527 0.024800
v 0.019888 0.006244 0.024830
v 0.028057 0.014707 0.024800
v 0.028252 0.014871 0.024800
v 0.037579 -0.005941 0.017300
v 0.038180 -0.002355 0.017310
v 0.020011 -0.000000 0.017189
v 0.037606 0.005935 0.017300
v 0.019763 -0.006488 0.024663
v 0.019798 0.006445 0.024698
v 0.019684 0.006608 0.024584
v 0.019873 0.006243 0.024773
v 0.019837 -0.006360 0.024737
v 0.019546 0.006731 0.024446
v 0.019662 -0.006572 0.024562
v 0.019847 -0.006340 0.024744
v 0.019546 -0.006581 0.024446
v 0.019563 0.006078 0.017637
v 0.019615 0.006202 0.017585
v 0.019563 -0.006078 0.017637
v 0.019697 -0.006308 0.017503
v 0.019697 0.006308 0.017503
v 0.019800 0.006385 0.017400
v 0.019875 0.006173 0.017325
v 0.019800 -0.006385 0.017400
v 0.019546 -0.005950 0.017654
v 0.019546 0.005950 0.017654
v 0.019875 -0.006173 0.017325
v 0.019798 0.007017 0.023800
v 0.020719 0.007261 0.024051
v 0.022300 0.008344 0.023798
v 0.019534 -0.007100 0.022966
v 0.021550 -0.007920 0.022239
v 0.021122 -0.007496 0.023800
v 0.024226 -0.010062 0.024731
v 0.022776 -0.007798 0.024764
v 0.021643 -0.007301 0.024640
v 0.022298 -0.008256 0.024183
v 0.022550 -0.008150 0.024558
v 0.019958 -0.006907 0.024354
v 0.019850 -0.006527 0.024660
v 0.020892 -0.007291 0.024182
v 0.027647 -0.015133 0.024616
v 0.032797 -0.006753 0.024487
v 0.037539 -0.006333 0.024724
v 0.033065 -0.006938 0.023973
v 0.037584 -0.006793 0.024360
v 0.027855 -0.015706 0.024183
v 0.027529 -0.015301 0.024528
v 0.029234 -0.015583 0.024384
v 0.029711 -0.014880 0.024473
v 0.028308 -0.015439 0.024684
v 0.028956 -0.015155 0.024724
v 0.030420 -0.012781 0.024638
v 0.031024 -0.010647 0.024725
v 0.031705 -0.010309 0.024265
v 0.032552 -0.006961 0.024334
v 0.031720 -0.008293 0.024724
v 0.032075 -0.006578 0.024768
v 0.033561 0.006855 0.024407
v 0.037539 -0.006874 0.017917
v 0.020125 -0.006911 0.018025
v 0.019871 -0.006799 0.017771
v 0.037539 -0.006657 0.017593
v 0.019759 -0.006509 0.017471
v 0.037539 -0.006333 0.017376
v 0.037539 0.006874 0.017917
v 0.020125 0.006911 0.018025
v 0.037539 0.006657 0.017593
v 0.019871 0.006799 0.017771
v 0.037539 0.006333 0.017376
v 0.019759 0.006509 0.017471
v 0.037825 -0.005972 0.017320
v 0.037825 0.005972 0.017320
v 0.039667 -0.005210 0.019300
v 0.039688 -0.004977 0.018970
v 0.038491 -0.005402 0.017408
v 0.039954 -0.001958 0.019300
v 0.038395 0.000878 0.017339
v 0.039051 0.002690 0.017612
v 0.038676 -0.005685 0.017585
v 0.039435 0.000447 0.017847
v 0.039157 -0.005667 0.017990
v 0.039532 -0.005132 0.018483
v 0.039808 -0.002384 0.018501
v 0.039919 0.001294 0.018690
v 0.039954 0.001958 0.019300
v 0.039256 0.003705 0.017857
v 0.038272 0.004616 0.017365
v 0.038856 0.005893 0.017774
v 0.039123 0.005800 0.018027
v 0.038700 0.005924 0.017669
v 0.039616 0.004978 0.018589
v 0.038369 0.005969 0.017487
v 0.037814 -0.006334 0.017399
v 0.037798 -0.006506 0.017510
v 0.038519 -0.006388 0.017669
v 0.038115 -0.007058 0.018327
v 0.039048 -0.006349 0.018296
v 0.039145 -0.006065 0.018150
v 0.039487 -0.005771 0.018733
v 0.037684 0.006950 0.018310
v 0.038389 0.006453 0.017630
v 0.037760 0.006770 0.017777
v 0.038568 0.006758 0.018174
v 0.037813 0.006348 0.017402
v 0.039084 0.006317 0.018329
v 0.039171 0.005971 0.018120
v 0.039578 0.005805 0.019240
v 0.039154 -0.006556 0.021241
v 0.039540 -0.005650 0.023292
v 0.038062 0.006914 0.023745
v 0.038997 0.006458 0.023647
v 0.037684 -0.006950 0.023790
v 0.037737 -0.006876 0.024164
v 0.037813 -0.006348 0.024698
v 0.038485 -0.006561 0.024376
v 0.038195 -0.005982 0.024690
v 0.039084 -0.006317 0.023771
v 0.039107 -0.006040 0.024021
v 0.039387 -0.005981 0.023426
v 0.039625 -0.005318 0.023171
v 0.037813 0.006348 0.024698
v 0.037783 0.006665 0.024482
v 0.038480 0.006652 0.024277
v 0.039110 0.006135 0.023957
v 0.039388 0.005942 0.023573
v 0.039563 0.005606 0.023195
v 0.039455 -0.005427 0.023785
v 0.039608 -0.000336 0.024096
v 0.039954 0.000241 0.023441
v 0.039752 0.002040 0.023767
v 0.039639 -0.001558 0.023911
v 0.038943 -0.000525 0.024584
v 0.038623 -0.004709 0.024641
v 0.038872 0.002698 0.024574
v 0.038539 -0.002597 0.024714
v 0.039579 0.004687 0.023565
v 0.039374 0.002618 0.024241
v 0.038367 0.002523 0.024760
v 0.038544 0.005955 0.024536
v 0.038989 0.005846 0.024199
v 0.038195 0.005982 0.024690
v 0.020268 0.006954 0.019699
v 0.019493 0.006463 0.018458
v 0.019588 0.006549 0.019653
v 0.019621 -0.006612 0.019708
v 0.029636 -0.015090 0.020103
v 0.031319 -0.011262 0.020115
v 0.030566 -0.013176 0.020115
v 0.029754 -0.015069 0.020159
v 0.031380 -0.011284 0.020159
v 0.030625 -0.013202 0.020159
v 0.031421 -0.011299 0.020223
v 0.031953 -0.009305 0.020115
v 0.032015 -0.009324 0.020159
v 0.032432 -0.007413 0.020125
v 0.032470 -0.007395 0.020138
v 0.032057 -0.009336 0.020223
v 0.032575 -0.007346 0.020258
v 0.032536 -0.007364 0.020183
v 0.032564 -0.007351 0.020215
v 0.032509 -0.007377 0.020150
v 0.027339 -0.015209 0.020115
v 0.027286 -0.015247 0.020159
v 0.027251 -0.015272 0.020223
v 0.027978 -0.015825 0.020198
v 0.028413 -0.015866 0.020124
v 0.028960 -0.015796 0.020147
v 0.028626 -0.015793 0.020104
v 0.029455 -0.015520 0.020184
v 0.029377 -0.015458 0.020113
v 0.019741 -0.006976 0.020210
v 0.022972 -0.008972 0.020115
v 0.022919 -0.009009 0.020159
v 0.022883 -0.009034 0.020223
v 0.022394 -0.008332 0.020128
v 0.021418 -0.007585 0.020153
v 0.022404 -0.008214 0.020100
v 0.021082 -0.007336 0.020115
v 0.020276 -0.007105 0.020194
v 0.020511 -0.007146 0.020147
v 0.021842 -0.007716 0.020100
v 0.020979 -0.007298 0.020124
v 0.032578 0.007494 0.020272
v 0.031953 0.009305 0.020115
v 0.032509 0.007377 0.020150
v 0.032015 0.009324 0.020159
v 0.031380 0.011284 0.020159
v 0.031421 0.011299 0.020223
v 0.030620 0.012982 0.020104
v 0.030625 0.013202 0.020159
v 0.030665 0.013219 0.020223
v 0.029792 0.015089 0.020223
v 0.029587 0.015375 0.020181
v 0.028327 0.015885 0.020178
v 0.028189 0.015894 0.020300
v 0.028453 0.015713 0.020100
v 0.027339 0.015209 0.020115
v 0.027607 0.015505 0.020110
v 0.027286 0.015247 0.020159
v 0.027640 0.015694 0.020216
v 0.029125 0.015754 0.020300
v 0.029060 0.015793 0.020218
v 0.028649 0.015818 0.020109
v 0.029222 0.015647 0.020159
v 0.022972 0.008972 0.020115
v 0.022919 0.009009 0.020159
v 0.022883 0.009034 0.020223
v 0.022119 0.008141 0.020170
v 0.021288 0.007474 0.020126
v 0.020511 0.007146 0.020147
v 0.021842 0.007716 0.020100
v 0.019916 0.007028 0.020226
v 0.019925 0.006989 0.020163
v 0.033061 0.007026 0.022888
v 0.032569 0.006967 0.019779
v 0.032356 0.006988 0.019791
v 0.032639 0.007062 0.020044
v 0.032356 0.007259 0.020062
v 0.032356 0.007096 0.019954
v 0.021447 0.006988 0.019791
v 0.021447 0.007096 0.019954
v 0.021447 0.007259 0.020062
v 0.020131 0.007108 0.020335
v 0.019673 0.006731 0.019907
v 0.019407 0.006215 0.020061
v 0.019542 -0.006569 0.019858
v 0.019825 -0.006831 0.019967
v 0.020556 -0.007041 0.020007
v 0.019828 -0.006843 0.019583
v 0.021447 -0.007259 0.020062
v 0.021447 -0.007096 0.019954
v 0.021447 -0.006988 0.019791
v 0.032356 -0.006988 0.019791
v 0.032356 -0.007096 0.019954
v 0.032356 -0.007259 0.020062
v 0.032909 -0.006968 0.020129
v 0.032737 -0.007180 0.020547
v 0.032577 -0.007076 0.020020
v 0.032802 -0.007009 0.023954
v 0.032624 -0.007205 0.023933
v 0.032486 -0.006722 0.024513
v 0.032625 -0.007031 0.024181
v 0.019438 -0.005950 0.017816
v 0.019658 -0.006388 0.017553
v 0.019482 -0.006274 0.017772
v 0.019725 -0.006625 0.017575
v 0.019438 0.005950 0.017816
v 0.019730 0.006589 0.017525
v 0.019645 0.006568 0.017710
v 0.019481 0.006276 0.017779
v 0.019685 -0.006977 0.020268
v 0.019429 -0.006639 0.020180
v 0.019469 -0.007006 0.021655
v 0.019573 -0.006692 0.024386
v 0.019422 -0.006676 0.024021
v 0.019437 -0.006516 0.024281
v 0.019419 0.006664 0.024229
v 0.019475 0.006790 0.024356
v 0.019510 0.006840 0.020344
v 0.019428 0.006692 0.020379
v 0.019730 0.006992 0.020243
v 0.019512 0.006725 0.020048
v 0.019498 0.006554 0.019941
v 0.019952 0.006618 0.024634
v 0.019595 0.006909 0.024164
v 0.021421 0.007507 0.024304
v 0.021956 0.007461 0.024651
v 0.023141 0.008761 0.024661
v 0.027279 0.014878 0.024461
v 0.027335 0.014008 0.024772
v 0.027953 0.015764 0.024281
v 0.028084 0.015424 0.024667
v 0.028485 0.014919 0.024800
v 0.028829 0.015241 0.024721
v 0.028148 0.014783 0.024800
v 0.029347 0.015427 0.024411
v 0.028814 0.015727 0.024348
v 0.029172 0.014955 0.024724
v 0.028744 0.014836 0.024800
v 0.028598 0.014886 0.024800
v 0.030238 0.014046 0.024335
v 0.032396 0.007377 0.024448
v 0.031509 0.009495 0.024685
v 0.030032 0.012947 0.024766
v 0.032350 0.006737 0.024671
v 0.032598 0.006942 0.024412
v 0.032608 0.007107 0.024183
v 0.032840 0.006698 0.024559
v 0.032866 0.007037 0.024022
v 0.032973 0.006710 0.024522
v 0.021951 0.024871 0.026969
v 0.018880 0.008528 0.024800
v 0.019532 0.010594 0.024800
v 0.020220 0.011981 0.024800
v 0.020444 -0.012315 0.024800
v 0.021021 0.013100 0.024800
v 0.023487 0.016204 0.024800
v 0.021021 -0.013100 0.024800
v 0.023702 0.021771 0.024800
v 0.027697 -0.010221 0.024800
v 0.028481 0.008568 0.025392
v 0.026074 0.012959 0.024800
v 0.029432 0.005800 0.025167
v 0.028981 -0.007263 0.024800
v 0.030273 -0.001613 0.024800
v 0.018781 -0.006792 0.024800
v 0.019074 -0.009561 0.024800
v 0.025550 -0.015984 0.025533
v 0.023466 -0.016121 0.024800
v 0.023675 -0.021939 0.024800
v 0.022889 -0.023253 0.024800
v 0.025007 -0.019719 0.024800
v -0.029876 -0.010746 0.019200
v -0.030378 -0.009175 0.017950
v -0.028339 0.012138 0.019200
v -0.028165 0.012343 0.017200
v -0.016985 0.012513 0.027700
v -0.029003 -0.011876 0.019200
v -0.028022 -0.012345 0.019200
v -0.029265 -0.011600 0.019200
v -0.030082 0.010311 0.019200
v -0.030029 0.010465 0.019200
v -0.029669 0.011181 0.019200
v -0.028523 0.012128 0.019200
v -0.029595 0.011279 0.019200
v 0.004611 -0.014320 0.020484
v 0.003465 -0.014085 0.021175
v -0.004144 -0.013917 0.020650
v -0.005100 -0.015075 0.019650
v -0.004497 -0.014606 0.021419
v -0.003892 -0.021016 0.021175
v -0.004385 -0.020512 0.020915
v 0.004217 -0.020954 0.021549
v 0.004433 -0.020740 0.021661
v -0.018580 -0.020652 0.017200
v -0.022950 -0.014544 0.017200
v -0.020636 -0.025544 0.017200
v -0.013499 -0.021807 0.017200
v -0.015597 -0.020072 0.017200
v -0.011280 -0.031052 0.017200
v -0.005635 -0.025365 0.017380
v -0.013358 -0.023338 0.017384
v -0.020297 -0.019543 0.017200
v -0.020769 -0.017142 0.017200
v -0.020276 -0.008450 0.017209
v -0.019543 -0.015059 0.017200
v -0.024387 -0.012412 0.017057
v -0.023524 -0.008631 0.017200
v -0.017427 -0.014574 0.017200
v -0.013491 -0.016724 0.017200
v -0.013333 -0.020928 0.017344
v -0.015473 -0.015337 0.017200
v -0.012634 -0.015756 0.017200
v -0.013631 -0.012516 0.017299
v -0.028933 -0.011923 0.017200
v -0.000088 -0.033320 0.017200
v 0.013103 -0.023794 0.017200
v 0.013792 -0.021587 0.017956
v 0.000013 -0.023490 0.017200
v 0.015900 -0.020325 0.017600
v 0.021677 -0.025220 0.017200
v 0.020919 -0.017257 0.017200
v 0.012247 -0.018169 0.017200
v 0.013313 -0.014350 0.017200
v 0.014586 -0.017142 0.017200
v 0.012500 -0.016185 0.017200
v 0.017073 -0.014637 0.017200
v 0.013411 -0.012539 0.017200
v 0.023129 -0.015791 0.017200
v 0.024041 -0.019690 0.017200
v 0.018819 -0.014672 0.017200
v 0.019975 -0.011746 0.017200
v -0.023167 0.006833 0.017200
v -0.022631 -0.006476 0.017200
v -0.030087 0.010519 0.017336
v -0.023735 0.012630 0.017200
v -0.022325 0.006366 0.017201
v -0.011658 -0.011066 0.017200
v -0.012270 -0.011325 0.017200
v -0.020582 0.007394 0.017428
v -0.023086 0.013063 0.017200
v -0.023557 0.009040 0.017242
v -0.020476 0.007369 0.017200
v -0.020579 0.009075 0.017209
v -0.015170 0.015735 0.017200
v -0.021305 0.017660 0.017200
v -0.019897 0.015458 0.018160
v -0.022319 0.022799 0.017200
v -0.020324 0.025465 0.017200
v -0.018399 0.020811 0.017200
v -0.015665 0.020131 0.018452
v -0.013859 0.029987 0.017200
v 0.018890 -0.008337 0.017200
v 0.012428 -0.010802 0.017444
v 0.019895 0.011632 0.017200
v 0.018577 0.006044 0.017200
v 0.017145 0.014507 0.017200
v -0.000182 0.032989 0.017200
v 0.019508 0.015133 0.017800
v 0.021238 0.015506 0.017679
v 0.021305 0.019792 0.017199
v -0.007821 0.032071 0.017200
v 0.014603 0.018951 0.018267
v 0.009877 0.031564 0.017200
v -0.002995 0.033052 0.017585
v 0.019593 0.020207 0.017714
v 0.023971 0.018919 0.017200
v 0.016401 0.028682 0.017200
v 0.016307 0.020712 0.017200
v 0.022250 0.024407 0.017200
v -0.029883 -0.010906 0.017414
v -0.029705 0.010279 0.028455
v -0.021042 -0.010233 0.028400
v -0.026530 0.006634 0.028400
v -0.022400 0.008200 0.028400
v -0.024328 0.005182 0.028394
v -0.018282 0.026373 0.028389
v -0.015444 0.022646 0.028138
v -0.012735 0.029450 0.028400
v -0.012957 0.021338 0.028399
v -0.012992 -0.013426 0.028374
v -0.015850 -0.010400 0.028400
v -0.011500 0.028152 0.028400
v -0.011832 0.029072 0.028403
v -0.011500 0.010400 0.028400
v -0.016240 0.012317 0.028208
v -0.011705 0.015591 0.028374
v -0.024158 -0.004718 0.028398
v -0.026552 -0.006614 0.028399
v -0.027200 -0.011778 0.028400
v -0.029561 -0.006906 0.028409
v -0.029064 -0.011656 0.028127
v -0.016938 0.010400 0.028400
v -0.022218 -0.009216 0.028398
v -0.018939 -0.011089 0.028400
v -0.011500 -0.010400 0.028400
v -0.012203 -0.020418 0.028394
v -0.011500 -0.028152 0.028400
v -0.018063 -0.023565 0.028400
v -0.015273 -0.023094 0.028400
v -0.011687 -0.029562 0.028130
v -0.023069 0.011433 0.028400
v -0.016647 0.010105 0.027724
v -0.011005 -0.010571 0.027770
v -0.010747 0.013164 0.019595
v -0.010362 0.012356 0.019600
v -0.006342 0.010846 0.027175
v -0.008200 0.011200 0.019600
v -0.008334 0.010849 0.021336
v -0.009195 0.011398 0.027150
v 0.009580 0.011958 0.027378
v 0.008695 0.011334 0.019601
v 0.011254 0.018189 0.022917
v 0.009918 0.012598 0.019598
v -0.008200 -0.011200 0.023100
v -0.009885 -0.011633 0.027361
v -0.010113 -0.011872 0.024771
v -0.010820 -0.012930 0.027125
v 0.010492 -0.013486 0.026313
v 0.008575 -0.011262 0.027369
v 0.010300 0.010200 0.027800
v 0.014348 0.009020 0.027790
v 0.011850 0.006485 0.027798
v 0.016679 0.007659 0.027800
v 0.017071 0.006808 0.027800
v 0.017212 0.009898 0.027867
v 0.018500 -0.008200 0.027800
v 0.010300 -0.010200 0.027800
v 0.012264 -0.007442 0.027799
v 0.013782 -0.008724 0.027799
v 0.017012 -0.007111 0.027800
v 0.016364 -0.008044 0.027800
v 0.011215 0.029399 0.028403
v 0.012142 0.029796 0.028400
v 0.010900 0.028498 0.028400
v 0.010900 0.010400 0.028400
v 0.012646 0.020813 0.028199
v 0.016500 0.010400 0.028400
v 0.012943 0.013443 0.028398
v 0.017428 0.023678 0.028398
v 0.011159 0.017256 0.028397
v 0.018288 0.009169 0.028154
v 0.018700 0.008200 0.028400
v 0.018700 0.002050 0.028400
v 0.019443 0.026068 0.028401
v 0.020956 0.022583 0.028400
v 0.023165 0.020993 0.028537
v 0.019599 0.004200 0.028322
v 0.024026 0.018733 0.028535
v 0.018357 0.011510 0.028390
v 0.021410 0.004906 0.028147
v 0.027108 0.006298 0.028401
v 0.026625 0.010635 0.028400
v 0.023770 0.016865 0.028442
v 0.027035 0.009039 0.028400
v 0.010900 -0.010400 0.028400
v 0.011885 -0.016331 0.028098
v 0.012664 -0.013839 0.028400
v 0.018700 -0.008200 0.028400
v 0.019196 -0.003721 0.028399
v 0.019088 -0.011879 0.028400
v 0.010900 -0.028498 0.028400
v 0.011485 -0.030031 0.028315
v 0.012198 -0.021005 0.028399
v 0.015676 -0.023540 0.028398
v 0.020239 -0.004552 0.028253
v 0.022325 -0.013864 0.028398
v 0.020456 -0.005149 0.028215
v 0.022422 -0.021175 0.028396
v 0.021557 -0.023937 0.028400
v 0.024743 -0.014030 0.028398
v 0.024373 -0.020827 0.028025
v 0.023485 -0.020128 0.028525
v 0.000590 0.033002 0.018400
v 0.004310 0.032905 0.017586
v 0.012987 0.030337 0.019600
v 0.015677 0.029172 0.027728
v 0.012019 0.030732 0.019340
v 0.010678 0.031258 0.018466
v -0.020649 -0.024118 0.019600
v -0.021646 -0.023966 0.019600
v -0.020335 -0.025364 0.019600
v -0.022399 -0.022346 0.019600
v -0.020267 -0.019672 0.019600
v -0.017477 -0.022870 0.019600
v -0.017154 -0.020820 0.018914
v -0.012921 -0.020887 0.019600
v -0.015486 -0.019870 0.019600
v -0.014810 -0.018950 0.019600
v -0.021428 -0.018787 0.019600
v -0.020449 -0.014581 0.019600
v -0.016956 -0.014544 0.019600
v -0.014683 -0.016826 0.019600
v -0.013799 -0.015236 0.019600
v -0.014578 -0.017678 0.019600
v -0.016311 -0.012604 0.019600
v 0.019224 -0.026823 0.027700
v 0.021843 -0.024722 0.027691
v 0.018153 -0.027119 0.028321
v 0.012935 -0.030405 0.027697
v 0.012602 -0.030556 0.017244
v 0.010221 -0.031505 0.017893
v -0.003290 -0.032836 0.018300
v -0.008738 -0.031822 0.018300
v 0.027143 0.011163 0.025900
v 0.027737 0.009359 0.025900
v 0.026553 0.012299 0.027357
v 0.025893 0.004675 0.025907
v 0.020967 -0.003686 0.025900
v 0.029895 0.003703 0.025586
v 0.026298 -0.013076 0.025696
v 0.027214 -0.005086 0.025900
v 0.030218 -0.002392 0.025900
v 0.027770 -0.010007 0.026106
v 0.028303 -0.008307 0.025900
v -0.016468 0.014742 0.018968
v -0.014059 0.014983 0.019600
v -0.014814 0.018864 0.019600
v -0.014549 0.018072 0.017855
v -0.014597 0.021526 0.019600
v -0.020449 0.019212 0.018250
v -0.020672 0.016826 0.019600
v -0.018329 0.014610 0.018000
v -0.021666 0.019592 0.019600
v -0.023088 0.012641 0.019600
v -0.015958 0.012653 0.019600
v -0.012771 0.019591 0.019600
v -0.019833 0.023294 0.019600
v -0.018736 0.022870 0.019600
v -0.022114 0.023098 0.019600
v -0.020457 0.025304 0.019600
v -0.020471 0.024303 0.019600
v -0.013253 0.020650 0.019600
v -0.013981 0.013927 0.027699
v -0.012551 0.016810 0.027700
v -0.012606 0.019306 0.027696
v -0.012826 0.015806 0.027700
v -0.014186 0.021531 0.027700
v -0.018027 0.022889 0.027708
v 0.018595 0.014654 0.019600
v 0.020255 0.015955 0.019600
v 0.020718 0.018282 0.019600
v 0.016473 0.014770 0.019600
v 0.017456 0.020842 0.019600
v 0.013532 0.018548 0.019600
v 0.015051 0.015961 0.018100
v 0.015486 0.015486 0.019600
v 0.015804 0.012366 0.019600
v 0.012367 0.015543 0.019600
v 0.021143 0.013653 0.019600
v 0.012972 0.020936 0.019600
v 0.015050 0.021837 0.020646
v 0.022813 0.018833 0.019600
v 0.020305 0.020592 0.019600
v 0.019359 0.022692 0.019600
v 0.017678 0.012478 0.027700
v 0.022778 0.016663 0.027700
v 0.022135 0.014493 0.028171
v 0.021355 0.014001 0.027700
v 0.019638 0.012809 0.027682
v 0.022881 0.018122 0.027707
v 0.022326 0.020058 0.027699
v 0.020598 0.022222 0.028007
v 0.018169 0.022884 0.027706
v 0.018546 -0.020732 0.018133
v 0.020641 -0.018634 0.019600
v 0.019919 -0.019874 0.018640
v 0.020605 -0.016549 0.019600
v 0.019695 -0.015306 0.019600
v 0.020778 -0.017678 0.019600
v 0.017073 -0.020718 0.019600
v 0.016127 -0.014799 0.018343
v 0.015405 -0.019840 0.019600
v 0.014518 -0.018025 0.018760
v 0.016498 -0.022844 0.019600
v 0.012633 -0.020925 0.019600
v 0.020522 -0.021893 0.019600
v 0.022720 -0.019592 0.019600
v 0.012267 -0.015785 0.019600
v 0.015706 -0.013970 0.019600
v 0.016637 -0.012921 0.020236
v 0.022297 -0.015038 0.019600
v 0.019758 -0.013756 0.019600
v 0.020080 -0.022315 0.027707
v 0.023091 -0.018856 0.028070
v 0.019501 -0.022995 0.028252
v 0.022001 -0.014789 0.027700
v 0.020667 -0.013347 0.027681
v 0.018135 -0.012468 0.027696
v 0.022691 -0.016213 0.027690
v -0.014186 -0.021531 0.027700
v -0.013156 -0.020296 0.027709
v -0.012618 -0.018879 0.027700
v -0.015412 -0.022386 0.027701
v -0.012480 -0.017848 0.027700
v -0.012551 -0.016810 0.027700
v -0.018034 -0.022884 0.027694
v -0.012826 -0.015806 0.027700
v -0.013941 -0.014061 0.027700
v -0.015744 -0.012779 0.027699
v -0.013296 -0.014878 0.027700
v 0.014145 0.022383 0.028236
v 0.014289 0.022001 0.027700
v 0.012188 0.019191 0.027699
v 0.012047 0.016278 0.027694
v 0.015886 0.012589 0.027688
v 0.013794 0.013700 0.027699
v 0.015188 -0.012873 0.027700
v 0.012616 -0.015136 0.027699
v 0.013936 -0.013583 0.027699
v 0.016754 -0.022898 0.027715
v 0.013467 -0.021389 0.027698
v 0.015188 -0.022482 0.027700
v 0.011827 -0.018734 0.028129
v -0.020467 0.025055 0.026112
v -0.022325 -0.012479 0.027702
v -0.020871 -0.007855 0.024576
v -0.021301 -0.007363 0.021498
v -0.022701 -0.006950 0.024205
v -0.021807 -0.009341 0.024210
v -0.020698 -0.007933 0.017610
v -0.021394 -0.006586 0.017270
v -0.021450 -0.009296 0.017373
v -0.023003 -0.009171 0.017295
v -0.023454 -0.007398 0.022720
v -0.023252 -0.007786 0.017595
v -0.023290 -0.007188 0.017312
v -0.020970 0.007596 0.023495
v -0.022742 0.009266 0.024239
v -0.022289 0.006763 0.024202
v -0.022000 0.008000 0.024718
v -0.021116 0.008884 0.017600
v -0.021772 0.009241 0.017612
v -0.022478 0.009155 0.017600
v -0.022704 0.006854 0.017651
v -0.022884 0.008884 0.017600
v -0.023252 0.008214 0.017595
v 0.020939 0.002998 0.026484
v 0.025800 0.004500 0.027000
v 0.026771 0.004734 0.027667
v 0.027650 0.005052 0.026164
v 0.027838 -0.007009 0.027697
v 0.027730 -0.005976 0.027700
v 0.025959 -0.004554 0.025915
v 0.025800 -0.004500 0.027000
v 0.022233 -0.004553 0.027540
v 0.025127 -0.018577 0.027700
v 0.025417 0.014595 0.027700
v 0.025825 0.015037 0.025820
v 0.025058 0.020387 0.025103
v 0.024214 0.021360 0.027700
v 0.026680 -0.011937 0.027700
v -0.018758 -0.026788 0.027594
v -0.016164 -0.028565 0.027700
v -0.013683 -0.029946 0.018300
v -0.011255 -0.031001 0.018300
v -0.011172 0.031216 0.018315
v -0.013120 0.030183 0.019542
v -0.017847 0.027797 0.026849
v -0.018764 0.026782 0.027595
v 0.020665 -0.003026 0.027549
v 0.021006 -0.003779 0.027625
v 0.021303 -0.004236 0.027742
v 0.021309 0.004242 0.027745
v 0.020608 0.002936 0.027645
v 0.022582 0.004771 0.028113
v -0.022516 -0.007388 0.027807
v -0.021320 -0.009823 0.027889
v -0.020821 0.010041 0.027763
v -0.021956 0.009190 0.027816
v -0.021848 0.009612 0.028343
v 0.010700 0.010200 0.028200
v 0.017121 0.010168 0.028305
v 0.018500 0.008200 0.028200
v 0.018500 -0.008200 0.028200
v 0.015403 -0.009939 0.027925
v 0.018190 -0.009276 0.027874
v 0.017472 -0.010965 0.028487
v 0.010700 -0.010200 0.028200
v 0.013995 0.008456 0.025900
v 0.016851 0.006614 0.025954
v 0.014288 -0.008484 0.025912
v 0.016278 -0.007391 0.026020
v 0.015025 0.008334 0.026579
v 0.012685 0.007137 0.025999
v 0.013766 0.008190 0.026600
v 0.017349 -0.000000 0.026968
v 0.013150 -0.007934 0.026016
v 0.012526 -0.006801 0.026582
v -0.019833 -0.023294 0.026517
v -0.020225 -0.023752 0.026261
v -0.020369 -0.024393 0.026449
v -0.018578 0.022820 0.027311
v -0.019864 0.023269 0.026639
v 0.027162 -0.011058 0.027700
v 0.027522 -0.007829 0.028371
v 0.027909 0.006982 0.027721
v 0.027514 0.010119 0.027700
v -0.030578 0.008729 0.018700
v 0.010200 0.028498 0.027700
v 0.010200 0.012112 0.027650
v 0.010200 -0.012112 0.027650
v 0.010182 -0.013378 0.027151
v 0.010200 -0.028498 0.027700
v 0.010200 -0.028498 0.018500
v 0.010200 -0.028300 0.018500
v 0.009554 -0.025762 0.023094
v 0.010154 -0.027395 0.022422
v -0.010520 0.010794 0.027686
v -0.010875 -0.010374 0.027650
v -0.010721 0.011748 0.027668
v 0.009079 0.011076 0.027650
v 0.009704 -0.011524 0.027650
v -0.005995 -0.010744 0.027458
v 0.007600 0.010700 0.027650
v 0.008578 0.011278 0.027327
v 0.008363 -0.010795 0.027650
v -0.008963 -0.010795 0.027650
v 0.007600 -0.010700 0.027650
v -0.020437 -0.024954 0.026352
v -0.019984 0.025391 0.026999
v -0.020416 0.024443 0.026363
v -0.019054 0.023521 0.027840
v -0.018200 -0.026702 0.028429
v -0.019414 -0.023272 0.027356
v -0.018317 0.023603 0.028383
v -0.018404 -0.023280 0.028189
v -0.010800 0.028152 0.027700
v -0.010706 0.012783 0.027190
v -0.010800 -0.028152 0.027700
v -0.008792 -0.011457 0.022899
v 0.007600 -0.011400 0.022900
v -0.005229 -0.014549 0.022899
v -0.004298 -0.013503 0.022851
v 0.008371 -0.011282 0.023013
v 0.005247 -0.014560 0.022899
v 0.004867 -0.013922 0.022795
v 0.005235 -0.024298 0.022957
v -0.008786 -0.024831 0.022898
v -0.005038 -0.021122 0.022888
v 0.001683 -0.023040 0.023207
v -0.009480 -0.025716 0.018500
v -0.010726 -0.027618 0.018500
v 0.009964 -0.027114 0.018500
v -0.010443 -0.026825 0.018500
v 0.010140 -0.027695 0.018500
v -0.010801 -0.028210 0.018500
v 0.008338 -0.025346 0.018500
v 0.009678 -0.026578 0.018500
v -0.012928 -0.030160 0.018456
v -0.011678 -0.030053 0.018559
v -0.005018 -0.032555 0.018480
v 0.000634 -0.032981 0.018404
v 0.006232 -0.032380 0.018425
v 0.011226 -0.030526 0.018536
v 0.012406 0.030496 0.027701
v 0.012514 0.030474 0.019600
v 0.010315 0.028500 0.020987
v 0.012081 0.030499 0.019600
v 0.010775 0.030094 0.027738
v 0.010438 0.030009 0.019023
v 0.011272 0.030285 0.019604
v -0.011227 0.029569 0.027727
v -0.011410 0.030019 0.019085
v -0.012800 0.030152 0.027700
v 0.011779 -0.030464 0.027705
v 0.010724 -0.029848 0.027700
v 0.010318 -0.029233 0.027695
v -0.013290 -0.030118 0.027700
v -0.012286 -0.029907 0.028094
v -0.010957 -0.028951 0.027710
v -0.007461 -0.025707 0.019769
v -0.010374 -0.026114 0.022977
v -0.010756 -0.027633 0.022394
v 0.009534 -0.026359 0.022394
v 0.000000 -0.023578 0.018950
v 0.000596 -0.023669 0.018950
v -0.000596 -0.023669 0.018950
v 0.001816 -0.024264 0.018950
v 0.013303 -0.022605 0.019115
v 0.013188 -0.023086 0.018950
v 0.012398 -0.023892 0.019095
v 0.008027 -0.025311 0.017685
v 0.012466 -0.019202 0.018946
v 0.012289 -0.017678 0.018950
v 0.012710 -0.015396 0.019117
v 0.011451 -0.011057 0.019048
v 0.012270 -0.011325 0.018950
v 0.013568 -0.013527 0.018941
v -0.011000 -0.010978 0.018950
v -0.013465 -0.013997 0.018959
v -0.013188 -0.012269 0.018950
v -0.012391 -0.016571 0.018949
v -0.012313 -0.018468 0.018948
v -0.012789 -0.019920 0.018953
v -0.011417 -0.024295 0.019084
v -0.012535 -0.023844 0.019036
v -0.002561 -0.024378 0.018950
v -0.011740 -0.023126 0.019290
v -0.012503 -0.022505 0.019231
v -0.012295 -0.021698 0.018836
v -0.010320 -0.023025 0.018872
v -0.013458 -0.021943 0.019093
v -0.012310 -0.019356 0.019150
v -0.011531 -0.020706 0.018789
v -0.010319 -0.020847 0.019165
v -0.009949 -0.021358 0.019212
v -0.010098 -0.020976 0.019150
v -0.006062 -0.021203 0.019151
v -0.000135 -0.023352 0.019148
v 0.000689 -0.023182 0.019310
v 0.004782 -0.022428 0.019150
v 0.011000 -0.024178 0.019150
v 0.010409 -0.022911 0.019190
v 0.011488 -0.023056 0.019150
v 0.005869 -0.021284 0.019248
v 0.010283 -0.020963 0.019204
v 0.006157 -0.020342 0.019313
v 0.010695 -0.020655 0.019161
v 0.012445 -0.019650 0.019150
v 0.012477 -0.021859 0.019216
v 0.011802 -0.020841 0.018937
v -0.006314 -0.017500 0.019264
v -0.012142 -0.016436 0.019149
v -0.013398 -0.013117 0.019131
v -0.012073 -0.013958 0.019199
v -0.011902 -0.014379 0.019150
v -0.011225 -0.014701 0.019164
v -0.010302 -0.014552 0.018922
v -0.006090 -0.013926 0.019150
v -0.009725 -0.013478 0.019150
v -0.009822 -0.013966 0.019150
v -0.012362 -0.013478 0.018801
v -0.012226 -0.012970 0.018781
v -0.011902 -0.012576 0.019150
v -0.011488 -0.012300 0.019150
v -0.012262 -0.011496 0.019152
v -0.011943 -0.011212 0.019103
v -0.009822 -0.012990 0.019150
v -0.004778 -0.012513 0.019151
v 0.011000 -0.011178 0.019150
v 0.006221 -0.014216 0.019151
v 0.010883 -0.014646 0.019206
v 0.011646 -0.014595 0.018898
v 0.009822 -0.013966 0.019150
v 0.009654 -0.013478 0.018864
v 0.012024 -0.016792 0.019148
v 0.004698 -0.012429 0.019153
v 0.009977 -0.012645 0.018952
v 0.009822 -0.012990 0.019150
v 0.012022 -0.012677 0.019013
v 0.011389 -0.012319 0.019180
v 0.012976 -0.012128 0.019153
v -0.011017 0.010232 0.027952
v -0.010835 -0.010516 0.027735
v -0.010864 0.031313 0.018603
v -0.010689 0.029014 0.018881
v 0.006167 0.032274 0.018600
v 0.009582 0.028413 0.018598
v -0.009223 0.012414 0.018590
v 0.008061 0.012253 0.018600
v 0.008954 0.012895 0.018598
v 0.010941 -0.022636 0.023648
v 0.012142 -0.021405 0.023233
v 0.009844 -0.021648 0.023207
v 0.012036 -0.022471 0.019180
v 0.011738 -0.022770 0.019211
v 0.012152 -0.021345 0.018910
v 0.009829 -0.021956 0.019213
v 0.009965 -0.021285 0.019184
v -0.011462 -0.022513 0.022952
v -0.009858 -0.021405 0.023233
v -0.012156 -0.021648 0.023207
v -0.009671 -0.022018 0.018708
v -0.011924 -0.022582 0.019217
v -0.011730 -0.020933 0.019180
v 0.011179 -0.012578 0.023580
v 0.011237 -0.014671 0.023297
v 0.009985 -0.013243 0.023152
v 0.012128 -0.014139 0.018836
v 0.011798 -0.014327 0.019186
v 0.012317 -0.013478 0.018831
v 0.009846 -0.013280 0.019503
v -0.010821 -0.012578 0.023580
v -0.011902 -0.014185 0.022675
v -0.010412 -0.014418 0.022165
v -0.010391 -0.012381 0.019200
v -0.012037 -0.013502 0.020842
v -0.000220 0.032776 0.018600
v 0.004173 -0.012554 0.019443
v 0.004981 -0.012858 0.019484
v 0.004424 -0.012575 0.019439
v 0.005739 -0.013562 0.019469
v 0.005745 -0.013575 0.019250
v -0.001057 -0.012263 0.019324
v -0.005878 -0.014072 0.019407
v -0.005414 -0.013162 0.019486
v -0.004277 -0.012515 0.019461
v -0.005409 -0.013166 0.019250
v -0.003206 -0.022672 0.019465
v -0.004522 -0.022505 0.019222
v -0.005488 -0.021710 0.019390
v -0.005831 -0.021251 0.019493
v -0.006115 -0.020445 0.019484
v 0.005921 -0.021039 0.019439
v 0.005019 -0.022166 0.019480
v 0.005000 -0.022170 0.019250
v -0.003500 -0.021625 0.019550
v -0.004228 -0.022304 0.019461
v -0.004610 -0.019626 0.020412
v 0.004362 -0.021372 0.019578
v 0.005001 -0.020581 0.019576
v 0.005200 -0.019925 0.019550
v 0.006096 -0.016600 0.019372
v -0.004702 -0.013873 0.019550
v -0.003986 -0.013425 0.019551
v 0.005903 -0.014398 0.019483
v -0.027580 0.012464 0.027696
v -0.028348 0.012249 0.027700
v -0.029116 0.011806 0.027699
v -0.030200 0.009478 0.018700
v -0.029972 -0.010626 0.027700
v -0.030176 -0.009889 0.027706
v -0.027785 -0.012420 0.027700
v -0.030200 -0.007000 0.018700
v -0.030124 -0.006617 0.018700
v -0.030200 0.007000 0.018700
v -0.029907 0.006293 0.018700
v -0.029907 -0.006293 0.018700
v -0.029131 -0.006026 0.018700
v -0.029200 0.006000 0.018700
v -0.029583 -0.006076 0.018700
v -0.025794 -0.005654 0.018700
v -0.024738 -0.003964 0.018700
v -0.026960 0.005983 0.018700
v -0.030124 0.006617 0.018700
v -0.029583 0.006076 0.018700
v -0.025057 0.005056 0.018700
v -0.030124 0.006617 0.027700
v -0.030281 0.009942 0.027756
v -0.029583 0.006076 0.027700
v -0.029907 0.006293 0.027700
v -0.024750 0.003907 0.027700
v -0.024898 0.004395 0.027700
v -0.024567 0.000000 0.027700
v -0.025303 0.005083 0.027704
v -0.028325 0.006383 0.028264
v -0.025856 0.005562 0.027700
v -0.026750 -0.005933 0.027740
v -0.025846 -0.005805 0.028093
v -0.024854 -0.004370 0.027691
v -0.029583 -0.006076 0.027700
v -0.029907 -0.006293 0.027700
v -0.030200 -0.007000 0.027700
v -0.030124 -0.006617 0.027700
v 0.026997 0.004912 0.027779
v 0.026988 -0.004802 0.027722
v 0.019487 0.015285 0.010100
v 0.019713 0.015473 0.010100
v 0.019487 0.015285 0.019200
v 0.019919 0.015683 0.010100
v 0.020104 0.015913 0.010100
v 0.019919 0.015683 0.019200
v 0.020265 0.016159 0.010100
v 0.020401 0.016420 0.010100
v 0.020265 0.016159 0.019200
v 0.020187 0.016615 0.009680
v 0.020594 0.016975 0.010100
v 0.020511 0.016693 0.019200
v 0.020104 0.015913 0.019200
v 0.020649 0.017265 0.010100
v 0.020675 0.017558 0.010100
v 0.020649 0.017265 0.019200
v 0.020673 0.017852 0.010100
v 0.020641 0.018145 0.010100
v 0.020673 0.017852 0.019200
v 0.020675 0.017558 0.019200
v 0.020581 0.018433 0.010100
v 0.020493 0.018714 0.010100
v 0.020493 0.018714 0.019200
v 0.020378 0.018985 0.010100
v 0.020237 0.019243 0.010100
v 0.020378 0.018985 0.019200
v 0.020581 0.018433 0.019200
v 0.020594 0.016975 0.019200
v 0.019882 0.019713 0.010100
v 0.020071 0.019487 0.019200
v 0.019672 0.019919 0.010100
v 0.019443 0.020104 0.010100
v 0.019672 0.019919 0.019200
v 0.019882 0.019713 0.019200
v 0.019196 0.020265 0.010100
v 0.018935 0.020401 0.010100
v 0.018935 0.020401 0.019200
v 0.018662 0.020511 0.010100
v 0.018380 0.020594 0.010100
v 0.018662 0.020511 0.019200
v 0.019443 0.020104 0.019200
v 0.018091 0.020649 0.010100
v 0.017797 0.020675 0.010100
v 0.017797 0.020675 0.019200
v 0.017503 0.020673 0.010100
v 0.017210 0.020641 0.010100
v 0.017210 0.020641 0.019200
v 0.017503 0.020673 0.019200
v 0.016922 0.020581 0.010100
v 0.016641 0.020493 0.010100
v 0.016641 0.020493 0.019200
v 0.016370 0.020378 0.010100
v 0.016112 0.020237 0.010100
v 0.016370 0.020378 0.019200
v 0.016922 0.020581 0.019200
v 0.018091 0.020649 0.019200
v 0.019713 0.015473 0.019200
v 0.020641 0.018145 0.019200
v 0.019196 0.020265 0.019200
v 0.018223 0.020669 0.019390
v 0.015977 0.020178 0.019332
v 0.015869 0.020071 0.010100
v 0.015869 0.020071 0.019200
v 0.019243 0.015119 0.019200
v 0.015643 0.019882 0.010100
v 0.015643 0.019882 0.019200
v 0.015436 0.019672 0.010100
v 0.015252 0.019443 0.010100
v 0.015252 0.019443 0.019200
v 0.015436 0.019672 0.019200
v 0.015090 0.019196 0.010100
v 0.014954 0.018935 0.010100
v 0.014954 0.018935 0.019200
v 0.014844 0.018662 0.010100
v 0.014761 0.018380 0.010100
v 0.014761 0.018380 0.019200
v 0.014844 0.018662 0.019200
v 0.015090 0.019196 0.019200
v 0.014706 0.018091 0.010100
v 0.014680 0.017797 0.010100
v 0.014680 0.017797 0.019200
v 0.014683 0.017503 0.010100
v 0.014714 0.017210 0.010100
v 0.014714 0.017210 0.019200
v 0.014683 0.017503 0.019200
v 0.014774 0.016922 0.010100
v 0.014862 0.016641 0.010100
v 0.014774 0.016922 0.019200
v 0.014978 0.016370 0.010100
v 0.015119 0.016112 0.010100
v 0.015119 0.016112 0.019200
v 0.014978 0.016370 0.019200
v 0.014706 0.018091 0.019200
v 0.015285 0.015869 0.010100
v 0.015473 0.015643 0.010100
v 0.015473 0.015643 0.019200
v 0.015683 0.015436 0.010100
v 0.015913 0.015252 0.010100
v 0.015683 0.015436 0.019200
v 0.016159 0.015090 0.010100
v 0.016420 0.014954 0.010100
v 0.016420 0.014954 0.019200
v 0.016693 0.014844 0.010100
v 0.016975 0.014761 0.010100
v 0.016975 0.014761 0.019200
v 0.016693 0.014844 0.019200
v 0.016159 0.015090 0.019200
v 0.017265 0.014706 0.010100
v 0.017558 0.014680 0.010100
v 0.017265 0.014706 0.019200
v 0.017852 0.014683 0.010100
v 0.018145 0.014714 0.010100
v 0.018145 0.014714 0.019200
v 0.017558 0.014680 0.019200
v 0.018433 0.014774 0.010100
v 0.018714 0.014862 0.010100
v 0.018433 0.014774 0.019200
v 0.018985 0.014978 0.010100
v 0.019243 0.015119 0.010100
v 0.018985 0.014978 0.019200
v 0.015285 0.015869 0.019200
v 0.014862 0.016641 0.019200
v 0.017999 0.014671 0.019332
v 0.013958 0.018977 0.024003
v 0.014160 0.019467 0.024002
v 0.013577 0.017096 0.024000
v 0.014152 0.018535 0.024000
v 0.014668 0.018353 0.024000
v 0.014825 0.019535 0.024000
v 0.014529 0.020287 0.024000
v 0.014612 0.019594 0.024000
v 0.015159 0.019329 0.024000
v 0.015814 0.019208 0.024000
v 0.015073 0.016393 0.024000
v 0.015455 0.017528 0.024000
v 0.014592 0.016104 0.024000
v 0.014923 0.016282 0.024000
v 0.014457 0.015927 0.024000
v 0.014414 0.015447 0.024003
v 0.014387 0.015725 0.024000
v 0.015058 0.018163 0.024000
v 0.015369 0.016745 0.024000
v 0.015767 0.021293 0.024000
v 0.017184 0.021651 0.024006
v 0.016797 0.021414 0.024005
v 0.016827 0.020195 0.024000
v 0.016655 0.021087 0.024000
v 0.017605 0.021526 0.024006
v 0.017846 0.021223 0.024011
v 0.017857 0.020528 0.024018
v 0.016401 0.019517 0.024000
v 0.018365 0.019803 0.024000
v 0.019265 0.019660 0.024035
v 0.020083 0.020257 0.024000
v 0.019624 0.019833 0.024000
v 0.019772 0.019948 0.024000
v 0.020258 0.020825 0.024000
v 0.020650 0.020274 0.024000
v 0.020907 0.019983 0.024003
v 0.014705 0.015082 0.024002
v 0.015390 0.014289 0.024000
v 0.015115 0.015057 0.024000
v 0.015732 0.015522 0.024000
v 0.015584 0.015408 0.024000
v 0.015244 0.015101 0.024000
v 0.015360 0.015174 0.024000
v 0.015456 0.015271 0.024000
v 0.016087 0.015686 0.024000
v 0.016445 0.015705 0.024000
v 0.016720 0.015653 0.024000
v 0.018884 0.015779 0.024000
v 0.017417 0.015158 0.024000
v 0.017509 0.013957 0.024012
v 0.017715 0.013606 0.024000
v 0.017617 0.013935 0.024000
v 0.018481 0.013562 0.023993
v 0.018171 0.013706 0.024000
v 0.018545 0.015073 0.024000
v 0.018651 0.014057 0.024005
v 0.020433 0.019073 0.024000
v 0.020282 0.018962 0.024000
v 0.019935 0.018525 0.024000
v 0.019897 0.017954 0.024000
v 0.020115 0.017367 0.024027
v 0.020617 0.017022 0.024000
v 0.020984 0.019634 0.024000
v 0.020719 0.019225 0.024000
v 0.021369 0.019409 0.024000
v 0.020599 0.019158 0.024000
v 0.020015 0.016109 0.024000
v 0.019385 0.016084 0.024026
v 0.020678 0.015753 0.024015
v 0.021025 0.015792 0.024000
v 0.021092 0.016891 0.024011
v 0.021329 0.016644 0.024005
v 0.021346 0.016127 0.024000
v 0.021397 0.016167 0.024008
v 0.019358 0.014902 0.019576
v 0.020295 0.015701 0.019584
v 0.019944 0.015318 0.019583
v 0.020778 0.017370 0.019497
v 0.020802 0.018186 0.019562
v 0.020544 0.016370 0.019536
v 0.020510 0.016566 0.019393
v 0.020893 0.016790 0.019592
v 0.019751 0.015399 0.019420
v 0.020888 0.017657 0.019566
v 0.020764 0.018425 0.019539
v 0.020743 0.018663 0.019574
v 0.020679 0.016717 0.019546
v 0.020605 0.019184 0.019585
v 0.020086 0.020105 0.019598
v 0.020001 0.019892 0.019551
v 0.018731 0.020813 0.019589
v 0.017764 0.020790 0.019487
v 0.017376 0.020988 0.019591
v 0.016362 0.020708 0.019587
v 0.020482 0.019038 0.019483
v 0.019295 0.020398 0.019523
v 0.020245 0.019260 0.019322
v 0.016726 0.020726 0.019516
v 0.019738 0.019950 0.019422
v 0.018959 0.020455 0.019401
v 0.016622 0.020528 0.019352
v 0.015798 0.020164 0.019483
v 0.019305 0.015019 0.019483
v 0.015604 0.020243 0.019590
v 0.014591 0.019103 0.019600
v 0.014500 0.018177 0.019573
v 0.014713 0.018754 0.019560
v 0.014525 0.017391 0.019551
v 0.015567 0.019990 0.019532
v 0.014963 0.019100 0.019426
v 0.015057 0.019436 0.019534
v 0.014554 0.017963 0.019534
v 0.014745 0.016914 0.019353
v 0.014620 0.017518 0.019427
v 0.014667 0.018417 0.019490
v 0.014512 0.016763 0.019590
v 0.014989 0.015964 0.019544
v 0.014956 0.015908 0.019575
v 0.016247 0.014548 0.019597
v 0.016952 0.014466 0.019577
v 0.018110 0.014481 0.019575
v 0.018777 0.014672 0.019553
v 0.015844 0.015157 0.019483
v 0.014995 0.016208 0.019414
v 0.014686 0.016822 0.019496
v 0.015411 0.015527 0.019524
v 0.016101 0.015039 0.019465
v 0.016485 0.014822 0.019475
v 0.017079 0.014679 0.019415
v 0.017416 0.014614 0.019439
v 0.018739 0.014844 0.019326
v 0.018742 0.012787 0.019600
v 0.019675 0.013088 0.019600
v 0.017767 0.012673 0.019600
v 0.016989 0.012725 0.019600
v 0.020532 0.013566 0.019600
v 0.016268 0.012872 0.019600
v 0.015086 0.013384 0.019600
v 0.014354 0.013942 0.019600
v 0.014004 0.014286 0.019600
v 0.021990 0.015147 0.019600
v 0.022217 0.015581 0.019600
v 0.022401 0.016036 0.019600
v 0.022539 0.016507 0.019600
v 0.022630 0.016989 0.019600
v 0.022178 0.019857 0.019600
v 0.022528 0.018940 0.019600
v 0.021816 0.020498 0.019600
v 0.013728 0.014692 0.019701
v 0.013413 0.015068 0.019600
v 0.012993 0.015887 0.019600
v 0.012650 0.017562 0.019600
v 0.012863 0.019045 0.019600
v 0.013138 0.019774 0.019600
v 0.013568 0.020514 0.019662
v 0.020419 0.021863 0.019600
v 0.018848 0.022539 0.019600
v 0.021153 0.021280 0.019600
v 0.019591 0.022303 0.019600
v 0.014604 0.021641 0.019600
v 0.015680 0.022267 0.019600
v 0.017940 0.022686 0.019600
v 0.016656 0.022580 0.019600
v 0.015039 0.021607 0.023437
v 0.017236 0.022342 0.023474
v 0.020622 0.021336 0.023423
v 0.022046 0.019484 0.023430
v 0.022813 0.017725 0.019630
v 0.022035 0.015844 0.023433
v 0.021142 0.013897 0.019615
v 0.019690 0.013444 0.023531
v 0.018143 0.013008 0.023418
v 0.016356 0.013179 0.023468
v 0.014369 0.014312 0.023513
v 0.013535 0.015582 0.023670
v 0.013011 0.017652 0.023474
v 0.013198 0.019060 0.023466
v 0.013906 0.020412 0.023535
v 0.021006 0.014404 0.023569
v 0.021293 0.014754 0.023703
v 0.021893 0.015731 0.023562
v 0.021867 0.015927 0.023806
v 0.020101 0.013717 0.023562
v 0.022267 0.018207 0.023658
v 0.021953 0.019511 0.023553
v 0.022273 0.017202 0.023696
v 0.022100 0.016336 0.023639
v 0.022303 0.017725 0.023631
v 0.021920 0.019476 0.023667
v 0.022286 0.017237 0.023626
v 0.020905 0.014492 0.023809
v 0.021914 0.016358 0.023889
v 0.021514 0.015650 0.023939
v 0.020050 0.013801 0.023760
v 0.022108 0.018173 0.023878
v 0.021974 0.019025 0.023840
v 0.022000 0.018000 0.023949
v 0.021392 0.020090 0.023900
v 0.019871 0.013601 0.023626
v 0.021472 0.020214 0.023770
v 0.020245 0.021521 0.023639
v 0.018990 0.022171 0.023474
v 0.019228 0.022072 0.023621
v 0.017659 0.022322 0.023625
v 0.015425 0.021730 0.023605
v 0.014719 0.021255 0.023593
v 0.021122 0.020744 0.023690
v 0.019754 0.021695 0.023798
v 0.020711 0.021039 0.023804
v 0.020461 0.021265 0.023797
v 0.015305 0.021555 0.023760
v 0.016970 0.022167 0.023760
v 0.019013 0.021981 0.023816
v 0.017910 0.022186 0.023814
v 0.018735 0.021933 0.023946
v 0.016183 0.022034 0.023705
v 0.017004 0.022154 0.023804
v 0.015562 0.021660 0.023813
v 0.020771 0.014608 0.023940
v 0.020915 0.015033 0.023990
v 0.021801 0.016655 0.023978
v 0.021328 0.015708 0.023996
v 0.019438 0.013585 0.023880
v 0.021266 0.019897 0.023983
v 0.021615 0.019216 0.023983
v 0.021838 0.018092 0.023990
v 0.021802 0.017409 0.023998
v 0.020116 0.021303 0.023934
v 0.018923 0.021883 0.023910
v 0.019992 0.021158 0.023990
v 0.019045 0.021691 0.023983
v 0.019273 0.021542 0.023990
v 0.021175 0.020121 0.023981
v 0.016787 0.021873 0.023972
v 0.015917 0.021770 0.023880
v 0.017536 0.022008 0.023945
v 0.015890 0.021624 0.023945
v 0.016648 0.021780 0.023980
v 0.017435 0.021846 0.023990
v 0.015699 0.021360 0.023990
v 0.015019 0.020903 0.023990
v 0.019794 0.013696 0.023813
v 0.013424 0.019541 0.023609
v 0.014125 0.020611 0.023719
v 0.014038 0.020271 0.023873
v 0.013574 0.019636 0.023781
v 0.013125 0.016697 0.023530
v 0.013056 0.017877 0.023655
v 0.013161 0.016464 0.023597
v 0.013246 0.016633 0.023780
v 0.013080 0.018288 0.023620
v 0.014404 0.020673 0.023885
v 0.013434 0.018993 0.023886
v 0.013178 0.018414 0.023765
v 0.013140 0.017413 0.023760
v 0.013335 0.016323 0.023762
v 0.013276 0.017680 0.023908
v 0.013811 0.015711 0.023948
v 0.013889 0.015308 0.023873
v 0.013382 0.016794 0.023910
v 0.014910 0.013966 0.023652
v 0.016156 0.013285 0.023642
v 0.017922 0.013049 0.023624
v 0.014229 0.014615 0.023694
v 0.015772 0.013551 0.023760
v 0.014857 0.014086 0.023797
v 0.017039 0.013109 0.023695
v 0.016342 0.013375 0.023816
v 0.017225 0.013191 0.023813
v 0.018310 0.013300 0.023910
v 0.018736 0.013224 0.023746
v 0.017815 0.013293 0.023915
v 0.014999 0.021147 0.023932
v 0.014350 0.020380 0.023960
v 0.014301 0.020134 0.023990
v 0.013887 0.019428 0.023990
v 0.013548 0.018704 0.023976
v 0.013841 0.019461 0.023985
v 0.013432 0.017033 0.023960
v 0.014058 0.015522 0.023986
v 0.013578 0.016860 0.023990
v 0.013759 0.016235 0.023990
v 0.014200 0.014850 0.023887
v 0.013497 0.017673 0.023990
v 0.014596 0.014912 0.023997
v 0.014740 0.014322 0.023884
v 0.016097 0.013697 0.023969
v 0.016659 0.013337 0.023871
v 0.015323 0.014161 0.023980
v 0.017179 0.013476 0.023982
v 0.014569 0.014807 0.023980
v 0.018345 0.013447 0.023959
v 0.019466 0.013731 0.023945
v 0.019093 0.013792 0.023999
v 0.020003 0.014182 0.023990
v 0.015380 0.015191 0.021370
v 0.014651 0.016142 0.021375
v 0.014319 0.015675 0.021669
v 0.015123 0.015033 0.021537
v 0.014673 0.015126 0.021691
v 0.015154 0.016469 0.021030
v 0.015011 0.016342 0.021137
v 0.015292 0.016649 0.020915
v 0.015474 0.017105 0.020725
v 0.015417 0.017597 0.020721
v 0.015011 0.016342 0.024000
v 0.014913 0.016276 0.021204
v 0.015268 0.017924 0.020812
v 0.014802 0.018309 0.021115
v 0.014605 0.019610 0.021510
v 0.014028 0.019303 0.021720
v 0.014025 0.018729 0.021609
v 0.013971 0.018941 0.021676
v 0.014194 0.018518 0.021484
v 0.016334 0.019451 0.020697
v 0.016600 0.019753 0.020765
v 0.016783 0.020178 0.020947
v 0.015968 0.019278 0.020767
v 0.015600 0.019222 0.020909
v 0.017859 0.021075 0.021379
v 0.017820 0.021256 0.021483
v 0.017665 0.021476 0.021608
v 0.016965 0.021608 0.021717
v 0.017478 0.021586 0.021675
v 0.016655 0.021027 0.021437
v 0.019690 0.019879 0.024000
v 0.019690 0.019879 0.021137
v 0.019779 0.019954 0.021204
v 0.017847 0.020704 0.021165
v 0.018006 0.020176 0.020867
v 0.018365 0.019835 0.020723
v 0.018821 0.019636 0.020719
v 0.019314 0.019692 0.020913
v 0.019543 0.019783 0.021039
v 0.020820 0.019316 0.024000
v 0.020709 0.019217 0.021378
v 0.020968 0.019517 0.021590
v 0.020776 0.020204 0.021720
v 0.020207 0.020300 0.021518
v 0.019981 0.020171 0.021375
v 0.020201 0.018886 0.021030
v 0.020345 0.019013 0.021137
v 0.020064 0.018706 0.020915
v 0.019882 0.018250 0.020725
v 0.019939 0.017758 0.020721
v 0.020345 0.019013 0.024000
v 0.020442 0.019079 0.021204
v 0.020088 0.017431 0.020812
v 0.020553 0.017047 0.021115
v 0.020839 0.015747 0.021553
v 0.021327 0.016053 0.021720
v 0.021384 0.016414 0.021676
v 0.021267 0.016753 0.021554
v 0.018953 0.015828 0.020714
v 0.018755 0.015603 0.020765
v 0.019989 0.016123 0.021022
v 0.019387 0.016077 0.020767
v 0.019202 0.016003 0.020723
v 0.017536 0.014099 0.021483
v 0.017691 0.013879 0.021608
v 0.017877 0.013769 0.021675
v 0.018390 0.013748 0.021717
v 0.018543 0.015032 0.021021
v 0.018691 0.014241 0.021484
v 0.015666 0.015476 0.024000
v 0.015666 0.015476 0.021137
v 0.015576 0.015401 0.021204
v 0.017505 0.014557 0.021220
v 0.017349 0.015180 0.020867
v 0.016990 0.015520 0.020723
v 0.016535 0.015719 0.020719
v 0.016041 0.015664 0.020913
v 0.015813 0.015572 0.021039
v 0.017683 0.017671 0.019420
v 0.017685 0.017673 0.019420
v 0.017686 0.017680 0.019420
v 0.017686 0.017676 0.019420
v 0.017685 0.017683 0.019420
v 0.017682 0.017685 0.019420
v 0.017679 0.017686 0.019420
v 0.017676 0.017686 0.019420
v 0.017671 0.017683 0.019420
v 0.017669 0.017676 0.019420
v 0.017669 0.017679 0.019420
v 0.017671 0.017672 0.019420
v 0.017673 0.017670 0.019420
v 0.017676 0.017669 0.019420
v 0.017680 0.017669 0.019420
v 0.018114 0.015168 0.009600
v 0.019105 0.015622 0.009600
v 0.016002 0.015795 0.009600
v 0.016854 0.015307 0.009600
v 0.019740 0.016223 0.009600
v 0.020110 0.018349 0.009600
v 0.015377 0.016662 0.009600
v 0.015150 0.017989 0.009599
v 0.015921 0.019522 0.009600
v 0.018625 0.020024 0.009600
v 0.019945 0.019129 0.009663
v 0.017284 0.020174 0.009600
v -0.005256 -0.021826 0.019820
v 0.003254 -0.022501 0.019851
v -0.004390 -0.022296 0.019866
v -0.005978 -0.020306 0.019858
v -0.005366 -0.021211 0.019850
v -0.005650 -0.021225 0.019861
v 0.003692 -0.022476 0.019862
v 0.004075 -0.022404 0.019867
v 0.003400 -0.022262 0.019850
v 0.005247 -0.021731 0.019863
v 0.005072 -0.021569 0.019850
v 0.005696 -0.021125 0.019867
v 0.005981 -0.020243 0.019859
v 0.005785 -0.020939 0.019866
v -0.005916 -0.014399 0.019863
v -0.005582 -0.014383 0.019841
v -0.005504 -0.014139 0.019845
v -0.005569 -0.013656 0.019862
v -0.004563 -0.013123 0.019840
v -0.004940 -0.012990 0.019863
v -0.004612 -0.012787 0.019863
v -0.004120 -0.012599 0.019864
v -0.002595 -0.012360 0.019795
v 0.005551 -0.013599 0.019861
v 0.005627 -0.014301 0.019850
v 0.006100 -0.019706 0.019698
v 0.005743 -0.015341 0.019845
v 0.005950 -0.014609 0.019880
v 0.003744 -0.012531 0.019869
v 0.003867 -0.012544 0.019865
v 0.004826 -0.013209 0.019850
v 0.004691 -0.012776 0.019795
v 0.003939 -0.013563 0.023136
v 0.003400 -0.013498 0.020000
v 0.004584 -0.014036 0.023209
v 0.004855 -0.014365 0.021691
v 0.004563 -0.013959 0.019907
v 0.005000 -0.015098 0.020000
v -0.003400 -0.013498 0.023100
v -0.004984 -0.014790 0.021385
v -0.004892 -0.014448 0.021342
v -0.003974 -0.013571 0.022937
v -0.005000 -0.017498 0.020000
v -0.005000 -0.019898 0.023100
v -0.003581 -0.021392 0.022973
v -0.004299 -0.021238 0.019920
v -0.004027 -0.021413 0.021369
v -0.004852 -0.020650 0.023151
v -0.004894 -0.020533 0.019931
v 0.001881 -0.021520 0.021425
v 0.004999 -0.020486 0.020467
v 0.004989 -0.020136 0.019955
v 0.004324 -0.021292 0.020569
v 0.003203 -0.021604 0.021419
v -0.003899 -0.020793 0.019157
v -0.005017 -0.021827 0.019169
v -0.005313 -0.021565 0.019139
v -0.004144 -0.020719 0.019153
v -0.003800 -0.020860 0.019150
v -0.003400 -0.022348 0.019150
v -0.005745 -0.020536 0.019118
v 0.003767 -0.022421 0.019203
v 0.004993 -0.021782 0.019105
v 0.004229 -0.020571 0.019158
v 0.005472 -0.021282 0.019150
v 0.005658 -0.020499 0.019066
v -0.005659 -0.014129 0.019150
v -0.005711 -0.014888 0.019059
v -0.004261 -0.014441 0.019153
v -0.005280 -0.013515 0.019150
v -0.004057 -0.014183 0.019150
v -0.004780 -0.012974 0.019184
v -0.003656 -0.012614 0.019150
v -0.003914 -0.014201 0.019157
v 0.005326 -0.013966 0.019063
v 0.005865 -0.014736 0.019150
v 0.004012 -0.013034 0.018999
v 0.004840 -0.013031 0.019174
v 0.003800 -0.020498 0.019512
v 0.004000 -0.014648 0.019469
v 0.004000 -0.020298 0.019512
v 0.004015 -0.020181 0.022845
v -0.003850 -0.014498 0.019469
v 0.003800 -0.014498 0.019512
v 0.003683 -0.014482 0.022845
v -0.004004 -0.020116 0.022831
v -0.004000 -0.014698 0.019512
v -0.004014 -0.014781 0.022857
v -0.003400 -0.014237 0.023061
v 0.003400 -0.014237 0.023061
v -0.003729 -0.014303 0.023061
v -0.003669 -0.014480 0.022841
v -0.003874 -0.014512 0.022953
v -0.004026 -0.014492 0.023062
v -0.003941 -0.014556 0.022966
v -0.003985 -0.014623 0.022954
v -0.004244 -0.014930 0.023061
v -0.004261 -0.015098 0.023061
v 0.004128 -0.014622 0.023058
v 0.004030 -0.014910 0.022825
v 0.003985 -0.014623 0.022953
v 0.003942 -0.014556 0.022966
v 0.003875 -0.014513 0.022954
v 0.003819 -0.014342 0.023061
v -0.004251 -0.020020 0.023057
v 0.004261 -0.019898 0.023061
v -0.004179 -0.020341 0.023122
v -0.003985 -0.020372 0.022953
v -0.003609 -0.020748 0.023073
v -0.003735 -0.020510 0.022862
v -0.003875 -0.020483 0.022954
v -0.003958 -0.020557 0.023060
v -0.003942 -0.020439 0.022966
v 0.003875 -0.020626 0.023058
v 0.003589 -0.020525 0.022822
v 0.003874 -0.020483 0.022953
v 0.003941 -0.020439 0.022966
v 0.003985 -0.020372 0.022954
v 0.004156 -0.020316 0.023061
v -0.000000 -0.020758 0.023061
v 0.003400 -0.021473 0.023229
v -0.000000 -0.021473 0.023229
v 0.003400 -0.021403 0.023339
v 0.003400 -0.021298 0.023416
v -0.000000 -0.021298 0.023416
v -0.000000 -0.021403 0.023339
v -0.000000 -0.021171 0.023449
v 0.003400 -0.021171 0.023449
v 0.003400 -0.021041 0.023433
v -0.000000 -0.021041 0.023433
v 0.003400 -0.020926 0.023371
v 0.003400 -0.020842 0.023271
v -0.000000 -0.020842 0.023271
v -0.000000 -0.020926 0.023371
v -0.000000 -0.020801 0.023147
v 0.003400 -0.020801 0.023147
v -0.003400 -0.021403 0.023339
v -0.003400 -0.021473 0.023229
v -0.003400 -0.021298 0.023416
v -0.003400 -0.021171 0.023449
v -0.003400 -0.021041 0.023433
v -0.003400 -0.020842 0.023271
v -0.003400 -0.020926 0.023371
v -0.003400 -0.020801 0.023147
v -0.003740 -0.020822 0.023327
v -0.004041 -0.020671 0.023372
v -0.004275 -0.021208 0.023229
v -0.004003 -0.021353 0.023229
v -0.003788 -0.021041 0.023450
v -0.003842 -0.021252 0.023422
v -0.004410 -0.020833 0.023437
v -0.004618 -0.020441 0.023446
v -0.004672 -0.020730 0.023344
v -0.004548 -0.020951 0.023311
v -0.004224 -0.020488 0.023381
v -0.004303 -0.019898 0.023147
v -0.004344 -0.019898 0.023271
v -0.004976 -0.019898 0.023229
v -0.004429 -0.019898 0.023371
v -0.004543 -0.019898 0.023433
v -0.004460 -0.020204 0.023468
v -0.004673 -0.019898 0.023449
v -0.004800 -0.019898 0.023416
v -0.004906 -0.019898 0.023339
v -0.004898 -0.020336 0.023283
v -0.004976 -0.015098 0.023229
v -0.004800 -0.015098 0.023416
v -0.004906 -0.015098 0.023339
v -0.004673 -0.015098 0.023449
v -0.004543 -0.015098 0.023433
v -0.004344 -0.015098 0.023271
v -0.004429 -0.015098 0.023371
v -0.004303 -0.015098 0.023147
v -0.003400 -0.014153 0.023271
v -0.003400 -0.014069 0.023371
v -0.004313 -0.014724 0.023325
v -0.003400 -0.014195 0.023147
v -0.004536 -0.014638 0.023471
v -0.004102 -0.014331 0.023391
v -0.003400 -0.013824 0.023449
v -0.003400 -0.013954 0.023433
v -0.003400 -0.013698 0.023416
v -0.003981 -0.013713 0.023399
v -0.003400 -0.013592 0.023339
v -0.003400 -0.013522 0.023229
v -0.004892 -0.014692 0.023306
v -0.004526 -0.014270 0.023434
v -0.004793 -0.014348 0.023230
v -0.003987 -0.014355 0.023252
v -0.004514 -0.013984 0.023229
v -0.003725 -0.014146 0.023374
v -0.004300 -0.014197 0.023449
v -0.003918 -0.014024 0.023476
v -0.004275 -0.013788 0.023229
v 0.003400 -0.013522 0.023229
v 0.003400 -0.013698 0.023416
v 0.003400 -0.013592 0.023339
v 0.003400 -0.013824 0.023449
v 0.003400 -0.013954 0.023433
v 0.003400 -0.014153 0.023271
v 0.003400 -0.014069 0.023371
v 0.003400 -0.014195 0.023147
v 0.003933 -0.014231 0.023376
v 0.003933 -0.013900 0.023458
v 0.004073 -0.014377 0.023327
v 0.004253 -0.014558 0.023369
v 0.003745 -0.014130 0.023384
v 0.003965 -0.013634 0.023287
v 0.004217 -0.013923 0.023430
v 0.004856 -0.014495 0.023229
v 0.004369 -0.014777 0.023380
v 0.004463 -0.014255 0.023441
v 0.004303 -0.015098 0.023147
v 0.004950 -0.015084 0.023291
v 0.004344 -0.015098 0.023271
v 0.004429 -0.015098 0.023371
v 0.004543 -0.015098 0.023433
v 0.004808 -0.014642 0.023401
v 0.004702 -0.014839 0.023447
v 0.004673 -0.015098 0.023449
v 0.004800 -0.015098 0.023416
v 0.005080 -0.017685 0.023295
v 0.004673 -0.019898 0.023449
v 0.004543 -0.019898 0.023433
v 0.004344 -0.019898 0.023271
v 0.004429 -0.019898 0.023371
v 0.004303 -0.019898 0.023147
v 0.004410 -0.020205 0.023439
v 0.004299 -0.020406 0.023388
v 0.004729 -0.020766 0.023253
v 0.004063 -0.020614 0.023312
v 0.004773 -0.020171 0.023416
v 0.004859 -0.020292 0.023356
v 0.004380 -0.020720 0.023449
v 0.004401 -0.020937 0.023405
v 0.003551 -0.020976 0.023470
v 0.004018 -0.020846 0.023436
v 0.003535 -0.021372 0.023415
v 0.004126 -0.021275 0.023291
v 0.005743 -0.021031 0.019300
v 0.005951 -0.020438 0.019300
v 0.005562 -0.021342 0.019300
v 0.005334 -0.021640 0.019300
v 0.004946 -0.021993 0.019301
v 0.004395 -0.022300 0.019300
v 0.004155 -0.022386 0.019300
v 0.004626 -0.022191 0.019300
v 0.003400 -0.022498 0.019300
v 0.006000 -0.015098 0.019300
v 0.002262 -0.012376 0.019720
v 0.003907 -0.012548 0.019300
v 0.003655 -0.012510 0.019300
v 0.004395 -0.012696 0.019300
v 0.004155 -0.012610 0.019300
v 0.005165 -0.013184 0.019300
v 0.005858 -0.014242 0.019300
v 0.005950 -0.014590 0.019300
v 0.005580 -0.013741 0.019211
v 0.005987 -0.014843 0.019300
v -0.005978 -0.014738 0.019300
v -0.005644 -0.013779 0.019300
v -0.005858 -0.014242 0.019300
v -0.005267 -0.013276 0.019300
v -0.004188 -0.012612 0.019300
v -0.004738 -0.012916 0.019213
v -0.003655 -0.012510 0.019300
v -0.006162 -0.017646 0.019827
v -0.003625 -0.022436 0.019186
v -0.004155 -0.022386 0.019300
v -0.003907 -0.022448 0.019300
v -0.004844 -0.022059 0.019300
v -0.004533 -0.022241 0.019300
v -0.005693 -0.021123 0.019300
v -0.005956 -0.020417 0.019300
v -0.005802 -0.020893 0.019300
v 0.003985 -0.020374 0.019512
v 0.003877 -0.020482 0.019512
v -0.003877 -0.020482 0.019512
v -0.003985 -0.020374 0.019512
v 0.003877 -0.014513 0.019512
v 0.003985 -0.014621 0.019512
v -0.003985 -0.014621 0.019512
v -0.003877 -0.014513 0.019512
v -0.003927 -0.014510 0.019419
v 0.003800 -0.020542 0.019406
v -0.003800 -0.020754 0.019194
v -0.003800 -0.020542 0.019406
v 0.003800 -0.020754 0.019194
v 0.004256 -0.020298 0.019194
v 0.004046 -0.020473 0.019337
v 0.003917 -0.020788 0.019158
v -0.004083 -0.020706 0.019167
v -0.004044 -0.020298 0.019406
v -0.004026 -0.020507 0.019342
v -0.004256 -0.020298 0.019194
v 0.004044 -0.014698 0.019406
v -0.004021 -0.014619 0.019410
v 0.003945 -0.014415 0.019323
v 0.004101 -0.014268 0.019155
v -0.000314 -0.014158 0.019259
v 0.004168 -0.014521 0.019234
v -0.004174 -0.014495 0.019214
v -0.003800 -0.014454 0.019406
v -0.004282 -0.014543 0.019162
v -0.004305 -0.014698 0.019161
v -0.004046 -0.014254 0.019161
v -0.004305 -0.020298 0.019161
v 0.003800 -0.014193 0.019161
v -0.003800 -0.020802 0.019161
v -0.004291 -0.020466 0.019156
v 0.004220 -0.014417 0.019161
v 0.004312 -0.014579 0.019154
v 0.004305 -0.014698 0.019161
v 0.003800 -0.020802 0.019161
v 0.004305 -0.020298 0.019161
v 0.004214 -0.020432 0.019195
v 0.004177 -0.020656 0.019155
v 0.004049 -0.020686 0.019174
v -0.004011 -0.020298 0.019455
v -0.003800 -0.020509 0.019455
v -0.003825 -0.020499 0.019476
v -0.004000 -0.020348 0.019469
v -0.003937 -0.020458 0.019466
v -0.004011 -0.014698 0.019455
v 0.003800 -0.020509 0.019455
v -0.003800 -0.014486 0.019455
v 0.003920 -0.020475 0.019467
v 0.004003 -0.020359 0.019455
v 0.004011 -0.020298 0.019455
v 0.003800 -0.014486 0.019455
v 0.004011 -0.014698 0.019455
v 0.003920 -0.014520 0.019467
v -0.005621 -0.015528 0.019810
v -0.005036 -0.015098 0.019857
v -0.005036 -0.017498 0.019857
v -0.005009 -0.017498 0.019926
v -0.005080 -0.015098 0.019796
v -0.005137 -0.017498 0.019748
v -0.005080 -0.017498 0.019796
v -0.005009 -0.015098 0.019926
v -0.005137 -0.015098 0.019748
v -0.005277 -0.017498 0.019701
v -0.005204 -0.017498 0.019716
v -0.005204 -0.015098 0.019716
v -0.005277 -0.015098 0.019701
v -0.005351 -0.017498 0.019704
v -0.005368 -0.015028 0.019707
v -0.003400 -0.013075 0.019726
v -0.003968 -0.012950 0.019809
v -0.004444 -0.013407 0.019709
v -0.003400 -0.012856 0.019824
v -0.005051 -0.013509 0.019839
v -0.004878 -0.013840 0.019698
v -0.005330 -0.014723 0.019710
v -0.005267 -0.014016 0.019777
v -0.003582 -0.013199 0.019696
v -0.003400 -0.013147 0.019704
v -0.005242 -0.014984 0.019692
v -0.003400 -0.013294 0.019716
v -0.003400 -0.013221 0.019701
v -0.005203 -0.014351 0.019704
v -0.005138 -0.014483 0.019705
v -0.004863 -0.013864 0.019698
v -0.005093 -0.014241 0.019696
v -0.004979 -0.014440 0.019769
v -0.003400 -0.013461 0.019857
v -0.003400 -0.013418 0.019796
v -0.003400 -0.013361 0.019748
v -0.003562 -0.013454 0.019812
v -0.005019 -0.014877 0.019850
v -0.003400 -0.013488 0.019926
v -0.004930 -0.014547 0.019889
v -0.004822 -0.014156 0.019769
v -0.004843 -0.014326 0.019857
v -0.004663 -0.014083 0.019902
v -0.004737 -0.014047 0.019762
v -0.004587 -0.013898 0.019774
v -0.004084 -0.013336 0.019697
v -0.004302 -0.013462 0.019697
v -0.004252 -0.013592 0.019752
v -0.004421 -0.013854 0.019926
v -0.004200 -0.013670 0.019861
v -0.004157 -0.013678 0.019961
v -0.003867 -0.013452 0.019768
v -0.003719 -0.013493 0.019857
v -0.003694 -0.013512 0.019926
v 0.003400 -0.012856 0.019824
v 0.003400 -0.013075 0.019726
v 0.003400 -0.013461 0.019857
v 0.003517 -0.013492 0.019924
v 0.003400 -0.013418 0.019796
v 0.003400 -0.013361 0.019748
v 0.003400 -0.013221 0.019701
v 0.003400 -0.013147 0.019704
v 0.003400 -0.013294 0.019716
v 0.005631 -0.014878 0.019824
v 0.005411 -0.014763 0.019728
v 0.005305 -0.014261 0.019754
v 0.005042 -0.013478 0.019841
v 0.005545 -0.014447 0.019824
v 0.004633 -0.013279 0.019796
v 0.003779 -0.012921 0.019805
v 0.004116 -0.013006 0.019804
v 0.003725 -0.013194 0.019700
v 0.003766 -0.013365 0.019730
v 0.003650 -0.013438 0.019794
v 0.004231 -0.013400 0.019694
v 0.004876 -0.013835 0.019704
v 0.004200 -0.013556 0.019747
v 0.004544 -0.013703 0.019716
v 0.004886 -0.014056 0.019706
v 0.004111 -0.013619 0.019856
v 0.003706 -0.013517 0.019909
v 0.004008 -0.013604 0.019922
v 0.004476 -0.013774 0.019769
v 0.004309 -0.013737 0.019857
v 0.004701 -0.013904 0.019722
v 0.004551 -0.013957 0.019886
v 0.005034 -0.014000 0.019706
v 0.005241 -0.014537 0.019699
v 0.004737 -0.014126 0.019817
v 0.004949 -0.014314 0.019742
v 0.005351 -0.015098 0.019704
v 0.005259 -0.014810 0.019696
v 0.005049 -0.014556 0.019746
v 0.005277 -0.015098 0.019701
v 0.005043 -0.014936 0.019812
v 0.005204 -0.015098 0.019716
v 0.005103 -0.014759 0.019748
v 0.004813 -0.014282 0.019858
v 0.004945 -0.014611 0.019902
v 0.004990 -0.014702 0.019857
v 0.005137 -0.015098 0.019748
v 0.005080 -0.015098 0.019796
v 0.005036 -0.015098 0.019857
v 0.005009 -0.015098 0.019926
v 0.005422 -0.019898 0.019726
v 0.005009 -0.019898 0.019926
v 0.005080 -0.019898 0.019796
v 0.005036 -0.019898 0.019857
v 0.005137 -0.019898 0.019748
v 0.005204 -0.019898 0.019716
v 0.005277 -0.019898 0.019701
v 0.005351 -0.019898 0.019704
v 0.003615 -0.021923 0.019736
v 0.004039 -0.022003 0.019802
v 0.004664 -0.021711 0.019804
v 0.004620 -0.022162 0.019874
v 0.004197 -0.021958 0.019805
v 0.004993 -0.021430 0.019804
v 0.005001 -0.020931 0.019693
v 0.005377 -0.020954 0.019824
v 0.005617 -0.020223 0.019817
v 0.005418 -0.020628 0.019773
v 0.005298 -0.020357 0.019704
v 0.005178 -0.020374 0.019704
v 0.005079 -0.020309 0.019749
v 0.004859 -0.021085 0.019696
v 0.005005 -0.020562 0.019748
v 0.004509 -0.021375 0.019704
v 0.004493 -0.021142 0.019815
v 0.005158 -0.019997 0.019707
v 0.004970 -0.020377 0.019858
v 0.004887 -0.020513 0.019926
v 0.004937 -0.020631 0.019773
v 0.004771 -0.020915 0.019769
v 0.004790 -0.020733 0.019887
v 0.004647 -0.020931 0.019887
v 0.004410 -0.021281 0.019765
v 0.004576 -0.021457 0.019704
v 0.004285 -0.021553 0.019701
v 0.004160 -0.021575 0.019704
v 0.003628 -0.021691 0.019708
v 0.003400 -0.021849 0.019704
v 0.004119 -0.021651 0.019695
v 0.003400 -0.021774 0.019701
v 0.003400 -0.021634 0.019748
v 0.003400 -0.021701 0.019716
v 0.003605 -0.021531 0.019829
v 0.004422 -0.021155 0.019887
v 0.004065 -0.021471 0.019770
v 0.004000 -0.021400 0.019907
v 0.004294 -0.021249 0.019886
v 0.003862 -0.021462 0.019875
v 0.003400 -0.021577 0.019796
v 0.003400 -0.021507 0.019926
v 0.003400 -0.021534 0.019857
v -0.003400 -0.021920 0.019726
v -0.000507 -0.022230 0.019829
v -0.003568 -0.021520 0.019856
v -0.003400 -0.021534 0.019857
v -0.003400 -0.021577 0.019796
v -0.003400 -0.021634 0.019748
v -0.003400 -0.021701 0.019716
v -0.003400 -0.021774 0.019701
v -0.003400 -0.021849 0.019704
v -0.005463 -0.020286 0.019753
v -0.005370 -0.020933 0.019808
v -0.005640 -0.020468 0.019842
v -0.005295 -0.020345 0.019704
v -0.003788 -0.022454 0.019892
v -0.004938 -0.021640 0.019845
v -0.004829 -0.021591 0.019809
v -0.003795 -0.022090 0.019812
v -0.004051 -0.022016 0.019802
v -0.003930 -0.021732 0.019697
v -0.003769 -0.021718 0.019693
v -0.003903 -0.021703 0.019696
v -0.004292 -0.021537 0.019682
v -0.004895 -0.021194 0.019707
v -0.004148 -0.021415 0.019784
v -0.004441 -0.021433 0.019703
v -0.004851 -0.021088 0.019701
v -0.003994 -0.021485 0.019771
v -0.003751 -0.021516 0.019813
v -0.003714 -0.021476 0.019926
v -0.004016 -0.021384 0.019926
v -0.004419 -0.021262 0.019773
v -0.004701 -0.021091 0.019722
v -0.004602 -0.020987 0.019887
v -0.005012 -0.020904 0.019693
v -0.004722 -0.020892 0.019813
v -0.004878 -0.020852 0.019724
v -0.005351 -0.019898 0.019704
v -0.005162 -0.020432 0.019705
v -0.005277 -0.019898 0.019701
v -0.005137 -0.019898 0.019748
v -0.005204 -0.019898 0.019716
v -0.005190 -0.020111 0.019710
v -0.004867 -0.020587 0.019889
v -0.004943 -0.020448 0.019857
v -0.005048 -0.020308 0.019784
v -0.005080 -0.019898 0.019796
v -0.004991 -0.020206 0.019886
v -0.004999 -0.019977 0.019962
v -0.005009 -0.019898 0.019926
v -0.005036 -0.019898 0.019857
v -0.018098 0.013889 0.000500
v -0.019825 0.014464 0.000499
v -0.018582 0.014991 0.000500
v -0.020367 0.016342 0.000510
v -0.021017 0.015840 0.000500
v -0.020991 0.016906 0.000387
v -0.021176 0.017558 0.000374
v -0.017505 0.014868 0.000500
v -0.016430 0.015285 0.000501
v -0.016054 0.015533 0.000510
v -0.016009 0.014151 0.000499
v -0.015656 0.015913 0.000514
v -0.014603 0.015438 0.000500
v -0.015225 0.016630 0.000533
v -0.013787 0.016786 0.000625
v -0.014240 0.016052 0.000500
v -0.021324 0.018920 0.000500
v -0.020433 0.018042 0.000602
v -0.020319 0.018807 0.000500
v -0.020518 0.020208 0.000500
v -0.019789 0.020837 0.000500
v -0.019700 0.019695 0.000501
v -0.020005 0.020888 0.000595
v -0.018310 0.021520 0.000499
v -0.017579 0.020373 0.000500
v -0.015264 0.018978 0.000500
v -0.014041 0.018781 0.000500
v -0.014237 0.019305 0.000500
v -0.014740 0.020088 0.000500
v -0.014965 0.017697 0.000500
v -0.013858 0.017543 0.000500
v -0.015886 0.021029 0.000500
v -0.016427 0.021270 0.000500
v -0.015496 0.020257 0.000330
v -0.016492 0.020128 0.000500
v -0.015567 0.020837 0.000500
v -0.019144 0.015207 0.009500
v -0.018380 0.015233 0.009314
v -0.019872 0.015740 0.009500
v -0.019832 0.014453 0.009501
v -0.017801 0.013742 0.009440
v -0.018154 0.014907 0.009500
v -0.018582 0.014991 0.009500
v -0.017683 0.014900 0.009500
v -0.020855 0.015923 0.009629
v -0.020635 0.017775 0.009500
v -0.017139 0.014150 0.009625
v -0.016531 0.015233 0.009500
v -0.014895 0.014901 0.009463
v -0.016007 0.015553 0.009500
v -0.015257 0.016387 0.009500
v -0.014167 0.016223 0.009500
v -0.013759 0.017534 0.009460
v -0.021439 0.018236 0.009500
v -0.020646 0.018168 0.009462
v -0.021137 0.019314 0.009500
v -0.020088 0.019196 0.009500
v -0.020085 0.019497 0.009431
v -0.018782 0.020186 0.009500
v -0.019079 0.021304 0.009478
v -0.018752 0.021452 0.009464
v -0.014570 0.019675 0.009606
v -0.015108 0.018526 0.009500
v -0.015553 0.019355 0.009500
v -0.014986 0.017929 0.009500
v -0.015071 0.019918 0.009674
v -0.016634 0.021467 0.009457
v -0.016696 0.020183 0.009487
v -0.017424 0.020346 0.009484
v -0.017882 0.020179 0.008763
v -0.017614 0.020177 0.008646
v -0.017220 0.020339 0.009037
v -0.017094 0.020109 0.008613
v -0.016592 0.019930 0.008578
v -0.016251 0.019726 0.008553
v -0.017496 0.020171 0.007739
v -0.015610 0.019082 0.008496
v -0.015416 0.018734 0.008470
v -0.015359 0.018637 0.008562
v -0.015198 0.017972 0.008418
v -0.015147 0.017330 0.008476
v -0.017666 0.020178 0.006699
v -0.017616 0.020174 0.005684
v -0.017119 0.020111 0.005615
v -0.017373 0.020159 0.006731
v -0.017897 0.020165 0.005664
v -0.016496 0.019881 0.005571
v -0.016384 0.019813 0.005638
v -0.016737 0.019994 0.005589
v -0.015925 0.019447 0.005626
v -0.015966 0.019495 0.005530
v -0.015627 0.019101 0.005547
v -0.015423 0.018758 0.005471
v -0.015373 0.018637 0.005563
v -0.015551 0.018992 0.005489
v -0.015246 0.018256 0.005437
v -0.015222 0.018128 0.005503
v -0.015191 0.017544 0.005479
v -0.015178 0.017737 0.005404
v -0.015254 0.017064 0.008361
v -0.015386 0.016687 0.008335
v -0.015891 0.015920 0.009300
v -0.015809 0.016022 0.008334
v -0.016058 0.015777 0.009263
v -0.016197 0.015663 0.009251
v -0.016379 0.015507 0.009384
v -0.016656 0.015396 0.009217
v -0.016620 0.015368 0.009386
v -0.017422 0.015191 0.009166
v -0.017162 0.015231 0.009182
v -0.017451 0.015149 0.009345
v -0.017681 0.015178 0.009150
v -0.015944 0.015880 0.008272
v -0.015251 0.017090 0.005413
v -0.015373 0.016709 0.005337
v -0.015431 0.016590 0.005428
v -0.015283 0.016960 0.005354
v -0.015630 0.016243 0.005302
v -0.015880 0.015945 0.005353
v -0.016070 0.015767 0.005312
v -0.016299 0.015592 0.008244
v -0.016524 0.015460 0.008327
v -0.016589 0.015430 0.008222
v -0.016171 0.015683 0.005254
v -0.016507 0.015473 0.005278
v -0.016388 0.015536 0.005337
v -0.016748 0.015361 0.005261
v -0.017001 0.015275 0.005243
v -0.017389 0.015194 0.005168
v -0.017939 0.015224 0.005221
v -0.017129 0.015239 0.005185
v -0.017654 0.020178 0.004699
v -0.016747 0.019994 0.004639
v -0.017194 0.020121 0.004707
v -0.015880 0.019410 0.004572
v -0.016387 0.019819 0.004563
v -0.016279 0.019745 0.004630
v -0.016623 0.019944 0.004580
v -0.017525 0.020173 0.003691
v -0.017601 0.020175 0.003645
v -0.017395 0.020158 0.003732
v -0.017265 0.020143 0.003674
v -0.017468 0.020166 0.002700
v -0.016880 0.020043 0.003648
v -0.016397 0.019821 0.003639
v -0.016283 0.019752 0.003555
v -0.016632 0.019945 0.003681
v -0.017757 0.020176 0.003705
v -0.015790 0.019317 0.004514
v -0.015530 0.018937 0.004535
v -0.015218 0.018070 0.004475
v -0.015185 0.017874 0.004412
v -0.015282 0.018394 0.004546
v -0.016073 0.019594 0.003589
v -0.015797 0.019320 0.003540
v -0.015978 0.019506 0.003531
v -0.015798 0.019320 0.003615
v -0.015636 0.019114 0.003573
v -0.015431 0.018774 0.003522
v -0.015379 0.018651 0.003564
v -0.015225 0.018143 0.003479
v -0.015288 0.018400 0.003471
v -0.015288 0.018400 0.003546
v -0.017143 0.020120 0.002616
v -0.017541 0.020174 0.001692
v -0.017281 0.020146 0.001675
v -0.017261 0.020180 0.000611
v -0.017022 0.020090 0.001608
v -0.017015 0.020085 0.002608
v -0.016950 0.020067 0.002653
v -0.016406 0.019822 0.002627
v -0.016894 0.020048 0.001699
v -0.016769 0.020007 0.001591
v -0.017756 0.020163 0.001712
v -0.017612 0.020168 0.000746
v -0.017678 0.020178 0.000700
v -0.016297 0.019762 0.001556
v -0.016468 0.019862 0.001644
v -0.016182 0.019681 0.002547
v -0.015846 0.019375 0.002569
v -0.015379 0.018659 0.002514
v -0.015287 0.018409 0.002447
v -0.015255 0.018280 0.002438
v -0.015205 0.018021 0.002421
v -0.015221 0.018085 0.002501
v -0.015187 0.017891 0.002413
v -0.015496 0.018899 0.002532
v -0.015802 0.019336 0.001516
v -0.015569 0.019020 0.001491
v -0.015989 0.019516 0.001632
v -0.016085 0.019605 0.001540
v -0.015503 0.018903 0.001582
v -0.015221 0.018158 0.001430
v -0.015378 0.018667 0.001465
v -0.015182 0.017761 0.002505
v -0.015638 0.019123 0.002549
v -0.015246 0.017096 0.004363
v -0.015284 0.016969 0.004430
v -0.015788 0.016046 0.004336
v -0.015873 0.015947 0.004278
v -0.015552 0.016362 0.004411
v -0.015596 0.016311 0.004357
v -0.015179 0.017753 0.003405
v -0.015190 0.017883 0.003513
v -0.015201 0.017365 0.003456
v -0.015184 0.017495 0.003389
v -0.015278 0.016976 0.003405
v -0.015322 0.016850 0.003446
v -0.015367 0.016724 0.003388
v -0.015701 0.016153 0.003370
v -0.015781 0.016049 0.003287
v -0.015481 0.016483 0.003370
v -0.015551 0.016370 0.003412
v -0.016058 0.015778 0.003338
v -0.016498 0.015473 0.004229
v -0.016166 0.015691 0.004304
v -0.016740 0.015360 0.004211
v -0.017155 0.015257 0.004284
v -0.017251 0.015214 0.004177
v -0.017899 0.015191 0.004186
v -0.016438 0.015518 0.003296
v -0.016734 0.015367 0.003237
v -0.017113 0.015242 0.003186
v -0.017243 0.015219 0.003252
v -0.017633 0.015178 0.003203
v -0.015188 0.017487 0.004438
v -0.015196 0.017372 0.002431
v -0.015417 0.016610 0.002330
v -0.015279 0.016985 0.002356
v -0.015279 0.016984 0.002431
v -0.015587 0.016325 0.002358
v -0.015863 0.015958 0.002379
v -0.015544 0.016375 0.002312
v -0.015618 0.016266 0.002304
v -0.015570 0.016047 0.001044
v -0.015623 0.016279 0.001404
v -0.015316 0.016857 0.002347
v -0.015205 0.017898 0.001514
v -0.015393 0.016620 0.001331
v -0.015174 0.017507 0.001388
v -0.015266 0.017057 0.001460
v -0.015178 0.017632 0.002447
v -0.016257 0.015620 0.002247
v -0.016604 0.015424 0.002296
v -0.016724 0.015367 0.002212
v -0.016154 0.015700 0.002355
v -0.016604 0.015424 0.002221
v -0.016371 0.015551 0.002288
v -0.017235 0.015217 0.002178
v -0.017366 0.015201 0.002269
v -0.016977 0.015278 0.002295
v -0.017106 0.015248 0.002236
v -0.017503 0.015187 0.003261
v -0.017495 0.015184 0.002211
v -0.017884 0.015190 0.002187
v -0.016049 0.015781 0.002263
v -0.016371 0.015563 0.001339
v -0.016706 0.015355 0.001214
v -0.016971 0.015283 0.001295
v -0.017747 0.015175 0.001146
v -0.018071 0.015212 0.009125
v -0.019054 0.015595 0.009057
v -0.019148 0.015645 0.009150
v -0.019710 0.016222 0.009000
v -0.019387 0.015667 0.009338
v -0.020021 0.016795 0.009056
v -0.020065 0.016935 0.008948
v -0.020149 0.017323 0.008922
v -0.017908 0.015188 0.005136
v -0.018794 0.015445 0.005151
v -0.018425 0.015292 0.005102
v -0.018914 0.015505 0.005067
v -0.019137 0.015648 0.005050
v -0.019423 0.015911 0.005101
v -0.019691 0.016195 0.005002
v -0.019897 0.016535 0.005026
v -0.020055 0.016903 0.004950
v -0.020144 0.017289 0.004999
v -0.020216 0.017963 0.008985
v -0.020116 0.018231 0.008865
v -0.019943 0.018735 0.008830
v -0.019669 0.019189 0.008796
v -0.019454 0.019492 0.008871
v -0.019315 0.019567 0.008764
v -0.018882 0.019868 0.008730
v -0.018516 0.020029 0.008704
v -0.018505 0.020312 0.009193
v -0.020171 0.017808 0.004942
v -0.020164 0.017938 0.004884
v -0.020171 0.017549 0.004958
v -0.019127 0.019710 0.005824
v -0.019429 0.019461 0.005874
v -0.019428 0.019463 0.005774
v -0.017888 0.020169 0.006663
v -0.020088 0.018326 0.004909
v -0.020123 0.018197 0.004967
v -0.018544 0.015332 0.004094
v -0.019021 0.015569 0.004059
v -0.018904 0.015503 0.004143
v -0.018030 0.015203 0.004128
v -0.019235 0.015722 0.004042
v -0.019332 0.015808 0.004109
v -0.019605 0.016085 0.004010
v -0.018416 0.015293 0.004178
v -0.018021 0.015205 0.003179
v -0.018597 0.015356 0.003140
v -0.018409 0.015287 0.003103
v -0.018780 0.015438 0.003077
v -0.019422 0.015891 0.003102
v -0.019514 0.015981 0.003019
v -0.019012 0.015567 0.003110
v -0.020049 0.016896 0.003950
v -0.019829 0.016411 0.004035
v -0.020146 0.017411 0.004017
v -0.020146 0.017282 0.003925
v -0.020162 0.017930 0.003934
v -0.019828 0.016402 0.003086
v -0.020025 0.016825 0.003005
v -0.019951 0.016638 0.002968
v -0.019828 0.016402 0.002986
v -0.019681 0.016182 0.003053
v -0.020085 0.017015 0.002942
v -0.020120 0.017143 0.002984
v -0.020163 0.017404 0.002967
v -0.020170 0.017533 0.002909
v -0.020172 0.017792 0.002968
v -0.020166 0.017922 0.002885
v -0.019115 0.015636 0.002102
v -0.018588 0.015360 0.002191
v -0.018774 0.015431 0.002078
v -0.018143 0.015225 0.002121
v -0.018651 0.015379 0.002086
v -0.019418 0.015883 0.002027
v -0.019595 0.016073 0.002061
v -0.019507 0.015979 0.002119
v -0.019419 0.015884 0.002127
v -0.019764 0.016269 0.000993
v -0.018336 0.015276 0.002133
v -0.018135 0.015220 0.001121
v -0.018266 0.015251 0.001213
v -0.018651 0.015365 0.001087
v -0.017488 0.015188 0.001262
v -0.019219 0.015705 0.001044
v -0.018999 0.015559 0.001161
v -0.019889 0.016511 0.001978
v -0.020086 0.017006 0.001943
v -0.020115 0.017137 0.002034
v -0.019911 0.016576 0.002073
v -0.020001 0.016753 0.001960
v -0.019821 0.016397 0.001986
v -0.019945 0.016632 0.001969
v -0.020173 0.017525 0.001909
v -0.020174 0.017655 0.002001
v -0.020158 0.017396 0.001968
v -0.020175 0.017784 0.001944
v -0.020151 0.018044 0.001877
v -0.020126 0.018182 0.002868
v -0.019752 0.016283 0.001995
v -0.019588 0.016070 0.001112
v -0.020179 0.017782 0.000894
v -0.020031 0.016877 0.001052
v -0.020164 0.017648 0.001002
v -0.020124 0.018173 0.001869
v -0.020148 0.018060 0.003876
v -0.020094 0.018319 0.003859
v -0.020053 0.018446 0.003926
v -0.019689 0.019162 0.004798
v -0.019523 0.019364 0.004782
v -0.019432 0.019454 0.004849
v -0.019692 0.019153 0.003824
v -0.019896 0.018822 0.004874
v -0.019903 0.018817 0.003824
v -0.020126 0.018182 0.002968
v -0.020035 0.018502 0.002872
v -0.019692 0.019153 0.003899
v -0.019904 0.018808 0.002900
v -0.019614 0.019259 0.003890
v -0.019699 0.019149 0.002799
v -0.019343 0.019538 0.003842
v -0.019534 0.019352 0.002783
v -0.018912 0.019852 0.004733
v -0.018917 0.019845 0.003783
v -0.019246 0.019624 0.003758
v -0.018165 0.020130 0.004681
v -0.018548 0.020017 0.004757
v -0.019295 0.019571 0.002863
v -0.018807 0.019904 0.002800
v -0.019037 0.019771 0.002742
v -0.018680 0.019964 0.003816
v -0.018557 0.020018 0.003757
v -0.018303 0.020098 0.003740
v -0.018044 0.020151 0.003723
v -0.017914 0.020163 0.003765
v -0.018173 0.020124 0.003781
v -0.019352 0.019535 0.002767
v -0.019024 0.019780 0.004791
v -0.020018 0.018557 0.001843
v -0.019767 0.019025 0.001908
v -0.019779 0.019033 0.001808
v -0.019964 0.018680 0.001884
v -0.019964 0.018680 0.001834
v -0.019699 0.019149 0.002899
v -0.019624 0.019246 0.001791
v -0.019451 0.019440 0.001825
v -0.019259 0.019614 0.001809
v -0.019250 0.019617 0.002759
v -0.019977 0.018682 0.000834
v -0.020050 0.018421 0.000952
v -0.020130 0.018166 0.000869
v -0.019455 0.019441 0.000776
v -0.019709 0.019135 0.000800
v -0.019626 0.019239 0.000892
v -0.019162 0.019689 0.000752
v -0.020124 0.018174 0.001944
v -0.018439 0.020059 0.002699
v -0.019046 0.019770 0.001843
v -0.019047 0.019770 0.001743
v -0.018816 0.019903 0.001776
v -0.018445 0.020053 0.001749
v -0.018572 0.020012 0.001808
v -0.018246 0.020110 0.002761
v -0.017921 0.020166 0.002715
v -0.018319 0.020094 0.001691
v -0.017678 0.020178 0.002700
v -0.017929 0.020162 0.001716
v -0.018310 0.020093 0.002690
v -0.018831 0.019900 0.000727
v -0.019050 0.019763 0.000843
v -0.018431 0.020062 0.000700
v -0.018311 0.020178 0.000565
v -0.018324 0.020089 0.000791
v -0.020054 0.018455 0.004850
v -0.017157 0.020123 0.000717
v -0.017271 0.020141 0.000725
v -0.018098 0.020139 0.000776
v -0.017387 0.020161 0.004632
v -0.017518 0.020169 0.004740
v -0.017123 0.020097 0.005715
v -0.018286 0.020102 0.005689
v -0.018288 0.020102 0.005789
v -0.018666 0.019970 0.005815
v -0.019603 0.019272 0.005789
v -0.019605 0.019270 0.005890
v -0.019761 0.019059 0.005906
v -0.019951 0.018708 0.005932
v -0.020118 0.018204 0.005967
v -0.020174 0.017814 0.005992
v -0.020162 0.017426 0.006016
v -0.020053 0.016910 0.006049
v -0.019836 0.016424 0.006084
v -0.019614 0.016096 0.006110
v -0.019343 0.015818 0.006133
v -0.019033 0.015577 0.006158
v -0.018680 0.015391 0.006184
v -0.018173 0.015231 0.006219
v -0.017655 0.015181 0.006251
v -0.017136 0.015241 0.006284
v -0.016632 0.015411 0.006319
v -0.016178 0.015682 0.006353
v -0.015798 0.016035 0.006385
v -0.015560 0.016349 0.006410
v -0.015379 0.016705 0.006436
v -0.015225 0.017212 0.006471
v -0.015182 0.017731 0.006503
v -0.015217 0.018121 0.006528
v -0.015322 0.018505 0.006554
v -0.015551 0.018985 0.006588
v -0.015870 0.019400 0.006621
v -0.016157 0.019662 0.006645
v -0.016493 0.019875 0.006671
v -0.016985 0.020076 0.006706
v -0.017305 0.020147 0.006627
v -0.018021 0.020150 0.006771
v -0.018535 0.020022 0.006806
v -0.019012 0.019788 0.006840
v -0.019422 0.019464 0.006873
v -0.019681 0.019173 0.006897
v -0.019890 0.018835 0.006923
v -0.020085 0.018340 0.006958
v -0.020170 0.017822 0.006991
v -0.020146 0.017303 0.007023
v -0.020059 0.016916 0.007049
v -0.019904 0.016547 0.007075
v -0.019616 0.016105 0.007109
v -0.019351 0.015821 0.007133
v -0.019037 0.015584 0.007158
v -0.018563 0.015344 0.007192
v -0.018051 0.015209 0.007227
v -0.017532 0.015185 0.007259
v -0.017143 0.015236 0.007284
v -0.016762 0.015355 0.007310
v -0.016291 0.015601 0.007344
v -0.015890 0.015934 0.007377
v -0.015567 0.016345 0.007410
v -0.015333 0.016822 0.007444
v -0.015205 0.017335 0.007479
v -0.015178 0.017724 0.007503
v -0.015219 0.018113 0.007527
v -0.015367 0.018623 0.007562
v -0.015619 0.019090 0.007596
v -0.015956 0.019486 0.007629
v -0.016258 0.019735 0.007653
v -0.016605 0.019932 0.007679
v -0.017106 0.020108 0.007714
v -0.017427 0.020162 0.007634
v -0.017865 0.020166 0.007762
v -0.018274 0.020106 0.007788
v -0.018652 0.019976 0.007814
v -0.019115 0.019719 0.007848
v -0.019507 0.019377 0.007881
v -0.019753 0.019072 0.007905
v -0.019945 0.018722 0.007931
v -0.020115 0.018219 0.007966
v -0.020174 0.017700 0.007999
v -0.020124 0.017181 0.008031
v -0.019964 0.016675 0.008066
v -0.019701 0.016215 0.008100
v -0.019354 0.015828 0.008133
v -0.019046 0.015585 0.008157
v -0.018694 0.015397 0.008183
v -0.018188 0.015234 0.008218
v -0.017669 0.015181 0.008251
v -0.017150 0.015237 0.008283
v -0.016648 0.015403 0.008268
v -0.016835 0.015327 0.008205
v -0.016295 0.015595 0.008344
v -0.015990 0.015838 0.008318
v -0.015810 0.016021 0.008284
v -0.015568 0.016336 0.008409
v -0.015649 0.016216 0.009300
v -0.015813 0.016012 0.009284
v -0.015995 0.015829 0.009268
v -0.016419 0.015518 0.009234
v -0.016308 0.015590 0.009243
v -0.016905 0.015300 0.009200
v -0.017617 0.015181 0.009154
v -0.017876 0.015188 0.009138
v -0.018457 0.015302 0.009100
v -0.018706 0.015399 0.009082
v -0.019366 0.015834 0.009032
v -0.019853 0.016446 0.008982
v -0.020177 0.017712 0.008898
v -0.018132 0.020136 0.008678
v -0.017872 0.020170 0.008662
v -0.015945 0.019480 0.008528
v -0.015273 0.018361 0.008444
v -0.015179 0.017583 0.008394
v -0.015570 0.016333 0.008309
v -0.015685 0.016172 0.008296
v -0.015853 0.015972 0.008280
v -0.016040 0.015793 0.008264
v -0.016471 0.015491 0.008231
v -0.016711 0.015375 0.008213
v -0.016771 0.015348 0.008209
v -0.017025 0.015264 0.008192
v -0.017284 0.015209 0.008175
v -0.017544 0.015181 0.008158
v -0.017802 0.015181 0.008142
v -0.018063 0.015207 0.008126
v -0.018322 0.015262 0.008109
v -0.018575 0.015344 0.008092
v -0.018819 0.015453 0.008074
v -0.019049 0.015587 0.008057
v -0.019261 0.015743 0.008040
v -0.019453 0.015917 0.008024
v -0.019626 0.016111 0.008008
v -0.019780 0.016325 0.007992
v -0.019912 0.016556 0.007974
v -0.020019 0.016801 0.007957
v -0.020099 0.017055 0.007940
v -0.020151 0.017314 0.007923
v -0.020176 0.017574 0.007906
v -0.020173 0.017833 0.007891
v -0.020143 0.018093 0.007874
v -0.020085 0.018352 0.007857
v -0.020000 0.018604 0.007840
v -0.019887 0.018847 0.007822
v -0.019751 0.019075 0.007805
v -0.019593 0.019285 0.007788
v -0.019416 0.019474 0.007773
v -0.019220 0.019645 0.007756
v -0.019004 0.019797 0.007740
v -0.018771 0.019926 0.007722
v -0.018525 0.020030 0.007705
v -0.018270 0.020106 0.007688
v -0.018010 0.020155 0.007671
v -0.017603 0.020174 0.007645
v -0.017232 0.020138 0.007622
v -0.016974 0.020076 0.007605
v -0.016722 0.019988 0.007588
v -0.016481 0.019873 0.007570
v -0.016255 0.019733 0.007553
v -0.016047 0.019573 0.007536
v -0.015860 0.019394 0.007521
v -0.015691 0.019196 0.007504
v -0.015542 0.018978 0.007488
v -0.015416 0.018743 0.007470
v -0.015315 0.018496 0.007453
v -0.015242 0.018240 0.007436
v -0.015196 0.017980 0.007419
v -0.015178 0.017720 0.007403
v -0.015187 0.017462 0.007387
v -0.015223 0.017201 0.007370
v -0.015288 0.016944 0.007353
v -0.015380 0.016693 0.007336
v -0.015498 0.016454 0.007318
v -0.015640 0.016230 0.007301
v -0.015802 0.016024 0.007285
v -0.015983 0.015840 0.007269
v -0.016184 0.015673 0.007253
v -0.016404 0.015526 0.007236
v -0.016641 0.015403 0.007218
v -0.016889 0.015305 0.007201
v -0.017146 0.015235 0.007184
v -0.017406 0.015192 0.007167
v -0.017665 0.015178 0.007151
v -0.017924 0.015190 0.007135
v -0.018184 0.015230 0.007118
v -0.018441 0.015297 0.007101
v -0.018691 0.015392 0.007083
v -0.018929 0.015513 0.007066
v -0.019151 0.015658 0.007049
v -0.019354 0.015823 0.007033
v -0.019536 0.016005 0.007017
v -0.019701 0.016209 0.007001
v -0.019845 0.016431 0.006984
v -0.019965 0.016669 0.006966
v -0.020060 0.016919 0.006949
v -0.020127 0.017176 0.006932
v -0.020166 0.017436 0.006915
v -0.020178 0.017695 0.006899
v -0.020162 0.017955 0.006883
v -0.020119 0.018215 0.006866
v -0.020048 0.018471 0.006849
v -0.019950 0.018720 0.006831
v -0.019826 0.018956 0.006814
v -0.019679 0.019175 0.006797
v -0.019512 0.019376 0.006781
v -0.019327 0.019556 0.006765
v -0.019121 0.019719 0.006749
v -0.018897 0.019860 0.006732
v -0.018657 0.019978 0.006714
v -0.018407 0.020069 0.006697
v -0.018149 0.020133 0.006680
v -0.017500 0.020168 0.006639
v -0.017110 0.020112 0.006614
v -0.016855 0.020038 0.006597
v -0.016607 0.019937 0.006579
v -0.016373 0.019810 0.006562
v -0.016155 0.019661 0.006545
v -0.015957 0.019491 0.006529
v -0.015779 0.019304 0.006513
v -0.015619 0.019096 0.006497
v -0.015480 0.018870 0.006480
v -0.015366 0.018629 0.006462
v -0.015277 0.018377 0.006445
v -0.015217 0.018118 0.006428
v -0.015184 0.017858 0.006411
v -0.015179 0.017600 0.006395
v -0.015201 0.017340 0.006379
v -0.015250 0.017080 0.006362
v -0.015328 0.016825 0.006345
v -0.015432 0.016579 0.006327
v -0.015561 0.016347 0.006310
v -0.015714 0.016131 0.006293
v -0.015885 0.015935 0.006277
v -0.016075 0.015759 0.006261
v -0.016285 0.015602 0.006245
v -0.016513 0.015465 0.006227
v -0.016756 0.015354 0.006210
v -0.017009 0.015269 0.006193
v -0.017267 0.015212 0.006176
v -0.017528 0.015182 0.006159
v -0.017786 0.015180 0.006143
v -0.018046 0.015205 0.006127
v -0.018305 0.015258 0.006110
v -0.018560 0.015338 0.006093
v -0.018804 0.015446 0.006075
v -0.019035 0.015578 0.006058
v -0.019248 0.015733 0.006041
v -0.019441 0.015906 0.006025
v -0.019616 0.016098 0.006009
v -0.019771 0.016311 0.005993
v -0.019904 0.016541 0.005975
v -0.020013 0.016785 0.005958
v -0.020095 0.017039 0.005941
v -0.020149 0.017298 0.005924
v -0.020175 0.017558 0.005907
v -0.020174 0.017816 0.005892
v -0.020146 0.018077 0.005875
v -0.020090 0.018336 0.005858
v -0.019951 0.018710 0.005832
v -0.019760 0.019061 0.005806
v -0.019018 0.019788 0.005741
v -0.018787 0.019918 0.005723
v -0.018541 0.020024 0.005706
v -0.015536 0.016375 0.009307
v -0.015436 0.016541 0.009313
v -0.015244 0.016982 0.009330
v -0.015350 0.016713 0.009320
v -0.015154 0.017357 0.009342
v -0.015098 0.017645 0.009413
v -0.015165 0.018244 0.009371
v -0.015408 0.018966 0.009396
v -0.016013 0.019730 0.009447
v -0.016486 0.020047 0.009445
v -0.017972 0.020373 0.009498
v -0.016535 0.019922 0.000687
v -0.015804 0.019429 0.000657
v -0.015079 0.018139 0.000611
v -0.017143 0.013690 0.000700
v -0.017286 0.013697 0.009300
v -0.015621 0.014215 0.000704
v -0.015282 0.014471 0.009302
v -0.015934 0.014073 0.009300
v -0.016685 0.013798 0.009302
v -0.014425 0.015309 0.000695
v -0.013959 0.016301 0.009405
v -0.013734 0.018302 0.000623
v -0.013822 0.018479 0.009443
v -0.013697 0.018070 0.009300
v -0.014279 0.019763 0.000608
v -0.013982 0.019208 0.009300
v -0.015577 0.021139 0.000693
v -0.015649 0.021062 0.009430
v -0.017424 0.021693 0.000700
v -0.014969 0.020627 0.009299
v -0.014311 0.015660 0.009445
v -0.013755 0.016897 0.009300
v -0.014471 0.020074 0.009302
v -0.017678 0.021693 0.009300
v -0.019376 0.021302 0.000698
v -0.019986 0.020885 0.009413
v -0.018304 0.023102 0.005113
v -0.020921 0.020059 0.000699
v -0.020601 0.020327 0.009430
v -0.021571 0.018675 0.000696
v -0.021436 0.019059 0.009300
v -0.021634 0.017825 0.009460
v -0.021622 0.016709 0.000705
v -0.021658 0.017286 0.009300
v -0.021601 0.016897 0.009300
v -0.021306 0.015984 0.009302
v -0.020385 0.014659 0.000698
v -0.020215 0.014586 0.009300
v -0.019563 0.014150 0.009300
v -0.019900 0.014352 0.009300
v -0.018675 0.013784 0.000696
v -0.019051 0.013916 0.009299
v -0.018458 0.013755 0.009300
v -0.020770 0.015140 0.009300
v -0.021111 0.019736 0.009300
v -0.021678 0.017678 0.009300
v -0.021505 0.016517 0.009300
v -0.020506 0.014849 0.009300
v -0.016640 0.020516 0.002144
v -0.018866 0.020437 0.001265
v -0.018742 0.014860 0.001643
v -0.015111 0.016114 0.001862
v -0.018599 0.020538 0.002249
v -0.020399 0.018968 0.001379
v -0.018537 0.014798 0.002654
v -0.014777 0.016912 0.002909
v -0.016513 0.020455 0.003137
v -0.015861 0.015290 0.002804
v -0.016136 0.015104 0.002786
v -0.015246 0.019435 0.003050
v -0.014939 0.016442 0.002882
v -0.019090 0.020325 0.003278
v -0.020374 0.016335 0.003524
v -0.014928 0.016468 0.003884
v -0.017350 0.020683 0.004182
v -0.020631 0.018273 0.003418
v -0.020560 0.018550 0.004404
v -0.020342 0.016299 0.004526
v -0.018470 0.014779 0.004658
v -0.014948 0.018923 0.005018
v -0.015085 0.019187 0.004034
v -0.018826 0.014850 0.003639
v -0.018636 0.020525 0.003251
v -0.016392 0.020393 0.004129
v -0.014768 0.016948 0.003911
v -0.014747 0.016978 0.004912
v -0.019398 0.020149 0.004297
v -0.020682 0.017247 0.004472
v -0.019232 0.015098 0.004613
v -0.015933 0.015232 0.004799
v -0.016811 0.014782 0.004746
v -0.015185 0.019354 0.005045
v -0.014826 0.018610 0.005000
v -0.019851 0.015560 0.001573
v -0.020731 0.017331 0.001464
v -0.016596 0.014823 0.001757
v -0.014643 0.017360 0.001934
v -0.018062 0.020666 0.001220
v -0.019212 0.020261 0.002286
v -0.020091 0.019519 0.002346
v -0.020575 0.016815 0.002495
v -0.016745 0.014814 0.002750
v -0.019001 0.014985 0.002627
v -0.020665 0.018144 0.002428
v -0.018045 0.014700 0.002681
v -0.015787 0.020012 0.002091
v -0.017553 0.014676 0.002706
v -0.019712 0.019914 0.001319
v -0.014934 0.018947 0.001019
v -0.015137 0.016073 0.000859
v -0.014671 0.017835 0.000958
v -0.014752 0.016988 0.000914
v -0.015413 0.015710 0.001836
v -0.017925 0.014683 0.001688
v -0.015638 0.015477 0.001819
v -0.020034 0.015803 0.002558
v -0.019439 0.015244 0.002600
v -0.017776 0.020686 0.002205
v -0.015016 0.019142 0.002033
v -0.016263 0.020431 0.001122
v -0.015383 0.015725 0.002839
v -0.014906 0.018861 0.003013
v -0.014868 0.018742 0.004007
v -0.017977 0.020668 0.003215
v -0.017320 0.020661 0.003182
v -0.020343 0.019064 0.003373
v -0.016247 0.015035 0.003779
v -0.014656 0.017719 0.002952
v -0.014681 0.017973 0.004965
v -0.018508 0.020573 0.004244
v -0.020076 0.015868 0.004554
v -0.017082 0.020642 0.005168
v -0.015991 0.020174 0.005106
v -0.015809 0.020030 0.003093
v -0.020663 0.017277 0.003471
v -0.019638 0.019964 0.003313
v -0.016878 0.014781 0.003742
v -0.015453 0.019690 0.003067
v -0.020080 0.019474 0.003347
v -0.019778 0.015535 0.003577
v -0.017525 0.014677 0.003708
v -0.019997 0.015775 0.003560
v -0.015450 0.015636 0.003832
v -0.014655 0.017762 0.003956
v -0.017973 0.014692 0.004685
v -0.019752 0.015510 0.004578
v -0.015064 0.016196 0.004867
v -0.020110 0.019455 0.004350
v -0.015572 0.019845 0.004077
v -0.015502 0.019743 0.005071
v -0.015447 0.015665 0.004833
v -0.017648 0.014678 0.004702
v -0.016478 0.014904 0.005765
v -0.018707 0.020557 0.005254
v -0.018546 0.014794 0.006654
v -0.016138 0.015074 0.006784
v -0.020160 0.019424 0.005352
v -0.014769 0.016857 0.005907
v -0.020538 0.018597 0.007401
v -0.019979 0.015641 0.006568
v -0.014830 0.016733 0.006899
v -0.015136 0.019293 0.007041
v -0.019219 0.020265 0.007286
v -0.018331 0.014745 0.008666
v -0.014666 0.017745 0.007953
v -0.020587 0.018408 0.008411
v -0.015163 0.019313 0.008042
v -0.020182 0.016019 0.008544
v -0.020650 0.018082 0.008429
v -0.019523 0.020043 0.008306
v -0.017020 0.020605 0.008165
v -0.014922 0.018875 0.008015
v -0.014735 0.017092 0.007919
v -0.016698 0.020513 0.008147
v -0.019251 0.020232 0.008288
v -0.020677 0.017756 0.008446
v -0.020488 0.018727 0.008393
v -0.014923 0.018596 0.008953
v -0.015603 0.019845 0.009078
v -0.019795 0.019803 0.009325
v -0.019424 0.020122 0.009299
v -0.014819 0.016769 0.007901
v -0.019721 0.015383 0.007581
v -0.018107 0.020700 0.006225
v -0.020684 0.018000 0.006432
v -0.015174 0.015985 0.006855
v -0.016663 0.020501 0.007145
v -0.018456 0.020579 0.007241
v -0.020505 0.016662 0.007505
v -0.019998 0.019688 0.006336
v -0.020731 0.017699 0.005451
v -0.014713 0.018328 0.005984
v -0.020008 0.015679 0.005563
v -0.015836 0.020166 0.006095
v -0.015404 0.015685 0.005836
v -0.018119 0.014656 0.005675
v -0.017464 0.020692 0.007188
v -0.020093 0.019497 0.007348
v -0.017409 0.014668 0.006714
v -0.015913 0.020131 0.007100
v -0.020699 0.017627 0.007453
v -0.014631 0.017884 0.006963
v -0.020606 0.017007 0.006485
v -0.015083 0.016148 0.007865
v -0.016388 0.020386 0.008129
v -0.019878 0.015638 0.008569
v -0.020353 0.019034 0.008375
v -0.018956 0.020391 0.008270
v -0.020422 0.016467 0.008516
v -0.018202 0.014712 0.007673
v -0.015969 0.015197 0.007797
v -0.015358 0.019580 0.008060
v -0.019769 0.019828 0.008323
v -0.018797 0.014894 0.008639
v -0.017039 0.014722 0.007734
v -0.016229 0.015037 0.008780
v -0.016750 0.020341 0.009044
v -0.020501 0.018692 0.009395
v -0.014683 0.017282 0.008929
v -0.020677 0.017720 0.009448
v -0.017004 0.014750 0.008735
v -0.015214 0.015902 0.008852
v -0.015485 0.015630 0.007830
v -0.015954 0.020139 0.008103
v -0.018483 0.020572 0.008243
v -0.014765 0.018396 0.007988
v -0.015578 0.019820 0.008077
v -0.017675 0.020688 0.008200
v -0.020655 0.017274 0.008471
v -0.020101 0.019453 0.008349
v -0.019390 0.015200 0.008603
v -0.014759 0.018425 0.008990
v -0.020615 0.017021 0.009490
v -0.017868 0.020677 0.009210
v -0.017663 0.014673 0.008700
v -0.020540 0.016781 0.008498
v -0.020091 0.015879 0.000530
v -0.019068 0.015019 0.000623
v -0.019591 0.015365 0.000540
v -0.018355 0.014744 0.000677
v -0.016505 0.014903 0.000763
v -0.014908 0.016524 0.000887
v -0.015796 0.015337 0.000809
v -0.013889 -0.018098 0.000500
v -0.014492 -0.019878 0.000499
v -0.014991 -0.018582 0.000500
v -0.016342 -0.020367 0.000510
v -0.017266 -0.021052 0.000391
v -0.017558 -0.021176 0.000374
v -0.014873 -0.017335 0.000501
v -0.014125 -0.015870 0.000552
v -0.015405 -0.016233 0.000505
v -0.014749 -0.015201 0.000500
v -0.015955 -0.015309 0.000402
v -0.016575 -0.014041 0.000500
v -0.016428 -0.013938 0.000564
v -0.017434 -0.014986 0.000500
v -0.018920 -0.021324 0.000500
v -0.018068 -0.020593 0.000500
v -0.018807 -0.020319 0.000500
v -0.020234 -0.020498 0.000500
v -0.020732 -0.019943 0.000500
v -0.019695 -0.019700 0.000501
v -0.021547 -0.018377 0.000528
v -0.020298 -0.018419 0.000500
v -0.020373 -0.017579 0.000500
v -0.021414 -0.016935 0.000500
v -0.019469 -0.014326 0.000500
v -0.018978 -0.015264 0.000500
v -0.018781 -0.014041 0.000500
v -0.019132 -0.014167 0.000500
v -0.020088 -0.014740 0.000500
v -0.017928 -0.014987 0.000500
v -0.017543 -0.013858 0.000500
v -0.018419 -0.013951 0.000500
v -0.020084 -0.016384 0.000500
v -0.021029 -0.015886 0.000500
v -0.021188 -0.016223 0.000500
v -0.020180 -0.017261 0.000611
v -0.020837 -0.015567 0.000500
v -0.015233 -0.018380 0.009314
v -0.015365 -0.019433 0.009500
v -0.015740 -0.019872 0.009500
v -0.014556 -0.019993 0.009501
v -0.014991 -0.018582 0.009500
v -0.014889 -0.018010 0.009500
v -0.016685 -0.021400 0.009500
v -0.016805 -0.020551 0.009499
v -0.017775 -0.020635 0.009500
v -0.016103 -0.020183 0.009500
v -0.013957 -0.016801 0.009500
v -0.015178 -0.017042 0.009428
v -0.015417 -0.016445 0.009416
v -0.014576 -0.015444 0.009500
v -0.015404 -0.016217 0.009500
v -0.015868 -0.015902 0.009387
v -0.016397 -0.014097 0.009500
v -0.016387 -0.015257 0.009500
v -0.017870 -0.013777 0.009475
v -0.018555 -0.021398 0.009500
v -0.018945 -0.020269 0.009500
v -0.019497 -0.020085 0.009431
v -0.020186 -0.018782 0.009500
v -0.021304 -0.019079 0.009478
v -0.018654 -0.013922 0.009479
v -0.018971 -0.015264 0.009500
v -0.017701 -0.014963 0.009500
v -0.020332 -0.015570 0.009668
v -0.020182 -0.016635 0.009500
v -0.021466 -0.017170 0.009500
v -0.020346 -0.017424 0.009484
v -0.020164 -0.018144 0.008777
v -0.020177 -0.017614 0.008646
v -0.020109 -0.017094 0.008613
v -0.019930 -0.016592 0.008578
v -0.019726 -0.016251 0.008553
v -0.020171 -0.017496 0.007739
v -0.019082 -0.015610 0.008496
v -0.018734 -0.015416 0.008470
v -0.018637 -0.015359 0.008562
v -0.017972 -0.015198 0.008418
v -0.017330 -0.015147 0.008476
v -0.020178 -0.017666 0.006699
v -0.020174 -0.017616 0.005684
v -0.020111 -0.017119 0.005615
v -0.020159 -0.017373 0.006731
v -0.020165 -0.017897 0.005664
v -0.019881 -0.016496 0.005571
v -0.019813 -0.016384 0.005638
v -0.019994 -0.016737 0.005589
v -0.019447 -0.015925 0.005626
v -0.019495 -0.015966 0.005530
v -0.019101 -0.015627 0.005547
v -0.018758 -0.015423 0.005471
v -0.018637 -0.015373 0.005563
v -0.018992 -0.015551 0.005489
v -0.018256 -0.015246 0.005437
v -0.018128 -0.015222 0.005503
v -0.017544 -0.015191 0.005479
v -0.017737 -0.015178 0.005404
v -0.017064 -0.015254 0.008361
v -0.016687 -0.015386 0.008335
v -0.015829 -0.015995 0.009268
v -0.016022 -0.015809 0.008334
v -0.015777 -0.016058 0.009263
v -0.015663 -0.016197 0.009251
v -0.015552 -0.016354 0.009298
v -0.015348 -0.016781 0.009208
v -0.015396 -0.016656 0.009217
v -0.015300 -0.016905 0.009200
v -0.015211 -0.017292 0.009174
v -0.015169 -0.017662 0.009252
v -0.015880 -0.015944 0.008272
v -0.017090 -0.015251 0.005413
v -0.016709 -0.015373 0.005337
v -0.016590 -0.015431 0.005428
v -0.016960 -0.015283 0.005354
v -0.016243 -0.015630 0.005302
v -0.015945 -0.015880 0.005353
v -0.015767 -0.016070 0.005312
v -0.015592 -0.016299 0.008244
v -0.015460 -0.016524 0.008327
v -0.015430 -0.016589 0.008222
v -0.015683 -0.016171 0.005254
v -0.015473 -0.016507 0.005278
v -0.015536 -0.016388 0.005337
v -0.015361 -0.016748 0.005261
v -0.015275 -0.017001 0.005243
v -0.015194 -0.017389 0.005168
v -0.015224 -0.017939 0.005221
v -0.015239 -0.017129 0.005185
v -0.020178 -0.017654 0.004699
v -0.019994 -0.016747 0.004639
v -0.020121 -0.017194 0.004707
v -0.019410 -0.015880 0.004572
v -0.019819 -0.016387 0.004563
v -0.019745 -0.016279 0.004630
v -0.019944 -0.016623 0.004580
v -0.020173 -0.017525 0.003691
v -0.020175 -0.017601 0.003645
v -0.020158 -0.017395 0.003732
v -0.020143 -0.017265 0.003674
v -0.020166 -0.017468 0.002700
v -0.020043 -0.016880 0.003648
v -0.019821 -0.016397 0.003639
v -0.019752 -0.016283 0.003555
v -0.019945 -0.016632 0.003681
v -0.020176 -0.017757 0.003705
v -0.019317 -0.015790 0.004514
v -0.018937 -0.015530 0.004535
v -0.018070 -0.015218 0.004475
v -0.017874 -0.015185 0.004412
v -0.018394 -0.015282 0.004546
v -0.019594 -0.016073 0.003589
v -0.019320 -0.015797 0.003540
v -0.019506 -0.015978 0.003531
v -0.019320 -0.015798 0.003615
v -0.019114 -0.015636 0.003573
v -0.018774 -0.015431 0.003522
v -0.018651 -0.015379 0.003564
v -0.018143 -0.015225 0.003479
v -0.018400 -0.015288 0.003471
v -0.018400 -0.015288 0.003546
v -0.020120 -0.017143 0.002616
v -0.020174 -0.017541 0.001692
v -0.020146 -0.017281 0.001675
v -0.020090 -0.017022 0.001608
v -0.020085 -0.017015 0.002608
v -0.020067 -0.016950 0.002653
v -0.019822 -0.016406 0.002627
v -0.020048 -0.016894 0.001699
v -0.020007 -0.016769 0.001591
v -0.020163 -0.017756 0.001712
v -0.019690 -0.016188 0.001548
v -0.020123 -0.017157 0.000717
v -0.019862 -0.016468 0.001644
v -0.019681 -0.016182 0.002547
v -0.019375 -0.015846 0.002569
v -0.018659 -0.015379 0.002514
v -0.018409 -0.015287 0.002447
v -0.018280 -0.015255 0.002438
v -0.018021 -0.015205 0.002421
v -0.018085 -0.015221 0.002501
v -0.017891 -0.015187 0.002413
v -0.018899 -0.015496 0.002532
v -0.019237 -0.015712 0.001508
v -0.019516 -0.015989 0.001632
v -0.018158 -0.015228 0.001530
v -0.018421 -0.015272 0.001448
v -0.018903 -0.015503 0.001582
v -0.017761 -0.015182 0.002505
v -0.019123 -0.015638 0.002549
v -0.017096 -0.015246 0.004363
v -0.016969 -0.015284 0.004430
v -0.016046 -0.015788 0.004336
v -0.015947 -0.015873 0.004278
v -0.016362 -0.015552 0.004411
v -0.016311 -0.015596 0.004357
v -0.017753 -0.015179 0.003405
v -0.017883 -0.015190 0.003513
v -0.017365 -0.015201 0.003456
v -0.017495 -0.015184 0.003389
v -0.016976 -0.015278 0.003405
v -0.016850 -0.015322 0.003446
v -0.016724 -0.015367 0.003388
v -0.016153 -0.015701 0.003370
v -0.016049 -0.015781 0.003287
v -0.016483 -0.015481 0.003370
v -0.016370 -0.015551 0.003412
v -0.015778 -0.016058 0.003338
v -0.015473 -0.016498 0.004229
v -0.015691 -0.016166 0.004304
v -0.015360 -0.016740 0.004211
v -0.015257 -0.017155 0.004284
v -0.015214 -0.017251 0.004177
v -0.015191 -0.017899 0.004186
v -0.015518 -0.016438 0.003296
v -0.015367 -0.016734 0.003237
v -0.015242 -0.017113 0.003186
v -0.015219 -0.017243 0.003252
v -0.015178 -0.017633 0.003203
v -0.017487 -0.015188 0.004438
v -0.017372 -0.015196 0.002431
v -0.016610 -0.015417 0.002330
v -0.016985 -0.015279 0.002356
v -0.016984 -0.015279 0.002431
v -0.016325 -0.015587 0.002358
v -0.015958 -0.015863 0.002379
v -0.016375 -0.015544 0.002312
v -0.016266 -0.015618 0.002304
v -0.016071 -0.015780 0.001388
v -0.016857 -0.015316 0.002347
v -0.017378 -0.015192 0.001381
v -0.016992 -0.015274 0.001356
v -0.017639 -0.015181 0.001498
v -0.017769 -0.015179 0.001406
v -0.016865 -0.015317 0.001447
v -0.016271 -0.015611 0.001304
v -0.016622 -0.015408 0.001331
v -0.015966 -0.015851 0.001280
v -0.017632 -0.015178 0.002447
v -0.015620 -0.016257 0.002247
v -0.015424 -0.016604 0.002296
v -0.015367 -0.016724 0.002212
v -0.015700 -0.016154 0.002355
v -0.015424 -0.016604 0.002221
v -0.015551 -0.016371 0.002288
v -0.015217 -0.017235 0.002178
v -0.015201 -0.017366 0.002269
v -0.015278 -0.016977 0.002295
v -0.015248 -0.017106 0.002236
v -0.015187 -0.017503 0.003261
v -0.015184 -0.017495 0.002211
v -0.015190 -0.017884 0.002187
v -0.015781 -0.016049 0.002263
v -0.015703 -0.016144 0.001256
v -0.015563 -0.016371 0.001339
v -0.015483 -0.016473 0.001230
v -0.015278 -0.016965 0.001196
v -0.015169 -0.017616 0.001154
v -0.015236 -0.017229 0.001279
v -0.015233 -0.018201 0.009117
v -0.015302 -0.018457 0.009100
v -0.015522 -0.018943 0.009065
v -0.015668 -0.019164 0.009048
v -0.015645 -0.019148 0.009150
v -0.016018 -0.019547 0.009016
v -0.016222 -0.019710 0.009000
v -0.016446 -0.019853 0.008982
v -0.017193 -0.020130 0.008930
v -0.016363 -0.019875 0.009203
v -0.016685 -0.019972 0.008965
v -0.015188 -0.017908 0.005136
v -0.015445 -0.018794 0.005151
v -0.015292 -0.018425 0.005102
v -0.015505 -0.018914 0.005067
v -0.015648 -0.019137 0.005050
v -0.015911 -0.019423 0.005101
v -0.016195 -0.019691 0.005002
v -0.016535 -0.019897 0.005026
v -0.016903 -0.020055 0.004950
v -0.017289 -0.020144 0.004999
v -0.017453 -0.020168 0.008914
v -0.017712 -0.020177 0.008898
v -0.017963 -0.020216 0.008985
v -0.017971 -0.020160 0.008882
v -0.018231 -0.020116 0.008865
v -0.018487 -0.020043 0.008848
v -0.018970 -0.019818 0.008813
v -0.019189 -0.019669 0.008796
v -0.019492 -0.019454 0.008871
v -0.019388 -0.019501 0.008780
v -0.019567 -0.019315 0.008764
v -0.019728 -0.019108 0.008748
v -0.019984 -0.018642 0.008713
v -0.020136 -0.018132 0.008678
v -0.020074 -0.018391 0.008696
v -0.020170 -0.017872 0.008662
v -0.017808 -0.020171 0.004942
v -0.017938 -0.020164 0.004884
v -0.017549 -0.020171 0.004958
v -0.019710 -0.019127 0.005824
v -0.019461 -0.019429 0.005874
v -0.019463 -0.019428 0.005774
v -0.020169 -0.017888 0.006663
v -0.018326 -0.020088 0.004909
v -0.018197 -0.020123 0.004967
v -0.015332 -0.018544 0.004094
v -0.015569 -0.019021 0.004059
v -0.015503 -0.018904 0.004143
v -0.015203 -0.018030 0.004128
v -0.015722 -0.019235 0.004042
v -0.015808 -0.019332 0.004109
v -0.016085 -0.019605 0.004010
v -0.015293 -0.018416 0.004178
v -0.015205 -0.018021 0.003179
v -0.015356 -0.018597 0.003140
v -0.015287 -0.018409 0.003103
v -0.015438 -0.018780 0.003077
v -0.015891 -0.019422 0.003102
v -0.015981 -0.019514 0.003019
v -0.015567 -0.019012 0.003110
v -0.016896 -0.020049 0.003950
v -0.016411 -0.019829 0.004035
v -0.017411 -0.020146 0.004017
v -0.017282 -0.020146 0.003925
v -0.017930 -0.020162 0.003934
v -0.016402 -0.019828 0.003086
v -0.016825 -0.020025 0.003005
v -0.016638 -0.019951 0.002968
v -0.016402 -0.019828 0.002986
v -0.016182 -0.019681 0.003053
v -0.017015 -0.020085 0.002942
v -0.017143 -0.020120 0.002984
v -0.017404 -0.020163 0.002967
v -0.017533 -0.020170 0.002909
v -0.017792 -0.020172 0.002968
v -0.017922 -0.020166 0.002885
v -0.015636 -0.019115 0.002102
v -0.015360 -0.018588 0.002191
v -0.015431 -0.018774 0.002078
v -0.015225 -0.018143 0.002121
v -0.015379 -0.018651 0.002086
v -0.015883 -0.019418 0.002027
v -0.016073 -0.019595 0.002061
v -0.015979 -0.019507 0.002119
v -0.015884 -0.019419 0.002127
v -0.016737 -0.020038 0.000961
v -0.015276 -0.018336 0.002133
v -0.015309 -0.018529 0.001096
v -0.015219 -0.018071 0.001225
v -0.015786 -0.019325 0.001036
v -0.015466 -0.018822 0.001174
v -0.015931 -0.019453 0.001124
v -0.016511 -0.019889 0.001978
v -0.017006 -0.020086 0.001943
v -0.017137 -0.020115 0.002034
v -0.016576 -0.019911 0.002073
v -0.016753 -0.020001 0.001960
v -0.016397 -0.019821 0.001986
v -0.016632 -0.019945 0.001969
v -0.017525 -0.020173 0.001909
v -0.017655 -0.020174 0.002001
v -0.017396 -0.020158 0.001968
v -0.017784 -0.020175 0.001944
v -0.018044 -0.020151 0.001877
v -0.018182 -0.020126 0.002868
v -0.016283 -0.019752 0.001995
v -0.016625 -0.019945 0.001069
v -0.017389 -0.020161 0.001018
v -0.017916 -0.020175 0.000885
v -0.017907 -0.020167 0.000986
v -0.018173 -0.020124 0.001869
v -0.018060 -0.020148 0.003876
v -0.018319 -0.020094 0.003859
v -0.018446 -0.020053 0.003926
v -0.019162 -0.019689 0.004798
v -0.019364 -0.019523 0.004782
v -0.019454 -0.019432 0.004849
v -0.019153 -0.019692 0.003824
v -0.018822 -0.019896 0.004874
v -0.018817 -0.019903 0.003824
v -0.018182 -0.020126 0.002968
v -0.018502 -0.020035 0.002872
v -0.019153 -0.019692 0.003899
v -0.018808 -0.019904 0.002900
v -0.019259 -0.019614 0.003890
v -0.019149 -0.019699 0.002799
v -0.019538 -0.019343 0.003842
v -0.019352 -0.019534 0.002783
v -0.019852 -0.018912 0.004733
v -0.019845 -0.018917 0.003783
v -0.019624 -0.019246 0.003758
v -0.020130 -0.018165 0.004681
v -0.020017 -0.018548 0.004757
v -0.019571 -0.019295 0.002863
v -0.019904 -0.018807 0.002800
v -0.019771 -0.019037 0.002742
v -0.019964 -0.018680 0.003816
v -0.020018 -0.018557 0.003757
v -0.020098 -0.018303 0.003740
v -0.020151 -0.018044 0.003723
v -0.020163 -0.017914 0.003765
v -0.020124 -0.018173 0.003781
v -0.019535 -0.019352 0.002767
v -0.019780 -0.019024 0.004791
v -0.018557 -0.020018 0.001843
v -0.019025 -0.019767 0.001908
v -0.019033 -0.019779 0.001808
v -0.018680 -0.019964 0.001884
v -0.018680 -0.019964 0.001834
v -0.019149 -0.019699 0.002899
v -0.019246 -0.019624 0.001791
v -0.019440 -0.019451 0.001825
v -0.019614 -0.019259 0.001809
v -0.019617 -0.019250 0.002759
v -0.018421 -0.020050 0.000952
v -0.018807 -0.019928 0.000826
v -0.019532 -0.019368 0.000766
v -0.019239 -0.019626 0.000892
v -0.018174 -0.020124 0.001944
v -0.020059 -0.018439 0.002699
v -0.019770 -0.019046 0.001843
v -0.019770 -0.019047 0.001743
v -0.019903 -0.018816 0.001776
v -0.020053 -0.018445 0.001749
v -0.020012 -0.018572 0.001808
v -0.020110 -0.018246 0.002761
v -0.020166 -0.017921 0.002715
v -0.020094 -0.018319 0.001691
v -0.020178 -0.017678 0.002700
v -0.020162 -0.017929 0.001716
v -0.020093 -0.018310 0.002690
v -0.019958 -0.018724 0.000718
v -0.019763 -0.019050 0.000843
v -0.020170 -0.017977 0.000699
v -0.020089 -0.018324 0.000791
v -0.020171 -0.017807 0.000758
v -0.018455 -0.020054 0.004850
v -0.020164 -0.017418 0.000734
v -0.020144 -0.018066 0.000774
v -0.020134 -0.018131 0.000778
v -0.020161 -0.017387 0.004632
v -0.020169 -0.017518 0.004740
v -0.020097 -0.017123 0.005715
v -0.020102 -0.018286 0.005689
v -0.020102 -0.018288 0.005789
v -0.019970 -0.018666 0.005815
v -0.019272 -0.019603 0.005789
v -0.019270 -0.019605 0.005890
v -0.019059 -0.019761 0.005906
v -0.018708 -0.019951 0.005932
v -0.018204 -0.020118 0.005967
v -0.017814 -0.020174 0.005992
v -0.017426 -0.020162 0.006016
v -0.016910 -0.020053 0.006049
v -0.016424 -0.019836 0.006084
v -0.016096 -0.019614 0.006110
v -0.015818 -0.019343 0.006133
v -0.015577 -0.019033 0.006158
v -0.015391 -0.018680 0.006184
v -0.015231 -0.018173 0.006219
v -0.015181 -0.017655 0.006251
v -0.015241 -0.017136 0.006284
v -0.015411 -0.016632 0.006319
v -0.015682 -0.016178 0.006353
v -0.016035 -0.015798 0.006385
v -0.016349 -0.015560 0.006410
v -0.016705 -0.015379 0.006436
v -0.017212 -0.015225 0.006471
v -0.017731 -0.015182 0.006503
v -0.018121 -0.015217 0.006528
v -0.018505 -0.015322 0.006554
v -0.018985 -0.015551 0.006588
v -0.019400 -0.015870 0.006621
v -0.019662 -0.016157 0.006645
v -0.019875 -0.016493 0.006671
v -0.020076 -0.016985 0.006706
v -0.020147 -0.017305 0.006627
v -0.020150 -0.018021 0.006771
v -0.020022 -0.018535 0.006806
v -0.019788 -0.019012 0.006840
v -0.019464 -0.019422 0.006873
v -0.019173 -0.019681 0.006897
v -0.018835 -0.019890 0.006923
v -0.018340 -0.020085 0.006958
v -0.017822 -0.020170 0.006991
v -0.017303 -0.020146 0.007023
v -0.016916 -0.020059 0.007049
v -0.016547 -0.019904 0.007075
v -0.016105 -0.019616 0.007109
v -0.015821 -0.019351 0.007133
v -0.015584 -0.019037 0.007158
v -0.015344 -0.018563 0.007192
v -0.015209 -0.018051 0.007227
v -0.015185 -0.017532 0.007259
v -0.015236 -0.017143 0.007284
v -0.015355 -0.016762 0.007310
v -0.015601 -0.016291 0.007344
v -0.015934 -0.015890 0.007377
v -0.016345 -0.015567 0.007410
v -0.016822 -0.015333 0.007444
v -0.017335 -0.015205 0.007479
v -0.017724 -0.015178 0.007503
v -0.018113 -0.015219 0.007527
v -0.018623 -0.015367 0.007562
v -0.019090 -0.015619 0.007596
v -0.019486 -0.015956 0.007629
v -0.019735 -0.016258 0.007653
v -0.019932 -0.016605 0.007679
v -0.020108 -0.017106 0.007714
v -0.020162 -0.017427 0.007634
v -0.020166 -0.017865 0.007762
v -0.020106 -0.018274 0.007788
v -0.019976 -0.018652 0.007814
v -0.019719 -0.019115 0.007848
v -0.019377 -0.019507 0.007881
v -0.019072 -0.019753 0.007905
v -0.018722 -0.019945 0.007931
v -0.018219 -0.020115 0.007966
v -0.017700 -0.020174 0.007999
v -0.017181 -0.020124 0.008031
v -0.016675 -0.019964 0.008066
v -0.016215 -0.019701 0.008100
v -0.015828 -0.019354 0.008133
v -0.015585 -0.019046 0.008157
v -0.015397 -0.018694 0.008183
v -0.015234 -0.018188 0.008218
v -0.015181 -0.017669 0.008251
v -0.015237 -0.017150 0.008283
v -0.015403 -0.016648 0.008268
v -0.015327 -0.016835 0.008205
v -0.015595 -0.016295 0.008344
v -0.015838 -0.015990 0.008318
v -0.016021 -0.015810 0.008284
v -0.016336 -0.015568 0.008409
v -0.016216 -0.015649 0.009300
v -0.016012 -0.015813 0.009284
v -0.015897 -0.015927 0.009274
v -0.015518 -0.016419 0.009234
v -0.015590 -0.016308 0.009243
v -0.015178 -0.017681 0.009150
v -0.015192 -0.017941 0.009134
v -0.020120 -0.018197 0.008683
v -0.020162 -0.017937 0.008666
v -0.019480 -0.015945 0.008528
v -0.018361 -0.015273 0.008444
v -0.017583 -0.015179 0.008394
v -0.016333 -0.015570 0.008309
v -0.016172 -0.015685 0.008296
v -0.015972 -0.015853 0.008280
v -0.015793 -0.016040 0.008264
v -0.015491 -0.016471 0.008231
v -0.015375 -0.016711 0.008213
v -0.015348 -0.016771 0.008209
v -0.015264 -0.017025 0.008192
v -0.015209 -0.017284 0.008175
v -0.015181 -0.017544 0.008158
v -0.015181 -0.017802 0.008142
v -0.015207 -0.018063 0.008126
v -0.015262 -0.018322 0.008109
v -0.015344 -0.018575 0.008092
v -0.015453 -0.018819 0.008074
v -0.015587 -0.019049 0.008057
v -0.015743 -0.019261 0.008040
v -0.015917 -0.019453 0.008024
v -0.016111 -0.019626 0.008008
v -0.016325 -0.019780 0.007992
v -0.016556 -0.019912 0.007974
v -0.016801 -0.020019 0.007957
v -0.017055 -0.020099 0.007940
v -0.017314 -0.020151 0.007923
v -0.017574 -0.020176 0.007906
v -0.017833 -0.020173 0.007891
v -0.018093 -0.020143 0.007874
v -0.018352 -0.020085 0.007857
v -0.018604 -0.020000 0.007840
v -0.018847 -0.019887 0.007822
v -0.019075 -0.019751 0.007805
v -0.019285 -0.019593 0.007788
v -0.019474 -0.019416 0.007773
v -0.019645 -0.019220 0.007756
v -0.019797 -0.019004 0.007740
v -0.019926 -0.018771 0.007722
v -0.020030 -0.018525 0.007705
v -0.020106 -0.018270 0.007688
v -0.020155 -0.018010 0.007671
v -0.020174 -0.017603 0.007645
v -0.020138 -0.017232 0.007622
v -0.020076 -0.016974 0.007605
v -0.019988 -0.016722 0.007588
v -0.019873 -0.016481 0.007570
v -0.019733 -0.016255 0.007553
v -0.019573 -0.016047 0.007536
v -0.019394 -0.015860 0.007521
v -0.019196 -0.015691 0.007504
v -0.018978 -0.015542 0.007488
v -0.018743 -0.015416 0.007470
v -0.018496 -0.015315 0.007453
v -0.018240 -0.015242 0.007436
v -0.017980 -0.015196 0.007419
v -0.017720 -0.015178 0.007403
v -0.017462 -0.015187 0.007387
v -0.017201 -0.015223 0.007370
v -0.016944 -0.015288 0.007353
v -0.016693 -0.015380 0.007336
v -0.016454 -0.015498 0.007318
v -0.016230 -0.015640 0.007301
v -0.016024 -0.015802 0.007285
v -0.015840 -0.015983 0.007269
v -0.015673 -0.016184 0.007253
v -0.015526 -0.016404 0.007236
v -0.015403 -0.016641 0.007218
v -0.015305 -0.016889 0.007201
v -0.015235 -0.017146 0.007184
v -0.015192 -0.017406 0.007167
v -0.015178 -0.017665 0.007151
v -0.015190 -0.017924 0.007135
v -0.015230 -0.018184 0.007118
v -0.015297 -0.018441 0.007101
v -0.015392 -0.018691 0.007083
v -0.015513 -0.018929 0.007066
v -0.015658 -0.019151 0.007049
v -0.015823 -0.019354 0.007033
v -0.016005 -0.019536 0.007017
v -0.016209 -0.019701 0.007001
v -0.016431 -0.019845 0.006984
v -0.016669 -0.019965 0.006966
v -0.016919 -0.020060 0.006949
v -0.017176 -0.020127 0.006932
v -0.017436 -0.020166 0.006915
v -0.017695 -0.020178 0.006899
v -0.017955 -0.020162 0.006883
v -0.018215 -0.020119 0.006866
v -0.018471 -0.020048 0.006849
v -0.018720 -0.019950 0.006831
v -0.018956 -0.019826 0.006814
v -0.019175 -0.019679 0.006797
v -0.019376 -0.019512 0.006781
v -0.019556 -0.019327 0.006765
v -0.019719 -0.019121 0.006749
v -0.019860 -0.018897 0.006732
v -0.019978 -0.018657 0.006714
v -0.020069 -0.018407 0.006697
v -0.020133 -0.018149 0.006680
v -0.020168 -0.017500 0.006639
v -0.020112 -0.017110 0.006614
v -0.020038 -0.016855 0.006597
v -0.019937 -0.016607 0.006579
v -0.019810 -0.016373 0.006562
v -0.019661 -0.016155 0.006545
v -0.019491 -0.015957 0.006529
v -0.019304 -0.015779 0.006513
v -0.019096 -0.015619 0.006497
v -0.018870 -0.015480 0.006480
v -0.018629 -0.015366 0.006462
v -0.018377 -0.015277 0.006445
v -0.018118 -0.015217 0.006428
v -0.017858 -0.015184 0.006411
v -0.017600 -0.015179 0.006395
v -0.017340 -0.015201 0.006379
v -0.017080 -0.015250 0.006362
v -0.016825 -0.015328 0.006345
v -0.016579 -0.015432 0.006327
v -0.016347 -0.015561 0.006310
v -0.016131 -0.015714 0.006293
v -0.015935 -0.015885 0.006277
v -0.015759 -0.016075 0.006261
v -0.015602 -0.016285 0.006245
v -0.015465 -0.016513 0.006227
v -0.015354 -0.016756 0.006210
v -0.015269 -0.017009 0.006193
v -0.015212 -0.017267 0.006176
v -0.015182 -0.017528 0.006159
v -0.015180 -0.017786 0.006143
v -0.015205 -0.018046 0.006127
v -0.015258 -0.018305 0.006110
v -0.015338 -0.018560 0.006093
v -0.015446 -0.018804 0.006075
v -0.015578 -0.019035 0.006058
v -0.015733 -0.019248 0.006041
v -0.015906 -0.019441 0.006025
v -0.016098 -0.019616 0.006009
v -0.016311 -0.019771 0.005993
v -0.016541 -0.019904 0.005975
v -0.016785 -0.020013 0.005958
v -0.017039 -0.020095 0.005941
v -0.017298 -0.020149 0.005924
v -0.017558 -0.020175 0.005907
v -0.017816 -0.020174 0.005892
v -0.018077 -0.020146 0.005875
v -0.018336 -0.020090 0.005858
v -0.018710 -0.019951 0.005832
v -0.019061 -0.019760 0.005806
v -0.019788 -0.019018 0.005741
v -0.019918 -0.018787 0.005723
v -0.020024 -0.018541 0.005706
v -0.016375 -0.015536 0.009307
v -0.016541 -0.015436 0.009313
v -0.016893 -0.015276 0.009326
v -0.016713 -0.015350 0.009320
v -0.017078 -0.015217 0.009333
v -0.017357 -0.015154 0.009342
v -0.017759 -0.015122 0.009355
v -0.018136 -0.015150 0.009368
v -0.018421 -0.015210 0.009377
v -0.018607 -0.015267 0.009383
v -0.018957 -0.015414 0.009396
v -0.019291 -0.015628 0.009409
v -0.019730 -0.016013 0.009447
v -0.020142 -0.016649 0.009451
v -0.020373 -0.017972 0.009498
v -0.019846 -0.016365 0.000679
v -0.018992 -0.015436 0.000641
v -0.017240 -0.015012 0.000544
v -0.016804 -0.015186 0.000566
v -0.020196 -0.018331 0.000599
v -0.015784 -0.015781 0.000522
v -0.013693 -0.017122 0.000695
v -0.013680 -0.017446 0.009300
v -0.014471 -0.015282 0.009302
v -0.014073 -0.015934 0.009300
v -0.013802 -0.016671 0.009300
v -0.015266 -0.014462 0.000696
v -0.014994 -0.014703 0.009299
v -0.016348 -0.013900 0.009302
v -0.017877 -0.013621 0.000699
v -0.015776 -0.014241 0.009454
v -0.017678 -0.013678 0.009300
v -0.018839 -0.013850 0.009300
v -0.019759 -0.014277 0.000609
v -0.019399 -0.014060 0.009299
v -0.020894 -0.015346 0.000587
v -0.020574 -0.014998 0.009450
v -0.021588 -0.016715 0.000704
v -0.021442 -0.016500 0.009439
v -0.021637 -0.017090 0.009300
v -0.021101 -0.015677 0.009405
v -0.017090 -0.013718 0.009300
v -0.020062 -0.014463 0.009300
v -0.013697 -0.018070 0.009300
v -0.021679 -0.017865 0.009299
v -0.021566 -0.018642 0.000701
v -0.021437 -0.018813 0.009463
v -0.021111 -0.019776 0.000695
v -0.021239 -0.019525 0.009300
v -0.020029 -0.020942 0.000700
v -0.020181 -0.020727 0.009427
v -0.018654 -0.021577 0.000700
v -0.019046 -0.021441 0.009302
v -0.020683 -0.020224 0.009434
v -0.016865 -0.021586 0.000559
v -0.017268 -0.021669 0.009301
v -0.015575 -0.021108 0.000703
v -0.015997 -0.021312 0.009300
v -0.015309 -0.020906 0.009302
v -0.013990 -0.019447 0.000688
v -0.014586 -0.020215 0.009300
v -0.014150 -0.019563 0.009300
v -0.014352 -0.019900 0.009300
v -0.013911 -0.019038 0.009300
v -0.013870 -0.018577 0.009467
v -0.014849 -0.020506 0.009300
v -0.018265 -0.021640 0.009297
v -0.019697 -0.021047 0.009438
v -0.016517 -0.021505 0.009300
v -0.020516 -0.016640 0.002144
v -0.020437 -0.018866 0.001265
v -0.016854 -0.014754 0.001905
v -0.014860 -0.018742 0.001643
v -0.020538 -0.018599 0.002249
v -0.018968 -0.020399 0.001379
v -0.014798 -0.018537 0.002654
v -0.016912 -0.014777 0.002909
v -0.020455 -0.016513 0.003137
v -0.015290 -0.015861 0.002804
v -0.015104 -0.016136 0.002786
v -0.019435 -0.015246 0.003050
v -0.016442 -0.014939 0.002882
v -0.020325 -0.019090 0.003278
v -0.016335 -0.020374 0.003524
v -0.016468 -0.014928 0.003884
v -0.020683 -0.017350 0.004182
v -0.018273 -0.020631 0.003418
v -0.018550 -0.020560 0.004404
v -0.016299 -0.020342 0.004526
v -0.014779 -0.018470 0.004658
v -0.018923 -0.014948 0.005018
v -0.019187 -0.015085 0.004034
v -0.014850 -0.018826 0.003639
v -0.020525 -0.018636 0.003251
v -0.020393 -0.016392 0.004129
v -0.016948 -0.014768 0.003911
v -0.016978 -0.014747 0.004912
v -0.020149 -0.019398 0.004297
v -0.017247 -0.020682 0.004472
v -0.015098 -0.019232 0.004613
v -0.015232 -0.015933 0.004799
v -0.014782 -0.016811 0.004746
v -0.019354 -0.015185 0.005045
v -0.018610 -0.014826 0.005000
v -0.015560 -0.019851 0.001573
v -0.017331 -0.020731 0.001464
v -0.014655 -0.017601 0.001706
v -0.015971 -0.015211 0.001853
v -0.018512 -0.014759 0.001994
v -0.020261 -0.019212 0.002286
v -0.019519 -0.020091 0.002346
v -0.016815 -0.020575 0.002495
v -0.014814 -0.016745 0.002750
v -0.014985 -0.019001 0.002627
v -0.018144 -0.020665 0.002428
v -0.014700 -0.018045 0.002681
v -0.020012 -0.015787 0.002091
v -0.014676 -0.017553 0.002706
v -0.018630 -0.014828 0.001001
v -0.019914 -0.019712 0.001319
v -0.019235 -0.015109 0.001037
v -0.017145 -0.014649 0.000924
v -0.015123 -0.016009 0.001793
v -0.015803 -0.020034 0.002558
v -0.015244 -0.019439 0.002600
v -0.020686 -0.017776 0.002205
v -0.020000 -0.015743 0.001088
v -0.019537 -0.015317 0.002057
v -0.020735 -0.017395 0.001183
v -0.015725 -0.015383 0.002839
v -0.018861 -0.014906 0.003013
v -0.018742 -0.014868 0.004007
v -0.020668 -0.017977 0.003215
v -0.020661 -0.017320 0.003182
v -0.019064 -0.020343 0.003373
v -0.015035 -0.016247 0.003779
v -0.017719 -0.014656 0.002952
v -0.017973 -0.014681 0.004965
v -0.020573 -0.018508 0.004244
v -0.015868 -0.020076 0.004554
v -0.020642 -0.017082 0.005168
v -0.020174 -0.015991 0.005106
v -0.020030 -0.015809 0.003093
v -0.017277 -0.020663 0.003471
v -0.019964 -0.019638 0.003313
v -0.014781 -0.016878 0.003742
v -0.019690 -0.015453 0.003067
v -0.019474 -0.020080 0.003347
v -0.015535 -0.019778 0.003577
v -0.014677 -0.017525 0.003708
v -0.015775 -0.019997 0.003560
v -0.015636 -0.015450 0.003832
v -0.017762 -0.014655 0.003956
v -0.014692 -0.017973 0.004685
v -0.015510 -0.019752 0.004578
v -0.016196 -0.015064 0.004867
v -0.019455 -0.020110 0.004350
v -0.019845 -0.015572 0.004077
v -0.019743 -0.015502 0.005071
v -0.015665 -0.015447 0.004833
v -0.014678 -0.017648 0.004702
v -0.014904 -0.016478 0.005765
v -0.020557 -0.018707 0.005254
v -0.014794 -0.018546 0.006654
v -0.015074 -0.016138 0.006784
v -0.019424 -0.020160 0.005352
v -0.016857 -0.014769 0.005907
v -0.018597 -0.020538 0.007401
v -0.015641 -0.019979 0.006568
v -0.016733 -0.014830 0.006899
v -0.019293 -0.015136 0.007041
v -0.020265 -0.019219 0.007286
v -0.014745 -0.018331 0.008666
v -0.017745 -0.014666 0.007953
v -0.016152 -0.015013 0.008867
v -0.020461 -0.018856 0.009264
v -0.019313 -0.015163 0.008042
v -0.016019 -0.020182 0.008544
v -0.018250 -0.020627 0.008420
v -0.020605 -0.017020 0.008165
v -0.018875 -0.014922 0.008015
v -0.017092 -0.014735 0.007919
v -0.020513 -0.016698 0.008147
v -0.020232 -0.019251 0.008288
v -0.018727 -0.020488 0.008393
v -0.018392 -0.020604 0.009413
v -0.019402 -0.015630 0.008854
v -0.019803 -0.019795 0.009325
v -0.020020 -0.019552 0.009308
v -0.018596 -0.014923 0.008953
v -0.016769 -0.014819 0.007901
v -0.015383 -0.019721 0.007581
v -0.018000 -0.020684 0.006432
v -0.015985 -0.015174 0.006855
v -0.020501 -0.016663 0.007145
v -0.020579 -0.018456 0.007241
v -0.016662 -0.020505 0.007505
v -0.019828 -0.019899 0.006328
v -0.017699 -0.020731 0.005451
v -0.018328 -0.014713 0.005984
v -0.015679 -0.020008 0.005563
v -0.020166 -0.015836 0.006095
v -0.015685 -0.015404 0.005836
v -0.020702 -0.017939 0.006215
v -0.014656 -0.018119 0.005675
v -0.020692 -0.017464 0.007188
v -0.019497 -0.020093 0.007348
v -0.014668 -0.017409 0.006714
v -0.020131 -0.015913 0.007100
v -0.017627 -0.020699 0.007453
v -0.017884 -0.014631 0.006963
v -0.017007 -0.020606 0.006485
v -0.016148 -0.015083 0.007865
v -0.020386 -0.016388 0.008129
v -0.015638 -0.019878 0.008569
v -0.019034 -0.020353 0.008375
v -0.020391 -0.018956 0.008270
v -0.016625 -0.020493 0.008507
v -0.014712 -0.018202 0.007673
v -0.015197 -0.015969 0.007797
v -0.019580 -0.015358 0.008060
v -0.019941 -0.019654 0.008314
v -0.014894 -0.018797 0.008639
v -0.014722 -0.017039 0.007734
v -0.015037 -0.016229 0.008780
v -0.020267 -0.016141 0.009114
v -0.020339 -0.017220 0.009037
v -0.017720 -0.020677 0.009448
v -0.014794 -0.016852 0.008744
v -0.015630 -0.015485 0.007830
v -0.020139 -0.015954 0.008103
v -0.020693 -0.018011 0.008217
v -0.018396 -0.014765 0.007988
v -0.019820 -0.015578 0.008077
v -0.017438 -0.020680 0.008462
v -0.019453 -0.020101 0.008349
v -0.015200 -0.019390 0.008603
v -0.014720 -0.017177 0.008726
v -0.018102 -0.014670 0.008974
v -0.017220 -0.020647 0.009474
v -0.020677 -0.017868 0.009210
v -0.014673 -0.017663 0.008700
v -0.015879 -0.020091 0.000530
v -0.015019 -0.019068 0.000623
v -0.015365 -0.019591 0.000540
v -0.014719 -0.018292 0.000668
v -0.015288 -0.015777 0.000806
v -0.014713 -0.017144 0.000727
v 0.018580 -0.014979 0.000500
v 0.019473 -0.014318 0.000500
v 0.019676 -0.015518 0.000500
v 0.020340 -0.014949 0.000500
v 0.017359 -0.014905 0.000500
v 0.018291 -0.013905 0.000500
v 0.021042 -0.015879 0.000500
v 0.020680 -0.016443 0.000449
v 0.021499 -0.017490 0.000500
v 0.016980 -0.013930 0.000500
v 0.016430 -0.015285 0.000501
v 0.016039 -0.014114 0.000540
v 0.015918 -0.015630 0.000500
v 0.015202 -0.015122 0.000390
v 0.015072 -0.016810 0.000501
v 0.014153 -0.016218 0.000500
v 0.013951 -0.016936 0.000500
v 0.013876 -0.017491 0.000500
v 0.015053 -0.018432 0.000500
v 0.020765 -0.018961 0.000377
v 0.020752 -0.019173 0.000350
v 0.020615 -0.020088 0.000500
v 0.019544 -0.020174 0.000381
v 0.020365 -0.020365 0.000500
v 0.018713 -0.020688 0.000339
v 0.019605 -0.020957 0.000500
v 0.018214 -0.020330 0.000500
v 0.017579 -0.020373 0.000500
v 0.014326 -0.019469 0.000500
v 0.014041 -0.018781 0.000500
v 0.014167 -0.019132 0.000500
v 0.014603 -0.019917 0.000500
v 0.015812 -0.019673 0.000500
v 0.013920 -0.018269 0.000500
v 0.016223 -0.021188 0.000500
v 0.017594 -0.020923 0.000339
v 0.015099 -0.020474 0.000500
v 0.015567 -0.020837 0.000500
v 0.015886 -0.021029 0.000500
v 0.019310 -0.014226 0.009500
v 0.019649 -0.015537 0.009500
v 0.020182 -0.015209 0.009634
v 0.019044 -0.015136 0.009500
v 0.017618 -0.013767 0.009467
v 0.016479 -0.013957 0.009470
v 0.020871 -0.016305 0.009615
v 0.020252 -0.016210 0.009500
v 0.020529 -0.016745 0.009500
v 0.020631 -0.017472 0.009500
v 0.020591 -0.017042 0.009500
v 0.017817 -0.014872 0.009500
v 0.016721 -0.015133 0.009500
v 0.015268 -0.014647 0.009501
v 0.016110 -0.015480 0.009500
v 0.015887 -0.015864 0.009414
v 0.015578 -0.015980 0.009500
v 0.014775 -0.015693 0.009676
v 0.015303 -0.016378 0.009500
v 0.020548 -0.018228 0.009500
v 0.021524 -0.017299 0.009501
v 0.020253 -0.018939 0.009500
v 0.021137 -0.019314 0.009500
v 0.019686 -0.019667 0.009500
v 0.018918 -0.020136 0.009500
v 0.020317 -0.020588 0.009476
v 0.018328 -0.020311 0.009500
v 0.017750 -0.021121 0.009650
v 0.017464 -0.020369 0.009500
v 0.015264 -0.018971 0.009500
v 0.014963 -0.017701 0.009500
v 0.014810 -0.020205 0.009500
v 0.016861 -0.020267 0.009500
v 0.016581 -0.021428 0.009459
v 0.015315 -0.020821 0.009451
v 0.016262 -0.019953 0.009479
v 0.018345 -0.020201 0.008952
v 0.017614 -0.020177 0.008646
v 0.017232 -0.020141 0.008722
v 0.017094 -0.020109 0.008613
v 0.016592 -0.019930 0.008578
v 0.016724 -0.020218 0.009056
v 0.016251 -0.019726 0.008553
v 0.017631 -0.020176 0.007647
v 0.017714 -0.020177 0.007652
v 0.015693 -0.019204 0.008605
v 0.015768 -0.019292 0.008512
v 0.015610 -0.019082 0.008496
v 0.015472 -0.018855 0.008478
v 0.016154 -0.019671 0.008647
v 0.015945 -0.019480 0.008528
v 0.015273 -0.018361 0.008444
v 0.015359 -0.018637 0.008562
v 0.015183 -0.017842 0.008410
v 0.015214 -0.018102 0.008427
v 0.015359 -0.018613 0.008461
v 0.015176 -0.017865 0.008511
v 0.015179 -0.017583 0.008394
v 0.017666 -0.020178 0.006699
v 0.017891 -0.020169 0.006763
v 0.017616 -0.020174 0.005684
v 0.016865 -0.020038 0.005697
v 0.017119 -0.020111 0.005615
v 0.017534 -0.020170 0.006691
v 0.017500 -0.020168 0.006639
v 0.017897 -0.020165 0.005664
v 0.016496 -0.019881 0.005571
v 0.016384 -0.019813 0.005638
v 0.016737 -0.019994 0.005589
v 0.016061 -0.019585 0.005638
v 0.015966 -0.019495 0.005530
v 0.015627 -0.019101 0.005547
v 0.015423 -0.018758 0.005471
v 0.015373 -0.018637 0.005563
v 0.015551 -0.018992 0.005489
v 0.015788 -0.019309 0.005614
v 0.015246 -0.018256 0.005437
v 0.015222 -0.018128 0.005503
v 0.015178 -0.017738 0.005504
v 0.015178 -0.017737 0.005404
v 0.015269 -0.016946 0.008453
v 0.015203 -0.017323 0.008378
v 0.015254 -0.017064 0.008361
v 0.015333 -0.016809 0.008344
v 0.015439 -0.016564 0.008326
v 0.015995 -0.015829 0.009268
v 0.015809 -0.016022 0.008334
v 0.016197 -0.015663 0.009251
v 0.016354 -0.015552 0.009298
v 0.016656 -0.015396 0.009217
v 0.016905 -0.015300 0.009200
v 0.017422 -0.015191 0.009166
v 0.016935 -0.015283 0.009298
v 0.017681 -0.015178 0.009150
v 0.015944 -0.015880 0.008272
v 0.015251 -0.017090 0.005413
v 0.015373 -0.016709 0.005337
v 0.015431 -0.016590 0.005428
v 0.015283 -0.016960 0.005354
v 0.015203 -0.017349 0.005455
v 0.015630 -0.016243 0.005302
v 0.015629 -0.016245 0.005402
v 0.015880 -0.015945 0.005353
v 0.016070 -0.015767 0.005312
v 0.016299 -0.015592 0.008244
v 0.016524 -0.015460 0.008327
v 0.016589 -0.015430 0.008222
v 0.016171 -0.015683 0.005254
v 0.016507 -0.015473 0.005278
v 0.016388 -0.015536 0.005337
v 0.016748 -0.015361 0.005261
v 0.017001 -0.015275 0.005243
v 0.017389 -0.015194 0.005168
v 0.017582 -0.015189 0.005256
v 0.017129 -0.015239 0.005185
v 0.017654 -0.020178 0.004699
v 0.016747 -0.019994 0.004639
v 0.017388 -0.020161 0.004732
v 0.015970 -0.019503 0.004630
v 0.015880 -0.019410 0.004572
v 0.016387 -0.019819 0.004563
v 0.016279 -0.019745 0.004630
v 0.016623 -0.019944 0.004580
v 0.017525 -0.020173 0.003691
v 0.017601 -0.020175 0.003645
v 0.017395 -0.020158 0.003732
v 0.017265 -0.020143 0.003674
v 0.017468 -0.020166 0.002700
v 0.017006 -0.020086 0.003657
v 0.016753 -0.020000 0.003640
v 0.016880 -0.020043 0.003598
v 0.016397 -0.019821 0.003639
v 0.016283 -0.019752 0.003555
v 0.016632 -0.019945 0.003681
v 0.017757 -0.020176 0.003705
v 0.015790 -0.019317 0.004514
v 0.015430 -0.018765 0.004522
v 0.015629 -0.019110 0.004548
v 0.015220 -0.018136 0.004529
v 0.015218 -0.018070 0.004475
v 0.015185 -0.017874 0.004412
v 0.015282 -0.018394 0.004546
v 0.016073 -0.019594 0.003589
v 0.015797 -0.019320 0.003540
v 0.015978 -0.019506 0.003531
v 0.015798 -0.019320 0.003615
v 0.015560 -0.019006 0.003540
v 0.015712 -0.019222 0.003607
v 0.015495 -0.018890 0.003581
v 0.015431 -0.018774 0.003522
v 0.015379 -0.018651 0.003564
v 0.015225 -0.018143 0.003479
v 0.015288 -0.018400 0.003471
v 0.015288 -0.018400 0.003546
v 0.016999 -0.020080 0.004682
v 0.017143 -0.020120 0.002616
v 0.017541 -0.020174 0.001692
v 0.017281 -0.020146 0.001675
v 0.017183 -0.020125 0.001669
v 0.017152 -0.020118 0.001617
v 0.017274 -0.020151 0.000701
v 0.017022 -0.020090 0.001608
v 0.017015 -0.020085 0.002608
v 0.016950 -0.020067 0.002653
v 0.016520 -0.019889 0.002598
v 0.016894 -0.020048 0.001699
v 0.016769 -0.020007 0.001591
v 0.017756 -0.020163 0.001712
v 0.017612 -0.020168 0.000746
v 0.017678 -0.020178 0.000700
v 0.016901 -0.020054 0.000700
v 0.016524 -0.019896 0.001673
v 0.016291 -0.019754 0.002656
v 0.016182 -0.019681 0.002547
v 0.015846 -0.019375 0.002569
v 0.015567 -0.019011 0.002490
v 0.015379 -0.018659 0.002514
v 0.015287 -0.018409 0.002447
v 0.015255 -0.018280 0.002438
v 0.015205 -0.018021 0.002421
v 0.015221 -0.018085 0.002501
v 0.015187 -0.017891 0.002413
v 0.015496 -0.018899 0.002532
v 0.015712 -0.019237 0.001508
v 0.016200 -0.019672 0.001623
v 0.015721 -0.019234 0.001608
v 0.016188 -0.019690 0.001548
v 0.015332 -0.018542 0.001556
v 0.015228 -0.018158 0.001530
v 0.015272 -0.018421 0.001448
v 0.015503 -0.018903 0.001582
v 0.015182 -0.017761 0.002505
v 0.015638 -0.019123 0.002549
v 0.015424 -0.016595 0.004429
v 0.015246 -0.017096 0.004363
v 0.015284 -0.016969 0.004430
v 0.015788 -0.016046 0.004336
v 0.015873 -0.015947 0.004278
v 0.015552 -0.016362 0.004411
v 0.015596 -0.016311 0.004357
v 0.015179 -0.017753 0.003405
v 0.015190 -0.017883 0.003513
v 0.015184 -0.017495 0.003489
v 0.015184 -0.017495 0.003389
v 0.015278 -0.016976 0.003405
v 0.015217 -0.017234 0.003422
v 0.015248 -0.017105 0.003464
v 0.015322 -0.016850 0.003446
v 0.015367 -0.016724 0.003388
v 0.015424 -0.016604 0.003429
v 0.015701 -0.016153 0.003370
v 0.015781 -0.016049 0.003287
v 0.015481 -0.016483 0.003370
v 0.015551 -0.016370 0.003412
v 0.015959 -0.015862 0.003321
v 0.016498 -0.015474 0.004329
v 0.016498 -0.015473 0.004229
v 0.016166 -0.015691 0.004304
v 0.016740 -0.015360 0.004211
v 0.016865 -0.015317 0.004303
v 0.017251 -0.015214 0.004177
v 0.017445 -0.015198 0.004265
v 0.017899 -0.015191 0.004186
v 0.016157 -0.015693 0.003355
v 0.016266 -0.015618 0.003271
v 0.016610 -0.015417 0.003220
v 0.016610 -0.015417 0.003320
v 0.016857 -0.015316 0.003253
v 0.017113 -0.015242 0.003186
v 0.017373 -0.015196 0.003219
v 0.017113 -0.015242 0.003286
v 0.017633 -0.015178 0.003203
v 0.016734 -0.015367 0.003212
v 0.015188 -0.017487 0.004438
v 0.015196 -0.017372 0.002431
v 0.015417 -0.016610 0.002330
v 0.015279 -0.016985 0.002356
v 0.015279 -0.016984 0.002431
v 0.015587 -0.016325 0.002358
v 0.015863 -0.015958 0.002379
v 0.015544 -0.016375 0.002312
v 0.015618 -0.016266 0.002304
v 0.016039 -0.015785 0.001264
v 0.015316 -0.016857 0.002347
v 0.015192 -0.017378 0.001381
v 0.015274 -0.016992 0.001356
v 0.015181 -0.017639 0.001498
v 0.015179 -0.017769 0.001406
v 0.015460 -0.016503 0.001322
v 0.015396 -0.016681 0.001434
v 0.015770 -0.016062 0.001288
v 0.015178 -0.017632 0.002447
v 0.016257 -0.015620 0.002247
v 0.016604 -0.015424 0.002296
v 0.016724 -0.015367 0.002212
v 0.016154 -0.015700 0.002355
v 0.016604 -0.015424 0.002221
v 0.016371 -0.015551 0.002288
v 0.017235 -0.015217 0.002178
v 0.017366 -0.015201 0.002269
v 0.016977 -0.015278 0.002295
v 0.017106 -0.015248 0.002236
v 0.017503 -0.015187 0.003261
v 0.017495 -0.015184 0.002211
v 0.017753 -0.015179 0.002145
v 0.016049 -0.015781 0.002263
v 0.015958 -0.015881 0.001372
v 0.016713 -0.015367 0.001213
v 0.016361 -0.015552 0.001239
v 0.017097 -0.015246 0.001187
v 0.017616 -0.015169 0.001154
v 0.016603 -0.015436 0.001321
v 0.017228 -0.015222 0.001278
v 0.017883 -0.015190 0.002137
v 0.017662 -0.015169 0.009252
v 0.018201 -0.015233 0.009117
v 0.018457 -0.015302 0.009100
v 0.018706 -0.015399 0.009082
v 0.018692 -0.015362 0.009184
v 0.018943 -0.015522 0.009065
v 0.019366 -0.015834 0.009032
v 0.019547 -0.016018 0.009016
v 0.019710 -0.016222 0.009000
v 0.019895 -0.016408 0.009078
v 0.019853 -0.016446 0.008982
v 0.020065 -0.016935 0.008948
v 0.019972 -0.016685 0.008965
v 0.020168 -0.017453 0.008914
v 0.017908 -0.015188 0.005136
v 0.018296 -0.015259 0.005186
v 0.018675 -0.015385 0.005135
v 0.018425 -0.015292 0.005102
v 0.018913 -0.015504 0.005167
v 0.018914 -0.015505 0.005067
v 0.019137 -0.015648 0.005050
v 0.019238 -0.015729 0.005117
v 0.019691 -0.016195 0.005002
v 0.019897 -0.016535 0.005026
v 0.019607 -0.016094 0.005085
v 0.020054 -0.016901 0.005050
v 0.020055 -0.016903 0.004950
v 0.020123 -0.017159 0.004983
v 0.020177 -0.017712 0.008898
v 0.020183 -0.018095 0.008977
v 0.020160 -0.017971 0.008882
v 0.020116 -0.018231 0.008865
v 0.020043 -0.018487 0.008848
v 0.019818 -0.018970 0.008813
v 0.019669 -0.019189 0.008796
v 0.019454 -0.019492 0.008871
v 0.019501 -0.019388 0.008780
v 0.019315 -0.019567 0.008764
v 0.019108 -0.019728 0.008748
v 0.018642 -0.019984 0.008713
v 0.018132 -0.020136 0.008678
v 0.018391 -0.020074 0.008696
v 0.017872 -0.020170 0.008662
v 0.017716 -0.020177 0.007752
v 0.020171 -0.017808 0.004942
v 0.020164 -0.017938 0.004884
v 0.020164 -0.017419 0.005016
v 0.020171 -0.017549 0.004958
v 0.019234 -0.019634 0.005808
v 0.019429 -0.019461 0.005874
v 0.019428 -0.019463 0.005774
v 0.017888 -0.020169 0.006663
v 0.020088 -0.018326 0.004909
v 0.020123 -0.018197 0.004967
v 0.018543 -0.015332 0.004194
v 0.018544 -0.015332 0.004094
v 0.019021 -0.015569 0.004059
v 0.018904 -0.015503 0.004143
v 0.018030 -0.015203 0.004128
v 0.019235 -0.015722 0.004042
v 0.019332 -0.015808 0.004109
v 0.019605 -0.016085 0.004010
v 0.019605 -0.016085 0.004110
v 0.018289 -0.015254 0.004161
v 0.017891 -0.015187 0.003187
v 0.018152 -0.015223 0.003170
v 0.018021 -0.015205 0.003129
v 0.018597 -0.015356 0.003140
v 0.018409 -0.015287 0.003103
v 0.018780 -0.015438 0.003077
v 0.019124 -0.015638 0.003101
v 0.019422 -0.015891 0.003102
v 0.019514 -0.015981 0.003019
v 0.018900 -0.015497 0.003118
v 0.019422 -0.015891 0.003027
v 0.020007 -0.016769 0.004059
v 0.020049 -0.016896 0.003950
v 0.019829 -0.016411 0.004035
v 0.020118 -0.017151 0.004033
v 0.020146 -0.017282 0.003925
v 0.020174 -0.017670 0.004000
v 0.020162 -0.017930 0.003934
v 0.019828 -0.016402 0.003086
v 0.020025 -0.016825 0.003005
v 0.019951 -0.016638 0.002968
v 0.019828 -0.016402 0.002986
v 0.019681 -0.016182 0.003053
v 0.020085 -0.017015 0.002942
v 0.020120 -0.017143 0.002984
v 0.020178 -0.017663 0.002951
v 0.020163 -0.017404 0.002967
v 0.020170 -0.017533 0.002909
v 0.020166 -0.017922 0.002985
v 0.020166 -0.017922 0.002885
v 0.019007 -0.015560 0.002110
v 0.018588 -0.015360 0.002191
v 0.018774 -0.015431 0.002078
v 0.018143 -0.015225 0.002121
v 0.018651 -0.015379 0.002086
v 0.019418 -0.015883 0.002027
v 0.019223 -0.015712 0.002093
v 0.019595 -0.016073 0.002061
v 0.019507 -0.015979 0.002119
v 0.019419 -0.015884 0.002127
v 0.019411 -0.015881 0.001128
v 0.018336 -0.015276 0.002133
v 0.018399 -0.015274 0.001104
v 0.018007 -0.015203 0.001230
v 0.018766 -0.015431 0.001178
v 0.019116 -0.015622 0.001052
v 0.019594 -0.016066 0.001011
v 0.017884 -0.015190 0.002187
v 0.019889 -0.016511 0.001978
v 0.020086 -0.017006 0.001943
v 0.020115 -0.017137 0.002034
v 0.019911 -0.016576 0.002073
v 0.020001 -0.016753 0.001960
v 0.019821 -0.016397 0.001986
v 0.019945 -0.016632 0.001969
v 0.020173 -0.017525 0.001909
v 0.020174 -0.017655 0.002001
v 0.020158 -0.017396 0.001968
v 0.020175 -0.017784 0.001944
v 0.020151 -0.018044 0.001877
v 0.020126 -0.018182 0.002868
v 0.019752 -0.016283 0.001995
v 0.019819 -0.016388 0.000987
v 0.019883 -0.016507 0.001078
v 0.019998 -0.016738 0.000961
v 0.020176 -0.017521 0.000910
v 0.020147 -0.017389 0.001018
v 0.020116 -0.017127 0.000935
v 0.020167 -0.017905 0.000886
v 0.020124 -0.018173 0.001869
v 0.020148 -0.018060 0.003876
v 0.020094 -0.018319 0.003859
v 0.020053 -0.018446 0.003926
v 0.019690 -0.019161 0.004898
v 0.019689 -0.019162 0.004798
v 0.019523 -0.019364 0.004782
v 0.019432 -0.019454 0.004849
v 0.019692 -0.019153 0.003824
v 0.019896 -0.018822 0.004874
v 0.019903 -0.018817 0.003824
v 0.019903 -0.018816 0.003924
v 0.020126 -0.018182 0.002968
v 0.020035 -0.018502 0.002872
v 0.019692 -0.019153 0.003899
v 0.019964 -0.018689 0.002934
v 0.019614 -0.019259 0.003890
v 0.019699 -0.019149 0.002799
v 0.019843 -0.018927 0.002866
v 0.019343 -0.019538 0.003842
v 0.019534 -0.019352 0.002783
v 0.018912 -0.019852 0.004733
v 0.018917 -0.019845 0.003783
v 0.019246 -0.019624 0.003758
v 0.018166 -0.020129 0.004781
v 0.018165 -0.020130 0.004681
v 0.018548 -0.020017 0.004757
v 0.019295 -0.019571 0.002863
v 0.018926 -0.019844 0.002834
v 0.019037 -0.019771 0.002742
v 0.018680 -0.019964 0.003816
v 0.018557 -0.020018 0.003757
v 0.018430 -0.020058 0.003798
v 0.018303 -0.020098 0.003740
v 0.018044 -0.020151 0.003723
v 0.017914 -0.020163 0.003765
v 0.018173 -0.020124 0.003781
v 0.019352 -0.019535 0.002767
v 0.019024 -0.019780 0.004791
v 0.019136 -0.019708 0.004850
v 0.018688 -0.019964 0.002766
v 0.020018 -0.018557 0.001843
v 0.019910 -0.018803 0.001925
v 0.019964 -0.018680 0.001884
v 0.019964 -0.018680 0.001834
v 0.019699 -0.019149 0.002899
v 0.019624 -0.019247 0.001891
v 0.019537 -0.019344 0.001883
v 0.019624 -0.019246 0.001791
v 0.019451 -0.019440 0.001825
v 0.019259 -0.019614 0.001809
v 0.019250 -0.019617 0.002759
v 0.019701 -0.019140 0.001800
v 0.020115 -0.018166 0.000969
v 0.019916 -0.018799 0.000826
v 0.020102 -0.018301 0.000860
v 0.019798 -0.018957 0.000913
v 0.019548 -0.019350 0.000784
v 0.018944 -0.019844 0.000733
v 0.020124 -0.018174 0.001944
v 0.018439 -0.020059 0.002699
v 0.019046 -0.019770 0.001843
v 0.019047 -0.019770 0.001743
v 0.018816 -0.019903 0.001776
v 0.018445 -0.020053 0.001749
v 0.018572 -0.020012 0.001808
v 0.018181 -0.020126 0.002782
v 0.018310 -0.020093 0.002740
v 0.017921 -0.020166 0.002715
v 0.018319 -0.020094 0.001691
v 0.017678 -0.020178 0.002700
v 0.018059 -0.020148 0.001724
v 0.018310 -0.020093 0.002690
v 0.017799 -0.020175 0.001707
v 0.019206 -0.019644 0.000856
v 0.018157 -0.020142 0.000696
v 0.018577 -0.020006 0.000809
v 0.018196 -0.020123 0.000783
v 0.020054 -0.018455 0.004850
v 0.017157 -0.020123 0.000717
v 0.017271 -0.020141 0.000725
v 0.018098 -0.020139 0.000776
v 0.017387 -0.020161 0.004632
v 0.017518 -0.020169 0.004740
v 0.017380 -0.020156 0.005732
v 0.018286 -0.020102 0.005689
v 0.018288 -0.020102 0.005789
v 0.018543 -0.020023 0.005806
v 0.018788 -0.019917 0.005824
v 0.019020 -0.019787 0.005841
v 0.019603 -0.019272 0.005789
v 0.019605 -0.019270 0.005890
v 0.019761 -0.019059 0.005906
v 0.019896 -0.018830 0.005923
v 0.020007 -0.018587 0.005941
v 0.020090 -0.018333 0.005958
v 0.020146 -0.018074 0.005975
v 0.020174 -0.017814 0.005992
v 0.020175 -0.017556 0.006007
v 0.020148 -0.017296 0.006024
v 0.020094 -0.017037 0.006041
v 0.020012 -0.016783 0.006058
v 0.019903 -0.016539 0.006076
v 0.019770 -0.016309 0.006093
v 0.019614 -0.016096 0.006110
v 0.019440 -0.015904 0.006125
v 0.019247 -0.015731 0.006141
v 0.019033 -0.015577 0.006158
v 0.018802 -0.015445 0.006175
v 0.018557 -0.015338 0.006193
v 0.018621 -0.015365 0.006088
v 0.018303 -0.015257 0.006210
v 0.018369 -0.015278 0.006106
v 0.018044 -0.015205 0.006227
v 0.017784 -0.015180 0.006244
v 0.017525 -0.015182 0.006259
v 0.017265 -0.015212 0.006276
v 0.017006 -0.015270 0.006293
v 0.017073 -0.015255 0.006188
v 0.016753 -0.015355 0.006310
v 0.016819 -0.015333 0.006206
v 0.016511 -0.015467 0.006328
v 0.016574 -0.015438 0.006223
v 0.016283 -0.015603 0.006345
v 0.016342 -0.015568 0.006240
v 0.016073 -0.015761 0.006361
v 0.016127 -0.015720 0.006257
v 0.015883 -0.015937 0.006377
v 0.015712 -0.016133 0.006393
v 0.015756 -0.016082 0.006289
v 0.015560 -0.016349 0.006410
v 0.015599 -0.016293 0.006306
v 0.015431 -0.016582 0.006428
v 0.015464 -0.016521 0.006323
v 0.015327 -0.016828 0.006445
v 0.015354 -0.016764 0.006340
v 0.015250 -0.017083 0.006462
v 0.015269 -0.017016 0.006358
v 0.015200 -0.017342 0.006479
v 0.015213 -0.017275 0.006375
v 0.015179 -0.017602 0.006495
v 0.015184 -0.017535 0.006391
v 0.015184 -0.017861 0.006511
v 0.015183 -0.017793 0.006407
v 0.015217 -0.018121 0.006528
v 0.015209 -0.018053 0.006423
v 0.015278 -0.018379 0.006545
v 0.015262 -0.018312 0.006440
v 0.015367 -0.018631 0.006562
v 0.015344 -0.018566 0.006458
v 0.015481 -0.018872 0.006580
v 0.015452 -0.018809 0.006475
v 0.015620 -0.019098 0.006597
v 0.015584 -0.019039 0.006492
v 0.015781 -0.019306 0.006613
v 0.015739 -0.019252 0.006509
v 0.015959 -0.019493 0.006629
v 0.015913 -0.019445 0.006525
v 0.016157 -0.019662 0.006645
v 0.016106 -0.019618 0.006541
v 0.016375 -0.019812 0.006662
v 0.016319 -0.019773 0.006558
v 0.016610 -0.019938 0.006680
v 0.016549 -0.019905 0.006575
v 0.016857 -0.020039 0.006697
v 0.016793 -0.020013 0.006592
v 0.017113 -0.020113 0.006714
v 0.017046 -0.020094 0.006610
v 0.017373 -0.020159 0.006731
v 0.017305 -0.020147 0.006627
v 0.018152 -0.020132 0.006780
v 0.018084 -0.020142 0.006675
v 0.018409 -0.020068 0.006797
v 0.018342 -0.020085 0.006692
v 0.018660 -0.019977 0.006814
v 0.018595 -0.020001 0.006710
v 0.018900 -0.019859 0.006832
v 0.018837 -0.019890 0.006727
v 0.019124 -0.019717 0.006849
v 0.019065 -0.019754 0.006744
v 0.019329 -0.019554 0.006865
v 0.019276 -0.019597 0.006761
v 0.019514 -0.019374 0.006881
v 0.019466 -0.019421 0.006777
v 0.019681 -0.019173 0.006897
v 0.019638 -0.019226 0.006793
v 0.019828 -0.018953 0.006914
v 0.019790 -0.019011 0.006810
v 0.019951 -0.018717 0.006932
v 0.019919 -0.018779 0.006827
v 0.020049 -0.018468 0.006949
v 0.020024 -0.018533 0.006845
v 0.020120 -0.018212 0.006966
v 0.020102 -0.018279 0.006862
v 0.020163 -0.017952 0.006983
v 0.020152 -0.018020 0.006879
v 0.020178 -0.017692 0.006999
v 0.020174 -0.017760 0.006895
v 0.020166 -0.017433 0.007015
v 0.020169 -0.017501 0.006911
v 0.020126 -0.017173 0.007032
v 0.020137 -0.017241 0.006927
v 0.020059 -0.016916 0.007049
v 0.020077 -0.016983 0.006944
v 0.019964 -0.016666 0.007066
v 0.019989 -0.016732 0.006962
v 0.019843 -0.016428 0.007084
v 0.019875 -0.016491 0.006979
v 0.019699 -0.016206 0.007101
v 0.019737 -0.016264 0.006996
v 0.019534 -0.016003 0.007117
v 0.019577 -0.016056 0.007013
v 0.019351 -0.015821 0.007133
v 0.019399 -0.015868 0.007029
v 0.019148 -0.015656 0.007149
v 0.019201 -0.015699 0.007045
v 0.018926 -0.015512 0.007166
v 0.018984 -0.015549 0.007062
v 0.018688 -0.015391 0.007184
v 0.018750 -0.015422 0.007079
v 0.018438 -0.015296 0.007201
v 0.018504 -0.015321 0.007097
v 0.018181 -0.015229 0.007218
v 0.018249 -0.015246 0.007114
v 0.017921 -0.015190 0.007235
v 0.017989 -0.015200 0.007131
v 0.017662 -0.015178 0.007251
v 0.017730 -0.015181 0.007147
v 0.017403 -0.015193 0.007267
v 0.017471 -0.015189 0.007163
v 0.017143 -0.015236 0.007284
v 0.017211 -0.015224 0.007179
v 0.016886 -0.015306 0.007301
v 0.016953 -0.015288 0.007196
v 0.016638 -0.015404 0.007318
v 0.016703 -0.015379 0.007214
v 0.016401 -0.015528 0.007336
v 0.016463 -0.015495 0.007231
v 0.016181 -0.015675 0.007353
v 0.016239 -0.015636 0.007248
v 0.015981 -0.015842 0.007369
v 0.016033 -0.015798 0.007265
v 0.015800 -0.016027 0.007385
v 0.015848 -0.015978 0.007281
v 0.015638 -0.016232 0.007401
v 0.015680 -0.016178 0.007297
v 0.015496 -0.016457 0.007418
v 0.015533 -0.016398 0.007314
v 0.015378 -0.016696 0.007436
v 0.015409 -0.016633 0.007331
v 0.015287 -0.016947 0.007453
v 0.015311 -0.016881 0.007349
v 0.015223 -0.017205 0.007470
v 0.015240 -0.017137 0.007366
v 0.015187 -0.017465 0.007487
v 0.015196 -0.017397 0.007383
v 0.015178 -0.017724 0.007503
v 0.015180 -0.017656 0.007399
v 0.015196 -0.017983 0.007519
v 0.015192 -0.017915 0.007415
v 0.015242 -0.018243 0.007536
v 0.015230 -0.018175 0.007431
v 0.015316 -0.018499 0.007553
v 0.015297 -0.018432 0.007448
v 0.015418 -0.018746 0.007570
v 0.015391 -0.018681 0.007466
v 0.015544 -0.018981 0.007588
v 0.015511 -0.018919 0.007483
v 0.015694 -0.019199 0.007605
v 0.015654 -0.019141 0.007500
v 0.015863 -0.019397 0.007621
v 0.015818 -0.019345 0.007517
v 0.016050 -0.019575 0.007637
v 0.016001 -0.019528 0.007533
v 0.016258 -0.019735 0.007653
v 0.016203 -0.019693 0.007549
v 0.016484 -0.019874 0.007670
v 0.016425 -0.019838 0.007566
v 0.016725 -0.019989 0.007688
v 0.016662 -0.019959 0.007583
v 0.016977 -0.020077 0.007705
v 0.016911 -0.020054 0.007601
v 0.017235 -0.020138 0.007722
v 0.017167 -0.020122 0.007618
v 0.017496 -0.020171 0.007739
v 0.017427 -0.020162 0.007634
v 0.018014 -0.020155 0.007771
v 0.017945 -0.020161 0.007667
v 0.018274 -0.020106 0.007788
v 0.018205 -0.020119 0.007683
v 0.018529 -0.020028 0.007805
v 0.018462 -0.020049 0.007701
v 0.018775 -0.019924 0.007823
v 0.018710 -0.019952 0.007718
v 0.019007 -0.019795 0.007840
v 0.018946 -0.019829 0.007735
v 0.019223 -0.019643 0.007857
v 0.019166 -0.019683 0.007752
v 0.019419 -0.019472 0.007873
v 0.019367 -0.019517 0.007769
v 0.019595 -0.019282 0.007889
v 0.019549 -0.019332 0.007784
v 0.019753 -0.019072 0.007905
v 0.019711 -0.019127 0.007801
v 0.019889 -0.018843 0.007922
v 0.019853 -0.018904 0.007818
v 0.020001 -0.018601 0.007940
v 0.019972 -0.018665 0.007835
v 0.020086 -0.018348 0.007957
v 0.020064 -0.018415 0.007853
v 0.020144 -0.018089 0.007974
v 0.020128 -0.018158 0.007870
v 0.020173 -0.017829 0.007991
v 0.020165 -0.017898 0.007886
v 0.020175 -0.017571 0.008007
v 0.020175 -0.017639 0.007902
v 0.020151 -0.017311 0.008023
v 0.020157 -0.017379 0.007919
v 0.020098 -0.017051 0.008040
v 0.020112 -0.017120 0.007935
v 0.020017 -0.016797 0.008057
v 0.020039 -0.016864 0.007953
v 0.019910 -0.016552 0.008075
v 0.019939 -0.016617 0.007970
v 0.019778 -0.016322 0.008092
v 0.019813 -0.016383 0.007987
v 0.019624 -0.016108 0.008109
v 0.019664 -0.016165 0.008004
v 0.019450 -0.015915 0.008125
v 0.019496 -0.015966 0.008020
v 0.019258 -0.015741 0.008141
v 0.019309 -0.015787 0.008036
v 0.019046 -0.015585 0.008157
v 0.019102 -0.015626 0.008053
v 0.018816 -0.015452 0.008174
v 0.018877 -0.015487 0.008070
v 0.018572 -0.015343 0.008192
v 0.018636 -0.015372 0.008087
v 0.018318 -0.015261 0.008209
v 0.018385 -0.015283 0.008105
v 0.018059 -0.015207 0.008226
v 0.018127 -0.015221 0.008122
v 0.017798 -0.015181 0.008243
v 0.017867 -0.015187 0.008138
v 0.017540 -0.015181 0.008258
v 0.017609 -0.015181 0.008154
v 0.017280 -0.015210 0.008275
v 0.017349 -0.015202 0.008170
v 0.017021 -0.015265 0.008292
v 0.017090 -0.015251 0.008187
v 0.016648 -0.015403 0.008268
v 0.016835 -0.015327 0.008205
v 0.016295 -0.015595 0.008344
v 0.015990 -0.015838 0.008318
v 0.015810 -0.016021 0.008284
v 0.015721 -0.016121 0.008392
v 0.015568 -0.016336 0.008409
v 0.015649 -0.016216 0.009300
v 0.015813 -0.016012 0.009284
v 0.015927 -0.015897 0.009274
v 0.016419 -0.015518 0.009234
v 0.016308 -0.015590 0.009243
v 0.018197 -0.020120 0.008683
v 0.017937 -0.020162 0.008666
v 0.015995 -0.019523 0.008532
v 0.015294 -0.018424 0.008448
v 0.015180 -0.017648 0.008398
v 0.015570 -0.016333 0.008309
v 0.015685 -0.016172 0.008296
v 0.015853 -0.015972 0.008280
v 0.016040 -0.015793 0.008264
v 0.016087 -0.015749 0.008260
v 0.016246 -0.015631 0.008248
v 0.016471 -0.015491 0.008231
v 0.016711 -0.015375 0.008213
v 0.016771 -0.015348 0.008209
v 0.017025 -0.015264 0.008192
v 0.017284 -0.015209 0.008175
v 0.017544 -0.015181 0.008158
v 0.017802 -0.015181 0.008142
v 0.018063 -0.015207 0.008126
v 0.018322 -0.015262 0.008109
v 0.018575 -0.015344 0.008092
v 0.018819 -0.015453 0.008074
v 0.019049 -0.015587 0.008057
v 0.019261 -0.015743 0.008040
v 0.019453 -0.015917 0.008024
v 0.019626 -0.016111 0.008008
v 0.019780 -0.016325 0.007992
v 0.019912 -0.016556 0.007974
v 0.020019 -0.016801 0.007957
v 0.020099 -0.017055 0.007940
v 0.020151 -0.017314 0.007923
v 0.020176 -0.017574 0.007906
v 0.020173 -0.017833 0.007891
v 0.020143 -0.018093 0.007874
v 0.020085 -0.018352 0.007857
v 0.020000 -0.018604 0.007840
v 0.019887 -0.018847 0.007822
v 0.019751 -0.019075 0.007805
v 0.019593 -0.019285 0.007788
v 0.019416 -0.019474 0.007773
v 0.019220 -0.019645 0.007756
v 0.019004 -0.019797 0.007740
v 0.018771 -0.019926 0.007722
v 0.018525 -0.020030 0.007705
v 0.018270 -0.020106 0.007688
v 0.018010 -0.020155 0.007671
v 0.017492 -0.020171 0.007639
v 0.017232 -0.020138 0.007622
v 0.016974 -0.020076 0.007605
v 0.016722 -0.019988 0.007588
v 0.016481 -0.019873 0.007570
v 0.016255 -0.019733 0.007553
v 0.016047 -0.019573 0.007536
v 0.015860 -0.019394 0.007521
v 0.015691 -0.019196 0.007504
v 0.015542 -0.018978 0.007488
v 0.015416 -0.018743 0.007470
v 0.015315 -0.018496 0.007453
v 0.015242 -0.018240 0.007436
v 0.015196 -0.017980 0.007419
v 0.015178 -0.017720 0.007403
v 0.015187 -0.017462 0.007387
v 0.015223 -0.017201 0.007370
v 0.015288 -0.016944 0.007353
v 0.015380 -0.016693 0.007336
v 0.015498 -0.016454 0.007318
v 0.015640 -0.016230 0.007301
v 0.015802 -0.016024 0.007285
v 0.015983 -0.015840 0.007269
v 0.016184 -0.015673 0.007253
v 0.016404 -0.015526 0.007236
v 0.016641 -0.015403 0.007218
v 0.016889 -0.015305 0.007201
v 0.017146 -0.015235 0.007184
v 0.017406 -0.015192 0.007167
v 0.017665 -0.015178 0.007151
v 0.017924 -0.015190 0.007135
v 0.018184 -0.015230 0.007118
v 0.018441 -0.015297 0.007101
v 0.018691 -0.015392 0.007083
v 0.018929 -0.015513 0.007066
v 0.019151 -0.015658 0.007049
v 0.019354 -0.015823 0.007033
v 0.019536 -0.016005 0.007017
v 0.019701 -0.016209 0.007001
v 0.019845 -0.016431 0.006984
v 0.019965 -0.016669 0.006966
v 0.020060 -0.016919 0.006949
v 0.020127 -0.017176 0.006932
v 0.020166 -0.017436 0.006915
v 0.020178 -0.017695 0.006899
v 0.020162 -0.017955 0.006883
v 0.020119 -0.018215 0.006866
v 0.020048 -0.018471 0.006849
v 0.019950 -0.018720 0.006831
v 0.019826 -0.018956 0.006814
v 0.019679 -0.019175 0.006797
v 0.019512 -0.019376 0.006781
v 0.019327 -0.019556 0.006765
v 0.019121 -0.019719 0.006749
v 0.018897 -0.019860 0.006732
v 0.018657 -0.019978 0.006714
v 0.018407 -0.020069 0.006697
v 0.018149 -0.020133 0.006680
v 0.017110 -0.020112 0.006614
v 0.016855 -0.020038 0.006597
v 0.016607 -0.019937 0.006579
v 0.016373 -0.019810 0.006562
v 0.016155 -0.019661 0.006545
v 0.015957 -0.019491 0.006529
v 0.015779 -0.019304 0.006513
v 0.015619 -0.019096 0.006497
v 0.015480 -0.018870 0.006480
v 0.015366 -0.018629 0.006462
v 0.015277 -0.018377 0.006445
v 0.015217 -0.018118 0.006428
v 0.015184 -0.017858 0.006411
v 0.015179 -0.017600 0.006395
v 0.015201 -0.017340 0.006379
v 0.015250 -0.017080 0.006362
v 0.015328 -0.016825 0.006345
v 0.015432 -0.016579 0.006327
v 0.015561 -0.016347 0.006310
v 0.015714 -0.016131 0.006293
v 0.015885 -0.015935 0.006277
v 0.016075 -0.015759 0.006261
v 0.016285 -0.015602 0.006245
v 0.016513 -0.015465 0.006227
v 0.016756 -0.015354 0.006210
v 0.017009 -0.015269 0.006193
v 0.017267 -0.015212 0.006176
v 0.017528 -0.015182 0.006159
v 0.017786 -0.015180 0.006143
v 0.018046 -0.015205 0.006127
v 0.018305 -0.015258 0.006110
v 0.018560 -0.015338 0.006093
v 0.018804 -0.015446 0.006075
v 0.019035 -0.015578 0.006058
v 0.019248 -0.015733 0.006041
v 0.019441 -0.015906 0.006025
v 0.019616 -0.016098 0.006009
v 0.019771 -0.016311 0.005993
v 0.019904 -0.016541 0.005975
v 0.020013 -0.016785 0.005958
v 0.020095 -0.017039 0.005941
v 0.020149 -0.017298 0.005924
v 0.020175 -0.017558 0.005907
v 0.020174 -0.017816 0.005892
v 0.020146 -0.018077 0.005875
v 0.020090 -0.018336 0.005858
v 0.019951 -0.018710 0.005832
v 0.019760 -0.019061 0.005806
v 0.019643 -0.019219 0.005794
v 0.019018 -0.019788 0.005741
v 0.018787 -0.019918 0.005723
v 0.018541 -0.020024 0.005706
v 0.015536 -0.016375 0.009307
v 0.015347 -0.016709 0.009320
v 0.015190 -0.017173 0.009336
v 0.015141 -0.017458 0.009346
v 0.015125 -0.017846 0.009358
v 0.015126 -0.017651 0.009352
v 0.015165 -0.018244 0.009371
v 0.015299 -0.018699 0.009386
v 0.015569 -0.019211 0.009406
v 0.015422 -0.018963 0.009396
v 0.015749 -0.019443 0.009415
v 0.016333 -0.019949 0.009439
v 0.016676 -0.020133 0.009452
v 0.017039 -0.020264 0.009464
v 0.017600 -0.020365 0.009482
v 0.016716 -0.019992 0.000693
v 0.016366 -0.019835 0.000680
v 0.015903 -0.019499 0.000662
v 0.015566 -0.019119 0.000645
v 0.015274 -0.018620 0.000626
v 0.015058 -0.017745 0.000597
v 0.015236 -0.016630 0.000560
v 0.015773 -0.015793 0.000522
v 0.016215 -0.015419 0.000507
v 0.017493 -0.013677 0.000700
v 0.016716 -0.013790 0.000700
v 0.017056 -0.013722 0.009300
v 0.015284 -0.014465 0.000701
v 0.015282 -0.014471 0.009302
v 0.015934 -0.014073 0.009300
v 0.014436 -0.015301 0.000696
v 0.014849 -0.014849 0.009300
v 0.014441 -0.015320 0.009300
v 0.013767 -0.016715 0.000704
v 0.013850 -0.016517 0.009300
v 0.013697 -0.017286 0.009300
v 0.014150 -0.015792 0.009300
v 0.013706 -0.018323 0.000700
v 0.013782 -0.018032 0.009477
v 0.013850 -0.018839 0.009300
v 0.013697 -0.018070 0.009300
v 0.014256 -0.019794 0.000700
v 0.014198 -0.019538 0.009427
v 0.014352 -0.019900 0.009300
v 0.013982 -0.019208 0.009300
v 0.015301 -0.020919 0.000696
v 0.015140 -0.020770 0.009300
v 0.016304 -0.021439 0.000701
v 0.017090 -0.021640 0.000700
v 0.017105 -0.021639 0.009302
v 0.014849 -0.020506 0.009300
v 0.013982 -0.016147 0.009300
v 0.013755 -0.016897 0.009300
v 0.013755 -0.018458 0.009300
v 0.014586 -0.020215 0.009300
v 0.015966 -0.021296 0.009300
v 0.018070 -0.013697 0.009300
v 0.017958 -0.021582 0.000536
v 0.017863 -0.021678 0.009300
v 0.018684 -0.021553 0.000700
v 0.019794 -0.021099 0.000700
v 0.019563 -0.021205 0.009300
v 0.020348 -0.020662 0.009299
v 0.019900 -0.021004 0.009300
v 0.019208 -0.021373 0.009300
v 0.020942 -0.020029 0.000700
v 0.021004 -0.019900 0.009300
v 0.021577 -0.018654 0.000700
v 0.021505 -0.018839 0.009300
v 0.021601 -0.018458 0.009300
v 0.021373 -0.019208 0.009300
v 0.021662 -0.017087 0.000700
v 0.021658 -0.017286 0.009300
v 0.021601 -0.016897 0.009300
v 0.021108 -0.015575 0.000703
v 0.020770 -0.015140 0.009300
v 0.021004 -0.015455 0.009300
v 0.021303 -0.015976 0.009300
v 0.020047 -0.014425 0.000695
v 0.020215 -0.014586 0.009300
v 0.019563 -0.014150 0.009300
v 0.019900 -0.014352 0.009300
v 0.018633 -0.013773 0.000696
v 0.018839 -0.013850 0.009300
v 0.018458 -0.013755 0.009300
v 0.019208 -0.013982 0.009300
v 0.020506 -0.014849 0.009300
v 0.021658 -0.018070 0.009300
v 0.018461 -0.021569 0.009391
v 0.021205 -0.019563 0.009300
v 0.021678 -0.017678 0.009300
v 0.021505 -0.016517 0.009300
v 0.018742 -0.014860 0.001643
v 0.017128 -0.020627 0.002171
v 0.017613 -0.020680 0.002197
v 0.019313 -0.020193 0.001292
v 0.018866 -0.020437 0.001265
v 0.014724 -0.017039 0.001917
v 0.016617 -0.014867 0.001757
v 0.015037 -0.016255 0.001871
v 0.018599 -0.020538 0.002249
v 0.020584 -0.018508 0.001406
v 0.018537 -0.014798 0.002654
v 0.014777 -0.016912 0.002909
v 0.016513 -0.020455 0.003137
v 0.015067 -0.019155 0.003032
v 0.020447 -0.016513 0.002513
v 0.015861 -0.015290 0.002804
v 0.016136 -0.015104 0.002786
v 0.015246 -0.019435 0.003050
v 0.014881 -0.016593 0.002891
v 0.019090 -0.020325 0.003278
v 0.020374 -0.016335 0.003524
v 0.014928 -0.016468 0.003884
v 0.017035 -0.020613 0.004166
v 0.020631 -0.018273 0.003418
v 0.020597 -0.018389 0.004413
v 0.020342 -0.016299 0.004526
v 0.018470 -0.014779 0.004658
v 0.014948 -0.018923 0.005018
v 0.015085 -0.019187 0.004034
v 0.018503 -0.014770 0.003657
v 0.018785 -0.020466 0.003260
v 0.016392 -0.020393 0.004129
v 0.014768 -0.016948 0.003911
v 0.014683 -0.017435 0.003938
v 0.019375 -0.020152 0.003296
v 0.018820 -0.020452 0.004262
v 0.014796 -0.016823 0.004904
v 0.019398 -0.020149 0.004297
v 0.020479 -0.016605 0.004508
v 0.019232 -0.015098 0.004613
v 0.015933 -0.015232 0.004799
v 0.016811 -0.014782 0.004746
v 0.015185 -0.019354 0.005045
v 0.014826 -0.018610 0.005000
v 0.020432 -0.018866 0.004385
v 0.015890 -0.015254 0.001802
v 0.020226 -0.019261 0.001361
v 0.020341 -0.016246 0.001528
v 0.015211 -0.015971 0.001853
v 0.014693 -0.018019 0.001967
v 0.018062 -0.020666 0.001220
v 0.014889 -0.018816 0.002012
v 0.016490 -0.020445 0.002135
v 0.019212 -0.020261 0.002286
v 0.020255 -0.019236 0.002363
v 0.020635 -0.017147 0.002478
v 0.016745 -0.014814 0.002750
v 0.019001 -0.014985 0.002627
v 0.020625 -0.018303 0.002418
v 0.020678 -0.017648 0.002452
v 0.018045 -0.014700 0.002681
v 0.015787 -0.020012 0.002091
v 0.017553 -0.014676 0.002706
v 0.019593 -0.015354 0.001590
v 0.014828 -0.018630 0.001001
v 0.019823 -0.019794 0.001327
v 0.015279 -0.019517 0.001054
v 0.015310 -0.015799 0.000842
v 0.014671 -0.017835 0.000958
v 0.014752 -0.016988 0.000914
v 0.020673 -0.017367 0.001466
v 0.015413 -0.015710 0.001836
v 0.017601 -0.014655 0.001706
v 0.019735 -0.019867 0.002320
v 0.020034 -0.015803 0.002558
v 0.019439 -0.015244 0.002600
v 0.018106 -0.020647 0.002222
v 0.016017 -0.020181 0.001106
v 0.015317 -0.019537 0.002057
v 0.016922 -0.020605 0.001160
v 0.015383 -0.015725 0.002839
v 0.014853 -0.018705 0.003005
v 0.015019 -0.016288 0.002873
v 0.014868 -0.018742 0.004007
v 0.017977 -0.020668 0.003215
v 0.018468 -0.020572 0.003242
v 0.017320 -0.020661 0.003182
v 0.020343 -0.019064 0.003373
v 0.016247 -0.015035 0.003779
v 0.014687 -0.017396 0.002936
v 0.014740 -0.018288 0.004982
v 0.014985 -0.016354 0.004877
v 0.018345 -0.020607 0.004235
v 0.020076 -0.015868 0.004554
v 0.017082 -0.020642 0.005168
v 0.016150 -0.020265 0.005115
v 0.015940 -0.020124 0.003101
v 0.020663 -0.017277 0.003471
v 0.014696 -0.018045 0.002969
v 0.019756 -0.019847 0.003322
v 0.016878 -0.014781 0.003742
v 0.019392 -0.015211 0.003603
v 0.015683 -0.019919 0.003084
v 0.015453 -0.019690 0.003067
v 0.020080 -0.019474 0.003347
v 0.019778 -0.015535 0.003577
v 0.017525 -0.014677 0.003708
v 0.019997 -0.015775 0.003560
v 0.015450 -0.015636 0.003832
v 0.014703 -0.018102 0.003972
v 0.017973 -0.014692 0.004685
v 0.020688 -0.017414 0.004463
v 0.019752 -0.015510 0.004578
v 0.015149 -0.016063 0.004859
v 0.014676 -0.017806 0.004957
v 0.015738 -0.019966 0.005088
v 0.017697 -0.020682 0.004201
v 0.020110 -0.019455 0.004350
v 0.015572 -0.019845 0.004077
v 0.015502 -0.019743 0.005071
v 0.015561 -0.015552 0.004825
v 0.015343 -0.015794 0.004841
v 0.014700 -0.017310 0.004931
v 0.017648 -0.014678 0.004702
v 0.018194 -0.020646 0.005228
v 0.016478 -0.014904 0.005765
v 0.019161 -0.020300 0.005281
v 0.018546 -0.014794 0.006654
v 0.016138 -0.015074 0.006784
v 0.020447 -0.018831 0.005387
v 0.017437 -0.020673 0.006187
v 0.016464 -0.020446 0.006134
v 0.020161 -0.015973 0.005546
v 0.014769 -0.016857 0.005907
v 0.020538 -0.018597 0.007401
v 0.020320 -0.016233 0.006530
v 0.014830 -0.016733 0.006899
v 0.015136 -0.019293 0.007041
v 0.019219 -0.020265 0.007286
v 0.018154 -0.014716 0.008675
v 0.014689 -0.017419 0.007937
v 0.020587 -0.018408 0.008411
v 0.014760 -0.016963 0.008912
v 0.019145 -0.020300 0.009282
v 0.015163 -0.019313 0.008042
v 0.020650 -0.018082 0.008429
v 0.019523 -0.020043 0.008306
v 0.017020 -0.020605 0.008165
v 0.014922 -0.018875 0.008015
v 0.014735 -0.017092 0.007919
v 0.016698 -0.020513 0.008147
v 0.019251 -0.020232 0.008288
v 0.020677 -0.017756 0.008446
v 0.020488 -0.018727 0.008393
v 0.020270 -0.016168 0.008534
v 0.020604 -0.018392 0.009413
v 0.016089 -0.015128 0.008789
v 0.015263 -0.019497 0.009052
v 0.019795 -0.019803 0.009325
v 0.019552 -0.020020 0.009308
v 0.018649 -0.014835 0.008648
v 0.014819 -0.016769 0.007901
v 0.020119 -0.015912 0.007549
v 0.020050 -0.019550 0.005343
v 0.020643 -0.018207 0.005423
v 0.020684 -0.018000 0.006432
v 0.020252 -0.019261 0.006362
v 0.015174 -0.015985 0.006855
v 0.016663 -0.020501 0.007145
v 0.014798 -0.018536 0.006996
v 0.018456 -0.020579 0.007241
v 0.020505 -0.016662 0.007505
v 0.018586 -0.014804 0.005650
v 0.019343 -0.020200 0.006294
v 0.020635 -0.017046 0.005484
v 0.014677 -0.017833 0.005958
v 0.019484 -0.015268 0.005597
v 0.015395 -0.019660 0.006063
v 0.014823 -0.018639 0.006001
v 0.015404 -0.015685 0.005836
v 0.018256 -0.020635 0.006231
v 0.017599 -0.014667 0.005704
v 0.019585 -0.015332 0.006592
v 0.017464 -0.020692 0.007188
v 0.020093 -0.019497 0.007348
v 0.017409 -0.014668 0.006714
v 0.015913 -0.020131 0.007100
v 0.020699 -0.017627 0.007453
v 0.014657 -0.017549 0.006945
v 0.020606 -0.017007 0.006485
v 0.015083 -0.016148 0.007865
v 0.019277 -0.015113 0.007611
v 0.016388 -0.020386 0.008129
v 0.019987 -0.015756 0.008561
v 0.020353 -0.019034 0.008375
v 0.018956 -0.020391 0.008270
v 0.020422 -0.016467 0.008516
v 0.018202 -0.014712 0.007673
v 0.015969 -0.015197 0.007797
v 0.015358 -0.019580 0.008060
v 0.019769 -0.019828 0.008323
v 0.017039 -0.014722 0.007734
v 0.016686 -0.014842 0.008753
v 0.015692 -0.015429 0.008816
v 0.017228 -0.020648 0.009176
v 0.020677 -0.017392 0.009464
v 0.014923 -0.016490 0.008885
v 0.015485 -0.015630 0.007830
v 0.015954 -0.020139 0.008103
v 0.020186 -0.019323 0.008357
v 0.018483 -0.020572 0.008243
v 0.019100 -0.015037 0.008621
v 0.014765 -0.018396 0.007988
v 0.014683 -0.017919 0.007962
v 0.015578 -0.019820 0.008077
v 0.017675 -0.020688 0.008200
v 0.020622 -0.017104 0.008480
v 0.019990 -0.019589 0.008340
v 0.020668 -0.017431 0.008463
v 0.019645 -0.015413 0.008586
v 0.019385 -0.015211 0.008603
v 0.014666 -0.017766 0.008955
v 0.017177 -0.014720 0.008726
v 0.014816 -0.018593 0.008999
v 0.018035 -0.020669 0.009219
v 0.016000 -0.020169 0.009105
v 0.015245 -0.015901 0.008849
v 0.020216 -0.019300 0.009359
v 0.017663 -0.014673 0.008700
v 0.020540 -0.016781 0.008498
v 0.019971 -0.015736 0.000563
v 0.020392 -0.016393 0.000512
v 0.019617 -0.015389 0.000588
v 0.019209 -0.015093 0.000614
v 0.018762 -0.014881 0.000641
v 0.017792 -0.014680 0.000694
v 0.017308 -0.014696 0.000719
v 0.016343 -0.014964 0.000772
v 0.018285 -0.014735 0.000668
v 0.014908 -0.016524 0.000887
v 0.020178 0.017678 0.008650
v 0.020149 0.017281 0.008727
v 0.020134 0.017213 0.008621
v 0.020074 0.016964 0.008604
v 0.019987 0.016721 0.008587
v 0.019915 0.016555 0.008676
v 0.019877 0.016488 0.008571
v 0.020117 0.017131 0.007615
v 0.020160 0.017382 0.007632
v 0.020177 0.017655 0.007749
v 0.020164 0.017433 0.008635
v 0.020127 0.017182 0.008619
v 0.019954 0.016643 0.007582
v 0.019835 0.016415 0.007565
v 0.020048 0.016883 0.007599
v 0.020057 0.016918 0.008601
v 0.019743 0.016269 0.008554
v 0.019695 0.016201 0.007549
v 0.019967 0.016677 0.008584
v 0.019590 0.016067 0.008538
v 0.019085 0.015608 0.008596
v 0.019231 0.015719 0.008507
v 0.019024 0.015571 0.008491
v 0.018632 0.015364 0.008562
v 0.018801 0.015444 0.008474
v 0.019563 0.016023 0.008634
v 0.019420 0.015884 0.008523
v 0.018319 0.015261 0.008441
v 0.018334 0.015050 0.008919
v 0.017818 0.015182 0.008409
v 0.018069 0.015209 0.008424
v 0.018565 0.015340 0.008458
v 0.019448 0.015917 0.007525
v 0.019165 0.015668 0.007502
v 0.019396 0.015864 0.008521
v 0.019179 0.015682 0.008503
v 0.018982 0.015547 0.008488
v 0.018238 0.015241 0.007435
v 0.017987 0.015197 0.007419
v 0.018485 0.015312 0.007452
v 0.018756 0.015425 0.008471
v 0.017736 0.015178 0.007404
v 0.018257 0.015248 0.008437
v 0.018519 0.015325 0.008454
v 0.018838 0.015467 0.007477
v 0.019558 0.016033 0.008535
v 0.018022 0.015203 0.008421
v 0.020173 0.017551 0.006742
v 0.020174 0.017551 0.006642
v 0.020157 0.017368 0.007731
v 0.020097 0.017049 0.006610
v 0.020149 0.017300 0.006626
v 0.020107 0.017086 0.007713
v 0.020178 0.017678 0.006650
v 0.019934 0.016601 0.007679
v 0.019792 0.016343 0.006560
v 0.019668 0.016165 0.007646
v 0.019645 0.016135 0.006544
v 0.019918 0.016567 0.006576
v 0.019812 0.016375 0.007662
v 0.020033 0.016840 0.007696
v 0.020020 0.016804 0.006593
v 0.020075 0.016968 0.005605
v 0.020135 0.017217 0.005621
v 0.020173 0.017573 0.005644
v 0.020178 0.017678 0.005750
v 0.020146 0.017288 0.006726
v 0.020086 0.017007 0.006707
v 0.019879 0.016492 0.005571
v 0.019746 0.016273 0.005554
v 0.019989 0.016725 0.005588
v 0.020004 0.016763 0.006690
v 0.019618 0.016102 0.006641
v 0.019593 0.016071 0.005538
v 0.019898 0.016528 0.006674
v 0.019768 0.016307 0.006657
v 0.019506 0.015972 0.007630
v 0.019327 0.015799 0.007615
v 0.019298 0.015774 0.006513
v 0.019128 0.015642 0.007599
v 0.018879 0.015485 0.006480
v 0.019097 0.015620 0.006497
v 0.018913 0.015504 0.007583
v 0.018683 0.015389 0.007566
v 0.018442 0.015297 0.007549
v 0.018405 0.015286 0.006447
v 0.017942 0.015192 0.007516
v 0.018156 0.015224 0.006430
v 0.018647 0.015373 0.006463
v 0.018193 0.015231 0.007532
v 0.017926 0.015192 0.006515
v 0.019480 0.015945 0.006528
v 0.018805 0.015446 0.005475
v 0.019028 0.015574 0.005491
v 0.019266 0.015747 0.006610
v 0.019087 0.015615 0.006596
v 0.018841 0.015465 0.006577
v 0.019423 0.015888 0.005523
v 0.018324 0.015263 0.005441
v 0.018074 0.015209 0.005425
v 0.018569 0.015342 0.005458
v 0.018607 0.015357 0.006561
v 0.017884 0.015186 0.006463
v 0.018364 0.015274 0.006544
v 0.017692 0.015178 0.007501
v 0.017569 0.015180 0.008393
v 0.018114 0.015216 0.006527
v 0.017655 0.015178 0.006399
v 0.017012 0.015259 0.008457
v 0.017318 0.015204 0.008378
v 0.017067 0.015253 0.008361
v 0.016584 0.015430 0.008328
v 0.016821 0.015329 0.008345
v 0.016061 0.015771 0.009300
v 0.015916 0.015904 0.009300
v 0.016112 0.015728 0.008392
v 0.016054 0.015781 0.008287
v 0.016359 0.015554 0.008311
v 0.016150 0.015699 0.008295
v 0.015959 0.015863 0.008279
v 0.017236 0.015217 0.007372
v 0.016986 0.015275 0.007356
v 0.017271 0.015213 0.008375
v 0.017021 0.015267 0.008358
v 0.016541 0.015451 0.008425
v 0.017487 0.015185 0.007388
v 0.016085 0.015751 0.007290
v 0.016289 0.015599 0.007306
v 0.016509 0.015468 0.007322
v 0.016743 0.015359 0.007339
v 0.015919 0.015905 0.009276
v 0.015841 0.015982 0.009269
v 0.015900 0.015920 0.007274
v 0.015785 0.016048 0.009264
v 0.017522 0.015184 0.008390
v 0.015679 0.016175 0.009253
v 0.015786 0.015988 0.009401
v 0.015415 0.016614 0.009220
v 0.015246 0.017099 0.009187
v 0.015279 0.016948 0.009299
v 0.015199 0.017350 0.009170
v 0.015193 0.017399 0.009267
v 0.015786 0.016043 0.008264
v 0.015608 0.016281 0.009245
v 0.015504 0.016447 0.008332
v 0.015453 0.016543 0.009225
v 0.015584 0.016312 0.007243
v 0.015291 0.016933 0.008198
v 0.015227 0.017181 0.008181
v 0.015381 0.016691 0.008215
v 0.015234 0.017162 0.009183
v 0.015240 0.017131 0.009185
v 0.015304 0.016899 0.009200
v 0.015179 0.017601 0.009155
v 0.015190 0.017448 0.008264
v 0.015190 0.017432 0.008165
v 0.015733 0.016106 0.007259
v 0.015180 0.017648 0.009152
v 0.015455 0.016534 0.007226
v 0.017474 0.015187 0.007487
v 0.017405 0.015193 0.006383
v 0.017191 0.015225 0.007469
v 0.016906 0.015300 0.006350
v 0.017154 0.015233 0.006367
v 0.016942 0.015288 0.007453
v 0.016700 0.015377 0.007436
v 0.016656 0.015398 0.006433
v 0.016665 0.015392 0.006334
v 0.016435 0.015508 0.006317
v 0.016126 0.015720 0.008293
v 0.016318 0.015579 0.008408
v 0.016333 0.015572 0.008309
v 0.016022 0.015804 0.006284
v 0.016556 0.015445 0.008326
v 0.016469 0.015489 0.007419
v 0.017072 0.015252 0.005362
v 0.017363 0.015198 0.006480
v 0.017143 0.015237 0.006466
v 0.016865 0.015313 0.006448
v 0.017573 0.015180 0.005394
v 0.016363 0.015551 0.005311
v 0.016051 0.015779 0.007387
v 0.016588 0.015427 0.005328
v 0.016153 0.015696 0.005295
v 0.015962 0.015859 0.005279
v 0.016398 0.015530 0.006414
v 0.016251 0.015625 0.007403
v 0.015777 0.016056 0.008363
v 0.015483 0.016481 0.008280
v 0.015605 0.016283 0.008245
v 0.015539 0.016383 0.006237
v 0.015417 0.016609 0.006220
v 0.015277 0.016978 0.008295
v 0.015268 0.017013 0.007192
v 0.015212 0.017263 0.007176
v 0.015183 0.017514 0.007160
v 0.015218 0.017228 0.008278
v 0.015362 0.016735 0.008311
v 0.015925 0.015895 0.008376
v 0.015726 0.016117 0.007358
v 0.015434 0.016574 0.007323
v 0.015559 0.016350 0.007340
v 0.015633 0.016239 0.005248
v 0.015497 0.016456 0.005232
v 0.015256 0.017057 0.007289
v 0.015205 0.017307 0.007273
v 0.015181 0.017558 0.007257
v 0.015178 0.017617 0.006204
v 0.015349 0.016769 0.007209
v 0.015333 0.016811 0.007306
v 0.015870 0.015951 0.007372
v 0.016203 0.015659 0.006349
v 0.020167 0.017449 0.005686
v 0.020050 0.016888 0.004599
v 0.020161 0.017386 0.004632
v 0.020127 0.017178 0.005719
v 0.020127 0.017186 0.005619
v 0.020177 0.017658 0.004749
v 0.020178 0.017678 0.004650
v 0.019698 0.016205 0.004549
v 0.019539 0.016009 0.004533
v 0.019838 0.016419 0.004566
v 0.020063 0.016929 0.005702
v 0.020175 0.017606 0.004646
v 0.020150 0.017304 0.003627
v 0.020176 0.017617 0.003646
v 0.020156 0.017349 0.004730
v 0.020155 0.017355 0.004630
v 0.020174 0.017538 0.003691
v 0.020110 0.017098 0.004713
v 0.020037 0.016852 0.004697
v 0.020038 0.016858 0.004597
v 0.019948 0.016630 0.004631
v 0.019818 0.016386 0.004663
v 0.019820 0.016392 0.004563
v 0.019395 0.015860 0.005621
v 0.019399 0.015867 0.005521
v 0.019219 0.015709 0.005556
v 0.018994 0.015552 0.005589
v 0.019000 0.015558 0.005489
v 0.017992 0.015197 0.004419
v 0.017741 0.015178 0.004404
v 0.017803 0.015181 0.005458
v 0.018956 0.015529 0.004486
v 0.019101 0.015623 0.003497
v 0.019350 0.015819 0.004567
v 0.019154 0.015660 0.004551
v 0.018924 0.015510 0.004584
v 0.019483 0.015949 0.003528
v 0.018712 0.015402 0.004518
v 0.018472 0.015307 0.004501
v 0.019514 0.015981 0.004631
v 0.017705 0.015178 0.004502
v 0.020118 0.017135 0.004616
v 0.018224 0.015238 0.004485
v 0.020178 0.017678 0.002750
v 0.020178 0.017678 0.003750
v 0.020173 0.017575 0.002644
v 0.019596 0.016074 0.002539
v 0.020178 0.017678 0.001750
v 0.020168 0.017457 0.002686
v 0.020148 0.017272 0.001625
v 0.020158 0.017362 0.001730
v 0.020167 0.017487 0.001738
v 0.020128 0.017191 0.002619
v 0.020177 0.017612 0.001746
v 0.020113 0.017111 0.001714
v 0.020171 0.017862 0.001761
v 0.019985 0.016715 0.002637
v 0.019969 0.016685 0.001685
v 0.019957 0.016655 0.001683
v 0.019739 0.016264 0.002604
v 0.019785 0.016326 0.001559
v 0.019840 0.016426 0.001666
v 0.019855 0.016454 0.001668
v 0.020059 0.016926 0.001702
v 0.020014 0.016780 0.001591
v 0.020050 0.016895 0.001700
v 0.019873 0.016482 0.002620
v 0.020042 0.016864 0.001697
v 0.019825 0.016397 0.001664
v 0.019945 0.016625 0.001681
v 0.019683 0.016185 0.001648
v 0.019489 0.015960 0.002629
v 0.019553 0.016029 0.002535
v 0.020066 0.016942 0.002603
v 0.019719 0.016238 0.001652
v 0.019701 0.016212 0.001650
v 0.019563 0.016039 0.001636
v 0.019289 0.015766 0.003562
v 0.019426 0.015891 0.002523
v 0.019032 0.015576 0.002492
v 0.019460 0.015924 0.003626
v 0.019438 0.015906 0.003524
v 0.018079 0.015210 0.002425
v 0.017827 0.015182 0.002409
v 0.019379 0.015849 0.002519
v 0.019384 0.015840 0.001520
v 0.019379 0.015848 0.001619
v 0.019109 0.015632 0.002598
v 0.019187 0.015688 0.002504
v 0.018860 0.015471 0.001479
v 0.018988 0.015552 0.001588
v 0.019186 0.015686 0.001604
v 0.018976 0.015544 0.002488
v 0.019345 0.015815 0.001617
v 0.018935 0.015517 0.001584
v 0.019149 0.015656 0.001601
v 0.018795 0.015441 0.002524
v 0.019523 0.015991 0.001632
v 0.018558 0.015338 0.002507
v 0.018249 0.015245 0.001536
v 0.018047 0.015205 0.002523
v 0.018047 0.015207 0.002423
v 0.018265 0.015239 0.001438
v 0.018218 0.015237 0.001534
v 0.018706 0.015399 0.001568
v 0.018313 0.015260 0.002490
v 0.018466 0.015305 0.001551
v 0.017967 0.015195 0.001518
v 0.017627 0.015175 0.001397
v 0.017717 0.015178 0.001502
v 0.017796 0.015180 0.002507
v 0.017765 0.015182 0.002405
v 0.018763 0.015428 0.001572
v 0.018735 0.015414 0.001570
v 0.017764 0.015181 0.001505
v 0.019238 0.015725 0.002508
v 0.017303 0.015206 0.005427
v 0.017033 0.015262 0.005459
v 0.017041 0.015262 0.005359
v 0.016991 0.015274 0.004356
v 0.016807 0.015334 0.005394
v 0.017534 0.015182 0.005491
v 0.015996 0.015832 0.004282
v 0.016552 0.015445 0.005425
v 0.017158 0.015232 0.003367
v 0.017473 0.015186 0.004437
v 0.017222 0.015220 0.004421
v 0.016955 0.015284 0.004454
v 0.016730 0.015364 0.004388
v 0.016497 0.015474 0.004371
v 0.016277 0.015607 0.004355
v 0.015670 0.016189 0.006302
v 0.015399 0.016648 0.006318
v 0.015405 0.016639 0.006218
v 0.015776 0.016054 0.005313
v 0.015269 0.017009 0.004193
v 0.015242 0.017115 0.006236
v 0.015190 0.017428 0.005165
v 0.015312 0.016868 0.006252
v 0.015197 0.017366 0.006219
v 0.015830 0.015994 0.006318
v 0.015213 0.017258 0.004176
v 0.015478 0.016490 0.005329
v 0.015482 0.016484 0.005230
v 0.015287 0.016947 0.005247
v 0.015221 0.017215 0.005279
v 0.015375 0.016705 0.005264
v 0.015183 0.017510 0.004160
v 0.015228 0.017176 0.005182
v 0.015725 0.016117 0.004308
v 0.017327 0.015202 0.002378
v 0.016593 0.015425 0.002328
v 0.017108 0.015246 0.002464
v 0.017061 0.015255 0.002411
v 0.017562 0.015180 0.002443
v 0.016157 0.015693 0.002295
v 0.015965 0.015856 0.002280
v 0.016367 0.015549 0.002312
v 0.016830 0.015326 0.002345
v 0.017296 0.015207 0.002476
v 0.017264 0.015215 0.002374
v 0.017279 0.015212 0.001475
v 0.017128 0.015236 0.001364
v 0.017248 0.015216 0.001473
v 0.017015 0.015270 0.002358
v 0.016533 0.015446 0.001325
v 0.016770 0.015351 0.001441
v 0.017014 0.015270 0.001458
v 0.016800 0.015337 0.002443
v 0.016771 0.015351 0.002341
v 0.017467 0.015187 0.001487
v 0.016967 0.015281 0.001455
v 0.017216 0.015221 0.001471
v 0.016724 0.015367 0.001438
v 0.017514 0.015185 0.001490
v 0.016340 0.015566 0.002410
v 0.016341 0.015567 0.002310
v 0.016327 0.015577 0.001409
v 0.015921 0.015901 0.001376
v 0.016092 0.015745 0.001290
v 0.016272 0.015610 0.001404
v 0.016535 0.015456 0.001424
v 0.016132 0.015713 0.002393
v 0.016133 0.015714 0.002293
v 0.016491 0.015477 0.001421
v 0.016070 0.015763 0.001388
v 0.015943 0.015878 0.002378
v 0.015922 0.015901 0.002276
v 0.015772 0.016060 0.002363
v 0.015773 0.016061 0.002262
v 0.016536 0.015456 0.002324
v 0.016564 0.015440 0.002426
v 0.015636 0.016235 0.002249
v 0.015448 0.016546 0.004275
v 0.015792 0.016036 0.002264
v 0.015499 0.016451 0.002232
v 0.015305 0.016893 0.002201
v 0.015259 0.017044 0.004290
v 0.015262 0.017040 0.004191
v 0.015191 0.017423 0.002166
v 0.015196 0.017392 0.002168
v 0.015207 0.017295 0.004274
v 0.015344 0.016782 0.004258
v 0.015294 0.016923 0.002198
v 0.015384 0.016682 0.002215
v 0.015618 0.016261 0.002347
v 0.015602 0.016289 0.002244
v 0.015610 0.016277 0.001345
v 0.015523 0.016403 0.001236
v 0.015592 0.016302 0.001343
v 0.015484 0.016479 0.002330
v 0.015470 0.016509 0.002228
v 0.015361 0.016743 0.001311
v 0.015462 0.016523 0.001327
v 0.015478 0.016496 0.001329
v 0.015372 0.016711 0.002313
v 0.015362 0.016742 0.002211
v 0.015721 0.016121 0.001358
v 0.015825 0.015994 0.001268
v 0.015446 0.016551 0.001325
v 0.015573 0.016328 0.001341
v 0.015342 0.016787 0.001308
v 0.015887 0.015933 0.001373
v 0.015308 0.016871 0.001202
v 0.015277 0.016986 0.001294
v 0.015223 0.017203 0.002280
v 0.015220 0.017235 0.002178
v 0.015222 0.017220 0.001279
v 0.015194 0.017367 0.001168
v 0.015216 0.017251 0.001277
v 0.015262 0.017032 0.001291
v 0.015188 0.017454 0.002264
v 0.015189 0.017454 0.002164
v 0.015182 0.017533 0.001259
v 0.015209 0.017282 0.001275
v 0.015189 0.017470 0.001263
v 0.015185 0.017502 0.001261
v 0.015285 0.016954 0.002296
v 0.015286 0.016955 0.002196
v 0.015576 0.016324 0.004292
v 0.017643 0.015178 0.003448
v 0.015991 0.015832 0.006382
v 0.015184 0.017850 0.009139
v 0.015214 0.018101 0.009124
v 0.015191 0.017932 0.008134
v 0.015229 0.018184 0.008118
v 0.015270 0.018351 0.009107
v 0.015178 0.017682 0.008150
v 0.015535 0.018996 0.009161
v 0.015294 0.018432 0.008102
v 0.015179 0.017764 0.007145
v 0.015189 0.017897 0.009136
v 0.015352 0.018595 0.009090
v 0.015221 0.018133 0.009121
v 0.015200 0.018015 0.007129
v 0.015248 0.018265 0.007113
v 0.015459 0.018830 0.009073
v 0.015589 0.019051 0.009057
v 0.015442 0.018789 0.008076
v 0.015636 0.019120 0.008051
v 0.015617 0.019090 0.009054
v 0.015321 0.018512 0.007096
v 0.015419 0.018750 0.007079
v 0.015542 0.018976 0.007063
v 0.016092 0.019611 0.009010
v 0.016296 0.019761 0.008994
v 0.015739 0.019256 0.009041
v 0.016751 0.020000 0.008960
v 0.016923 0.020065 0.009048
v 0.017245 0.020140 0.008927
v 0.017294 0.020148 0.009024
v 0.016995 0.020083 0.008944
v 0.016517 0.019892 0.008977
v 0.015792 0.019319 0.008036
v 0.016157 0.019662 0.008005
v 0.015965 0.019499 0.008020
v 0.015942 0.019474 0.009022
v 0.016130 0.019639 0.009007
v 0.016338 0.019786 0.008991
v 0.015907 0.019442 0.009025
v 0.017077 0.020104 0.007938
v 0.016711 0.019980 0.007963
v 0.016576 0.019919 0.008973
v 0.017042 0.020093 0.008940
v 0.016782 0.020010 0.008958
v 0.017327 0.020153 0.007922
v 0.016367 0.019807 0.007988
v 0.017276 0.020144 0.008925
v 0.015685 0.019187 0.007046
v 0.015183 0.017846 0.006140
v 0.015239 0.018230 0.008215
v 0.015207 0.018059 0.007226
v 0.015259 0.018309 0.007210
v 0.015269 0.018347 0.006107
v 0.015196 0.017979 0.008231
v 0.015350 0.018591 0.006091
v 0.015523 0.018945 0.008165
v 0.015586 0.019047 0.006057
v 0.015655 0.019145 0.008049
v 0.015404 0.018717 0.008182
v 0.015457 0.018826 0.006074
v 0.015736 0.019253 0.006041
v 0.015309 0.018477 0.008198
v 0.015228 0.018179 0.005118
v 0.015186 0.017887 0.006237
v 0.015187 0.017877 0.006138
v 0.015217 0.018117 0.006172
v 0.015280 0.018387 0.006205
v 0.015178 0.017678 0.005150
v 0.015383 0.018669 0.005085
v 0.015439 0.018791 0.007176
v 0.015565 0.019014 0.007160
v 0.015712 0.019222 0.007143
v 0.015633 0.019116 0.005052
v 0.015497 0.018900 0.005068
v 0.015789 0.019316 0.005036
v 0.015336 0.018554 0.007193
v 0.015366 0.018630 0.006188
v 0.015364 0.018620 0.006088
v 0.015181 0.017808 0.007242
v 0.015814 0.019342 0.008034
v 0.015999 0.019530 0.008117
v 0.016224 0.019711 0.006999
v 0.016026 0.019554 0.007015
v 0.016194 0.019690 0.008102
v 0.016407 0.019831 0.008085
v 0.016636 0.019950 0.008069
v 0.016669 0.019965 0.006966
v 0.017122 0.020115 0.008035
v 0.016910 0.020057 0.006949
v 0.017158 0.020123 0.006933
v 0.016875 0.020045 0.008052
v 0.017373 0.020159 0.008019
v 0.016439 0.019849 0.006983
v 0.016059 0.019583 0.007113
v 0.016293 0.019759 0.005994
v 0.016260 0.019737 0.007097
v 0.016058 0.019578 0.005013
v 0.016710 0.019983 0.007063
v 0.016747 0.019998 0.005961
v 0.016953 0.020070 0.007046
v 0.017202 0.020132 0.007030
v 0.016478 0.019871 0.007080
v 0.015847 0.019380 0.007031
v 0.017409 0.020163 0.006917
v 0.017746 0.020177 0.008896
v 0.017996 0.020157 0.008880
v 0.018181 0.020130 0.008968
v 0.018247 0.020112 0.008864
v 0.017676 0.020181 0.009000
v 0.017496 0.020171 0.008911
v 0.018733 0.019944 0.008830
v 0.019173 0.019681 0.008797
v 0.018961 0.019823 0.008814
v 0.019111 0.019730 0.008902
v 0.018666 0.019977 0.008937
v 0.017578 0.020176 0.007906
v 0.018079 0.020145 0.007875
v 0.017827 0.020173 0.007891
v 0.017793 0.020173 0.008893
v 0.018028 0.020152 0.008878
v 0.018494 0.020041 0.008847
v 0.017543 0.020172 0.008908
v 0.018691 0.019959 0.007833
v 0.019032 0.019779 0.007808
v 0.018539 0.020022 0.008844
v 0.019000 0.019797 0.008811
v 0.018776 0.019921 0.008827
v 0.019238 0.019631 0.007792
v 0.018329 0.020091 0.007859
v 0.019209 0.019651 0.008794
v 0.019542 0.019343 0.008766
v 0.019805 0.018996 0.008839
v 0.019701 0.019147 0.008751
v 0.019840 0.018932 0.008734
v 0.019495 0.019399 0.008871
v 0.019367 0.019521 0.008782
v 0.020051 0.018463 0.008701
v 0.020161 0.017964 0.008668
v 0.020119 0.018215 0.008684
v 0.020177 0.017901 0.008764
v 0.020030 0.018533 0.008805
v 0.019596 0.019281 0.007761
v 0.019749 0.019078 0.007745
v 0.019572 0.019306 0.008763
v 0.019727 0.019106 0.008748
v 0.019958 0.018703 0.008717
v 0.019426 0.019464 0.007777
v 0.020076 0.018383 0.007695
v 0.019936 0.018742 0.007720
v 0.019975 0.018658 0.008714
v 0.020127 0.018168 0.008681
v 0.020153 0.018008 0.007671
v 0.020060 0.018432 0.008698
v 0.019400 0.019487 0.008779
v 0.020177 0.017714 0.008652
v 0.017873 0.020170 0.007988
v 0.017909 0.020167 0.006886
v 0.018125 0.020137 0.007972
v 0.018531 0.020024 0.006845
v 0.018161 0.020131 0.006870
v 0.018374 0.020079 0.007956
v 0.017671 0.020176 0.007000
v 0.017660 0.020178 0.006901
v 0.018851 0.019885 0.007922
v 0.019101 0.019733 0.006803
v 0.019274 0.019602 0.007889
v 0.019302 0.019578 0.006787
v 0.018883 0.019868 0.006819
v 0.019071 0.019754 0.007905
v 0.018617 0.019994 0.007939
v 0.017953 0.020162 0.006983
v 0.018204 0.020122 0.006967
v 0.017492 0.020171 0.005911
v 0.018729 0.019946 0.005831
v 0.018956 0.019826 0.005814
v 0.018490 0.020042 0.005848
v 0.018452 0.020055 0.006950
v 0.019335 0.019550 0.006884
v 0.018922 0.019846 0.006917
v 0.018692 0.019962 0.006933
v 0.019169 0.019684 0.005798
v 0.017453 0.020168 0.007014
v 0.019364 0.019524 0.005782
v 0.017609 0.020175 0.007904
v 0.019625 0.019245 0.007858
v 0.019483 0.019407 0.006772
v 0.019756 0.019065 0.007844
v 0.019794 0.019008 0.006740
v 0.019903 0.018817 0.007826
v 0.019447 0.019442 0.007775
v 0.020089 0.018338 0.007792
v 0.020099 0.018301 0.006690
v 0.020170 0.017856 0.007661
v 0.020150 0.018051 0.006673
v 0.019971 0.018665 0.006715
v 0.020144 0.018088 0.007776
v 0.020008 0.018582 0.007809
v 0.020174 0.017789 0.006757
v 0.020175 0.017800 0.006657
v 0.019648 0.019217 0.006756
v 0.019817 0.018971 0.006837
v 0.019939 0.018744 0.006820
v 0.020118 0.018220 0.005684
v 0.020161 0.017969 0.005668
v 0.020050 0.018467 0.005701
v 0.020037 0.018506 0.006804
v 0.020156 0.018008 0.006771
v 0.020109 0.018259 0.006787
v 0.019956 0.018708 0.005718
v 0.020178 0.017698 0.005651
v 0.019513 0.019375 0.006869
v 0.019634 0.019231 0.006857
v 0.019137 0.019708 0.006900
v 0.015192 0.017947 0.005183
v 0.015237 0.018217 0.005216
v 0.015236 0.018210 0.005116
v 0.015319 0.018507 0.004096
v 0.015247 0.018261 0.004113
v 0.015299 0.018446 0.005151
v 0.015179 0.017759 0.004145
v 0.015417 0.018746 0.004080
v 0.015762 0.019284 0.006138
v 0.015609 0.019082 0.006154
v 0.015605 0.019073 0.006055
v 0.015844 0.019377 0.004031
v 0.015399 0.018705 0.005182
v 0.015268 0.018342 0.003108
v 0.015202 0.018028 0.004178
v 0.015255 0.018296 0.004211
v 0.015256 0.018292 0.004111
v 0.015332 0.018542 0.004194
v 0.015344 0.018567 0.004092
v 0.015183 0.017841 0.003140
v 0.015455 0.018821 0.003074
v 0.015656 0.019148 0.005149
v 0.015433 0.018779 0.004177
v 0.015433 0.018774 0.004077
v 0.015702 0.019208 0.004045
v 0.015549 0.018988 0.004112
v 0.015180 0.017795 0.004243
v 0.015182 0.017790 0.004143
v 0.016105 0.019621 0.006059
v 0.016532 0.019899 0.006026
v 0.016435 0.019847 0.003983
v 0.016665 0.019963 0.003966
v 0.016786 0.020013 0.006058
v 0.017011 0.020087 0.005993
v 0.017322 0.020152 0.004922
v 0.017072 0.020103 0.004938
v 0.017261 0.020143 0.005976
v 0.015918 0.019453 0.006074
v 0.017154 0.020122 0.003933
v 0.016380 0.019814 0.005037
v 0.016047 0.019571 0.004014
v 0.015990 0.019522 0.005118
v 0.016844 0.020035 0.005004
v 0.017110 0.020112 0.005036
v 0.016606 0.019936 0.005021
v 0.017467 0.020166 0.003913
v 0.017405 0.020163 0.003917
v 0.015866 0.019399 0.004029
v 0.015190 0.017923 0.002135
v 0.015381 0.018665 0.002085
v 0.015227 0.018174 0.002119
v 0.015223 0.018143 0.002121
v 0.015178 0.017673 0.002150
v 0.015630 0.019113 0.002052
v 0.015786 0.019312 0.002036
v 0.015494 0.018896 0.002069
v 0.015291 0.018423 0.002102
v 0.015193 0.017954 0.002233
v 0.015199 0.017986 0.002131
v 0.015199 0.017986 0.001231
v 0.015267 0.018329 0.002208
v 0.015243 0.018236 0.002115
v 0.015309 0.018468 0.001199
v 0.015318 0.018499 0.001197
v 0.015246 0.018253 0.001214
v 0.015240 0.018221 0.001216
v 0.015272 0.018368 0.001106
v 0.015314 0.018483 0.002098
v 0.015180 0.017782 0.001244
v 0.015182 0.017866 0.001139
v 0.015252 0.018284 0.001212
v 0.015203 0.018033 0.001228
v 0.015327 0.018530 0.001195
v 0.015180 0.017751 0.001246
v 0.015180 0.017720 0.001247
v 0.015510 0.018923 0.002167
v 0.015511 0.018923 0.002067
v 0.015519 0.018956 0.001065
v 0.015528 0.018950 0.001164
v 0.015829 0.019358 0.001132
v 0.015919 0.019459 0.001024
v 0.015660 0.019150 0.001149
v 0.015415 0.018738 0.001180
v 0.015648 0.019138 0.002150
v 0.015650 0.019138 0.002050
v 0.015428 0.018767 0.001178
v 0.015696 0.019202 0.001145
v 0.015551 0.018993 0.001161
v 0.015860 0.019394 0.001129
v 0.015806 0.019335 0.002134
v 0.015829 0.019357 0.002032
v 0.015981 0.019513 0.002119
v 0.015982 0.019513 0.002019
v 0.015409 0.018722 0.002081
v 0.015393 0.018693 0.002183
v 0.015178 0.017704 0.002248
v 0.015179 0.017704 0.002148
v 0.016150 0.019656 0.002005
v 0.016467 0.019865 0.004081
v 0.016493 0.019876 0.003979
v 0.015959 0.019493 0.002021
v 0.016346 0.019792 0.002040
v 0.016359 0.019802 0.001989
v 0.016385 0.019818 0.002087
v 0.016584 0.019926 0.001972
v 0.016584 0.019924 0.002072
v 0.016821 0.020026 0.001955
v 0.016698 0.019978 0.004064
v 0.016695 0.019975 0.003964
v 0.017052 0.020096 0.001990
v 0.017067 0.020102 0.001939
v 0.016923 0.020061 0.003998
v 0.017302 0.020148 0.001973
v 0.017315 0.020148 0.004023
v 0.017216 0.020132 0.003929
v 0.016174 0.019675 0.002103
v 0.016202 0.019693 0.002001
v 0.016216 0.019706 0.001000
v 0.016214 0.019703 0.001100
v 0.016643 0.019951 0.001968
v 0.016374 0.019808 0.001088
v 0.016459 0.019864 0.000999
v 0.016040 0.019566 0.001114
v 0.017190 0.020132 0.001000
v 0.016239 0.019722 0.001098
v 0.016829 0.020030 0.001003
v 0.016017 0.019545 0.001116
v 0.016928 0.020063 0.001048
v 0.017052 0.020095 0.001040
v 0.016851 0.020037 0.002053
v 0.016852 0.020036 0.001953
v 0.017483 0.020170 0.001000
v 0.017428 0.020165 0.001015
v 0.017333 0.020154 0.001971
v 0.017520 0.020173 0.003010
v 0.017549 0.020172 0.002908
v 0.017381 0.020158 0.001918
v 0.016758 0.020002 0.003010
v 0.016235 0.019719 0.004049
v 0.017761 0.020176 0.005945
v 0.017573 0.020175 0.004906
v 0.018012 0.020155 0.005929
v 0.017823 0.020173 0.004891
v 0.018263 0.020108 0.005913
v 0.017532 0.020173 0.006009
v 0.019235 0.019634 0.004792
v 0.018529 0.020028 0.005945
v 0.017655 0.020178 0.003901
v 0.017861 0.020171 0.004989
v 0.017854 0.020170 0.004889
v 0.017736 0.020177 0.002896
v 0.018112 0.020140 0.004973
v 0.018105 0.020139 0.004873
v 0.018343 0.020087 0.004908
v 0.019044 0.019771 0.004857
v 0.018822 0.019900 0.004874
v 0.018587 0.020006 0.004891
v 0.019264 0.019610 0.004890
v 0.017487 0.020170 0.002912
v 0.019552 0.019332 0.005815
v 0.019423 0.019468 0.004777
v 0.019710 0.019134 0.005800
v 0.019848 0.018918 0.005783
v 0.019393 0.019496 0.005879
v 0.019989 0.018630 0.004712
v 0.019972 0.018670 0.005815
v 0.020169 0.017887 0.004663
v 0.019605 0.019270 0.004810
v 0.019888 0.018846 0.004778
v 0.020138 0.018119 0.004728
v 0.020080 0.018369 0.004744
v 0.020174 0.017805 0.003658
v 0.019746 0.019082 0.004746
v 0.020172 0.017849 0.004761
v 0.020170 0.017861 0.004661
v 0.017538 0.020172 0.001909
v 0.017690 0.020178 0.003999
v 0.017686 0.020176 0.003899
v 0.017936 0.020163 0.003884
v 0.017987 0.020158 0.002881
v 0.018174 0.020128 0.003919
v 0.017818 0.020174 0.001891
v 0.019165 0.019687 0.002798
v 0.018725 0.019948 0.002831
v 0.019321 0.019560 0.003785
v 0.018485 0.020044 0.002848
v 0.017769 0.020176 0.002994
v 0.017768 0.020175 0.002894
v 0.017944 0.020160 0.001884
v 0.018069 0.020147 0.001876
v 0.018020 0.020154 0.002979
v 0.018050 0.020147 0.002877
v 0.018254 0.020110 0.002914
v 0.018636 0.019983 0.002937
v 0.018545 0.020020 0.002844
v 0.018799 0.019911 0.001926
v 0.018769 0.019924 0.001928
v 0.018967 0.019820 0.002863
v 0.019163 0.019919 0.001449
v 0.019008 0.019792 0.001910
v 0.018532 0.020024 0.001945
v 0.018677 0.019973 0.001835
v 0.018563 0.020014 0.001942
v 0.018782 0.019918 0.002827
v 0.018593 0.020004 0.001940
v 0.019049 0.019768 0.001907
v 0.018828 0.019897 0.001924
v 0.019254 0.019618 0.001891
v 0.019191 0.019667 0.002896
v 0.019214 0.019647 0.002794
v 0.019216 0.019646 0.001894
v 0.018319 0.020094 0.001859
v 0.018349 0.020086 0.001957
v 0.017974 0.020157 0.001982
v 0.019372 0.019516 0.002831
v 0.017473 0.020166 0.002013
v 0.019492 0.019397 0.003821
v 0.019656 0.019206 0.003805
v 0.019765 0.019047 0.002743
v 0.019536 0.019350 0.002767
v 0.020178 0.017684 0.002700
v 0.020176 0.017722 0.002753
v 0.019557 0.019326 0.002865
v 0.019576 0.019301 0.002763
v 0.019441 0.019450 0.001875
v 0.019590 0.019288 0.001762
v 0.019783 0.019020 0.002841
v 0.019730 0.019101 0.002747
v 0.019858 0.018895 0.001831
v 0.019875 0.018868 0.001829
v 0.019741 0.019086 0.001846
v 0.019722 0.019112 0.001848
v 0.019808 0.018991 0.001739
v 0.019865 0.018883 0.002731
v 0.019321 0.019565 0.001784
v 0.019760 0.019061 0.001844
v 0.019609 0.019265 0.001860
v 0.019891 0.018840 0.001827
v 0.019406 0.019482 0.001878
v 0.020053 0.018456 0.002750
v 0.020203 0.018429 0.001414
v 0.020066 0.018408 0.001797
v 0.020162 0.017957 0.002717
v 0.020134 0.018143 0.001679
v 0.020082 0.018363 0.001794
v 0.019979 0.018650 0.001814
v 0.020121 0.018208 0.002733
v 0.019999 0.018606 0.001811
v 0.020139 0.018113 0.001777
v 0.020180 0.017772 0.001655
v 0.020167 0.017893 0.001763
v 0.019966 0.018682 0.002716
v 0.018074 0.020146 0.004875
v 0.015179 0.017713 0.008148
v 0.017678 0.020178 0.001000
v 0.017584 0.020176 0.001956
v 0.017600 0.020175 0.001905
v 0.017286 0.020144 0.001024
v 0.017252 0.020141 0.002977
v 0.017176 0.020127 0.001032
v 0.017017 0.020087 0.002942
v 0.017130 0.020114 0.001935
v 0.017114 0.020111 0.001036
v 0.016807 0.020018 0.001057
v 0.016687 0.019973 0.001065
v 0.016557 0.019909 0.001074
v 0.016456 0.019859 0.001082
v 0.016524 0.019895 0.003027
v 0.016316 0.019773 0.002992
v 0.016110 0.019624 0.003008
v 0.015923 0.019457 0.003024
v 0.015754 0.019272 0.003039
v 0.015602 0.019069 0.003055
v 0.015471 0.018849 0.003072
v 0.015362 0.018616 0.003089
v 0.015278 0.018373 0.003106
v 0.015219 0.018123 0.003122
v 0.015187 0.017872 0.003138
v 0.015180 0.017623 0.003153
v 0.015198 0.017372 0.003169
v 0.015242 0.017121 0.003185
v 0.015312 0.016874 0.003202
v 0.015407 0.016635 0.003219
v 0.015526 0.016407 0.003235
v 0.015667 0.016194 0.003252
v 0.015827 0.015999 0.003268
v 0.016003 0.015823 0.003283
v 0.016199 0.015664 0.003299
v 0.016412 0.015523 0.003315
v 0.016640 0.015405 0.003332
v 0.016880 0.015310 0.003349
v 0.017127 0.015241 0.003365
v 0.017378 0.015197 0.003381
v 0.017878 0.015187 0.003412
v 0.018129 0.015220 0.003428
v 0.018378 0.015279 0.003445
v 0.018621 0.015364 0.003462
v 0.018855 0.015474 0.003478
v 0.019074 0.015606 0.003495
v 0.019627 0.016115 0.003542
v 0.019776 0.016321 0.003558
v 0.019904 0.016543 0.003575
v 0.020009 0.016779 0.003592
v 0.020089 0.017023 0.003608
v 0.020143 0.017273 0.003625
v 0.020176 0.017725 0.003653
v 0.020176 0.017770 0.003756
v 0.020152 0.018024 0.003672
v 0.020169 0.017848 0.002661
v 0.020104 0.018275 0.003688
v 0.020030 0.018521 0.003705
v 0.019930 0.018758 0.003721
v 0.019807 0.018984 0.003738
v 0.019123 0.019716 0.003801
v 0.018907 0.019853 0.003818
v 0.018676 0.019968 0.003834
v 0.018435 0.020059 0.003851
v 0.016612 0.019939 0.002070
v 0.016732 0.019989 0.001962
v 0.020171 0.017809 0.002683
v 0.015189 0.017885 0.004137
v 0.015181 0.017634 0.004153
v 0.015198 0.017384 0.004168
v 0.015241 0.017134 0.004184
v 0.015310 0.016887 0.004201
v 0.015404 0.016647 0.004218
v 0.015522 0.016419 0.004235
v 0.015661 0.016205 0.004251
v 0.015820 0.016009 0.004267
v 0.016191 0.015672 0.004298
v 0.016403 0.015531 0.004314
v 0.016630 0.015411 0.004331
v 0.016869 0.015316 0.004348
v 0.017116 0.015245 0.004364
v 0.017366 0.015200 0.004381
v 0.017616 0.015182 0.004396
v 0.017866 0.015188 0.004412
v 0.018117 0.015220 0.004428
v 0.018366 0.015278 0.004444
v 0.018609 0.015361 0.004461
v 0.018843 0.015469 0.004478
v 0.019063 0.015600 0.004494
v 0.019266 0.015751 0.004510
v 0.019451 0.015920 0.004526
v 0.019618 0.016107 0.004541
v 0.019768 0.016312 0.004557
v 0.019897 0.016533 0.004574
v 0.020003 0.016768 0.004591
v 0.020084 0.017012 0.004607
v 0.020139 0.017261 0.004624
v 0.020176 0.017600 0.004745
v 0.020152 0.018012 0.004671
v 0.020105 0.018262 0.004687
v 0.020032 0.018509 0.004704
v 0.019934 0.018746 0.004721
v 0.019812 0.018973 0.004737
v 0.019669 0.019183 0.004754
v 0.019508 0.019376 0.004769
v 0.019329 0.019551 0.004785
v 0.019131 0.019708 0.004801
v 0.018916 0.019845 0.004817
v 0.018687 0.019961 0.004834
v 0.018447 0.020053 0.004850
v 0.018199 0.020119 0.004867
v 0.017948 0.020160 0.004883
v 0.017698 0.020174 0.004899
v 0.017448 0.020164 0.004914
v 0.017197 0.020128 0.004930
v 0.016949 0.020066 0.004947
v 0.016707 0.019978 0.004964
v 0.016476 0.019866 0.004980
v 0.016258 0.019732 0.004997
v 0.015876 0.019406 0.005028
v 0.015711 0.019216 0.005044
v 0.015565 0.019008 0.005060
v 0.015440 0.018784 0.005077
v 0.015338 0.018548 0.005093
v 0.015261 0.018303 0.005110
v 0.015209 0.018053 0.005127
v 0.015184 0.017803 0.005142
v 0.015184 0.017553 0.005158
v 0.015209 0.017302 0.005173
v 0.015261 0.017052 0.005190
v 0.015338 0.016807 0.005207
v 0.015440 0.016571 0.005223
v 0.015565 0.016347 0.005240
v 0.015711 0.016139 0.005256
v 0.015876 0.015949 0.005272
v 0.016058 0.015778 0.005287
v 0.016258 0.015624 0.005303
v 0.016476 0.015489 0.005320
v 0.016707 0.015377 0.005336
v 0.016949 0.015290 0.005353
v 0.017197 0.015228 0.005370
v 0.017448 0.015191 0.005386
v 0.017698 0.015181 0.005401
v 0.017948 0.015196 0.005417
v 0.018199 0.015236 0.005433
v 0.018447 0.015302 0.005450
v 0.018687 0.015394 0.005466
v 0.018916 0.015510 0.005483
v 0.019131 0.015648 0.005499
v 0.019329 0.015805 0.005515
v 0.019508 0.015979 0.005531
v 0.019669 0.016172 0.005546
v 0.019812 0.016383 0.005563
v 0.019934 0.016609 0.005579
v 0.020032 0.016847 0.005596
v 0.020105 0.017093 0.005613
v 0.020152 0.017343 0.005629
v 0.020177 0.017637 0.004648
v 0.020169 0.017844 0.005660
v 0.020139 0.018094 0.005676
v 0.020084 0.018344 0.005693
v 0.020003 0.018587 0.005709
v 0.019897 0.018822 0.005726
v 0.019768 0.019043 0.005743
v 0.019618 0.019248 0.005759
v 0.019451 0.019435 0.005774
v 0.019266 0.019604 0.005790
v 0.019063 0.019755 0.005806
v 0.018843 0.019886 0.005822
v 0.018609 0.019994 0.005839
v 0.018366 0.020078 0.005856
v 0.018117 0.020135 0.005872
v 0.017866 0.020167 0.005888
v 0.017616 0.020174 0.005904
v 0.017366 0.020155 0.005919
v 0.017116 0.020110 0.005936
v 0.016869 0.020040 0.005952
v 0.016630 0.019944 0.005969
v 0.016403 0.019824 0.005986
v 0.016191 0.019683 0.006002
v 0.015996 0.019523 0.006018
v 0.015820 0.019346 0.006033
v 0.015661 0.019150 0.006049
v 0.015522 0.018937 0.006065
v 0.015404 0.018708 0.006082
v 0.015310 0.018469 0.006099
v 0.015241 0.018222 0.006116
v 0.015198 0.017971 0.006132
v 0.015181 0.017721 0.006147
v 0.015189 0.017471 0.006163
v 0.015223 0.017220 0.006179
v 0.015283 0.016971 0.006195
v 0.015368 0.016729 0.006212
v 0.015478 0.016496 0.006229
v 0.015611 0.016277 0.006245
v 0.015763 0.016075 0.006261
v 0.015933 0.015891 0.006277
v 0.016121 0.015725 0.006292
v 0.016328 0.015577 0.006309
v 0.016626 0.015410 0.006431
v 0.016760 0.015356 0.006365
v 0.017112 0.015243 0.006464
v 0.017253 0.015217 0.006398
v 0.017530 0.015185 0.006391
v 0.017780 0.015183 0.006406
v 0.018004 0.015202 0.006445
v 0.019062 0.015596 0.006594
v 0.019177 0.015681 0.006528
v 0.019389 0.015860 0.006520
v 0.020142 0.017257 0.006724
v 0.020162 0.017425 0.006634
v 0.020165 0.017899 0.006689
v 0.019674 0.019182 0.006853
v 0.019583 0.019292 0.006787
v 0.017703 0.020178 0.006998
v 0.017561 0.020172 0.006932
v 0.015877 0.019412 0.007128
v 0.015705 0.016141 0.007356
v 0.015799 0.016033 0.007290
v 0.017442 0.015189 0.007486
v 0.017585 0.015182 0.007419
v 0.020154 0.017337 0.007729
v 0.020169 0.017507 0.007639
v 0.020177 0.017718 0.006752
v 0.019774 0.019040 0.007842
v 0.019689 0.019158 0.007777
v 0.019458 0.019433 0.007874
v 0.019352 0.019530 0.007808
v 0.017624 0.020177 0.008003
v 0.017480 0.020167 0.007937
v 0.015743 0.019256 0.008141
v 0.015731 0.019241 0.008067
v 0.015582 0.019036 0.008083
v 0.015182 0.017604 0.008255
v 0.015182 0.017584 0.008181
v 0.015205 0.017334 0.008196
v 0.015438 0.016575 0.008223
v 0.015548 0.016375 0.008263
v 0.015686 0.016171 0.008329
v 0.015856 0.015970 0.008320
v 0.016254 0.015626 0.008303
v 0.016472 0.015492 0.008319
v 0.020177 0.017655 0.007649
v 0.020173 0.017837 0.007760
v 0.016216 0.015649 0.009300
v 0.016019 0.015807 0.009284
v 0.015800 0.016030 0.009265
v 0.015554 0.016360 0.009239
v 0.015537 0.016387 0.009237
v 0.015318 0.016852 0.009203
v 0.015379 0.016703 0.009214
v 0.020169 0.017464 0.008637
v 0.016415 0.015523 0.008315
v 0.016443 0.015507 0.008317
v 0.016218 0.015651 0.008325
v 0.016021 0.015809 0.008309
v 0.015808 0.016020 0.008266
v 0.015511 0.016433 0.008233
v 0.015418 0.016615 0.008245
v 0.015194 0.017401 0.008167
v 0.015179 0.017651 0.008152
v 0.015619 0.019093 0.008054
v 0.015773 0.019294 0.008038
v 0.017547 0.020173 0.007908
v 0.019403 0.019485 0.007779
v 0.019729 0.019104 0.007747
v 0.020175 0.017754 0.007655
v 0.020176 0.017587 0.007745
v 0.020167 0.017476 0.007638
v 0.020164 0.017445 0.007636
v 0.020162 0.017413 0.007634
v 0.017518 0.015184 0.007390
v 0.015754 0.016083 0.007261
v 0.017628 0.020176 0.006903
v 0.019627 0.019240 0.006758
v 0.020172 0.017831 0.006659
v 0.020172 0.017508 0.006740
v 0.020155 0.017362 0.006630
v 0.020158 0.017394 0.006632
v 0.020152 0.017331 0.006628
v 0.019451 0.015915 0.006625
v 0.019344 0.015817 0.006517
v 0.019367 0.015838 0.006518
v 0.019312 0.015789 0.006614
v 0.019123 0.015639 0.006499
v 0.017936 0.015192 0.006416
v 0.017738 0.015181 0.006429
v 0.017613 0.015178 0.006496
v 0.017467 0.015189 0.006387
v 0.017499 0.015187 0.006389
v 0.017425 0.015193 0.006484
v 0.017185 0.015228 0.006369
v 0.016695 0.015380 0.006336
v 0.016292 0.015601 0.006331
v 0.016088 0.015752 0.006315
v 0.016016 0.015812 0.006384
v 0.015903 0.015920 0.006299
v 0.015736 0.016107 0.006284
v 0.015587 0.016312 0.006268
v 0.015517 0.016419 0.006334
v 0.015448 0.016553 0.006225
v 0.015463 0.016525 0.006227
v 0.015433 0.016581 0.006223
v 0.015352 0.016768 0.006234
v 0.015271 0.017012 0.006217
v 0.015216 0.017262 0.006201
v 0.015186 0.017512 0.006185
v 0.015182 0.017762 0.006170
v 0.015183 0.017814 0.006142
v 0.015203 0.018013 0.006154
v 0.015250 0.018263 0.006138
v 0.015273 0.018356 0.006207
v 0.015323 0.018509 0.006121
v 0.015340 0.018560 0.006093
v 0.015421 0.018747 0.006104
v 0.015463 0.018834 0.006173
v 0.015477 0.018863 0.006171
v 0.015554 0.018992 0.006061
v 0.015538 0.018964 0.006063
v 0.015570 0.019020 0.006059
v 0.015686 0.019184 0.006071
v 0.015743 0.019259 0.006140
v 0.015848 0.019377 0.006056
v 0.016027 0.019551 0.006040
v 0.016224 0.019708 0.006024
v 0.016327 0.019782 0.006091
v 0.016458 0.019857 0.005982
v 0.016430 0.019841 0.005984
v 0.016495 0.019877 0.006079
v 0.016669 0.019962 0.005991
v 0.016909 0.020053 0.005974
v 0.017157 0.020120 0.005958
v 0.017407 0.020160 0.005942
v 0.017658 0.020175 0.005926
v 0.017908 0.020164 0.005911
v 0.018159 0.020128 0.005895
v 0.018407 0.020066 0.005878
v 0.018649 0.019978 0.005861
v 0.018766 0.019928 0.005928
v 0.018900 0.019856 0.005818
v 0.018871 0.019871 0.005820
v 0.018935 0.019835 0.005916
v 0.018992 0.019804 0.005911
v 0.019116 0.019720 0.005802
v 0.019089 0.019737 0.005804
v 0.019149 0.019696 0.005899
v 0.019202 0.019660 0.005895
v 0.019315 0.019564 0.005786
v 0.019291 0.019584 0.005788
v 0.019345 0.019537 0.005883
v 0.019480 0.019406 0.005797
v 0.019645 0.019216 0.005781
v 0.019791 0.019008 0.005765
v 0.019916 0.018784 0.005748
v 0.020018 0.018548 0.005732
v 0.020062 0.018428 0.005798
v 0.020101 0.018282 0.005688
v 0.020092 0.018313 0.005690
v 0.020111 0.018242 0.005786
v 0.020127 0.018180 0.005782
v 0.020150 0.018032 0.005672
v 0.020145 0.018063 0.005674
v 0.020155 0.017992 0.005769
v 0.020165 0.017929 0.005765
v 0.020171 0.017812 0.005658
v 0.020173 0.017781 0.005656
v 0.020176 0.017710 0.005752
v 0.020146 0.017302 0.005652
v 0.020139 0.017249 0.005623
v 0.020095 0.017052 0.005635
v 0.020018 0.016807 0.005618
v 0.019973 0.016688 0.005685
v 0.019906 0.016551 0.005575
v 0.019920 0.016580 0.005577
v 0.019888 0.016514 0.005673
v 0.019859 0.016457 0.005668
v 0.019779 0.016328 0.005559
v 0.019796 0.016355 0.005561
v 0.019757 0.016294 0.005656
v 0.019723 0.016240 0.005652
v 0.019631 0.016121 0.005542
v 0.019650 0.016147 0.005544
v 0.019606 0.016090 0.005640
v 0.019567 0.016041 0.005636
v 0.019465 0.015933 0.005527
v 0.019487 0.015956 0.005529
v 0.019444 0.015911 0.005525
v 0.019298 0.015777 0.005538
v 0.019097 0.015623 0.005522
v 0.019054 0.015592 0.005493
v 0.018880 0.015489 0.005505
v 0.018768 0.015428 0.005572
v 0.018628 0.015368 0.005462
v 0.018657 0.015381 0.005464
v 0.018590 0.015353 0.005559
v 0.018531 0.015328 0.005555
v 0.018385 0.015283 0.005445
v 0.018416 0.015292 0.005447
v 0.018346 0.015271 0.005543
v 0.018285 0.015253 0.005539
v 0.018137 0.015223 0.005429
v 0.018168 0.015229 0.005431
v 0.018097 0.015216 0.005526
v 0.018034 0.015203 0.005522
v 0.017886 0.015189 0.005413
v 0.017917 0.015192 0.005415
v 0.017846 0.015186 0.005510
v 0.017657 0.015181 0.005424
v 0.017565 0.015182 0.005493
v 0.017407 0.015195 0.005408
v 0.017156 0.015236 0.005392
v 0.017103 0.015246 0.005364
v 0.016909 0.015302 0.005375
v 0.016668 0.015394 0.005359
v 0.016439 0.015510 0.005342
v 0.016329 0.015573 0.005409
v 0.016206 0.015660 0.005299
v 0.016232 0.015642 0.005301
v 0.016174 0.015684 0.005397
v 0.016122 0.015721 0.005393
v 0.016010 0.015819 0.005283
v 0.016034 0.015798 0.005285
v 0.015981 0.015845 0.005381
v 0.015934 0.015886 0.005377
v 0.015832 0.015994 0.005268
v 0.015854 0.015972 0.005270
v 0.015806 0.016024 0.005366
v 0.015686 0.016172 0.005279
v 0.015611 0.016271 0.005346
v 0.015531 0.016401 0.005236
v 0.015548 0.016374 0.005238
v 0.015514 0.016428 0.005234
v 0.015421 0.016609 0.005246
v 0.015323 0.016847 0.005229
v 0.015250 0.017093 0.005212
v 0.015203 0.017343 0.005196
v 0.015187 0.017466 0.005263
v 0.015181 0.017615 0.005154
v 0.015182 0.017584 0.005156
v 0.015180 0.017654 0.005252
v 0.015178 0.017716 0.005248
v 0.015187 0.017865 0.005138
v 0.015186 0.017834 0.005140
v 0.015190 0.017904 0.005236
v 0.015216 0.018094 0.005149
v 0.015224 0.018148 0.005120
v 0.015271 0.018344 0.005132
v 0.015352 0.018588 0.005116
v 0.015387 0.018675 0.005185
v 0.015458 0.018822 0.005099
v 0.015516 0.018934 0.005166
v 0.015599 0.019062 0.005056
v 0.015582 0.019035 0.005058
v 0.015621 0.019095 0.005153
v 0.015737 0.019249 0.005066
v 0.015815 0.019345 0.005133
v 0.015919 0.019451 0.005024
v 0.015897 0.019428 0.005026
v 0.015946 0.019478 0.005122
v 0.016089 0.019604 0.005035
v 0.016184 0.019683 0.005103
v 0.016311 0.019768 0.004993
v 0.016284 0.019750 0.004995
v 0.016343 0.019789 0.005090
v 0.016512 0.019886 0.005003
v 0.016746 0.019994 0.004986
v 0.016989 0.020078 0.004969
v 0.017238 0.020136 0.004953
v 0.017361 0.020157 0.005020
v 0.017511 0.020170 0.004910
v 0.017479 0.020167 0.004912
v 0.017580 0.020174 0.005006
v 0.017611 0.020177 0.005004
v 0.017760 0.020174 0.004895
v 0.017729 0.020174 0.004897
v 0.017792 0.020174 0.004893
v 0.017989 0.020155 0.004906
v 0.018043 0.020149 0.004877
v 0.018240 0.020111 0.004889
v 0.018486 0.020040 0.004873
v 0.018725 0.019944 0.004856
v 0.018953 0.019825 0.004839
v 0.019165 0.019684 0.004823
v 0.019359 0.019524 0.004807
v 0.019449 0.019441 0.004875
v 0.019550 0.019330 0.004765
v 0.019529 0.019353 0.004767
v 0.019575 0.019302 0.004863
v 0.019694 0.019150 0.004776
v 0.019748 0.019076 0.004845
v 0.019767 0.019050 0.004843
v 0.019846 0.018918 0.004733
v 0.019829 0.018945 0.004735
v 0.019864 0.018884 0.004831
v 0.019952 0.018709 0.004743
v 0.020004 0.018594 0.004810
v 0.020053 0.018448 0.004700
v 0.020043 0.018478 0.004702
v 0.020065 0.018411 0.004797
v 0.020115 0.018222 0.004709
v 0.020157 0.017972 0.004693
v 0.020165 0.017918 0.004665
v 0.020173 0.017782 0.004656
v 0.020175 0.017763 0.004755
v 0.020167 0.017480 0.004638
v 0.020165 0.017449 0.004636
v 0.020163 0.017418 0.004634
v 0.020132 0.017220 0.004646
v 0.020073 0.016972 0.004630
v 0.020058 0.016919 0.004601
v 0.019987 0.016729 0.004613
v 0.019878 0.016496 0.004596
v 0.019852 0.016448 0.004568
v 0.019745 0.016277 0.004580
v 0.019676 0.016175 0.004647
v 0.019579 0.016058 0.004537
v 0.019599 0.016082 0.004539
v 0.019554 0.016030 0.004635
v 0.019423 0.015892 0.004548
v 0.019235 0.015725 0.004533
v 0.019028 0.015577 0.004517
v 0.018806 0.015450 0.004500
v 0.018571 0.015346 0.004483
v 0.018326 0.015266 0.004466
v 0.018077 0.015213 0.004450
v 0.017986 0.015198 0.004519
v 0.017955 0.015193 0.004517
v 0.017804 0.015183 0.004408
v 0.017835 0.015186 0.004410
v 0.017767 0.015182 0.004506
v 0.017576 0.015183 0.004419
v 0.017325 0.015206 0.004403
v 0.017075 0.015254 0.004387
v 0.016986 0.015277 0.004456
v 0.016830 0.015329 0.004370
v 0.016592 0.015429 0.004353
v 0.016367 0.015552 0.004337
v 0.016158 0.015697 0.004320
v 0.016060 0.015771 0.004388
v 0.015950 0.015874 0.004278
v 0.015973 0.015853 0.004280
v 0.015901 0.015921 0.004374
v 0.015878 0.015942 0.004372
v 0.015778 0.016056 0.004263
v 0.015799 0.016033 0.004265
v 0.015755 0.016084 0.004361
v 0.015637 0.016238 0.004273
v 0.015501 0.016455 0.004257
v 0.015387 0.016685 0.004240
v 0.015297 0.016926 0.004223
v 0.015279 0.016978 0.004195
v 0.015232 0.017174 0.004207
v 0.015193 0.017425 0.004191
v 0.015184 0.017514 0.004260
v 0.015181 0.017546 0.004258
v 0.015180 0.017697 0.004149
v 0.015181 0.017666 0.004151
v 0.015180 0.017728 0.004147
v 0.015193 0.017925 0.004160
v 0.015223 0.018135 0.004121
v 0.015230 0.018171 0.004219
v 0.015235 0.018198 0.004117
v 0.015241 0.018229 0.004115
v 0.015283 0.018384 0.004105
v 0.015294 0.018419 0.004202
v 0.015368 0.018627 0.004088
v 0.015393 0.018686 0.004084
v 0.015405 0.018716 0.004082
v 0.015478 0.018859 0.004071
v 0.015496 0.018891 0.004169
v 0.015611 0.019078 0.004055
v 0.015631 0.019108 0.004152
v 0.015763 0.019280 0.004039
v 0.015693 0.019198 0.004095
v 0.015783 0.019304 0.004037
v 0.015804 0.019329 0.004035
v 0.015824 0.019353 0.004033
v 0.015933 0.019464 0.004023
v 0.015868 0.019403 0.004129
v 0.015955 0.019486 0.004021
v 0.015978 0.019508 0.004019
v 0.016004 0.019532 0.004117
v 0.016121 0.019630 0.004008
v 0.016036 0.019563 0.004064
v 0.016146 0.019650 0.004006
v 0.016171 0.019669 0.004004
v 0.016199 0.019691 0.004101
v 0.016328 0.019778 0.003991
v 0.016358 0.019797 0.004089
v 0.016550 0.019905 0.003975
v 0.016607 0.019934 0.003971
v 0.016636 0.019949 0.003969
v 0.016785 0.020009 0.003958
v 0.016819 0.020022 0.004056
v 0.017030 0.020089 0.003941
v 0.017065 0.020098 0.004039
v 0.017279 0.020142 0.003925
v 0.017342 0.020153 0.003921
v 0.017377 0.020157 0.004019
v 0.017530 0.020170 0.003909
v 0.017592 0.020174 0.003905
v 0.017624 0.020176 0.003903
v 0.017780 0.020172 0.003894
v 0.017815 0.020171 0.003992
v 0.018030 0.020149 0.003878
v 0.017923 0.020166 0.003935
v 0.018062 0.020145 0.003876
v 0.018093 0.020140 0.003874
v 0.018129 0.020134 0.003972
v 0.018281 0.020100 0.003862
v 0.018315 0.020092 0.003959
v 0.018526 0.020026 0.003845
v 0.018422 0.020064 0.003902
v 0.018556 0.020015 0.003843
v 0.018587 0.020004 0.003841
v 0.018620 0.019990 0.003938
v 0.018763 0.019926 0.003828
v 0.018664 0.019975 0.003885
v 0.018792 0.019912 0.003826
v 0.018821 0.019898 0.003824
v 0.018853 0.019881 0.003922
v 0.018988 0.019803 0.003812
v 0.018895 0.019861 0.003869
v 0.019016 0.019786 0.003809
v 0.019043 0.019769 0.003807
v 0.019073 0.019749 0.003905
v 0.019198 0.019658 0.003795
v 0.019112 0.019725 0.003852
v 0.019223 0.019639 0.003793
v 0.019248 0.019620 0.003791
v 0.019275 0.019597 0.003889
v 0.019389 0.019496 0.003780
v 0.019312 0.019570 0.003836
v 0.019412 0.019474 0.003778
v 0.019435 0.019453 0.003776
v 0.019459 0.019428 0.003874
v 0.019563 0.019315 0.003764
v 0.019585 0.019288 0.003862
v 0.019718 0.019116 0.003748
v 0.019739 0.019087 0.003846
v 0.019855 0.018900 0.003732
v 0.019801 0.018997 0.003789
v 0.019870 0.018872 0.003730
v 0.019886 0.018844 0.003728
v 0.019903 0.018812 0.003825
v 0.019969 0.018670 0.003715
v 0.019925 0.018772 0.003772
v 0.019982 0.018640 0.003713
v 0.019994 0.018611 0.003711
v 0.020008 0.018577 0.003809
v 0.020059 0.018429 0.003698
v 0.020026 0.018535 0.003756
v 0.020068 0.018398 0.003696
v 0.020078 0.018367 0.003694
v 0.020088 0.018333 0.003792
v 0.020123 0.018181 0.003682
v 0.020102 0.018289 0.003739
v 0.020130 0.018150 0.003680
v 0.020136 0.018118 0.003678
v 0.020142 0.018084 0.003775
v 0.020162 0.017930 0.003666
v 0.020151 0.018038 0.003722
v 0.020165 0.017899 0.003664
v 0.020168 0.017867 0.003662
v 0.020173 0.017801 0.003758
v 0.020162 0.017430 0.003635
v 0.020158 0.017395 0.003732
v 0.020156 0.017367 0.003631
v 0.020153 0.017336 0.003629
v 0.020124 0.017179 0.003619
v 0.020144 0.017270 0.003725
v 0.020118 0.017148 0.003617
v 0.020111 0.017116 0.003614
v 0.020103 0.017082 0.003712
v 0.020060 0.016931 0.003602
v 0.020094 0.017037 0.003659
v 0.020051 0.016900 0.003600
v 0.020041 0.016870 0.003598
v 0.020029 0.016836 0.003696
v 0.019971 0.016690 0.003585
v 0.020015 0.016792 0.003642
v 0.019958 0.016660 0.003583
v 0.019945 0.016631 0.003581
v 0.019930 0.016599 0.003679
v 0.019857 0.016459 0.003568
v 0.019912 0.016556 0.003626
v 0.019841 0.016431 0.003566
v 0.019826 0.016403 0.003564
v 0.019807 0.016373 0.003662
v 0.019721 0.016243 0.003552
v 0.019785 0.016332 0.003609
v 0.019703 0.016217 0.003550
v 0.019684 0.016191 0.003548
v 0.019664 0.016163 0.003646
v 0.019566 0.016044 0.003536
v 0.019637 0.016125 0.003593
v 0.019545 0.016020 0.003534
v 0.019525 0.015996 0.003532
v 0.019480 0.015948 0.003628
v 0.019393 0.015863 0.003521
v 0.019347 0.015820 0.003517
v 0.019322 0.015797 0.003615
v 0.019202 0.015700 0.003505
v 0.019174 0.015679 0.003603
v 0.019151 0.015661 0.003501
v 0.019126 0.015642 0.003499
v 0.018992 0.015555 0.003489
v 0.019072 0.015603 0.003595
v 0.018965 0.015538 0.003487
v 0.018938 0.015521 0.003485
v 0.018908 0.015504 0.003582
v 0.018768 0.015431 0.003472
v 0.018868 0.015479 0.003529
v 0.018739 0.015417 0.003470
v 0.018710 0.015403 0.003468
v 0.018678 0.015389 0.003566
v 0.018531 0.015331 0.003455
v 0.018635 0.015368 0.003513
v 0.018500 0.015320 0.003453
v 0.018470 0.015309 0.003451
v 0.018437 0.015298 0.003549
v 0.018285 0.015256 0.003439
v 0.018393 0.015282 0.003496
v 0.018254 0.015248 0.003437
v 0.018223 0.015240 0.003434
v 0.018189 0.015233 0.003532
v 0.018035 0.015207 0.003422
v 0.018144 0.015222 0.003479
v 0.018004 0.015202 0.003420
v 0.017972 0.015198 0.003418
v 0.017938 0.015194 0.003516
v 0.017785 0.015183 0.003407
v 0.017892 0.015187 0.003463
v 0.017753 0.015182 0.003405
v 0.017722 0.015180 0.003403
v 0.017688 0.015180 0.003501
v 0.017535 0.015185 0.003391
v 0.017501 0.015187 0.003489
v 0.017284 0.015212 0.003375
v 0.017392 0.015194 0.003432
v 0.017252 0.015217 0.003373
v 0.017221 0.015222 0.003371
v 0.017190 0.015227 0.003369
v 0.017034 0.015265 0.003359
v 0.017124 0.015240 0.003465
v 0.017003 0.015274 0.003357
v 0.016972 0.015282 0.003355
v 0.016939 0.015292 0.003453
v 0.016790 0.015344 0.003342
v 0.016894 0.015304 0.003400
v 0.016760 0.015356 0.003340
v 0.016729 0.015367 0.003338
v 0.016697 0.015381 0.003436
v 0.016554 0.015448 0.003325
v 0.016653 0.015397 0.003383
v 0.016526 0.015463 0.003323
v 0.016497 0.015477 0.003321
v 0.016466 0.015494 0.003419
v 0.016332 0.015575 0.003309
v 0.016424 0.015515 0.003366
v 0.016305 0.015592 0.003307
v 0.016278 0.015609 0.003305
v 0.016249 0.015629 0.003403
v 0.016125 0.015723 0.003293
v 0.016210 0.015654 0.003350
v 0.016100 0.015742 0.003291
v 0.016075 0.015762 0.003289
v 0.016049 0.015784 0.003387
v 0.015936 0.015888 0.003277
v 0.016013 0.015812 0.003334
v 0.015914 0.015910 0.003275
v 0.015892 0.015932 0.003273
v 0.015868 0.015956 0.003371
v 0.015766 0.016071 0.003262
v 0.015836 0.015987 0.003318
v 0.015746 0.016096 0.003260
v 0.015726 0.016120 0.003258
v 0.015705 0.016146 0.003356
v 0.015613 0.016273 0.003246
v 0.015675 0.016182 0.003303
v 0.015595 0.016300 0.003244
v 0.015577 0.016326 0.003242
v 0.015559 0.016355 0.003339
v 0.015480 0.016492 0.003229
v 0.015533 0.016394 0.003286
v 0.015465 0.016520 0.003227
v 0.015450 0.016549 0.003225
v 0.015435 0.016579 0.003323
v 0.015370 0.016724 0.003212
v 0.015412 0.016621 0.003270
v 0.015358 0.016754 0.003210
v 0.015346 0.016784 0.003208
v 0.015333 0.016816 0.003306
v 0.015284 0.016967 0.003196
v 0.015315 0.016860 0.003253
v 0.015275 0.016998 0.003193
v 0.015266 0.017028 0.003191
v 0.015257 0.017062 0.003289
v 0.015224 0.017215 0.003179
v 0.015244 0.017107 0.003236
v 0.015218 0.017247 0.003177
v 0.015212 0.017278 0.003175
v 0.015207 0.017312 0.003273
v 0.015190 0.017466 0.003163
v 0.015198 0.017358 0.003220
v 0.015187 0.017498 0.003161
v 0.015184 0.017529 0.003159
v 0.015183 0.017562 0.003257
v 0.015181 0.017716 0.003148
v 0.015179 0.017608 0.003204
v 0.015182 0.017747 0.003146
v 0.015182 0.017779 0.003144
v 0.015183 0.017810 0.003142
v 0.015198 0.017967 0.003132
v 0.015185 0.017874 0.003238
v 0.015201 0.017998 0.003130
v 0.015205 0.018029 0.003128
v 0.015210 0.018063 0.003226
v 0.015240 0.018217 0.003116
v 0.015215 0.018109 0.003173
v 0.015247 0.018248 0.003114
v 0.015254 0.018280 0.003112
v 0.015261 0.018311 0.003110
v 0.015308 0.018464 0.003099
v 0.015277 0.018375 0.003205
v 0.015318 0.018495 0.003097
v 0.015328 0.018525 0.003095
v 0.015340 0.018557 0.003193
v 0.015402 0.018704 0.003082
v 0.015355 0.018602 0.003140
v 0.015415 0.018733 0.003080
v 0.015428 0.018763 0.003078
v 0.015441 0.018792 0.003076
v 0.015519 0.018932 0.003066
v 0.015470 0.018852 0.003172
v 0.015535 0.018960 0.003064
v 0.015551 0.018988 0.003062
v 0.015569 0.019017 0.003159
v 0.015658 0.019146 0.003049
v 0.015593 0.019057 0.003106
v 0.015677 0.019172 0.003047
v 0.015696 0.019198 0.003045
v 0.015716 0.019224 0.003143
v 0.015817 0.019342 0.003034
v 0.015744 0.019262 0.003090
v 0.015838 0.019366 0.003032
v 0.015859 0.019389 0.003030
v 0.015881 0.019413 0.003128
v 0.015993 0.019520 0.003018
v 0.015912 0.019447 0.003075
v 0.016016 0.019541 0.003016
v 0.016039 0.019562 0.003014
v 0.016064 0.019584 0.003112
v 0.016187 0.019680 0.003002
v 0.016098 0.019615 0.003059
v 0.016212 0.019699 0.003000
v 0.016238 0.019718 0.002998
v 0.016265 0.019737 0.003096
v 0.016399 0.019822 0.002986
v 0.016303 0.019765 0.003043
v 0.016426 0.019838 0.002984
v 0.016454 0.019855 0.002982
v 0.016483 0.019871 0.003080
v 0.016626 0.019942 0.002969
v 0.016656 0.019956 0.003067
v 0.016864 0.020038 0.002953
v 0.016896 0.020049 0.003050
v 0.017111 0.020109 0.002936
v 0.017002 0.020085 0.002993
v 0.017142 0.020116 0.002934
v 0.017173 0.020124 0.002932
v 0.017206 0.020130 0.003030
v 0.017361 0.020154 0.002920
v 0.017394 0.020158 0.003018
v 0.017488 0.020169 0.003012
v 0.017456 0.020166 0.002914
v 0.017612 0.020174 0.002904
v 0.017674 0.020175 0.002900
v 0.017705 0.020176 0.002898
v 0.017862 0.020168 0.002889
v 0.017894 0.020165 0.002987
v 0.017988 0.020157 0.002981
v 0.017956 0.020161 0.002883
v 0.018113 0.020136 0.002873
v 0.018175 0.020125 0.002869
v 0.018208 0.020118 0.002967
v 0.018362 0.020079 0.002856
v 0.018394 0.020070 0.002954
v 0.018605 0.019996 0.002839
v 0.018665 0.019972 0.002835
v 0.018695 0.019958 0.002933
v 0.018838 0.019888 0.002823
v 0.018895 0.019858 0.002819
v 0.018924 0.019842 0.002916
v 0.019059 0.019758 0.002806
v 0.019086 0.019739 0.002904
v 0.019263 0.019607 0.002790
v 0.019311 0.019567 0.002786
v 0.019336 0.019545 0.002884
v 0.019448 0.019438 0.002775
v 0.019471 0.019415 0.002873
v 0.019536 0.019348 0.002867
v 0.019514 0.019372 0.002769
v 0.019616 0.019252 0.002759
v 0.019655 0.019203 0.002755
v 0.019675 0.019177 0.002853
v 0.019800 0.018994 0.002739
v 0.019817 0.018966 0.002837
v 0.019895 0.018826 0.002726
v 0.019924 0.018769 0.002722
v 0.019938 0.018739 0.002820
v 0.020001 0.018592 0.002710
v 0.019960 0.018697 0.002767
v 0.020013 0.018562 0.002707
v 0.020025 0.018532 0.002705
v 0.020036 0.018501 0.002803
v 0.020083 0.018348 0.002693
v 0.020091 0.018316 0.002791
v 0.020139 0.018099 0.002676
v 0.020144 0.018067 0.002774
v 0.020177 0.017723 0.002653
v 0.020170 0.017499 0.002639
v 0.020153 0.017348 0.002629
v 0.020148 0.017316 0.002727
v 0.020106 0.017097 0.002613
v 0.020133 0.017206 0.002670
v 0.020099 0.017066 0.002611
v 0.020091 0.017035 0.002609
v 0.020083 0.017004 0.002707
v 0.020034 0.016851 0.002597
v 0.020072 0.016957 0.002654
v 0.020023 0.016821 0.002594
v 0.020012 0.016790 0.002592
v 0.020000 0.016760 0.002690
v 0.019936 0.016613 0.002580
v 0.019922 0.016584 0.002678
v 0.019815 0.016387 0.002563
v 0.019798 0.016359 0.002661
v 0.019672 0.016176 0.002547
v 0.019653 0.016150 0.002645
v 0.019511 0.015983 0.002531
v 0.019469 0.015937 0.002527
v 0.019446 0.015914 0.002625
v 0.019332 0.015808 0.002516
v 0.019285 0.015766 0.002512
v 0.019261 0.015746 0.002610
v 0.019135 0.015650 0.002500
v 0.019083 0.015613 0.002496
v 0.019057 0.015595 0.002594
v 0.018920 0.015512 0.002483
v 0.018865 0.015480 0.002479
v 0.018836 0.015465 0.002577
v 0.018691 0.015396 0.002467
v 0.018662 0.015383 0.002565
v 0.018451 0.015304 0.002450
v 0.018420 0.015294 0.002548
v 0.018204 0.015237 0.002433
v 0.018172 0.015230 0.002531
v 0.018141 0.015223 0.002429
v 0.017953 0.015196 0.002417
v 0.017922 0.015193 0.002515
v 0.017703 0.015181 0.002402
v 0.017640 0.015180 0.002398
v 0.017609 0.015181 0.002496
v 0.017453 0.015191 0.002386
v 0.017421 0.015194 0.002484
v 0.017171 0.015233 0.002468
v 0.017108 0.015245 0.002364
v 0.016923 0.015298 0.002451
v 0.016682 0.015388 0.002435
v 0.016452 0.015503 0.002418
v 0.015857 0.015969 0.002370
v 0.015551 0.016370 0.002338
v 0.015428 0.016595 0.002322
v 0.015323 0.016848 0.002254
v 0.015317 0.016863 0.002203
v 0.015203 0.017344 0.002221
v 0.015200 0.017360 0.002170
v 0.015216 0.018095 0.002174
v 0.015218 0.018112 0.002123
v 0.015347 0.018573 0.002192
v 0.015452 0.018808 0.002175
v 0.015893 0.019424 0.002127
v 0.016280 0.019746 0.002095
v 0.016499 0.019879 0.002079
v 0.016500 0.019879 0.001979
v 0.016703 0.019976 0.001964
v 0.016791 0.020013 0.002058
v 0.017097 0.020109 0.002037
v 0.017224 0.020133 0.001929
v 0.017285 0.020144 0.002025
v 0.017536 0.020171 0.002009
v 0.017677 0.020175 0.001950
v 0.017725 0.020174 0.001897
v 0.017771 0.020174 0.001944
v 0.014711 0.018259 0.001669
v 0.019264 0.015126 0.002039
v 0.020597 0.016965 0.002163
v 0.016874 0.014775 0.001908
v 0.020172 0.019344 0.002294
v 0.015156 0.016012 0.001794
v 0.020325 0.019090 0.003278
v 0.016365 0.020375 0.002522
v 0.020558 0.016840 0.003155
v 0.015015 0.016286 0.002777
v 0.014843 0.018696 0.002645
v 0.016706 0.020528 0.001502
v 0.019789 0.015539 0.002073
v 0.018787 0.020471 0.002391
v 0.016255 0.015037 0.001871
v 0.020423 0.018898 0.002267
v 0.014815 0.016781 0.001748
v 0.015833 0.020059 0.001557
v 0.015936 0.020126 0.002549
v 0.018854 0.014918 0.003014
v 0.020447 0.016524 0.003137
v 0.020152 0.019375 0.003296
v 0.014826 0.016745 0.002750
v 0.020466 0.018785 0.003260
v 0.019304 0.015152 0.003042
v 0.020301 0.016222 0.003119
v 0.019950 0.019636 0.003314
v 0.015290 0.015861 0.002804
v 0.016675 0.020505 0.002504
v 0.018900 0.020417 0.003383
v 0.020432 0.016490 0.002135
v 0.016319 0.020367 0.003524
v 0.014964 0.016399 0.003770
v 0.018587 0.020537 0.003401
v 0.014942 0.018938 0.004631
v 0.016153 0.020266 0.004535
v 0.018551 0.020548 0.004403
v 0.020373 0.019005 0.005273
v 0.015123 0.016105 0.003788
v 0.018889 0.014933 0.004016
v 0.020223 0.019274 0.004290
v 0.014832 0.018669 0.003648
v 0.017274 0.014705 0.003929
v 0.018575 0.014815 0.003998
v 0.020581 0.016875 0.004157
v 0.016321 0.015002 0.003875
v 0.014738 0.017018 0.003733
v 0.020452 0.018820 0.004262
v 0.016654 0.014844 0.004896
v 0.016605 0.020479 0.004508
v 0.018866 0.020432 0.004385
v 0.019165 0.020283 0.004367
v 0.019226 0.015095 0.005037
v 0.014850 0.016675 0.004754
v 0.018458 0.014776 0.004991
v 0.020597 0.018385 0.005237
v 0.015747 0.019974 0.004562
v 0.016784 0.014809 0.003902
v 0.017948 0.020678 0.003437
v 0.018539 0.014804 0.002996
v 0.020202 0.018373 0.000890
v 0.018670 0.014842 0.002003
v 0.015002 0.019034 0.001625
v 0.014702 0.017267 0.001721
v 0.017358 0.020661 0.001466
v 0.017856 0.014671 0.001960
v 0.015971 0.015211 0.001853
v 0.015259 0.019460 0.001598
v 0.020203 0.016050 0.002108
v 0.020686 0.017793 0.002206
v 0.020581 0.018432 0.002240
v 0.015149 0.019292 0.002609
v 0.019229 0.020245 0.002363
v 0.017815 0.020696 0.002443
v 0.016996 0.020599 0.002486
v 0.014708 0.017221 0.002724
v 0.015619 0.015490 0.002830
v 0.015444 0.019688 0.002583
v 0.015710 0.015413 0.001836
v 0.020484 0.016602 0.001142
v 0.020175 0.016713 0.000839
v 0.020299 0.017345 0.000858
v 0.020678 0.017424 0.001187
v 0.019735 0.015930 0.000809
v 0.018800 0.014882 0.001010
v 0.018595 0.015086 0.000766
v 0.019026 0.015115 0.000904
v 0.019870 0.015630 0.001080
v 0.020171 0.016002 0.001105
v 0.018664 0.020523 0.001397
v 0.019034 0.019837 0.000953
v 0.019757 0.019856 0.002329
v 0.020631 0.018230 0.001229
v 0.018318 0.020133 0.000978
v 0.017842 0.020678 0.001441
v 0.019648 0.019356 0.000927
v 0.020246 0.018949 0.001153
v 0.019784 0.019831 0.001327
v 0.014679 0.017876 0.002689
v 0.020572 0.018468 0.003242
v 0.020662 0.017328 0.003182
v 0.016747 0.014801 0.002899
v 0.017119 0.020630 0.003479
v 0.015130 0.019261 0.003611
v 0.020239 0.016108 0.004112
v 0.018215 0.014726 0.002978
v 0.015312 0.015832 0.003806
v 0.016032 0.015169 0.003857
v 0.017928 0.014676 0.003962
v 0.019331 0.015169 0.004044
v 0.020562 0.018503 0.004244
v 0.016924 0.020581 0.004490
v 0.015923 0.015239 0.004850
v 0.020588 0.016905 0.005159
v 0.020255 0.016133 0.005114
v 0.014756 0.016996 0.004736
v 0.020682 0.017733 0.005202
v 0.020683 0.017858 0.004209
v 0.014709 0.018140 0.004677
v 0.019198 0.020264 0.003365
v 0.020667 0.017981 0.003215
v 0.020124 0.015940 0.003101
v 0.019605 0.019983 0.003338
v 0.015642 0.015468 0.003832
v 0.015420 0.019659 0.003585
v 0.016001 0.015190 0.002855
v 0.019809 0.015560 0.003076
v 0.015775 0.019997 0.003560
v 0.019841 0.015594 0.004078
v 0.014678 0.017847 0.003691
v 0.017729 0.014674 0.002953
v 0.017731 0.020700 0.004449
v 0.019581 0.020002 0.004340
v 0.019927 0.019663 0.004316
v 0.015395 0.019632 0.004586
v 0.019856 0.015609 0.005079
v 0.014680 0.017477 0.004710
v 0.017961 0.014691 0.004965
v 0.015552 0.015561 0.004825
v 0.020109 0.019435 0.005300
v 0.017473 0.014680 0.004940
v 0.015131 0.016068 0.004789
v 0.019278 0.020220 0.005360
v 0.019787 0.019817 0.005326
v 0.016111 0.020241 0.005538
v 0.014986 0.016326 0.005774
v 0.018191 0.020633 0.005423
v 0.018322 0.020612 0.006416
v 0.020186 0.019331 0.006293
v 0.016383 0.020389 0.006521
v 0.015358 0.015775 0.005810
v 0.017864 0.020672 0.005441
v 0.020422 0.018889 0.006266
v 0.017340 0.014684 0.005934
v 0.016385 0.014957 0.005879
v 0.019418 0.015229 0.007049
v 0.015163 0.016018 0.006795
v 0.020680 0.017788 0.007206
v 0.020633 0.017135 0.007172
v 0.014698 0.018067 0.006680
v 0.020444 0.016505 0.007136
v 0.016501 0.020437 0.007514
v 0.016896 0.014777 0.006909
v 0.014859 0.018719 0.006644
v 0.018275 0.020622 0.007419
v 0.018990 0.014980 0.007022
v 0.014810 0.018600 0.005650
v 0.016054 0.020205 0.007542
v 0.019167 0.015068 0.008034
v 0.017253 0.014703 0.007928
v 0.020641 0.017181 0.008174
v 0.018208 0.020652 0.009423
v 0.019493 0.015262 0.009053
v 0.016783 0.014802 0.008902
v 0.020675 0.017384 0.009184
v 0.020147 0.019389 0.008297
v 0.015297 0.015845 0.007806
v 0.014695 0.018035 0.007682
v 0.014951 0.016416 0.007769
v 0.020513 0.016698 0.008147
v 0.014843 0.018673 0.007646
v 0.015422 0.019674 0.007585
v 0.018255 0.020626 0.008420
v 0.018883 0.020430 0.008384
v 0.019707 0.015463 0.008068
v 0.017601 0.020682 0.008455
v 0.016168 0.020270 0.008534
v 0.016769 0.014819 0.007901
v 0.014787 0.018480 0.008657
v 0.020315 0.019154 0.009282
v 0.017462 0.014977 0.008867
v 0.015122 0.017818 0.009395
v 0.015160 0.018075 0.009345
v 0.014784 0.016839 0.008743
v 0.016103 0.019730 0.009329
v 0.014675 0.017780 0.005695
v 0.018799 0.014890 0.006011
v 0.018797 0.020461 0.006389
v 0.020589 0.018423 0.006239
v 0.015720 0.019950 0.005564
v 0.019525 0.015299 0.006055
v 0.020688 0.017431 0.006187
v 0.017658 0.020683 0.006450
v 0.016570 0.020466 0.005510
v 0.015690 0.019941 0.006566
v 0.016274 0.015021 0.006872
v 0.018762 0.020475 0.007391
v 0.017630 0.020681 0.007452
v 0.020407 0.018923 0.007268
v 0.014814 0.016768 0.006749
v 0.018515 0.014792 0.006995
v 0.015720 0.015399 0.006837
v 0.016966 0.020597 0.007487
v 0.019252 0.020237 0.006362
v 0.019772 0.019832 0.006327
v 0.015270 0.019486 0.005597
v 0.016888 0.020572 0.005492
v 0.015697 0.015418 0.005835
v 0.014765 0.016959 0.005738
v 0.017373 0.020666 0.005466
v 0.020095 0.015894 0.006098
v 0.018166 0.014713 0.005975
v 0.014703 0.017286 0.005720
v 0.017005 0.020606 0.006485
v 0.019795 0.015552 0.007075
v 0.020581 0.018452 0.007241
v 0.019218 0.020257 0.007364
v 0.017700 0.014667 0.006951
v 0.014686 0.017408 0.006714
v 0.015154 0.019308 0.006608
v 0.019986 0.019629 0.007311
v 0.020116 0.015922 0.007100
v 0.015054 0.019133 0.007619
v 0.020318 0.016242 0.008120
v 0.020678 0.017826 0.008208
v 0.014894 0.018797 0.008639
v 0.016624 0.020491 0.008507
v 0.014689 0.017988 0.008684
v 0.019710 0.019891 0.008331
v 0.016012 0.015156 0.007856
v 0.020573 0.018481 0.008243
v 0.015761 0.019992 0.008560
v 0.015037 0.019100 0.008621
v 0.018553 0.014804 0.007997
v 0.018751 0.014876 0.009008
v 0.020203 0.016747 0.009052
v 0.015740 0.019872 0.009500
v 0.016201 0.019780 0.009273
v 0.015215 0.015945 0.008798
v 0.014900 0.017683 0.009500
v 0.014702 0.017209 0.007723
v 0.020391 0.018956 0.008270
v 0.019323 0.020186 0.008357
v 0.015303 0.019518 0.008594
v 0.020036 0.015823 0.008093
v 0.017912 0.014683 0.007962
v 0.014683 0.017503 0.008709
v 0.017104 0.020622 0.008480
v 0.015656 0.015461 0.008832
v 0.020058 0.015852 0.009095
v 0.020329 0.016265 0.009121
v 0.015207 0.019144 0.009500
v 0.020635 0.018210 0.009228
v 0.016038 0.015160 0.008858
v 0.015359 0.019406 0.009500
v 0.015537 0.019649 0.009500
v 0.019689 0.019910 0.009333
v 0.019143 0.020301 0.009368
v 0.015203 0.016593 0.009500
v 0.014989 0.017090 0.009500
v 0.020430 0.016471 0.006135
v 0.018685 0.020508 0.005396
v 0.017991 0.014942 0.000746
v 0.014687 0.017963 0.000685
v 0.014772 0.017918 0.000600
v 0.014713 0.017146 0.000729
v 0.014869 0.017024 0.000623
v 0.014992 0.018881 0.000549
v 0.014823 0.018612 0.000650
v 0.015370 0.019564 0.000569
v 0.015743 0.019977 0.000562
v 0.015137 0.019208 0.000580
v 0.016136 0.020251 0.000536
v 0.016665 0.014849 0.000896
v 0.016605 0.015078 0.000703
v 0.017484 0.014910 0.000731
v 0.017319 0.014694 0.000932
v 0.016222 0.015054 0.000869
v 0.015195 0.016129 0.000722
v 0.014933 0.016613 0.000698
v 0.015679 0.015424 0.000833
v 0.015718 0.015620 0.000674
v 0.016507 0.020432 0.000507
v 0.016433 0.020407 0.000518
v 0.016745 0.020529 0.000500
v 0.017990 0.014690 0.000966
v 0.016440 0.020140 0.000744
v 0.016318 0.019928 0.000871
v 0.016583 0.020341 0.000621
v 0.016459 0.015481 0.009310
v 0.018136 0.015150 0.009368
v 0.019291 0.015628 0.009409
v 0.017759 0.015122 0.009355
v 0.019853 0.016181 0.009434
v 0.019443 0.015749 0.009415
v 0.020319 0.017229 0.009470
v 0.020133 0.016676 0.009452
v 0.020186 0.018782 0.009500
v 0.020003 0.019190 0.009500
v 0.019553 0.019793 0.009500
v 0.020353 0.018112 0.009499
v 0.018607 0.015262 0.009383
v 0.016893 0.015276 0.009326
v 0.018531 0.020441 0.009500
v 0.018242 0.020533 0.009500
v 0.017145 0.020634 0.009484
v 0.016813 0.020553 0.009499
v 0.017780 0.020618 0.009500
v 0.018939 0.020253 0.009500
v 0.019051 0.015469 0.009400
v 0.016713 0.015350 0.009320
v 0.017254 0.015169 0.009338
v 0.015148 0.019290 0.000500
v 0.015002 0.019034 0.000500
v 0.015318 0.019530 0.000500
v 0.015072 0.020474 0.000500
v 0.015620 0.019866 0.000500
v 0.014723 0.018199 0.000500
v 0.014669 0.017624 0.000500
v 0.013889 0.018098 0.000500
v 0.014226 0.019310 0.000500
v 0.014789 0.018486 0.000500
v 0.016470 0.020424 0.000500
v 0.016340 0.021258 0.000500
v 0.016207 0.020292 0.000500
v 0.017029 0.020607 0.000500
v 0.017705 0.021091 0.000367
v 0.015958 0.020136 0.000500
v 0.014571 0.016559 0.000374
v 0.014167 0.016223 0.000500
v 0.015221 0.015940 0.000500
v 0.014535 0.015521 0.000500
v 0.014931 0.016470 0.000500
v 0.015603 0.015511 0.000500
v 0.015296 0.014702 0.000500
v 0.016174 0.015062 0.000500
v 0.016334 0.013954 0.000593
v 0.015886 0.014326 0.000500
v 0.016869 0.014789 0.000500
v 0.017453 0.014675 0.000500
v 0.016935 0.013942 0.000500
v 0.018236 0.021442 0.000500
v 0.018040 0.020659 0.000500
v 0.018486 0.020567 0.000500
v 0.018766 0.020473 0.000500
v 0.019310 0.021130 0.000500
v 0.019162 0.020289 0.000500
v 0.020088 0.020615 0.000500
v 0.019758 0.019853 0.000500
v 0.020594 0.020132 0.000500
v 0.020301 0.019153 0.000500
v 0.021181 0.019180 0.000500
v 0.020399 0.017702 0.000777
v 0.020616 0.018326 0.000500
v 0.021492 0.017918 0.000500
v 0.020669 0.017448 0.000500
v 0.019132 0.014167 0.000500
v 0.018501 0.014775 0.000500
v 0.018419 0.013951 0.000500
v 0.018781 0.014041 0.000500
v 0.020088 0.014740 0.000500
v 0.019415 0.015221 0.000500
v 0.019634 0.014413 0.000500
v 0.017864 0.013876 0.000500
v 0.020049 0.015825 0.000500
v 0.021405 0.016936 0.000500
v 0.021188 0.016223 0.000500
v 0.020541 0.016725 0.000500
v 0.021314 0.016575 0.000500
v 0.020474 0.015099 0.000500
v 0.020837 0.015567 0.000500
v 0.021029 0.015886 0.000500
v 0.014319 0.018573 0.009642
v 0.014640 0.019997 0.009500
v 0.013811 0.017190 0.009466
v 0.016482 0.021416 0.009459
v 0.014085 0.016427 0.009500
v 0.014576 0.015444 0.009500
v 0.015465 0.016447 0.009399
v 0.015480 0.016110 0.009500
v 0.015984 0.015567 0.009500
v 0.016397 0.014097 0.009500
v 0.016721 0.015138 0.009500
v 0.017437 0.013863 0.009500
v 0.017433 0.014986 0.009500
v 0.018555 0.021398 0.009500
v 0.020683 0.020224 0.009434
v 0.019499 0.021111 0.009475
v 0.021017 0.019516 0.009500
v 0.021493 0.018633 0.009430
v 0.020382 0.017667 0.009500
v 0.021459 0.018050 0.009500
v 0.019093 0.014138 0.009500
v 0.018640 0.015142 0.009500
v 0.019355 0.015553 0.009500
v 0.017929 0.014986 0.009500
v 0.018441 0.013839 0.009443
v 0.020182 0.016635 0.009500
v 0.021466 0.017170 0.009500
v 0.020339 0.017222 0.009500
v 0.019796 0.015997 0.009500
v 0.020622 0.015261 0.009500
v 0.013733 0.017694 0.000562
v 0.013708 0.017839 0.009385
v 0.013790 0.016716 0.000700
v 0.014223 0.015607 0.000708
v 0.013982 0.016147 0.009300
v 0.014586 0.015140 0.009300
v 0.014150 0.015792 0.009300
v 0.013802 0.016671 0.009300
v 0.015266 0.014462 0.000696
v 0.014849 0.014849 0.009300
v 0.015455 0.014352 0.009300
v 0.015140 0.014586 0.009300
v 0.016348 0.013900 0.009302
v 0.017090 0.013715 0.000700
v 0.015900 0.014198 0.009473
v 0.018323 0.013706 0.000700
v 0.017678 0.013678 0.009300
v 0.018839 0.013850 0.009300
v 0.018070 0.013697 0.009300
v 0.019794 0.014256 0.000700
v 0.019563 0.014150 0.009300
v 0.019900 0.014352 0.009300
v 0.019208 0.013982 0.009300
v 0.020919 0.015301 0.000696
v 0.020770 0.015140 0.009300
v 0.021004 0.015455 0.009300
v 0.021588 0.016715 0.000704
v 0.021505 0.016517 0.009300
v 0.021658 0.017286 0.009300
v 0.021205 0.015792 0.009300
v 0.020509 0.014961 0.009467
v 0.014352 0.015455 0.009300
v 0.017090 0.013718 0.009300
v 0.020215 0.014586 0.009300
v 0.021329 0.016315 0.009465
v 0.021601 0.016897 0.009300
v 0.021676 0.017874 0.000700
v 0.021679 0.017865 0.009299
v 0.021566 0.018642 0.000701
v 0.021293 0.019400 0.000700
v 0.021239 0.019525 0.009300
v 0.020882 0.020080 0.000698
v 0.020029 0.020942 0.000700
v 0.020215 0.020770 0.009300
v 0.019900 0.021004 0.009300
v 0.018654 0.021577 0.000700
v 0.018839 0.021505 0.009300
v 0.018458 0.021601 0.009300
v 0.019208 0.021373 0.009300
v 0.017087 0.021662 0.000700
v 0.017076 0.021563 0.009451
v 0.016968 0.021526 0.009456
v 0.015575 0.021108 0.000703
v 0.015792 0.021205 0.009300
v 0.015140 0.020770 0.009300
v 0.015809 0.021133 0.009459
v 0.014425 0.020047 0.000695
v 0.014586 0.020215 0.009300
v 0.014150 0.019563 0.009300
v 0.014352 0.019900 0.009300
v 0.013896 0.018994 0.000700
v 0.013911 0.019038 0.009300
v 0.013718 0.018265 0.000700
v 0.013868 0.018675 0.009435
v 0.014849 0.020506 0.009300
v 0.018070 0.021658 0.009300
v 0.017678 0.021678 0.009300
v 0.016517 0.021505 0.009300
v 0.020678 0.017678 0.000500
v 0.016473 0.020415 0.000508
v 0.016205 0.020269 0.000517
v 0.016280 0.019845 0.000919
v 0.016409 0.020087 0.000776
v 0.016556 0.020303 0.000644
v 0.016280 0.020316 0.000515
v 0.016064 0.020181 0.000522
v 0.016226 0.020282 0.000517
v 0.015987 0.020123 0.000525
v 0.015858 0.020026 0.000529
v 0.015666 0.019855 0.000536
v 0.007949 -0.015452 0.009200
v 0.008863 -0.015373 0.009200
v 0.013596 -0.013064 0.009200
v 0.012864 -0.016352 0.009200
v 0.011084 -0.015973 0.009200
v 0.012192 -0.010899 0.009200
v 0.010531 -0.009898 0.009200
v -0.007075 -0.015732 0.009200
v 0.012616 -0.018067 0.009200
v -0.002885 -0.017029 0.009200
v 0.003846 -0.016869 0.009200
v -0.005376 -0.016391 0.009200
v -0.011000 -0.009987 0.009200
v -0.013134 -0.012112 0.009200
v -0.013434 -0.014627 0.009200
v -0.013488 -0.013607 0.009200
v -0.013129 -0.015602 0.009200
v -0.009336 -0.015309 0.009200
v -0.000000 -0.017250 0.009200
v -0.012562 -0.017390 0.009200
v -0.012666 -0.018187 0.009200
v -0.029264 0.002081 0.017200
v -0.029476 0.001179 0.017200
v -0.026061 0.001061 0.017200
v -0.028509 0.002812 0.017200
v -0.027638 0.003130 0.017200
v -0.025772 0.002609 0.017200
v -0.026506 0.000300 0.017200
v -0.028572 -0.001855 0.017200
v -0.028314 -0.002982 0.017200
v -0.029476 -0.001179 0.017200
v -0.027070 -0.003058 0.017200
v -0.024437 0.001812 0.017200
v -0.024107 0.001236 0.017200
v -0.024001 0.002292 0.017200
v -0.022927 0.001467 0.017200
v -0.023495 0.000243 0.017200
v -0.024241 -0.002324 0.017200
v -0.025893 -0.001236 0.017200
v -0.025000 -0.001500 0.017200
v -0.022492 -0.000398 0.017200
v -0.023950 -0.001165 0.017200
v -0.023211 -0.001746 0.017200
v -0.018802 0.020038 0.017200
v -0.021598 0.020224 0.017200
v -0.018622 0.022596 0.017200
v -0.019987 0.018634 0.017200
v -0.025268 0.015224 0.017200
v -0.020068 0.016688 0.017200
v -0.015986 0.022570 0.017200
v -0.016817 0.022753 0.017200
v -0.015927 0.019619 0.017200
v -0.012933 0.019581 0.017200
v -0.013434 0.014627 0.017200
v -0.017305 0.014989 0.017200
v -0.014840 0.022002 0.017200
v -0.026646 0.012500 0.017200
v -0.021855 0.012973 0.017200
v -0.024878 0.012383 0.017200
v -0.023240 0.012424 0.017200
v -0.026365 0.012045 0.017200
v -0.020482 0.013211 0.017200
v -0.017435 0.012536 0.017200
v -0.016040 0.011792 0.017200
v -0.013488 0.013607 0.017200
v -0.013129 0.015602 0.017200
v -0.014151 0.017588 0.017202
v -0.014408 0.009578 0.017200
v -0.013082 0.012034 0.017200
v -0.003150 0.009800 0.017200
v -0.001264 0.009279 0.017200
v 0.000600 0.009800 0.017200
v -0.011284 0.010169 0.017200
v -0.011469 0.007619 0.017200
v -0.009399 0.009800 0.017200
v -0.009980 0.007319 0.017200
v -0.013037 0.008378 0.017200
v -0.002126 0.007305 0.017200
v -0.002309 0.007733 0.017200
v -0.001800 0.007200 0.017200
v -0.002353 0.007143 0.017200
v 0.000893 0.007200 0.017200
v 0.002121 0.005220 0.017200
v -0.026329 -0.012043 0.017200
v -0.024878 -0.012383 0.017200
v -0.026642 -0.012460 0.017200
v -0.026508 -0.013115 0.016580
v -0.023240 -0.012424 0.017200
v -0.002175 -0.008164 0.017200
v -0.003150 -0.009800 0.017200
v -0.017178 -0.015167 0.017200
v -0.020050 -0.013118 0.017200
v -0.016778 -0.012279 0.017200
v -0.021520 -0.013095 0.017200
v -0.019445 -0.015910 0.017200
v -0.018634 -0.015368 0.017200
v -0.013488 -0.013607 0.017200
v -0.020288 -0.017813 0.017200
v -0.020689 -0.021252 0.017200
v 0.014461 -0.004724 0.017200
v 0.017048 -0.007200 0.017200
v -0.019445 -0.019445 0.017200
v -0.018634 -0.019987 0.017200
v -0.017678 -0.020178 0.017200
v 0.018656 -0.003760 0.017200
v -0.015515 -0.016344 0.017200
v -0.013434 -0.014627 0.017200
v -0.014257 -0.021456 0.016167
v -0.017242 -0.022905 0.017200
v -0.015212 -0.022216 0.017200
v -0.013113 -0.012122 0.017200
v -0.000811 -0.009493 0.017200
v 0.000600 -0.009800 0.017200
v -0.011134 -0.007485 0.017200
v -0.004017 -0.007245 0.017200
v -0.002506 -0.007708 0.017460
v -0.010823 -0.010025 0.017200
v -0.013922 -0.008998 0.017200
v -0.012192 -0.010899 0.017200
v -0.009399 -0.009800 0.017200
v -0.001878 -0.006881 0.017633
v -0.000005 -0.007200 0.017200
v 0.000728 -0.005624 0.017200
v 0.003585 -0.007200 0.017200
v -0.001800 -0.007200 0.017200
v -0.012745 -0.016805 0.017200
v -0.015654 -0.011370 0.017200
v -0.014530 -0.021706 0.017200
v -0.012810 -0.018971 0.017200
v -0.015513 -0.019316 0.017200
v -0.013794 -0.020826 0.017200
v 0.013080 0.019643 0.017200
v 0.015507 0.020884 0.017200
v 0.013794 0.020826 0.017200
v 0.016721 0.019987 0.017200
v 0.012718 0.018309 0.017200
v 0.012706 0.017302 0.017200
v 0.013605 0.013897 0.017200
v 0.017918 0.021615 0.017200
v 0.015864 0.022588 0.017200
v 0.019276 0.022228 0.017200
v 0.015234 0.016665 0.017200
v 0.012625 0.011324 0.017200
v 0.013374 0.010053 0.017200
v 0.010559 0.009855 0.017200
v 0.020393 0.012842 0.017378
v 0.017813 0.015067 0.017200
v 0.018258 0.004078 0.017200
v 0.019059 0.003178 0.017200
v 0.019683 0.020834 0.017200
v 0.020141 0.016804 0.017200
v 0.021748 0.013842 0.017200
v 0.023544 0.015857 0.017200
v 0.023997 0.017158 0.017200
v 0.025641 0.014588 0.017200
v 0.025964 0.011849 0.017200
v 0.027010 0.011862 0.017200
v 0.022687 0.001442 0.017200
v 0.026920 0.007200 0.017200
v 0.012560 0.007200 0.017200
v 0.021322 0.001457 0.017200
v 0.019569 0.002164 0.017200
v 0.020689 0.001061 0.017200
v 0.020034 -0.000106 0.017200
v 0.027412 0.007609 0.017200
v 0.027320 0.007399 0.017200
v 0.029046 0.005705 0.017200
v 0.023826 0.000411 0.017200
v 0.027143 0.007252 0.017200
v 0.010083 -0.009829 0.017200
v 0.010581 -0.009736 0.017200
v 0.012625 -0.011324 0.017200
v 0.016284 -0.010959 0.017200
v 0.013550 -0.013602 0.017200
v 0.017219 -0.004688 0.017200
v 0.020054 -0.012562 0.017200
v 0.016993 -0.015051 0.017200
v 0.012734 -0.016927 0.017200
v 0.012718 -0.018309 0.017200
v 0.013129 -0.015602 0.017200
v 0.015067 -0.017813 0.017200
v 0.013518 -0.020574 0.017200
v 0.015910 -0.019445 0.017200
v 0.016721 -0.019987 0.017200
v 0.016250 -0.022761 0.017200
v 0.019227 -0.022328 0.017200
v 0.021622 -0.001535 0.017200
v 0.019962 -0.000292 0.017200
v 0.023143 -0.001236 0.017200
v 0.019584 -0.002094 0.017200
v 0.026920 -0.007200 0.017200
v 0.005380 0.007200 0.017200
v 0.029222 -0.004298 0.017200
v 0.027250 -0.007303 0.017200
v 0.028091 -0.009009 0.017200
v 0.027411 -0.007689 0.017200
v 0.017029 0.004733 0.017200
v 0.026759 -0.010779 0.017200
v 0.020380 -0.017140 0.017200
v 0.023269 -0.015785 0.017200
v 0.021763 -0.013827 0.017200
v 0.018552 -0.020141 0.017200
v 0.022097 -0.019544 0.017200
v 0.023997 -0.017158 0.017200
v 0.024585 -0.015190 0.017200
v -0.022879 -0.018690 0.015650
v -0.019960 -0.021722 0.015650
v 0.022906 -0.018880 0.015650
v 0.027524 -0.010715 0.015650
v 0.029138 -0.004832 0.015650
v 0.029500 -0.000000 0.016425
v 0.026945 0.012253 0.015650
v 0.029138 0.004832 0.015650
v 0.023096 0.018390 0.015650
v -0.033840 -0.003333 0.015397
v -0.031366 -0.012992 0.015538
v -0.029241 -0.017327 0.015335
v -0.020483 -0.027122 0.015200
v -0.022945 -0.025089 0.015550
v -0.010952 -0.032161 0.015369
v -0.004983 -0.033596 0.015470
v 0.003328 -0.033787 0.015470
v -0.001145 -0.033955 0.015450
v 0.011611 -0.031945 0.015350
v 0.016004 -0.029941 0.015450
v 0.006623 -0.033298 0.015425
v 0.024006 -0.024006 0.015650
v 0.028228 -0.018862 0.015650
v 0.025293 -0.022719 0.015369
v 0.031870 -0.011775 0.015228
v 0.031366 -0.012992 0.015650
v 0.033380 -0.006579 0.015350
v 0.033661 -0.004695 0.015650
v 0.029240 -0.017348 0.015335
v 0.020130 -0.027398 0.015538
v -0.032825 -0.008761 0.015500
v -0.028228 -0.018862 0.015650
v -0.017466 -0.029141 0.015650
v 0.009855 -0.032488 0.015650
v -0.033818 0.003802 0.015579
v 0.017912 0.028869 0.015546
v 0.023200 0.024819 0.015369
v 0.021538 0.026244 0.015650
v 0.005501 0.033526 0.015470
v 0.009855 0.032488 0.015200
v 0.014521 0.030703 0.015425
v 0.033950 0.001668 0.015425
v 0.028273 0.018892 0.015425
v 0.030932 0.014052 0.015350
v 0.026244 0.021538 0.015650
v -0.026974 0.020656 0.015500
v -0.029406 0.017016 0.015350
v -0.033039 0.007971 0.015200
v -0.031809 0.011936 0.015538
v -0.021607 0.026328 0.015489
v -0.024006 0.024006 0.015650
v -0.009855 0.032488 0.015650
v -0.017726 0.028999 0.015200
v -0.014052 0.030932 0.015527
v -0.005481 0.033706 0.015200
v -0.004695 0.033661 0.015650
v -0.000000 0.033950 0.015650
v 0.032956 0.008255 0.015650
v 0.031237 0.009253 0.015061
v 0.023688 0.023688 0.015200
v 0.033623 -0.001652 0.015200
v 0.032969 0.008280 0.015229
v 0.004859 0.032527 0.015104
v 0.011443 0.031981 0.015305
v 0.003351 0.033769 0.015225
v 0.018122 0.027100 0.015073
v 0.027564 -0.018361 0.015148
v 0.021358 -0.026367 0.015222
v 0.014830 -0.030256 0.015200
v 0.005209 -0.033130 0.015200
v -0.005209 0.033130 0.015200
v -0.012850 0.031024 0.015200
v -0.019987 0.026949 0.015200
v -0.026236 0.020996 0.015200
v -0.031880 0.010908 0.015200
v -0.033339 0.003284 0.015200
v -0.014749 -0.030612 0.015322
v -0.007866 -0.032601 0.015200
v -0.026037 -0.021799 0.015317
v -0.006098 -0.033408 0.015204
v -0.032180 -0.009762 0.015200
v -0.026949 -0.019987 0.015200
v -0.029544 -0.015792 0.015200
v -0.022534 0.020314 -0.000019
v -0.021927 0.019315 0.000001
v -0.026115 0.015653 -0.000000
v -0.019286 0.023500 0.000000
v -0.014385 0.026913 -0.000000
v -0.018000 0.022268 0.000002
v -0.015611 0.021358 0.000131
v -0.020907 0.014448 0.000001
v -0.028086 0.011634 0.000000
v -0.029978 0.005580 -0.000000
v -0.018986 0.013685 0.000133
v -0.017678 0.013110 0.000001
v -0.015943 0.005704 0.000000
v -0.016850 -0.000000 0.000000
v -0.016769 0.001652 0.000000
v -0.015956 0.013520 0.000000
v -0.007392 0.029510 -0.000000
v -0.013880 0.020215 0.000001
v -0.008669 0.014463 0.000000
v -0.013173 0.018042 0.000000
v -0.002517 0.016060 0.000247
v -0.001757 0.030382 -0.000000
v 0.004204 0.030142 -0.000000
v 0.000974 0.016840 0.000000
v -0.005685 0.015889 0.000000
v -0.014204 0.014659 0.000002
v -0.011915 0.011915 0.000000
v -0.009478 0.012931 0.000523
v -0.013555 0.010053 0.000000
v 0.013087 0.027671 -0.000001
v 0.013264 0.018556 0.000000
v 0.005704 0.015942 0.000000
v 0.013520 0.019400 0.000000
v -0.015605 -0.006464 0.000000
v -0.030181 -0.004908 -0.000001
v -0.019605 -0.013903 0.000101
v -0.016693 -0.002476 0.000000
v -0.013196 -0.010561 0.000000
v -0.016792 -0.013223 0.000001
v -0.026006 -0.016084 -0.000001
v -0.021794 -0.018342 0.000207
v -0.021221 -0.020483 0.000000
v -0.019718 -0.021382 0.000135
v -0.020241 -0.022726 -0.000000
v -0.016787 -0.022157 0.000001
v -0.015640 -0.026094 -0.000000
v -0.014872 -0.014135 0.000000
v -0.010166 -0.013461 0.000000
v -0.013730 -0.015478 0.000000
v -0.013560 -0.018096 0.000238
v -0.005932 -0.015877 0.000000
v 0.004910 -0.016186 0.000000
v 0.005931 -0.029816 0.000000
v -0.013486 -0.017177 0.000131
v -0.010257 -0.028667 -0.000000
v -0.013655 -0.019738 0.000000
v -0.014750 -0.021120 0.000000
v -0.005931 -0.029816 0.000000
v -0.000208 -0.016900 0.000000
v -0.002980 -0.030254 0.000000
v 0.001757 -0.030382 -0.000000
v 0.007943 -0.014860 0.000000
v 0.014044 0.019752 0.000163
v 0.013410 0.017147 0.000105
v 0.017156 0.022167 0.000000
v 0.021116 0.021599 -0.000064
v 0.014750 0.021120 0.000000
v 0.014424 0.014865 0.000105
v 0.011915 0.011915 0.000000
v 0.015956 0.013520 0.000000
v 0.017678 0.013178 0.000000
v 0.016800 0.013264 0.000000
v 0.018556 0.013264 0.000000
v 0.014414 0.008915 0.000000
v 0.022773 0.002713 0.000000
v 0.015812 0.003446 0.000359
v 0.021766 0.001339 0.000000
v 0.016799 0.001864 0.000000
v 0.020609 0.014106 0.000002
v 0.021496 0.021496 0.000000
v 0.021151 0.020696 0.000002
v 0.024601 0.017916 -0.000000
v 0.024317 0.003433 0.000000
v 0.026810 0.014330 0.000000
v 0.028643 0.010249 -0.000000
v 0.022183 0.018121 0.000000
v 0.021996 0.016368 0.000000
v 0.023930 0.002954 0.000233
v 0.025283 0.003504 0.000000
v 0.022090 0.001944 0.000000
v 0.026602 0.003128 0.000000
v 0.030307 0.003362 -0.000000
v 0.027385 0.002098 0.000186
v 0.013471 -0.010285 0.000000
v 0.015543 -0.013685 0.000000
v 0.009930 -0.013636 0.000000
v 0.014066 -0.015333 0.000103
v 0.014496 -0.014496 0.000000
v 0.017678 -0.013178 0.000000
v 0.016112 -0.005105 0.000000
v 0.022525 -0.002475 0.000000
v 0.023289 -0.003070 0.000000
v 0.016769 -0.001652 0.000000
v 0.013136 -0.017678 0.000001
v 0.014355 -0.020297 0.000114
v 0.012015 -0.028026 -0.000000
v 0.016336 -0.022099 0.000003
v 0.016889 -0.025277 0.000000
v 0.019839 -0.021721 0.000002
v 0.019286 -0.023500 0.000000
v 0.021429 -0.000250 0.000002
v 0.022090 -0.001944 0.000000
v 0.025352 -0.003577 0.000002
v 0.029091 -0.008825 0.000000
v 0.030254 -0.002980 0.000000
v 0.028222 -0.000179 0.000157
v 0.029816 -0.005931 0.000000
v 0.027830 -0.002192 0.000002
v 0.019732 -0.013559 0.000002
v 0.028086 -0.011634 0.000000
v 0.021670 -0.015543 0.000000
v 0.025967 -0.015872 -0.000000
v 0.021625 -0.019878 0.000000
v 0.022371 -0.020633 -0.000000
v 0.022230 -0.017791 0.000001
v -0.031403 -0.004212 0.001098
v -0.031510 -0.001945 0.013645
v -0.030562 -0.008032 0.013815
v -0.027401 -0.015908 0.001098
v -0.029192 -0.012011 0.013779
v -0.024350 -0.019983 0.013200
v -0.027781 -0.014849 0.013200
v -0.030144 -0.009144 0.013200
v -0.018894 -0.025476 0.001097
v -0.023253 -0.021394 0.013719
v -0.015931 -0.027290 0.013815
v -0.019214 -0.025078 0.013783
v -0.007691 -0.030705 0.001098
v -0.009108 -0.030212 0.013751
v -0.006145 -0.030895 0.013200
v -0.011914 -0.029233 0.013775
v 0.004529 -0.031393 0.001129
v -0.000075 -0.031567 0.013779
v 0.016273 -0.027150 0.001034
v 0.015967 -0.027250 0.013753
v 0.017500 -0.026191 0.013200
v 0.012247 -0.029095 0.013775
v 0.025362 -0.018994 0.001093
v 0.026191 -0.017500 0.013200
v 0.030767 -0.007707 0.001162
v 0.029102 -0.012055 0.013200
v 0.030637 -0.007653 0.013777
v 0.028345 -0.013953 0.013783
v 0.021379 -0.023181 0.013198
v -0.003088 -0.031348 0.013200
v -0.026191 -0.017500 0.013200
v -0.014849 -0.027781 0.013200
v 0.009144 -0.030144 0.013200
v 0.031505 -0.001384 0.013261
v 0.031301 0.004919 0.001064
v 0.030549 0.008047 0.013763
v 0.031685 0.002631 0.014513
v 0.026947 0.016666 0.001098
v 0.028686 0.013222 0.013722
v 0.018619 0.025637 0.001127
v 0.018510 0.025604 0.013787
v 0.014722 0.027925 0.013775
v 0.007555 0.030772 0.001093
v 0.008830 0.030562 0.014561
v 0.004898 0.031152 0.013198
v 0.011914 0.029233 0.013775
v 0.023761 0.020963 0.014151
v -0.004919 0.031301 0.001064
v -0.007506 0.030616 0.013135
v -0.016560 0.027013 0.001127
v -0.015040 0.027755 0.013775
v -0.020973 0.023549 0.013198
v -0.017876 0.026125 0.014145
v -0.012055 0.029102 0.013200
v -0.025539 0.018756 0.001093
v -0.022931 0.021864 0.014167
v -0.030664 0.007856 0.001066
v -0.030260 0.008991 0.013775
v -0.030960 0.006103 0.013751
v -0.029233 0.011914 0.013775
v -0.001238 0.031562 0.013722
v 0.030895 0.006145 0.013200
v 0.025413 0.018651 0.013135
v 0.020337 0.020245 0.009500
v 0.018690 0.020122 0.009500
v 0.021601 0.018458 0.009500
v 0.021678 0.017678 0.009500
v 0.020171 0.020827 0.009500
v 0.018369 0.021667 0.009500
v 0.021231 0.015648 0.009500
v 0.019987 0.016721 0.009500
v 0.019011 0.015515 0.009500
v 0.018755 0.013729 0.009500
v 0.016190 0.019738 0.009500
v 0.015648 0.021231 0.009500
v 0.014940 0.020120 0.009500
v 0.013686 0.018071 0.009500
v 0.016036 0.013977 0.009500
v 0.016688 0.015288 0.009500
v 0.015368 0.016721 0.009500
v 0.014015 0.015851 0.009500
v 0.021004 0.015455 0.000500
v 0.021373 0.016147 0.000500
v 0.019900 0.014352 0.000500
v 0.019208 0.013982 0.000500
v 0.020506 0.014849 0.000500
v 0.017392 0.013597 0.000505
v 0.015455 0.014352 0.000500
v 0.014352 0.015455 0.000500
v 0.013982 0.016147 0.000500
v 0.013695 0.018470 0.000502
v 0.015184 0.020827 0.000501
v 0.019633 0.021187 0.000501
v 0.018458 0.021601 0.000500
v 0.020506 0.020506 0.000500
v 0.021734 0.018077 0.000504
v 0.021004 0.019900 0.000500
v 0.016809 0.021732 0.000278
v -0.014442 0.020184 0.009500
v -0.015736 0.019428 0.009500
v -0.013618 0.017162 0.009500
v -0.017678 0.020178 0.009500
v -0.015452 0.016191 0.009500
v -0.015091 0.014526 0.009500
v -0.016789 0.021628 0.009500
v -0.019011 0.019840 0.009500
v -0.019615 0.021302 0.009500
v -0.020436 0.019764 0.009500
v -0.021682 0.018001 0.009500
v -0.018552 0.015214 0.009500
v -0.017577 0.013630 0.009500
v -0.021560 0.017940 0.009500
v -0.020184 0.014442 0.009500
v -0.013593 0.017146 0.000279
v -0.014352 0.015455 0.000500
v -0.013982 0.016147 0.000500
v -0.014849 0.014849 0.000500
v -0.016147 0.013982 0.000500
v -0.015455 0.014352 0.000500
v -0.018123 0.013685 0.000494
v -0.020506 0.014849 0.000500
v -0.021334 0.015745 0.000232
v -0.019900 0.014352 0.000500
v -0.016897 0.013755 0.000500
v -0.021601 0.016897 0.000500
v -0.021678 0.017678 0.000500
v -0.021601 0.018458 0.000500
v -0.019752 0.021311 0.000163
v -0.018458 0.021601 0.000500
v -0.019208 0.021373 0.000500
v -0.021187 0.019633 0.000501
v -0.016147 0.021373 0.000500
v -0.014352 0.019900 0.000500
v -0.013855 0.018911 0.000501
v -0.014849 0.020506 0.000500
v -0.017354 0.021682 0.000501
v -0.020639 0.020639 0.000187
v -0.014775 -0.015783 0.009500
v -0.015910 -0.015910 0.009500
v -0.013595 -0.017964 0.009500
v -0.014849 -0.014849 0.009500
v -0.017185 -0.015201 0.009500
v -0.016494 -0.013776 0.009500
v -0.014528 -0.020171 0.009500
v -0.015214 -0.018552 0.009500
v -0.017092 -0.020150 0.009500
v -0.016036 -0.021378 0.009500
v -0.017730 -0.014115 0.009500
v -0.020171 -0.014528 0.009500
v -0.021100 -0.017952 0.009500
v -0.021187 -0.015722 0.009500
v -0.019102 -0.020630 0.009500
v -0.018072 -0.021683 0.009500
v -0.019987 -0.018634 0.009500
v -0.021542 -0.018776 0.009500
v -0.020827 -0.020171 0.009500
v -0.014169 -0.019633 0.000501
v -0.015184 -0.020827 0.000501
v -0.016147 -0.021373 0.000500
v -0.018313 -0.021751 0.000261
v -0.019208 -0.021373 0.000500
v -0.021572 -0.018992 0.000277
v -0.020738 -0.020280 0.000501
v -0.016897 -0.021601 0.000500
v -0.021881 -0.017210 0.000135
v -0.021384 -0.015851 0.000227
v -0.019900 -0.014352 0.000500
v -0.018204 -0.013527 0.000163
v -0.020912 -0.014954 0.000135
v -0.016492 -0.013832 0.000494
v -0.013982 -0.016147 0.000500
v -0.014745 -0.014887 0.000502
v -0.017678 -0.013678 0.000500
v 0.020872 -0.016209 0.009500
v 0.018552 -0.015214 0.009500
v 0.021738 -0.018193 0.009500
v 0.020280 -0.014617 0.009500
v 0.018566 -0.013728 0.009500
v 0.019968 -0.019208 0.009500
v 0.020184 -0.020913 0.009500
v 0.018001 -0.021682 0.009500
v 0.017678 -0.020178 0.009500
v 0.016275 -0.015578 0.009500
v 0.015851 -0.014015 0.009500
v 0.015122 -0.015195 0.009500
v 0.013595 -0.017964 0.009500
v 0.017231 -0.020869 0.009500
v 0.015368 -0.018634 0.009500
v 0.014993 -0.020767 0.009500
v 0.021542 -0.018776 0.000501
v 0.019900 -0.021004 0.000500
v 0.018458 -0.021601 0.000500
v 0.019208 -0.021373 0.000500
v 0.020827 -0.020171 0.000501
v 0.015455 -0.021004 0.000500
v 0.013703 -0.018890 0.000202
v 0.014849 -0.020506 0.000500
v 0.016921 -0.021655 0.000504
v 0.021678 -0.017678 0.000500
v 0.021523 -0.016492 0.000494
v 0.013677 -0.017308 0.000502
v 0.014791 -0.014839 0.000504
v 0.016716 -0.013669 0.000261
v 0.019900 -0.014352 0.000500
v 0.019208 -0.013982 0.000500
v 0.020750 -0.015089 0.000494
v 0.018030 -0.013676 0.000507
v 0.015840 -0.000778 0.001069
v 0.015656 -0.002322 0.008200
v 0.014210 -0.006833 0.001094
v 0.015072 -0.004572 0.001100
v 0.013096 -0.008750 0.001100
v 0.013701 -0.007954 0.008200
v 0.011137 -0.011137 0.001100
v 0.009992 -0.012175 0.001100
v 0.009614 -0.012592 0.008200
v 0.006027 -0.014551 0.001100
v 0.004572 -0.015072 0.001100
v 0.008037 -0.013566 0.001107
v 0.012175 -0.009992 0.001100
v 0.003073 -0.015447 0.001100
v 0.004063 -0.015312 0.008200
v 0.000693 -0.015752 0.001107
v -0.001355 -0.015740 0.008200
v -0.001544 -0.015674 0.001100
v -0.004572 -0.015072 0.001100
v -0.006573 -0.014414 0.008200
v -0.007424 -0.013890 0.001100
v -0.006027 -0.014551 0.001100
v -0.003073 -0.015447 0.001100
v -0.013096 -0.008750 0.001100
v -0.012592 -0.009614 0.008200
v -0.011714 -0.010555 0.001102
v -0.014274 -0.006700 0.001102
v -0.015312 -0.004063 0.008200
v -0.009992 -0.012175 0.008200
v -0.009430 -0.012638 0.001102
v -0.015508 -0.003018 0.001103
v 0.015674 0.001544 0.008200
v -0.009259 0.012855 0.008200
v -0.007424 0.013890 0.001100
v -0.003635 0.015420 0.008200
v -0.005407 0.014811 0.001094
v -0.003073 0.015447 0.001100
v -0.015072 0.004572 0.001100
v -0.015687 0.002327 0.008200
v -0.015719 0.001470 0.001112
v -0.013474 0.008333 0.008200
v -0.013594 0.007988 0.001100
v -0.014551 0.006027 0.001100
v -0.011774 0.010487 0.001100
v 0.011886 0.010474 0.008200
v 0.013096 0.008750 0.001100
v 0.012175 0.009992 0.001100
v 0.013890 0.007424 0.001100
v 0.015447 0.003073 0.001100
v 0.014989 0.005129 0.008200
v 0.014551 0.006027 0.001100
v 0.009710 0.012968 0.000331
v 0.004572 0.015072 0.001100
v 0.002543 0.015637 0.008200
v 0.003073 0.015447 0.001100
v 0.007618 0.013840 0.008200
v 0.007390 0.013964 0.001103
v 0.000637 0.015754 0.001100
v 0.025000 -0.000000 0.007903
v 0.027671 -0.001511 0.006103
v 0.025820 -0.002957 0.006103
v 0.023779 -0.002780 0.006102
v 0.022260 -0.001382 0.006103
v 0.022304 0.001441 0.006110
v 0.022000 -0.000000 0.006100
v 0.026633 0.002560 0.006102
v 0.027949 0.000895 0.006095
v 0.023779 0.002780 0.006102
v 0.025251 0.003003 0.006101
v 0.027494 -0.001667 0.000500
v 0.027772 -0.001148 0.000500
v 0.026667 -0.002494 0.000500
v 0.025585 -0.002942 0.000500
v 0.026148 -0.002772 0.000500
v 0.027121 -0.002121 0.000500
v 0.024415 -0.002942 0.000500
v 0.023377 -0.002565 0.000501
v 0.022225 -0.001231 0.000501
v 0.025000 -0.003000 0.000500
v 0.028000 -0.000000 0.000500
v 0.021995 0.000282 0.000496
v 0.027942 0.000585 0.000500
v 0.022489 0.001708 0.000503
v 0.023333 0.002494 0.000500
v 0.025666 0.002962 0.000501
v 0.028088 0.000942 0.000134
v 0.026667 0.002494 0.000500
v -0.032920 -0.001672 0.015134
v -0.031457 -0.008055 0.014929
v -0.029404 -0.013742 0.014926
v -0.019619 -0.026585 0.015151
v -0.023147 -0.023147 0.015048
v -0.012641 -0.029806 0.014896
v -0.031839 -0.001975 0.014403
v -0.024455 -0.020967 0.014763
v -0.031136 -0.006525 0.014333
v -0.025659 -0.018894 0.014362
v -0.027901 -0.015282 0.014333
v -0.015846 -0.028417 0.015025
v -0.019480 -0.025832 0.014854
v -0.009658 -0.030901 0.014896
v -0.032016 0.007648 0.015042
v 0.003533 -0.032639 0.015044
v -0.004874 -0.032082 0.014919
v 0.010656 -0.030549 0.014854
v 0.018773 -0.026051 0.014714
v 0.021955 -0.023933 0.014935
v 0.029909 -0.013747 0.015042
v 0.008075 -0.030748 0.014270
v -0.004574 -0.031487 0.014280
v 0.015814 -0.028215 0.014809
v 0.027605 -0.016419 0.014609
v 0.030177 -0.010170 0.014348
v 0.032057 -0.004755 0.014893
v 0.032086 -0.000000 0.014614
v 0.032735 -0.000000 0.015048
v 0.002152 -0.031772 0.014348
v 0.005103 -0.031170 0.013769
v -0.031519 0.001969 0.013715
v 0.014921 -0.027915 0.013965
v 0.023639 -0.021296 0.014280
v 0.025660 -0.018497 0.013889
v 0.031609 -0.002580 0.013970
v -0.031337 0.007668 0.014597
v 0.029983 0.013511 0.015116
v 0.029643 0.012279 0.014614
v 0.031837 0.005892 0.014895
v 0.013977 0.029286 0.014919
v 0.026224 0.019890 0.015118
v 0.021840 0.024624 0.015118
v 0.026500 0.017595 0.014334
v 0.028735 0.014526 0.014905
v 0.012279 0.029643 0.014614
v 0.019929 0.024796 0.014333
v 0.022432 0.022596 0.014364
v -0.013751 0.029376 0.014911
v -0.003533 0.032639 0.015044
v -0.023454 0.022961 0.015039
v -0.027774 0.016677 0.014881
v -0.007515 0.030907 0.014272
v 0.006296 0.031180 0.014334
v -0.009314 0.030704 0.014614
v 0.003210 0.031647 0.014334
v -0.017037 0.027990 0.015045
v -0.001890 0.031828 0.014388
v -0.011400 0.029936 0.014673
v -0.020108 0.024647 0.014334
v -0.024964 0.019512 0.014167
v -0.027291 0.015912 0.013763
v 0.019311 0.022264 0.015650
v 0.017319 0.022796 0.015650
v 0.014600 0.024598 0.015650
v 0.014537 0.021865 0.015650
v 0.015986 0.022570 0.015650
v 0.004463 0.029503 0.015650
v 0.011073 0.027730 0.015650
v -0.001586 0.029783 0.015650
v -0.007571 0.028862 0.015650
v 0.013727 0.026071 0.015650
v 0.014259 0.021466 0.015650
v -0.013374 0.026467 0.015650
v -0.012301 0.027143 0.015650
v 0.013073 0.026685 0.015650
v 0.018975 -0.022410 0.015650
v 0.015986 -0.022570 0.015650
v 0.014764 -0.023691 0.015650
v 0.017319 -0.022796 0.015650
v 0.014231 -0.025329 0.015650
v 0.014252 -0.021453 0.015650
v 0.014391 -0.021782 0.015650
v 0.013374 -0.026467 0.015650
v 0.009934 -0.028209 0.015650
v -0.012266 -0.027235 0.015650
v 0.000000 -0.029934 0.015650
v -0.006292 -0.029128 0.015650
v -0.014416 0.024992 0.015650
v -0.014706 0.023509 0.015650
v -0.015212 0.022216 0.015650
v -0.018500 0.022577 0.015650
v -0.016702 0.022796 0.015650
v -0.014245 0.021441 0.015650
v -0.020934 0.021064 0.015650
v -0.026600 0.012756 0.016425
v -0.025268 0.015224 0.015650
v -0.026116 0.012030 0.015650
v -0.026364 0.012025 0.015650
v -0.028228 0.009727 0.015650
v -0.028923 0.006245 0.015650
v -0.028705 0.005198 0.015650
v -0.028923 0.006953 0.015650
v -0.028044 0.004012 0.015650
v -0.027021 0.003078 0.015650
v -0.028473 0.002877 0.015650
v -0.029199 0.002118 0.015650
v -0.029586 0.000894 0.015650
v -0.016377 -0.022772 0.015650
v -0.027043 -0.011408 0.015650
v -0.026451 -0.012008 0.015650
v -0.014649 -0.022714 0.015650
v -0.014241 -0.025446 0.015650
v -0.018909 -0.022450 0.015650
v -0.028534 -0.002853 0.015650
v -0.027135 -0.003128 0.015650
v -0.026879 -0.003008 0.015650
v -0.029396 -0.001665 0.015650
v -0.028598 -0.004876 0.015650
v -0.029199 -0.002118 0.015650
v -0.028228 -0.009727 0.015650
v -0.028923 -0.006245 0.015650
v -0.028923 -0.006953 0.015650
v -0.026575 -0.000396 0.012182
v -0.025116 -0.000986 0.011415
v -0.024426 -0.001386 0.012200
v -0.023393 -0.000236 0.012182
v -0.024192 0.001293 0.012197
v -0.025663 0.001420 0.012192
v 0.024066 0.015361 0.018990
v 0.027319 0.008233 0.019012
v 0.022452 0.015139 0.017964
v 0.013193 0.010013 0.018989
v 0.009583 0.009883 0.018025
v -0.010144 0.009847 0.009200
v -0.002111 0.008285 0.018989
v -0.001120 0.009279 0.019000
v -0.000030 0.009751 0.019006
v -0.001800 0.007200 0.019000
v 0.027025 0.007285 0.019139
v 0.021869 0.013789 0.019158
v 0.023929 0.015204 0.019200
v 0.023415 0.015619 0.019205
v 0.027215 0.007645 0.019200
v 0.026920 0.007400 0.019200
v 0.027220 0.007700 0.019200
v 0.026063 0.011321 0.019165
v 0.014552 0.010215 0.019200
v 0.012834 0.009755 0.019200
v 0.019735 0.012248 0.019155
v 0.011063 0.009600 0.019200
v -0.001917 0.007420 0.019200
v -0.001792 0.008524 0.019205
v -0.000037 0.009536 0.019200
v -0.002086 0.007598 0.019201
v -0.002252 0.007425 0.019021
v 0.027374 0.007421 0.019007
v 0.027411 0.007769 0.017200
v 0.023689 0.015733 0.019000
v 0.023443 0.015790 0.019000
v 0.023200 0.015719 0.019000
v 0.027304 -0.008264 0.019000
v 0.025928 -0.011832 0.019000
v 0.024971 -0.013736 0.019000
v 0.023875 -0.015563 0.019000
v 0.026920 -0.007200 0.019000
v 0.002746 -0.009731 0.018987
v -0.000660 -0.009564 0.019002
v -0.002116 -0.008276 0.019016
v 0.014498 -0.010262 0.018998
v 0.020841 -0.012992 0.019112
v 0.022730 -0.015123 0.019000
v 0.027215 -0.007645 0.019200
v 0.026920 -0.007400 0.019200
v 0.016727 -0.010922 0.019200
v 0.025680 -0.012011 0.019200
v 0.023483 -0.015651 0.019204
v 0.022623 -0.014622 0.019200
v 0.023416 -0.015745 0.019084
v 0.012834 -0.009755 0.019200
v 0.011063 -0.009600 0.019200
v -0.001800 -0.007400 0.019200
v -0.000080 -0.009532 0.019200
v -0.001755 -0.008503 0.019203
v -0.002074 -0.007542 0.019203
v 0.020154 -0.012389 0.019200
v -0.002216 -0.007423 0.019000
v 0.027207 -0.007356 0.019110
v 0.027422 -0.007645 0.018999
v 0.023200 -0.015719 0.019000
v 0.023689 -0.015733 0.019000
v 0.027215 -0.007741 0.019200
v 0.020364 -0.000574 0.012000
v 0.020250 -0.000000 0.012000
v 0.020992 -0.001360 0.012000
v 0.020792 0.001278 0.012000
v 0.022678 0.001457 0.012000
v 0.022640 -0.001461 0.012000
v 0.023666 -0.000674 0.012000
v 0.023548 0.000800 0.012000
v 0.012680 -0.017782 0.009200
v 0.013148 -0.019797 0.001500
v 0.013794 -0.020826 0.001500
v 0.012809 -0.026898 0.001500
v 0.014105 -0.025595 0.001500
v 0.014599 -0.024351 0.001500
v 0.014703 -0.022908 0.001500
v 0.014295 -0.021614 0.001500
v -0.012809 -0.026898 0.001500
v -0.006310 -0.029210 0.001500
v -0.000000 -0.029800 0.001500
v 0.005924 -0.029315 0.001500
v -0.014706 -0.023509 0.015650
v -0.014709 -0.023424 0.001500
v -0.014379 -0.025182 0.001500
v -0.014600 -0.022260 0.001500
v -0.013193 -0.019916 0.001500
v 0.012976 0.026898 0.001500
v 0.003178 0.029765 0.001500
v -0.006705 0.029146 0.001500
v 0.013077 0.019507 0.001500
v 0.014295 0.021614 0.001500
v 0.014606 0.022495 0.001500
v 0.014711 0.023841 0.001500
v 0.014282 0.025230 0.001500
v 0.012716 0.016864 0.009200
v 0.012690 0.018289 0.009200
v 0.010080 0.009843 0.009200
v 0.012148 0.010751 0.009200
v 0.013624 0.013753 0.009200
v -0.013488 0.013607 0.009200
v -0.013467 0.014546 0.009200
v -0.013499 0.013900 0.017200
v -0.013162 0.012202 0.009200
v -0.011888 0.010606 0.009200
v -0.012756 0.016705 0.009200
v -0.012666 0.018187 0.009200
v -0.013794 0.020826 0.001500
v -0.012508 0.017974 0.001500
v -0.014600 0.022260 0.001500
v -0.012873 0.026847 0.001500
v -0.014105 0.025595 0.001500
v -0.014669 0.024057 0.001500
v 0.011527 0.016362 0.009200
v -0.008279 0.015352 0.009200
v 0.004683 0.016613 0.009200
v 0.009326 0.015378 0.009200
v 0.007949 0.015452 0.009200
v 0.001073 0.017238 0.009200
v -0.002566 0.017080 0.009200
v -0.005376 0.016391 0.009200
v -0.011689 0.016574 0.009200
v -0.010216 0.015625 0.009200
v -0.015573 -0.011218 0.009200
v -0.018101 -0.012631 0.009200
v -0.017958 -0.012581 0.001500
v -0.021858 -0.012978 0.001500
v -0.021014 -0.013156 0.001500
v -0.020148 -0.013143 0.001500
v -0.023287 -0.012409 0.001500
v -0.027592 -0.010859 0.001500
v -0.026209 -0.011969 0.001500
v -0.024912 -0.012397 0.001500
v -0.028638 -0.008398 0.001500
v -0.028939 -0.006598 0.015650
v -0.028936 -0.006737 0.001500
v -0.028939 -0.006598 0.001500
v -0.025846 -0.002645 0.001500
v -0.027142 -0.003180 0.001500
v -0.028405 -0.004521 0.001500
v -0.028863 -0.005816 0.001500
v -0.024001 -0.002292 0.001500
v -0.022635 -0.001106 0.001500
v -0.022827 0.001315 0.001500
v -0.024094 0.002345 0.001500
v -0.028863 0.005816 0.001500
v -0.028939 0.006598 0.001500
v -0.028405 0.004521 0.001500
v -0.026779 0.002920 0.001500
v -0.028939 0.006598 0.015650
v -0.028936 0.006737 0.001500
v -0.023287 0.012409 0.001500
v -0.026209 0.011969 0.001500
v -0.024912 0.012397 0.001500
v -0.027063 0.011364 0.001500
v -0.028243 0.009816 0.001500
v -0.018646 0.012842 0.001500
v -0.021464 0.013120 0.001500
v -0.018679 0.012787 0.009200
v -0.015636 0.011357 0.009200
v -0.017376 0.012463 0.009200
v -0.015877 0.011103 0.009200
v -0.013166 0.008465 0.009200
v -0.011238 0.007523 0.009200
v -0.004374 0.007212 0.009200
v -0.002117 0.007097 0.009200
v 0.001581 0.005302 0.009200
v 0.012166 0.004954 0.009200
v 0.019404 0.002772 0.009200
v 0.019750 0.000900 0.009200
v 0.017243 0.004746 0.009200
v 0.019724 -0.001436 0.009200
v 0.016844 -0.004834 0.009200
v 0.018206 -0.004128 0.009200
v 0.013824 -0.004944 0.009200
v 0.019288 -0.002845 0.009200
v 0.002117 -0.005202 0.009200
v 0.000071 -0.005929 0.009200
v -0.001194 -0.006631 0.009200
v -0.002474 -0.007142 0.009200
v -0.011680 -0.007632 0.009200
v -0.013788 -0.008960 0.009200
v -0.017250 -0.000000 0.009200
v -0.017064 0.002727 0.009200
v -0.016682 -0.004511 0.009200
v -0.015732 -0.007075 0.009200
v -0.015373 0.008863 0.009200
v -0.015508 0.007779 0.009200
v -0.017789 0.012495 0.009200
v -0.016334 0.011395 0.009200
v -0.015372 -0.008319 0.009200
v -0.015715 -0.010554 0.009200
v -0.017154 -0.001819 0.009200
v -0.017462 -0.012524 0.009200
v -0.015732 0.007075 0.001500
v -0.015882 0.010981 0.001500
v -0.015372 0.008319 0.001500
v -0.016913 0.003628 0.001500
v -0.017230 -0.001827 0.001500
v -0.017000 -0.012027 0.001500
v -0.016086 -0.011109 0.001500
v -0.015365 -0.008252 0.001500
v -0.015500 -0.009773 0.001500
v -0.002885 0.017029 0.001500
v 0.000751 0.017256 0.001500
v -0.005822 0.016199 0.001500
v -0.011045 0.016031 0.001500
v -0.008865 0.015323 0.001500
v 0.004511 0.016682 0.001500
v 0.008279 0.015352 0.001500
v 0.012027 0.017000 0.001500
v 0.010216 0.015625 0.001500
v 0.011395 0.016334 0.001500
v -0.012149 -0.017057 0.001500
v -0.008193 -0.015406 0.001500
v -0.002566 -0.017080 0.001500
v -0.010223 -0.015608 0.001500
v 0.012345 -0.017441 0.001500
v 0.007547 -0.015610 0.001500
v 0.009243 -0.015378 0.001500
v 0.001824 -0.017201 0.001500
v 0.010631 -0.015825 0.001500
v 0.011395 -0.016334 0.001500
v -0.026646 0.012500 0.015650
v 0.019487 -0.020071 0.010100
v 0.019713 -0.019882 0.010100
v 0.019487 -0.020071 0.019200
v 0.019919 -0.019672 0.010100
v 0.020104 -0.019443 0.010100
v 0.019919 -0.019672 0.019200
v 0.020265 -0.019196 0.010100
v 0.020401 -0.018935 0.010100
v 0.020265 -0.019196 0.019200
v 0.020511 -0.018662 0.010100
v 0.020594 -0.018380 0.010100
v 0.020511 -0.018662 0.019200
v 0.020104 -0.019443 0.019200
v 0.020649 -0.018091 0.010100
v 0.020675 -0.017797 0.010100
v 0.020649 -0.018091 0.019200
v 0.020673 -0.017503 0.010100
v 0.020641 -0.017210 0.010100
v 0.020673 -0.017503 0.019200
v 0.020675 -0.017797 0.019200
v 0.020581 -0.016922 0.010100
v 0.020493 -0.016641 0.010100
v 0.020493 -0.016641 0.019200
v 0.020378 -0.016370 0.010100
v 0.020237 -0.016112 0.010100
v 0.020378 -0.016370 0.019200
v 0.020581 -0.016922 0.019200
v 0.020594 -0.018380 0.019200
v 0.020071 -0.015869 0.010100
v 0.019882 -0.015643 0.010100
v 0.020071 -0.015869 0.019200
v 0.019672 -0.015436 0.010100
v 0.019443 -0.015252 0.010100
v 0.019672 -0.015436 0.019200
v 0.019882 -0.015643 0.019200
v 0.019196 -0.015090 0.010100
v 0.018935 -0.014954 0.010100
v 0.018935 -0.014954 0.019200
v 0.018662 -0.014844 0.010100
v 0.018380 -0.014761 0.010100
v 0.018662 -0.014844 0.019200
v 0.019443 -0.015252 0.019200
v 0.018091 -0.014706 0.010100
v 0.017797 -0.014680 0.010100
v 0.017797 -0.014680 0.019200
v 0.017503 -0.014683 0.010100
v 0.017210 -0.014714 0.010100
v 0.017210 -0.014714 0.019200
v 0.017503 -0.014683 0.019200
v 0.016922 -0.014774 0.010100
v 0.016641 -0.014862 0.010100
v 0.016641 -0.014862 0.019200
v 0.016370 -0.014978 0.010100
v 0.016112 -0.015119 0.010100
v 0.016370 -0.014978 0.019200
v 0.016922 -0.014774 0.019200
v 0.018091 -0.014706 0.019200
v 0.019713 -0.019882 0.019200
v 0.020641 -0.017210 0.019200
v 0.019196 -0.015090 0.019200
v 0.018223 -0.014686 0.019390
v 0.015977 -0.015177 0.019332
v 0.015869 -0.015285 0.010100
v 0.015869 -0.015285 0.019200
v 0.019243 -0.020237 0.019200
v 0.015643 -0.015473 0.010100
v 0.015643 -0.015473 0.019200
v 0.015436 -0.015683 0.010100
v 0.015252 -0.015913 0.010100
v 0.015252 -0.015913 0.019200
v 0.015436 -0.015683 0.019200
v 0.015090 -0.016159 0.010100
v 0.014954 -0.016420 0.010100
v 0.014954 -0.016420 0.019200
v 0.014844 -0.016693 0.010100
v 0.014761 -0.016975 0.010100
v 0.014761 -0.016975 0.019200
v 0.014844 -0.016693 0.019200
v 0.015090 -0.016159 0.019200
v 0.014706 -0.017265 0.010100
v 0.014680 -0.017558 0.010100
v 0.014680 -0.017558 0.019200
v 0.014683 -0.017852 0.010100
v 0.014714 -0.018145 0.010100
v 0.014714 -0.018145 0.019200
v 0.014683 -0.017852 0.019200
v 0.014774 -0.018433 0.010100
v 0.014862 -0.018714 0.010100
v 0.014774 -0.018433 0.019200
v 0.014978 -0.018985 0.010100
v 0.015119 -0.019243 0.010100
v 0.015119 -0.019243 0.019200
v 0.014978 -0.018985 0.019200
v 0.014706 -0.017265 0.019200
v 0.015285 -0.019487 0.010100
v 0.015473 -0.019713 0.010100
v 0.015473 -0.019713 0.019200
v 0.015683 -0.019919 0.010100
v 0.015913 -0.020104 0.010100
v 0.015683 -0.019919 0.019200
v 0.016159 -0.020265 0.010100
v 0.016420 -0.020401 0.010100
v 0.016420 -0.020401 0.019200
v 0.016693 -0.020511 0.010100
v 0.016975 -0.020594 0.010100
v 0.016975 -0.020594 0.019200
v 0.016693 -0.020511 0.019200
v 0.016159 -0.020265 0.019200
v 0.017265 -0.020649 0.010100
v 0.017558 -0.020675 0.010100
v 0.017265 -0.020649 0.019200
v 0.017852 -0.020673 0.010100
v 0.018145 -0.020641 0.010100
v 0.018145 -0.020641 0.019200
v 0.017558 -0.020675 0.019200
v 0.018433 -0.020581 0.010100
v 0.018714 -0.020493 0.010100
v 0.018433 -0.020581 0.019200
v 0.018985 -0.020378 0.010100
v 0.019243 -0.020237 0.010100
v 0.018985 -0.020378 0.019200
v 0.015285 -0.019487 0.019200
v 0.014862 -0.018714 0.019200
v 0.015913 -0.020104 0.019200
v 0.017999 -0.020684 0.019332
v 0.013783 -0.016498 0.024000
v 0.013959 -0.016382 0.024000
v 0.014272 -0.015830 0.024000
v 0.014043 -0.016069 0.024002
v 0.014075 -0.016711 0.024000
v 0.013600 -0.017515 0.024000
v 0.014278 -0.016893 0.024000
v 0.014668 -0.017002 0.024000
v 0.014825 -0.015820 0.024000
v 0.014529 -0.015069 0.024000
v 0.014687 -0.015775 0.024000
v 0.014551 -0.015764 0.024000
v 0.015092 -0.015990 0.024000
v 0.015263 -0.016064 0.024000
v 0.015445 -0.016110 0.024000
v 0.015934 -0.016107 0.024000
v 0.015073 -0.018962 0.024000
v 0.013779 -0.018899 0.024000
v 0.015421 -0.017740 0.024000
v 0.014592 -0.019251 0.024000
v 0.014923 -0.019073 0.024000
v 0.014457 -0.019428 0.024000
v 0.014414 -0.019908 0.024003
v 0.014506 -0.020074 0.024003
v 0.014387 -0.019630 0.024000
v 0.015191 -0.017343 0.024000
v 0.014906 -0.017104 0.024000
v 0.015304 -0.018704 0.024000
v 0.015444 -0.018326 0.024000
v 0.015466 -0.018140 0.024000
v 0.016670 -0.014205 0.024000
v 0.015767 -0.014062 0.024000
v 0.016792 -0.014875 0.024000
v 0.016864 -0.013877 0.024006
v 0.017051 -0.013756 0.024010
v 0.016745 -0.014023 0.024000
v 0.016694 -0.015458 0.024000
v 0.016668 -0.014419 0.024000
v 0.017325 -0.013724 0.024000
v 0.017632 -0.013852 0.024000
v 0.017676 -0.013608 0.024000
v 0.018435 -0.013681 0.024000
v 0.017852 -0.014155 0.024000
v 0.019012 -0.013838 0.024000
v 0.016401 -0.015838 0.024000
v 0.017867 -0.014870 0.024000
v 0.018104 -0.015284 0.024000
v 0.018455 -0.015591 0.024000
v 0.019173 -0.015714 0.024000
v 0.019564 -0.014069 0.024000
v 0.020034 -0.015138 0.024000
v 0.019624 -0.015522 0.024000
v 0.019772 -0.015408 0.024000
v 0.020258 -0.014531 0.024000
v 0.020240 -0.015057 0.024000
v 0.020528 -0.015053 0.024000
v 0.020806 -0.015227 0.024000
v 0.020822 -0.015094 0.024000
v 0.014691 -0.020435 0.024000
v 0.014755 -0.020288 0.024000
v 0.015390 -0.021067 0.024000
v 0.015115 -0.020299 0.024000
v 0.015732 -0.019833 0.024000
v 0.015584 -0.019948 0.024000
v 0.015244 -0.020254 0.024000
v 0.015360 -0.020181 0.024000
v 0.015456 -0.020085 0.024000
v 0.015993 -0.019703 0.024000
v 0.016257 -0.019651 0.024000
v 0.016445 -0.019650 0.024000
v 0.016629 -0.019679 0.024000
v 0.016807 -0.019738 0.024000
v 0.017115 -0.019916 0.024000
v 0.018884 -0.019576 0.024000
v 0.017488 -0.020486 0.024000
v 0.017496 -0.021077 0.024000
v 0.016674 -0.021630 0.024000
v 0.017515 -0.021740 0.024000
v 0.017617 -0.021421 0.024000
v 0.017914 -0.021736 0.024000
v 0.018030 -0.021632 0.024000
v 0.018508 -0.021660 0.024000
v 0.018354 -0.021572 0.024000
v 0.018624 -0.020710 0.024000
v 0.018598 -0.020075 0.024000
v 0.018673 -0.021261 0.024010
v 0.018613 -0.021348 0.024000
v 0.019915 -0.016924 0.024000
v 0.020433 -0.016282 0.024000
v 0.020282 -0.016393 0.024000
v 0.020152 -0.016527 0.024000
v 0.019897 -0.017402 0.024000
v 0.020230 -0.018091 0.024000
v 0.019352 -0.019286 0.024029
v 0.020036 -0.017824 0.024034
v 0.020617 -0.018333 0.024000
v 0.020980 -0.015652 0.024000
v 0.020918 -0.015398 0.024000
v 0.020898 -0.015927 0.024000
v 0.020820 -0.016039 0.024000
v 0.020719 -0.016131 0.024000
v 0.021369 -0.015946 0.024000
v 0.020599 -0.016197 0.024000
v 0.020015 -0.019246 0.024000
v 0.020583 -0.019563 0.024000
v 0.019538 -0.019243 0.024000
v 0.020690 -0.020426 0.024000
v 0.020953 -0.019578 0.024000
v 0.021268 -0.019594 0.024000
v 0.021179 -0.019445 0.024000
v 0.021055 -0.018448 0.024000
v 0.021704 -0.018237 0.024000
v 0.021329 -0.018712 0.024005
v 0.021346 -0.019229 0.024000
v 0.021385 -0.018958 0.024000
v 0.019728 -0.020390 0.019600
v 0.020295 -0.019654 0.019584
v 0.020046 -0.019977 0.019590
v 0.020568 -0.019230 0.019584
v 0.020098 -0.019753 0.019544
v 0.020683 -0.018941 0.019580
v 0.019356 -0.020448 0.019574
v 0.020778 -0.017985 0.019497
v 0.021003 -0.018435 0.019600
v 0.021040 -0.017105 0.019600
v 0.019523 -0.020117 0.019401
v 0.020408 -0.019083 0.019434
v 0.020510 -0.018789 0.019393
v 0.020894 -0.018125 0.019570
v 0.020048 -0.019608 0.019413
v 0.020848 -0.017859 0.019539
v 0.020764 -0.016931 0.019539
v 0.020902 -0.017688 0.019574
v 0.020751 -0.017173 0.019503
v 0.020743 -0.016692 0.019574
v 0.020659 -0.018238 0.019353
v 0.020605 -0.016171 0.019585
v 0.020373 -0.015588 0.019600
v 0.019761 -0.015073 0.019592
v 0.019836 -0.015252 0.019570
v 0.019002 -0.014674 0.019583
v 0.018595 -0.014383 0.019600
v 0.018311 -0.014546 0.019548
v 0.017376 -0.014367 0.019591
v 0.017351 -0.014517 0.019539
v 0.016296 -0.014549 0.019600
v 0.016368 -0.014687 0.019569
v 0.020111 -0.015616 0.019545
v 0.020550 -0.016619 0.019404
v 0.018985 -0.014848 0.019483
v 0.019456 -0.015057 0.019531
v 0.020245 -0.016095 0.019322
v 0.016436 -0.014800 0.019481
v 0.015720 -0.015088 0.019570
v 0.019940 -0.015614 0.019427
v 0.020447 -0.016195 0.019515
v 0.019619 -0.015315 0.019415
v 0.018959 -0.014901 0.019401
v 0.017509 -0.014624 0.019401
v 0.016622 -0.014827 0.019352
v 0.015798 -0.015191 0.019483
v 0.019305 -0.020337 0.019483
v 0.015495 -0.015067 0.019600
v 0.015335 -0.015467 0.019568
v 0.014830 -0.016048 0.019581
v 0.014591 -0.016252 0.019600
v 0.014500 -0.017178 0.019573
v 0.014441 -0.016947 0.019591
v 0.014399 -0.017701 0.019584
v 0.014414 -0.018137 0.019588
v 0.014489 -0.018447 0.019584
v 0.015510 -0.015555 0.019353
v 0.015047 -0.016112 0.019427
v 0.014792 -0.016655 0.019427
v 0.014906 -0.016377 0.019427
v 0.015276 -0.015758 0.019439
v 0.014661 -0.018463 0.019483
v 0.014619 -0.017537 0.019427
v 0.014608 -0.018162 0.019493
v 0.014745 -0.018441 0.019353
v 0.014620 -0.017837 0.019427
v 0.014667 -0.016938 0.019490
v 0.014487 -0.018852 0.019600
v 0.014725 -0.019250 0.019593
v 0.014989 -0.019392 0.019544
v 0.015810 -0.020428 0.019591
v 0.016114 -0.020457 0.019544
v 0.015231 -0.019764 0.019570
v 0.014799 -0.019002 0.019533
v 0.016482 -0.020700 0.019569
v 0.016761 -0.020972 0.019600
v 0.017262 -0.020931 0.019581
v 0.018005 -0.020839 0.019539
v 0.018422 -0.021015 0.019600
v 0.018843 -0.020737 0.019578
v 0.015844 -0.020198 0.019483
v 0.014995 -0.019147 0.019414
v 0.017249 -0.020765 0.019483
v 0.018772 -0.020606 0.019482
v 0.014768 -0.018749 0.019499
v 0.015436 -0.019760 0.019403
v 0.016006 -0.020281 0.019484
v 0.016536 -0.020515 0.019414
v 0.017079 -0.020676 0.019415
v 0.017537 -0.020736 0.019427
v 0.018739 -0.020511 0.019326
v 0.018457 -0.022617 0.019600
v 0.018937 -0.022517 0.019600
v 0.019405 -0.022370 0.019600
v 0.017478 -0.022674 0.019600
v 0.016989 -0.022630 0.019600
v 0.017969 -0.022669 0.019600
v 0.016507 -0.022539 0.019600
v 0.020693 -0.021666 0.019600
v 0.020287 -0.021943 0.019600
v 0.019857 -0.022178 0.019600
v 0.015581 -0.022217 0.019600
v 0.016036 -0.022401 0.019600
v 0.014934 -0.021867 0.019600
v 0.014354 -0.021413 0.019600
v 0.014004 -0.021069 0.019600
v 0.021603 -0.020784 0.019600
v 0.021990 -0.020209 0.019600
v 0.022217 -0.019774 0.019600
v 0.022401 -0.019319 0.019600
v 0.022539 -0.018848 0.019600
v 0.022682 -0.017588 0.019600
v 0.022630 -0.018366 0.019600
v 0.022178 -0.015499 0.019600
v 0.022576 -0.016657 0.019600
v 0.022370 -0.015950 0.019600
v 0.021666 -0.014663 0.019600
v 0.021943 -0.015068 0.019600
v 0.013728 -0.020663 0.019701
v 0.013413 -0.020287 0.019600
v 0.012993 -0.019468 0.019600
v 0.012706 -0.018257 0.019600
v 0.012817 -0.016507 0.019600
v 0.012688 -0.017276 0.019600
v 0.012955 -0.016036 0.019600
v 0.013138 -0.015581 0.019600
v 0.013386 -0.015138 0.019676
v 0.013942 -0.014354 0.019600
v 0.014434 -0.013866 0.019600
v 0.019319 -0.012955 0.019600
v 0.020419 -0.013492 0.019600
v 0.018366 -0.012725 0.019600
v 0.018848 -0.012817 0.019600
v 0.021153 -0.014076 0.019600
v 0.019774 -0.013138 0.019600
v 0.015068 -0.013413 0.019600
v 0.015950 -0.012986 0.019600
v 0.015499 -0.013177 0.019600
v 0.017632 -0.012674 0.019600
v 0.016656 -0.012775 0.019600
v 0.015450 -0.013541 0.023417
v 0.016781 -0.013107 0.023517
v 0.017635 -0.013008 0.023454
v 0.018996 -0.013183 0.023464
v 0.020237 -0.013771 0.023454
v 0.020929 -0.014343 0.023534
v 0.021788 -0.015432 0.023464
v 0.022230 -0.016681 0.023520
v 0.022344 -0.017652 0.023474
v 0.022158 -0.019060 0.023466
v 0.021582 -0.020216 0.023534
v 0.021382 -0.021245 0.019660
v 0.019868 -0.021823 0.023466
v 0.018143 -0.022347 0.023418
v 0.016356 -0.022176 0.023468
v 0.015123 -0.021578 0.023495
v 0.014070 -0.020694 0.023366
v 0.013651 -0.019982 0.023649
v 0.013011 -0.017703 0.023474
v 0.013198 -0.016295 0.023466
v 0.013778 -0.015139 0.023537
v 0.014346 -0.014408 0.023454
v 0.021006 -0.020952 0.023569
v 0.020804 -0.021073 0.023670
v 0.021655 -0.020020 0.023670
v 0.021893 -0.019624 0.023562
v 0.021907 -0.019396 0.023770
v 0.020101 -0.021638 0.023562
v 0.022284 -0.017147 0.023605
v 0.021953 -0.015844 0.023553
v 0.022224 -0.018561 0.023621
v 0.022100 -0.019019 0.023639
v 0.022303 -0.017630 0.023631
v 0.021920 -0.015879 0.023667
v 0.022286 -0.018118 0.023626
v 0.020928 -0.020883 0.023770
v 0.021907 -0.019160 0.023846
v 0.021533 -0.019941 0.023842
v 0.020871 -0.020833 0.023850
v 0.021944 -0.018722 0.023912
v 0.022207 -0.017910 0.023795
v 0.021559 -0.019720 0.023910
v 0.020050 -0.021555 0.023760
v 0.022143 -0.017211 0.023850
v 0.022167 -0.016970 0.023760
v 0.022061 -0.016368 0.023728
v 0.022027 -0.017680 0.023934
v 0.021778 -0.016026 0.023889
v 0.021450 -0.015193 0.023828
v 0.021392 -0.015266 0.023900
v 0.021974 -0.016794 0.023910
v 0.019871 -0.021754 0.023626
v 0.021489 -0.015092 0.023681
v 0.019795 -0.013553 0.023605
v 0.020245 -0.013835 0.023639
v 0.018765 -0.013164 0.023562
v 0.018818 -0.013179 0.023622
v 0.017864 -0.013036 0.023608
v 0.017424 -0.013059 0.023656
v 0.016097 -0.013319 0.023622
v 0.015254 -0.013717 0.023562
v 0.014719 -0.014101 0.023593
v 0.015484 -0.013601 0.023626
v 0.021017 -0.014595 0.023760
v 0.021122 -0.014611 0.023690
v 0.019583 -0.013551 0.023760
v 0.021319 -0.015341 0.023945
v 0.020491 -0.014198 0.023844
v 0.020461 -0.014091 0.023797
v 0.019813 -0.013706 0.023813
v 0.015305 -0.013801 0.023760
v 0.016970 -0.013188 0.023760
v 0.019013 -0.013375 0.023816
v 0.018131 -0.013191 0.023813
v 0.018601 -0.013304 0.023858
v 0.016389 -0.013315 0.023771
v 0.017004 -0.013201 0.023804
v 0.017689 -0.013168 0.023813
v 0.015031 -0.014119 0.023888
v 0.015562 -0.013696 0.023813
v 0.020805 -0.020775 0.023914
v 0.021846 -0.018707 0.023960
v 0.021468 -0.019679 0.023960
v 0.020729 -0.020713 0.023961
v 0.020915 -0.020322 0.023990
v 0.021779 -0.018484 0.023990
v 0.021570 -0.019091 0.023997
v 0.021368 -0.019640 0.023990
v 0.019438 -0.021770 0.023880
v 0.021923 -0.017033 0.023960
v 0.021266 -0.015458 0.023983
v 0.021619 -0.016139 0.023982
v 0.021838 -0.017263 0.023990
v 0.021436 -0.015858 0.023990
v 0.021802 -0.017946 0.023998
v 0.020170 -0.021043 0.023990
v 0.020224 -0.014220 0.023960
v 0.019646 -0.021531 0.023945
v 0.020105 -0.014006 0.023914
v 0.018923 -0.013472 0.023910
v 0.019992 -0.014197 0.023990
v 0.019110 -0.013630 0.023960
v 0.018486 -0.013577 0.023990
v 0.018094 -0.013455 0.023977
v 0.019273 -0.013813 0.023990
v 0.020764 -0.014801 0.023983
v 0.017643 -0.013331 0.023935
v 0.016709 -0.013457 0.023948
v 0.015917 -0.013585 0.023880
v 0.017011 -0.013447 0.023959
v 0.015890 -0.013731 0.023945
v 0.016648 -0.013575 0.023980
v 0.017435 -0.013509 0.023990
v 0.016235 -0.013759 0.023990
v 0.015858 -0.013919 0.023990
v 0.015498 -0.014116 0.023990
v 0.015160 -0.014346 0.023990
v 0.019794 -0.021660 0.023813
v 0.014047 -0.014767 0.023533
v 0.013540 -0.015560 0.023562
v 0.014079 -0.014770 0.023675
v 0.014166 -0.014838 0.023805
v 0.014595 -0.014338 0.023760
v 0.013541 -0.015753 0.023755
v 0.013300 -0.016177 0.023615
v 0.013125 -0.018658 0.023530
v 0.013132 -0.016821 0.023632
v 0.013227 -0.016603 0.023716
v 0.013056 -0.017478 0.023655
v 0.013106 -0.018383 0.023656
v 0.013375 -0.019453 0.023545
v 0.013435 -0.019476 0.023667
v 0.013130 -0.018395 0.023665
v 0.013078 -0.017494 0.023665
v 0.014404 -0.014683 0.023885
v 0.013822 -0.015415 0.023842
v 0.013519 -0.016154 0.023888
v 0.013200 -0.017078 0.023810
v 0.013796 -0.015635 0.023910
v 0.013203 -0.017710 0.023844
v 0.013140 -0.017942 0.023760
v 0.013288 -0.018744 0.023814
v 0.013335 -0.019032 0.023762
v 0.013328 -0.017675 0.023934
v 0.013817 -0.019637 0.023955
v 0.013710 -0.019836 0.023805
v 0.013382 -0.018561 0.023910
v 0.013337 -0.017074 0.023910
v 0.015603 -0.021824 0.023604
v 0.014616 -0.021165 0.023615
v 0.014910 -0.021389 0.023652
v 0.016550 -0.022169 0.023642
v 0.016591 -0.022192 0.023562
v 0.018177 -0.022276 0.023632
v 0.019258 -0.022036 0.023622
v 0.018626 -0.022205 0.023631
v 0.017691 -0.022307 0.023626
v 0.014229 -0.020740 0.023694
v 0.015772 -0.021804 0.023760
v 0.013993 -0.020346 0.023780
v 0.014481 -0.020858 0.023813
v 0.015348 -0.021544 0.023814
v 0.017239 -0.022268 0.023676
v 0.016342 -0.021981 0.023816
v 0.017225 -0.022164 0.023813
v 0.016754 -0.022052 0.023858
v 0.018352 -0.022154 0.023804
v 0.018735 -0.022055 0.023831
v 0.017907 -0.022057 0.023916
v 0.014794 -0.014516 0.023969
v 0.014350 -0.014975 0.023960
v 0.013509 -0.016649 0.023960
v 0.013935 -0.015674 0.023976
v 0.014845 -0.014609 0.023990
v 0.014301 -0.015221 0.023990
v 0.013887 -0.015927 0.023990
v 0.013542 -0.017103 0.023990
v 0.013675 -0.016473 0.023990
v 0.013432 -0.018322 0.023960
v 0.014306 -0.020482 0.023910
v 0.014058 -0.019833 0.023986
v 0.013726 -0.019338 0.023960
v 0.013636 -0.018729 0.023990
v 0.013553 -0.018328 0.023990
v 0.013759 -0.019120 0.023990
v 0.014916 -0.021038 0.023934
v 0.013497 -0.017682 0.023990
v 0.014609 -0.020510 0.023990
v 0.015190 -0.021336 0.023888
v 0.016142 -0.021726 0.023947
v 0.016432 -0.021883 0.023910
v 0.015564 -0.021279 0.023990
v 0.015315 -0.021199 0.023978
v 0.017054 -0.021821 0.023989
v 0.017280 -0.021946 0.023960
v 0.016087 -0.021543 0.023990
v 0.014569 -0.020549 0.023980
v 0.017503 -0.022056 0.023910
v 0.018647 -0.021898 0.023948
v 0.018345 -0.021908 0.023959
v 0.019259 -0.021705 0.023945
v 0.018450 -0.021827 0.023985
v 0.019093 -0.021564 0.023999
v 0.019498 -0.021436 0.023990
v 0.015380 -0.020164 0.021370
v 0.015347 -0.020192 0.021394
v 0.014651 -0.019214 0.021375
v 0.014466 -0.019394 0.021517
v 0.014388 -0.019892 0.021703
v 0.015347 -0.020192 0.024000
v 0.015078 -0.020324 0.021556
v 0.014673 -0.020230 0.021691
v 0.015154 -0.018886 0.021030
v 0.015011 -0.019013 0.021137
v 0.015292 -0.018706 0.020915
v 0.015474 -0.018250 0.020725
v 0.015417 -0.017758 0.020721
v 0.015011 -0.019013 0.024000
v 0.014913 -0.019079 0.021204
v 0.015268 -0.017431 0.020812
v 0.014821 -0.017047 0.021104
v 0.015108 -0.015994 0.021189
v 0.014516 -0.015747 0.021553
v 0.014028 -0.016053 0.021720
v 0.014025 -0.016626 0.021609
v 0.013971 -0.016414 0.021676
v 0.014358 -0.016925 0.021380
v 0.014194 -0.016837 0.021484
v 0.016334 -0.015904 0.020697
v 0.016600 -0.015603 0.020765
v 0.016692 -0.015432 0.020831
v 0.016788 -0.015077 0.021001
v 0.015968 -0.016077 0.020767
v 0.015600 -0.016134 0.020909
v 0.017859 -0.014280 0.021379
v 0.017784 -0.014034 0.021519
v 0.017836 -0.014154 0.021451
v 0.017665 -0.013879 0.021608
v 0.017188 -0.013720 0.021717
v 0.017478 -0.013769 0.021675
v 0.016799 -0.013930 0.021637
v 0.016708 -0.014554 0.021303
v 0.016664 -0.014241 0.021484
v 0.019690 -0.015476 0.024000
v 0.019690 -0.015476 0.021137
v 0.019779 -0.015401 0.021204
v 0.017847 -0.014652 0.021165
v 0.018006 -0.015180 0.020867
v 0.018365 -0.015520 0.020723
v 0.018821 -0.015719 0.020719
v 0.019314 -0.015664 0.020913
v 0.019543 -0.015572 0.021039
v 0.020732 -0.016121 0.024000
v 0.020732 -0.016121 0.021394
v 0.020892 -0.015957 0.021520
v 0.020974 -0.015627 0.021656
v 0.020861 -0.015274 0.021717
v 0.020207 -0.015055 0.021518
v 0.020553 -0.015067 0.021657
v 0.019981 -0.015185 0.021375
v 0.020698 -0.016145 0.021371
v 0.020201 -0.016469 0.021030
v 0.020345 -0.016342 0.021137
v 0.020064 -0.016649 0.020915
v 0.019882 -0.017105 0.020725
v 0.019939 -0.017597 0.020721
v 0.020345 -0.016342 0.024000
v 0.020442 -0.016276 0.021204
v 0.020088 -0.017924 0.020812
v 0.020504 -0.018289 0.021085
v 0.020989 -0.018426 0.021375
v 0.020839 -0.019608 0.021553
v 0.021327 -0.019303 0.021720
v 0.021330 -0.018729 0.021609
v 0.021384 -0.018941 0.021676
v 0.021161 -0.018518 0.021484
v 0.018953 -0.019528 0.020714
v 0.018755 -0.019753 0.020765
v 0.018573 -0.020178 0.020947
v 0.020417 -0.019462 0.021303
v 0.019387 -0.019278 0.020767
v 0.019202 -0.019352 0.020723
v 0.019842 -0.019221 0.020948
v 0.017495 -0.021067 0.021375
v 0.017536 -0.021256 0.021483
v 0.017691 -0.021476 0.021608
v 0.018242 -0.021633 0.021720
v 0.017877 -0.021586 0.021675
v 0.018593 -0.021366 0.021609
v 0.018647 -0.020801 0.021303
v 0.018693 -0.021058 0.021453
v 0.018672 -0.021187 0.021521
v 0.015666 -0.019879 0.024000
v 0.015666 -0.019879 0.021137
v 0.015576 -0.019954 0.021204
v 0.017506 -0.020686 0.021155
v 0.017349 -0.020176 0.020867
v 0.016990 -0.019835 0.020723
v 0.016535 -0.019636 0.020719
v 0.016041 -0.019692 0.020913
v 0.015813 -0.019783 0.021039
v 0.017683 -0.017685 0.019420
v 0.017685 -0.017682 0.019420
v 0.017686 -0.017676 0.019420
v 0.017686 -0.017679 0.019420
v 0.017685 -0.017672 0.019420
v 0.017682 -0.017670 0.019420
v 0.017679 -0.017669 0.019420
v 0.017676 -0.017669 0.019420
v 0.017672 -0.017671 0.019420
v 0.017670 -0.017673 0.019420
v 0.017669 -0.017680 0.019420
v 0.017669 -0.017676 0.019420
v 0.017671 -0.017683 0.019420
v 0.017673 -0.017685 0.019420
v 0.017676 -0.017686 0.019420
v 0.017680 -0.017686 0.019420
v 0.017736 -0.020192 0.009600
v 0.018573 -0.020020 0.009600
v 0.019105 -0.019733 0.009600
v 0.016203 -0.019704 0.009600
v 0.015772 -0.019300 0.009600
v 0.016854 -0.020048 0.009600
v 0.019571 -0.019321 0.009600
v 0.019906 -0.018818 0.009600
v 0.020155 -0.018111 0.009600
v 0.020153 -0.017287 0.009600
v 0.019982 -0.016698 0.009600
v 0.015377 -0.018693 0.009600
v 0.015161 -0.017701 0.009600
v 0.015311 -0.016855 0.009600
v 0.015632 -0.016227 0.009600
v 0.016233 -0.015620 0.009600
v 0.018419 -0.015275 0.009600
v 0.019048 -0.015585 0.009600
v 0.019584 -0.016038 0.009600
v 0.017777 -0.015180 0.009600
v 0.017164 -0.015213 0.009600
v -0.015869 -0.020071 0.010100
v -0.015643 -0.019882 0.010100
v -0.015869 -0.020071 0.019200
v -0.015436 -0.019672 0.010100
v -0.015252 -0.019443 0.010100
v -0.015436 -0.019672 0.019200
v -0.015090 -0.019196 0.010100
v -0.014954 -0.018935 0.010100
v -0.015090 -0.019196 0.019200
v -0.014844 -0.018662 0.010100
v -0.014761 -0.018380 0.010100
v -0.014844 -0.018662 0.019200
v -0.015252 -0.019443 0.019200
v -0.014706 -0.018091 0.010100
v -0.014680 -0.017797 0.010100
v -0.014706 -0.018091 0.019200
v -0.014683 -0.017503 0.010100
v -0.014714 -0.017210 0.010100
v -0.014683 -0.017503 0.019200
v -0.014680 -0.017797 0.019200
v -0.014774 -0.016922 0.010100
v -0.014862 -0.016641 0.010100
v -0.014862 -0.016641 0.019200
v -0.014978 -0.016370 0.010100
v -0.015119 -0.016112 0.010100
v -0.014978 -0.016370 0.019200
v -0.014774 -0.016922 0.019200
v -0.014761 -0.018380 0.019200
v -0.015285 -0.015869 0.010100
v -0.015473 -0.015643 0.010100
v -0.015285 -0.015869 0.019200
v -0.015683 -0.015436 0.010100
v -0.015913 -0.015252 0.010100
v -0.015683 -0.015436 0.019200
v -0.015473 -0.015643 0.019200
v -0.016159 -0.015090 0.010100
v -0.016420 -0.014954 0.010100
v -0.016420 -0.014954 0.019200
v -0.016693 -0.014844 0.010100
v -0.016975 -0.014761 0.010100
v -0.016693 -0.014844 0.019200
v -0.015913 -0.015252 0.019200
v -0.017265 -0.014706 0.010100
v -0.017558 -0.014680 0.010100
v -0.017558 -0.014680 0.019200
v -0.017852 -0.014683 0.010100
v -0.018145 -0.014714 0.010100
v -0.018145 -0.014714 0.019200
v -0.017852 -0.014683 0.019200
v -0.018433 -0.014774 0.010100
v -0.018714 -0.014862 0.010100
v -0.018714 -0.014862 0.019200
v -0.018985 -0.014978 0.010100
v -0.019243 -0.015119 0.010100
v -0.018985 -0.014978 0.019200
v -0.018433 -0.014774 0.019200
v -0.017265 -0.014706 0.019200
v -0.015643 -0.019882 0.019200
v -0.014714 -0.017210 0.019200
v -0.016159 -0.015090 0.019200
v -0.017133 -0.014686 0.019390
v -0.019378 -0.015177 0.019332
v -0.019487 -0.015285 0.010100
v -0.019487 -0.015285 0.019200
v -0.016112 -0.020237 0.019200
v -0.019713 -0.015473 0.010100
v -0.019713 -0.015473 0.019200
v -0.019919 -0.015683 0.010100
v -0.020104 -0.015913 0.010100
v -0.020104 -0.015913 0.019200
v -0.019919 -0.015683 0.019200
v -0.020265 -0.016159 0.010100
v -0.020401 -0.016420 0.010100
v -0.020401 -0.016420 0.019200
v -0.020511 -0.016693 0.010100
v -0.020594 -0.016975 0.010100
v -0.020594 -0.016975 0.019200
v -0.020511 -0.016693 0.019200
v -0.020265 -0.016159 0.019200
v -0.020649 -0.017265 0.010100
v -0.020675 -0.017558 0.010100
v -0.020675 -0.017558 0.019200
v -0.020673 -0.017852 0.010100
v -0.020641 -0.018145 0.010100
v -0.020641 -0.018145 0.019200
v -0.020673 -0.017852 0.019200
v -0.020581 -0.018433 0.010100
v -0.020493 -0.018714 0.010100
v -0.020581 -0.018433 0.019200
v -0.020378 -0.018985 0.010100
v -0.020237 -0.019243 0.010100
v -0.020237 -0.019243 0.019200
v -0.020378 -0.018985 0.019200
v -0.020649 -0.017265 0.019200
v -0.020071 -0.019487 0.010100
v -0.019882 -0.019713 0.010100
v -0.019882 -0.019713 0.019200
v -0.019672 -0.019919 0.010100
v -0.019443 -0.020104 0.010100
v -0.019672 -0.019919 0.019200
v -0.019196 -0.020265 0.010100
v -0.018935 -0.020401 0.010100
v -0.018935 -0.020401 0.019200
v -0.018662 -0.020511 0.010100
v -0.018380 -0.020594 0.010100
v -0.018380 -0.020594 0.019200
v -0.018662 -0.020511 0.019200
v -0.019196 -0.020265 0.019200
v -0.018091 -0.020649 0.010100
v -0.017797 -0.020675 0.010100
v -0.018091 -0.020649 0.019200
v -0.017503 -0.020673 0.010100
v -0.017210 -0.020641 0.010100
v -0.017210 -0.020641 0.019200
v -0.017797 -0.020675 0.019200
v -0.016922 -0.020581 0.010100
v -0.016641 -0.020493 0.010100
v -0.016922 -0.020581 0.019200
v -0.016370 -0.020378 0.010100
v -0.016112 -0.020237 0.010100
v -0.016370 -0.020378 0.019200
v -0.020071 -0.019487 0.019200
v -0.020493 -0.018714 0.019200
v -0.019443 -0.020104 0.019200
v -0.017356 -0.020684 0.019332
v -0.021573 -0.016498 0.024000
v -0.021396 -0.016382 0.024000
v -0.021083 -0.015830 0.024000
v -0.021312 -0.016069 0.024002
v -0.021280 -0.016711 0.024000
v -0.021755 -0.017515 0.024000
v -0.021077 -0.016893 0.024000
v -0.020688 -0.017002 0.024000
v -0.020531 -0.015820 0.024000
v -0.020826 -0.015069 0.024000
v -0.020668 -0.015775 0.024000
v -0.020804 -0.015764 0.024000
v -0.020264 -0.015990 0.024000
v -0.020092 -0.016064 0.024000
v -0.019911 -0.016110 0.024000
v -0.019421 -0.016107 0.024000
v -0.020282 -0.018962 0.024000
v -0.021576 -0.018899 0.024000
v -0.019934 -0.017740 0.024000
v -0.020763 -0.019251 0.024000
v -0.020433 -0.019073 0.024000
v -0.020898 -0.019428 0.024000
v -0.020942 -0.019908 0.024003
v -0.020850 -0.020074 0.024003
v -0.020968 -0.019630 0.024000
v -0.020164 -0.017343 0.024000
v -0.020449 -0.017104 0.024000
v -0.020052 -0.018704 0.024000
v -0.019912 -0.018326 0.024000
v -0.019889 -0.018140 0.024000
v -0.018685 -0.014205 0.024000
v -0.019588 -0.014062 0.024000
v -0.018563 -0.014875 0.024000
v -0.018492 -0.013877 0.024006
v -0.018304 -0.013756 0.024010
v -0.018611 -0.014023 0.024000
v -0.018661 -0.015458 0.024000
v -0.018687 -0.014419 0.024000
v -0.018030 -0.013724 0.024000
v -0.017723 -0.013852 0.024000
v -0.017680 -0.013608 0.024000
v -0.016921 -0.013681 0.024000
v -0.017504 -0.014155 0.024000
v -0.016343 -0.013838 0.024000
v -0.018954 -0.015838 0.024000
v -0.017488 -0.014870 0.024000
v -0.017252 -0.015284 0.024000
v -0.016901 -0.015591 0.024000
v -0.016182 -0.015714 0.024000
v -0.015791 -0.014069 0.024000
v -0.015322 -0.015138 0.024000
v -0.015732 -0.015522 0.024000
v -0.015584 -0.015408 0.024000
v -0.015097 -0.014531 0.024000
v -0.015115 -0.015057 0.024000
v -0.014827 -0.015053 0.024000
v -0.014549 -0.015227 0.024000
v -0.014533 -0.015094 0.024000
v -0.020665 -0.020435 0.024000
v -0.020601 -0.020288 0.024000
v -0.019966 -0.021067 0.024000
v -0.020240 -0.020299 0.024000
v -0.019624 -0.019833 0.024000
v -0.019772 -0.019948 0.024000
v -0.020111 -0.020254 0.024000
v -0.019995 -0.020181 0.024000
v -0.019899 -0.020085 0.024000
v -0.019362 -0.019703 0.024000
v -0.019098 -0.019651 0.024000
v -0.018911 -0.019650 0.024000
v -0.018726 -0.019679 0.024000
v -0.018548 -0.019738 0.024000
v -0.018241 -0.019916 0.024000
v -0.016471 -0.019576 0.024000
v -0.017867 -0.020486 0.024000
v -0.017860 -0.021077 0.024000
v -0.018681 -0.021630 0.024000
v -0.017840 -0.021740 0.024000
v -0.017739 -0.021421 0.024000
v -0.017441 -0.021736 0.024000
v -0.017325 -0.021632 0.024000
v -0.016848 -0.021660 0.024000
v -0.017001 -0.021572 0.024000
v -0.016731 -0.020710 0.024000
v -0.016757 -0.020075 0.024000
v -0.016682 -0.021261 0.024010
v -0.016743 -0.021348 0.024000
v -0.015440 -0.016924 0.024000
v -0.014923 -0.016282 0.024000
v -0.015073 -0.016393 0.024000
v -0.015204 -0.016527 0.024000
v -0.015458 -0.017402 0.024000
v -0.015125 -0.018091 0.024000
v -0.016003 -0.019286 0.024029
v -0.015319 -0.017824 0.024034
v -0.014739 -0.018333 0.024000
v -0.014375 -0.015652 0.024000
v -0.014437 -0.015398 0.024000
v -0.014457 -0.015927 0.024000
v -0.014535 -0.016039 0.024000
v -0.014637 -0.016131 0.024000
v -0.013986 -0.015946 0.024000
v -0.014756 -0.016197 0.024000
v -0.015341 -0.019246 0.024000
v -0.014772 -0.019563 0.024000
v -0.015817 -0.019243 0.024000
v -0.014665 -0.020426 0.024000
v -0.014402 -0.019578 0.024000
v -0.014088 -0.019594 0.024000
v -0.014176 -0.019445 0.024000
v -0.014300 -0.018448 0.024000
v -0.013651 -0.018237 0.024000
v -0.014026 -0.018712 0.024005
v -0.014009 -0.019229 0.024000
v -0.013970 -0.018958 0.024000
v -0.015627 -0.020390 0.019600
v -0.015061 -0.019654 0.019584
v -0.015310 -0.019977 0.019590
v -0.014788 -0.019230 0.019584
v -0.015257 -0.019753 0.019544
v -0.014673 -0.018941 0.019580
v -0.016000 -0.020448 0.019574
v -0.014577 -0.017985 0.019497
v -0.014352 -0.018435 0.019600
v -0.014316 -0.017105 0.019600
v -0.015833 -0.020117 0.019401
v -0.014948 -0.019083 0.019434
v -0.014846 -0.018789 0.019393
v -0.014462 -0.018125 0.019570
v -0.015308 -0.019608 0.019413
v -0.014508 -0.017859 0.019539
v -0.014591 -0.016931 0.019539
v -0.014453 -0.017688 0.019574
v -0.014604 -0.017173 0.019503
v -0.014612 -0.016692 0.019574
v -0.014696 -0.018238 0.019353
v -0.014750 -0.016171 0.019585
v -0.014983 -0.015588 0.019600
v -0.015594 -0.015073 0.019592
v -0.015519 -0.015252 0.019570
v -0.016353 -0.014674 0.019583
v -0.016761 -0.014383 0.019600
v -0.017044 -0.014546 0.019548
v -0.017979 -0.014367 0.019591
v -0.018005 -0.014517 0.019539
v -0.019059 -0.014549 0.019600
v -0.018988 -0.014687 0.019569
v -0.015245 -0.015616 0.019545
v -0.014805 -0.016619 0.019404
v -0.016371 -0.014848 0.019483
v -0.015899 -0.015057 0.019531
v -0.015110 -0.016095 0.019322
v -0.018919 -0.014800 0.019481
v -0.019636 -0.015088 0.019570
v -0.015415 -0.015614 0.019427
v -0.014908 -0.016195 0.019515
v -0.015736 -0.015315 0.019415
v -0.016396 -0.014901 0.019401
v -0.017846 -0.014624 0.019401
v -0.018734 -0.014827 0.019352
v -0.019557 -0.015191 0.019483
v -0.016051 -0.020337 0.019483
v -0.019860 -0.015067 0.019600
v -0.020020 -0.015467 0.019568
v -0.020525 -0.016048 0.019581
v -0.020764 -0.016252 0.019600
v -0.020855 -0.017178 0.019573
v -0.020915 -0.016947 0.019591
v -0.020957 -0.017701 0.019584
v -0.020941 -0.018137 0.019588
v -0.020866 -0.018447 0.019584
v -0.019846 -0.015555 0.019353
v -0.020309 -0.016112 0.019427
v -0.020564 -0.016655 0.019427
v -0.020450 -0.016377 0.019427
v -0.020080 -0.015758 0.019439
v -0.020694 -0.018463 0.019483
v -0.020736 -0.017537 0.019427
v -0.020747 -0.018162 0.019493
v -0.020610 -0.018441 0.019353
v -0.020735 -0.017837 0.019427
v -0.020688 -0.016938 0.019490
v -0.020868 -0.018852 0.019600
v -0.020630 -0.019250 0.019593
v -0.020366 -0.019392 0.019544
v -0.019545 -0.020428 0.019591
v -0.019241 -0.020457 0.019544
v -0.020124 -0.019764 0.019570
v -0.020557 -0.019002 0.019533
v -0.018873 -0.020700 0.019569
v -0.018595 -0.020972 0.019600
v -0.018093 -0.020931 0.019581
v -0.017351 -0.020839 0.019539
v -0.016933 -0.021015 0.019600
v -0.016512 -0.020737 0.019578
v -0.019512 -0.020198 0.019483
v -0.020360 -0.019147 0.019414
v -0.018107 -0.020765 0.019483
v -0.016584 -0.020606 0.019482
v -0.020587 -0.018749 0.019499
v -0.019920 -0.019760 0.019403
v -0.019349 -0.020281 0.019484
v -0.018819 -0.020515 0.019414
v -0.018276 -0.020676 0.019415
v -0.017818 -0.020736 0.019427
v -0.016616 -0.020511 0.019326
v -0.016899 -0.022617 0.019600
v -0.016418 -0.022517 0.019600
v -0.015950 -0.022370 0.019600
v -0.017877 -0.022674 0.019600
v -0.018366 -0.022630 0.019600
v -0.017387 -0.022669 0.019600
v -0.018848 -0.022539 0.019600
v -0.014663 -0.021666 0.019600
v -0.015068 -0.021943 0.019600
v -0.015499 -0.022178 0.019600
v -0.019774 -0.022217 0.019600
v -0.019319 -0.022401 0.019600
v -0.020422 -0.021867 0.019600
v -0.021001 -0.021413 0.019600
v -0.021352 -0.021069 0.019600
v -0.013752 -0.020784 0.019600
v -0.013366 -0.020209 0.019600
v -0.013138 -0.019774 0.019600
v -0.012955 -0.019319 0.019600
v -0.012817 -0.018848 0.019600
v -0.012673 -0.017588 0.019600
v -0.012725 -0.018366 0.019600
v -0.013177 -0.015499 0.019600
v -0.012779 -0.016657 0.019600
v -0.012986 -0.015950 0.019600
v -0.013689 -0.014663 0.019600
v -0.013413 -0.015068 0.019600
v -0.021627 -0.020663 0.019701
v -0.021943 -0.020287 0.019600
v -0.022363 -0.019468 0.019600
v -0.022649 -0.018257 0.019600
v -0.022539 -0.016507 0.019600
v -0.022667 -0.017276 0.019600
v -0.022401 -0.016036 0.019600
v -0.022217 -0.015581 0.019600
v -0.021969 -0.015138 0.019676
v -0.021413 -0.014354 0.019600
v -0.020922 -0.013866 0.019600
v -0.016036 -0.012955 0.019600
v -0.014936 -0.013492 0.019600
v -0.016989 -0.012725 0.019600
v -0.016507 -0.012817 0.019600
v -0.014202 -0.014076 0.019600
v -0.015581 -0.013138 0.019600
v -0.020287 -0.013413 0.019600
v -0.019405 -0.012986 0.019600
v -0.019857 -0.013177 0.019600
v -0.017723 -0.012674 0.019600
v -0.018700 -0.012775 0.019600
v -0.019905 -0.013541 0.023417
v -0.018575 -0.013107 0.023517
v -0.017720 -0.013008 0.023454
v -0.016359 -0.013183 0.023464
v -0.015119 -0.013771 0.023454
v -0.014426 -0.014343 0.023534
v -0.013567 -0.015432 0.023464
v -0.013126 -0.016681 0.023520
v -0.013011 -0.017652 0.023474
v -0.013198 -0.019060 0.023466
v -0.013773 -0.020216 0.023534
v -0.013973 -0.021245 0.019660
v -0.015487 -0.021823 0.023466
v -0.017212 -0.022347 0.023418
v -0.018999 -0.022176 0.023468
v -0.020232 -0.021578 0.023495
v -0.021285 -0.020694 0.023366
v -0.021705 -0.019982 0.023649
v -0.022344 -0.017703 0.023474
v -0.022158 -0.016295 0.023466
v -0.021577 -0.015139 0.023537
v -0.021009 -0.014408 0.023454
v -0.014349 -0.020952 0.023569
v -0.014551 -0.021073 0.023670
v -0.013700 -0.020020 0.023670
v -0.013462 -0.019624 0.023562
v -0.013448 -0.019396 0.023770
v -0.015254 -0.021638 0.023562
v -0.013072 -0.017147 0.023605
v -0.013403 -0.015844 0.023553
v -0.013132 -0.018561 0.023621
v -0.013255 -0.019019 0.023639
v -0.013052 -0.017630 0.023631
v -0.013435 -0.015879 0.023667
v -0.013070 -0.018118 0.023626
v -0.014427 -0.020883 0.023770
v -0.013449 -0.019160 0.023846
v -0.013822 -0.019941 0.023842
v -0.014484 -0.020833 0.023850
v -0.013411 -0.018722 0.023912
v -0.013148 -0.017910 0.023795
v -0.013796 -0.019720 0.023910
v -0.015305 -0.021555 0.023760
v -0.013212 -0.017211 0.023850
v -0.013188 -0.016970 0.023760
v -0.013294 -0.016368 0.023728
v -0.013328 -0.017680 0.023934
v -0.013577 -0.016026 0.023889
v -0.013905 -0.015193 0.023828
v -0.013963 -0.015266 0.023900
v -0.013382 -0.016794 0.023910
v -0.015484 -0.021754 0.023626
v -0.013866 -0.015092 0.023681
v -0.015560 -0.013553 0.023605
v -0.015110 -0.013835 0.023639
v -0.016591 -0.013164 0.023562
v -0.016537 -0.013179 0.023622
v -0.017491 -0.013036 0.023608
v -0.017931 -0.013059 0.023656
v -0.019258 -0.013319 0.023622
v -0.020101 -0.013717 0.023562
v -0.020636 -0.014101 0.023593
v -0.019871 -0.013601 0.023626
v -0.014338 -0.014595 0.023760
v -0.014233 -0.014611 0.023690
v -0.015772 -0.013551 0.023760
v -0.014036 -0.015341 0.023945
v -0.014864 -0.014198 0.023844
v -0.014894 -0.014091 0.023797
v -0.015542 -0.013706 0.023813
v -0.020050 -0.013801 0.023760
v -0.018386 -0.013188 0.023760
v -0.016342 -0.013375 0.023816
v -0.017225 -0.013191 0.023813
v -0.016754 -0.013304 0.023858
v -0.018967 -0.013315 0.023771
v -0.018352 -0.013201 0.023804
v -0.017667 -0.013168 0.023813
v -0.020324 -0.014119 0.023888
v -0.019794 -0.013696 0.023813
v -0.014550 -0.020775 0.023914
v -0.013509 -0.018707 0.023960
v -0.013887 -0.019679 0.023960
v -0.014626 -0.020713 0.023961
v -0.014441 -0.020322 0.023990
v -0.013576 -0.018484 0.023990
v -0.013786 -0.019091 0.023997
v -0.013987 -0.019640 0.023990
v -0.015917 -0.021770 0.023880
v -0.013432 -0.017033 0.023960
v -0.014090 -0.015458 0.023983
v -0.013736 -0.016139 0.023982
v -0.013517 -0.017263 0.023990
v -0.013919 -0.015858 0.023990
v -0.013554 -0.017946 0.023998
v -0.015185 -0.021043 0.023990
v -0.015132 -0.014220 0.023960
v -0.015709 -0.021531 0.023945
v -0.015250 -0.014006 0.023914
v -0.016432 -0.013472 0.023910
v -0.015363 -0.014197 0.023990
v -0.016245 -0.013630 0.023960
v -0.016869 -0.013577 0.023990
v -0.017262 -0.013455 0.023977
v -0.016082 -0.013813 0.023990
v -0.014592 -0.014801 0.023983
v -0.017712 -0.013331 0.023935
v -0.018647 -0.013457 0.023948
v -0.019438 -0.013585 0.023880
v -0.018345 -0.013447 0.023959
v -0.019466 -0.013731 0.023945
v -0.018707 -0.013575 0.023980
v -0.017921 -0.013509 0.023990
v -0.019120 -0.013759 0.023990
v -0.019498 -0.013919 0.023990
v -0.019857 -0.014116 0.023990
v -0.020196 -0.014346 0.023990
v -0.015562 -0.021660 0.023813
v -0.021309 -0.014767 0.023533
v -0.021815 -0.015560 0.023562
v -0.021276 -0.014770 0.023675
v -0.021190 -0.014838 0.023805
v -0.020761 -0.014338 0.023760
v -0.021814 -0.015753 0.023755
v -0.022055 -0.016177 0.023615
v -0.022231 -0.018658 0.023530
v -0.022223 -0.016821 0.023632
v -0.022128 -0.016603 0.023716
v -0.022300 -0.017478 0.023655
v -0.022250 -0.018383 0.023656
v -0.021980 -0.019453 0.023545
v -0.021920 -0.019476 0.023667
v -0.022225 -0.018395 0.023665
v -0.022277 -0.017494 0.023665
v -0.020951 -0.014683 0.023885
v -0.021533 -0.015415 0.023842
v -0.021836 -0.016154 0.023888
v -0.022156 -0.017078 0.023810
v -0.021559 -0.015635 0.023910
v -0.022152 -0.017710 0.023844
v -0.022215 -0.017942 0.023760
v -0.022067 -0.018744 0.023814
v -0.022021 -0.019032 0.023762
v -0.022027 -0.017675 0.023934
v -0.021539 -0.019637 0.023955
v -0.021645 -0.019836 0.023805
v -0.021974 -0.018561 0.023910
v -0.022018 -0.017074 0.023910
v -0.019752 -0.021824 0.023604
v -0.020740 -0.021165 0.023615
v -0.020445 -0.021389 0.023652
v -0.018805 -0.022169 0.023642
v -0.018765 -0.022192 0.023562
v -0.017178 -0.022276 0.023632
v -0.016097 -0.022036 0.023622
v -0.016729 -0.022205 0.023631
v -0.017665 -0.022307 0.023626
v -0.021126 -0.020740 0.023694
v -0.019583 -0.021804 0.023760
v -0.021362 -0.020346 0.023780
v -0.020874 -0.020858 0.023813
v -0.020008 -0.021544 0.023814
v -0.018116 -0.022268 0.023676
v -0.019013 -0.021981 0.023816
v -0.018131 -0.022164 0.023813
v -0.018601 -0.022052 0.023858
v -0.017004 -0.022154 0.023804
v -0.016620 -0.022055 0.023831
v -0.017448 -0.022057 0.023916
v -0.020561 -0.014516 0.023969
v -0.021005 -0.014975 0.023960
v -0.021846 -0.016649 0.023960
v -0.021421 -0.015674 0.023976
v -0.020510 -0.014609 0.023990
v -0.021054 -0.015221 0.023990
v -0.021469 -0.015927 0.023990
v -0.021814 -0.017103 0.023990
v -0.021680 -0.016473 0.023990
v -0.021923 -0.018322 0.023960
v -0.021050 -0.020482 0.023910
v -0.021298 -0.019833 0.023986
v -0.021629 -0.019338 0.023960
v -0.021719 -0.018729 0.023990
v -0.021803 -0.018328 0.023990
v -0.021596 -0.019120 0.023990
v -0.020439 -0.021038 0.023934
v -0.021859 -0.017682 0.023990
v -0.020746 -0.020510 0.023990
v -0.020166 -0.021336 0.023888
v -0.019214 -0.021726 0.023947
v -0.018923 -0.021883 0.023910
v -0.019792 -0.021279 0.023990
v -0.020040 -0.021199 0.023978
v -0.018302 -0.021821 0.023989
v -0.018076 -0.021946 0.023960
v -0.019269 -0.021543 0.023990
v -0.020786 -0.020549 0.023980
v -0.017853 -0.022056 0.023910
v -0.016709 -0.021898 0.023948
v -0.017011 -0.021908 0.023959
v -0.016096 -0.021705 0.023945
v -0.016906 -0.021827 0.023985
v -0.016262 -0.021564 0.023999
v -0.015858 -0.021436 0.023990
v -0.019975 -0.020164 0.021370
v -0.020008 -0.020192 0.021394
v -0.020704 -0.019214 0.021375
v -0.020890 -0.019394 0.021517
v -0.020968 -0.019892 0.021703
v -0.020008 -0.020192 0.024000
v -0.020277 -0.020324 0.021556
v -0.020682 -0.020230 0.021691
v -0.020201 -0.018886 0.021030
v -0.020345 -0.019013 0.021137
v -0.020064 -0.018706 0.020915
v -0.019882 -0.018250 0.020725
v -0.019939 -0.017758 0.020721
v -0.020345 -0.019013 0.024000
v -0.020442 -0.019079 0.021204
v -0.020088 -0.017431 0.020812
v -0.020535 -0.017047 0.021104
v -0.020247 -0.015994 0.021189
v -0.020839 -0.015747 0.021553
v -0.021327 -0.016053 0.021720
v -0.021330 -0.016626 0.021609
v -0.021384 -0.016414 0.021676
v -0.020997 -0.016925 0.021380
v -0.021161 -0.016837 0.021484
v -0.019022 -0.015904 0.020697
v -0.018755 -0.015603 0.020765
v -0.018664 -0.015432 0.020831
v -0.018568 -0.015077 0.021001
v -0.019387 -0.016077 0.020767
v -0.019756 -0.016134 0.020909
v -0.017496 -0.014280 0.021379
v -0.017571 -0.014034 0.021519
v -0.017520 -0.014154 0.021451
v -0.017691 -0.013879 0.021608
v -0.018168 -0.013720 0.021717
v -0.017877 -0.013769 0.021675
v -0.018557 -0.013930 0.021637
v -0.018647 -0.014554 0.021303
v -0.018691 -0.014241 0.021484
v -0.015666 -0.015476 0.024000
v -0.015666 -0.015476 0.021137
v -0.015576 -0.015401 0.021204
v -0.017508 -0.014652 0.021165
v -0.017349 -0.015180 0.020867
v -0.016990 -0.015520 0.020723
v -0.016535 -0.015719 0.020719
v -0.016041 -0.015664 0.020913
v -0.015813 -0.015572 0.021039
v -0.014624 -0.016121 0.024000
v -0.014624 -0.016121 0.021394
v -0.014464 -0.015957 0.021520
v -0.014382 -0.015627 0.021656
v -0.014495 -0.015274 0.021717
v -0.015148 -0.015055 0.021518
v -0.014802 -0.015067 0.021657
v -0.015374 -0.015185 0.021375
v -0.014657 -0.016145 0.021371
v -0.015154 -0.016469 0.021030
v -0.015011 -0.016342 0.021137
v -0.015292 -0.016649 0.020915
v -0.015474 -0.017105 0.020725
v -0.015417 -0.017597 0.020721
v -0.015011 -0.016342 0.024000
v -0.014913 -0.016276 0.021204
v -0.015268 -0.017924 0.020812
v -0.014851 -0.018289 0.021085
v -0.014367 -0.018426 0.021375
v -0.014516 -0.019608 0.021553
v -0.014028 -0.019303 0.021720
v -0.014025 -0.018729 0.021609
v -0.013971 -0.018941 0.021676
v -0.014194 -0.018518 0.021484
v -0.016402 -0.019528 0.020714
v -0.016600 -0.019753 0.020765
v -0.016783 -0.020178 0.020947
v -0.014938 -0.019462 0.021303
v -0.015968 -0.019278 0.020767
v -0.016153 -0.019352 0.020723
v -0.015513 -0.019221 0.020948
v -0.017861 -0.021067 0.021375
v -0.017820 -0.021256 0.021483
v -0.017665 -0.021476 0.021608
v -0.017113 -0.021633 0.021720
v -0.017478 -0.021586 0.021675
v -0.016762 -0.021366 0.021609
v -0.016708 -0.020801 0.021303
v -0.016662 -0.021058 0.021453
v -0.016683 -0.021187 0.021521
v -0.019690 -0.019879 0.024000
v -0.019690 -0.019879 0.021137
v -0.019779 -0.019954 0.021204
v -0.017850 -0.020686 0.021155
v -0.018006 -0.020176 0.020867
v -0.018365 -0.019835 0.020723
v -0.018821 -0.019636 0.020719
v -0.019314 -0.019692 0.020913
v -0.019543 -0.019783 0.021039
v -0.017672 -0.017685 0.019420
v -0.017670 -0.017682 0.019420
v -0.017669 -0.017676 0.019420
v -0.017669 -0.017679 0.019420
v -0.017671 -0.017672 0.019420
v -0.017673 -0.017670 0.019420
v -0.017676 -0.017669 0.019420
v -0.017680 -0.017669 0.019420
v -0.017683 -0.017671 0.019420
v -0.017685 -0.017673 0.019420
v -0.017686 -0.017680 0.019420
v -0.017686 -0.017676 0.019420
v -0.017685 -0.017683 0.019420
v -0.017682 -0.017685 0.019420
v -0.017679 -0.017686 0.019420
v -0.017676 -0.017686 0.019420
v -0.017620 -0.020192 0.009600
v -0.016782 -0.020020 0.009600
v -0.016250 -0.019733 0.009600
v -0.019152 -0.019704 0.009600
v -0.019584 -0.019300 0.009600
v -0.018501 -0.020048 0.009600
v -0.015784 -0.019321 0.009600
v -0.015450 -0.018818 0.009600
v -0.015201 -0.018111 0.009600
v -0.015202 -0.017287 0.009600
v -0.015373 -0.016698 0.009600
v -0.019978 -0.018693 0.009600
v -0.020195 -0.017701 0.009600
v -0.020045 -0.016855 0.009600
v -0.019723 -0.016227 0.009600
v -0.019123 -0.015620 0.009600
v -0.016936 -0.015275 0.009600
v -0.016307 -0.015585 0.009600
v -0.015771 -0.016038 0.009600
v -0.017578 -0.015180 0.009600
v -0.018191 -0.015213 0.009600
v -0.015869 0.015285 0.010100
v -0.015643 0.015473 0.010100
v -0.015869 0.015285 0.019200
v -0.015436 0.015683 0.010100
v -0.015252 0.015913 0.010100
v -0.015436 0.015683 0.019200
v -0.015090 0.016159 0.010100
v -0.014954 0.016420 0.010100
v -0.015090 0.016159 0.019200
v -0.014844 0.016693 0.010100
v -0.014761 0.016975 0.010100
v -0.014844 0.016693 0.019200
v -0.015252 0.015913 0.019200
v -0.014706 0.017265 0.010100
v -0.014680 0.017558 0.010100
v -0.014706 0.017265 0.019200
v -0.014683 0.017852 0.010100
v -0.014714 0.018145 0.010100
v -0.014683 0.017852 0.019200
v -0.014680 0.017558 0.019200
v -0.014774 0.018433 0.010100
v -0.014862 0.018714 0.010100
v -0.014862 0.018714 0.019200
v -0.014978 0.018985 0.010100
v -0.015119 0.019243 0.010100
v -0.014978 0.018985 0.019200
v -0.014774 0.018433 0.019200
v -0.014761 0.016975 0.019200
v -0.015285 0.019487 0.010100
v -0.015473 0.019713 0.010100
v -0.015285 0.019487 0.019200
v -0.015683 0.019919 0.010100
v -0.015913 0.020104 0.010100
v -0.015683 0.019919 0.019200
v -0.015473 0.019713 0.019200
v -0.016159 0.020265 0.010100
v -0.016420 0.020401 0.010100
v -0.016420 0.020401 0.019200
v -0.016693 0.020511 0.010100
v -0.016975 0.020594 0.010100
v -0.016693 0.020511 0.019200
v -0.015913 0.020104 0.019200
v -0.017265 0.020649 0.010100
v -0.017558 0.020675 0.010100
v -0.017558 0.020675 0.019200
v -0.017852 0.020673 0.010100
v -0.018145 0.020641 0.010100
v -0.018145 0.020641 0.019200
v -0.017852 0.020673 0.019200
v -0.018433 0.020581 0.010100
v -0.018714 0.020493 0.010100
v -0.018714 0.020493 0.019200
v -0.018985 0.020378 0.010100
v -0.019243 0.020237 0.010100
v -0.018985 0.020378 0.019200
v -0.018433 0.020581 0.019200
v -0.017265 0.020649 0.019200
v -0.015643 0.015473 0.019200
v -0.014714 0.018145 0.019200
v -0.016159 0.020265 0.019200
v -0.017133 0.020669 0.019390
v -0.019378 0.020178 0.019332
v -0.019487 0.020071 0.010100
v -0.019487 0.020071 0.019200
v -0.016112 0.015119 0.019200
v -0.019713 0.019882 0.010100
v -0.019713 0.019882 0.019200
v -0.019919 0.019672 0.010100
v -0.020104 0.019443 0.010100
v -0.020104 0.019443 0.019200
v -0.019919 0.019672 0.019200
v -0.020265 0.019196 0.010100
v -0.020401 0.018935 0.010100
v -0.020401 0.018935 0.019200
v -0.020511 0.018662 0.010100
v -0.020594 0.018380 0.010100
v -0.020594 0.018380 0.019200
v -0.020511 0.018662 0.019200
v -0.020265 0.019196 0.019200
v -0.020649 0.018091 0.010100
v -0.020675 0.017797 0.010100
v -0.020675 0.017797 0.019200
v -0.020673 0.017503 0.010100
v -0.020641 0.017210 0.010100
v -0.020641 0.017210 0.019200
v -0.020673 0.017503 0.019200
v -0.020581 0.016922 0.010100
v -0.020493 0.016641 0.010100
v -0.020581 0.016922 0.019200
v -0.020378 0.016370 0.010100
v -0.020237 0.016112 0.010100
v -0.020237 0.016112 0.019200
v -0.020378 0.016370 0.019200
v -0.020649 0.018091 0.019200
v -0.020071 0.015869 0.010100
v -0.019882 0.015643 0.010100
v -0.019882 0.015643 0.019200
v -0.019672 0.015436 0.010100
v -0.019443 0.015252 0.010100
v -0.019672 0.015436 0.019200
v -0.019196 0.015090 0.010100
v -0.018935 0.014954 0.010100
v -0.018935 0.014954 0.019200
v -0.018662 0.014844 0.010100
v -0.018380 0.014761 0.010100
v -0.018380 0.014761 0.019200
v -0.018662 0.014844 0.019200
v -0.019196 0.015090 0.019200
v -0.018091 0.014706 0.010100
v -0.017797 0.014680 0.010100
v -0.018091 0.014706 0.019200
v -0.017503 0.014683 0.010100
v -0.017210 0.014714 0.010100
v -0.017210 0.014714 0.019200
v -0.017797 0.014680 0.019200
v -0.016922 0.014774 0.010100
v -0.016641 0.014862 0.010100
v -0.016922 0.014774 0.019200
v -0.016370 0.014978 0.010100
v -0.016112 0.015119 0.010100
v -0.016370 0.014978 0.019200
v -0.020071 0.015869 0.019200
v -0.020493 0.016641 0.019200
v -0.019443 0.015252 0.019200
v -0.017356 0.014671 0.019332
v -0.021573 0.018857 0.024000
v -0.021396 0.018973 0.024000
v -0.021083 0.019525 0.024000
v -0.021312 0.019286 0.024002
v -0.021280 0.018645 0.024000
v -0.021755 0.017841 0.024000
v -0.021077 0.018463 0.024000
v -0.020688 0.018353 0.024000
v -0.020531 0.019535 0.024000
v -0.020826 0.020287 0.024000
v -0.020668 0.019580 0.024000
v -0.020804 0.019591 0.024000
v -0.020264 0.019366 0.024000
v -0.020092 0.019291 0.024000
v -0.019911 0.019245 0.024000
v -0.019421 0.019249 0.024000
v -0.020282 0.016393 0.024000
v -0.021576 0.016456 0.024000
v -0.019934 0.017615 0.024000
v -0.020763 0.016104 0.024000
v -0.020433 0.016282 0.024000
v -0.020898 0.015927 0.024000
v -0.020942 0.015447 0.024003
v -0.020850 0.015281 0.024003
v -0.020968 0.015725 0.024000
v -0.020164 0.018012 0.024000
v -0.020449 0.018251 0.024000
v -0.020052 0.016651 0.024000
v -0.019912 0.017029 0.024000
v -0.019889 0.017215 0.024000
v -0.018685 0.021151 0.024000
v -0.019588 0.021293 0.024000
v -0.018563 0.020480 0.024000
v -0.018492 0.021479 0.024006
v -0.018304 0.021600 0.024010
v -0.018611 0.021332 0.024000
v -0.018661 0.019898 0.024000
v -0.018687 0.020937 0.024000
v -0.018030 0.021632 0.024000
v -0.017723 0.021503 0.024000
v -0.017680 0.021747 0.024000
v -0.016921 0.021675 0.024000
v -0.017504 0.021200 0.024000
v -0.016343 0.021518 0.024000
v -0.018954 0.019517 0.024000
v -0.017488 0.020486 0.024000
v -0.017252 0.020072 0.024000
v -0.016901 0.019764 0.024000
v -0.016182 0.019641 0.024000
v -0.015791 0.021286 0.024000
v -0.015322 0.020218 0.024000
v -0.015732 0.019833 0.024000
v -0.015584 0.019948 0.024000
v -0.015097 0.020825 0.024000
v -0.015115 0.020299 0.024000
v -0.014827 0.020302 0.024000
v -0.014549 0.020128 0.024000
v -0.014533 0.020261 0.024000
v -0.020665 0.014920 0.024000
v -0.020601 0.015067 0.024000
v -0.019966 0.014289 0.024000
v -0.020240 0.015057 0.024000
v -0.019624 0.015522 0.024000
v -0.019772 0.015408 0.024000
v -0.020111 0.015101 0.024000
v -0.019995 0.015174 0.024000
v -0.019899 0.015271 0.024000
v -0.019362 0.015653 0.024000
v -0.019098 0.015704 0.024000
v -0.018911 0.015705 0.024000
v -0.018726 0.015676 0.024000
v -0.018548 0.015618 0.024000
v -0.018241 0.015439 0.024000
v -0.016471 0.015779 0.024000
v -0.017867 0.014870 0.024000
v -0.017860 0.014278 0.024000
v -0.018681 0.013725 0.024000
v -0.017840 0.013616 0.024000
v -0.017739 0.013935 0.024000
v -0.017441 0.013619 0.024000
v -0.017325 0.013724 0.024000
v -0.016848 0.013695 0.024000
v -0.017001 0.013784 0.024000
v -0.016731 0.014646 0.024000
v -0.016757 0.015281 0.024000
v -0.016682 0.014094 0.024010
v -0.016743 0.014007 0.024000
v -0.015440 0.018431 0.024000
v -0.014923 0.019073 0.024000
v -0.015073 0.018962 0.024000
v -0.015204 0.018828 0.024000
v -0.015458 0.017954 0.024000
v -0.015125 0.017264 0.024000
v -0.016003 0.016069 0.024029
v -0.015319 0.017531 0.024034
v -0.014739 0.017022 0.024000
v -0.014375 0.019703 0.024000
v -0.014437 0.019957 0.024000
v -0.014457 0.019428 0.024000
v -0.014535 0.019316 0.024000
v -0.014637 0.019225 0.024000
v -0.013986 0.019409 0.024000
v -0.014756 0.019158 0.024000
v -0.015341 0.016109 0.024000
v -0.014772 0.015792 0.024000
v -0.015817 0.016112 0.024000
v -0.014665 0.014930 0.024000
v -0.014402 0.015777 0.024000
v -0.014088 0.015761 0.024000
v -0.014176 0.015910 0.024000
v -0.014300 0.016907 0.024000
v -0.013651 0.017118 0.024000
v -0.014026 0.016644 0.024005
v -0.014009 0.016127 0.024000
v -0.013970 0.016398 0.024000
v -0.015627 0.014965 0.019600
v -0.015061 0.015701 0.019584
v -0.015310 0.015378 0.019590
v -0.014788 0.016126 0.019584
v -0.015257 0.015602 0.019544
v -0.014673 0.016414 0.019580
v -0.016000 0.014907 0.019574
v -0.014577 0.017370 0.019497
v -0.014352 0.016920 0.019600
v -0.014316 0.018250 0.019600
v -0.015833 0.015238 0.019401
v -0.014948 0.016272 0.019434
v -0.014846 0.016566 0.019393
v -0.014462 0.017231 0.019570
v -0.015308 0.015747 0.019413
v -0.014508 0.017496 0.019539
v -0.014591 0.018425 0.019539
v -0.014453 0.017667 0.019574
v -0.014604 0.018182 0.019503
v -0.014612 0.018663 0.019574
v -0.014696 0.017117 0.019353
v -0.014750 0.019184 0.019585
v -0.014983 0.019768 0.019600
v -0.015594 0.020282 0.019592
v -0.015519 0.020103 0.019570
v -0.016353 0.020681 0.019583
v -0.016761 0.020972 0.019600
v -0.017044 0.020809 0.019548
v -0.017979 0.020988 0.019591
v -0.018005 0.020839 0.019539
v -0.019059 0.020806 0.019600
v -0.018988 0.020668 0.019569
v -0.015245 0.019740 0.019545
v -0.014805 0.018736 0.019404
v -0.016371 0.020508 0.019483
v -0.015899 0.020298 0.019531
v -0.015110 0.019260 0.019322
v -0.018919 0.020555 0.019481
v -0.019636 0.020268 0.019570
v -0.015415 0.019741 0.019427
v -0.014908 0.019160 0.019515
v -0.015736 0.020040 0.019415
v -0.016396 0.020455 0.019401
v -0.017846 0.020731 0.019401
v -0.018734 0.020528 0.019352
v -0.019557 0.020164 0.019483
v -0.016051 0.015019 0.019483
v -0.019860 0.020288 0.019600
v -0.020020 0.019888 0.019568
v -0.020525 0.019307 0.019581
v -0.020764 0.019103 0.019600
v -0.020855 0.018177 0.019573
v -0.020915 0.018409 0.019591
v -0.020957 0.017654 0.019584
v -0.020941 0.017219 0.019588
v -0.020866 0.016909 0.019584
v -0.019846 0.019800 0.019353
v -0.020309 0.019244 0.019427
v -0.020564 0.018700 0.019427
v -0.020450 0.018978 0.019427
v -0.020080 0.019597 0.019439
v -0.020694 0.016893 0.019483
v -0.020736 0.017818 0.019427
v -0.020747 0.017194 0.019493
v -0.020610 0.016914 0.019353
v -0.020735 0.017518 0.019427
v -0.020688 0.018417 0.019490
v -0.020868 0.016503 0.019600
v -0.020630 0.016106 0.019593
v -0.020366 0.015964 0.019544
v -0.019545 0.014927 0.019591
v -0.019241 0.014899 0.019544
v -0.020124 0.015591 0.019570
v -0.020557 0.016353 0.019533
v -0.018873 0.014655 0.019569
v -0.018595 0.014383 0.019600
v -0.018093 0.014425 0.019581
v -0.017351 0.014517 0.019539
v -0.016933 0.014340 0.019600
v -0.016512 0.014618 0.019578
v -0.019512 0.015157 0.019483
v -0.020360 0.016208 0.019414
v -0.018107 0.014590 0.019483
v -0.016584 0.014749 0.019482
v -0.020587 0.016606 0.019499
v -0.019920 0.015595 0.019403
v -0.019349 0.015074 0.019484
v -0.018819 0.014840 0.019414
v -0.018276 0.014679 0.019415
v -0.017818 0.014619 0.019427
v -0.016616 0.014844 0.019326
v -0.016899 0.012739 0.019600
v -0.016418 0.012839 0.019600
v -0.015950 0.012986 0.019600
v -0.017877 0.012682 0.019600
v -0.018366 0.012725 0.019600
v -0.017387 0.012686 0.019600
v -0.018848 0.012817 0.019600
v -0.014663 0.013689 0.019600
v -0.015068 0.013413 0.019600
v -0.015499 0.013177 0.019600
v -0.019774 0.013138 0.019600
v -0.019319 0.012955 0.019600
v -0.020422 0.013489 0.019600
v -0.021001 0.013942 0.019600
v -0.021352 0.014286 0.019600
v -0.013752 0.014572 0.019600
v -0.013366 0.015147 0.019600
v -0.013138 0.015581 0.019600
v -0.012955 0.016036 0.019600
v -0.012817 0.016507 0.019600
v -0.012673 0.017767 0.019600
v -0.012725 0.016989 0.019600
v -0.013177 0.019857 0.019600
v -0.012779 0.018699 0.019600
v -0.012986 0.019405 0.019600
v -0.013689 0.020693 0.019600
v -0.013413 0.020287 0.019600
v -0.021627 0.014692 0.019701
v -0.021943 0.015068 0.019600
v -0.022363 0.015887 0.019600
v -0.022649 0.017098 0.019600
v -0.022539 0.018848 0.019600
v -0.022667 0.018079 0.019600
v -0.022401 0.019319 0.019600
v -0.022217 0.019774 0.019600
v -0.021969 0.020218 0.019676
v -0.021413 0.021001 0.019600
v -0.020922 0.021490 0.019600
v -0.016036 0.022401 0.019600
v -0.014936 0.021863 0.019600
v -0.016989 0.022630 0.019600
v -0.016507 0.022539 0.019600
v -0.014202 0.021280 0.019600
v -0.015581 0.022217 0.019600
v -0.020287 0.021943 0.019600
v -0.019405 0.022370 0.019600
v -0.019857 0.022178 0.019600
v -0.017723 0.022681 0.019600
v -0.018700 0.022580 0.019600
v -0.019905 0.021814 0.023417
v -0.018575 0.022249 0.023517
v -0.017720 0.022347 0.023454
v -0.016359 0.022172 0.023464
v -0.015119 0.021584 0.023454
v -0.014426 0.021012 0.023534
v -0.013567 0.019924 0.023464
v -0.013126 0.018674 0.023520
v -0.013011 0.017703 0.023474
v -0.013198 0.016295 0.023466
v -0.013773 0.015139 0.023534
v -0.013973 0.014111 0.019660
v -0.015487 0.013532 0.023466
v -0.017212 0.013008 0.023418
v -0.018999 0.013179 0.023468
v -0.020232 0.013777 0.023495
v -0.021285 0.014661 0.023366
v -0.021705 0.015374 0.023649
v -0.022344 0.017652 0.023474
v -0.022158 0.019060 0.023466
v -0.021577 0.020216 0.023537
v -0.021009 0.020948 0.023454
v -0.014349 0.014404 0.023569
v -0.014551 0.014282 0.023670
v -0.013700 0.015336 0.023670
v -0.013462 0.015731 0.023562
v -0.013448 0.015960 0.023770
v -0.015254 0.013717 0.023562
v -0.013072 0.018208 0.023605
v -0.013403 0.019511 0.023553
v -0.013132 0.016794 0.023621
v -0.013255 0.016336 0.023639
v -0.013052 0.017725 0.023631
v -0.013435 0.019476 0.023667
v -0.013070 0.017237 0.023626
v -0.014427 0.014472 0.023770
v -0.013449 0.016195 0.023846
v -0.013822 0.015415 0.023842
v -0.014484 0.014522 0.023850
v -0.013411 0.016633 0.023912
v -0.013148 0.017446 0.023795
v -0.013796 0.015635 0.023910
v -0.015305 0.013801 0.023760
v -0.013212 0.018145 0.023850
v -0.013188 0.018386 0.023760
v -0.013294 0.018987 0.023728
v -0.013328 0.017675 0.023934
v -0.013577 0.019329 0.023889
v -0.013905 0.020162 0.023828
v -0.013963 0.020090 0.023900
v -0.013382 0.018561 0.023910
v -0.015484 0.013601 0.023626
v -0.013866 0.020263 0.023681
v -0.015560 0.021802 0.023605
v -0.015110 0.021521 0.023639
v -0.016591 0.022192 0.023562
v -0.016537 0.022176 0.023622
v -0.017491 0.022319 0.023608
v -0.017931 0.022297 0.023656
v -0.019258 0.022036 0.023622
v -0.020101 0.021638 0.023562
v -0.020636 0.021255 0.023593
v -0.019871 0.021754 0.023626
v -0.014338 0.020761 0.023760
v -0.014233 0.020744 0.023690
v -0.015772 0.021804 0.023760
v -0.014036 0.020014 0.023945
v -0.014864 0.021157 0.023844
v -0.014894 0.021265 0.023797
v -0.015542 0.021649 0.023813
v -0.020050 0.021555 0.023760
v -0.018386 0.022167 0.023760
v -0.016342 0.021981 0.023816
v -0.017225 0.022164 0.023813
v -0.016754 0.022052 0.023858
v -0.018967 0.022041 0.023771
v -0.018352 0.022154 0.023804
v -0.017667 0.022187 0.023813
v -0.020324 0.021237 0.023888
v -0.019794 0.021660 0.023813
v -0.014550 0.014580 0.023914
v -0.013509 0.016649 0.023960
v -0.013887 0.015677 0.023960
v -0.014626 0.014642 0.023961
v -0.014441 0.015033 0.023990
v -0.013576 0.016871 0.023990
v -0.013786 0.016264 0.023997
v -0.013987 0.015715 0.023990
v -0.015917 0.013585 0.023880
v -0.013432 0.018322 0.023960
v -0.014090 0.019897 0.023983
v -0.013736 0.019216 0.023982
v -0.013517 0.018092 0.023990
v -0.013919 0.019498 0.023990
v -0.013554 0.017409 0.023998
v -0.015185 0.014312 0.023990
v -0.015132 0.021135 0.023960
v -0.015709 0.013824 0.023945
v -0.015250 0.021349 0.023914
v -0.016432 0.021883 0.023910
v -0.015363 0.021158 0.023990
v -0.016245 0.021726 0.023960
v -0.016869 0.021778 0.023990
v -0.017262 0.021901 0.023977
v -0.016082 0.021542 0.023990
v -0.014592 0.020555 0.023983
v -0.017712 0.022024 0.023935
v -0.018647 0.021898 0.023948
v -0.019438 0.021770 0.023880
v -0.018345 0.021908 0.023959
v -0.019466 0.021624 0.023945
v -0.018707 0.021780 0.023980
v -0.017921 0.021846 0.023990
v -0.019120 0.021596 0.023990
v -0.019498 0.021436 0.023990
v -0.019857 0.021240 0.023990
v -0.020196 0.021009 0.023990
v -0.015562 0.013696 0.023813
v -0.021309 0.020589 0.023533
v -0.021815 0.019795 0.023562
v -0.021276 0.020585 0.023675
v -0.021190 0.020517 0.023805
v -0.020761 0.021017 0.023760
v -0.021814 0.019602 0.023755
v -0.022055 0.019178 0.023615
v -0.022231 0.016697 0.023530
v -0.022223 0.018535 0.023632
v -0.022128 0.018752 0.023716
v -0.022300 0.017877 0.023655
v -0.022250 0.016973 0.023656
v -0.021980 0.015902 0.023545
v -0.021920 0.015879 0.023667
v -0.022225 0.016961 0.023665
v -0.022277 0.017861 0.023665
v -0.020951 0.020673 0.023885
v -0.021533 0.019941 0.023842
v -0.021836 0.019202 0.023888
v -0.022156 0.018277 0.023810
v -0.021559 0.019720 0.023910
v -0.022152 0.017645 0.023844
v -0.022215 0.017413 0.023760
v -0.022067 0.016612 0.023814
v -0.022021 0.016323 0.023762
v -0.022027 0.017680 0.023934
v -0.021539 0.015718 0.023955
v -0.021645 0.015520 0.023805
v -0.021974 0.016794 0.023910
v -0.022018 0.018281 0.023910
v -0.019752 0.013532 0.023604
v -0.020740 0.014190 0.023615
v -0.020445 0.013966 0.023652
v -0.018805 0.013187 0.023642
v -0.018765 0.013164 0.023562
v -0.017178 0.013079 0.023632
v -0.016097 0.013319 0.023622
v -0.016729 0.013150 0.023631
v -0.017665 0.013049 0.023626
v -0.021126 0.014615 0.023694
v -0.019583 0.013551 0.023760
v -0.021362 0.015009 0.023780
v -0.020874 0.014497 0.023813
v -0.020008 0.013812 0.023814
v -0.018116 0.013087 0.023676
v -0.019013 0.013375 0.023816
v -0.018131 0.013191 0.023813
v -0.018601 0.013304 0.023858
v -0.017004 0.013201 0.023804
v -0.016620 0.013300 0.023831
v -0.017448 0.013299 0.023916
v -0.020561 0.020840 0.023969
v -0.021005 0.020380 0.023960
v -0.021846 0.018707 0.023960
v -0.021421 0.019681 0.023976
v -0.020510 0.020746 0.023990
v -0.021054 0.020134 0.023990
v -0.021469 0.019428 0.023990
v -0.021814 0.018253 0.023990
v -0.021680 0.018882 0.023990
v -0.021923 0.017033 0.023960
v -0.021050 0.014873 0.023910
v -0.021298 0.015522 0.023986
v -0.021629 0.016017 0.023960
v -0.021719 0.016626 0.023990
v -0.021803 0.017027 0.023990
v -0.021596 0.016235 0.023990
v -0.020439 0.014317 0.023934
v -0.021859 0.017673 0.023990
v -0.020746 0.014845 0.023990
v -0.020166 0.014020 0.023888
v -0.019214 0.013629 0.023947
v -0.018923 0.013472 0.023910
v -0.019792 0.014076 0.023990
v -0.020040 0.014156 0.023978
v -0.018302 0.013535 0.023989
v -0.018076 0.013410 0.023960
v -0.019269 0.013812 0.023990
v -0.020786 0.014807 0.023980
v -0.017853 0.013299 0.023910
v -0.016709 0.013457 0.023948
v -0.017011 0.013447 0.023959
v -0.016096 0.013650 0.023945
v -0.016906 0.013528 0.023985
v -0.016262 0.013792 0.023999
v -0.015858 0.013919 0.023990
v -0.019975 0.015191 0.021370
v -0.020008 0.015164 0.021394
v -0.020704 0.016142 0.021375
v -0.020890 0.015961 0.021517
v -0.020968 0.015464 0.021703
v -0.020008 0.015164 0.024000
v -0.020277 0.015031 0.021556
v -0.020682 0.015126 0.021691
v -0.020201 0.016469 0.021030
v -0.020345 0.016342 0.021137
v -0.020064 0.016649 0.020915
v -0.019882 0.017105 0.020725
v -0.019939 0.017597 0.020721
v -0.020345 0.016342 0.024000
v -0.020442 0.016276 0.021204
v -0.020088 0.017924 0.020812
v -0.020535 0.018308 0.021104
v -0.020247 0.019361 0.021189
v -0.020839 0.019608 0.021553
v -0.021327 0.019303 0.021720
v -0.021330 0.018729 0.021609
v -0.021384 0.018941 0.021676
v -0.020997 0.018430 0.021380
v -0.021161 0.018518 0.021484
v -0.019022 0.019451 0.020697
v -0.018755 0.019753 0.020765
v -0.018664 0.019924 0.020831
v -0.018568 0.020278 0.021001
v -0.019387 0.019278 0.020767
v -0.019756 0.019222 0.020909
v -0.017496 0.021075 0.021379
v -0.017571 0.021321 0.021519
v -0.017520 0.021201 0.021451
v -0.017691 0.021476 0.021608
v -0.018168 0.021636 0.021717
v -0.017877 0.021586 0.021675
v -0.018557 0.021425 0.021637
v -0.018647 0.020801 0.021303
v -0.018691 0.021115 0.021484
v -0.015666 0.019879 0.024000
v -0.015666 0.019879 0.021137
v -0.015576 0.019954 0.021204
v -0.017508 0.020704 0.021165
v -0.017349 0.020176 0.020867
v -0.016990 0.019835 0.020723
v -0.016535 0.019636 0.020719
v -0.016041 0.019692 0.020913
v -0.015813 0.019783 0.021039
v -0.014624 0.019234 0.024000
v -0.014624 0.019234 0.021394
v -0.014464 0.019398 0.021520
v -0.014382 0.019728 0.021656
v -0.014495 0.020081 0.021717
v -0.015148 0.020300 0.021518
v -0.014802 0.020288 0.021657
v -0.015374 0.020171 0.021375
v -0.014657 0.019211 0.021371
v -0.015154 0.018886 0.021030
v -0.015011 0.019013 0.021137
v -0.015292 0.018706 0.020915
v -0.015474 0.018250 0.020725
v -0.015417 0.017758 0.020721
v -0.015011 0.019013 0.024000
v -0.014913 0.019079 0.021204
v -0.015268 0.017431 0.020812
v -0.014851 0.017067 0.021085
v -0.014367 0.016929 0.021375
v -0.014516 0.015747 0.021553
v -0.014028 0.016053 0.021720
v -0.014025 0.016626 0.021609
v -0.013971 0.016414 0.021676
v -0.014194 0.016837 0.021484
v -0.016402 0.015828 0.020714
v -0.016600 0.015603 0.020765
v -0.016783 0.015178 0.020947
v -0.014938 0.015893 0.021303
v -0.015968 0.016077 0.020767
v -0.016153 0.016003 0.020723
v -0.015513 0.016135 0.020948
v -0.017861 0.014289 0.021375
v -0.017820 0.014099 0.021483
v -0.017665 0.013879 0.021608
v -0.017113 0.013722 0.021720
v -0.017478 0.013769 0.021675
v -0.016762 0.013989 0.021609
v -0.016708 0.014554 0.021303
v -0.016662 0.014297 0.021453
v -0.016683 0.014168 0.021521
v -0.019690 0.015476 0.024000
v -0.019690 0.015476 0.021137
v -0.019779 0.015401 0.021204
v -0.017850 0.014669 0.021155
v -0.018006 0.015180 0.020867
v -0.018365 0.015520 0.020723
v -0.018821 0.015719 0.020719
v -0.019314 0.015664 0.020913
v -0.019543 0.015572 0.021039
v -0.017672 0.017671 0.019420
v -0.017670 0.017673 0.019420
v -0.017669 0.017680 0.019420
v -0.017669 0.017676 0.019420
v -0.017671 0.017683 0.019420
v -0.017673 0.017685 0.019420
v -0.017676 0.017686 0.019420
v -0.017680 0.017686 0.019420
v -0.017683 0.017685 0.019420
v -0.017685 0.017682 0.019420
v -0.017686 0.017676 0.019420
v -0.017686 0.017679 0.019420
v -0.017685 0.017672 0.019420
v -0.017682 0.017670 0.019420
v -0.017679 0.017669 0.019420
v -0.017676 0.017669 0.019420
v -0.017620 0.015164 0.009600
v -0.016782 0.015335 0.009600
v -0.016250 0.015622 0.009600
v -0.019152 0.015651 0.009600
v -0.019584 0.016056 0.009600
v -0.018501 0.015307 0.009600
v -0.015784 0.016034 0.009600
v -0.015450 0.016537 0.009600
v -0.015201 0.017244 0.009600
v -0.015202 0.018068 0.009600
v -0.015373 0.018657 0.009600
v -0.019978 0.016662 0.009600
v -0.020195 0.017655 0.009600
v -0.020045 0.018500 0.009600
v -0.019723 0.019128 0.009600
v -0.019123 0.019736 0.009600
v -0.016936 0.020080 0.009600
v -0.016307 0.019770 0.009600
v -0.015771 0.019317 0.009600
v -0.017578 0.020176 0.009600
v -0.018191 0.020142 0.009600
v 0.007817 -0.024070 0.018150
v 0.002765 -0.024078 0.019150
v 0.002446 -0.024063 0.017650
v 0.007856 -0.024057 0.017650
v -0.012547 -0.015224 0.018650
v -0.012291 -0.015798 0.018458
v -0.012212 -0.016102 0.019150
v -0.011998 -0.017276 0.018649
v -0.012053 -0.016719 0.017838
v -0.012152 -0.019091 0.018587
v -0.012506 -0.020055 0.018650
v -0.012801 -0.020595 0.018650
v -0.012041 -0.018470 0.017775
v -0.011195 -0.024071 0.019150
v -0.011234 -0.024067 0.018150
v -0.011677 -0.023974 0.018775
v -0.012369 -0.023619 0.019150
v -0.012243 -0.023696 0.018150
v -0.012689 -0.023296 0.018525
v -0.011856 -0.023904 0.018150
v -0.012926 -0.022941 0.018650
v -0.013111 -0.022514 0.019150
v -0.013095 -0.022564 0.018150
v -0.013203 -0.021962 0.018695
v -0.013106 -0.021199 0.019150
v -0.013127 -0.021270 0.018150
v -0.002765 -0.024078 0.017650
v -0.002475 -0.024065 0.019150
v 0.012999 -0.020958 0.018483
v 0.013218 -0.021666 0.019150
v 0.013105 -0.021238 0.018150
v 0.013103 -0.022539 0.018695
v 0.013204 -0.021936 0.018150
v 0.013171 -0.021524 0.018150
v 0.012926 -0.022941 0.018650
v 0.012519 -0.023502 0.019150
v 0.012560 -0.023446 0.018150
v 0.011216 -0.024069 0.018539
v 0.011825 -0.023926 0.018650
v 0.011579 -0.024000 0.018150
v 0.012549 -0.020137 0.018650
v 0.012188 -0.019282 0.019150
v 0.012228 -0.019340 0.018150
v 0.012025 -0.018259 0.018205
v 0.011989 -0.017678 0.017650
v 0.012120 -0.016426 0.018786
v 0.012463 -0.015385 0.018621
v 0.012041 -0.016886 0.017775
v 0.012047 -0.016670 0.017650
v 0.012998 -0.014400 0.018150
v 0.011224 -0.011286 0.018919
v 0.011000 -0.011278 0.018150
v 0.011968 -0.011497 0.018150
v 0.012519 -0.011854 0.019150
v 0.012360 -0.011748 0.018150
v 0.012663 -0.012030 0.018150
v 0.011709 -0.011389 0.018775
v 0.012926 -0.012414 0.018650
v 0.013198 -0.013140 0.019150
v 0.013202 -0.013367 0.018150
v 0.013106 -0.014156 0.019150
v 0.013153 -0.013951 0.018150
v 0.013095 -0.012791 0.018150
v 0.007700 -0.011278 0.018150
v -0.007907 -0.011302 0.018150
v -0.011000 -0.011278 0.019150
v -0.011000 -0.011278 0.018150
v -0.007700 -0.011278 0.017650
v 0.007931 -0.011318 0.017650
v -0.013053 -0.014289 0.018650
v -0.013141 -0.014002 0.018150
v -0.013220 -0.013350 0.019150
v -0.013198 -0.013140 0.018150
v -0.012847 -0.012240 0.019150
v -0.012926 -0.012414 0.018150
v -0.012696 -0.012070 0.018150
v -0.011962 -0.011473 0.019150
v -0.011746 -0.011403 0.018150
v -0.012266 -0.011673 0.018150
v -0.011292 -0.011297 0.018550
v -0.002800 -0.018098 0.017650
v -0.008300 -0.014383 0.017650
v -0.008141 -0.011472 0.017650
v -0.009928 -0.019291 0.017864
v -0.012006 -0.016532 0.017650
v -0.011788 -0.019042 0.017650
v -0.012047 -0.018685 0.017650
v -0.011405 -0.016287 0.017832
v -0.009579 -0.015965 0.017650
v -0.011763 -0.016323 0.017650
v -0.010454 -0.019131 0.017864
v 0.008186 -0.011635 0.017650
v 0.008273 -0.014209 0.017800
v 0.009246 -0.015743 0.017650
v 0.009928 -0.019291 0.017900
v 0.010707 -0.016256 0.017757
v 0.010542 -0.019111 0.017765
v 0.011844 -0.016358 0.017650
v 0.012006 -0.018823 0.017650
v 0.002800 -0.019298 0.017650
v -0.009444 -0.019550 0.017900
v -0.008886 -0.020030 0.017864
v -0.008340 -0.020980 0.017864
v -0.008200 -0.021878 0.017872
v -0.000460 -0.023215 0.017650
v -0.001018 -0.023392 0.017650
v -0.008187 -0.023714 0.017900
v -0.007967 -0.024010 0.017650
v -0.002022 -0.023943 0.017650
v -0.002504 -0.024061 0.017650
v 0.008349 -0.020885 0.017817
v 0.008151 -0.023812 0.017650
v 0.000193 -0.023180 0.017650
v 0.011684 -0.019063 0.017900
v 0.009233 -0.019685 0.017838
v 0.000902 -0.023337 0.017650
v 0.001919 -0.023892 0.017650
v -0.010751 -0.023128 0.018650
v -0.011160 -0.023144 0.018951
v -0.009987 -0.022658 0.018483
v -0.009749 -0.022126 0.018750
v -0.009850 -0.022597 0.018821
v -0.009749 -0.021629 0.019150
v -0.009940 -0.021169 0.019150
v -0.010015 -0.021022 0.018150
v -0.010629 -0.020654 0.018150
v -0.010960 -0.020603 0.018995
v -0.011350 -0.023109 0.018150
v -0.011249 -0.020627 0.019150
v -0.011249 -0.020627 0.018150
v -0.011708 -0.020818 0.019150
v -0.012068 -0.021197 0.019012
v -0.011902 -0.020976 0.018150
v -0.012251 -0.021629 0.018650
v -0.012178 -0.021390 0.018150
v -0.012251 -0.022126 0.018650
v -0.012060 -0.022586 0.019150
v -0.012119 -0.022501 0.018150
v -0.011708 -0.022938 0.019150
v -0.011795 -0.022882 0.018150
v -0.011249 -0.023128 0.019150
v 0.011249 -0.023128 0.018721
v 0.010840 -0.023144 0.018951
v 0.011708 -0.022938 0.018650
v 0.011488 -0.023056 0.018150
v 0.012060 -0.022586 0.018650
v 0.011902 -0.022779 0.018150
v 0.012251 -0.022126 0.018650
v 0.012178 -0.022366 0.018150
v 0.012268 -0.021713 0.018450
v 0.012060 -0.021169 0.018750
v 0.011249 -0.020627 0.019150
v 0.011220 -0.020606 0.018150
v 0.010292 -0.020818 0.018550
v 0.010607 -0.020659 0.018150
v 0.009940 -0.021169 0.019150
v 0.009833 -0.021295 0.018150
v 0.009749 -0.021629 0.019150
v 0.009749 -0.022126 0.018750
v 0.009725 -0.021878 0.018150
v 0.009892 -0.022476 0.019163
v 0.009881 -0.022501 0.018150
v 0.010292 -0.022938 0.019150
v 0.010751 -0.023128 0.018650
v 0.010310 -0.022968 0.018150
v 0.011249 -0.014728 0.019150
v 0.011148 -0.014750 0.018150
v 0.011708 -0.014538 0.018650
v 0.012060 -0.014186 0.018750
v 0.011902 -0.014379 0.018150
v 0.012251 -0.013726 0.018650
v 0.012230 -0.013117 0.018450
v 0.011780 -0.012465 0.018450
v 0.011371 -0.012254 0.018150
v 0.010862 -0.012204 0.018436
v 0.010447 -0.012324 0.019149
v 0.010377 -0.012359 0.018150
v 0.009940 -0.012769 0.018650
v 0.009749 -0.013229 0.018650
v 0.009822 -0.012990 0.018150
v 0.009749 -0.013726 0.018550
v 0.009940 -0.014186 0.019150
v 0.010246 -0.014574 0.018878
v 0.009945 -0.014221 0.018150
v 0.010751 -0.014728 0.018550
v -0.010751 -0.014728 0.019150
v -0.010852 -0.014750 0.018150
v -0.009940 -0.014186 0.019150
v -0.009749 -0.013726 0.018550
v -0.009909 -0.014168 0.018150
v -0.009732 -0.013313 0.018436
v -0.009940 -0.012769 0.018650
v -0.009822 -0.012990 0.018150
v -0.010102 -0.012506 0.018781
v -0.010780 -0.012206 0.018150
v -0.011350 -0.014709 0.018150
v -0.011708 -0.012418 0.018650
v -0.011361 -0.012247 0.018514
v -0.012013 -0.012698 0.018450
v -0.012251 -0.013229 0.018650
v -0.012251 -0.013726 0.018650
v -0.012060 -0.014186 0.018750
v -0.012178 -0.013966 0.018150
v -0.011780 -0.014491 0.018436
v -0.003825 -0.014414 0.019150
v -0.004100 -0.014798 0.019150
v -0.004100 -0.020198 0.019150
v -0.003983 -0.014515 0.019150
v -0.004070 -0.014645 0.019150
v 0.003892 -0.014427 0.019150
v 0.004070 -0.014645 0.019150
v 0.004216 -0.018536 0.019173
v -0.003983 -0.020481 0.019150
v -0.004070 -0.020351 0.019150
v -0.003825 -0.020581 0.019150
v -0.000833 -0.023315 0.019150
v -0.000193 -0.023180 0.019150
v -0.001999 -0.023925 0.019150
v -0.001593 -0.023711 0.019150
v 0.003983 -0.020481 0.019150
v 0.003853 -0.020567 0.019150
v 0.004070 -0.020351 0.019150
v 0.003700 -0.020598 0.019150
v 0.000752 -0.023266 0.019150
v 0.001765 -0.023810 0.019150
v 0.002276 -0.024028 0.019150
v 0.003700 -0.014598 0.021827
v -0.000000 -0.014310 0.019353
v 0.003777 -0.014613 0.021827
v 0.003777 -0.014613 0.019350
v 0.003841 -0.014656 0.021827
v 0.003841 -0.014656 0.019350
v 0.003885 -0.014721 0.021827
v 0.003900 -0.014798 0.021827
v 0.003900 -0.014798 0.019350
v 0.003885 -0.014721 0.019350
v 0.003900 -0.020198 0.021827
v 0.003885 -0.020274 0.021827
v 0.003885 -0.020274 0.019350
v 0.003841 -0.020339 0.021827
v 0.003841 -0.020339 0.019350
v 0.003777 -0.020382 0.021827
v 0.003700 -0.020398 0.021827
v 0.003700 -0.020398 0.019350
v 0.003777 -0.020382 0.019350
v -0.003700 -0.020398 0.021827
v -0.003700 -0.020398 0.019350
v -0.003777 -0.020382 0.021827
v -0.003777 -0.020382 0.019350
v -0.003841 -0.020339 0.021827
v -0.003841 -0.020339 0.019350
v -0.003885 -0.020274 0.021827
v -0.003900 -0.020198 0.021827
v -0.003900 -0.020198 0.019350
v -0.003885 -0.020274 0.019350
v -0.003900 -0.014798 0.021827
v -0.003900 -0.014798 0.019350
v -0.003885 -0.014721 0.021827
v -0.003885 -0.014721 0.019350
v -0.003777 -0.014613 0.019350
v -0.003841 -0.014656 0.021827
v -0.003758 -0.014606 0.021825
v -0.003841 -0.014656 0.019350
v -0.003700 -0.014781 0.022900
v -0.003712 -0.014784 0.022900
v -0.003717 -0.014798 0.022900
v 0.003717 -0.014798 0.022900
v 0.003700 -0.014781 0.022900
v 0.003713 -0.014785 0.022900
v 0.003717 -0.020198 0.022900
v -0.003714 -0.020209 0.022900
v -0.003700 -0.020215 0.022900
v 0.003711 -0.020212 0.022900
v -0.004000 -0.014798 0.022091
v -0.003991 -0.014633 0.022376
v -0.003700 -0.014498 0.022091
v -0.003857 -0.014547 0.022693
v 0.003855 -0.014511 0.022411
v 0.003700 -0.014498 0.022091
v 0.003990 -0.014708 0.022611
v 0.003954 -0.014629 0.022086
v 0.004000 -0.020198 0.022617
v 0.003992 -0.020357 0.022370
v 0.003786 -0.020489 0.022606
v 0.003700 -0.020498 0.022091
v -0.003700 -0.020498 0.022617
v -0.003807 -0.020500 0.022294
v -0.003865 -0.020442 0.022680
v -0.004000 -0.020198 0.022617
v 0.003786 -0.014628 0.022821
v 0.003700 -0.014556 0.022759
v 0.003871 -0.014627 0.022759
v 0.003859 -0.014798 0.022841
v 0.003941 -0.014798 0.022759
v -0.003700 -0.014556 0.022759
v -0.003700 -0.014639 0.022841
v 0.003941 -0.020198 0.022759
v 0.003859 -0.020198 0.022841
v -0.003941 -0.014798 0.022759
v -0.003859 -0.014798 0.022841
v -0.003817 -0.014650 0.022820
v 0.003874 -0.020290 0.022814
v 0.003871 -0.020368 0.022759
v 0.003700 -0.020356 0.022841
v 0.003765 -0.020310 0.022878
v 0.003700 -0.020439 0.022759
v -0.003859 -0.020198 0.022841
v -0.003700 -0.020439 0.022759
v -0.003785 -0.020367 0.022821
v -0.003871 -0.020368 0.022759
v 0.000793 -0.017791 0.022514
v 0.003254 -0.014902 0.018119
v 0.002800 -0.019298 0.021300
v -0.002800 -0.019298 0.021300
v -0.002661 -0.015797 0.021531
v -0.008291 -0.014410 0.018150
v -0.009020 -0.015458 0.018150
v -0.009928 -0.016065 0.018150
v -0.009444 -0.015806 0.018150
v -0.010454 -0.016224 0.018150
v -0.008200 -0.011778 0.018150
v -0.011830 -0.016334 0.018150
v -0.008162 -0.011586 0.018150
v 0.011536 -0.016292 0.018150
v 0.008179 -0.011994 0.018150
v 0.009178 -0.015620 0.018150
v 0.009928 -0.016065 0.018150
v 0.008672 -0.015033 0.018150
v 0.008254 -0.014024 0.018150
v 0.011877 -0.016383 0.018150
v 0.012035 -0.016638 0.018150
v 0.008088 -0.011428 0.018150
v 0.008413 -0.020806 0.018150
v 0.008672 -0.020322 0.018150
v 0.011000 -0.019078 0.018150
v 0.009020 -0.019898 0.018150
v 0.008161 -0.023473 0.018150
v 0.008112 -0.023875 0.018150
v 0.011948 -0.018918 0.018150
v -0.011536 -0.019064 0.018150
v -0.008672 -0.020322 0.018150
v -0.008254 -0.021331 0.018150
v -0.008133 -0.023844 0.018150
v -0.007827 -0.024069 0.017864
v -0.011763 -0.019032 0.018150
v -0.012012 -0.018803 0.018150
v 0.003700 -0.020448 0.021959
v 0.003700 -0.020411 0.021898
v 0.003877 -0.020374 0.021959
v 0.003853 -0.020351 0.021879
v 0.003950 -0.020198 0.021959
v 0.003913 -0.020198 0.021898
v 0.003950 -0.014798 0.021959
v 0.003913 -0.014798 0.021898
v -0.003700 -0.020411 0.021898
v -0.003700 -0.020448 0.021959
v 0.003877 -0.014621 0.021959
v 0.003880 -0.014680 0.021892
v 0.003700 -0.014585 0.021898
v 0.003700 -0.014548 0.021959
v -0.003897 -0.020279 0.021898
v -0.003950 -0.020198 0.021959
v -0.003913 -0.020198 0.021898
v -0.003851 -0.020348 0.021898
v -0.003700 -0.014548 0.021959
v -0.003700 -0.014585 0.021898
v -0.003913 -0.014798 0.021898
v -0.003877 -0.014621 0.021959
v -0.003846 -0.014643 0.021875
v 0.003987 -0.020198 0.022021
v 0.003965 -0.020308 0.022021
v 0.003863 -0.020449 0.022041
v 0.003700 -0.020485 0.022021
v 0.003987 -0.014798 0.022021
v -0.003700 -0.020485 0.022021
v 0.003700 -0.014511 0.022021
v 0.003853 -0.014574 0.021986
v 0.003983 -0.014717 0.022031
v -0.003868 -0.020422 0.021999
v -0.003903 -0.020401 0.022021
v -0.003994 -0.020344 0.022156
v -0.003987 -0.020198 0.022021
v -0.003700 -0.014511 0.022021
v -0.003987 -0.014798 0.022021
v -0.003969 -0.014705 0.022012
v -0.003780 -0.014485 0.022146
v -0.003903 -0.014595 0.022021
v 0.003777 -0.020253 0.022885
v 0.003700 -0.020291 0.022885
v 0.003794 -0.020198 0.022885
v 0.003794 -0.014798 0.022885
v -0.003700 -0.020291 0.022885
v 0.003780 -0.014744 0.022885
v 0.003736 -0.014711 0.022885
v 0.003700 -0.014704 0.022885
v -0.003736 -0.020284 0.022885
v -0.003794 -0.020198 0.022885
v -0.003780 -0.020251 0.022885
v -0.003700 -0.014704 0.022885
v -0.003847 -0.014737 0.022852
v -0.003736 -0.014711 0.022885
v -0.003777 -0.014743 0.022885
v 0.003985 -0.014798 0.022694
v 0.003932 -0.014696 0.022756
v 0.003841 -0.014528 0.022676
v 0.003700 -0.014513 0.022694
v 0.003985 -0.020198 0.022694
v -0.003700 -0.014513 0.022694
v 0.003700 -0.020482 0.022694
v 0.003809 -0.020461 0.022694
v 0.003901 -0.020399 0.022694
v 0.003963 -0.020307 0.022694
v -0.003901 -0.014596 0.022694
v -0.003963 -0.014689 0.022694
v -0.003985 -0.014798 0.022694
v -0.003700 -0.020482 0.022694
v -0.003985 -0.020198 0.022694
v -0.003940 -0.020294 0.022750
v -0.003901 -0.020399 0.022694
f 199 43 3
f 199 3 26
f 14 1 6
f 8 7 63
f 9 13 10
f 13 11 10
f 17 26 3
f 179 57 25
f 191 193 28
f 23 22 20
f 28 24 191
f 29 33 28
f 33 27 28
f 21 33 29
f 32 33 30
f 21 30 33
f 35 38 36
f 37 22 36
f 39 28 38
f 38 28 27
f 39 38 34
f 34 38 35
f 36 22 35
f 104 32 31
f 31 40 104
f 42 104 43
f 41 42 43
f 104 40 43
f 44 45 41
f 45 44 46
f 48 47 46
f 45 46 47
f 46 49 48
f 22 37 52
f 50 52 37
f 50 51 52
f 51 53 52
f 55 53 51
f 54 56 55
f 56 122 57
f 57 125 58
f 122 125 57
f 63 59 62
f 60 61 59
f 62 48 63
f 48 49 63
f 59 61 62
f 64 66 65
f 66 64 67
f 64 58 67
f 68 61 60
f 65 66 68
f 149 100 99
f 100 98 99
f 117 104 105
f 113 94 62
f 104 80 105
f 107 84 101
f 80 41 103
f 102 107 109
f 84 107 102
f 111 110 118
f 62 94 110
f 115 116 114
f 94 113 119
f 112 114 113
f 134 133 69
f 137 125 122
f 128 127 123
f 69 133 136
f 37 129 128
f 139 38 132
f 38 130 131
f 38 131 132
f 152 141 140
f 146 86 151
f 161 159 157
f 165 171 164
f 137 172 158
f 157 158 172
f 161 157 160
f 166 168 173
f 166 132 167
f 190 165 164
f 158 157 174
f 176 174 157
f 176 157 177
f 175 158 174
f 179 178 155
f 155 158 180
f 180 179 155
f 158 175 180
f 162 181 159
f 163 168 181
f 163 181 162
f 157 159 177
f 159 182 177
f 183 182 159
f 159 181 183
f 178 153 155
f 178 184 153
f 153 184 149
f 150 149 15
f 12 150 15
f 11 150 12
f 15 149 185
f 149 184 185
f 11 148 150
f 148 11 186
f 148 186 154
f 151 147 186
f 154 186 147
f 187 146 151
f 187 151 186
f 181 168 188
f 166 189 188
f 188 168 166
f 189 166 167
f 189 167 132
f 164 191 190
f 190 189 132
f 192 191 164
f 164 171 192
f 171 193 192
f 193 171 169
f 194 193 169
f 156 194 170
f 195 194 156
f 170 194 169
f 144 198 4
f 4 196 144
f 140 141 196
f 196 141 144
f 197 198 146
f 198 145 146
f 146 187 197
f 198 144 145
f 199 142 200
f 170 142 199
f 199 156 170
f 199 195 156
f 200 142 143
f 14 140 196
f 152 140 14
f 14 200 143
f 152 14 143
f 142 170 77
f 79 152 143
f 141 152 82
f 146 145 85
f 144 141 84
f 142 117 143
f 95 150 148
f 154 147 94
f 149 150 98
f 94 148 154
f 153 149 99
f 100 149 98
f 151 96 147
f 136 77 170
f 78 117 142
f 117 79 143
f 80 82 152
f 141 82 81
f 145 144 84
f 83 141 81
f 78 142 77
f 80 152 79
f 141 83 84
f 86 146 85
f 96 151 86
f 94 95 148
f 95 98 150
f 94 147 96
f 97 153 116
f 99 116 153
f 97 93 153
f 71 136 170
f 172 137 91
f 161 160 90
f 91 160 157
f 91 157 172
f 155 92 158
f 162 159 89
f 173 168 75
f 75 166 173
f 190 132 76
f 165 190 73
f 72 171 165
f 170 169 72
f 171 72 169
f 75 168 163
f 92 155 93
f 158 92 137
f 160 126 90
f 91 126 160
f 88 162 89
f 87 163 162
f 90 159 161
f 159 90 89
f 75 74 166
f 190 76 73
f 166 74 132
f 165 69 72
f 73 70 165
f 70 69 165
f 71 170 72
f 163 87 75
f 153 93 155
f 16 178 64
f 68 15 185
f 10 11 60
f 15 68 12
f 12 60 11
f 9 63 7
f 9 10 59
f 185 16 65
f 198 46 4
f 1 2 41
f 5 4 44
f 1 5 44
f 198 8 46
f 43 40 3
f 1 41 6
f 2 1 44
f 64 178 58
f 65 16 64
f 65 68 185
f 59 63 9
f 60 12 68
f 59 10 60
f 2 44 41
f 4 46 44
f 6 41 43
f 63 49 8
f 31 3 40
f 49 46 8
f 31 17 3
f 30 21 17
f 20 24 39
f 23 20 35
f 188 52 18
f 19 183 55
f 55 177 19
f 176 56 174
f 56 176 177
f 25 57 58
f 52 188 22
f 17 31 32
f 17 32 30
f 29 193 21
f 28 193 29
f 39 24 28
f 22 23 35
f 39 34 20
f 20 34 35
f 53 55 183
f 53 18 52
f 55 56 177
f 56 57 174
f 58 178 25
f 32 104 106
f 45 47 101
f 47 48 107
f 41 45 103
f 48 62 111
f 62 61 113
f 61 68 115
f 66 67 116
f 68 66 115
f 41 80 42
f 45 108 103
f 108 45 101
f 104 42 80
f 106 104 117
f 107 48 109
f 101 47 107
f 112 113 61
f 61 115 114
f 112 61 114
f 110 111 62
f 67 120 116
f 115 66 116
f 109 48 111
f 58 120 67
f 58 125 121
f 54 55 123
f 56 54 124
f 55 51 123
f 122 56 124
f 38 27 130
f 133 33 32
f 121 120 58
f 124 54 123
f 51 50 128
f 123 51 128
f 33 130 27
f 36 129 37
f 134 33 133
f 136 133 32
f 128 50 37
f 32 106 136
f 114 99 98
f 95 94 119
f 93 97 120
f 86 111 96
f 114 98 95
f 85 145 102
f 145 84 102
f 81 108 83
f 108 84 83
f 105 79 117
f 103 81 82
f 85 111 86
f 77 106 78
f 97 116 120
f 99 114 116
f 113 95 119
f 95 113 114
f 94 96 110
f 118 96 111
f 96 118 110
f 85 109 111
f 101 84 108
f 85 102 109
f 108 81 103
f 103 82 80
f 80 79 105
f 78 106 117
f 93 120 121
f 71 72 136
f 33 70 73
f 74 139 132
f 36 74 75
f 73 76 131
f 70 135 69
f 91 137 122
f 88 138 162
f 162 138 87
f 89 90 127
f 87 129 75
f 91 123 126
f 125 137 92
f 89 128 88
f 136 72 69
f 69 135 134
f 130 73 131
f 130 33 73
f 135 70 134
f 134 70 33
f 38 74 36
f 74 38 139
f 131 76 132
f 129 36 75
f 129 87 128
f 138 88 128
f 87 138 128
f 90 123 127
f 126 123 90
f 91 124 123
f 124 91 122
f 92 121 125
f 127 128 89
f 92 93 121
f 136 106 77
f 200 6 43
f 200 43 199
f 196 4 5
f 196 5 1
f 196 1 14
f 9 7 186
f 8 186 7
f 187 8 197
f 9 186 13
f 186 11 13
f 178 16 184
f 184 16 185
f 199 26 195
f 198 197 8
f 6 200 14
f 187 186 8
f 194 195 26
f 180 57 179
f 53 181 18
f 174 57 175
f 189 22 188
f 189 20 22
f 192 193 191
f 194 21 193
f 194 26 17
f 194 17 21
f 190 24 20
f 25 178 179
f 57 180 175
f 182 19 177
f 183 181 53
f 182 183 19
f 188 18 181
f 20 189 190
f 190 191 24
f 416 438 201
f 201 202 416
f 204 416 203
f 205 204 203
f 205 203 447
f 205 447 206
f 202 203 416
f 207 208 209
f 209 459 207
f 208 210 211
f 208 211 209
f 209 212 459
f 468 213 212
f 468 466 213
f 459 212 213
f 343 346 214
f 355 215 216
f 399 355 216
f 399 214 355
f 218 219 510
f 510 324 218
f 218 324 217
f 220 222 221
f 223 222 217
f 222 223 221
f 224 225 220
f 226 227 228
f 230 231 229
f 226 231 230
f 231 226 228
f 232 314 233
f 382 232 233
f 234 233 506
f 234 227 226
f 234 382 233
f 506 227 234
f 236 235 495
f 495 237 525
f 413 237 495
f 525 236 495
f 525 237 522
f 465 239 240
f 238 240 239
f 241 471 242
f 471 243 240
f 240 242 471
f 245 241 242
f 242 244 245
f 328 246 249
f 370 247 248
f 249 246 370
f 249 370 248
f 247 485 248
f 412 250 251
f 247 412 251
f 247 251 485
f 303 258 327
f 254 303 327
f 255 254 256
f 257 254 538
f 253 258 303
f 254 257 303
f 259 260 304
f 261 262 260
f 263 264 265
f 266 264 270
f 265 262 267
f 304 257 259
f 269 254 255
f 538 254 269
f 267 262 261
f 260 259 261
f 270 264 263
f 263 265 267
f 271 554 549
f 271 549 543
f 538 269 540
f 271 540 554
f 543 272 271
f 259 257 538
f 540 269 554
f 256 268 255
f 274 273 275
f 276 274 275
f 277 278 279
f 278 281 280
f 279 282 283
f 279 283 277
f 277 281 278
f 280 284 270
f 280 281 284
f 283 282 285
f 286 287 288
f 289 287 290
f 291 292 293
f 290 291 293
f 286 294 295
f 287 514 288
f 287 289 514
f 296 292 275
f 293 292 296
f 290 293 289
f 286 288 294
f 298 493 531
f 298 531 297
f 238 478 299
f 478 493 299
f 300 441 301
f 301 302 300
f 307 303 257
f 305 260 262
f 305 304 260
f 262 265 305
f 304 307 257
f 301 303 306
f 311 303 224
f 301 224 303
f 306 303 307
f 307 301 306
f 307 304 305
f 264 305 265
f 266 270 284
f 308 264 284
f 284 264 266
f 308 284 309
f 305 310 307
f 305 264 310
f 307 310 302
f 310 300 302
f 307 302 301
f 308 300 310
f 310 264 308
f 303 311 253
f 224 220 317
f 311 224 317
f 256 254 312
f 313 256 312
f 315 312 314
f 315 314 232
f 312 315 313
f 220 316 317
f 221 316 220
f 320 316 221
f 317 320 253
f 320 317 316
f 317 253 311
f 318 221 223
f 321 253 320
f 258 318 319
f 258 321 318
f 258 253 321
f 321 320 318
f 318 320 221
f 318 223 319
f 223 217 319
f 324 319 217
f 322 319 324
f 322 258 319
f 322 324 323
f 323 258 322
f 324 325 326
f 324 510 325
f 323 326 327
f 324 326 323
f 323 327 258
f 326 325 327
f 560 268 328
f 329 330 331
f 332 331 516
f 230 330 226
f 226 330 329
f 331 332 329
f 332 333 334
f 334 333 293
f 334 296 273
f 296 334 293
f 275 273 296
f 333 332 516
f 247 335 336
f 335 337 338
f 412 247 336
f 338 336 335
f 518 338 337
f 292 339 276
f 292 276 275
f 337 340 518
f 340 339 291
f 339 292 291
f 340 337 339
f 334 273 364
f 329 332 364
f 226 329 364
f 334 364 332
f 226 364 234
f 364 273 341
f 335 247 372
f 339 337 372
f 276 339 374
f 335 372 337
f 276 374 342
f 339 372 374
f 372 247 370
f 273 274 345
f 273 345 341
f 214 346 354
f 345 274 347
f 343 344 346
f 352 351 353
f 350 353 351
f 351 349 350
f 352 353 344
f 350 354 353
f 349 345 350
f 353 346 344
f 215 355 361
f 348 345 347
f 347 357 348
f 348 350 345
f 357 347 274
f 274 276 357
f 276 342 357
f 348 357 362
f 356 348 358
f 348 361 350
f 350 361 354
f 355 354 361
f 361 348 356
f 376 356 359
f 362 360 348
f 361 356 376
f 346 353 354
f 214 354 355
f 342 362 357
f 358 348 360
f 359 356 358
f 363 341 345
f 363 365 364
f 345 349 365
f 366 364 365
f 349 351 365
f 365 363 345
f 366 234 364
f 368 367 365
f 366 365 367
f 344 369 352
f 369 351 352
f 369 344 343
f 351 369 368
f 367 369 378
f 378 366 367
f 369 214 378
f 214 369 343
f 368 369 367
f 365 351 368
f 370 373 372
f 371 372 373
f 362 342 374
f 371 374 372
f 362 371 358
f 375 376 373
f 371 362 374
f 373 377 375
f 371 373 376
f 359 358 376
f 358 371 376
f 361 377 215
f 377 361 376
f 375 377 376
f 382 234 366
f 379 378 214
f 378 379 389
f 215 377 216
f 396 216 377
f 370 246 373
f 377 381 395
f 377 373 381
f 373 393 381
f 373 380 393
f 373 246 380
f 382 385 383
f 366 378 385
f 385 382 366
f 383 385 384
f 387 388 385
f 385 386 384
f 378 389 387
f 388 389 397
f 397 385 388
f 390 379 214
f 389 379 397
f 387 389 388
f 385 378 387
f 315 232 383
f 313 315 384
f 256 313 384
f 383 384 315
f 383 232 382
f 411 409 393
f 409 410 393
f 393 391 411
f 391 393 392
f 393 246 392
f 394 381 393
f 393 380 246
f 410 395 394
f 395 396 377
f 394 395 381
f 393 410 394
f 390 214 397
f 379 390 397
f 399 401 397
f 397 401 398
f 397 398 403
f 399 397 214
f 398 401 399
f 385 397 403
f 403 384 386
f 403 256 384
f 386 385 403
f 402 405 403
f 403 398 402
f 405 256 403
f 408 256 405
f 402 408 405
f 407 398 399
f 399 216 400
f 399 400 407
f 404 402 398
f 396 395 216
f 216 395 406
f 406 395 400
f 400 395 410
f 406 400 216
f 407 400 410
f 398 407 404
f 268 256 408
f 402 404 408
f 407 409 404
f 268 408 391
f 411 408 404
f 407 410 409
f 404 409 411
f 391 408 411
f 268 392 328
f 391 392 268
f 328 392 246
f 413 336 338
f 336 413 412
f 496 237 415
f 237 499 415
f 499 331 330
f 499 330 230
f 418 416 204
f 419 416 418
f 417 420 418
f 421 217 419
f 422 421 420
f 418 420 421
f 418 421 419
f 204 417 418
f 423 204 205
f 423 417 204
f 424 417 423
f 423 425 426
f 427 428 218
f 426 424 423
f 424 427 420
f 420 417 424
f 420 427 422
f 422 217 421
f 427 424 429
f 218 422 427
f 427 429 430
f 217 422 218
f 428 427 430
f 423 205 425
f 424 426 431
f 424 431 429
f 218 428 219
f 432 202 201
f 222 220 435
f 436 201 438
f 432 201 433
f 201 434 433
f 220 434 201
f 436 435 201
f 220 201 435
f 440 438 416
f 438 440 437
f 222 436 437
f 439 222 437
f 440 416 439
f 439 416 419
f 439 437 440
f 439 419 217
f 435 436 222
f 437 436 438
f 222 439 217
f 202 432 442
f 202 442 203
f 442 432 443
f 432 433 443
f 433 434 444
f 434 225 444
f 225 434 220
f 433 444 443
f 441 497 449
f 444 224 445
f 224 444 225
f 301 446 224
f 445 224 446
f 444 445 443
f 447 442 445
f 447 203 442
f 442 443 445
f 446 447 445
f 446 301 449
f 449 301 441
f 449 450 446
f 446 448 206
f 206 451 446
f 452 206 448
f 446 451 447
f 446 450 448
f 450 452 448
f 207 454 208
f 208 454 455
f 453 455 456
f 455 454 456
f 457 458 456
f 456 454 457
f 207 459 460
f 456 458 453
f 207 457 454
f 457 207 460
f 245 461 241
f 457 461 458
f 457 460 461
f 461 460 462
f 458 461 245
f 213 463 460
f 463 462 460
f 460 459 213
f 461 462 241
f 244 458 245
f 453 458 244
f 465 240 464
f 465 470 239
f 466 468 473
f 212 467 468
f 465 464 470
f 468 470 473
f 470 464 473
f 470 468 469
f 471 241 462
f 243 471 472
f 464 243 472
f 473 213 466
f 473 474 213
f 467 469 468
f 472 213 474
f 462 463 471
f 213 472 463
f 472 473 464
f 473 472 474
f 471 463 472
f 240 243 464
f 209 475 212
f 475 467 212
f 467 475 476
f 467 476 469
f 477 238 470
f 470 469 477
f 239 470 238
f 477 469 476
f 478 479 493
f 479 480 493
f 479 481 210
f 238 477 478
f 476 475 478
f 477 476 478
f 481 479 211
f 478 475 211
f 475 209 211
f 211 479 478
f 210 480 479
f 482 531 493
f 483 482 493
f 482 483 531
f 249 484 328
f 485 251 486
f 487 248 485
f 487 485 486
f 487 488 208
f 489 488 487
f 208 455 487
f 487 486 489
f 249 248 487
f 249 487 484
f 244 487 453
f 455 453 487
f 487 244 559
f 559 484 487
f 490 486 251
f 251 250 490
f 486 490 491
f 491 489 486
f 492 488 489
f 492 210 488
f 208 488 210
f 491 492 489
f 252 491 490
f 491 252 492
f 252 210 492
f 210 252 480
f 412 252 250
f 490 250 252
f 412 493 252
f 493 480 252
f 493 494 483
f 494 493 412
f 494 531 483
f 414 494 413
f 494 412 413
f 495 533 413
f 533 414 413
f 494 414 533
f 522 237 496
f 415 499 497
f 497 496 415
f 441 496 497
f 497 498 449
f 498 497 499
f 450 449 498
f 206 450 498
f 501 500 498
f 498 502 501
f 229 502 499
f 502 498 499
f 230 229 499
f 206 498 500
f 503 502 229
f 229 231 503
f 502 503 504
f 504 501 502
f 205 206 500
f 501 505 500
f 205 500 505
f 504 505 501
f 508 227 506
f 228 227 508
f 508 507 430
f 219 430 507
f 508 506 507
f 508 503 228
f 231 228 503
f 504 503 508
f 205 508 431
f 430 431 508
f 508 205 505
f 508 505 504
f 314 506 233
f 314 509 506
f 507 506 509
f 510 219 507
f 511 312 254
f 312 511 325
f 327 325 511
f 254 327 511
f 314 312 509
f 325 510 512
f 509 512 510
f 507 509 510
f 509 312 512
f 325 512 312
f 515 513 294
f 515 294 288
f 514 515 288
f 237 513 515
f 514 516 515
f 333 514 289
f 293 333 289
f 516 514 333
f 515 516 499
f 499 516 331
f 515 499 237
f 413 517 237
f 237 517 513
f 513 295 294
f 295 513 517
f 340 291 290
f 287 518 290
f 290 518 340
f 338 518 519
f 413 519 520
f 519 413 338
f 519 518 520
f 520 518 287
f 520 287 286
f 295 517 520
f 295 520 286
f 517 413 520
f 441 300 521
f 496 441 522
f 522 441 521
f 522 521 523
f 523 521 300
f 525 522 523
f 300 525 523
f 524 300 308
f 283 524 308
f 277 308 309
f 308 277 283
f 281 277 309
f 284 281 309
f 524 526 525
f 526 524 285
f 524 283 285
f 526 236 525
f 524 525 300
f 528 527 526
f 526 285 528
f 527 236 526
f 528 285 282
f 531 535 297
f 535 531 529
f 535 529 528
f 530 235 527
f 530 527 528
f 527 235 236
f 530 528 529
f 530 529 532
f 235 530 532
f 532 529 531
f 495 235 532
f 531 494 532
f 494 533 532
f 495 532 533
f 280 270 534
f 280 534 278
f 279 278 534
f 279 534 282
f 537 270 263
f 536 270 537
f 263 267 537
f 528 282 535
f 282 534 535
f 297 535 298
f 270 536 298
f 298 535 534
f 270 298 534
f 267 261 537
f 261 259 537
f 538 537 259
f 536 537 538
f 536 538 299
f 299 493 536
f 536 493 298
f 299 539 238
f 539 299 538
f 540 539 538
f 541 240 238
f 539 541 238
f 539 542 541
f 543 542 272
f 271 545 542
f 542 545 272
f 542 539 540
f 541 542 547
f 551 242 546
f 242 240 547
f 547 546 242
f 540 271 542
f 544 548 546
f 543 544 542
f 549 544 550
f 544 543 550
f 542 544 547
f 544 549 548
f 546 547 544
f 541 547 240
f 552 244 551
f 244 242 551
f 269 552 553
f 553 552 551
f 553 551 554
f 553 554 269
f 549 554 548
f 548 554 546
f 551 546 554
f 555 552 269
f 244 552 559
f 557 552 555
f 557 559 552
f 557 555 556
f 269 255 555
f 558 555 255
f 559 555 558
f 556 555 559
f 560 255 268
f 255 560 558
f 484 559 558
f 556 559 557
f 560 484 558
f 560 328 484
f 567 572 579
f 564 562 563
f 565 564 566
f 567 568 566
f 960 567 569
f 960 959 567
f 572 571 570
f 820 575 573
f 571 573 574
f 959 572 567
f 565 562 564
f 576 565 577
f 568 565 566
f 567 579 568
f 821 579 572
f 571 574 570
f 573 575 574
f 570 821 572
f 582 579 578
f 579 582 580
f 821 578 579
f 576 562 565
f 585 1228 835
f 835 587 836
f 1228 587 835
f 598 1044 600
f 599 600 1220
f 1222 1221 604
f 603 604 1221
f 1047 596 604
f 613 607 606
f 605 796 607
f 605 607 613
f 612 607 796
f 612 796 609
f 610 611 626
f 629 626 611
f 621 608 609
f 612 611 610
f 610 607 612
f 609 608 612
f 621 609 620
f 606 614 613
f 614 606 616
f 616 615 619
f 616 606 933
f 624 619 615
f 617 933 606
f 620 622 623
f 624 623 622
f 624 622 619
f 625 681 617
f 626 1093 627
f 627 811 812
f 812 626 627
f 629 1093 626
f 811 627 631
f 630 631 627
f 877 640 631
f 630 875 631
f 631 875 877
f 630 627 628
f 884 633 635
f 630 628 884
f 635 633 636
f 628 633 884
f 635 634 882
f 634 638 882
f 642 637 638
f 634 635 636
f 632 639 640
f 632 641 642
f 632 640 877
f 638 637 882
f 642 639 632
f 641 637 642
f 681 937 617
f 618 617 937
f 937 681 584
f 618 934 617
f 937 584 643
f 643 644 937
f 584 645 643
f 645 586 652
f 645 652 643
f 932 644 647
f 648 615 932
f 624 615 649
f 647 650 932
f 648 650 653
f 932 650 648
f 654 652 651
f 644 643 647
f 655 653 654
f 933 615 616
f 586 646 652
f 656 657 654
f 654 651 656
f 833 654 657
f 831 658 660
f 831 656 658
f 659 660 658
f 826 654 833
f 664 653 655
f 826 655 654
f 662 660 659
f 662 661 660
f 652 646 651
f 856 666 664
f 648 653 664
f 666 663 638
f 649 615 648
f 856 829 673
f 829 668 673
f 667 666 856
f 856 664 655
f 655 829 856
f 642 638 663
f 667 665 666
f 669 670 665
f 670 671 677
f 667 669 665
f 666 638 664
f 829 661 662
f 679 673 674
f 679 674 678
f 829 672 675
f 668 829 675
f 673 785 674
f 785 673 668
f 672 829 662
f 680 679 678
f 680 671 676
f 676 679 680
f 712 682 684
f 685 981 712
f 1257 684 682
f 686 685 712
f 684 686 712
f 1036 688 687
f 687 688 689
f 690 694 689
f 690 693 694
f 689 688 690
f 696 703 697
f 703 695 697
f 690 697 693
f 697 695 693
f 685 686 698
f 699 700 1260
f 702 699 701
f 702 700 699
f 700 704 698
f 683 700 705
f 700 683 704
f 698 1260 700
f 691 706 692
f 706 691 707
f 706 707 708
f 691 692 705
f 710 709 1034
f 708 707 711
f 711 707 1080
f 696 712 703
f 1080 707 1034
f 707 710 1034
f 704 685 698
f 712 713 695
f 1164 695 713
f 714 705 706
f 1039 716 715
f 719 720 717
f 717 718 719
f 719 716 1039
f 1026 722 717
f 1026 721 722
f 723 724 721
f 724 722 721
f 722 718 717
f 727 725 1024
f 726 727 1024
f 1024 725 1045
f 1045 729 730
f 1045 730 1024
f 731 732 736
f 733 732 731
f 735 736 734
f 752 736 735
f 752 735 737
f 739 733 738
f 738 740 739
f 986 740 738
f 733 731 738
f 987 737 741
f 741 737 735
f 741 742 986
f 741 986 987
f 744 743 747
f 751 745 746
f 751 747 745
f 745 747 743
f 912 755 744
f 912 750 755
f 744 747 912
f 873 755 750
f 751 746 749
f 748 760 749
f 748 749 746
f 983 760 748
f 752 760 983
f 752 753 760
f 758 753 754
f 756 755 873
f 757 755 756
f 760 761 868
f 758 760 753
f 758 761 760
f 762 868 761
f 763 764 762
f 762 765 763
f 762 764 868
f 770 758 754
f 988 766 768
f 767 768 766
f 766 924 767
f 769 988 771
f 769 770 754
f 924 772 774
f 774 772 773
f 924 766 772
f 774 773 775
f 775 809 896
f 773 809 775
f 770 769 776
f 778 776 777
f 777 776 771
f 771 776 769
f 781 1006 778
f 896 809 779
f 780 779 809
f 781 777 895
f 783 781 895
f 783 779 782
f 777 781 778
f 788 786 674
f 785 789 674
f 784 785 668
f 674 789 788
f 786 678 674
f 787 678 786
f 680 787 561
f 678 787 680
f 675 672 967
f 675 784 668
f 793 791 790
f 790 794 793
f 795 796 790
f 796 795 797
f 796 797 798
f 799 798 797
f 796 794 790
f 800 793 794
f 802 806 801
f 799 797 805
f 803 805 797
f 797 804 803
f 804 806 802
f 807 631 808
f 809 631 807
f 809 810 631
f 631 810 811
f 1063 626 1064
f 1064 626 812
f 626 813 1062
f 626 1063 813
f 626 1062 814
f 610 626 814
f 571 816 951
f 816 571 815
f 573 951 820
f 951 573 571
f 951 818 820
f 818 823 820
f 948 819 818
f 818 819 954
f 822 823 818
f 954 822 818
f 822 825 823
f 837 829 655
f 830 660 661
f 655 826 827
f 837 655 827
f 829 828 661
f 834 656 831
f 660 830 834
f 831 660 834
f 656 834 832
f 656 832 657
f 833 657 836
f 836 826 833
f 834 835 832
f 657 835 836
f 835 657 832
f 836 827 826
f 843 829 837
f 834 839 838
f 838 840 834
f 842 840 838
f 841 840 842
f 829 843 828
f 828 843 661
f 839 834 830
f 661 843 830
f 847 837 827
f 844 827 836
f 836 696 844
f 696 836 587
f 837 847 845
f 837 845 846
f 847 827 844
f 839 830 849
f 688 830 843
f 848 843 846
f 688 843 848
f 849 830 688
f 837 846 843
f 850 669 667
f 851 670 669
f 860 671 670
f 864 676 671
f 854 679 676
f 671 860 852
f 864 671 852
f 853 850 667
f 853 667 856
f 679 854 673
f 856 673 855
f 856 857 853
f 850 853 858
f 856 859 858
f 856 855 859
f 857 858 853
f 857 856 858
f 860 850 858
f 850 860 669
f 669 860 851
f 851 860 670
f 673 861 855
f 861 673 862
f 862 673 854
f 852 860 863
f 864 852 863
f 865 862 854
f 865 676 864
f 865 854 676
f 870 860 858
f 858 866 870
f 869 868 860
f 860 870 869
f 867 860 868
f 860 867 871
f 860 871 863
f 872 864 863
f 873 865 864
f 871 872 863
f 864 872 873
f 874 865 873
f 876 632 877
f 879 641 632
f 632 880 878
f 893 641 879
f 879 632 878
f 880 632 876
f 882 637 641
f 890 635 882
f 883 630 884
f 635 890 884
f 881 875 630
f 641 893 882
f 630 885 881
f 886 885 630
f 630 883 886
f 889 886 884
f 883 884 886
f 875 885 887
f 875 881 885
f 888 877 887
f 888 876 877
f 875 887 877
f 884 890 889
f 890 882 891
f 876 888 880
f 888 878 880
f 892 878 888
f 892 879 878
f 893 891 882
f 892 893 879
f 779 888 887
f 894 887 896
f 887 921 896
f 779 895 888
f 887 894 779
f 899 891 893
f 898 893 892
f 895 900 888
f 897 892 900
f 892 897 898
f 899 893 898
f 892 888 900
f 799 620 609
f 803 622 620
f 802 619 622
f 609 798 799
f 798 609 796
f 620 805 803
f 622 803 804
f 622 804 802
f 805 620 799
f 802 616 619
f 800 614 616
f 794 613 614
f 794 605 613
f 801 616 802
f 800 616 801
f 614 800 794
f 605 794 796
f 907 797 795
f 901 797 904
f 907 904 797
f 797 901 902
f 903 797 902
f 905 797 903
f 905 906 797
f 806 804 910
f 908 804 906
f 909 804 911
f 910 804 909
f 908 911 804
f 926 806 910
f 797 906 804
f 862 865 874
f 913 861 862
f 861 913 747
f 861 747 914
f 913 862 912
f 914 855 861
f 915 859 855
f 917 858 859
f 859 915 917
f 916 858 917
f 914 915 855
f 866 858 916
f 919 889 890
f 920 890 891
f 889 919 767
f 919 890 920
f 920 891 918
f 767 886 889
f 924 886 767
f 922 886 924
f 923 886 922
f 921 886 923
f 921 885 886
f 885 921 887
f 642 579 639
f 579 640 639
f 640 579 580
f 640 580 631
f 808 631 581
f 581 631 580
f 561 569 680
f 569 671 680
f 671 569 677
f 569 567 677
f 677 567 670
f 567 665 670
f 806 926 801
f 801 926 617
f 606 793 800
f 606 800 801
f 606 801 617
f 834 658 656
f 656 835 834
f 656 651 835
f 646 835 651
f 835 646 586
f 929 928 927
f 935 927 930
f 927 935 929
f 932 927 928
f 933 930 927
f 927 932 931
f 933 927 931
f 937 929 935
f 930 933 935
f 937 935 936
f 936 935 934
f 937 928 929
f 931 615 933
f 931 932 615
f 644 932 928
f 933 934 935
f 934 937 936
f 933 617 934
f 937 934 618
f 644 928 937
f 938 940 941
f 942 941 939
f 650 938 941
f 941 942 650
f 942 939 943
f 938 945 940
f 944 943 939
f 945 941 940
f 947 939 941
f 939 946 944
f 946 939 947
f 947 941 945
f 938 650 945
f 942 654 650
f 943 654 942
f 943 652 654
f 650 654 653
f 652 944 946
f 945 652 947
f 652 946 947
f 945 643 652
f 643 945 647
f 652 943 944
f 650 647 945
f 819 948 975
f 975 971 819
f 976 948 818
f 818 949 976
f 951 1266 818
f 818 1266 950
f 1007 951 816
f 825 822 1267
f 953 952 825
f 1267 953 825
f 1267 822 954
f 956 955 954
f 972 819 971
f 819 972 956
f 956 954 819
f 580 582 782
f 782 582 957
f 957 582 578
f 817 959 958
f 572 959 817
f 960 569 961
f 808 581 580
f 580 782 808
f 961 569 561
f 570 574 825
f 574 575 823
f 824 821 570
f 824 570 825
f 823 825 574
f 815 571 572
f 820 823 575
f 815 572 817
f 792 790 607
f 792 607 963
f 607 964 963
f 607 610 965
f 607 1079 964
f 1079 607 965
f 814 966 610
f 610 966 965
f 967 672 662
f 967 662 968
f 969 968 662
f 662 659 970
f 970 969 662
f 841 970 659
f 1267 955 956
f 778 1267 956
f 1267 954 955
f 956 972 973
f 776 956 973
f 975 758 971
f 976 761 974
f 976 974 948
f 950 976 949
f 950 949 818
f 982 736 983
f 736 982 731
f 983 736 752
f 984 752 737
f 737 985 984
f 985 737 987
f 987 988 985
f 986 738 989
f 992 990 995
f 991 992 993
f 991 990 992
f 995 998 992
f 994 990 991
f 994 996 990
f 990 996 995
f 999 998 995
f 991 993 997
f 986 998 740
f 998 986 992
f 993 992 986
f 997 993 741
f 993 986 742
f 993 742 741
f 733 739 999
f 998 999 739
f 998 739 740
f 735 997 741
f 999 995 733
f 735 991 997
f 994 991 732
f 991 735 734
f 736 732 991
f 736 991 734
f 996 994 732
f 995 996 732
f 733 995 732
f 795 790 1035
f 1035 907 795
f 1000 1035 790
f 790 1001 1000
f 1002 790 1030
f 1002 1001 790
f 1003 839 849
f 1032 925 842
f 839 1003 1004
f 842 838 1004
f 838 839 1004
f 842 1004 1032
f 821 824 1005
f 821 1005 962
f 824 825 952
f 952 1006 824
f 816 1008 1007
f 1008 816 817
f 817 816 815
f 592 645 591
f 645 592 595
f 835 586 585
f 594 585 586
f 586 645 594
f 594 645 595
f 926 589 617
f 617 589 625
f 590 583 681
f 681 625 590
f 590 625 589
f 1068 1011 1010
f 1011 1012 1010
f 1010 1012 1014
f 1018 1015 1014
f 1015 1018 1016
f 1013 1017 1014
f 1013 729 1017
f 1018 1014 1017
f 1013 1014 1012
f 977 979 980
f 977 713 979
f 714 1019 713
f 721 1022 1023
f 1011 721 1023
f 1024 1025 1019
f 1026 1025 1027
f 1022 1026 1027
f 713 977 714
f 978 714 977
f 1020 1024 1019
f 1019 714 1020
f 726 1028 1020
f 1029 1027 1025
f 1029 1025 1024
f 1028 1024 1020
f 1023 1012 1011
f 730 1023 1022
f 726 1020 728
f 1027 730 1022
f 659 658 841
f 658 840 841
f 840 658 834
f 606 607 793
f 793 607 791
f 790 791 607
f 792 1030 790
f 792 963 1030
f 970 841 925
f 925 841 842
f 1004 1033 1031
f 1032 1004 1031
f 1002 1030 1035
f 1034 1035 1030
f 1036 1031 1033
f 1031 1036 687
f 1034 709 1037
f 1037 1035 1034
f 746 982 983
f 983 748 746
f 712 979 713
f 712 981 979
f 980 979 981
f 685 980 981
f 984 753 752
f 977 980 685
f 685 704 977
f 753 984 985
f 985 769 753
f 978 705 714
f 978 704 683
f 683 705 978
f 978 977 704
f 988 986 766
f 987 986 988
f 985 988 769
f 989 766 986
f 1039 715 1167
f 1021 1039 1038
f 1167 1038 1039
f 1084 1083 1040
f 728 1040 1083
f 1041 1044 1042
f 1043 1044 1041
f 1041 1050 1043
f 1045 1042 1046
f 1047 1042 1044
f 1047 1046 1042
f 1045 1046 1048
f 1051 1050 1049
f 1050 1041 1049
f 1058 1048 1082
f 1055 1053 1054
f 1082 1055 1058
f 1055 1082 1052
f 1056 1053 1057
f 1054 1059 1058
f 1055 1054 1058
f 1056 1054 1053
f 1057 1016 1056
f 1057 1015 1016
f 1065 1061 1062
f 1015 1061 1065
f 1065 1064 812
f 1063 1064 1065
f 1062 1063 1065
f 1061 1015 1057
f 1010 1070 1068
f 1066 787 786
f 1067 1069 1066
f 1067 1066 786
f 1069 1072 1070
f 1071 1070 1072
f 1070 1066 1069
f 1071 1068 1070
f 1038 1167 1073
f 1073 1167 1074
f 1074 968 1075
f 969 1075 968
f 1073 1074 1075
f 810 1076 1065
f 811 810 1065
f 1076 773 1065
f 773 1077 1065
f 1077 1078 1065
f 1015 1065 1078
f 1014 1015 1078
f 1079 1060 1080
f 1080 1060 1061
f 1081 711 1061
f 1080 1061 711
f 1061 1057 1084
f 1079 965 1060
f 1084 1040 1081
f 1084 1081 1061
f 1082 1083 1052
f 1084 1057 1053
f 1084 1053 1055
f 1084 1055 1083
f 1055 1052 1083
f 1018 1056 1016
f 1085 1059 1054
f 1018 1054 1056
f 1018 1085 1054
f 1085 1058 1059
f 1017 1058 1085
f 1058 1017 1048
f 1086 1087 629
f 1088 1086 629
f 1093 629 1089
f 1087 1089 629
f 627 1090 628
f 627 1091 1090
f 627 1093 1092
f 1092 1091 627
f 633 628 1094
f 1094 1095 633
f 634 636 1096
f 633 1096 636
f 633 1095 1096
f 664 1098 1097
f 634 1096 1099
f 1099 638 634
f 664 638 1099
f 664 1097 1100
f 1101 623 624
f 624 1135 1101
f 648 664 1100
f 649 1148 624
f 1148 649 648
f 648 1100 1148
f 1102 1135 624
f 1101 1103 623
f 1103 620 623
f 1103 1104 620
f 1104 1105 621
f 620 1104 621
f 611 1107 1106
f 1107 611 612
f 1113 608 621
f 608 1113 612
f 1106 1108 611
f 629 611 1088
f 1109 11245 1106
f 1185 1109 1110
f 1110 1109 1107
f 1112 1106 11245
f 1112 1211 1106
f 1106 1211 1120
f 11258 1111 1113
f 1186 11258 1113
f 1113 1114 1186
f 11253 1115 1114
f 1114 1133 1116
f 1114 1116 11253
f 1114 1115 1186
f 11248 1184 1119
f 1119 1211 11248
f 1184 1117 1119
f 11248 1211 1112
f 1117 1118 1119
f 1133 1119 1118
f 1118 1116 1133
f 1111 1110 1113
f 1122 1123 1121
f 1123 1122 11287
f 1123 11269 1092
f 11269 1123 1124
f 1092 11269 1125
f 1177 1090 1125
f 1090 1177 1176
f 1125 1090 1092
f 1123 11287 1124
f 1126 1179 11287
f 1179 1126 1180
f 1127 1128 1129
f 1128 1127 1126
f 1126 1127 1180
f 1131 1178 628
f 1178 1132 628
f 1131 1090 1176
f 1132 1129 1130
f 1132 1130 628
f 1130 1129 1128
f 11287 1122 1126
f 1134 1133 1114
f 1135 1137 1134
f 1136 1137 1135
f 1140 1133 1139
f 1133 1134 1139
f 1139 1134 1138
f 1142 1141 1140
f 1142 1140 1139
f 1138 1134 1137
f 1143 1136 1135
f 1144 1143 1135
f 1145 1144 1135
f 1135 1146 1145
f 1147 1197 1146
f 1197 1147 1148
f 1147 1146 1135
f 1149 11320 1150
f 1150 1140 1149
f 1149 1140 1141
f 1197 1148 1150
f 1205 1150 1148
f 1148 1151 1205
f 1197 1150 11320
f 1152 11309 1157
f 1153 1154 1157
f 1157 11309 1153
f 1155 1152 1156
f 11309 1152 1155
f 1154 1191 1157
f 1130 1128 1157
f 1096 1157 1191
f 1096 1190 1192
f 1190 1096 1191
f 1152 1157 1128
f 1156 1152 1160
f 1159 1160 1158
f 1160 1152 1158
f 1158 1151 11302
f 11302 1151 1162
f 1158 11302 1159
f 1158 1205 1151
f 1161 1163 1192
f 1192 1163 1096
f 1161 1162 1163
f 1163 1162 1097
f 1162 1151 1097
f 1050 1220 600
f 600 1043 1050
f 1050 1051 601
f 1050 601 602
f 1220 1050 602
f 600 1044 1043
f 601 1051 603
f 1044 598 597
f 597 1047 1044
f 1051 604 603
f 1051 1048 604
f 1047 597 596
f 1046 1047 604
f 604 1048 1046
f 713 1019 1164
f 1021 1164 1019
f 1165 728 1020
f 1165 1020 714
f 1082 1049 1083
f 1082 1048 1051
f 1051 1049 1082
f 1018 1017 1085
f 729 1013 1012
f 1012 1023 729
f 730 1029 1024
f 730 729 1023
f 730 1027 1029
f 726 1024 1028
f 727 726 728
f 1021 720 719
f 1021 719 1039
f 720 1021 1019
f 720 1019 717
f 717 1019 1025
f 1025 1026 717
f 721 1026 1022
f 1011 723 721
f 1011 1068 723
f 1166 1167 1199
f 1169 1071 1168
f 1071 789 1168
f 1169 1168 1199
f 1167 1169 1199
f 1169 1167 1170
f 1171 1172 1169
f 1170 1171 1169
f 1069 1067 788
f 788 1067 786
f 1068 1071 1169
f 788 1072 1069
f 789 1071 1072
f 789 1072 788
f 1068 1169 723
f 722 1172 1171
f 1172 722 724
f 1169 1172 723
f 724 723 1172
f 722 1171 1170
f 1170 718 722
f 1170 1167 715
f 715 716 1170
f 719 718 1170
f 1170 716 719
f 967 968 1074
f 1167 1166 1074
f 1017 729 1045
f 1017 1045 1048
f 1041 727 1049
f 727 728 1083
f 1049 727 1083
f 1175 1174 1173
f 1177 1173 1174
f 1174 1129 1132
f 1178 1174 1132
f 1174 1178 1176
f 1177 1174 1176
f 1127 1129 1174
f 11287 1175 1173
f 1173 11269 1124
f 1175 11287 1179
f 11287 1173 1124
f 1175 1179 1180
f 1127 1175 1180
f 1127 1174 1175
f 1173 1177 11269
f 1178 1131 1176
f 1125 11269 1177
f 1183 1182 1181
f 1182 11253 1116
f 1117 1182 1116
f 1182 1184 1181
f 1184 1182 1117
f 1115 11253 1182
f 1185 1183 1181
f 1181 11245 1109
f 1185 1181 1109
f 1183 1111 11258
f 1183 1186 1115
f 1186 1183 11258
f 1111 1183 1185
f 1115 1182 1183
f 1118 1117 1116
f 1184 11248 1181
f 1181 11248 1112
f 1112 11245 1181
f 1111 1185 1110
f 1189 1187 1188
f 1161 1188 1187
f 1187 1162 1161
f 1188 1192 1190
f 1188 1191 1154
f 1191 1188 1190
f 1192 1188 1161
f 1193 1187 1189
f 1193 1189 1188
f 1193 1188 1153
f 1193 1162 1187
f 1154 1153 1188
f 1153 11309 1193
f 1193 11309 1155
f 1193 1156 1160
f 1193 1159 11302
f 1159 1193 1160
f 1156 1193 1155
f 11302 1162 1193
f 1198 1194 1195
f 1196 1195 1194
f 1197 1196 1194
f 1139 1195 1196
f 1136 1195 1138
f 1198 1195 1136
f 1198 1197 1194
f 1196 1142 1139
f 1141 1196 1197
f 1197 11320 1149
f 1196 1141 1142
f 1141 1197 1149
f 1138 1137 1136
f 1143 1198 1136
f 1198 1143 1144
f 1198 1145 1146
f 1145 1198 1144
f 1146 1197 1198
f 1139 1138 1195
f 1106 1120 1108
f 1106 1107 1109
f 612 1110 1107
f 1113 1105 1114
f 1110 612 1113
f 1113 621 1105
f 611 1120 1088
f 1108 1120 611
f 1105 1104 1114
f 1134 1114 1104
f 1103 1101 1134
f 1134 1104 1103
f 1121 1087 1120
f 1087 1086 1120
f 1120 1086 1088
f 1135 1134 1101
f 1102 1147 1135
f 1147 624 1148
f 1102 624 1147
f 1093 1089 1121
f 1089 1087 1121
f 1151 1148 1100
f 1100 1097 1151
f 1093 1121 1123
f 1163 1097 1098
f 1163 1098 664
f 1099 1096 1163
f 664 1099 1163
f 628 1130 1094
f 1131 628 1090
f 1092 1093 1123
f 1091 1092 1090
f 1096 1095 1157
f 1130 1157 1094
f 1094 1157 1095
f 725 727 1041
f 725 1042 1045
f 1042 725 1041
f 811 1065 812
f 1063 1062 813
f 1062 1061 814
f 966 814 1061
f 1061 1060 966
f 1060 965 966
f 785 1199 1168
f 785 784 1199
f 789 785 1168
f 1166 1199 675
f 1166 675 967
f 1199 784 675
f 967 1074 1166
f 1219 1218 1210
f 1211 1212 1219
f 1219 1213 1214
f 1220 1214 1133
f 1213 1219 1212
f 1214 1220 1219
f 1210 1221 1121
f 1221 1210 1218
f 1216 1121 1221
f 1222 1223 1128
f 1221 1222 1126
f 1126 1222 1215
f 1215 1222 1128
f 1221 1126 1216
f 1207 1225 1206
f 1133 1206 1220
f 1225 1207 1226
f 1226 1207 1208
f 1208 1205 1226
f 1226 1205 1200
f 1224 1128 1223
f 1227 1201 1203
f 1202 1201 1227
f 1227 1200 1202
f 1126 1215 1128
f 1122 1216 1217
f 1122 1121 1216
f 1217 1126 1122
f 1216 1126 1217
f 1211 1210 1120
f 1121 1120 1210
f 1224 1152 1128
f 1219 1210 1211
f 1211 1119 1212
f 1119 1213 1212
f 1119 1214 1213
f 1133 1214 1119
f 1202 1200 1158
f 1158 1203 1201
f 1201 1202 1158
f 1158 1200 1205
f 1152 1203 1204
f 1152 1224 1227
f 1152 1227 1203
f 1152 1204 1158
f 1203 1158 1204
f 1206 1133 1140
f 1207 1206 1140
f 1150 1207 1209
f 1150 1208 1207
f 1150 1209 1140
f 1150 1205 1208
f 1207 1140 1209
f 1223 604 1224
f 596 1224 604
f 1223 1222 604
f 1200 1227 597
f 596 597 1227
f 1224 596 1227
f 1218 601 603
f 603 1221 1218
f 597 598 1226
f 1226 1200 597
f 1219 602 601
f 1219 601 1218
f 602 1219 1220
f 1206 600 599
f 1226 598 600
f 1225 600 1206
f 600 1225 1226
f 1206 599 1220
f 1229 1228 585
f 1229 585 1230
f 585 593 1230
f 593 591 1250
f 645 1231 591
f 591 1231 1250
f 593 1250 1230
f 681 583 584
f 1233 584 583
f 1232 1233 583
f 589 926 1234
f 583 702 1232
f 702 583 588
f 702 588 589
f 1234 702 589
f 1236 1237 1235
f 1238 1236 1239
f 1242 1238 1239
f 1009 584 1235
f 1248 1243 1244
f 1240 1243 1245
f 1241 1242 1240
f 1236 1238 1246
f 1241 1240 1245
f 1242 1247 1238
f 1231 1009 1237
f 1236 1246 1237
f 1009 1231 645
f 1237 1009 1235
f 1248 1245 1243
f 1247 1242 1241
f 1237 1246 1249
f 1237 1249 1250
f 1241 1257 1251
f 1238 1247 1251
f 1249 1246 1252
f 1251 1252 1238
f 1247 1241 1251
f 1252 1246 1238
f 1257 1241 1245
f 1253 1248 1255
f 1254 1256 1248
f 1248 1253 1254
f 1257 1245 1248
f 1248 1256 1258
f 1257 1248 1258
f 1255 1248 1244
f 1259 1243 1240
f 1259 1260 1243
f 1261 1244 1243
f 1243 1260 1261
f 1244 1261 1255
f 1240 1242 1262
f 1240 1262 1259
f 1242 1239 1263
f 1242 1263 1262
f 1236 1235 1264
f 1263 1239 1265
f 1264 1265 1236
f 1265 1239 1236
f 1264 1235 584
f 584 1233 1264
f 1250 1231 1237
f 1009 645 584
f 695 1164 693
f 1021 1038 1164
f 1164 1038 693
f 694 1073 689
f 1075 689 1073
f 1073 694 693
f 1038 1073 693
f 1075 969 689
f 970 687 969
f 969 687 689
f 1031 687 970
f 970 925 1031
f 1004 1003 1033
f 1033 1003 849
f 925 1032 1031
f 1036 1033 849
f 697 847 844
f 696 697 844
f 696 587 712
f 697 846 845
f 845 847 697
f 848 846 690
f 690 688 848
f 697 690 846
f 688 1036 849
f 1228 712 587
f 1230 1250 682
f 1230 682 1229
f 682 1228 1229
f 682 712 1228
f 1257 1252 1251
f 1257 682 1249
f 682 1250 1249
f 1257 1249 1252
f 686 1253 1255
f 686 1256 1254
f 686 1254 1253
f 686 1257 1258
f 1257 686 684
f 1256 686 1258
f 698 686 1255
f 1260 1259 699
f 698 1255 1261
f 1260 698 1261
f 701 1265 1264
f 699 1259 701
f 1263 1265 701
f 1262 1263 701
f 701 1259 1262
f 701 1264 1233
f 926 700 1234
f 1234 700 702
f 702 701 1233
f 1232 702 1233
f 700 926 705
f 710 904 907
f 902 707 903
f 902 901 707
f 901 904 707
f 903 707 905
f 710 907 709
f 904 710 707
f 707 691 905
f 908 906 691
f 909 911 691
f 911 908 691
f 910 705 926
f 691 910 909
f 705 910 691
f 905 691 906
f 907 1037 709
f 1035 1037 907
f 1002 1035 1001
f 1001 1035 1000
f 1034 1030 963
f 1079 1034 964
f 1034 963 964
f 1081 708 711
f 1040 708 1081
f 1079 1080 1034
f 708 1040 714
f 1165 1040 728
f 706 708 714
f 714 1040 1165
f 761 976 762
f 974 761 758
f 758 975 948
f 974 758 948
f 770 971 758
f 971 770 972
f 776 973 770
f 956 776 778
f 972 770 973
f 762 976 1266
f 1267 778 1006
f 1007 762 951
f 762 1266 951
f 976 950 1266
f 1006 953 1267
f 953 1006 952
f 1008 817 763
f 765 762 1007
f 1007 1008 763
f 1007 763 765
f 1006 962 1005
f 962 1006 781
f 1006 1005 824
f 962 781 821
f 959 759 764
f 764 958 959
f 817 764 763
f 958 764 817
f 578 821 781
f 781 957 578
f 960 961 757
f 757 759 960
f 759 959 960
f 782 957 781
f 781 783 782
f 961 561 757
f 780 782 779
f 782 780 808
f 757 561 755
f 809 808 780
f 744 755 787
f 787 755 561
f 809 807 808
f 809 773 810
f 1066 744 787
f 1070 1010 745
f 745 743 1070
f 1070 743 744
f 744 1066 1070
f 810 773 1076
f 1078 773 772
f 1077 773 1078
f 1014 1078 772
f 989 738 1014
f 731 1014 738
f 766 989 772
f 1014 772 989
f 982 1010 731
f 1014 731 1010
f 746 745 982
f 1010 982 745
f 775 896 921
f 779 894 896
f 895 779 783
f 898 897 777
f 897 900 777
f 771 899 898
f 900 895 777
f 771 898 777
f 988 899 771
f 918 891 988
f 920 918 988
f 919 920 768
f 899 988 891
f 768 920 988
f 768 767 919
f 774 922 924
f 775 921 923
f 775 923 922
f 922 774 775
f 760 870 866
f 760 869 870
f 869 760 868
f 759 867 764
f 867 868 764
f 759 871 867
f 759 872 871
f 757 873 872
f 750 874 873
f 872 759 757
f 757 756 873
f 760 866 916
f 862 874 750
f 750 912 862
f 913 912 747
f 751 914 747
f 917 915 749
f 916 917 749
f 749 760 916
f 749 915 751
f 914 751 915
f 666 562 576
f 666 665 562
f 665 563 562
f 665 567 566
f 665 566 564
f 564 563 665
f 642 568 579
f 642 577 565
f 642 565 568
f 666 576 577
f 577 642 663
f 666 577 663
f 1268 1269 1270
f 1271 1272 1273
f 1269 1271 1273
f 1274 1275 1276
f 1277 1278 1279
f 1275 1277 1279
f 1272 1274 1280
f 1281 1282 1283
f 1284 1285 1286
f 1282 1284 1287
f 1288 1289 1290
f 1291 1292 1293
f 1289 1291 1290
f 1285 1288 1294
f 1278 1281 1295
f 1789 1296 1297
f 1298 1299 1300
f 1296 1298 1301
f 1302 1303 1304
f 1305 1306 1307
f 1303 1305 1304
f 1299 1302 1308
f 1309 1310 1311
f 1312 1313 1314
f 1310 1312 1315
f 1316 1317 1318
f 1319 1320 1321
f 1317 1319 1318
f 1313 1316 1322
f 1306 1309 1323
f 1292 1789 1297
f 1324 1270 1269
f 1280 1273 1272
f 1324 1269 1273
f 1471 1276 1275
f 1295 1279 1278
f 1471 1275 1279
f 1280 1274 1276
f 1287 1283 1282
f 1325 1286 1285
f 1287 1284 1286
f 1290 1294 1288
f 1487 1293 1292
f 1290 1291 1293
f 1325 1285 1294
f 1295 1281 1283
f 1301 1297 1296
f 1308 1300 1299
f 1301 1298 1300
f 1304 1326 1302
f 1327 1307 1306
f 1304 1305 1307
f 1308 1302 1326
f 1311 1323 1309
f 1314 1315 1312
f 1311 1310 1315
f 1318 1322 1316
f 1328 1321 1320
f 1318 1319 1321
f 1314 1313 1322
f 1327 1306 1323
f 1487 1292 1297
f 1329 1330 1320
f 1268 1270 1331
f 1329 1332 1333
f 1334 1335 1336
f 1332 1334 1337
f 1338 1339 1340
f 1341 1342 1343
f 1339 1341 1344
f 1335 1338 1345
f 1346 1347 1348
f 1349 1350 1351
f 1347 1349 1352
f 1353 1354 1355
f 1356 1357 1358
f 1354 1356 1359
f 1350 1353 1351
f 1342 1346 1360
f 1361 1362 1363
f 1364 1365 1366
f 1362 1364 1363
f 1367 1368 1369
f 1370 1371 1372
f 1368 1370 1373
f 1365 1367 1374
f 1375 1376 1377
f 1378 1379 1380
f 1376 1378 1381
f 1382 1383 1384
f 1385 1386 1387
f 1383 1385 1387
f 1379 1382 1380
f 1371 1375 1377
f 1357 1361 1388
f 1333 1330 1329
f 1336 1337 1334
f 1333 1332 1337
f 1340 1345 1338
f 1343 1344 1341
f 1340 1339 1344
f 1336 1335 1345
f 1348 1360 1346
f 1351 1352 1349
f 1348 1347 1352
f 1389 1355 1354
f 1358 1359 1356
f 1389 1354 1359
f 1351 1353 1355
f 1343 1342 1360
f 1363 1388 1361
f 1517 1366 1365
f 1363 1364 1366
f 1369 1374 1367
f 1372 1373 1370
f 1369 1368 1373
f 1517 1365 1374
f 1381 1377 1376
f 1380 1390 1378
f 1381 1378 1390
f 1521 1384 1383
f 1331 1387 1386
f 1521 1383 1387
f 1380 1382 1384
f 1372 1371 1377
f 1358 1357 1388
f 1386 1268 1331
f 1330 1328 1320
f 1394 1391 1393
f 1394 1393 1395
f 1398 1397 1392
f 1396 1399 1397
f 1400 1410 1397
f 1397 1399 1400
f 1396 1397 1398
f 1403 1404 1393
f 1393 1405 1403
f 1405 1393 1407
f 1407 1393 1406
f 1393 1402 1408
f 1393 1401 1409
f 1409 1402 1393
f 1393 1404 1401
f 1408 1395 1393
f 1410 1414 1412
f 1410 1413 1414
f 1413 1410 1418
f 1417 1419 1420
f 1420 1423 1421
f 1424 1420 1421
f 1422 1423 1420
f 1425 1426 1424
f 1425 1424 1421
f 1410 1400 1418
f 1428 1429 1427
f 1430 1431 1428
f 1427 1675 1428
f 1428 1434 1433
f 1433 1432 1428
f 1435 1430 1428
f 1431 1434 1428
f 1428 1432 1429
f 1439 1428 1440
f 1436 1435 1428
f 1437 1428 1439
f 1436 1428 1437
f 1441 1442 1440
f 1442 1441 1444
f 1444 1441 1443
f 1445 1446 1684
f 1443 1446 1444
f 1445 1684 1458
f 1445 1458 1438
f 1451 1447 1448
f 1451 1448 1449
f 1450 1451 1449
f 1452 1617 1451
f 1455 1426 1453
f 1725 1454 1455
f 1456 1451 1454
f 1455 1454 1451
f 1447 1451 1456
f 1725 1455 1453
f 1460 1459 1612
f 1461 1617 1452
f 1612 1463 1460
f 1464 1463 1612
f 1457 1458 1459
f 1473 1467 1465
f 1472 1477 1468
f 1477 1470 1471
f 1470 1466 1467
f 1472 1468 1474
f 1485 1475 1469
f 1475 1476 1469
f 1478 1476 1485
f 1479 1478 1480
f 1479 1480 1486
f 1485 1480 1478
f 1479 1486 1481
f 1481 1482 1483
f 1482 1481 1327
f 1483 1488 1484
f 1485 1476 1475
f 1470 1467 1473
f 1280 1470 1473
f 1287 1468 1477
f 1295 1477 1471
f 1325 1469 1468
f 1469 1474 1468
f 1489 1480 1485
f 1297 1485 1487
f 1325 1485 1469
f 1324 1473 1270
f 1280 1473 1273
f 1276 1470 1280
f 1324 1273 1473
f 1283 1477 1295
f 1287 1477 1283
f 1279 1295 1471
f 1276 1471 1470
f 1325 1468 1286
f 1290 1485 1294
f 1485 1325 1294
f 1286 1468 1287
f 1293 1485 1290
f 1301 1485 1297
f 1293 1487 1485
f 1489 1301 1300
f 1485 1301 1489
f 1481 1486 1490
f 1481 1490 1327
f 1326 1490 1489
f 1486 1489 1490
f 1307 1327 1490
f 1488 1483 1482
f 1311 1482 1327
f 1300 1308 1489
f 1326 1304 1490
f 1489 1308 1326
f 1304 1307 1490
f 1311 1327 1323
f 1315 1482 1311
f 1322 1491 1482
f 1488 1482 1491
f 1488 1491 1328
f 1482 1314 1322
f 1491 1318 1321
f 1491 1321 1328
f 1318 1491 1322
f 1482 1315 1314
f 1488 1328 1492
f 1486 1480 1489
f 1484 1492 1494
f 1473 1465 1493
f 1545 1499 1501
f 1497 1495 1501
f 1499 1494 1492
f 1497 1501 1500
f 1515 1506 1498
f 1504 1498 1502
f 1503 1515 1498
f 1496 1497 1505
f 1484 1488 1492
f 1506 1515 1508
f 1516 1539 1508
f 1514 1508 1515
f 1509 1518 1510
f 1513 1517 1509
f 1518 1509 1517
f 1514 1507 1508
f 1465 1512 1493
f 1333 1499 1328
f 1499 1492 1328
f 1336 1501 1499
f 1345 1500 1501
f 1344 1497 1500
f 1502 1496 1505
f 1348 1502 1505
f 1343 1505 1497
f 1351 1498 1504
f 1508 1507 1516
f 1355 1515 1503
f 1388 1516 1514
f 1359 1514 1515
f 1351 1503 1498
f 1516 1507 1514
f 1352 1504 1502
f 1333 1328 1330
f 1336 1499 1337
f 1345 1501 1336
f 1333 1337 1499
f 1344 1500 1340
f 1360 1505 1343
f 1348 1505 1360
f 1344 1343 1497
f 1345 1340 1500
f 1351 1504 1352
f 1389 1515 1355
f 1503 1351 1355
f 1352 1502 1348
f 1359 1515 1389
f 1388 1514 1358
f 1363 1516 1388
f 1359 1358 1514
f 1516 1363 1366
f 1516 1517 1513
f 1510 1518 1519
f 1372 1519 1518
f 1369 1518 1517
f 1511 1510 1520
f 1520 1390 1511
f 1381 1520 1519
f 1512 1511 1521
f 1493 1512 1473
f 1520 1510 1519
f 1366 1517 1516
f 1374 1369 1517
f 1369 1373 1518
f 1372 1518 1373
f 1381 1519 1377
f 1390 1520 1381
f 1372 1377 1519
f 1384 1521 1390
f 1511 1390 1521
f 1512 1521 1473
f 1331 1473 1521
f 1390 1380 1384
f 1521 1387 1331
f 1331 1270 1473
f 1513 1509 1516
f 1522 1511 1523
f 1510 1524 1525
f 1522 1524 1511
f 1525 1527 1509
f 1526 1465 1467
f 1526 1523 1465
f 1512 1465 1523
f 1511 1512 1523
f 1528 1509 1527
f 1529 1530 1516
f 1516 1509 1529
f 1530 1539 1516
f 1529 1509 1528
f 1511 1524 1510
f 1510 1525 1509
f 1467 1560 1526
f 1467 1466 1560
f 1560 1470 1531
f 1466 1470 1560
f 1531 1470 1477
f 1532 1477 1533
f 1533 1472 1534
f 1532 1531 1477
f 1558 1535 1474
f 1534 1472 1535
f 1472 1533 1477
f 1474 1535 1472
f 1469 1537 1558
f 1469 1558 1474
f 1476 1478 1536
f 1469 1476 1537
f 1536 1537 1476
f 1479 1538 1536
f 1536 1478 1479
f 1539 1540 1508
f 1540 1541 1508
f 1498 1541 1542
f 1506 1508 1541
f 1498 1506 1541
f 1542 1496 1502
f 1497 1496 1542
f 1502 1498 1542
f 1497 1542 1543
f 1543 1544 1497
f 1544 1495 1497
f 1501 1544 1545
f 1495 1544 1501
f 1545 1494 1499
f 1550 1494 1545
f 1479 1481 1546
f 1552 1481 1483
f 1549 1481 1547
f 1479 1546 1548
f 1479 1548 1538
f 1549 1546 1481
f 1551 1484 1550
f 1550 1484 1494
f 1547 1481 1552
f 1553 1483 1484
f 1483 1553 1552
f 1484 1551 1553
f 1554 1555 1553
f 1592 1556 1549
f 1555 1592 1552
f 1558 1559 1535
f 1556 1557 1538
f 1550 1554 1551
f 1553 1555 1552
f 1551 1554 1553
f 1547 1552 1592
f 1547 1592 1549
f 1546 1556 1548
f 1556 1546 1549
f 1537 1536 1557
f 1534 1535 1559
f 1559 1532 1533
f 1532 1559 1531
f 1534 1559 1533
f 1538 1557 1536
f 1557 1558 1537
f 1531 1559 1560
f 1548 1556 1538
f 1561 1526 1560
f 1561 1562 1522
f 1563 1564 1528
f 1562 1563 1525
f 1564 1565 1541
f 1637 1566 1542
f 1565 1637 1541
f 1568 1554 1545
f 1567 1568 1545
f 1566 1567 1542
f 1526 1561 1523
f 1524 1562 1525
f 1522 1562 1524
f 1523 1561 1522
f 1563 1528 1527
f 1529 1528 1564
f 1564 1530 1529
f 1525 1563 1527
f 1540 1539 1564
f 1540 1564 1541
f 1542 1541 1637
f 1543 1542 1567
f 1544 1543 1567
f 1554 1550 1545
f 1567 1545 1544
f 1530 1564 1539
f 1561 1560 1569
f 1559 1569 1560
f 1559 1571 1570
f 1570 1569 1559
f 1570 1573 1569
f 1580 1559 1558
f 1558 1557 1574
f 1571 1577 1570
f 1576 1577 1559
f 1578 1580 1558
f 1576 1559 1580
f 1586 1574 1557
f 1579 1557 1575
f 1578 1558 1574
f 1559 1577 1571
f 1572 1581 1570
f 1572 1570 1577
f 1572 1582 1583
f 1581 1572 1583
f 1578 1576 1580
f 1576 1572 1577
f 1574 1576 1578
f 1579 1586 1557
f 1574 1585 1576
f 1576 1585 1587
f 1586 1590 1588
f 1585 1574 1586
f 1576 1582 1572
f 1589 1570 1581
f 1590 1557 1597
f 1556 1597 1557
f 1592 1593 1556
f 1575 1590 1579
f 1600 1597 1556
f 1591 1556 1593
f 1590 1575 1557
f 1555 1594 1592
f 1606 1555 1554
f 1593 1592 1594
f 1595 1606 1554
f 1554 1596 1595
f 1599 1590 1597
f 1591 1600 1556
f 1598 1591 1593
f 1603 1598 1593
f 1600 1591 1598
f 1599 1597 1600
f 1593 1594 1604
f 1606 1594 1555
f 1606 1595 1601
f 1604 1605 1593
f 1607 1604 1594
f 1606 1602 1594
f 1608 1625 1606
f 1601 1608 1606
f 1607 1602 1606
f 1607 1594 1602
f 1596 1663 1595
f 1605 1603 1593
f 1590 1586 1579
f 1583 1582 1611
f 1581 1583 1609
f 1583 1611 1464
f 1609 1583 1612
f 1586 1588 1623
f 1586 1623 1614
f 1582 1576 1587
f 1585 1586 1615
f 1615 1586 1614
f 1615 1587 1585
f 1599 1618 1590
f 1587 1611 1582
f 1611 1587 1617
f 1609 1610 1685
f 1685 1610 1459
f 1464 1611 1462
f 1583 1464 1612
f 1609 1612 1610
f 1459 1458 1685
f 1461 1462 1611
f 1459 1610 1612
f 1617 1587 1616
f 1616 1615 1451
f 1616 1587 1615
f 1615 1614 1455
f 1616 1451 1617
f 1455 1451 1615
f 1455 1614 1426
f 1614 1623 1426
f 1617 1461 1611
f 1609 1685 1683
f 1600 1618 1599
f 1623 1588 1618
f 1598 1618 1600
f 1603 1619 1598
f 1621 1618 1619
f 1618 1598 1619
f 1618 1621 1622
f 1604 1626 1605
f 1605 1619 1603
f 1624 1604 1607
f 1627 1607 1606
f 1627 1606 1625
f 1624 1607 1627
f 1626 1604 1624
f 1605 1621 1619
f 1618 1620 1623
f 1623 1620 1424
f 1621 1605 1415
f 1622 1621 1417
f 1618 1622 1620
f 1620 1622 1420
f 1424 1426 1623
f 1420 1424 1620
f 1417 1420 1622
f 1415 1416 1621
f 1417 1621 1416
f 1629 1415 1605
f 1411 1629 1626
f 1627 1630 1624
f 1628 1411 1626
f 1626 1624 1628
f 1411 1628 1412
f 1629 1411 1415
f 1624 1410 1628
f 1410 1412 1628
f 1631 1410 1630
f 1410 1624 1630
f 1663 1631 1627
f 1629 1605 1626
f 1588 1590 1618
f 1609 1632 1581
f 1633 1568 1567
f 1554 1568 1596
f 1596 1568 1634
f 1636 1634 1633
f 1634 1568 1633
f 1638 1567 1566
f 1637 1639 1566
f 1641 1633 1567
f 1641 1567 1638
f 1644 1633 1641
f 1639 1637 1565
f 1638 1566 1639
f 1663 1634 1642
f 1663 1596 1634
f 1644 1636 1633
f 1636 1635 1634
f 1634 1635 1642
f 1643 1636 1644
f 1636 1643 1635
f 1663 1608 1601
f 1638 1645 1641
f 1640 1638 1639
f 1639 1646 1640
f 1640 1645 1638
f 1645 1644 1641
f 1644 1645 1647
f 1640 1647 1645
f 1647 1640 1650
f 1663 1601 1595
f 1565 1564 1654
f 1652 1564 1563
f 1656 1654 1564
f 1639 1673 1649
f 1565 1673 1639
f 1651 1564 1652
f 1656 1564 1651
f 1562 1653 1563
f 1657 1563 1653
f 1561 1661 1562
f 1573 1589 1561
f 1653 1562 1661
f 1569 1573 1561
f 1563 1657 1652
f 1676 1565 1654
f 1655 1651 1652
f 1676 1673 1565
f 1655 1656 1651
f 1658 1655 1652
f 1676 1654 1656
f 1649 1640 1646
f 1657 1653 1660
f 1561 1589 1584
f 1661 1561 1613
f 1659 1678 1652
f 1659 1652 1657
f 1632 1613 1561
f 1584 1632 1561
f 1660 1653 1661
f 1662 1657 1660
f 1584 1589 1581
f 1678 1658 1652
f 1573 1570 1589
f 1649 1646 1639
f 1640 1649 1648
f 1663 1642 1664
f 1635 1643 1667
f 1642 1635 1668
f 1668 1635 1667
f 1664 1642 1668
f 1663 1627 1625
f 1647 1650 1669
f 1648 1650 1640
f 1643 1644 1647
f 1647 1669 1674
f 1648 1669 1650
f 1669 1648 1672
f 1647 1667 1643
f 1667 1647 1674
f 1663 1665 1397
f 1663 1664 1665
f 1631 1663 1397
f 1668 1666 1392
f 1668 1667 1393
f 1666 1668 1391
f 1664 1668 1665
f 1665 1668 1397
f 1631 1397 1410
f 1668 1392 1397
f 1393 1391 1668
f 1391 1392 1666
f 1669 1671 1674
f 1674 1671 1393
f 1681 1648 1649
f 1672 1670 1393
f 1672 1648 1670
f 1681 1675 1648
f 1672 1671 1669
f 1671 1672 1393
f 1393 1670 1406
f 1406 1670 1427
f 1648 1675 1670
f 1674 1393 1667
f 1631 1630 1627
f 1681 1649 1673
f 1658 1678 1656
f 1677 1676 1656
f 1656 1655 1658
f 1673 1676 1679
f 1677 1679 1676
f 1677 1656 1678
f 1659 1662 1678
f 1659 1657 1662
f 1683 1660 1661
f 1683 1661 1613
f 1680 1678 1662
f 1682 1662 1660
f 1632 1609 1613
f 1680 1677 1678
f 1675 1681 1428
f 1673 1679 1681
f 1681 1679 1428
f 1677 1680 1440
f 1679 1677 1428
f 1677 1440 1428
f 1440 1680 1441
f 1680 1443 1441
f 1675 1427 1670
f 1662 1682 1443
f 1660 1684 1443
f 1683 1685 1660
f 1682 1660 1443
f 1684 1446 1443
f 1685 1458 1684
f 1684 1660 1685
f 1443 1680 1662
f 1683 1613 1609
f 1581 1632 1584
f 1663 1625 1608
f 1689 1433 1686
f 1688 1687 1403
f 1689 1432 1433
f 1434 1686 1433
f 1688 1405 1407
f 1405 1688 1403
f 1427 1690 1688
f 1427 1689 1690
f 1427 1688 1406
f 1689 1427 1429
f 1689 1429 1432
f 1407 1406 1688
f 1691 1401 1692
f 1693 1409 1691
f 1694 1409 1693
f 1402 1694 1695
f 1401 1696 1692
f 1401 1691 1409
f 1409 1694 1402
f 1695 1698 1402
f 1692 1696 1697
f 1699 1408 1698
f 1687 1697 1404
f 1408 1402 1698
f 1395 1408 1699
f 1404 1403 1687
f 1697 1696 1404
f 1392 1701 1700
f 1396 1398 1700
f 1700 1398 1392
f 1391 1703 1701
f 1703 1391 1702
f 1704 1394 1699
f 1394 1704 1702
f 1391 1701 1392
f 1699 1394 1395
f 1394 1702 1391
f 1413 1705 1706
f 1707 1413 1706
f 1413 1707 1715
f 1705 1413 1418
f 1709 1400 1700
f 1708 1705 1400
f 1400 1709 1708
f 1396 1700 1399
f 1399 1700 1400
f 1705 1418 1400
f 1416 1710 1719
f 1416 1711 1710
f 1411 1713 1714
f 1415 1714 1712
f 1416 1712 1711
f 1712 1416 1415
f 1411 1714 1415
f 1414 1715 1713
f 1713 1411 1412
f 1713 1412 1414
f 1715 1414 1413
f 1716 1717 1718
f 1423 1718 1730
f 1417 1719 1720
f 1423 1716 1718
f 1423 1730 1421
f 1419 1417 1720
f 1416 1719 1417
f 1717 1716 1422
f 1721 1722 1419
f 1721 1419 1720
f 1723 1724 1420
f 1723 1420 1722
f 1422 1420 1724
f 1419 1722 1420
f 1724 1717 1422
f 1725 1727 1726
f 1453 1728 1727
f 1453 1727 1725
f 1728 1426 1425
f 1426 1728 1453
f 1454 1725 1726
f 1425 1729 1728
f 1730 1729 1421
f 1729 1425 1421
f 1726 1456 1454
f 1731 1448 1732
f 1733 1449 1731
f 1734 1449 1733
f 1450 1734 1735
f 1448 1736 1732
f 1448 1731 1449
f 1450 1449 1734
f 1451 1450 1735
f 1735 1738 1451
f 1732 1736 1737
f 1739 1451 1738
f 1726 1737 1447
f 1447 1456 1726
f 1452 1739 1461
f 1451 1739 1452
f 1737 1736 1447
f 1459 1740 1746
f 1460 1741 1740
f 1460 1740 1459
f 1463 1741 1460
f 1464 1742 1741
f 1742 1462 1743
f 1743 1461 1739
f 1742 1464 1462
f 1464 1741 1463
f 1461 1743 1462
f 1438 1744 1745
f 1753 1445 1745
f 1438 1745 1445
f 1747 1748 1458
f 1458 1746 1747
f 1458 1748 1744
f 1459 1746 1457
f 1457 1746 1458
f 1744 1438 1458
f 1440 1749 1758
f 1444 1752 1751
f 1442 1751 1750
f 1442 1750 1749
f 1440 1442 1749
f 1444 1751 1442
f 1754 1445 1753
f 1446 1754 1752
f 1752 1444 1446
f 1754 1446 1445
f 1755 1756 1757
f 1431 1757 1686
f 1439 1758 1759
f 1431 1755 1757
f 1431 1686 1434
f 1440 1758 1439
f 1756 1755 1430
f 1760 1761 1439
f 1760 1439 1759
f 1762 1763 1435
f 1762 1435 1761
f 1439 1761 1437
f 1435 1436 1761
f 1430 1435 1763
f 1437 1761 1436
f 1763 1756 1430
f 1748 1764 1744
f 1765 1764 1747
f 1764 1748 1747
f 1746 1765 1747
f 1766 1767 1735
f 1734 1766 1735
f 1767 1738 1735
f 1767 1765 1742
f 1767 1743 1739
f 1739 1738 1767
f 1733 1731 1768
f 1731 1732 1768
f 1733 1766 1734
f 1733 1768 1766
f 1768 1723 1769
f 1721 1769 1722
f 1722 1769 1723
f 1771 1706 1772
f 1772 1706 1705
f 1720 1770 1721
f 1771 1707 1706
f 1769 1721 1770
f 1768 1729 1718
f 1768 1737 1727
f 1717 1768 1718
f 1768 1717 1724
f 1723 1768 1724
f 1719 1770 1720
f 1714 1771 1770
f 1707 1771 1715
f 1732 1737 1768
f 1746 1740 1765
f 1737 1726 1727
f 1765 1740 1741
f 1742 1765 1741
f 1743 1767 1742
f 1768 1727 1728
f 1729 1730 1718
f 1711 1719 1710
f 1712 1719 1711
f 1771 1713 1715
f 1712 1770 1719
f 1729 1768 1728
f 1713 1771 1714
f 1714 1770 1712
f 1772 1705 1708
f 1709 1772 1708
f 1773 1774 1695
f 1694 1773 1695
f 1774 1698 1695
f 1774 1772 1703
f 1700 1772 1709
f 1774 1702 1699
f 1699 1698 1774
f 1693 1691 1775
f 1691 1692 1775
f 1693 1773 1694
f 1693 1775 1773
f 1775 1762 1776
f 1760 1776 1761
f 1761 1776 1762
f 1778 1745 1764
f 1764 1745 1744
f 1759 1777 1760
f 1778 1753 1745
f 1776 1760 1777
f 1775 1689 1757
f 1775 1697 1688
f 1756 1775 1757
f 1775 1756 1763
f 1762 1775 1763
f 1758 1777 1759
f 1751 1778 1777
f 1754 1753 1778
f 1692 1697 1775
f 1704 1699 1702
f 1688 1697 1687
f 1772 1700 1701
f 1703 1772 1701
f 1702 1774 1703
f 1689 1686 1757
f 1750 1758 1749
f 1754 1778 1752
f 1689 1775 1690
f 1758 1750 1777
f 1752 1778 1751
f 1751 1777 1750
f 1775 1688 1690
f 1778 1764 1765
f 1772 1777 1778
f 1765 1772 1778
f 1770 1767 1768
f 1767 1766 1768
f 1765 1767 1770
f 1776 1777 1775
f 1774 1773 1775
f 1774 1777 1772
f 1770 1768 1769
f 1771 1765 1770
f 1765 1771 1772
f 1777 1774 1775
f 1784 1779 1781
f 1782 1781 1779
f 1787 1784 1781
f 1780 1779 1783
f 1277 1783 1784
f 1784 1783 1779
f 1786 1781 1785
f 1786 1787 1781
f 1787 1790 1784
f 1789 1784 1788
f 1790 1788 1784
f 1783 1269 1780
f 1784 1284 1277
f 1789 1292 1784
f 1309 1788 1790
f 1787 1319 1790
f 1788 1299 1789
f 1780 1269 1268
f 1783 1271 1269
f 1272 1783 1274
f 1783 1272 1271
f 1783 1277 1275
f 1275 1274 1783
f 1281 1278 1277
f 1292 1291 1784
f 1281 1277 1282
f 1277 1284 1282
f 1288 1784 1289
f 1784 1291 1289
f 1285 1284 1784
f 1285 1784 1288
f 1298 1296 1789
f 1299 1298 1789
f 1788 1302 1299
f 1788 1303 1302
f 1303 1788 1305
f 1306 1305 1788
f 1788 1309 1306
f 1312 1310 1790
f 1309 1790 1310
f 1790 1317 1316
f 1313 1790 1316
f 1319 1317 1790
f 1313 1312 1790
f 1787 1320 1319
f 1787 1329 1320
f 1339 1787 1786
f 1786 1785 1353
f 1361 1785 1781
f 1367 1781 1782
f 1779 1375 1782
f 1386 1779 1780
f 1787 1332 1329
f 1787 1334 1332
f 1335 1787 1338
f 1787 1335 1334
f 1786 1346 1342
f 1353 1785 1354
f 1786 1341 1339
f 1786 1342 1341
f 1339 1338 1787
f 1786 1353 1350
f 1346 1786 1347
f 1349 1786 1350
f 1356 1354 1785
f 1786 1349 1347
f 1357 1356 1785
f 1357 1785 1361
f 1364 1781 1365
f 1367 1365 1781
f 1362 1781 1364
f 1367 1782 1368
f 1782 1375 1371
f 1782 1370 1368
f 1782 1371 1370
f 1376 1375 1779
f 1376 1779 1378
f 1379 1779 1382
f 1386 1385 1779
f 1779 1383 1382
f 1779 1379 1378
f 1779 1385 1383
f 1361 1781 1362
f 1780 1268 1386
f 2292 1795 1796
f 1791 2292 1796
f 2289 1794 1796
f 1792 1797 1799
f 1806 1807 1805
f 1808 1805 1807
f 1817 1816 1818
f 1817 1803 1816
f 1815 1818 1814
f 1821 1814 1822
f 2189 1814 1821
f 1821 1822 1820
f 1819 2040 1813
f 1824 1823 2203
f 1823 1827 2204
f 2204 2203 1823
f 1827 1823 1825
f 1828 1826 2012
f 1826 1827 1825
f 1824 2176 1829
f 1829 1823 1824
f 2176 2173 1832
f 1832 1829 2176
f 1833 2325 1834
f 1834 1830 1833
f 1838 2325 1839
f 2325 1838 1834
f 1838 1839 1837
f 1841 1828 2012
f 1828 1841 1842
f 1847 1848 1846
f 1849 1850 2058
f 1849 2058 1845
f 1845 2058 1846
f 1850 1849 1853
f 1845 1846 1848
f 1847 1851 2100
f 1852 1850 1853
f 1853 2081 1855
f 2107 1855 2108
f 2108 1855 2081
f 1854 1855 2107
f 1856 1855 1854
f 1866 1856 2102
f 1859 1858 1857
f 1861 1859 1860
f 1862 1861 1860
f 1862 2055 1861
f 1861 1863 1864
f 1861 2055 1863
f 1860 1859 1857
f 2048 1865 2089
f 1866 2102 1865
f 2089 1867 1868
f 1867 1864 1863
f 2048 2089 1868
f 1905 1869 2111
f 2111 1900 1905
f 1890 1870 1872
f 1871 1872 1870
f 1882 1873 1875
f 1874 1875 1873
f 1876 2112 1877
f 1877 1878 1876
f 1879 1882 1880
f 1875 1880 1882
f 1883 1882 1884
f 1881 1884 1882
f 1885 1883 1884
f 1878 1886 1884
f 1878 1887 1888
f 1885 1884 1886
f 1891 1890 1889
f 1892 1891 1889
f 1875 1893 1894
f 1893 1889 1894
f 1892 1889 1893
f 1895 1876 1878
f 1878 1888 1895
f 1872 1896 1890
f 1897 1876 1895
f 1897 1898 1876
f 1902 1900 1901
f 1898 1902 1903
f 1902 1901 1903
f 1897 1902 1898
f 1906 1905 1904
f 1907 1906 1904
f 1872 1908 1909
f 1908 1904 1909
f 1907 1904 1908
f 1910 1900 1899
f 1900 1910 1905
f 1844 1911 1912
f 1913 1914 1915
f 1911 1913 1916
f 1912 1840 1844
f 1915 1916 1913
f 1917 1915 1914
f 1912 1911 1916
f 1914 1918 1917
f 1918 1919 1920
f 1921 1922 1923
f 1919 1921 1924
f 1920 1919 1924
f 1922 1925 1923
f 1923 1924 1921
f 1925 1922 1926
f 1918 1920 1917
f 1840 1912 1835
f 1916 1915 1927
f 1912 1916 1928
f 1835 1912 1928
f 1915 1929 1927
f 1927 1928 1916
f 1929 1917 1930
f 1929 1915 1917
f 1920 1924 1931
f 1923 1925 1932
f 1924 1923 1933
f 1931 1930 1920
f 1932 1933 1923
f 1934 1932 1925
f 1931 1924 1933
f 1920 1930 1917
f 1934 1899 1932
f 1933 1932 1935
f 1935 1932 1899
f 1933 1935 1931
f 1899 1936 1935
f 1837 1937 1838
f 1930 1931 1939
f 1930 1939 1929
f 1929 1939 1940
f 1931 1935 1939
f 1928 1927 1835
f 1940 1927 1929
f 1940 1835 1927
f 1940 1939 1941
f 1942 1939 1936
f 1938 1835 1940
f 1940 1944 1937
f 1937 1938 1940
f 1940 1941 1944
f 1837 1835 1938
f 1937 1837 1938
f 1935 1936 1939
f 1945 1897 1951
f 1936 1945 1942
f 1951 1946 1947
f 1838 1948 1834
f 1947 1949 1951
f 1949 1950 1951
f 1942 1943 1941
f 1943 1944 1941
f 1953 1951 1952
f 1951 1953 1954
f 1951 1950 1952
f 1955 1942 1951
f 1942 1955 1943
f 1955 1944 1943
f 1955 1954 1948
f 1951 1954 1955
f 1944 1955 1838
f 1942 1945 1951
f 1838 1937 1944
f 1942 1941 1939
f 1838 1955 1948
f 1834 1948 1956
f 1954 1953 1957
f 1948 1954 1958
f 1956 1830 1834
f 1957 1958 1954
f 1959 1957 1953
f 1956 1948 1958
f 1953 1952 1959
f 1952 1950 1960
f 1949 1947 1961
f 1950 1949 1962
f 1960 1950 1962
f 1947 1963 1961
f 1961 1962 1949
f 1963 1947 1946
f 1952 1960 1959
f 1983 1964 1965
f 1966 1961 1963
f 1968 1962 1961
f 1964 1981 1967
f 1830 1978 1831
f 1966 1968 1961
f 1970 1983 1971
f 1959 1960 1968
f 1983 1970 1972
f 1973 1974 1975
f 1958 1957 1976
f 1956 1958 1976
f 1959 1968 1957
f 1974 1973 1972
f 1977 1968 1969
f 1962 1968 1960
f 1978 1976 1977
f 1968 1977 1976
f 1956 1976 1830
f 1968 1976 1957
f 1978 1830 1976
f 1966 1969 1968
f 1965 1971 1983
f 1969 1966 1979
f 1969 1979 1981
f 1969 1981 1983
f 1981 1964 1983
f 1982 1969 1973
f 1982 1973 1977
f 1969 1982 1977
f 1977 1973 1980
f 1980 1978 1977
f 1973 1969 1983
f 1973 1832 1984
f 1984 1980 1973
f 1832 1980 1984
f 1973 1983 1972
f 1832 1978 1980
f 1831 1978 1832
f 1975 1829 1973
f 1829 1832 1973
f 1829 1975 1985
f 1974 1972 1986
f 1975 1974 1987
f 1985 1823 1829
f 1986 1987 1974
f 1988 1986 1972
f 1985 1975 1987
f 1972 1970 1988
f 1970 1971 1989
f 1965 1964 1990
f 1971 1965 1991
f 1989 1971 1991
f 1964 1992 1990
f 1990 1991 1965
f 1992 1964 1967
f 1970 1989 1988
f 1991 1990 1997
f 1997 1994 1991
f 1990 1992 1997
f 1991 1994 1989
f 1988 1989 1994
f 1988 1994 1986
f 1987 1986 1998
f 1987 1998 1985
f 1823 1985 1998
f 1986 1994 1998
f 1993 1999 1997
f 1999 1994 1997
f 1999 1998 1994
f 1996 1993 1995
f 1996 2002 1993
f 2012 1826 2004
f 2001 2003 2005
f 2006 2001 2005
f 2001 2006 2007
f 1996 2001 2008
f 2002 1996 2008
f 2002 1999 1993
f 1825 1998 1999
f 1999 2008 1825
f 2008 1999 2002
f 2007 2010 2009
f 2010 2011 2009
f 2008 2001 2009
f 2009 2011 2008
f 2000 1825 2008
f 2000 2008 1826
f 2008 2011 2004
f 2000 1826 1825
f 2009 2001 2007
f 1998 1825 1823
f 1826 2008 2004
f 2004 2011 2012
f 2013 2012 2011
f 2011 2010 2013
f 2010 2007 2014
f 2006 2005 2015
f 2007 2006 2016
f 2014 2007 2016
f 2005 2017 2015
f 2015 2016 2006
f 2017 2005 2003
f 2010 2014 2013
f 2016 2015 2018
f 2015 2017 2018
f 2021 2019 2018
f 1843 1841 2020
f 2019 2021 2027
f 2013 2014 2018
f 2018 2022 2013
f 2014 2016 2018
f 2013 2022 2012
f 1841 2012 2023
f 2012 2022 2023
f 2024 2025 2018
f 2018 2019 2024
f 2024 2019 2027
f 2018 2025 2023
f 2023 2022 2018
f 2023 2025 2020
f 1841 2023 2020
f 2026 2027 2021
f 2026 1926 1922
f 1919 2026 1921
f 2026 1922 1921
f 1843 2029 1844
f 2024 2027 2025
f 2027 2028 2025
f 2029 2020 2025
f 2028 2029 2025
f 1918 1914 2026
f 2028 2027 2026
f 2026 1914 1913
f 1911 2028 1913
f 1844 2029 2028
f 2026 1913 2028
f 2026 1919 1918
f 1843 2020 2029
f 1844 2028 1911
f 1803 1804 2031
f 1802 1800 2033
f 1804 1802 2031
f 2031 1816 1803
f 2033 2032 1802
f 2030 1802 2032
f 2031 1802 2030
f 1800 2238 2034
f 2238 1798 2035
f 1798 1797 1852
f 2037 2238 2035
f 2238 2037 2034
f 1798 1852 2036
f 2036 2035 1798
f 2038 1852 1792
f 1852 1797 1792
f 1800 2034 2033
f 1819 1820 2042
f 1820 1822 2044
f 2040 1819 2042
f 2041 1820 2044
f 1820 2041 2042
f 2043 2044 1822
f 1868 1822 2045
f 1822 1814 2045
f 1818 1816 2039
f 1814 1818 2046
f 2048 2045 1814
f 2049 2047 1818
f 2039 2049 1818
f 2046 1818 2047
f 2048 1814 2046
f 2057 1805 2050
f 1805 1808 2051
f 2053 2051 1808
f 2052 1805 2051
f 2050 1805 2052
f 1808 1810 2053
f 1810 1811 2054
f 1811 1812 2054
f 1862 1810 2055
f 1810 1862 2053
f 2054 2055 1810
f 2054 1812 2056
f 1812 1813 2056
f 2291 1793 2059
f 1793 1791 2062
f 2060 2291 2059
f 2291 2060 2058
f 2062 2059 1793
f 2062 1791 2061
f 2061 1791 1846
f 1796 1794 2064
f 2063 1847 1796
f 2064 2065 1796
f 2057 2064 1794
f 2063 1796 2065
f 1847 1791 1796
f 2058 2038 1792
f 1792 2291 2058
f 1850 1852 2038
f 2038 2058 1850
f 1851 1847 2063
f 2057 1851 2064
f 2063 2065 1851
f 2064 1851 2065
f 2062 1846 2058
f 1847 1846 1791
f 2059 2062 2058
f 2059 2058 2060
f 2062 2061 1846
f 2036 1852 1853
f 2034 1853 1855
f 2035 2036 1853
f 1853 2037 2035
f 2037 1853 2034
f 2034 1855 2033
f 2031 1855 1856
f 1816 1856 1866
f 2033 1855 2032
f 2030 2032 1855
f 2030 1855 2031
f 1856 1816 2031
f 1858 1851 2057
f 2039 1816 1866
f 2054 1863 2055
f 1863 2056 1813
f 2054 2056 1863
f 1862 1860 2053
f 2051 1860 1857
f 2052 1857 1858
f 1860 2051 2053
f 2057 2050 1858
f 2052 1858 2050
f 2051 1857 2052
f 1866 1865 2048
f 2049 2039 1866
f 2046 2047 1866
f 2049 1866 2047
f 1866 2048 2046
f 2048 1868 2045
f 1868 1867 2043
f 1822 1868 2043
f 1867 2040 2042
f 2042 2041 1867
f 2041 2044 1867
f 2044 2043 1867
f 1867 1863 2040
f 1863 1813 2040
f 1871 1908 1872
f 1908 1871 2066
f 2066 2117 1907
f 1907 1908 2066
f 2067 1906 1907
f 2067 1869 1906
f 1905 1906 1869
f 2117 2067 1907
f 2111 1901 1900
f 1901 2111 2068
f 2068 2113 1903
f 1903 1901 2068
f 2069 1898 1903
f 2069 2112 1898
f 1876 1898 2112
f 2113 2069 1903
f 1874 1893 1875
f 1893 1874 2070
f 2070 2122 1892
f 1892 1893 2070
f 2071 1891 1892
f 2071 1870 1891
f 1890 1891 1870
f 2122 2071 1892
f 1886 1878 1877
f 1877 2072 1886
f 1883 1873 1882
f 2073 1883 1885
f 1885 2072 2074
f 1885 2074 2073
f 2073 1873 1883
f 1886 2072 1885
f 2075 2076 2077
f 2076 2075 2078
f 2081 2075 2108
f 2075 2081 2078
f 1854 2108 2080
f 2084 2077 1845
f 1845 2077 2076
f 2100 2084 2082
f 2083 2084 2085
f 2086 2079 2106
f 2079 2086 2091
f 2087 2083 2085
f 1864 2090 2093
f 1864 2093 2074
f 2093 2090 2088
f 2094 1858 1859
f 2095 1858 2094
f 2087 2095 2092
f 2094 1859 2092
f 2092 2095 2094
f 1859 1861 2092
f 1861 2096 2092
f 2096 2074 2092
f 1864 2096 1861
f 1864 2074 2096
f 2087 2085 2095
f 2095 2085 2097
f 2097 1851 1858
f 2097 1858 2095
f 2098 2090 1864
f 2098 1864 1867
f 1849 1845 2099
f 1845 1848 2082
f 2099 1845 2076
f 2082 2084 1845
f 1848 1847 2100
f 2097 2100 1851
f 1848 2100 2082
f 2100 2085 2084
f 2085 2100 2097
f 2098 1867 2088
f 2090 2098 2088
f 2088 1867 2089
f 2089 2091 2088
f 2101 2089 1865
f 2089 2101 2091
f 1865 2102 2101
f 2091 2101 2102
f 2102 2103 2091
f 2076 2078 2099
f 2099 2078 2104
f 2104 1853 1849
f 2104 1849 2099
f 2091 2103 2079
f 2079 2103 2105
f 2105 2102 1856
f 2102 2105 2103
f 2106 1856 1854
f 1856 2106 2105
f 2106 1854 2080
f 2079 2105 2106
f 2104 2081 1853
f 2081 2104 2078
f 2107 2108 1854
f 2110 2077 2111
f 2084 2083 2112
f 2109 2112 2083
f 2069 2113 2112
f 2113 2111 2084
f 2111 2113 2068
f 2111 2077 2084
f 2113 2084 2112
f 1877 2112 2109
f 2083 2114 2109
f 2114 2083 2087
f 2109 2114 1877
f 2111 1869 2110
f 2077 2110 2115
f 2115 2110 1869
f 2077 2115 2075
f 2116 1873 2093
f 1873 2074 2093
f 1873 2073 2074
f 2087 2074 2072
f 2087 2072 1877
f 2114 2087 1877
f 2087 2092 2074
f 1869 2117 2115
f 2117 1869 2067
f 2115 2117 2075
f 2108 2117 2080
f 2075 2117 2108
f 2118 2066 1871
f 2119 2118 1871
f 2080 2117 2118
f 2118 2106 2080
f 2106 2118 2119
f 2117 2066 2118
f 1874 1873 2116
f 2093 2120 2116
f 2120 2093 2088
f 2116 2120 1874
f 1871 1870 2121
f 2086 2119 2121
f 2119 2086 2106
f 2121 2119 1871
f 2121 1870 2086
f 2086 1870 2091
f 2122 2088 2091
f 2122 1870 2071
f 2122 2091 1870
f 2122 2070 1874
f 2122 2120 2088
f 2120 2122 1874
f 1894 1995 1993
f 1875 1997 1880
f 1992 1880 1997
f 1997 1875 1993
f 1875 1894 1993
f 1894 1889 1995
f 1996 1995 1889
f 1889 2001 1996
f 2001 1890 2003
f 1889 1890 2001
f 1967 1879 1880
f 1880 1992 1967
f 2003 1890 1896
f 1896 2017 2003
f 1966 1963 1888
f 1888 1887 1966
f 1887 1878 1966
f 1878 1884 1966
f 1981 1879 1967
f 1881 1981 1979
f 1966 1884 1979
f 1884 1881 1979
f 1881 1882 1981
f 1981 1882 1879
f 1909 2021 2018
f 1872 2018 1896
f 2017 1896 2018
f 1909 2018 1872
f 1909 1904 2021
f 2026 2021 1904
f 1926 2026 1905
f 2026 1904 1905
f 1946 1895 1888
f 1888 1963 1946
f 1926 1905 1910
f 1910 1925 1926
f 1902 1936 1900
f 1899 1900 1936
f 1895 1946 1951
f 1945 1902 1897
f 1897 1895 1951
f 1936 1902 1945
f 1934 1910 1899
f 1910 1934 1925
f 2124 2125 2126
f 2127 2128 2129
f 2124 2129 2125
f 2130 1833 1830
f 2126 1833 2130
f 2124 2126 2130
f 2124 2127 2129
f 2127 2131 2128
f 2132 2133 2134
f 2135 2136 2132
f 2136 2137 2123
f 2133 2131 2134
f 2136 2135 2137
f 2135 2132 2134
f 2128 2131 2133
f 2138 2141 2146
f 2142 2140 1809
f 2140 2139 1809
f 2142 2143 2140
f 2142 2145 2143
f 1807 1806 2145
f 1806 2144 2145
f 2144 2123 2137
f 2146 2147 2138
f 2137 2148 2144
f 2134 2148 2135
f 2149 2150 2146
f 2135 2148 2137
f 2148 2134 2131
f 2147 2146 2150
f 2152 2151 2144
f 2151 2154 2145
f 2145 2144 2151
f 2145 2154 2153
f 2153 2143 2145
f 2166 2153 2154
f 2154 2151 2152
f 2148 2152 2144
f 2154 2152 2163
f 2156 2157 2159
f 2158 2159 2157
f 2131 2127 2160
f 2160 2148 2131
f 2160 2127 2124
f 2130 2160 2124
f 2159 2176 2161
f 2130 1830 2160
f 2162 2160 1830
f 2160 2162 2155
f 2159 2161 2156
f 2148 2160 2155
f 2152 2155 2163
f 2163 2155 2165
f 2155 2164 2165
f 1831 2165 2162
f 2164 2162 2165
f 1830 1831 2162
f 2164 2155 2162
f 2155 2152 2148
f 2159 2158 2149
f 2153 2167 2143
f 2166 2167 2153
f 2154 2163 2166
f 2140 2143 2169
f 2143 2170 2169
f 2143 2167 2170
f 2168 2139 2140
f 2140 2169 2168
f 2139 2168 2146
f 2168 2169 2174
f 2146 2168 2159
f 2165 2167 2166
f 2163 2165 2166
f 2170 2167 2172
f 2165 1832 2171
f 2165 2171 2167
f 1831 1832 2165
f 2173 2167 2171
f 2167 2173 2172
f 1832 2173 2171
f 2174 2170 2176
f 2168 2174 2159
f 2172 2176 2170
f 2176 2172 2173
f 2174 2175 2159
f 2175 2176 2159
f 2175 2174 2176
f 2174 2169 2170
f 2149 2146 2159
f 2177 2141 2138
f 2138 2178 2177
f 1824 2161 2176
f 2179 2156 2161
f 2180 2161 1824
f 2179 2181 2156
f 2161 2180 2179
f 2157 2181 2182
f 2157 2156 2181
f 2182 2158 2157
f 2183 2150 2149
f 2178 2138 2147
f 2184 2147 2150
f 2185 2158 2182
f 2150 2183 2184
f 2147 2184 2178
f 2183 2149 2185
f 2149 2158 2185
f 1818 2190 2187
f 2187 2186 1818
f 2186 2187 1817
f 2187 2190 2188
f 2198 2209 2188
f 2178 2194 2177
f 2184 2194 2178
f 2193 2194 2197
f 2197 2191 2193
f 2192 2194 2193
f 2183 2194 2184
f 2183 2185 2195
f 2195 2194 2183
f 2194 2195 2199
f 2199 2197 2194
f 2198 2189 2191
f 2191 2197 2198
f 2200 2198 2197
f 2198 2200 2207
f 2200 2197 2205
f 2198 2201 2209
f 2196 2182 2181
f 2185 2182 2195
f 2179 2196 2181
f 2195 2182 2196
f 2202 2195 2196
f 2202 2196 2204
f 1824 2203 2180
f 2196 2179 2180
f 2196 2203 2204
f 2196 2180 2203
f 2199 2195 2202
f 2197 2199 2205
f 2205 2199 1827
f 2199 2206 1827
f 2202 2204 1827
f 2206 2202 1827
f 2206 2199 2202
f 2208 2207 2205
f 2200 2205 2207
f 2201 2198 2207
f 2188 2209 2201
f 2212 2210 2201
f 2207 2211 2201
f 2220 2201 2211
f 2210 2188 2201
f 2214 2187 2210
f 2187 2188 2210
f 2187 2214 2213
f 2215 2210 2212
f 2214 2210 2215
f 2213 2214 2216
f 2216 2214 2218
f 2215 2219 2214
f 2218 2214 2217
f 2207 2208 2211
f 2205 1827 2208
f 2220 2212 2201
f 1827 2211 2208
f 2220 2211 1827
f 2212 2220 2221
f 2220 1827 1826
f 2221 2220 1826
f 2212 2222 2215
f 2222 2212 2221
f 2218 2217 2223
f 2217 2219 2215
f 2223 2217 2224
f 2217 2214 2219
f 2217 2221 1826
f 2224 2217 2225
f 1828 2226 2217
f 2225 2217 2226
f 1826 1828 2217
f 2222 2221 2217
f 2217 2215 2222
f 2243 1817 2187
f 2187 2227 2243
f 2228 2226 1828
f 2229 2224 2225
f 2230 2225 2226
f 1828 1842 2228
f 2225 2230 2229
f 2224 2229 2231
f 2230 2226 2228
f 2231 2223 2224
f 2232 2218 2223
f 2187 2213 2227
f 2233 2218 2232
f 2216 2234 2213
f 2227 2213 2234
f 2233 2234 2216
f 2233 2216 2218
f 2231 2232 2223
f 2241 2242 2244
f 2252 2243 2227
f 2227 2234 2252
f 2252 2245 2243
f 2241 2244 2245
f 2243 2245 2244
f 2234 2233 2252
f 2233 2232 2252
f 2245 2252 2246
f 2252 2247 2246
f 2231 2252 2232
f 2245 2246 2241
f 2248 2240 2241
f 2241 2246 2249
f 2248 2241 2256
f 2248 2250 2260
f 2250 2248 2251
f 2229 2252 2231
f 2229 2230 2252
f 2253 2247 2252
f 2253 2255 2247
f 1842 2252 2230
f 2230 2228 1842
f 1842 1841 2252
f 1841 2253 2252
f 2255 2249 2247
f 2241 2249 2255
f 2251 2248 2256
f 2256 2241 2255
f 2257 2256 2255
f 2255 2253 2257
f 2253 2254 2257
f 2253 1841 2254
f 2256 2257 2258
f 1841 2258 2257
f 1843 2258 1841
f 2254 1841 2257
f 2249 2246 2247
f 2260 2237 2240
f 2237 2260 2238
f 2238 2260 2261
f 2265 2239 2238
f 2265 2238 2262
f 2259 2250 2251
f 2238 2261 2262
f 2271 2250 2259
f 2261 2250 2262
f 2250 2271 2262
f 2261 2260 2250
f 2265 2235 2236
f 2236 2239 2265
f 2263 2235 2265
f 2235 2263 2264
f 2264 2263 2266
f 2267 2268 2263
f 2266 2263 2268
f 2265 2262 2269
f 2251 2273 2259
f 2256 2258 2251
f 2270 2273 2251
f 2271 2259 2272
f 2251 1843 2270
f 2258 1843 2251
f 2271 2272 2274
f 2270 1843 2273
f 2272 2273 1843
f 2272 2259 2273
f 2265 2269 2263
f 2269 2271 2274
f 2267 2263 2269
f 2269 2275 2267
f 2274 2272 1844
f 2269 2274 1844
f 1843 1844 2272
f 2276 2277 2269
f 2275 2269 2277
f 1840 2276 2269
f 1844 1840 2269
f 2269 2262 2271
f 2248 2260 2240
f 2235 2278 2279
f 2276 1840 2280
f 2277 2276 2281
f 2275 2277 2282
f 1840 1835 2280
f 2277 2281 2282
f 2275 2282 2283
f 2281 2276 2280
f 2283 2267 2275
f 2268 2267 2284
f 2266 2268 2285
f 2264 2266 2286
f 2285 2268 2284
f 2286 2278 2264
f 2266 2285 2286
f 2235 2264 2278
f 2283 2284 2267
f 2288 2290 2289
f 2287 2289 2290
f 2291 2279 2278
f 2293 2292 2299
f 2288 2292 2300
f 2292 2293 2300
f 2299 2292 2295
f 2297 2294 2291
f 2286 2297 2278
f 2291 2278 2297
f 2295 2297 2298
f 2295 2298 2296
f 2296 2299 2295
f 2294 2297 2295
f 2285 2297 2286
f 2285 2284 2297
f 2297 2304 2298
f 2304 2297 2305
f 2300 2299 2302
f 2293 2299 2300
f 2300 2302 2309
f 2302 2299 2308
f 2296 2298 2299
f 2300 2303 2311
f 2280 2297 2283
f 2284 2283 2297
f 2283 2282 2280
f 2305 2297 2280
f 2281 2280 2282
f 2305 2306 1835
f 2306 2280 1835
f 1837 2305 1835
f 2305 2307 2304
f 2280 2306 2305
f 2298 2301 2299
f 2308 2299 2301
f 2307 1836 2304
f 2307 1837 1836
f 2305 1837 2307
f 2308 2301 1836
f 2301 2304 1836
f 2310 2309 2308
f 2301 2298 2304
f 2302 2308 2309
f 2303 2300 2309
f 2288 2300 2311
f 2311 2303 2313
f 2313 2303 2309
f 2309 2312 2313
f 2311 2322 2315
f 2311 2315 2290
f 2287 2290 2319
f 2287 2319 2314
f 2314 2319 2316
f 2317 2318 2319
f 2316 2319 2318
f 2319 2290 2315
f 2311 2290 2288
f 2310 2312 2309
f 2308 1836 2310
f 2311 2313 2322
f 2322 2313 2321
f 1839 2310 1837
f 1836 1837 2310
f 2313 2320 2321
f 2310 1839 2312
f 2320 2312 1839
f 2320 2313 2312
f 2315 2322 2319
f 2317 2319 2322
f 2322 2323 2317
f 2322 2321 2324
f 2320 1839 2321
f 2325 2324 1839
f 1839 2324 2321
f 2326 2327 2322
f 2323 2322 2327
f 2322 2325 2326
f 2322 2324 2325
f 1833 2326 2325
f 2125 2323 2327
f 2126 2327 2326
f 2126 2326 1833
f 2125 2129 2323
f 2327 2126 2125
f 2128 2317 2129
f 2317 2323 2129
f 2133 2316 2318
f 2136 2287 2314
f 2132 2314 2316
f 2318 2128 2133
f 2314 2132 2136
f 2287 2136 2123
f 2132 2316 2133
f 2317 2128 2318
f 1802 2242 2241
f 1800 2240 1801
f 1802 2241 2240
f 1802 2244 2242
f 2243 1803 1817
f 1803 2243 1804
f 1802 1804 2243
f 2243 2244 1802
f 2240 1800 1802
f 2237 2238 1800
f 2279 1799 2235
f 2239 2236 1798
f 2235 1798 2236
f 1801 2237 1800
f 2239 1798 2238
f 1798 2235 1797
f 2235 1799 1797
f 2237 1801 2240
f 1792 1799 2279
f 2192 1819 2194
f 2177 2194 1819
f 1820 2193 2191
f 1821 2191 2189
f 2192 2193 1820
f 1819 2192 1820
f 1821 1820 2191
f 2198 2188 2189
f 2186 1817 1818
f 2188 2190 1815
f 2188 1814 2189
f 1815 1814 2188
f 2190 1818 1815
f 2294 1793 2291
f 2279 2291 1792
f 2294 2295 1793
f 1793 2295 1791
f 2295 2292 1791
f 2288 2289 1796
f 2287 1794 2289
f 1795 2288 1796
f 2292 2288 1795
f 2287 2057 1794
f 2141 2177 1819
f 1819 1813 2141
f 1805 2144 1806
f 1808 2145 2142
f 1805 2057 2123
f 2144 1805 2123
f 2145 1808 1807
f 2141 1813 1812
f 1810 2142 1809
f 2139 2146 1812
f 1810 1808 2142
f 2139 1810 1809
f 1811 2139 1812
f 1811 1810 2139
f 2141 1812 2146
f 2287 2123 2057
f 3261 3263 2329
f 2328 2329 2335
f 2330 2335 2329
f 2329 3263 2330
f 3261 2329 2331
f 2333 2331 2332
f 2329 2332 2331
f 2338 2328 2335
f 2338 2335 2336
f 2339 2340 2338
f 2337 2338 2336
f 2339 2341 2340
f 2342 2343 2341
f 2343 2340 2341
f 2358 2342 2341
f 2341 2357 2358
f 2339 2338 2337
f 2344 2345 2334
f 2346 2345 2344
f 2346 2344 2349
f 2349 2344 2347
f 2350 2349 2347
f 2348 2351 2349
f 2349 2350 2348
f 2757 2349 2351
f 2351 2352 2757
f 2355 2353 3049
f 2357 3046 2358
f 3046 2353 2354
f 2357 2353 3046
f 2355 2354 2353
f 2351 2494 2352
f 2360 2362 2351
f 2351 2362 2494
f 2361 2356 2353
f 3049 2353 2356
f 2361 2362 2363
f 2359 2363 2362
f 2362 2360 2359
f 2592 2367 2364
f 2364 2367 2365
f 2369 2367 2368
f 2367 2369 2370
f 2370 2365 2367
f 2371 2369 2368
f 2372 3257 3066
f 2366 2367 2592
f 2372 2367 2366
f 3066 3257 2373
f 2371 2368 2374
f 2374 2438 2371
f 2375 2435 2374
f 2376 2375 2374
f 2433 2376 2377
f 2376 2433 2375
f 2376 3055 2378
f 2379 2378 3055
f 2378 2379 3045
f 2378 3045 2380
f 2380 3029 2378
f 2377 2376 2378
f 2373 2383 2381
f 3066 2373 2381
f 2373 2382 2383
f 2384 2383 2382
f 3063 2384 2385
f 3063 2383 2384
f 3063 2385 3060
f 2387 3060 2385
f 2386 3034 2387
f 2387 2385 2386
f 2388 3034 2394
f 2388 2387 3034
f 2392 3029 2380
f 3047 2390 2380
f 2380 2390 2392
f 3047 2389 2390
f 3034 2396 2394
f 2396 2395 2394
f 2391 2389 2393
f 2395 3032 3052
f 3052 3032 2393
f 3052 2394 2395
f 2761 2502 2494
f 2761 2494 2760
f 2502 2503 2494
f 2502 2757 2503
f 2762 2757 2502
f 2762 2758 2757
f 2758 2756 2757
f 2758 2754 2756
f 2754 2758 2755
f 2755 2740 2754
f 2755 2737 2740
f 2737 2755 2739
f 2739 2738 2737
f 2739 2734 2738
f 2734 2739 2735
f 2735 2736 2734
f 2735 2687 2736
f 2687 2735 2689
f 2689 2345 2687
f 2345 2689 2688
f 2688 2664 2345
f 2664 2688 2686
f 2686 2670 2664
f 2670 2686 2671
f 2671 2668 2670
f 2668 2671 2667
f 2667 2666 2668
f 2667 2587 2666
f 2587 2667 2669
f 2669 3264 2587
f 2669 2585 3264
f 2585 2669 2586
f 2585 2586 2584
f 2584 2562 2585
f 2562 2584 2563
f 2563 2566 2562
f 2566 2563 2568
f 2568 2567 2566
f 2567 2568 2565
f 2565 2520 2567
f 2565 2521 2520
f 2521 2565 2519
f 2519 2516 2521
f 2519 2515 2516
f 2515 2519 2517
f 2517 2518 2515
f 2517 2504 2518
f 2504 2517 2505
f 2499 2500 2505
f 2724 2728 2727
f 2683 2741 2682
f 2672 2678 2675
f 2685 2677 2675
f 2685 2675 2661
f 2661 2662 2663
f 2665 2659 2656
f 2582 2658 2665
f 2573 2570 2575
f 2558 2560 2561
f 2558 2555 2560
f 2512 2509 2510
f 2498 2506 2507
f 2497 2491 2496
f 2748 2742 2753
f 2713 2722 2733
f 2636 2637 2648
f 2539 2537 2540
f 2489 2488 2490
f 2763 2764 2459
f 2697 2706 2704
f 2691 2692 2643
f 2642 2643 2641
f 2639 2642 2641
f 2625 2628 2626
f 2546 2547 2545
f 2544 2546 2545
f 2542 2544 2543
f 2529 2528 2525
f 2465 2463 2460
f 2694 2695 2698
f 2616 2622 2615
f 2599 2600 2597
f 2456 2596 2457
f 2458 2456 2455
f 2451 2452 2447
f 2442 2445 2443
f 2444 2442 2441
f 2420 2423 2421
f 2422 2420 2419
f 2418 2419 2417
f 2416 2414 2765
f 2858 2429 2857
f 2429 2858 2859
f 2429 2432 2433
f 2431 2429 2859
f 2431 2432 2429
f 2860 2433 2861
f 2432 2861 2433
f 2434 2433 2860
f 2433 2434 2435
f 2862 2435 2434
f 2862 2438 2435
f 2438 2862 2437
f 2438 2437 2436
f 2863 2438 2436
f 2438 2863 2439
f 2864 2438 2439
f 2438 2864 2588
f 2588 2365 2438
f 2865 2365 2588
f 2866 2365 2865
f 2866 2590 2365
f 2590 2866 2589
f 2867 2590 2589
f 2867 2592 2590
f 2592 2867 2591
f 2868 2592 2591
f 2868 2593 2592
f 2593 2868 2594
f 2594 2606 2593
f 2606 2594 2595
f 2869 2606 2595
f 2606 2869 2607
f 2606 2607 2608
f 2608 2610 2606
f 2610 2608 2609
f 2610 2609 2611
f 2610 2611 2612
f 2612 2614 2610
f 2614 2612 2613
f 2613 2397 2614
f 2870 2397 2613
f 2871 2397 2870
f 2397 2871 2398
f 2398 2399 2397
f 2399 2398 2400
f 2399 2400 2401
f 2401 3241 2399
f 3241 2401 2402
f 2872 3241 2402
f 2872 3202 3241
f 3202 2872 2404
f 2404 2406 3202
f 2406 2404 2405
f 2873 2406 2405
f 2873 2408 2406
f 2408 2873 2407
f 2874 2408 2407
f 2408 2874 2427
f 2408 2427 2428
f 2428 2856 2408
f 2856 2876 2430
f 2855 2877 2430
f 2430 2877 2854
f 2440 2878 2854
f 2854 2878 2448
f 2449 2879 2851
f 2450 2880 2851
f 2851 2880 2881
f 2881 2852 2851
f 2914 2403 2833
f 2914 2832 2403
f 2972 2799 2412
f 2461 2764 2763
f 2704 2702 2697
f 2717 2716 2709
f 2719 2721 2718
f 2475 2720 2719
f 2466 2475 2467
f 2469 2468 2466
f 2472 2474 2471
f 2481 2472 2473
f 2482 2481 2483
f 2485 2484 2482
f 2489 2487 2486
f 2536 2535 2534
f 2551 2549 2550
f 2552 2580 2551
f 2633 2632 2634
f 2633 2635 2638
f 2645 2644 2646
f 2645 2649 2650
f 2651 2652 2653
f 2713 2733 2715
f 2714 2713 2715
f 2512 2511 2513
f 2522 2512 2569
f 2557 2556 2564
f 2573 2559 2583
f 2571 2574 2572
f 2579 2578 2571
f 2581 2577 2579
f 2657 2656 2659
f 2672 2675 2677
f 2676 2675 2678
f 2682 2680 2681
f 2683 2690 2741
f 2730 2725 2726
f 2499 2495 2500
f 2435 2375 2433
f 2429 2433 2377
f 3024 2857 2378
f 3024 2378 3025
f 2429 2378 2857
f 3026 3027 2378
f 2378 3028 3026
f 3027 3025 2378
f 2377 2378 2429
f 3028 2378 3029
f 2390 3031 3030
f 2391 3032 3031
f 2395 3033 3032
f 2391 3031 2389
f 2389 3031 2390
f 3030 2392 2390
f 2391 2393 3032
f 3029 2392 3030
f 2494 2503 2352
f 2760 2362 3035
f 2494 2362 2760
f 3036 2353 3037
f 2362 3036 3035
f 3036 2361 2353
f 2361 3036 2362
f 2357 3037 2353
f 2341 3037 2357
f 2352 2503 2757
f 3038 3040 3043
f 3044 2342 3045
f 3040 3044 2376
f 3046 3049 3050
f 3051 3053 2394
f 3049 3051 3054
f 2342 3046 2380
f 3039 2368 3038
f 3039 3038 3043
f 3042 3040 3041
f 3043 3040 3042
f 2376 3044 3055
f 2380 3056 2342
f 3045 2342 3056
f 3055 3044 3045
f 3041 3040 2376
f 3048 2380 3046
f 3048 3046 3047
f 2389 3050 3049
f 2389 3049 3057
f 3047 3046 3050
f 3054 3051 3052
f 3058 2394 3053
f 3052 3051 2394
f 3057 3049 3054
f 3053 3061 3058
f 3059 2350 3061
f 3062 3064 3065
f 2350 3062 3063
f 3067 3071 2372
f 3071 3075 3076
f 3064 3067 3066
f 2387 2388 3061
f 3058 3061 2388
f 3061 2350 3060
f 3063 3062 3079
f 3065 3064 3066
f 3079 3062 3065
f 3060 2350 3063
f 3068 3080 3067
f 3081 3069 3067
f 3068 3067 3069
f 3078 2372 3071
f 3070 3067 2372
f 3081 3067 3070
f 3072 3082 3071
f 3073 3074 3071
f 3072 3071 3074
f 2368 3077 3075
f 3076 3075 3077
f 3073 3071 3076
f 3078 3071 3082
f 3066 3067 3080
f 3075 3038 2368
f 2389 3057 2393
f 2376 2374 3042
f 3055 3045 2379
f 3052 2393 3054
f 2393 3057 3054
f 2389 3047 3050
f 3048 3047 2380
f 2376 3042 3041
f 3056 2380 3045
f 2374 3043 3042
f 2374 3039 3043
f 2374 2368 3039
f 2394 3058 2388
f 2368 2367 3077
f 3066 3070 2372
f 2381 2383 3066
f 3076 2367 3073
f 2367 3076 3077
f 3082 2367 3078
f 3078 2367 2372
f 3070 3066 3081
f 3066 3069 3081
f 3073 2367 3074
f 3082 3072 2367
f 3074 2367 3072
f 3066 3068 3069
f 3080 3068 3066
f 3065 3066 2383
f 3065 2383 3079
f 3079 2383 3063
f 3060 2387 3061
f 2328 2338 3038
f 3044 2338 2340
f 3044 2340 2343
f 2361 2363 3051
f 2359 3051 2363
f 3051 2359 2360
f 2361 3051 2356
f 3053 2360 2351
f 2355 3046 2354
f 3040 3038 2338
f 3040 2338 3044
f 3044 2343 2342
f 2355 3049 3046
f 2342 2358 3046
f 2356 3051 3049
f 3051 2360 3053
f 2350 2351 2348
f 2344 3062 2347
f 2350 2347 3062
f 2332 3067 2333
f 2334 2333 3067
f 2329 2328 3075
f 2329 3071 2332
f 3067 2344 2334
f 2350 3059 2351
f 3062 2344 3064
f 3059 3061 2351
f 3053 2351 3061
f 3067 3064 2344
f 2329 3075 3071
f 3071 3067 2332
f 2328 3038 3075
f 3119 2686 2688
f 2493 2499 3083
f 2727 3128 2741
f 2501 2492 3142
f 2508 3146 2514
f 2745 3123 2743
f 2758 3084 2755
f 3085 2667 2671
f 2584 2586 3120
f 2568 3121 2565
f 2563 3086 2568
f 3083 2499 2505
f 2669 2667 3138
f 3087 2745 2747
f 2492 2493 3142
f 3089 2665 2656
f 2498 3091 2497
f 2523 2514 3146
f 3140 2661 2675
f 2727 2725 3124
f 2508 2512 3146
f 2571 2578 3126
f 3093 2573 2571
f 2507 2523 3094
f 3095 2557 2558
f 3125 2675 2674
f 2633 3106 2632
f 2644 2645 3097
f 2534 2536 3098
f 2471 3099 2469
f 2700 2701 3100
f 3097 2648 2644
f 2486 3105 2485
f 2701 2703 3100
f 3107 2714 2748
f 2489 3147 2486
f 2472 3108 2471
f 3098 2536 2539
f 2534 3109 2532
f 2633 2638 3106
f 2549 3151 2548
f 2469 3099 2466
f 3160 2713 2714
f 2466 3099 2475
f 2709 2717 3154
f 2693 3101 2643
f 3103 2547 2631
f 2460 3156 2461
f 3112 2640 2641
f 3113 2631 2626
f 3116 2462 2477
f 3115 2543 2545
f 3117 2477 2480
f 2735 2739 3088
f 2688 2689 3119
f 2586 2669 3120
f 2686 3118 2671
f 3122 2758 2502
f 2519 2565 3143
f 2517 2519 3143
f 3123 2732 2743
f 2578 2579 3126
f 2655 3127 2656
f 2682 2741 3128
f 2752 3087 2746
f 3128 2681 2682
f 2674 2681 3125
f 3131 2581 2582
f 3129 2582 2665
f 3130 2505 2517
f 3131 2579 2581
f 2755 3132 2739
f 3037 3133 3036
f 2339 2337 2562
f 2339 3134 2341
f 3037 2341 3136
f 2563 2584 3139
f 2725 2731 3124
f 3140 2663 2661
f 3141 2655 2663
f 2735 3119 2689
f 3144 3035 3036
f 3144 2502 2760
f 2501 3142 2752
f 2731 2732 3124
f 3145 2559 2573
f 2559 3145 2558
f 3035 3144 2760
f 2489 2488 3147
f 2539 2537 3167
f 3161 2549 2551
f 2645 2650 3159
f 2751 2470 3148
f 3148 2748 2749
f 2470 2497 3149
f 3150 2703 2729
f 3151 2541 2548
f 2700 3100 2653
f 2554 2557 3152
f 2693 2697 3172
f 2706 2709 3111
f 2528 3171 2525
f 2718 3154 2717
f 2643 3112 2641
f 2640 3155 2629
f 2525 3110 2553
f 3154 2718 2719
f 3157 2460 2464
f 2651 3159 2650
f 2751 3148 2749
f 2653 3159 2651
f 3106 2638 2636
f 2507 3158 2498
f 2554 3152 2569
f 2512 2569 3152
f 3163 2729 2713
f 2551 2552 3165
f 2632 3165 2552
f 2636 2648 3166
f 2541 3167 2537
f 3168 2531 2532
f 3169 2545 2547
f 2697 2704 3172
f 2481 3173 2472
f 2528 2529 3171
f 3153 2480 2478
f 2475 3099 2719
f 2626 2629 3113
f 2704 2706 3172
f 3173 2481 2482
f 2478 2553 3153
f 2464 2462 3174
f 2526 2543 3175
f 3175 2529 2526
f 2485 3173 2482
f 2712 2459 3178
f 3156 2459 2461
f 3168 2488 2531
f 2746 3087 2747
f 2453 2452 3177
f 2696 2723 3178
f 2443 3182 2441
f 3218 2417 2419
f 3181 2622 2698
f 2768 3214 2618
f 3220 2457 2597
f 2601 2603 3217
f 2419 2421 3218
f 2765 3208 2410
f 2441 3182 2425
f 2773 2772 3209
f 2794 2793 3186
f 2454 3177 2452
f 2773 3209 2774
f 2785 3180 2786
f 2798 3221 2412
f 2807 2806 3225
f 3184 2778 2777
f 2789 3185 2790
f 2782 2781 3179
f 2795 2794 3186
f 3187 2802 2801
f 2803 2802 3187
f 3180 2787 2786
f 2623 2622 3215
f 2723 2712 3178
f 3207 2811 2810
f 3252 2403 2831
f 2854 2853 3240
f 2841 2840 3193
f 2827 2826 3196
f 2823 2822 3197
f 2819 2818 3235
f 2831 2830 3198
f 2836 2835 3199
f 2403 3252 2833
f 2839 3201 2840
f 2824 2823 3189
f 2815 2814 3234
f 2843 3192 2844
f 3259 2849 2848
f 2438 2365 2369
f 2853 2449 3240
f 3203 3241 3202
f 2593 2372 2592
f 2847 3188 2848
f 3177 2454 2455
f 2615 3215 2617
f 3218 2765 2415
f 2770 2619 3214
f 3219 2446 2447
f 3215 2603 2605
f 2776 3184 2777
f 2797 3211 2798
f 2806 2805 3183
f 3221 2409 2412
f 3184 2779 2778
f 3213 2810 2809
f 3177 2447 2453
f 3220 2455 2457
f 3217 2597 2601
f 2410 3208 2767
f 2774 3209 2775
f 2618 3214 2619
f 2424 2425 3216
f 2617 3215 2605
f 2417 3218 2415
f 2770 3214 2771
f 2421 2424 3216
f 3219 2443 2446
f 3208 2768 2767
f 2771 3214 2772
f 3226 2791 2790
f 2784 3180 2785
f 2780 3184 2781
f 3223 2783 2782
f 3224 2796 2795
f 2800 2409 3221
f 3223 2784 2783
f 3210 2788 2787
f 2780 2779 3184
f 3210 2789 2788
f 2792 3226 2793
f 3225 2808 2807
f 3224 2797 2796
f 2804 2803 3222
f 3226 2792 2791
f 2805 2804 3222
f 2776 2775 3227
f 3213 2809 2808
f 3181 2698 2696
f 2615 2623 3215
f 2800 3212 2801
f 3228 2822 2821
f 3230 2845 2844
f 2815 3234 2816
f 3235 2820 2819
f 2827 3236 2828
f 3237 2837 2836
f 2449 2851 3240
f 3246 2430 2854
f 2851 2850 3245
f 2813 3207 2814
f 2818 2817 3239
f 3248 2830 2829
f 2838 3254 2839
f 2835 2834 3249
f 3255 2847 2846
f 2826 2825 3250
f 3228 2821 2820
f 3189 2825 2824
f 2829 2828 3248
f 3254 2838 2837
f 2842 2841 3253
f 3249 2834 2833
f 2816 3239 2817
f 3255 2846 2845
f 3256 2406 2408
f 2593 2606 3257
f 2606 2610 2385
f 2408 2856 3246
f 2856 2430 3246
f 2850 2849 3259
f 2438 2374 2435
f 3207 2813 2812
f 3260 2843 2842
f 2812 2811 3207
f 3264 3263 3262
f 3263 3264 2330
f 3265 2336 2335
f 3264 2335 2330
f 2337 3265 3267
f 3132 2755 3084
f 3266 3136 2341
f 3088 3119 2735
f 3264 3265 2335
f 3134 2339 2562
f 2562 2337 3267
f 3266 2341 3134
f 3135 3037 3136
f 3133 3037 3135
f 3122 2502 3144
f 3084 2758 3122
f 3088 2739 3132
f 3144 3036 3133
f 3123 2745 3087
f 3083 2505 3130
f 2667 3085 3138
f 3128 2727 3124
f 3090 2557 3095
f 2563 3137 3086
f 3126 3093 2571
f 3125 3140 2675
f 2665 3089 3129
f 3092 2573 3093
f 2703 3150 3100
f 3096 3160 2714
f 3091 3149 2497
f 2640 3102 3155
f 2709 3154 3111
f 3112 3102 2640
f 2471 3108 3099
f 2714 3107 3096
f 3090 3152 2557
f 2534 3098 3109
f 2532 3109 3168
f 2543 3115 3114
f 2485 3105 3173
f 2486 3147 3105
f 2541 3151 3167
f 3094 2523 3146
f 3113 3103 2631
f 3118 2686 3119
f 2671 3118 3085
f 2669 3138 3120
f 2563 3139 3137
f 2584 3120 3139
f 2565 3121 3143
f 2517 3143 3130
f 2493 3083 3142
f 2568 3086 3121
f 3087 2752 3142
f 3124 2732 3123
f 3125 2681 3128
f 3141 2663 3140
f 3127 2655 3141
f 3131 2582 3129
f 3089 2656 3127
f 3095 2558 3145
f 3145 2573 3092
f 3126 2579 3131
f 3162 2507 3094
f 3146 2512 3152
f 3091 2498 3158
f 3107 2748 3148
f 3148 2470 3149
f 3158 2507 3162
f 3150 2729 3163
f 3163 2713 3160
f 3159 2653 3100
f 3164 2636 3166
f 3106 2636 3164
f 3166 2648 3097
f 3097 2645 3159
f 3161 2551 3165
f 3165 2632 3106
f 3098 2539 3167
f 3151 2549 3161
f 3147 2488 3168
f 3154 2719 3099
f 3108 2472 3173
f 3172 2706 3111
f 3112 2643 3101
f 3101 2693 3172
f 3170 2629 3155
f 3113 2629 3170
f 3169 2547 3103
f 3115 2545 3176
f 3176 2545 3169
f 3171 2529 3175
f 3153 2553 3110
f 3110 2525 3171
f 3175 2543 3114
f 3153 3117 2480
f 3104 3116 2477
f 3174 2462 3116
f 3174 3157 2464
f 3156 2460 3157
f 3178 2459 3156
f 3220 3177 2455
f 3178 3181 2696
f 3208 2765 3218
f 3181 3215 2622
f 3217 2603 3215
f 3217 3220 2597
f 3219 2447 3177
f 3219 3182 2443
f 3182 3216 2425
f 3216 3218 2421
f 2827 3191 3236
f 2782 3179 3223
f 3197 2822 3206
f 3183 3225 2806
f 3226 2790 3185
f 2827 3196 3191
f 2823 3197 3189
f 2854 3240 3246
f 2848 3188 3259
f 3195 2831 3198
f 2371 2438 2369
f 2365 2370 2369
f 3205 2610 2614
f 2592 2372 2366
f 2592 2364 2590
f 2365 2590 2364
f 2768 3208 3214
f 3214 3209 2772
f 2776 3227 3184
f 2775 3209 3227
f 3194 2836 3199
f 3187 3222 2803
f 2831 3195 3252
f 2844 3192 3230
f 3193 3200 2841
f 3237 2836 3194
f 2840 3190 3193
f 2781 3184 3179
f 3244 2606 2382
f 2477 3117 3104
f 3180 2784 3223
f 3210 2787 3180
f 3224 2795 3186
f 3186 2793 3226
f 3185 2789 3210
f 3211 2797 3224
f 3212 2800 3221
f 3221 2798 3211
f 3187 2801 3212
f 3183 2805 3222
f 3213 2808 3225
f 3207 2810 3213
f 3234 2814 3207
f 3239 2816 3234
f 3228 2820 3247
f 3247 2820 3235
f 3206 2822 3228
f 3196 2826 3250
f 3250 2825 3189
f 3248 2828 3251
f 3251 2828 3236
f 3235 2818 3239
f 3198 2830 3229
f 3249 2833 3252
f 3232 2835 3249
f 3254 2837 3237
f 3201 2839 3231
f 3253 2841 3200
f 3190 2840 3201
f 3231 2839 3254
f 3199 2835 3232
f 3260 2842 3253
f 3192 2843 3233
f 3233 2843 3260
f 3255 2845 3230
f 3188 2847 3238
f 3240 2851 3245
f 3245 2850 3259
f 3238 2847 3255
f 3256 2408 3243
f 3243 2408 3246
f 3202 2406 3256
f 3258 2397 2399
f 2614 2397 3258
f 3204 2610 3205
f 2610 3204 2385
f 2606 3242 2382
f 2385 3242 2606
f 3257 2606 3244
f 3257 2372 2593
f 3229 2830 3248
f 3265 2337 2336
f 3261 2331 2664
f 3263 3261 2670
f 3267 3265 2585
f 3136 3266 2566
f 3135 3136 2567
f 3144 3133 2515
f 3132 3084 2745
f 2741 3119 3088
f 3088 3132 2726
f 2665 3138 3085
f 2581 3120 3138
f 2558 3137 3139
f 2558 3086 3137
f 3139 3120 2583
f 3118 3119 2672
f 3122 3144 2492
f 3130 3143 2507
f 2470 3142 3083
f 3123 3087 2714
f 3124 3123 2715
f 2647 3140 3125
f 3125 3128 2651
f 3128 3124 2701
f 3141 3140 2636
f 2632 3131 3129
f 3129 3089 2632
f 2551 3126 3131
f 2549 3093 3126
f 2548 3145 3092
f 3092 3093 2548
f 2532 3152 3090
f 2485 3094 3146
f 2482 3158 3162
f 2471 3149 3091
f 2475 3148 3149
f 3162 3094 2482
f 3090 3095 2534
f 3096 2709 3160
f 2693 3100 3150
f 2697 3163 3160
f 3089 3127 2633
f 3141 2638 3127
f 3096 3107 2709
f 3100 2643 3159
f 2639 3097 3159
f 3122 2750 3084
f 2640 3166 3097
f 2628 3106 3164
f 3164 3166 2630
f 2547 3165 3106
f 3161 2544 3151
f 3165 2546 3161
f 2333 2334 2345
f 2668 3262 3263
f 2585 3265 3264
f 2349 2757 2754
f 2345 2346 2734
f 2346 2349 2734
f 3087 3142 2748
f 3150 3163 2697
f 2655 3085 3118
f 3135 2520 3133
f 3266 3134 2566
f 3121 2512 3143
f 3083 3130 2498
f 3145 2539 3095
f 3121 3086 2555
f 3091 3158 2473
f 3152 2489 3146
f 2668 3264 3262
f 3107 3148 2718
f 2333 2345 2331
f 3167 3151 2543
f 3098 2525 3109
f 3147 2477 3105
f 3099 3108 2460
f 3111 3154 2712
f 3099 2459 3154
f 3172 3111 2696
f 3101 3172 2698
f 3155 3102 2603
f 3112 2603 3102
f 3113 3170 2601
f 3155 2601 3170
f 3147 3168 2478
f 3173 2463 3108
f 3112 3101 2616
f 3113 2597 3103
f 3103 2457 3169
f 3105 2477 3173
f 3109 2524 3168
f 3169 2596 3176
f 2456 3115 3176
f 3175 3114 2447
f 3114 3115 2452
f 2445 3171 3175
f 3153 3110 2425
f 3117 3153 2423
f 3110 3171 2442
f 3098 3167 2529
f 2418 3157 3174
f 3174 3116 2419
f 2410 3178 3156
f 3181 3178 2618
f 2999 3177 3220
f 3219 3177 2995
f 3216 3182 2986
f 3182 3219 2990
f 3208 3218 2973
f 3227 3209 2957
f 3223 3179 2944
f 3210 3180 2936
f 3186 3226 2924
f 3226 3185 2931
f 3222 3187 2908
f 3212 3221 2913
f 3213 3225 2897
f 3239 3234 2885
f 3225 3183 2901
f 3224 3186 2921
f 3235 2854 3247
f 3206 2427 3197
f 2873 3196 3250
f 2407 3250 3189
f 3196 2405 3191
f 3236 2404 3251
f 3251 2872 3248
f 2404 3236 3191
f 2427 3189 3197
f 3248 2401 3229
f 3195 2400 3252
f 2400 3195 3198
f 2870 3249 3252
f 3194 2611 3237
f 2612 3194 3199
f 3254 2609 3231
f 3190 2607 3193
f 3201 3231 2608
f 3232 3249 2613
f 3216 2981 3218
f 3104 2420 3116
f 2917 3211 3224
f 3187 3212 2911
f 3221 3211 2916
f 3181 3019 3215
f 3215 3012 3217
f 3217 3005 3220
f 2903 3183 3222
f 2961 3209 3214
f 3184 2947 3179
f 3208 2968 3214
f 3180 3223 2940
f 3184 3227 2955
f 3157 2416 3156
f 2594 3233 3260
f 2595 3260 3253
f 3230 2867 3255
f 2591 3230 3192
f 3228 3247 2430
f 3207 2888 3234
f 2851 3235 3239
f 3254 3237 2611
f 3206 3228 2428
f 2608 3190 3201
f 3253 3200 2869
f 3199 3232 2612
f 3193 2607 3200
f 3213 2895 3207
f 2401 3198 3229
f 2868 3192 3233
f 3185 3210 2932
f 3245 3259 2436
f 3259 3188 2588
f 3246 3240 2432
f 3029 3256 3243
f 3032 3241 3203
f 3203 3202 3032
f 2614 3258 3034
f 3258 2399 2396
f 2385 3205 2614
f 3033 2399 3241
f 3246 3026 3243
f 3031 3202 3256
f 3204 3205 2385
f 3240 3245 2862
f 2614 3034 2386
f 2866 3238 3255
f 2385 2614 2386
f 3188 3238 2865
f 2373 3244 2382
f 3257 3244 2373
f 2385 2382 3242
f 2384 2382 2385
f 2420 3104 3117
f 2349 2740 2737
f 2492 3144 2493
f 2501 3122 2492
f 2585 2562 3267
f 3264 2666 2587
f 3132 2744 2732
f 2666 3264 2668
f 3136 2566 2567
f 3144 2515 2518
f 3122 2501 2752
f 2520 3135 2567
f 3133 2516 2515
f 2736 2687 2345
f 2732 2731 3132
f 2665 2582 3138
f 2685 2661 3118
f 2583 2558 3139
f 3132 2731 2730
f 3120 2570 2583
f 3128 2684 2654
f 3124 2715 2722
f 3121 2557 2554
f 2523 2507 3143
f 2569 3121 2554
f 3118 2661 2660
f 2683 2682 3119
f 2570 3120 2571
f 2582 2581 3138
f 3143 2514 2523
f 2470 2751 3142
f 2470 3083 2491
f 3124 2722 2707
f 2497 2491 3083
f 2751 2749 3142
f 2653 3128 2654
f 2569 2513 3121
f 2660 2655 3118
f 2685 3118 2672
f 2653 2651 3128
f 2734 2736 2345
f 2495 3144 2500
f 3133 2521 2516
f 2495 2493 3144
f 3144 2518 2504
f 2752 2750 3122
f 2349 2737 2738
f 2349 2754 2740
f 2745 2744 3132
f 3130 2507 2506
f 2705 3124 2707
f 2684 3128 2701
f 3088 2724 2741
f 2679 3119 2682
f 3132 2730 2726
f 3142 2749 2748
f 3123 2714 2715
f 3121 2564 2557
f 3086 2558 2560
f 3119 2741 2683
f 2670 3261 2664
f 2756 2754 2757
f 3149 2471 2469
f 2534 2532 3090
f 3152 2533 2530
f 2541 3145 2548
f 2552 2551 3131
f 3149 2466 2475
f 2628 3164 2629
f 2643 2642 3159
f 2643 3100 2691
f 3160 2706 2697
f 2710 2706 3160
f 2630 2629 3164
f 3131 2632 2552
f 2632 3089 2634
f 2532 2533 3152
f 2530 2488 3152
f 3145 2541 2538
f 2469 2466 3149
f 2630 3166 2640
f 2475 2719 3148
f 2485 2482 3094
f 3160 2709 2710
f 2482 2481 3158
f 2648 2637 3140
f 2631 2627 3106
f 2476 2462 3173
f 2543 3151 2542
f 2696 3111 2723
f 3112 2615 2617
f 2616 2615 3112
f 2602 2601 3155
f 2696 2695 3172
f 3176 2596 2456
f 3167 2543 2527
f 2526 3167 2527
f 3173 2477 2476
f 3168 2524 2553
f 2479 3168 2553
f 2763 2459 3099
f 2602 3155 2603
f 2622 3101 2759
f 2457 2596 3169
f 3099 2461 2763
f 3165 2547 2546
f 3173 2462 2464
f 2627 2547 3106
f 3140 2637 2636
f 2485 3146 2486
f 3100 2693 2692
f 2692 2691 3100
f 3093 2549 2548
f 3125 2651 2650
f 2719 2718 3148
f 3106 2628 2625
f 3126 2551 2550
f 2647 2648 3140
f 2631 3106 2624
f 2460 2461 3099
f 2616 3101 2622
f 2695 2694 3172
f 3111 2712 2708
f 2524 3109 2525
f 3167 2526 2529
f 3111 2708 2723
f 2457 3103 2598
f 2617 2605 3112
f 2711 3154 2459
f 2601 2600 3113
f 3173 2464 2463
f 3152 2488 2489
f 2647 3125 2646
f 3115 2456 2458
f 3263 2670 2668
f 2681 3119 2679
f 2520 2521 3133
f 2504 2505 3144
f 3088 2726 2727
f 2734 2349 2738
f 2331 2345 2664
f 3088 2727 2724
f 2562 2566 3134
f 3120 2576 2579
f 3119 2673 2676
f 2742 3087 2748
f 3124 2703 2701
f 3124 2705 2703
f 2681 2673 3119
f 3086 2560 2555
f 2512 2509 3143
f 2581 2576 3120
f 2665 3085 2657
f 2657 3085 2655
f 2514 3143 2508
f 2513 2512 3121
f 2564 3121 2555
f 2579 2572 3120
f 3125 2650 2645
f 2746 3084 2750
f 2746 2745 3084
f 2500 3144 2505
f 2572 2571 3120
f 2498 2497 3083
f 2672 3119 2676
f 3143 2509 2508
f 3087 2742 2714
f 3145 2537 2539
f 2638 2633 3127
f 3159 2642 2639
f 3091 2473 2472
f 2473 3158 2481
f 2536 3095 2539
f 3126 2550 2549
f 3141 2636 2638
f 3145 2538 2537
f 2718 2717 3107
f 2626 2624 3106
f 2699 3150 2697
f 3106 2625 2626
f 2544 3161 2546
f 2711 2712 3154
f 2694 2698 3172
f 2605 2604 3112
f 2599 2597 3113
f 2599 3113 2600
f 2463 2465 3108
f 3147 2478 2477
f 3168 2479 2478
f 3112 2604 2603
f 2525 3098 2529
f 2471 3091 2472
f 2633 2634 3089
f 2709 3107 2717
f 2640 3097 2639
f 2486 3146 2489
f 2534 3095 2536
f 3150 2699 2693
f 3151 2544 2542
f 3108 2465 2460
f 2597 2598 3103
f 2698 2759 3101
f 2645 2646 3125
f 3130 2506 2498
f 2458 2455 3115
f 2620 3181 2618
f 3174 2419 2418
f 3153 2426 2424
f 2446 3175 2447
f 3000 3220 3001
f 2987 2986 3182
f 3007 3217 3008
f 3017 3016 3215
f 3217 3009 3008
f 3219 2993 2992
f 2425 2426 3153
f 2986 2985 3216
f 2410 3156 2411
f 3178 3021 2618
f 3181 2620 2769
f 3001 3220 3002
f 3215 3016 3015
f 3218 2980 2979
f 2995 2994 3219
f 3010 3009 3217
f 2994 2993 3219
f 2422 2419 3116
f 3110 2441 2425
f 2978 3218 2979
f 3180 2937 2936
f 2942 3223 2943
f 2966 2965 3214
f 3208 2972 2409
f 2957 3209 2958
f 2950 3184 2951
f 2920 3224 2921
f 2928 2927 3226
f 3226 2929 2928
f 2921 3186 2922
f 2935 3210 2936
f 2978 2977 3218
f 3209 2959 2958
f 3209 2960 2959
f 2967 2966 3214
f 2951 3184 2952
f 2943 3223 2944
f 3226 2927 2926
f 2930 2929 3226
f 2914 3221 2915
f 2945 2944 3179
f 2919 3224 2920
f 2621 3208 2409
f 3214 2965 2964
f 2972 3208 2973
f 3221 2914 2913
f 3157 2418 2415
f 3015 3014 3215
f 3007 3006 3217
f 3013 3215 3014
f 2999 3220 3000
f 3178 2413 2766
f 3153 2424 2423
f 2766 3023 3178
f 3005 3217 3006
f 2990 3219 2991
f 3002 3220 3003
f 3181 3020 3019
f 3181 2769 3020
f 2447 3114 2451
f 3219 2992 2991
f 2964 2963 3214
f 3218 2977 2976
f 2934 3210 2935
f 3184 2950 2949
f 2985 2984 3216
f 2949 2948 3184
f 3227 2956 2955
f 2957 2956 3227
f 3180 2938 2937
f 2923 2922 3186
f 2926 2925 3226
f 3223 2941 2940
f 3223 2942 2941
f 2987 3182 2988
f 2445 3175 2446
f 3178 2410 2413
f 3025 3027 3246
f 2407 3189 2874
f 3025 3246 3024
f 3246 2859 2858
f 3246 3027 3026
f 2854 2430 3247
f 3207 2891 2890
f 3207 2892 2891
f 2875 3228 2430
f 2900 3225 2901
f 3248 2872 2402
f 2437 3245 2436
f 3031 3032 3202
f 2396 2399 2395
f 3194 2612 2611
f 2869 2595 3253
f 2859 3246 2432
f 2883 3239 2884
f 3239 2885 2884
f 3028 3029 3243
f 2858 2857 3246
f 3033 3241 3032
f 2396 3034 3258
f 2395 2399 3033
f 3256 3029 3030
f 3030 3031 3256
f 2439 2436 3259
f 3222 2907 2906
f 2900 2899 3225
f 2905 3222 2906
f 2893 2892 3207
f 2893 3207 2894
f 3234 2886 2885
f 2897 3225 2898
f 2912 2911 3212
f 3189 2427 2874
f 2883 2882 3239
f 2428 3228 2875
f 2448 2854 3235
f 2890 2889 3207
f 2907 3222 2908
f 3187 2909 2908
f 2404 2872 3251
f 3200 2607 2869
f 3254 2611 2609
f 2871 3252 2398
f 3230 2591 2867
f 2439 3259 2588
f 2400 2398 3252
f 2862 3245 2437
f 3026 3028 3243
f 2401 3248 2402
f 2867 2589 3255
f 2899 2898 3225
f 2913 2912 3212
f 3246 2857 3024
f 2423 2420 3117
f 3114 2452 2451
f 3012 3215 3013
f 2998 2997 3177
f 3177 2997 2996
f 2999 2998 3177
f 3157 2415 2414
f 2416 3157 2414
f 3171 2445 2442
f 2444 3110 2442
f 3011 3217 3012
f 3220 3004 3003
f 3017 3215 3018
f 3005 3004 3220
f 2420 2422 3116
f 3023 3022 3178
f 2971 2970 3208
f 3208 2970 2969
f 2983 2982 3216
f 2974 3218 2975
f 2962 3214 2963
f 3214 2962 2961
f 2948 2947 3184
f 3214 2968 2967
f 3216 2984 2983
f 3216 2982 2981
f 3208 2621 2971
f 2946 3179 2947
f 3184 2955 2954
f 2938 3180 2939
f 2940 2939 3180
f 2953 2952 3184
f 2988 3182 2989
f 2990 2989 3182
f 3156 2416 2411
f 2441 3110 2444
f 3018 3215 3019
f 3010 3217 3011
f 2995 3177 2996
f 3021 3178 3022
f 2961 2960 3209
f 3218 2981 2980
f 3218 2974 2973
f 2968 3208 2969
f 3184 2954 2953
f 3179 2946 2945
f 3115 2454 2452
f 3224 2918 2917
f 2931 3185 2932
f 2904 3222 2905
f 3213 2897 2896
f 3239 2882 2881
f 3187 2911 2910
f 2933 2932 3210
f 3222 2904 2903
f 2916 3211 2917
f 2888 3207 2889
f 2895 3213 2896
f 2902 2901 3183
f 3234 2887 2886
f 2881 2851 3239
f 3224 2919 2918
f 2924 3226 2925
f 2934 2933 3210
f 3260 2595 2594
f 2589 2866 3255
f 2613 3249 2870
f 2609 2608 3231
f 3250 2407 2873
f 3238 2866 2865
f 2591 3192 2868
f 2434 3240 2862
f 2870 3252 2871
f 3196 2873 2405
f 2860 2432 3240
f 3187 2910 2909
f 2931 2930 3226
f 2902 3183 2903
f 2894 3207 2895
f 3235 2851 2448
f 2915 3221 2916
f 3234 2888 2887
f 3191 2405 2404
f 3190 2608 2607
f 3233 2594 2868
f 2865 2588 3188
f 3198 2401 2400
f 2612 3232 2613
f 2434 2860 3240
f 2427 3206 2428
f 3186 2924 2923
f 2975 3218 2976
f 2455 2454 3115
f 4204 4206 3269
f 3268 3269 3274
f 3270 3274 3269
f 3269 4206 3270
f 4204 3269 3271
f 3272 3271 4016
f 3269 4016 3271
f 3275 3268 3274
f 3275 3274 3277
f 3982 3277 3276
f 3274 3276 3277
f 3279 3280 3979
f 3278 3979 3280
f 3298 3279 3979
f 3979 3281 3298
f 3278 3277 3982
f 3282 3283 3273
f 3284 3283 3282
f 3284 3282 3287
f 3287 3282 3285
f 3286 3287 3285
f 3286 3288 3287
f 3289 3287 3288
f 3288 3290 3289
f 3290 3288 3291
f 3292 3293 3995
f 3297 3299 3298
f 3298 3281 3297
f 3299 3293 3294
f 3297 3293 3299
f 3295 3294 3293
f 3293 3292 3295
f 3293 3300 3997
f 3291 3303 3290
f 3291 3300 3303
f 3291 3302 3300
f 3997 3296 3293
f 3995 3293 3296
f 3997 3300 3304
f 3300 3301 3304
f 3300 3302 3301
f 3306 3308 3305
f 3310 3308 4026
f 3308 3310 3309
f 3309 3305 3308
f 3308 3314 3311
f 3307 3308 3306
f 3314 3308 3307
f 3311 3312 3313
f 3311 3535 3312
f 3535 3311 3314
f 3310 4026 3315
f 3315 3317 3316
f 3315 3316 3310
f 3318 3317 3315
f 3318 3992 3322
f 3319 3318 3320
f 3318 3319 3317
f 3321 3322 3992
f 3322 3321 3323
f 3323 3331 3322
f 3320 3318 3322
f 3311 3313 3324
f 3325 4029 3324
f 3313 3325 3324
f 4012 3325 3326
f 4012 4029 3325
f 3328 4015 3326
f 4012 3326 4015
f 3327 3976 3328
f 3327 3328 3326
f 4008 3976 3334
f 4008 3328 3976
f 3998 3330 3329
f 3323 3329 3331
f 3329 3330 3331
f 3976 3335 3334
f 3335 3333 3334
f 3333 4000 3334
f 3330 3998 3332
f 4002 3333 3974
f 4002 3974 3332
f 4002 4000 3333
f 3373 3372 3317
f 3704 3303 3439
f 3704 3700 3303
f 3700 3704 3702
f 3705 3700 3702
f 3700 3705 3706
f 3706 3701 3700
f 3701 3698 3700
f 3698 3701 3699
f 3699 3683 3698
f 3683 3699 3684
f 3684 3682 3683
f 3682 3684 3681
f 3681 3635 3682
f 3635 3681 3636
f 3635 3636 3634
f 3634 3612 3635
f 3612 3634 3633
f 3612 3633 3618
f 3618 3616 3612
f 3616 3618 3617
f 3617 3614 3616
f 3614 3617 3615
f 3615 3524 3614
f 3524 3615 3525
f 3525 3523 3524
f 3525 3522 3523
f 3522 3525 3521
f 3521 3520 3522
f 3521 3504 3520
f 3504 3521 3495
f 3495 3502 3504
f 3495 3503 3502
f 3503 3495 3501
f 3501 3498 3503
f 3501 3497 3498
f 3497 3501 3499
f 3499 3500 3497
f 3499 3453 3500
f 3453 3499 3452
f 3453 3452 3454
f 3454 3450 3453
f 3450 3454 3451
f 3451 3438 3450
f 3438 3451 3440
f 3435 3436 3440
f 3671 3675 3674
f 3630 3685 3629
f 3619 3625 3622
f 3632 3624 3622
f 3632 3622 3609
f 3609 3610 3611
f 3613 3607 3604
f 3518 3606 3613
f 3509 3506 3511
f 3491 3493 3494
f 3491 3488 3493
f 3447 3444 3445
f 3434 3441 3442
f 3433 3428 3432
f 3692 3686 3697
f 3660 3669 3680
f 3584 3585 3596
f 3472 3470 3473
f 3426 3425 3427
f 3707 3708 3396
f 3644 3653 3651
f 3638 3639 3591
f 3590 3591 3589
f 3587 3590 3589
f 3573 3576 3574
f 3479 3480 3478
f 3477 3479 3478
f 3475 3477 3476
f 3462 3461 3458
f 3402 3400 3397
f 3641 3642 3645
f 3564 3570 3563
f 3540 3541 3538
f 3393 3537 3394
f 3395 3393 3392
f 3388 3389 3384
f 3379 3382 3380
f 3381 3379 3378
f 3358 3361 3359
f 3360 3358 3357
f 3356 3357 3355
f 3354 3352 3709
f 3802 3320 3801
f 3320 3802 3803
f 3803 3367 3320
f 3320 3370 3371
f 3369 3320 3367
f 3369 3370 3320
f 3804 3371 3805
f 3370 3805 3371
f 3373 3371 3804
f 3371 3373 3317
f 3317 3372 3374
f 3374 3316 3317
f 3316 3374 3375
f 3375 3376 3316
f 3806 3376 3375
f 3807 3376 3806
f 3807 3305 3376
f 3305 3807 3526
f 3305 3526 3527
f 3305 3527 3528
f 3528 3530 3305
f 3530 3528 3529
f 3530 3529 3531
f 3531 3535 3530
f 3535 3531 3532
f 3535 3532 3533
f 3535 3533 3536
f 3535 3536 3534
f 3534 3549 3535
f 3549 3534 3547
f 3549 3547 3548
f 3549 3548 3550
f 3549 3550 3551
f 3549 3551 3552
f 3549 3552 3553
f 3553 3555 3549
f 3555 3553 3554
f 3555 3554 3556
f 3555 3556 3557
f 3555 3557 3558
f 3555 3558 3559
f 3559 3336 3555
f 3336 3559 3561
f 3808 3336 3561
f 3336 3808 3560
f 3809 3336 3560
f 3336 3809 3562
f 3336 3562 3337
f 3337 4188 3336
f 4188 3337 3338
f 4188 3338 3339
f 3339 4148 4188
f 4148 3339 3340
f 3810 4148 3340
f 3810 4151 4148
f 4151 3810 3342
f 3342 3344 4151
f 3344 3342 3343
f 3811 3344 3343
f 3811 3346 3344
f 3346 3811 3345
f 3812 3346 3345
f 3346 3812 3365
f 3346 3365 3366
f 3366 3800 3346
f 3800 3814 3368
f 3799 3815 3368
f 3368 3815 3798
f 3377 3816 3798
f 3798 3816 3385
f 3386 3817 3795
f 3387 3818 3795
f 3795 3818 3819
f 3819 3796 3795
f 3852 3341 3777
f 3852 3776 3341
f 3910 3743 3350
f 3398 3708 3707
f 3651 3649 3644
f 3664 3663 3656
f 3666 3668 3665
f 3412 3667 3666
f 3403 3412 3404
f 3406 3405 3403
f 3409 3411 3408
f 3418 3409 3410
f 3419 3418 3420
f 3422 3421 3419
f 3426 3424 3423
f 3469 3468 3467
f 3484 3482 3483
f 3485 3516 3484
f 3581 3580 3582
f 3581 3583 3586
f 3593 3592 3594
f 3593 3597 3598
f 3599 3600 3601
f 3660 3680 3662
f 3661 3660 3662
f 3447 3446 3448
f 3455 3447 3505
f 3490 3489 3496
f 3509 3492 3519
f 3507 3510 3508
f 3515 3514 3507
f 3517 3513 3515
f 3605 3604 3607
f 3619 3622 3624
f 3623 3622 3625
f 3629 3627 3628
f 3630 3637 3685
f 3677 3672 3673
f 3435 3431 3436
f 3962 3801 3322
f 3962 3322 3963
f 3320 3322 3801
f 3964 3965 3322
f 3322 3967 3966
f 3964 3322 3966
f 3965 3963 3322
f 3319 3371 3317
f 3320 3371 3319
f 3967 3322 3331
f 3967 3331 3968
f 3969 3331 3330
f 3969 3330 3970
f 3971 3330 3972
f 3330 3971 3970
f 3968 3331 3969
f 3974 3973 3330
f 3330 3973 3972
f 3974 3330 3332
f 3333 3335 3975
f 3974 3333 3975
f 3303 3300 3439
f 3300 3977 3439
f 3700 3290 3303
f 3977 3300 3978
f 3293 3978 3300
f 3980 3979 3278
f 3979 3297 3281
f 3700 3698 3981
f 3700 3981 3289
f 3979 3293 3297
f 3700 3289 3290
f 3978 3293 3979
f 3983 3275 3987
f 3280 3991 3990
f 3988 3280 3992
f 3275 3988 3989
f 3991 3995 3996
f 3997 3999 4002
f 3995 3997 3998
f 3984 3983 3987
f 3986 3275 3985
f 3987 3275 3986
f 3989 3988 3992
f 3990 3991 4003
f 3992 3280 3990
f 3985 3275 3989
f 3323 3993 3991
f 3994 3329 3991
f 3323 3991 3329
f 3996 3995 4004
f 3994 3991 3996
f 3998 3997 4002
f 4000 3999 4001
f 4002 3999 4000
f 4004 3995 3998
f 4003 3991 3993
f 3999 4006 4001
f 3983 3984 4005
f 3288 4007 4006
f 4007 4009 4010
f 4011 4013 4014
f 4009 4011 4015
f 4016 4018 4019
f 4018 4021 4027
f 4013 4016 4028
f 3328 4008 4007
f 4006 4007 4008
f 4015 4010 4009
f 3328 4007 4010
f 4012 4015 4011
f 4012 4011 4029
f 4014 4013 4028
f 4029 4011 4014
f 4030 4017 4016
f 4019 4018 4020
f 4030 4016 4019
f 4022 4027 4021
f 4023 4024 4021
f 4022 4021 4024
f 4005 4026 4021
f 4025 4021 4026
f 4023 4021 4025
f 4020 4018 4027
f 4028 4016 4017
f 4021 3983 4005
f 3288 4006 3999
f 3996 3998 3329
f 3992 3990 3321
f 3321 3990 3323
f 3989 3992 3318
f 3315 3986 3318
f 4006 3334 4001
f 4001 3334 4000
f 4002 3332 3998
f 4004 3998 3996
f 3996 3329 3994
f 3323 4003 3993
f 3985 3989 3318
f 3987 3986 3315
f 3318 3986 3985
f 3315 3984 3987
f 4003 3323 3990
f 4020 3308 3311
f 4026 3308 4025
f 4029 4014 3324
f 4017 3311 3324
f 3984 4026 4005
f 4022 4024 3308
f 4030 4019 3311
f 3308 4023 4025
f 4024 4023 3308
f 4027 3308 4020
f 3308 4027 4022
f 4019 4020 3311
f 4017 4030 3311
f 3324 4028 4017
f 3324 4014 4028
f 3328 4010 4015
f 4008 3334 4006
f 4026 3984 3315
f 3983 3268 3275
f 3280 3988 3278
f 3991 3279 3298
f 3988 3277 3278
f 3295 3292 3995
f 3997 3304 3301
f 3295 3991 3294
f 3294 3991 3299
f 3991 3298 3299
f 3997 3301 3302
f 3291 3999 3302
f 3997 3995 3296
f 3991 3280 3279
f 3277 3988 3275
f 3991 3295 3995
f 3302 3999 3997
f 3291 3288 3999
f 4009 3288 3286
f 3285 3282 4011
f 4009 3286 3285
f 3273 3272 4016
f 4021 3269 3268
f 3273 4016 3282
f 4018 4016 3269
f 3288 4009 4007
f 3285 4011 4009
f 3282 4013 4011
f 4013 3282 4016
f 3269 4021 4018
f 3268 3983 4021
f 4034 3615 3617
f 3430 3435 4031
f 3674 4076 3685
f 3437 3429 4087
f 3443 4092 3449
f 3689 4071 3687
f 3618 3633 4066
f 3701 4032 3699
f 3501 4033 3499
f 3521 3525 4084
f 4031 3435 3440
f 4035 3689 3691
f 3429 3430 4087
f 4037 3613 3604
f 3434 4039 3433
f 3456 3449 4092
f 4085 3609 3622
f 3674 3672 4072
f 3443 3447 4092
f 3507 3514 4074
f 4041 3509 3507
f 3442 3456 4042
f 4043 3490 3491
f 4073 3622 3621
f 3581 4054 3580
f 3592 3593 4045
f 3467 3469 4046
f 3408 4047 3406
f 3647 3648 4048
f 4045 3596 3592
f 3423 4053 3422
f 3648 3650 4048
f 4055 3661 3692
f 3426 4093 3423
f 3409 4056 3408
f 4046 3469 3472
f 3467 4057 3465
f 3581 3586 4054
f 3482 4097 3481
f 3406 4047 3403
f 4106 3660 3661
f 3403 4047 3412
f 3656 3664 4100
f 3640 4049 3591
f 4051 3480 3579
f 3397 4102 3398
f 4060 3588 3589
f 4061 3579 3574
f 4064 3399 3414
f 4063 3476 3478
f 4065 3414 3417
f 3634 4067 3633
f 4033 3501 3495
f 3681 3684 4036
f 4090 3701 3702
f 3454 3452 4070
f 3451 3454 4089
f 4071 3679 3687
f 3514 3515 4074
f 3603 4075 3604
f 3629 3685 4076
f 3696 4035 3690
f 4076 3628 3629
f 3621 3628 4073
f 4079 3517 3518
f 4077 3518 3613
f 4078 3440 3451
f 4079 3515 3517
f 3617 3618 4066
f 3699 4081 3684
f 4083 3980 3278
f 3982 4208 3278
f 3979 3980 4083
f 4080 3978 3979
f 4067 3634 3636
f 4068 3525 3615
f 3495 3521 4084
f 3672 3678 4072
f 3452 3499 4070
f 4085 3611 3609
f 4086 3603 3611
f 3681 4067 3636
f 4090 3704 3439
f 3704 4090 3702
f 4088 3977 3978
f 3437 4087 3696
f 3678 3679 4072
f 4091 3492 3509
f 3492 4091 3491
f 3977 4090 3439
f 3426 3425 4093
f 3472 3470 4113
f 4107 3482 3484
f 3593 3598 4105
f 3695 3407 4094
f 4094 3692 3693
f 3407 3433 4095
f 4096 3650 3676
f 4097 3474 3481
f 3647 4048 3601
f 3487 3490 4098
f 3640 3644 4118
f 3653 3656 4059
f 3461 4117 3458
f 3665 4100 3664
f 3591 4060 3589
f 3588 4101 3577
f 3458 4058 3486
f 4100 3665 3666
f 4103 3397 3401
f 3599 4105 3598
f 3695 4094 3693
f 3601 4105 3599
f 4054 3586 3584
f 3442 4104 3434
f 3487 4098 3505
f 3447 3505 4098
f 4109 3676 3660
f 3484 3485 4111
f 3580 4111 3485
f 3584 3596 4112
f 3474 4113 3470
f 4114 3464 3465
f 4115 3478 3480
f 3644 3651 4118
f 3418 4119 3409
f 3461 3462 4117
f 4099 3417 3415
f 3412 4047 3666
f 3574 3577 4061
f 3651 3653 4118
f 4119 3418 3419
f 3415 3486 4099
f 3401 3399 4120
f 3459 3476 4121
f 4121 3462 3459
f 3422 4119 3419
f 3659 3396 4124
f 4102 3396 3398
f 4114 3425 3464
f 3690 4035 3691
f 3390 3389 4123
f 3643 3670 4124
f 3380 4128 3378
f 4163 3355 3357
f 4127 3570 3645
f 3712 4159 3566
f 4166 3394 3538
f 3542 3544 4162
f 3357 3359 4163
f 3709 4165 3348
f 3378 4128 3363
f 3717 3716 4154
f 3738 3737 4132
f 3391 4123 3389
f 3717 4154 3718
f 3729 4126 3730
f 3742 4167 3350
f 3751 3750 4171
f 4130 3722 3721
f 3733 4131 3734
f 3726 3725 4125
f 3739 3738 4132
f 4133 3746 3745
f 3747 3746 4133
f 4126 3731 3730
f 3571 3570 4160
f 3670 3659 4124
f 4153 3755 3754
f 4193 3341 3775
f 3798 3797 4186
f 3785 3784 4140
f 3771 3770 4142
f 3767 3766 4143
f 3763 3762 4181
f 3775 3774 4144
f 3780 3779 4145
f 3341 4193 3777
f 3783 4146 3784
f 3768 3767 4135
f 3759 3758 4180
f 3787 4139 3788
f 4203 3793 3792
f 3376 3305 3310
f 3797 3386 4186
f 3336 4137 3555
f 3791 4134 3792
f 4123 3391 3392
f 3563 4160 3565
f 4163 3709 3353
f 3714 3567 4159
f 4164 3383 3384
f 4160 3544 3546
f 3720 4130 3721
f 3741 4156 3742
f 3750 3749 4129
f 4167 3347 3350
f 4130 3723 3722
f 4158 3754 3753
f 4123 3384 3390
f 4166 3392 3394
f 4162 3538 3542
f 3348 4165 3711
f 3718 4154 3719
f 3566 4159 3567
f 3362 3363 4161
f 3565 4160 3546
f 3355 4163 3353
f 3714 4159 3715
f 3359 3362 4161
f 4164 3380 3383
f 4165 3712 3711
f 3715 4159 3716
f 4172 3735 3734
f 3728 4126 3729
f 3724 4130 3725
f 4169 3727 3726
f 4170 3740 3739
f 3744 3347 4167
f 4169 3728 3727
f 4155 3732 3731
f 3724 3723 4130
f 4155 3733 3732
f 3736 4172 3737
f 4171 3752 3751
f 4170 3741 3740
f 3748 3747 4168
f 4172 3736 3735
f 3749 3748 4168
f 3720 3719 4173
f 4158 3753 3752
f 4127 3645 3643
f 3563 3571 4160
f 3744 4157 3745
f 4174 3766 3765
f 4176 3789 3788
f 3759 4180 3760
f 4181 3764 3763
f 3771 4182 3772
f 4183 3781 3780
f 3386 3795 4186
f 4136 3368 3798
f 3535 3306 3530
f 3795 3794 4190
f 3757 4153 3758
f 3762 3761 4185
f 4192 3774 3773
f 3782 4197 3783
f 3779 3778 4193
f 4198 3791 3790
f 3770 3769 4194
f 4174 3765 3764
f 4135 3769 3768
f 3773 3772 4192
f 4197 3782 3781
f 3786 3785 4196
f 4193 3778 3777
f 3760 4185 3761
f 4198 3790 3789
f 4200 3344 3346
f 4148 4187 4188
f 3535 3549 4201
f 3549 3555 3326
f 3346 3800 4136
f 3800 3368 4136
f 3794 3793 4203
f 4153 3757 3756
f 4179 3787 3786
f 3756 3755 4153
f 4208 3982 3276
f 4207 4206 4205
f 4206 4207 3270
f 4207 3274 3270
f 4080 4082 3978
f 4081 3699 4032
f 4209 3274 4207
f 4036 4067 3681
f 4209 4208 3274
f 4080 3979 4083
f 4083 3278 4208
f 4090 3977 4088
f 4032 3701 4090
f 4036 3684 4081
f 4088 3978 4082
f 4071 3689 4035
f 4031 3440 4078
f 3615 4034 4068
f 4076 3674 4072
f 4038 3490 4043
f 3495 4084 4069
f 4074 4041 3507
f 4073 4085 3622
f 3613 4037 4077
f 4040 3509 4041
f 3650 4096 4048
f 4044 4106 3661
f 4039 4095 3433
f 3588 4050 4101
f 3656 4100 4059
f 4060 4050 3588
f 3408 4056 4047
f 4044 3661 4055
f 4038 4098 3490
f 3467 4046 4057
f 3465 4057 4114
f 3476 4063 4062
f 3422 4053 4119
f 3423 4093 4053
f 3474 4097 4113
f 4042 3456 4092
f 4061 4051 3579
f 4066 3633 4067
f 4070 4089 3454
f 3617 4066 4034
f 3525 4068 4084
f 3495 4069 4033
f 3499 4033 4070
f 3451 4089 4078
f 3430 4031 4087
f 4035 3696 4087
f 4072 3679 4071
f 4073 3628 4076
f 4086 3611 4085
f 4075 3603 4086
f 4079 3518 4077
f 4037 3604 4075
f 4043 3491 4091
f 4091 3509 4040
f 4074 3515 4079
f 4108 3442 4042
f 4092 3447 4098
f 4039 3434 4104
f 4055 3692 4094
f 4094 3407 4095
f 4104 3442 4108
f 4096 3676 4109
f 4109 3660 4106
f 4105 3601 4048
f 4110 3584 4112
f 4054 3584 4110
f 4112 3596 4045
f 4045 3593 4105
f 4107 3484 4111
f 4111 3580 4054
f 4046 3472 4113
f 4097 3482 4107
f 4093 3425 4114
f 4100 3666 4047
f 4056 3409 4119
f 4118 3653 4059
f 4060 3591 4049
f 4049 3640 4118
f 4116 3577 4101
f 4061 3577 4116
f 4115 3480 4051
f 4063 3478 4122
f 4122 3478 4115
f 4117 3462 4121
f 4099 3486 4058
f 4058 3458 4117
f 4121 3476 4062
f 4099 4065 3417
f 4052 4064 3414
f 4120 3399 4064
f 4120 4103 3401
f 4102 3397 4103
f 4124 3396 4102
f 4166 4123 3392
f 4124 4127 3643
f 4165 3709 4163
f 4127 4160 3570
f 4162 3544 4160
f 4162 4166 3538
f 4164 3384 4123
f 4164 4128 3380
f 4128 4161 3363
f 4161 4163 3359
f 3726 4125 4169
f 3771 4138 4182
f 4143 3766 4152
f 4171 3750 4129
f 3734 4131 4172
f 4200 3346 4136
f 3771 4142 4138
f 3767 4143 4135
f 3798 4186 4136
f 3792 4134 4203
f 3305 3309 3310
f 3316 3376 3310
f 3535 3314 3307
f 3307 3306 3535
f 3305 3530 3306
f 4141 3775 4144
f 3712 4165 4159
f 4159 4154 3716
f 3720 4173 4130
f 3719 4154 4173
f 3775 4141 4193
f 3747 4133 4168
f 4183 3780 4145
f 3788 4139 4176
f 4140 4196 3785
f 4150 3555 4137
f 3725 4130 4125
f 4189 3549 4147
f 3414 4065 4052
f 4126 3728 4169
f 4155 3731 4126
f 4170 3739 4132
f 4132 3737 4172
f 4131 3733 4155
f 4156 3741 4170
f 4157 3744 4167
f 4167 3742 4156
f 4133 3745 4157
f 4129 3749 4168
f 4158 3752 4171
f 4153 3754 4158
f 4180 3758 4153
f 4185 3760 4180
f 4174 3764 4191
f 4191 3764 4181
f 4152 3766 4174
f 4142 3770 4194
f 4194 3769 4135
f 4192 3772 4195
f 4195 3772 4182
f 4181 3762 4185
f 4144 3774 4175
f 4178 3779 4193
f 4197 3781 4183
f 4146 3783 4177
f 4140 3784 4146
f 4177 3783 4197
f 4145 3779 4178
f 4179 3786 4196
f 4139 3787 4179
f 4198 3789 4176
f 4134 3791 4184
f 4190 3794 4199
f 4186 3795 4190
f 4199 3794 4203
f 4184 3791 4198
f 4151 3344 4200
f 4202 3336 4188
f 4137 3336 4202
f 4149 3555 4150
f 3555 4149 3326
f 3326 4147 3549
f 4201 3549 4189
f 3535 4201 3312
f 4175 3774 4192
f 4208 3276 3274
f 4204 3271 3612
f 4206 4204 3616
f 4209 4207 3524
f 4088 4082 3450
f 4082 4080 3453
f 4081 4032 3689
f 3685 4067 4036
f 4036 4081 3673
f 3613 4068 4034
f 3491 4069 4084
f 4066 4067 3619
f 4070 4033 3505
f 4078 4089 3442
f 3407 4087 4031
f 4089 4070 3449
f 4071 4035 3661
f 4072 4071 3662
f 3595 4085 4073
f 4073 4076 3599
f 4076 4072 3648
f 4086 4085 3584
f 3580 4079 4077
f 4077 4037 3580
f 3484 4074 4079
f 3482 4041 4074
f 3481 4091 4040
f 4040 4041 3481
f 3465 4098 4038
f 3422 4042 4092
f 3419 4104 4108
f 3408 4095 4039
f 3412 4094 4095
f 4108 4042 3419
f 4038 4043 3467
f 4044 3656 4106
f 3640 4048 4096
f 3644 4109 4106
f 4037 4075 3581
f 4086 3586 4075
f 4044 4055 3656
f 4048 3591 4105
f 3587 4045 4105
f 4090 3694 4032
f 3588 4112 4045
f 3576 4054 4110
f 4110 4112 3578
f 3480 4111 4054
f 4107 3477 4097
f 4111 3479 4107
f 3283 3612 3273
f 3272 3273 3612
f 3614 4205 4206
f 3287 3289 3698
f 3283 3284 3682
f 3284 3287 3682
f 3603 4034 4066
f 4035 4087 3692
f 4096 4109 3644
f 4083 3453 4080
f 4208 3502 4083
f 4208 4209 3523
f 4084 4068 3515
f 4043 4091 3472
f 4078 3434 4031
f 3426 4092 4098
f 4039 4104 3410
f 4033 4069 3493
f 3614 4207 4205
f 4055 4094 3665
f 4088 3440 4090
f 3272 3612 3271
f 4113 4097 3476
f 4046 3458 4057
f 4093 3414 4053
f 4047 4056 3397
f 4059 4100 3659
f 4047 3396 4100
f 4118 4059 3643
f 4049 4118 3645
f 4101 4050 3544
f 4060 3544 4050
f 4061 4116 3542
f 4101 3542 4116
f 4093 4114 3415
f 4119 3400 4056
f 4060 4049 3564
f 4061 3538 4051
f 4051 3394 4115
f 4053 3414 4119
f 4057 3457 4114
f 4115 3537 4122
f 3393 4063 4122
f 4121 4062 3384
f 4062 4063 3389
f 3382 4117 4121
f 4099 4058 3363
f 4065 4099 3361
f 4058 4117 3379
f 4046 4113 3462
f 3356 4103 4120
f 4120 4064 3357
f 3348 4124 4102
f 4127 4124 3566
f 3937 4123 4166
f 4164 4123 3933
f 4161 4128 3924
f 4128 4164 3928
f 4165 4163 3911
f 4173 4154 3895
f 4169 4125 3882
f 4155 4126 3874
f 4132 4172 3862
f 4172 4131 3869
f 4168 4133 3846
f 4157 4167 3851
f 4158 4171 3835
f 4185 4180 3823
f 4171 4129 3839
f 4170 4132 3859
f 4181 3798 4191
f 4152 3365 4143
f 3811 4142 4194
f 3345 4194 4135
f 4142 3343 4138
f 4182 3342 4195
f 4195 3810 4192
f 3342 4182 4138
f 3365 4135 4143
f 4192 3339 4175
f 4141 3338 4193
f 3338 4141 4144
f 3558 4183 4145
f 4197 3553 4177
f 4146 4177 3553
f 4178 4193 3559
f 4161 3919 4163
f 4052 3358 4064
f 3855 4156 4170
f 4157 3849 4133
f 4167 4156 3854
f 4127 3957 4160
f 4160 3950 4162
f 4162 3943 4166
f 4154 4159 3899
f 4130 3885 4125
f 4159 4165 3907
f 4129 4168 3841
f 4130 4173 3893
f 4103 3354 4102
f 4126 4169 3878
f 3534 4179 4196
f 4176 3531 4198
f 3531 4176 4139
f 4174 4191 3368
f 4153 3826 4180
f 3795 4181 4185
f 4197 4183 3556
f 4152 4174 3366
f 3552 4140 4146
f 4145 4178 3559
f 4140 3550 4196
f 4158 3833 4153
f 3339 4144 4175
f 3533 4139 4179
f 4131 4155 3870
f 3375 4190 4199
f 4199 4203 3375
f 4203 4134 3807
f 4136 4186 3370
f 3967 4200 4136
f 3974 4187 4148
f 4148 4151 3974
f 4137 4202 3976
f 4202 4188 3335
f 3975 4188 4187
f 3972 4151 4200
f 3326 4150 4137
f 4149 4150 3326
f 4186 4190 3374
f 4137 3976 3327
f 3528 4184 4198
f 3326 4137 3327
f 4134 4184 3527
f 3313 4189 4147
f 4201 4189 3313
f 3326 3325 4147
f 3312 4201 3313
f 3325 3313 4147
f 3358 4052 4065
f 3612 3616 4204
f 3612 3283 3635
f 3429 4090 3430
f 3437 4090 3429
f 4208 3520 3504
f 3522 3520 4208
f 4207 3614 3524
f 4081 3688 3679
f 4083 3498 3497
f 4088 3450 3438
f 3500 4083 3497
f 4090 3437 3696
f 3453 4083 3500
f 3679 3678 4081
f 3613 3518 4068
f 3632 3609 4066
f 3519 3491 4084
f 4081 3678 3677
f 4084 3506 3519
f 4076 3631 3602
f 4072 3662 3669
f 4033 3490 3487
f 3456 3442 4089
f 3505 4033 3487
f 4066 3609 3608
f 3630 3629 4067
f 3506 4084 3507
f 3518 3517 4068
f 4089 3449 3456
f 3407 3695 4087
f 3407 4031 3428
f 4072 3669 3654
f 3433 3428 4031
f 3695 3693 4087
f 3601 4076 3602
f 3505 3448 4070
f 3608 3603 4066
f 3632 4066 3619
f 3601 3599 4076
f 3682 3635 3283
f 3431 4090 3436
f 4082 3453 3450
f 3431 3430 4090
f 3696 3694 4090
f 3523 4209 3524
f 3287 3683 3682
f 3287 3698 3683
f 3689 3688 4081
f 4078 3442 3441
f 3652 4072 3654
f 3631 4076 3648
f 4036 3671 3685
f 3626 4067 3629
f 4081 3677 3673
f 4087 3693 3692
f 4071 3661 3662
f 4033 3496 3490
f 4069 3491 3493
f 4067 3685 3630
f 4095 3408 3406
f 3467 3465 4038
f 4098 3466 3463
f 3474 4091 3481
f 3485 3484 4079
f 4095 3403 3412
f 3576 4110 3577
f 3591 3590 4105
f 3591 4048 3638
f 4106 3653 3644
f 3657 3653 4106
f 3578 3577 4110
f 4079 3580 3485
f 3580 4037 3582
f 3465 3466 4098
f 3463 3425 4098
f 4091 3474 3471
f 3406 3403 4095
f 3578 4112 3588
f 3412 3666 4094
f 3422 3419 4042
f 4106 3656 3657
f 3419 3418 4104
f 3596 3585 4085
f 3579 3575 4054
f 3413 3399 4119
f 3476 4097 3475
f 3643 4059 3670
f 4060 3563 3565
f 3564 3563 4060
f 3543 3542 4101
f 3643 3642 4118
f 4122 3537 3393
f 4113 3476 3460
f 3459 4113 3460
f 4119 3414 3413
f 4114 3457 3486
f 3416 4114 3486
f 3707 3396 4047
f 3543 4101 3544
f 3570 4049 3703
f 3394 3537 4115
f 4047 3398 3707
f 4111 3480 3479
f 4119 3399 3401
f 3575 3480 4054
f 4085 3585 3584
f 3422 4092 3423
f 4048 3640 3639
f 3639 3638 4048
f 4041 3482 3481
f 4073 3599 3598
f 3666 3665 4094
f 4054 3576 3573
f 4074 3484 3483
f 3595 3596 4085
f 3579 4054 3572
f 3397 3398 4047
f 3564 4049 3570
f 3642 3641 4118
f 4059 3659 3655
f 3457 4057 3458
f 4113 3459 3462
f 4059 3655 3670
f 3394 4051 3539
f 3565 3546 4060
f 3658 4100 3396
f 3542 3541 4061
f 4119 3401 3400
f 4098 3425 3426
f 3595 4073 3594
f 4063 3393 3395
f 4206 3616 3614
f 3628 4067 3626
f 3438 3440 4088
f 3503 4083 3502
f 4036 3673 3674
f 4083 3503 3498
f 4036 3674 3671
f 3504 3502 4208
f 4068 3512 3515
f 4067 3620 3623
f 3686 4035 3692
f 4072 3650 3648
f 4072 3652 3650
f 3628 3620 4067
f 4033 3493 3488
f 3447 3444 4070
f 3517 3512 4068
f 3613 4034 3605
f 3605 4034 3603
f 3449 4070 3443
f 3448 3447 4070
f 3496 4033 3488
f 3515 3508 4084
f 4073 3598 3593
f 4208 3523 3522
f 3690 4032 3694
f 3690 3689 4032
f 3436 4090 3440
f 3508 3507 4084
f 3434 3433 4031
f 3619 4067 3623
f 4070 3444 3443
f 4035 3686 3661
f 4091 3470 3472
f 3586 3581 4075
f 4105 3590 3587
f 4039 3410 3409
f 3410 4104 3418
f 3469 4043 3472
f 4074 3483 3482
f 4086 3584 3586
f 4091 3471 3470
f 3665 3664 4055
f 3574 3572 4054
f 3646 4096 3644
f 4054 3573 3574
f 3477 4107 3479
f 3658 3659 4100
f 3641 3645 4118
f 3546 3545 4060
f 3540 3538 4061
f 3540 4061 3541
f 3400 3402 4056
f 4093 3415 3414
f 4114 3416 3415
f 4060 3545 3544
f 3458 4046 3462
f 3408 4039 3409
f 3581 3582 4037
f 3656 4055 3664
f 3588 4045 3587
f 3423 4092 3426
f 3467 4043 3469
f 4096 3646 3640
f 4097 3477 3475
f 4056 3402 3397
f 3538 3539 4051
f 3645 3703 4049
f 3593 3594 4073
f 4078 3441 3434
f 3395 3392 4063
f 3568 4127 3566
f 4120 3357 3356
f 4099 3364 3362
f 3383 4121 3384
f 3938 4166 3939
f 3925 3924 4128
f 3945 4162 3946
f 3955 3954 4160
f 4162 3947 3946
f 4164 3931 3930
f 3363 3364 4099
f 3924 3923 4161
f 3348 4102 3349
f 4124 3959 3566
f 4127 3568 3713
f 3939 4166 3940
f 4160 3954 3953
f 4163 3918 3917
f 3933 3932 4164
f 3948 3947 4162
f 3932 3931 4164
f 3360 3357 4064
f 4058 3378 3363
f 3916 4163 3917
f 4126 3875 3874
f 3880 4169 3881
f 3904 3903 4159
f 4165 3910 3347
f 3895 4154 3896
f 3888 4130 3889
f 3858 4170 3859
f 3866 3865 4172
f 4172 3867 3866
f 3859 4132 3860
f 3873 4155 3874
f 3916 3915 4163
f 4154 3897 3896
f 4154 3898 3897
f 3905 3904 4159
f 3889 4130 3890
f 3881 4169 3882
f 4172 3865 3864
f 3868 3867 4172
f 3852 4167 3853
f 3883 3882 4125
f 3857 4170 3858
f 3569 4165 3347
f 4159 3903 3902
f 3910 4165 3911
f 4167 3852 3851
f 4103 3356 3353
f 3953 3952 4160
f 3945 3944 4162
f 3951 4160 3952
f 3937 4166 3938
f 4124 3351 3710
f 4099 3362 3361
f 3710 3961 4124
f 3943 4162 3944
f 3928 4164 3929
f 3940 4166 3941
f 4127 3958 3957
f 4127 3713 3958
f 3384 4062 3388
f 4164 3930 3929
f 3902 3901 4159
f 4163 3915 3914
f 3872 4155 3873
f 4130 3888 3887
f 3923 3922 4161
f 3887 3886 4130
f 4173 3894 3893
f 3895 3894 4173
f 4126 3876 3875
f 3861 3860 4132
f 3864 3863 4172
f 4169 3879 3878
f 4169 3880 3879
f 3925 4128 3926
f 3382 4121 3383
f 4124 3348 3351
f 3963 3965 4136
f 3345 4135 3812
f 3963 4136 3962
f 4136 3367 3802
f 4136 3965 3964
f 3964 3966 4136
f 3798 3368 4191
f 4153 3829 3828
f 4153 3830 3829
f 3813 4174 3368
f 3838 4171 3839
f 4192 3810 3340
f 3973 3974 4151
f 3335 4188 3975
f 4183 3558 3557
f 3548 3547 4196
f 3367 4136 3370
f 3821 4185 3822
f 4185 3823 3822
f 3967 3968 4200
f 3802 3801 4136
f 3975 4187 3974
f 3335 3976 4202
f 3532 3531 4139
f 4134 3526 3807
f 4200 3968 3969
f 3970 4200 3969
f 3972 4200 3971
f 3970 3971 4200
f 3806 3375 4203
f 4168 3845 3844
f 3838 3837 4171
f 3843 4168 3844
f 3831 3830 4153
f 3831 4153 3832
f 4180 3824 3823
f 3835 4171 3836
f 3850 3849 4157
f 4135 3365 3812
f 3821 3820 4185
f 3366 4174 3813
f 3385 3798 4181
f 3828 3827 4153
f 3845 4168 3846
f 4133 3847 3846
f 3342 3810 4195
f 4196 3550 3548
f 4197 3556 3554
f 3562 4193 3337
f 3973 4151 3972
f 3547 3534 4196
f 3806 4203 3807
f 4183 3557 3556
f 3551 3550 4140
f 3338 3337 4193
f 3528 4198 3529
f 3374 4190 3375
f 3966 3967 4136
f 3339 4192 3340
f 4197 3554 3553
f 3531 3529 4198
f 3837 3836 4171
f 3851 3850 4157
f 4136 3801 3962
f 3361 3358 4065
f 4062 3389 3388
f 3950 4160 3951
f 3936 3935 4123
f 4123 3935 3934
f 3937 3936 4123
f 4103 3353 3352
f 3354 4103 3352
f 4117 3382 3379
f 3381 4058 3379
f 3949 4162 3950
f 4166 3942 3941
f 3955 4160 3956
f 3943 3942 4166
f 3358 3360 4064
f 3961 3960 4124
f 3909 3908 4165
f 4165 3908 3907
f 3921 3920 4161
f 3912 4163 3913
f 3900 4159 3901
f 4159 3900 3899
f 3886 3885 4130
f 4159 3906 3905
f 4161 3922 3921
f 4161 3920 3919
f 4165 3569 3909
f 3884 4125 3885
f 4130 3893 3892
f 3876 4126 3877
f 3878 3877 4126
f 3891 3890 4130
f 3926 4128 3927
f 3928 3927 4128
f 4102 3354 3349
f 3378 4058 3381
f 3956 4160 3957
f 3948 4162 3949
f 3933 4123 3934
f 3959 4124 3960
f 3899 3898 4154
f 4163 3919 3918
f 4163 3912 3911
f 3906 4159 3907
f 4130 3892 3891
f 4125 3884 3883
f 4063 3391 3389
f 4170 3856 3855
f 3869 4131 3870
f 3842 4168 3843
f 4158 3835 3834
f 4185 3820 3819
f 4133 3849 3848
f 3871 3870 4155
f 4168 3842 3841
f 3854 4156 3855
f 3826 4153 3827
f 3833 4158 3834
f 3840 3839 4129
f 4180 3825 3824
f 3819 3795 4185
f 4170 3857 3856
f 3862 4172 3863
f 3872 3871 4155
f 3552 4146 3553
f 3536 4179 3534
f 3561 4193 3560
f 4194 3345 3811
f 4184 3528 3527
f 3532 4139 3533
f 4145 3559 3558
f 3373 4186 3374
f 3560 4193 3562
f 3561 3559 4193
f 4142 3811 3343
f 3804 3370 4186
f 4133 3848 3847
f 3869 3868 4172
f 3840 4129 3841
f 3832 4153 3833
f 4181 3795 3385
f 3853 4167 3854
f 4180 3826 3825
f 4138 3343 3342
f 4140 3552 3551
f 4179 3536 3533
f 3527 3526 4134
f 4144 3339 3338
f 3373 3804 4186
f 3365 4152 3366
f 4132 3862 3861
f 3913 4163 3914
f 3392 3391 4063
f 3698 3289 3981
f 4210 4211 4212
f 4213 4212 4211
f 4210 4214 4215
f 4215 4211 4210
f 4215 4214 4219
f 4217 5497 4216
f 4212 4216 5497
f 4216 4212 4213
f 4221 4214 4220
f 4219 4214 4221
f 4221 4222 4223
f 5197 4222 4221
f 5197 4221 4220
f 4224 4225 4223
f 4226 4225 4224
f 4227 4224 4228
f 4224 4227 4226
f 5196 4223 4222
f 4230 4231 4232
f 4233 4232 4231
f 4232 4235 4234
f 4237 4236 5231
f 4236 4234 5231
f 4228 4242 4241
f 4228 4243 4227
f 4228 4240 4239
f 4228 4239 4243
f 4228 4238 4240
f 4228 4241 4238
f 4245 4237 5231
f 4241 4242 4246
f 4248 4247 4242
f 4246 4242 4247
f 4245 4248 4242
f 4245 4244 4248
f 4229 4217 4218
f 4249 4252 4251
f 4249 4253 4260
f 4249 4260 4252
f 4254 4260 4253
f 4251 4256 4255
f 4258 4269 4259
f 4250 4251 4252
f 4269 4257 4259
f 4269 4255 4257
f 4261 4260 4254
f 4262 4261 4254
f 4262 4264 4263
f 4261 4262 4263
f 4264 4262 4265
f 4265 4262 4267
f 4262 4266 4267
f 4266 5212 4279
f 4268 4271 4269
f 4270 4271 4268
f 4272 4271 4270
f 4272 4274 4271
f 4273 4274 4272
f 4275 4274 4273
f 4276 5262 4275
f 5262 4274 4275
f 4279 5212 4278
f 5212 5216 4278
f 5216 4280 4278
f 4280 4284 4278
f 4281 4282 4276
f 4276 4277 4281
f 4283 4284 4280
f 4284 4283 4281
f 4283 4282 4281
f 4269 4258 4268
f 4736 4417 4409
f 4409 4419 4735
f 4736 4409 4735
f 4417 4418 4409
f 4417 4731 4418
f 4737 4731 4417
f 4737 4733 4731
f 4732 4731 4733
f 4732 4714 4731
f 4714 4732 4730
f 4730 4713 4714
f 4713 4730 4712
f 4712 4710 4713
f 4712 4711 4710
f 4711 4712 4709
f 4709 4655 4711
f 4709 4652 4655
f 4652 4709 4653
f 4653 4654 4652
f 4653 4651 4654
f 4651 4653 4650
f 4650 4649 4651
f 4650 4633 4649
f 4633 4650 4627
f 4627 4632 4633
f 4632 4627 4631
f 4631 4629 4632
f 4629 4631 4630
f 4630 4519 4629
f 4519 4630 4521
f 4521 4518 4519
f 4521 4516 4518
f 4516 4521 4520
f 4520 4517 4516
f 4520 4491 4517
f 4491 4520 4515
f 4515 4499 4491
f 4515 4497 4499
f 4497 4515 4498
f 4498 4494 4497
f 4498 4493 4494
f 4493 4498 4495
f 4495 4496 4493
f 4495 4438 4496
f 4438 4495 4437
f 4438 4437 4436
f 4438 4436 4439
f 4439 4432 4438
f 4432 4439 4434
f 4432 4434 4433
f 4433 4435 4432
f 4414 4415 4420
f 4699 4708 4702
f 4697 4700 4699
f 4646 4715 4645
f 4635 4641 4638
f 4648 4640 4638
f 4648 4638 4624
f 4624 4625 4626
f 4628 4621 4618
f 4634 4620 4628
f 4504 4501 4506
f 4487 4489 4490
f 4487 4484 4489
f 4429 4426 4427
f 4421 4422 4423
f 4412 4404 4411
f 4723 4716 4728
f 4683 4693 4707
f 4594 4595 4609
f 4461 4459 4462
f 4401 4400 4402
f 4738 4739 4364
f 4664 4675 4672
f 4657 4658 4604
f 4602 4604 4603
f 4599 4602 4601
f 4579 4582 4580
f 4469 4471 4470
f 4467 4469 4468
f 4465 4467 4464
f 4448 4447 4442
f 4388 4387 4390
f 4371 4369 4365
f 4661 4662 4660
f 4568 4575 4567
f 4542 4543 4541
f 4361 4537 4362
f 4363 4361 4360
f 4356 4357 4352
f 4345 4349 4346
f 4347 4345 4344
f 4321 4325 4322
f 4323 4321 4320
f 4319 4320 4324
f 4317 4315 4310
f 5014 4264 5013
f 4264 5014 5015
f 5015 4334 4264
f 4264 4336 4337
f 4334 4336 4264
f 5016 4337 5017
f 4336 5017 4337
f 4338 4337 5016
f 4337 4338 4341
f 4341 4338 4339
f 4341 4339 4340
f 4340 4523 4341
f 4523 4340 4342
f 4523 4342 4524
f 4524 4527 4523
f 4527 4524 4525
f 4527 4525 4526
f 4527 4526 4528
f 4527 4528 4529
f 4529 4532 4527
f 4532 4529 4530
f 4532 4530 4531
f 4532 4531 4533
f 4532 4533 4535
f 4532 4535 4534
f 4532 4534 4536
f 4536 4552 4532
f 4552 4536 4551
f 4552 4551 4553
f 4552 4553 4554
f 4552 4554 4555
f 4552 4555 4556
f 4556 4558 4552
f 4558 4556 4557
f 4558 4557 4559
f 4558 4559 4560
f 4558 4560 4561
f 4558 4561 4562
f 4562 4285 4558
f 4285 4562 4564
f 5018 4285 4564
f 4285 5018 4563
f 5019 4285 4563
f 4285 5019 4565
f 4285 4565 4286
f 4286 4287 4285
f 4287 4286 4288
f 4288 4290 4287
f 4290 4288 4289
f 4289 4298 4290
f 4298 4289 4291
f 5020 4298 4291
f 4298 5020 4299
f 4299 4294 4298
f 4294 4299 4295
f 4294 4295 4296
f 4296 4301 4294
f 4301 4296 4297
f 4301 4297 4304
f 5021 4301 4304
f 4301 5021 4300
f 4300 4305 4301
f 4305 4300 4303
f 4305 4303 4302
f 5022 4305 4302
f 4305 5022 4306
f 4306 4329 4305
f 4329 4306 4330
f 4329 4330 4331
f 4329 4331 4332
f 4329 4332 4333
f 4333 5012 4329
f 5011 5024 4335
f 5010 5025 4335
f 4335 5025 5009
f 4343 5026 5009
f 5009 5026 5027
f 5008 5028 4353
f 4354 5029 5006
f 4355 5030 5006
f 5006 5030 5031
f 5031 5007 5006
f 5032 5005 5004
f 5033 5003 5002
f 5034 5001 5000
f 5035 4999 4998
f 5036 4997 4996
f 5037 4995 4994
f 5038 4993 4992
f 5039 4991 4990
f 5040 4989 4988
f 5041 4987 4986
f 5042 4985 4984
f 5043 4983 4982
f 5044 4981 4980
f 5045 4979 4978
f 5046 4977 4976
f 5047 4975 4974
f 5048 4973 4972
f 5049 4971 4970
f 5050 4969 4968
f 5051 4967 4966
f 5052 4965 4964
f 5053 4963 4962
f 5054 4961 4960
f 5055 4959 4958
f 5056 4957 4956
f 5057 4955 4954
f 5058 4953 4952
f 5059 4951 4950
f 5060 4949 4948
f 5061 4947 4946
f 5062 4945 4944
f 5063 4943 4942
f 4292 4940 4566
f 4293 4292 4566
f 5064 4941 4940
f 5065 4939 4938
f 5066 4937 4936
f 5067 4935 4934
f 5068 4933 4932
f 5069 4931 4930
f 5070 4929 4928
f 5071 4927 4926
f 5072 4925 4924
f 5073 4923 4922
f 5074 4921 4920
f 5075 4919 4918
f 5076 4917 4916
f 5077 4915 4914
f 5078 4913 4912
f 5079 4911 4910
f 5080 4909 4908
f 5081 4907 4906
f 5082 4905 4904
f 5083 4903 4902
f 5084 4901 4900
f 5085 4899 4898
f 5086 4897 4896
f 5087 4895 4894
f 5088 4893 4892
f 5089 4891 4890
f 5090 4889 4888
f 5091 4887 4886
f 5092 4885 4884
f 5093 4883 4882
f 5094 4881 4880
f 5095 4879 4878
f 5096 4877 4876
f 5097 4875 4874
f 5098 4873 4872
f 5099 4871 4870
f 5100 4869 4868
f 5101 4867 4866
f 5102 4865 4864
f 5103 4863 4862
f 5104 4861 4860
f 5105 4859 4858
f 5106 4857 4856
f 5107 4855 4854
f 5108 4853 4852
f 5109 4851 4850
f 5110 4849 4848
f 5111 4847 4846
f 5112 4845 4844
f 5113 4843 4842
f 5114 4841 4840
f 5115 4839 4838
f 5116 4837 4836
f 5117 4835 4834
f 5118 4833 4832
f 5119 4831 4830
f 5120 4829 4828
f 5121 4827 4826
f 4313 4824 4312
f 4313 4312 4307
f 4313 4825 4824
f 5122 4823 4822
f 5123 4821 4820
f 5124 4819 4818
f 5125 4817 4816
f 5126 4815 4814
f 5127 4813 4812
f 5128 4811 4810
f 5129 4809 4808
f 5130 4807 4806
f 5131 4805 4804
f 5132 4803 4802
f 5133 4801 4800
f 5134 4799 4798
f 5135 4797 4796
f 5136 4795 4794
f 5137 4793 4792
f 5138 4791 4790
f 5139 4789 4788
f 5140 4787 4786
f 5141 4785 4784
f 5143 4782 4781
f 5144 4780 4779
f 5145 4778 4777
f 5146 4776 4775
f 5147 4774 4773
f 5152 4768 4767
f 5153 4766 4765
f 4747 5170 4746
f 4366 4739 4738
f 4672 4670 4664
f 4687 4686 4678
f 4689 4688 4687
f 4690 4692 4689
f 4383 4691 4690
f 4372 4383 4373
f 4375 4374 4372
f 4378 4377 4379
f 4380 4382 4378
f 4391 4380 4381
f 4392 4391 4393
f 4396 4394 4392
f 4395 4396 4392
f 4398 4397 4395
f 4401 4399 4398
f 4453 4455 4454
f 4457 4456 4453
f 4461 4458 4457
f 4476 4474 4481
f 4479 4476 4477
f 4478 4479 4477
f 4480 4511 4478
f 4588 4587 4589
f 4590 4588 4591
f 4590 4592 4596
f 4594 4597 4595
f 4606 4605 4607
f 4606 4610 4611
f 4613 4614 4612
f 4615 4612 4616
f 4683 4707 4685
f 4684 4683 4685
f 4441 4424 4431
f 4429 4428 4430
f 4440 4429 4500
f 4486 4485 4492
f 4504 4488 4514
f 4502 4505 4503
f 4510 4509 4502
f 4512 4508 4510
f 4513 4634 4512
f 4513 4522 4634
f 4619 4618 4621
f 4635 4638 4640
f 4639 4638 4641
f 4645 4643 4644
f 4646 4656 4715
f 4704 4702 4708
f 4705 4703 4702
f 4414 4407 4408
f 4414 4410 4415
f 4415 4433 4420
f 4341 4261 4337
f 5174 5013 4267
f 5174 4267 5175
f 4264 4265 5013
f 5175 4266 5176
f 5176 4279 5177
f 4337 4261 4263
f 4263 4264 4337
f 5013 4265 4267
f 5179 4279 5178
f 4267 4266 5175
f 4279 5176 4266
f 5177 4279 5179
f 4278 5181 5180
f 5182 5183 4278
f 5181 4278 5183
f 5186 5185 4281
f 5186 4281 5187
f 4281 5188 5187
f 4275 5188 4276
f 4278 5184 5182
f 4281 5185 4284
f 4278 5180 4279
f 5188 4281 4277
f 4278 4284 5184
f 4276 5188 4277
f 5178 4279 5180
f 4419 4409 4245
f 4245 5189 4419
f 4245 5190 5189
f 4237 4409 4418
f 4242 5191 5190
f 5192 4228 5193
f 5192 5191 4242
f 4237 4245 4409
f 4242 5190 4245
f 4242 4228 5192
f 5194 4224 5195
f 5194 4228 4224
f 5196 5195 4224
f 5196 4222 5197
f 4731 4236 4237
f 4223 5196 4224
f 4237 4418 4731
f 5193 4228 5194
f 5198 5199 5200
f 4221 5201 5203
f 5199 4221 4254
f 5204 5207 5210
f 5201 5204 5205
f 5211 5215 5218
f 5221 5222 4282
f 5219 5221 5229
f 5215 5219 5224
f 5207 5211 5212
f 5200 4253 5198
f 4254 5200 5199
f 5203 5201 5202
f 4254 4221 5203
f 5206 5205 5204
f 5210 5206 5204
f 5208 5225 5207
f 5209 5226 5207
f 5208 5207 5226
f 5210 5207 5225
f 5202 5201 5205
f 5214 5212 5211
f 5213 5227 5211
f 5214 5211 5227
f 5216 5218 5215
f 5228 5217 5215
f 5216 5215 5217
f 5213 5211 5218
f 5220 5224 5219
f 5229 4283 5219
f 5220 5219 4283
f 4282 5229 5221
f 4282 5222 5223
f 5228 5215 5224
f 5209 5207 5212
f 5222 5232 5223
f 5198 4253 5230
f 5231 5233 5262
f 5233 5234 5238
f 5239 5241 5244
f 5234 5239 5236
f 5245 5248 5251
f 5252 5256 5259
f 5248 5252 5260
f 5241 5245 5261
f 5232 5231 5262
f 5235 5238 5234
f 5236 5237 5234
f 5235 5234 5237
f 5262 5233 5238
f 4274 5236 5239
f 5263 5240 5239
f 4274 5239 5240
f 5242 5244 5241
f 5261 5243 5241
f 5242 5241 5243
f 5263 5239 5244
f 5246 5264 5245
f 5265 5247 5245
f 5246 5245 5247
f 5249 5250 5248
f 5251 5248 5250
f 5265 5245 5251
f 5253 5260 5252
f 5254 5255 5252
f 5253 5252 5255
f 5257 5259 5256
f 5230 5258 5256
f 5257 5256 5258
f 5254 5252 5259
f 5249 5248 5260
f 5261 5245 5264
f 5256 5198 5230
f 5231 5232 5222
f 4283 5229 4282
f 5220 4283 4280
f 5218 5216 5212
f 4276 4282 5223
f 5212 4266 5209
f 4266 4262 5206
f 5232 4276 5223
f 5217 5228 4280
f 4280 5228 5224
f 5227 5213 5212
f 5217 4280 5216
f 5218 5212 5213
f 5220 4280 5224
f 5212 5214 5227
f 4266 5226 5209
f 5208 4266 5225
f 4266 5206 5210
f 5203 5202 4262
f 4262 4254 5203
f 4262 5202 5205
f 4266 5208 5226
f 5225 4266 5210
f 5206 4262 5205
f 4254 4253 5200
f 5257 4253 4249
f 4251 4255 5251
f 5251 4255 4269
f 4251 5255 4249
f 5238 4274 5262
f 5243 4269 4271
f 5258 4253 5257
f 4253 5258 5230
f 5259 4249 5254
f 5255 4251 5253
f 4249 5255 5254
f 4249 5259 5257
f 5260 4251 5249
f 5250 4251 5251
f 4251 5250 5249
f 5251 4269 5265
f 5247 4269 5246
f 4269 5247 5265
f 4251 5260 5253
f 5264 4269 5261
f 5243 4271 5242
f 4269 5243 5261
f 4271 5263 5244
f 5244 5242 4271
f 5263 4271 5240
f 4274 5240 4271
f 5246 4269 5264
f 5236 4274 5237
f 5238 5235 4274
f 4276 5232 5262
f 5235 5237 4274
f 5198 4215 4219
f 5201 4221 4223
f 4223 4225 5204
f 4226 5207 4225
f 4226 4227 5207
f 4219 4221 5199
f 5215 4240 4238
f 4240 5211 4239
f 4239 5211 4243
f 4246 4247 5219
f 5211 4227 4243
f 4241 4246 5215
f 5215 4238 4241
f 5219 4248 4244
f 4245 5221 4244
f 4248 5219 4247
f 5222 4245 5231
f 5204 4225 5207
f 5204 5201 4223
f 5198 4219 5199
f 5207 4227 5211
f 5219 4244 5221
f 5222 5221 4245
f 4246 5219 5215
f 4240 5215 5211
f 4215 5198 5256
f 5239 4233 4231
f 4235 4232 5234
f 4234 5233 5231
f 4232 4233 5234
f 4235 5234 4234
f 4229 4218 5241
f 4230 4229 5241
f 4230 5239 4231
f 5245 4218 4217
f 5245 4217 4216
f 5248 4216 4213
f 4211 5252 4213
f 5256 4211 4215
f 4234 5234 5233
f 5234 4233 5239
f 5239 4230 5241
f 4218 5245 5241
f 5245 4216 5248
f 4213 5252 5248
f 4211 5256 5252
f 5270 4730 4732
f 5266 4630 4631
f 4406 4414 5267
f 4699 5324 4715
f 4416 4405 5268
f 4425 5347 4431
f 4719 5319 4717
f 4627 4650 5313
f 4439 4436 5317
f 4498 5271 4495
f 5318 4414 4420
f 5274 4719 4721
f 4405 4406 5268
f 4709 4712 5275
f 5276 4628 4618
f 4413 5278 4412
f 4441 4431 5279
f 5340 4624 4638
f 4699 4698 5320
f 4425 4429 5347
f 4502 4509 5322
f 5282 4504 4502
f 4423 4441 5283
f 5284 4486 4487
f 5280 4638 4637
f 4735 4419 5345
f 5285 4684 4696
f 5354 4473 4475
f 4590 5295 4588
f 4605 4606 5286
f 4453 4457 5287
f 4377 5288 4375
f 4668 4669 5289
f 4586 4577 5292
f 4466 4464 5306
f 5286 4609 4605
f 4378 5288 4377
f 4398 5294 4395
f 5295 4587 4588
f 4669 4671 5289
f 5296 4696 4723
f 4401 5349 4398
f 4380 5297 4378
f 5287 4457 4461
f 4453 5298 4454
f 4590 4596 5295
f 4451 4454 5299
f 4476 5354 4475
f 4375 5288 4372
f 5300 4683 4684
f 4372 5382 4383
f 4678 4687 5301
f 4659 5290 4604
f 5292 4471 4586
f 4365 5360 4403
f 5291 4600 4598
f 5304 4598 4601
f 5305 4577 4580
f 4385 5308 4386
f 4444 4442 5302
f 5308 4368 4386
f 5307 4464 4468
f 5309 4385 4390
f 4667 5310 4659
f 4674 5353 4671
f 5316 4732 4733
f 4653 5313 4650
f 5272 4520 4521
f 5311 4515 4520
f 5314 4498 4515
f 5316 4733 4417
f 4436 4437 5317
f 4420 4433 5318
f 4434 4439 5344
f 5319 4706 4717
f 5320 4698 4702
f 4509 4510 5322
f 4617 5323 4618
f 4645 4715 5324
f 4727 5274 4720
f 5325 4644 4645
f 4617 4623 5341
f 4637 4644 5321
f 5328 4512 4634
f 5326 4634 4628
f 5328 4510 4512
f 4631 4627 5329
f 5193 5332 5192
f 4730 5331 4712
f 5196 5333 5195
f 5194 5195 5335
f 5330 5193 5194
f 5336 4653 4709
f 5338 4521 4630
f 5332 5191 5192
f 4702 4705 5339
f 4437 4495 5315
f 5340 4626 4624
f 5341 4623 4626
f 4727 4729 5342
f 5343 5190 5191
f 4433 4434 5344
f 5190 5345 5189
f 5345 4417 4735
f 4416 5268 4729
f 4705 4706 5339
f 5346 4488 4504
f 4488 5346 4487
f 5189 5345 4419
f 5278 4413 4421
f 4401 4400 5349
f 4461 4459 5374
f 5366 4476 4479
f 4606 4611 5363
f 4726 4376 5350
f 5351 4723 4722
f 5350 4722 4724
f 4376 4412 5352
f 5353 4674 4701
f 5354 4472 4473
f 4593 5367 4596
f 4668 5289 4615
f 4483 4486 5355
f 5384 4396 4395
f 4667 4664 5383
f 4675 4678 5303
f 4387 5356 4390
f 4447 5357 4442
f 4468 4470 5307
f 4689 5358 4687
f 4604 5377 4603
f 4600 5359 4585
f 5360 4366 4403
f 4444 5302 4482
f 5358 4689 4690
f 5361 4365 4370
f 4613 5363 4611
f 4726 5350 4724
f 4612 5363 4613
f 5366 4479 4478
f 5367 4593 4594
f 4423 5368 4421
f 4483 5355 4500
f 4429 4500 5364
f 5370 4701 4683
f 4478 4480 5372
f 4587 5372 4480
f 4594 4609 5373
f 5374 4463 4472
f 5289 4612 4615
f 4463 5374 4459
f 5299 4450 4451
f 5376 4470 4471
f 4664 4672 5383
f 5377 4601 4603
f 4391 5384 4380
f 4447 4448 5379
f 5380 4387 4388
f 4367 5381 4370
f 4383 5382 4690
f 4580 4583 5305
f 4672 4675 5383
f 5384 4391 4392
f 4388 4482 5380
f 4367 4368 5385
f 4445 4466 5386
f 5387 4448 4445
f 4585 5359 4583
f 4396 5384 4392
f 4680 4364 5390
f 5360 4364 4366
f 5375 4400 4450
f 4680 5390 4682
f 4720 5274 4721
f 4358 4357 5391
f 4695 4694 5392
f 4346 5399 4344
f 5393 4769 4767
f 4792 5454 4794
f 4752 4751 5431
f 4779 5394 4781
f 4832 5404 4834
f 5403 4808 4806
f 5443 4324 4320
f 5395 4575 4665
f 4745 5439 4571
f 4744 5439 4745
f 5397 4740 4310
f 5438 4538 4539
f 4547 4546 5398
f 4546 4548 5440
f 4320 4322 5443
f 4740 5396 4309
f 4344 5399 4348
f 4751 4750 5431
f 4806 4804 5403
f 4359 5391 4357
f 4752 5431 4753
f 4777 5394 4779
f 4759 4758 5401
f 4848 4846 5400
f 4822 5449 4824
f 4850 4848 5453
f 5401 4760 4759
f 4790 5402 4792
f 4767 4765 5393
f 4810 4808 5403
f 5452 4812 4810
f 5404 4832 4830
f 4836 4834 5404
f 4820 5449 4822
f 4862 4860 5428
f 5450 4838 4836
f 5394 4783 4781
f 4576 4575 5430
f 4694 4682 5392
f 5405 4996 4994
f 5428 4864 4862
f 4908 5406 4910
f 4894 4892 5464
f 4966 4964 5407
f 5481 4940 4938
f 5009 5008 5422
f 4880 4878 5463
f 4924 4922 5410
f 4982 4980 5459
f 4968 4966 5411
f 4950 5412 4952
f 4936 5413 4938
f 4922 4920 5414
f 4908 4906 5415
f 4892 4890 5464
f 4936 4934 5416
f 4950 4948 5417
f 4968 5418 4970
f 4940 5481 4566
f 4962 5419 4964
f 4912 4910 5406
f 4878 4876 5463
f 4978 5420 4980
f 5494 4998 4996
f 4523 4527 4260
f 5008 4354 5422
f 5423 4294 4301
f 5423 4298 4294
f 4285 5409 4558
f 4992 5426 4994
f 4906 4904 5427
f 4866 4864 5428
f 5391 4359 4360
f 4567 5430 4570
f 5397 4310 4316
f 4743 5439 4744
f 4362 4538 5438
f 4350 5445 4346
f 4747 4572 5432
f 5443 4318 4324
f 4754 5431 4755
f 5445 4351 4352
f 5440 4548 4550
f 4749 5432 4750
f 5394 4777 4775
f 4757 5401 4758
f 4790 4788 5433
f 4818 5434 4820
f 5435 4804 4802
f 4846 4844 5400
f 4784 4783 5433
f 5451 4771 4770
f 4761 5448 4762
f 4828 5436 4830
f 5449 4307 4824
f 4852 4850 5453
f 4796 5454 4798
f 5448 4761 4760
f 5393 4765 4764
f 5437 4860 4858
f 4541 5438 4539
f 5391 4352 4358
f 4547 5442 4544
f 5447 4360 4362
f 5442 4541 4544
f 4309 5446 4742
f 4753 5431 4754
f 5441 4327 4348
f 4571 5439 4572
f 4569 5440 4550
f 4660 5429 4665
f 4326 4327 5441
f 4570 5440 4569
f 4318 5443 4316
f 4747 5432 4748
f 4322 4326 5444
f 5445 4350 4351
f 5446 4743 4742
f 4748 5432 4749
f 5454 4796 4794
f 4773 5394 4775
f 4763 5448 4764
f 5451 4770 4769
f 5452 4814 4812
f 4308 5449 4826
f 4308 4307 5449
f 4842 5450 4844
f 5451 4772 4771
f 5451 4773 4772
f 5433 4786 4784
f 4763 4762 5448
f 5433 4788 4786
f 4800 5435 4802
f 5452 4818 4816
f 5453 4854 4852
f 5452 4816 4814
f 5453 4856 4854
f 4840 4838 5450
f 5454 4800 4798
f 4842 4840 5450
f 4756 4755 5455
f 5455 4757 4756
f 5437 4858 4856
f 5429 4660 4663
f 4567 4576 5430
f 4826 5436 4828
f 5456 4904 4902
f 4876 4874 5457
f 5458 4934 4932
f 5414 4920 4918
f 5459 4984 4982
f 5460 4962 4960
f 4948 4946 5461
f 4976 5462 4978
f 4880 5463 4882
f 5464 4896 4894
f 4924 5465 4926
f 5494 5000 4998
f 5466 4954 4952
f 5426 4992 4990
f 4888 5467 4890
f 4354 5006 5468
f 4305 4329 5487
f 5469 4335 5009
f 4287 5470 4285
f 5006 5004 5468
f 4872 5457 4874
f 4900 5456 4902
f 4896 5473 4898
f 4888 4886 5467
f 5474 4932 4930
f 4958 5475 4960
f 4946 4944 5476
f 5477 4990 4988
f 4918 4916 5478
f 5456 4900 4898
f 5479 4916 4914
f 5479 4914 4912
f 4882 5467 4884
f 4926 5480 4928
f 4566 5481 4942
f 4954 5466 4956
f 5482 4974 4972
f 4930 4928 5474
f 5483 4958 4956
f 4972 4970 5484
f 5476 4944 4942
f 4984 5485 4986
f 4884 5467 4886
f 4872 4870 5457
f 5486 4988 4986
f 5002 5488 5004
f 5489 4301 4305
f 4298 5491 4290
f 4552 4558 5493
f 4329 5012 5492
f 5492 5012 5011
f 4532 4252 4527
f 5471 4532 4552
f 4523 4260 4341
f 5011 4335 5492
f 5002 5000 5494
f 5457 4870 4868
f 5495 4976 4974
f 4868 4866 5428
f 4663 4695 5392
f 5503 5196 5197
f 4210 4212 5499
f 5498 4212 5496
f 5500 4210 5499
f 5499 4212 5498
f 4212 5497 5496
f 5504 4214 4210
f 5503 4220 4214
f 5501 4214 5504
f 5330 5332 5193
f 5269 4730 5270
f 5502 4214 5501
f 5505 5335 5195
f 4210 5500 5504
f 5502 5503 4214
f 5333 5196 5503
f 5505 5195 5333
f 5334 5194 5335
f 5330 5194 5334
f 5343 5191 5332
f 5316 4417 5345
f 5345 5190 5343
f 5270 4732 5316
f 5312 4712 5331
f 5275 4712 5312
f 5331 4730 5269
f 5319 4719 5274
f 5318 4433 5327
f 4630 5266 5338
f 5324 4699 5320
f 5277 4486 5284
f 4515 5337 5314
f 5318 5267 4414
f 5336 5313 4653
f 5340 4638 5280
f 4627 5313 5329
f 4628 5276 5326
f 5322 5282 4502
f 5336 4709 5275
f 5281 4504 5282
f 4671 5353 5289
f 5285 5300 4684
f 5278 5352 4412
f 5310 5290 4659
f 4600 5291 5359
f 4678 5301 5303
f 5304 5291 4598
f 4378 5297 5288
f 5285 4696 5296
f 5277 5355 4486
f 4453 5287 5298
f 4454 5298 5299
f 4464 5307 5306
f 4395 5294 5384
f 4398 5349 5294
f 4472 5354 5374
f 5283 4441 5279
f 4431 5347 5279
f 5305 5292 4577
f 5317 5344 4439
f 4631 5329 5266
f 4521 5338 5272
f 4515 5311 5337
f 4498 5314 5273
f 5311 4520 5272
f 4437 5315 5317
f 4495 5271 5315
f 4433 5344 5327
f 4406 5267 5268
f 4498 5273 5271
f 5268 5342 4729
f 5302 5388 4482
f 5274 4727 5342
f 5320 4702 5339
f 5339 4706 5319
f 5325 4645 5324
f 5280 4637 5321
f 5321 4644 5325
f 5341 4626 5340
f 5323 4617 5341
f 5328 4634 5326
f 5276 4618 5323
f 5348 4487 5346
f 5284 4487 5348
f 5346 4504 5281
f 5322 4510 5328
f 5364 4500 5355
f 5369 4423 5283
f 5347 4429 5364
f 5362 4421 5368
f 5278 4421 5362
f 5351 4722 5350
f 5350 4376 5352
f 5368 4423 5369
f 5365 4683 5300
f 5353 4701 5370
f 5370 4683 5365
f 5363 4612 5289
f 5371 4594 5373
f 5367 4594 5371
f 5373 4609 5286
f 5286 4606 5363
f 5296 4723 5351
f 5295 4596 5367
f 5366 4478 5372
f 5372 4587 5295
f 5287 4461 5374
f 5354 4476 5366
f 5349 4400 5375
f 5382 4372 5288
f 5358 4690 5382
f 5301 4687 5358
f 5297 4380 5384
f 5375 4450 5299
f 5383 4675 5303
f 5377 4604 5290
f 5310 4667 5383
f 5304 4601 5377
f 5378 4583 5359
f 5305 4583 5378
f 5376 4471 5292
f 5307 4470 5389
f 5389 4470 5376
f 5387 4445 5386
f 5357 4447 5379
f 5379 4448 5387
f 5356 4387 5380
f 5380 4482 5388
f 5302 4442 5357
f 5386 4466 5306
f 5356 5309 4390
f 5293 5308 4385
f 5385 4368 5308
f 5361 4370 5381
f 5385 5381 4367
f 5360 4365 5361
f 5390 4364 5360
f 5392 4682 5390
f 5447 5391 4360
f 5392 5429 4663
f 5396 4740 5397
f 5429 5395 4665
f 5430 5440 4570
f 5395 5430 4575
f 5440 5398 4546
f 5442 5438 4541
f 5398 5442 4547
f 5447 4362 5438
f 5445 4352 5391
f 5445 5399 4346
f 5399 5441 4348
f 5441 5444 4326
f 5444 5443 4322
f 5443 5397 4316
f 4769 5393 5451
f 4924 5410 5465
f 4994 5426 5405
f 5415 4906 5427
f 5453 4848 5400
f 4792 5402 5454
f 4980 5420 5459
f 5487 4329 5408
f 4922 5414 5410
f 4908 5415 5406
f 5009 5422 5469
f 4996 5405 5494
f 5413 4936 5416
f 4760 5401 5448
f 4527 4252 4260
f 4261 4341 4260
f 4532 4256 4251
f 4256 4532 4255
f 4532 4250 4252
f 4251 4250 4532
f 4287 4290 5470
f 4743 5446 5439
f 4572 5439 5432
f 5432 5431 4750
f 4757 5455 5401
f 4755 5431 5455
f 5412 4950 5417
f 5404 5450 4836
f 4938 5413 5481
f 5411 5418 4968
f 4952 5412 5466
f 5425 4558 5409
f 4966 5407 5411
f 4764 5448 5393
f 5396 5446 4309
f 5471 4552 5421
f 4385 5309 5293
f 5394 4773 5451
f 5433 4783 5394
f 5452 4810 5403
f 5403 4804 5435
f 5435 4800 5454
f 5402 4790 5433
f 5434 4818 5452
f 5436 4826 5449
f 5449 4820 5434
f 5404 4830 5436
f 5400 4844 5450
f 5437 4856 5453
f 5428 4860 5437
f 5457 4868 5428
f 5463 4876 5457
f 5467 4882 5463
f 5456 4898 5473
f 5473 4896 5464
f 5427 4904 5456
f 5414 4918 5478
f 5478 4916 5479
f 5474 4928 5480
f 5480 4926 5465
f 5479 4912 5406
f 5464 4890 5467
f 5416 4934 5458
f 5476 4942 5481
f 5461 4946 5476
f 5475 4958 5483
f 5483 4956 5466
f 5419 4962 5460
f 5484 4970 5418
f 5407 4964 5419
f 5460 4960 5475
f 5417 4948 5461
f 5495 4974 5482
f 5420 4978 5462
f 5462 4976 5495
f 5485 4984 5459
f 5477 4988 5486
f 5486 4986 5485
f 5468 5004 5488
f 5422 4354 5468
f 5488 5002 5494
f 5426 4990 5477
f 5482 4972 5484
f 5472 4329 5492
f 5408 4329 5472
f 5423 4301 5489
f 5491 4298 5423
f 5489 4305 5487
f 5490 4285 5470
f 5424 4558 5425
f 4558 5424 5493
f 5493 5421 4552
f 4532 5471 4257
f 4257 4255 4532
f 5492 4335 5469
f 5458 4932 5474
f 5503 5197 4220
f 5496 5497 4649
f 4632 5499 5498
f 4629 5504 5500
f 5498 5496 4632
f 4519 5501 5504
f 5502 5501 4519
f 4491 5333 5503
f 5335 5505 4497
f 5334 5335 4493
f 5343 5332 4435
f 5332 5330 4438
f 4718 5331 5269
f 5269 5270 4719
f 4699 5275 5312
f 4645 5336 5275
f 5312 5331 4699
f 5329 5313 4624
f 4628 5338 5266
f 4487 5337 5311
f 4487 5314 5337
f 5311 5272 4502
f 5316 5345 4405
f 5315 5271 4500
f 5327 5344 4423
f 4376 5268 5267
f 5267 5318 4404
f 5344 5317 4431
f 5319 5274 4696
f 5320 5339 4676
f 5339 5319 4685
f 4612 5325 5324
f 4608 5340 5280
f 5280 5321 4606
f 5321 5325 4613
f 5324 5320 4669
f 5342 5268 4724
f 5341 5340 4594
f 4587 5328 5326
f 5326 5276 4588
f 4478 5322 5328
f 4474 5282 5322
f 4473 5346 5281
f 5281 5282 4473
f 4454 5355 5277
f 4449 5364 5355
f 4395 5283 5279
f 5279 5347 4398
f 4392 5368 5369
f 5362 5368 4391
f 4377 5352 5278
f 4383 5350 5352
f 5369 5283 4392
f 5277 5284 4453
f 5285 4678 5300
f 4679 5365 5300
f 4659 5289 5353
f 4664 5370 5365
f 5276 5323 4590
f 5341 4596 5323
f 5336 4636 5313
f 5285 5296 4678
f 5289 4604 5363
f 4599 5286 5363
f 5316 4725 5270
f 4600 5373 5286
f 4582 5367 5371
f 5371 5373 4584
f 4471 5372 5295
f 5366 4467 5354
f 5372 4469 5366
f 5367 4580 5295
f 4652 4217 4229
f 4229 4230 4711
f 4232 4234 4714
f 4518 5503 5502
f 4232 4710 4230
f 4236 4731 4234
f 4617 5266 5329
f 4457 5284 5348
f 5351 4687 5296
f 5274 5342 4723
f 5353 5370 4664
f 5334 4438 5330
f 5505 5333 4497
f 5272 5338 4510
f 5315 4429 5317
f 5318 5327 4413
f 4489 5273 5314
f 5346 4461 5348
f 5271 5273 4484
f 5278 5362 4381
f 5364 4401 5347
f 4629 5500 5499
f 5351 5350 4689
f 5343 4433 5345
f 4217 4651 5497
f 5374 5354 4466
f 5287 4444 5298
f 5349 4385 5294
f 5299 4389 5375
f 5288 5297 4365
f 5303 5301 4682
f 5301 5358 4682
f 5382 4364 5358
f 5383 5303 4663
f 5290 5310 4734
f 5310 5383 4665
f 4549 5304 5377
f 5359 5291 4546
f 5304 4546 5291
f 5305 5378 4544
f 5359 4547 5378
f 5382 5288 4738
f 5349 5375 4388
f 5384 4369 5297
f 5377 5290 4568
f 5305 4539 5292
f 5292 4538 5376
f 5294 4386 5384
f 5298 4443 5299
f 5376 4537 5389
f 4361 5307 5389
f 4351 5387 5386
f 5386 5306 4352
f 5306 5307 4357
f 4345 5357 5379
f 4349 5379 5387
f 4344 5388 5302
f 4326 5356 5380
f 5380 5388 4348
f 5309 5356 4325
f 5302 5357 4345
f 5287 5374 4448
f 4319 5381 5385
f 5385 5308 4320
f 5361 5381 4316
f 4309 5390 5360
f 5429 5392 4571
f 5440 5430 5165
f 5442 5398 5157
f 5151 5447 5438
f 5148 5391 5447
f 5445 5391 5144
f 5444 5441 5133
f 5441 5399 5135
f 5399 5445 5139
f 5126 5397 5443
f 5396 5397 5122
f 5432 5439 5115
f 5446 5396 4307
f 5455 5431 5107
f 5451 5393 5094
f 5448 5401 5102
f 5433 5394 5086
f 5403 5435 5074
f 5435 5454 5076
f 5454 5402 5081
f 5450 5404 5058
f 5436 5449 5063
f 5437 5453 5047
f 5467 5463 5035
f 5457 5428 5042
f 5453 5400 5051
f 5452 5403 5071
f 5464 5009 5473
f 5427 4331 5415
f 5406 4306 5479
f 4300 5414 5478
f 4303 5478 5479
f 5414 4297 5410
f 5465 4295 5480
f 5480 4299 5474
f 4296 5465 5410
f 4330 5406 5415
f 5474 4289 5458
f 5413 4288 5481
f 4288 5413 5416
f 4563 5476 5481
f 5412 4560 5466
f 4561 5412 5417
f 5475 4556 5460
f 5407 4554 5411
f 5419 5460 4556
f 4557 5475 5483
f 5461 5476 4562
f 5444 5130 5443
f 5067 5434 5452
f 5436 5061 5404
f 5449 5434 5066
f 5360 5361 4317
f 5390 5173 5392
f 5395 5168 5430
f 5439 5446 5119
f 5111 5431 5432
f 5438 5442 5154
f 5448 5097 5393
f 5400 5450 5053
f 5395 5429 5168
f 5398 5440 5160
f 5293 4321 5308
f 5394 5451 5090
f 5484 4536 5482
f 4535 5462 5495
f 4536 5495 5482
f 5420 4531 5459
f 5459 4529 5485
f 5456 5473 4335
f 5457 5038 5463
f 5006 5464 5467
f 5483 5466 4559
f 5427 5456 4332
f 4555 5407 5419
f 5484 5418 4551
f 5417 5461 4562
f 5411 4553 5418
f 5437 5045 5428
f 4289 5416 5458
f 4533 5420 5462
f 5401 5455 5105
f 5402 5433 5082
f 4528 5477 5486
f 4524 5405 5426
f 4340 5468 5488
f 5488 5494 4340
f 5494 5405 4524
f 4334 5492 5469
f 5469 5422 4336
f 5176 5487 5408
f 5489 5487 5180
f 4284 5491 5423
f 5470 4290 5187
f 4285 5490 4275
f 5490 5188 4275
f 5490 5470 5188
f 5185 4290 5491
f 5472 5175 5408
f 5181 5423 5489
f 4272 5425 5409
f 4272 5493 5424
f 5424 5425 4272
f 5468 4338 5422
f 4285 4275 4273
f 4526 5426 5477
f 4273 5409 4285
f 4272 5409 4273
f 5492 5175 5472
f 4268 5471 5421
f 4259 4257 5471
f 5493 4270 5421
f 4268 5421 4270
f 4272 4270 5493
f 4259 5471 4258
f 5471 4268 4258
f 4529 5486 5485
f 4321 5293 5309
f 4229 4655 4652
f 4232 4714 4713
f 4405 5345 4406
f 4416 5316 4405
f 4517 4491 5503
f 5504 4629 4519
f 5331 4718 4706
f 5335 4494 4493
f 5332 4432 4435
f 4496 5334 4493
f 5316 4416 4729
f 4438 5334 4496
f 5316 4729 4727
f 4711 4655 4229
f 4706 4705 5331
f 4628 4634 5338
f 4648 4624 5313
f 4514 4487 5311
f 4513 5338 4634
f 5331 4705 4704
f 5311 4501 4514
f 5324 4647 4616
f 5339 4685 4693
f 5271 4486 4483
f 4441 4423 5344
f 4500 5271 4483
f 5329 4624 4622
f 4646 4645 5275
f 4501 5311 4502
f 4513 4512 5338
f 5344 4431 4441
f 4376 4726 5268
f 4376 5267 4404
f 5339 4693 4676
f 4412 4404 5318
f 4726 4724 5268
f 4612 5324 4616
f 4500 4430 5315
f 4622 4623 5329
f 4648 5313 4635
f 5333 4491 4499
f 4612 4613 5325
f 4410 5345 4415
f 5332 4438 4432
f 4410 4406 5345
f 4649 5497 4651
f 4654 4217 4652
f 5503 4516 4517
f 4727 4725 5316
f 4518 5502 4519
f 5496 4649 4633
f 4719 4718 5269
f 5327 4423 4422
f 4673 5320 4676
f 4647 5324 4669
f 5275 4697 4715
f 4642 5336 4645
f 4617 5329 4623
f 5331 4704 4699
f 5342 4724 4723
f 5319 4696 4685
f 5271 4492 4486
f 5314 4487 4489
f 5275 4715 4646
f 4632 5496 4633
f 4731 4714 4234
f 5352 4377 4375
f 4453 4454 5277
f 5355 4452 4449
f 4463 5346 4473
f 4480 4478 5328
f 5352 4372 4383
f 4582 5371 4583
f 4604 4602 5363
f 4604 5289 4657
f 5365 4675 4664
f 4679 4675 5365
f 4584 4583 5371
f 5328 4587 4480
f 4588 5276 4591
f 4454 4452 5355
f 4449 4400 5364
f 5346 4463 4460
f 5326 4588 4587
f 4375 4372 5352
f 4584 5373 4600
f 4383 4690 5350
f 4395 4392 5283
f 5300 4678 4679
f 4392 4391 5368
f 4609 4595 5340
f 4586 4581 5295
f 5294 4385 4386
f 4384 4368 5384
f 4466 5354 4465
f 4663 5303 4694
f 5377 4567 4570
f 5378 4547 4544
f 4568 4567 5377
f 4545 4547 5359
f 4663 4662 5383
f 5389 4537 4361
f 5374 4466 4446
f 4445 5374 4446
f 5384 4386 4384
f 5299 4443 4482
f 4389 5299 4482
f 4738 4364 5382
f 4545 5359 4546
f 4575 5290 4734
f 4538 4537 5376
f 5288 4403 4738
f 5372 4471 4469
f 5384 4368 4370
f 4581 4471 5295
f 5340 4595 4594
f 4395 5279 4398
f 5289 4659 4658
f 4658 4657 5289
f 5282 4474 4473
f 5321 4613 4611
f 4690 4689 5350
f 5367 4582 4579
f 5322 4478 4477
f 4608 4609 5340
f 4586 5295 4578
f 4365 4403 5288
f 4568 5290 4575
f 4662 4661 5383
f 5303 4682 4677
f 4443 5298 4444
f 5374 4445 4448
f 5303 4677 4694
f 4538 5292 4540
f 4570 4550 5377
f 4681 5358 4364
f 4544 4543 5305
f 5384 4370 4369
f 5364 4400 4401
f 4608 5280 4607
f 5307 4361 4363
f 4644 5336 4642
f 4435 4433 5343
f 4217 4654 4651
f 4710 4232 4713
f 4518 4516 5503
f 4629 5499 4632
f 5335 4497 4494
f 5275 4699 4697
f 4499 4497 5333
f 5338 4507 4510
f 5313 4636 4639
f 4716 5274 4723
f 5320 4674 4669
f 5320 4673 4674
f 4644 4636 5336
f 5273 4489 4484
f 4429 4426 5317
f 4512 4507 5338
f 4628 5266 4619
f 4619 5266 4617
f 4431 5317 4425
f 4430 4429 5315
f 4492 5271 4484
f 4510 4503 5272
f 5321 4611 4606
f 4711 4230 4710
f 4720 5270 4725
f 4720 4719 5270
f 4415 5345 4433
f 4503 4502 5272
f 4413 4412 5318
f 4635 5313 4639
f 5317 4426 4425
f 5274 4716 4696
f 5346 4459 4461
f 4596 4590 5323
f 5363 4602 4599
f 5278 4381 4380
f 4381 5362 4391
f 5341 4593 4596
f 4457 5348 4461
f 5322 4477 4476
f 5322 4476 4474
f 5341 4594 4593
f 5346 4460 4459
f 4689 4687 5351
f 4580 4578 5295
f 5278 4378 4377
f 4666 5353 4664
f 5367 4579 4580
f 4467 5366 4469
f 4681 4682 5358
f 4661 4665 5383
f 4550 4549 5377
f 4542 4539 5305
f 4542 5305 4543
f 4369 4371 5297
f 5349 4388 4385
f 5375 4389 4388
f 5304 4549 4546
f 4444 5287 4448
f 4378 5278 4380
f 4590 4591 5276
f 4678 5296 4687
f 4600 5286 4599
f 4398 5347 4401
f 4453 5284 4457
f 5353 4666 4659
f 5354 4467 4465
f 5297 4371 4365
f 4539 4540 5292
f 4665 4734 5310
f 4606 4607 5280
f 5327 4422 4413
f 4363 4360 5307
f 4573 5429 4571
f 5385 4320 4319
f 5380 4328 4326
f 4351 5386 4352
f 5149 5447 5150
f 5136 5135 5399
f 5156 5442 5157
f 5166 5165 5430
f 5398 5158 5157
f 5445 5142 5141
f 4348 4328 5380
f 5135 5134 5441
f 4309 5360 4311
f 5392 5171 4571
f 5429 4573 4746
f 5150 5447 5151
f 5440 5165 5164
f 5443 5129 5128
f 5144 5143 5445
f 5159 5158 5398
f 5143 5142 5445
f 4323 4320 5308
f 5388 4344 4348
f 5127 5443 5128
f 5394 5087 5086
f 5092 5451 5093
f 5116 5115 5439
f 5396 4313 4307
f 5107 5431 5108
f 5100 5448 5101
f 5070 5452 5071
f 5078 5077 5454
f 5454 5079 5078
f 5071 5403 5072
f 5085 5433 5086
f 4293 5449 5064
f 5127 5126 5443
f 5431 5109 5108
f 5431 5110 5109
f 5117 5116 5439
f 5101 5448 5102
f 5093 5451 5094
f 5454 5077 5076
f 5080 5079 5454
f 5064 5449 5065
f 5095 5094 5393
f 5069 5452 5070
f 4574 5446 4307
f 5432 5115 5114
f 4313 5396 5122
f 5449 4293 5063
f 5381 4319 4316
f 5164 5163 5440
f 5156 5155 5442
f 5162 5440 5163
f 5148 5447 5149
f 5390 4314 4741
f 5356 4326 4325
f 4741 5173 5390
f 5154 5442 5155
f 5139 5445 5140
f 5151 5438 5152
f 5429 5169 5168
f 5429 4746 5169
f 4352 5306 4356
f 5445 5141 5140
f 5114 5113 5432
f 5397 5126 5125
f 5084 5433 5085
f 5448 5100 5099
f 5134 5133 5441
f 5099 5098 5448
f 5455 5106 5105
f 5107 5106 5455
f 5394 5088 5087
f 5073 5072 5403
f 5076 5075 5435
f 5451 5091 5090
f 5451 5092 5091
f 5136 5399 5137
f 4349 5387 4351
f 5390 4309 4314
f 4302 5479 4306
f 5175 5492 5174
f 5492 4334 5014
f 5177 5487 5176
f 5175 5176 5408
f 5009 4335 5473
f 5457 5041 5040
f 5457 5042 5041
f 5465 4296 4295
f 5023 5456 4335
f 5050 5453 5051
f 5474 4299 4291
f 5182 5184 5423
f 5188 5470 5187
f 5412 4561 4560
f 4551 4536 5484
f 4334 5469 4336
f 5033 5467 5034
f 5467 5035 5034
f 5177 5179 5487
f 5014 5013 5492
f 5184 4284 5423
f 5185 5491 4284
f 4290 5185 5186
f 5187 4290 5186
f 4531 4530 5459
f 5487 5178 5180
f 5183 5423 5181
f 5180 5181 5489
f 4342 4340 5494
f 5179 5178 5487
f 5183 5182 5423
f 5450 5057 5056
f 5050 5049 5453
f 5055 5450 5056
f 5043 5042 5428
f 5043 5428 5044
f 5464 4353 5027
f 4330 5415 4331
f 5463 5036 5035
f 4302 4303 5479
f 5047 5453 5048
f 5062 5061 5436
f 5406 4330 4306
f 5033 5032 5467
f 4333 5456 5023
f 5027 5009 5464
f 5040 5039 5457
f 5057 5450 5058
f 5404 5059 5058
f 4295 4299 5480
f 5418 4553 4551
f 5483 4559 4557
f 4565 5481 4286
f 5459 4530 4529
f 4342 5494 4524
f 5466 4560 4559
f 4554 4553 5411
f 4288 4286 5481
f 4528 5486 4529
f 4339 5468 4340
f 4289 5474 4291
f 5475 4557 4556
f 5049 5048 5453
f 5063 5062 5436
f 5492 5013 5174
f 4325 4321 5309
f 5306 4357 4356
f 5161 5440 5162
f 5147 5146 5391
f 5391 5146 5145
f 5148 5147 5391
f 5361 4316 4315
f 4317 5361 4315
f 5379 4349 4345
f 4347 5302 4345
f 5160 5440 5161
f 5438 5153 5152
f 5166 5430 5167
f 5154 5153 5438
f 4321 4323 5308
f 5173 5172 5392
f 5121 5120 5446
f 5446 5120 5119
f 5132 5131 5444
f 5123 5397 5124
f 5112 5432 5113
f 5432 5112 5111
f 5098 5097 5448
f 5439 5118 5117
f 5444 5133 5132
f 5444 5131 5130
f 5446 4574 5121
f 5096 5393 5097
f 5401 5105 5104
f 5088 5394 5089
f 5090 5089 5394
f 5103 5102 5401
f 5137 5399 5138
f 5139 5138 5399
f 5360 4317 4311
f 4344 5302 4347
f 5167 5430 5168
f 5159 5398 5160
f 5144 5391 5145
f 5171 5392 5172
f 5111 5110 5431
f 5443 5130 5129
f 5397 5123 5122
f 5118 5439 5119
f 5401 5104 5103
f 5393 5096 5095
f 5307 4359 4357
f 5452 5068 5067
f 5081 5402 5082
f 5054 5450 5055
f 5437 5047 5046
f 5467 5032 5031
f 5404 5061 5060
f 5083 5082 5433
f 5450 5054 5053
f 5066 5434 5067
f 5038 5457 5039
f 5045 5437 5046
f 5052 5051 5400
f 5463 5037 5036
f 5031 5006 5467
f 5452 5069 5068
f 5074 5435 5075
f 5084 5083 5433
f 4332 5456 4333
f 5495 4536 4534
f 4555 5419 4556
f 4535 5495 4534
f 4528 4526 5477
f 4564 5476 4563
f 4304 4297 5414
f 5478 4303 4300
f 5426 4526 4525
f 4531 5420 4533
f 5417 4562 4561
f 4338 5468 4339
f 4563 5481 4565
f 4564 4562 5476
f 5414 4300 4304
f 5016 4336 5422
f 5404 5060 5059
f 5081 5080 5454
f 5052 5400 5053
f 5044 5428 5045
f 5464 5006 4353
f 5065 5449 5066
f 5463 5038 5037
f 5410 4297 4296
f 5407 4555 4554
f 5462 4535 4533
f 4525 4524 5426
f 5416 4289 4288
f 4338 5016 5422
f 4331 5427 4332
f 5403 5074 5073
f 5124 5397 5125
f 4360 4359 5307
f 6113 5506 6098
f 5619 6670 5620
f 5637 5642 5620
f 5630 5614 5618
f 5636 5637 5620
f 7808 5643 5645
f 5656 5645 5657
f 5659 5647 5646
f 6421 5769 5771
f 5765 5773 6421
f 5775 5782 5776
f 5778 5779 5780
f 5781 5782 5783
f 5792 5778 5793
f 5820 5825 5821
f 5830 5807 5831
f 5879 5880 5881
f 5897 5903 5898
f 5925 5926 5927
f 5931 5932 5926
f 5945 5946 5947
f 5953 5946 5954
f 6234 6238 6235
f 6236 6237 6238
f 6245 6246 6241
f 6293 6297 6436
f 6300 6299 6297
f 6303 6304 6295
f 6304 6303 6426
f 6373 6367 6368
f 6372 6373 6374
f 6385 6383 6384
f 6396 6397 6408
f 6400 6404 6401
f 6402 6403 6404
f 6415 6420 6416
f 7345 6392 6393
f 6429 6295 6304
f 6429 6431 6295
f 6295 6300 6297
f 6434 6295 6431
f 6300 6295 6434
f 6436 6297 6435
f 6299 6435 6297
f 6437 6293 6436
f 6437 6438 6293
f 6292 6293 6438
f 6292 6289 6293
f 6289 6294 6252
f 6290 6289 6296
f 6298 6260 6252
f 6298 6252 6294
f 6252 6258 6249
f 6251 6258 6252
f 6251 6252 6260
f 6253 6259 6249
f 6253 6249 6258
f 6250 6257 6249
f 6250 6249 6259
f 6249 6244 6238
f 6254 6244 6249
f 6254 6249 6257
f 6234 6242 6238
f 6235 6238 6244
f 6238 6243 6241
f 6237 6243 6238
f 6236 6238 6242
f 6231 6240 6241
f 6231 6241 6243
f 6241 5951 5946
f 6246 5951 6241
f 6245 6241 6240
f 5953 5952 5946
f 5954 5946 5951
f 5946 5948 5941
f 5945 5948 5946
f 5947 5946 5952
f 5942 5939 5941
f 5942 5941 5948
f 5941 5937 5926
f 5930 5937 5941
f 5930 5941 5939
f 5932 5938 5926
f 5931 5926 5937
f 5926 5935 5936
f 5925 5935 5926
f 5927 5926 5938
f 5940 5936 5935
f 5936 5903 5897
f 5896 5903 5936
f 5896 5936 5940
f 5897 5898 5883
f 5895 5902 5883
f 5895 5883 5898
f 5899 5891 5883
f 5899 5883 5902
f 5883 5889 5880
f 5884 5889 5883
f 5884 5883 5891
f 5885 5890 5880
f 5885 5880 5889
f 5880 5888 5826
f 5879 5888 5880
f 5881 5880 5890
f 5892 5827 5826
f 5892 5826 5888
f 5826 5825 5820
f 5832 5825 5826
f 5832 5826 5827
f 5817 5824 5820
f 5817 5820 5821
f 5820 5822 5807
f 5822 5820 5824
f 5830 5812 5807
f 5831 5807 5822
f 5807 5813 5803
f 5808 5813 5807
f 5808 5807 5812
f 5809 5811 5803
f 5809 5803 5813
f 5804 5815 5803
f 5804 5803 5811
f 5803 5788 5778
f 5794 5788 5803
f 5794 5803 5815
f 5792 5786 5778
f 5793 5778 5788
f 5778 5787 5782
f 5780 5787 5778
f 5779 5778 5786
f 5775 5785 5782
f 5776 5782 5787
f 5782 5772 5767
f 5781 5772 5782
f 5783 5782 5785
f 5768 5767 5772
f 5767 5769 6421
f 5769 5767 5768
f 5765 6421 5771
f 6421 6420 6415
f 6422 6420 6421
f 6422 6421 5773
f 6415 6416 6412
f 6413 6419 6412
f 6413 6412 6416
f 6412 6409 6404
f 6417 6409 6412
f 6417 6412 6419
f 6400 6407 6404
f 6401 6404 6409
f 6404 6408 6397
f 6403 6408 6404
f 6402 6404 6407
f 6397 6396 6406
f 6410 6379 6406
f 6410 6406 6396
f 6406 6377 6370
f 6382 6377 6406
f 6382 6406 6379
f 6370 6378 6373
f 6371 6378 6370
f 6371 6370 6377
f 6368 6376 6373
f 6367 6373 6378
f 6373 6384 6383
f 6372 6384 6373
f 6374 6373 6376
f 6383 6385 6361
f 6305 6308 6387
f 6281 6282 7413
f 6277 6276 6489
f 6273 6274 6275
f 6478 7089 6477
f 6522 5723 5729
f 5724 6582 5723
f 5571 6791 6168
f 6663 5695 6662
f 5630 5679 6666
f 6669 6670 5619
f 5636 5620 6670
f 6671 5642 5637
f 5639 5641 5642
f 5639 5642 6671
f 5649 7808 5642
f 6672 7808 5649
f 7808 6672 6673
f 5649 5642 5641
f 5651 5643 7808
f 5651 7808 6673
f 6675 5645 5643
f 5645 6675 6674
f 5658 5644 5645
f 5658 5645 6674
f 5645 5646 5647
f 5656 5646 5645
f 5657 5645 5644
f 5647 5659 7611
f 5663 5960 7611
f 5663 7611 5659
f 7611 5961 7612
f 5969 5961 7611
f 5969 7611 5960
f 5971 5964 7612
f 5971 7612 5961
f 7612 5970 5966
f 5970 7612 5964
f 5974 5966 5970
f 5975 5966 5974
f 5978 5984 5966
f 5978 5966 5975
f 5966 5997 7614
f 5997 5966 5984
f 5994 5982 7614
f 5994 7614 5997
f 7614 5983 7667
f 5995 5983 7614
f 5995 7614 5982
f 5996 5990 7667
f 5996 7667 5983
f 7667 5985 5986
f 6000 5985 7667
f 6000 7667 5990
f 6002 5989 5986
f 6002 5986 5985
f 5986 5987 5988
f 6001 5987 5986
f 6001 5986 5989
f 5988 6068 6067
f 6005 6068 5988
f 6005 5988 5987
f 6080 6063 6067
f 6080 6067 6068
f 6067 6064 6065
f 6077 6064 6067
f 6077 6067 6063
f 6078 6066 6065
f 6078 6065 6064
f 6065 6079 6073
f 6079 6065 6066
f 6083 6069 6073
f 6083 6073 6079
f 6073 6071 6072
f 6085 6071 6073
f 6085 6073 6069
f 6084 6070 6072
f 6084 6072 6071
f 6072 6094 6093
f 6088 6094 6072
f 6088 6072 6070
f 6112 6089 6093
f 6112 6093 6094
f 6093 6091 6090
f 6102 6091 6093
f 6102 6093 6089
f 6103 6092 6090
f 6103 6090 6091
f 6090 6104 6099
f 6104 6090 6092
f 6108 6095 6099
f 6108 6099 6104
f 6099 6097 6098
f 6111 6097 6099
f 6111 6099 6095
f 6109 6096 6098
f 6109 6098 6097
f 6096 6113 6098
f 6098 6676 5507
f 5506 6676 6098
f 5516 5508 5507
f 5516 5507 6676
f 5507 5509 7665
f 5517 5509 5507
f 5517 5507 5508
f 7665 5510 5511
f 5521 5510 7665
f 5521 7665 5509
f 5524 5512 5511
f 5524 5511 5510
f 5511 5522 5531
f 5522 5511 5512
f 5525 5531 5522
f 5551 5532 5531
f 5551 5531 5525
f 5531 5527 5526
f 5540 5527 5531
f 5540 5531 5532
f 5541 5528 5526
f 5541 5526 5527
f 5526 5530 5529
f 5542 5530 5526
f 5542 5526 5528
f 5546 5537 5529
f 5546 5529 5530
f 5529 5533 5534
f 5549 5533 5529
f 5549 5529 5537
f 5548 5536 5534
f 5548 5534 5533
f 5534 5535 7610
f 5552 5535 5534
f 5552 5534 5536
f 5611 7610 5535
f 7610 5615 5614
f 5640 5615 7610
f 5640 7610 5611
f 5628 5616 5614
f 5628 5614 5615
f 5629 5618 5614
f 5629 5614 5616
f 6666 5676 5630
f 6677 5676 6678
f 6677 5623 5676
f 6678 5676 6666
f 5679 5630 5617
f 6665 6679 5676
f 5677 5676 5623
f 5622 6680 5621
f 5675 5621 5624
f 6664 6681 5693
f 5693 6681 5648
f 6682 5650 6662
f 5650 6682 5694
f 6661 6683 5694
f 6684 5660 6660
f 5660 6684 5661
f 6685 5965 6659
f 5661 6658 5660
f 6425 6658 5965
f 6686 5977 6657
f 6687 5991 6656
f 6016 6655 5977
f 6038 6655 5991
f 6688 6074 6654
f 6142 6653 6074
f 6689 6105 6652
f 6148 6651 6105
f 6690 6145 6650
f 6145 6690 6101
f 6691 5515 6151
f 6110 6151 6668
f 6692 6693 6694
f 6694 5555 6692
f 6695 5555 6694
f 5555 6695 5514
f 6693 6692 6647
f 6667 6692 5515
f 6696 5665 6645
f 5665 6696 5631
f 6697 5705 6643
f 5705 6697 5662
f 6698 6120 6640
f 6120 6698 6121
f 6121 6639 6120
f 6699 6170 6638
f 6170 6699 6158
f 6700 6156 6636
f 6156 6700 6157
f 6157 6648 6156
f 6702 6701 6703
f 6702 5572 6701
f 6704 5572 6702
f 5572 6704 5557
f 6703 6701 6635
f 5554 6701 5553
f 6706 6705 6707
f 6706 6708 6705
f 6707 6705 6633
f 6709 5601 6632
f 5601 6709 5587
f 6710 5596 6630
f 5596 6710 5608
f 6629 6711 5608
f 6713 6712 6714
f 6713 6715 6712
f 6714 6712 6628
f 6716 5683 6627
f 5683 6716 5669
f 6717 5672 6625
f 5672 6717 5673
f 5673 6624 5672
f 6623 6718 5691
f 6622 6719 5717
f 6621 6721 5959
f 5678 5959 6720
f 6620 6722 5858
f 6619 6723 5849
f 6725 6724 6726
f 6725 5850 6724
f 6727 5850 6725
f 5850 6727 5697
f 6726 6724 6618
f 6617 6728 5850
f 5697 5851 5850
f 6616 6729 5856
f 6615 6730 5854
f 6614 6731 5857
f 6613 6732 5713
f 6733 6022 6732
f 6022 6733 6007
f 6612 6734 6022
f 6007 6023 6022
f 6611 6735 6024
f 6610 6737 6025
f 6738 6035 6737
f 6035 6738 6013
f 6011 6025 6736
f 6609 6739 6035
f 6013 6036 6035
f 6742 6741 6743
f 6742 6181 6741
f 6744 6181 6742
f 6181 6744 6015
f 6743 6741 6608
f 6018 6741 6740
f 6607 6745 6181
f 6015 6182 6181
f 6606 6747 6180
f 6019 6180 6746
f 6605 6748 6209
f 6604 6749 6200
f 6751 6750 6752
f 6751 6753 6750
f 6752 6750 6603
f 6602 6754 6201
f 6601 6755 6204
f 6600 6756 6205
f 6599 6757 6208
f 6598 6758 6316
f 6597 6759 6311
f 6596 6760 6313
f 6595 6761 6315
f 6594 6762 6318
f 6764 6763 6765
f 6764 6766 6763
f 6765 6763 6593
f 6768 6767 6769
f 6768 6770 6767
f 6769 6767 6592
f 6772 6771 6773
f 6772 6774 6771
f 6773 6771 6591
f 6590 6775 6335
f 6589 6776 6331
f 6588 6777 6333
f 6587 6778 6334
f 6586 6779 6337
f 6781 6780 6782
f 6781 6783 6780
f 6782 6780 6585
f 6785 6784 6786
f 6785 6787 6784
f 6786 6784 6584
f 6789 6790 6788
f 6790 6791 6788
f 6789 6788 6583
f 6168 5570 5571
f 6581 6792 5718
f 6793 5721 6792
f 5721 6793 5569
f 6580 6794 5721
f 5569 5722 5721
f 6579 6795 5728
f 6797 6796 6798
f 6797 6799 6796
f 6798 6796 6578
f 6801 6800 6802
f 6801 6803 6800
f 6802 6800 6577
f 6805 6804 6806
f 6805 6807 6804
f 6806 6804 6576
f 6809 6808 6810
f 6809 5741 6808
f 6811 5741 6809
f 5741 6811 5603
f 6810 6808 6575
f 6574 6812 5741
f 5603 5742 5741
f 6573 6813 5743
f 6814 5744 6813
f 5744 6814 5599
f 6572 6815 5744
f 5599 5745 5744
f 6817 6816 6818
f 6817 6819 6816
f 6818 6816 6571
f 6821 6820 6822
f 6821 6823 6820
f 6822 6820 6570
f 6825 6824 6826
f 6825 6827 6824
f 6826 6824 6569
f 6829 6828 6830
f 6829 6831 6828
f 6830 6828 6568
f 6567 6832 5748
f 6566 6834 5839
f 5685 5839 6833
f 6565 6835 5834
f 6836 5835 6835
f 5835 6836 5681
f 6564 6837 5835
f 5681 5836 5835
f 6563 6838 5838
f 6562 6839 5841
f 6841 6840 6842
f 6841 6843 6840
f 6842 6840 6561
f 6845 6844 6846
f 6845 6847 6844
f 6846 6844 6560
f 6849 6848 6850
f 6849 6851 6848
f 6850 6848 6559
f 6558 6852 5852
f 6854 6853 6855
f 6854 5860 6853
f 6856 5860 6854
f 5860 6856 5709
f 6855 6853 6557
f 6556 6857 5860
f 5709 5861 5860
f 6555 6858 5864
f 6554 6859 5862
f 6553 6860 5863
f 6862 6861 6863
f 6862 6864 6861
f 6863 6861 6552
f 6866 6865 6867
f 6866 6868 6865
f 6867 6865 6551
f 6550 6869 6172
f 6870 6173 6869
f 6173 6870 6021
f 6549 6871 6173
f 6021 6174 6173
f 6548 6872 6177
f 6547 6874 6184
f 6027 6184 6873
f 6876 6875 6877
f 6876 6878 6875
f 6877 6875 6546
f 6545 6879 6193
f 6881 6880 6882
f 6881 6883 6880
f 6882 6880 6544
f 6055 6884 6213
f 6886 6885 6887
f 6886 6888 6885
f 6887 6885 6543
f 6542 6889 6211
f 6541 6890 6216
f 6540 6891 6214
f 6539 6892 6215
f 6894 6893 6895
f 6894 6896 6893
f 6895 6893 6538
f 6898 6897 6899
f 6898 6320 6897
f 6900 6320 6898
f 6320 6900 6314
f 6899 6897 6537
f 6312 6897 6896
f 6536 6901 6320
f 6902 6323 6901
f 6323 6902 6424
f 6314 6321 6320
f 6535 6903 6323
f 6424 6324 6323
f 6534 6904 6325
f 6533 6905 6328
f 6532 6906 6327
f 6531 6907 6326
f 6530 6908 6329
f 6910 6909 6911
f 6910 6912 6909
f 6911 6909 6529
f 6528 6913 6339
f 6916 6915 6917
f 6916 6918 6915
f 6917 6915 6527
f 6344 6915 6914
f 6526 6919 6340
f 6921 6920 6922
f 6921 6923 6920
f 6922 6920 6525
f 6524 6924 6342
f 6523 6925 6341
f 6926 6345 6925
f 6345 6926 6338
f 6927 6928 6345
f 6338 6346 6345
f 6522 6929 6930
f 6930 5732 6522
f 6931 5732 6930
f 5732 6931 5720
f 6582 5729 5723
f 6521 6932 5732
f 5720 5733 5732
f 6520 6933 5735
f 6934 5736 6933
f 5736 6934 5719
f 6519 6935 5736
f 5719 5737 5736
f 6518 6936 5738
f 6937 5739 6936
f 5739 6937 5727
f 6517 6938 5739
f 5727 5740 5739
f 6940 6939 6941
f 6940 6942 6939
f 6941 6939 6516
f 6515 6943 5757
f 6514 6944 5751
f 6513 6945 5752
f 6512 6946 5753
f 6511 6947 5755
f 6510 6948 5756
f 6509 6949 5760
f 6952 6951 6953
f 6952 6954 6951
f 6953 6951 6508
f 5746 6951 6950
f 6507 6955 5758
f 6506 6956 5843
f 6505 6957 5844
f 6504 6959 5845
f 5837 5845 6958
f 6503 6960 5846
f 6502 6961 5847
f 6501 6962 5848
f 6964 6963 6965
f 6964 6966 6963
f 6965 6963 5840
f 6968 6967 6969
f 6968 6970 6967
f 6969 6967 6500
f 5840 6967 6966
f 6499 6971 5867
f 6498 6972 5957
f 6497 6973 5911
f 6496 6974 5920
f 6975 5915 6974
f 5915 6975 5853
f 6495 6976 5915
f 5853 5916 5915
f 6494 6977 5919
f 6980 6979 6981
f 6980 6198 6979
f 6982 6198 6980
f 6198 6982 6178
f 6981 6979 6493
f 5865 6979 6978
f 6492 6983 6198
f 6178 6199 6198
f 6984 6985 6186
f 6986 6187 6985
f 6987 6187 6986
f 6187 6987 6176
f 6988 6989 6187
f 6176 6188 6187
f 6991 6194 6990
f 6992 6194 6991
f 6194 6992 6179
f 6190 6990 6189
f 6993 6994 6194
f 6179 6195 6194
f 6995 6996 6197
f 6999 6998 6997
f 7000 7003 6998
f 7001 7003 7000
f 7003 7001 6183
f 6999 7000 6998
f 6196 6997 6998
f 7004 7003 7002
f 7005 7006 7003
f 7004 7005 7003
f 6219 7002 7003
f 6183 6219 7003
f 7009 7008 7007
f 7010 7011 7008
f 7009 7010 7008
f 6212 7007 7008
f 7012 7013 6310
f 7015 6279 7014
f 7016 6279 7015
f 6279 7016 6203
f 6271 7014 6270
f 7017 7018 6279
f 6203 6280 6279
f 7019 7020 6283
f 7022 7023 7021
f 6286 7021 6285
f 7025 6348 7024
f 7026 6348 7025
f 6348 7026 6319
f 6217 7024 6285
f 7027 7028 6348
f 6319 6349 6348
f 7031 7030 7029
f 7032 7033 7030
f 7031 7032 7030
f 6350 7029 7030
f 7034 7035 6352
f 7038 7037 7036
f 7039 7040 7037
f 7038 7039 7037
f 6488 7036 7037
f 7043 7042 7041
f 7044 7045 7042
f 7043 7044 7042
f 6487 7041 7042
f 7048 7047 7046
f 7049 7050 7047
f 7048 7049 7047
f 6486 7046 7047
f 7053 7052 7051
f 7054 7055 7052
f 7053 7054 7052
f 6485 7051 7052
f 7058 7057 7056
f 7059 7060 7057
f 7058 7059 7057
f 6356 7056 7057
f 7061 7062 6388
f 7063 7064 6389
f 7067 7066 7065
f 7068 7069 7066
f 7067 7068 7066
f 6484 7065 7066
f 7072 7071 7070
f 7073 7074 7071
f 7072 7073 7071
f 6483 7070 7071
f 7077 7076 7075
f 7078 7079 7076
f 7077 7078 7076
f 6482 7075 7076
f 7082 7081 7080
f 7083 7084 7081
f 7082 7083 7081
f 6481 7080 7081
f 7087 7086 7085
f 7088 7089 7086
f 7087 7088 7086
f 6479 7085 7086
f 6478 6477 5762
f 6343 6477 7089
f 6477 5731 5762
f 7090 7091 5734
f 7092 7095 7091
f 7093 7095 7092
f 7095 7093 5730
f 7096 7095 7094
f 7097 7098 7095
f 7096 7097 7095
f 6476 7094 7095
f 5730 6476 7095
f 7101 7100 7099
f 7102 7103 7100
f 7101 7102 7100
f 6475 7099 7100
f 7106 7105 7104
f 7107 7108 7105
f 7106 7107 7105
f 6474 7104 7105
f 7111 7110 7109
f 7112 7113 7110
f 7111 7112 7110
f 6473 7109 7110
f 7116 7115 7114
f 7117 7118 7115
f 7116 7117 7115
f 6472 7114 7115
f 7121 7120 7119
f 7122 7123 7120
f 7121 7122 7120
f 6471 7119 7120
f 7125 7126 7124
f 5799 7124 5798
f 5754 5798 7123
f 7127 7128 5795
f 7129 7132 7128
f 7130 7132 7129
f 7132 7130 5750
f 7133 7132 7131
f 7134 7135 7132
f 7133 7134 7132
f 6470 7131 7132
f 5750 6470 7132
f 7138 7137 7136
f 7139 7140 7137
f 7138 7139 7137
f 6469 7136 7137
f 7143 7142 7141
f 7144 7145 7142
f 7143 7144 7142
f 6468 7141 7142
f 7148 7147 7146
f 7149 7150 7147
f 7148 7149 7147
f 6467 7146 7147
f 7153 7152 7151
f 7154 7155 7152
f 7153 7154 7152
f 6466 7151 7152
f 7158 7157 7156
f 7159 7160 7157
f 7158 7159 7157
f 6465 7156 7157
f 7161 7162 5958
f 7165 7164 7163
f 7166 7169 7164
f 7167 7169 7166
f 7169 7167 5842
f 7165 7166 7164
f 6464 7163 7164
f 7170 7169 7168
f 7171 7172 7169
f 7170 7171 7169
f 6463 7168 7169
f 5842 6463 7169
f 7175 7174 7173
f 7176 7177 7174
f 7175 7176 7174
f 6462 7173 7174
f 7180 7179 7178
f 7181 7182 7179
f 7180 7181 7179
f 6461 7178 7179
f 7185 7184 7183
f 7186 7187 7184
f 7185 7186 7184
f 6460 7183 7184
f 7190 7189 7188
f 7191 7192 7189
f 7190 7191 7189
f 6459 7188 7189
f 7195 7194 7193
f 7196 7197 7194
f 7195 7196 7194
f 6458 7193 7194
f 7200 7199 7198
f 7201 7202 7199
f 7200 7201 7199
f 6457 7198 7199
f 7205 7204 7203
f 7206 7207 7204
f 7205 7206 7204
f 6456 7203 7204
f 7210 7209 7208
f 7211 7212 7209
f 7210 7211 7209
f 6455 7208 7209
f 7215 7214 7213
f 7216 7217 7214
f 7215 7216 7214
f 6454 7213 7214
f 7220 7219 7218
f 7221 7222 7219
f 7220 7221 7219
f 6453 7218 7219
f 7225 7224 7223
f 7226 7227 7224
f 7225 7226 7224
f 6452 7223 7224
f 7230 7229 7228
f 7231 7232 7229
f 7230 7231 7229
f 6451 7228 7229
f 7235 7234 7233
f 7236 7239 7234
f 7237 7239 7236
f 7239 7237 6191
f 7235 7236 7234
f 6450 7233 7234
f 7240 7239 7238
f 7241 7242 7239
f 7240 7241 7239
f 6449 7238 7239
f 6191 6449 7239
f 7245 7244 7243
f 7246 7249 7244
f 7247 7249 7246
f 7249 7247 6185
f 7245 7246 7244
f 6448 7243 7244
f 7250 7249 7248
f 7251 7252 7249
f 7250 7251 7249
f 6447 7248 7249
f 6185 6447 7249
f 7255 7254 7253
f 7256 7259 7254
f 7257 7259 7256
f 7259 7257 6192
f 7255 7256 7254
f 6446 7253 7254
f 7260 7259 7258
f 7261 7262 7259
f 7260 7261 7259
f 6445 7258 7259
f 6192 6445 7259
f 7265 7264 7263
f 7266 7267 7264
f 7265 7266 7264
f 6444 7263 7264
f 7270 7269 7268
f 7271 7272 7269
f 7270 7271 7269
f 6443 7268 7269
f 7275 7274 7273
f 7276 7277 7274
f 7275 7276 7274
f 6442 7273 7274
f 7280 7279 7278
f 7281 7282 7279
f 7280 7281 7279
f 6441 7278 7279
f 7285 7284 7283
f 7286 7287 7284
f 7285 7286 7284
f 6440 7283 7284
f 7288 7289 6439
f 7290 7291 6309
f 7294 7293 7292
f 7295 7296 7293
f 7294 7295 7293
f 6432 7292 7293
f 7297 7298 6430
f 7299 7300 6330
f 7302 6358 7301
f 7303 6358 7302
f 6358 7303 6322
f 6307 7301 6306
f 6330 6306 7299
f 7304 7305 6358
f 7306 7307 6351
f 6322 6359 6358
f 7309 7310 7308
f 6363 7308 6362
f 6351 6362 7306
f 7311 7312 6364
f 7314 7315 7313
f 6366 7313 6365
f 7317 7318 7316
f 6375 7316 6365
f 7319 7320 6369
f 7322 7323 7321
f 6381 7321 6380
f 7324 7325 6386
f 7326 7327 6391
f 7329 7330 7328
f 6395 7328 6394
f 6391 6394 7326
f 7331 7332 6390
f 6399 6390 6398
f 7334 7335 7333
f 6405 7333 6398
f 7338 7337 7336
f 7339 7340 7337
f 7338 7339 7337
f 6423 7336 7337
f 7341 7342 6411
f 7343 7344 6418
f 6480 6491 6414
f 6393 6491 7345
f 6392 5763 5761
f 7346 5766 5761
f 7347 7348 5766
f 7351 7350 7349
f 7352 7353 7350
f 7351 7352 7350
f 5770 7349 7350
f 7356 7355 7354
f 7357 7358 7355
f 7356 7357 7355
f 5791 7354 7355
f 7359 7360 5774
f 7361 7362 5784
f 7363 7364 5777
f 7366 7367 7365
f 5790 7365 5789
f 7369 7370 7368
f 5802 7368 5789
f 7372 7373 7371
f 5806 7371 5805
f 7375 7376 7374
f 5810 7374 5805
f 7377 7378 5814
f 7379 7380 5816
f 7381 7382 5823
f 5818 7383 5800
f 7384 7385 5818
f 5800 5819 5818
f 7387 7388 7386
f 5829 7386 5828
f 5872 7389 7390
f 7392 5870 7391
f 5870 7392 5871
f 5877 5878 7391
f 5871 5882 7393
f 5886 5887 7394
f 5909 5908 7395
f 5908 5909 5869
f 5894 5893 5875
f 5901 5900 5873
f 5904 5905 7396
f 5907 5906 5912
f 5923 5924 7397
f 5928 5929 7398
f 5914 7399 7400
f 5921 7399 5914
f 5933 5934 7399
f 5956 5955 5921
f 5918 7401 7402
f 5917 7401 5918
f 5943 5944 7401
f 5950 5949 5917
f 6268 6267 6224
f 6223 7403 7404
f 6222 7403 6223
f 6229 6230 7403
f 6232 6233 6232
f 6232 6239 7405
f 6266 6265 7406
f 6265 6266 6221
f 6248 6247 6227
f 6256 6255 6225
f 6261 6262 7407
f 6264 6263 6272
f 6287 6288 7408
f 7410 7409 6275
f 6291 7411 6489
f 6490 6489 7411
f 6278 7412 6489
f 6302 6301 6278
f 6284 7415 7413
f 7414 7413 6433
f 6347 7416 6387
f 6427 7416 6347
f 7418 7419 7417
f 6428 7417 6427
f 6353 6360 6385
f 6242 6244 7420
f 5822 7421 5812
f 6436 7431 6438
f 5772 5785 7422
f 7423 5889 5891
f 6376 7433 6384
f 6407 6409 7424
f 5938 5937 7425
f 7426 6398 7337
f 5871 5886 7521
f 6489 7427 6275
f 7350 7355 7428
f 5928 5933 7429
f 7423 5890 5889
f 6242 7420 6243
f 5888 5890 7423
f 6409 6419 7435
f 5813 5812 7421
f 6385 6384 7493
f 7481 5822 5824
f 7420 6244 6257
f 6294 6296 7437
f 5937 5939 7425
f 6436 6299 7431
f 7432 5811 5813
f 6378 7433 6376
f 5902 7434 5891
f 6419 6416 7435
f 5939 5948 7436
f 7437 6296 6438
f 5923 5928 7429
f 6275 7438 6287
f 5805 5814 7444
f 7439 5814 5816
f 7355 5774 7440
f 5877 5871 7521
f 5886 5909 7521
f 6266 7430 6232
f 5933 5955 7442
f 7443 7337 6411
f 7445 5774 5784
f 6394 6398 7446
f 7430 6266 6247
f 7447 5906 5923
f 6489 6301 7448
f 5785 5787 7450
f 7066 7071 7460
f 6439 7451 7284
f 7249 7254 7461
f 7095 7100 7464
f 7452 7209 7214
f 7529 7132 7137
f 6364 6365 7453
f 6187 6189 7454
f 6279 7455 6270
f 5753 5755 7472
f 5845 5846 7468
f 5957 5911 7561
f 5735 5736 7533
f 7456 6352 7037
f 7457 6915 6340
f 7477 7174 7179
f 7209 7458 7204
f 7142 7459 7137
f 7537 5762 5734
f 7100 7105 7464
f 7460 6389 7066
f 7549 7239 7244
f 7461 7244 7249
f 7451 6309 7293
f 7451 6439 6309
f 7254 7259 7461
f 7164 7169 7462
f 7463 7142 7147
f 5734 7095 7464
f 7105 7110 7464
f 7184 7465 7179
f 7214 7219 7466
f 7071 7076 7467
f 6186 6187 7538
f 7468 5844 5845
f 6310 6270 7455
f 6340 6920 7457
f 7472 5752 5753
f 7533 5736 5738
f 7454 6189 6194
f 5911 5920 7561
f 6283 7469 6279
f 7470 7037 7042
f 7042 7047 7471
f 7472 5751 5752
f 5915 7473 5920
f 7468 5846 5847
f 5756 7474 5755
f 6920 6342 7475
f 6310 7476 7008
f 7169 7174 7477
f 6362 6364 7478
f 5816 5823 7479
f 6431 7431 6299
f 5935 7425 5940
f 5948 5952 7483
f 5824 5821 7481
f 5898 7434 5902
f 7482 6257 6259
f 5951 7483 5952
f 6240 7420 5951
f 7484 6431 6304
f 5825 7485 5821
f 5898 5903 7486
f 5825 5827 7485
f 7432 5788 5815
f 5811 7432 5815
f 6258 6260 7487
f 6258 7487 6259
f 5788 7488 5786
f 5771 5768 7489
f 6420 7490 6416
f 5768 5772 7422
f 7413 7448 6301
f 6247 6255 7491
f 7492 6378 6377
f 5955 5943 7495
f 6407 7424 6408
f 7493 6427 6385
f 7511 6377 6379
f 5773 7489 6420
f 6305 7494 7413
f 5949 7495 5943
f 6261 7497 6255
f 5906 7496 5904
f 7497 6261 6263
f 6232 7518 6229
f 7493 6305 6427
f 7438 6263 6287
f 5903 5940 7498
f 5938 7425 5935
f 7782 7501 7502
f 7501 7500 7502
f 7500 7503 7508
f 5888 7485 5827
f 7505 7504 7506
f 5771 7489 5765
f 7509 7513 7510
f 6396 7511 6379
f 7480 7782 7512
f 6426 7513 7514
f 5765 7489 5773
f 6304 6426 7514
f 6408 7511 6396
f 6260 6294 7437
f 6240 6243 7420
f 7515 7517 7510
f 6229 7518 6267
f 6267 7518 5949
f 5900 5904 7496
f 7519 6411 6418
f 5761 5766 7520
f 5909 5893 7521
f 7293 6430 7522
f 7466 7219 7224
f 7264 7523 7259
f 7110 7115 7524
f 5784 5777 7445
f 7350 7520 5766
f 7525 5823 5818
f 7199 7204 7526
f 7527 7184 7189
f 7284 7451 7279
f 7152 7528 7147
f 5877 7521 5872
f 7132 7529 5795
f 7530 7076 7081
f 7454 6194 6197
f 6285 7531 6283
f 7532 5847 5848
f 7474 5756 5760
f 7475 6342 6341
f 7536 5723 6522
f 5735 7533 5732
f 7534 5738 5739
f 7471 7047 7052
f 7535 5915 5919
f 6352 7551 7030
f 5844 7560 5843
f 5957 7561 5867
f 6345 5723 7536
f 5739 6939 7534
f 7081 7086 7537
f 6186 7538 6198
f 6369 6380 7542
f 6365 6369 7539
f 6414 7540 6418
f 7478 6358 6362
f 5777 5789 7541
f 7550 5818 5828
f 6386 7542 6380
f 7194 7543 7189
f 7264 7269 7544
f 6306 7522 6430
f 7528 7152 7157
f 5900 7545 5893
f 5761 7540 6392
f 7274 7279 7547
f 7540 6414 6392
f 7546 5789 5805
f 6358 7478 6306
f 5958 7528 7157
f 7164 7528 5958
f 5795 7548 5798
f 7466 7229 7234
f 7239 7549 7234
f 7194 7199 7543
f 7274 7544 7269
f 6386 6394 7542
f 5828 5872 7550
f 7552 7052 7057
f 6389 7553 6388
f 7086 6478 7537
f 6197 6998 7554
f 6963 7532 5848
f 7536 6341 6345
f 6939 5757 7555
f 6979 7556 5919
f 6951 7474 5760
f 7120 7524 7115
f 6998 7003 7554
f 7552 7057 6388
f 7003 7008 7554
f 7551 6285 6348
f 7030 7551 6348
f 6979 6198 7556
f 7557 6951 5758
f 6967 7558 6963
f 7559 6339 6915
f 7560 5758 5843
f 6339 7563 6909
f 7555 5757 5751
f 7561 6967 5867
f 7120 5798 7548
f 5762 7537 6478
f 6326 6329 7562
f 5732 7536 6522
f 7229 7466 7224
f 7562 6327 6326
f 6328 6327 7691
f 5787 5786 7488
f 7563 6329 6909
f 7564 6885 6211
f 6853 5860 7565
f 7566 6320 6323
f 5834 5835 7573
f 6334 7568 6333
f 7621 5718 5721
f 6025 7579 6024
f 6701 6634 7578
f 7575 5600 6631
f 6060 7587 6054
f 6724 7576 5849
f 6315 7567 6313
f 5743 5744 7620
f 7573 5839 5834
f 7620 5744 6816
f 7586 6173 6177
f 7621 5721 5728
f 6331 6333 7568
f 6750 6201 7569
f 7624 6200 6750
f 5852 6853 7570
f 6848 5852 7637
f 5864 7565 5860
f 6897 6320 7571
f 6334 6337 7572
f 5839 7573 5748
f 6335 6331 7634
f 5835 5838 7574
f 6216 7564 6211
f 6315 6318 7567
f 5602 7575 6631
f 7582 5682 6626
f 5858 5849 7576
f 6159 6160 7650
f 7584 6130 6135
f 6637 6159 7650
f 6634 5573 7578
f 7576 6724 5850
f 6024 7579 6022
f 7579 5713 6022
f 5577 7580 5573
f 7581 6060 6056
f 5684 7582 6626
f 6648 6701 7577
f 7583 6025 6035
f 6130 7584 6129
f 7585 5602 5607
f 6172 6173 7586
f 7566 6323 6325
f 7587 6052 6054
f 5585 5588 7588
f 6644 5667 7589
f 6119 7602 6116
f 6042 6043 7661
f 6649 7595 6143
f 5558 7590 6646
f 7597 6009 6010
f 7665 7594 5507
f 6147 7595 6649
f 5707 7596 6642
f 6037 6009 7597
f 5706 7598 5707
f 5566 7599 5558
f 6039 6042 7661
f 7600 6010 6034
f 5667 5670 7589
f 6641 6052 7601
f 6114 6116 7602
f 7603 6119 6128
f 5582 5583 7604
f 6114 7605 6653
f 5588 5589 7588
f 6044 7606 6043
f 5670 5671 7607
f 7604 5583 5585
f 5694 7668 6663
f 6020 7608 6008
f 6065 7591 6067
f 5529 7592 5526
f 6012 6008 7657
f 6090 7609 6093
f 7609 6090 6099
f 6065 6073 7591
f 5703 7613 5694
f 7586 6177 6184
f 6865 7615 6861
f 6820 7616 6816
f 6318 6763 7617
f 6337 6780 7618
f 7574 5838 5841
f 5862 7565 5864
f 7619 6213 6885
f 6808 5741 7620
f 6788 5571 7621
f 5718 7621 5571
f 7622 6316 6311
f 7624 6209 6200
f 6880 6213 7635
f 7623 6216 6214
f 7647 5608 6712
f 6180 6209 7624
f 6624 7625 5684
f 7626 6135 6138
f 7627 6140 6639
f 6164 7628 6160
f 7629 5850 5856
f 7569 6201 6204
f 5609 7630 5607
f 7631 5717 5959
f 7583 6035 6741
f 6037 7670 5712
f 6028 7600 6034
f 7632 6056 6058
f 6169 7650 6136
f 7627 6639 6129
f 6705 7651 5578
f 5577 5580 7580
f 6172 7615 6865
f 5748 7641 6828
f 6193 6880 7635
f 6844 6848 7637
f 6184 6875 7586
f 7633 6763 6767
f 6313 7622 6311
f 6800 7690 6796
f 6335 7634 6771
f 6193 7635 6875
f 6215 7636 6214
f 6840 6844 7637
f 5862 5863 7638
f 6893 7639 6215
f 7574 5841 6840
f 7622 6208 6316
f 6804 7640 6800
f 6780 6784 7618
f 7641 6824 6828
f 6208 7643 6205
f 6804 6808 7640
f 6824 7616 6820
f 6771 7633 6767
f 6861 7642 5863
f 6204 6205 7643
f 7631 5959 5858
f 5713 7648 5857
f 5600 7644 6705
f 7645 6164 6166
f 7601 6030 6641
f 6137 7646 6138
f 6648 7577 6165
f 6637 7650 6169
f 6712 5682 7647
f 5612 5608 7647
f 5612 7630 5609
f 5854 5857 7648
f 7629 5856 5854
f 6181 7649 6741
f 7625 5691 5717
f 6171 7646 6137
f 6136 7650 6171
f 7632 6058 6059
f 6165 7645 6166
f 7649 6181 6180
f 6140 7632 6059
f 5581 7651 5580
f 5578 7651 5581
f 6624 5691 7625
f 6029 7652 6028
f 7618 6784 6788
f 7620 5741 5743
f 6030 7601 6029
f 7653 5566 5560
f 7596 5716 6642
f 5515 6692 7654
f 6020 6017 7655
f 6044 6049 7656
f 6658 6012 7657
f 7658 6651 6143
f 5706 5715 7598
f 6646 7590 6692
f 7659 5671 5680
f 5610 6644 7589
f 6149 7660 6155
f 6655 6039 7661
f 6128 6122 7603
f 6017 6014 7662
f 7663 5589 5590
f 5614 5630 7593
f 5531 5526 7592
f 6098 5507 7594
f 6663 7668 5704
f 5703 5698 7613
f 5710 7670 5715
f 7671 6147 6155
f 7663 5590 5595
f 5680 5692 7659
f 7660 6149 6154
f 6122 6127 7672
f 6014 6655 7673
f 7613 5698 5702
f 6046 7656 6049
f 7654 6668 5515
f 5610 7675 5592
f 7674 5562 5582
f 5592 7675 5595
f 5687 7659 5692
f 7653 5565 5562
f 6046 6050 7677
f 6658 7613 5702
f 6050 6653 7605
f 7658 6124 6651
f 7654 6154 6668
f 7658 6127 6124
f 5704 7678 5621
f 5687 5716 7659
f 5710 5711 7670
f 7680 5511 5531
f 6073 6072 7687
f 5986 5988 7735
f 7735 5988 6067
f 6098 7682 6099
f 5676 7683 5630
f 5966 7614 7685
f 6072 6093 7686
f 7689 7611 7669
f 7689 7688 5645
f 5647 7611 7689
f 7683 5676 5621
f 7689 5645 5647
f 7670 5711 5712
f 7653 5560 5565
f 7639 6893 6897
f 6796 7690 5728
f 7691 6325 6328
f 7505 7692 7715
f 7694 7695 7696
f 7694 7697 7698
f 7911 7700 7699
f 7700 7911 7910
f 7910 7907 7700
f 7906 7702 7907
f 7706 7705 7704
f 7706 7704 7703
f 7711 7710 7704
f 7906 7712 7713
f 7906 7713 7702
f 7713 7712 7714
f 7698 7693 7694
f 7702 7700 7907
f 7698 7697 7701
f 7695 7694 7693
f 7709 7696 7695
f 7710 7711 7708
f 7703 7704 7707
f 7715 7705 7706
f 7707 7704 7710
f 7505 7715 7504
f 7503 7506 7507
f 7500 7508 7499
f 7503 7507 7508
f 7481 7421 5822
f 7493 6384 7433
f 6489 7448 7427
f 7435 7424 6409
f 7500 7499 7502
f 7512 6412 7480
f 7502 7512 7782
f 7486 5903 7498
f 7517 6370 7510
f 7438 6275 7427
f 6365 7449 7453
f 6364 7453 7478
f 7426 7441 6398
f 7428 7520 7350
f 7355 7440 7428
f 7470 7456 7037
f 7456 7551 6352
f 7071 7467 7460
f 7469 7455 6279
f 7426 7337 7443
f 7529 7137 7459
f 7429 7447 5923
f 7454 7538 6187
f 7462 7169 7477
f 7526 7204 7458
f 7452 7458 7209
f 7473 7561 5920
f 6232 7430 7518
f 5814 7439 7444
f 6412 7516 7480
f 7422 5785 7450
f 7515 7516 7517
f 7510 6370 7509
f 6431 7484 7431
f 6304 7514 7484
f 6438 7431 7437
f 6260 7437 7487
f 7513 7509 7514
f 6257 7482 7420
f 5951 7420 7483
f 5939 7436 7425
f 5948 7483 7436
f 5898 7486 7434
f 5940 7425 7498
f 5888 7423 7485
f 5891 7434 7423
f 6259 7487 7482
f 7481 5821 7485
f 7488 5788 7432
f 7432 5813 7421
f 7489 5768 7422
f 7490 6420 7489
f 7511 6408 7424
f 7435 6416 7490
f 7450 5787 7488
f 7433 6378 7492
f 7492 6377 7511
f 7448 7413 7494
f 7430 6247 7491
f 7491 6255 7497
f 7497 6263 7438
f 7494 6305 7493
f 7495 5949 7518
f 7429 5933 7442
f 7496 5906 7447
f 7442 5955 7495
f 7545 5900 7496
f 7521 5893 7545
f 7550 5872 7521
f 7525 5818 7550
f 7479 5823 7525
f 7546 5805 7444
f 7445 5777 7541
f 7440 5774 7445
f 7541 5789 7546
f 7443 6411 7519
f 7519 6418 7540
f 7446 6398 7441
f 7539 6369 7542
f 7542 6394 7446
f 7540 5761 7520
f 7439 5816 7479
f 7451 7293 7522
f 7522 6306 7478
f 7544 7274 7547
f 7523 7264 7544
f 7466 7234 7549
f 7549 7244 7461
f 7461 7259 7523
f 7547 7279 7451
f 7452 7214 7466
f 7465 7184 7527
f 7477 7179 7465
f 7527 7189 7543
f 7543 7199 7526
f 7528 7164 7462
f 7459 7142 7463
f 7548 5795 7529
f 7463 7147 7528
f 7464 7110 7524
f 7530 7081 7537
f 7537 5734 7464
f 7552 6388 7553
f 7553 6389 7460
f 7471 7052 7552
f 7470 7042 7471
f 7467 7076 7530
f 7469 6283 7531
f 7531 6285 7551
f 7476 6310 7455
f 7454 6197 7554
f 7554 7008 7476
f 7556 6198 7538
f 7535 5919 7556
f 7473 5915 7535
f 7524 7120 7548
f 7449 6365 7539
f 7561 7558 6967
f 7468 5847 7532
f 5844 7468 7560
f 7560 7557 5758
f 7474 6951 7557
f 7472 5755 7474
f 7555 7534 6939
f 5751 7472 7555
f 7563 7562 6329
f 7566 6325 7691
f 6341 7536 7475
f 5738 7534 7533
f 6915 7457 7559
f 7639 7636 6215
f 7574 7573 5835
f 7642 7638 5863
f 7574 6840 7637
f 5732 7533 7536
f 7457 6920 7475
f 6339 7559 7563
f 7691 6327 7562
f 7571 6320 7566
f 7571 7639 6897
f 7623 7564 6216
f 7619 6885 7564
f 7635 7586 6875
f 7619 7635 6213
f 7636 7623 6214
f 7638 7565 5862
f 7615 7642 6861
f 7570 7637 5852
f 7570 6853 7565
f 7573 7641 5748
f 7641 7616 6824
f 7615 6172 7586
f 6816 7616 7620
f 6025 7583 7579
f 7624 6750 7569
f 7598 7596 5707
f 5585 7588 7604
f 5670 7607 7589
f 7597 6010 7600
f 5682 7582 7647
f 6331 7568 7634
f 5602 7585 7575
f 7584 7627 6129
f 7601 6052 7587
f 7590 5558 7599
f 7605 6114 7602
f 7622 6313 7567
f 7606 7661 6043
f 7685 7684 5966
f 7614 7666 7685
f 7802 5966 7681
f 7681 5966 7684
f 7593 7610 5614
f 7612 5966 7802
f 6008 7608 7657
f 7640 6808 7620
f 7690 6800 7640
f 5728 7690 7621
f 6788 7621 7618
f 6337 7618 7572
f 6771 7634 7633
f 6334 7572 7568
f 7617 6763 7633
f 6208 7622 7643
f 7595 7658 6143
f 7569 6204 7643
f 7578 7577 6701
f 7617 7567 6318
f 6741 7649 7583
f 6180 7624 7649
f 6963 7558 7532
f 7648 5713 7579
f 7629 5854 7648
f 7576 5850 7629
f 7631 5858 7576
f 7625 5717 7631
f 7582 5684 7625
f 7630 5612 7647
f 7651 6705 7644
f 7644 5600 7575
f 7580 5580 7651
f 7578 5573 7580
f 7645 6165 7577
f 7628 6164 7645
f 7646 6171 7650
f 7650 6160 7628
f 7585 5607 7630
f 7584 6135 7626
f 7587 6060 7581
f 7581 6056 7632
f 7632 6140 7627
f 7652 6029 7601
f 7670 6037 7597
f 7600 6028 7652
f 7598 5715 7670
f 7607 5671 7659
f 7659 5716 7596
f 7675 5610 7589
f 7663 5595 7675
f 7588 5589 7663
f 7674 5582 7604
f 7626 6138 7646
f 7599 5566 7653
f 7660 6154 7654
f 7654 6692 7590
f 7595 6147 7671
f 7603 6122 7672
f 7602 6119 7603
f 7672 6127 7658
f 7671 6155 7660
f 7677 6050 7605
f 7656 6046 7677
f 7662 6014 7673
f 7673 6655 7661
f 7606 6044 7656
f 7608 6020 7655
f 7676 6658 7657
f 7668 5694 7613
f 7613 6658 7676
f 7655 6017 7662
f 7683 5621 7678
f 7593 5630 7683
f 7664 5529 5534
f 7592 5529 7664
f 7679 5531 7592
f 7665 5511 7680
f 7680 5531 7679
f 7682 6098 7594
f 7686 6093 7609
f 7609 6099 7682
f 7687 7591 6073
f 7735 6067 7591
f 5986 7735 7736
f 7736 7667 5986
f 6072 7686 7687
f 7678 5704 7668
f 7653 5562 7674
f 7692 7705 7715
f 7702 7713 7716
f 7702 7717 7700
f 7699 7700 6252
f 7695 7693 6241
f 5936 7710 7708
f 7708 7709 5926
f 7693 7698 6238
f 7715 7706 5826
f 7706 7703 5880
f 7506 7504 5807
f 5803 7508 7507
f 5767 7502 7499
f 7507 7506 5803
f 7512 7502 6421
f 7517 7516 6404
f 7509 6370 6373
f 6361 7514 7509
f 6427 7484 7514
f 6305 7431 7484
f 6276 7437 7431
f 7487 7437 6226
f 7483 7420 6224
f 5874 7498 7425
f 7485 7423 5868
f 7432 7421 5833
f 7422 7450 5774
f 7488 7432 5764
f 7421 7481 5814
f 6390 7424 7435
f 7511 7424 6390
f 6364 7493 7433
f 6430 7494 7493
f 7293 7448 7494
f 7489 7422 5766
f 6439 7438 7427
f 7279 7497 7438
f 7264 7491 7497
f 7495 7518 7234
f 7199 7496 7447
f 7447 7429 7209
f 7518 7430 7244
f 7525 7550 7157
f 7550 7521 7164
f 7546 7444 5795
f 7100 7520 7428
f 7428 7440 7105
f 7541 7546 7120
f 7444 7439 7137
f 7545 7496 7189
f 7427 7448 6309
f 7486 7498 5873
f 7071 7426 7443
f 6389 7446 7441
f 7542 7446 6388
f 7441 7426 7066
f 7042 7453 7449
f 7478 7453 7037
f 6218 7522 7478
f 6310 7547 7451
f 7544 7547 7008
f 6197 7461 7523
f 7523 7544 6998
f 7466 7549 5865
f 5911 7458 7452
f 5867 7543 7526
f 7526 7458 5957
f 7549 7461 6186
f 5778 7499 7508
f 7703 7707 5883
f 7718 7713 7714
f 7490 6411 7435
f 7450 7488 5784
f 6221 7420 7482
f 7482 7487 6227
f 7490 7489 6418
f 7716 7717 7702
f 7713 7718 7716
f 7699 6249 7701
f 7425 7436 5922
f 7434 5869 7423
f 7710 5883 7707
f 7504 7715 5820
f 5875 7434 7486
f 7436 7483 5921
f 5941 7709 7695
f 7481 7485 5823
f 7701 6249 7698
f 7511 6354 7492
f 7522 6283 7451
f 7442 7219 7429
f 5846 7477 7465
f 5843 7528 7462
f 7462 7477 5844
f 5920 7452 7466
f 7430 7491 6192
f 7439 7479 7147
f 7479 7525 7152
f 7224 7442 7495
f 7445 7110 7440
f 7519 7540 7081
f 7052 7539 7542
f 7076 7443 7519
f 7465 7527 5847
f 6477 7540 7520
f 5848 7527 7543
f 7541 7115 7445
f 7047 7449 7539
f 7184 7521 7545
f 7433 7492 6369
f 7529 7459 5755
f 7459 7463 5756
f 7548 5725 7524
f 7529 5751 7548
f 7460 7467 6340
f 7467 7530 6342
f 7464 7524 5738
f 6327 7470 7471
f 7551 7456 6325
f 7470 6328 7456
f 6214 7469 7531
f 7469 6216 7455
f 7476 6055 7554
f 7553 6332 7552
f 7538 6026 7556
f 5864 7561 7473
f 7473 7535 5862
f 7476 7455 6055
f 6341 7530 7537
f 7460 6339 7553
f 7471 7552 6326
f 5866 7535 7556
f 7468 7532 5686
f 7538 7454 6177
f 7554 6031 7454
f 5690 7532 7558
f 7531 7551 6207
f 5720 7537 7464
f 5748 7557 7560
f 7560 7468 5834
f 7474 7557 5605
f 5743 7555 7472
f 5579 7534 7555
f 5606 7472 7474
f 5576 7533 7534
f 7463 7528 5760
f 7561 5852 7558
f 7475 7536 6162
f 6334 7559 7457
f 7563 7559 6331
f 6315 7566 7691
f 6311 7639 7571
f 6208 7636 7639
f 7571 7566 6313
f 7562 7563 6139
f 6209 7635 7619
f 7619 7564 6200
f 5854 7638 7642
f 7642 7615 5713
f 5858 7637 7570
f 7570 7565 5849
f 7615 7586 6024
f 5668 7573 7574
f 7641 7573 5608
f 7690 7640 5561
f 7640 7620 5597
f 7616 7641 5591
f 7618 7621 6152
f 7634 7568 6158
f 7643 7622 6062
f 7622 7567 6115
f 7633 7634 6125
f 7574 7637 5717
f 6006 7649 7624
f 7579 7583 5973
f 7629 7648 5700
f 7631 7576 5638
f 7648 7579 5968
f 5626 7647 7582
f 7630 7647 5544
f 5550 7575 7585
f 5538 7644 7575
f 7580 7651 5519
f 7651 7644 5538
f 7585 7630 5550
f 7625 7631 5633
f 7645 7577 6110
f 7632 7627 6003
f 7627 7584 6076
f 7646 7650 6086
f 5992 7601 7587
f 7597 7600 5963
f 7652 7601 5976
f 7659 7596 5625
f 7596 7598 5694
f 7670 7597 5965
f 7577 7578 5514
f 7624 7569 6051
f 7607 5616 7589
f 7589 5611 7675
f 5536 7663 7675
f 7674 5522 7653
f 5525 7674 7604
f 7599 5509 7590
f 7590 6676 7654
f 5527 7604 7588
f 7654 6096 7660
f 6104 7671 7660
f 7658 6070 7672
f 6089 7658 7595
f 7605 5987 7677
f 5989 7656 7677
f 6064 7605 7602
f 6071 7603 7672
f 7616 5586 7620
f 7565 7638 5856
f 7650 7628 6107
f 7645 6107 7628
f 7576 7629 5714
f 6087 7584 7626
f 7621 7690 5556
f 7578 7580 5520
f 7572 6153 7568
f 7586 7635 6018
f 7636 6205 7623
f 6201 7564 7623
f 7617 7633 6117
f 7646 6081 7626
f 7649 5980 7583
f 7643 6047 7569
f 7632 5999 7581
f 6117 7567 7617
f 7587 7581 5999
f 6132 7691 7562
f 6153 7572 7618
f 7673 5975 7662
f 5961 7657 7608
f 7655 7662 5974
f 7663 5537 7588
f 5618 7607 7659
f 7661 7606 5983
f 7676 7657 5659
f 7603 6079 7602
f 7656 5990 7606
f 7661 5997 7673
f 6092 7595 7671
f 5970 7608 7655
f 7670 5653 7598
f 5510 7599 7653
f 7600 7652 5976
f 7582 7625 5635
f 5637 7678 7668
f 7683 7678 6670
f 7610 7593 7741
f 5534 7610 7722
f 7723 7592 7724
f 7592 7723 7679
f 7594 7665 7725
f 7680 7726 7665
f 7682 7730 7609
f 7687 7686 7729
f 7609 7729 7686
f 7594 7730 7682
f 7609 7727 7728
f 7731 7592 7664
f 7731 7664 5534
f 7613 5643 7668
f 7729 7609 7728
f 7593 7683 7719
f 7725 7665 7726
f 7726 7680 7723
f 7609 7730 7727
f 7730 7594 7725
f 7680 7679 7723
f 7737 7735 7591
f 7687 7738 7591
f 7733 7591 7738
f 7734 7737 7591
f 7733 7734 7591
f 7729 7738 7687
f 5646 7613 7676
f 6163 7457 7475
f 5718 7536 7533
f 7717 6289 7700
f 5936 5897 7710
f 5946 7695 6241
f 5820 7715 5826
f 6361 6353 7514
f 6406 7517 6397
f 7502 5767 6421
f 7514 6353 6427
f 5880 5826 7706
f 7708 5926 5936
f 7693 6238 6241
f 6397 7517 6404
f 7420 6228 6222
f 6427 6305 7484
f 7699 6252 6249
f 5803 7506 5807
f 6272 7437 6269
f 5764 7432 5796
f 5872 5801 7485
f 5874 7425 5912
f 6220 6224 7420
f 6224 5917 7483
f 5766 6392 7489
f 7497 7274 7269
f 7279 7274 7497
f 7284 7279 7438
f 7493 6351 6322
f 6390 6391 7511
f 7493 6364 6351
f 5833 5796 7432
f 6272 6226 7437
f 5872 7485 5868
f 5868 7423 5871
f 5910 5912 7425
f 5833 7421 5797
f 6191 7518 7244
f 7511 6391 6386
f 6439 7284 7438
f 7489 7345 6414
f 6322 6330 7493
f 5777 7488 5764
f 7485 5800 5823
f 7498 5874 5873
f 6220 7420 6222
f 7234 7518 6191
f 7345 7489 6392
f 6276 6274 7437
f 6373 6383 7509
f 5767 7499 5782
f 5897 5883 7710
f 7517 6406 6370
f 6415 7512 6421
f 5778 7508 5803
f 6361 7509 6383
f 5913 5910 7425
f 6390 7435 7337
f 6357 6364 7433
f 7430 7254 6185
f 5871 7423 5876
f 5921 7483 5917
f 7511 6386 6354
f 7489 6414 6418
f 7269 7264 7497
f 6185 7244 7430
f 7488 5777 5784
f 7486 5873 5875
f 7422 7350 5766
f 7437 6274 6269
f 5754 7120 7546
f 5795 5754 7546
f 5734 7520 5730
f 7550 7164 5958
f 7199 7194 7496
f 5734 6477 7520
f 6310 7008 7547
f 6388 7057 7542
f 7544 6183 6998
f 7008 6183 7544
f 7030 6319 7478
f 5865 7549 6178
f 6388 7446 6389
f 7157 7550 5958
f 5795 7444 5750
f 7199 7447 7204
f 5842 7164 7521
f 7447 7209 7204
f 7461 6176 6186
f 7037 6352 7478
f 7030 7478 6352
f 7549 6186 6178
f 7458 5911 5957
f 7441 7066 6389
f 7229 7495 7234
f 5867 7526 5957
f 6582 5724 7537
f 5726 7548 5751
f 5747 5746 7528
f 5720 6582 7537
f 7528 5843 5747
f 6339 6332 7553
f 7554 6055 6033
f 7552 6332 6317
f 7551 6312 6206
f 6314 6312 7551
f 6424 6314 7551
f 6026 7538 6172
f 5752 5751 7529
f 6339 7460 6344
f 5844 5843 7462
f 5690 7558 5852
f 7538 6021 6172
f 5852 7561 5708
f 6055 7455 6211
f 6177 6021 7538
f 6338 7537 5724
f 5720 7464 5759
f 5840 7543 5867
f 7556 6026 5855
f 5842 7521 7174
f 6319 6218 7478
f 7081 7540 7086
f 7444 7137 5750
f 7105 7100 7428
f 7451 6203 6202
f 7100 5730 7520
f 7120 7115 7541
f 7214 7209 7429
f 7451 6202 6310
f 7224 7495 7229
f 7071 7066 7426
f 6175 6176 7461
f 6218 6210 7522
f 7152 7525 7157
f 5759 7464 5719
f 7529 5755 5749
f 5844 7477 5837
f 6328 6325 7456
f 5708 7561 5709
f 6344 7460 6340
f 7548 5726 5725
f 7537 6338 6341
f 5752 7529 5749
f 6216 6211 7455
f 6326 7552 6317
f 6325 6424 7551
f 6207 7551 6206
f 7528 5746 5760
f 5848 7543 5840
f 7556 5855 5866
f 7523 6998 6197
f 7086 7540 6343
f 7431 6305 6282
f 7532 5690 5689
f 5782 7499 5778
f 5946 5941 7695
f 6415 6412 7512
f 6412 6404 7516
f 6227 7487 6225
f 5807 7504 5820
f 7703 5883 5880
f 6226 6225 7487
f 6282 6278 7431
f 6227 6221 7482
f 7481 5823 5816
f 5801 5800 7485
f 5814 7481 5816
f 7494 6430 7293
f 6411 7490 6418
f 6369 7492 6354
f 5875 5869 7434
f 5913 7425 5922
f 7293 6309 7448
f 7493 6330 6430
f 7433 6369 6355
f 7422 5774 7355
f 7337 7435 6411
f 5869 5876 7423
f 7450 5784 5774
f 6192 7491 7264
f 6249 6238 7698
f 7709 5941 5926
f 5797 7421 5814
f 6221 6228 7420
f 6439 7427 6309
f 7436 5921 5922
f 7422 7355 7350
f 6357 7433 6355
f 6276 7431 6278
f 6192 7254 7430
f 7189 7184 7545
f 7479 7152 7147
f 7184 7179 7521
f 7522 6210 6283
f 7052 7047 7539
f 7449 7047 7042
f 7052 7542 7057
f 7189 7496 7194
f 7440 7110 7105
f 7224 7219 7442
f 7115 7110 7445
f 6283 6203 7451
f 6175 7461 6179
f 6179 7461 6197
f 7429 7219 7214
f 7142 7137 7439
f 7466 5865 5859
f 5727 7524 5725
f 5853 7466 5859
f 7530 6341 6342
f 6032 7454 6031
f 6032 6027 7454
f 5862 7535 5866
f 5760 5756 7463
f 5837 7477 5846
f 5727 5738 7524
f 7467 6336 6340
f 6327 7471 6326
f 6328 7470 6327
f 6031 7554 6033
f 7531 6207 6214
f 5755 7459 5756
f 5847 7527 5848
f 5853 5920 7466
f 7561 5864 5709
f 7179 7174 7521
f 7076 7519 7081
f 7071 7443 7076
f 7453 7042 7037
f 5911 7452 5920
f 6477 6343 7540
f 7439 7147 7142
f 5738 5719 7464
f 6214 6216 7469
f 6027 6177 7454
f 5862 5864 7473
f 5846 7465 5847
f 6336 7467 6342
f 6333 6331 7559
f 5603 5579 7555
f 6168 7536 5718
f 7555 5743 5603
f 7560 5685 5748
f 6311 7571 6313
f 5713 5857 7642
f 5678 7637 5858
f 7635 6209 6019
f 6053 6200 7564
f 6200 6209 7619
f 5613 7573 5666
f 7566 6315 6313
f 5608 7573 5613
f 6007 7615 6024
f 6131 7639 6311
f 6162 7536 6168
f 5579 5575 7534
f 5849 5858 7570
f 5669 5666 7573
f 5696 5849 7565
f 6007 5713 7615
f 6208 7639 6131
f 6141 7563 6331
f 5743 7472 5599
f 5587 5584 7620
f 6121 6062 7622
f 6125 7634 6144
f 6115 6121 7622
f 7634 6158 6144
f 5597 5563 7640
f 6061 7624 6041
f 5547 7647 5631
f 5701 7648 5968
f 5547 5544 7647
f 7575 5539 5538
f 7576 5662 5638
f 5638 5632 7631
f 7621 5554 5559
f 7621 5559 6157
f 6152 7621 6157
f 5556 5557 7621
f 6118 6115 7567
f 6041 7624 6040
f 6006 7624 6061
f 5626 5631 7647
f 5652 5662 7576
f 5973 5972 7579
f 5700 7648 5701
f 5968 7579 5972
f 7633 6125 6123
f 6158 7568 6146
f 5597 7620 5584
f 5678 5717 7637
f 6163 7475 6161
f 6141 6139 7563
f 6015 7635 6019
f 6334 6333 7559
f 5688 7468 5686
f 7560 5834 5685
f 6162 6161 7475
f 7642 5857 5854
f 6015 6018 7635
f 7562 6139 6133
f 5856 7638 5854
f 5834 7468 5681
f 7643 6062 6048
f 5561 7640 5563
f 5608 5593 7641
f 5981 7649 6006
f 5632 5633 7631
f 5543 7630 5544
f 5554 7621 5557
f 6150 7618 6152
f 7690 5561 5564
f 5550 5539 7575
f 6048 6047 7643
f 5633 5634 7625
f 5545 7630 5543
f 5591 7641 5593
f 6153 7618 6150
f 5605 7557 5748
f 5569 5718 7533
f 5661 7670 5965
f 7627 6076 6074
f 6097 7660 6096
f 5625 7596 5648
f 6105 6086 7650
f 5525 7604 5532
f 6063 6068 7605
f 6113 7654 5506
f 5975 7673 5984
f 7673 5997 5984
f 6089 6094 7658
f 5960 7657 5961
f 6086 6082 7646
f 7675 5611 5535
f 7659 5625 5624
f 5962 7597 5963
f 6003 7627 6074
f 5993 5991 7601
f 7659 5624 5623
f 5982 7661 5983
f 5508 6676 7590
f 7588 5528 5527
f 7732 7741 7593
f 5659 5646 7676
f 6070 7658 6094
f 5646 5644 7613
f 5661 5654 7670
f 6100 7650 6101
f 6670 6669 7683
f 7720 7731 5534
f 7592 7721 7724
f 5659 7657 5960
f 7739 7592 7731
f 7732 7593 7740
f 7740 7593 7719
f 7678 5637 6670
f 7722 7720 5534
f 7610 7741 7722
f 5641 7668 6673
f 7584 6075 6076
f 6110 7577 6667
f 5992 5993 7601
f 6100 6105 7650
f 7587 6004 5992
f 7596 6663 5648
f 7601 5991 5977
f 5616 5615 7589
f 7597 5962 5965
f 5536 7675 5535
f 5998 7632 6003
f 5523 5519 7651
f 5514 6667 7577
f 7589 5615 5611
f 5654 5653 7670
f 6081 7646 6082
f 7578 5513 5514
f 6092 6091 7595
f 7674 5525 5522
f 7605 6064 6063
f 6676 5506 7654
f 6064 7602 6066
f 7739 7721 7592
f 7605 6068 5987
f 7661 5982 5997
f 6096 7654 6113
f 6091 6089 7595
f 7660 6097 6095
f 6070 6071 7672
f 5637 7668 5641
f 6674 7613 5644
f 5974 7662 5975
f 5527 5532 7604
f 5617 7659 5623
f 5538 5523 7651
f 5574 7534 5575
f 7532 5689 5686
f 5606 7474 5604
f 7457 6163 6167
f 5574 5576 7534
f 7562 6133 6132
f 6205 6057 7623
f 7586 6018 6013
f 5605 5604 7474
f 7691 6132 6134
f 5606 5598 7472
f 7565 5856 5697
f 6057 6201 7623
f 6205 7636 6208
f 6011 6024 7586
f 5576 5568 7533
f 5838 7468 5688
f 5717 5674 7574
f 5673 7574 5674
f 6047 6045 7569
f 6126 6117 7633
f 7583 5980 5979
f 5664 7576 5714
f 7629 5699 5714
f 5567 7690 5564
f 7620 5586 5587
f 5556 7690 5567
f 6126 7633 6123
f 7629 5700 5699
f 7624 6051 6040
f 7616 5591 5594
f 5668 7574 5673
f 5635 7625 5634
f 5681 7468 5838
f 7691 6134 6315
f 7472 5598 5599
f 6053 7564 6201
f 6013 6011 7586
f 5569 7533 5568
f 7457 6167 6334
f 6153 6146 7568
f 7583 5979 5973
f 7573 5668 5669
f 6117 6118 7567
f 6051 7569 6045
f 5594 5586 7616
f 5652 7576 5664
f 5697 5696 7565
f 7580 5519 5518
f 6106 6107 7645
f 5999 7632 5998
f 6106 7645 6110
f 7650 6107 6101
f 7580 5518 5520
f 5545 5550 7630
f 5977 5976 7601
f 5976 5967 7600
f 7584 6087 6075
f 5694 6663 7596
f 5655 7598 5653
f 5617 5618 7659
f 5533 5537 7663
f 6104 7660 6095
f 5522 5512 7653
f 7603 6071 6069
f 7656 5989 5985
f 6669 7719 7683
f 5510 7653 5512
f 7663 5536 5533
f 5510 5509 7599
f 5537 5530 7588
f 7603 6069 6079
f 6674 5643 7613
f 7655 5974 5970
f 7608 5964 5961
f 7677 5987 5989
f 5990 7656 5985
f 7607 5618 5616
f 7578 5520 5513
f 7587 5999 6004
f 5963 7600 5967
f 6087 7626 6081
f 7598 5655 5694
f 5627 5626 7582
f 7602 6079 6066
f 5509 5508 7590
f 5530 5528 7588
f 7606 5990 5983
f 5964 7608 5970
f 7671 6104 6092
f 7668 5643 6673
f 5627 7582 5635
f 5981 5980 7649
f 6252 7700 6289
f 7744 7750 7745
f 7742 7750 7744
f 7746 7744 7745
f 7743 7750 7742
f 7747 7748 7749
f 7749 7750 7751
f 7751 7747 7749
f 7697 7751 7750
f 7750 7743 7697
f 7753 7754 7745
f 7754 7757 7745
f 7746 7745 7757
f 7756 7755 7753
f 7714 7752 7753
f 7755 7714 7753
f 7754 7753 7752
f 7748 7832 7749
f 7748 7758 7832
f 7761 7759 7762
f 7760 7764 7761
f 7760 7761 7762
f 7759 7758 7762
f 7765 7764 7763
f 7763 7764 7760
f 7770 7765 7768
f 7766 7767 7765
f 7770 7766 7765
f 7764 7765 7767
f 7769 7793 7770
f 7768 7769 7770
f 7772 7771 7773
f 7771 7772 7756
f 7775 7773 7771
f 7773 7775 7774
f 7775 7776 7774
f 7778 7776 7775
f 7778 7777 7779
f 7775 7777 7778
f 7780 7778 7779
f 7781 7780 7779
f 7780 7781 7783
f 7782 7783 7784
f 7783 7781 7784
f 7782 7784 7785
f 7791 7790 7792
f 7787 7791 7792
f 7787 7793 7769
f 7787 7788 7793
f 7787 7786 7789
f 7787 7789 7788
f 7787 7792 7786
f 7791 7794 7799
f 7784 7795 7797
f 7798 7797 7795
f 7797 7785 7784
f 7796 7797 7798
f 7790 7791 7799
f 7800 7794 7801
f 7799 7794 7800
f 7794 7797 7801
f 7797 7796 7801
f 7684 7803 7681
f 7666 7887 7803
f 7803 7684 7685
f 7681 7803 7802
f 7611 7833 7804
f 7895 7833 7611
f 7611 7802 7895
f 7802 7611 7612
f 7669 7611 7804
f 7887 7614 7805
f 7883 7805 7736
f 7883 7735 7882
f 7882 7735 7737
f 7666 7803 7685
f 7614 7887 7666
f 7883 7736 7735
f 7805 7667 7736
f 7667 7805 7614
f 7804 7806 7689
f 7804 7689 7669
f 7688 7689 7806
f 7807 7688 7806
f 7807 7846 7810
f 7809 7807 5642
f 7808 7807 7809
f 7807 7808 7688
f 7846 7812 7810
f 7811 7812 7846
f 7812 7811 7813
f 7813 7814 7812
f 5642 7807 7810
f 7815 7737 7734
f 7882 7737 7815
f 7738 7817 7815
f 7734 7733 7815
f 7815 7733 7738
f 7817 7738 7729
f 7816 7729 7728
f 7818 7816 7728
f 7817 7729 7816
f 7727 7730 7818
f 7727 7818 7728
f 7819 7818 7730
f 7820 7821 7730
f 7821 7820 7828
f 7819 7730 7821
f 7824 7823 7862
f 7862 7823 7822
f 7813 7826 7825
f 7825 7814 7813
f 7826 7822 7823
f 7826 7823 7825
f 7831 7830 7824
f 7820 7829 7828
f 7829 7827 7828
f 7827 7866 7828
f 7824 7862 7831
f 7831 7827 7830
f 7831 7866 7827
f 7808 5645 7688
f 5642 7808 7809
f 5620 7810 5619
f 7719 6669 7810
f 5619 7810 6669
f 7732 7740 7812
f 7732 7812 7741
f 7740 7719 7812
f 7810 5620 5642
f 7719 7810 7812
f 7825 7722 7814
f 7741 7812 7814
f 7741 7814 7722
f 7720 7825 7823
f 7720 7823 7731
f 7739 7731 7823
f 7722 7825 7720
f 7724 7721 7824
f 7830 7723 7724
f 7725 7726 7827
f 7820 7730 7725
f 7827 7726 7723
f 7824 7721 7739
f 7823 7824 7739
f 7724 7824 7830
f 7827 7829 7725
f 7725 7829 7820
f 7830 7827 7723
f 7832 7834 7804
f 7834 7835 7839
f 7766 7845 7844
f 7840 7766 7846
f 7835 7840 7841
f 7847 7851 7854
f 7855 7858 7861
f 7851 7855 7862
f 7845 7847 7848
f 7804 7833 7832
f 7804 7834 7839
f 7838 7836 7835
f 7837 7863 7835
f 7838 7835 7863
f 7839 7835 7836
f 7843 7841 7840
f 7846 7842 7840
f 7843 7840 7842
f 7844 7845 7864
f 7846 7766 7844
f 7837 7835 7841
f 7850 7848 7847
f 7849 7826 7847
f 7850 7847 7826
f 7852 7854 7851
f 7865 7853 7851
f 7852 7851 7853
f 7849 7847 7854
f 7856 7862 7855
f 7861 7857 7855
f 7856 7855 7857
f 7859 7866 7858
f 7860 7867 7858
f 7859 7858 7867
f 7861 7858 7866
f 7865 7851 7862
f 7864 7845 7848
f 7858 7869 7860
f 7868 7870 7869
f 7871 7873 7872
f 7870 7871 7872
f 7874 7877 7880
f 7873 7874 7816
f 7881 7884 7805
f 7892 7894 7895
f 7888 7892 7893
f 7884 7888 7896
f 7877 7881 7897
f 7869 7870 7819
f 7816 7872 7873
f 7819 7870 7872
f 7875 7816 7874
f 7817 7876 7874
f 7875 7874 7876
f 7878 7880 7877
f 7897 7879 7877
f 7878 7877 7879
f 7817 7874 7880
f 7882 7898 7881
f 7899 7883 7881
f 7882 7881 7883
f 7885 7805 7884
f 7886 7887 7884
f 7885 7884 7887
f 7899 7881 7805
f 7889 7896 7888
f 7890 7891 7888
f 7889 7888 7891
f 7833 7895 7894
f 7893 7892 7895
f 7890 7888 7893
f 7886 7884 7896
f 7897 7881 7898
f 7894 7832 7833
f 7868 7869 7858
f 7852 7862 7822
f 7831 7857 7866
f 7828 7866 7859
f 7813 7850 7826
f 7846 7844 7811
f 7811 7844 7813
f 7841 7846 7807
f 7806 7836 7807
f 7839 7806 7804
f 7869 7828 7860
f 7867 7828 7859
f 7828 7867 7860
f 7857 7831 7856
f 7866 7857 7861
f 7853 7862 7852
f 7862 7853 7865
f 7854 7822 7849
f 7822 7826 7849
f 7822 7854 7852
f 7831 7862 7856
f 7813 7864 7848
f 7848 7850 7813
f 7837 7841 7807
f 7839 7836 7806
f 7842 7846 7843
f 7837 7807 7863
f 7846 7841 7843
f 7838 7807 7836
f 7807 7838 7863
f 7864 7813 7844
f 7803 7890 7802
f 7887 7886 7803
f 7895 7802 7893
f 7817 7880 7815
f 7819 7872 7818
f 7898 7882 7815
f 7875 7817 7816
f 7889 7891 7803
f 7899 7805 7883
f 7802 7890 7893
f 7891 7890 7803
f 7896 7803 7886
f 7803 7896 7889
f 7885 7887 7805
f 7897 7815 7879
f 7815 7897 7898
f 7878 7815 7880
f 7815 7878 7879
f 7818 7872 7816
f 7817 7875 7876
f 7821 7869 7819
f 7821 7828 7869
f 7758 7834 7832
f 7767 7840 7764
f 7834 7758 7759
f 7759 7761 7835
f 7761 7764 7840
f 7851 7792 7790
f 7786 7792 7851
f 7855 7799 7800
f 7855 7800 7801
f 7786 7847 7789
f 7789 7847 7788
f 7847 7793 7788
f 7855 7801 7796
f 7795 7784 7858
f 7798 7858 7796
f 7799 7851 7790
f 7770 7793 7845
f 7795 7858 7798
f 7766 7840 7767
f 7759 7835 7834
f 7845 7766 7770
f 7761 7840 7835
f 7847 7786 7851
f 7845 7793 7847
f 7796 7858 7855
f 7799 7855 7851
f 7874 7779 7777
f 7873 7781 7779
f 7781 7870 7784
f 7777 7775 7874
f 7775 7771 7877
f 7756 7753 7881
f 7745 7884 7753
f 7745 7750 7888
f 7892 7750 7749
f 7756 7881 7771
f 7781 7871 7870
f 7868 7784 7870
f 7871 7781 7873
f 7779 7874 7873
f 7775 7877 7874
f 7877 7771 7881
f 7881 7753 7884
f 7745 7888 7884
f 7750 7892 7888
f 7894 7892 7749
f 7749 7832 7894
f 7784 7868 7858
f 7785 7501 7782
f 7797 7500 7501
f 7503 7500 7794
f 7791 7506 7503
f 7505 7506 7791
f 7505 7787 7692
f 7769 7704 7705
f 7692 7769 7705
f 7708 7711 7760
f 7708 7760 7709
f 7748 7694 7696
f 7758 7696 7709
f 7704 7765 7711
f 7797 7501 7785
f 7787 7505 7791
f 7500 7797 7794
f 7794 7791 7503
f 7787 7769 7692
f 7785 7782 7900
f 7704 7768 7765
f 7758 7709 7762
f 7711 7763 7760
f 7762 7709 7760
f 7748 7696 7758
f 7711 7765 7763
f 7704 7769 7768
f 7714 6297 7718
f 7697 7694 7751
f 7742 7699 7701
f 7701 7697 7743
f 6295 6297 7714
f 7756 6303 6295
f 7756 6426 6303
f 7513 6426 7772
f 7776 7510 7513
f 7515 7780 7516
f 7516 7780 7480
f 7778 7515 7510
f 7480 7783 7782
f 7910 7746 7757
f 7714 7712 7752
f 7714 7755 6295
f 7757 7754 7907
f 7747 7751 7694
f 7743 7742 7701
f 7699 7744 7746
f 7744 7699 7742
f 7699 7746 7911
f 7755 7756 6295
f 7772 6426 7756
f 7780 7515 7778
f 7513 7773 7774
f 7513 7772 7773
f 7776 7513 7774
f 7510 7776 7778
f 7780 7783 7480
f 7748 7747 7694
f 7903 6293 6289
f 6293 7903 7717
f 7904 6293 7717
f 6293 7904 7716
f 7716 6297 6293
f 7905 6297 7716
f 6297 7905 7718
f 7752 7906 7754
f 7901 7906 7752
f 7901 7752 7712
f 7908 7754 7906
f 7902 7907 7754
f 7902 7754 7908
f 7909 7757 7907
f 7910 7757 7909
f 7911 7746 7910
f 7915 7914 7916
f 7914 7917 7918
f 7918 7912 7914
f 7916 7914 7913
f 7913 7914 7912
f 7912 7919 7922
f 7915 7916 8819
f 8819 7916 7920
f 7924 7912 7918
f 7929 7924 7925
f 7929 7919 7912
f 7925 7927 7929
f 7926 7928 7929
f 7929 7927 7926
f 7921 7922 7923
f 7922 7921 7930
f 7922 7919 7923
f 7931 7929 7928
f 7912 7924 7929
f 7939 7933 7934
f 7933 7935 7936
f 7935 7933 7939
f 7938 7937 7935
f 7937 7936 7935
f 7950 7940 7941
f 7950 7941 7943
f 7939 7942 7940
f 7939 7934 7942
f 7944 7945 7946
f 7946 7945 7947
f 7945 7948 7947
f 7947 7948 7952
f 7951 7950 7949
f 7949 7953 7951
f 7943 7949 7950
f 7949 7954 7953
f 7952 7953 7954
f 7953 7952 7948
f 7938 7935 7944
f 7957 7956 7955
f 7958 7955 7956
f 7959 7960 7956
f 7960 7958 7956
f 7955 7961 7962
f 7957 7955 7962
f 7963 7961 7955
f 7961 7963 7967
f 8714 7968 7972
f 7969 7959 7970
f 7970 7959 8714
f 7970 7971 7969
f 7972 7970 8714
f 7969 7960 7959
f 7966 7973 7974
f 7966 7974 7975
f 7966 7975 7976
f 7969 7973 7960
f 7960 7973 7966
f 7977 7978 7966
f 7963 7964 7967
f 7965 7977 7966
f 7980 7976 7975
f 7966 7976 7965
f 7980 7975 7979
f 7964 7963 7978
f 7981 7982 7983
f 7979 7984 7980
f 7986 7984 7987
f 7988 7985 7984
f 7979 7988 7984
f 7981 7986 7987
f 7987 7984 7985
f 7989 7990 7992
f 7987 7992 7981
f 7990 7981 7992
f 7989 7992 7991
f 7990 7982 7981
f 7996 7995 7998
f 7998 7995 7997
f 7998 8005 7996
f 7999 7996 8005
f 8002 8004 8003
f 8002 8003 8007
f 8006 8003 8005
f 7998 8009 8005
f 8004 8002 8008
f 8003 8006 8007
f 7998 8010 8009
f 8009 8006 8005
f 8015 8014 8010
f 8013 8010 8014
f 8013 8009 8010
f 8018 8002 8017
f 8015 8010 8020
f 8041 8015 8020
f 8041 8020 8021
f 8038 8004 8022
f 8023 8001 8024
f 8026 8025 8031
f 8029 8028 8025
f 8026 8000 8027
f 8027 8032 8026
f 8033 8035 8034
f 8034 8036 8033
f 8026 8001 8000
f 8034 8032 8036
f 8001 8023 8000
f 8022 8004 8008
f 8008 8002 8018
f 8022 8029 8038
f 8017 8037 8018
f 8021 8039 8041
f 8041 8039 8019
f 8019 8042 8041
f 8042 8040 8041
f 8028 8029 8030
f 8041 8037 8017
f 8037 8041 8040
f 8030 8029 8022
f 8028 8031 8025
f 8011 8035 8012
f 8031 8001 8026
f 8045 8043 8044
f 8053 8047 8048
f 8053 8048 8049
f 8044 8047 8053
f 8044 8043 8047
f 8046 8051 8044
f 8046 8050 8051
f 8049 8054 8055
f 8054 8056 8055
f 8055 8057 8049
f 8058 8049 8057
f 8070 8059 8060
f 8108 8059 8070
f 8058 8053 8049
f 8058 8057 8063
f 8061 8062 8065
f 8063 8062 8058
f 8066 8065 8064
f 8064 8062 8750
f 8750 8062 8063
f 8066 8067 8068
f 8067 8066 8064
f 8108 8070 8071
f 8064 8065 8062
f 8060 8073 8072
f 8074 8072 8073
f 8074 8073 8075
f 8072 8069 8060
f 8076 8078 8776
f 8067 8776 8078
f 8078 8076 8077
f 8078 8068 8067
f 8078 8070 8069
f 8078 8069 8079
f 8077 8080 8078
f 8080 8070 8078
f 8122 8078 8079
f 7991 7992 7993
f 8070 8060 8069
f 8050 8061 8052
f 8084 8083 8085
f 8083 8084 8082
f 8086 8012 8016
f 8088 8084 8085
f 8011 8012 8086
f 8084 8088 8087
f 8092 8089 8090
f 8088 8091 8092
f 8091 8089 8092
f 8092 8090 8093
f 8095 8093 8096
f 8094 8093 8095
f 8011 8034 8035
f 8096 8097 8113
f 8113 8095 8096
f 8092 8093 8094
f 8088 8085 8091
f 8012 8098 8016
f 8098 8099 8101
f 8012 8102 8098
f 8102 8100 8098
f 8102 8104 8100
f 8122 8079 8104
f 8103 7993 7994
f 8104 8102 8105
f 8104 8105 8107
f 8107 8106 8104
f 8108 8103 7994
f 8079 8100 8104
f 8107 8109 8106
f 8112 8088 8110
f 8088 8112 8087
f 8114 8113 8097
f 8110 8114 8115
f 8113 8114 8110
f 8110 8111 8112
f 8110 8115 8111
f 8111 8115 8116
f 8108 8071 8103
f 8098 8101 8016
f 7994 7993 7992
f 7998 8117 8010
f 8117 8118 8010
f 8726 7942 7934
f 8120 8121 8106
f 8119 8120 8116
f 8097 8119 8114
f 8115 8119 8116
f 8119 8115 8114
f 8120 8106 8109
f 8109 8116 8120
f 8106 8121 8104
f 8121 8122 8104
f 8124 8123 8078
f 8125 8065 8123
f 8125 8681 8061
f 8066 8068 8123
f 8061 8065 8125
f 8066 8123 8065
f 8078 8123 8068
f 8078 8122 8124
f 8149 8129 8193
f 8146 8184 8140
f 8195 8148 8128
f 8130 8129 8149
f 8131 8196 8132
f 8150 8137 8135
f 8140 8145 8139
f 8143 8142 8141
f 8145 8141 8142
f 8146 8140 8138
f 8143 8158 8144
f 8153 8152 8154
f 8153 8161 8159
f 8171 8173 8181
f 8158 8178 8174
f 8174 8178 8160
f 8180 8156 8155
f 8172 8173 8171
f 8168 8172 8171
f 8170 8169 8166
f 8168 8171 8170
f 8162 8167 8166
f 8165 8164 8151
f 8155 8181 8173
f 8160 8663 8159
f 8660 8159 8663
f 8175 8656 8160
f 8663 8160 8656
f 8159 8176 8153
f 8176 8159 8660
f 8178 8158 8177
f 8178 8175 8160
f 8180 8179 8155
f 8181 8155 8179
f 8155 8156 8180
f 8181 8187 8171
f 8661 8182 8152
f 8157 8152 8182
f 8176 8661 8153
f 8152 8153 8661
f 8180 8157 8182
f 8143 8177 8158
f 8141 8177 8143
f 8141 8145 8183
f 8184 8183 8140
f 8145 8140 8183
f 8136 8185 8146
f 8184 8146 8185
f 8136 8135 8185
f 8186 8185 8135
f 8135 8137 8186
f 8134 8186 8133
f 8137 8133 8186
f 8170 8171 8188
f 8187 8188 8171
f 8169 8170 8188
f 8188 8189 8169
f 8190 8166 8189
f 8169 8189 8166
f 8162 8166 8190
f 8163 8162 8190
f 8165 8163 8191
f 8190 8191 8163
f 8164 8165 8191
f 8151 8164 8191
f 8126 8151 8192
f 8191 8192 8151
f 8192 8619 8126
f 8622 8630 8193
f 8194 8131 8193
f 8195 8622 8129
f 8193 8129 8622
f 8196 8134 8132
f 8186 8134 8196
f 8196 8131 8194
f 8128 8127 8197
f 8147 8197 8127
f 8147 8126 8197
f 8619 8197 8126
f 8128 8198 8195
f 8129 8130 8195
f 8198 8128 8199
f 8197 8199 8128
f 8201 8200 8461
f 8200 8446 8202
f 8204 8205 8203
f 8461 8200 8452
f 8206 8205 8204
f 8452 8203 8205
f 8452 8200 8203
f 8207 8202 8446
f 8202 8207 8208
f 8208 8207 8209
f 8209 8207 8210
f 8210 8212 8209
f 8213 8209 8214
f 8209 8212 8214
f 8228 8211 8215
f 8212 8210 8211
f 8209 8213 8234
f 8217 8206 8204
f 8219 8218 8438
f 8224 8219 8217
f 8217 8204 8216
f 8223 8221 8222
f 8220 8216 8221
f 8220 8221 8223
f 8217 8216 8224
f 8222 8231 8223
f 8212 8211 8228
f 8226 8228 8225
f 8227 8226 8225
f 8225 8218 8227
f 8215 8225 8228
f 8218 8225 8438
f 8218 8219 8224
f 8216 8220 8224
f 8222 8229 8231
f 8235 8493 8239
f 8239 8234 8235
f 8239 8493 8490
f 8233 8234 8236
f 8233 8235 8234
f 8492 8235 8233
f 8238 8492 8233
f 8234 8213 8236
f 8490 8489 8239
f 8239 8240 8486
f 8240 8239 8489
f 8241 8243 8239
f 8241 8239 8486
f 8243 8484 8244
f 8484 8243 8242
f 8244 8245 8243
f 8242 8243 8241
f 8237 8246 8238
f 8248 8246 8237
f 8247 8248 8237
f 8237 8238 8233
f 8248 8247 8253
f 8251 8305 8252
f 8253 8247 8250
f 8255 8249 8250
f 8253 8250 8249
f 8256 8254 8245
f 8254 8256 8255
f 8256 8245 8244
f 8254 8250 8257
f 8254 8255 8250
f 8257 8258 8259
f 8259 8258 8260
f 8260 8258 8251
f 8251 8252 8260
f 8258 8257 8250
f 8251 8261 8303
f 8229 8266 8262
f 8229 8262 8232
f 8263 8231 8230
f 8231 8232 8230
f 8231 8263 8583
f 8229 8264 8422
f 8265 8264 8229
f 8229 8422 8266
f 8583 8263 8267
f 8268 8583 8267
f 8268 8267 8273
f 8269 8273 8267
f 8270 8273 8271
f 8272 8273 8270
f 8274 8275 8273
f 8277 8275 8274
f 8273 8272 8278
f 8271 8273 8269
f 8280 8265 8279
f 8280 8279 8281
f 8285 8280 8281
f 8285 8281 8286
f 8284 8282 8278
f 8278 8283 8284
f 8281 8283 8286
f 8278 8286 8283
f 8287 8278 8282
f 8284 8288 8282
f 8310 8277 8276
f 8289 8277 8274
f 8277 8289 8276
f 8274 8273 8287
f 8290 8291 8292
f 8290 8288 8291
f 8617 8292 8291
f 8288 8284 8291
f 8273 8278 8287
f 8291 8315 8617
f 8296 8295 8293
f 8296 8293 8297
f 8293 8294 8297
f 8318 8299 8301
f 8294 8293 8527
f 8298 8293 8318
f 8293 8298 8527
f 8299 8302 8310
f 8299 8318 8293
f 8251 8303 8520
f 8304 8305 8520
f 8251 8520 8305
f 8303 8295 8296
f 8306 8307 8305
f 8306 8308 8309
f 8306 8309 8307
f 8306 8305 8304
f 8295 8303 8261
f 8300 8299 8311
f 8311 8299 8310
f 8312 8318 8301
f 8301 8299 8300
f 8315 8291 8317
f 8312 8317 8316
f 8317 8314 8316
f 8314 8317 8291
f 8318 8321 8320
f 8322 8323 8308
f 8308 8323 8309
f 8321 8318 8319
f 8319 8318 8312
f 8324 8321 8323
f 8320 8321 8324
f 8324 8323 8322
f 8312 8313 8319
f 8312 8316 8313
f 8302 8277 8310
f 8232 8231 8229
f 8325 8328 8332
f 8333 8337 8340
f 8328 8333 8330
f 8341 8343 8346
f 8347 8349 8352
f 8343 8347 8353
f 8337 8341 8354
f 8326 8650 8325
f 8332 8327 8325
f 8326 8325 8327
f 8331 8329 8328
f 8330 8355 8328
f 8331 8328 8355
f 8332 8328 8329
f 8336 8334 8333
f 8356 8335 8333
f 8336 8333 8335
f 8338 8340 8337
f 8354 8339 8337
f 8338 8337 8339
f 8356 8333 8340
f 8330 8333 8334
f 8649 8342 8341
f 8357 8649 8341
f 8344 8346 8343
f 8353 8345 8343
f 8344 8343 8345
f 8357 8341 8346
f 8653 8353 8347
f 8352 8348 8347
f 8653 8347 8348
f 8351 8350 8349
f 8358 8654 8349
f 8351 8349 8654
f 8352 8349 8350
f 8354 8341 8342
f 8359 8358 8349
f 8359 8362 8363
f 8364 8367 8370
f 8362 8364 8371
f 8372 8374 8378
f 8379 8381 8384
f 8374 8379 8376
f 8367 8372 8385
f 8361 8358 8359
f 8360 8386 8359
f 8361 8359 8386
f 8363 8362 8387
f 8360 8359 8363
f 8365 8371 8364
f 8366 8365 8364
f 8368 8370 8367
f 8368 8367 8369
f 8366 8364 8370
f 8387 8362 8371
f 8385 8372 8373
f 8375 8378 8374
f 8376 8377 8374
f 8375 8374 8377
f 8373 8372 8378
f 8380 8376 8379
f 8680 8679 8379
f 8380 8379 8679
f 8382 8384 8381
f 8650 8383 8381
f 8382 8381 8383
f 8680 8379 8384
f 8369 8367 8385
f 8381 8325 8650
f 8391 8388 8390
f 8389 8392 8388
f 8393 8392 8389
f 8391 8394 8388
f 8395 8388 8394
f 8396 8395 8394
f 8394 8397 8396
f 8396 8397 8403
f 8399 8389 8398
f 8393 8389 8399
f 8399 8398 8400
f 8402 8405 8403
f 8397 8402 8403
f 8404 8405 8400
f 8401 8400 8405
f 8404 8403 8405
f 8420 8394 8391
f 8408 8397 8394
f 8411 8402 8397
f 8267 8405 8402
f 8394 8407 8406
f 8407 8394 8420
f 8394 8410 8408
f 8397 8409 8411
f 8409 8397 8408
f 8410 8394 8406
f 8402 8411 8412
f 8405 8267 8413
f 8405 8414 8263
f 8414 8405 8413
f 8267 8402 8412
f 8263 8415 8405
f 8415 8400 8401
f 8262 8399 8400
f 8417 8392 8393
f 8419 8388 8392
f 8420 8390 8388
f 8422 8393 8399
f 8400 8415 8262
f 8422 8399 8416
f 8416 8399 8262
f 8393 8422 8418
f 8417 8393 8418
f 8388 8419 8421
f 8420 8388 8421
f 8419 8392 8417
f 8420 8391 8390
f 8405 8415 8401
f 8423 8425 8424
f 8424 8425 8427
f 8429 8424 8426
f 8429 8423 8424
f 8425 8428 8427
f 8428 8435 8427
f 8427 8435 8434
f 8431 8426 8430
f 8429 8426 8431
f 8431 8430 8432
f 8435 8437 8434
f 8433 8432 8436
f 8436 8434 8437
f 8439 8428 8425
f 8442 8435 8428
f 8444 8437 8435
f 8446 8436 8437
f 8425 8440 8439
f 8440 8425 8438
f 8428 8441 8443
f 8435 8442 8448
f 8442 8428 8443
f 8441 8428 8439
f 8437 8210 8447
f 8210 8437 8444
f 8437 8445 8446
f 8436 8446 8449
f 8445 8437 8447
f 8444 8435 8448
f 8449 8433 8436
f 8451 8432 8433
f 8455 8431 8432
f 8206 8423 8429
f 8458 8425 8423
f 8460 8429 8431
f 8433 8450 8451
f 8455 8432 8451
f 8431 8461 8452
f 8431 8454 8453
f 8454 8431 8452
f 8461 8431 8455
f 8429 8456 8206
f 8456 8429 8460
f 8423 8459 8457
f 8458 8423 8457
f 8459 8423 8206
f 8460 8431 8453
f 8458 8438 8425
f 8449 8450 8433
f 8462 8464 8469
f 8463 8465 8462
f 8467 8463 8466
f 8465 8463 8467
f 8464 8468 8469
f 8471 8470 8469
f 8471 8477 8470
f 8468 8471 8469
f 8474 8475 8472
f 8473 8472 8475
f 8477 8476 8470
f 8479 8474 8478
f 8479 8478 8480
f 8478 8476 8480
f 8472 8467 8466
f 8481 8468 8464
f 8482 8471 8468
f 8485 8476 8477
f 8486 8479 8480
f 8487 8480 8476
f 8488 8477 8471
f 8481 8464 8249
f 8471 8483 8488
f 8483 8471 8482
f 8482 8468 8481
f 8476 8485 8242
f 8485 8477 8484
f 8486 8480 8487
f 8487 8476 8242
f 8484 8477 8488
f 8486 8240 8479
f 8253 8249 8464
f 8490 8475 8474
f 8235 8472 8473
f 8493 8473 8475
f 8496 8462 8465
f 8495 8464 8462
f 8496 8465 8467
f 8497 8467 8472
f 8474 8240 8489
f 8490 8474 8489
f 8473 8493 8491
f 8472 8235 8492
f 8235 8473 8491
f 8493 8475 8490
f 8467 8497 8494
f 8467 8494 8496
f 8464 8495 8253
f 8495 8462 8496
f 8497 8472 8492
f 8479 8240 8474
f 8498 8500 8503
f 8499 8501 8498
f 8502 8501 8499
f 8500 8504 8503
f 8504 8505 8503
f 8503 8505 8506
f 8508 8499 8507
f 8502 8499 8508
f 8508 8507 8509
f 8505 8511 8506
f 8510 8509 8512
f 8510 8512 8513
f 8512 8511 8513
f 8518 8504 8500
f 8516 8505 8504
f 8522 8511 8505
f 8522 8513 8511
f 8520 8510 8513
f 8500 8523 8514
f 8500 8514 8518
f 8504 8518 8515
f 8504 8517 8516
f 8517 8504 8515
f 8513 8522 8519
f 8513 8521 8304
f 8520 8513 8304
f 8521 8513 8519
f 8522 8505 8516
f 8524 8523 8500
f 8296 8509 8510
f 8526 8508 8509
f 8528 8501 8502
f 8530 8498 8501
f 8524 8500 8498
f 8531 8502 8508
f 8509 8296 8526
f 8296 8510 8525
f 8527 8508 8526
f 8502 8529 8528
f 8529 8502 8531
f 8524 8498 8530
f 8530 8501 8528
f 8531 8508 8527
f 8510 8520 8525
f 8009 8478 8474
f 8009 8476 8478
f 8041 8469 8470
f 8015 8470 8476
f 8013 8476 8009
f 8476 8013 8014
f 8015 8041 8470
f 8015 8476 8014
f 8017 8462 8469
f 8002 8466 8463
f 8017 8463 8462
f 8002 8472 8466
f 8006 8474 8472
f 8041 8017 8469
f 8002 8463 8017
f 8472 8002 8007
f 8474 8006 8009
f 8006 8472 8007
f 7960 8436 8432
f 7960 8434 8436
f 7966 8427 8434
f 8434 7960 7966
f 7966 7978 8427
f 7958 7960 8432
f 7978 8424 8427
f 7955 8430 8426
f 7955 8432 8430
f 7963 8426 8424
f 7978 7963 8424
f 7955 7958 8432
f 8426 7963 7955
f 8053 8404 8400
f 8053 8403 8404
f 8058 8396 8403
f 8062 8395 8396
f 8403 8053 8058
f 8062 8396 8058
f 8062 8388 8395
f 8061 8389 8388
f 8046 8398 8389
f 8044 8400 8398
f 8050 8389 8061
f 8388 8062 8061
f 8389 8050 8046
f 8398 8046 8044
f 8044 8053 8400
f 8092 8512 8509
f 8092 8511 8512
f 8113 8503 8506
f 8113 8506 8511
f 8094 8511 8092
f 8511 8094 8095
f 8511 8095 8113
f 8113 8110 8503
f 8110 8498 8503
f 8110 8499 8498
f 8088 8507 8499
f 8088 8509 8507
f 8088 8499 8110
f 8092 8509 8088
f 8533 8535 8537
f 8546 8540 8543
f 8540 8537 8544
f 8548 8546 8547
f 8551 8548 8554
f 8558 8559 8556
f 8560 8551 8561
f 8556 8560 8561
f 8533 8532 8535
f 8537 8536 8544
f 8536 8537 8534
f 8534 8537 8535
f 8540 8538 8539
f 8543 8540 8539
f 8546 8541 8542
f 8546 8545 8547
f 8545 8546 8542
f 8541 8546 8543
f 8538 8540 8544
f 8548 8547 8549
f 8551 8554 8550
f 8554 8548 8549
f 8551 8553 8552
f 8561 8551 8552
f 8553 8551 8550
f 8556 8555 8558
f 8555 8556 8557
f 8559 8558 8562
f 8557 8556 8561
f 8562 8570 8559
f 8563 8532 8533
f 8566 8564 8567
f 8574 8572 8570
f 8572 8575 8564
f 8576 8579 8581
f 8587 8585 8588
f 8583 8576 8587
f 8566 8589 8585
f 8532 8563 8581
f 8570 8571 8569
f 8572 8574 8573
f 8572 8573 8575
f 8574 8570 8569
f 8564 8575 8227
f 8564 8227 8565
f 8566 8568 8220
f 8568 8566 8567
f 8567 8564 8565
f 8585 8586 8584
f 8586 8585 8589
f 8587 8588 8583
f 8588 8585 8584
f 8576 8583 8578
f 8576 8577 8579
f 8577 8576 8578
f 8581 8582 8275
f 8581 8580 8532
f 8580 8581 8275
f 8582 8581 8579
f 8589 8566 8220
f 8562 8571 8570
f 8559 8570 8572
f 8566 8559 8564
f 8564 8559 8572
f 8559 8566 8581
f 8551 8556 8559
f 8560 8556 8551
f 8559 8581 8551
f 8548 8551 8537
f 8587 8581 8566
f 8581 8587 8576
f 8537 8551 8581
f 8563 8533 8581
f 8546 8548 8540
f 8548 8537 8540
f 8533 8537 8581
f 8585 8587 8566
f 8243 8333 8239
f 8245 8333 8243
f 8257 8259 8337
f 8254 8257 8337
f 8245 8254 8333
f 8234 8239 8328
f 8259 8260 8341
f 8252 8305 8341
f 8260 8252 8341
f 8343 8307 8309
f 8321 8347 8323
f 8309 8323 8343
f 8305 8307 8343
f 8321 8319 8347
f 8316 8314 8349
f 8349 8319 8313
f 8349 8313 8316
f 8239 8333 8328
f 8328 8325 8234
f 8337 8333 8254
f 8305 8343 8341
f 8323 8347 8343
f 8349 8347 8319
f 8341 8337 8259
f 8314 8359 8349
f 8234 8325 8209
f 8291 8284 8359
f 8362 8281 8279
f 8229 8364 8265
f 8362 8283 8281
f 8283 8362 8284
f 8279 8265 8364
f 8229 8222 8367
f 8222 8221 8372
f 8221 8216 8372
f 8216 8204 8372
f 8203 8200 8379
f 8200 8202 8379
f 8381 8208 8209
f 8208 8381 8202
f 8204 8203 8374
f 8284 8362 8359
f 8362 8279 8364
f 8364 8229 8367
f 8204 8374 8372
f 8374 8203 8379
f 8379 8202 8381
f 8372 8367 8222
f 8209 8325 8381
f 8291 8359 8314
f 8535 8532 8299
f 8544 8536 8293
f 8536 8534 8293
f 8534 8535 8299
f 8539 8538 8293
f 8543 8539 8295
f 8251 8542 8541
f 8545 8251 8547
f 8251 8545 8542
f 8293 8538 8544
f 8543 8251 8541
f 8554 8549 8258
f 8549 8547 8258
f 8553 8550 8250
f 8561 8552 8250
f 8552 8553 8250
f 8550 8554 8250
f 8557 8561 8247
f 8555 8557 8237
f 8562 8558 8233
f 8558 8555 8237
f 8277 8302 8532
f 8299 8532 8302
f 8299 8293 8534
f 8293 8295 8539
f 8251 8543 8261
f 8547 8251 8258
f 8295 8261 8543
f 8250 8247 8561
f 8233 8558 8237
f 8237 8557 8247
f 8236 8562 8233
f 8554 8258 8250
f 8236 8571 8562
f 8569 8571 8212
f 8573 8574 8212
f 8574 8569 8212
f 8228 8575 8573
f 8565 8227 8218
f 8567 8565 8224
f 8567 8224 8568
f 8575 8226 8227
f 8584 8586 8231
f 8589 8223 8586
f 8588 8584 8231
f 8273 8577 8578
f 8578 8583 8273
f 8579 8577 8273
f 8532 8580 8277
f 8275 8277 8580
f 8273 8582 8579
f 8214 8212 8571
f 8573 8212 8228
f 8228 8226 8575
f 8565 8218 8224
f 8568 8224 8220
f 8571 8213 8214
f 8220 8223 8589
f 8223 8231 8586
f 8268 8273 8583
f 8273 8275 8582
f 8588 8231 8583
f 8236 8213 8571
f 8592 8590 8591
f 8598 8591 8590
f 8590 8592 8593
f 8590 8593 8594
f 8596 8595 8590
f 8595 8599 8590
f 8598 8590 8597
f 8600 8597 8590
f 8600 8590 8599
f 8594 8596 8590
f 8315 8591 8598
f 8603 8592 8591
f 8607 8593 8592
f 8608 8594 8593
f 8598 8611 8315
f 8591 8602 8601
f 8602 8591 8315
f 8591 8606 8603
f 8592 8605 8604
f 8605 8592 8603
f 8606 8591 8601
f 8592 8610 8607
f 8608 8593 8607
f 8594 8608 8609
f 8610 8592 8604
f 8609 8612 8594
f 8613 8611 8598
f 8612 8595 8596
f 8614 8599 8595
f 8616 8597 8600
f 8292 8598 8597
f 8287 8600 8599
f 8614 8595 8612
f 8599 8614 8615
f 8287 8599 8615
f 8597 8616 8618
f 8598 8617 8613
f 8617 8598 8292
f 8292 8597 8618
f 8616 8600 8287
f 8594 8612 8596
f 8197 8620 8621
f 8620 8197 8619
f 8627 8620 8619
f 8622 8195 8631
f 8195 8198 8623
f 8198 8199 8621
f 8197 8621 8199
f 8193 8630 8624
f 8198 8621 8626
f 8632 8194 8193
f 8619 8625 8627
f 8626 8621 8628
f 8329 8621 8620
f 8628 8621 8629
f 8327 8620 8627
f 8195 8623 8631
f 8336 8631 8626
f 8623 8626 8631
f 8335 8630 8631
f 8622 8631 8630
f 8340 8624 8630
f 8623 8198 8626
f 8624 8632 8193
f 8619 8633 8625
f 8194 8635 8196
f 8186 8196 8634
f 8632 8635 8194
f 8185 8186 8636
f 8184 8185 8638
f 8177 8141 8645
f 8141 8183 8639
f 8635 8648 8634
f 8196 8635 8634
f 8186 8634 8636
f 8641 8648 8635
f 8641 8635 8632
f 8185 8642 8637
f 8642 8185 8636
f 8185 8637 8638
f 8184 8638 8183
f 8183 8638 8652
f 8141 8639 8645
f 8639 8183 8643
f 8646 8647 8645
f 8338 8632 8624
f 8329 8620 8327
f 8326 8627 8625
f 8331 8628 8629
f 8626 8628 8334
f 8334 8336 8626
f 8330 8334 8628
f 8329 8629 8621
f 8335 8631 8336
f 8335 8340 8630
f 8634 8648 8640
f 8338 8624 8340
f 8354 8342 8641
f 8338 8641 8632
f 8649 8640 8648
f 8342 8648 8641
f 8329 8327 8332
f 8326 8327 8627
f 8355 8628 8331
f 8355 8330 8628
f 8329 8331 8629
f 8335 8356 8340
f 8339 8641 8338
f 8648 8342 8649
f 8339 8354 8641
f 8651 8642 8636
f 8636 8640 8346
f 8642 8651 8344
f 8642 8344 8637
f 8345 8637 8344
f 8651 8636 8346
f 8344 8651 8346
f 8637 8652 8638
f 8639 8643 8644
f 8643 8183 8652
f 8652 8653 8643
f 8639 8644 8645
f 8645 8644 8351
f 8644 8643 8352
f 8353 8652 8637
f 8357 8640 8649
f 8640 8357 8346
f 8353 8637 8345
f 8653 8652 8353
f 8645 8351 8654
f 8350 8644 8352
f 8351 8644 8350
f 8653 8348 8352
f 8352 8643 8653
f 8646 8645 8654
f 8636 8634 8640
f 8326 8625 8655
f 8177 8361 8178
f 8177 8647 8361
f 8178 8658 8175
f 8657 8656 8175
f 8658 8178 8361
f 8177 8645 8647
f 8180 8182 8659
f 8368 8180 8659
f 8361 8647 8646
f 8660 8663 8662
f 8360 8658 8361
f 8363 8657 8175
f 8660 8662 8371
f 8657 8663 8656
f 8660 8666 8661
f 8360 8175 8658
f 8661 8666 8665
f 8366 8659 8182
f 8370 8664 8659
f 8182 8661 8665
f 8365 8182 8665
f 8660 8371 8666
f 8661 8176 8660
f 8672 8179 8368
f 8677 8188 8187
f 8187 8181 8668
f 8180 8368 8179
f 8190 8189 8669
f 8191 8190 8670
f 8675 8189 8188
f 8192 8191 8633
f 8179 8676 8668
f 8181 8179 8668
f 8187 8668 8677
f 8674 8676 8179
f 8674 8179 8672
f 8188 8667 8675
f 8673 8677 8668
f 8667 8188 8677
f 8189 8675 8669
f 8190 8669 8670
f 8669 8675 8678
f 8191 8670 8633
f 8633 8670 8655
f 8633 8619 8192
f 8659 8664 8368
f 8361 8646 8654
f 8363 8175 8360
f 8386 8360 8361
f 8387 8662 8663
f 8371 8665 8666
f 8387 8371 8662
f 8363 8663 8657
f 8366 8182 8365
f 8366 8370 8659
f 8668 8676 8671
f 8368 8664 8370
f 8369 8674 8672
f 8369 8672 8368
f 8385 8676 8674
f 8361 8654 8358
f 8387 8663 8363
f 8365 8665 8371
f 8373 8671 8676
f 8385 8674 8369
f 8676 8385 8373
f 8675 8667 8377
f 8675 8377 8678
f 8375 8667 8677
f 8378 8677 8671
f 8673 8671 8677
f 8667 8375 8377
f 8376 8678 8377
f 8669 8380 8679
f 8670 8669 8679
f 8679 8680 8670
f 8655 8670 8384
f 8380 8669 8678
f 8376 8380 8678
f 8378 8375 8677
f 8671 8373 8378
f 8670 8680 8384
f 8655 8382 8383
f 8655 8383 8650
f 8382 8655 8384
f 8655 8650 8326
f 8673 8668 8671
f 8625 8633 8655
f 8317 8602 8315
f 8603 8606 8317
f 8601 8602 8317
f 8317 8606 8601
f 8605 8603 8312
f 8604 8605 8312
f 8610 8312 8607
f 8608 8607 8312
f 8300 8609 8608
f 8312 8610 8604
f 8312 8603 8317
f 8609 8300 8311
f 8301 8300 8608
f 8608 8312 8301
f 8311 8310 8609
f 8310 8612 8609
f 8613 8315 8611
f 8612 8310 8614
f 8274 8615 8614
f 8618 8616 8290
f 8288 8616 8287
f 8276 8614 8310
f 8614 8276 8289
f 8274 8614 8289
f 8287 8615 8274
f 8616 8288 8290
f 8288 8287 8282
f 8292 8618 8290
f 8617 8315 8613
f 8443 8441 8225
f 8439 8440 8225
f 8448 8442 8211
f 8225 8441 8439
f 8225 8442 8443
f 8447 8210 8207
f 8444 8448 8211
f 8207 8445 8447
f 8444 8211 8210
f 8445 8207 8446
f 8225 8440 8438
f 8442 8215 8211
f 8215 8442 8225
f 8449 8446 8200
f 8449 8200 8450
f 8201 8455 8451
f 8454 8205 8453
f 8201 8451 8450
f 8205 8460 8453
f 8457 8459 8217
f 8206 8217 8459
f 8217 8458 8457
f 8460 8205 8456
f 8201 8450 8200
f 8461 8455 8201
f 8205 8454 8452
f 8206 8456 8205
f 8217 8219 8458
f 8219 8438 8458
f 8255 8481 8249
f 8482 8244 8483
f 8482 8481 8256
f 8244 8488 8483
f 8487 8241 8486
f 8488 8244 8484
f 8256 8481 8255
f 8244 8482 8256
f 8241 8487 8242
f 8485 8484 8242
f 8238 8494 8497
f 8496 8494 8246
f 8248 8495 8496
f 8493 8235 8491
f 8238 8497 8492
f 8246 8248 8496
f 8238 8246 8494
f 8248 8253 8495
f 8514 8523 8324
f 8518 8514 8322
f 8308 8517 8515
f 8517 8308 8516
f 8308 8515 8518
f 8519 8522 8306
f 8519 8306 8521
f 8522 8516 8306
f 8324 8322 8514
f 8308 8518 8322
f 8306 8516 8308
f 8306 8304 8521
f 8520 8303 8525
f 8527 8526 8294
f 8528 8529 8318
f 8529 8531 8318
f 8318 8530 8528
f 8320 8524 8530
f 8296 8525 8303
f 8526 8296 8297
f 8294 8526 8297
f 8531 8298 8318
f 8320 8324 8524
f 8531 8527 8298
f 8320 8530 8318
f 8324 8523 8524
f 8406 8407 8278
f 8407 8420 8286
f 8278 8409 8408
f 8406 8278 8410
f 8408 8410 8278
f 8278 8411 8409
f 8269 8412 8411
f 8267 8414 8413
f 8420 8285 8286
f 8407 8286 8278
f 8411 8278 8272
f 8270 8411 8272
f 8270 8271 8411
f 8269 8411 8271
f 8269 8267 8412
f 8414 8267 8263
f 8266 8416 8262
f 8418 8422 8265
f 8421 8419 8280
f 8419 8417 8280
f 8421 8280 8420
f 8418 8265 8417
f 8230 8415 8263
f 8262 8415 8232
f 8230 8232 8415
f 8266 8422 8416
f 8280 8417 8265
f 8264 8265 8422
f 8280 8285 8420
f 8681 8153 8154
f 8161 8153 8125
f 8125 8153 8681
f 8154 8152 8681
f 8682 8681 8152
f 8682 8683 8685
f 8685 8683 8684
f 8683 8682 8152
f 8160 8123 8174
f 8174 8124 8158
f 8124 8122 8158
f 8160 8159 8123
f 8161 8125 8159
f 8159 8125 8123
f 8124 8174 8123
f 8686 8180 8155
f 8687 8180 8686
f 8687 8157 8180
f 8155 8688 8686
f 8155 8173 8688
f 8688 8172 8689
f 8172 8168 8689
f 8689 8168 8170
f 8172 8688 8173
f 8683 8152 8690
f 8692 8693 8170
f 8689 8170 8693
f 8694 8152 8687
f 8152 8694 8690
f 8687 8152 8157
f 8122 8144 8158
f 8143 8144 8121
f 8143 8120 8142
f 8145 8142 8120
f 8144 8122 8121
f 8120 8143 8121
f 8145 8119 8139
f 8145 8120 8119
f 8139 8119 8140
f 8138 8140 8119
f 8138 8119 8146
f 8119 8695 8146
f 8699 8136 8146
f 8698 8696 8697
f 8697 8146 8698
f 8696 8701 8697
f 8698 8146 8695
f 8702 8136 8699
f 8704 8149 8193
f 8703 8135 8136
f 8703 8136 8702
f 8135 8703 8150
f 8137 8703 8705
f 8150 8703 8137
f 8133 8137 8705
f 8705 8134 8133
f 8705 8706 8132
f 8134 8705 8132
f 8132 8706 8131
f 8704 8131 8706
f 8704 8193 8131
f 8704 8731 8149
f 8699 8146 8697
f 8170 8707 8692
f 8711 8708 8707
f 8708 8711 8709
f 8166 8707 8170
f 8713 8710 8166
f 8711 8166 8710
f 8166 8167 8713
f 8711 8707 8166
f 8709 8712 8708
f 8714 8715 8163
f 8713 8162 8715
f 8162 8713 8167
f 8163 8715 8162
f 8165 8717 8972
f 8165 8718 8717
f 8163 8165 8714
f 8165 8151 8718
f 8719 8151 8720
f 8151 8719 8721
f 8718 8151 8721
f 8972 8714 8165
f 8723 8722 8724
f 8720 8151 8724
f 8724 8151 8725
f 8720 8724 8722
f 8726 8725 8151
f 8118 8117 8130
f 8117 8148 8195
f 7998 8148 8117
f 8130 8117 8195
f 8727 8730 8019
f 8730 8727 8831
f 8831 8727 8731
f 8149 8731 8727
f 8727 8732 8149
f 8149 8732 8130
f 8118 8130 8732
f 8733 8737 8734
f 8126 8736 8726
f 8126 8726 8151
f 8737 8733 8126
f 8738 8126 8733
f 8126 8738 8736
f 8127 8728 8739
f 8128 8148 7998
f 8728 8127 8729
f 7998 8729 8127
f 8737 8147 8740
f 8147 8737 8126
f 8740 8147 8741
f 8741 8147 8739
f 8127 8128 7998
f 8127 8739 8147
f 7956 8713 7959
f 8714 7959 8715
f 7959 8713 8715
f 8744 8745 8743
f 8743 8745 8746
f 8742 8743 8747
f 8747 8743 8746
f 7950 8743 8742
f 7953 8744 8743
f 7953 8745 8744
f 7940 8742 7939
f 7950 8742 7940
f 7951 8743 7950
f 7951 7953 8743
f 7945 8746 8745
f 7939 8742 8747
f 7944 8747 8746
f 7945 8745 7948
f 8747 7935 7939
f 7935 8747 7944
f 7944 8746 7945
f 8745 7953 7948
f 8748 8067 8064
f 8748 8765 8067
f 8776 8067 8749
f 8067 8765 8749
f 8063 8759 8750
f 8057 8768 8759
f 8063 8057 8759
f 8055 8751 8057
f 8056 8752 8751
f 8055 8056 8751
f 8753 7983 8846
f 7983 8753 7986
f 8756 8752 7983
f 8752 8846 7983
f 8754 7982 7990
f 8754 8755 7982
f 7983 7982 8756
f 7982 8755 8756
f 8070 8757 7991
f 8757 8070 8758
f 8759 8760 8761
f 8765 8760 8759
f 8758 8762 8763
f 8763 8762 8764
f 8764 8765 8766
f 8767 8763 8764
f 8759 8768 8765
f 8766 8767 8764
f 8769 8772 8771
f 8769 8770 8763
f 8768 8766 8765
f 8770 8769 8771
f 8773 8770 8771
f 8769 8763 8767
f 8757 8774 7989
f 7989 7991 8757
f 7990 8774 8754
f 8774 7990 7989
f 8076 8776 8775
f 8077 8076 8775
f 8775 8776 8749
f 8775 8758 8080
f 8070 8080 8758
f 8775 8080 8077
f 8777 8748 8064
f 8778 8777 8064
f 8064 8750 8779
f 8064 8779 8778
f 8761 8750 8759
f 8768 8751 8766
f 8751 8768 8057
f 8761 8779 8750
f 8761 8778 8779
f 8761 8760 8748
f 8761 8777 8778
f 8777 8761 8748
f 8769 8751 8752
f 8767 8751 8769
f 8766 8751 8767
f 8765 8748 8760
f 8749 8765 8764
f 8769 8756 8772
f 8756 8769 8752
f 8775 8764 8762
f 8775 8762 8758
f 8764 8775 8749
f 8755 8754 8771
f 8772 8756 8771
f 8771 8756 8755
f 8758 8763 8757
f 8770 8757 8763
f 8770 8774 8757
f 8770 8773 8774
f 8773 8771 8774
f 8754 8774 8771
f 8780 8109 8107
f 8109 8780 8781
f 8782 8783 8116
f 8116 8109 8782
f 8782 8109 8781
f 8036 8032 8784
f 8784 8102 8036
f 8785 8786 8024
f 8786 8023 8024
f 8000 8023 8787
f 8787 8023 8786
f 7918 8024 7924
f 8031 7924 8024
f 8024 8081 8785
f 8082 8785 8081
f 8024 7918 8081
f 8788 8785 8082
f 8082 8084 8788
f 8084 8087 8788
f 8789 8788 8087
f 8789 8087 8112
f 8790 8112 8111
f 8790 8789 8112
f 8810 8791 8792
f 8792 8791 8806
f 8810 8793 8794
f 8796 8795 8794
f 8796 8794 8789
f 8798 8810 8792
f 8802 8799 8800
f 8802 8800 8803
f 8804 8789 8794
f 8793 8804 8794
f 8801 8799 8802
f 8798 8792 8799
f 8793 8810 8798
f 8799 8792 8800
f 8787 8027 8000
f 8027 8805 8032
f 8107 8807 8780
f 8784 8105 8102
f 8806 8807 8105
f 8107 8105 8807
f 8806 8105 8784
f 8111 8808 8790
f 8111 8797 8808
f 8809 8797 8111
f 8809 8116 8783
f 8809 8111 8116
f 8789 8790 8796
f 8804 8788 8789
f 8788 8804 8793
f 8809 8783 8795
f 8809 8795 8797
f 8808 8795 8790
f 8795 8808 8797
f 8790 8795 8796
f 8810 8794 8780
f 8781 8780 8794
f 8782 8794 8783
f 8783 8794 8795
f 8794 8782 8781
f 8798 8788 8793
f 8799 8785 8788
f 8798 8799 8788
f 8780 8807 8810
f 8792 8806 8784
f 8807 8806 8791
f 8791 8810 8807
f 8801 8785 8799
f 8784 8032 8800
f 8800 8792 8784
f 8801 8786 8785
f 8801 8802 8786
f 8802 8787 8786
f 8027 8803 8805
f 8803 8787 8802
f 8787 8803 8027
f 8803 8800 8032
f 8803 8032 8805
f 8811 8812 8075
f 8813 8811 8099
f 8099 8811 8075
f 8098 8813 8099
f 8814 8072 8074
f 8814 8074 8075
f 8075 8812 8814
f 8815 8069 8072
f 8072 8814 8815
f 8100 8817 8816
f 8100 8816 8098
f 8100 8079 8817
f 8079 8815 8818
f 8815 8079 8069
f 8817 8079 8818
f 8816 8813 8098
f 8818 8815 8817
f 8816 8817 8812
f 8817 8815 8812
f 8811 8813 8812
f 8816 8812 8813
f 8812 8815 8814
f 7928 7926 8018
f 7924 8031 8028
f 8037 7928 8018
f 8030 7925 7924
f 8008 7927 7925
f 7924 8028 8030
f 7925 8022 8008
f 8022 7925 8030
f 8008 7926 7927
f 8091 7914 7915
f 7914 8091 8085
f 7914 8085 8083
f 8082 7918 7917
f 8083 7917 7914
f 8082 7917 8083
f 8081 7918 8082
f 7920 8093 8090
f 8820 8093 7920
f 8819 7920 8090
f 8093 8820 8821
f 7915 8819 8089
f 7915 8089 8091
f 8823 8822 8702
f 8824 8823 8697
f 8822 8703 8702
f 8823 8702 8699
f 8823 8699 8697
f 8700 8821 8826
f 8093 8821 8700
f 8701 8826 8825
f 8826 8701 8700
f 8701 8825 8697
f 8824 8697 8825
f 8704 8828 8827
f 8706 8705 8828
f 8828 8704 8706
f 8829 8828 8705
f 8830 8703 8822
f 8703 8830 8705
f 8829 8705 8830
f 8831 8832 8834
f 8831 8833 8832
f 8731 8833 8831
f 8704 8827 8731
f 8731 8827 8833
f 8730 8831 8834
f 8834 8835 8019
f 8834 8019 8730
f 8042 8019 8835
f 8835 8040 8042
f 8040 8835 7932
f 7932 7931 8037
f 8040 7932 8037
f 7928 8037 7931
f 8687 8837 8836
f 8837 8687 8686
f 8688 8837 8686
f 8693 8859 8838
f 8838 8689 8693
f 8689 8838 8688
f 8838 8837 8688
f 8045 8691 8839
f 8840 8839 8691
f 8841 8840 8691
f 8842 8841 8684
f 8044 8691 8045
f 8841 8691 8684
f 8842 8684 8683
f 8683 8843 8842
f 8683 8836 8843
f 8836 8690 8694
f 8836 8694 8687
f 8690 8836 8683
f 8844 8049 8048
f 8049 8844 8848
f 8844 8048 8845
f 8045 8839 8043
f 8845 8047 8043
f 8839 8845 8043
f 8845 8048 8047
f 8056 8847 8846
f 8056 8846 8752
f 8056 8054 8847
f 8848 8054 8049
f 8847 8054 8848
f 8849 8850 8851
f 7976 8852 8849
f 8853 8852 7980
f 8849 8851 7976
f 8853 7980 7984
f 7980 8852 7976
f 7965 8851 8850
f 8753 8853 7984
f 8850 7977 7965
f 7986 8753 7984
f 8850 8854 7977
f 8854 7978 7977
f 7978 8854 8855
f 7978 8855 7964
f 8857 8856 7964
f 7964 8855 8857
f 8861 8708 8858
f 8856 8858 8712
f 8858 8708 8712
f 8712 7964 8856
f 8707 8861 8860
f 8692 8860 8859
f 8707 8860 8692
f 8707 8708 8861
f 8693 8692 8859
f 8862 8844 8845
f 8844 8862 8848
f 8848 8866 8847
f 8865 8848 8862
f 8846 8866 8863
f 8847 8866 8846
f 8865 8866 8848
f 8863 8866 8864
f 8867 8868 8864
f 8868 8869 8864
f 8863 8864 8869
f 8870 8855 8854
f 8871 8870 8850
f 8850 8870 8854
f 8852 8753 8863
f 8863 8871 8850
f 8753 8846 8863
f 8850 8849 8863
f 8853 8753 8852
f 8849 8852 8863
f 8003 8004 8942
f 8872 8004 8038
f 8942 8004 8872
f 8003 8942 8873
f 8873 8874 8003
f 8876 8875 8005
f 8003 8874 8877
f 8003 8876 8005
f 8877 8876 8003
f 8875 8878 8005
f 8005 8878 7999
f 7999 8878 7996
f 8739 8879 8882
f 8728 8879 8739
f 8728 8880 8879
f 8729 8881 8880
f 7996 8729 7995
f 8881 8729 7996
f 8881 7996 8878
f 8880 8728 8729
f 8883 8884 8885
f 8741 8882 8884
f 8884 8883 8741
f 8882 8741 8739
f 7943 8735 7949
f 8886 7949 8735
f 8735 8887 8886
f 8740 8883 8885
f 8888 8887 8734
f 8889 8888 8737
f 8888 8734 8737
f 8889 8737 8740
f 8740 8885 8889
f 8887 8735 8734
f 8890 8891 7949
f 7949 8886 8890
f 7949 8891 7954
f 8891 7952 7954
f 8892 8893 7947
f 7947 7952 8892
f 7946 7947 8893
f 7944 7946 8893
f 8892 7952 8891
f 8719 8894 8895
f 8722 8897 8896
f 8720 8896 8894
f 8895 8898 8719
f 8894 8719 8720
f 8896 8720 8722
f 8722 8723 8897
f 8899 8898 8895
f 8893 8897 7938
f 8899 8904 8721
f 7938 8897 8723
f 7944 8893 7938
f 8904 8718 8721
f 8721 8898 8899
f 7970 8902 8900
f 8716 8901 8902
f 7970 7972 8716
f 7970 8716 8902
f 8717 8903 8901
f 8717 8904 8903
f 8904 8717 8718
f 8716 8717 8901
f 8900 7971 7970
f 8900 8906 7969
f 8900 7969 7971
f 8906 8905 7973
f 8906 7973 7969
f 8907 7973 8905
f 8907 7974 7973
f 7979 7975 8908
f 7975 8909 8908
f 7974 8907 8909
f 8909 7975 7974
f 7979 8910 8911
f 7979 8908 8910
f 8911 7988 7979
f 8913 7987 8912
f 7985 7988 8912
f 7987 7985 8912
f 8912 7988 8911
f 7987 8913 7992
f 8913 8914 7992
f 7992 8914 8915
f 8915 7994 7992
f 8915 8916 8108
f 8108 7994 8915
f 8073 8917 8075
f 8918 8075 8917
f 8073 8060 8917
f 8060 8059 8917
f 8108 8916 8919
f 8108 8919 8059
f 8917 8059 8919
f 8920 8075 8918
f 8075 8920 8099
f 8086 8922 8921
f 8921 8923 8011
f 8086 8921 8011
f 8086 8016 8922
f 8101 8920 8924
f 8920 8101 8099
f 8101 8924 8016
f 8922 8016 8924
f 8925 8011 8923
f 8034 8011 8925
f 8926 8927 8034
f 8034 8925 8926
f 8032 8928 8026
f 8032 8034 8927
f 8928 8032 8927
f 8026 8928 8025
f 8025 8928 8929
f 8929 8029 8025
f 8930 8872 8029
f 8038 8029 8872
f 8029 8929 8930
f 8919 8916 8917
f 8920 8918 8916
f 8917 8916 8918
f 8913 8931 8915
f 8931 8926 8915
f 8914 8913 8915
f 8916 8915 8925
f 8932 8913 8912
f 8923 8924 8920
f 8924 8923 8922
f 8921 8922 8923
f 8916 8923 8920
f 8928 8927 8926
f 8915 8926 8925
f 8928 8926 8931
f 8929 8928 8933
f 8916 8925 8923
f 8935 8936 8911
f 8911 8910 8935
f 8907 8937 8909
f 8910 8908 8938
f 8912 8936 8932
f 8938 8908 8909
f 8932 8931 8913
f 8939 8930 8929
f 8934 8939 8929
f 8930 8939 8940
f 8872 8930 8940
f 8933 8934 8929
f 8933 8928 8941
f 8940 8942 8872
f 8931 8941 8928
f 8911 8936 8912
f 8904 8899 8894
f 8894 8899 8895
f 8904 8894 8896
f 8896 8897 8904
f 8893 8902 8901
f 8900 8902 8893
f 8904 8897 8903
f 8897 8901 8903
f 8893 8901 8897
f 8889 8885 8884
f 8882 8888 8889
f 8887 8888 8882
f 8882 8889 8884
f 8879 8887 8882
f 8887 8879 8880
f 8886 8887 8880
f 8890 8886 8878
f 8880 8881 8886
f 8878 8886 8881
f 8891 8890 8878
f 8892 8946 8905
f 8906 8892 8905
f 8906 8900 8892
f 8946 8943 8944
f 8945 8944 8943
f 8946 8944 8905
f 8891 8946 8892
f 8891 8877 8947
f 8878 8875 8891
f 8876 8891 8875
f 8876 8877 8891
f 8877 8874 8947
f 8874 8948 8950
f 8947 8874 8950
f 8950 8948 8949
f 8950 8949 8951
f 8947 8946 8891
f 8900 8893 8892
f 8942 8949 8948
f 8942 8948 8874
f 8942 8940 8949
f 8874 8873 8942
f 8950 8951 8940
f 8950 8940 8939
f 8934 8950 8939
f 8949 8940 8951
f 8947 8950 8933
f 8941 8931 8947
f 8950 8934 8933
f 8941 8947 8933
f 8947 8931 8932
f 8936 8943 8946
f 8936 8946 8932
f 8946 8947 8932
f 8935 8944 8945
f 8936 8945 8943
f 8935 8945 8936
f 8935 8910 8944
f 8909 8905 8944
f 8938 8944 8910
f 8909 8937 8905
f 8944 8938 8909
f 8907 8905 8937
f 8838 8861 8858
f 8861 8838 8860
f 8953 8858 8952
f 8953 8838 8858
f 8860 8838 8859
f 8856 8952 8858
f 8955 8954 8857
f 8956 8954 8955
f 8952 8857 8954
f 8952 8856 8857
f 8837 8953 8836
f 8836 8842 8843
f 8953 8840 8841
f 8836 8953 8841
f 8836 8841 8842
f 8839 8840 8953
f 8839 8953 8957
f 8959 8957 8958
f 8839 8957 8959
f 8961 8958 8960
f 8958 8961 8959
f 8838 8953 8837
f 8870 8955 8857
f 8870 8871 8955
f 8870 8857 8855
f 8871 8956 8955
f 8863 8956 8871
f 8956 8863 8954
f 8958 8957 8864
f 8957 8953 8867
f 8957 8867 8864
f 8952 8954 8869
f 8867 8953 8868
f 8869 8868 8952
f 8863 8869 8954
f 8868 8953 8952
f 8865 8960 8958
f 8866 8958 8864
f 8865 8958 8866
f 8865 8862 8960
f 8862 8959 8961
f 8862 8839 8959
f 8839 8862 8845
f 8960 8862 8961
f 8962 8835 8963
f 8963 8965 8962
f 8963 8835 8964
f 8834 8832 8828
f 8833 8828 8832
f 8827 8828 8833
f 8964 8835 8834
f 8828 8969 8834
f 8834 8969 8964
f 8969 8820 8967
f 8967 8970 8968
f 8967 8971 8970
f 8820 8966 8967
f 8967 8966 8971
f 8822 8823 8830
f 8821 8969 8826
f 8830 8969 8829
f 8820 8969 8821
f 8969 8830 8825
f 8824 8830 8823
f 8830 8824 8825
f 8826 8969 8825
f 8828 8829 8969
f 7920 8966 8820
f 7916 8971 8966
f 7916 8966 7920
f 7916 8970 8971
f 7916 8968 8970
f 7912 8967 8968
f 7913 8968 7916
f 7912 7922 8967
f 8968 7913 7912
f 8963 8964 7921
f 7919 8963 7923
f 7921 7923 8963
f 7930 8964 8969
f 7930 7921 8964
f 8969 8967 7922
f 7930 8969 7922
f 7929 8965 8963
f 7929 8963 7919
f 7932 8835 8962
f 7931 8965 7929
f 8962 7931 7932
f 8962 8965 7931
f 8681 8682 8050
f 8061 8681 8052
f 8052 8681 8050
f 8682 8051 8050
f 8685 8684 8051
f 8684 8691 8051
f 8044 8051 8691
f 8685 8051 8682
f 7956 7957 8713
f 7957 8711 8710
f 8710 8713 7957
f 8711 7957 7962
f 7961 7967 8711
f 7967 7964 8712
f 7967 8712 8709
f 8709 8711 7967
f 7961 8711 7962
f 8118 8732 8010
f 8732 8727 8020
f 8020 8010 8732
f 8727 8019 8021
f 8039 8021 8019
f 8020 8727 8021
f 8097 8096 8698
f 8695 8119 8097
f 8097 8698 8695
f 8096 8093 8700
f 8696 8096 8701
f 8700 8701 8096
f 8096 8696 8698
f 7934 7933 8726
f 7933 8724 8725
f 8725 8726 7933
f 8724 7933 7936
f 7937 7938 8723
f 8723 8724 7937
f 7937 8724 7936
f 7940 8726 8736
f 7940 8736 8738
f 7940 8738 8733
f 7940 7942 8726
f 7941 7940 8733
f 8733 8734 7941
f 7943 7941 8734
f 8735 7943 8734
f 8972 8717 7972
f 7972 7968 8972
f 8972 7968 8714
f 8716 7972 8717
f 7998 7997 8729
f 7997 7995 8729
f 8973 8974 8975
f 8976 8977 8978
f 8974 8976 8978
f 8979 8980 8981
f 8982 8983 8984
f 8980 8982 8984
f 8977 8979 8985
f 8986 8987 8988
f 8989 8990 8991
f 8987 8989 8992
f 8993 8994 8995
f 8996 8997 8998
f 8994 8996 8995
f 8990 8993 8999
f 8983 8986 9000
f 9001 9002 9003
f 9004 9005 9006
f 9002 9004 9007
f 9008 9009 9010
f 9011 9012 9013
f 9009 9011 9010
f 9005 9008 9014
f 9015 9016 9017
f 9018 9019 9020
f 9016 9018 9021
f 9022 9023 9024
f 9025 9026 9027
f 9023 9025 9024
f 9019 9022 9028
f 9012 9015 9029
f 8997 9001 9003
f 9030 8975 8974
f 8985 8978 8977
f 9030 8974 8978
f 9225 8981 8980
f 9000 8984 8983
f 9225 8980 8984
f 8985 8979 8981
f 8992 8988 8987
f 9031 8991 8990
f 8992 8989 8991
f 8995 8999 8993
f 9249 8998 8997
f 8995 8996 8998
f 9031 8990 8999
f 9000 8986 8988
f 9007 9003 9002
f 9014 9006 9005
f 9007 9004 9006
f 9010 9032 9008
f 9033 9013 9012
f 9010 9011 9013
f 9014 9008 9032
f 9017 9029 9015
f 9020 9021 9018
f 9017 9016 9021
f 9024 9028 9022
f 9034 9027 9026
f 9024 9025 9027
f 9020 9019 9028
f 9033 9012 9029
f 9249 8997 9003
f 9035 9036 9026
f 8973 8975 9037
f 9035 9038 9039
f 9040 9041 9042
f 9038 9040 9043
f 9044 9045 9046
f 9047 9048 9049
f 9045 9047 9050
f 9041 9044 9051
f 9052 9053 9054
f 9055 9056 9057
f 9053 9055 9058
f 9059 9060 9061
f 9062 9063 9064
f 9060 9062 9065
f 9056 9059 9057
f 9048 9052 9066
f 9067 9068 9069
f 9070 9071 9072
f 9068 9070 9069
f 9073 9074 9075
f 9076 9077 9078
f 9074 9076 9079
f 9071 9073 9080
f 9081 9082 9083
f 9084 9085 9086
f 9082 9084 9087
f 9088 9089 9090
f 9091 9092 9093
f 9089 9091 9093
f 9085 9088 9086
f 9077 9081 9083
f 9063 9067 9094
f 9039 9036 9035
f 9042 9043 9040
f 9039 9038 9043
f 9046 9051 9044
f 9049 9050 9047
f 9046 9045 9050
f 9042 9041 9051
f 9054 9066 9052
f 9057 9058 9055
f 9054 9053 9058
f 9095 9061 9060
f 9064 9065 9062
f 9095 9060 9065
f 9057 9059 9061
f 9049 9048 9066
f 9069 9094 9067
f 9096 9072 9071
f 9069 9070 9072
f 9075 9080 9073
f 9078 9079 9076
f 9075 9074 9079
f 9096 9071 9080
f 9087 9083 9082
f 9086 9097 9084
f 9087 9084 9097
f 9303 9090 9089
f 9037 9093 9092
f 9303 9089 9093
f 9086 9088 9090
f 9078 9077 9083
f 9064 9063 9094
f 9092 8973 9037
f 9036 9034 9026
f 9099 9098 9102
f 9098 9099 9101
f 9102 9098 9103
f 9103 9104 9102
f 9104 9103 9105
f 9100 9107 9101
f 9109 9107 9100
f 9109 9108 9107
f 9110 9111 9107
f 9106 9110 9107
f 9107 9112 9113
f 9113 9129 9107
f 9107 9111 9112
f 9106 9107 9108
f 9103 9115 9116
f 9117 9118 9115
f 9115 9119 9117
f 9119 9115 9122
f 9122 9115 9120
f 9103 9116 9123
f 9123 9124 9103
f 9115 9114 9125
f 9126 9127 9115
f 9126 9115 9125
f 9127 9116 9115
f 9115 9118 9114
f 9124 9105 9103
f 9133 9131 9129
f 9129 9128 9133
f 9134 9130 9129
f 9128 9129 9135
f 9129 9130 9135
f 9132 9136 9138
f 9137 9138 9136
f 9138 9137 9140
f 9138 9140 9139
f 9139 9140 9141
f 9134 9129 9142
f 9144 9141 9143
f 9146 9147 9145
f 9144 9145 9141
f 9141 9145 9147
f 9147 9150 9148
f 9151 9147 9148
f 9148 9152 9151
f 9149 9150 9147
f 9153 9155 9151
f 9153 9154 9155
f 9153 9151 9152
f 9146 9149 9147
f 9143 9141 9140
f 9129 9113 9142
f 9157 9121 9156
f 9158 9159 9157
f 9160 9161 9158
f 9157 9156 9158
f 9158 9164 9163
f 9163 9162 9158
f 9165 9160 9158
f 9161 9164 9158
f 9158 9162 9159
f 9170 9158 9174
f 9165 9158 9166
f 9167 9166 9158
f 9168 9158 9169
f 9169 9158 9170
f 9167 9158 9168
f 9172 9170 9174
f 9174 9173 9172
f 9173 9174 9176
f 9175 9176 9174
f 9177 9176 9175
f 9176 9177 9178
f 9180 9178 9179
f 9178 9177 9179
f 9181 9555 9182
f 9181 9183 9555
f 9179 9184 9180
f 9183 9184 9179
f 9182 9555 9191
f 9182 9191 9171
f 9192 9186 9187
f 9188 9185 9192
f 9192 9187 9188
f 9189 9192 9185
f 9447 9192 9190
f 9193 9447 9190
f 9155 9154 9195
f 9195 9199 9155
f 9199 9195 9194
f 9194 9196 9199
f 9197 9198 9199
f 9200 9192 9198
f 9199 9198 9192
f 9186 9192 9200
f 9197 9199 9196
f 9204 9202 9201
f 9203 9191 9201
f 9205 9202 9204
f 9206 9207 9205
f 9205 9204 9206
f 9208 9209 9447
f 9209 9208 9210
f 9208 9447 9193
f 9206 9211 9207
f 9439 9211 9206
f 9212 9439 9210
f 9439 9212 9211
f 9201 9191 9204
f 9223 9215 9219
f 9213 9219 9215
f 9215 9217 9214
f 9224 9216 9214
f 9227 9217 9215
f 9228 9230 9221
f 9215 9223 9227
f 9221 9218 9220
f 9218 9216 9225
f 9224 9214 9217
f 9225 9216 9224
f 9233 9218 9225
f 9221 9226 9228
f 9222 9230 9231
f 9222 9231 9229
f 9226 9220 9228
f 9246 9229 9231
f 9220 9230 9228
f 9226 9221 9220
f 9233 9220 9218
f 9229 9232 9222
f 9246 9253 9232
f 9236 9235 9237
f 9234 9232 9253
f 9243 9241 9244
f 9235 9234 9245
f 9235 9245 9237
f 9236 9237 9248
f 9237 9245 9254
f 9253 9245 9234
f 9236 9247 9238
f 9249 9253 9246
f 9239 9238 9240
f 9239 9240 9241
f 9241 9240 9256
f 9240 9238 9033
f 9241 9242 9244
f 9244 9242 9250
f 9243 9251 9260
f 9246 9232 9229
f 9224 9217 9227
f 8985 9224 9227
f 9030 9227 9223
f 8992 9220 9233
f 9000 9233 9225
f 9031 9231 9220
f 9231 9230 9220
f 9245 9252 9254
f 9252 9245 9253
f 9003 9253 9249
f 9031 9246 9231
f 9030 9223 8975
f 8985 9227 8978
f 8981 9224 8985
f 9030 8978 9227
f 8988 9233 9000
f 8992 9233 8988
f 8984 9000 9225
f 8981 9225 9224
f 9031 9220 8991
f 8995 9246 8999
f 9246 9031 8999
f 9006 9254 9252
f 8991 9220 8992
f 8998 9246 8995
f 9007 9253 9003
f 8998 9249 9246
f 9252 9007 9006
f 9253 9007 9252
f 9238 9247 9255
f 9238 9255 9033
f 9247 9236 9248
f 9255 9247 9248
f 9032 9255 9254
f 9248 9254 9255
f 9013 9033 9255
f 9242 9241 9256
f 9017 9256 9033
f 9256 9240 9033
f 9250 9242 9257
f 9006 9014 9254
f 9032 9010 9255
f 9254 9014 9032
f 9010 9013 9255
f 9017 9033 9029
f 9021 9256 9017
f 9028 9257 9256
f 9242 9256 9257
f 9250 9257 9034
f 9256 9020 9028
f 9257 9024 9027
f 9257 9027 9034
f 9024 9257 9028
f 9256 9021 9020
f 9250 9034 9258
f 9248 9237 9254
f 9244 9258 9251
f 9223 9219 9259
f 9260 9251 9261
f 9273 9262 9261
f 9339 9261 9262
f 9243 9244 9251
f 9265 9263 9262
f 9269 9261 9258
f 9261 9251 9258
f 9265 9262 9271
f 9269 9273 9261
f 9270 9262 9273
f 9271 9262 9272
f 9265 9271 9279
f 9270 9272 9262
f 9275 9266 9264
f 9267 9276 9268
f 9274 9268 9276
f 9278 9267 9266
f 9267 9278 9276
f 9277 9274 9276
f 9278 9266 9275
f 9264 9265 9279
f 9280 9268 9297
f 9244 9250 9258
f 9286 9281 9297
f 9280 9297 9281
f 9281 9286 9282
f 9288 9283 9287
f 9291 9289 9290
f 9283 9285 9298
f 9285 9331 9281
f 9294 9286 9297
f 9283 9284 9287
f 9293 9299 9283
f 9284 9283 9299
f 9294 9282 9286
f 9288 9287 9289
f 9289 9287 9301
f 9291 9290 9292
f 9292 9290 9296
f 9219 9292 9259
f 9268 9274 9297
f 9039 9269 9034
f 9269 9258 9034
f 9042 9273 9269
f 9051 9270 9273
f 9050 9271 9272
f 9275 9264 9279
f 9054 9275 9279
f 9049 9279 9271
f 9046 9272 9270
f 9057 9276 9278
f 9281 9282 9285
f 9298 9285 9282
f 9061 9297 9277
f 9297 9274 9277
f 9094 9298 9294
f 9065 9294 9297
f 9057 9277 9276
f 9298 9282 9294
f 9058 9278 9275
f 9039 9034 9036
f 9042 9269 9043
f 9051 9273 9042
f 9039 9043 9269
f 9050 9272 9046
f 9066 9279 9049
f 9054 9279 9066
f 9050 9049 9271
f 9051 9046 9270
f 9057 9278 9058
f 9095 9297 9061
f 9277 9057 9061
f 9058 9275 9054
f 9065 9297 9095
f 9094 9294 9064
f 9069 9298 9094
f 9065 9064 9294
f 9298 9069 9072
f 9298 9299 9293
f 9287 9284 9300
f 9287 9300 9301
f 9300 9284 9299
f 9078 9301 9300
f 9075 9300 9299
f 9299 9298 9096
f 9289 9295 9302
f 9290 9289 9302
f 9302 9097 9290
f 9087 9302 9301
f 9302 9295 9301
f 9292 9296 9259
f 9296 9290 9303
f 9259 9296 9223
f 9295 9289 9301
f 9072 9096 9298
f 9080 9075 9299
f 9299 9096 9080
f 9075 9079 9300
f 9078 9300 9079
f 9087 9301 9083
f 9097 9302 9087
f 9078 9083 9301
f 9090 9303 9097
f 9290 9097 9303
f 9296 9303 9223
f 9037 9223 9303
f 9097 9086 9090
f 9303 9093 9037
f 9037 8975 9223
f 9293 9283 9298
f 9304 9291 9305
f 9305 9291 9306
f 9289 9307 9308
f 9304 9309 9291
f 9307 9291 9309
f 9308 9310 9288
f 9219 9311 9312
f 9311 9213 9215
f 9219 9213 9311
f 9312 9313 9219
f 9291 9313 9306
f 9292 9219 9313
f 9291 9292 9313
f 9283 9314 9316
f 9314 9288 9315
f 9317 9318 9285
f 9285 9283 9317
f 9318 9331 9285
f 9317 9283 9316
f 9291 9307 9289
f 9289 9308 9288
f 9283 9288 9314
f 9288 9310 9315
f 9364 9215 9319
f 9215 9364 9311
f 9215 9214 9319
f 9319 9216 9320
f 9214 9216 9319
f 9320 9216 9218
f 9321 9218 9322
f 9322 9221 9323
f 9321 9320 9218
f 9324 9325 9230
f 9323 9221 9325
f 9221 9322 9218
f 9230 9325 9221
f 9222 9327 9324
f 9222 9324 9230
f 9232 9234 9326
f 9222 9232 9327
f 9328 9327 9232
f 9326 9328 9232
f 9329 9330 9235
f 9235 9330 9326
f 9326 9234 9235
f 9331 9332 9281
f 9332 9333 9281
f 9267 9333 9334
f 9280 9281 9333
f 9267 9268 9333
f 9280 9333 9268
f 9334 9264 9266
f 9265 9264 9336
f 9266 9267 9334
f 9265 9336 9335
f 9336 9264 9334
f 9337 9338 9265
f 9338 9263 9265
f 9265 9335 9337
f 9262 9338 9339
f 9263 9338 9262
f 9340 9260 9261
f 9341 9260 9340
f 9340 9261 9339
f 9236 9238 9343
f 9239 9343 9238
f 9344 9239 9241
f 9342 9239 9345
f 9235 9236 9346
f 9236 9343 9346
f 9235 9346 9329
f 9347 9343 9239
f 9239 9342 9347
f 9260 9341 9348
f 9350 9243 9348
f 9348 9243 9260
f 9349 9243 9350
f 9351 9344 9241
f 9345 9239 9344
f 9352 9241 9243
f 9241 9352 9351
f 9243 9349 9352
f 9354 9355 9352
f 9353 9354 9352
f 9357 9358 9346
f 9356 9357 9347
f 9355 9356 9344
f 9360 9361 9324
f 9359 9360 9328
f 9363 9364 9319
f 9362 9363 9320
f 9361 9362 9325
f 9358 9359 9329
f 9348 9341 9353
f 9349 9350 9353
f 9348 9353 9350
f 9352 9355 9351
f 9349 9353 9352
f 9345 9344 9356
f 9342 9356 9347
f 9345 9356 9342
f 9343 9357 9346
f 9357 9343 9347
f 9351 9355 9344
f 9330 9329 9359
f 9360 9327 9328
f 9328 9326 9359
f 9323 9325 9362
f 9362 9321 9322
f 9321 9362 9320
f 9323 9362 9322
f 9324 9361 9325
f 9330 9359 9326
f 9360 9324 9327
f 9320 9363 9319
f 9346 9358 9329
f 9365 9311 9364
f 9365 9366 9305
f 9368 9369 9316
f 9367 9368 9316
f 9366 9367 9308
f 9370 9483 9333
f 9369 9370 9333
f 9478 9371 9334
f 9483 9478 9333
f 9373 9471 9339
f 9471 9374 9339
f 9372 9373 9339
f 9371 9372 9336
f 9312 9311 9365
f 9306 9313 9365
f 9312 9365 9313
f 9304 9305 9366
f 9366 9307 9309
f 9307 9366 9308
f 9304 9366 9309
f 9306 9365 9305
f 9315 9310 9367
f 9367 9314 9315
f 9317 9316 9369
f 9369 9318 9317
f 9367 9316 9314
f 9308 9367 9310
f 9332 9331 9369
f 9332 9369 9333
f 9334 9333 9478
f 9336 9334 9371
f 9335 9336 9372
f 9337 9335 9372
f 9338 9337 9372
f 9340 9339 9374
f 9374 9341 9340
f 9372 9339 9338
f 9318 9369 9331
f 9374 9353 9341
f 9365 9364 9375
f 9363 9375 9364
f 9377 9376 9375
f 9363 9378 9377
f 9378 9363 9362
f 9377 9375 9363
f 9376 9377 9388
f 9376 9380 9375
f 9387 9362 9361
f 9361 9360 9381
f 9360 9359 9382
f 9378 9384 9377
f 9383 9384 9362
f 9385 9387 9361
f 9383 9362 9387
f 9398 9381 9360
f 9386 9360 9382
f 9385 9361 9381
f 9362 9384 9378
f 9379 9388 9377
f 9379 9377 9384
f 9388 9379 9390
f 9379 9389 9390
f 9390 9391 9388
f 9390 9389 9394
f 9391 9390 9394
f 9383 9393 9384
f 9388 9391 9395
f 9383 9387 9393
f 9385 9393 9387
f 9393 9379 9384
f 9381 9397 9385
f 9397 9393 9385
f 9386 9398 9360
f 9397 9396 9393
f 9393 9396 9399
f 9400 9396 9398
f 9398 9401 9402
f 9396 9397 9398
f 9397 9381 9398
f 9393 9389 9379
f 9389 9393 9392
f 9404 9376 9388
f 9405 9359 9417
f 9358 9417 9359
f 9356 9406 9357
f 9386 9405 9401
f 9382 9405 9386
f 9421 9417 9358
f 9407 9358 9357
f 9409 9406 9356
f 9407 9357 9406
f 9356 9408 9409
f 9405 9382 9359
f 9355 9410 9356
f 9412 9354 9353
f 9410 9408 9356
f 9410 9355 9411
f 9409 9408 9410
f 9415 9412 9353
f 9413 9415 9353
f 9428 9354 9412
f 9411 9355 9354
f 9353 9414 9413
f 9416 9405 9417
f 9407 9421 9358
f 9418 9407 9406
f 9425 9406 9409
f 9401 9405 9416
f 9420 9416 9417
f 9418 9422 9407
f 9425 9418 9406
f 9421 9407 9422
f 9420 9417 9421
f 9402 9400 9398
f 9409 9410 9430
f 9428 9411 9354
f 9412 9415 9423
f 9428 9412 9461
f 9410 9411 9424
f 9426 9427 9409
f 9429 9430 9410
f 9426 9409 9430
f 9428 9424 9411
f 9432 9461 9412
f 9423 9432 9412
f 9429 9424 9428
f 9429 9410 9424
f 9414 9431 9415
f 9427 9425 9409
f 9401 9398 9386
f 9389 9392 9394
f 9394 9392 9434
f 9391 9394 9433
f 9433 9394 9435
f 9435 9394 9434
f 9435 9434 9439
f 9436 9433 9435
f 9436 9435 9440
f 9441 9433 9436
f 9396 9403 9399
f 9399 9403 9442
f 9400 9402 9419
f 9400 9419 9443
f 9400 9403 9396
f 9392 9393 9399
f 9403 9400 9444
f 9399 9442 9445
f 9444 9400 9443
f 9444 9442 9403
f 9420 9451 9401
f 9399 9434 9392
f 9434 9399 9447
f 9436 9437 9448
f 9448 9437 9204
f 9439 9438 9210
f 9439 9434 9438
f 9435 9439 9440
f 9436 9440 9437
f 9437 9440 9206
f 9204 9191 9448
f 9209 9210 9438
f 9206 9440 9439
f 9204 9437 9206
f 9447 9399 9445
f 9445 9444 9192
f 9445 9442 9444
f 9458 9419 9402
f 9444 9446 9199
f 9446 9444 9443
f 9446 9443 9199
f 9438 9434 9447
f 9445 9192 9447
f 9199 9192 9444
f 9199 9443 9155
f 9443 9458 9155
f 9419 9458 9443
f 9447 9209 9438
f 9451 9449 9402
f 9436 9448 9450
f 9421 9451 9420
f 9458 9402 9449
f 9422 9451 9421
f 9425 9452 9422
f 9422 9418 9425
f 9454 9449 9451
f 9427 9456 9452
f 9454 9451 9452
f 9451 9422 9452
f 9449 9454 9457
f 9426 9459 9427
f 9430 9459 9426
f 9427 9452 9425
f 9460 9430 9429
f 9463 9429 9428
f 9463 9428 9461
f 9456 9427 9459
f 9462 9459 9460
f 9460 9429 9463
f 9459 9430 9460
f 9456 9454 9452
f 9454 9456 9455
f 9449 9453 9458
f 9458 9453 9151
f 9455 9456 9138
f 9454 9455 9457
f 9457 9455 9141
f 9449 9457 9453
f 9453 9457 9147
f 9151 9155 9458
f 9147 9151 9453
f 9141 9147 9457
f 9138 9139 9455
f 9141 9455 9139
f 9465 9138 9456
f 9459 9462 9132
f 9132 9465 9459
f 9460 9466 9464
f 9463 9467 9460
f 9464 9132 9462
f 9462 9460 9464
f 9132 9464 9131
f 9465 9132 9138
f 9466 9129 9464
f 9129 9131 9464
f 9467 9468 9129
f 9468 9467 9463
f 9469 9129 9468
f 9129 9466 9467
f 9466 9460 9467
f 9431 9469 9463
f 9465 9456 9459
f 9402 9401 9451
f 9401 9416 9420
f 9433 9470 9391
f 9353 9374 9414
f 9472 9373 9372
f 9374 9471 9414
f 9414 9471 9473
f 9373 9473 9471
f 9414 9473 9475
f 9476 9473 9472
f 9473 9373 9472
f 9414 9415 9413
f 9481 9372 9371
f 9478 9482 9371
f 9472 9477 9476
f 9479 9477 9372
f 9479 9372 9481
f 9480 9477 9479
f 9484 9478 9483
f 9481 9371 9482
f 9372 9477 9472
f 9431 9475 9487
f 9431 9414 9475
f 9473 9474 9475
f 9480 9476 9477
f 9476 9474 9473
f 9474 9476 9488
f 9431 9487 9522
f 9475 9474 9487
f 9476 9489 9488
f 9489 9476 9490
f 9488 9489 9491
f 9476 9480 9490
f 9474 9488 9491
f 9479 9490 9480
f 9431 9432 9423
f 9479 9486 9490
f 9486 9479 9481
f 9481 9493 9486
f 9485 9494 9481
f 9485 9481 9482
f 9482 9495 9485
f 9494 9493 9481
f 9484 9482 9478
f 9495 9482 9484
f 9493 9490 9486
f 9490 9493 9492
f 9494 9492 9493
f 9490 9492 9496
f 9494 9485 9495
f 9492 9494 9499
f 9431 9423 9415
f 9370 9369 9510
f 9512 9483 9370
f 9501 9368 9367
f 9369 9368 9503
f 9502 9510 9369
f 9484 9512 9498
f 9483 9512 9484
f 9504 9501 9367
f 9503 9368 9501
f 9502 9369 9503
f 9366 9509 9367
f 9507 9366 9365
f 9515 9505 9367
f 9506 9509 9366
f 9515 9367 9509
f 9504 9505 9515
f 9507 9508 9366
f 9404 9507 9365
f 9380 9404 9365
f 9506 9366 9508
f 9375 9380 9365
f 9367 9505 9504
f 9513 9370 9510
f 9514 9502 9503
f 9511 9503 9501
f 9516 9501 9504
f 9513 9512 9370
f 9514 9510 9502
f 9511 9514 9503
f 9516 9511 9501
f 9541 9510 9514
f 9498 9494 9495
f 9515 9509 9519
f 9506 9508 9520
f 9507 9404 9395
f 9508 9507 9441
f 9509 9506 9520
f 9517 9518 9504
f 9517 9504 9515
f 9470 9441 9507
f 9395 9470 9507
f 9520 9508 9441
f 9519 9509 9520
f 9521 9515 9519
f 9395 9404 9388
f 9518 9516 9504
f 9380 9376 9404
f 9498 9495 9484
f 9494 9498 9497
f 9522 9487 9523
f 9489 9490 9500
f 9489 9500 9524
f 9491 9489 9524
f 9474 9491 9487
f 9487 9491 9525
f 9431 9522 9526
f 9525 9491 9524
f 9525 9524 9530
f 9523 9487 9525
f 9431 9463 9461
f 9492 9499 9496
f 9496 9499 9531
f 9498 9532 9497
f 9497 9499 9494
f 9500 9490 9496
f 9499 9497 9534
f 9496 9531 9539
f 9534 9497 9533
f 9534 9531 9499
f 9531 9534 9537
f 9513 9538 9512
f 9496 9524 9500
f 9498 9512 9532
f 9524 9496 9539
f 9469 9526 9107
f 9469 9431 9526
f 9522 9527 9107
f 9522 9523 9527
f 9526 9522 9107
f 9525 9528 9101
f 9530 9524 9529
f 9530 9529 9103
f 9525 9530 9528
f 9528 9530 9098
f 9523 9525 9527
f 9527 9525 9107
f 9469 9107 9129
f 9525 9101 9107
f 9103 9098 9530
f 9098 9101 9528
f 9536 9535 9115
f 9536 9531 9535
f 9531 9536 9539
f 9539 9536 9103
f 9549 9497 9532
f 9537 9533 9115
f 9537 9534 9533
f 9549 9540 9497
f 9537 9535 9531
f 9529 9524 9539
f 9535 9537 9115
f 9103 9536 9115
f 9115 9533 9120
f 9120 9533 9121
f 9533 9540 9156
f 9497 9540 9533
f 9539 9103 9529
f 9469 9468 9463
f 9513 9541 9538
f 9541 9513 9510
f 9549 9532 9538
f 9516 9543 9514
f 9542 9541 9514
f 9514 9511 9516
f 9538 9541 9545
f 9542 9545 9541
f 9518 9547 9543
f 9542 9514 9543
f 9545 9542 9548
f 9517 9550 9518
f 9517 9515 9521
f 9518 9543 9516
f 9551 9521 9519
f 9553 9519 9520
f 9450 9520 9441
f 9521 9550 9517
f 9550 9521 9547
f 9547 9518 9550
f 9552 9521 9551
f 9450 9553 9520
f 9551 9519 9553
f 9470 9433 9441
f 9547 9542 9543
f 9542 9547 9546
f 9540 9549 9158
f 9545 9544 9158
f 9538 9545 9549
f 9549 9545 9158
f 9542 9546 9548
f 9548 9546 9174
f 9545 9548 9544
f 9544 9548 9158
f 9156 9540 9158
f 9548 9174 9158
f 9174 9546 9175
f 9546 9554 9175
f 9156 9121 9533
f 9521 9552 9554
f 9554 9546 9547
f 9551 9555 9554
f 9553 9556 9551
f 9448 9553 9450
f 9552 9551 9554
f 9554 9179 9177
f 9555 9183 9554
f 9183 9179 9554
f 9556 9448 9555
f 9448 9556 9553
f 9448 9191 9555
f 9555 9551 9556
f 9554 9177 9175
f 9554 9547 9521
f 9450 9441 9436
f 9532 9512 9538
f 9391 9470 9395
f 9431 9461 9432
f 9558 9163 9557
f 9560 9559 9117
f 9561 9560 9122
f 9558 9562 9163
f 9164 9557 9163
f 9560 9119 9122
f 9119 9560 9117
f 9563 9562 9558
f 9157 9564 9561
f 9157 9563 9564
f 9561 9121 9157
f 9121 9561 9120
f 9563 9157 9159
f 9563 9159 9162
f 9162 9562 9563
f 9122 9120 9561
f 9565 9114 9566
f 9567 9125 9565
f 9568 9125 9567
f 9116 9568 9569
f 9114 9570 9566
f 9114 9565 9125
f 9126 9125 9568
f 9116 9127 9568
f 9126 9568 9127
f 9569 9572 9116
f 9566 9570 9571
f 9573 9123 9572
f 9559 9571 9118
f 9123 9116 9572
f 9124 9123 9573
f 9105 9124 9573
f 9118 9117 9559
f 9571 9570 9118
f 9106 9575 9574
f 9100 9576 9575
f 9109 9575 9108
f 9106 9108 9575
f 9575 9109 9100
f 9101 9576 9100
f 9099 9578 9576
f 9578 9099 9577
f 9105 9573 9579
f 9580 9104 9579
f 9102 9580 9577
f 9099 9576 9101
f 9579 9104 9105
f 9104 9580 9102
f 9102 9577 9099
f 9134 9581 9582
f 9583 9134 9582
f 9584 9134 9583
f 9130 9584 9594
f 9581 9134 9142
f 9584 9130 9134
f 9586 9112 9574
f 9585 9581 9113
f 9113 9586 9585
f 9111 9110 9574
f 9106 9574 9110
f 9113 9112 9586
f 9111 9574 9112
f 9581 9142 9113
f 9140 9587 9599
f 9140 9588 9589
f 9140 9589 9587
f 9136 9591 9592
f 9137 9592 9590
f 9140 9590 9588
f 9590 9140 9137
f 9136 9592 9137
f 9132 9593 9591
f 9595 9135 9594
f 9128 9595 9593
f 9132 9591 9136
f 9593 9132 9131
f 9593 9133 9128
f 9595 9128 9135
f 9594 9135 9130
f 9133 9593 9131
f 9596 9597 9598
f 9150 9598 9612
f 9143 9599 9600
f 9150 9596 9598
f 9150 9612 9148
f 9144 9143 9600
f 9140 9599 9143
f 9597 9596 9149
f 9601 9602 9145
f 9601 9145 9600
f 9603 9604 9146
f 9603 9146 9602
f 9149 9146 9604
f 9145 9602 9146
f 9604 9597 9149
f 9600 9145 9144
f 9605 9607 9606
f 9194 9609 9608
f 9194 9608 9607
f 9607 9605 9197
f 9607 9196 9194
f 9196 9607 9197
f 9609 9195 9154
f 9195 9609 9194
f 9154 9153 9609
f 9198 9605 9606
f 9153 9610 9611
f 9612 9610 9148
f 9610 9153 9152
f 9613 9200 9198
f 9148 9610 9152
f 9198 9606 9613
f 9609 9153 9611
f 9614 9187 9615
f 9616 9185 9614
f 9617 9185 9616
f 9189 9617 9618
f 9187 9619 9615
f 9185 9188 9614
f 9187 9614 9188
f 9189 9185 9617
f 9192 9189 9618
f 9618 9621 9192
f 9615 9619 9620
f 9622 9190 9621
f 9613 9620 9186
f 9193 9622 9623
f 9190 9192 9621
f 9186 9200 9613
f 9193 9623 9208
f 9190 9622 9193
f 9620 9619 9186
f 9202 9624 9632
f 9205 9625 9624
f 9205 9624 9202
f 9207 9625 9205
f 9211 9625 9207
f 9212 9627 9625
f 9627 9210 9626
f 9628 9208 9623
f 9210 9628 9626
f 9627 9212 9210
f 9212 9625 9211
f 9208 9628 9210
f 9171 9629 9630
f 9631 9182 9630
f 9181 9631 9642
f 9171 9630 9182
f 9182 9631 9181
f 9201 9632 9635
f 9633 9634 9191
f 9203 9635 9633
f 9191 9634 9629
f 9202 9632 9201
f 9191 9203 9633
f 9201 9635 9203
f 9629 9171 9191
f 9173 9637 9636
f 9178 9639 9640
f 9176 9640 9638
f 9176 9638 9637
f 9173 9176 9637
f 9178 9640 9176
f 9639 9184 9641
f 9183 9643 9644
f 9643 9181 9642
f 9184 9644 9641
f 9180 9639 9178
f 9639 9180 9184
f 9643 9183 9181
f 9183 9644 9184
f 9645 9646 9647
f 9161 9647 9557
f 9172 9648 9649
f 9648 9172 9636
f 9161 9645 9647
f 9161 9557 9164
f 9170 9172 9649
f 9173 9636 9172
f 9646 9645 9160
f 9650 9651 9170
f 9650 9170 9649
f 9652 9653 9165
f 9652 9165 9651
f 9168 9169 9651
f 9170 9651 9169
f 9166 9167 9651
f 9160 9165 9653
f 9166 9651 9165
f 9168 9651 9167
f 9653 9646 9160
f 9634 9654 9629
f 9655 9654 9633
f 9654 9634 9633
f 9635 9655 9633
f 9656 9657 9618
f 9617 9656 9618
f 9657 9621 9618
f 9657 9655 9627
f 9635 9632 9655
f 9657 9626 9622
f 9622 9621 9657
f 9616 9614 9658
f 9614 9615 9658
f 9616 9656 9617
f 9616 9658 9656
f 9658 9603 9659
f 9601 9659 9602
f 9602 9659 9603
f 9661 9582 9662
f 9662 9582 9581
f 9600 9660 9601
f 9661 9583 9582
f 9659 9601 9660
f 9661 9584 9583
f 9658 9610 9598
f 9658 9620 9607
f 9597 9658 9598
f 9658 9597 9604
f 9603 9658 9604
f 9599 9660 9600
f 9592 9661 9660
f 9584 9661 9594
f 9595 9594 9661
f 9615 9620 9658
f 9632 9624 9655
f 9606 9620 9613
f 9620 9606 9607
f 9622 9628 9623
f 9655 9624 9625
f 9627 9655 9625
f 9608 9658 9607
f 9626 9657 9627
f 9628 9622 9626
f 9658 9608 9609
f 9610 9612 9598
f 9589 9588 9599
f 9589 9599 9587
f 9590 9599 9588
f 9661 9593 9595
f 9590 9660 9599
f 9609 9611 9658
f 9610 9658 9611
f 9591 9661 9592
f 9592 9660 9590
f 9591 9593 9661
f 9663 9662 9585
f 9662 9581 9585
f 9586 9663 9585
f 9664 9665 9569
f 9568 9664 9569
f 9665 9572 9569
f 9665 9663 9578
f 9574 9663 9586
f 9665 9577 9573
f 9573 9572 9665
f 9567 9565 9666
f 9565 9566 9666
f 9567 9664 9568
f 9567 9666 9664
f 9666 9652 9667
f 9650 9667 9651
f 9651 9667 9652
f 9669 9630 9654
f 9654 9630 9629
f 9649 9668 9650
f 9669 9631 9630
f 9667 9650 9668
f 9666 9563 9647
f 9666 9571 9560
f 9646 9666 9647
f 9666 9646 9653
f 9652 9666 9653
f 9648 9668 9649
f 9640 9669 9668
f 9631 9669 9642
f 9643 9642 9669
f 9566 9571 9666
f 9574 9575 9663
f 9580 9573 9577
f 9579 9573 9580
f 9560 9571 9559
f 9663 9575 9576
f 9578 9663 9576
f 9560 9561 9666
f 9577 9665 9578
f 9647 9563 9558
f 9558 9557 9647
f 9637 9648 9636
f 9638 9648 9637
f 9669 9644 9643
f 9644 9669 9641
f 9563 9666 9564
f 9648 9638 9668
f 9639 9669 9640
f 9669 9639 9641
f 9640 9668 9638
f 9666 9561 9564
f 9669 9654 9655
f 9663 9668 9669
f 9655 9662 9669
f 9660 9657 9658
f 9657 9656 9658
f 9655 9657 9660
f 9667 9668 9666
f 9665 9664 9666
f 9665 9668 9663
f 9669 9662 9663
f 9660 9658 9659
f 9661 9655 9660
f 9655 9661 9662
f 9668 9665 9666
f 9671 9670 9676
f 9679 9670 9673
f 9675 9673 9670
f 9684 9679 9673
f 9679 9677 9676
f 9672 9671 9676
f 9678 9677 9679
f 9679 9676 9670
f 9680 9679 9688
f 9681 9673 9674
f 9682 9673 9681
f 9682 9684 9673
f 9682 9683 9684
f 9684 9690 9679
f 9690 9684 9685
f 9688 9679 9687
f 9690 9687 9679
f 9687 9690 9686
f 9689 9686 9690
f 8979 9676 9677
f 9678 8982 9677
f 9676 8974 9672
f 9679 8989 9678
f 9688 8997 9680
f 9680 8993 9679
f 9008 9687 9686
f 9015 9686 9689
f 9685 9025 9690
f 9689 9690 9016
f 9687 9005 9688
f 9672 8974 8973
f 9676 8976 8974
f 8977 9676 8979
f 9676 8977 8976
f 9677 8982 8980
f 8980 8979 9677
f 8982 9678 8983
f 8986 8983 9678
f 8997 8996 9680
f 8986 9678 8987
f 9678 8989 8987
f 8993 9680 8994
f 9680 8996 8994
f 8990 8989 9679
f 8990 9679 8993
f 9001 8997 9688
f 9004 9002 9688
f 9005 9004 9688
f 9687 9008 9005
f 9686 9009 9008
f 9009 9686 9011
f 9012 9011 9686
f 9686 9015 9012
f 9018 9016 9690
f 9015 9689 9016
f 9690 9023 9022
f 9019 9690 9022
f 9025 9023 9690
f 9019 9018 9690
f 9685 9026 9025
f 9688 9002 9001
f 9685 9035 9026
f 9048 9683 9682
f 9040 9685 9684
f 9045 9684 9683
f 9682 9681 9059
f 9067 9681 9674
f 9070 9674 9673
f 9073 9673 9675
f 9670 9081 9675
f 9088 9670 9671
f 9092 9671 9672
f 9685 9038 9035
f 9685 9040 9038
f 9041 9684 9044
f 9684 9041 9040
f 9682 9052 9048
f 9059 9681 9060
f 9683 9047 9045
f 9683 9048 9047
f 9045 9044 9684
f 9682 9059 9056
f 9052 9682 9053
f 9055 9682 9056
f 9062 9060 9681
f 9682 9055 9053
f 9063 9062 9681
f 9063 9681 9067
f 9070 9673 9071
f 9073 9071 9673
f 9068 9674 9070
f 9073 9675 9074
f 9675 9081 9077
f 9675 9076 9074
f 9675 9077 9076
f 9082 9081 9670
f 9082 9670 9084
f 9085 9670 9088
f 9092 9091 9671
f 9671 9089 9088
f 9670 9085 9084
f 9671 9091 9089
f 9067 9674 9068
f 9672 8973 9092
f 9691 9692 9693
f 9694 9695 9696
f 9692 9694 9696
f 9697 9698 9699
f 9700 9701 9702
f 9698 9700 9702
f 9695 9697 9703
f 9704 9705 9706
f 9707 9708 9709
f 9705 9707 9710
f 9711 9712 9713
f 9714 9715 9716
f 9712 9714 9713
f 9708 9711 9717
f 9701 9704 9718
f 9719 9720 9721
f 9722 9723 9724
f 9720 9722 9725
f 9726 9727 9728
f 9729 9730 9731
f 9727 9729 9728
f 9723 9726 9732
f 9733 9734 9735
f 9736 9737 9738
f 9734 9736 9739
f 9740 9741 9742
f 9743 9744 9745
f 9741 9743 9742
f 9737 9740 9746
f 9730 9733 9747
f 9715 9719 9721
f 9748 9693 9692
f 9703 9696 9695
f 9748 9692 9696
f 9943 9699 9698
f 9718 9702 9701
f 9943 9698 9702
f 9703 9697 9699
f 9710 9706 9705
f 9749 9709 9708
f 9710 9707 9709
f 9713 9717 9711
f 9967 9716 9715
f 9713 9714 9716
f 9749 9708 9717
f 9718 9704 9706
f 9725 9721 9720
f 9732 9724 9723
f 9725 9722 9724
f 9728 9750 9726
f 9751 9731 9730
f 9728 9729 9731
f 9732 9726 9750
f 9735 9747 9733
f 9738 9739 9736
f 9735 9734 9739
f 9742 9746 9740
f 9752 9745 9744
f 9742 9743 9745
f 9738 9737 9746
f 9751 9730 9747
f 9967 9715 9721
f 9753 9754 9744
f 9691 9693 9755
f 9753 9756 9757
f 9758 9759 9760
f 9756 9758 9761
f 9762 9763 9764
f 9765 9766 9767
f 9763 9765 9768
f 9759 9762 9769
f 9770 9771 9772
f 9773 9774 9775
f 9771 9773 9776
f 9777 9778 9779
f 9780 9781 9782
f 9778 9780 9783
f 9774 9777 9775
f 9766 9770 9784
f 9785 9786 9787
f 9788 9789 9790
f 9786 9788 9787
f 9791 9792 9793
f 9794 9795 9796
f 9792 9794 9797
f 9789 9791 9798
f 9799 9800 9801
f 9802 9803 9804
f 9800 9802 9805
f 9806 9807 9808
f 9809 9810 9811
f 9807 9809 9811
f 9803 9806 9804
f 9795 9799 9801
f 9781 9785 9812
f 9757 9754 9753
f 9760 9761 9758
f 9757 9756 9761
f 9764 9769 9762
f 9767 9768 9765
f 9764 9763 9768
f 9760 9759 9769
f 9772 9784 9770
f 9775 9776 9773
f 9772 9771 9776
f 9813 9779 9778
f 9782 9783 9780
f 9813 9778 9783
f 9775 9777 9779
f 9767 9766 9784
f 9787 9812 9785
f 9814 9790 9789
f 9787 9788 9790
f 9793 9798 9791
f 9796 9797 9794
f 9793 9792 9797
f 9814 9789 9798
f 9805 9801 9800
f 9804 9815 9802
f 9805 9802 9815
f 10021 9808 9807
f 9755 9811 9810
f 10021 9807 9811
f 9804 9806 9808
f 9796 9795 9801
f 9782 9781 9812
f 9810 9691 9755
f 9754 9752 9744
f 9817 9816 9820
f 9816 9817 9819
f 9820 9816 9821
f 9821 9822 9820
f 9822 9821 9823
f 9818 9825 9819
f 9827 9825 9818
f 9827 9826 9825
f 9828 9829 9825
f 9824 9828 9825
f 9825 9830 9831
f 9831 9847 9825
f 9825 9829 9830
f 9824 9825 9826
f 9821 9833 9834
f 9835 9836 9833
f 9833 9837 9835
f 9837 9833 9840
f 9840 9833 9838
f 9821 9834 9841
f 9841 9842 9821
f 9833 9832 9843
f 9844 9845 9833
f 9844 9833 9843
f 9845 9834 9833
f 9833 9836 9832
f 9842 9823 9821
f 9851 9849 9847
f 9847 9846 9851
f 9852 9848 9847
f 9846 9847 9853
f 9847 9848 9853
f 9850 9854 9856
f 9855 9856 9854
f 9856 9855 9858
f 9856 9858 9857
f 9857 9858 9859
f 9852 9847 9860
f 9862 9859 9861
f 9864 9865 9863
f 9862 9863 9859
f 9859 9863 9865
f 9865 9868 9866
f 9869 9865 9866
f 9866 9870 9869
f 9867 9868 9865
f 9871 9873 9869
f 9871 9872 9873
f 9871 9869 9870
f 9864 9867 9865
f 9861 9859 9858
f 9847 9831 9860
f 9875 9839 9874
f 9876 9877 9875
f 9878 9879 9876
f 9875 9874 9876
f 9876 9882 9881
f 9881 9880 9876
f 9883 9878 9876
f 9879 9882 9876
f 9876 9880 9877
f 9888 9876 9892
f 9883 9876 9884
f 9885 9884 9876
f 9886 9876 9887
f 9887 9876 9888
f 9885 9876 9886
f 9890 9888 9892
f 9892 9891 9890
f 9891 9892 9894
f 9893 9894 9892
f 9895 9894 9893
f 9894 9895 9896
f 9898 9896 9897
f 9896 9895 9897
f 9899 10273 9900
f 9899 9901 10273
f 9897 9902 9898
f 9901 9902 9897
f 9900 10273 9909
f 9900 9909 9889
f 9910 9904 9905
f 9906 9903 9910
f 9910 9905 9906
f 9907 9910 9903
f 10165 9910 9908
f 9911 10165 9908
f 9873 9872 9913
f 9913 9917 9873
f 9917 9913 9912
f 9912 9914 9917
f 9915 9916 9917
f 9918 9910 9916
f 9917 9916 9910
f 9904 9910 9918
f 9915 9917 9914
f 9922 9920 9919
f 9921 9909 9919
f 9923 9920 9922
f 9924 9925 9923
f 9923 9922 9924
f 9926 9927 10165
f 9927 9926 9928
f 9926 10165 9911
f 9924 9929 9925
f 10157 9929 9924
f 9930 10157 9928
f 10157 9930 9929
f 9919 9909 9922
f 9941 9933 9937
f 9931 9937 9933
f 9933 9935 9932
f 9942 9934 9932
f 9945 9935 9933
f 9946 9948 9939
f 9933 9941 9945
f 9939 9936 9938
f 9936 9934 9943
f 9942 9932 9935
f 9943 9934 9942
f 9951 9936 9943
f 9939 9944 9946
f 9940 9948 9949
f 9940 9949 9947
f 9944 9938 9946
f 9964 9947 9949
f 9938 9948 9946
f 9944 9939 9938
f 9951 9938 9936
f 9947 9950 9940
f 9964 9971 9950
f 9954 9953 9955
f 9952 9950 9971
f 9961 9959 9962
f 9953 9952 9963
f 9953 9963 9955
f 9954 9955 9966
f 9955 9963 9972
f 9971 9963 9952
f 9954 9965 9956
f 9967 9971 9964
f 9957 9956 9958
f 9957 9958 9959
f 9959 9958 9974
f 9958 9956 9751
f 9959 9960 9962
f 9962 9960 9968
f 9961 9969 9978
f 9964 9950 9947
f 9942 9935 9945
f 9703 9942 9945
f 9748 9945 9941
f 9710 9938 9951
f 9718 9951 9943
f 9749 9949 9938
f 9949 9948 9938
f 9963 9970 9972
f 9970 9963 9971
f 9721 9971 9967
f 9749 9964 9949
f 9748 9941 9693
f 9703 9945 9696
f 9699 9942 9703
f 9748 9696 9945
f 9706 9951 9718
f 9710 9951 9706
f 9702 9718 9943
f 9699 9943 9942
f 9749 9938 9709
f 9713 9964 9717
f 9964 9749 9717
f 9724 9972 9970
f 9709 9938 9710
f 9716 9964 9713
f 9725 9971 9721
f 9716 9967 9964
f 9970 9725 9724
f 9971 9725 9970
f 9956 9965 9973
f 9956 9973 9751
f 9965 9954 9966
f 9973 9965 9966
f 9750 9973 9972
f 9966 9972 9973
f 9731 9751 9973
f 9960 9959 9974
f 9735 9974 9751
f 9974 9958 9751
f 9968 9960 9975
f 9724 9732 9972
f 9750 9728 9973
f 9972 9732 9750
f 9728 9731 9973
f 9735 9751 9747
f 9739 9974 9735
f 9746 9975 9974
f 9960 9974 9975
f 9968 9975 9752
f 9974 9738 9746
f 9975 9742 9745
f 9975 9745 9752
f 9742 9975 9746
f 9974 9739 9738
f 9968 9752 9976
f 9966 9955 9972
f 9962 9976 9969
f 9941 9937 9977
f 9978 9969 9979
f 9991 9980 9979
f 10057 9979 9980
f 9961 9962 9969
f 9983 9981 9980
f 9987 9979 9976
f 9979 9969 9976
f 9983 9980 9989
f 9987 9991 9979
f 9988 9980 9991
f 9989 9980 9990
f 9983 9989 9997
f 9988 9990 9980
f 9993 9984 9982
f 9985 9994 9986
f 9992 9986 9994
f 9996 9985 9984
f 9985 9996 9994
f 9995 9992 9994
f 9996 9984 9993
f 9982 9983 9997
f 9998 9986 10015
f 9962 9968 9976
f 10004 9999 10015
f 9998 10015 9999
f 9999 10004 10000
f 10006 10001 10005
f 10009 10007 10008
f 10001 10003 10016
f 10003 10049 9999
f 10012 10004 10015
f 10001 10002 10005
f 10011 10017 10001
f 10002 10001 10017
f 10012 10000 10004
f 10006 10005 10007
f 10007 10005 10019
f 10009 10008 10010
f 10010 10008 10014
f 9937 10010 9977
f 9986 9992 10015
f 9757 9987 9752
f 9987 9976 9752
f 9760 9991 9987
f 9769 9988 9991
f 9768 9989 9990
f 9993 9982 9997
f 9772 9993 9997
f 9767 9997 9989
f 9764 9990 9988
f 9775 9994 9996
f 9999 10000 10003
f 10016 10003 10000
f 9779 10015 9995
f 10015 9992 9995
f 9812 10016 10012
f 9783 10012 10015
f 9775 9995 9994
f 10016 10000 10012
f 9776 9996 9993
f 9757 9752 9754
f 9760 9987 9761
f 9769 9991 9760
f 9757 9761 9987
f 9768 9990 9764
f 9784 9997 9767
f 9772 9997 9784
f 9768 9767 9989
f 9769 9764 9988
f 9775 9996 9776
f 9813 10015 9779
f 9995 9775 9779
f 9776 9993 9772
f 9783 10015 9813
f 9812 10012 9782
f 9787 10016 9812
f 9783 9782 10012
f 10016 9787 9790
f 10016 10017 10011
f 10005 10002 10018
f 10005 10018 10019
f 10018 10002 10017
f 9796 10019 10018
f 9793 10018 10017
f 10017 10016 9814
f 10007 10013 10020
f 10008 10007 10020
f 10020 9815 10008
f 9805 10020 10019
f 10020 10013 10019
f 10010 10014 9977
f 10014 10008 10021
f 9977 10014 9941
f 10013 10007 10019
f 9790 9814 10016
f 9798 9793 10017
f 10017 9814 9798
f 9793 9797 10018
f 9796 10018 9797
f 9805 10019 9801
f 9815 10020 9805
f 9796 9801 10019
f 9808 10021 9815
f 10008 9815 10021
f 10014 10021 9941
f 9755 9941 10021
f 9815 9804 9808
f 10021 9811 9755
f 9755 9693 9941
f 10011 10001 10016
f 10022 10009 10023
f 10023 10009 10024
f 10007 10025 10026
f 10022 10027 10009
f 10025 10009 10027
f 10026 10028 10006
f 9937 10029 10030
f 10029 9931 9933
f 9937 9931 10029
f 10030 10031 9937
f 10009 10031 10024
f 10010 9937 10031
f 10009 10010 10031
f 10001 10032 10034
f 10032 10006 10033
f 10035 10036 10003
f 10003 10001 10035
f 10036 10049 10003
f 10035 10001 10034
f 10009 10025 10007
f 10007 10026 10006
f 10001 10006 10032
f 10006 10028 10033
f 10082 9933 10037
f 9933 10082 10029
f 9933 9932 10037
f 10037 9934 10038
f 9932 9934 10037
f 10038 9934 9936
f 10039 9936 10040
f 10040 9939 10041
f 10039 10038 9936
f 10042 10043 9948
f 10041 9939 10043
f 9939 10040 9936
f 9948 10043 9939
f 9940 10045 10042
f 9940 10042 9948
f 9950 9952 10044
f 9940 9950 10045
f 10046 10045 9950
f 10044 10046 9950
f 10047 10048 9953
f 9953 10048 10044
f 10044 9952 9953
f 10049 10050 9999
f 10050 10051 9999
f 9985 10051 10052
f 9998 9999 10051
f 9985 9986 10051
f 9998 10051 9986
f 10052 9982 9984
f 9983 9982 10054
f 9984 9985 10052
f 9983 10054 10053
f 10054 9982 10052
f 10055 10056 9983
f 10056 9981 9983
f 9983 10053 10055
f 9980 10056 10057
f 9981 10056 9980
f 10058 9978 9979
f 10059 9978 10058
f 10058 9979 10057
f 9954 9956 10061
f 9957 10061 9956
f 10062 9957 9959
f 10060 9957 10063
f 9953 9954 10064
f 9954 10061 10064
f 9953 10064 10047
f 10065 10061 9957
f 9957 10060 10065
f 9978 10059 10066
f 10068 9961 10066
f 10066 9961 9978
f 10067 9961 10068
f 10069 10062 9959
f 10063 9957 10062
f 10070 9959 9961
f 9959 10070 10069
f 9961 10067 10070
f 10072 10073 10070
f 10071 10072 10070
f 10075 10076 10064
f 10074 10075 10065
f 10073 10074 10062
f 10078 10079 10042
f 10077 10078 10046
f 10081 10082 10037
f 10080 10081 10038
f 10079 10080 10043
f 10076 10077 10047
f 10066 10059 10071
f 10067 10068 10071
f 10066 10071 10068
f 10070 10073 10069
f 10067 10071 10070
f 10063 10062 10074
f 10060 10074 10065
f 10063 10074 10060
f 10061 10075 10064
f 10075 10061 10065
f 10069 10073 10062
f 10048 10047 10077
f 10078 10045 10046
f 10046 10044 10077
f 10041 10043 10080
f 10080 10039 10040
f 10039 10080 10038
f 10041 10080 10040
f 10042 10079 10043
f 10048 10077 10044
f 10078 10042 10045
f 10038 10081 10037
f 10064 10076 10047
f 10083 10029 10082
f 10083 10084 10023
f 10086 10087 10034
f 10085 10086 10034
f 10084 10085 10026
f 10088 10201 10051
f 10087 10088 10051
f 10196 10089 10052
f 10201 10196 10051
f 10091 10189 10057
f 10189 10092 10057
f 10090 10091 10057
f 10089 10090 10054
f 10030 10029 10083
f 10024 10031 10083
f 10030 10083 10031
f 10022 10023 10084
f 10084 10025 10027
f 10025 10084 10026
f 10022 10084 10027
f 10024 10083 10023
f 10033 10028 10085
f 10085 10032 10033
f 10035 10034 10087
f 10087 10036 10035
f 10085 10034 10032
f 10026 10085 10028
f 10050 10049 10087
f 10050 10087 10051
f 10052 10051 10196
f 10054 10052 10089
f 10053 10054 10090
f 10055 10053 10090
f 10056 10055 10090
f 10058 10057 10092
f 10092 10059 10058
f 10090 10057 10056
f 10036 10087 10049
f 10092 10071 10059
f 10083 10082 10093
f 10081 10093 10082
f 10095 10094 10093
f 10081 10096 10095
f 10096 10081 10080
f 10095 10093 10081
f 10094 10095 10106
f 10094 10098 10093
f 10105 10080 10079
f 10079 10078 10099
f 10078 10077 10100
f 10096 10102 10095
f 10101 10102 10080
f 10103 10105 10079
f 10101 10080 10105
f 10116 10099 10078
f 10104 10078 10100
f 10103 10079 10099
f 10080 10102 10096
f 10097 10106 10095
f 10097 10095 10102
f 10106 10097 10108
f 10097 10107 10108
f 10108 10109 10106
f 10108 10107 10112
f 10109 10108 10112
f 10101 10111 10102
f 10106 10109 10113
f 10101 10105 10111
f 10103 10111 10105
f 10111 10097 10102
f 10099 10115 10103
f 10115 10111 10103
f 10104 10116 10078
f 10115 10114 10111
f 10111 10114 10117
f 10118 10114 10116
f 10116 10119 10120
f 10114 10115 10116
f 10115 10099 10116
f 10111 10107 10097
f 10107 10111 10110
f 10122 10094 10106
f 10123 10077 10135
f 10076 10135 10077
f 10074 10124 10075
f 10104 10123 10119
f 10100 10123 10104
f 10139 10135 10076
f 10125 10076 10075
f 10127 10124 10074
f 10125 10075 10124
f 10074 10126 10127
f 10123 10100 10077
f 10073 10128 10074
f 10130 10072 10071
f 10128 10126 10074
f 10128 10073 10129
f 10127 10126 10128
f 10133 10130 10071
f 10131 10133 10071
f 10146 10072 10130
f 10129 10073 10072
f 10071 10132 10131
f 10134 10123 10135
f 10125 10139 10076
f 10136 10125 10124
f 10143 10124 10127
f 10119 10123 10134
f 10138 10134 10135
f 10136 10140 10125
f 10143 10136 10124
f 10139 10125 10140
f 10138 10135 10139
f 10120 10118 10116
f 10127 10128 10148
f 10146 10129 10072
f 10130 10133 10141
f 10146 10130 10179
f 10128 10129 10142
f 10144 10145 10127
f 10147 10148 10128
f 10144 10127 10148
f 10146 10142 10129
f 10150 10179 10130
f 10141 10150 10130
f 10147 10142 10146
f 10147 10128 10142
f 10132 10149 10133
f 10145 10143 10127
f 10119 10116 10104
f 10107 10110 10112
f 10112 10110 10152
f 10109 10112 10151
f 10151 10112 10153
f 10153 10112 10152
f 10153 10152 10157
f 10154 10151 10153
f 10154 10153 10158
f 10159 10151 10154
f 10114 10121 10117
f 10117 10121 10160
f 10118 10120 10137
f 10118 10137 10161
f 10118 10121 10114
f 10110 10111 10117
f 10121 10118 10162
f 10117 10160 10163
f 10162 10118 10161
f 10162 10160 10121
f 10138 10169 10119
f 10117 10152 10110
f 10152 10117 10165
f 10154 10155 10166
f 10166 10155 9922
f 10157 10156 9928
f 10157 10152 10156
f 10153 10157 10158
f 10154 10158 10155
f 10155 10158 9924
f 9922 9909 10166
f 9927 9928 10156
f 9924 10158 10157
f 9922 10155 9924
f 10165 10117 10163
f 10163 10162 9910
f 10163 10160 10162
f 10176 10137 10120
f 10162 10164 9917
f 10164 10162 10161
f 10164 10161 9917
f 10156 10152 10165
f 10163 9910 10165
f 9917 9910 10162
f 9917 10161 9873
f 10161 10176 9873
f 10137 10176 10161
f 10165 9927 10156
f 10169 10167 10120
f 10154 10166 10168
f 10139 10169 10138
f 10176 10120 10167
f 10140 10169 10139
f 10143 10170 10140
f 10140 10136 10143
f 10172 10167 10169
f 10145 10174 10170
f 10172 10169 10170
f 10169 10140 10170
f 10167 10172 10175
f 10144 10177 10145
f 10148 10177 10144
f 10145 10170 10143
f 10178 10148 10147
f 10181 10147 10146
f 10181 10146 10179
f 10174 10145 10177
f 10180 10177 10178
f 10178 10147 10181
f 10177 10148 10178
f 10174 10172 10170
f 10172 10174 10173
f 10167 10171 10176
f 10176 10171 9869
f 10173 10174 9856
f 10172 10173 10175
f 10175 10173 9859
f 10167 10175 10171
f 10171 10175 9865
f 9869 9873 10176
f 9865 9869 10171
f 9859 9865 10175
f 9856 9857 10173
f 9859 10173 9857
f 10183 9856 10174
f 10177 10180 9850
f 9850 10183 10177
f 10178 10184 10182
f 10181 10185 10178
f 10182 9850 10180
f 10180 10178 10182
f 9850 10182 9849
f 10183 9850 9856
f 10184 9847 10182
f 9847 9849 10182
f 10185 10186 9847
f 10186 10185 10181
f 10187 9847 10186
f 9847 10184 10185
f 10184 10178 10185
f 10149 10187 10181
f 10183 10174 10177
f 10120 10119 10169
f 10119 10134 10138
f 10151 10188 10109
f 10071 10092 10132
f 10190 10091 10090
f 10092 10189 10132
f 10132 10189 10191
f 10091 10191 10189
f 10132 10191 10193
f 10194 10191 10190
f 10191 10091 10190
f 10132 10133 10131
f 10199 10090 10089
f 10196 10200 10089
f 10190 10195 10194
f 10197 10195 10090
f 10197 10090 10199
f 10198 10195 10197
f 10202 10196 10201
f 10199 10089 10200
f 10090 10195 10190
f 10149 10193 10205
f 10149 10132 10193
f 10191 10192 10193
f 10198 10194 10195
f 10194 10192 10191
f 10192 10194 10206
f 10149 10205 10240
f 10193 10192 10205
f 10194 10207 10206
f 10207 10194 10208
f 10206 10207 10209
f 10194 10198 10208
f 10192 10206 10209
f 10197 10208 10198
f 10149 10150 10141
f 10197 10204 10208
f 10204 10197 10199
f 10199 10211 10204
f 10203 10212 10199
f 10203 10199 10200
f 10200 10213 10203
f 10212 10211 10199
f 10202 10200 10196
f 10213 10200 10202
f 10211 10208 10204
f 10208 10211 10210
f 10212 10210 10211
f 10208 10210 10214
f 10212 10203 10213
f 10210 10212 10217
f 10149 10141 10133
f 10088 10087 10228
f 10230 10201 10088
f 10219 10086 10085
f 10087 10086 10221
f 10220 10228 10087
f 10202 10230 10216
f 10201 10230 10202
f 10222 10219 10085
f 10221 10086 10219
f 10220 10087 10221
f 10084 10227 10085
f 10225 10084 10083
f 10233 10223 10085
f 10224 10227 10084
f 10233 10085 10227
f 10222 10223 10233
f 10225 10226 10084
f 10122 10225 10083
f 10098 10122 10083
f 10224 10084 10226
f 10093 10098 10083
f 10085 10223 10222
f 10231 10088 10228
f 10232 10220 10221
f 10229 10221 10219
f 10234 10219 10222
f 10231 10230 10088
f 10232 10228 10220
f 10229 10232 10221
f 10234 10229 10219
f 10259 10228 10232
f 10216 10212 10213
f 10233 10227 10237
f 10224 10226 10238
f 10225 10122 10113
f 10226 10225 10159
f 10227 10224 10238
f 10235 10236 10222
f 10235 10222 10233
f 10188 10159 10225
f 10113 10188 10225
f 10238 10226 10159
f 10237 10227 10238
f 10239 10233 10237
f 10113 10122 10106
f 10236 10234 10222
f 10098 10094 10122
f 10216 10213 10202
f 10212 10216 10215
f 10240 10205 10241
f 10207 10208 10218
f 10207 10218 10242
f 10209 10207 10242
f 10192 10209 10205
f 10205 10209 10243
f 10149 10240 10244
f 10243 10209 10242
f 10243 10242 10248
f 10241 10205 10243
f 10149 10181 10179
f 10210 10217 10214
f 10214 10217 10249
f 10216 10250 10215
f 10215 10217 10212
f 10218 10208 10214
f 10217 10215 10252
f 10214 10249 10257
f 10252 10215 10251
f 10252 10249 10217
f 10249 10252 10255
f 10231 10256 10230
f 10214 10242 10218
f 10216 10230 10250
f 10242 10214 10257
f 10187 10244 9825
f 10187 10149 10244
f 10240 10245 9825
f 10240 10241 10245
f 10244 10240 9825
f 10243 10246 9819
f 10248 10242 10247
f 10248 10247 9821
f 10243 10248 10246
f 10246 10248 9816
f 10241 10243 10245
f 10245 10243 9825
f 10187 9825 9847
f 10243 9819 9825
f 9821 9816 10248
f 9816 9819 10246
f 10254 10253 9833
f 10254 10249 10253
f 10249 10254 10257
f 10257 10254 9821
f 10267 10215 10250
f 10255 10251 9833
f 10255 10252 10251
f 10267 10258 10215
f 10255 10253 10249
f 10247 10242 10257
f 10253 10255 9833
f 9821 10254 9833
f 9833 10251 9838
f 9838 10251 9839
f 10251 10258 9874
f 10215 10258 10251
f 10257 9821 10247
f 10187 10186 10181
f 10231 10259 10256
f 10259 10231 10228
f 10267 10250 10256
f 10234 10261 10232
f 10260 10259 10232
f 10232 10229 10234
f 10256 10259 10263
f 10260 10263 10259
f 10236 10265 10261
f 10260 10232 10261
f 10263 10260 10266
f 10235 10268 10236
f 10235 10233 10239
f 10236 10261 10234
f 10269 10239 10237
f 10271 10237 10238
f 10168 10238 10159
f 10239 10268 10235
f 10268 10239 10265
f 10265 10236 10268
f 10270 10239 10269
f 10168 10271 10238
f 10269 10237 10271
f 10188 10151 10159
f 10265 10260 10261
f 10260 10265 10264
f 10258 10267 9876
f 10263 10262 9876
f 10256 10263 10267
f 10267 10263 9876
f 10260 10264 10266
f 10266 10264 9892
f 10263 10266 10262
f 10262 10266 9876
f 9874 10258 9876
f 10266 9892 9876
f 9892 10264 9893
f 10264 10272 9893
f 9874 9839 10251
f 10239 10270 10272
f 10272 10264 10265
f 10269 10273 10272
f 10271 10274 10269
f 10166 10271 10168
f 10270 10269 10272
f 10272 9897 9895
f 10273 9901 10272
f 9901 9897 10272
f 10274 10166 10273
f 10166 10274 10271
f 10166 9909 10273
f 10273 10269 10274
f 10272 9895 9893
f 10272 10265 10239
f 10168 10159 10154
f 10250 10230 10256
f 10109 10188 10113
f 10149 10179 10150
f 10276 9881 10275
f 10278 10277 9835
f 10279 10278 9840
f 10276 10280 9881
f 9882 10275 9881
f 10278 9837 9840
f 9837 10278 9835
f 10281 10280 10276
f 9875 10282 10279
f 9875 10281 10282
f 10279 9839 9875
f 9839 10279 9838
f 10281 9875 9877
f 10281 9877 9880
f 9880 10280 10281
f 9840 9838 10279
f 10283 9832 10284
f 10285 9843 10283
f 10286 9843 10285
f 9834 10286 10287
f 9832 10288 10284
f 9832 10283 9843
f 9844 9843 10286
f 9834 9845 10286
f 9844 10286 9845
f 10287 10290 9834
f 10284 10288 10289
f 10291 9841 10290
f 10277 10289 9836
f 9841 9834 10290
f 9842 9841 10291
f 9823 9842 10291
f 9836 9835 10277
f 10289 10288 9836
f 9824 10293 10292
f 9818 10294 10293
f 9827 10293 9826
f 9824 9826 10293
f 10293 9827 9818
f 9819 10294 9818
f 9817 10296 10294
f 10296 9817 10295
f 9823 10291 10297
f 10298 9822 10297
f 9820 10298 10295
f 9817 10294 9819
f 10297 9822 9823
f 9822 10298 9820
f 9820 10295 9817
f 9852 10299 10300
f 10301 9852 10300
f 10302 9852 10301
f 9848 10302 10312
f 10299 9852 9860
f 10302 9848 9852
f 10304 9830 10292
f 10303 10299 9831
f 9831 10304 10303
f 9829 9828 10292
f 9824 10292 9828
f 9831 9830 10304
f 9829 10292 9830
f 10299 9860 9831
f 9858 10305 10317
f 9858 10306 10307
f 9858 10307 10305
f 9854 10309 10310
f 9855 10310 10308
f 9858 10308 10306
f 10308 9858 9855
f 9854 10310 9855
f 9850 10311 10309
f 10313 9853 10312
f 9846 10313 10311
f 9850 10309 9854
f 10311 9850 9849
f 10311 9851 9846
f 10313 9846 9853
f 10312 9853 9848
f 9851 10311 9849
f 10314 10315 10316
f 9868 10316 10330
f 9861 10317 10318
f 9868 10314 10316
f 9868 10330 9866
f 9862 9861 10318
f 9858 10317 9861
f 10315 10314 9867
f 10319 10320 9863
f 10319 9863 10318
f 10321 10322 9864
f 10321 9864 10320
f 9867 9864 10322
f 9863 10320 9864
f 10322 10315 9867
f 10318 9863 9862
f 10323 10325 10324
f 9912 10327 10326
f 9912 10326 10325
f 10325 10323 9915
f 10325 9914 9912
f 9914 10325 9915
f 10327 9913 9872
f 9913 10327 9912
f 9872 9871 10327
f 9916 10323 10324
f 9871 10328 10329
f 10330 10328 9866
f 10328 9871 9870
f 10331 9918 9916
f 9866 10328 9870
f 9916 10324 10331
f 10327 9871 10329
f 10332 9905 10333
f 10334 9903 10332
f 10335 9903 10334
f 9907 10335 10336
f 9905 10337 10333
f 9903 9906 10332
f 9905 10332 9906
f 9907 9903 10335
f 9910 9907 10336
f 10336 10339 9910
f 10333 10337 10338
f 10340 9908 10339
f 10331 10338 9904
f 9911 10340 10341
f 9908 9910 10339
f 9904 9918 10331
f 9911 10341 9926
f 9908 10340 9911
f 10338 10337 9904
f 9920 10342 10350
f 9923 10343 10342
f 9923 10342 9920
f 9925 10343 9923
f 9929 10343 9925
f 9930 10345 10343
f 10345 9928 10344
f 10346 9926 10341
f 9928 10346 10344
f 10345 9930 9928
f 9930 10343 9929
f 9926 10346 9928
f 9889 10347 10348
f 10349 9900 10348
f 9899 10349 10360
f 9889 10348 9900
f 9900 10349 9899
f 9919 10350 10353
f 10351 10352 9909
f 9921 10353 10351
f 9909 10352 10347
f 9920 10350 9919
f 9909 9921 10351
f 9919 10353 9921
f 10347 9889 9909
f 9891 10355 10354
f 9896 10357 10358
f 9894 10358 10356
f 9894 10356 10355
f 9891 9894 10355
f 9896 10358 9894
f 10357 9902 10359
f 9901 10361 10362
f 10361 9899 10360
f 9902 10362 10359
f 9898 10357 9896
f 10357 9898 9902
f 10361 9901 9899
f 9901 10362 9902
f 10363 10364 10365
f 9879 10365 10275
f 9890 10366 10367
f 10366 9890 10354
f 9879 10363 10365
f 9879 10275 9882
f 9888 9890 10367
f 9891 10354 9890
f 10364 10363 9878
f 10368 10369 9888
f 10368 9888 10367
f 10370 10371 9883
f 10370 9883 10369
f 9886 9887 10369
f 9888 10369 9887
f 9884 9885 10369
f 9878 9883 10371
f 9884 10369 9883
f 9886 10369 9885
f 10371 10364 9878
f 10352 10372 10347
f 10373 10372 10351
f 10372 10352 10351
f 10353 10373 10351
f 10374 10375 10336
f 10335 10374 10336
f 10375 10339 10336
f 10375 10373 10345
f 10353 10350 10373
f 10375 10344 10340
f 10340 10339 10375
f 10334 10332 10376
f 10332 10333 10376
f 10334 10374 10335
f 10334 10376 10374
f 10376 10321 10377
f 10319 10377 10320
f 10320 10377 10321
f 10379 10300 10380
f 10380 10300 10299
f 10318 10378 10319
f 10379 10301 10300
f 10377 10319 10378
f 10379 10302 10301
f 10376 10328 10316
f 10376 10338 10325
f 10315 10376 10316
f 10376 10315 10322
f 10321 10376 10322
f 10317 10378 10318
f 10310 10379 10378
f 10302 10379 10312
f 10313 10312 10379
f 10333 10338 10376
f 10350 10342 10373
f 10324 10338 10331
f 10338 10324 10325
f 10340 10346 10341
f 10373 10342 10343
f 10345 10373 10343
f 10326 10376 10325
f 10344 10375 10345
f 10346 10340 10344
f 10376 10326 10327
f 10328 10330 10316
f 10307 10306 10317
f 10307 10317 10305
f 10308 10317 10306
f 10379 10311 10313
f 10308 10378 10317
f 10327 10329 10376
f 10328 10376 10329
f 10309 10379 10310
f 10310 10378 10308
f 10309 10311 10379
f 10381 10380 10303
f 10380 10299 10303
f 10304 10381 10303
f 10382 10383 10287
f 10286 10382 10287
f 10383 10290 10287
f 10383 10381 10296
f 10292 10381 10304
f 10383 10295 10291
f 10291 10290 10383
f 10285 10283 10384
f 10283 10284 10384
f 10285 10382 10286
f 10285 10384 10382
f 10384 10370 10385
f 10368 10385 10369
f 10369 10385 10370
f 10387 10348 10372
f 10372 10348 10347
f 10367 10386 10368
f 10387 10349 10348
f 10385 10368 10386
f 10384 10281 10365
f 10384 10289 10278
f 10364 10384 10365
f 10384 10364 10371
f 10370 10384 10371
f 10366 10386 10367
f 10358 10387 10386
f 10349 10387 10360
f 10361 10360 10387
f 10284 10289 10384
f 10292 10293 10381
f 10298 10291 10295
f 10297 10291 10298
f 10278 10289 10277
f 10381 10293 10294
f 10296 10381 10294
f 10278 10279 10384
f 10295 10383 10296
f 10365 10281 10276
f 10276 10275 10365
f 10355 10366 10354
f 10356 10366 10355
f 10387 10362 10361
f 10362 10387 10359
f 10281 10384 10282
f 10366 10356 10386
f 10357 10387 10358
f 10387 10357 10359
f 10358 10386 10356
f 10384 10279 10282
f 10387 10372 10373
f 10381 10386 10387
f 10373 10380 10387
f 10378 10375 10376
f 10375 10374 10376
f 10373 10375 10378
f 10385 10386 10384
f 10383 10382 10384
f 10383 10386 10381
f 10387 10380 10381
f 10378 10376 10377
f 10379 10373 10378
f 10373 10379 10380
f 10386 10383 10384
f 10389 10388 10394
f 10397 10388 10391
f 10393 10391 10388
f 10402 10397 10391
f 10397 10395 10394
f 10390 10389 10394
f 10396 10395 10397
f 10397 10394 10388
f 10398 10397 10406
f 10399 10391 10392
f 10400 10391 10399
f 10400 10402 10391
f 10400 10401 10402
f 10402 10408 10397
f 10408 10402 10403
f 10406 10397 10405
f 10408 10405 10397
f 10405 10408 10404
f 10407 10404 10408
f 9697 10394 10395
f 10396 9700 10395
f 10394 9692 10390
f 10397 9707 10396
f 10406 9715 10398
f 10398 9711 10397
f 9726 10405 10404
f 9733 10404 10407
f 10403 9743 10408
f 10407 10408 9734
f 10405 9723 10406
f 10390 9692 9691
f 10394 9694 9692
f 9695 10394 9697
f 10394 9695 9694
f 10395 9700 9698
f 9698 9697 10395
f 9700 10396 9701
f 9704 9701 10396
f 9715 9714 10398
f 9704 10396 9705
f 10396 9707 9705
f 9711 10398 9712
f 10398 9714 9712
f 9708 9707 10397
f 9708 10397 9711
f 9719 9715 10406
f 9722 9720 10406
f 9723 9722 10406
f 10405 9726 9723
f 10404 9727 9726
f 9727 10404 9729
f 9730 9729 10404
f 10404 9733 9730
f 9736 9734 10408
f 9733 10407 9734
f 10408 9741 9740
f 9737 10408 9740
f 9743 9741 10408
f 9737 9736 10408
f 10403 9744 9743
f 10406 9720 9719
f 10403 9753 9744
f 9766 10401 10400
f 9758 10403 10402
f 9763 10402 10401
f 10400 10399 9777
f 9785 10399 10392
f 9788 10392 10391
f 9791 10391 10393
f 10388 9799 10393
f 9806 10388 10389
f 9810 10389 10390
f 10403 9756 9753
f 10403 9758 9756
f 9759 10402 9762
f 10402 9759 9758
f 10400 9770 9766
f 9777 10399 9778
f 10401 9765 9763
f 10401 9766 9765
f 9763 9762 10402
f 10400 9777 9774
f 9770 10400 9771
f 9773 10400 9774
f 9780 9778 10399
f 10400 9773 9771
f 9781 9780 10399
f 9781 10399 9785
f 9788 10391 9789
f 9791 9789 10391
f 9786 10392 9788
f 9791 10393 9792
f 10393 9799 9795
f 10393 9794 9792
f 10393 9795 9794
f 9800 9799 10388
f 9800 10388 9802
f 9803 10388 9806
f 9810 9809 10389
f 10389 9807 9806
f 10388 9803 9802
f 10389 9809 9807
f 9785 10392 9786
f 10390 9691 9810
f 10409 10410 10411
f 10412 10413 10414
f 10410 10412 10414
f 10415 10416 10417
f 10418 10419 10420
f 10416 10418 10420
f 10413 10415 10421
f 10422 10423 10424
f 10425 10426 10427
f 10423 10425 10428
f 10429 10430 10431
f 10432 10433 10434
f 10430 10432 10431
f 10426 10429 10435
f 10419 10422 10436
f 10437 10438 10439
f 10440 10441 10442
f 10438 10440 10443
f 10444 10445 10446
f 10447 10448 10449
f 10445 10447 10446
f 10441 10444 10450
f 10451 10452 10453
f 10454 10455 10456
f 10452 10454 10457
f 10458 10459 10460
f 10461 10462 10463
f 10459 10461 10460
f 10455 10458 10464
f 10448 10451 10465
f 10433 10437 10439
f 10466 10411 10410
f 10421 10414 10413
f 10466 10410 10414
f 10661 10417 10416
f 10436 10420 10419
f 10661 10416 10420
f 10421 10415 10417
f 10428 10424 10423
f 10467 10427 10426
f 10428 10425 10427
f 10431 10435 10429
f 10685 10434 10433
f 10431 10432 10434
f 10467 10426 10435
f 10436 10422 10424
f 10443 10439 10438
f 10450 10442 10441
f 10443 10440 10442
f 10446 10468 10444
f 10469 10449 10448
f 10446 10447 10449
f 10450 10444 10468
f 10453 10465 10451
f 10456 10457 10454
f 10453 10452 10457
f 10460 10464 10458
f 10470 10463 10462
f 10460 10461 10463
f 10456 10455 10464
f 10469 10448 10465
f 10685 10433 10439
f 10471 10472 10462
f 10409 10411 10473
f 10471 10474 10475
f 10476 10477 10478
f 10474 10476 10479
f 10480 10481 10482
f 10483 10484 10485
f 10481 10483 10486
f 10477 10480 10487
f 10488 10489 10490
f 10491 10492 10493
f 10489 10491 10494
f 10495 10496 10497
f 10498 10499 10500
f 10496 10498 10501
f 10492 10495 10493
f 10484 10488 10502
f 10503 10504 10505
f 10506 10507 10508
f 10504 10506 10505
f 10509 10510 10511
f 10512 10513 10514
f 10510 10512 10515
f 10507 10509 10516
f 10517 10518 10519
f 10520 10521 10522
f 10518 10520 10523
f 10524 10525 10526
f 10527 10528 10529
f 10525 10527 10529
f 10521 10524 10522
f 10513 10517 10519
f 10499 10503 10530
f 10475 10472 10471
f 10478 10479 10476
f 10475 10474 10479
f 10482 10487 10480
f 10485 10486 10483
f 10482 10481 10486
f 10478 10477 10487
f 10490 10502 10488
f 10493 10494 10491
f 10490 10489 10494
f 10531 10497 10496
f 10500 10501 10498
f 10531 10496 10501
f 10493 10495 10497
f 10485 10484 10502
f 10505 10530 10503
f 10532 10508 10507
f 10505 10506 10508
f 10511 10516 10509
f 10514 10515 10512
f 10511 10510 10515
f 10532 10507 10516
f 10523 10519 10518
f 10522 10533 10520
f 10523 10520 10533
f 10739 10526 10525
f 10473 10529 10528
f 10739 10525 10529
f 10522 10524 10526
f 10514 10513 10519
f 10500 10499 10530
f 10528 10409 10473
f 10472 10470 10462
f 10535 10534 10538
f 10534 10535 10537
f 10538 10534 10539
f 10539 10540 10538
f 10540 10539 10541
f 10536 10543 10537
f 10545 10543 10536
f 10545 10544 10543
f 10546 10547 10543
f 10542 10546 10543
f 10543 10548 10549
f 10549 10565 10543
f 10543 10547 10548
f 10542 10543 10544
f 10539 10551 10552
f 10553 10554 10551
f 10551 10555 10553
f 10555 10551 10558
f 10558 10551 10556
f 10539 10552 10559
f 10559 10560 10539
f 10551 10550 10561
f 10562 10563 10551
f 10562 10551 10561
f 10563 10552 10551
f 10551 10554 10550
f 10560 10541 10539
f 10569 10567 10565
f 10565 10564 10569
f 10570 10566 10565
f 10564 10565 10571
f 10565 10566 10571
f 10568 10572 10574
f 10573 10574 10572
f 10574 10573 10576
f 10574 10576 10575
f 10575 10576 10577
f 10570 10565 10578
f 10580 10577 10579
f 10582 10583 10581
f 10580 10581 10577
f 10577 10581 10583
f 10583 10586 10584
f 10587 10583 10584
f 10584 10588 10587
f 10585 10586 10583
f 10589 10591 10587
f 10589 10590 10591
f 10589 10587 10588
f 10582 10585 10583
f 10579 10577 10576
f 10565 10549 10578
f 10593 10557 10592
f 10594 10595 10593
f 10596 10597 10594
f 10593 10592 10594
f 10594 10600 10599
f 10599 10598 10594
f 10601 10596 10594
f 10597 10600 10594
f 10594 10598 10595
f 10606 10594 10610
f 10601 10594 10602
f 10603 10602 10594
f 10604 10594 10605
f 10605 10594 10606
f 10603 10594 10604
f 10608 10606 10610
f 10610 10609 10608
f 10609 10610 10612
f 10611 10612 10610
f 10613 10612 10611
f 10612 10613 10614
f 10616 10614 10615
f 10614 10613 10615
f 10617 10991 10618
f 10617 10619 10991
f 10615 10620 10616
f 10619 10620 10615
f 10618 10991 10627
f 10618 10627 10607
f 10628 10622 10623
f 10624 10621 10628
f 10628 10623 10624
f 10625 10628 10621
f 10883 10628 10626
f 10629 10883 10626
f 10591 10590 10631
f 10631 10635 10591
f 10635 10631 10630
f 10630 10632 10635
f 10633 10634 10635
f 10636 10628 10634
f 10635 10634 10628
f 10622 10628 10636
f 10633 10635 10632
f 10640 10638 10637
f 10639 10627 10637
f 10641 10638 10640
f 10642 10643 10641
f 10641 10640 10642
f 10644 10645 10883
f 10645 10644 10646
f 10644 10883 10629
f 10642 10647 10643
f 10875 10647 10642
f 10648 10875 10646
f 10875 10648 10647
f 10637 10627 10640
f 10659 10651 10655
f 10649 10655 10651
f 10651 10653 10650
f 10660 10652 10650
f 10663 10653 10651
f 10664 10666 10657
f 10651 10659 10663
f 10657 10654 10656
f 10654 10652 10661
f 10660 10650 10653
f 10661 10652 10660
f 10669 10654 10661
f 10657 10662 10664
f 10658 10666 10667
f 10658 10667 10665
f 10662 10656 10664
f 10682 10665 10667
f 10656 10666 10664
f 10662 10657 10656
f 10669 10656 10654
f 10665 10668 10658
f 10682 10689 10668
f 10672 10671 10673
f 10670 10668 10689
f 10679 10677 10680
f 10671 10670 10681
f 10671 10681 10673
f 10672 10673 10684
f 10673 10681 10690
f 10689 10681 10670
f 10672 10683 10674
f 10685 10689 10682
f 10675 10674 10676
f 10675 10676 10677
f 10677 10676 10692
f 10676 10674 10469
f 10677 10678 10680
f 10680 10678 10686
f 10679 10687 10696
f 10682 10668 10665
f 10660 10653 10663
f 10421 10660 10663
f 10466 10663 10659
f 10428 10656 10669
f 10436 10669 10661
f 10467 10667 10656
f 10667 10666 10656
f 10681 10688 10690
f 10688 10681 10689
f 10439 10689 10685
f 10467 10682 10667
f 10466 10659 10411
f 10421 10663 10414
f 10417 10660 10421
f 10466 10414 10663
f 10424 10669 10436
f 10428 10669 10424
f 10420 10436 10661
f 10417 10661 10660
f 10467 10656 10427
f 10431 10682 10435
f 10682 10467 10435
f 10442 10690 10688
f 10427 10656 10428
f 10434 10682 10431
f 10443 10689 10439
f 10434 10685 10682
f 10688 10443 10442
f 10689 10443 10688
f 10674 10683 10691
f 10674 10691 10469
f 10683 10672 10684
f 10691 10683 10684
f 10468 10691 10690
f 10684 10690 10691
f 10449 10469 10691
f 10678 10677 10692
f 10453 10692 10469
f 10692 10676 10469
f 10686 10678 10693
f 10442 10450 10690
f 10468 10446 10691
f 10690 10450 10468
f 10446 10449 10691
f 10453 10469 10465
f 10457 10692 10453
f 10464 10693 10692
f 10678 10692 10693
f 10686 10693 10470
f 10692 10456 10464
f 10693 10460 10463
f 10693 10463 10470
f 10460 10693 10464
f 10692 10457 10456
f 10686 10470 10694
f 10684 10673 10690
f 10680 10694 10687
f 10659 10655 10695
f 10696 10687 10697
f 10709 10698 10697
f 10775 10697 10698
f 10679 10680 10687
f 10701 10699 10698
f 10705 10697 10694
f 10697 10687 10694
f 10701 10698 10707
f 10705 10709 10697
f 10706 10698 10709
f 10707 10698 10708
f 10701 10707 10715
f 10706 10708 10698
f 10711 10702 10700
f 10703 10712 10704
f 10710 10704 10712
f 10714 10703 10702
f 10703 10714 10712
f 10713 10710 10712
f 10714 10702 10711
f 10700 10701 10715
f 10716 10704 10733
f 10680 10686 10694
f 10722 10717 10733
f 10716 10733 10717
f 10717 10722 10718
f 10724 10719 10723
f 10727 10725 10726
f 10719 10721 10734
f 10721 10767 10717
f 10730 10722 10733
f 10719 10720 10723
f 10729 10735 10719
f 10720 10719 10735
f 10730 10718 10722
f 10724 10723 10725
f 10725 10723 10737
f 10727 10726 10728
f 10728 10726 10732
f 10655 10728 10695
f 10704 10710 10733
f 10475 10705 10470
f 10705 10694 10470
f 10478 10709 10705
f 10487 10706 10709
f 10486 10707 10708
f 10711 10700 10715
f 10490 10711 10715
f 10485 10715 10707
f 10482 10708 10706
f 10493 10712 10714
f 10717 10718 10721
f 10734 10721 10718
f 10497 10733 10713
f 10733 10710 10713
f 10530 10734 10730
f 10501 10730 10733
f 10493 10713 10712
f 10734 10718 10730
f 10494 10714 10711
f 10475 10470 10472
f 10478 10705 10479
f 10487 10709 10478
f 10475 10479 10705
f 10486 10708 10482
f 10502 10715 10485
f 10490 10715 10502
f 10486 10485 10707
f 10487 10482 10706
f 10493 10714 10494
f 10531 10733 10497
f 10713 10493 10497
f 10494 10711 10490
f 10501 10733 10531
f 10530 10730 10500
f 10505 10734 10530
f 10501 10500 10730
f 10734 10505 10508
f 10734 10735 10729
f 10723 10720 10736
f 10723 10736 10737
f 10736 10720 10735
f 10514 10737 10736
f 10511 10736 10735
f 10735 10734 10532
f 10725 10731 10738
f 10726 10725 10738
f 10738 10533 10726
f 10523 10738 10737
f 10738 10731 10737
f 10728 10732 10695
f 10732 10726 10739
f 10695 10732 10659
f 10731 10725 10737
f 10508 10532 10734
f 10516 10511 10735
f 10735 10532 10516
f 10511 10515 10736
f 10514 10736 10515
f 10523 10737 10519
f 10533 10738 10523
f 10514 10519 10737
f 10526 10739 10533
f 10726 10533 10739
f 10732 10739 10659
f 10473 10659 10739
f 10533 10522 10526
f 10739 10529 10473
f 10473 10411 10659
f 10729 10719 10734
f 10740 10727 10741
f 10741 10727 10742
f 10725 10743 10744
f 10740 10745 10727
f 10743 10727 10745
f 10744 10746 10724
f 10655 10747 10748
f 10747 10649 10651
f 10655 10649 10747
f 10748 10749 10655
f 10727 10749 10742
f 10728 10655 10749
f 10727 10728 10749
f 10719 10750 10752
f 10750 10724 10751
f 10753 10754 10721
f 10721 10719 10753
f 10754 10767 10721
f 10753 10719 10752
f 10727 10743 10725
f 10725 10744 10724
f 10719 10724 10750
f 10724 10746 10751
f 10800 10651 10755
f 10651 10800 10747
f 10651 10650 10755
f 10755 10652 10756
f 10650 10652 10755
f 10756 10652 10654
f 10757 10654 10758
f 10758 10657 10759
f 10757 10756 10654
f 10760 10761 10666
f 10759 10657 10761
f 10657 10758 10654
f 10666 10761 10657
f 10658 10763 10760
f 10658 10760 10666
f 10668 10670 10762
f 10658 10668 10763
f 10764 10763 10668
f 10762 10764 10668
f 10765 10766 10671
f 10671 10766 10762
f 10762 10670 10671
f 10767 10768 10717
f 10768 10769 10717
f 10703 10769 10770
f 10716 10717 10769
f 10703 10704 10769
f 10716 10769 10704
f 10770 10700 10702
f 10701 10700 10772
f 10702 10703 10770
f 10701 10772 10771
f 10772 10700 10770
f 10773 10774 10701
f 10774 10699 10701
f 10701 10771 10773
f 10698 10774 10775
f 10699 10774 10698
f 10776 10696 10697
f 10777 10696 10776
f 10776 10697 10775
f 10672 10674 10779
f 10675 10779 10674
f 10780 10675 10677
f 10778 10675 10781
f 10671 10672 10782
f 10672 10779 10782
f 10671 10782 10765
f 10783 10779 10675
f 10675 10778 10783
f 10696 10777 10784
f 10786 10679 10784
f 10784 10679 10696
f 10785 10679 10786
f 10787 10780 10677
f 10781 10675 10780
f 10788 10677 10679
f 10677 10788 10787
f 10679 10785 10788
f 10790 10791 10788
f 10789 10790 10788
f 10793 10794 10782
f 10792 10793 10783
f 10791 10792 10780
f 10796 10797 10760
f 10795 10796 10764
f 10799 10800 10755
f 10798 10799 10756
f 10797 10798 10761
f 10794 10795 10765
f 10784 10777 10789
f 10785 10786 10789
f 10784 10789 10786
f 10788 10791 10787
f 10785 10789 10788
f 10781 10780 10792
f 10778 10792 10783
f 10781 10792 10778
f 10779 10793 10782
f 10793 10779 10783
f 10787 10791 10780
f 10766 10765 10795
f 10796 10763 10764
f 10764 10762 10795
f 10759 10761 10798
f 10798 10757 10758
f 10757 10798 10756
f 10759 10798 10758
f 10760 10797 10761
f 10766 10795 10762
f 10796 10760 10763
f 10756 10799 10755
f 10782 10794 10765
f 10801 10747 10800
f 10801 10802 10741
f 10804 10805 10752
f 10803 10804 10752
f 10802 10803 10744
f 10806 10919 10769
f 10805 10806 10769
f 10914 10807 10770
f 10919 10914 10769
f 10809 10907 10775
f 10907 10810 10775
f 10808 10809 10775
f 10807 10808 10772
f 10748 10747 10801
f 10742 10749 10801
f 10748 10801 10749
f 10740 10741 10802
f 10802 10743 10745
f 10743 10802 10744
f 10740 10802 10745
f 10742 10801 10741
f 10751 10746 10803
f 10803 10750 10751
f 10753 10752 10805
f 10805 10754 10753
f 10803 10752 10750
f 10744 10803 10746
f 10768 10767 10805
f 10768 10805 10769
f 10770 10769 10914
f 10772 10770 10807
f 10771 10772 10808
f 10773 10771 10808
f 10774 10773 10808
f 10776 10775 10810
f 10810 10777 10776
f 10808 10775 10774
f 10754 10805 10767
f 10810 10789 10777
f 10801 10800 10811
f 10799 10811 10800
f 10813 10812 10811
f 10799 10814 10813
f 10814 10799 10798
f 10813 10811 10799
f 10812 10813 10824
f 10812 10816 10811
f 10823 10798 10797
f 10797 10796 10817
f 10796 10795 10818
f 10814 10820 10813
f 10819 10820 10798
f 10821 10823 10797
f 10819 10798 10823
f 10834 10817 10796
f 10822 10796 10818
f 10821 10797 10817
f 10798 10820 10814
f 10815 10824 10813
f 10815 10813 10820
f 10824 10815 10826
f 10815 10825 10826
f 10826 10827 10824
f 10826 10825 10830
f 10827 10826 10830
f 10819 10829 10820
f 10824 10827 10831
f 10819 10823 10829
f 10821 10829 10823
f 10829 10815 10820
f 10817 10833 10821
f 10833 10829 10821
f 10822 10834 10796
f 10833 10832 10829
f 10829 10832 10835
f 10836 10832 10834
f 10834 10837 10838
f 10832 10833 10834
f 10833 10817 10834
f 10829 10825 10815
f 10825 10829 10828
f 10840 10812 10824
f 10841 10795 10853
f 10794 10853 10795
f 10792 10842 10793
f 10822 10841 10837
f 10818 10841 10822
f 10857 10853 10794
f 10843 10794 10793
f 10845 10842 10792
f 10843 10793 10842
f 10792 10844 10845
f 10841 10818 10795
f 10791 10846 10792
f 10848 10790 10789
f 10846 10844 10792
f 10846 10791 10847
f 10845 10844 10846
f 10851 10848 10789
f 10849 10851 10789
f 10864 10790 10848
f 10847 10791 10790
f 10789 10850 10849
f 10852 10841 10853
f 10843 10857 10794
f 10854 10843 10842
f 10861 10842 10845
f 10837 10841 10852
f 10856 10852 10853
f 10854 10858 10843
f 10861 10854 10842
f 10857 10843 10858
f 10856 10853 10857
f 10838 10836 10834
f 10845 10846 10866
f 10864 10847 10790
f 10848 10851 10859
f 10864 10848 10897
f 10846 10847 10860
f 10862 10863 10845
f 10865 10866 10846
f 10862 10845 10866
f 10864 10860 10847
f 10868 10897 10848
f 10859 10868 10848
f 10865 10860 10864
f 10865 10846 10860
f 10850 10867 10851
f 10863 10861 10845
f 10837 10834 10822
f 10825 10828 10830
f 10830 10828 10870
f 10827 10830 10869
f 10869 10830 10871
f 10871 10830 10870
f 10871 10870 10875
f 10872 10869 10871
f 10872 10871 10876
f 10877 10869 10872
f 10832 10839 10835
f 10835 10839 10878
f 10836 10838 10855
f 10836 10855 10879
f 10836 10839 10832
f 10828 10829 10835
f 10839 10836 10880
f 10835 10878 10881
f 10880 10836 10879
f 10880 10878 10839
f 10856 10887 10837
f 10835 10870 10828
f 10870 10835 10883
f 10872 10873 10884
f 10884 10873 10640
f 10875 10874 10646
f 10875 10870 10874
f 10871 10875 10876
f 10872 10876 10873
f 10873 10876 10642
f 10640 10627 10884
f 10645 10646 10874
f 10642 10876 10875
f 10640 10873 10642
f 10883 10835 10881
f 10881 10880 10628
f 10881 10878 10880
f 10894 10855 10838
f 10880 10882 10635
f 10882 10880 10879
f 10882 10879 10635
f 10874 10870 10883
f 10881 10628 10883
f 10635 10628 10880
f 10635 10879 10591
f 10879 10894 10591
f 10855 10894 10879
f 10883 10645 10874
f 10887 10885 10838
f 10872 10884 10886
f 10857 10887 10856
f 10894 10838 10885
f 10858 10887 10857
f 10861 10888 10858
f 10858 10854 10861
f 10890 10885 10887
f 10863 10892 10888
f 10890 10887 10888
f 10887 10858 10888
f 10885 10890 10893
f 10862 10895 10863
f 10866 10895 10862
f 10863 10888 10861
f 10896 10866 10865
f 10899 10865 10864
f 10899 10864 10897
f 10892 10863 10895
f 10898 10895 10896
f 10896 10865 10899
f 10895 10866 10896
f 10892 10890 10888
f 10890 10892 10891
f 10885 10889 10894
f 10894 10889 10587
f 10891 10892 10574
f 10890 10891 10893
f 10893 10891 10577
f 10885 10893 10889
f 10889 10893 10583
f 10587 10591 10894
f 10583 10587 10889
f 10577 10583 10893
f 10574 10575 10891
f 10577 10891 10575
f 10901 10574 10892
f 10895 10898 10568
f 10568 10901 10895
f 10896 10902 10900
f 10899 10903 10896
f 10900 10568 10898
f 10898 10896 10900
f 10568 10900 10567
f 10901 10568 10574
f 10902 10565 10900
f 10565 10567 10900
f 10903 10904 10565
f 10904 10903 10899
f 10905 10565 10904
f 10565 10902 10903
f 10902 10896 10903
f 10867 10905 10899
f 10901 10892 10895
f 10838 10837 10887
f 10837 10852 10856
f 10869 10906 10827
f 10789 10810 10850
f 10908 10809 10808
f 10810 10907 10850
f 10850 10907 10909
f 10809 10909 10907
f 10850 10909 10911
f 10912 10909 10908
f 10909 10809 10908
f 10850 10851 10849
f 10917 10808 10807
f 10914 10918 10807
f 10908 10913 10912
f 10915 10913 10808
f 10915 10808 10917
f 10916 10913 10915
f 10920 10914 10919
f 10917 10807 10918
f 10808 10913 10908
f 10867 10911 10923
f 10867 10850 10911
f 10909 10910 10911
f 10916 10912 10913
f 10912 10910 10909
f 10910 10912 10924
f 10867 10923 10958
f 10911 10910 10923
f 10912 10925 10924
f 10925 10912 10926
f 10924 10925 10927
f 10912 10916 10926
f 10910 10924 10927
f 10915 10926 10916
f 10867 10868 10859
f 10915 10922 10926
f 10922 10915 10917
f 10917 10929 10922
f 10921 10930 10917
f 10921 10917 10918
f 10918 10931 10921
f 10930 10929 10917
f 10920 10918 10914
f 10931 10918 10920
f 10929 10926 10922
f 10926 10929 10928
f 10930 10928 10929
f 10926 10928 10932
f 10930 10921 10931
f 10928 10930 10935
f 10867 10859 10851
f 10806 10805 10946
f 10948 10919 10806
f 10937 10804 10803
f 10805 10804 10939
f 10938 10946 10805
f 10920 10948 10934
f 10919 10948 10920
f 10940 10937 10803
f 10939 10804 10937
f 10938 10805 10939
f 10802 10945 10803
f 10943 10802 10801
f 10951 10941 10803
f 10942 10945 10802
f 10951 10803 10945
f 10940 10941 10951
f 10943 10944 10802
f 10840 10943 10801
f 10816 10840 10801
f 10942 10802 10944
f 10811 10816 10801
f 10803 10941 10940
f 10949 10806 10946
f 10950 10938 10939
f 10947 10939 10937
f 10952 10937 10940
f 10949 10948 10806
f 10950 10946 10938
f 10947 10950 10939
f 10952 10947 10937
f 10977 10946 10950
f 10934 10930 10931
f 10951 10945 10955
f 10942 10944 10956
f 10943 10840 10831
f 10944 10943 10877
f 10945 10942 10956
f 10953 10954 10940
f 10953 10940 10951
f 10906 10877 10943
f 10831 10906 10943
f 10956 10944 10877
f 10955 10945 10956
f 10957 10951 10955
f 10831 10840 10824
f 10954 10952 10940
f 10816 10812 10840
f 10934 10931 10920
f 10930 10934 10933
f 10958 10923 10959
f 10925 10926 10936
f 10925 10936 10960
f 10927 10925 10960
f 10910 10927 10923
f 10923 10927 10961
f 10867 10958 10962
f 10961 10927 10960
f 10961 10960 10966
f 10959 10923 10961
f 10867 10899 10897
f 10928 10935 10932
f 10932 10935 10967
f 10934 10968 10933
f 10933 10935 10930
f 10936 10926 10932
f 10935 10933 10970
f 10932 10967 10975
f 10970 10933 10969
f 10970 10967 10935
f 10967 10970 10973
f 10949 10974 10948
f 10932 10960 10936
f 10934 10948 10968
f 10960 10932 10975
f 10905 10962 10543
f 10905 10867 10962
f 10958 10963 10543
f 10958 10959 10963
f 10962 10958 10543
f 10961 10964 10537
f 10966 10960 10965
f 10966 10965 10539
f 10961 10966 10964
f 10964 10966 10534
f 10959 10961 10963
f 10963 10961 10543
f 10905 10543 10565
f 10961 10537 10543
f 10539 10534 10966
f 10534 10537 10964
f 10972 10971 10551
f 10972 10967 10971
f 10967 10972 10975
f 10975 10972 10539
f 10985 10933 10968
f 10973 10969 10551
f 10973 10970 10969
f 10985 10976 10933
f 10973 10971 10967
f 10965 10960 10975
f 10971 10973 10551
f 10539 10972 10551
f 10551 10969 10556
f 10556 10969 10557
f 10969 10976 10592
f 10933 10976 10969
f 10975 10539 10965
f 10905 10904 10899
f 10949 10977 10974
f 10977 10949 10946
f 10985 10968 10974
f 10952 10979 10950
f 10978 10977 10950
f 10950 10947 10952
f 10974 10977 10981
f 10978 10981 10977
f 10954 10983 10979
f 10978 10950 10979
f 10981 10978 10984
f 10953 10986 10954
f 10953 10951 10957
f 10954 10979 10952
f 10987 10957 10955
f 10989 10955 10956
f 10886 10956 10877
f 10957 10986 10953
f 10986 10957 10983
f 10983 10954 10986
f 10988 10957 10987
f 10886 10989 10956
f 10987 10955 10989
f 10906 10869 10877
f 10983 10978 10979
f 10978 10983 10982
f 10976 10985 10594
f 10981 10980 10594
f 10974 10981 10985
f 10985 10981 10594
f 10978 10982 10984
f 10984 10982 10610
f 10981 10984 10980
f 10980 10984 10594
f 10592 10976 10594
f 10984 10610 10594
f 10610 10982 10611
f 10982 10990 10611
f 10592 10557 10969
f 10957 10988 10990
f 10990 10982 10983
f 10987 10991 10990
f 10989 10992 10987
f 10884 10989 10886
f 10988 10987 10990
f 10990 10615 10613
f 10991 10619 10990
f 10619 10615 10990
f 10992 10884 10991
f 10884 10992 10989
f 10884 10627 10991
f 10991 10987 10992
f 10990 10613 10611
f 10990 10983 10957
f 10886 10877 10872
f 10968 10948 10974
f 10827 10906 10831
f 10867 10897 10868
f 10994 10599 10993
f 10996 10995 10553
f 10997 10996 10558
f 10994 10998 10599
f 10600 10993 10599
f 10996 10555 10558
f 10555 10996 10553
f 10999 10998 10994
f 10593 11000 10997
f 10593 10999 11000
f 10997 10557 10593
f 10557 10997 10556
f 10999 10593 10595
f 10999 10595 10598
f 10598 10998 10999
f 10558 10556 10997
f 11001 10550 11002
f 11003 10561 11001
f 11004 10561 11003
f 10552 11004 11005
f 10550 11006 11002
f 10550 11001 10561
f 10562 10561 11004
f 10552 10563 11004
f 10562 11004 10563
f 11005 11008 10552
f 11002 11006 11007
f 11009 10559 11008
f 10995 11007 10554
f 10559 10552 11008
f 10560 10559 11009
f 10541 10560 11009
f 10554 10553 10995
f 11007 11006 10554
f 10542 11011 11010
f 10536 11012 11011
f 10545 11011 10544
f 10542 10544 11011
f 11011 10545 10536
f 10537 11012 10536
f 10535 11014 11012
f 11014 10535 11013
f 10541 11009 11015
f 11016 10540 11015
f 10538 11016 11013
f 10535 11012 10537
f 11015 10540 10541
f 10540 11016 10538
f 10538 11013 10535
f 10570 11017 11018
f 11019 10570 11018
f 11020 10570 11019
f 10566 11020 11030
f 11017 10570 10578
f 11020 10566 10570
f 11022 10548 11010
f 11021 11017 10549
f 10549 11022 11021
f 10547 10546 11010
f 10542 11010 10546
f 10549 10548 11022
f 10547 11010 10548
f 11017 10578 10549
f 10576 11023 11035
f 10576 11024 11025
f 10576 11025 11023
f 10572 11027 11028
f 10573 11028 11026
f 10576 11026 11024
f 11026 10576 10573
f 10572 11028 10573
f 10568 11029 11027
f 11031 10571 11030
f 10564 11031 11029
f 10568 11027 10572
f 11029 10568 10567
f 11029 10569 10564
f 11031 10564 10571
f 11030 10571 10566
f 10569 11029 10567
f 11032 11033 11034
f 10586 11034 11048
f 10579 11035 11036
f 10586 11032 11034
f 10586 11048 10584
f 10580 10579 11036
f 10576 11035 10579
f 11033 11032 10585
f 11037 11038 10581
f 11037 10581 11036
f 11039 11040 10582
f 11039 10582 11038
f 10585 10582 11040
f 10581 11038 10582
f 11040 11033 10585
f 11036 10581 10580
f 11041 11043 11042
f 10630 11045 11044
f 10630 11044 11043
f 11043 11041 10633
f 11043 10632 10630
f 10632 11043 10633
f 11045 10631 10590
f 10631 11045 10630
f 10590 10589 11045
f 10634 11041 11042
f 10589 11046 11047
f 11048 11046 10584
f 11046 10589 10588
f 11049 10636 10634
f 10584 11046 10588
f 10634 11042 11049
f 11045 10589 11047
f 11050 10623 11051
f 11052 10621 11050
f 11053 10621 11052
f 10625 11053 11054
f 10623 11055 11051
f 10621 10624 11050
f 10623 11050 10624
f 10625 10621 11053
f 10628 10625 11054
f 11054 11057 10628
f 11051 11055 11056
f 11058 10626 11057
f 11049 11056 10622
f 10629 11058 11059
f 10626 10628 11057
f 10622 10636 11049
f 10629 11059 10644
f 10626 11058 10629
f 11056 11055 10622
f 10638 11060 11068
f 10641 11061 11060
f 10641 11060 10638
f 10643 11061 10641
f 10647 11061 10643
f 10648 11063 11061
f 11063 10646 11062
f 11064 10644 11059
f 10646 11064 11062
f 11063 10648 10646
f 10648 11061 10647
f 10644 11064 10646
f 10607 11065 11066
f 11067 10618 11066
f 10617 11067 11078
f 10607 11066 10618
f 10618 11067 10617
f 10637 11068 11071
f 11069 11070 10627
f 10639 11071 11069
f 10627 11070 11065
f 10638 11068 10637
f 10627 10639 11069
f 10637 11071 10639
f 11065 10607 10627
f 10609 11073 11072
f 10614 11075 11076
f 10612 11076 11074
f 10612 11074 11073
f 10609 10612 11073
f 10614 11076 10612
f 11075 10620 11077
f 10619 11079 11080
f 11079 10617 11078
f 10620 11080 11077
f 10616 11075 10614
f 11075 10616 10620
f 11079 10619 10617
f 10619 11080 10620
f 11081 11082 11083
f 10597 11083 10993
f 10608 11084 11085
f 11084 10608 11072
f 10597 11081 11083
f 10597 10993 10600
f 10606 10608 11085
f 10609 11072 10608
f 11082 11081 10596
f 11086 11087 10606
f 11086 10606 11085
f 11088 11089 10601
f 11088 10601 11087
f 10604 10605 11087
f 10606 11087 10605
f 10602 10603 11087
f 10596 10601 11089
f 10602 11087 10601
f 10604 11087 10603
f 11089 11082 10596
f 11070 11090 11065
f 11091 11090 11069
f 11090 11070 11069
f 11071 11091 11069
f 11092 11093 11054
f 11053 11092 11054
f 11093 11057 11054
f 11093 11091 11063
f 11071 11068 11091
f 11093 11062 11058
f 11058 11057 11093
f 11052 11050 11094
f 11050 11051 11094
f 11052 11092 11053
f 11052 11094 11092
f 11094 11039 11095
f 11037 11095 11038
f 11038 11095 11039
f 11097 11018 11098
f 11098 11018 11017
f 11036 11096 11037
f 11097 11019 11018
f 11095 11037 11096
f 11097 11020 11019
f 11094 11046 11034
f 11094 11056 11043
f 11033 11094 11034
f 11094 11033 11040
f 11039 11094 11040
f 11035 11096 11036
f 11028 11097 11096
f 11020 11097 11030
f 11031 11030 11097
f 11051 11056 11094
f 11068 11060 11091
f 11042 11056 11049
f 11056 11042 11043
f 11058 11064 11059
f 11091 11060 11061
f 11063 11091 11061
f 11044 11094 11043
f 11062 11093 11063
f 11064 11058 11062
f 11094 11044 11045
f 11046 11048 11034
f 11025 11024 11035
f 11025 11035 11023
f 11026 11035 11024
f 11097 11029 11031
f 11026 11096 11035
f 11045 11047 11094
f 11046 11094 11047
f 11027 11097 11028
f 11028 11096 11026
f 11027 11029 11097
f 11099 11098 11021
f 11098 11017 11021
f 11022 11099 11021
f 11100 11101 11005
f 11004 11100 11005
f 11101 11008 11005
f 11101 11099 11014
f 11010 11099 11022
f 11101 11013 11009
f 11009 11008 11101
f 11003 11001 11102
f 11001 11002 11102
f 11003 11100 11004
f 11003 11102 11100
f 11102 11088 11103
f 11086 11103 11087
f 11087 11103 11088
f 11105 11066 11090
f 11090 11066 11065
f 11085 11104 11086
f 11105 11067 11066
f 11103 11086 11104
f 11102 10999 11083
f 11102 11007 10996
f 11082 11102 11083
f 11102 11082 11089
f 11088 11102 11089
f 11084 11104 11085
f 11076 11105 11104
f 11067 11105 11078
f 11079 11078 11105
f 11002 11007 11102
f 11010 11011 11099
f 11016 11009 11013
f 11015 11009 11016
f 10996 11007 10995
f 11099 11011 11012
f 11014 11099 11012
f 10996 10997 11102
f 11013 11101 11014
f 11083 10999 10994
f 10994 10993 11083
f 11073 11084 11072
f 11074 11084 11073
f 11105 11080 11079
f 11080 11105 11077
f 10999 11102 11000
f 11084 11074 11104
f 11075 11105 11076
f 11105 11075 11077
f 11076 11104 11074
f 11102 10997 11000
f 11105 11090 11091
f 11099 11104 11105
f 11091 11098 11105
f 11096 11093 11094
f 11093 11092 11094
f 11091 11093 11096
f 11103 11104 11102
f 11101 11100 11102
f 11101 11104 11099
f 11105 11098 11099
f 11096 11094 11095
f 11097 11091 11096
f 11091 11097 11098
f 11104 11101 11102
f 11107 11106 11112
f 11115 11106 11109
f 11111 11109 11106
f 11120 11115 11109
f 11115 11113 11112
f 11108 11107 11112
f 11114 11113 11115
f 11115 11112 11106
f 11116 11115 11124
f 11117 11109 11110
f 11118 11109 11117
f 11118 11120 11109
f 11118 11119 11120
f 11120 11126 11115
f 11126 11120 11121
f 11124 11115 11123
f 11126 11123 11115
f 11123 11126 11122
f 11125 11122 11126
f 10415 11112 11113
f 11114 10418 11113
f 11112 10410 11108
f 11115 10425 11114
f 11124 10433 11116
f 11116 10429 11115
f 10444 11123 11122
f 10451 11122 11125
f 11121 10461 11126
f 11125 11126 10452
f 11123 10441 11124
f 11108 10410 10409
f 11112 10412 10410
f 10413 11112 10415
f 11112 10413 10412
f 11113 10418 10416
f 10416 10415 11113
f 10418 11114 10419
f 10422 10419 11114
f 10433 10432 11116
f 10422 11114 10423
f 11114 10425 10423
f 10429 11116 10430
f 11116 10432 10430
f 10426 10425 11115
f 10426 11115 10429
f 10437 10433 11124
f 10440 10438 11124
f 10441 10440 11124
f 11123 10444 10441
f 11122 10445 10444
f 10445 11122 10447
f 10448 10447 11122
f 11122 10451 10448
f 10454 10452 11126
f 10451 11125 10452
f 11126 10459 10458
f 10455 11126 10458
f 10461 10459 11126
f 10455 10454 11126
f 11121 10462 10461
f 11124 10438 10437
f 11121 10471 10462
f 10484 11119 11118
f 10476 11121 11120
f 10481 11120 11119
f 11118 11117 10495
f 10503 11117 11110
f 10506 11110 11109
f 10509 11109 11111
f 11106 10517 11111
f 10524 11106 11107
f 10528 11107 11108
f 11121 10474 10471
f 11121 10476 10474
f 10477 11120 10480
f 11120 10477 10476
f 11118 10488 10484
f 10495 11117 10496
f 11119 10483 10481
f 11119 10484 10483
f 10481 10480 11120
f 11118 10495 10492
f 10488 11118 10489
f 10491 11118 10492
f 10498 10496 11117
f 11118 10491 10489
f 10499 10498 11117
f 10499 11117 10503
f 10506 11109 10507
f 10509 10507 11109
f 10504 11110 10506
f 10509 11111 10510
f 11111 10517 10513
f 11111 10512 10510
f 11111 10513 10512
f 10518 10517 11106
f 10518 11106 10520
f 10521 11106 10524
f 10528 10527 11107
f 11107 10525 10524
f 11106 10521 10520
f 11107 10527 10525
f 10503 11110 10504
f 11108 10409 10528
f 11128 11129 11127
f 11130 11127 11129
f 11164 11128 11127
f 11134 11133 11132
f 11135 11134 11132
f 11136 11134 11139
f 11140 11142 11141
f 11142 11143 11146
f 11144 11146 11143
f 11144 11143 11145
f 11150 11151 11152
f 11150 11149 11148
f 11138 11152 11151
f 11149 11147 11148
f 11470 11153 11154
f 11140 11141 11470
f 11154 11140 11470
f 11157 11156 11160
f 11156 11157 11155
f 11159 11160 11156
f 11159 11156 11158
f 11163 11161 11162
f 11164 11166 11165
f 11163 11162 11165
f 11168 11167 11169
f 11170 11168 11169
f 11170 11171 11174
f 11172 11170 11174
f 11183 11180 11179
f 11180 11181 11179
f 11181 11180 11182
f 11184 11182 11180
f 11187 11173 11176
f 11185 11187 11188
f 11186 11189 11185
f 11188 11186 11185
f 11176 11188 11187
f 11189 11184 11185
f 11190 11191 11192
f 11193 11192 11191
f 11194 11190 11195
f 11194 11191 11190
f 11190 11177 11178
f 11192 11177 11190
f 11196 11198 11197
f 11199 11197 11198
f 11198 11200 11199
f 11192 11193 11206
f 11200 11203 11205
f 11201 11200 11202
f 11202 11200 11205
f 11203 11204 11205
f 11204 11203 11206
f 11200 11201 11199
f 11207 11215 11208
f 11194 11207 11208
f 11194 11208 11209
f 11195 11207 11194
f 11135 11211 11214
f 11139 11212 11213
f 11215 11135 11214
f 11215 11134 11135
f 11211 11216 11214
f 11217 11134 11215
f 11217 11139 11134
f 11195 11218 11219
f 11438 11195 11219
f 11438 11207 11195
f 11220 11438 11219
f 11222 11223 11220
f 11222 11224 11175
f 11223 11171 11170
f 11174 11222 11175
f 11222 11171 11223
f 11170 11225 11223
f 11171 11222 11174
f 11220 11226 11438
f 11212 11139 11217
f 11215 11207 11227
f 11210 11215 11227
f 11217 11215 11210
f 11227 11207 11228
f 11229 11228 11207
f 11229 11207 11230
f 11230 11207 11232
f 11239 11231 11207
f 11234 11233 11470
f 11233 11153 11470
f 11230 11232 11153
f 11232 11207 11231
f 11153 11232 11235
f 11235 11236 11153
f 11230 11153 11233
f 11241 11237 11226
f 11237 11238 11226
f 11226 11238 11242
f 11239 11207 11226
f 11240 11223 11225
f 11221 11220 11223
f 11241 11220 11221
f 11241 11226 11220
f 11243 11242 11129
f 11242 11238 11129
f 11129 11238 11130
f 11239 11226 11242
f 1117 11251 1184
f 1116 11252 11251
f 11251 1117 11250
f 1117 1184 11249
f 11251 1118 1116
f 11252 1116 11253
f 1118 11251 11250
f 11255 11256 11253
f 1186 11259 1115
f 1110 11264 11262
f 1109 11254 11266
f 1185 11266 11264
f 1115 11256 11255
f 11259 1186 11258
f 11261 11258 11260
f 1186 1115 11257
f 11264 1110 11263
f 11266 1185 11265
f 11254 1109 11267
f 1109 11266 11265
f 1185 11264 11263
f 11267 11245 11254
f 1125 11271 11268
f 1176 11275 11272
f 1177 11273 11270
f 1131 11276 11274
f 11271 1125 11270
f 11273 1177 11272
f 11275 1176 11274
f 11279 1132 11278
f 1129 11281 11279
f 1127 11283 11280
f 11287 11288 11285
f 11287 11291 11288
f 1179 11286 11283
f 11281 1129 11280
f 11283 1127 11282
f 11283 1180 11284
f 1180 11283 11282
f 11286 1179 11285
f 11291 11287 11289
f 11291 1124 11290
f 1124 11291 11289
f 1179 11283 11284
f 11278 1129 11279
f 1191 11296 11294
f 1162 11300 11299
f 11293 1153 11292
f 1154 11293 11292
f 11296 1191 11295
f 1162 11301 11300
f 11311 1153 11293
f 11302 11303 11301
f 1160 11306 11304
f 1155 11310 11307
f 11306 1160 11305
f 1159 11303 11302
f 11310 1155 11308
f 11309 11310 11308
f 1149 11319 11317
f 1197 11321 11320
f 1141 11317 11315
f 11313 1138 11312
f 1139 11313 11312
f 11316 1139 11314
f 11316 1142 11315
f 1142 11316 11314
f 11319 1149 11318
f 11322 1138 11313
f 1145 11325 11323
f 1136 11329 11327
f 1138 11322 11330
f 1137 11330 11328
f 11321 1197 11324
f 11324 1146 11323
f 11329 1136 11328
f 11325 1145 11200
f 11203 11200 1146
f 11200 1145 11323
f 1143 11198 11327
f 11326 11198 1143
f 11325 11200 1144
f 1144 11198 11326
f 1144 11200 11198
f 1197 11206 11203
f 11203 1146 11324
f 11192 11206 1197
f 11203 11324 1197
f 1197 11320 11192
f 11318 1149 11331
f 11317 1141 11331
f 1149 11317 11331
f 11192 11320 11331
f 11200 11323 1146
f 11331 11320 11318
f 1136 11198 11196
f 11328 1136 11196
f 11131 11330 1137
f 11328 11196 1137
f 1137 11196 11131
f 11330 11131 1138
f 1138 11132 11133
f 1139 11133 11134
f 11136 1116 11333
f 1138 11131 11132
f 11333 11134 11136
f 11334 1142 11335
f 11332 11314 1139
f 11335 1142 11314
f 1141 11315 11334
f 11331 1141 11334
f 11315 1142 11334
f 1138 11133 11312
f 11314 11332 11335
f 1139 11312 11133
f 11332 1139 11134
f 11134 11333 11332
f 11136 11137 11253
f 1136 11327 11198
f 11192 11331 11177
f 11177 11302 11301
f 11177 11301 1162
f 11183 11177 1162
f 11305 1160 11336
f 11307 1156 11336
f 11305 11336 1156
f 11336 11304 1159
f 11302 11177 1159
f 1160 11304 11336
f 1159 11177 11336
f 11183 1162 11180
f 11180 1162 11299
f 11180 11299 1161
f 1161 11184 11180
f 11298 1192 11185
f 1161 11298 11185
f 11185 1192 11297
f 1161 11185 11184
f 11336 1155 11307
f 11337 11308 1155
f 11309 11308 11338
f 11336 11337 1155
f 11311 11309 11172
f 11338 11172 11309
f 11173 11292 1153
f 1153 11311 11172
f 11173 1154 11292
f 11308 11337 11338
f 1190 11295 11187
f 11187 1191 11173
f 11295 1191 11187
f 11297 11187 11185
f 11297 1190 11187
f 1191 11294 11173
f 11338 11170 11172
f 11173 11294 1154
f 11173 1153 11172
f 11338 11168 11170
f 1129 11168 11338
f 11177 11331 11336
f 1186 11138 11151
f 11257 1115 11138
f 11258 1186 11151
f 11257 11138 1186
f 1115 11255 11137
f 11260 11151 11150
f 1111 11150 11262
f 11260 11150 1111
f 11260 11258 11151
f 11148 1110 11262
f 11262 11150 11148
f 11253 11137 11255
f 1116 11136 11253
f 11250 11339 11340
f 11341 11339 11249
f 1118 11333 1116
f 1118 11340 11333
f 11250 1117 11339
f 1118 11250 11340
f 11249 1184 11341
f 11154 11341 11247
f 1184 11247 11341
f 1117 11249 11339
f 11154 11247 11248
f 11137 11138 1115
f 1110 11148 11263
f 11263 11148 11147
f 1185 11263 11147
f 11143 1109 11265
f 11265 1185 11145
f 11145 1185 11147
f 11143 11267 1109
f 11245 11267 11142
f 11142 11267 11143
f 11245 11142 11140
f 11143 11265 11145
f 11140 1112 11244
f 11343 11341 11342
f 11154 11246 1112
f 11154 11248 11246
f 11244 11245 11140
f 11154 11345 11341
f 11341 11345 11342
f 11154 11344 11345
f 1112 11140 11154
f 11284 11346 11347
f 11282 11348 11346
f 1127 11338 11348
f 11338 11280 1129
f 11285 11347 11128
f 11284 1180 11346
f 11285 1179 11347
f 11284 11347 1179
f 11280 11338 1127
f 1127 11348 11282
f 11287 11285 11128
f 1180 11282 11346
f 11128 11347 11349
f 1132 11167 11168
f 11167 1132 11155
f 11277 11156 11155
f 11156 11277 1178
f 1132 11277 11155
f 11168 11278 1132
f 1178 11276 11156
f 11156 11274 11158
f 11156 1131 11274
f 11276 1131 11156
f 11274 1176 11158
f 11278 11168 1129
f 11349 11343 11350
f 11289 11287 11128
f 11289 11164 1124
f 11290 11164 11269
f 11164 11290 1124
f 11350 11351 11128
f 11352 11128 11351
f 11349 11350 11128
f 11289 11128 11164
f 11161 1177 11162
f 11162 11270 1125
f 11162 1177 11270
f 1176 11272 11158
f 11161 11158 11272
f 11272 1177 11161
f 1125 11268 11162
f 11268 11269 11165
f 11162 11268 11165
f 11165 11269 11164
f 11349 11341 11343
f 11353 11354 11388
f 11353 11355 11356
f 11353 11356 11354
f 11355 11357 11358
f 11355 11358 11356
f 11359 11360 11361
f 11358 11357 11362
f 11361 11362 11359
f 11362 11357 11359
f 11363 11361 11360
f 11361 11363 11338
f 11363 11364 11365
f 11363 11365 11338
f 11364 11366 11367
f 11364 11367 11365
f 11368 11369 11370
f 11367 11366 11371
f 11370 11371 11368
f 11371 11366 11368
f 11372 11370 11369
f 11370 11372 11373
f 11372 11374 11375
f 11372 11375 11373
f 11374 11376 11377
f 11374 11377 11375
f 11378 11379 11380
f 11377 11376 11381
f 11380 11381 11378
f 11381 11376 11378
f 11382 11383 11380
f 11380 11379 11382
f 11383 11382 11384
f 11383 11384 11385
f 11388 11354 11386
f 11387 11388 11386
f 11385 11384 11389
f 11386 11389 11387
f 11389 11384 11387
f 11391 11392 11390
f 11390 11392 11393
f 11395 11394 11393
f 11394 11390 11393
f 11392 11396 11393
f 11397 11398 11396
f 11396 11398 11399
f 11397 11396 11392
f 11512 11401 11403
f 11531 11404 11405
f 11504 11407 11406
f 11406 11407 11404
f 11405 11402 11512
f 11512 11531 11405
f 11411 11498 11410
f 11410 11498 11409
f 11409 11504 11406
f 11406 11408 11409
f 11413 11414 11505
f 11507 11505 11414
f 11413 11411 11410
f 11410 11412 11413
f 11401 11400 11507
f 11507 11415 11401
f 11530 11419 11420
f 11530 11418 11416
f 11421 11422 11417
f 11416 11417 11422
f 11420 11419 11423
f 11424 11423 11419
f 11526 11425 11426
f 11422 11421 11403
f 11427 11422 11403
f 11424 11428 11423
f 11432 11431 11430
f 11431 11429 11428
f 11433 11426 11425
f 11425 11544 11433
f 11432 11430 11434
f 11435 11434 11430
f 11544 11436 11435
f 11333 11383 11332
f 11383 11333 11380
f 11373 11375 11341
f 11339 11341 11377
f 11341 11375 11377
f 11381 11340 11339
f 11340 11380 11333
f 11380 11340 11381
f 11381 11339 11377
f 11332 11383 11335
f 11383 11385 11335
f 11354 11331 11386
f 11385 11389 11334
f 11389 11331 11334
f 11331 11389 11386
f 11385 11334 11335
f 11349 11370 11373
f 11373 11341 11349
f 11336 11331 11354
f 11348 11365 11346
f 11348 11338 11365
f 11365 11367 11346
f 11371 11370 11349
f 11371 11347 11346
f 11347 11371 11349
f 11371 11346 11367
f 11354 11356 11336
f 11336 11356 11358
f 11362 11337 11336
f 11337 11361 11338
f 11361 11337 11362
f 11362 11336 11358
f 11226 11439 11438
f 11439 11226 11207
f 11207 11440 11439
f 11207 11441 11440
f 11441 11207 11438
f 11437 11440 11441
f 11438 11437 11441
f 11437 11439 11440
f 11437 11438 11439
f 11208 11215 11442
f 11215 11443 11442
f 11215 11444 11445
f 11215 11446 11444
f 11446 11215 11214
f 11445 11443 11215
f 11209 11208 11442
f 11442 11447 11209
f 11322 11448 11132
f 11448 11135 11132
f 11322 11132 11131
f 11196 11197 11329
f 11329 11328 11196
f 11327 11329 11197
f 11330 11196 11328
f 11197 1143 11327
f 11330 11131 11196
f 11330 11322 11131
f 11313 11214 11322
f 11448 11322 11214
f 11214 11313 11446
f 11444 11446 1139
f 11445 11316 11443
f 1139 11445 11444
f 11442 11443 11316
f 11446 11313 1139
f 11316 11445 1139
f 11315 11442 11316
f 11442 11315 11317
f 11326 1143 11199
f 11201 11325 1144
f 11326 11199 1144
f 11201 1144 11199
f 11202 11205 11325
f 11325 11205 11323
f 11324 11323 11205
f 11204 11324 11205
f 11202 11325 11201
f 11447 11318 11320
f 11442 11319 11447
f 11317 11319 11442
f 11318 11447 11319
f 11320 11321 11193
f 11206 11193 11321
f 11321 11324 11206
f 11449 11320 11193
f 11447 11320 11449
f 11449 11193 11191
f 11324 11204 11206
f 11197 11199 1143
f 11451 11219 11218
f 11220 11452 11453
f 11220 11453 11222
f 11220 11454 11452
f 11219 11454 11220
f 11451 11455 11219
f 11453 11309 11222
f 11309 11453 11452
f 11450 11222 11311
f 11311 11293 11450
f 11311 11222 11309
f 11452 11454 11310
f 11219 11455 11307
f 11307 11310 11219
f 11455 1156 11307
f 11309 11452 11310
f 11454 11219 11310
f 11456 11450 11173
f 11173 11293 1154
f 11173 11450 11293
f 11174 11457 11172
f 11172 11457 11456
f 11456 11173 11172
f 1154 11294 11173
f 11296 11176 11173
f 11295 1190 11176
f 11296 11295 11176
f 11188 11176 1190
f 11188 11297 1192
f 11297 11188 1190
f 11296 11173 11294
f 1156 11451 11305
f 11306 11305 11451
f 11306 11451 11304
f 11451 1159 11304
f 11301 11303 11178
f 11303 1159 11451
f 11458 11190 11178
f 11300 11301 11177
f 11178 11177 11301
f 11303 11458 11178
f 11451 11458 11303
f 11300 11177 11183
f 11184 11298 1161
f 11189 11298 11184
f 11186 11188 1192
f 11298 11186 1192
f 11298 11189 11186
f 1161 11299 11182
f 11179 11299 11300
f 11183 11179 11300
f 1161 11182 11184
f 11181 11182 11299
f 11299 11179 11181
f 1156 11455 11451
f 11463 11238 11237
f 11237 11460 11459
f 11241 11460 11237
f 11462 11460 11241
f 11461 11223 11240
f 11127 11464 11164
f 11290 11164 11291
f 11464 11291 11164
f 11290 11269 11164
f 11291 11464 11463
f 11285 11288 11463
f 11463 11286 11285
f 11291 11463 11288
f 11164 11269 11268
f 11164 11268 11166
f 11271 11165 11166
f 11268 11271 11166
f 11163 11165 11270
f 11161 11163 11272
f 11165 11271 11270
f 11272 11163 11273
f 11275 11158 11161
f 11275 11161 11272
f 11274 11276 11159
f 11274 11159 11158
f 11275 11274 11158
f 11273 11163 11270
f 11286 11463 11237
f 11237 11459 11283
f 11283 11286 11237
f 11221 11281 11280
f 11280 11283 11241
f 11283 11459 11460
f 11462 11241 11283
f 11241 11221 11280
f 11221 11223 11281
f 11281 11461 11279
f 11461 11281 11223
f 11462 11283 11460
f 11240 11279 11461
f 11155 11277 1132
f 11155 1178 11277
f 11276 11160 11159
f 11276 11157 11160
f 11276 1178 11157
f 1178 11155 11157
f 11240 11465 11169
f 11155 1132 11167
f 11170 11169 11465
f 11279 11167 1132
f 11169 11167 11279
f 11279 11240 11169
f 11217 11466 11212
f 11468 11229 11230
f 11229 11467 11228
f 11266 11144 11145
f 11142 11146 11254
f 11144 11254 11146
f 11266 11254 11144
f 11145 11147 11264
f 11149 11150 11262
f 1111 11262 11150
f 11262 11264 11149
f 11145 11264 11266
f 11149 11264 11147
f 11254 11245 11141
f 11141 11142 11254
f 1112 11469 11141
f 1112 11233 11469
f 11470 11141 11469
f 11141 11245 11244
f 11244 1112 11141
f 11246 11233 1112
f 11248 11230 11233
f 11247 1184 11230
f 11468 11230 1184
f 11247 11230 11248
f 11233 11246 11248
f 1111 11152 11260
f 11261 11260 11152
f 11138 11259 11258
f 11137 1115 11259
f 11258 11261 11138
f 11152 11138 11261
f 1115 11137 11136
f 11471 11466 11136
f 11139 11472 11136
f 11471 11136 11472
f 11137 11259 11138
f 11256 11136 11466
f 1184 11251 11229
f 1184 11229 11468
f 11467 11229 11251
f 11251 11252 11210
f 11253 11466 11252
f 11466 11253 11256
f 1115 11136 11256
f 11252 11466 11217
f 11251 11228 11467
f 11228 11251 11227
f 11210 11227 11251
f 11217 11210 11252
f 1111 11150 11152
f 11470 11469 11234
f 11234 11469 11233
f 11130 11238 11464
f 11130 11464 11127
f 11463 11464 11238
f 11170 11465 11225
f 11240 11225 11465
f 11450 11456 11224
f 11450 11224 11222
f 11457 11174 11175
f 11224 11456 11175
f 11175 11456 11457
f 11190 11458 11195
f 11458 11451 11218
f 11195 11458 11218
f 11194 11209 11191
f 11191 11209 11449
f 11447 11449 11209
f 11448 11214 11216
f 11216 11211 11448
f 11448 11211 11135
f 11466 11471 11212
f 11471 11472 11212
f 11213 11472 11139
f 11472 11213 11212
f 11350 11243 11351
f 11243 11350 11242
f 11239 11350 11343
f 11350 11239 11242
f 11231 11239 11343
f 11232 11342 11345
f 11231 11343 11342
f 11342 11232 11231
f 11235 11232 11345
f 11128 11352 11129
f 11352 11351 11243
f 11243 11129 11352
f 11345 11344 11235
f 11344 11154 11235
f 11154 11153 11236
f 11154 11236 11235
f 11474 11476 11473
f 11368 11474 11369
f 11366 11476 11368
f 11476 11474 11368
f 11497 11475 11476
f 11476 11477 11497
f 11478 11477 11476
f 11366 11364 11476
f 11476 11364 11363
f 11476 11363 11478
f 11478 11479 11477
f 11480 11479 11478
f 11363 11360 11480
f 11478 11363 11480
f 11481 11473 11482
f 11474 11473 11481
f 11372 11369 11474
f 11481 11372 11474
f 11359 11480 11360
f 11480 11359 11484
f 11484 11479 11480
f 11483 11484 11503
f 11485 11486 11503
f 11355 11503 11484
f 11355 11484 11357
f 11355 11353 11485
f 11355 11485 11503
f 11359 11357 11484
f 11487 11488 11489
f 11505 11374 11372
f 11489 11379 11378
f 11481 11505 11372
f 11378 11490 11487
f 11376 11490 11378
f 11376 11374 11505
f 11376 11505 11490
f 11489 11378 11487
f 11505 11481 11482
f 11485 11491 11486
f 11492 11491 11485
f 11353 11388 11492
f 11485 11353 11492
f 11493 11488 11511
f 11489 11488 11493
f 11382 11379 11489
f 11493 11382 11489
f 11492 11495 11491
f 11495 11492 11388
f 11387 11495 11388
f 11511 11494 11495
f 11493 11511 11495
f 11387 11384 11495
f 11384 11382 11493
f 11384 11493 11495
f 11496 11409 11497
f 11498 11475 11497
f 11477 11496 11497
f 11497 11409 11498
f 11476 11498 11499
f 11499 11473 11476
f 11498 11411 11499
f 11498 11476 11475
f 11504 11409 11496
f 11477 11500 11496
f 11500 11477 11479
f 11496 11500 11504
f 11411 11413 11501
f 11482 11499 11501
f 11499 11482 11473
f 11501 11499 11411
f 11405 11404 11502
f 11502 11404 11503
f 11503 11486 11502
f 11503 11404 11407
f 11407 11504 11503
f 11504 11483 11503
f 11483 11504 11484
f 11500 11479 11484
f 11504 11500 11484
f 11413 11505 11501
f 11482 11501 11505
f 11505 11506 11490
f 11507 11490 11506
f 11490 11507 11487
f 11508 11488 11487
f 11507 11508 11487
f 11506 11505 11507
f 11402 11405 11502
f 11486 11509 11502
f 11509 11486 11491
f 11502 11509 11402
f 11507 11400 11508
f 11488 11510 11511
f 11510 11488 11508
f 11510 11508 11400
f 11509 11491 11495
f 11510 11400 11511
f 11402 11509 11512
f 11513 11511 11401
f 11401 11511 11400
f 11494 11513 11495
f 11513 11494 11511
f 11509 11495 11512
f 11512 11495 11513
f 11513 11401 11512
f 11430 11431 11515
f 11399 11515 11431
f 11424 11516 11428
f 11514 11428 11516
f 11396 11399 11514
f 11514 11516 11396
f 11514 11399 11431
f 11428 11514 11431
f 11396 11516 11393
f 11393 11516 11517
f 11517 11424 11419
f 11424 11517 11516
f 11399 11398 11515
f 11515 11398 11518
f 11518 11435 11430
f 11518 11430 11515
f 11419 11530 11519
f 11419 11519 11517
f 11393 11517 11395
f 11395 11517 11519
f 11530 11416 11519
f 11519 11416 11520
f 11521 11520 11416
f 11395 11519 11520
f 11395 11520 11521
f 11521 11394 11395
f 11435 11518 11522
f 11397 11523 11524
f 11523 11433 11524
f 11518 11398 11397
f 11544 11524 11433
f 11524 11544 11435
f 11397 11524 11522
f 11518 11397 11522
f 11524 11435 11522
f 11390 11394 11525
f 11525 11394 11521
f 11521 11416 11422
f 11521 11422 11525
f 11526 11523 11392
f 11392 11523 11397
f 11523 11426 11433
f 11426 11523 11526
f 11422 11427 11527
f 11391 11527 11528
f 11422 11527 11525
f 11390 11525 11391
f 11391 11525 11527
f 11527 11427 11528
f 11528 11427 11526
f 11392 11391 11528
f 11528 11526 11392
f 11529 11406 11530
f 11530 11420 11529
f 11531 11418 11530
f 11530 11406 11531
f 11404 11531 11406
f 11416 11531 11532
f 11532 11417 11416
f 11531 11416 11418
f 11423 11533 11420
f 11420 11533 11529
f 11529 11408 11406
f 11408 11529 11533
f 11417 11532 11421
f 11421 11532 11534
f 11534 11531 11512
f 11531 11534 11532
f 11535 11410 11536
f 11432 11536 11431
f 11536 11432 11535
f 11431 11537 11429
f 11537 11431 11536
f 11537 11536 11409
f 11536 11410 11409
f 11409 11538 11537
f 11538 11408 11533
f 11408 11538 11409
f 11428 11537 11538
f 11537 11428 11429
f 11533 11423 11428
f 11538 11533 11428
f 11512 11403 11534
f 11403 11421 11534
f 11403 11539 11427
f 11401 11540 11539
f 11540 11401 11541
f 11526 11539 11540
f 11539 11526 11427
f 11541 11425 11526
f 11540 11541 11526
f 11539 11403 11401
f 11434 11542 11432
f 11432 11542 11535
f 11535 11412 11410
f 11412 11535 11542
f 11425 11543 11544
f 11543 11425 11541
f 11541 11401 11415
f 11541 11415 11543
f 11543 11415 11544
f 11542 11434 11435
f 11415 11507 11544
f 11412 11542 11414
f 11507 11414 11545
f 11544 11545 11436
f 11542 11435 11414
f 11435 11436 11545
f 11414 11435 11545
f 11414 11413 11412
f 11545 11544 11507
