v 0.005000 0.028702 0.024000
v 0.005000 0.029092 0.023962
v -0.009600 0.029092 0.023962
v 0.005000 0.029467 0.023848
v 0.005000 0.029813 0.023663
v -0.009600 0.029813 0.023663
v -0.009600 0.029467 0.023848
v 0.005000 0.030116 0.023414
v 0.005000 0.030365 0.023111
v -0.009600 0.030365 0.023111
v 0.005000 0.030549 0.022765
v 0.005000 0.030663 0.022390
v -0.009600 0.030663 0.022390
v -0.009600 0.030549 0.022765
v -0.009600 0.030116 0.023414
v -0.009600 0.030702 0.022000
v 0.005000 0.030702 0.022000
v 0.005000 0.030663 0.021610
v 0.005000 0.030549 0.021235
v -0.009600 0.030549 0.021235
v 0.005000 0.030365 0.020889
v 0.005000 0.030116 0.020586
v -0.009600 0.030116 0.020586
v -0.009600 0.030365 0.020889
v 0.005000 0.029813 0.020337
v 0.005000 0.029467 0.020152
v -0.009600 0.029467 0.020152
v 0.005000 0.029092 0.020038
v 0.005000 0.028702 0.020000
v -0.009600 0.028702 0.020000
v -0.009600 0.029092 0.020038
v -0.009600 0.029813 0.020337
v -0.009600 0.030663 0.021610
v -0.010309 0.029182 0.020239
v -0.010304 0.030178 0.020959
v -0.010335 0.030323 0.022839
v -0.010304 0.029396 0.023669
v -0.010854 0.029098 0.023750
v -0.010861 0.029437 0.023639
v -0.010797 0.030413 0.022535
v -0.010797 0.029827 0.023396
v -0.010449 0.028620 0.023775
v -0.010496 0.030453 0.021825
v -0.010854 0.030341 0.021270
v -0.010794 0.029994 0.020737
v -0.010797 0.029237 0.020289
v -0.010854 0.030452 0.021604
v -0.010993 0.028258 0.020123
v -0.010987 0.028702 0.020094
v -0.011000 0.027761 0.020241
v -0.010970 0.027829 0.020335
v -0.010915 0.027834 0.020403
v -0.010985 0.027641 0.020413
v -0.010915 0.028162 0.020264
v -0.010974 0.028633 0.023884
v -0.011094 0.028314 0.025456
v -0.010985 0.027493 0.020544
v -0.010952 0.027303 0.020789
v -0.010993 0.027138 0.020873
v -0.011111 0.025661 0.020312
v -0.010916 0.027407 0.020722
v -0.010877 0.027559 0.020608
v -0.010984 0.026887 0.021375
v -0.010940 0.027021 0.021217
v -0.010941 0.026893 0.021640
v -0.010941 0.026867 0.021819
v -0.010993 0.026775 0.021931
v -0.010895 0.028320 0.020238
v -0.010914 0.028649 0.020180
v -0.010851 0.028691 0.020208
v -0.010855 0.028002 0.020350
v -0.010843 0.027568 0.020604
v -0.010912 0.028702 0.023817
v -0.010875 0.028437 0.023783
v -0.010877 0.027310 0.020858
v -0.010877 0.027038 0.021311
v -0.010854 0.027184 0.021043
v -0.010879 0.026953 0.021526
v -0.011129 0.025266 0.022683
v -0.010985 0.026894 0.022559
v -0.010916 0.026882 0.022012
v -0.010955 0.026882 0.022318
v -0.010915 0.026894 0.022190
v -0.010877 0.026979 0.022523
v -0.011087 0.026533 0.024780
v -0.010990 0.027141 0.023131
v -0.010941 0.027276 0.023170
v -0.010992 0.027486 0.023497
v -0.011000 0.028123 0.023909
v -0.010985 0.027904 0.023746
v -0.010910 0.027231 0.023066
v -0.010915 0.027693 0.023517
v -0.010985 0.028329 0.023872
v -0.010940 0.028087 0.023749
v -0.010797 0.026916 0.022161
v -0.010895 0.027048 0.022718
v -0.010922 0.027136 0.022917
v -0.010797 0.027552 0.023376
v -0.010910 0.027467 0.023333
v -0.010845 0.028179 0.023722
v -0.010877 0.028179 0.023723
v -0.012135 0.029205 0.018617
v -0.011000 0.028702 0.018500
v -0.011000 0.030162 0.018797
v -0.011000 0.029045 0.018517
v -0.012182 0.030476 0.019081
v -0.011000 0.031186 0.019516
v -0.012090 0.031468 0.019982
v -0.011000 0.031706 0.020199
v -0.012181 0.032021 0.021191
v -0.011000 0.032163 0.021456
v -0.011000 0.031990 0.020791
v -0.011119 0.029368 0.018652
v -0.012119 0.032104 0.022000
v -0.011000 0.032199 0.022301
v -0.012134 0.032031 0.022785
v -0.012181 0.031458 0.024017
v -0.011000 0.031176 0.024475
v -0.011000 0.031407 0.024220
v -0.011000 0.031935 0.023339
v -0.012135 0.030461 0.024933
v -0.011000 0.030764 0.024832
v -0.011000 0.030351 0.025087
v -0.012135 0.029205 0.025383
v -0.011000 0.029045 0.025483
v -0.011000 0.029853 0.025309
v -0.011000 0.031706 0.023801
v -0.012527 0.028857 0.025310
v -0.012415 0.029044 0.025328
v -0.012436 0.029492 0.025245
v -0.012422 0.030294 0.024947
v -0.012313 0.030840 0.024605
v -0.012512 0.029825 0.025122
v -0.012744 0.029494 0.025084
v -0.012982 0.029131 0.024953
v -0.012838 0.029001 0.025101
v -0.012778 0.030093 0.024838
v -0.012508 0.030652 0.024689
v -0.012975 0.029840 0.024747
v -0.013049 0.030139 0.024511
v -0.012393 0.031170 0.024272
v -0.012320 0.031764 0.023451
v -0.012503 0.031459 0.023846
v -0.012500 0.031821 0.023118
v -0.012300 0.032072 0.022315
v -0.012503 0.032004 0.022328
v -0.012879 0.031127 0.023931
v -0.012780 0.030671 0.024479
v -0.012676 0.031923 0.022161
v -0.012765 0.031629 0.023234
v -0.012776 0.031723 0.022960
v -0.012766 0.031833 0.022495
v -0.012611 0.031919 0.021407
v -0.012776 0.031314 0.023796
v -0.012914 0.031752 0.021985
v -0.013099 0.029107 0.024799
v -0.013188 0.029066 0.024639
v -0.013095 0.029902 0.024552
v -0.012975 0.030804 0.024103
v -0.013048 0.030502 0.024271
v -0.013256 0.029182 0.024415
v -0.013256 0.029417 0.024357
v -0.013217 0.029784 0.024352
v -0.013188 0.030471 0.023992
v -0.013256 0.030070 0.024048
v -0.013054 0.031227 0.023410
v -0.013054 0.030982 0.023765
v -0.013048 0.031460 0.022888
v -0.013206 0.031001 0.023251
v -0.013049 0.031603 0.022183
v -0.013256 0.030605 0.023562
v -0.013340 0.030351 0.023450
v -0.013188 0.031269 0.022661
v -0.013224 0.031231 0.022482
v -0.013256 0.031152 0.022241
v -0.013190 0.031337 0.021647
v -0.012420 0.031984 0.021330
v -0.012469 0.031732 0.020579
v -0.012499 0.031760 0.020733
v -0.012692 0.031418 0.020252
v -0.012408 0.031049 0.019614
v -0.012382 0.031374 0.019966
v -0.012835 0.031721 0.021248
v -0.012978 0.031625 0.021425
v -0.012777 0.031579 0.020690
v -0.012920 0.031077 0.020094
v -0.012976 0.031256 0.020474
v -0.012766 0.031070 0.019894
v -0.012767 0.030736 0.019565
v -0.012419 0.030408 0.019122
v -0.012435 0.029673 0.018796
v -0.012610 0.029983 0.018975
v -0.012436 0.030709 0.019330
v -0.012301 0.029058 0.018636
v -0.012499 0.029662 0.018833
v -0.012676 0.030362 0.019235
v -0.012834 0.030167 0.019258
v -0.012776 0.029361 0.018899
v -0.012765 0.028721 0.018823
v -0.012927 0.029956 0.019239
v -0.013095 0.031439 0.021320
v -0.013054 0.031334 0.020821
v -0.013099 0.030804 0.020108
v -0.013220 0.030629 0.020278
v -0.013189 0.030381 0.019954
v -0.013256 0.031117 0.021520
v -0.013256 0.031164 0.022000
v -0.013224 0.031104 0.021090
v -0.013243 0.030855 0.020669
v -0.013211 0.030875 0.020575
v -0.013048 0.030352 0.019618
v -0.013054 0.029626 0.019267
v -0.013205 0.030084 0.019779
v -0.012975 0.028702 0.019026
v -0.012985 0.029174 0.019058
v -0.013214 0.029798 0.019650
v -0.013248 0.029590 0.019647
v -0.013143 0.029267 0.019315
v -0.013213 0.028877 0.019409
v -0.013106 0.028988 0.019190
v -0.013348 0.029169 0.019888
v -0.013257 0.026240 0.021894
v -0.013347 0.026602 0.021534
v -0.013256 0.026286 0.021520
v -0.013205 0.026204 0.021205
v -0.013297 0.026626 0.020918
v -0.013220 0.026512 0.020635
v -0.013527 0.027631 0.021528
v -0.013545 0.027878 0.021446
v -0.013543 0.028183 0.021120
v -0.013257 0.026732 0.020521
v -0.013601 0.027999 0.021304
v -0.013271 0.027318 0.020008
v -0.013256 0.027646 0.019773
v -0.013464 0.028235 0.020474
v -0.013346 0.028234 0.019893
v -0.013512 0.028235 0.020833
v -0.013354 0.028326 0.019898
v -0.013540 0.029670 0.021508
v -0.013623 0.029386 0.021291
v -0.013555 0.029273 0.021213
v -0.013506 0.029942 0.021536
v -0.013385 0.030555 0.021377
v -0.013526 0.029175 0.020941
v -0.013438 0.029168 0.020364
v -0.013297 0.027633 0.024079
v -0.013257 0.027329 0.024054
v -0.013273 0.026770 0.023463
v -0.013348 0.028234 0.024108
v -0.013365 0.028577 0.024104
v -0.013506 0.028237 0.023244
v -0.013547 0.028116 0.022778
v -0.013255 0.026408 0.022928
v -0.013409 0.026897 0.022467
v -0.013256 0.026251 0.022241
v -0.013568 0.027988 0.022638
v -0.013536 0.028204 0.022951
v -0.013545 0.027877 0.022552
v -0.013526 0.027643 0.022474
v -0.013348 0.029168 0.024103
v -0.013492 0.029319 0.023243
v -0.013272 0.030080 0.023996
v -0.013298 0.030853 0.022895
v -0.013541 0.029197 0.022923
v -0.013549 0.029422 0.022625
v -0.013541 0.029655 0.022496
v -0.013438 0.030337 0.022467
v -0.012839 0.030974 0.022467
v -0.013526 0.029761 0.022474
v -0.012244 0.028174 0.018650
v -0.012313 0.028371 0.025354
v -0.012176 0.027266 0.018903
v -0.012313 0.026829 0.019198
v -0.012534 0.027964 0.018758
v -0.012413 0.026992 0.019120
v -0.012717 0.028623 0.018776
v -0.012674 0.027766 0.018916
v -0.012749 0.028371 0.018803
v -0.012519 0.027434 0.018931
v -0.012663 0.027267 0.019067
v -0.012835 0.027375 0.019185
v -0.012976 0.027704 0.019197
v -0.012588 0.026423 0.019618
v -0.012499 0.028377 0.025294
v -0.012103 0.026421 0.019466
v -0.012119 0.025701 0.020396
v -0.012408 0.026316 0.019653
v -0.012271 0.025977 0.019991
v -0.012322 0.025647 0.020574
v -0.012242 0.025497 0.020890
v -0.012290 0.025325 0.021692
v -0.012322 0.025364 0.021522
v -0.012503 0.025447 0.021349
v -0.012500 0.025707 0.020581
v -0.012594 0.026162 0.019927
v -0.012834 0.026729 0.019597
v -0.012834 0.026116 0.020273
v -0.012676 0.025512 0.021524
v -0.012766 0.025998 0.020345
v -0.012776 0.025789 0.020749
v -0.012750 0.025540 0.021522
v -0.012834 0.025829 0.020810
v -0.012611 0.025441 0.022275
v -0.013031 0.027197 0.019503
v -0.012766 0.028207 0.025131
v -0.013033 0.028238 0.019126
v -0.012975 0.028410 0.024959
v -0.013189 0.027933 0.019467
v -0.013041 0.026869 0.019753
v -0.013218 0.027802 0.019579
v -0.013165 0.028362 0.019318
v -0.013138 0.027642 0.019449
v -0.013189 0.027231 0.019799
v -0.013189 0.026929 0.020032
v -0.013120 0.026492 0.020268
v -0.012918 0.026283 0.020155
v -0.013028 0.026079 0.020719
v -0.013097 0.026665 0.020036
v -0.012976 0.025759 0.021559
v -0.013095 0.026048 0.021044
v -0.013049 0.025832 0.021533
v -0.013189 0.026057 0.021847
v -0.012674 0.028386 0.025207
v -0.012370 0.025365 0.022447
v -0.012322 0.025435 0.022835
v -0.012499 0.025534 0.022961
v -0.012209 0.025565 0.023306
v -0.012275 0.025826 0.023784
v -0.012119 0.026072 0.024158
v -0.012569 0.025715 0.023370
v -0.012835 0.025623 0.022453
v -0.012978 0.025736 0.022285
v -0.012777 0.025710 0.023021
v -0.012777 0.025966 0.023585
v -0.012978 0.026071 0.023398
v -0.012679 0.026096 0.023916
v -0.012744 0.026355 0.024153
v -0.012975 0.025856 0.022863
v -0.012289 0.026411 0.024486
v -0.012283 0.026821 0.024825
v -0.012401 0.026851 0.024792
v -0.011010 0.027812 0.025420
v -0.012113 0.027872 0.025329
v -0.012569 0.027262 0.024954
v -0.012403 0.027727 0.025215
v -0.012520 0.026339 0.024331
v -0.012973 0.026901 0.024394
v -0.012711 0.026839 0.024630
v -0.012767 0.027754 0.025029
v -0.013019 0.027850 0.024829
v -0.013041 0.026455 0.023833
v -0.013095 0.025911 0.022408
v -0.013099 0.026140 0.023200
v -0.013189 0.026093 0.022486
v -0.013189 0.026257 0.023013
v -0.013189 0.026501 0.023470
v -0.013189 0.026368 0.023248
v -0.013188 0.026806 0.023862
v -0.013054 0.026721 0.024097
v -0.012975 0.026815 0.024299
v -0.013189 0.027231 0.024201
v -0.013049 0.027673 0.024704
v -0.013054 0.027415 0.024581
v -0.013189 0.027689 0.024445
v -0.013159 0.028229 0.024676
v -0.013189 0.027454 0.024334
v -0.013218 0.027898 0.024455
v -0.011000 0.026639 0.024832
v -0.011000 0.027052 0.025087
v -0.011000 0.027550 0.025309
v -0.011000 0.025468 0.023339
v -0.011000 0.025352 0.023016
v -0.011000 0.025697 0.023801
v -0.011000 0.025218 0.022343
v -0.011000 0.025218 0.021657
v -0.011000 0.025269 0.021317
v -0.011000 0.025695 0.020198
v -0.011000 0.026126 0.019624
v -0.011000 0.027176 0.018846
v -0.011000 0.026615 0.019187
v -0.011000 0.027686 0.018651
v -0.011000 0.028359 0.018517
v -0.011000 0.025202 0.022000
v -0.011000 0.028019 0.018567
v -0.010994 0.029472 0.020229
v -0.010992 0.029761 0.020388
v -0.010996 0.030590 0.021489
v -0.010994 0.030635 0.022038
v -0.011125 0.031971 0.022992
v -0.011000 0.029990 0.023570
v -0.011119 0.029368 0.025348
v -0.010972 0.028966 0.023862
v -0.010969 0.029212 0.023802
v -0.010968 0.029493 0.023697
v -0.010916 0.029722 0.023506
v -0.010972 0.029930 0.023423
v -0.010977 0.030137 0.023235
v -0.010915 0.030164 0.023084
v -0.010969 0.030290 0.022998
v -0.010985 0.030435 0.022803
v -0.010910 0.030405 0.022631
v -0.010976 0.030550 0.022409
v -0.010941 0.030494 0.022442
v -0.010943 0.029838 0.023441
v -0.010909 0.028955 0.023798
v -0.010877 0.030032 0.023216
v -0.010854 0.030219 0.022957
v -0.010877 0.030484 0.022272
v -0.010955 0.030549 0.021925
v -0.010968 0.030521 0.021555
v -0.010971 0.030311 0.021031
v -0.010916 0.030378 0.021293
v -0.010877 0.030486 0.021743
v -0.010941 0.030537 0.021819
v -0.010877 0.030199 0.021000
v -0.010969 0.030171 0.020839
v -0.010993 0.030189 0.020767
v -0.010984 0.028982 0.020111
v -0.010910 0.029936 0.020667
v -0.010920 0.029587 0.020401
v -0.010965 0.029183 0.020194
v -0.010941 0.029407 0.020297
v -0.010914 0.030164 0.020918
v -0.010877 0.029550 0.020412
v -0.010912 0.028969 0.020202
v -0.010877 0.029224 0.020277
v -0.010301 0.028151 0.020294
v -0.010286 0.027271 0.020865
v -0.010542 0.026979 0.021690
v -0.010321 0.026934 0.022373
v -0.010286 0.027567 0.023430
v -0.009600 0.027590 0.023663
v -0.009600 0.027936 0.023848
v -0.009600 0.027039 0.023111
v -0.009600 0.026854 0.022765
v -0.009600 0.028311 0.023962
v -0.009600 0.028311 0.020038
v -0.009600 0.027287 0.023414
v -0.009600 0.026740 0.022390
v -0.009600 0.026740 0.021610
v -0.009600 0.027039 0.020889
v -0.009600 0.026854 0.021235
v -0.009600 0.027590 0.020337
v -0.009600 0.027936 0.020152
v -0.009600 0.027287 0.020586
v -0.009600 0.026702 0.022000
v 0.005000 0.028311 0.020038
v 0.005000 0.027936 0.020152
v 0.005000 0.027590 0.020337
v 0.005000 0.027287 0.020586
v 0.005000 0.027039 0.020889
v 0.005000 0.026854 0.021235
v 0.005000 0.026740 0.021610
v 0.005000 0.026702 0.022000
v 0.005000 0.026740 0.022390
v 0.005000 0.026854 0.022765
v 0.005000 0.027039 0.023111
v 0.005000 0.027287 0.023414
v 0.005000 0.027590 0.023663
v 0.005000 0.027936 0.023848
v 0.005000 0.028311 0.023962
v -0.012300 0.029173 0.023075
v -0.012300 0.028702 0.024100
v -0.012300 0.028230 0.023075
v -0.012300 0.028126 0.022771
v -0.012300 0.027855 0.022541
v -0.012300 0.027626 0.022471
v -0.013077 0.026469 0.022120
v -0.012300 0.027626 0.021529
v -0.012300 0.027856 0.021459
v -0.012300 0.028030 0.021328
v -0.012300 0.028215 0.021048
v -0.012300 0.028888 0.019895
v -0.012300 0.029192 0.021026
v -0.012300 0.029286 0.021222
v -0.012300 0.029777 0.021529
v -0.012300 0.029421 0.021378
v -0.012300 0.029600 0.021480
v -0.013268 0.030847 0.021525
v -0.012300 0.029613 0.022506
v -0.012300 0.029324 0.022720
v -0.012300 0.029222 0.022899
v 0.005067 0.011133 0.014700
v 0.005641 0.011247 0.012700
v 0.004665 0.010895 0.012700
v 0.004337 0.010497 0.013367
v 0.004706 0.010928 0.014700
v 0.005345 0.011237 0.013700
v 0.004189 0.010139 0.014033
v 0.006089 0.008272 0.012700
v 0.004140 0.009626 0.014700
v 0.004145 0.009573 0.012700
v 0.004312 0.009037 0.013700
v 0.004687 0.008584 0.012700
v 0.005028 0.008364 0.013700
v 0.004581 0.008686 0.014700
v -0.004479 0.020679 0.014700
v -0.004965 0.020354 0.014700
v -0.005290 0.019867 0.014700
v -0.005118 0.020233 0.012700
v -0.005152 0.020126 0.014700
v -0.004738 0.020540 0.014700
v -0.004238 0.020771 0.013700
v -0.005376 0.019586 0.014700
v -0.003901 0.017775 0.013700
v -0.005406 0.019414 0.012700
v -0.005290 0.018719 0.014700
v -0.005394 0.018997 0.013700
v -0.004965 0.018232 0.014700
v -0.004479 0.017907 0.014700
v -0.004844 0.018080 0.012700
v -0.004738 0.018046 0.014700
v -0.005152 0.018460 0.014700
v -0.004197 0.017822 0.012700
v -0.008403 0.012158 0.014700
v -0.007681 0.012274 0.012700
v -0.009158 0.011483 0.013700
v -0.008124 0.012255 0.013623
v -0.008785 0.011937 0.013700
v -0.009300 0.011065 0.014700
v -0.007829 0.009272 0.012700
v -0.009326 0.010920 0.012700
v -0.009320 0.010515 0.013623
v -0.009145 0.010039 0.014700
v -0.008836 0.009614 0.012700
v -0.008890 0.009712 0.014700
v -0.008233 0.009292 0.014700
v -0.008122 0.009301 0.012700
v 0.001355 0.012017 0.014700
v 0.000716 0.011571 0.012700
v 0.000883 0.011731 0.014700
v 0.001633 0.012121 0.013700
v 0.000435 0.010928 0.014700
v 0.000407 0.010481 0.012700
v 0.000541 0.010015 0.014700
v 0.000951 0.009440 0.012700
v 0.001088 0.009372 0.014700
v 0.002079 0.009109 0.012700
v -0.001473 0.019531 0.014700
v -0.001348 0.019776 0.012700
v -0.000415 0.020291 0.013700
v -0.000969 0.020081 0.014700
v -0.001653 0.018972 0.014700
v -0.000331 0.017302 0.014700
v -0.000278 0.017296 0.012700
v -0.001659 0.018919 0.012700
v -0.001599 0.018360 0.013700
v -0.001218 0.017737 0.014700
v -0.000731 0.017412 0.014700
v -0.001097 0.017585 0.012700
v -0.000990 0.017551 0.014700
v -0.001404 0.017965 0.014700
v 0.005146 0.014995 0.012700
v 0.004086 0.014555 0.014700
v 0.003899 0.014328 0.014700
v 0.003964 0.014465 0.012700
v 0.004460 0.014836 0.014700
v 0.004850 0.014984 0.013700
v 0.003707 0.013931 0.014700
v 0.005045 0.011994 0.014033
v 0.003675 0.013202 0.014700
v 0.003691 0.013008 0.012700
v 0.004192 0.012332 0.012700
v 0.004533 0.012112 0.013700
v 0.003887 0.012653 0.014700
v 0.003652 0.013672 0.013700
v -0.007328 0.019416 0.012700
v -0.008187 0.019245 0.014700
v -0.008689 0.018854 0.012700
v -0.008723 0.018747 0.014700
v -0.007809 0.019392 0.013791
v -0.008536 0.018975 0.014700
v -0.008957 0.018247 0.014700
v -0.007597 0.016413 0.014700
v -0.007475 0.016414 0.012700
v -0.008990 0.017914 0.012700
v -0.008887 0.017371 0.013700
v -0.008451 0.016767 0.012700
v -0.008053 0.016520 0.013623
v -0.008623 0.016938 0.014700
v -0.010737 0.016613 0.014700
v -0.010162 0.016727 0.012700
v -0.011138 0.016375 0.012700
v -0.011492 0.015938 0.013700
v -0.011098 0.016408 0.014700
v -0.010459 0.016717 0.013791
v -0.009903 0.013731 0.012700
v -0.011659 0.015401 0.014700
v -0.011664 0.015348 0.012700
v -0.011605 0.014790 0.013700
v -0.011223 0.014166 0.014700
v -0.011132 0.014045 0.012700
v -0.011410 0.014394 0.014700
v -0.010746 0.013832 0.014033
v 0.000288 0.008612 0.012700
v -0.000440 0.008191 0.014700
v -0.000592 0.008071 0.012700
v -0.000626 0.007964 0.014700
v -0.000066 0.008472 0.014700
v 0.000500 0.008632 0.014700
v 0.000586 0.005618 0.013700
v -0.000860 0.007464 0.014700
v -0.000902 0.006937 0.012700
v -0.000850 0.006838 0.014700
v 0.000047 0.005745 0.014700
v -0.000319 0.005917 0.012700
v -0.000355 0.005983 0.014700
v 0.000328 0.005660 0.012700
v -0.007232 0.015603 0.014700
v -0.006521 0.015772 0.012700
v -0.007478 0.015439 0.012700
v -0.007801 0.015082 0.013700
v -0.006779 0.015765 0.013700
v -0.008002 0.014606 0.014700
v -0.007992 0.014565 0.012700
v -0.006521 0.012758 0.014700
v -0.008013 0.014079 0.013367
v -0.007850 0.013562 0.013700
v -0.007475 0.013110 0.012700
v -0.007135 0.012890 0.013700
v -0.007582 0.013212 0.014700
v -0.003595 0.016966 0.014700
v -0.003997 0.016728 0.012700
v -0.004284 0.016425 0.013575
v -0.003854 0.016828 0.014700
v -0.003317 0.017070 0.013700
v -0.004502 0.015914 0.014700
v -0.003142 0.014079 0.012700
v -0.004522 0.015702 0.012700
v -0.004771 0.014927 0.014700
v -0.004468 0.015156 0.013367
v -0.004168 0.014605 0.012700
v -0.003865 0.014318 0.013700
v -0.004268 0.014747 0.014700
v -0.003354 0.014099 0.014700
v -0.003453 0.007208 0.014700
v -0.002879 0.007323 0.012700
v -0.003814 0.007004 0.014700
v -0.004195 0.006556 0.014700
v -0.004093 0.006762 0.012700
v -0.003176 0.007312 0.013557
v -0.003001 0.004321 0.012700
v -0.004376 0.005996 0.014700
v -0.004402 0.005629 0.012700
v -0.004350 0.005530 0.014700
v -0.004162 0.005011 0.014700
v -0.003819 0.004609 0.012700
v -0.003713 0.004575 0.014700
v -0.003030 0.004289 0.014700
v 0.003131 0.018283 0.012700
v 0.002319 0.018066 0.014700
v 0.001745 0.017357 0.014700
v 0.001918 0.017723 0.012700
v 0.001884 0.017616 0.014700
v 0.002835 0.018272 0.013623
v 0.001635 0.016957 0.014700
v 0.003131 0.015283 0.012700
v 0.001617 0.016783 0.012700
v 0.001719 0.016239 0.013777
v 0.002174 0.015616 0.012700
v 0.002694 0.015343 0.012700
v 0.002557 0.015397 0.014700
v 0.002060 0.015712 0.014700
v -0.009605 0.006006 0.014700
v -0.009031 0.006120 0.012700
v -0.010092 0.005681 0.014700
v -0.010244 0.005560 0.012700
v -0.010278 0.005454 0.014700
v -0.009864 0.005868 0.014700
v -0.009331 0.006108 0.013700
v -0.010465 0.005083 0.014700
v -0.009152 0.003119 0.014700
v -0.009031 0.003120 0.012700
v -0.010533 0.004742 0.012700
v -0.010524 0.004366 0.013791
v -0.009999 0.003441 0.013700
v -0.010212 0.003685 0.012700
v -0.010417 0.004046 0.014700
v -0.009615 0.003225 0.013950
v -0.000130 0.015482 0.014700
v -0.000532 0.015243 0.012700
v -0.000860 0.014846 0.013367
v -0.000491 0.015277 0.014700
v 0.000148 0.015585 0.013557
v -0.000995 0.014532 0.014700
v 0.000297 0.012599 0.014700
v -0.001011 0.013609 0.012700
v -0.000402 0.012830 0.014700
v -0.000277 0.012747 0.012700
v -0.001050 0.014273 0.013700
v -0.000973 0.013550 0.014700
v -0.006918 0.008693 0.014700
v -0.007279 0.008489 0.014700
v -0.007591 0.008141 0.014700
v -0.007557 0.008247 0.012700
v -0.006640 0.008797 0.013700
v -0.007730 0.007882 0.014700
v -0.007841 0.007481 0.014700
v -0.006677 0.005826 0.014700
v -0.006465 0.005806 0.012700
v -0.007846 0.007429 0.012700
v -0.007792 0.006883 0.013427
v -0.007492 0.006332 0.012700
v -0.007188 0.006045 0.013700
v -0.007685 0.006621 0.014700
v -0.011800 0.013152 0.014700
v -0.011874 0.013137 0.012700
v -0.012496 0.012819 0.012700
v -0.012802 0.012499 0.013700
v -0.012375 0.012903 0.014700
v -0.012927 0.012230 0.014700
v -0.013013 0.011949 0.014700
v -0.013041 0.011656 0.014700
v -0.013064 0.011463 0.012700
v -0.013013 0.011364 0.014700
v -0.012824 0.010844 0.014700
v -0.012375 0.010409 0.014700
v -0.012511 0.010474 0.012700
v -0.011977 0.010219 0.013700
v -0.011339 0.009380 0.014700
v -0.011240 0.009431 0.012700
v -0.010793 0.009404 0.013900
v -0.012022 0.009056 0.012700
v -0.012306 0.008755 0.013700
v -0.011755 0.009235 0.014700
v -0.012432 0.008483 0.014700
v -0.012518 0.008201 0.012700
v -0.011220 0.006412 0.014700
v -0.011046 0.006409 0.012700
v -0.012564 0.007946 0.014700
v -0.012387 0.007222 0.014700
v -0.012502 0.007422 0.012700
v -0.011483 0.006469 0.012700
v -0.011885 0.006654 0.013700
v -0.012107 0.006848 0.014700
v -0.006317 0.003991 0.014700
v -0.006576 0.003852 0.014700
v -0.006925 0.003575 0.012700
v -0.006804 0.003666 0.014700
v -0.006039 0.004095 0.013557
v -0.007239 0.002864 0.014700
v -0.007214 0.002898 0.012700
v -0.006038 0.001120 0.014700
v -0.007245 0.002484 0.012700
v -0.007138 0.002028 0.013700
v -0.006504 0.001273 0.012700
v -0.006790 0.001505 0.014700
v -0.002569 0.003496 0.014700
v -0.001548 0.003585 0.012700
v -0.002971 0.003258 0.012700
v -0.003258 0.002954 0.013777
v -0.002829 0.003357 0.014700
v -0.002328 0.003588 0.013700
v -0.003429 0.002573 0.014700
v -0.003495 0.002110 0.014700
v -0.003381 0.001536 0.014700
v -0.003518 0.001917 0.012700
v -0.003467 0.001818 0.014700
v -0.003072 0.001033 0.014700
v -0.002965 0.000928 0.012700
v -0.002291 0.000625 0.014700
v -0.002143 0.000608 0.012700
v 0.004111 0.007710 0.012700
v 0.003451 0.007459 0.014700
v 0.003049 0.007116 0.012700
v 0.003015 0.007009 0.014700
v 0.004115 0.007673 0.014700
v 0.002781 0.006509 0.014700
v 0.004141 0.004675 0.014700
v 0.004089 0.004680 0.012700
v 0.002761 0.006297 0.012700
v 0.002820 0.005739 0.013700
v 0.003081 0.005241 0.014700
v 0.003115 0.005200 0.012700
v 0.003552 0.004847 0.013700
v 0.001001 0.004875 0.014700
v 0.001575 0.004989 0.012700
v 0.000600 0.004637 0.012700
v 0.000313 0.004333 0.013623
v 0.000742 0.004736 0.014700
v 0.001279 0.004979 0.013700
v 0.000094 0.003822 0.014700
v 0.001575 0.001989 0.012700
v 0.000074 0.003610 0.012700
v 0.000133 0.003052 0.013700
v 0.000499 0.002412 0.014700
v 0.000606 0.002307 0.012700
v 0.001139 0.002052 0.013700
v -0.004011 0.011762 0.014700
v -0.004197 0.011535 0.014700
v -0.004132 0.011672 0.012700
v -0.003637 0.012042 0.014700
v -0.003246 0.012191 0.013623
v -0.004389 0.011138 0.014700
v -0.003097 0.009205 0.014700
v -0.002691 0.009206 0.012700
v -0.004421 0.010409 0.014700
v -0.004446 0.010528 0.012700
v -0.004279 0.009991 0.013700
v -0.003796 0.009435 0.014700
v -0.003671 0.009353 0.012700
v -0.004444 0.010879 0.013700
v -0.006856 0.021174 0.014700
v -0.006512 0.021292 0.013700
v -0.005937 0.022313 0.014700
v -0.005954 0.022108 0.012700
v -0.006055 0.021725 0.012700
v -0.006119 0.021607 0.014700
v -0.005957 0.022319 0.014700
v -0.005957 0.022319 0.012700
v 0.001346 0.021226 0.014700
v 0.001284 0.021210 0.012700
v 0.001917 0.021658 0.012700
v 0.001940 0.021693 0.014700
v -0.009600 0.020708 0.013575
v -0.011693 0.018999 0.012700
v -0.011190 0.019425 0.014700
v -0.012184 0.018381 0.014700
v -0.013962 0.015601 0.012700
v -0.014034 0.015372 0.014700
v -0.014792 0.012705 0.012700
v -0.014965 0.011272 0.013700
v -0.014941 0.010249 0.014700
v -0.014667 0.013294 0.014700
v -0.013127 0.017060 0.014700
v -0.014810 0.008812 0.014700
v -0.014589 0.007571 0.012700
v -0.003461 -0.001301 0.014700
v -0.014174 0.006377 0.014700
v -0.012874 0.003862 0.012700
v -0.013188 0.004442 0.014700
v -0.011979 0.002797 0.014700
v -0.012618 0.003594 0.014700
v -0.010508 0.001381 0.014700
v -0.009265 0.000485 0.013700
v -0.006350 -0.000862 0.012700
v -0.005576 -0.001018 0.014700
v -0.007525 -0.000403 0.014700
v -0.010941 0.001732 0.013367
v -0.003461 -0.001294 0.012700
v -0.001038 -0.001173 0.012700
v 0.000578 -0.000783 0.014700
v -0.001929 -0.001255 0.014700
v 0.002496 -0.000062 0.012700
v 0.003287 0.000438 0.014700
v 0.005872 0.002489 0.012700
v 0.006718 0.003594 0.014700
v 0.008109 0.005909 0.012700
v 0.008538 0.007233 0.014700
v 0.007750 0.005209 0.014700
v 0.005300 0.001949 0.014700
v -0.000916 -0.001125 0.014700
v 0.002007 -0.000227 0.014700
v 0.008791 0.008222 0.012700
v 0.009056 0.010248 0.013700
v 0.008892 0.012705 0.014700
v 0.009003 0.011871 0.012700
v 0.008517 0.014286 0.013700
v 0.007925 0.015797 0.012700
v 0.005598 0.019138 0.012700
v 0.006365 0.018330 0.013633
v 0.003704 0.020714 0.012700
v 0.004190 0.020359 0.014700
v 0.007318 0.016965 0.014700
v 0.008881 0.008634 0.014700
v 0.000057 0.022319 0.014700
v 0.000057 0.022319 0.012700
v 0.000050 0.022321 0.014700
v 0.000050 0.022321 0.012700
v -0.005950 0.022321 0.012700
v -0.009580 0.016634 0.012700
v -0.007815 0.021662 0.013200
v -0.007106 0.021185 0.012700
v -0.006901 0.019300 0.012700
v -0.009102 0.016288 0.012700
v -0.008775 0.015843 0.012700
v -0.006749 0.016555 0.012700
v -0.006405 0.018985 0.012700
v -0.006090 0.018488 0.012700
v 0.000050 0.023402 0.013700
v -0.006004 0.018207 0.012700
v -0.003501 0.020774 0.012700
v -0.006042 0.017452 0.012700
v -0.005975 0.017914 0.012700
v -0.006109 0.015722 0.012700
v -0.006228 0.017081 0.012700
v -0.003171 0.017977 0.012700
v -0.011249 0.013127 0.012700
v -0.009227 0.014046 0.012700
v -0.008915 0.014394 0.012700
v -0.008729 0.014765 0.012700
v -0.010695 0.012922 0.012700
v -0.010215 0.012365 0.012700
v -0.010070 0.011949 0.012700
v -0.010045 0.011397 0.012700
v -0.005474 0.015372 0.012700
v -0.005135 0.014847 0.012700
v -0.005024 0.014446 0.012700
v -0.005118 0.013691 0.013700
v -0.007255 0.012158 0.012700
v -0.006373 0.012771 0.012700
v -0.006616 0.011712 0.012700
v -0.005788 0.012957 0.012700
v -0.005340 0.013337 0.012700
v -0.006327 0.010894 0.012700
v -0.002456 0.019705 0.012700
v -0.002738 0.020250 0.012700
v 0.000054 0.022108 0.012700
v -0.002408 0.019119 0.012700
v 0.000130 0.021802 0.012700
v 0.000506 0.021331 0.012700
v 0.000417 0.020184 0.012700
v -0.002723 0.018358 0.012700
v -0.002724 0.017074 0.012700
v -0.001960 0.016641 0.012700
v -0.002187 0.016828 0.012700
v -0.001635 0.016155 0.012700
v -0.001774 0.016414 0.012700
v 0.000604 0.017465 0.012700
v -0.001519 0.015702 0.012700
v 0.000703 0.015592 0.012700
v 0.000797 0.019961 0.012700
v 0.001366 0.018798 0.012700
v 0.003424 0.018254 0.012700
v 0.004071 0.017996 0.012700
v 0.001229 0.018224 0.012700
v 0.001090 0.017965 0.012700
v 0.001379 0.015277 0.012700
v 0.004556 0.017264 0.013450
v 0.004631 0.016783 0.012700
v 0.004066 0.015602 0.012700
v 0.004519 0.016167 0.012700
v 0.005558 0.014944 0.012700
v -0.001635 0.015007 0.012700
v -0.001550 0.015288 0.012700
v -0.001873 0.014605 0.012700
v -0.002187 0.014333 0.012700
v -0.002015 0.011883 0.012700
v 0.001832 0.014711 0.012700
v 0.001946 0.013948 0.012700
v 0.002050 0.012132 0.012700
v 0.001771 0.013387 0.012700
v -0.002584 0.014141 0.012700
v -0.002691 0.012198 0.012700
v -0.001634 0.011435 0.012700
v -0.001479 0.010994 0.012700
v 0.001018 0.012710 0.012700
v 0.001402 0.012929 0.012700
v 0.000565 0.012594 0.012700
v 0.002741 0.011914 0.012700
v 0.003424 0.015312 0.012700
v 0.003705 0.015397 0.012700
v 0.006082 0.014676 0.012700
v 0.006462 0.014228 0.012700
v 0.006618 0.013202 0.012700
v 0.003317 0.011247 0.012700
v 0.006429 0.012683 0.012700
v 0.006053 0.011196 0.012700
v 0.005762 0.012107 0.012700
v -0.011393 0.010154 0.012700
v -0.010584 0.010490 0.012700
v -0.010967 0.010270 0.012700
v -0.010111 0.009090 0.012700
v -0.009799 0.008742 0.012700
v -0.009546 0.007909 0.012700
v -0.010754 0.006437 0.012700
v -0.010472 0.006523 0.012700
v -0.009630 0.007363 0.012700
v -0.009986 0.006848 0.012700
v -0.010213 0.006661 0.012700
v -0.008738 0.006092 0.012700
v -0.006996 0.009525 0.012700
v -0.006681 0.009796 0.012700
v -0.007417 0.009323 0.012700
v -0.006395 0.010310 0.012700
v -0.006085 0.008803 0.012700
v -0.005511 0.008555 0.012700
v -0.005177 0.008265 0.012700
v -0.004958 0.007882 0.012700
v -0.008024 0.005779 0.012700
v -0.004873 0.007600 0.012700
v -0.004844 0.007307 0.012700
v -0.005197 0.006332 0.012700
v -0.004910 0.006845 0.012700
v -0.007645 0.005195 0.012700
v -0.007560 0.004913 0.012700
v -0.007531 0.004620 0.012700
v -0.007643 0.004005 0.012700
v -0.008346 0.003247 0.012700
v -0.005907 0.005868 0.012700
v -0.005511 0.006060 0.012700
v -0.005622 0.004107 0.012700
v -0.004808 0.003786 0.012700
v -0.004309 0.003068 0.012700
v -0.004682 0.001545 0.012700
v -0.004496 0.001772 0.012700
v -0.004357 0.002031 0.012700
v -0.005010 0.001289 0.012700
v -0.005595 0.001103 0.012700
v -0.004272 0.002313 0.012700
v -0.001564 0.010128 0.012700
v -0.002117 0.009454 0.012700
v -0.001889 0.009641 0.012700
v -0.001703 0.009868 0.012700
v 0.001599 0.008322 0.012700
v 0.002762 0.009384 0.012700
v -0.002168 0.007154 0.012700
v -0.001698 0.006758 0.012700
v -0.001430 0.006235 0.012700
v 0.001947 0.006422 0.012700
v 0.002092 0.007423 0.012700
v 0.002007 0.007705 0.012700
v 0.003429 0.010631 0.012700
v 0.003288 0.009904 0.012700
v 0.006688 0.010847 0.012700
v 0.007138 0.009921 0.012700
v 0.007113 0.009454 0.012700
v 0.004996 0.007492 0.012700
v 0.005444 0.007111 0.012700
v 0.005648 0.006750 0.012700
v 0.006924 0.008935 0.012700
v 0.005734 0.006469 0.012700
v 0.005762 0.006176 0.012700
v -0.001939 0.004609 0.012700
v -0.001493 0.005249 0.012700
v -0.002587 0.004351 0.012700
v -0.001383 0.005649 0.012700
v -0.000814 0.003045 0.012700
v -0.001162 0.000863 0.012700
v -0.001703 0.000639 0.012700
v -0.001421 0.000724 0.012700
v -0.000556 0.002547 0.012700
v -0.000562 0.001648 0.012700
v -0.000833 0.001156 0.012700
v 0.001467 0.005865 0.012700
v 0.001868 0.004960 0.012700
v 0.005648 0.005602 0.012700
v 0.005410 0.005200 0.012700
v 0.005734 0.005883 0.012700
v 0.002961 0.004063 0.012700
v 0.005096 0.004929 0.012700
v 0.002553 0.004680 0.012700
v 0.004674 0.004727 0.012700
v 0.002511 0.002308 0.012700
v 0.002823 0.002656 0.012700
v 0.001868 0.002018 0.012700
v 0.002150 0.002103 0.012700
v 0.003077 0.003610 0.012700
v 0.003009 0.003027 0.012700
v -0.009870 0.016698 0.014700
v -0.007840 0.021685 0.014700
v -0.007438 0.021329 0.014700
v -0.006893 0.019321 0.014700
v -0.009588 0.016613 0.014700
v -0.009205 0.016394 0.014700
v -0.008777 0.015801 0.014700
v -0.008915 0.016060 0.014700
v -0.008691 0.015520 0.014700
v -0.007183 0.016443 0.014700
v -0.006901 0.016528 0.014700
v -0.005950 0.023402 0.013700
v -0.006415 0.018975 0.014700
v -0.006228 0.018747 0.014700
v -0.005954 0.018064 0.014700
v -0.003220 0.020666 0.014700
v -0.006144 0.017203 0.014700
v -0.006058 0.015706 0.014700
v -0.006521 0.016751 0.014700
v -0.005688 0.015520 0.014700
v -0.003331 0.017907 0.014700
v -0.003612 0.017822 0.014700
v -0.002584 0.017020 0.014700
v -0.011249 0.013127 0.014700
v -0.008880 0.014415 0.014700
v -0.008662 0.015126 0.014033
v -0.010967 0.013042 0.014700
v -0.009429 0.013911 0.014700
v -0.010168 0.012341 0.014700
v -0.010125 0.013709 0.014700
v -0.010708 0.012903 0.014700
v -0.010108 0.011194 0.014700
v -0.010041 0.011656 0.014700
v -0.005340 0.015208 0.014700
v -0.005019 0.014394 0.014700
v -0.005050 0.013980 0.014700
v -0.006889 0.011986 0.014700
v -0.007536 0.012243 0.014700
v -0.006443 0.011346 0.014700
v -0.005709 0.012990 0.014700
v -0.006311 0.010810 0.014700
v 0.000054 0.022108 0.014700
v -0.002589 0.020026 0.014700
v 0.000126 0.021800 0.014700
v -0.002408 0.019467 0.014700
v -0.002465 0.018842 0.014033
v 0.000303 0.021537 0.014700
v 0.000005 0.020298 0.013367
v 0.000532 0.020790 0.014700
v 0.000841 0.021224 0.014700
v -0.002657 0.018460 0.014700
v -0.002950 0.018130 0.014700
v -0.001862 0.016587 0.014700
v -0.001524 0.015755 0.014700
v 0.000136 0.017327 0.014700
v 0.000417 0.017412 0.014700
v 0.000737 0.015567 0.014700
v 0.000904 0.019859 0.014700
v 0.001172 0.019508 0.013700
v 0.001340 0.018945 0.014700
v 0.001250 0.018215 0.014700
v 0.003424 0.018254 0.014700
v 0.004192 0.017843 0.014700
v 0.003864 0.018099 0.014700
v 0.000797 0.017635 0.014700
v 0.001018 0.015482 0.014700
v 0.001420 0.015243 0.014700
v 0.001691 0.014929 0.014700
v 0.004378 0.017616 0.014700
v 0.004378 0.015949 0.014700
v 0.004107 0.015635 0.014700
v 0.004653 0.016633 0.014700
v 0.005609 0.014928 0.014700
v -0.001604 0.015035 0.014700
v -0.001960 0.014520 0.014700
v -0.002438 0.014174 0.014700
v -0.002217 0.012018 0.014700
v 0.001940 0.014355 0.014700
v 0.001832 0.013480 0.014700
v 0.002222 0.012102 0.014700
v -0.002657 0.012173 0.014700
v -0.001787 0.011656 0.014700
v -0.001506 0.011140 0.014700
v 0.000990 0.012679 0.014700
v 0.001505 0.013035 0.014700
v 0.002503 0.012017 0.014700
v 0.003282 0.015249 0.014700
v 0.006532 0.014069 0.014700
v 0.006246 0.014541 0.014700
v 0.006618 0.013787 0.014700
v 0.006665 0.013495 0.013700
v 0.002762 0.011878 0.014700
v 0.003096 0.011588 0.014700
v 0.003315 0.011205 0.014700
v 0.006475 0.010994 0.014700
v 0.006822 0.010682 0.014700
v 0.006387 0.012620 0.014700
v 0.005833 0.012154 0.014700
v 0.005439 0.012023 0.014700
v 0.006104 0.011181 0.014700
v -0.011541 0.010142 0.014700
v -0.010313 0.009224 0.014700
v -0.010730 0.010373 0.014700
v -0.010294 0.010823 0.013700
v -0.009865 0.008844 0.014700
v -0.009557 0.008205 0.013700
v -0.009661 0.008483 0.014700
v -0.009613 0.007446 0.014700
v -0.009799 0.007075 0.014700
v -0.010361 0.006535 0.014700
v -0.008594 0.006060 0.014700
v -0.006546 0.009961 0.014700
v -0.005728 0.008695 0.014700
v -0.007213 0.009385 0.014700
v -0.005181 0.008262 0.014700
v -0.004822 0.007501 0.014700
v -0.008096 0.005802 0.014700
v -0.005013 0.006596 0.014700
v -0.007784 0.005454 0.014700
v -0.007509 0.004814 0.014700
v -0.007645 0.004046 0.014700
v -0.008738 0.003149 0.014700
v -0.007970 0.003560 0.014700
v -0.008298 0.003305 0.014700
v -0.007387 0.003613 0.014700
v -0.006051 0.005836 0.014700
v -0.005532 0.006025 0.014700
v -0.005262 0.004030 0.014033
v -0.004910 0.003852 0.014700
v -0.004551 0.003523 0.014033
v -0.004357 0.003179 0.014700
v -0.005197 0.001189 0.014700
v -0.004242 0.002706 0.014033
v -0.004410 0.001844 0.014700
v -0.001461 0.010410 0.013843
v -0.001450 0.010702 0.014700
v -0.002010 0.009488 0.014700
v -0.002657 0.009230 0.014700
v -0.002587 0.007294 0.013700
v 0.000914 0.008602 0.013700
v 0.001195 0.008517 0.014700
v 0.001868 0.007964 0.014700
v 0.002080 0.009097 0.014700
v 0.001454 0.008378 0.014700
v 0.001682 0.008191 0.014700
v 0.002762 0.009384 0.014700
v -0.002170 0.007149 0.014700
v -0.001732 0.006799 0.014700
v -0.001107 0.006690 0.014700
v 0.002102 0.007464 0.014700
v 0.001952 0.006419 0.014700
v 0.002119 0.006968 0.013367
v 0.003400 0.010338 0.014700
v 0.003431 0.010752 0.014700
v 0.003315 0.010057 0.014700
v 0.003110 0.009696 0.014700
v 0.007027 0.010321 0.013700
v 0.007113 0.010040 0.014700
v 0.007123 0.009414 0.014700
v 0.004555 0.007647 0.014700
v 0.004949 0.007517 0.014700
v 0.005410 0.007152 0.014700
v 0.005679 0.008229 0.014700
v 0.005785 0.006370 0.014700
v 0.006611 0.008565 0.014700
v -0.002305 0.004437 0.014700
v -0.001703 0.003581 0.014700
v -0.001666 0.004883 0.014700
v -0.001421 0.003496 0.014700
v -0.001162 0.003357 0.014700
v -0.001362 0.005860 0.014700
v -0.000848 0.003086 0.014700
v -0.001310 0.000737 0.014700
v -0.000610 0.002684 0.014700
v -0.000496 0.002228 0.013700
v -0.000664 0.001399 0.014700
v -0.000498 0.001963 0.014700
v 0.001195 0.005745 0.014700
v 0.001868 0.004960 0.014700
v 0.001575 0.005968 0.014700
v 0.000914 0.005660 0.014700
v 0.002150 0.004875 0.014700
v 0.002511 0.004670 0.014700
v 0.005545 0.005364 0.014700
v 0.003057 0.003822 0.014700
v 0.004878 0.004788 0.014700
v 0.002823 0.004322 0.014700
v 0.002675 0.002443 0.014700
v 0.001769 0.001967 0.014700
v 0.003025 0.003077 0.014700
v -0.002630 0.022511 0.014700
v -0.001062 0.022373 0.013950
v 0.001601 0.021575 0.014200
v 0.003744 0.020385 0.013199
v 0.003274 0.020712 0.014200
v 0.000375 0.022020 0.013199
v 0.005094 0.019297 0.014200
v 0.006363 0.017906 0.014200
v 0.007549 0.016013 0.014700
v 0.008149 0.014660 0.014018
v 0.006938 0.017084 0.013199
v 0.004576 0.019749 0.013199
v -0.004333 0.022456 0.013199
v 0.008650 0.012758 0.013199
v 0.008806 0.011455 0.014700
v 0.008769 0.009489 0.013950
v 0.008164 0.006847 0.014700
v 0.007613 0.005473 0.013950
v 0.008505 0.008032 0.013199
v 0.006127 0.003206 0.014700
v 0.005133 0.002110 0.013950
v 0.002571 0.000299 0.013199
v 0.000646 -0.000521 0.013199
v 0.000756 -0.000649 0.014700
v 0.001627 -0.000153 0.013199
v 0.003984 0.001177 0.013199
v 0.006859 0.004199 0.013199
v -0.009360 -0.000993 0.013199
v -0.006783 -0.002168 0.014700
v -0.011572 0.000449 0.014700
v -0.010935 0.000028 0.013199
v -0.012217 0.001097 0.013199
v -0.014605 0.004075 0.014700
v -0.015233 0.005396 0.013199
v -0.016186 0.008530 0.014700
v -0.016088 0.008270 0.013199
v -0.016325 0.011172 0.013199
v -0.013770 0.002878 0.013199
v -0.016286 0.011319 0.014700
v -0.001394 0.023980 0.014700
v -0.003869 0.023985 0.013199
v -0.015839 0.014412 0.014700
v -0.015967 0.013659 0.013199
v -0.014828 0.016856 0.013199
v -0.015653 0.014799 0.013199
v -0.013744 0.018649 0.014700
v -0.013136 0.019332 0.013199
v -0.010304 0.021893 0.014700
v -0.010893 0.021406 0.013199
v -0.009023 0.022597 0.013199
v -0.007141 0.023353 0.014700
v -0.004941 0.023867 0.014700
v -0.006205 0.023622 0.013199
v -0.011812 0.020663 0.013199
v -0.001992 0.023963 0.013199
v 0.000810 0.023457 0.013199
v -0.000818 0.023821 0.013199
v 0.003273 0.022502 0.014700
v 0.003006 0.022582 0.013199
v 0.005912 0.020660 0.013199
v 0.006989 0.019580 0.014700
v 0.008212 0.017877 0.013199
v 0.009455 0.015547 0.014700
v 0.009100 0.016223 0.013199
v 0.009707 0.014668 0.013199
v 0.010127 0.012839 0.014700
v 0.010328 0.009720 0.014700
v 0.010298 0.010483 0.013199
v 0.009959 0.007656 0.013199
v 0.010226 0.009303 0.013199
v 0.009152 0.005141 0.014700
v 0.009390 0.005867 0.013199
v 0.008698 0.004348 0.013199
v 0.006456 0.001258 0.014700
v 0.006932 0.001855 0.013199
v 0.005754 0.000673 0.013199
v 0.001246 -0.002078 0.014700
v 0.001217 -0.002134 0.013199
v 0.007678 0.002772 0.013199
v 0.010208 0.012358 0.013199
v -0.010077 0.001259 0.014700
v -0.011341 0.002340 0.014700
v -0.012312 0.003454 0.014700
v -0.006353 -0.000612 0.014700
v -0.007914 -0.000038 0.014700
v -0.009212 0.000669 0.014700
v -0.013728 0.005761 0.014700
v -0.014810 0.010846 0.014700
v -0.014702 0.009187 0.014700
v -0.014689 0.012320 0.014700
v -0.014499 0.013349 0.014700
v -0.014219 0.014358 0.014700
v -0.013603 0.015903 0.014700
v -0.011861 0.018510 0.014700
v -0.010808 0.019549 0.014700
v -0.009993 0.020206 0.014700
v -0.008593 0.021104 0.014700
v -0.006669 0.021928 0.014700
v -0.004720 0.022383 0.014700
v -0.009989 0.001157 0.013199
v -0.011929 0.002971 0.013199
v -0.006544 -0.001364 0.013199
v -0.008298 0.000158 0.013199
v -0.013891 0.006161 0.013199
v -0.013114 0.004610 0.013700
v -0.014399 0.007597 0.014200
v -0.014714 0.009052 0.013199
v -0.014786 0.011277 0.013199
v -0.014464 0.013728 0.013199
v -0.013397 0.016282 0.013199
v -0.012665 0.017483 0.013700
v -0.011267 0.019136 0.013199
v -0.009251 0.020745 0.013199
v -0.006844 0.021869 0.013199
v 0.017490 -0.024295 0.137905
v 0.017501 -0.025721 0.137535
v 0.016979 -0.023460 0.138051
v 0.017493 -0.026609 0.136324
v 0.017767 -0.026047 0.136101
v 0.017495 -0.026617 0.134643
v 0.016805 -0.026903 0.136305
v 0.016847 -0.026413 0.133861
v 0.017451 -0.025557 0.133325
v 0.016847 -0.024635 0.132845
v 0.017490 -0.024896 0.133170
v -0.021583 -0.019250 0.104726
v -0.021519 -0.020621 0.104192
v -0.021765 -0.021073 0.103847
v -0.021685 -0.021429 0.102962
v -0.021875 -0.018958 0.104768
v -0.021920 -0.020199 0.104674
v -0.021999 -0.019914 0.099901
v -0.021835 -0.018278 0.100401
v -0.021976 -0.020628 0.104647
v -0.021961 -0.021853 0.102586
v -0.021999 -0.021939 0.103025
v -0.021856 -0.019827 0.100258
v -0.021754 -0.021478 0.102027
v -0.021529 -0.021128 0.101366
v -0.021473 -0.020804 0.100991
v -0.021957 -0.020964 0.100783
v -0.021917 -0.019869 0.032195
v -0.021911 -0.018721 0.032207
v -0.021514 -0.019645 0.036645
v -0.021720 -0.020249 0.036556
v -0.021765 -0.021073 0.035847
v -0.022000 -0.019298 0.037133
v -0.021999 -0.018774 0.031863
v -0.021954 -0.020484 0.036615
v -0.022000 -0.021160 0.036362
v -0.021549 -0.021491 0.034433
v -0.021782 -0.021615 0.034599
v -0.021643 -0.020568 0.032739
v -0.021854 -0.020910 0.032888
v -0.021691 -0.020129 0.032494
v -0.021978 -0.021743 0.035090
v -0.021972 -0.021528 0.033336
v -0.021999 -0.020774 0.032291
v -0.021558 -0.018562 0.032407
v -0.023521 -0.024715 0.133168
v -0.023578 -0.026008 0.133876
v -0.022050 -0.025545 0.132872
v -0.023249 -0.023819 0.132930
v -0.023767 -0.026109 0.135124
v -0.023583 -0.024565 0.137781
v -0.023497 -0.025854 0.137442
v -0.023371 -0.026849 0.135060
v -0.022036 -0.027031 0.136277
v -0.022068 -0.025922 0.137861
v -0.021788 -0.017135 0.033733
v -0.021709 -0.018200 0.032602
v -0.021914 -0.016972 0.034982
v -0.021978 -0.017234 0.033057
v -0.022000 -0.017436 0.032638
v -0.022000 -0.016665 0.034500
v -0.021962 -0.016856 0.034500
v -0.021678 -0.017443 0.035626
v -0.021543 -0.018284 0.036381
v -0.021921 -0.018883 0.036853
v -0.021973 -0.017439 0.036121
v -0.021978 -0.018214 0.036736
v -0.021457 -0.017345 0.101195
v -0.021591 -0.018540 0.100394
v -0.021662 -0.017146 0.102054
v -0.021716 -0.017184 0.103072
v -0.021972 -0.017947 0.100409
v -0.021963 -0.017086 0.101566
v -0.021985 -0.016800 0.102935
v -0.021691 -0.017763 0.104035
v -0.021500 -0.017790 0.104009
v -0.021916 -0.018419 0.104673
v -0.021963 -0.017629 0.104225
v -0.022000 -0.018291 0.104933
v 0.016079 -0.021826 0.137003
v 0.016016 -0.021483 0.135412
v 0.016975 -0.022255 0.133759
v 0.016000 -0.021910 0.134136
v 0.016022 -0.023295 0.132858
v 0.016000 -0.025280 0.132883
v 0.019457 0.009233 0.129218
v 0.019448 0.009177 0.130831
v 0.019494 0.010033 0.131813
v 0.019437 0.008969 0.110545
v 0.019499 0.010372 0.111857
v 0.019507 0.010348 0.108416
v 0.023000 0.009546 0.131482
v 0.023000 0.011355 0.131777
v 0.023000 0.010070 0.128676
v 0.023000 0.010702 0.128550
v 0.023000 0.009052 0.130200
v 0.023000 0.009177 0.129569
v 0.023000 0.009535 0.129033
v 0.023000 0.009535 0.111367
v 0.023000 0.010070 0.111724
v 0.023000 0.009177 0.110831
v 0.023000 0.010702 0.111850
v 0.023000 0.009720 0.108731
v 0.023000 0.009052 0.110200
v -0.029000 0.009535 0.129033
v -0.025503 0.010346 0.128417
v -0.029000 0.010070 0.128676
v -0.029000 0.009177 0.129569
v -0.029000 0.010702 0.128550
v -0.027838 0.010434 0.131907
v -0.025436 0.008969 0.130546
v -0.029000 0.009089 0.130868
v -0.029000 0.009535 0.109033
v -0.025503 0.010346 0.108417
v -0.029000 0.010070 0.108676
v -0.029000 0.009177 0.109569
v -0.029000 0.010702 0.108550
v -0.029000 0.010070 0.111724
v -0.029000 0.010702 0.111850
v -0.029000 0.009052 0.110200
v -0.025436 0.008969 0.110546
v -0.029000 0.009177 0.110831
v -0.029000 0.009535 0.111367
v -0.029000 0.009535 0.089033
v -0.025503 0.010346 0.088417
v -0.029000 0.010070 0.088676
v -0.029000 0.009177 0.089569
v -0.029000 0.010702 0.088550
v -0.029000 0.010070 0.091724
v -0.029000 0.010702 0.091850
v -0.029000 0.009052 0.090200
v -0.025436 0.008969 0.090546
v -0.029000 0.009177 0.090831
v -0.029000 0.009535 0.091367
v -0.025491 0.010032 0.068588
v -0.029000 0.011046 0.068467
v -0.029000 0.010070 0.071724
v -0.029000 0.010702 0.071850
v -0.029000 0.009088 0.069532
v -0.025436 0.008969 0.070546
v -0.029000 0.009177 0.070831
v -0.029000 0.009535 0.071367
v 0.015706 0.011720 0.031566
v 0.015322 0.014532 0.031629
v 0.014453 0.017204 0.031700
v 0.011959 0.021693 0.031624
v 0.006175 0.026581 0.031599
v 0.010169 0.023679 0.031603
v 0.003901 0.027595 0.031598
v 0.000754 0.028463 0.031635
v 0.013322 0.019673 0.031623
v -0.004102 0.028724 0.031497
v -0.002887 0.028693 0.031700
v -0.005094 0.028488 0.031700
v -0.003991 0.028591 0.031700
v -0.007259 0.028014 0.031700
v -0.010275 0.026877 0.031555
v -0.016145 0.022363 0.031900
v -0.009349 0.027277 0.048200
v -0.016875 0.021441 0.047200
v -0.014429 0.023871 0.048200
v -0.020446 0.008904 0.032700
v -0.020811 0.010510 0.048200
v -0.021020 0.013829 0.031565
v -0.020746 0.011893 0.031700
v -0.017625 0.020761 0.031700
v -0.019230 0.018245 0.048200
v -0.014325 0.024535 0.031700
v -0.015950 0.022841 0.048200
v -0.012728 0.025603 0.048200
v 0.005439 0.009641 0.204200
v 0.005084 0.010027 0.200700
v 0.006200 0.009195 0.204200
v 0.005926 0.009316 0.200700
v 0.007983 0.010350 0.204200
v 0.007966 0.011309 0.200700
v 0.007392 0.009366 0.200700
v 0.007342 0.009442 0.204200
v -0.004416 0.000527 0.200700
v -0.004566 0.001283 0.204200
v -0.003607 -0.000265 0.204200
v -0.001566 0.000608 0.200700
v -0.002919 -0.000365 0.200700
v -0.001903 0.000104 0.204200
v -0.013561 0.009641 0.204200
v -0.013916 0.010027 0.200700
v -0.014066 0.010783 0.204200
v -0.013074 0.009316 0.200700
v -0.011034 0.011309 0.200700
v -0.011608 0.009366 0.200700
v -0.012277 0.009088 0.204200
v -0.004478 0.019677 0.204200
v -0.004416 0.019527 0.200700
v -0.003300 0.018695 0.204200
v -0.001500 0.020202 0.204200
v -0.001566 0.019608 0.200700
v -0.002919 0.018635 0.200700
v -0.001903 0.019104 0.204200
v -0.014900 0.010702 0.203950
v 0.008164 0.006425 0.203511
v 0.007994 0.006148 0.203263
v 0.001989 -0.000104 0.203536
v 0.004691 0.001548 0.203347
v 0.008865 0.009807 0.203408
v -0.000701 -0.000974 0.203420
v -0.006930 -0.000587 0.203755
v -0.005121 -0.001110 0.203572
v -0.000880 -0.001229 0.203789
v -0.012436 0.003367 0.203844
v -0.009090 0.000303 0.203607
v -0.014811 0.009209 0.203772
v -0.013199 0.004276 0.203641
v -0.014448 0.014016 0.203870
v -0.011313 0.019286 0.203952
v -0.013582 0.016862 0.203551
v -0.013222 0.016794 0.203786
v -0.003000 0.022602 0.204200
v -0.005299 0.022377 0.204170
v -0.004481 0.022509 0.203960
v -0.001224 0.022473 0.204051
v 0.000198 0.022164 0.204200
v 0.003161 0.020883 0.204200
v 0.001185 0.021841 0.204055
v 0.005671 0.018852 0.204200
v 0.003768 0.020489 0.204105
v 0.007542 0.016222 0.204200
v 0.005901 0.018599 0.204152
v -0.007651 0.021709 0.204024
v -0.012424 0.018006 0.202861
v -0.010433 0.020010 0.202978
v -0.008801 0.021149 0.202859
v -0.006414 0.022172 0.203090
v -0.004300 0.022584 0.202947
v -0.014392 0.014287 0.202784
v -0.014676 0.013001 0.202860
v 0.005961 0.018535 0.203159
v 0.006667 0.017588 0.203294
v 0.008802 0.012261 0.203401
v 0.008305 0.014446 0.203239
v 0.000543 0.022101 0.203055
v -0.000701 0.022377 0.203173
v -0.024867 0.010590 0.149014
v -0.024856 0.007679 0.149086
v -0.019220 -0.003666 0.149080
v -0.007836 -0.010745 0.149102
v -0.006637 -0.010823 0.149510
v 0.018720 0.009552 0.149706
v -0.001552 -0.010950 0.149465
v 0.004646 -0.009753 0.149308
v 0.012590 -0.004403 0.149559
v 0.009090 -0.007318 0.149217
v 0.015823 -0.000097 0.149700
v 0.017282 0.002290 0.149394
v 0.017968 0.005114 0.149700
v 0.005627 -0.009275 0.149628
v 0.017065 0.002439 0.149700
v 0.018623 0.012417 0.148117
v 0.019128 0.012624 0.148590
v 0.015362 0.023567 0.148796
v 0.011971 0.027180 0.148769
v 0.016124 0.021084 0.148191
v 0.007911 0.030037 0.148193
v -0.001527 0.032665 0.148806
v -0.003000 0.032402 0.148325
v -0.008747 0.031635 0.148534
v -0.019893 0.024415 0.148656
v -0.012382 0.031147 0.149259
v -0.023599 0.017548 0.148768
v -0.023982 0.018100 0.149229
v 0.018686 0.013199 0.149474
v 0.018513 0.013542 0.149700
v 0.017418 0.018083 0.149670
v 0.016235 0.021560 0.149361
v 0.015005 0.022827 0.149665
v 0.014334 0.024720 0.149328
v 0.011010 0.027293 0.149685
v 0.012000 0.010702 0.015700
v 0.011712 0.013628 0.015700
v 0.011969 0.012182 0.016000
v 0.009431 0.019007 0.015700
v 0.010479 0.017378 0.015900
v 0.007607 0.021308 0.015880
v 0.005334 0.023174 0.015850
v 0.002740 0.024560 0.015700
v -0.000074 0.025413 0.015700
v 0.001625 0.025039 0.016000
v -0.003000 0.025702 0.015900
v -0.005926 0.025413 0.015700
v -0.008740 0.024560 0.015700
v -0.012178 0.022619 0.015900
v -0.007120 0.025192 0.016000
v -0.016040 0.018200 0.015900
v -0.016858 0.016442 0.015700
v -0.017916 0.012645 0.015900
v -0.018000 0.010702 0.015700
v 0.020453 0.004319 0.051595
v 0.021441 0.003987 0.053399
v 0.020567 0.004257 0.051816
v 0.020051 0.004416 0.050879
v 0.019601 0.004263 0.050200
v 0.020682 0.004194 0.052036
v 0.021732 0.004104 0.053832
v 0.022008 0.004413 0.054161
v 0.021877 0.004226 0.054022
v 0.020912 0.004070 0.052477
v -0.025392 0.004039 0.149338
v -0.024674 0.003006 0.149700
v -0.025635 0.004287 0.149173
v -0.029007 0.014141 0.146554
v -0.029000 0.006994 0.146437
v -0.026453 0.004319 0.148394
v -0.025916 0.004401 0.148934
v -0.028008 0.004413 0.146913
v -0.027479 0.003994 0.147319
v -0.027770 0.004130 0.147073
v -0.026912 0.004070 0.147885
v -0.026682 0.004194 0.148140
v -0.026567 0.004257 0.148267
v -0.026625 0.004226 0.148204
v 0.013809 0.007644 0.001207
v 0.014017 0.012453 0.001255
v 0.012865 0.004594 0.001500
v -0.019176 0.017157 0.000803
v -0.017135 0.020146 0.001500
v -0.015141 0.023399 0.000205
v -0.011210 0.025723 0.001286
v -0.020777 0.012827 0.000101
v -0.009782 0.027074 0.000250
v -0.004829 0.027724 0.001294
v 0.002221 0.027051 0.001099
v 0.000317 0.027375 0.001500
v 0.008059 0.023806 0.001126
v 0.011244 0.020115 0.001184
v 0.012945 0.019119 0.000026
v 0.014008 0.009680 0.016000
v 0.012146 0.002640 0.016000
v -0.019673 0.014018 0.016000
v -0.020000 0.010702 0.016000
v -0.016129 0.022110 0.016000
v -0.009506 0.026408 0.016000
v -0.002572 0.027903 0.016000
v 0.005311 0.025616 0.016000
v 0.012565 0.018465 0.016000
v 0.016738 -0.001106 0.017732
v 0.018128 0.001612 0.033000
v 0.018751 0.003037 0.017737
v 0.016705 -0.001185 0.033264
v 0.016737 -0.001107 0.046968
v 0.019210 0.004806 0.045765
v 0.020000 0.010702 0.017732
v 0.020006 0.007906 0.047078
v 0.019791 0.007611 0.017732
v 0.019395 0.005454 0.033248
v 0.018967 0.003697 0.046776
v 0.019535 0.006102 0.044500
v 0.015930 0.004782 0.050200
v 0.016682 0.009725 0.031772
v 0.016432 0.007173 0.031500
v 0.012291 -0.001798 0.047700
v 0.011125 -0.003332 0.050200
v 0.011868 -0.002298 0.047000
v 0.012067 -0.002243 0.031497
v 0.014198 0.000992 0.032200
v 0.012291 -0.001798 0.032200
v -0.022476 0.013321 0.048030
v -0.020357 0.019846 0.048074
v -0.021327 0.018063 0.049700
v -0.012533 0.027887 0.048007
v -0.015606 0.025731 0.048072
v -0.018323 0.023009 0.048001
v -0.008409 0.029639 0.047922
v -0.003292 0.030495 0.047854
v 0.005607 0.028581 0.050200
v -0.003850 0.030433 0.050200
v 0.014224 0.020551 0.050200
v -0.021971 0.006291 0.031498
v -0.022537 0.013292 0.031789
v -0.019340 0.022217 0.031500
v -0.020552 0.019950 0.032190
v -0.010806 0.029106 0.032179
v -0.010558 0.028948 0.031500
v -0.013973 0.027123 0.031500
v -0.003000 0.030452 0.032200
v -0.002503 0.030685 0.031500
v -0.016965 0.024667 0.032200
v 0.006582 0.027952 0.031599
v 0.010701 0.024791 0.031697
v 0.016220 0.014805 0.031697
v 0.013353 0.021628 0.031623
v 0.018744 0.000933 0.048534
v 0.020604 0.006115 0.049799
v 0.020573 0.006026 0.048666
v 0.014280 0.000358 0.001976
v 0.017000 0.010702 0.001994
v 0.017203 0.011452 0.016019
v 0.016642 0.006793 0.001908
v 0.014510 0.000497 0.015995
v -0.002996 -0.031688 0.006009
v -0.003000 -0.031536 0.005987
v 0.003584 -0.031364 0.006063
v -0.003000 -0.031364 0.006063
v -0.003000 -0.031313 0.006134
v 0.004842 -0.031298 0.006178
v 0.004579 -0.031312 0.006137
v -0.003000 -0.031167 0.006993
v 0.005754 -0.031251 0.006609
v -0.004600 -0.026541 0.002993
v -0.003000 -0.026150 0.003228
v -0.004600 -0.025177 0.003879
v -0.003000 -0.027298 0.003000
v -0.004600 -0.024298 0.006000
v -0.004600 -0.024706 0.007655
v -0.004600 -0.026636 0.009003
v -0.003000 -0.024147 0.005178
v 0.015500 -0.020138 0.131234
v 0.015850 -0.020841 0.130936
v 0.015500 -0.018798 0.131500
v 0.016000 -0.018798 0.131500
v 0.016000 -0.022260 0.128820
v 0.015778 -0.019694 0.124566
v 0.015611 -0.018030 0.124523
v 0.015714 -0.022032 0.126661
v 0.015500 -0.022310 0.128567
v 0.015688 -0.021273 0.125525
v 0.016000 -0.018261 0.130021
v 0.015850 -0.018100 0.130198
v 0.015500 -0.018225 0.130123
v 0.014357 0.014272 0.000311
v 0.014785 0.014348 0.000000
v 0.015439 0.010757 -0.000004
v 0.007855 0.024946 0.000106
v 0.001987 0.027971 0.000075
v 0.015272 0.015360 0.000092
v 0.004549 0.027632 0.000012
v -0.001728 0.028741 -0.000002
v -0.003850 0.028785 0.000003
v -0.005542 0.028700 -0.000083
v -0.011279 0.026929 -0.000051
v -0.020847 0.009605 0.000113
v -0.013495 0.025452 0.000003
v -0.019467 0.017566 0.000103
v -0.020901 0.014705 -0.000001
v 0.014868 0.008339 0.000004
v 0.013434 0.003276 -0.000000
v 0.012080 0.001363 0.000083
v 0.012023 -0.000915 -0.000037
v 0.012590 0.002962 0.000644
v 0.014489 0.005831 0.000000
v -0.006755 0.029582 0.048200
v -0.013695 0.026707 0.048200
v -0.019006 0.021396 0.048200
v -0.002668 0.029778 0.048232
v 0.009705 0.025796 0.047979
v 0.007695 0.026707 0.048200
v 0.004685 0.028713 0.048034
v 0.000755 0.029582 0.048200
v 0.014509 0.019779 0.047969
v 0.014785 0.018068 0.048200
v 0.016823 0.011160 0.047955
v 0.016250 0.010702 0.048200
v -0.017639 -0.001798 0.048200
v -0.018496 -0.001601 0.047989
v -0.022118 0.005881 0.047982
v -0.022282 0.009088 0.048200
v 0.016259 0.012683 0.031699
v 0.015106 0.018201 0.031744
v 0.011971 0.022988 0.031699
v 0.002406 0.029662 0.031875
v 0.006934 0.026390 0.031549
v -0.001102 0.029976 0.031699
v -0.008603 0.029174 0.031699
v -0.016428 0.024815 0.031697
v -0.020785 0.018068 0.031700
v 0.011639 -0.001798 0.031700
v 0.014352 0.002212 0.031700
v 0.015364 0.003747 0.031719
v -0.015320 0.010842 0.003390
v -0.014500 0.014465 0.003700
v -0.013771 0.016902 0.003236
v -0.014437 0.015647 0.003299
v -0.013926 0.017772 0.003200
v -0.013464 0.019297 0.003200
v -0.013821 0.018758 0.014700
v -0.011881 0.020227 0.014433
v -0.012229 0.020140 0.003200
v -0.010587 0.020127 0.013100
v -0.016292 0.008645 0.014119
v -0.016368 0.009150 0.003200
v -0.015097 0.010948 0.013100
v -0.015595 0.010573 0.003202
v 0.010016 0.009917 0.013100
v 0.007183 0.018621 0.013900
v 0.008699 0.016197 0.013580
v 0.010881 0.016461 0.014144
v 0.007630 0.021312 0.014267
v 0.004105 0.023860 0.014326
v 0.001844 0.024756 0.014249
v -0.001572 0.025594 0.014367
v -0.003130 0.025284 0.014668
v -0.006928 0.025014 0.014348
v -0.011653 0.022913 0.014551
v -0.014576 0.020175 0.014521
v -0.016189 0.017763 0.014558
v -0.017756 0.013732 0.014572
v 0.011900 0.010702 0.015700
v 0.011633 0.012298 0.014961
v 0.011614 0.013608 0.015700
v 0.010296 0.017571 0.015145
v 0.010766 0.016404 0.015700
v 0.007536 0.021237 0.015700
v 0.004502 0.023972 0.015245
v 0.005278 0.023091 0.015700
v 0.002702 0.024467 0.015700
v -0.000093 0.025315 0.015700
v -0.003582 0.025349 0.015105
v -0.003000 0.025602 0.015700
v -0.007188 0.025070 0.015358
v -0.005907 0.025315 0.015700
v -0.011278 0.023091 0.015700
v -0.014595 0.020593 0.015457
v -0.008702 0.024467 0.015700
v -0.013536 0.021237 0.015700
v -0.017619 0.013581 0.015545
v -0.017758 0.010674 0.015067
v -0.017614 0.013608 0.015700
v -0.014606 0.020238 0.015699
v -0.016766 0.016404 0.015700
v -0.017900 0.010702 0.015700
v -0.001438 -0.004293 0.013919
v 0.004520 -0.002166 0.013882
v 0.011388 0.008044 0.014332
v 0.007806 0.000435 0.013971
v 0.007953 0.001236 0.014435
v 0.011006 0.005304 0.014082
v 0.009080 0.011866 0.014700
v 0.008500 0.014465 0.015300
v 0.009185 0.009855 0.013100
v 0.008500 0.014465 0.013100
v 0.009102 0.010256 0.003928
v 0.016476 0.013099 0.050201
v 0.013741 0.019870 0.048867
v 0.015975 0.012869 0.048866
v 0.009362 0.025238 0.048200
v 0.002355 0.029022 0.049000
v 0.009848 0.025152 0.050201
v 0.014554 0.017973 0.050200
v 0.004271 0.028255 0.050200
v -0.009075 0.028818 0.048219
v -0.015362 0.025238 0.048200
v -0.017777 0.022829 0.050200
v -0.020068 0.019211 0.048867
v -0.021972 0.012734 0.049199
v -0.008117 0.029456 0.050200
v 0.008967 -0.004056 0.050200
v 0.015715 0.007151 0.050199
v 0.014176 0.002524 0.050201
v 0.014927 0.003860 0.048200
v -0.002989 -0.003633 0.012366
v -0.004119 -0.002785 0.012844
v -0.004214 -0.004240 0.012951
v -0.003966 -0.004177 0.015097
v -0.004486 -0.003821 0.013550
v -0.004269 -0.002737 0.014700
v -0.004486 -0.003497 0.014373
v -0.004224 -0.001316 0.014785
v 0.011359 0.010702 0.003659
v 0.010401 0.015438 0.003253
v 0.009016 0.018711 0.003754
v 0.000268 0.024728 0.003702
v 0.002948 0.023789 0.003682
v 0.002299 0.023729 0.003198
v -0.003390 0.024959 0.003433
v 0.005507 0.022100 0.003353
v -0.006231 0.024744 0.003584
v -0.016355 0.016080 0.003437
v -0.013485 0.020643 0.003590
v -0.017136 0.012584 0.003394
v -0.011961 0.021954 0.003916
v -0.016317 0.016541 0.003841
v -0.017476 0.009822 0.003923
v 0.011033 0.007833 0.003659
v 0.010633 0.007990 0.003200
v 0.011051 0.007904 0.003659
v -0.017089 0.008640 0.003466
v -0.016315 0.005045 0.003581
v -0.013843 0.001088 0.003556
v 0.011068 0.007974 0.003659
v -0.007314 -0.003348 0.003751
v -0.009232 -0.002521 0.003876
v -0.015136 0.002507 0.003943
v 0.011357 0.008370 0.003845
v 0.011596 0.007804 0.004181
v 0.011604 0.010702 0.003904
v 0.011414 0.008207 0.004472
v -0.001717 -0.003932 0.003745
v 0.011173 0.008397 0.003659
v 0.003056 -0.002872 0.003937
v 0.008447 0.002033 0.003659
v 0.007128 0.001719 0.002919
v 0.010615 0.006140 0.003659
v 0.007181 0.000212 0.003687
v 0.009239 0.005252 0.002910
v 0.009701 0.004004 0.003659
v 0.008917 0.002772 0.003659
v 0.011235 0.007928 0.003833
v 0.010741 0.005042 0.004161
v 0.009367 0.002498 0.004141
v 0.009757 0.003977 0.003721
v 0.010215 0.005205 0.003659
v 0.010258 0.005305 0.003659
v 0.009074 0.003019 0.003659
v 0.008856 0.002641 0.003678
v 0.008938 0.002762 0.003682
v 0.010736 0.006108 0.003783
v 0.010334 0.005234 0.003758
v 0.010319 0.005201 0.003757
v 0.011046 0.007239 0.003814
v 0.011201 0.007804 0.003830
v 0.011221 0.007875 0.003832
v 0.010170 0.017779 0.012193
v 0.008562 0.020196 0.012247
v 0.004066 0.023878 0.012321
v -0.000059 0.025434 0.012359
v -0.003855 0.025454 0.012214
v -0.008340 0.024662 0.012364
v -0.008702 0.024467 0.012512
v -0.013316 0.021542 0.012417
v -0.013536 0.021237 0.012575
v -0.016207 0.017718 0.012543
v -0.017741 0.013738 0.012594
v 0.011402 0.014688 0.004199
v 0.010134 0.017826 0.004266
v 0.008561 0.020062 0.004273
v 0.006934 0.021877 0.004233
v 0.004044 0.023901 0.004344
v 0.000921 0.025102 0.004260
v -0.001509 0.025597 0.004409
v -0.005795 0.025265 0.004337
v -0.008740 0.024478 0.004460
v -0.016476 0.017361 0.004560
v -0.014799 0.019525 0.004336
v -0.012226 0.022538 0.004491
v -0.011302 0.023075 0.004545
v -0.016766 0.016404 0.004637
v -0.017921 0.012047 0.004640
v 0.010180 0.017759 0.005210
v 0.007588 0.021353 0.005249
v 0.002835 0.024594 0.005301
v -0.003118 0.025764 0.005384
v -0.005856 0.025436 0.005507
v -0.008591 0.024230 0.005690
v -0.009093 0.024072 0.005161
v -0.013471 0.021382 0.005487
v 0.011180 0.015473 0.006211
v 0.007624 0.021327 0.006264
v 0.004724 0.023135 0.006549
v 0.001523 0.024864 0.006242
v -0.002999 0.025716 0.006388
v -0.010036 0.023895 0.006474
v -0.013391 0.021398 0.006444
v -0.013709 0.020786 0.006775
v -0.016193 0.017732 0.006547
v -0.017797 0.012407 0.006516
v -0.016766 0.016404 0.006637
v -0.017694 0.008977 0.006740
v 0.008825 0.019873 0.007208
v 0.006468 0.022276 0.007266
v 0.004021 0.023902 0.007288
v 0.001566 0.024741 0.007227
v -0.002958 0.025722 0.007404
v -0.008549 0.024543 0.007385
v -0.013333 0.021453 0.007403
v -0.013536 0.021237 0.007575
v -0.016188 0.017757 0.007565
v -0.017790 0.012350 0.007519
v -0.016766 0.016404 0.007638
v -0.017696 0.009486 0.007509
v 0.011184 0.015473 0.008224
v 0.008502 0.020156 0.008129
v 0.006504 0.022255 0.008283
v 0.002675 0.024188 0.008080
v 0.002827 0.024601 0.008298
v -0.002978 0.025722 0.008394
v -0.008842 0.024577 0.008456
v -0.008702 0.024467 0.008512
v -0.013277 0.021546 0.008431
v -0.016194 0.017742 0.008555
v -0.017766 0.013694 0.008571
v -0.017500 0.006865 0.008557
v 0.011880 0.012175 0.009149
v 0.010903 0.016138 0.009109
v 0.010766 0.016404 0.009262
v 0.008564 0.020190 0.009249
v 0.006477 0.022274 0.009273
v 0.005044 0.022958 0.009546
v 0.001564 0.024840 0.009244
v -0.002806 0.025606 0.009314
v -0.005900 0.025473 0.009396
v -0.008589 0.024270 0.009678
v -0.011302 0.023075 0.009420
v -0.013448 0.021420 0.009464
v -0.016199 0.017727 0.009545
v -0.017318 0.015005 0.009569
v -0.018020 0.010759 0.009658
v 0.011722 0.013681 0.010155
v 0.010189 0.017756 0.010215
v 0.006990 0.021939 0.010151
v 0.006461 0.022285 0.010264
v 0.004311 0.023343 0.010599
v 0.001761 0.024881 0.010307
v -0.002673 0.025620 0.010342
v -0.005859 0.025489 0.010412
v -0.008702 0.024467 0.010513
v -0.011302 0.023075 0.010420
v -0.013717 0.021277 0.010512
v -0.016190 0.017757 0.010563
v -0.017784 0.012326 0.010519
v -0.016571 0.016194 0.010838
v 0.010882 0.016555 0.011212
v 0.008535 0.020218 0.011231
v 0.004081 0.023870 0.011334
v -0.000037 0.025430 0.011368
v -0.004464 0.025582 0.011404
v -0.008452 0.024592 0.011364
v -0.008702 0.024467 0.011512
v -0.012476 0.022275 0.011504
v -0.014564 0.020188 0.011528
v -0.016199 0.017736 0.011553
v -0.017755 0.012412 0.011528
v -0.016766 0.016404 0.011638
v -0.017717 0.009084 0.011554
v -0.017695 0.007653 0.004577
v -0.016214 0.004019 0.004637
v -0.014743 0.001657 0.004651
v -0.011362 -0.001777 0.004801
v -0.005919 -0.004032 0.004852
v -0.001553 -0.004184 0.004914
v 0.001339 -0.003611 0.004938
v 0.005358 -0.001786 0.004976
v 0.008581 0.001243 0.005011
v 0.010879 0.004879 0.005059
v -0.017189 0.005939 0.005720
v -0.014636 0.001463 0.005652
v 0.011877 0.009228 0.006127
v -0.011430 -0.001594 0.005721
v -0.008809 -0.003188 0.005802
v -0.004477 -0.004180 0.005879
v -0.001106 -0.004142 0.005942
v 0.005376 -0.001770 0.005967
v 0.008567 0.001215 0.006028
v 0.010796 0.005217 0.005908
v 0.010170 0.003628 0.006079
v -0.016893 0.004898 0.006726
v -0.016766 0.005000 0.006762
v -0.014551 0.001217 0.006747
v 0.011619 0.007823 0.007170
v -0.011378 -0.001771 0.006808
v -0.005938 -0.004033 0.006859
v -0.001105 -0.004140 0.006929
v 0.005345 -0.001798 0.006983
v 0.008132 0.000907 0.006922
v 0.011184 0.005944 0.007062
v 0.010306 0.004508 0.007396
v -0.016882 0.004880 0.007717
v -0.013645 0.000101 0.007775
v -0.005915 -0.004036 0.007851
v -0.001149 -0.004150 0.007943
v 0.005367 -0.001782 0.007974
v 0.008546 0.001209 0.008033
v 0.011010 0.005546 0.007956
v 0.008622 0.001784 0.008326
v -0.017316 0.006392 0.008706
v -0.016196 0.003673 0.008729
v -0.013629 0.000086 0.008766
v 0.011880 0.009232 0.009125
v -0.007756 -0.003279 0.008648
v -0.004011 -0.004066 0.008871
v 0.000040 -0.004055 0.008934
v -0.000121 -0.003918 0.008980
v 0.004081 -0.002471 0.008951
v 0.008557 0.001227 0.009027
v 0.011305 0.006346 0.009100
v 0.010173 0.003625 0.009076
v -0.017188 0.005950 0.009729
v -0.013608 0.000069 0.009757
v 0.011880 0.009248 0.010116
v -0.010066 -0.002480 0.009820
v -0.006308 -0.003881 0.009767
v -0.003504 -0.004364 0.009918
v 0.001376 -0.003597 0.009917
v 0.005341 -0.001783 0.009981
v 0.008542 0.001197 0.010041
v 0.010882 0.004861 0.010064
v -0.017734 0.007784 0.010673
v -0.013642 0.000094 0.010774
v 0.011619 0.007823 0.011170
v -0.008834 -0.003189 0.010803
v -0.004439 -0.004182 0.010859
v -0.001079 -0.004137 0.010923
v 0.005309 -0.001812 0.010997
v 0.008551 0.001210 0.011032
v 0.011309 0.006378 0.011082
v -0.016822 0.004750 0.011659
v -0.016766 0.005000 0.011762
v -0.014563 0.001219 0.011751
v -0.011953 -0.000903 0.012059
v 0.011619 0.007823 0.012170
v -0.008721 -0.003191 0.011814
v -0.004476 -0.004185 0.011876
v -0.001109 -0.004145 0.011938
v 0.003772 -0.002522 0.011873
v 0.007623 0.000083 0.012012
v 0.010570 0.005064 0.011838
v 0.010878 0.004839 0.012072
v 0.011831 0.011590 0.013057
v 0.011195 0.015450 0.013215
v 0.008597 0.020013 0.013177
v 0.005294 0.023287 0.013315
v 0.002853 0.024592 0.013305
v -0.001152 0.025453 0.013329
v -0.005415 0.024989 0.012980
v -0.005921 0.025477 0.013378
v -0.010963 0.022975 0.013240
v -0.011333 0.023250 0.013443
v -0.014579 0.020163 0.013515
v -0.017317 0.015018 0.013580
v -0.017926 0.011743 0.013654
v -0.001887 -0.004180 0.012885
v 0.000902 -0.003678 0.012992
v 0.002392 -0.003289 0.012923
v 0.005897 -0.001280 0.012990
v 0.011885 0.009307 0.013141
v 0.010869 0.004895 0.013022
v 0.009693 0.003439 0.013290
v -0.022000 -0.003128 0.050200
v -0.024400 0.000991 0.050200
v -0.022000 -0.003881 0.049983
v -0.024143 -0.000656 0.049700
v -0.026854 0.010702 0.050054
v -0.026691 0.010702 0.050162
v -0.026473 0.006852 0.050119
v -0.026987 0.012679 0.049860
v -0.025284 0.001847 0.050022
v -0.024109 -0.000638 0.049891
v -0.026472 0.008727 0.050195
v -0.025195 0.002112 0.050145
v -0.025601 0.004263 0.050200
v -0.026656 0.006769 0.049849
v -0.022824 0.012955 0.050012
v -0.019380 -0.000360 0.049839
v -0.019468 -0.000464 0.050054
v -0.023110 0.012290 0.050174
v -0.022721 0.006777 0.050184
v -0.016961 -0.003349 0.050025
v -0.017189 -0.003746 0.050200
v -0.019667 -0.000547 0.050184
v -0.021359 0.003062 0.050079
v -0.022790 0.008790 0.049914
v -0.022008 0.005033 0.049644
v -0.021673 0.002868 0.050200
v -0.021398 -0.008811 0.061702
v -0.021656 -0.009003 0.061640
v -0.021913 -0.008972 0.061454
v -0.021438 -0.008014 0.062468
v -0.021917 -0.007972 0.062137
v -0.021676 -0.007912 0.062776
v -0.021962 -0.009298 0.061341
v -0.021985 -0.007971 0.061889
v -0.022000 -0.007448 0.063000
v -0.021976 -0.007643 0.063598
v -0.021733 -0.007954 0.063503
v -0.021642 -0.008607 0.064199
v -0.021566 -0.009791 0.064299
v -0.021781 -0.009298 0.064430
v -0.021932 -0.008928 0.064572
v -0.021999 -0.009667 0.064854
v -0.021999 -0.008262 0.064551
v -0.021215 -0.008472 0.093089
v -0.021876 -0.009307 0.092661
v -0.021507 -0.007996 0.094822
v -0.021864 -0.008067 0.093379
v -0.021728 -0.007864 0.094154
v -0.021980 -0.009137 0.092544
v -0.021985 -0.007969 0.093140
v -0.022000 -0.007448 0.094250
v -0.021967 -0.007662 0.094853
v -0.021731 -0.008254 0.095231
v -0.021525 -0.009061 0.095600
v -0.021998 -0.008570 0.096009
v -0.021952 -0.009215 0.095962
v -0.021467 -0.019663 0.100381
v -0.021371 -0.018475 0.100513
v -0.021371 -0.017778 0.100979
v -0.021371 -0.017312 0.101677
v -0.021371 -0.017148 0.102500
v -0.021371 -0.019298 0.104650
v -0.021408 -0.017495 0.103739
v -0.021371 -0.019298 0.032350
v -0.021371 -0.018475 0.032513
v -0.021371 -0.017778 0.032979
v -0.021424 -0.017216 0.033944
v -0.021371 -0.017148 0.034500
v -0.021371 -0.017312 0.035323
v -0.021371 -0.017778 0.036021
v -0.022975 0.009304 0.001522
v -0.022589 0.012995 0.000836
v -0.021234 0.009233 -0.000068
v -0.020833 0.004646 0.000182
v -0.021890 0.007384 0.000343
v -0.021856 0.004480 0.001254
v -0.022000 0.004457 0.002000
v -0.021446 0.004546 0.000618
v -0.021846 -0.020778 0.125037
v -0.021932 -0.022215 0.127090
v -0.022000 -0.019619 0.131461
v -0.021750 -0.018798 0.131500
v -0.021893 -0.022032 0.129339
v -0.021750 -0.022298 0.128000
v -0.021750 -0.020763 0.130940
v -0.022000 -0.021273 0.130475
v -0.019000 -0.013557 0.119637
v -0.019000 -0.015088 0.120852
v -0.021289 -0.013452 0.120003
v -0.021440 -0.022127 0.121300
v -0.019000 -0.010727 0.094250
v -0.021430 -0.010566 0.093646
v -0.019000 -0.010253 0.093295
v -0.021670 -0.009221 0.092815
v -0.019000 -0.007979 0.093703
v -0.019000 -0.009371 0.092840
v -0.019000 -0.010286 0.062012
v -0.019116 -0.010479 0.063312
v -0.019000 -0.007944 0.062781
v -0.019000 -0.008782 0.061753
v -0.019000 -0.008344 0.062045
v -0.019128 -0.009177 0.061706
v -0.017000 -0.023278 0.005304
v -0.021471 -0.023289 0.005536
v -0.021314 -0.024657 0.002872
v -0.017060 -0.025649 0.002268
v -0.017369 -0.031079 0.006658
v -0.016991 -0.030656 0.003904
v -0.016991 -0.028211 0.002258
v -0.004171 -0.029490 0.003808
v -0.004600 -0.027846 0.002917
v -0.004350 -0.030147 0.004861
v -0.003850 -0.027298 0.009100
v -0.003986 -0.030325 0.006806
v -0.003850 -0.028485 0.008864
v -0.004225 -0.029490 0.008192
v -0.011349 0.028948 0.026045
v -0.011000 0.025302 0.024231
v -0.011000 0.024702 0.022000
v -0.021090 0.024578 0.021342
v -0.011000 0.025006 0.020469
v -0.011001 0.027149 0.018083
v -0.015891 0.029082 0.017896
v -0.011000 0.030106 0.018267
v -0.011000 0.027690 0.024124
v -0.004350 0.026477 0.022527
v -0.004350 0.026755 0.020800
v -0.011000 0.026352 0.021878
v -0.011000 0.027439 0.020110
v -0.004350 0.027464 0.020763
v 0.006000 0.027915 0.020348
v -0.004350 0.028095 0.020045
v -0.004350 0.026971 0.021590
v -0.004350 0.028514 0.024039
v -0.004350 0.027353 0.023471
v 0.006000 0.026874 0.022095
v 0.006000 0.027720 0.023470
v 0.002744 0.030434 0.163148
v 0.007918 0.026891 0.163233
v 0.010027 0.026552 0.163082
v 0.015611 0.016854 0.163235
v 0.012609 0.024772 0.162946
v 0.016586 0.015944 0.163179
v 0.017384 0.015193 0.162940
v 0.002452 0.030849 0.162740
v -0.002966 0.031474 0.162827
v 0.010173 0.027038 0.162514
v 0.017918 0.010702 0.162408
v 0.017090 0.006938 0.163112
v 0.016160 0.006890 0.163233
v 0.015111 0.001060 0.163080
v 0.009962 -0.005083 0.163157
v 0.017183 0.004666 0.162389
v 0.009856 -0.005568 0.162952
v 0.001418 -0.009224 0.163135
v -0.003177 -0.009724 0.163100
v 0.013930 -0.002412 0.161524
v 0.003082 -0.009320 0.162713
v -0.007139 -0.010053 0.162552
v -0.001575 0.032595 0.157603
v -0.001146 0.032702 0.156949
v -0.002227 0.032534 0.158044
v 0.019344 0.015146 0.153643
v 0.018047 0.019420 0.153643
v 0.018999 0.012553 0.156957
v 0.018893 0.012124 0.157606
v 0.005709 0.032115 0.153883
v 0.019353 0.012590 0.155303
v -0.001272 0.033158 0.154888
v -0.003000 0.033483 0.153643
v 0.018832 0.011473 0.158045
v 0.019617 0.011476 0.154356
v 0.015942 0.023358 0.153643
v 0.018822 0.010318 0.158123
v 0.019781 0.010702 0.153643
v 0.019663 0.010700 0.154200
v 0.019004 0.008730 0.156897
v 0.009657 -0.008240 0.153643
v -0.001574 -0.011192 0.157602
v 0.001444 -0.011642 0.153643
v -0.000902 -0.011561 0.155647
v 0.019524 0.009297 0.154652
v 0.019053 0.004232 0.153204
v -0.003961 -0.011935 0.154413
v -0.002613 -0.011938 0.154278
v 0.013109 -0.005407 0.153643
v 0.005718 -0.010346 0.153643
v 0.018815 0.010799 0.158181
v 0.018814 0.010751 0.158190
v -0.003000 0.032514 0.158200
v 0.001487 0.033260 0.150700
v 0.007798 0.031155 0.151101
v 0.015219 0.024948 0.151271
v 0.018920 0.017983 0.151222
v -0.001243 0.033773 0.151102
v 0.020000 0.010702 0.150700
v 0.017960 -0.000173 0.151032
v 0.018249 0.001900 0.150700
v 0.014869 -0.003948 0.150675
v 0.003534 -0.011884 0.152886
v 0.005934 -0.010867 0.151309
v 0.019558 0.006215 0.150700
v -0.003000 -0.012298 0.150700
v 0.001480 0.033222 0.150509
v 0.005787 0.031916 0.150509
v 0.011466 0.028647 0.150597
v -0.003000 0.033555 0.150346
v 0.005746 0.031816 0.150346
v 0.001459 0.033116 0.150346
v 0.009697 0.029704 0.150346
v 0.005684 0.031666 0.150238
v -0.003000 0.033393 0.150238
v 0.013237 0.026938 0.150509
v 0.019910 0.013590 0.150752
v 0.019962 0.010702 0.150509
v 0.018214 0.019489 0.150509
v 0.016092 0.023459 0.150509
v 0.013160 0.026862 0.150346
v 0.018114 0.019447 0.150346
v 0.019414 0.015160 0.150346
v 0.016002 0.023398 0.150346
v 0.019521 0.006222 0.150509
v 0.019854 0.010702 0.150346
v 0.001427 0.032957 0.150238
v -0.003000 0.033202 0.150200
v 0.009607 0.029569 0.150238
v 0.012910 0.026612 0.150200
v 0.013045 0.026747 0.150238
v 0.005610 0.031489 0.150200
v 0.001390 0.032769 0.150200
v 0.009500 0.029410 0.150200
v 0.015867 0.023308 0.150238
v 0.017964 0.019385 0.150238
v 0.019255 0.015128 0.150238
v 0.015708 0.023202 0.150200
v 0.017787 0.019312 0.150200
v 0.019068 0.015091 0.150200
v 0.019500 0.010702 0.150200
v 0.019691 0.010702 0.150238
v 0.019414 0.006243 0.150346
v 0.018214 0.001914 0.150509
v 0.016092 -0.002055 0.150509
v 0.018114 0.001956 0.150346
v 0.019255 0.006275 0.150238
v 0.016002 -0.001995 0.150346
v 0.013160 -0.005458 0.150346
v 0.013237 -0.005535 0.150509
v 0.015867 -0.001905 0.150238
v 0.017964 0.002018 0.150238
v 0.009757 -0.008391 0.150509
v 0.001480 -0.011819 0.150509
v 0.005787 -0.010512 0.150509
v 0.009697 -0.008300 0.150346
v 0.001459 -0.011713 0.150346
v -0.003000 -0.012260 0.150509
v 0.005746 -0.010412 0.150346
v 0.013045 -0.005344 0.150238
v 0.019068 0.006312 0.150200
v 0.017787 0.002091 0.150200
v 0.009607 -0.008166 0.150238
v 0.012910 -0.005208 0.150200
v 0.015708 -0.001799 0.150200
v 0.009500 -0.008006 0.150200
v 0.005684 -0.010262 0.150238
v -0.003000 -0.012152 0.150346
v -0.003000 -0.011990 0.150238
v 0.001427 -0.011554 0.150238
v 0.005610 -0.010086 0.150200
v 0.001390 -0.011366 0.150200
v -0.003000 -0.011798 0.150200
v 0.003412 0.031839 0.150200
v 0.002905 0.031472 0.147700
v 0.008945 0.028578 0.147700
v 0.016685 0.020521 0.150200
v 0.015862 0.021213 0.147700
v 0.018672 0.012589 0.147646
v 0.012203 0.025904 0.147700
v -0.003000 0.032202 0.147700
v 0.018500 0.010702 0.150200
v 0.016100 -0.000210 0.150200
v 0.016219 0.000858 0.147700
v 0.010989 -0.005747 0.147700
v 0.002790 -0.010520 0.150200
v 0.003679 -0.009869 0.147697
v -0.006047 -0.010808 0.147692
v 0.018523 0.008962 0.147700
v -0.003386 0.033342 0.154278
v -0.003810 0.030702 0.154245
v -0.003394 0.030702 0.158182
v -0.004885 0.033056 0.155297
v -0.004737 0.032647 0.157256
v -0.005102 0.030702 0.156745
v 0.017000 0.012591 0.157098
v 0.017000 0.011467 0.158048
v 0.017000 0.008695 0.155875
v 0.017000 0.009909 0.158112
v 0.017000 0.008854 0.156965
v -0.003773 -0.011131 0.158044
v -0.004192 -0.009298 0.157981
v -0.002190 -0.009298 0.154245
v -0.004738 -0.011244 0.157255
v -0.005006 -0.009298 0.155874
v -0.005065 -0.010700 0.155474
v -0.025004 0.008730 0.156897
v -0.023000 0.008601 0.156747
v -0.023000 0.009936 0.158048
v -0.025004 0.012673 0.156897
v -0.023000 0.011892 0.157981
v -0.024822 0.011087 0.158123
v -0.020652 0.010289 0.192420
v -0.015004 0.002569 0.197200
v -0.013335 0.000532 0.197200
v -0.015004 0.002501 0.197238
v -0.016277 0.004874 0.197200
v -0.016277 0.004826 0.197219
v -0.011326 -0.001170 0.197200
v -0.010654 -0.001719 0.197242
v -0.004966 -0.003759 0.197251
v -0.008092 -0.003065 0.197314
v -0.013318 0.000434 0.197256
v -0.016433 0.005191 0.197250
v 0.011800 0.009664 0.197446
v -0.001322 -0.003826 0.197286
v 0.001831 -0.003112 0.197296
v 0.005682 -0.001224 0.197292
v 0.010929 0.005983 0.197311
v 0.009106 0.002634 0.197451
v 0.006864 -0.000186 0.197444
v -0.017570 0.011046 0.202532
v -0.016591 0.015848 0.202571
v -0.014668 0.019336 0.202640
v -0.017377 0.012478 0.202703
v -0.004795 0.025160 0.202815
v -0.002467 0.025407 0.202478
v -0.008706 0.024153 0.202578
v -0.008537 0.024244 0.202407
v 0.003893 0.023699 0.202388
v 0.008848 0.018618 0.203000
v 0.008527 0.019430 0.202791
v 0.009791 0.017443 0.202791
v 0.010165 0.016155 0.203000
v 0.009022 0.018695 0.202768
v 0.009081 0.019237 0.202345
v 0.007030 0.020969 0.203441
v 0.010976 0.013482 0.203000
v 0.010918 0.006571 0.203103
v 0.011181 0.013390 0.202791
v 0.009847 0.017471 0.202729
v 0.010840 0.016382 0.202289
v 0.010831 0.015325 0.202667
v 0.011696 0.013610 0.202269
v 0.012000 0.010702 0.202250
v 0.011704 0.010702 0.202546
v 0.011365 0.011863 0.202791
v 0.010708 0.015301 0.202791
v 0.011148 0.013523 0.202791
v 0.010335 0.016172 0.202791
v 0.010299 0.016255 0.202791
v 0.010478 0.015837 0.202791
v 0.010364 0.016105 0.202791
v 0.010423 0.016214 0.202693
v 0.010431 0.016197 0.202692
v 0.009159 0.018437 0.202791
v 0.008843 0.018934 0.202791
v 0.009001 0.018685 0.202791
v 0.009063 0.018634 0.202766
v 0.008941 0.018778 0.202791
v 0.008898 0.018879 0.202774
v 0.010339 0.016398 0.202698
v 0.010446 0.016163 0.202691
v 0.010400 0.016264 0.202694
v 0.010416 0.016230 0.202693
v 0.011319 0.013547 0.202618
v 0.011456 0.013049 0.202605
v 0.011329 0.013511 0.202617
v 0.011324 0.013529 0.202618
v 0.010547 0.005235 0.202635
v 0.004085 -0.002039 0.203011
v 0.000287 -0.003423 0.202748
v 0.008181 0.001483 0.202634
v 0.009954 0.004280 0.202791
v 0.002205 -0.002819 0.202762
v -0.001709 -0.003757 0.202734
v -0.004696 -0.003656 0.202762
v -0.003725 -0.003810 0.202721
v -0.008207 -0.002877 0.202681
v -0.012458 -0.000390 0.202993
v -0.013615 0.000613 0.202648
v -0.010015 -0.002043 0.202662
v -0.016282 0.004644 0.202619
v -0.016976 0.007922 0.203000
v -0.022201 0.016104 0.186149
v -0.012893 0.028018 0.186224
v -0.016789 0.024490 0.163200
v -0.020107 0.020235 0.163200
v -0.013834 0.026915 0.163200
v -0.003000 0.030202 0.186200
v -0.004578 0.030222 0.163200
v 0.006299 0.028439 0.186148
v 0.004462 0.028717 0.163200
v 0.010789 0.024490 0.163200
v 0.015950 0.016673 0.186302
v 0.013214 0.021535 0.163200
v 0.000804 0.029827 0.163200
v -0.018019 0.012181 0.189200
v -0.018389 0.014951 0.187540
v -0.016159 0.018035 0.189200
v -0.016409 0.017569 0.187200
v -0.012351 0.022513 0.189200
v -0.010860 0.024397 0.187473
v -0.007120 0.025192 0.189200
v -0.007625 0.025039 0.187200
v -0.001814 0.026378 0.189101
v 0.001625 0.025039 0.189200
v 0.006760 0.022178 0.189200
v 0.010409 0.017569 0.189200
v 0.012016 0.011915 0.189200
v 0.008476 0.020461 0.187200
v 0.001040 0.025508 0.187200
v -0.017024 0.011955 0.196400
v -0.016098 0.016127 0.196057
v -0.014024 0.019430 0.195200
v -0.009394 0.023520 0.197200
v -0.009845 0.022984 0.195200
v -0.005731 0.024433 0.195200
v -0.003000 0.024702 0.197200
v 0.004106 0.023139 0.197200
v 0.002358 0.023636 0.195200
v 0.006899 0.020601 0.195200
v 0.004778 0.022342 0.195200
v 0.010819 0.014472 0.197200
v 0.009934 0.016059 0.195200
v 0.011000 0.010702 0.195200
v 0.010731 0.013433 0.195200
v 0.008641 0.018480 0.195200
v -0.001867 0.024716 0.195200
v -0.017703 0.012444 0.202040
v -0.017768 0.013864 0.201692
v -0.015620 0.018306 0.201971
v -0.015673 0.019039 0.201739
v -0.011458 0.022954 0.201430
v -0.008936 0.024662 0.201628
v -0.003523 0.025753 0.201627
v -0.000070 0.025586 0.201568
v 0.005410 0.023329 0.201513
v 0.008511 0.020086 0.201406
v 0.011878 0.012268 0.201405
v 0.010858 0.016442 0.201313
v 0.011887 0.009624 0.201281
v -0.017656 0.010340 0.201106
v -0.017864 0.010947 0.201133
v -0.017307 0.015436 0.200723
v -0.014782 0.019899 0.200769
v -0.011357 0.023158 0.200595
v -0.004050 0.025456 0.200759
v -0.002019 0.025514 0.200553
v 0.001350 0.025114 0.200509
v 0.003360 0.024232 0.200565
v 0.007391 0.021644 0.200529
v 0.010282 0.017789 0.200394
v 0.011778 0.008705 0.200212
v -0.018000 0.010702 0.199875
v -0.018167 0.010559 0.199814
v -0.016275 0.017802 0.199736
v -0.010061 0.024007 0.199650
v -0.008031 0.024771 0.199682
v -0.002890 0.025869 0.199548
v -0.000154 0.025600 0.199540
v 0.002740 0.024560 0.199437
v 0.009022 0.019089 0.199697
v 0.006894 0.022060 0.199423
v 0.011402 0.015087 0.199355
v 0.012129 0.010746 0.199301
v -0.017896 0.012037 0.198876
v -0.017104 0.016023 0.198822
v -0.015650 0.019055 0.198738
v -0.009061 0.024124 0.198907
v -0.008858 0.024696 0.198656
v -0.004466 0.025685 0.198581
v -0.000127 0.025596 0.198552
v 0.002566 0.024346 0.198263
v 0.005357 0.023158 0.198530
v 0.007581 0.021524 0.198499
v 0.010284 0.017802 0.198390
v 0.011135 0.015421 0.198435
v 0.012128 0.010713 0.198310
v 0.011500 0.006692 0.202255
v 0.010303 0.003975 0.202160
v 0.008899 0.001685 0.202239
v 0.007050 -0.000509 0.202205
v -0.000102 -0.004016 0.202030
v 0.001640 -0.003642 0.202128
v -0.003491 -0.004108 0.202267
v -0.004672 -0.004011 0.201813
v -0.008124 -0.003457 0.202048
v -0.014140 0.000511 0.201980
v -0.011239 -0.001880 0.201962
v -0.016247 0.003506 0.201832
v -0.017512 0.006398 0.201871
v 0.010954 0.004752 0.201252
v 0.010858 0.004961 0.201187
v 0.008588 0.001335 0.201146
v 0.001808 -0.003576 0.201150
v -0.002894 -0.004466 0.201079
v -0.005716 -0.003656 0.200610
v -0.009780 -0.002625 0.201045
v -0.013712 0.000019 0.200943
v -0.016400 0.004919 0.201292
v -0.016997 0.004850 0.200909
v 0.009946 0.003324 0.200159
v 0.009070 0.001856 0.200294
v 0.006242 -0.000979 0.200108
v 0.002897 -0.003276 0.200146
v -0.001500 -0.004278 0.200071
v -0.004855 -0.004254 0.200009
v -0.009668 -0.002673 0.200056
v -0.015658 0.002344 0.199883
v -0.017282 0.006243 0.199994
v 0.011292 0.005920 0.199233
v 0.008586 0.001190 0.199287
v 0.006586 -0.000917 0.199163
v -0.017474 0.007363 0.198643
v 0.001384 -0.003708 0.199105
v 0.004112 -0.002567 0.199135
v -0.001569 -0.004049 0.199077
v -0.004889 -0.004250 0.199015
v -0.010054 -0.002528 0.199069
v -0.012037 -0.001177 0.199080
v -0.014847 0.001648 0.198839
v -0.016964 0.004773 0.198881
v 0.011243 0.006168 0.198185
v 0.008614 0.001257 0.198279
v -0.017727 0.011086 0.197579
v -0.017702 0.008581 0.197969
v 0.002351 -0.003057 0.198357
v 0.002844 -0.003299 0.198162
v -0.001546 -0.004282 0.198084
v -0.004924 -0.004246 0.198019
v -0.009988 -0.002539 0.198062
v -0.014277 0.000965 0.197994
v -0.016976 0.013482 0.203700
v -0.015675 0.017402 0.203680
v -0.012376 0.021928 0.202737
v -0.008453 0.023867 0.203700
v -0.000446 0.024515 0.204133
v 0.000740 0.024869 0.202581
v 0.010989 0.014798 0.203727
v 0.013710 0.009895 0.189350
v -0.015062 0.017424 0.204200
v -0.012491 0.021046 0.204114
v -0.007016 0.023940 0.204200
v 0.002262 0.023405 0.204200
v 0.004782 0.022348 0.204104
v 0.009985 0.015705 0.204202
v 0.010529 0.006605 0.204119
v -0.021500 0.010702 0.187200
v -0.019415 0.019476 0.187201
v -0.006663 0.029119 0.187204
v -0.016081 0.023783 0.187200
v 0.000609 0.028846 0.187200
v 0.004080 0.027793 0.187200
v 0.009037 0.024855 0.187201
v 0.015145 0.014311 0.187200
v 0.011257 0.017833 0.187631
v 0.012382 0.020980 0.187200
v -0.009472 0.009414 0.200700
v -0.007149 0.005646 0.204200
v -0.007203 0.005580 0.200700
v -0.008810 0.007726 0.204200
v -0.009487 0.010063 0.204200
v -0.004123 0.004219 0.204200
v -0.004257 0.004451 0.200700
v 0.003577 0.010865 0.204200
v -0.000891 0.004394 0.200700
v 0.002768 0.007619 0.204200
v 0.002843 0.007578 0.200700
v 0.001052 0.005583 0.204200
v -0.001108 0.004464 0.204200
v 0.000752 0.021201 0.015271
v 0.000243 0.021494 0.014700
v 0.000092 0.021654 0.015256
v -0.007029 0.021160 0.015700
v -0.007817 0.021634 0.014700
v 0.004349 0.020314 0.015700
v 0.005212 0.019451 0.015700
v 0.006578 0.017930 0.015700
v 0.007666 0.016200 0.015700
v 0.005883 0.019080 0.014700
v 0.008849 0.012971 0.015700
v 0.008708 0.013508 0.014700
v 0.001772 0.021609 0.015367
v 0.008992 0.010273 0.014700
v 0.008928 0.009067 0.015700
v -0.001976 -0.001280 0.014700
v 0.008344 0.006436 0.015700
v 0.008547 0.007236 0.014700
v 0.005319 0.001955 0.015700
v 0.006698 0.003591 0.014700
v 0.002944 0.000118 0.014700
v -0.007181 0.018746 0.015129
v -0.007646 0.018815 0.015200
v -0.006635 0.018125 0.014700
v -0.006771 0.018439 0.015367
v -0.007315 0.017024 0.014700
v -0.006647 0.017680 0.015200
v -0.007211 0.017027 0.015700
v -0.006889 0.017278 0.014700
v -0.011499 0.012451 0.003500
v -0.011202 0.012355 0.003500
v -0.011680 0.010892 0.003267
v -0.011373 0.010887 0.003500
v -0.010822 0.011875 0.003500
v -0.010797 0.011564 0.003500
v -0.010915 0.012087 0.003269
v -0.010964 0.012153 0.003500
v -0.011676 0.011848 0.002701
v -0.011414 0.011090 0.002884
v -0.011095 0.011029 0.003500
v -0.011055 0.011376 0.002977
v -0.010869 0.011341 0.003500
v -0.010881 0.011304 0.003500
v -0.011250 0.011775 0.002776
v -0.011509 0.012350 0.003037
v -0.010984 0.011792 0.002967
v -0.010893 0.011267 0.003500
v -0.011015 0.011255 0.003027
v -0.010945 0.011198 0.003331
v -0.010844 0.011687 0.003217
v -0.010845 0.011415 0.003500
v -0.011684 0.010862 0.013500
v -0.011981 0.010957 0.013500
v -0.011981 0.010957 0.003500
v -0.012219 0.011160 0.013500
v -0.012361 0.011438 0.013500
v -0.012361 0.011438 0.003500
v -0.012219 0.011160 0.003500
v -0.012386 0.011749 0.003500
v -0.012290 0.012046 0.013500
v -0.012088 0.012284 0.013500
v -0.012290 0.012046 0.003500
v -0.011810 0.012426 0.013500
v -0.011499 0.012451 0.013500
v -0.011810 0.012426 0.003500
v -0.012088 0.012284 0.003500
v -0.012441 0.010529 0.014700
v -0.012815 0.011517 0.013718
v -0.012160 0.012948 0.014700
v -0.011504 0.013013 0.013500
v -0.012628 0.012475 0.013500
v -0.005638 0.003390 0.003500
v -0.005948 0.001820 0.003500
v -0.005591 0.001857 0.003194
v -0.005636 0.001821 0.003500
v -0.005009 0.002762 0.003500
v -0.005008 0.002450 0.003500
v -0.005128 0.003050 0.003500
v -0.005266 0.003179 0.003266
v -0.005618 0.002583 0.002708
v -0.005755 0.002158 0.002799
v -0.005280 0.002283 0.002977
v -0.005098 0.002234 0.003500
v -0.005112 0.002198 0.003500
v -0.006118 0.003113 0.002862
v -0.005518 0.002963 0.002810
v -0.006016 0.003314 0.003106
v -0.005177 0.002693 0.002967
v -0.005118 0.002204 0.003337
v -0.005348 0.001941 0.003500
v -0.005251 0.002160 0.003027
v -0.005127 0.002162 0.003500
v -0.005021 0.002682 0.003275
v -0.005068 0.002306 0.003500
v -0.005948 0.001820 0.013500
v -0.006237 0.001940 0.013500
v -0.006458 0.002160 0.013500
v -0.006578 0.002448 0.013500
v -0.006458 0.002160 0.003500
v -0.006237 0.001940 0.003500
v -0.006578 0.002448 0.003500
v -0.006578 0.002760 0.013500
v -0.006578 0.002760 0.003500
v -0.006459 0.003049 0.013500
v -0.006238 0.003270 0.013500
v -0.006459 0.003049 0.003500
v -0.005950 0.003390 0.013500
v -0.005638 0.003390 0.013500
v -0.005950 0.003390 0.003500
v -0.006238 0.003270 0.003500
v -0.006847 0.001666 0.014700
v -0.007078 0.002071 0.013500
v -0.006732 0.003659 0.014700
v -0.006607 0.003694 0.013500
v -0.004982 0.003696 0.014700
v -0.010104 0.016020 0.003500
v -0.009809 0.015918 0.003500
v -0.009826 0.015885 0.003164
v -0.010139 0.014483 0.003118
v -0.010009 0.014453 0.003500
v -0.009439 0.015430 0.003500
v -0.009420 0.015119 0.003500
v -0.009576 0.015711 0.003500
v -0.010450 0.014670 0.002956
v -0.010254 0.014924 0.002761
v -0.010067 0.015064 0.002711
v -0.009728 0.014590 0.003500
v -0.009496 0.014898 0.003500
v -0.009509 0.014861 0.003500
v -0.010032 0.015406 0.002717
v -0.010335 0.015600 0.002689
v -0.009603 0.015351 0.002967
v -0.009674 0.014755 0.003106
v -0.009522 0.014824 0.003500
v -0.009496 0.014954 0.003240
v -0.009447 0.015349 0.003275
v -0.009471 0.014971 0.003500
v -0.010321 0.014434 0.013500
v -0.010616 0.014536 0.013500
v -0.010616 0.014536 0.003500
v -0.010849 0.014743 0.013500
v -0.010986 0.015024 0.013500
v -0.010986 0.015024 0.003500
v -0.010849 0.014743 0.003500
v -0.011005 0.015335 0.003500
v -0.011005 0.015335 0.013500
v -0.010903 0.015630 0.013500
v -0.010903 0.015630 0.003500
v -0.010696 0.015864 0.013500
v -0.010416 0.016001 0.013500
v -0.010416 0.016001 0.003500
v -0.010696 0.015864 0.003500
v -0.010104 0.016020 0.013500
v -0.011162 0.014155 0.014700
v -0.010958 0.014090 0.013500
v -0.011531 0.015224 0.013800
v -0.010822 0.016478 0.014700
v -0.011209 0.016109 0.013500
v 0.000459 0.014893 0.003500
v 0.000759 0.014807 0.003500
v 0.000332 0.013329 0.003267
v 0.001156 0.014341 0.003500
v 0.001191 0.014031 0.003500
v 0.001035 0.014587 0.003252
v 0.001004 0.014614 0.003500
v 0.000661 0.013391 0.003149
v 0.000348 0.013532 0.002934
v 0.000563 0.014095 0.002685
v 0.000912 0.013486 0.003500
v 0.001127 0.013806 0.003500
v 0.001117 0.013768 0.003500
v 0.000624 0.014585 0.002878
v 0.000278 0.014834 0.003186
v 0.000996 0.014253 0.002967
v 0.000958 0.013654 0.003106
v 0.001106 0.013731 0.003500
v 0.001125 0.013862 0.003240
v 0.001140 0.014152 0.003217
v 0.001149 0.013881 0.003500
v 0.000329 0.013298 0.013500
v 0.000029 0.013384 0.013500
v 0.000029 0.013384 0.003500
v -0.000216 0.013578 0.013500
v -0.000581 0.013562 0.013500
v -0.000367 0.013851 0.003500
v -0.000216 0.013578 0.003500
v -0.000403 0.014161 0.013500
v -0.000403 0.014161 0.003500
v -0.000318 0.014461 0.013500
v -0.000124 0.014706 0.013500
v -0.000318 0.014461 0.003500
v 0.000149 0.014857 0.013500
v 0.000459 0.014893 0.013500
v 0.000149 0.014857 0.003500
v -0.000124 0.014706 0.003500
v -0.000496 0.012973 0.014700
v -0.000220 0.012899 0.013500
v -0.000851 0.014624 0.013800
v -0.000283 0.015312 0.014700
v 0.000783 0.015460 0.014100
v 0.002968 0.017575 0.003500
v 0.003280 0.017558 0.003500
v 0.003194 0.015991 0.003500
v 0.003488 0.016094 0.003500
v 0.003770 0.017190 0.003500
v 0.003873 0.016895 0.003500
v 0.003611 0.017403 0.003293
v 0.003561 0.017422 0.003500
v 0.003368 0.016128 0.003080
v 0.003145 0.016332 0.002819
v 0.003727 0.016456 0.003113
v 0.003860 0.016662 0.003500
v 0.003858 0.016623 0.003500
v 0.003081 0.017350 0.002881
v 0.003344 0.017106 0.002817
v 0.003308 0.016717 0.002714
v 0.003633 0.017069 0.002967
v 0.003721 0.016302 0.003500
v 0.003856 0.016584 0.003500
v 0.003845 0.016716 0.003240
v 0.003796 0.017003 0.003217
v 0.003865 0.016740 0.003500
v 0.003194 0.015991 0.013500
v 0.002882 0.016008 0.003500
v 0.002601 0.016143 0.013500
v 0.002393 0.016375 0.013500
v 0.002601 0.016143 0.003500
v 0.002393 0.016375 0.003500
v 0.002289 0.016670 0.013500
v 0.002289 0.016670 0.003500
v 0.002306 0.016982 0.013500
v 0.002441 0.017263 0.013500
v 0.002306 0.016982 0.003500
v 0.002674 0.017471 0.013500
v 0.002968 0.017575 0.013500
v 0.002674 0.017471 0.003500
v 0.002441 0.017263 0.003500
v 0.002461 0.015491 0.014700
v 0.003013 0.015673 0.013500
v 0.002130 0.015866 0.013500
v 0.001760 0.016807 0.013500
v 0.001847 0.017467 0.014700
v 0.002164 0.017734 0.013500
v 0.003487 0.018080 0.014700
v 0.005139 0.010407 0.003500
v 0.005426 0.010530 0.003500
v 0.006087 0.009195 0.003127
v 0.006262 0.009311 0.003500
v 0.006028 0.010417 0.003500
v 0.006251 0.010199 0.003500
v 0.005614 0.010559 0.003228
v 0.005738 0.010533 0.003500
v 0.006009 0.009137 0.003194
v 0.006180 0.009888 0.002977
v 0.006093 0.009600 0.002844
v 0.006378 0.009844 0.003297
v 0.006343 0.009984 0.003500
v 0.006359 0.009948 0.003500
v 0.005393 0.010319 0.002956
v 0.005706 0.009841 0.002697
v 0.005410 0.010012 0.002726
v 0.006027 0.010255 0.003016
v 0.006378 0.009600 0.003500
v 0.006374 0.009913 0.003500
v 0.006110 0.010300 0.003237
v 0.006313 0.010056 0.003500
v 0.006044 0.009087 0.013500
v 0.005757 0.008964 0.013500
v 0.005757 0.008964 0.003500
v 0.005445 0.008961 0.013500
v 0.005155 0.009077 0.013500
v 0.005155 0.009077 0.003500
v 0.005445 0.008961 0.003500
v 0.004932 0.009295 0.003500
v 0.004932 0.009295 0.013500
v 0.004809 0.009582 0.013500
v 0.004809 0.009582 0.003500
v 0.004805 0.009894 0.013500
v 0.004921 0.010183 0.013500
v 0.004921 0.010183 0.003500
v 0.004805 0.009894 0.003500
v 0.005139 0.010407 0.013500
v 0.005609 0.008315 0.014700
v 0.004275 0.009183 0.013500
v 0.005870 0.008431 0.013500
v 0.004200 0.009730 0.014700
v 0.005242 0.011061 0.014700
v 0.004680 0.010704 0.013500
v -0.007214 0.014748 0.003500
v -0.006983 0.014958 0.003500
v -0.006729 0.014829 0.002871
v -0.005856 0.013954 0.003262
v -0.005795 0.014079 0.003500
v -0.006377 0.015049 0.003500
v -0.006095 0.014915 0.003500
v -0.006494 0.015065 0.003316
v -0.006689 0.015064 0.003500
v -0.005977 0.013833 0.003194
v -0.006285 0.013854 0.002776
v -0.006830 0.014122 0.002700
v -0.006021 0.014064 0.002937
v -0.005898 0.014518 0.003106
v -0.005780 0.014391 0.003500
v -0.005938 0.014742 0.003500
v -0.005911 0.014713 0.003500
v -0.007158 0.014287 0.002890
v -0.007307 0.014374 0.003106
v -0.006387 0.014867 0.002967
v -0.005885 0.014684 0.003500
v -0.005987 0.014770 0.003240
v -0.006225 0.014936 0.003217
v -0.005990 0.014800 0.003500
v -0.005928 0.013797 0.013500
v -0.006159 0.013587 0.013500
v -0.006159 0.013587 0.003500
v -0.006453 0.013481 0.013500
v -0.006765 0.013496 0.013500
v -0.006765 0.013496 0.003500
v -0.006453 0.013481 0.003500
v -0.007047 0.013630 0.003500
v -0.007047 0.013630 0.013500
v -0.007257 0.013861 0.013500
v -0.007257 0.013861 0.003500
v -0.007362 0.014154 0.013500
v -0.007347 0.014466 0.013500
v -0.007362 0.014154 0.003500
v -0.007347 0.014466 0.003500
v -0.007214 0.014748 0.013500
v -0.006173 0.012918 0.014700
v -0.006556 0.012861 0.013500
v -0.007881 0.013802 0.014700
v -0.007983 0.014258 0.013800
v 0.004809 0.014241 0.003500
v 0.005004 0.014261 0.003237
v 0.005384 0.012748 0.003500
v 0.005535 0.012921 0.003089
v 0.005648 0.012915 0.003500
v 0.005676 0.014046 0.003500
v 0.005843 0.013782 0.003500
v 0.005421 0.014226 0.003500
v 0.005300 0.012967 0.002934
v 0.005317 0.013517 0.002678
v 0.005828 0.013170 0.003500
v 0.005883 0.013552 0.003500
v 0.005889 0.013513 0.003500
v 0.005291 0.014175 0.003080
v 0.005594 0.013795 0.002940
v 0.005796 0.013341 0.003106
v 0.005896 0.013475 0.003500
v 0.005856 0.013601 0.003240
v 0.005616 0.014087 0.003262
v 0.005870 0.013628 0.003500
v 0.005384 0.012748 0.013500
v 0.005076 0.012695 0.013500
v 0.004772 0.012763 0.013500
v 0.004517 0.012943 0.013500
v 0.004772 0.012763 0.003500
v 0.005076 0.012695 0.003500
v 0.004517 0.012943 0.003500
v 0.004350 0.013207 0.013500
v 0.004350 0.013207 0.003500
v 0.004297 0.013515 0.013500
v 0.004365 0.013819 0.013500
v 0.004297 0.013515 0.003500
v 0.004545 0.014074 0.013500
v 0.004809 0.014241 0.013500
v 0.004545 0.014074 0.003500
v 0.004782 0.012097 0.014700
v 0.004853 0.012196 0.013500
v 0.004006 0.012748 0.013500
v 0.003740 0.013885 0.014700
v 0.003827 0.013981 0.013500
v 0.005130 0.014839 0.014700
v -0.006239 0.008092 0.003500
v -0.005951 0.007973 0.003500
v -0.006430 0.006560 0.003143
v -0.006237 0.006523 0.003500
v -0.005610 0.007465 0.003500
v -0.005609 0.007153 0.003500
v -0.005730 0.007753 0.003500
v -0.005994 0.007794 0.002908
v -0.006268 0.006884 0.002809
v -0.005948 0.006643 0.003500
v -0.005698 0.006936 0.003500
v -0.005713 0.006900 0.003500
v -0.006177 0.007377 0.002708
v -0.006264 0.007967 0.003051
v -0.005778 0.007395 0.002967
v -0.005884 0.006805 0.003106
v -0.005728 0.006864 0.003500
v -0.005695 0.006993 0.003240
v -0.005622 0.007385 0.003275
v -0.005669 0.007009 0.003500
v -0.006549 0.006523 0.013500
v -0.006837 0.006642 0.013500
v -0.006837 0.006642 0.003500
v -0.007059 0.006862 0.013500
v -0.007178 0.007150 0.013500
v -0.007178 0.007150 0.003500
v -0.007059 0.006862 0.003500
v -0.007179 0.007462 0.003500
v -0.007179 0.007462 0.013500
v -0.007060 0.007751 0.013500
v -0.007060 0.007751 0.003500
v -0.006840 0.007972 0.013500
v -0.006814 0.008337 0.013500
v -0.006552 0.008092 0.003500
v -0.006840 0.007972 0.003500
v -0.006239 0.008092 0.013500
v -0.007377 0.006322 0.014700
v -0.007156 0.006162 0.013500
v -0.007705 0.007389 0.013900
v -0.006945 0.008630 0.014700
v -0.007324 0.008234 0.013500
v -0.006143 0.008583 0.013500
v -0.007745 0.011561 0.003500
v -0.007454 0.011450 0.003500
v -0.007945 0.011562 0.003156
v -0.007813 0.010031 0.003120
v -0.007701 0.009992 0.003500
v -0.007090 0.010638 0.003500
v -0.007175 0.011056 0.003107
v -0.007227 0.011235 0.003500
v -0.008005 0.010112 0.003036
v -0.008067 0.010641 0.002713
v -0.007364 0.010264 0.003113
v -0.007174 0.010420 0.003500
v -0.007188 0.010383 0.003500
v -0.007701 0.011186 0.002807
v -0.007688 0.010627 0.002712
v -0.007266 0.010876 0.002967
v -0.007416 0.010120 0.003500
v -0.007202 0.010347 0.003500
v -0.007171 0.010476 0.003240
v -0.007122 0.010809 0.003237
v -0.007146 0.010493 0.003500
v -0.008013 0.009984 0.013500
v -0.008305 0.010095 0.013500
v -0.008305 0.010095 0.003500
v -0.008531 0.010309 0.013500
v -0.008903 0.010538 0.013500
v -0.008659 0.010594 0.003500
v -0.008531 0.010309 0.003500
v -0.008668 0.010906 0.013500
v -0.008668 0.010906 0.003500
v -0.008556 0.011198 0.013500
v -0.008342 0.011425 0.013500
v -0.008556 0.011198 0.003500
v -0.008057 0.011552 0.013500
v -0.007745 0.011561 0.013500
v -0.008057 0.011552 0.003500
v -0.008342 0.011425 0.003500
v -0.008863 0.009731 0.014700
v -0.008661 0.009660 0.013500
v -0.009066 0.011435 0.013500
v -0.009161 0.010990 0.014700
v -0.008464 0.012080 0.014700
v -0.007964 0.012091 0.013500
v -0.011002 0.008703 0.003500
v -0.010706 0.008607 0.003500
v -0.011190 0.007114 0.003500
v -0.010326 0.008126 0.003500
v -0.010302 0.007815 0.003500
v -0.010468 0.008404 0.003500
v -0.010980 0.007133 0.003257
v -0.011012 0.007454 0.002810
v -0.010854 0.007354 0.002977
v -0.010601 0.007280 0.003500
v -0.010374 0.007592 0.003500
v -0.010386 0.007555 0.003500
v -0.010937 0.008330 0.002804
v -0.010704 0.008541 0.003135
v -0.010938 0.007887 0.002701
v -0.010489 0.008043 0.002967
v -0.010549 0.007447 0.003106
v -0.010398 0.007518 0.003500
v -0.010375 0.007648 0.003240
v -0.010333 0.008045 0.003275
v -0.010350 0.007666 0.003500
v -0.011190 0.007114 0.013500
v -0.011487 0.007211 0.013500
v -0.011725 0.007413 0.013500
v -0.011866 0.007691 0.013500
v -0.011725 0.007413 0.003500
v -0.011487 0.007211 0.003500
v -0.011866 0.007691 0.003500
v -0.011891 0.008003 0.013500
v -0.011891 0.008003 0.003500
v -0.011794 0.008299 0.013500
v -0.011592 0.008537 0.013500
v -0.011794 0.008299 0.003500
v -0.011314 0.008678 0.013500
v -0.011002 0.008703 0.013500
v -0.011314 0.008678 0.003500
v -0.011592 0.008537 0.003500
v -0.012027 0.006819 0.014700
v -0.012422 0.007829 0.013800
v -0.011754 0.006735 0.013500
v -0.011662 0.009202 0.014700
v -0.010740 0.009274 0.013500
v -0.012132 0.008729 0.013500
v -0.008971 0.005413 0.003500
v -0.009191 0.003828 0.003500
v -0.008879 0.003846 0.003500
v -0.008307 0.004822 0.003500
v -0.008289 0.004511 0.003500
v -0.008443 0.005103 0.003500
v -0.008986 0.003912 0.003080
v -0.009159 0.004060 0.002934
v -0.008877 0.004533 0.002678
v -0.009014 0.004919 0.002715
v -0.008550 0.004328 0.002977
v -0.008365 0.004290 0.003500
v -0.008378 0.004253 0.003500
v -0.008618 0.005208 0.003152
v -0.009422 0.005283 0.003058
v -0.008471 0.004743 0.002967
v -0.008391 0.004216 0.003500
v -0.008598 0.003983 0.003500
v -0.008434 0.004187 0.003206
v -0.008383 0.004266 0.003330
v -0.008315 0.004741 0.003275
v -0.008340 0.004363 0.003500
v -0.009191 0.003828 0.013500
v -0.009486 0.003930 0.013500
v -0.009719 0.004138 0.013500
v -0.009855 0.004419 0.013500
v -0.009719 0.004138 0.003500
v -0.009486 0.003930 0.003500
v -0.009855 0.004419 0.003500
v -0.009874 0.004730 0.013500
v -0.009874 0.004730 0.003500
v -0.009771 0.005025 0.013500
v -0.009564 0.005258 0.013500
v -0.009771 0.005025 0.003500
v -0.009283 0.005395 0.013500
v -0.008971 0.005413 0.013500
v -0.009283 0.005395 0.003500
v -0.009564 0.005258 0.003500
v -0.010033 0.003550 0.014700
v -0.009922 0.003602 0.013500
v -0.010408 0.004567 0.013950
v -0.009621 0.005924 0.014700
v -0.008965 0.005975 0.013500
v -0.010100 0.005462 0.013500
v 0.001820 0.011429 0.003500
v 0.002129 0.011391 0.003500
v 0.002120 0.009927 0.003112
v 0.002239 0.009917 0.003500
v 0.002593 0.010991 0.003500
v 0.002677 0.010690 0.003500
v 0.002436 0.011216 0.003252
v 0.002401 0.011237 0.003500
v 0.002049 0.010201 0.002810
v 0.002485 0.010109 0.003500
v 0.002648 0.010458 0.003500
v 0.002644 0.010419 0.003500
v 0.001950 0.011314 0.003039
v 0.002026 0.010654 0.002697
v 0.002013 0.010973 0.002774
v 0.002449 0.010879 0.002967
v 0.002504 0.010282 0.003106
v 0.002639 0.010381 0.003500
v 0.002637 0.010513 0.003240
v 0.002607 0.010803 0.003217
v 0.002658 0.010535 0.003500
v 0.001938 0.009833 0.013500
v 0.001629 0.009871 0.013500
v 0.001629 0.009871 0.003500
v 0.001165 0.010271 0.013500
v 0.001357 0.010025 0.003500
v 0.001165 0.010271 0.003500
v 0.001081 0.010571 0.003500
v 0.001081 0.010571 0.013500
v 0.001119 0.010881 0.013500
v 0.001273 0.011153 0.013500
v 0.001273 0.011153 0.003500
v 0.001519 0.011345 0.013500
v 0.001820 0.011429 0.013500
v 0.001519 0.011345 0.003500
v 0.001119 0.010881 0.003500
v 0.001174 0.009384 0.014700
v 0.001008 0.009940 0.013500
v 0.000590 0.010353 0.013900
v 0.001022 0.011728 0.014700
v 0.000721 0.011286 0.013500
v -0.003711 0.020055 0.003500
v -0.003438 0.019904 0.003500
v -0.004198 0.018531 0.003500
v -0.004006 0.018536 0.003136
v -0.003192 0.019050 0.003500
v -0.003210 0.019637 0.003324
v -0.003244 0.019660 0.003500
v -0.003874 0.018711 0.002893
v -0.003588 0.018582 0.003500
v -0.003306 0.018845 0.003500
v -0.003325 0.018811 0.003500
v -0.003616 0.019799 0.002933
v -0.003803 0.019242 0.002701
v -0.004082 0.019488 0.002711
v -0.003333 0.019310 0.002967
v -0.003505 0.018735 0.003106
v -0.003344 0.018777 0.003500
v -0.003296 0.018900 0.003240
v -0.003200 0.019223 0.003237
v -0.003268 0.018913 0.003500
v -0.004198 0.018531 0.013500
v -0.004471 0.018682 0.013500
v -0.004665 0.018926 0.013500
v -0.004752 0.019226 0.013500
v -0.004752 0.019226 0.003500
v -0.004665 0.018926 0.003500
v -0.004471 0.018682 0.003500
v -0.004717 0.019536 0.003500
v -0.004717 0.019536 0.013500
v -0.004566 0.019809 0.013500
v -0.004322 0.020004 0.013500
v -0.004566 0.019809 0.003500
v -0.004022 0.020090 0.013500
v -0.003711 0.020055 0.013500
v -0.004022 0.020090 0.003500
v -0.005075 0.018400 0.014700
v -0.005043 0.018425 0.013500
v -0.005193 0.019688 0.014700
v -0.004265 0.020670 0.014700
v -0.004366 0.020549 0.013500
v -0.003358 0.020472 0.013500
v -0.005133 0.019890 0.013500
v -0.002592 0.011390 0.003500
v -0.002360 0.011181 0.003500
v -0.002462 0.010915 0.002871
v -0.003392 0.010040 0.003267
v -0.003197 0.009972 0.003142
v -0.002208 0.010588 0.003500
v -0.002312 0.010293 0.003500
v -0.002204 0.010706 0.003316
v -0.002225 0.010899 0.003500
v -0.003023 0.010260 0.002809
v -0.002999 0.010911 0.002701
v -0.002802 0.009926 0.003500
v -0.002468 0.010119 0.003500
v -0.002494 0.010090 0.003500
v -0.002848 0.011270 0.002937
v -0.002780 0.011416 0.003186
v -0.002390 0.010579 0.002967
v -0.002687 0.010057 0.003106
v -0.002521 0.010061 0.003500
v -0.002446 0.010171 0.003240
v -0.002305 0.010425 0.003217
v -0.002416 0.010177 0.003500
v -0.003408 0.010014 0.013500
v -0.003640 0.010222 0.013500
v -0.003640 0.010222 0.003500
v -0.003775 0.010504 0.013500
v -0.003792 0.010815 0.013500
v -0.003775 0.010504 0.003500
v -0.003792 0.010815 0.003500
v -0.003688 0.011110 0.013500
v -0.003688 0.011110 0.003500
v -0.003479 0.011342 0.013500
v -0.003198 0.011477 0.013500
v -0.003479 0.011342 0.003500
v -0.002886 0.011493 0.013500
v -0.002592 0.011390 0.013500
v -0.002886 0.011493 0.003500
v -0.003198 0.011477 0.003500
v -0.004292 0.010083 0.014700
v -0.004244 0.011167 0.013980
v -0.004077 0.009895 0.013500
v -0.002993 0.012113 0.014700
v -0.002606 0.011963 0.013500
v -0.003613 0.011872 0.013500
v -0.002374 0.006399 0.003500
v -0.002548 0.006491 0.003240
v -0.003222 0.005078 0.003500
v -0.002982 0.005233 0.002882
v -0.002914 0.005023 0.003500
v -0.002129 0.005838 0.003500
v -0.002185 0.005530 0.003500
v -0.002144 0.005955 0.003316
v -0.002196 0.006143 0.003500
v -0.002609 0.005089 0.003500
v -0.002515 0.005312 0.003032
v -0.002311 0.005333 0.003500
v -0.002332 0.005300 0.003500
v -0.002709 0.005860 0.002705
v -0.002626 0.006248 0.002864
v -0.002308 0.005799 0.002967
v -0.002726 0.005121 0.003111
v -0.002353 0.005268 0.003500
v -0.002297 0.005388 0.003240
v -0.002198 0.005662 0.003217
v -0.002269 0.005399 0.003500
v -0.003222 0.005078 0.013500
v -0.003484 0.005246 0.013500
v -0.003663 0.005503 0.013500
v -0.003729 0.005808 0.013500
v -0.003663 0.005503 0.003500
v -0.003484 0.005246 0.003500
v -0.003729 0.005808 0.003500
v -0.003674 0.006115 0.013500
v -0.003674 0.006115 0.003500
v -0.003505 0.006378 0.013500
v -0.003249 0.006556 0.013500
v -0.003505 0.006378 0.003500
v -0.002944 0.006622 0.013500
v -0.002637 0.006567 0.013500
v -0.002944 0.006622 0.003500
v -0.003249 0.006556 0.003500
v -0.004105 0.005005 0.014700
v -0.004072 0.005028 0.013500
v -0.003969 0.006688 0.013800
v -0.003149 0.007217 0.014700
v -0.002427 0.007103 0.013500
v 0.000754 0.007909 0.003500
v 0.001038 0.007780 0.003500
v 0.000402 0.006415 0.003131
v 0.000699 0.006341 0.003500
v 0.001361 0.007259 0.003500
v 0.001350 0.006947 0.003500
v 0.001278 0.007521 0.003252
v 0.001251 0.007552 0.003500
v 0.000897 0.006457 0.003135
v 0.001054 0.006684 0.003032
v 0.000869 0.007060 0.002761
v 0.000823 0.007548 0.002827
v 0.000374 0.007847 0.003106
v 0.001189 0.007196 0.002967
v 0.001220 0.006663 0.003500
v 0.001258 0.006790 0.003240
v 0.001317 0.007075 0.003217
v 0.000387 0.006352 0.013500
v 0.000103 0.006482 0.013500
v 0.000103 0.006482 0.003500
v -0.000109 0.006710 0.013500
v -0.000219 0.007002 0.013500
v -0.000219 0.007002 0.003500
v -0.000109 0.006710 0.003500
v -0.000208 0.007314 0.003500
v -0.000208 0.007314 0.013500
v -0.000078 0.007598 0.013500
v 0.000150 0.007811 0.013500
v 0.000150 0.007811 0.003500
v 0.000442 0.007920 0.013500
v 0.000754 0.007909 0.013500
v 0.000442 0.007920 0.003500
v -0.000403 0.006109 0.014700
v -0.000750 0.006907 0.013860
v -0.000378 0.008149 0.013500
v 0.000069 0.008473 0.014700
v 0.001075 0.008352 0.013500
v 0.001832 0.004228 0.003500
v 0.001665 0.004255 0.003269
v 0.001525 0.002689 0.003500
v 0.001728 0.002796 0.003089
v 0.001832 0.002750 0.003500
v 0.002265 0.003795 0.003500
v 0.002325 0.003489 0.003500
v 0.002208 0.003899 0.003316
v 0.002091 0.004055 0.003500
v 0.001366 0.002905 0.002956
v 0.001685 0.003181 0.002763
v 0.002091 0.002923 0.003500
v 0.002280 0.003260 0.003500
v 0.002272 0.003221 0.003500
v 0.001721 0.003606 0.002704
v 0.001525 0.003957 0.002800
v 0.001182 0.004184 0.003194
v 0.002113 0.003694 0.002967
v 0.002123 0.003095 0.003106
v 0.002265 0.003183 0.003500
v 0.002273 0.003315 0.003240
v 0.002265 0.003606 0.003217
v 0.002295 0.003336 0.003500
v 0.001525 0.002689 0.013500
v 0.001219 0.002750 0.013500
v 0.001219 0.002750 0.003500
v 0.000960 0.002923 0.013500
v 0.000786 0.003183 0.013500
v 0.000960 0.002923 0.003500
v 0.000786 0.003183 0.003500
v 0.000725 0.003489 0.013500
v 0.000725 0.003489 0.003500
v 0.000786 0.003795 0.013500
v 0.000960 0.004055 0.013500
v 0.000786 0.003795 0.003500
v 0.001219 0.004228 0.013500
v 0.001525 0.004289 0.013500
v 0.001219 0.004228 0.003500
v 0.000960 0.004055 0.003500
v 0.000730 0.002298 0.014700
v 0.000752 0.002332 0.013500
v 0.000221 0.003700 0.013500
v 0.000400 0.004341 0.014700
v 0.001246 0.004894 0.013500
v 0.002040 0.004732 0.014700
v -0.001747 0.002853 0.003500
v -0.001486 0.002682 0.003500
v -0.002344 0.001368 0.003500
v -0.002185 0.001401 0.003103
v -0.002037 0.001310 0.003500
v -0.001245 0.002119 0.003500
v -0.001303 0.001812 0.003500
v -0.001288 0.002390 0.003252
v -0.001310 0.002424 0.003500
v -0.001878 0.002056 0.002708
v -0.002012 0.001686 0.002795
v -0.001731 0.001374 0.003500
v -0.001431 0.001616 0.003500
v -0.001452 0.001583 0.003500
v -0.001681 0.002509 0.002878
v -0.002158 0.002311 0.002710
v -0.001938 0.002850 0.003186
v -0.001424 0.002082 0.002967
v -0.001638 0.001521 0.003106
v -0.001474 0.001551 0.003500
v -0.001417 0.001670 0.003240
v -0.001316 0.001943 0.003217
v -0.001388 0.001681 0.003500
v -0.002344 0.001368 0.013500
v -0.002605 0.001539 0.013500
v -0.002781 0.001796 0.013500
v -0.002845 0.002102 0.013500
v -0.002781 0.001796 0.003500
v -0.002605 0.001539 0.003500
v -0.002845 0.002102 0.003500
v -0.002788 0.002409 0.013500
v -0.002788 0.002409 0.003500
v -0.002617 0.002670 0.013500
v -0.002359 0.002846 0.013500
v -0.002617 0.002670 0.003500
v -0.002054 0.002910 0.013500
v -0.001747 0.002853 0.013500
v -0.002054 0.002910 0.003500
v -0.002359 0.002846 0.003500
v -0.003228 0.001302 0.014700
v -0.003423 0.002127 0.013777
v -0.002331 0.003472 0.014700
v -0.002797 0.003209 0.013500
v 0.003633 0.006728 0.003500
v 0.003888 0.006907 0.003500
v 0.004792 0.005625 0.003500
v 0.004959 0.005888 0.003500
v 0.004500 0.006923 0.003500
v 0.004764 0.006756 0.003500
v 0.004054 0.006960 0.003172
v 0.004193 0.006976 0.003500
v 0.004803 0.005775 0.003093
v 0.004759 0.006437 0.002977
v 0.004734 0.006137 0.002844
v 0.004962 0.006434 0.003297
v 0.004899 0.006564 0.003500
v 0.004921 0.006532 0.003500
v 0.004255 0.006396 0.002701
v 0.003963 0.006614 0.002849
v 0.004533 0.006763 0.003016
v 0.005012 0.006196 0.003500
v 0.004944 0.006501 0.003500
v 0.004605 0.006825 0.003237
v 0.004854 0.006628 0.003500
v 0.004792 0.005625 0.013500
v 0.004537 0.005445 0.013500
v 0.004537 0.005445 0.003500
v 0.004232 0.005376 0.013500
v 0.003925 0.005430 0.013500
v 0.003925 0.005430 0.003500
v 0.004232 0.005376 0.003500
v 0.003661 0.005597 0.003500
v 0.003661 0.005597 0.013500
v 0.003481 0.005852 0.013500
v 0.003481 0.005852 0.003500
v 0.003413 0.006156 0.013500
v 0.003466 0.006464 0.013500
v 0.003413 0.006156 0.003500
v 0.003466 0.006464 0.003500
v 0.003633 0.006728 0.013500
v 0.004603 0.004820 0.014700
v 0.004505 0.004878 0.013500
v 0.003441 0.005113 0.013900
v 0.002810 0.006335 0.014700
v 0.002914 0.005933 0.013500
v 0.003277 0.007163 0.013500
v -0.002805 0.016335 0.003500
v -0.002537 0.016176 0.003500
v -0.003336 0.014826 0.003500
v -0.003109 0.014860 0.003089
v -0.003027 0.014782 0.003500
v -0.002272 0.015624 0.003500
v -0.002316 0.015315 0.003500
v -0.002326 0.015893 0.003252
v -0.002349 0.015926 0.003500
v -0.003258 0.015047 0.002934
v -0.002979 0.015391 0.002696
v -0.002725 0.014859 0.003500
v -0.002435 0.015114 0.003500
v -0.002455 0.015080 0.003500
v -0.002727 0.016156 0.003023
v -0.002810 0.015840 0.002774
v -0.002449 0.015579 0.002967
v -0.002638 0.015010 0.003106
v -0.002475 0.015047 0.003500
v -0.002424 0.015169 0.003240
v -0.002335 0.015446 0.003217
v -0.002396 0.015181 0.003500
v -0.003336 0.014826 0.013500
v -0.003605 0.014985 0.013500
v -0.003792 0.015235 0.013500
v -0.003870 0.015537 0.013500
v -0.003792 0.015235 0.003500
v -0.003605 0.014985 0.003500
v -0.003870 0.015537 0.003500
v -0.003825 0.015846 0.003500
v -0.003825 0.015846 0.013500
v -0.003914 0.016337 0.013500
v -0.003417 0.016302 0.013500
v -0.003114 0.016379 0.013500
v -0.003417 0.016302 0.003500
v -0.003114 0.016379 0.003500
v -0.002805 0.016335 0.013500
v -0.004217 0.014721 0.014700
v -0.004419 0.015235 0.013500
v -0.003906 0.016694 0.014700
v -0.003633 0.016753 0.013500
v -0.002217 0.016638 0.014700
v -0.002554 0.016838 0.013500
v 0.000163 0.019507 0.003500
v -0.000001 0.019549 0.003269
v -0.000277 0.018001 0.003500
v -0.000106 0.018198 0.002891
v 0.000033 0.018035 0.003500
v 0.000556 0.019038 0.003500
v 0.000590 0.018728 0.003500
v 0.000406 0.019312 0.003500
v 0.000307 0.018185 0.003500
v 0.000335 0.018425 0.003032
v 0.000524 0.018503 0.003500
v 0.000513 0.018466 0.003500
v 0.000130 0.018926 0.002776
v 0.000133 0.019330 0.002923
v 0.000396 0.018951 0.002967
v -0.000142 0.019534 0.003194
v 0.000186 0.018182 0.003111
v 0.000502 0.018428 0.003500
v 0.000522 0.018559 0.003240
v 0.000552 0.018957 0.003275
v 0.000546 0.018578 0.003500
v -0.000277 0.018001 0.013500
v -0.000577 0.018089 0.013500
v -0.000820 0.018284 0.013500
v -0.000970 0.018558 0.013500
v -0.000820 0.018284 0.003500
v -0.000577 0.018089 0.003500
v -0.000970 0.018558 0.003500
v -0.001004 0.018868 0.013500
v -0.001004 0.018868 0.003500
v -0.000916 0.019168 0.013500
v -0.000721 0.019411 0.013500
v -0.000916 0.019168 0.003500
v -0.000447 0.019561 0.013500
v -0.000137 0.019595 0.013500
v -0.000447 0.019561 0.003500
v -0.000721 0.019411 0.003500
v -0.001104 0.017681 0.014700
v -0.001079 0.017713 0.013500
v -0.001449 0.019335 0.013827
v -0.000811 0.020073 0.014700
v -0.000398 0.020105 0.013500
v 0.002027 0.014154 0.214974
v 0.002678 0.013816 0.200700
v 0.003000 0.010702 0.214950
v 0.002072 0.007244 0.214926
v -0.001939 0.004802 0.215100
v 0.000570 0.005758 0.200700
v 0.003266 0.011026 0.200700
v 0.001066 0.006636 0.215200
v 0.002750 0.010702 0.225478
v 0.002613 0.009453 0.215761
v 0.002345 0.008635 0.215368
v 0.002640 0.009584 0.215964
v 0.002741 0.010034 0.225426
v -0.008307 0.011708 0.225973
v -0.006872 0.013471 0.226138
v -0.004722 0.014859 0.226200
v -0.008750 0.010702 0.225478
v -0.004414 0.016069 0.225878
v -0.001752 0.016141 0.225732
v 0.000769 0.013315 0.226202
v 0.002406 0.011998 0.225730
v -0.000198 0.014564 0.226136
v 0.000364 0.014055 0.226056
v -0.001931 0.016596 0.215076
v 0.001066 0.014767 0.215200
v 0.002921 0.010810 0.215239
v -0.002738 0.004786 0.215479
v -0.006698 0.007682 0.218862
v -0.000941 0.015360 0.220334
v -0.007600 0.008584 0.220417
v -0.000115 0.014534 0.219083
v -0.005149 0.006133 0.219991
v 0.001596 0.012823 0.220700
v 0.001095 0.013324 0.219142
v 0.019497 0.013716 0.050198
v 0.016790 0.021599 0.050201
v -0.019082 0.026324 0.052670
v 0.012746 0.026981 0.052200
v 0.019394 0.013565 0.052456
v 0.008237 0.030375 0.050200
v -0.011610 0.031489 0.052890
v -0.012915 0.030805 0.052589
v -0.003644 0.033192 0.052486
v -0.000532 0.033134 0.052793
v 0.017893 0.019219 0.052486
v 0.010754 0.028509 0.052321
v 0.014219 0.025291 0.052596
v 0.014718 0.024437 0.052262
v 0.007649 0.030633 0.052690
v 0.000141 0.032981 0.052447
v 0.005707 0.031357 0.052384
v -0.007347 0.032778 0.052841
v -0.009352 0.032340 0.052202
v -0.018150 0.027581 0.050201
v -0.024951 0.016472 0.050201
v -0.025604 0.008742 0.050202
v -0.020462 0.025032 0.053011
v -0.023388 0.020017 0.052752
v -0.024548 0.017583 0.053087
v -0.025450 0.012764 0.052810
v -0.025531 0.009524 0.053181
v -0.025515 0.009553 0.052200
v -0.023035 0.000077 0.050200
v -0.023679 0.001378 0.052201
v -0.015738 -0.007846 0.050200
v -0.015942 -0.007805 0.052201
v 0.009983 -0.007816 0.052206
v 0.009738 -0.007846 0.050200
v 0.019520 0.009316 0.052388
v 0.018902 0.005550 0.052367
v -0.025279 0.005997 0.051199
v -0.023871 0.001500 0.052198
v -0.025793 0.009816 0.052200
v -0.021589 -0.002448 0.051199
v -0.020180 -0.004212 0.052200
v -0.018293 -0.006712 0.050208
v -0.016564 -0.007766 0.052199
v 0.019313 0.015140 0.052200
v 0.019750 0.010702 0.050200
v 0.015916 0.023341 0.052200
v 0.016959 0.021824 0.050200
v 0.018018 0.019408 0.052200
v 0.009499 0.029627 0.052200
v 0.012894 0.026799 0.050201
v 0.001438 0.033014 0.052200
v -0.000052 0.033158 0.050200
v 0.005706 0.031720 0.050200
v 0.003797 0.032412 0.052198
v 0.019750 0.010702 0.052200
v -0.002835 0.033379 0.051700
v -0.009248 0.032679 0.052200
v -0.009845 0.032409 0.050201
v -0.020575 0.025173 0.052199
v -0.014683 0.030213 0.050200
v -0.015855 0.029347 0.052200
v -0.023596 0.020423 0.050866
v -0.021916 0.023341 0.050200
v -0.025034 0.015891 0.052200
v -0.021916 0.023341 0.052200
v 0.013000 -0.020176 0.105943
v 0.016257 -0.019298 0.106000
v -0.022008 -0.021112 0.101288
v -0.021371 -0.020121 0.100513
v -0.021407 -0.021439 0.102127
v -0.022004 -0.018408 0.100630
v -0.022003 -0.017249 0.102500
v -0.022088 -0.021852 0.133963
v -0.022000 -0.022662 0.133234
v -0.022069 -0.021724 0.136727
v -0.022979 -0.023788 0.138136
v -0.022046 -0.023056 0.138156
v -0.022014 -0.021494 0.135766
v -0.005341 -0.023671 0.149700
v -0.004334 -0.024461 0.150000
v -0.003000 -0.024798 0.149871
v -0.000659 -0.023671 0.149700
v -0.000500 -0.022298 0.150000
v -0.001250 -0.024240 0.150000
v 0.001374 -0.024057 0.149707
v -0.000844 -0.026540 0.149616
v 0.002000 -0.022798 0.148216
v 0.001982 -0.025079 0.146122
v -0.005628 -0.026191 0.149656
v -0.007374 -0.024057 0.149708
v -0.007284 -0.026044 0.145997
v -0.008000 -0.021799 0.148216
v -0.004893 -0.027051 0.149468
v -0.008000 -0.024045 0.147470
v -0.007732 -0.023650 0.142351
v -0.007173 -0.024295 0.142494
v -0.006393 -0.025667 0.142424
v -0.005710 -0.026489 0.142332
v -0.006509 -0.025807 0.141809
v -0.003000 -0.027152 0.142354
v -0.003000 -0.027260 0.142191
v -0.001792 -0.026916 0.142471
v -0.004722 -0.026456 0.142500
v -0.000230 -0.026513 0.142218
v -0.007507 -0.023026 0.141498
v -0.006362 -0.025698 0.141576
v -0.007179 -0.024282 0.141507
v -0.007758 -0.023589 0.141624
v -0.007962 -0.022298 0.141809
v -0.003899 -0.026850 0.141491
v -0.001950 -0.027030 0.141561
v -0.004057 -0.027211 0.141742
v -0.002272 -0.026808 0.142501
v 0.000432 -0.025730 0.142354
v 0.001966 -0.023353 0.142169
v -0.001101 -0.026883 0.141809
v 0.000261 -0.025594 0.142486
v 0.001290 -0.024095 0.142480
v 0.000475 -0.025696 0.141596
v 0.001811 -0.022298 0.142435
v 0.001507 -0.023026 0.141498
v 0.001815 -0.022584 0.141560
v 0.001560 -0.024193 0.141735
v -0.027320 -0.022466 0.115364
v -0.027008 -0.023143 0.115660
v -0.026979 -0.023832 0.116556
v -0.027483 -0.023264 0.116233
v -0.027985 -0.022329 0.116087
v -0.027865 -0.022431 0.115769
v -0.026607 -0.024048 0.116733
v -0.027046 -0.024081 0.117918
v -0.027321 -0.015131 0.120636
v -0.027006 -0.014461 0.120349
v -0.026979 -0.013765 0.119444
v -0.027483 -0.014333 0.119767
v -0.027985 -0.015268 0.119913
v -0.027865 -0.015166 0.120230
v -0.026445 -0.013363 0.118882
v -0.027046 -0.013516 0.118082
v -0.027228 -0.021966 0.120920
v -0.019000 -0.024298 0.118000
v -0.026562 -0.024259 0.118564
v -0.026940 -0.023563 0.119969
v -0.019000 -0.023206 0.120440
v 0.013000 -0.021298 0.121000
v 0.013001 -0.023799 0.119984
v 0.013044 -0.024468 0.117981
v -0.022003 -0.017362 0.035302
v -0.022001 -0.018978 0.036488
v -0.022005 -0.021061 0.035678
v -0.021371 -0.020819 0.036021
v -0.021371 -0.021285 0.035323
v -0.021371 -0.021449 0.034500
v -0.021371 -0.020121 0.036487
v 0.028392 -0.007096 0.094584
v 0.026000 -0.007018 0.094425
v 0.026689 -0.007156 0.092649
v 0.026000 -0.009249 0.091795
v 0.028509 -0.009366 0.092252
v 0.028255 -0.010786 0.092516
v 0.026000 -0.009850 0.092031
v 0.026000 -0.011258 0.093071
v 0.028268 -0.011623 0.094567
v 0.028500 -0.007305 0.094083
v 0.028500 -0.007521 0.093333
v 0.028500 -0.008007 0.092723
v 0.028500 -0.008690 0.092345
v 0.028500 -0.010215 0.092473
v 0.028507 -0.011248 0.093514
v 0.027072 -0.009211 0.095058
v 0.027255 -0.010424 0.094495
v 0.028404 -0.007273 0.062115
v 0.026000 -0.007191 0.062069
v 0.028390 -0.007326 0.064194
v 0.026000 -0.007588 0.064628
v 0.026000 -0.007533 0.061332
v 0.026610 -0.008051 0.060612
v 0.026000 -0.010217 0.060921
v 0.028617 -0.008397 0.064200
v 0.028500 -0.007328 0.063344
v 0.028500 -0.007662 0.061850
v 0.028500 -0.008227 0.061311
v 0.028500 -0.008954 0.061030
v 0.027250 -0.008936 0.063967
v 0.027072 -0.009717 0.063697
v 0.027255 -0.010343 0.062515
v 0.025200 0.012994 0.087356
v 0.027754 0.012586 0.087212
v 0.025200 0.012442 0.093415
v 0.025237 0.014167 0.091488
v 0.027763 0.012411 0.093300
v 0.027999 0.010914 0.093494
v 0.027993 0.012297 0.093183
v 0.027827 0.014179 0.090289
v 0.027999 0.014001 0.090535
v 0.027879 0.013085 0.092704
v 0.028000 0.013707 0.089044
v 0.027883 0.013855 0.091606
v 0.027981 0.014064 0.090607
v 0.027879 0.013932 0.088970
v 0.027999 0.013706 0.088871
v 0.027993 0.012792 0.087558
v 0.027918 0.012090 0.087077
v 0.027794 0.010118 0.086687
v 0.027827 0.013224 0.087804
v 0.027981 0.010787 0.086857
v 0.027974 0.009495 0.087063
v 0.027666 0.010370 0.088986
v 0.028063 0.010704 0.088646
v 0.025200 0.009996 0.066605
v 0.027720 0.009443 0.066934
v 0.025200 0.012993 0.067355
v 0.027805 0.012118 0.067012
v 0.025200 0.014153 0.071254
v 0.027882 0.013684 0.072070
v 0.025200 0.012343 0.073448
v 0.027769 0.012527 0.073243
v 0.027990 0.012520 0.073051
v 0.027990 0.014047 0.070591
v 0.027996 0.013833 0.069146
v 0.027898 0.012576 0.073162
v 0.027964 0.014115 0.070753
v 0.027827 0.013948 0.068949
v 0.027918 0.013891 0.068971
v 0.027991 0.013084 0.067917
v 0.027958 0.012063 0.067109
v 0.027853 0.013219 0.067800
v 0.028002 0.010783 0.066913
v 0.027858 0.010796 0.066724
v 0.027956 0.009483 0.067045
v 0.027666 0.010369 0.068987
v 0.027991 0.010765 0.068688
v 0.025489 0.009243 0.070288
v 0.025200 0.010702 0.073950
v 0.025200 0.008597 0.073349
v 0.029000 0.008406 0.073636
v 0.025200 0.006939 0.069593
v 0.029000 0.006952 0.070200
v 0.025200 0.007857 0.067897
v 0.029000 0.008642 0.066688
v 0.025200 0.010702 0.093950
v 0.025200 0.010702 0.086450
v 0.029000 0.009183 0.093866
v 0.029000 0.006939 0.090807
v 0.025200 0.007022 0.089625
v 0.025200 0.008089 0.087712
v 0.029000 0.008642 0.086688
v 0.025200 0.009603 0.086722
v 0.026000 -0.009780 0.065475
v 0.029000 -0.009298 0.065500
v 0.029000 -0.010255 0.065310
v 0.026000 -0.011279 0.064469
v 0.026000 -0.009703 0.060492
v 0.029000 -0.011924 0.063522
v 0.026000 -0.011809 0.062501
v 0.029000 -0.009983 0.060374
v 0.029000 -0.010936 0.096414
v 0.026000 -0.011513 0.095526
v 0.029000 -0.010255 0.091940
v 0.029000 -0.009298 0.091750
v 0.026000 -0.011807 0.093845
v 0.029000 -0.011659 0.093126
v 0.026000 -0.010786 0.092190
v -0.018546 -0.025136 0.003142
v -0.017000 -0.024359 0.004036
v -0.017000 -0.025959 0.002766
v -0.018119 -0.023896 0.006000
v -0.018546 -0.025136 0.008858
v -0.017000 -0.027298 0.009500
v -0.018834 -0.027298 0.009109
v -0.018957 -0.024345 0.004905
v -0.019080 -0.026375 0.008770
v -0.018867 -0.024721 0.007764
v -0.019379 -0.025119 0.006551
v -0.019408 -0.026871 0.003889
v -0.018973 -0.026663 0.002991
v -0.019377 -0.029425 0.005550
v -0.019540 -0.028251 0.005505
v -0.019551 -0.027821 0.005155
v -0.019274 -0.029017 0.004124
v -0.018857 -0.026168 0.005538
v -0.019366 -0.025182 0.005544
v -0.019549 -0.026718 0.005228
v -0.015000 -0.029696 0.011500
v -0.018926 -0.030298 0.011500
v -0.019020 -0.029762 0.011487
v -0.009500 -0.023880 0.011253
v -0.015000 -0.025692 0.010576
v 0.001000 -0.029503 0.011500
v 0.013000 -0.029503 0.011500
v 0.013000 -0.030298 0.011500
v 0.001000 -0.022826 0.011500
v -0.003000 -0.030819 0.002000
v -0.003850 -0.027298 0.002000
v -0.003850 -0.030819 0.002000
v -0.015000 -0.022826 0.002000
v -0.015000 -0.027298 0.002000
v -0.003000 -0.025510 0.002000
v 0.021000 -0.025510 0.002000
v 0.001000 -0.022826 0.002000
v 0.021000 -0.022570 0.002000
v 0.001000 -0.022570 0.002000
v -0.015000 -0.023377 0.004526
v -0.015000 -0.022826 0.010000
v -0.015000 -0.025776 0.002263
v -0.015000 -0.024042 0.008323
v -0.015000 -0.022862 0.010040
v -0.015000 -0.023535 0.007356
v -0.015000 -0.028556 0.009996
v -0.014250 -0.022826 0.010035
v -0.019000 -0.022862 0.010040
v -0.019000 -0.022826 0.010035
v -0.009500 -0.022862 0.009918
v -0.019000 -0.022826 0.010000
v 0.001000 -0.022826 0.009338
v 0.001000 -0.026442 0.010096
v 0.001000 -0.029503 0.009338
v 0.013000 -0.008298 0.011500
v 0.001000 -0.009298 0.011500
v 0.001000 -0.008298 0.011500
v 0.013000 -0.009298 0.011500
v 0.013000 -0.029503 0.086250
v 0.013000 -0.029503 0.101257
v 0.013000 -0.030298 0.086250
v 0.013000 -0.030298 0.101750
v 0.013127 -0.007979 0.031073
v 0.013000 -0.009298 0.060000
v 0.013000 -0.027871 0.101750
v 0.013000 -0.016026 0.101257
v 0.013000 -0.022570 0.101257
v 0.013000 -0.023959 0.102201
v 0.013000 -0.007846 0.031500
v 0.013000 -0.007698 0.060462
v 0.013000 -0.007846 0.051923
v 0.013000 -0.007629 0.051639
v 0.013000 -0.007698 0.065538
v 0.013000 -0.007698 0.096788
v 0.013000 -0.009298 0.097250
v 0.013000 -0.007698 0.091712
v 0.013000 -0.009298 0.091250
v 0.013000 -0.007629 0.132700
v 0.013000 -0.007846 0.109257
v 0.013000 -0.009298 0.066000
v 0.013000 -0.024391 0.109257
v 0.013000 -0.027871 0.103250
v 0.013000 -0.029906 0.109257
v 0.013000 -0.030298 0.103250
v 0.013000 -0.022803 0.103300
v 0.012790 -0.030304 0.109483
v 0.013000 -0.021211 0.107316
v 0.013000 -0.018876 0.109257
v 0.013000 -0.014623 0.102408
v 0.013000 -0.015816 0.103345
v 0.013000 -0.016118 0.109257
v 0.013000 -0.009298 0.101257
v 0.013000 -0.017386 0.107316
v 0.013000 -0.007846 0.132700
v 0.013000 -0.018398 0.105882
v 0.013000 -0.029503 0.033750
v 0.013000 -0.030298 0.033750
v 0.021000 -0.025635 0.002044
v 0.021000 -0.025705 0.002156
v 0.021000 -0.025689 0.002288
v 0.021000 -0.025595 0.002381
v 0.021000 -0.024707 0.002953
v 0.021000 -0.024000 0.003737
v 0.021000 -0.024944 0.009304
v 0.021000 -0.022570 0.009338
v 0.021000 -0.023710 0.007768
v 0.021000 -0.023523 0.004679
v 0.021000 -0.023309 0.005713
v 0.021000 -0.023373 0.006767
v -0.003850 -0.031665 0.086250
v 0.020052 -0.030501 0.086250
v -0.018052 -0.030920 0.086250
v -0.018926 -0.030298 0.086250
v -0.018580 -0.030737 0.086250
v -0.003850 -0.031754 0.086250
v 0.020419 -0.030411 0.086250
v 0.020725 -0.030191 0.086250
v 0.020929 -0.029873 0.086250
v 0.021000 -0.029503 0.086250
v 0.020419 -0.030411 0.033750
v 0.020052 -0.030501 0.033750
v -0.003850 -0.031665 0.033750
v 0.020725 -0.030191 0.033750
v 0.020929 -0.029873 0.033750
v 0.021000 -0.029503 0.033750
v -0.018052 -0.030920 0.033750
v -0.018580 -0.030737 0.033750
v -0.018926 -0.030298 0.033750
v -0.003850 -0.031754 0.033750
v 0.020934 -0.029860 0.101222
v 0.020704 -0.029503 0.101553
v 0.021000 -0.029503 0.101257
v 0.020412 -0.029876 0.101750
v 0.020406 -0.030417 0.100991
v 0.019707 -0.030483 0.101740
v 0.020725 -0.030191 0.101129
v -0.003000 -0.025595 0.002381
v -0.003000 -0.024711 0.002950
v -0.003000 -0.024005 0.003730
v -0.003000 -0.023527 0.004666
v -0.003000 -0.023310 0.005695
v -0.003000 -0.023368 0.006745
v -0.003000 -0.023698 0.007743
v -0.003000 -0.024575 0.008191
v -0.003000 -0.025064 0.009318
v -0.003000 -0.026006 0.009785
v -0.003000 -0.027037 0.009991
v -0.003000 -0.028086 0.009922
v -0.003000 -0.029080 0.009581
v 0.020460 -0.030390 0.008538
v -0.003000 -0.029952 0.008993
v -0.003000 -0.030640 0.008198
v 0.009428 -0.031058 0.007366
v 0.020751 -0.030162 0.008793
v 0.021000 -0.029503 0.009338
v 0.020052 -0.030501 0.008396
v 0.001000 -0.022570 0.009338
v -0.019265 -0.028659 0.008066
v -0.019378 -0.029429 0.006405
v -0.019178 -0.027374 0.008204
v -0.018778 -0.027769 0.007111
v -0.019540 -0.028198 0.006520
v -0.019512 -0.026132 0.006467
v -0.019561 -0.026729 0.006721
v -0.018556 -0.029126 0.003178
v -0.018884 -0.029889 0.004269
v -0.018617 -0.030560 0.005465
v -0.018804 -0.029858 0.008123
v -0.017039 -0.029421 0.009086
v -0.018834 -0.030171 0.007190
v -0.017000 -0.030532 0.007339
v -0.017001 -0.030813 0.005301
v -0.017000 -0.028638 0.002766
v -0.018300 -0.026832 0.007167
v -0.018300 -0.027765 0.008100
v -0.018300 -0.028067 0.006571
v -0.018300 -0.028465 0.006467
v -0.018300 -0.029398 0.006467
v -0.018300 -0.029271 0.005674
v -0.018300 -0.027970 0.005328
v -0.018300 -0.027783 0.005015
v -0.019088 -0.027771 0.003712
v -0.018300 -0.026956 0.004128
v -0.018300 -0.025212 0.005578
v -0.018300 -0.025325 0.006326
v -0.018300 -0.026728 0.006768
v 0.020544 -0.023130 0.101714
v 0.021000 -0.008377 0.091395
v 0.021000 -0.006453 0.093299
v 0.021000 -0.007545 0.091816
v 0.014305 -0.006393 0.093211
v 0.021000 -0.009298 0.091250
v 0.021000 -0.006882 0.092471
v 0.020995 -0.006328 0.095109
v 0.014159 -0.006540 0.095542
v 0.020999 -0.008830 0.097379
v 0.021000 -0.009239 0.059916
v 0.020988 -0.006298 0.063001
v 0.014484 -0.006214 0.062337
v 0.021004 -0.006805 0.061199
v 0.021000 -0.006453 0.063951
v 0.021000 -0.007545 0.065434
v 0.013976 -0.006723 0.064538
v 0.021000 -0.008377 0.065855
v 0.021000 -0.006882 0.064779
v 0.021000 -0.009298 0.066000
v 0.021000 -0.008298 0.032500
v 0.021000 -0.009298 0.032500
v 0.021000 -0.008298 0.051200
v 0.021000 -0.006453 0.051200
v 0.021120 -0.009034 0.101363
v 0.024000 -0.005298 0.101200
v 0.024000 -0.029298 0.101200
v 0.028000 -0.029298 0.101200
v 0.028000 0.016702 0.101200
v 0.023000 0.014410 0.101200
v 0.023000 0.016702 0.101200
v 0.023000 0.006994 0.101200
v 0.023000 0.004202 0.101200
v 0.024000 0.000702 0.101200
v 0.021586 0.004028 0.101200
v 0.021271 0.003973 0.101200
v 0.021500 0.000702 0.101200
v 0.020687 0.002452 0.101200
v 0.021854 0.004202 0.101200
v 0.021000 0.001202 0.056200
v 0.021000 0.003702 0.056200
v 0.022767 0.004649 0.056200
v 0.021500 0.000702 0.056200
v 0.021854 0.004202 0.056200
v 0.024000 0.000702 0.056200
v 0.024000 -0.005298 0.056200
v 0.024000 -0.029298 0.056200
v 0.028000 -0.029298 0.056200
v 0.023000 0.014410 0.056200
v 0.023000 0.016702 0.056200
v 0.023000 0.017702 0.100200
v 0.023000 0.017702 0.057200
v 0.028000 -0.030298 0.100200
v 0.024000 -0.030298 0.100200
v 0.024000 -0.030298 0.057200
v 0.028000 -0.030298 0.057200
v 0.028000 0.017702 0.100200
v 0.028081 0.017186 0.056372
v 0.029000 -0.029298 0.057200
v 0.029000 0.016702 0.057200
v 0.029000 -0.007170 0.061578
v 0.029000 -0.006938 0.064124
v 0.029000 -0.008342 0.091940
v 0.029000 -0.008342 0.065310
v 0.029000 0.013445 0.067456
v 0.029000 0.014452 0.070200
v 0.029000 0.012806 0.087051
v 0.029000 0.013614 0.072826
v 0.029000 0.016702 0.100200
v 0.029000 -0.029298 0.100200
v 0.029000 -0.006596 0.093713
v 0.029000 -0.007965 0.096413
v 0.029000 0.014618 0.089997
v 0.029000 0.012933 0.093290
v 0.026000 -0.009574 0.096703
v 0.026000 -0.011138 0.095609
v 0.026000 -0.008428 0.096499
v 0.026000 -0.007668 0.095957
v 0.026000 -0.006822 0.094743
v 0.026000 -0.007029 0.093452
v 0.026000 -0.008342 0.091940
v 0.026000 -0.009328 0.065287
v 0.026000 -0.008342 0.065310
v 0.026000 -0.007063 0.063805
v 0.026000 -0.011581 0.063137
v 0.026588 -0.010347 0.060445
v 0.026000 -0.006822 0.062507
v 0.025200 0.009179 0.093622
v 0.025200 0.007565 0.092033
v 0.025200 0.013353 0.092852
v 0.025200 0.014166 0.091635
v 0.025255 0.014406 0.089545
v 0.025200 0.007203 0.090110
v 0.025200 0.014166 0.088765
v 0.025200 0.012137 0.086735
v 0.025200 0.009795 0.073640
v 0.025200 0.007515 0.071916
v 0.025200 0.013353 0.072852
v 0.025253 0.014449 0.069805
v 0.025200 0.007203 0.070113
v 0.025200 0.014166 0.068765
v 0.025200 0.012137 0.066735
v 0.025812 0.010926 0.068774
v 0.025222 0.011714 0.069883
v 0.027962 0.010411 0.071615
v 0.027968 0.009327 0.070688
v 0.027993 0.009568 0.069298
v 0.027768 0.009888 0.069174
v 0.027968 0.012076 0.069712
v 0.025920 0.011618 0.071181
v 0.028000 0.011824 0.071107
v 0.027666 0.011033 0.071413
v 0.028088 0.009881 0.071485
v 0.028000 0.009276 0.069976
v 0.028000 0.011608 0.069077
v 0.028000 0.012128 0.070424
v 0.027964 0.011289 0.071423
v 0.028008 0.007988 0.068310
v 0.027976 0.007578 0.071425
v 0.027720 0.007502 0.068781
v 0.027870 0.008644 0.067359
v 0.027979 0.007375 0.070117
v 0.027968 0.007838 0.068312
v 0.027880 0.010616 0.073657
v 0.027827 0.007522 0.068789
v 0.027882 0.007223 0.070601
v 0.027999 0.010916 0.073493
v 0.027653 0.007184 0.070861
v 0.027691 0.009327 0.073577
v 0.027993 0.008849 0.072995
v 0.027879 0.008190 0.072574
v 0.027879 0.009290 0.073355
v 0.026199 0.010741 0.088790
v 0.026401 0.010633 0.091554
v 0.025794 0.009177 0.089813
v 0.027970 0.009329 0.090656
v 0.027768 0.009889 0.089173
v 0.027991 0.012043 0.089500
v 0.026425 0.011918 0.089710
v 0.025253 0.011463 0.090948
v 0.028000 0.011824 0.091108
v 0.027665 0.011150 0.091367
v 0.027993 0.010484 0.091632
v 0.028088 0.009191 0.090047
v 0.028088 0.012212 0.090353
v 0.027964 0.011288 0.091424
v 0.028134 0.009523 0.089263
v 0.027990 0.007415 0.090883
v 0.028088 0.009880 0.091484
v 0.027805 0.008300 0.087670
v 0.027827 0.007523 0.088787
v 0.027887 0.010613 0.093649
v 0.027970 0.007868 0.088281
v 0.027918 0.007285 0.090113
v 0.027742 0.007215 0.089448
v 0.027879 0.007477 0.091444
v 0.027853 0.009278 0.093374
v 0.027720 0.010612 0.093699
v 0.027993 0.008847 0.092994
v 0.027720 0.007435 0.091456
v 0.027857 0.008179 0.092591
v 0.027250 -0.008642 0.062203
v 0.027250 -0.009196 0.064150
v 0.028083 -0.010243 0.063664
v 0.027250 -0.009401 0.061850
v 0.027759 -0.008310 0.062359
v 0.027262 -0.008259 0.063483
v 0.028613 -0.010199 0.061590
v 0.028414 -0.008880 0.065150
v 0.028609 -0.010859 0.062903
v 0.028250 -0.011198 0.061794
v 0.028255 -0.011583 0.062970
v 0.028449 -0.010123 0.065052
v 0.028241 -0.010903 0.064651
v 0.028132 -0.008428 0.093458
v 0.027257 -0.008517 0.095088
v 0.028273 -0.009135 0.095436
v 0.027252 -0.009525 0.093184
v 0.027262 -0.008179 0.094006
v 0.028553 -0.010649 0.095546
v 0.028524 -0.008697 0.096343
v 0.028255 -0.007941 0.096088
v 0.028255 -0.009554 0.096507
v -0.022004 -0.020837 0.033113
v -0.021371 -0.021285 0.033677
v -0.021286 -0.020813 0.032842
v -0.022008 -0.018211 0.032646
v 0.013000 -0.022097 0.114954
v 0.013000 -0.023398 0.115721
v 0.013000 -0.018294 0.114656
v 0.013125 -0.023964 0.116017
v 0.013000 -0.015007 0.115127
v 0.013000 -0.014244 0.115556
v 0.013001 -0.013477 0.116486
v 0.013089 -0.012990 0.117624
v 0.013000 -0.013298 0.118000
v 0.013000 -0.023561 0.120263
v 0.013000 -0.021089 0.121403
v 0.013001 -0.013628 0.119599
v 0.013000 -0.014036 0.120263
v 0.013000 -0.015270 0.120922
v 0.016089 -0.014004 0.116195
v 0.016294 -0.019736 0.114836
v 0.016000 -0.015152 0.120773
v 0.015431 -0.013631 0.119492
v 0.016513 -0.016335 0.120903
v 0.016000 -0.022444 0.115227
v 0.016321 -0.015131 0.120636
v 0.016985 -0.015268 0.119913
v 0.016972 -0.016280 0.120263
v 0.016641 -0.015110 0.120499
v 0.017000 -0.015298 0.119732
v 0.016865 -0.015166 0.120230
v 0.016321 -0.015131 0.115364
v 0.016518 -0.014334 0.116697
v 0.016034 -0.013575 0.117346
v 0.016960 -0.015230 0.115909
v 0.016343 -0.013984 0.117284
v 0.015946 -0.013518 0.118839
v 0.016514 -0.014438 0.119954
v 0.016979 -0.019010 0.115472
v 0.016588 -0.016264 0.115171
v 0.016707 -0.021298 0.115293
v 0.016320 -0.022466 0.115364
v 0.016985 -0.022329 0.116087
v 0.016753 -0.022459 0.115635
v 0.016925 -0.022380 0.115928
v 0.016000 -0.022444 0.120773
v 0.015875 -0.023823 0.119724
v 0.016038 -0.023867 0.119264
v 0.016959 -0.022366 0.120092
v 0.016641 -0.022487 0.120499
v 0.016428 -0.023444 0.119104
v 0.015910 -0.024166 0.117438
v 0.015962 -0.024025 0.117188
v 0.016369 -0.023097 0.115851
v 0.016299 -0.023570 0.116519
v 0.017020 -0.022245 0.120069
v 0.016467 -0.021283 0.120929
v -0.019036 -0.009849 0.064172
v -0.019000 -0.008691 0.064275
v -0.019296 -0.008298 0.063667
v -0.019000 -0.009770 0.095580
v -0.019000 -0.008165 0.095008
v -0.019000 -0.008782 0.095497
v -0.019037 -0.022063 0.121015
v -0.019020 -0.024387 0.118334
v -0.019000 -0.024255 0.119225
v -0.019000 -0.018159 0.121316
v -0.019000 -0.023896 0.116500
v -0.019000 -0.024066 0.116293
v -0.019000 -0.016170 0.117034
v -0.020000 -0.022798 0.118000
v -0.019000 -0.016563 0.114473
v -0.019000 -0.013227 0.118409
v -0.019000 -0.013390 0.116932
v -0.019000 -0.014383 0.115526
v -0.021332 -0.016320 0.114754
v -0.026335 -0.013723 0.116275
v -0.027496 -0.016308 0.120905
v -0.019800 -0.022735 0.115260
v -0.027000 -0.021298 0.115000
v -0.021000 -0.016298 0.118000
v -0.026703 -0.013473 0.117112
v -0.027324 -0.013947 0.117389
v -0.026966 -0.013746 0.116564
v -0.027373 -0.014078 0.116717
v -0.027297 -0.014526 0.115724
v -0.027970 -0.016359 0.120286
v -0.028052 -0.015396 0.116478
v -0.027753 -0.015138 0.120365
v -0.027922 -0.015289 0.115647
v -0.027417 -0.015318 0.115223
v -0.027972 -0.021353 0.120261
v -0.027807 -0.022368 0.120452
v -0.027991 -0.022319 0.119893
v -0.027324 -0.023650 0.118611
v -0.026962 -0.024025 0.118812
v -0.027373 -0.023519 0.119283
v -0.027513 -0.022731 0.120474
v -0.027593 -0.021360 0.115177
v -0.027978 -0.019016 0.115457
v -0.028000 -0.022298 0.116268
v -0.027753 -0.022459 0.115635
v -0.018232 -0.007846 0.132700
v -0.018697 -0.007749 0.141500
v -0.019000 -0.007846 0.132700
v 0.012697 -0.007749 0.141500
v 0.012232 -0.007846 0.132700
v -0.015800 -0.007846 0.053242
v -0.016005 -0.007846 0.053232
v -0.008011 -0.021489 0.142076
v 0.001286 -0.019770 0.141664
v -0.007484 -0.020441 0.142354
v 0.001560 -0.020404 0.142265
v -0.000067 -0.018204 0.142246
v 0.001157 -0.020576 0.142500
v 0.000885 -0.019641 0.142502
v -0.001205 -0.017964 0.142462
v -0.002997 -0.017357 0.142261
v -0.000339 -0.018022 0.141754
v -0.000502 -0.018296 0.141515
v 0.001290 -0.020502 0.141520
v -0.006663 -0.019233 0.142463
v -0.001590 -0.017755 0.142489
v -0.005661 -0.018022 0.142246
v -0.004756 -0.018001 0.142484
v -0.007605 -0.021291 0.142512
v -0.004797 -0.018009 0.141520
v -0.003003 -0.017357 0.141739
v -0.004408 -0.017752 0.141513
v -0.007111 -0.020141 0.141503
v -0.005940 -0.018255 0.141663
v -0.007561 -0.020415 0.141727
v -0.001194 -0.016692 0.142523
v -0.000435 -0.016557 0.142788
v 0.000538 -0.026867 0.142500
v -0.006125 -0.017324 0.142500
v -0.008000 -0.019459 0.142500
v -0.004721 -0.027915 0.142500
v -0.003000 -0.016449 0.142548
v 0.002015 -0.019060 0.142558
v -0.007752 -0.018701 0.145224
v 0.002000 -0.025249 0.142505
v 0.002000 -0.020551 0.147470
v -0.008010 -0.025516 0.142541
v -0.004498 -0.027850 0.145014
v -0.001412 -0.028092 0.142582
v 0.001088 -0.026342 0.145014
v -0.001502 -0.027850 0.145014
v -0.008003 -0.019735 0.146307
v 0.000048 -0.018678 0.149626
v -0.003974 -0.016692 0.146107
v -0.005730 -0.018487 0.149654
v -0.006713 -0.019483 0.149676
v -0.003000 -0.017588 0.149707
v 0.001157 -0.020576 0.149700
v -0.005006 -0.020764 0.149812
v -0.003586 -0.019826 0.149700
v -0.000900 -0.020895 0.149700
v -0.000872 -0.020876 0.150000
v -0.005611 -0.022434 0.150000
v -0.002451 -0.019815 0.149900
v -0.003957 -0.019989 0.150000
v -0.009500 -0.028298 0.141500
v -0.009500 -0.015298 0.141500
v 0.003389 -0.015344 0.141518
v 0.003431 -0.028253 0.141514
v 0.008289 -0.007846 0.140941
v 0.009430 -0.007845 0.141172
v 0.007941 -0.008438 0.141500
v -0.022000 -0.026839 0.134448
v -0.022000 -0.026243 0.133555
v -0.023425 -0.022694 0.137482
v -0.023730 -0.022799 0.136904
v -0.023493 -0.021903 0.134973
v -0.023670 -0.023693 0.133395
v -0.023722 -0.022598 0.134451
v -0.023794 -0.023996 0.137251
v -0.023349 -0.023834 0.136154
v -0.023545 -0.022450 0.135876
v -0.023875 -0.024477 0.136925
v -0.023952 -0.025048 0.135889
v -0.023528 -0.026240 0.135733
v -0.023673 -0.022574 0.135278
v -0.023959 -0.023842 0.134893
v -0.023930 -0.023932 0.134583
v -0.023962 -0.024963 0.135089
v -0.023952 -0.024687 0.134751
v -0.023000 -0.024063 0.137183
v -0.023000 -0.024624 0.137275
v -0.023000 -0.025072 0.135881
v -0.023000 -0.024747 0.136103
v -0.023000 -0.025072 0.135119
v -0.023000 -0.024704 0.134847
v -0.023426 -0.024680 0.133625
v -0.023000 -0.023932 0.133700
v -0.023000 -0.023855 0.134951
v -0.023000 -0.023382 0.135133
v -0.023544 -0.022895 0.135783
v -0.023000 -0.023592 0.135909
v -0.019000 -0.030298 0.103250
v 0.013000 -0.030298 0.110500
v -0.017833 -0.030465 0.139500
v -0.018374 -0.030326 0.141549
v 0.012404 -0.030274 0.140989
v 0.011500 -0.030798 0.141366
v 0.011500 -0.030798 0.139500
v -0.010827 -0.030798 0.141366
v 0.004827 -0.030798 0.141366
v -0.003850 -0.030798 0.141491
v -0.003850 -0.030798 0.141499
v -0.018926 -0.030298 0.101750
v -0.019000 -0.007846 0.051923
v -0.018780 -0.007595 0.050544
v -0.019000 -0.007846 0.031500
v -0.003000 -0.007846 0.050200
v -0.005750 -0.007846 0.039272
v 0.012251 -0.007381 0.050266
v -0.014000 -0.007846 0.031500
v -0.000301 -0.007494 0.039025
v 0.008000 -0.007846 0.031500
v -0.014000 -0.007846 0.020000
v 0.008000 -0.007846 0.020000
v -0.022001 -0.018119 0.104133
v -0.021371 -0.021285 0.103323
v -0.022008 -0.020386 0.104354
v -0.021371 -0.020121 0.104487
v 0.018528 -0.027437 0.103250
v 0.019901 -0.027367 0.101750
v 0.019228 -0.023878 0.103156
v 0.015744 -0.021387 0.106514
v 0.014757 -0.019298 0.107500
v 0.015744 -0.017210 0.106514
v 0.019124 -0.014768 0.103134
v 0.020634 -0.015486 0.101624
v -0.018580 -0.030737 0.101750
v -0.018052 -0.030920 0.101750
v 0.012368 -0.031228 0.109570
v 0.011830 -0.031049 0.109486
v 0.012707 -0.031005 0.109793
v 0.012508 -0.030803 0.109625
v 0.012426 -0.030841 0.109053
v 0.018926 -0.030062 0.103250
v 0.017645 -0.030627 0.103250
v -0.003850 -0.031665 0.103250
v -0.003850 -0.031754 0.103250
v -0.018813 -0.030881 0.103250
v 0.020491 -0.026733 0.101750
v -0.003850 -0.031754 0.101750
v -0.003850 -0.031665 0.101750
v -0.005700 -0.007049 0.038821
v -0.003011 -0.007286 0.038694
v 0.017342 0.003251 0.141237
v 0.018468 0.007804 0.141289
v 0.018796 0.010259 0.141142
v -0.024453 0.014535 0.142391
v -0.024625 0.008330 0.141938
v -0.003832 0.032467 0.141635
v 0.015802 -0.000223 0.141054
v 0.011675 -0.005801 0.140799
v 0.001575 -0.010530 0.142509
v -0.003315 -0.011042 0.142306
v -0.022597 0.020307 0.143310
v -0.024637 0.008234 0.143426
v 0.002491 -0.010334 0.144062
v -0.019672 0.024691 0.143258
v 0.009681 0.028428 0.143131
v -0.015441 -0.007170 0.143916
v 0.015014 -0.001336 0.144236
v 0.018689 0.009729 0.144292
v 0.017964 0.004642 0.143959
v 0.018437 0.014400 0.144223
v 0.012853 -0.004122 0.144133
v -0.015491 -0.007246 0.143515
v -0.006013 0.032154 0.143285
v 0.018722 0.008942 0.142737
v 0.010428 0.027787 0.141395
v 0.003775 0.031352 0.141488
v 0.009082 -0.007281 0.142590
v -0.000110 -0.010793 0.142325
v 0.012053 -0.005148 0.142332
v -0.020248 -0.002391 0.142235
v -0.021535 -0.001701 0.141930
v -0.005440 0.032287 0.141580
v 0.001590 0.031929 0.141489
v 0.006287 0.030343 0.141809
v -0.023445 0.003256 0.142248
v -0.011814 -0.009280 0.142105
v 0.011608 -0.005298 0.141218
v 0.017287 0.018455 0.142881
v 0.018317 0.006215 0.142617
v -0.016151 0.028103 0.143579
v -0.020778 -0.001683 0.143710
v -0.004322 -0.010956 0.143916
v 0.013471 0.024811 0.144339
v 0.011412 -0.005506 0.143968
v 0.016323 0.020577 0.144414
v 0.014423 0.023661 0.142874
v -0.015203 0.028670 0.143187
v -0.003535 0.032509 0.142929
v 0.007985 0.029676 0.142804
v 0.000281 -0.010771 0.145335
v 0.001781 -0.010579 0.145725
v -0.014717 -0.007549 0.145157
v -0.021161 0.022865 0.144653
v -0.009795 0.031618 0.145170
v -0.024745 0.010531 0.144933
v 0.018005 0.016185 0.145778
v 0.017213 0.002773 0.145753
v 0.018822 0.010130 0.145889
v 0.014573 -0.001962 0.145677
v -0.017497 -0.005676 0.144975
v 0.008215 0.029236 0.144571
v -0.024460 0.006666 0.146321
v -0.024595 0.007889 0.146566
v -0.017037 -0.005880 0.146643
v -0.006290 0.032146 0.146217
v -0.010104 0.031193 0.146498
v 0.005907 0.030518 0.146328
v 0.018685 0.008664 0.147153
v 0.018165 0.015546 0.147402
v 0.016057 0.000157 0.147397
v -0.004177 -0.010931 0.146932
v 0.001984 -0.010534 0.147227
v -0.017914 0.027063 0.146039
v -0.024301 0.015114 0.144877
v -0.014253 0.029453 0.144534
v -0.022913 0.001677 0.144917
v -0.019497 0.024875 0.144823
v -0.001131 0.032309 0.144680
v -0.007486 0.032112 0.144496
v -0.005628 -0.010894 0.145277
v 0.011846 -0.005108 0.145849
v 0.009054 -0.007435 0.145590
v -0.018855 0.025695 0.146478
v -0.023825 0.004218 0.145202
v 0.011294 0.027029 0.146005
v -0.010058 -0.009820 0.145352
v 0.006959 -0.008752 0.146785
v 0.012680 -0.004254 0.147129
v 0.010858 0.027592 0.147280
v 0.011342 0.026970 0.147700
v 0.007895 0.029455 0.147700
v 0.014257 0.023839 0.147700
v 0.003590 0.031376 0.147612
v -0.005489 0.032271 0.147617
v -0.011202 0.030810 0.147645
v -0.009479 -0.010010 0.146857
v -0.023824 0.004198 0.146371
v -0.021368 -0.000970 0.146687
v -0.013490 -0.008224 0.146877
v 0.001154 -0.010694 0.146745
v 0.019268 0.012448 0.147052
v 0.015746 0.021698 0.145988
v 0.016028 0.000276 0.142722
v -0.023012 0.019097 0.141959
v 0.017857 0.004442 0.144368
v 0.012783 0.025879 0.142704
v 0.000996 0.032026 0.143174
v -0.009285 -0.010005 0.143930
v 0.003939 0.031224 0.144624
v -0.015009 0.028732 0.144845
v -0.024336 0.014670 0.146510
v 0.014477 0.023544 0.145821
v -0.022682 0.019761 0.146470
v 0.005040 0.031204 0.147272
v 0.002517 0.031652 0.146146
v 0.003242 -0.010961 0.145340
v -0.013077 0.029940 0.146195
v 0.015378 0.022607 0.147164
v -0.000919 0.032305 0.147599
v -0.014796 0.029217 0.147535
v 0.016087 0.021087 0.141337
v 0.005971 -0.009103 0.142440
v 0.017657 0.001900 0.142515
v 0.001778 0.032533 0.141369
v 0.017857 0.003729 0.140917
v -0.024124 0.016818 0.141677
v 0.016393 0.020818 0.141145
v -0.012981 0.030105 0.141534
v -0.024312 0.017132 0.141719
v -0.011088 -0.010129 0.142082
v -0.022679 0.001158 0.141895
v 0.018899 0.005613 0.142632
v -0.016596 0.027670 0.141720
v -0.024471 0.014819 0.143232
v 0.016000 0.022277 0.142653
v -0.005812 -0.011646 0.143798
v 0.004242 0.031467 0.142789
v -0.023031 0.002017 0.143418
v 0.003721 0.031997 0.142859
v -0.013886 0.029855 0.142991
v 0.019085 0.006660 0.144118
v 0.008812 -0.007514 0.143981
v 0.015130 0.023572 0.144162
v 0.013901 0.024356 0.141348
v -0.017513 0.027225 0.141541
v -0.021968 0.021657 0.141651
v -0.019413 0.025012 0.141756
v -0.013194 0.030572 0.141542
v -0.024706 0.012913 0.141783
v -0.006667 -0.010826 0.142219
v -0.025115 0.006956 0.141887
v 0.006058 -0.009789 0.142350
v 0.013307 -0.003984 0.142439
v -0.007437 0.032269 0.141420
v 0.017692 0.019272 0.141181
v 0.018809 0.013535 0.141023
v 0.018119 0.015803 0.141243
v 0.012127 0.026664 0.141187
v 0.014215 -0.003430 0.140858
v -0.019066 0.026243 0.141614
v 0.007920 0.030271 0.141377
v -0.018736 -0.005113 0.141981
v -0.025331 0.013113 0.141842
v -0.015524 -0.007376 0.141973
v 0.001145 -0.010896 0.142163
v 0.016596 0.000721 0.142381
v 0.015327 -0.001454 0.142353
v 0.017613 0.003037 0.142409
v -0.004480 -0.011240 0.143603
v 0.007945 0.030141 0.142803
v -0.019787 -0.003274 0.143445
v -0.010466 -0.009878 0.143545
v 0.015810 -0.001027 0.143859
v 0.000430 -0.011021 0.143655
v 0.018406 0.015863 0.144053
v -0.024643 0.012589 0.143499
v 0.012307 0.027357 0.142923
v -0.010615 0.031053 0.143142
v 0.018890 0.012819 0.142516
v 0.017844 0.017714 0.142570
v -0.018412 0.026798 0.143102
v -0.019884 -0.003921 0.143462
v -0.024306 0.005251 0.143302
v -0.002033 -0.011269 0.143628
v -0.025361 0.010625 0.143302
v 0.002735 -0.010441 0.143705
v 0.019127 0.007645 0.144025
v -0.021154 0.023170 0.143101
v -0.006912 0.032374 0.142912
v -0.023678 0.002397 0.144861
v -0.024394 0.015796 0.144688
v 0.010588 -0.007252 0.145483
v -0.012100 0.030722 0.144471
v -0.021612 -0.001013 0.144878
v 0.007204 0.030664 0.144331
v 0.016269 0.020733 0.147324
v 0.002437 0.032311 0.147337
v 0.017847 0.004135 0.146991
v -0.024212 0.016504 0.146180
v -0.022450 0.000220 0.146354
v -0.011426 0.031015 0.145962
v -0.010779 -0.009868 0.146532
v 0.001237 -0.011573 0.146885
v 0.017503 0.018366 0.147110
v 0.009098 0.029498 0.147322
v -0.009314 0.032065 0.144486
v 0.007234 0.030167 0.144252
v -0.021836 0.022463 0.144622
v -0.016403 0.028137 0.144526
v -0.024991 0.010878 0.144742
v -0.000040 0.033044 0.144556
v -0.014644 -0.007954 0.144984
v 0.017261 0.020032 0.145646
v -0.001679 0.032654 0.145855
v 0.003846 0.031722 0.145802
v 0.018731 0.008807 0.145529
v 0.008090 0.030198 0.145848
v 0.015711 -0.001380 0.145398
v -0.020191 -0.002560 0.145091
v -0.018270 0.026527 0.144552
v -0.005774 0.032832 0.144448
v -0.025270 0.008824 0.144812
v 0.011194 0.027811 0.144228
v 0.013159 -0.004789 0.145417
v 0.019304 0.008153 0.145578
v 0.010524 0.028713 0.145894
v 0.019190 0.012898 0.145566
v 0.011090 -0.006184 0.145285
v -0.001420 -0.011262 0.145137
v 0.003052 -0.010361 0.145195
v 0.007877 0.029815 0.145744
v -0.008202 0.032302 0.145939
v -0.012491 0.031074 0.146120
v -0.022951 0.020024 0.146142
v -0.024735 0.014050 0.146208
v -0.015733 0.029091 0.146088
v -0.021195 -0.002118 0.146423
v 0.008506 0.029443 0.147236
v -0.009827 0.031848 0.147462
v -0.018369 0.026484 0.147585
v 0.018852 0.008228 0.146967
v 0.009097 -0.008064 0.146803
v 0.000392 -0.011412 0.146739
v 0.016066 -0.000049 0.146876
v -0.014041 -0.008589 0.146515
v -0.002611 -0.011535 0.146635
v 0.010201 -0.006595 0.146962
v 0.014063 0.024576 0.147157
v -0.002764 0.033055 0.147455
v -0.003415 0.032689 0.147373
v 0.018856 0.013138 0.147019
v -0.003684 0.032499 0.146245
v 0.012805 0.025621 0.144453
v -0.021532 0.022600 0.147627
v -0.023073 0.020239 0.147659
v -0.019000 -0.006883 0.031500
v -0.016931 -0.003298 0.031500
v -0.014000 -0.003298 0.031500
v 0.013224 -0.007041 0.031321
v 0.009618 -0.002962 0.031500
v -0.003850 -0.007097 0.020000
v -0.003850 -0.007377 0.020000
v -0.002750 -0.007377 0.020000
v -0.013754 -0.000370 0.019997
v 0.001250 -0.003756 0.020040
v 0.007917 0.000047 0.019999
v -0.002750 -0.004296 0.020000
v -0.003250 -0.004296 0.020000
v -0.003250 -0.007097 0.020000
v -0.022111 -0.001268 0.149675
v -0.021817 0.023286 0.149478
v -0.017360 0.027772 0.149158
v -0.006896 0.032928 0.149200
v 0.004521 0.031971 0.149179
v 0.009299 0.029591 0.149008
v 0.018308 0.017373 0.148705
v 0.019576 0.010954 0.148926
v 0.018755 0.007238 0.148447
v 0.016658 0.000692 0.148317
v 0.014711 -0.003322 0.148693
v 0.003373 -0.010802 0.148433
v 0.009225 -0.007241 0.147975
v -0.009667 -0.010873 0.148226
v -0.005778 -0.010861 0.147797
v -0.016762 -0.007199 0.148328
v -0.021070 -0.002813 0.148193
v -0.014559 -0.007664 0.147815
v -0.025203 0.013333 0.147799
v -0.025620 0.010199 0.147988
v -0.024674 0.016786 0.147979
v -0.020831 0.024637 0.147962
v -0.014243 0.030268 0.147789
v -0.017588 0.027919 0.147931
v -0.006659 0.032914 0.147707
v -0.000403 0.033063 0.147642
v 0.011532 0.027953 0.147596
v -0.001787 -0.011488 0.148184
v 0.019011 0.006568 0.147031
v 0.014813 -0.002785 0.146901
v 0.017361 0.000977 0.147188
v 0.006647 -0.009709 0.147148
v -0.018047 -0.006136 0.146802
v -0.013791 -0.008363 0.149526
v -0.014807 -0.008292 0.149700
v -0.016295 -0.006468 0.149325
v -0.019086 -0.004977 0.149700
v -0.009838 -0.010484 0.149700
v -0.000586 -0.011307 0.149700
v -0.010109 -0.010545 0.146646
v 0.001810 -0.011355 0.148565
v -0.024711 0.004665 0.146812
v -0.023130 0.020266 0.146204
v -0.004971 0.033127 0.146189
v 0.001927 0.032780 0.146203
v 0.014057 0.024970 0.145684
v 0.017167 0.000620 0.145778
v -0.001738 -0.011711 0.145248
v -0.009708 -0.010521 0.145065
v -0.020944 -0.003073 0.145260
v -0.025040 0.015550 0.144996
v -0.004359 0.032982 0.144434
v 0.013910 0.025627 0.144540
v 0.017360 0.020318 0.144686
v 0.018839 0.015958 0.144181
v 0.012612 -0.005257 0.143837
v 0.007784 -0.008897 0.143815
v 0.008960 -0.008129 0.143886
v -0.016846 -0.007049 0.143760
v -0.020820 -0.002698 0.143450
v 0.000935 -0.011608 0.143950
v -0.024268 0.003336 0.143443
v -0.021172 0.024127 0.143317
v -0.014740 0.029926 0.143165
v -0.012542 0.031172 0.143331
v -0.006459 0.033014 0.143240
v -0.000104 0.033081 0.143142
v 0.013729 0.025844 0.142964
v 0.018888 0.012851 0.142623
v 0.018467 0.017657 0.142870
v 0.015406 -0.002260 0.142646
v 0.011453 -0.006344 0.142349
v 0.008580 -0.008647 0.142634
v -0.004958 -0.011779 0.142470
v 0.000885 -0.011525 0.142460
v -0.008115 -0.011279 0.142461
v -0.014723 -0.008388 0.142089
v -0.022689 0.021731 0.141924
v 0.006213 0.031242 0.141568
v 0.012699 0.026909 0.141487
v 0.018381 0.003488 0.141218
v 0.016206 -0.001119 0.141246
v 0.010641 -0.006372 0.149700
v 0.008447 -0.007974 0.149700
v 0.012614 -0.004516 0.149700
v 0.006134 0.031096 0.149527
v -0.010242 0.031880 0.149609
v 0.018564 0.017343 0.149053
v 0.015689 -0.001848 0.148839
v 0.017252 0.000870 0.148873
v -0.002701 -0.011808 0.148609
v -0.014593 -0.008596 0.148476
v -0.025063 0.006228 0.148278
v -0.024227 0.003204 0.148312
v -0.011792 -0.010023 0.148510
v -0.021197 0.023955 0.148080
v -0.022858 0.021305 0.148114
v -0.012825 0.030377 0.148532
v -0.025468 0.009296 0.148246
v 0.008108 0.030346 0.147725
v 0.019217 0.014331 0.147519
v 0.018500 0.017376 0.147553
v 0.015619 -0.002002 0.147359
v 0.019547 0.009750 0.147352
v -0.014628 -0.008640 0.146968
v -0.025281 0.007407 0.146462
v -0.025510 0.010975 0.146728
v -0.021182 0.024093 0.146518
v 0.008123 0.030274 0.146232
v 0.005712 0.031313 0.146450
v -0.004329 0.033311 0.146275
v 0.019273 0.014632 0.145932
v -0.023485 0.020037 0.146629
v 0.018425 0.003792 0.148907
v 0.006361 -0.009772 0.148709
v -0.023772 0.019721 0.149645
v -0.024691 0.016935 0.148156
v -0.022973 0.000316 0.148346
v 0.017730 0.019663 0.147444
v 0.002219 0.032655 0.147810
v -0.019385 -0.004736 0.148412
v -0.008817 -0.011046 0.148545
v -0.005520 0.033214 0.147886
v 0.000962 0.032893 0.149419
v 0.019100 0.006872 0.148646
v -0.017103 0.028318 0.149515
v -0.004042 0.033331 0.149362
v 0.011611 -0.006424 0.148776
v 0.009016 -0.008281 0.148461
v -0.005757 -0.011641 0.148578
v -0.021437 -0.001151 0.148911
v 0.014673 0.024661 0.147367
v 0.015824 0.023048 0.147621
v -0.023713 0.001885 0.146827
v -0.025140 0.015520 0.146525
v 0.006068 -0.009903 0.145705
v 0.017970 0.003059 0.146122
v 0.017541 0.020036 0.146094
v -0.011401 0.031650 0.146437
v 0.018581 0.004259 0.147501
v -0.025263 0.014038 0.146697
v -0.021426 -0.002327 0.146872
v -0.005624 -0.011723 0.147015
v 0.014940 0.024360 0.145797
v -0.016666 0.028454 0.146701
v 0.018839 0.005735 0.145539
v 0.019288 0.009195 0.146192
v 0.013018 0.026520 0.146167
v 0.008849 -0.008440 0.145739
v -0.013754 -0.009195 0.145357
v -0.016600 -0.007375 0.145382
v -0.025547 0.008773 0.145154
v -0.022423 0.021804 0.145300
v -0.024414 0.018025 0.145064
v -0.024564 0.004066 0.145209
v -0.008316 0.032724 0.144914
v -0.015324 0.029712 0.144819
v 0.012027 0.027464 0.144681
v 0.009588 0.029365 0.144714
v 0.008185 0.030027 0.144981
v -0.020546 0.024886 0.144962
v -0.017881 0.027454 0.145216
v 0.019365 0.014263 0.144412
v 0.015474 -0.002254 0.144228
v 0.016888 0.000220 0.144459
v -0.013961 -0.009016 0.143883
v -0.023837 0.002180 0.143824
v -0.019792 -0.004687 0.143919
v -0.025540 0.009659 0.143739
v -0.025075 0.007023 0.144011
v -0.001640 -0.011769 0.144120
v -0.021814 0.023064 0.143592
v -0.009630 0.032215 0.143427
v 0.001163 0.032881 0.143308
v -0.003711 0.033063 0.143559
v 0.018449 0.017600 0.143193
v 0.016059 -0.001181 0.143018
v -0.001451 -0.011741 0.142825
v 0.002799 -0.011051 0.142668
v -0.013449 -0.009178 0.142668
v -0.025435 0.008270 0.142250
v -0.008610 0.032619 0.141808
v 0.019430 0.013877 0.141413
v 0.002537 0.032578 0.144797
v -0.022377 -0.000519 0.145568
v 0.015757 0.022764 0.144860
v -0.011058 -0.010359 0.143914
v -0.007758 -0.011302 0.144056
v -0.025328 0.014101 0.143559
v -0.024324 0.018084 0.143560
v -0.025255 0.013054 0.145397
v 0.012262 -0.005839 0.144451
v -0.017780 0.027683 0.143528
v 0.015208 0.023940 0.143132
v -0.019908 0.025645 0.142055
v -0.025247 0.014466 0.142200
v -0.023898 0.002136 0.142255
v 0.019576 0.010449 0.142914
v 0.016867 0.021289 0.143099
v -0.015939 0.029264 0.141904
v 0.018061 0.002948 0.141558
v 0.001798 0.032611 0.142035
v 0.001226 0.032813 0.141812
v 0.010029 -0.007770 0.141249
v 0.019584 0.010679 0.141165
v 0.019310 0.013707 0.141512
v -0.018698 -0.005506 0.142423
v 0.012308 -0.005848 0.142793
v -0.001842 0.033184 0.141844
v 0.015191 0.024069 0.141532
v 0.019295 0.007587 0.141449
v -0.025710 0.008123 0.149776
v -0.024763 0.004943 0.149700
v -0.023817 0.002027 0.149684
v 0.016571 0.022111 0.052388
v 0.014764 0.024771 0.052414
v 0.003603 0.032366 0.052571
v 0.001315 0.032898 0.052499
v -0.001413 0.033328 0.052655
v 0.017372 0.020447 0.052217
v 0.018846 0.016508 0.052213
v 0.019231 0.015124 0.052265
v 0.009445 0.029622 0.052487
v 0.012361 0.027382 0.052428
v 0.006621 0.031204 0.052529
v -0.005564 0.033227 0.052651
v -0.008285 0.032677 0.052566
v -0.010719 0.032021 0.052683
v -0.014451 0.030211 0.052833
v -0.016404 0.028976 0.052775
v -0.025538 0.013081 0.052985
v -0.024981 0.016213 0.052957
v -0.023836 0.001905 0.052999
v -0.022555 0.022055 0.052792
v -0.020995 0.024394 0.052763
v -0.022585 0.022003 0.052981
v -0.020148 0.025528 0.052822
v -0.023822 0.019519 0.052823
v -0.024049 0.002610 0.053237
v -0.025439 0.007237 0.053068
v -0.025635 0.009762 0.052928
v -0.018455 0.027207 0.052911
v 0.019732 0.010166 0.052265
v 0.018232 0.002925 0.052273
v 0.019156 0.006183 0.052309
v 0.017532 0.001295 0.052275
v 0.015678 -0.001885 0.052237
v 0.013083 -0.007229 0.132700
v 0.013320 -0.006895 0.132700
v -0.019320 -0.006895 0.132700
v -0.019083 -0.007229 0.132700
v -0.019000 -0.007629 0.132700
v 0.012286 -0.006148 0.052200
v 0.012526 -0.005933 0.050199
v 0.015325 -0.002858 0.051533
v 0.017215 0.000265 0.052200
v 0.018667 0.003854 0.050200
v 0.018435 0.003153 0.052199
v 0.019107 0.005332 0.052200
v 0.016338 -0.003137 0.050231
v 0.013159 -0.007088 0.051123
v 0.013320 -0.006895 0.051066
v 0.013062 -0.007283 0.051261
v 0.016506 -0.003281 0.051066
v 0.017171 -0.001356 0.050200
v 0.018400 0.000991 0.050200
v 0.018400 0.000030 0.050916
v 0.018310 -0.000338 0.051066
v 0.017604 -0.001606 0.051066
v 0.018380 -0.000147 0.051023
v -0.024400 0.000030 0.050916
v -0.024310 -0.000338 0.051066
v -0.024380 -0.000147 0.051023
v -0.022180 -0.003724 0.051066
v -0.019518 -0.006710 0.051066
v -0.019471 -0.006755 0.051066
v -0.019159 -0.007088 0.051123
v -0.019061 -0.007284 0.051262
v 0.013340 -0.004834 0.052211
v -0.013994 0.000010 0.026241
v -0.014000 -0.003004 0.036850
v -0.014000 -0.003298 0.047000
v 0.007994 0.000010 0.026241
v 0.007551 -0.005286 0.026700
v -0.022374 -0.000994 0.053173
v -0.019443 -0.004900 0.053236
v -0.017878 -0.006177 0.053373
v -0.021458 -0.002166 0.053317
v -0.024849 0.005330 0.053228
v -0.025198 0.006795 0.052891
v -0.020544 -0.003506 0.053046
v -0.022888 0.000180 0.052971
v -0.017878 -0.006177 0.053056
v 0.003352 -0.006458 0.050200
v -0.002038 -0.007342 0.050200
v 0.007063 -0.005399 0.049088
v -0.002857 0.030376 0.050200
v 0.000121 0.030203 0.050200
v -0.007054 -0.006686 0.050200
v -0.013055 -0.005123 0.050200
v -0.010755 -0.005206 0.050200
v -0.018455 -0.000565 0.050199
v -0.021543 0.006107 0.050199
v -0.011335 0.029157 0.050200
v -0.014688 0.027238 0.050200
v -0.003850 0.030805 0.050187
v -0.022881 0.014548 0.050200
v -0.015044 -0.030854 0.009943
v -0.018744 -0.030589 0.011017
v -0.018443 -0.030819 0.010859
v 0.001000 -0.008298 0.003000
v 0.020000 -0.008298 0.003000
v -0.024944 0.007631 0.142533
v -0.020353 -0.003590 0.142570
v -0.001353 -0.011283 0.142892
v 0.011350 0.027930 0.141869
v 0.012971 0.025898 0.141932
v -0.003650 0.033234 0.141959
v -0.015468 0.028883 0.142270
v -0.020331 0.024511 0.142340
v 0.009180 -0.007808 0.143015
v 0.003457 -0.010769 0.144360
v -0.002195 -0.011330 0.144384
v -0.021076 0.023323 0.143854
v -0.015061 0.029499 0.143754
v -0.018327 -0.005144 0.144192
v -0.021159 -0.001800 0.144145
v -0.022931 0.001849 0.144051
v -0.024594 0.015143 0.143953
v 0.018474 0.016174 0.141810
v 0.013681 -0.004096 0.141555
v 0.017074 0.020706 0.141770
v -0.022956 0.001332 0.142605
v -0.015236 -0.007306 0.142523
v -0.023140 0.020584 0.142287
v 0.018904 0.007428 0.141709
v -0.012034 0.030557 0.142036
v 0.019152 0.011033 0.143251
v 0.016466 0.000353 0.143133
v -0.022673 0.020634 0.143763
v 0.017876 0.002771 0.143114
v 0.017945 0.017581 0.143326
v 0.010344 0.028250 0.143469
v 0.006540 0.030577 0.143518
v 0.013539 0.025278 0.143423
v 0.004561 0.032048 0.143441
v 0.006407 -0.009237 0.144481
v -0.010992 -0.010154 0.144279
v 0.010229 -0.006934 0.144530
v 0.019345 0.010366 0.144688
v -0.016366 -0.006705 0.145653
v -0.013671 -0.008716 0.145753
v 0.011481 -0.006071 0.146047
v 0.015011 -0.002515 0.146040
v 0.002443 -0.011107 0.145832
v 0.018910 0.013980 0.146284
v 0.015122 -0.001853 0.147605
v 0.017283 0.002063 0.147654
v -0.021400 0.023049 0.146859
v 0.014829 0.024094 0.146416
v 0.011798 -0.006272 0.147341
v 0.001238 0.032432 0.145094
v -0.005570 0.032597 0.145152
v -0.022833 0.019591 0.145204
v -0.025027 0.011610 0.145491
v -0.024773 0.007247 0.145537
v -0.004424 -0.011675 0.145769
v -0.007326 -0.011359 0.145663
v 0.018403 0.003510 0.144478
v -0.025281 0.012523 0.146991
v -0.011220 0.031276 0.146713
v -0.020852 -0.002058 0.147128
v -0.014441 -0.008269 0.147242
v -0.000366 0.032590 0.146598
v -0.010330 -0.010405 0.147233
v 0.008819 -0.007909 0.147511
v 0.002881 -0.010661 0.147438
v 0.018322 0.005190 0.147677
v 0.018883 0.008434 0.147700
v -0.003869 -0.011327 0.147366
v 0.017899 0.003683 0.144673
v 0.018041 0.016580 0.147700
v 0.016493 0.020389 0.147700
v -0.019000 -0.006804 0.050264
v 0.005376 0.030777 0.149700
v 0.017859 0.003709 0.147700
v 0.013375 -0.003593 0.147786
v 0.011098 -0.005895 0.147700
v 0.017610 0.003725 0.147881
v 0.015752 -0.000219 0.147823
v 0.013915 -0.003127 0.147700
v 0.012506 -0.004511 0.147700
v 0.009446 -0.007009 0.147700
v 0.016202 0.000121 0.147700
v -0.023840 0.018944 0.149700
v -0.025225 0.014541 0.149666
v -0.019415 0.025911 0.149699
v -0.013874 0.030019 0.149701
v -0.002519 0.032725 0.149700
v 0.007794 -0.008124 0.147700
v -0.019471 -0.006755 0.141500
v 0.013471 -0.006755 0.141500
v 0.013471 -0.006755 0.125143
v 0.016478 -0.003604 0.103080
v 0.013320 -0.006895 0.112292
v 0.013471 -0.006755 0.108786
v -0.019123 -0.007252 0.141500
v 0.013123 -0.007252 0.141500
v 0.008500 0.005702 0.026700
v 0.008456 0.005702 0.026700
v 0.008500 0.005803 0.026700
v 0.008500 0.015601 0.026700
v 0.008456 0.015702 0.026700
v 0.008500 0.015702 0.026700
v -0.014456 0.015702 0.026700
v -0.014500 0.015601 0.026700
v -0.014500 0.015702 0.026700
v -0.014456 0.005702 0.026700
v -0.014500 0.005702 0.026700
v -0.014500 0.005803 0.026700
v 0.009700 0.009802 0.026700
v 0.009700 0.007802 0.026700
v 0.009262 0.008468 0.026700
v 0.006897 0.018336 0.026700
v 0.004635 0.020599 0.026700
v 0.006336 0.020038 0.026700
v 0.000100 0.023635 0.026700
v -0.002461 0.023536 0.026700
v 0.000100 0.022811 0.026700
v -0.006100 0.022811 0.026700
v -0.006100 0.023635 0.026700
v -0.015356 0.008315 0.026700
v -0.015700 0.009802 0.026700
v 0.006682 -0.001958 0.026700
v 0.001328 -0.001462 0.026702
v 0.006682 -0.000175 0.026700
v -0.008655 -0.000669 0.026701
v -0.012682 0.002796 0.026700
v -0.003177 -0.007279 0.026700
v -0.009345 -0.006042 0.026700
v -0.014000 -0.003004 0.026700
v -0.012682 -0.000769 0.026700
v 0.006682 0.002796 0.026700
v -0.005622 0.006607 0.222142
v 0.001116 0.013303 0.222303
v -0.005216 0.006200 0.221370
v -0.007378 0.008362 0.221741
v -0.000378 0.014797 0.222142
v -0.006559 0.007543 0.222456
v 0.002650 0.011769 0.216200
v -0.001882 0.016342 0.215964
v -0.001933 0.016352 0.216200
v 0.002640 0.011819 0.215962
v -0.001752 0.016314 0.215761
v 0.002613 0.011951 0.215760
v 0.002513 0.012335 0.215483
v 0.002175 0.013208 0.215252
v -0.004067 0.016352 0.216200
v -0.008640 0.011819 0.215964
v -0.008650 0.011769 0.216200
v -0.004118 0.016342 0.215962
v -0.008613 0.011950 0.215761
v -0.004249 0.016314 0.215760
v -0.008514 0.012333 0.215484
v -0.004633 0.016215 0.215483
v -0.005507 0.015876 0.215252
v -0.008650 0.009634 0.216200
v -0.004118 0.005061 0.215964
v -0.004067 0.005052 0.216200
v -0.008640 0.009584 0.215962
v -0.004248 0.005089 0.215761
v -0.008613 0.009452 0.215760
v -0.004631 0.005188 0.215484
v -0.008344 0.008632 0.215367
v -0.007879 0.007274 0.215124
v -0.001933 0.005052 0.216200
v -0.001882 0.005061 0.215962
v -0.001367 0.005188 0.215483
v -0.000493 0.005527 0.215252
v -0.005296 0.005158 0.214950
v -0.005296 0.016245 0.214950
v -0.008312 0.008501 0.215200
v -0.008764 0.011583 0.215167
v -0.009000 0.010702 0.214950
v -0.003988 0.016461 0.215205
v -0.007879 0.014129 0.215124
v -0.004127 0.005983 0.226229
v 0.000762 0.007800 0.226136
v -0.001838 0.005118 0.225583
v -0.004117 0.005088 0.225576
v -0.008353 0.009307 0.225751
v -0.008177 0.013203 0.215253
v -0.005502 0.005524 0.215253
v -0.000934 0.016047 0.215368
v -0.006413 0.005594 0.200700
v -0.006413 0.015809 0.200700
v -0.009208 0.010702 0.200700
v 0.000658 0.019797 0.014700
v 0.000788 0.019724 0.013500
v 0.001129 0.018408 0.014700
v 0.000910 0.017901 0.013500
v 0.000183 0.017558 0.014700
v 0.000307 0.018185 0.013500
v 0.000502 0.018428 0.013500
v 0.000033 0.018035 0.013500
v 0.000590 0.018728 0.013500
v 0.000406 0.019312 0.013500
v 0.000556 0.019038 0.013500
v 0.000163 0.019507 0.013500
v -0.000668 0.019362 0.003089
v -0.000856 0.018341 0.003226
v -0.000723 0.018534 0.002920
v -0.000953 0.018746 0.003217
v -0.000558 0.018304 0.002977
v -0.000888 0.018895 0.003064
v -0.000921 0.019125 0.003337
v -0.000512 0.018825 0.002761
v -0.000348 0.018929 0.002700
v -0.000466 0.019345 0.002977
v -0.000974 0.018597 0.003500
v -0.000978 0.018635 0.003500
v -0.000987 0.018713 0.003500
v -0.001780 0.015825 0.013950
v -0.002236 0.014467 0.014700
v -0.002996 0.014207 0.013500
v -0.001910 0.014949 0.013500
v -0.002725 0.014859 0.013500
v -0.003027 0.014782 0.013500
v -0.002475 0.015047 0.013500
v -0.002316 0.015315 0.013500
v -0.002272 0.015624 0.013500
v -0.002349 0.015926 0.013500
v -0.002537 0.016176 0.013500
v -0.003320 0.016298 0.003176
v -0.003813 0.015299 0.003226
v -0.003589 0.016191 0.003351
v -0.003636 0.015453 0.002920
v -0.003807 0.015715 0.003217
v -0.003533 0.015189 0.002977
v -0.003700 0.015906 0.003087
v -0.003359 0.015682 0.002761
v -0.003266 0.015949 0.002817
v -0.003390 0.016108 0.002959
v -0.003864 0.015576 0.003500
v -0.003858 0.015614 0.003500
v -0.003847 0.015692 0.003500
v 0.004172 0.007532 0.014423
v 0.005140 0.007151 0.013500
v 0.005570 0.006482 0.014700
v 0.005505 0.005754 0.013500
v 0.005012 0.006196 0.013500
v 0.004959 0.005888 0.013500
v 0.004944 0.006501 0.013500
v 0.004764 0.006756 0.013500
v 0.004500 0.006923 0.013500
v 0.004193 0.006976 0.013500
v 0.003888 0.006907 0.013500
v 0.003900 0.005576 0.002958
v 0.003453 0.006220 0.003192
v 0.004349 0.005419 0.003233
v 0.004380 0.005594 0.002977
v 0.003559 0.005765 0.003248
v 0.003772 0.005937 0.002850
v 0.003578 0.006126 0.002973
v 0.003786 0.005738 0.002917
v 0.003892 0.005450 0.003500
v 0.003859 0.005471 0.003500
v 0.003793 0.005513 0.003500
v -0.000983 0.002895 0.014700
v -0.001206 0.003245 0.013500
v -0.000749 0.001699 0.013800
v -0.001182 0.000994 0.014700
v -0.002224 0.000710 0.013500
v -0.002037 0.001310 0.013500
v -0.001731 0.001374 0.013500
v -0.001474 0.001551 0.013500
v -0.001303 0.001812 0.013500
v -0.001245 0.002119 0.013500
v -0.001310 0.002424 0.013500
v -0.001486 0.002682 0.013500
v -0.002436 0.002714 0.003106
v -0.002669 0.001797 0.003034
v -0.002813 0.002192 0.003268
v -0.002651 0.002120 0.002977
v -0.002524 0.001739 0.002977
v -0.002669 0.002401 0.003064
v -0.002634 0.002630 0.003337
v -0.002224 0.002487 0.002817
v -0.002135 0.002709 0.002977
v -0.002838 0.002140 0.003500
v -0.002831 0.002178 0.003500
v -0.002817 0.002255 0.003500
v 0.002662 0.004148 0.013860
v 0.002683 0.002716 0.014700
v 0.002717 0.002693 0.013500
v 0.001832 0.002750 0.013500
v 0.002091 0.002923 0.013500
v 0.002265 0.003183 0.013500
v 0.002325 0.003489 0.013500
v 0.002091 0.004055 0.013500
v 0.002265 0.003795 0.013500
v 0.001832 0.004228 0.013500
v 0.000919 0.002977 0.003226
v 0.001034 0.003181 0.002920
v 0.000786 0.003372 0.003217
v 0.000839 0.003526 0.003064
v 0.000849 0.003789 0.003143
v 0.001219 0.003489 0.002761
v 0.001219 0.004012 0.002977
v 0.000779 0.003221 0.003500
v 0.000771 0.003260 0.003500
v 0.000756 0.003336 0.003500
v 0.001587 0.007963 0.014373
v 0.001911 0.006842 0.013800
v 0.001520 0.006113 0.014700
v 0.000439 0.005726 0.013500
v 0.000699 0.006341 0.013500
v 0.000992 0.006450 0.013500
v 0.001220 0.006663 0.013500
v 0.001350 0.006947 0.013500
v 0.001361 0.007259 0.013500
v 0.001251 0.007552 0.013500
v 0.001038 0.007780 0.013500
v -0.000001 0.007690 0.003354
v 0.000014 0.006736 0.003000
v -0.000200 0.007096 0.003268
v -0.000029 0.007050 0.002977
v 0.000448 0.006776 0.002735
v -0.000089 0.007387 0.003087
v 0.000273 0.007201 0.002761
v 0.000338 0.007476 0.002817
v 0.000183 0.007628 0.002977
v -0.000217 0.007041 0.003500
v -0.000216 0.007080 0.003500
v -0.000213 0.007158 0.003500
v -0.001711 0.006361 0.014482
v -0.001677 0.005331 0.013500
v -0.002057 0.004713 0.014700
v -0.002645 0.004522 0.013500
v -0.002609 0.005089 0.013500
v -0.002353 0.005268 0.013500
v -0.002914 0.005023 0.013500
v -0.002185 0.005530 0.013500
v -0.002129 0.005838 0.013500
v -0.002196 0.006143 0.013500
v -0.002374 0.006399 0.013500
v -0.003612 0.005859 0.002972
v -0.003561 0.005384 0.003235
v -0.003405 0.005448 0.002977
v -0.003556 0.006273 0.003248
v -0.003316 0.006141 0.002850
v -0.003230 0.006361 0.002959
v -0.003496 0.006053 0.002917
v -0.003181 0.006526 0.003165
v -0.003722 0.005846 0.003500
v -0.003715 0.005884 0.003500
v -0.001668 0.010940 0.014423
v -0.001830 0.011315 0.013500
v -0.002399 0.009446 0.014700
v -0.002130 0.009657 0.013500
v -0.003161 0.009580 0.013500
v -0.002802 0.009926 0.013500
v -0.002521 0.010061 0.013500
v -0.002312 0.010293 0.013500
v -0.002208 0.010588 0.013500
v -0.002225 0.010899 0.013500
v -0.002360 0.011181 0.013500
v -0.003294 0.011357 0.003106
v -0.003650 0.010492 0.003000
v -0.003746 0.010899 0.003268
v -0.003597 0.010804 0.002977
v -0.003530 0.010408 0.002977
v -0.003572 0.011084 0.003064
v -0.003502 0.011305 0.003337
v -0.003263 0.010858 0.002761
v -0.003779 0.010852 0.003500
v -0.003766 0.010889 0.003500
v -0.003740 0.010963 0.003500
v -0.002773 0.019903 0.014423
v -0.002673 0.018884 0.013500
v -0.003012 0.018243 0.014700
v -0.003358 0.018138 0.013500
v -0.003860 0.018164 0.013500
v -0.003588 0.018582 0.013500
v -0.003344 0.018777 0.013500
v -0.003192 0.019050 0.013500
v -0.003157 0.019360 0.013500
v -0.003244 0.019660 0.013500
v -0.003438 0.019904 0.013500
v -0.004236 0.020005 0.003190
v -0.004431 0.019934 0.003368
v -0.004541 0.018943 0.003000
v -0.004726 0.019318 0.003268
v -0.004559 0.019259 0.002977
v -0.004405 0.018888 0.002977
v -0.004593 0.019600 0.003087
v -0.004160 0.019655 0.002817
v -0.004286 0.019849 0.002987
v -0.004747 0.019265 0.003500
v -0.004743 0.019304 0.003500
v -0.004734 0.019381 0.003500
v 0.002777 0.011673 0.014700
v 0.002048 0.012012 0.013500
v 0.003091 0.009946 0.014700
v 0.002262 0.009251 0.013500
v 0.003228 0.010802 0.013500
v 0.002239 0.009917 0.013500
v 0.002485 0.010109 0.013500
v 0.002677 0.010690 0.013500
v 0.002639 0.010381 0.013500
v 0.002593 0.010991 0.013500
v 0.002401 0.011237 0.013500
v 0.002129 0.011391 0.013500
v 0.001244 0.010396 0.002958
v 0.001589 0.009900 0.003226
v 0.001613 0.010087 0.002977
v 0.001119 0.010765 0.003248
v 0.001392 0.010750 0.002850
v 0.001375 0.010986 0.002959
v 0.001269 0.010593 0.002917
v 0.001347 0.011156 0.003165
v 0.001154 0.010308 0.003500
v 0.001144 0.010346 0.003500
v 0.001123 0.010421 0.003500
v -0.008021 0.005423 0.014100
v -0.007777 0.004697 0.014357
v -0.008041 0.003696 0.014700
v -0.008392 0.003389 0.013500
v -0.008879 0.003846 0.013500
v -0.008598 0.003983 0.013500
v -0.008391 0.004216 0.013500
v -0.008289 0.004511 0.013500
v -0.008307 0.004822 0.013500
v -0.008443 0.005103 0.013500
v -0.008677 0.005311 0.013500
v -0.009488 0.005263 0.003192
v -0.009752 0.004196 0.003226
v -0.009456 0.004145 0.002977
v -0.009603 0.004380 0.002908
v -0.009796 0.004911 0.003248
v -0.009532 0.004839 0.002850
v -0.009686 0.004711 0.002917
v -0.009858 0.004458 0.003500
v -0.009860 0.004496 0.003500
v -0.009864 0.004574 0.003500
v -0.009866 0.008535 0.014100
v -0.009845 0.008261 0.014700
v -0.010038 0.007005 0.014700
v -0.010061 0.007088 0.013500
v -0.010789 0.006818 0.013500
v -0.010601 0.007280 0.013500
v -0.010398 0.007518 0.013500
v -0.010302 0.007815 0.013500
v -0.010326 0.008126 0.013500
v -0.010468 0.008404 0.013500
v -0.010706 0.008607 0.013500
v -0.011764 0.007799 0.002958
v -0.011506 0.008545 0.003178
v -0.011621 0.007345 0.003233
v -0.011462 0.007425 0.002977
v -0.011817 0.008185 0.003248
v -0.011565 0.008130 0.002866
v -0.011524 0.008353 0.002959
v -0.011694 0.008030 0.002898
v -0.011869 0.007730 0.003500
v -0.011872 0.007769 0.003500
v -0.006970 0.011734 0.014100
v -0.006612 0.011062 0.014700
v -0.006867 0.009816 0.014700
v -0.006541 0.010262 0.013500
v -0.007840 0.009661 0.013500
v -0.007416 0.010120 0.013500
v -0.007202 0.010347 0.013500
v -0.007090 0.010638 0.013500
v -0.007099 0.010950 0.013500
v -0.007227 0.011235 0.013500
v -0.007454 0.011450 0.013500
v -0.008547 0.010633 0.002984
v -0.008431 0.010236 0.003233
v -0.008627 0.010780 0.003217
v -0.008473 0.010654 0.002977
v -0.008268 0.010308 0.002977
v -0.008550 0.010924 0.003064
v -0.008496 0.011181 0.003143
v -0.008134 0.011102 0.002817
v -0.008093 0.011339 0.002977
v -0.008660 0.010633 0.003500
v -0.008661 0.010672 0.003500
v -0.008663 0.010750 0.003500
v -0.005460 0.008245 0.014155
v -0.005192 0.006760 0.014700
v -0.005636 0.006177 0.014200
v -0.005974 0.006278 0.013500
v -0.005084 0.007394 0.013936
v -0.005948 0.006643 0.013500
v -0.005609 0.007153 0.013500
v -0.005728 0.006864 0.013500
v -0.005610 0.007465 0.013500
v -0.005730 0.007753 0.013500
v -0.005951 0.007973 0.013500
v -0.006792 0.007917 0.003089
v -0.006936 0.006893 0.003000
v -0.007163 0.007244 0.003268
v -0.006991 0.007204 0.002977
v -0.006796 0.006854 0.002977
v -0.007061 0.007477 0.003064
v -0.007070 0.007709 0.003337
v -0.006694 0.007367 0.002761
v -0.006640 0.007644 0.002817
v -0.006593 0.007879 0.002977
v -0.007179 0.007189 0.003500
v -0.007179 0.007228 0.003500
v 0.005326 0.014888 0.013800
v 0.006389 0.013917 0.013500
v 0.006489 0.013266 0.014700
v 0.006023 0.012520 0.013500
v 0.005648 0.012915 0.013500
v 0.005828 0.013170 0.013500
v 0.005896 0.013475 0.013500
v 0.005843 0.013782 0.013500
v 0.005676 0.014046 0.013500
v 0.005421 0.014226 0.013500
v 0.005116 0.014294 0.013500
v 0.004441 0.013879 0.003176
v 0.004714 0.012799 0.003226
v 0.004323 0.013696 0.003368
v 0.004749 0.013030 0.002920
v 0.004449 0.013120 0.003217
v 0.004999 0.012897 0.002977
v 0.004406 0.013334 0.003087
v 0.004811 0.013385 0.002761
v 0.004921 0.013774 0.002721
v 0.004511 0.013689 0.002959
v 0.004496 0.012976 0.003500
v 0.004475 0.013009 0.003500
v 0.004433 0.013075 0.003500
v -0.007197 0.015463 0.014140
v -0.006310 0.015607 0.013500
v -0.006256 0.015534 0.014700
v -0.005217 0.014670 0.014700
v -0.005160 0.014287 0.013500
v -0.005780 0.014391 0.013500
v -0.005795 0.014079 0.013500
v -0.005885 0.014684 0.013500
v -0.006095 0.014915 0.013500
v -0.006377 0.015049 0.013500
v -0.006689 0.015064 0.013500
v -0.006983 0.014958 0.013500
v -0.006492 0.013469 0.003252
v -0.007328 0.014129 0.003284
v -0.006333 0.013715 0.002977
v -0.007168 0.013785 0.003248
v -0.006940 0.013785 0.002917
v -0.006800 0.013513 0.003500
v -0.006835 0.013530 0.003500
v -0.006906 0.013563 0.003500
v 0.005909 0.011069 0.013500
v 0.006301 0.010837 0.014700
v 0.006999 0.009847 0.014700
v 0.006907 0.010025 0.013500
v 0.006541 0.009129 0.013500
v 0.006378 0.009600 0.013500
v 0.006374 0.009913 0.013500
v 0.006251 0.010199 0.013500
v 0.006028 0.010417 0.013500
v 0.005738 0.010533 0.013500
v 0.005426 0.010530 0.013500
v 0.004877 0.009890 0.003089
v 0.005508 0.009070 0.003000
v 0.005098 0.009153 0.003268
v 0.005247 0.009249 0.002977
v 0.005634 0.009143 0.002977
v 0.005004 0.009389 0.003064
v 0.004832 0.009545 0.003337
v 0.005339 0.009574 0.002761
v 0.005043 0.010005 0.002977
v 0.005127 0.009104 0.003500
v 0.005099 0.009131 0.003500
v 0.005043 0.009186 0.003500
v 0.003351 0.018115 0.013500
v 0.004403 0.017070 0.013800
v 0.004336 0.016180 0.014700
v 0.003833 0.015650 0.013500
v 0.003488 0.016094 0.013500
v 0.003721 0.016302 0.013500
v 0.003856 0.016584 0.013500
v 0.003873 0.016895 0.013500
v 0.003770 0.017190 0.013500
v 0.003561 0.017422 0.013500
v 0.003280 0.017558 0.013500
v 0.002499 0.017223 0.003096
v 0.002627 0.016396 0.002943
v 0.002376 0.016469 0.003268
v 0.002732 0.016145 0.003113
v 0.002396 0.016723 0.003064
v 0.002311 0.016939 0.003337
v 0.002778 0.016740 0.002761
v 0.002738 0.017020 0.002817
v 0.002704 0.017257 0.002977
v 0.002380 0.016412 0.003500
v 0.002367 0.016449 0.003500
v 0.002341 0.016523 0.003500
v 0.001494 0.014896 0.013800
v 0.001485 0.013231 0.014700
v 0.001634 0.013539 0.013500
v 0.000741 0.013017 0.013500
v 0.000912 0.013486 0.013500
v 0.001106 0.013731 0.013500
v 0.001191 0.014031 0.013500
v 0.001156 0.014341 0.013500
v 0.001004 0.014614 0.013500
v 0.000759 0.014807 0.013500
v -0.000157 0.014556 0.003106
v -0.000084 0.013597 0.003005
v -0.000363 0.013946 0.003268
v -0.000187 0.013926 0.002977
v 0.000177 0.013658 0.002838
v -0.000287 0.014189 0.003064
v -0.000322 0.014418 0.003337
v 0.000089 0.014121 0.002761
v 0.000112 0.014403 0.002817
v 0.000131 0.014641 0.002977
v -0.000372 0.013889 0.003500
v -0.000376 0.013928 0.003500
v -0.000385 0.014006 0.003500
v -0.009174 0.016104 0.014700
v -0.009759 0.016543 0.013500
v -0.008858 0.014760 0.013500
v -0.010138 0.014118 0.013500
v -0.009103 0.014355 0.014700
v -0.009728 0.014590 0.013500
v -0.009420 0.015119 0.013500
v -0.009522 0.014824 0.013500
v -0.009439 0.015430 0.013500
v -0.009576 0.015711 0.013500
v -0.009809 0.015918 0.013500
v -0.010885 0.015102 0.002972
v -0.010723 0.014652 0.003235
v -0.010928 0.015516 0.003248
v -0.010677 0.015457 0.002866
v -0.010808 0.015359 0.002898
v -0.010623 0.015851 0.003165
v -0.010989 0.015063 0.003500
v -0.010991 0.015102 0.003500
v -0.010996 0.015179 0.003500
v -0.005334 0.003844 0.013500
v -0.004448 0.002411 0.013500
v -0.004522 0.001991 0.014700
v -0.005764 0.001283 0.013843
v -0.005636 0.001821 0.013500
v -0.005012 0.001815 0.013500
v -0.005127 0.002162 0.013500
v -0.005008 0.002450 0.013500
v -0.005009 0.002762 0.013500
v -0.005003 0.003387 0.013500
v -0.005349 0.003271 0.013500
v -0.006475 0.002515 0.002996
v -0.006353 0.002067 0.003248
v -0.006247 0.003228 0.003284
v -0.006195 0.002152 0.002977
v -0.006490 0.002937 0.003248
v -0.006198 0.003088 0.002977
v -0.006369 0.002744 0.002882
v -0.006578 0.002487 0.003500
v -0.006578 0.002526 0.003500
v -0.006578 0.002604 0.003500
v -0.010549 0.012481 0.014423
v -0.010341 0.012011 0.013500
v -0.012032 0.010293 0.013500
v -0.010465 0.010806 0.014700
v -0.010417 0.011001 0.013500
v -0.011373 0.010887 0.013500
v -0.011095 0.011029 0.013500
v -0.010893 0.011267 0.013500
v -0.010822 0.011875 0.013500
v -0.010797 0.011564 0.013500
v -0.010964 0.012153 0.013500
v -0.011202 0.012355 0.013500
v -0.012253 0.011218 0.003226
v -0.012127 0.012136 0.003106
v -0.012115 0.011407 0.002920
v -0.012339 0.011625 0.003217
v -0.011956 0.011173 0.002977
v -0.012269 0.011773 0.003064
v -0.012296 0.012003 0.003337
v -0.011895 0.011692 0.002761
v -0.011835 0.012211 0.002977
v -0.008465 0.017963 0.015700
v -0.007870 0.017083 0.014900
v -0.008357 0.017570 0.014700
v -0.008162 0.017278 0.015200
v -0.008425 0.017914 0.014700
v -0.008162 0.018550 0.015414
v -0.012723 0.017556 0.014700
v -0.008357 0.018259 0.014700
v 0.001236 0.021230 0.014700
v -0.000050 0.023402 0.014700
v -0.005895 0.023201 0.015100
v -0.006243 0.021494 0.015100
v -0.006026 0.021819 0.015300
v -0.013289 0.016954 0.014700
v -0.014787 0.013151 0.014700
v -0.013246 0.004456 0.014700
v -0.005037 -0.001124 0.014700
v -0.008918 0.000164 0.014700
v -0.000129 0.023086 0.017900
v -0.005923 0.022966 0.017900
v -0.012089 0.002828 0.015367
v -0.013246 0.004456 0.015700
v -0.014158 0.006286 0.015325
v -0.014894 0.008930 0.015129
v -0.014992 0.010273 0.015700
v -0.014891 0.012315 0.015700
v -0.014061 0.015455 0.015700
v -0.012578 0.017930 0.015700
v -0.011212 0.019451 0.015700
v -0.000084 0.022804 0.015271
v 0.008961 0.007812 0.015700
v 0.008500 0.005803 0.015700
v 0.008019 0.005702 0.015700
v 0.008456 0.005702 0.015700
v -0.007812 0.021695 0.015700
v 0.009468 0.009802 0.015700
v 0.009066 0.009802 0.015700
v 0.003554 0.000530 0.015700
v 0.002035 -0.000250 0.015699
v 0.000416 -0.000906 0.015700
v -0.002632 -0.001409 0.015697
v -0.013335 0.016851 0.015700
v -0.012651 0.017999 0.015700
v 0.007193 0.004181 0.015700
v 0.006159 0.002794 0.015700
v -0.014019 0.015702 0.015700
v -0.006100 0.022398 0.015700
v 0.008500 0.015601 0.015700
v 0.008019 0.015702 0.015700
v 0.008456 0.015702 0.015700
v 0.005766 0.019468 0.015700
v 0.006612 0.018051 0.015700
v 0.001214 0.021982 0.015700
v 0.002328 0.021566 0.015700
v 0.001812 0.021695 0.015700
v 0.000100 0.022811 0.015700
v -0.015066 0.009802 0.015700
v -0.003124 -0.001411 0.015565
v -0.006416 -0.000906 0.015700
v -0.007912 -0.000315 0.015699
v -0.009554 0.000530 0.015700
v -0.010828 0.001547 0.015699
v -0.014019 0.005702 0.015700
v -0.015012 0.012161 0.015700
v -0.013193 0.004181 0.015700
v -0.014456 0.005702 0.015700
v -0.014500 0.005803 0.015700
v -0.014500 0.006939 0.015300
v -0.008593 0.021431 0.015700
v -0.010813 0.019941 0.015700
v -0.006100 0.022811 0.015700
v 0.007535 0.016509 0.015700
v -0.014500 0.014465 0.015700
v -0.014500 0.015601 0.015700
v -0.014456 0.015702 0.015700
v 0.003507 0.011227 0.200700
v 0.001052 0.015820 0.200700
v -0.001419 0.016795 0.200700
v -0.003000 0.017202 0.200700
v -0.006148 0.016591 0.200700
v -0.009062 0.013212 0.200700
v 0.007074 0.012087 0.200700
v 0.006204 0.012188 0.200700
v 0.005223 0.011555 0.200700
v -0.001702 0.002002 0.200700
v -0.004298 0.002002 0.200700
v -0.003000 0.002789 0.200700
v -0.013798 0.011502 0.200700
v -0.012581 0.012268 0.200700
v -0.001702 0.021002 0.200700
v -0.004298 0.021002 0.200700
v -0.003000 0.021789 0.200700
v 0.007749 0.005508 0.200650
v 0.006863 0.003212 0.200772
v 0.004922 0.001624 0.200685
v 0.008262 0.016165 0.200659
v 0.008872 0.011998 0.200660
v 0.007724 0.015681 0.200700
v 0.001529 -0.000894 0.200821
v 0.001411 0.022574 0.200663
v 0.006024 0.018369 0.200732
v 0.002148 -0.000163 0.200700
v 0.003143 0.020804 0.200700
v -0.003720 0.022998 0.200700
v -0.000969 0.022576 0.200699
v -0.006118 0.022478 0.200728
v 0.000611 0.016106 0.204200
v -0.002359 0.017210 0.204200
v -0.000513 0.016707 0.204200
v 0.002455 0.014347 0.204200
v -0.009375 0.011970 0.204200
v -0.008702 0.013879 0.204200
v -0.006123 0.016545 0.204200
v 0.013256 0.014750 0.189353
v 0.012112 0.015286 0.189200
v 0.012922 0.014803 0.195191
v 0.012702 0.016306 0.189318
v 0.012523 0.016153 0.195188
v 0.012154 0.017843 0.189353
v 0.010927 0.018146 0.189200
v 0.011816 0.017831 0.195191
v 0.011307 0.019262 0.189318
v 0.011161 0.019077 0.195188
v 0.010470 0.020663 0.189353
v 0.009207 0.020720 0.189200
v 0.010141 0.020584 0.195191
v 0.009362 0.021888 0.189318
v 0.009255 0.021678 0.195188
v 0.008268 0.023099 0.189353
v 0.007018 0.022909 0.189200
v 0.007960 0.022958 0.195191
v 0.006942 0.024085 0.189318
v 0.006878 0.023858 0.195188
v 0.005633 0.025059 0.189353
v 0.004444 0.024629 0.189200
v 0.005359 0.024860 0.195191
v 0.004140 0.025768 0.189318
v 0.004122 0.025533 0.195188
v 0.002666 0.026467 0.189353
v 0.001584 0.025814 0.189200
v 0.002436 0.026219 0.195191
v 0.001064 0.026871 0.189318
v 0.001091 0.026637 0.195188
v -0.000519 0.027270 0.189353
v -0.001452 0.026418 0.189200
v -0.000696 0.026981 0.195191
v -0.002096 0.027129 0.195188
v -0.003799 0.027435 0.189353
v -0.004548 0.026418 0.189200
v -0.003916 0.027119 0.195190
v -0.005481 0.027270 0.189353
v -0.005250 0.026886 0.195212
v -0.007064 0.026871 0.189318
v -0.007584 0.025814 0.189200
v -0.007080 0.026746 0.195163
v -0.008666 0.026467 0.189353
v -0.008365 0.026136 0.195212
v -0.010140 0.025768 0.189318
v -0.010444 0.024629 0.189200
v -0.010132 0.025642 0.195163
v -0.011633 0.025059 0.189353
v -0.011273 0.024793 0.195212
v -0.012942 0.024085 0.189318
v -0.013018 0.022909 0.189200
v -0.012909 0.023964 0.195163
v -0.014268 0.023099 0.189353
v -0.013863 0.022909 0.195212
v -0.015362 0.021888 0.189318
v -0.015207 0.020720 0.189200
v -0.015306 0.021776 0.195163
v -0.016470 0.020663 0.189353
v -0.016036 0.020555 0.195212
v -0.017307 0.019262 0.189318
v -0.016927 0.018146 0.189200
v -0.017230 0.019162 0.195163
v -0.018154 0.017843 0.189353
v -0.017707 0.017822 0.195212
v -0.018702 0.016306 0.189318
v -0.018112 0.015286 0.189200
v -0.018607 0.016223 0.195163
v -0.019256 0.014750 0.189353
v -0.018814 0.014816 0.195212
v -0.019494 0.013135 0.189318
v -0.018716 0.012250 0.189200
v -0.019385 0.013072 0.195163
v -0.018964 0.011777 0.195200
v -0.019633 0.011544 0.195100
v -0.019651 0.011533 0.189317
v -0.018995 0.009385 0.189135
v -0.018867 0.008642 0.195200
v -0.019494 0.008272 0.195082
v -0.019758 0.007368 0.189503
v -0.019043 0.006621 0.195169
v -0.018389 0.005720 0.189156
v -0.018434 0.005338 0.195214
v -0.018066 0.003561 0.189318
v -0.017939 0.003570 0.195169
v -0.017032 0.002904 0.189134
v -0.017161 0.002327 0.195188
v -0.016470 0.000741 0.189353
v -0.016141 0.000819 0.195191
v -0.015242 0.000316 0.189134
v -0.015255 -0.000275 0.195188
v -0.014268 -0.001696 0.189353
v -0.013960 -0.001555 0.195191
v -0.012980 -0.001873 0.189134
v -0.012878 -0.002455 0.195188
v -0.011633 -0.003656 0.189353
v -0.011359 -0.003457 0.195191
v -0.010335 -0.003578 0.189134
v -0.010122 -0.004129 0.195188
v -0.007981 -0.004688 0.189156
v -0.008436 -0.004816 0.195191
v -0.007064 -0.005468 0.189318
v -0.007091 -0.005234 0.195188
v -0.005481 -0.005866 0.189353
v -0.004497 -0.004573 0.189200
v -0.005304 -0.005578 0.195191
v -0.003831 -0.005950 0.189318
v -0.003904 -0.005726 0.195188
v -0.001713 -0.005423 0.189156
v -0.002084 -0.005715 0.195190
v -0.000567 -0.005792 0.189318
v -0.000682 -0.005586 0.195189
v 0.001048 -0.005555 0.189353
v 0.001101 -0.005221 0.195190
v 0.002451 -0.004821 0.195189
v 0.003539 -0.005084 0.189503
v 0.004241 -0.002830 0.189200
v 0.004129 -0.004115 0.195190
v 0.005633 -0.003656 0.189353
v 0.005273 -0.003390 0.195212
v 0.006980 -0.001873 0.189134
v 0.006909 -0.002561 0.195163
v 0.008268 -0.001696 0.189353
v 0.007863 -0.001505 0.195212
v 0.009242 0.000316 0.189134
v 0.009306 -0.000373 0.195163
v 0.010470 0.000741 0.189353
v 0.010036 0.000848 0.195212
v 0.011032 0.002904 0.189134
v 0.011230 0.002241 0.195163
v 0.011707 0.003581 0.195212
v 0.012785 0.004163 0.189503
v 0.012112 0.006117 0.189200
v 0.012607 0.005180 0.195163
v 0.012814 0.006587 0.195212
v 0.013758 0.007368 0.189503
v 0.012716 0.009154 0.189200
v 0.013385 0.008331 0.195163
v 0.013425 0.009795 0.195190
v 0.014940 0.011009 0.191149
v 0.012950 0.012536 0.189142
v 0.012846 0.011995 0.195228
v 0.013569 0.013178 0.195047
v 0.004651 -0.002040 0.202253
v -0.005660 -0.003545 0.202410
v -0.012724 -0.000222 0.202327
v -0.017113 0.007559 0.202222
v -0.015674 0.017591 0.202232
v -0.016500 0.015812 0.202238
v -0.008856 0.024170 0.201904
v 0.001205 0.024501 0.202016
v 0.004857 0.023083 0.201761
v 0.011425 0.011692 0.201698
v 0.006604 -0.000681 0.201231
v -0.006977 -0.003200 0.201394
v -0.016782 0.006439 0.201359
v -0.006625 0.024698 0.200977
v -0.012810 0.021879 0.200817
v 0.011153 0.006180 0.202450
v 0.011068 0.014039 0.202724
v 0.011541 0.010143 0.202650
v 0.009846 0.018438 0.201522
v -0.012267 0.021800 0.202049
v -0.016347 0.016203 0.201235
v 0.002151 0.024199 0.200980
v -0.002654 -0.003992 0.201347
v 0.007131 0.021065 0.200820
v 0.010472 0.015951 0.202747
v 0.010422 0.016172 0.200755
v 0.011229 0.006271 0.200358
v 0.002858 -0.002740 0.200413
v -0.012133 -0.001073 0.200027
v -0.017141 0.015839 0.199870
v -0.015084 0.019547 0.199802
v -0.009094 0.023851 0.200006
v -0.017398 0.011616 0.200306
v -0.000965 0.025038 0.199994
v 0.002014 0.024238 0.199988
v 0.007959 0.020372 0.200005
v 0.009605 0.018453 0.199655
v 0.011439 0.009547 0.199742
v 0.011149 0.013843 0.199727
v 0.003410 0.023662 0.199864
v 0.000040 -0.003434 0.199471
v 0.004689 -0.001743 0.199532
v -0.016466 0.004853 0.199156
v -0.017018 0.007260 0.199332
v -0.004279 -0.003667 0.199548
v -0.012603 0.021909 0.198900
v -0.004910 0.025067 0.198954
v 0.011365 0.012016 0.198827
v 0.008056 0.001384 0.198576
v -0.012731 -0.000610 0.197974
v -0.010343 -0.001726 0.198457
v -0.003248 -0.003750 0.198517
v -0.017023 0.007178 0.198226
v -0.017493 0.012266 0.198236
v -0.014502 0.019804 0.197948
v -0.011917 0.022424 0.197790
v -0.013168 0.021729 0.197744
v -0.015046 0.019362 0.197945
v 0.010371 0.005271 0.198752
v -0.007878 0.024770 0.197695
v -0.000548 0.025360 0.197689
v 0.011284 0.014110 0.197418
v 0.006284 0.022189 0.197619
v 0.010002 0.004378 0.197615
v 0.011396 0.009774 0.197800
v -0.013422 0.000559 0.197302
v -0.017281 0.008243 0.197263
v 0.009800 0.017799 0.197664
v 0.009537 0.003164 0.201605
v -0.008026 -0.002833 0.202523
v 0.009616 0.017765 0.202769
v 0.011854 0.012362 0.200408
v -0.003440 -0.003838 0.200429
v -0.011272 -0.001128 0.200481
v -0.007480 0.024970 0.200689
v -0.016577 0.015608 0.200276
v 0.010724 0.006045 0.199632
v -0.011614 -0.000881 0.199479
v 0.010094 0.016782 0.198900
v -0.017027 0.014569 0.199148
v -0.017257 0.006199 0.197939
v 0.011066 0.007214 0.197645
v -0.006597 -0.003302 0.197398
v 0.001198 -0.003134 0.197484
v -0.005730 -0.003475 0.198548
v -0.014888 0.002434 0.202451
v -0.016513 0.005595 0.202398
v 0.005142 -0.001295 0.202797
v -0.017208 0.013361 0.202324
v -0.009887 0.023415 0.202267
v -0.000287 0.024903 0.202158
v -0.011569 0.022347 0.202289
v 0.007166 0.020952 0.201954
v 0.008098 0.019969 0.202049
v 0.004592 -0.001589 0.201675
v 0.010955 0.006919 0.201896
v -0.006906 -0.003254 0.201650
v -0.013553 0.000838 0.201457
v -0.015076 0.002792 0.201421
v -0.016901 0.014678 0.201394
v -0.010412 0.023155 0.201276
v -0.003208 0.025137 0.201081
v 0.000105 0.024823 0.201154
v 0.008347 0.019662 0.201044
v 0.010648 0.005998 0.200780
v 0.010454 0.016241 0.201004
v 0.004717 -0.001840 0.200907
v 0.003350 -0.002288 0.200760
v -0.014806 0.002393 0.200427
v -0.016321 0.005024 0.200335
v -0.004346 -0.003694 0.200673
v -0.001851 0.025115 0.201175
v -0.011678 -0.000976 0.202640
v -0.017429 0.008741 0.202554
v 0.005214 0.022600 0.202091
v 0.003035 0.023815 0.202011
v 0.000483 -0.003433 0.201528
v 0.003169 -0.002420 0.202774
v 0.001781 -0.002961 0.202579
v -0.002552 -0.003783 0.202692
v -0.003627 0.025152 0.202071
v 0.011397 0.009291 0.201797
v 0.010298 0.005024 0.201873
v 0.010877 0.015123 0.201931
v 0.000909 -0.003253 0.201736
v -0.006445 0.024711 0.202104
v -0.013662 0.020448 0.202215
v 0.006924 0.000187 0.201808
v -0.009676 -0.002124 0.201611
v -0.000069 -0.003433 0.200579
v -0.017142 0.013609 0.200265
v -0.013866 0.020240 0.200322
v -0.016048 0.016930 0.200366
v -0.012741 0.021783 0.199954
v -0.007681 0.024382 0.201240
v -0.002401 -0.003745 0.200694
v 0.003854 0.023433 0.201109
v -0.015429 0.018025 0.201231
v 0.005539 0.022369 0.201086
v -0.017240 0.008339 0.201355
v -0.014122 0.019940 0.201327
v 0.011435 0.010797 0.200798
v -0.008214 -0.002784 0.200629
v -0.013507 0.000802 0.200416
v -0.016437 0.005362 0.200498
v 0.006210 -0.000402 0.200674
v 0.001490 -0.003042 0.200737
v -0.010030 -0.001933 0.200606
v 0.011362 0.012375 0.200955
v -0.017645 0.008798 0.200583
v -0.015064 0.018671 0.200344
v -0.017383 0.009225 0.200453
v 0.009173 0.002900 0.200846
v 0.009394 0.003218 0.200691
v -0.011412 -0.001053 0.201420
v -0.009158 0.023885 0.200259
v 0.010666 0.016084 0.200096
v -0.008588 -0.002633 0.199624
v -0.006205 -0.003373 0.199545
v 0.003880 -0.002053 0.199774
v 0.010723 0.006148 0.199887
v -0.015763 0.003907 0.199516
v -0.016581 0.005739 0.199493
v -0.016328 0.016398 0.199367
v -0.010576 0.023017 0.199276
v 0.001943 0.024277 0.199028
v 0.010999 0.007178 0.198755
v -0.008801 0.023946 0.199253
v 0.001100 -0.003195 0.198547
v 0.004404 -0.001718 0.198774
v -0.007078 -0.003170 0.198642
v -0.008959 -0.002472 0.198620
v -0.017036 0.007091 0.198480
v -0.017099 0.013909 0.198402
v -0.008840 0.023908 0.198129
v -0.011071 0.022740 0.198276
v -0.016835 0.015553 0.198136
v -0.015947 0.004265 0.198511
v 0.001270 0.024515 0.198140
v 0.010143 0.016944 0.198009
v 0.011053 0.007299 0.197900
v 0.002241 -0.002774 0.197746
v 0.004056 -0.001919 0.197769
v 0.007970 0.001334 0.199701
v -0.003403 0.025155 0.200192
v 0.008953 0.002566 0.199842
v 0.004941 0.022927 0.199910
v 0.011403 0.009601 0.198777
v 0.006384 -0.000308 0.198674
v -0.013810 0.020254 0.199200
v 0.000110 -0.003454 0.199716
v 0.008589 0.019347 0.200040
v 0.005856 0.022130 0.200082
v -0.015748 0.003266 0.199648
v 0.011402 0.011982 0.199951
v -0.013451 0.000710 0.199559
v -0.002791 -0.003756 0.199690
v -0.004925 0.025000 0.200087
v -0.010007 -0.001908 0.199483
v 0.006566 0.021513 0.198967
v 0.008724 0.002239 0.198837
v 0.008823 0.019025 0.199036
v -0.005400 0.025057 0.199158
v -0.000438 0.025039 0.198957
v -0.014839 0.019001 0.199340
v -0.017369 0.012582 0.199422
v 0.011176 0.013546 0.198968
v 0.007869 0.020188 0.198930
v 0.004651 0.022956 0.198949
v 0.009776 0.003933 0.198860
v -0.017341 0.009142 0.199328
v 0.000718 -0.003271 0.198728
v 0.010648 0.015474 0.198991
v -0.014606 0.019324 0.198335
v 0.007611 0.020815 0.198143
v -0.015681 0.017648 0.198357
v -0.016122 0.004629 0.197507
v -0.012615 -0.000097 0.197571
v -0.015396 0.002838 0.197618
v -0.015198 0.002979 0.198386
v -0.002163 0.025115 0.198044
v -0.006524 0.024724 0.198226
v -0.000671 0.024971 0.198162
v -0.004534 0.025064 0.198057
v -0.012724 0.000032 0.198463
v 0.004501 0.023040 0.197976
v -0.013335 0.020813 0.198314
v 0.011374 0.012128 0.197856
v -0.000708 -0.003561 0.197611
v 0.005844 -0.001372 0.198080
v -0.010242 -0.001851 0.197608
v -0.006967 -0.003222 0.197554
v 0.005940 -0.000623 0.197677
v -0.016316 0.016483 0.197202
v -0.016372 0.016201 0.197375
v -0.017282 0.008447 0.197462
v -0.003078 -0.003727 0.197559
v 0.008487 0.001920 0.197833
v -0.009020 0.023888 0.197227
v -0.011645 0.022370 0.197266
v -0.014608 0.019339 0.197275
v -0.017283 0.013003 0.197319
v -0.005294 0.025050 0.197216
v -0.006783 0.024828 0.197324
v -0.016978 0.016085 0.197642
v -0.011281 0.022911 0.197453
v -0.015098 0.019685 0.197646
v -0.001928 0.025162 0.197200
v -0.017817 0.013041 0.197726
v 0.014752 0.005317 0.187201
v 0.015664 0.005378 0.186839
v 0.010563 -0.002203 0.187203
v 0.005893 -0.006240 0.187032
v 0.011977 -0.001919 0.186173
v 0.000840 -0.008601 0.186208
v -0.006354 -0.008164 0.186930
v -0.016561 -0.003306 0.186978
v -0.012456 -0.006449 0.186173
v -0.019625 0.001815 0.187206
v -0.021711 0.005026 0.186268
v 0.001152 -0.002831 0.204095
v 0.002453 -0.002464 0.203700
v 0.004917 -0.001147 0.203700
v 0.006746 0.000541 0.204037
v 0.010976 0.007922 0.203700
v 0.008774 0.003036 0.204113
v -0.000318 -0.002784 0.204200
v -0.017052 0.010906 0.204136
v -0.006857 -0.002951 0.204018
v -0.004356 -0.003066 0.204201
v -0.014570 0.002765 0.204138
v -0.015735 0.004858 0.204132
v -0.012028 -0.000320 0.203893
v -0.016976 0.007922 0.203700
v -0.003000 -0.003548 0.203700
v -0.013860 0.004854 0.204200
v -0.014864 0.007392 0.204200
v -0.015233 0.008843 0.204200
v -0.012280 0.002531 0.204200
v -0.012804 0.003042 0.204200
v -0.013834 0.004896 0.204200
v -0.014072 0.005216 0.204200
v 0.006491 0.017687 0.204200
v 0.006778 0.017288 0.204200
v -0.015124 0.010149 0.204200
v -0.014304 0.006175 0.204200
v -0.014773 0.007453 0.204200
v -0.010408 0.000706 0.204200
v 0.006205 0.018087 0.204200
v -0.004061 0.002262 0.204200
v -0.003243 0.002707 0.204200
v -0.014864 0.012866 0.204200
v -0.013300 0.011999 0.204200
v -0.015258 0.011815 0.204200
v -0.010887 0.010925 0.204200
v -0.012148 0.012185 0.204200
v -0.014000 0.015448 0.204200
v -0.013192 0.017357 0.204200
v -0.014567 0.014710 0.204200
v -0.011220 0.019589 0.204200
v -0.000891 0.022278 0.204200
v -0.001764 0.021094 0.204200
v -0.008736 0.021040 0.204200
v -0.009995 0.020428 0.204200
v -0.008770 0.021268 0.204200
v -0.007022 0.021909 0.204200
v -0.004050 0.021367 0.204200
v -0.006605 0.021962 0.204200
v -0.004208 0.022477 0.204200
v -0.004346 0.022448 0.204200
v -0.001319 0.022355 0.204200
v -0.001763 0.022436 0.204200
v -0.001494 0.001501 0.204200
v 0.006344 0.017907 0.204200
v -0.002158 0.002461 0.204200
v 0.006014 0.018353 0.204200
v 0.005905 0.018523 0.204200
v 0.004925 0.011015 0.204200
v 0.007798 0.011502 0.204200
v 0.000249 0.022070 0.204200
v -0.002032 0.022485 0.204200
v -0.001935 0.022456 0.204200
v -0.002704 0.021688 0.204200
v -0.002966 0.022470 0.204200
v -0.001401 0.022383 0.204200
v 0.001803 0.021470 0.204200
v 0.006500 0.012289 0.204200
v 0.004348 0.019965 0.204200
v 0.002396 0.021222 0.204200
v 0.004898 0.019432 0.204200
v -0.002345 0.022480 0.204200
v -0.014913 0.013262 0.204200
v -0.015246 0.010329 0.204200
v -0.011606 0.001874 0.204200
v -0.012505 0.002750 0.204200
v -0.013227 0.003767 0.204200
v -0.013649 0.004491 0.204200
v -0.014494 0.005941 0.204200
v -0.015086 0.012539 0.204200
v -0.012453 0.018194 0.204200
v -0.005974 0.022295 0.204200
v -0.014387 0.020465 0.197700
v 0.010381 0.006385 0.197200
v 0.005772 -0.000623 0.197200
v 0.003845 -0.001581 0.195200
v 0.009818 0.004308 0.195200
v -0.000269 -0.003029 0.197200
v -0.017568 0.009197 0.195294
v -0.005731 -0.003029 0.195200
v -0.009524 -0.001775 0.196400
v -0.010778 -0.000939 0.195200
v -0.015585 0.003975 0.197200
v -0.014641 0.002924 0.195200
v -0.015934 0.005344 0.195200
v -0.012899 0.000802 0.195200
v -0.003000 -0.003475 0.196000
v 0.008747 0.001238 0.188914
v 0.011252 0.005891 0.188700
v 0.001528 -0.004118 0.189200
v -0.014574 0.001027 0.188800
v -0.017278 0.005924 0.188914
v 0.012016 0.009488 0.187200
v 0.007607 0.000095 0.187200
v 0.002740 -0.003157 0.187200
v 0.005334 -0.001770 0.187200
v -0.017712 0.007775 0.187200
v -0.005926 -0.004010 0.187200
v -0.011334 -0.001770 0.187200
v -0.009990 -0.002666 0.188914
v -0.015472 0.002368 0.187200
v -0.001261 -0.004263 0.187200
v 0.013678 0.000148 0.163200
v 0.007834 -0.005512 0.163200
v 0.003013 -0.007937 0.163200
v -0.004578 -0.008819 0.163200
v -0.021016 0.003239 0.163200
v -0.016605 -0.003597 0.163200
v 0.010497 0.016002 0.197200
v 0.009275 0.018420 0.197200
v 0.005604 0.022373 0.197200
v 0.003283 0.023769 0.197200
v 0.000743 0.024710 0.197200
v 0.007625 0.020568 0.197200
v -0.014044 0.031363 0.151866
v -0.011718 0.031749 0.153643
v -0.007444 0.033045 0.153643
v -0.016192 0.027690 0.161310
v -0.022563 0.023008 0.153592
v -0.021553 0.021286 0.161776
v -0.024047 0.019420 0.153643
v -0.007444 -0.011642 0.153643
v -0.025824 0.007558 0.152203
v -0.023486 0.000126 0.152378
v -0.021061 -0.000952 0.161203
v -0.014417 -0.009861 0.151029
v -0.011718 -0.010346 0.153643
v -0.017430 -0.007132 0.153413
v -0.025781 0.010702 0.153643
v -0.023000 0.012574 0.155103
v -0.023000 0.009891 0.154245
v -0.025491 0.012125 0.154795
v -0.025323 0.012552 0.155441
v -0.025616 0.011478 0.154357
v -0.025431 0.009050 0.155016
v -0.025617 0.009928 0.154356
v -0.000994 -0.009298 0.155874
v -0.001351 -0.009298 0.157389
v -0.002235 -0.009298 0.158048
v 0.017000 0.012549 0.155435
v 0.017000 0.009287 0.154786
v 0.017000 0.011131 0.154037
v -0.001266 0.030702 0.157509
v -0.001271 0.030702 0.155132
v -0.002235 0.030702 0.154352
v -0.020391 -0.002769 0.150200
v -0.019741 -0.003007 0.147677
v -0.024187 0.004066 0.147795
v -0.007765 0.031738 0.147712
v -0.023862 0.017678 0.150200
v -0.024087 0.014896 0.147700
v -0.020877 0.022646 0.147700
v -0.022863 0.018929 0.147700
v -0.013330 0.030029 0.150200
v -0.015082 0.028516 0.147727
v -0.011228 0.030565 0.147700
v -0.018203 0.025904 0.147700
v -0.024449 0.008209 0.147700
v -0.015500 -0.008006 0.150200
v -0.018910 -0.005208 0.150200
v -0.009542 -0.009890 0.150167
v -0.011610 -0.010086 0.150200
v -0.023999 0.005717 0.150129
v -0.025500 0.010702 0.150200
v -0.025068 0.015091 0.150200
v -0.021708 -0.001799 0.150200
v -0.023787 0.019312 0.150200
v -0.021708 0.023202 0.150200
v -0.018910 0.026612 0.150200
v -0.015500 0.029410 0.150200
v -0.011610 0.031489 0.150200
v -0.007390 0.032769 0.150200
v -0.011593 -0.010931 0.150954
v -0.007480 -0.011819 0.150509
v -0.011787 -0.010512 0.150509
v -0.005532 0.033635 0.150570
v -0.007459 -0.011713 0.150346
v -0.011746 -0.010412 0.150346
v -0.019263 -0.005562 0.150700
v -0.015757 -0.008391 0.150509
v -0.022124 -0.002077 0.150700
v -0.024249 0.001900 0.150700
v -0.024214 0.001914 0.150509
v -0.025521 0.006222 0.150509
v -0.022092 -0.002055 0.150509
v -0.015697 -0.008300 0.150346
v -0.019237 -0.005535 0.150509
v -0.019160 -0.005458 0.150346
v -0.015607 -0.008166 0.150238
v -0.022002 -0.001995 0.150346
v -0.024114 0.001956 0.150346
v -0.025414 0.006243 0.150346
v -0.011684 -0.010262 0.150238
v -0.007427 -0.011554 0.150238
v -0.007427 0.032957 0.150238
v -0.019045 -0.005344 0.150238
v -0.021867 -0.001905 0.150238
v -0.023964 0.002018 0.150238
v -0.025255 0.006275 0.150238
v -0.025558 0.006215 0.150700
v -0.007459 0.033116 0.150346
v -0.025962 0.010702 0.150509
v -0.025972 0.013350 0.151429
v -0.025521 0.015181 0.150509
v -0.025558 0.015189 0.150700
v -0.024214 0.019489 0.150509
v -0.024249 0.019503 0.150700
v -0.025854 0.010702 0.150346
v -0.025691 0.010702 0.150238
v -0.024114 0.019447 0.150346
v -0.025414 0.015160 0.150346
v -0.025255 0.015128 0.150238
v -0.019335 0.027380 0.150965
v -0.022092 0.023459 0.150509
v -0.019237 0.026938 0.150509
v -0.009473 0.032877 0.150865
v -0.011787 0.031916 0.150509
v -0.015757 0.029794 0.150509
v -0.022002 0.023398 0.150346
v -0.019160 0.026862 0.150346
v -0.015697 0.029704 0.150346
v -0.011746 0.031816 0.150346
v -0.023964 0.019385 0.150238
v -0.019045 0.026747 0.150238
v -0.021867 0.023308 0.150238
v -0.015607 0.029569 0.150238
v -0.011684 0.031666 0.150238
v -0.002613 -0.011121 0.158122
v -0.023186 0.004855 0.162473
v -0.025663 0.010704 0.154200
v -0.016523 -0.005393 0.162345
v -0.010682 0.030440 0.162542
v -0.003773 0.032534 0.158045
v -0.024832 0.009932 0.158046
v -0.024814 0.010654 0.158190
v -0.010110 -0.008440 0.163121
v -0.007013 -0.009473 0.162977
v -0.014268 -0.006067 0.163200
v -0.022465 0.004328 0.163129
v -0.019105 -0.002076 0.163075
v -0.022529 0.008704 0.163223
v -0.023159 0.014167 0.163117
v -0.022168 0.014429 0.163233
v -0.021101 0.020360 0.163082
v -0.023819 0.012494 0.162725
v -0.017638 0.024929 0.163134
v -0.010473 0.028744 0.163254
v -0.006980 0.030711 0.163105
v -0.012382 0.028990 0.163087
v 0.018501 0.006044 0.147700
v -0.018239 -0.004773 0.147726
v -0.016262 -0.006475 0.147700
v -0.012606 -0.008699 0.147716
v -0.000232 -0.010821 0.147700
v -0.004350 0.029289 0.020034
v -0.004350 0.030293 0.020704
v -0.004350 0.030591 0.021444
v -0.004350 0.030931 0.022443
v -0.004350 0.030336 0.023083
v -0.004350 0.029645 0.023729
v 0.006000 0.030459 0.022350
v 0.006000 0.029313 0.023725
v 0.006000 0.029927 0.020641
v -0.022348 0.016363 0.045500
v -0.020515 0.019829 0.033500
v -0.022166 0.015713 0.033500
v -0.015539 0.026156 0.045500
v -0.015088 0.026420 0.033500
v -0.022275 0.005639 0.033500
v -0.024573 0.018527 0.050200
v -0.024400 0.019024 0.050200
v -0.024400 0.020412 0.050200
v -0.025601 0.017140 0.050200
v -0.025392 0.017364 0.050200
v -0.024573 0.002876 0.050200
v -0.024400 0.002379 0.050200
v -0.025392 0.004039 0.050200
v -0.019123 -0.007252 0.050200
v -0.019817 -0.006477 0.050200
v -0.022000 -0.006298 0.050200
v -0.020550 -0.006298 0.050200
v -0.003850 -0.031754 0.002716
v -0.003850 -0.032560 0.003640
v -0.003850 -0.032987 0.003448
v -0.003850 -0.030159 0.002000
v -0.003850 -0.031339 0.006073
v -0.003850 -0.027900 0.000800
v -0.003651 -0.030099 0.001209
v -0.003850 -0.033409 0.005281
v -0.003850 -0.031508 0.005992
v -0.003850 -0.031294 0.006190
v -0.003850 -0.033900 0.006800
v -0.003850 -0.007377 0.002600
v -0.003850 -0.008243 0.001100
v -0.003850 -0.007625 0.000800
v -0.003850 -0.017951 0.001100
v -0.003850 -0.007097 0.001714
v -0.003850 -0.027892 0.003018
v -0.003850 -0.025678 0.002782
v -0.004350 -0.024479 0.004791
v -0.003850 -0.023760 0.004487
v -0.003850 -0.023264 0.006760
v -0.003850 -0.033658 0.007100
v -0.003850 -0.031754 0.018233
v -0.003850 -0.031665 0.019923
v -0.003850 -0.031754 0.025991
v -0.003850 -0.030910 0.007848
v -0.003850 -0.029714 0.009188
v -0.003850 -0.033900 0.141700
v -0.003850 -0.033658 0.141400
v -0.003850 -0.033607 0.142309
v -0.003850 -0.029279 0.002000
v -0.003850 -0.033164 0.142420
v -0.003850 -0.028359 0.142854
v -0.003850 -0.027815 0.002509
v -0.003850 -0.026112 0.008864
v -0.003850 -0.026903 0.010178
v -0.003850 -0.027892 0.008982
v -0.003850 -0.026705 0.008982
v -0.003850 -0.031754 0.010474
v -0.003850 -0.031665 0.006096
v -0.003850 -0.031754 0.005625
v -0.003850 -0.033658 0.074250
v -0.003850 -0.027658 0.001100
v -0.003850 -0.029301 0.001329
v -0.003850 -0.030344 0.001790
v -0.003250 -0.004296 0.019203
v -0.003850 0.030961 0.017252
v -0.003850 0.032900 0.047182
v -0.003850 0.032586 0.047263
v -0.003850 0.032586 0.018367
v -0.003850 0.033743 0.050200
v -0.003850 0.033743 0.048955
v -0.003850 0.033243 0.048089
v -0.003850 0.029584 0.016635
v -0.003849 0.029565 0.000160
v -0.003850 0.029900 0.000413
v -0.003550 0.029900 0.016462
v -0.003850 0.032150 0.017761
v -0.003850 0.032900 0.018194
v -0.003850 0.030650 0.016895
v -0.003850 0.030275 0.016678
v -0.008053 -0.031444 0.006006
v -0.010236 -0.031330 0.006085
v -0.010853 -0.031298 0.006154
v -0.011834 -0.031247 0.006648
v -0.003299 -0.031694 0.002000
v -0.003250 -0.015018 0.143471
v -0.003250 -0.015260 0.143191
v -0.003250 -0.015298 0.143000
v -0.003700 -0.015298 0.142580
v -0.003000 -0.013297 0.143100
v -0.018813 -0.030881 0.109500
v -0.003250 -0.031694 0.002000
v -0.003250 0.033700 0.046968
v -0.003250 0.033700 0.017732
v -0.013329 0.031303 0.017728
v -0.010667 0.032386 0.033000
v -0.008281 0.033132 0.017799
v -0.010667 0.032386 0.018850
v -0.010826 0.032390 0.025143
v -0.012661 0.031574 0.018205
v -0.018173 0.027990 0.017773
v -0.021291 0.024667 0.023589
v -0.019272 0.026963 0.026006
v -0.020396 0.025777 0.018723
v -0.014802 0.030759 0.029689
v -0.010667 0.032386 0.046000
v -0.013386 0.031223 0.046000
v -0.009319 0.032931 0.046915
v -0.025147 0.016729 0.046000
v -0.024145 0.020260 0.046857
v -0.024190 0.019521 0.046000
v -0.016324 0.029782 0.030610
v -0.020350 0.025801 0.046000
v -0.017683 0.028611 0.047000
v -0.017101 0.028811 0.046000
v -0.014660 0.030472 0.046000
v -0.022883 0.022168 0.046000
v -0.021692 0.024340 0.017752
v -0.026435 0.011070 0.017723
v -0.025535 0.015302 0.033000
v -0.025535 0.006102 0.033000
v -0.025934 0.012445 0.046968
v -0.022124 -0.002076 0.033000
v -0.024222 0.001877 0.033134
v -0.023998 0.001316 0.017732
v -0.022000 -0.002260 0.017732
v -0.023622 0.020887 0.046000
v -0.025535 0.015302 0.046000
v -0.024759 0.018156 0.046000
v -0.022144 0.023449 0.046000
v -0.024881 0.003974 0.046000
v -0.022124 -0.002076 0.046000
v -0.022000 -0.002260 0.046968
v -0.025535 0.006102 0.046000
v -0.025838 0.007569 0.046959
v -0.024227 0.001847 0.046000
v -0.003250 -0.034068 0.143430
v -0.003250 -0.034407 0.143207
v -0.003250 -0.033900 0.141700
v -0.003251 -0.032250 0.143156
v -0.003250 -0.033724 0.142295
v -0.003250 -0.034700 0.142500
v -0.003250 -0.034630 0.142868
v -0.003250 -0.034700 0.006000
v -0.003250 -0.033900 0.006800
v -0.003250 -0.028298 0.142700
v -0.003250 -0.028563 0.143459
v -0.003250 -0.028336 0.143191
v -0.003250 -0.028298 0.143000
v -0.003449 -0.005242 0.015994
v -0.003250 -0.007097 0.001714
v -0.003255 -0.033823 0.004302
v -0.003250 -0.032308 0.001218
v -0.003250 -0.032624 0.003101
v -0.003250 -0.031695 0.002152
v -0.003250 -0.030904 0.000421
v -0.003250 -0.006391 0.001165
v -0.003250 -0.028692 0.000000
v -0.003250 -0.027900 0.000800
v -0.003250 -0.007451 0.000000
v -0.003250 -0.007625 0.000800
v -0.003250 -0.007202 0.000068
v -0.003250 0.033900 0.048914
v -0.003250 0.034392 0.050161
v -0.003250 0.034700 0.048700
v -0.003250 0.034662 0.049892
v -0.003250 0.034554 0.050053
v -0.003250 0.034700 0.049700
v -0.003250 0.030700 0.016000
v -0.003323 0.030723 0.001423
v -0.003250 0.031800 0.017097
v -0.003250 0.031450 0.016433
v -0.003250 0.032900 0.047182
v -0.003250 0.032900 0.018194
v -0.021597 -0.006298 0.142704
v -0.020550 -0.006298 0.143423
v -0.022000 -0.006298 0.141500
v -0.006994 -0.006776 0.000047
v -0.010933 -0.005628 0.000000
v -0.020000 -0.027814 0.000000
v -0.016224 -0.004152 -0.000039
v -0.017772 -0.002446 0.000000
v -0.018047 -0.000527 -0.000032
v -0.005588 0.030534 0.016000
v -0.007890 0.030095 0.016000
v -0.014288 0.027321 0.016000
v -0.014006 0.027697 0.002014
v -0.010124 0.029390 0.016000
v -0.021558 0.018799 0.002012
v -0.018584 0.023270 0.015992
v -0.021071 0.019342 0.015991
v -0.022931 0.009042 0.016000
v -0.022625 0.014802 0.016016
v -0.022988 0.011385 0.016000
v -0.022126 0.004782 0.015969
v -0.008227 0.034225 0.048811
v -0.017684 0.030051 0.048720
v -0.021765 0.025848 0.049520
v -0.024667 0.021351 0.048846
v -0.026362 0.016419 0.048693
v -0.027063 0.008291 0.048771
v -0.024052 0.000095 0.047827
v -0.022000 -0.003961 0.048700
v -0.019157 -0.033867 0.142500
v -0.019157 -0.033867 0.006000
v -0.010000 -0.028798 0.143500
v -0.020000 -0.032821 0.143500
v -0.007711 -0.012831 0.143500
v -0.010000 -0.014798 0.143500
v -0.012007 -0.011544 0.143500
v -0.020000 -0.006403 0.143500
v -0.022000 -0.030871 0.141500
v -0.021954 -0.024238 0.119907
v -0.022000 -0.024998 0.118000
v -0.022000 -0.023915 0.120616
v -0.022000 -0.022714 0.121418
v -0.021997 -0.023993 0.115305
v -0.022000 -0.029298 0.085500
v -0.022000 -0.021298 0.121700
v -0.022000 -0.021298 0.114300
v -0.021833 -0.016819 0.130963
v -0.022000 -0.018798 0.121700
v -0.022000 -0.016298 0.121700
v -0.022000 -0.015034 0.127479
v -0.021984 -0.014957 0.121296
v -0.022000 -0.012598 0.118000
v -0.022000 -0.006298 0.095850
v -0.022000 -0.018798 0.114300
v -0.022000 -0.016298 0.114300
v -0.022000 -0.020798 0.085500
v -0.022000 -0.012298 0.085500
v -0.021999 -0.013254 0.115801
v -0.022000 -0.010006 0.095959
v -0.022000 -0.030871 0.008736
v -0.022000 -0.029298 0.040500
v -0.022000 -0.016548 0.040500
v -0.022000 -0.020798 0.040500
v -0.021999 -0.010335 0.092699
v -0.022000 -0.012298 0.040500
v -0.022000 -0.012298 0.063000
v -0.021999 -0.011125 0.062567
v -0.021999 -0.010896 0.063985
v -0.022000 -0.010607 0.061692
v -0.022000 -0.027395 0.010499
v -0.022000 -0.025437 0.010097
v -0.022000 -0.023846 0.008887
v -0.022000 -0.022887 0.005109
v -0.022000 -0.022937 0.007107
v -0.022034 -0.023975 0.002758
v -0.022000 -0.006298 0.073025
v -0.022000 -0.006298 0.061613
v -0.021998 -0.009199 0.061081
v -0.022000 -0.004713 0.050200
v -0.022000 -0.003920 0.050200
v -0.012205 -0.004374 0.016000
v -0.008894 -0.005171 0.001701
v -0.009449 -0.005952 0.000100
v -0.012768 -0.004307 0.000100
v -0.018098 -0.031104 0.109500
v -0.018000 -0.031298 0.140500
v -0.018457 -0.031188 0.109500
v -0.010999 0.028818 0.033688
v -0.011052 0.029375 0.045183
v -0.011000 0.031915 0.033470
v -0.024937 0.015702 0.033500
v -0.025045 0.015702 0.045511
v -0.024937 0.015702 0.045500
v -0.025045 0.015702 0.033489
v -0.024159 0.018353 0.033500
v -0.018148 0.023563 0.033623
v -0.015533 0.029539 0.033491
v -0.022765 0.021836 0.045515
v -0.019089 0.026463 0.045500
v -0.022120 0.005702 0.045428
v -0.025045 0.005702 0.045511
v -0.025045 0.005702 0.033489
v -0.019100 -0.001066 0.045500
v -0.019063 -0.000968 0.033500
v -0.023764 0.002034 0.045500
v -0.021981 -0.001380 0.045500
v -0.016959 -0.003161 0.047000
v -0.014615 -0.002545 0.047081
v -0.017992 0.001905 0.000446
v -0.011000 0.029151 0.019741
v -0.011000 0.030919 0.021213
v -0.011000 0.030555 0.023339
v -0.011000 0.029563 0.024079
v -0.011035 0.030077 0.025801
v -0.011041 0.031238 0.025110
v -0.011000 0.031915 0.024812
v -0.004075 -0.024765 0.008281
v -0.004600 -0.024198 0.006000
v -0.004600 -0.025106 0.003808
v -0.004600 -0.028053 0.009028
v -0.004600 -0.029420 0.008121
v -0.004600 -0.030359 0.006329
v -0.004600 -0.029420 0.003879
v -0.017000 -0.023603 0.007531
v -0.016997 -0.024054 0.008426
v -0.016996 -0.026520 0.009844
v -0.016990 -0.028734 0.009466
v -0.021500 -0.030994 0.007531
v -0.021512 -0.024316 0.008971
v -0.021500 -0.009815 0.095497
v -0.021112 -0.014004 0.115591
v -0.021500 -0.021298 0.114800
v -0.021454 -0.024063 0.119705
v -0.021446 -0.023999 0.116188
v -0.009500 -0.028298 0.143000
v -0.009500 -0.015298 0.143000
v -0.003850 -0.031754 0.140500
v -0.003850 -0.031687 0.140859
v -0.003850 -0.031511 0.140999
v -0.003850 -0.031236 0.141300
v -0.003850 -0.031340 0.141331
v -0.003850 -0.031128 0.141386
v -0.021750 -0.015565 0.129339
v -0.021750 -0.015298 0.128000
v -0.021750 -0.015915 0.125917
v -0.021864 -0.018103 0.124505
v -0.021750 -0.019891 0.126037
v -0.021750 -0.019998 0.129950
v -0.021750 -0.019998 0.126250
v -0.021750 -0.019279 0.128585
v -0.021750 -0.018544 0.128400
v -0.021750 -0.017596 0.126459
v -0.021750 -0.017872 0.128244
v -0.021750 -0.019954 0.130099
v -0.021750 -0.019789 0.130201
v -0.021750 -0.019600 0.130156
v -0.021850 -0.017519 0.130167
v -0.021750 -0.017785 0.130186
v -0.021750 -0.017555 0.130182
v -0.022000 -0.019270 0.128881
v -0.022000 -0.019615 0.130166
v -0.022000 -0.019748 0.130200
v -0.022000 -0.019897 0.130156
v -0.022000 -0.019989 0.130023
v -0.022000 -0.017880 0.130044
v -0.021857 -0.017399 0.130002
v -0.022000 -0.017373 0.130017
v -0.022000 -0.017763 0.130185
v -0.021932 -0.018047 0.126092
v -0.022000 -0.017431 0.126922
v -0.022000 -0.017801 0.127810
v -0.021875 -0.019748 0.126000
v -0.021944 -0.019989 0.126174
v -0.022000 -0.019889 0.126040
v -0.021917 -0.019498 0.126500
v -0.021821 -0.018598 0.126500
v -0.021875 -0.019476 0.127957
v -0.021900 -0.017994 0.126831
v -0.021958 -0.018244 0.126588
v -0.021844 -0.017895 0.127103
v -0.021950 -0.018129 0.127878
v -0.021925 -0.018666 0.128111
v -0.021700 -0.012298 0.040500
v -0.021700 -0.029298 0.040500
v -0.021700 -0.012298 0.085500
v -0.021700 -0.029298 0.085500
v -0.020754 -0.033305 0.143353
v -0.021703 -0.032171 0.142548
v -0.017129 0.024655 0.001259
v -0.019854 0.021110 0.000774
v -0.021401 0.016389 0.000355
v -0.018482 0.020597 -0.000014
v -0.015287 0.025069 0.000175
v -0.014111 0.026982 0.000900
v -0.009184 0.029604 0.001043
v -0.007003 0.029735 0.000623
v -0.021119 -0.029757 0.000343
v -0.021587 -0.030699 0.000783
v -0.021886 -0.027295 0.001333
v -0.022106 -0.031768 0.001866
v -0.021939 -0.026212 0.001511
v -0.003871 -0.031498 0.140800
v -0.018930 -0.030666 0.141430
v -0.018707 -0.031005 0.141207
v -0.019977 -0.033707 0.142968
v -0.021559 -0.018000 0.114634
v -0.021854 -0.016298 0.114654
v -0.021718 -0.014672 0.115170
v -0.021855 -0.013406 0.116307
v -0.021655 -0.013133 0.119182
v -0.021962 -0.016298 0.114491
v -0.021970 -0.014335 0.115020
v -0.021975 -0.012759 0.118633
v -0.021946 -0.013416 0.119977
v -0.021806 -0.015281 0.121154
v -0.021898 -0.018412 0.121589
v -0.021962 -0.021298 0.114491
v -0.021691 -0.021298 0.121238
v -0.021962 -0.021298 0.121509
v -0.021691 -0.022538 0.115008
v -0.021916 -0.022952 0.121030
v -0.021771 -0.024581 0.118554
v -0.021925 -0.022330 0.114709
v -0.021929 -0.024453 0.116668
v -0.021962 -0.024807 0.118000
v -0.021791 -0.023641 0.115549
v -0.021924 -0.023704 0.115570
v -0.015590 0.029656 0.026026
v -0.014142 0.030583 0.025781
v -0.010973 0.032078 0.024870
v -0.020446 0.025528 0.024504
v -0.018385 0.027716 0.026032
v -0.020907 0.025045 0.023761
v -0.014973 0.030310 0.026149
v -0.021142 0.024752 0.022916
v -0.020344 0.025666 0.019228
v -0.021217 0.024658 0.021536
v -0.016553 0.028976 0.017923
v -0.011005 0.031998 0.019096
v -0.011018 0.031559 0.019082
v -0.016638 0.029166 0.017721
v -0.014194 0.030738 0.018030
v -0.010973 0.032078 0.019130
v -0.010900 0.032215 0.019047
v -0.021718 -0.024827 0.002746
v -0.021887 -0.023779 0.003668
v -0.021962 -0.024567 0.002640
v -0.021700 -0.023217 0.006331
v -0.021784 -0.023115 0.005556
v -0.021718 -0.024212 0.008657
v -0.021686 -0.026005 0.009961
v -0.021900 -0.025427 0.009797
v -0.021921 -0.023766 0.008302
v -0.021831 -0.028046 0.010097
v -0.021960 -0.022950 0.006190
v -0.021975 -0.029307 0.009912
v -0.021273 -0.029299 0.009727
v -0.021745 -0.030142 0.008934
v -0.021855 -0.031484 0.006330
v -0.021701 -0.031386 0.006219
v -0.021962 -0.030923 0.008329
v -0.021593 -0.029912 0.002834
v -0.021748 -0.030703 0.003704
v -0.021959 -0.031365 0.007403
v -0.021942 -0.031450 0.006698
v -0.021925 -0.031536 0.005993
v -0.021959 -0.031364 0.004594
v -0.021854 -0.029198 0.002314
v -0.022041 -0.030765 0.003070
v -0.021962 -0.029272 0.002170
v -0.021846 -0.026333 0.001920
v -0.021806 -0.027540 0.001826
v -0.021893 -0.026959 0.001684
v -0.025385 0.005834 0.033289
v -0.022205 -0.001739 0.033322
v -0.024092 0.001903 0.033354
v -0.025238 0.005740 0.033411
v -0.023942 0.001966 0.033462
v -0.024937 0.005702 0.033500
v -0.021981 -0.001380 0.033500
v -0.022140 -0.001547 0.033447
v -0.025385 0.005834 0.045711
v -0.025238 0.005740 0.045589
v -0.022205 -0.001739 0.045678
v -0.023942 0.001966 0.045538
v -0.024192 0.001862 0.045809
v -0.024092 0.001903 0.045646
v -0.022140 -0.001547 0.045553
v -0.022185 -0.001824 0.045758
v -0.010894 0.032222 0.033267
v -0.010894 0.032222 0.045733
v -0.010970 0.032086 0.033384
v -0.010970 0.032086 0.045616
v -0.013297 0.031133 0.033366
v -0.015905 0.029637 0.033291
v -0.019420 0.026845 0.033152
v -0.018064 0.027793 0.033423
v -0.020239 0.025705 0.033354
v -0.020836 0.024704 0.033494
v -0.024252 0.019558 0.033137
v -0.021934 0.023372 0.033423
v -0.022503 0.022829 0.033305
v -0.025385 0.015569 0.033289
v -0.024210 0.019032 0.033443
v -0.025238 0.015663 0.033411
v -0.014716 0.030536 0.045878
v -0.013290 0.031032 0.045577
v -0.017600 0.028128 0.045505
v -0.020228 0.025601 0.045572
v -0.017952 0.027703 0.045511
v -0.017423 0.028537 0.045673
v -0.020321 0.025776 0.045809
v -0.022692 0.022452 0.045673
v -0.024250 0.019511 0.045798
v -0.024531 0.017974 0.045533
v -0.025238 0.015663 0.045589
v -0.025385 0.015569 0.045711
v -0.021691 -0.009830 0.092968
v -0.021781 -0.009329 0.095737
v -0.021742 -0.010436 0.095084
v -0.021920 -0.010088 0.095625
v -0.021795 -0.010792 0.094219
v -0.021913 -0.010824 0.094651
v -0.021985 -0.010839 0.095003
v -0.021857 -0.010512 0.093296
v -0.021691 -0.010280 0.093268
v -0.021980 -0.010938 0.093764
v -0.021962 -0.010471 0.093077
v -0.021929 -0.009879 0.061537
v -0.021774 -0.010526 0.063758
v -0.021931 -0.010083 0.064395
v -0.021955 -0.010929 0.063378
v -0.021784 -0.010726 0.062994
v -0.021744 -0.010515 0.062297
v -0.021854 -0.010357 0.061942
v -0.021695 -0.010073 0.061811
v -0.021960 -0.010728 0.062114
v -0.021412 0.018058 0.049983
v -0.019680 0.021422 0.049983
v -0.016018 0.025781 0.049984
v -0.021640 0.018244 0.050184
v -0.019868 0.021647 0.050184
v -0.015773 0.026166 0.050138
v -0.011250 0.028790 0.050071
v -0.003996 0.030614 0.049788
v -0.003888 0.030845 0.050127
v -0.009535 -0.015263 0.143184
v -0.009646 -0.015152 0.143354
v -0.009535 -0.028334 0.143184
v -0.009646 -0.028445 0.143354
v -0.026508 0.015346 0.049891
v -0.026274 0.013952 0.050200
v -0.026242 0.015293 0.050162
v -0.020032 0.027557 0.049891
v -0.019839 0.027366 0.050162
v -0.020528 0.026355 0.050200
v -0.018106 0.028704 0.050200
v -0.024911 0.019711 0.050162
v -0.022750 0.023787 0.050162
v -0.021459 0.025245 0.050200
v -0.022975 0.023936 0.049891
v -0.026401 0.015325 0.050054
v -0.025062 0.019773 0.050054
v -0.025162 0.019814 0.049891
v -0.022885 0.023876 0.050054
v -0.019955 0.027481 0.050054
v -0.016442 0.030538 0.049891
v -0.015372 0.030681 0.050200
v -0.016290 0.030314 0.050162
v -0.014117 0.031406 0.050200
v -0.016381 0.030448 0.050054
v -0.012237 0.032518 0.050162
v -0.007889 0.034160 0.049891
v -0.007834 0.033895 0.050162
v -0.007792 0.033708 0.050200
v -0.006365 0.033959 0.050200
v -0.011037 0.032784 0.050200
v -0.014290 0.032013 0.049723
v -0.012300 0.032667 0.050054
v -0.007867 0.034053 0.050054
v -0.020007 -0.033697 0.004781
v -0.021467 -0.032578 0.002445
v -0.020798 -0.033272 0.003584
v -0.017834 -0.002129 0.016000
v -0.016148 -0.004070 0.016000
v 0.005861 -0.001397 0.024317
v -0.019836 0.005397 0.048200
v -0.017836 0.001190 0.048200
v -0.018597 0.018785 0.048200
v -0.015771 -0.001440 0.048200
v -0.016911 0.000207 0.048200
v -0.013000 -0.003796 0.048200
v -0.013081 -0.005568 0.048200
v -0.017309 -0.001798 0.048200
v -0.017380 0.006611 0.013671
v -0.014944 0.001710 0.013727
v -0.012042 -0.001321 0.013776
v -0.012077 -0.001115 0.013845
v -0.008456 -0.003218 0.013809
v -0.007186 -0.003598 0.013905
v -0.017805 0.008000 0.012668
v -0.016337 0.003947 0.012710
v -0.012746 -0.000526 0.012872
v -0.008208 -0.003307 0.012846
v -0.002275 -0.001377 0.015213
v -0.001583 -0.001852 0.014598
v -0.001548 -0.003584 0.014278
v -0.001826 -0.002783 0.013180
v -0.002530 -0.002355 0.012409
v -0.001547 -0.003583 0.013528
v 0.001034 -0.001171 0.014705
v 0.004275 -0.000572 0.014700
v 0.008529 0.005306 0.014713
v 0.008783 0.005493 0.014700
v 0.008500 0.006939 0.014700
v 0.009570 0.007802 0.014700
v -0.021695 0.007309 0.048200
v -0.020192 0.002443 0.048200
v -0.013665 0.016061 0.013100
v 0.000008 -0.001151 0.013098
v 0.004987 0.000985 0.013100
v 0.005228 0.001643 0.003694
v 0.008019 0.005702 0.013100
v 0.008019 0.005702 0.003700
v 0.002123 -0.001290 0.014433
v 0.008537 0.005644 0.013100
v 0.008747 0.007802 0.013100
v 0.009570 0.007802 0.013100
v 0.007314 0.003238 0.013100
v -0.010003 0.021151 0.013100
v -0.013861 0.016892 0.014357
v -0.015572 0.014070 0.014700
v -0.015262 0.014812 0.013100
v 0.006612 0.018051 0.013100
v 0.007291 0.016570 0.003994
v 0.008019 0.015702 0.013100
v 0.008882 0.007800 0.003449
v -0.006196 0.022564 0.003640
v 0.000100 0.022398 0.013100
v -0.013414 0.003895 0.013100
v -0.014062 0.004977 0.003800
v -0.006230 -0.001545 0.013100
v -0.006569 -0.000937 0.003740
v -0.014906 0.004885 0.013100
v -0.014500 0.006382 0.013100
v -0.015281 0.006754 0.013100
v -0.014401 0.015646 0.013100
v 0.004920 0.020884 0.013900
v 0.002765 0.021840 0.013900
v 0.000100 0.023224 0.013900
v -0.014673 0.005586 0.014700
v -0.005641 -0.002100 0.014434
v -0.016054 0.007645 0.014700
v -0.015708 0.009829 0.014922
v -0.014856 0.007807 0.015367
v -0.014019 0.005702 0.014700
v -0.015081 0.009936 0.014700
v -0.014500 0.015702 0.014700
v -0.014019 0.015702 0.014700
v -0.009765 0.000039 0.014705
v -0.011569 0.001737 0.014708
v -0.008834 0.021748 0.014700
v -0.006100 0.022398 0.014700
v 0.000100 0.022398 0.015200
v 0.004349 0.020314 0.014700
v 0.008596 0.015654 0.014700
v 0.009066 0.009802 0.014700
v -0.020202 0.007488 0.047200
v -0.020415 0.010696 0.047200
v -0.020046 0.007507 0.047200
v -0.020120 0.013933 0.047200
v -0.018857 0.018186 0.047200
v -0.019237 0.004347 0.047200
v -0.017883 0.001495 0.047200
v -0.017103 0.000292 0.032700
v -0.019331 0.004054 0.032700
v -0.017883 0.019908 0.032700
v -0.019605 0.016065 0.032700
v -0.020202 0.013915 0.032700
v -0.016858 0.004961 0.015700
v -0.015389 0.002424 0.015700
v -0.015499 0.002403 0.015880
v -0.013607 0.000095 0.015700
v -0.013536 0.000166 0.015700
v -0.011334 -0.001770 0.015700
v -0.017614 0.007795 0.015700
v -0.017712 0.007775 0.015700
v -0.016766 0.005000 0.015700
v -0.008702 -0.003064 0.015700
v -0.005907 -0.003912 0.015700
v -0.005926 -0.004010 0.015700
v -0.003000 -0.004298 0.015700
v -0.003000 -0.004198 0.015700
v -0.000074 -0.004010 0.015700
v -0.011278 -0.001687 0.015700
v -0.008740 -0.003157 0.015700
v 0.002740 -0.003157 0.015700
v -0.000093 -0.003912 0.015700
v 0.004603 -0.002281 0.015901
v 0.002702 -0.003064 0.015700
v 0.007607 0.000095 0.015700
v 0.005278 -0.001687 0.015700
v 0.009389 0.002424 0.015700
v 0.007536 0.000166 0.015700
v 0.010766 0.005000 0.015700
v 0.009472 0.002368 0.015700
v 0.011614 0.007795 0.015700
v -0.017467 0.006839 0.014616
v -0.013291 -0.000518 0.014700
v -0.006919 -0.003674 0.014783
v 0.011647 0.007970 0.015046
v 0.002140 -0.003379 0.014902
v 0.009233 0.001639 0.014974
v -0.013516 0.003760 0.003200
v -0.003492 -0.002776 0.003200
v -0.011512 0.001412 0.003200
v -0.005911 -0.002326 0.002985
v -0.001450 0.023818 0.003200
v -0.006100 0.023635 0.003200
v -0.003000 0.024002 0.003200
v -0.011672 0.020498 0.002978
v -0.006100 0.022914 0.003200
v 0.005205 0.021169 0.003200
v -0.002944 -0.002810 0.003091
v 0.001442 -0.001090 0.003200
v -0.001002 -0.000944 0.003694
v 0.003431 -0.001427 0.003146
v 0.004609 -0.000167 0.003200
v 0.003750 -0.000990 0.003200
v 0.004993 0.000836 0.003208
v 0.009700 0.007802 0.003200
v 0.010272 0.009856 0.002997
v 0.004706 0.020670 0.003200
v 0.004478 0.020588 0.003413
v 0.007468 0.018906 0.003200
v 0.000100 0.023635 0.003200
v 0.000100 0.022643 0.003312
v 0.009523 0.012096 0.003200
v 0.009062 0.014344 0.003200
v 0.006969 0.018408 0.003200
v 0.008201 0.016472 0.003200
v 0.008500 0.015702 0.013100
v 0.009700 0.008439 0.013900
v 0.009980 0.009866 0.014700
v -0.014558 0.006152 0.003271
v 0.008500 0.005702 0.003260
v 0.008500 0.006939 0.003700
v 0.007847 0.000697 0.012928
v 0.011285 0.007920 0.012707
v 0.008092 0.019796 0.012748
v -0.015272 0.018253 0.013176
v -0.016851 0.016327 0.013461
v -0.013484 0.020582 0.012982
v -0.016305 0.004223 0.013663
v -0.017557 0.008351 0.013452
v -0.013902 0.001195 0.013334
v -0.008361 -0.002697 0.013451
v 0.000298 -0.003273 0.012549
v 0.003911 0.023552 0.003943
v -0.009379 0.023554 0.003971
v -0.017432 0.008954 0.004283
v -0.005843 -0.003480 0.004405
v 0.007134 0.000494 0.004488
v 0.011802 0.011908 0.005078
v 0.010087 0.004189 0.004782
v 0.001302 -0.003240 0.004563
v 0.010851 0.016138 0.005063
v 0.002524 0.024113 0.004902
v -0.009914 0.023383 0.004912
v -0.017111 0.008191 0.005143
v -0.017847 0.009180 0.005555
v -0.017683 0.012762 0.005504
v -0.016033 0.016775 0.005091
v -0.013153 0.000549 0.005387
v -0.003070 -0.003678 0.005414
v 0.001062 -0.003033 0.005429
v -0.007470 -0.002973 0.005317
v 0.003832 -0.002142 0.005529
v 0.011644 0.013351 0.006018
v 0.011218 0.012692 0.004648
v 0.000557 0.024581 0.005845
v -0.004310 0.025055 0.006008
v -0.008232 0.024585 0.006339
v -0.016172 0.017275 0.005873
v -0.017360 0.008511 0.006202
v -0.013929 0.001357 0.006270
v 0.002506 -0.002701 0.006527
v -0.005296 -0.003667 0.006427
v 0.010669 0.005952 0.006635
v 0.005849 0.021961 0.006778
v 0.009819 0.017668 0.006850
v 0.011811 0.011591 0.007058
v -0.011667 0.022149 0.007116
v -0.004320 0.025085 0.007020
v -0.012882 0.000284 0.007391
v -0.005826 -0.003374 0.007357
v 0.006356 -0.000167 0.007500
v 0.002664 -0.002758 0.007659
v 0.010986 0.007092 0.007728
v 0.011817 0.011458 0.008065
v 0.009365 0.018596 0.007996
v 0.010124 0.016568 0.007730
v 0.009523 0.018387 0.005972
v -0.003821 0.025015 0.007904
v -0.009331 0.023848 0.008086
v -0.015750 0.017306 0.008186
v -0.017146 0.008237 0.008289
v -0.013656 0.001082 0.008244
v -0.004318 -0.003596 0.008498
v 0.003363 -0.002268 0.008586
v 0.006036 -0.001070 0.008894
v 0.011233 0.006938 0.008695
v 0.011097 0.013423 0.008670
v 0.006789 0.021236 0.008791
v 0.000462 0.024615 0.008859
v -0.009688 0.023668 0.009099
v -0.017111 0.008046 0.009291
v -0.013224 0.000634 0.009257
v -0.015435 0.002979 0.009473
v -0.001390 -0.003538 0.009401
v -0.008620 -0.002607 0.009450
v 0.009449 0.002829 0.009761
v 0.011437 0.010271 0.009760
v 0.010783 0.014831 0.009659
v -0.009592 0.023660 0.010086
v 0.008669 0.019216 0.009865
v -0.015148 0.018515 0.010175
v -0.016433 0.005310 0.010143
v -0.016117 0.004861 0.010329
v -0.017335 0.010124 0.010134
v -0.012808 0.000254 0.010248
v -0.008964 -0.002753 0.010596
v 0.002748 -0.002857 0.010709
v 0.001311 -0.003018 0.010423
v -0.016300 0.004066 0.010567
v 0.008333 0.019554 0.010764
v 0.011826 0.011402 0.011043
v 0.005797 0.022625 0.011131
v -0.015273 0.018200 0.011072
v -0.003302 0.025228 0.010939
v 0.008897 0.002096 0.010637
v -0.011472 -0.000912 0.011311
v 0.005724 -0.000678 0.011500
v 0.007447 0.000851 0.011642
v 0.011284 0.009236 0.011747
v 0.010348 0.016377 0.011645
v 0.011836 0.011327 0.012050
v 0.005757 0.022661 0.012170
v 0.010674 0.016868 0.012137
v -0.006941 0.024509 0.012056
v 0.010060 0.016724 0.003808
v 0.011342 0.012530 0.003795
v 0.010797 0.006480 0.003718
v -0.017238 0.007216 0.012408
v -0.017477 0.012847 0.012333
v -0.008991 -0.002320 0.012297
v -0.009044 -0.002753 0.012584
v -0.016265 0.016250 0.004102
v 0.003227 -0.002237 0.004334
v 0.008147 0.001511 0.005415
v 0.010769 0.014776 0.004558
v -0.016668 0.015922 0.005840
v -0.017347 0.010119 0.006019
v -0.016383 0.005587 0.007194
v -0.010197 -0.002113 0.007514
v -0.016818 0.005619 0.007931
v -0.009098 0.024023 0.007719
v -0.011762 -0.000655 0.004291
v 0.006174 0.021783 0.004751
v -0.015288 0.018289 0.003854
v -0.013644 0.020339 0.004895
v -0.013610 0.020826 0.005770
v 0.011252 0.012451 0.005531
v -0.005831 0.024778 0.005793
v -0.002142 0.025073 0.003816
v -0.008750 0.024037 0.003604
v -0.017291 0.012099 0.003998
v 0.005520 0.022294 0.005760
v 0.011464 0.008077 0.005353
v -0.017353 0.011106 0.005008
v -0.016866 0.014430 0.004971
v 0.009840 0.017342 0.005596
v 0.011329 0.009464 0.005645
v -0.003056 0.025087 0.004859
v -0.016092 0.016583 0.007073
v -0.011982 -0.000533 0.007251
v 0.008179 0.001691 0.007404
v 0.011353 0.011112 0.007517
v 0.005106 0.022848 0.007688
v 0.002254 -0.002762 0.008319
v -0.017297 0.013287 0.008207
v 0.011447 0.007665 0.008296
v -0.005317 0.024963 0.006785
v -0.002592 -0.003647 0.007397
v -0.014902 0.002759 0.007228
v -0.004657 -0.003561 0.006245
v -0.010843 -0.001283 0.006274
v 0.008284 0.019581 0.006619
v 0.010787 0.015040 0.006570
v -0.017253 0.012445 0.006994
v -0.011467 0.022413 0.006859
v -0.017095 0.013441 0.005983
v 0.011265 0.008388 0.006483
v -0.001337 -0.003561 0.006280
v -0.016124 0.004876 0.008079
v -0.013511 0.020842 0.007903
v 0.010940 0.015835 0.007290
v -0.012078 -0.000423 0.008153
v -0.017339 0.011450 0.008005
v 0.001371 -0.003076 0.007318
v -0.009221 -0.002239 0.008191
v 0.006440 -0.000153 0.006480
v -0.004363 -0.003687 0.008253
v -0.016382 0.005416 0.009169
v -0.008285 -0.002649 0.009203
v 0.002941 -0.002413 0.009489
v 0.009333 0.003348 0.009426
v -0.006478 0.024633 0.009801
v -0.016318 0.016069 0.009952
v 0.009087 0.002782 0.010416
v 0.010222 0.016293 0.010699
v -0.001270 -0.003646 0.011290
v 0.010795 0.006616 0.011570
v -0.016993 0.007480 0.012048
v 0.010261 0.016094 0.012677
v 0.010022 0.004394 0.012433
v 0.000511 0.024624 0.012724
v -0.002813 0.025059 0.012761
v -0.016181 0.016396 0.012948
v -0.008776 0.023833 0.012942
v 0.004277 0.023079 0.008677
v -0.016975 0.014703 0.009160
v -0.013292 0.021056 0.008799
v -0.007097 0.024561 0.008816
v -0.017357 0.010462 0.009015
v -0.002881 -0.003674 0.010419
v 0.010952 0.014094 0.010550
v 0.011230 0.008786 0.008492
v -0.002166 0.025036 0.008754
v -0.009561 -0.002626 0.008936
v 0.007509 0.020620 0.009628
v 0.011127 0.007670 0.009553
v 0.009937 0.017145 0.008598
v 0.000169 0.024706 0.009728
v 0.011323 0.009986 0.010615
v -0.010223 -0.001675 0.010296
v -0.004145 0.025015 0.010775
v 0.010985 0.007447 0.010477
v -0.001841 0.025001 0.009872
v -0.013559 0.020665 0.010939
v -0.017024 0.013785 0.008979
v -0.009149 0.023779 0.010831
v -0.008239 -0.002665 0.011339
v -0.016159 0.005040 0.011181
v 0.010317 0.004094 0.011189
v -0.013189 0.020811 0.012011
v 0.005889 0.021954 0.012778
v -0.016964 0.007285 0.013157
v -0.017424 0.011482 0.013001
v 0.007050 0.000447 0.012386
v -0.013314 0.000712 0.013135
v -0.007658 -0.002881 0.013210
v -0.001822 0.025012 0.011750
v -0.013980 0.001449 0.012124
v 0.003508 -0.002097 0.011338
v 0.001490 0.024340 0.011712
v -0.008526 0.024230 0.011835
v -0.014564 0.001635 0.012518
v -0.003465 -0.003780 0.011470
v 0.007463 0.020954 0.011633
v -0.014600 0.002239 0.011113
v 0.004839 -0.001301 0.012477
v 0.001910 -0.002779 0.012431
v 0.001927 0.024264 0.012873
v 0.011320 0.011761 0.011524
v -0.017102 0.008120 0.011159
v -0.017206 0.012790 0.009990
v -0.013693 0.020634 0.009812
v -0.015699 0.003803 0.004102
v -0.015976 0.004554 0.005083
v -0.013137 0.000404 0.005134
v -0.015507 0.003648 0.006095
v -0.000175 0.024780 0.006732
v -0.000667 0.024852 0.007854
v 0.006120 -0.000538 0.009368
v -0.016392 0.015960 0.012051
v -0.017358 0.010803 0.012011
v -0.017317 0.011794 0.011001
v 0.011440 0.011073 0.012515
v -0.002027 -0.003624 0.012273
v -0.005347 -0.003464 0.012237
v 0.003369 -0.002268 0.013446
v 0.010048 0.004741 0.013586
v 0.011810 0.011505 0.014070
v 0.010431 0.015791 0.013723
v -0.014788 0.019111 0.014058
v -0.017280 0.013210 0.014199
v -0.010993 0.022942 0.014174
v -0.016653 0.005742 0.014311
v -0.011913 -0.000556 0.014405
v -0.012902 0.000323 0.014247
v 0.011054 0.007741 0.013634
v -0.003047 0.025027 0.013868
v -0.000267 0.024798 0.013733
v 0.008695 0.019032 0.013612
v 0.011344 0.011358 0.013519
v 0.006896 0.000317 0.013528
v 0.005903 0.021950 0.013803
v 0.006936 0.021068 0.013641
v 0.010964 0.014047 0.013549
v 0.003231 0.023643 0.013847
v -0.009345 0.023649 0.013837
v -0.016027 0.016741 0.013943
v -0.017339 0.011453 0.014005
v -0.017083 0.007610 0.014047
v -0.008480 -0.002615 0.014371
v -0.014924 0.002598 0.014109
v -0.005639 0.024816 0.013791
v 0.003567 -0.002107 0.014344
v 0.010250 0.005233 0.014569
v 0.010654 0.006260 0.014463
v 0.009237 0.018213 0.014601
v 0.010879 0.014382 0.014553
v 0.004862 0.022829 0.014666
v -0.017214 0.012735 0.014990
v 0.001252 0.024416 0.014715
v -0.007847 0.024196 0.014920
v -0.013987 0.020091 0.014904
v 0.011090 0.013341 0.014664
v -0.004840 0.024942 0.014782
v -0.001762 -0.003957 0.014812
v 0.002583 -0.002574 0.014514
v 0.009832 0.004259 0.014688
v 0.011295 0.009321 0.014649
v 0.005864 -0.000543 0.014495
v 0.007470 0.000876 0.014642
v 0.008674 0.019072 0.014768
v 0.010193 0.016679 0.014616
v 0.006002 0.021931 0.014909
v -0.010787 0.022716 0.014979
v -0.013772 0.020196 0.015147
v -0.012325 0.021620 0.015125
v 0.001505 0.024438 0.014944
v -0.016519 0.015500 0.015062
v -0.015511 0.017816 0.015185
v -0.017471 0.010730 0.015280
v -0.002778 0.025059 0.015010
v -0.022240 0.005946 0.032202
v -0.021826 0.005216 0.031696
v -0.020198 0.000992 0.032200
v -0.018291 -0.001798 0.032200
v -0.017639 -0.001798 0.031700
v 0.015950 0.007318 0.048200
v 0.014927 0.002623 0.048034
v 0.011293 -0.001803 0.049264
v -0.020412 0.007256 0.031700
v -0.016509 -0.001497 0.031700
v 0.013563 0.002431 0.031700
v 0.010620 -0.001798 0.031700
v 0.005032 0.028746 0.044799
v 0.005394 0.028745 0.045111
v 0.009152 0.026523 0.045552
v 0.005774 0.028404 0.033515
v 0.005087 0.028721 0.034025
v 0.011044 0.024711 0.033500
v 0.015817 0.016702 0.033500
v 0.015863 0.016992 0.045534
v 0.016107 0.015702 0.044500
v 0.016058 0.015885 0.045104
v 0.015977 0.016175 0.033631
v 0.016096 0.005658 0.044818
v 0.016025 0.005401 0.045215
v 0.015838 0.004621 0.045524
v 0.016071 0.005560 0.033827
v 0.015384 0.003355 0.033458
v 0.013130 -0.000694 0.045500
v 0.012731 -0.001241 0.044872
v 0.013130 -0.000694 0.033500
v 0.012719 -0.001256 0.034136
v 0.005260 0.031955 0.045287
v 0.005694 0.031863 0.045586
v 0.005221 0.032160 0.045418
v 0.005840 0.031926 0.045851
v 0.006000 0.031690 0.045572
v 0.004908 0.032203 0.044500
v 0.005015 0.032159 0.044920
v 0.004795 0.032340 0.045100
v 0.004667 0.032386 0.044500
v 0.004908 0.032203 0.034500
v 0.005000 0.031915 0.034500
v 0.018833 0.016741 0.045521
v 0.017891 0.019428 0.045510
v 0.018627 0.018184 0.045710
v 0.017820 0.020554 0.046000
v 0.017235 0.021554 0.045809
v 0.015920 0.023744 0.045849
v 0.016303 0.022685 0.045536
v 0.014047 0.025491 0.045500
v 0.014169 0.025676 0.045576
v 0.018644 0.018492 0.045960
v 0.016488 0.022695 0.045641
v 0.012863 0.027425 0.045803
v 0.011467 0.028355 0.045582
v 0.014373 0.025774 0.046000
v 0.008482 0.030631 0.046000
v 0.009409 0.029686 0.045522
v 0.008232 0.030197 0.045500
v 0.008483 0.030537 0.045710
v 0.005146 0.031923 0.033940
v 0.005087 0.032206 0.033729
v 0.004775 0.032346 0.034148
v 0.005578 0.032024 0.033274
v 0.005476 0.031830 0.033605
v 0.005915 0.031513 0.033519
v 0.006054 0.031598 0.033432
v 0.005922 0.031889 0.033174
v 0.019362 0.015589 0.044500
v 0.016284 0.015339 0.035835
v 0.019107 0.015838 0.045049
v 0.018947 0.016007 0.045219
v 0.019398 0.015756 0.045257
v 0.019513 0.015403 0.044813
v 0.019315 0.016220 0.045740
v 0.019088 0.016346 0.045501
v 0.019262 0.016459 0.033149
v 0.018504 0.018823 0.033094
v 0.018145 0.019154 0.033428
v 0.016002 0.023725 0.033193
v 0.012604 0.027717 0.032974
v 0.016833 0.021935 0.033432
v 0.016772 0.022321 0.033317
v 0.013486 0.026572 0.033359
v 0.018838 0.016737 0.033479
v 0.016086 0.018639 0.033808
v 0.014285 0.025308 0.033488
v 0.009581 0.029976 0.033141
v 0.010553 0.029023 0.033416
v 0.012409 0.027292 0.033484
v 0.007228 0.032258 0.018498
v 0.008391 0.030440 0.033420
v 0.019362 0.015589 0.034500
v 0.019535 0.015302 0.034500
v 0.019024 0.016141 0.033637
v 0.019270 0.015953 0.033665
v 0.019331 0.016090 0.033401
v 0.019122 0.015744 0.034170
v 0.019454 0.015576 0.034042
v 0.016426 -0.001165 0.045514
v 0.017995 0.001489 0.045721
v 0.016697 -0.001175 0.046000
v 0.016590 -0.001181 0.045702
v 0.018838 0.004666 0.045521
v 0.019024 0.005262 0.045363
v 0.019275 0.005295 0.045535
v 0.019134 0.005668 0.044816
v 0.019362 0.005814 0.044500
v 0.019399 0.005764 0.044974
v 0.019362 0.005814 0.034500
v 0.019045 0.005702 0.034500
v 0.019107 0.005566 0.033951
v 0.019464 0.005860 0.034069
v 0.019124 0.005235 0.033583
v 0.019341 0.005378 0.033407
v 0.018831 0.005072 0.033571
v 0.018834 0.004662 0.033479
v 0.018572 0.002870 0.033195
v 0.017761 0.001653 0.033483
v 0.016152 -0.001108 0.033500
v 0.016429 -0.001160 0.033435
v 0.015705 -0.001238 0.034118
v 0.017044 -0.001396 0.033791
v 0.015980 -0.001296 0.034419
v 0.017264 -0.001483 0.034319
v 0.018000 -0.001834 0.044500
v 0.016988 -0.001417 0.044909
v 0.015879 -0.001286 0.044700
v 0.017690 -0.001655 0.045826
v 0.016152 -0.001108 0.045500
v 0.015201 -0.001206 0.044920
v 0.005613 -0.004390 0.016000
v 0.010148 -0.004070 0.016000
v 0.011856 -0.002543 0.016000
v 0.010916 -0.003854 -0.000000
v 0.021157 -0.033447 0.101257
v 0.023121 -0.030452 0.103379
v 0.016705 -0.032168 0.109496
v 0.022997 -0.031573 0.103195
v 0.016228 -0.030847 0.110595
v 0.015741 -0.032470 0.110681
v 0.015176 -0.032936 0.111743
v 0.014559 -0.033692 0.109332
v 0.013958 -0.033736 0.111907
v 0.023176 -0.032517 0.101257
v 0.022582 -0.032532 0.102730
v 0.022256 -0.033176 0.101257
v 0.023786 -0.031563 0.101257
v 0.024000 -0.030452 0.101257
v 0.023609 -0.031699 0.102330
v 0.016299 -0.006310 0.110293
v 0.016000 -0.006298 0.111743
v 0.015902 -0.031577 0.142290
v 0.015621 -0.032330 0.142164
v 0.013157 -0.033867 0.142500
v 0.024000 -0.030452 0.003415
v 0.023765 -0.031614 0.003951
v 0.023132 -0.032562 0.004581
v 0.022219 -0.033193 0.005275
v 0.023731 -0.005143 0.102500
v 0.023121 -0.005408 0.103379
v 0.024000 -0.005298 0.101257
v 0.014842 -0.033253 0.142727
v 0.015174 -0.032669 0.142940
v 0.014000 -0.032603 0.143500
v 0.014116 -0.033327 0.143242
v 0.014944 -0.032571 0.143285
v 0.015714 -0.031783 0.142548
v 0.013125 -0.033250 0.143424
v 0.013153 -0.033791 0.142883
v 0.013105 -0.032868 0.143500
v 0.023720 -0.031726 0.003464
v 0.022888 -0.032133 0.002525
v 0.022065 -0.033244 0.004555
v 0.022755 -0.032871 0.004102
v 0.024040 -0.005648 0.000351
v 0.024000 -0.027395 0.002000
v 0.022595 -0.029874 0.000615
v 0.023145 -0.030603 0.001284
v 0.022765 -0.027395 0.000152
v 0.023815 -0.028442 0.001060
v 0.022000 -0.027395 0.000000
v 0.022548 -0.028654 0.000198
v 0.023436 -0.030665 0.001711
v 0.022064 -0.031045 0.001237
v 0.013113 -0.007274 0.109144
v 0.013435 -0.006789 0.108822
v 0.013994 -0.006405 0.112301
v 0.013518 -0.006710 0.113127
v 0.014000 -0.006403 0.143500
v 0.013518 -0.006710 0.143500
v 0.014550 -0.006298 0.143423
v 0.014550 -0.006298 0.111692
v 0.019891 -0.005982 0.102366
v 0.019912 -0.005313 0.102031
v 0.020866 -0.005953 0.101072
v 0.020500 -0.005587 0.100843
v 0.020866 -0.005953 0.050700
v 0.020500 -0.005587 0.050334
v 0.020368 -0.007369 0.050270
v 0.020000 -0.005298 0.050200
v 0.020000 -0.007298 0.050200
v 0.020707 -0.007591 0.050493
v 0.020707 -0.007591 0.031793
v 0.020368 -0.007369 0.031570
v 0.020707 -0.008591 0.031793
v 0.020368 -0.008369 0.031570
v 0.020930 -0.008930 0.002070
v 0.021000 -0.009298 0.002000
v 0.020707 -0.008591 0.002293
v 0.001000 -0.008375 0.002617
v 0.001000 -0.008591 0.002293
v 0.001000 -0.009298 0.002000
v 0.001000 -0.008916 0.002076
v -0.002750 -0.034068 0.143430
v -0.002750 -0.034407 0.143207
v -0.002750 -0.033699 0.143500
v -0.002750 -0.034630 0.142868
v -0.002750 -0.034700 0.142500
v 0.012930 -0.030666 0.141430
v 0.012707 -0.031005 0.141207
v 0.012000 -0.031298 0.140500
v 0.004840 -0.031298 0.140500
v 0.004837 -0.031164 0.141000
v -0.003000 -0.025689 0.002288
v -0.003000 -0.025705 0.002156
v -0.003000 -0.025635 0.002044
v -0.002750 -0.034700 0.006000
v -0.002750 -0.033847 0.002737
v -0.002750 -0.031323 0.000563
v -0.002750 -0.028692 0.000000
v -0.002226 0.030823 0.001396
v 0.004175 0.029186 0.000921
v -0.000570 0.029692 0.000302
v 0.006220 0.027848 0.000636
v 0.004827 0.029107 0.001994
v 0.009169 0.026506 0.001284
v 0.014853 0.019917 0.002005
v 0.009442 0.025722 0.000627
v 0.012669 0.023181 0.001370
v 0.012670 0.021425 0.000105
v -0.002750 0.029584 0.000200
v -0.001337 0.029500 0.000194
v 0.008882 0.024988 0.000022
v 0.013773 0.019438 0.000195
v 0.015912 0.016366 0.000780
v 0.016668 0.013509 0.000940
v 0.016835 0.009064 0.001261
v 0.015540 0.003712 0.001040
v 0.015877 0.006940 0.000356
v 0.013613 0.000702 0.000419
v 0.024000 -0.005298 0.002000
v 0.023414 -0.004960 0.000586
v 0.022736 -0.004569 0.000140
v 0.022000 -0.004144 0.000000
v 0.015597 -0.006298 0.142704
v 0.016000 -0.006298 0.141500
v 0.007037 0.032517 0.049895
v 0.006254 0.032417 0.050230
v 0.008117 0.031406 0.050200
v 0.001951 0.034217 0.049801
v 0.001792 0.033708 0.050200
v 0.003469 0.033590 0.050121
v 0.000349 0.034251 0.050124
v -0.002916 0.034144 0.050203
v 0.000365 0.033959 0.050200
v 0.015817 0.025732 0.049717
v 0.009372 0.030681 0.050200
v 0.011985 0.028836 0.050220
v 0.014768 0.026503 0.050151
v 0.014528 0.026355 0.050200
v 0.015459 0.025245 0.050200
v 0.018400 0.020412 0.050200
v 0.017683 0.022060 0.050233
v 0.009182 0.031130 0.050121
v -0.002750 0.034695 0.049874
v 0.010996 0.030204 0.049886
v 0.016104 0.024985 0.050054
v 0.014149 0.027437 0.049891
v 0.019865 0.018573 0.049862
v 0.019197 0.019828 0.049700
v 0.019601 0.017140 0.050200
v 0.020071 0.016478 0.050122
v 0.020708 0.010710 0.050186
v 0.020784 0.011039 0.050140
v 0.020690 0.013491 0.050054
v 0.019116 0.019450 0.050122
v 0.018876 0.001153 0.050071
v 0.020519 0.007182 0.050124
v 0.021103 0.011631 0.049571
v 0.019942 0.004086 0.050059
v 0.017587 -0.001596 0.049855
v 0.017405 -0.001491 0.050130
v -0.002750 -0.028336 0.143191
v 0.003535 -0.028334 0.143184
v 0.003646 -0.028445 0.143354
v 0.004000 -0.028798 0.143500
v -0.002750 -0.028563 0.143459
v 0.003535 -0.015263 0.143184
v 0.003646 -0.015152 0.143354
v -0.002750 -0.015298 0.143000
v -0.002750 -0.015018 0.143471
v -0.002750 -0.015260 0.143191
v 0.000663 -0.006795 0.000099
v -0.002750 -0.007194 0.000053
v -0.000109 -0.007221 0.000000
v 0.003745 -0.005883 0.000068
v 0.006804 -0.004298 0.000047
v 0.004933 -0.005628 0.000000
v -0.019675 0.004336 0.000119
v -0.020226 0.004997 0.000010
v 0.014709 -0.016037 0.121220
v 0.015558 -0.022922 0.115080
v 0.015691 -0.021298 0.114762
v 0.015835 -0.022453 0.121088
v 0.015921 -0.022546 0.114872
v 0.015854 -0.021298 0.114654
v 0.015941 -0.024148 0.115974
v 0.015623 -0.024513 0.117409
v 0.016020 -0.029059 0.113800
v 0.015962 -0.021298 0.114491
v 0.015962 -0.021298 0.121509
v 0.016000 -0.021298 0.121700
v 0.015998 -0.025004 0.117263
v 0.015959 -0.024762 0.117187
v 0.015914 -0.024687 0.118692
v 0.015609 -0.023967 0.119850
v 0.015151 -0.023691 0.120263
v 0.015854 -0.023665 0.120366
v 0.016000 -0.024717 0.119416
v 0.015985 -0.023565 0.120818
v 0.015854 -0.016298 0.114654
v 0.016000 -0.016298 0.114300
v 0.015962 -0.016298 0.114491
v 0.015775 -0.017932 0.121455
v 0.015962 -0.016298 0.121509
v 0.014721 -0.012930 0.118569
v 0.015731 -0.014688 0.120856
v 0.015289 -0.013033 0.118567
v 0.015916 -0.013140 0.119287
v 0.015913 -0.012890 0.117376
v 0.015947 -0.014330 0.120917
v 0.016000 -0.015140 0.121542
v 0.015999 -0.013102 0.119972
v 0.015691 -0.014009 0.115710
v 0.015854 -0.013932 0.115634
v 0.015454 -0.014594 0.115236
v 0.015694 -0.015424 0.114856
v 0.015957 -0.015008 0.114791
v 0.015980 -0.013802 0.115477
v 0.015998 -0.012647 0.117135
v 0.016000 -0.019945 0.126023
v 0.016000 -0.020049 0.126154
v 0.016000 -0.020041 0.126399
v 0.015808 -0.017785 0.126145
v 0.016000 -0.017910 0.126015
v 0.016000 -0.018268 0.127638
v 0.015714 -0.018309 0.128431
v 0.016000 -0.019592 0.127893
v 0.016000 -0.019641 0.128249
v 0.016000 -0.017805 0.130110
v 0.015500 -0.017885 0.130166
v 0.015500 -0.017768 0.128100
v 0.015500 -0.017787 0.130046
v 0.015500 -0.019593 0.127906
v 0.015500 -0.019561 0.128313
v 0.015500 -0.019669 0.128140
v 0.015500 -0.018252 0.127360
v 0.015714 -0.019818 0.126500
v 0.015500 -0.020054 0.126138
v 0.015500 -0.019883 0.126007
v 0.015500 -0.020005 0.126437
v 0.015500 -0.017940 0.126010
v 0.015500 -0.016348 0.130718
v 0.015500 -0.016324 0.125525
v 0.015833 -0.015788 0.126069
v 0.016000 -0.016716 0.130884
v 0.015875 -0.015294 0.128467
v -0.002781 -0.030392 0.001548
v -0.002899 -0.032293 0.003264
v -0.002750 -0.033658 0.007100
v -0.002750 -0.033616 0.141712
v -0.002750 -0.033090 0.142340
v -0.002750 -0.028298 0.142400
v -0.002783 -0.007118 0.001389
v -0.002699 -0.004328 0.019113
v -0.002750 -0.015298 0.142400
v -0.003190 -0.013296 0.142400
v -0.002750 0.029584 0.016635
v -0.002750 0.032586 0.018367
v -0.002750 0.033611 0.049883
v -0.002750 0.034700 0.048700
v -0.002750 0.033700 0.046968
v -0.002750 0.030700 0.016000
v -0.002750 0.033700 0.017732
v -0.003000 -0.028946 0.008810
v -0.003000 -0.029005 0.003446
v -0.003000 -0.030308 0.005514
v 0.003515 -0.004881 0.001808
v 0.013240 -0.007298 0.050200
v 0.010359 -0.002509 0.046998
v 0.015320 0.007149 0.031599
v 0.014223 0.003634 0.031500
v -0.016199 -0.002159 0.031477
v -0.020757 0.001891 0.031501
v -0.019640 0.004703 0.031500
v -0.019456 0.017072 0.031500
v 0.019392 0.004039 0.050200
v 0.018400 0.002379 0.050200
v 0.018573 0.002876 0.050200
v 0.019564 0.015158 0.046968
v 0.019119 0.018976 0.047702
v 0.016441 0.024078 0.047779
v 0.003152 0.033145 0.047192
v 0.011970 0.028946 0.047811
v 0.006357 0.032802 0.048700
v 0.014653 0.020287 0.015991
v 0.019564 0.015158 0.017732
v 0.011230 0.024755 0.016000
v 0.016481 0.023439 0.017718
v 0.004642 0.029443 0.015984
v 0.001701 0.033216 0.017732
v 0.005975 0.031878 0.017732
v 0.016000 -0.026843 0.134344
v 0.016001 -0.026915 0.136482
v 0.016000 -0.025983 0.137674
v 0.016028 -0.024705 0.138313
v 0.015735 -0.004298 0.107869
v 0.017604 -0.001606 0.102500
v 0.011608 0.028421 0.046000
v 0.009552 0.029932 0.046000
v 0.017333 -0.001449 0.050200
v 0.017604 -0.001606 0.048700
v 0.017604 -0.001606 0.050200
v -0.019878 0.007730 0.001535
v -0.019505 0.006304 0.016000
v -0.002750 -0.028298 0.143000
v -0.011849 -0.001634 0.016001
v -0.017502 0.006624 0.016000
v -0.002641 -0.005182 0.015994
v 0.008871 0.001427 0.016000
v 0.010871 0.004987 0.015900
v 0.011715 0.007785 0.015850
v 0.009989 -0.009479 0.143500
v 0.003796 -0.012570 0.143619
v 0.019392 0.017364 0.050200
v 0.018400 0.019024 0.050200
v 0.018573 0.018527 0.050200
v -0.024400 0.021373 0.148787
v -0.024400 0.019130 0.149700
v -0.022907 0.022223 0.149700
v -0.020969 0.025058 0.149700
v -0.017469 0.028686 0.149703
v -0.020500 0.026414 0.149182
v -0.022636 0.024501 0.148700
v -0.020924 0.025744 0.149300
v -0.021511 0.025208 0.149182
v -0.020275 0.027120 0.148867
v -0.016170 0.030565 0.148867
v -0.015433 0.030664 0.149182
v -0.016732 0.030385 0.148700
v -0.016455 0.030520 0.148746
v -0.022169 0.024863 0.148867
v -0.014070 0.031452 0.149182
v -0.014698 0.030968 0.149300
v -0.011325 0.032230 0.149704
v -0.013617 0.032039 0.148867
v -0.007855 0.033713 0.149182
v -0.006425 0.033445 0.149700
v -0.013180 0.032435 0.148700
v -0.006306 0.033987 0.149182
v -0.007061 0.033746 0.149300
v -0.008582 0.033871 0.148867
v -0.005679 0.034383 0.148867
v -0.024310 0.021741 0.148700
v -0.020180 0.027394 0.148746
v -0.020000 0.027643 0.148700
v -0.022422 0.024723 0.148746
v -0.013435 0.032263 0.148746
v -0.005431 0.034532 0.148746
v -0.005133 0.034607 0.148700
v -0.008865 0.033927 0.148746
v -0.009172 0.033895 0.148700
v -0.003000 0.033702 0.149700
v 0.000425 0.033445 0.149700
v -0.000867 0.034607 0.148700
v 0.005326 0.032230 0.149704
v 0.001857 0.033713 0.149182
v 0.007180 0.032435 0.148700
v 0.000308 0.033986 0.149182
v -0.000321 0.034383 0.148867
v 0.001065 0.033746 0.149300
v 0.002582 0.033871 0.148867
v 0.007617 0.032039 0.148867
v 0.008072 0.031450 0.149182
v 0.008702 0.030966 0.149300
v 0.010170 0.030565 0.148867
v 0.009435 0.030664 0.149182
v 0.011470 0.028685 0.149703
v 0.015512 0.025207 0.149182
v 0.015068 0.023652 0.149961
v 0.016169 0.024863 0.148867
v 0.016636 0.024501 0.148700
v 0.016907 0.022223 0.149700
v 0.014501 0.026412 0.149182
v 0.010732 0.030385 0.148700
v 0.014927 0.025741 0.149300
v 0.014275 0.027120 0.148867
v 0.018400 0.019130 0.149700
v 0.018400 0.021373 0.148787
v 0.002866 0.033926 0.148746
v 0.003172 0.033895 0.148700
v 0.007436 0.032263 0.148746
v -0.000568 0.034532 0.148746
v 0.010455 0.030520 0.148746
v 0.016422 0.024722 0.148746
v 0.018310 0.021741 0.148700
v 0.014000 0.027643 0.148700
v 0.014181 0.027393 0.148746
v 0.018400 0.000030 0.148787
v 0.018400 0.002273 0.149700
v 0.016099 -0.002241 0.149700
v 0.014931 -0.004979 0.149421
v 0.008553 -0.009710 0.149784
v 0.001996 -0.012605 0.149228
v -0.003362 -0.013094 0.149304
v 0.010768 -0.008825 0.149250
v 0.018310 -0.000338 0.148700
v -0.014010 -0.010259 0.149445
v -0.007995 -0.012367 0.149643
v -0.022608 -0.003137 0.148700
v -0.022099 -0.002241 0.149700
v -0.020541 -0.005678 0.148700
v -0.024400 0.000030 0.148787
v -0.024400 0.002273 0.149700
v -0.017712 -0.007792 0.149450
v -0.024310 -0.000338 0.148700
v -0.025666 0.014606 0.149700
v -0.025915 0.017002 0.148934
v -0.028008 0.016990 0.146913
v -0.027769 0.017274 0.147074
v -0.026453 0.017084 0.148394
v -0.025392 0.017364 0.149338
v -0.025635 0.017116 0.149174
v -0.024674 0.018397 0.149700
v -0.027477 0.017409 0.147320
v -0.026639 0.017185 0.148188
v -0.026912 0.017333 0.147885
v 0.019392 0.017364 0.149338
v 0.018674 0.018397 0.149700
v 0.019557 0.016902 0.149653
v 0.020453 0.017084 0.148394
v 0.019916 0.017002 0.148934
v 0.022008 0.016990 0.146913
v 0.021479 0.017409 0.147319
v 0.020625 0.017178 0.148204
v 0.021770 0.017273 0.147073
v 0.023008 0.014141 0.146553
v 0.023000 0.006994 0.146437
v 0.019666 0.006797 0.149700
v 0.019915 0.004401 0.148934
v 0.019635 0.004287 0.149174
v 0.022008 0.004413 0.146913
v 0.019392 0.004039 0.149338
v 0.018674 0.003006 0.149700
v 0.020453 0.004319 0.148394
v 0.021769 0.004129 0.147074
v 0.020567 0.004257 0.148267
v 0.020682 0.004194 0.148140
v 0.021477 0.003994 0.147320
v 0.020912 0.004070 0.147885
v 0.020912 0.017333 0.147885
v 0.018310 0.021741 0.051066
v 0.018400 0.021373 0.050916
v 0.018380 0.021551 0.051023
v 0.016169 0.024863 0.050776
v 0.016636 0.024501 0.051066
v 0.016409 0.024733 0.050979
v 0.014000 0.027643 0.051066
v 0.014275 0.027120 0.050776
v 0.014189 0.027379 0.050979
v 0.010170 0.030565 0.050776
v 0.010732 0.030385 0.051066
v 0.010439 0.030525 0.050979
v 0.007180 0.032435 0.051066
v 0.007617 0.032039 0.050776
v 0.007448 0.032252 0.050979
v 0.002582 0.033871 0.050776
v 0.003172 0.033895 0.051066
v 0.002849 0.033926 0.050978
v -0.000321 0.034383 0.050776
v -0.000867 0.034607 0.051066
v -0.000553 0.034526 0.050979
v -0.005679 0.034383 0.050776
v -0.005133 0.034607 0.051066
v -0.005447 0.034526 0.050978
v -0.009172 0.033895 0.051066
v -0.008582 0.033871 0.050776
v -0.008849 0.033926 0.050979
v -0.013617 0.032039 0.050776
v -0.013180 0.032435 0.051066
v -0.013448 0.032252 0.050978
v -0.016732 0.030385 0.051066
v -0.016170 0.030565 0.050776
v -0.016439 0.030525 0.050979
v -0.020275 0.027120 0.050776
v -0.020000 0.027643 0.051066
v -0.020189 0.027379 0.050979
v -0.022636 0.024501 0.051066
v -0.022169 0.024863 0.050776
v -0.022409 0.024733 0.050979
v -0.024391 0.020675 0.050204
v -0.024310 0.021741 0.051066
v -0.024380 0.021551 0.051023
v -0.026453 0.017084 0.051595
v -0.026051 0.016987 0.050879
v -0.027732 0.017300 0.053832
v -0.026682 0.017209 0.052036
v -0.027441 0.017417 0.053399
v -0.028008 0.016990 0.054161
v -0.027877 0.017177 0.054022
v -0.029000 0.014410 0.054986
v -0.029000 0.010713 0.054530
v -0.029000 0.006994 0.054986
v -0.026912 0.017333 0.052477
v -0.026050 0.004416 0.050878
v -0.028008 0.004413 0.054161
v -0.026453 0.004319 0.051595
v -0.027732 0.004103 0.053832
v -0.027877 0.004225 0.054021
v -0.027440 0.003986 0.053396
v -0.026682 0.004194 0.052036
v -0.026912 0.004070 0.052477
v 0.020050 0.016987 0.050878
v 0.022008 0.016990 0.054161
v 0.021877 0.017178 0.054021
v 0.023319 0.010702 0.054885
v 0.020453 0.017084 0.051595
v 0.021732 0.017300 0.053832
v 0.021440 0.017417 0.053396
v 0.020625 0.017178 0.051926
v 0.020912 0.017333 0.052477
v 0.018573 0.002876 0.149700
v 0.018400 0.002379 0.149700
v -0.024400 0.002379 0.149700
v -0.024573 0.002876 0.149700
v -0.024573 0.018527 0.149700
v -0.024400 0.019024 0.149700
v 0.018400 0.019024 0.149700
v 0.018573 0.018527 0.149700
v -0.029000 0.011582 0.131627
v -0.029000 0.012359 0.130529
v -0.029000 0.011868 0.111367
v -0.029000 0.011868 0.129033
v -0.029000 0.012226 0.129569
v -0.029000 0.012352 0.110200
v -0.029000 0.011333 0.128676
v -0.029000 0.011333 0.111724
v -0.029000 0.011333 0.091724
v -0.029000 0.011333 0.108676
v -0.029000 0.012226 0.110831
v -0.029000 0.011868 0.091367
v -0.029000 0.011868 0.109033
v -0.029000 0.012226 0.109569
v -0.029000 0.012226 0.090831
v -0.029000 0.011333 0.088676
v -0.029000 0.011333 0.071724
v -0.029000 0.011868 0.089033
v -0.029000 0.012226 0.089569
v -0.029000 0.011868 0.071367
v -0.029000 0.012352 0.090200
v -0.029000 0.012226 0.070831
v -0.029000 0.012358 0.069870
v -0.012165 -0.001173 0.025200
v -0.011245 -0.001829 0.023542
v -0.007667 -0.003693 0.020098
v 0.011753 -0.008095 0.143500
v 0.012636 -0.007402 0.143500
v 0.001711 -0.012831 0.143500
v -0.005481 -0.013064 0.143500
v -0.004365 -0.013181 0.143500
v -0.017753 -0.008095 0.143500
v -0.003850 -0.013283 0.142700
v -0.003700 -0.013287 0.142700
v -0.013042 0.003292 0.204177
v -0.010801 0.001010 0.204121
v -0.009073 -0.000157 0.204094
v -0.006576 -0.001250 0.204056
v -0.003693 -0.001748 0.204062
v 0.000488 -0.001323 0.204008
v 0.003833 0.000270 0.203887
v 0.008851 0.006746 0.203829
v 0.005020 0.001190 0.203932
v 0.006904 0.003090 0.203888
v -0.014686 0.008454 0.202785
v 0.003958 0.001007 0.202361
v -0.000038 -0.000845 0.202444
v -0.001169 -0.001057 0.202480
v 0.004244 0.001201 0.202336
v 0.008319 0.006219 0.202160
v 0.008871 0.009874 0.202211
v 0.007686 0.005466 0.202288
v 0.005454 0.001822 0.202186
v 0.006484 0.003513 0.202327
v -0.012408 0.003324 0.202624
v -0.011559 0.002434 0.202669
v -0.009848 0.000969 0.202633
v -0.014223 0.006159 0.202585
v -0.014035 0.006247 0.202746
v -0.003413 -0.001191 0.202455
v -0.004704 -0.001094 0.202517
v -0.009638 0.000683 0.202517
v 0.008298 0.014465 0.200822
v 0.008517 0.007716 0.200703
v 0.005458 0.002400 0.200910
v 0.002432 0.021270 0.201878
v -0.002003 0.022514 0.201662
v 0.007486 0.016107 0.201878
v 0.008535 0.013689 0.201872
v 0.004337 0.001454 0.202169
v 0.000562 -0.000684 0.200935
v -0.011932 0.002915 0.201236
v -0.003740 -0.001288 0.201022
v -0.014425 0.007529 0.201282
v 0.008264 0.006932 0.202224
v -0.012506 0.017913 0.201659
v -0.014512 0.014019 0.201184
v -0.013511 0.016830 0.201192
v -0.008332 0.021292 0.201551
v 0.000630 -0.000576 0.202232
v -0.005083 -0.001155 0.202138
v -0.013299 0.016430 0.202724
v 0.004382 0.019975 0.203030
v -0.004021 0.022609 0.203018
v -0.008803 0.020974 0.202806
v -0.013008 0.016940 0.203964
v -0.010285 0.020177 0.204109
v 0.000657 0.021907 0.203003
v -0.013717 0.005516 0.202539
v 0.007732 0.015591 0.203189
v -0.014855 0.009721 0.202440
v 0.008661 0.012511 0.203194
v -0.011637 0.019190 0.202389
v 0.007536 0.005276 0.203307
v 0.008701 0.009266 0.203309
v -0.002993 0.022525 0.202778
v -0.004396 -0.001059 0.203590
v -0.009826 0.000956 0.203674
v -0.000525 -0.000849 0.203514
v -0.014715 0.012951 0.204069
v -0.015032 0.009044 0.203821
v 0.003964 0.001031 0.203424
v -0.014201 0.006030 0.203457
v -0.009839 0.000955 0.202303
v 0.003631 0.020491 0.204147
v -0.005557 0.022625 0.201301
v -0.015027 0.011981 0.201079
v -0.008875 0.021312 0.201251
v -0.010995 0.020170 0.201266
v -0.011191 0.001553 0.202036
v -0.009062 0.000502 0.201025
v -0.014539 0.006622 0.201029
v 0.009026 0.012724 0.201594
v 0.003533 -0.000023 0.201845
v 0.005446 0.019048 0.201666
v 0.003871 0.000580 0.201797
v 0.008747 0.008681 0.201865
v -0.014522 0.013734 0.202462
v 0.004015 0.020905 0.202575
v -0.006924 -0.001105 0.203110
v -0.014123 0.005128 0.203266
v -0.015183 0.013324 0.203423
v 0.009435 0.010054 0.202766
v 0.001174 0.022409 0.202525
v 0.006230 0.002278 0.202929
v 0.001072 -0.001148 0.203038
v -0.002135 -0.001710 0.203033
v 0.007276 0.017635 0.202641
v 0.008393 0.015603 0.202675
v 0.009015 0.007420 0.202800
v -0.012814 0.003056 0.203226
v -0.009215 -0.000089 0.200993
v -0.012511 0.003272 0.200941
v -0.015368 0.012579 0.201230
v 0.000151 0.022580 0.201395
v 0.009246 0.008962 0.201695
v 0.006427 0.003402 0.201933
v -0.008786 -0.000258 0.202027
v -0.013118 0.017906 0.202323
v -0.008383 0.021870 0.202382
v 0.005799 0.019424 0.202608
v 0.009112 0.013397 0.202710
v -0.011164 0.001314 0.203189
v -0.001401 0.022859 0.200813
v 0.004452 0.020434 0.200911
v 0.008475 0.015126 0.200990
v 0.008912 0.008865 0.201071
v -0.000141 -0.001306 0.201310
v -0.011253 0.001614 0.201485
v -0.014166 0.005767 0.201529
v -0.014921 0.012121 0.201621
v -0.012639 0.018149 0.201723
v -0.005750 0.022257 0.201852
v -0.002488 0.022646 0.201925
v 0.004788 0.020320 0.201864
v -0.006100 0.023224 0.013900
v 0.004349 0.020314 0.013100
v 0.006897 0.018336 0.014700
v 0.008747 0.007802 0.014700
v 0.004422 0.000643 0.022498
v 0.003265 -0.000115 0.021406
v -0.003013 -0.001877 0.019121
v 0.001124 -0.001114 0.020049
v 0.005802 0.001812 0.024411
v -0.006422 -0.001321 0.019804
v -0.009280 -0.000106 0.021418
v -0.007941 -0.000780 0.020506
v -0.011376 0.001357 0.023616
v 0.007906 0.004714 0.202843
v 0.009323 0.012416 0.202741
v 0.008673 0.015006 0.202706
v 0.007479 0.017407 0.202671
v 0.005834 0.019462 0.202638
v 0.003271 0.021498 0.202671
v 0.000046 0.022844 0.202566
v -0.003709 0.023110 0.202463
v -0.007519 0.022381 0.202502
v -0.011084 0.020159 0.202399
v -0.015394 0.010879 0.202201
v -0.014433 0.005896 0.202140
v -0.013254 0.003737 0.202104
v -0.011619 0.001768 0.202088
v -0.006654 -0.001191 0.202060
v -0.005376 -0.001499 0.202190
v -0.000243 -0.001486 0.201929
v 0.007337 0.003779 0.201857
v 0.008488 0.006223 0.201717
v 0.009321 0.012629 0.201681
v 0.008623 0.015335 0.201750
v 0.006499 0.018626 0.201558
v 0.002649 0.021686 0.201480
v -0.002177 0.023291 0.201622
v -0.007111 0.022524 0.201479
v -0.012791 0.003079 0.201015
v 0.005330 0.001412 0.201117
v 0.008684 0.006332 0.200765
v 0.009434 0.010281 0.200768
v -0.004109 -0.001692 0.203126
v 0.004278 0.000545 0.202991
v 0.006496 0.003362 0.203420
v -0.009957 0.000342 0.203196
v 0.008958 0.007268 0.202932
v -0.002291 0.023235 0.202646
v 0.004878 0.019793 0.203107
v -0.014765 0.014996 0.202362
v -0.011791 0.019680 0.202523
v -0.015304 0.008620 0.202312
v 0.008449 0.015897 0.202806
v 0.009441 0.010630 0.202888
v -0.014963 0.011875 0.202711
v -0.015535 0.010498 0.203329
v -0.003498 -0.001474 0.202341
v 0.002829 0.000042 0.202265
v -0.000163 -0.001412 0.202101
v 0.002246 0.021983 0.201707
v 0.009434 0.011140 0.201882
v 0.007147 0.017419 0.202042
v -0.012483 0.002648 0.202275
v -0.001118 0.022810 0.201856
v -0.014666 0.015026 0.201444
v -0.010548 0.020372 0.201721
v -0.015325 0.008682 0.201305
v -0.006294 -0.001049 0.201363
v -0.009534 0.000114 0.201226
v -0.000129 -0.001478 0.200854
v -0.003269 -0.001757 0.200928
v 0.008371 0.005018 0.200968
v 0.009402 0.012219 0.200814
v 0.006155 0.019261 0.200752
v 0.007609 -0.004140 0.047962
v 0.010620 -0.001798 0.048200
v -0.014470 -0.002439 0.048200
v 0.010119 -0.002298 0.031500
v -0.013735 -0.003117 0.048200
v 0.011694 -0.000448 0.031700
v 0.012471 0.000460 0.031500
v -0.025503 0.011057 0.071983
v -0.025436 0.012409 0.070199
v -0.025470 0.011868 0.069032
v -0.025491 0.011333 0.068675
v -0.025503 0.011057 0.091983
v -0.025436 0.012434 0.089854
v -0.025503 0.011057 0.111983
v -0.025436 0.012434 0.109854
v -0.025491 0.011371 0.131813
v -0.025441 0.012337 0.130524
v -0.025456 0.012128 0.129318
v 0.023000 0.011857 0.108919
v 0.023000 0.012352 0.110200
v 0.019446 0.012279 0.109548
v 0.023000 0.012226 0.110831
v 0.019468 0.011982 0.111356
v 0.023000 0.011868 0.111367
v 0.023000 0.011333 0.111724
v 0.023000 0.011333 0.128676
v 0.023000 0.011868 0.129033
v 0.019486 0.011711 0.128688
v 0.023000 0.012226 0.129569
v 0.023000 0.012358 0.130530
v 0.019439 0.012352 0.130201
v 0.019468 0.011982 0.131356
v 0.017793 -0.024219 0.133690
v 0.017798 -0.022551 0.134843
v 0.017930 -0.023435 0.135021
v 0.017952 -0.023649 0.135005
v 0.017959 -0.023922 0.134841
v 0.017720 -0.022354 0.135254
v 0.017875 -0.024654 0.134109
v 0.017952 -0.025091 0.135209
v 0.017569 -0.026267 0.135333
v 0.017952 -0.023506 0.135791
v 0.017959 -0.023770 0.136045
v 0.017813 -0.023763 0.137340
v 0.017556 -0.023936 0.137306
v 0.017952 -0.024615 0.136252
v 0.017962 -0.024906 0.135991
v 0.017794 -0.024378 0.137276
v 0.017000 -0.024201 0.133686
v 0.017000 -0.023982 0.134748
v 0.017000 -0.023701 0.135015
v 0.017528 -0.022343 0.135487
v 0.017000 -0.023599 0.135820
v 0.017000 -0.023823 0.136220
v 0.017000 -0.023708 0.137240
v 0.017399 -0.023464 0.133153
v 0.017414 -0.021940 0.134635
v 0.017399 -0.022905 0.137564
v 0.017394 -0.022006 0.136373
v 0.017000 -0.024844 0.133780
v 0.017000 -0.024579 0.136316
v 0.017000 -0.025385 0.135882
v 0.017000 -0.025114 0.135219
v 0.017000 -0.024820 0.134958
v 0.021429 0.004001 0.056200
v -0.017000 -0.022826 0.010000
v -0.015437 -0.022826 0.010035
v -0.016625 -0.022826 0.010035
v 0.021000 -0.017850 0.103525
v 0.013000 -0.018820 0.103952
v 0.013000 -0.017745 0.102567
v 0.021000 -0.019298 0.101040
v 0.021000 -0.020713 0.102000
v 0.021000 -0.020622 0.103315
v 0.013000 -0.019909 0.100894
v 0.013000 -0.020508 0.103477
v 0.025200 0.010197 0.092301
v 0.023000 0.008948 0.091460
v 0.025200 0.008755 0.091400
v 0.023000 0.010702 0.087950
v 0.023000 0.008442 0.089751
v 0.023000 0.009548 0.088362
v 0.025200 0.008912 0.088968
v 0.025200 0.011500 0.088227
v 0.023000 0.011173 0.088111
v 0.025200 0.010178 0.088016
v 0.025200 0.012633 0.089457
v 0.023000 0.012451 0.091435
v 0.025200 0.008945 0.091222
v 0.025200 0.011527 0.092159
v 0.025200 0.012216 0.091687
v 0.025200 0.012670 0.090995
v 0.025200 0.012852 0.089309
v 0.025200 0.008573 0.090218
v 0.025200 0.009679 0.088443
v 0.023000 0.010432 0.092389
v 0.023000 0.010650 0.092199
v 0.023000 0.008704 0.089825
v 0.023000 0.011902 0.088254
v 0.023000 0.012605 0.089292
v 0.023000 0.012952 0.090200
v 0.023000 0.012555 0.091539
v 0.023000 0.011563 0.092279
v 0.025200 0.008848 0.071539
v 0.025200 0.010258 0.072429
v 0.023000 0.009790 0.072400
v 0.023000 0.008444 0.070564
v 0.023000 0.010304 0.068094
v 0.023000 0.008917 0.068926
v 0.025200 0.009417 0.068453
v 0.025200 0.012176 0.068618
v 0.025200 0.010584 0.068051
v 0.023000 0.012700 0.070574
v 0.023000 0.012040 0.071852
v 0.025200 0.012701 0.070250
v 0.025200 0.009843 0.072134
v 0.025200 0.008835 0.070919
v 0.025200 0.011441 0.072217
v 0.025200 0.012443 0.071476
v 0.025200 0.012959 0.069836
v 0.025200 0.008571 0.069843
v 0.025200 0.012293 0.068609
v 0.023000 0.008873 0.069389
v 0.023000 0.008702 0.070150
v 0.023000 0.011631 0.068301
v 0.023000 0.012440 0.068843
v 0.023000 0.008835 0.070919
v 0.023000 0.009253 0.071579
v 0.023000 0.010258 0.072171
v 0.023000 0.012959 0.070564
v 0.023000 0.011563 0.072279
v 0.023620 -0.009174 0.095665
v 0.023500 -0.009298 0.095600
v 0.023912 -0.009028 0.095807
v 0.023697 -0.008147 0.095051
v 0.023500 -0.008344 0.095205
v 0.023654 -0.007927 0.094468
v 0.023754 -0.007910 0.093915
v 0.023901 -0.007759 0.094544
v 0.023962 -0.008664 0.095782
v 0.023929 -0.008039 0.095235
v 0.023999 -0.008865 0.096077
v 0.024000 -0.007990 0.095558
v 0.023997 -0.007355 0.094250
v 0.023567 -0.008154 0.093511
v 0.023950 -0.008616 0.092685
v 0.023481 -0.008579 0.093084
v 0.023854 -0.008726 0.092867
v 0.023730 -0.009072 0.092851
v 0.023958 -0.007870 0.093369
v 0.024000 -0.007990 0.092942
v 0.023999 -0.009298 0.092343
v 0.024000 -0.010191 0.095585
v 0.026000 -0.009298 0.095750
v 0.026000 -0.010596 0.095050
v 0.024000 -0.010765 0.093643
v 0.026000 -0.010798 0.094250
v 0.026000 -0.010596 0.093450
v 0.021000 -0.010019 0.093082
v 0.021000 -0.009298 0.092900
v 0.021043 -0.010365 0.093577
v 0.023433 -0.010638 0.094539
v 0.021021 -0.010622 0.094487
v 0.023651 -0.010130 0.095353
v 0.021000 -0.010253 0.095205
v 0.026000 -0.008140 0.094980
v 0.013000 -0.008445 0.093252
v 0.026000 -0.008292 0.093465
v 0.026000 -0.009161 0.092990
v 0.021000 -0.009298 0.093000
v 0.021000 -0.010036 0.093241
v 0.026000 -0.010085 0.093236
v 0.013000 -0.009298 0.093000
v 0.026000 -0.010594 0.094370
v 0.021000 -0.010532 0.094450
v 0.021000 -0.009622 0.095601
v 0.026000 -0.009785 0.095522
v 0.021000 -0.009298 0.095500
v 0.013000 -0.008930 0.095380
v 0.013000 -0.009298 0.092900
v 0.013000 -0.008782 0.093003
v 0.013000 -0.008782 0.095497
v 0.013000 -0.007964 0.094218
v 0.013000 -0.008344 0.095205
v 0.013000 -0.009298 0.095600
v 0.013000 -0.008051 0.094767
v 0.023999 -0.010284 0.095848
v 0.024000 -0.008248 0.095415
v 0.024000 -0.011008 0.094958
v 0.023981 -0.010988 0.093892
v 0.024000 -0.007798 0.094250
v 0.023999 -0.010821 0.093151
v 0.024667 -0.007987 0.093490
v 0.024000 -0.009217 0.092684
v 0.026000 -0.008238 0.093189
v 0.026000 -0.009380 0.092684
v 0.026000 -0.008238 0.095311
v 0.026000 -0.008724 0.095636
v 0.026000 -0.007793 0.094493
v 0.023707 -0.010234 0.093177
v 0.023929 -0.010085 0.092857
v 0.023656 -0.010668 0.094002
v 0.023854 -0.010795 0.094250
v 0.023932 -0.010242 0.095561
v 0.023854 -0.009871 0.095633
v 0.023858 -0.010649 0.094839
v 0.023646 -0.009228 0.064440
v 0.023500 -0.009298 0.064350
v 0.023500 -0.008344 0.063955
v 0.023629 -0.008005 0.063525
v 0.023926 -0.008023 0.063952
v 0.023691 -0.007910 0.063000
v 0.023500 -0.008051 0.062483
v 0.023797 -0.007787 0.063038
v 0.023920 -0.009006 0.064564
v 0.024000 -0.008934 0.064831
v 0.023987 -0.007965 0.064111
v 0.023624 -0.008213 0.062155
v 0.023973 -0.007612 0.062721
v 0.023741 -0.008963 0.061632
v 0.023781 -0.009298 0.061570
v 0.023999 -0.007776 0.061901
v 0.023934 -0.008572 0.061476
v 0.024000 -0.008934 0.061169
v 0.024000 -0.010191 0.064335
v 0.026000 -0.009872 0.064386
v 0.026000 -0.010359 0.064061
v 0.024667 -0.009499 0.061498
v 0.026000 -0.009298 0.064500
v 0.026000 -0.010803 0.063243
v 0.024000 -0.010765 0.062393
v 0.026000 -0.009872 0.061614
v 0.026000 -0.010491 0.062260
v 0.023624 -0.010077 0.061852
v 0.021000 -0.009815 0.061753
v 0.021000 -0.009298 0.061650
v 0.021044 -0.010592 0.063138
v 0.021000 -0.009403 0.064383
v 0.023480 -0.010055 0.064132
v 0.021000 -0.010253 0.063955
v 0.026000 -0.008784 0.064274
v 0.026000 -0.008034 0.062967
v 0.013000 -0.007980 0.063003
v 0.013000 -0.008929 0.061871
v 0.026000 -0.008574 0.061913
v 0.021000 -0.009298 0.061750
v 0.026000 -0.009816 0.061842
v 0.021000 -0.010415 0.062250
v 0.026000 -0.010362 0.063747
v 0.021060 -0.010417 0.063392
v 0.021000 -0.010037 0.064008
v 0.021000 -0.009298 0.064250
v 0.013000 -0.009298 0.061650
v 0.013000 -0.008782 0.061753
v 0.013000 -0.009298 0.064350
v 0.013000 -0.008939 0.064136
v 0.013000 -0.008344 0.062045
v 0.013000 -0.008051 0.062483
v 0.013000 -0.008353 0.064049
v 0.023965 -0.010226 0.064361
v 0.024000 -0.010607 0.064308
v 0.024000 -0.011008 0.063708
v 0.024000 -0.008000 0.063983
v 0.023981 -0.010985 0.062471
v 0.024000 -0.010006 0.061291
v 0.024000 -0.008133 0.061950
v 0.026000 -0.008724 0.061614
v 0.026000 -0.008238 0.061939
v 0.026000 -0.007732 0.062919
v 0.026000 -0.008724 0.064386
v 0.026000 -0.008238 0.064061
v 0.023929 -0.010079 0.061605
v 0.023797 -0.010680 0.062386
v 0.023962 -0.010831 0.062365
v 0.023854 -0.009871 0.064383
v 0.023656 -0.010668 0.062752
v 0.023857 -0.010569 0.063779
v 0.023962 -0.010471 0.064173
v 0.016000 -0.025014 0.136757
v 0.015993 -0.024996 0.136725
v 0.016000 -0.024116 0.136935
v 0.015992 -0.024121 0.136897
v 0.015979 -0.025418 0.136295
v 0.015971 -0.024979 0.136696
v 0.015905 -0.025288 0.136448
v 0.015993 -0.025687 0.135682
v 0.016000 -0.025305 0.134461
v 0.015993 -0.025279 0.134487
v 0.016000 -0.024480 0.134065
v 0.015944 -0.024469 0.134156
v 0.015928 -0.024266 0.136863
v 0.015935 -0.025639 0.135672
v 0.015979 -0.025581 0.135010
v 0.015900 -0.025598 0.135145
v 0.015939 -0.025275 0.134559
v 0.015880 -0.024722 0.134195
v 0.013053 -0.024830 0.133900
v 0.015717 -0.024298 0.137280
v 0.013000 -0.024631 0.137157
v 0.015413 -0.026035 0.135875
v 0.015656 -0.025372 0.136927
v 0.013000 -0.025812 0.136434
v 0.013031 -0.025966 0.135290
v 0.015651 -0.023357 0.137029
v 0.015740 -0.022787 0.136509
v 0.015655 -0.022526 0.135778
v 0.015749 -0.022519 0.135070
v 0.015929 -0.023322 0.137248
v 0.015982 -0.024417 0.137608
v 0.015999 -0.022961 0.137351
v 0.015963 -0.022621 0.136678
v 0.015999 -0.022044 0.135136
v 0.015619 -0.022877 0.134422
v 0.015951 -0.023433 0.133551
v 0.015658 -0.023924 0.133742
v 0.015854 -0.023573 0.133748
v 0.015931 -0.022306 0.134919
v 0.016000 -0.022707 0.133909
v 0.015999 -0.023935 0.133246
v 0.015145 -0.024164 0.134021
v 0.013000 -0.024247 0.133976
v 0.015199 -0.023200 0.134529
v 0.013105 -0.022842 0.136360
v 0.013055 -0.023439 0.136948
v 0.015331 -0.023602 0.136769
v 0.015619 -0.024124 0.136816
v 0.015500 -0.023129 0.134832
v 0.015906 -0.023229 0.134641
v 0.015614 -0.022982 0.135326
v 0.015791 -0.023005 0.135782
v 0.015900 -0.023631 0.136670
v 0.015928 -0.023304 0.136419
v 0.015334 -0.025032 0.136708
v 0.015500 -0.024966 0.134330
v 0.015392 -0.025688 0.135149
v 0.015999 -0.024318 0.134044
v 0.015997 -0.023539 0.134295
v 0.015978 -0.023180 0.134704
v 0.015924 -0.023761 0.134273
v 0.015993 -0.022910 0.135317
v 0.016000 -0.023601 0.136768
v 0.015992 -0.023298 0.136489
v 0.015937 -0.022955 0.135330
v 0.015978 -0.023016 0.135992
v 0.015983 -0.025358 0.133639
v 0.016000 -0.026377 0.134639
v 0.015985 -0.026433 0.135760
v 0.014981 -0.025320 0.134356
v 0.015000 -0.024694 0.136947
v 0.014981 -0.025746 0.136006
v 0.013000 -0.025485 0.136457
v 0.013000 -0.025796 0.135091
v 0.013000 -0.025455 0.134340
v 0.013000 -0.023257 0.134058
v 0.013000 -0.022852 0.134744
v 0.013095 -0.022534 0.135447
v 0.013000 -0.022857 0.136541
v 0.013000 -0.023629 0.137117
v 0.015691 -0.024983 0.137152
v 0.015646 -0.025037 0.133798
v 0.015900 -0.025264 0.133787
v 0.015782 -0.026049 0.134722
v 0.015962 -0.026200 0.134712
v 0.015854 -0.025024 0.137252
v 0.015646 -0.026063 0.135181
v 0.015923 -0.025502 0.137088
v 0.015872 -0.026023 0.136254
v 0.015984 -0.025773 0.137006
v 0.018298 0.011801 0.135305
v 0.014698 0.022527 0.135342
v 0.016737 0.018877 0.135381
v 0.011740 0.026092 0.135302
v 0.003978 0.030833 0.135292
v 0.008945 0.028578 0.135700
v 0.018087 0.014896 0.135700
v -0.000887 0.032157 0.135697
v -0.016359 0.026980 0.135199
v -0.007461 0.031551 0.135254
v -0.017144 0.027658 0.135757
v -0.022693 0.018859 0.135196
v -0.022863 0.018929 0.135700
v -0.024410 0.013122 0.135698
v -0.024000 0.010702 0.135200
v 0.008006 -0.007796 0.135352
v 0.007874 -0.007846 0.135700
v 0.013091 -0.003333 0.135346
v 0.018117 0.006439 0.135695
v 0.015655 0.000014 0.135700
v 0.015643 0.000939 0.135200
v 0.017190 0.003914 0.135280
v -0.024478 0.013097 0.140200
v -0.021782 0.021462 0.140232
v -0.003000 0.032202 0.140200
v 0.006648 0.030013 0.140188
v 0.001194 0.031788 0.140200
v 0.018405 0.014364 0.140210
v -0.018418 -0.004489 0.135720
v -0.017281 -0.005406 0.140200
v -0.013874 -0.007846 0.140200
v -0.013874 -0.007846 0.135700
v -0.018694 -0.004201 0.140200
v -0.023905 0.006230 0.135284
v -0.021769 0.000553 0.135358
v -0.023451 0.003383 0.140200
v -0.023426 0.003906 0.135682
v -0.023713 0.004096 0.135200
v -0.024612 0.010442 0.135680
v -0.021912 0.000061 0.135200
v -0.023453 0.002609 0.137266
v -0.014239 -0.007773 0.135811
v -0.020120 -0.002461 0.135720
v -0.015319 -0.007839 0.137958
v 0.018555 0.012550 0.135502
v 0.012910 0.025842 0.135201
v 0.017713 0.017587 0.136055
v 0.004698 0.031075 0.135524
v 0.001964 0.032447 0.136900
v -0.003000 0.032402 0.135200
v -0.008957 0.031665 0.135200
v -0.005585 0.032843 0.136815
v -0.015784 0.028320 0.135577
v -0.022036 0.021313 0.135200
v -0.020598 0.024045 0.137084
v -0.023874 0.016142 0.136218
v -0.024657 0.009523 0.138400
v -0.023380 0.001654 0.137983
v -0.023604 0.003909 0.138512
v -0.021959 0.000274 0.138508
v -0.020319 -0.002295 0.138542
v -0.018073 -0.005390 0.138217
v -0.014838 -0.007717 0.138648
v 0.018585 0.013097 0.137663
v 0.016979 0.019004 0.137732
v 0.013375 0.024932 0.137827
v 0.009871 0.028314 0.137778
v 0.003944 0.031440 0.137816
v 0.001193 0.031993 0.138155
v -0.008569 0.032130 0.137695
v -0.007381 0.032344 0.138214
v -0.013793 0.029532 0.138169
v -0.020575 0.024484 0.137736
v -0.020681 0.023727 0.138325
v -0.024237 0.014836 0.138342
v -0.022416 0.020407 0.138316
v -0.024438 0.007768 0.139908
v -0.023932 0.005202 0.139935
v -0.022654 0.001470 0.139889
v -0.021825 -0.000092 0.140200
v -0.020224 -0.002450 0.140091
v -0.014443 -0.007847 0.139844
v -0.017420 -0.005541 0.140032
v 0.018585 0.013097 0.139163
v 0.016979 0.019004 0.139232
v 0.015020 0.022792 0.139092
v 0.013375 0.024932 0.139327
v 0.009107 0.028633 0.139370
v 0.003944 0.031440 0.139316
v 0.001193 0.031993 0.139655
v -0.003000 0.032320 0.139512
v -0.018049 0.026612 0.139615
v -0.011272 0.030694 0.139606
v -0.018344 0.026046 0.139888
v -0.024619 0.012934 0.139822
v -0.024291 0.014894 0.140030
v -0.022412 0.020414 0.139818
v -0.015819 -0.007848 0.139367
v -0.016133 -0.007730 0.137773
v -0.012849 -0.007846 0.135200
v 0.018721 0.010697 0.140160
v 0.018739 0.007164 0.140225
v 0.018393 0.005337 0.140213
v -0.017904 0.027580 0.140629
v -0.021840 0.023010 0.140679
v -0.023946 0.019045 0.140698
v -0.012208 0.031325 0.140314
v -0.022712 -0.000578 0.140722
v -0.022804 0.000455 0.141090
v 0.013073 0.026506 0.140097
v 0.009298 0.029565 0.140303
v 0.018596 0.017019 0.140104
v 0.016617 0.021931 0.139969
v 0.001720 0.032795 0.140183
v 0.003899 0.031937 0.140523
v 0.019473 0.010696 0.140023
v 0.010218 -0.007752 0.139675
v 0.018811 0.004772 0.139844
v 0.007345 0.030696 0.140054
v -0.004554 0.033249 0.140254
v -0.016393 0.028796 0.140322
v -0.016034 -0.007790 0.140643
v -0.024718 0.007000 0.141015
v -0.023681 0.003066 0.141084
v -0.010993 0.031248 0.140714
v -0.013609 0.030027 0.140746
v -0.008270 0.032470 0.140604
v -0.021006 -0.002019 0.141148
v -0.025457 0.009826 0.140835
v -0.022858 0.019800 0.140853
v -0.020096 0.024621 0.140836
v -0.015362 0.028688 0.140692
v -0.017996 -0.005914 0.141144
v -0.017207 -0.006156 0.141207
v 0.014695 -0.003282 0.139962
v 0.008131 -0.007830 0.140207
v 0.016964 0.000258 0.139951
v -0.003919 0.032774 0.140637
v 0.015212 0.023599 0.140370
v 0.012718 0.026160 0.140436
v 0.007066 0.030371 0.140516
v 0.019224 0.013952 0.140098
v -0.014917 -0.007846 0.141238
v 0.008913 -0.007830 0.138226
v 0.008265 -0.007846 0.139081
v 0.011797 -0.005132 0.138988
v 0.014359 -0.002320 0.138795
v 0.018527 0.007965 0.139296
v 0.014359 -0.002320 0.139170
v 0.017693 0.003468 0.138897
v 0.015888 0.000018 0.139201
v 0.018888 0.007712 0.139463
v 0.017112 0.002554 0.139233
v -0.025540 0.010253 0.139142
v -0.025171 0.006801 0.139084
v -0.022328 0.022324 0.139124
v -0.016393 0.028796 0.139009
v -0.019068 0.026502 0.138952
v -0.024400 0.003273 0.139327
v -0.024512 0.017337 0.139160
v -0.008392 0.032019 0.139420
v -0.014564 0.030122 0.138849
v -0.024868 0.016836 0.139021
v -0.022697 -0.000610 0.139219
v 0.013068 0.026502 0.138573
v 0.015323 0.023780 0.138630
v 0.009426 0.029564 0.138661
v 0.018512 0.017337 0.138552
v 0.019333 0.013779 0.138419
v 0.018812 0.004767 0.138354
v 0.019540 0.010253 0.138383
v 0.017255 0.020823 0.138394
v 0.002269 0.032631 0.138590
v 0.000517 0.032937 0.138820
v 0.010266 -0.007686 0.138094
v 0.014861 -0.003002 0.138137
v 0.015434 -0.002593 0.138278
v 0.007345 0.030696 0.138554
v -0.004556 0.033246 0.138746
v -0.018508 -0.005662 0.139331
v 0.008452 -0.007833 0.137228
v 0.011797 -0.005132 0.137488
v 0.014359 -0.002320 0.137295
v 0.018566 0.006699 0.137893
v 0.015316 -0.001010 0.137696
v 0.019391 0.010169 0.137064
v 0.016569 0.001342 0.137486
v -0.025318 0.010259 0.137566
v -0.016393 0.028796 0.137509
v -0.023869 0.019317 0.137648
v -0.013619 0.030472 0.137256
v 0.019333 0.013779 0.136919
v 0.017933 0.018711 0.137255
v 0.015323 0.023780 0.137130
v 0.009058 0.029692 0.136951
v 0.016810 0.000008 0.136862
v 0.010133 -0.007730 0.136752
v 0.018603 0.003686 0.136784
v 0.000517 0.032937 0.137320
v 0.011444 -0.005547 0.135200
v 0.014943 -0.001877 0.135855
v 0.014359 -0.002320 0.136170
v 0.017146 0.002536 0.135382
v 0.018308 0.004664 0.136458
v 0.018392 0.006757 0.135951
v -0.020232 -0.003137 0.137459
v -0.021965 -0.001561 0.137779
v -0.025200 0.006772 0.137678
v -0.025160 0.015075 0.137552
v -0.023172 0.020695 0.137434
v -0.019052 0.026485 0.137358
v -0.006517 0.032937 0.137205
v -0.003000 0.033237 0.137262
v 0.007345 0.030696 0.137054
v 0.013466 0.025920 0.136898
v 0.017172 0.020695 0.136904
v 0.013669 -0.004555 0.136732
v 0.008764 -0.007824 0.136178
v -0.024613 0.014766 0.140200
v -0.017173 -0.005954 0.140492
v -0.024734 0.009015 0.140200
v -0.024549 0.007092 0.140200
v -0.024941 0.005590 0.140557
v -0.024818 0.010109 0.140323
v -0.022669 0.001652 0.140200
v -0.025165 0.014529 0.140406
v -0.023513 0.003396 0.140200
v -0.022925 0.001619 0.140385
v -0.024919 0.010938 0.140200
v 0.007874 -0.007846 0.140200
v 0.012279 -0.004425 0.140200
v 0.016682 0.001515 0.140200
v -0.023453 0.018572 0.140200
v -0.019212 0.025051 0.140216
v -0.015641 0.028212 0.140188
v -0.010857 0.030933 0.140192
v 0.017684 0.017666 0.140200
v 0.015891 0.021194 0.140185
v 0.014257 0.023839 0.140200
v -0.000073 0.032191 0.140200
v 0.010772 0.027335 0.140197
v -0.023653 0.017636 0.140346
v -0.023295 0.003134 0.140655
v -0.024366 0.006975 0.140459
v -0.020841 -0.001655 0.140575
v 0.005927 0.030526 0.140351
v -0.009318 0.031453 0.140351
v -0.004830 0.032330 0.140286
v 0.002592 0.031695 0.140283
v -0.019903 0.024346 0.140629
v -0.021556 0.021848 0.140504
v 0.010159 0.028009 0.140294
v -0.024599 0.014551 0.140917
v -0.024300 0.006437 0.140838
v -0.022252 0.000714 0.140909
v -0.024158 0.015615 0.140747
v -0.014400 -0.007818 0.140738
v -0.014242 -0.007846 0.141038
v -0.018779 -0.004226 0.140973
v 0.012729 0.025634 0.140225
v -0.003235 0.032420 0.140419
v -0.017648 0.026680 0.140447
v -0.019373 -0.002448 0.135200
v -0.016313 -0.005598 0.135200
v 0.007874 -0.007846 0.137950
v -0.018854 0.018267 0.135709
v -0.018446 0.019209 0.135312
v -0.015939 0.022484 0.135700
v -0.015609 0.023547 0.135200
v -0.007954 0.027901 0.135292
v -0.009656 0.027426 0.135200
v -0.020377 0.013473 0.180996
v -0.018523 0.018918 0.180722
v -0.015941 0.022482 0.180902
v -0.020328 0.008991 0.181289
v -0.016375 0.021964 0.181070
v -0.015947 0.022475 0.180922
v -0.015941 0.022481 0.180912
v -0.015939 -0.001081 0.180900
v -0.015960 -0.001056 0.180936
v -0.015991 -0.001021 0.180956
v -0.018604 0.002623 0.180677
v -0.019893 0.006131 0.180979
v -0.016316 -0.000635 0.181064
v -0.016814 -0.000554 0.135336
v -0.015939 -0.001081 0.135700
v -0.020641 0.009269 0.135436
v -0.012226 0.025896 0.135288
v -0.014710 0.023851 0.135200
v -0.020272 0.014097 0.135334
v -0.020415 0.010313 0.135200
v -0.019294 0.004679 0.135200
v -0.014240 -0.002797 0.135635
v -0.007278 -0.006696 0.135209
v -0.015089 -0.001939 0.135668
v -0.006242 -0.006973 0.139217
v 0.000049 -0.007461 0.139252
v -0.007877 -0.006426 0.138070
v 0.001836 -0.006812 0.138125
v -0.008000 -0.006382 0.135399
v -0.013481 -0.003638 0.135266
v -0.008000 -0.006590 0.135200
v -0.020767 0.007813 0.135200
v -0.019301 0.003621 0.135292
v -0.006864 -0.007846 0.139079
v -0.008417 -0.007846 0.135517
v 0.002000 -0.007846 0.137200
v 0.001904 -0.007032 0.135201
v 0.001648 -0.007846 0.138390
v 0.000765 -0.007846 0.139048
v 0.017098 0.021028 0.053718
v 0.018337 0.018167 0.053961
v 0.007835 0.030545 0.053880
v 0.003406 0.032388 0.054205
v -0.002980 0.033258 0.054268
v -0.006883 0.032966 0.054178
v -0.014625 0.030128 0.054419
v -0.013389 0.030803 0.054169
v -0.019036 0.026625 0.054326
v -0.024817 0.016823 0.054294
v -0.023458 0.020282 0.054531
v 0.009902 -0.007827 0.053434
v 0.010055 -0.007830 0.053587
v 0.016841 -0.000123 0.053492
v 0.014075 -0.004128 0.053739
v 0.019267 0.006783 0.053651
v 0.018254 0.003006 0.053824
v -0.025560 0.010050 0.054379
v -0.023958 0.002329 0.054454
v -0.020621 -0.003356 0.054841
v -0.015902 -0.007827 0.054841
v 0.016954 0.000065 0.053551
v 0.014806 -0.003213 0.053484
v 0.012674 -0.005596 0.053477
v 0.018397 0.003388 0.053591
v 0.019585 0.012192 0.053632
v 0.002463 0.032687 0.053964
v 0.010424 0.028898 0.053891
v 0.018586 0.017436 0.053740
v 0.017232 0.020861 0.053874
v 0.015373 0.023882 0.053818
v -0.023173 0.000471 0.054673
v -0.016424 0.028898 0.054196
v -0.021542 0.023622 0.054366
v -0.024131 0.018908 0.054307
v -0.010024 0.032195 0.054119
v -0.020075 -0.004128 0.054536
v -0.016055 -0.007830 0.054688
v -0.025208 0.006669 0.054417
v -0.021037 -0.002982 0.054668
v -0.000866 0.033227 0.053963
v 0.015993 -0.001692 0.053728
v 0.019571 0.009979 0.053885
v 0.019432 0.013649 0.053868
v 0.014518 0.025060 0.053917
v 0.011360 0.028195 0.054112
v 0.007367 0.030797 0.054117
v 0.000523 0.033037 0.054195
v -0.010024 0.032195 0.054306
v -0.024586 0.017436 0.054535
v -0.025381 0.013928 0.054573
v -0.025585 0.012192 0.054643
v -0.025194 0.006645 0.054704
v -0.024397 0.003388 0.054684
v -0.018674 -0.005596 0.054798
v 0.017098 0.021028 0.055218
v 0.018337 0.018167 0.055461
v 0.007835 0.030545 0.055380
v 0.003406 0.032388 0.055705
v -0.002980 0.033258 0.055768
v -0.006883 0.032966 0.055678
v -0.014625 0.030128 0.055919
v -0.013389 0.030803 0.055669
v -0.019036 0.026625 0.055826
v -0.024817 0.016823 0.055794
v -0.023458 0.020282 0.056031
v 0.009902 -0.007827 0.054934
v 0.010055 -0.007830 0.055087
v 0.012799 -0.005502 0.055116
v 0.017123 0.000410 0.055299
v 0.016841 -0.000123 0.054992
v 0.019267 0.006783 0.055151
v 0.018517 0.003782 0.055305
v -0.025560 0.010050 0.055879
v -0.023958 0.002329 0.055954
v -0.020621 -0.003356 0.056341
v -0.015902 -0.007827 0.056341
v 0.016994 0.000059 0.055145
v 0.014806 -0.003213 0.054984
v 0.018397 0.003388 0.055091
v 0.019585 0.012192 0.055132
v 0.010424 0.028898 0.055391
v 0.002463 0.032687 0.055464
v 0.018586 0.017436 0.055240
v 0.017232 0.020861 0.055374
v 0.015373 0.023882 0.055318
v -0.023173 0.000471 0.056173
v -0.024131 0.018908 0.055807
v -0.016424 0.028898 0.055696
v -0.010024 0.032195 0.055619
v -0.021542 0.023622 0.055866
v -0.020075 -0.004128 0.056036
v -0.016055 -0.007830 0.056188
v -0.025208 0.006669 0.055917
v -0.021037 -0.002982 0.056168
v -0.000866 0.033227 0.055463
v 0.015016 -0.002962 0.055200
v 0.019571 0.009979 0.055385
v 0.019432 0.013649 0.055368
v 0.014518 0.025060 0.055417
v 0.011360 0.028195 0.055612
v 0.007367 0.030797 0.055617
v 0.000523 0.033037 0.055695
v -0.010024 0.032195 0.055806
v -0.024586 0.017436 0.056035
v -0.025381 0.013928 0.056073
v -0.025585 0.012192 0.056143
v -0.025194 0.006645 0.056204
v -0.024397 0.003388 0.056184
v -0.018674 -0.005596 0.056298
v 0.017098 0.021028 0.056718
v 0.018337 0.018167 0.056961
v 0.007835 0.030545 0.056880
v 0.003406 0.032388 0.057205
v 0.000889 0.032921 0.056963
v -0.003000 0.033300 0.057137
v -0.006889 0.032921 0.057312
v -0.016317 0.028987 0.057248
v -0.019036 0.026625 0.057326
v -0.024817 0.016823 0.057294
v -0.023458 0.020282 0.057531
v 0.009902 -0.007827 0.056434
v 0.010055 -0.007830 0.056587
v 0.016841 -0.000123 0.056492
v 0.014075 -0.004128 0.056739
v 0.019267 0.006783 0.056651
v 0.018254 0.003006 0.056824
v -0.025560 0.010050 0.057379
v -0.023958 0.002329 0.057454
v -0.020621 -0.003356 0.057841
v -0.015902 -0.007827 0.057841
v 0.016954 0.000065 0.056551
v 0.014806 -0.003213 0.056484
v 0.012674 -0.005596 0.056477
v 0.018397 0.003388 0.056591
v 0.019585 0.012192 0.056632
v 0.004024 0.032195 0.056969
v 0.010424 0.028898 0.056891
v 0.018586 0.017436 0.056740
v 0.017232 0.020861 0.056874
v 0.015373 0.023882 0.056818
v -0.023173 0.000471 0.057673
v -0.024131 0.018908 0.057307
v -0.010024 0.032195 0.057119
v -0.021542 0.023622 0.057366
v -0.020075 -0.004128 0.057536
v -0.016055 -0.007830 0.057688
v -0.025208 0.006669 0.057417
v -0.021037 -0.002982 0.057668
v -0.013367 0.030797 0.057158
v -0.008585 0.032639 0.057046
v 0.015993 -0.001692 0.056728
v 0.019571 0.009979 0.056885
v 0.019432 0.013649 0.056868
v 0.014518 0.025060 0.056917
v 0.011360 0.028195 0.057112
v 0.007367 0.030797 0.057117
v 0.000523 0.033037 0.057195
v -0.010024 0.032195 0.057306
v -0.013835 0.030545 0.057395
v -0.024586 0.017436 0.057535
v -0.025381 0.013928 0.057573
v -0.025585 0.012192 0.057643
v -0.025194 0.006645 0.057704
v -0.024397 0.003388 0.057684
v -0.018674 -0.005596 0.057798
v 0.017098 0.021028 0.058218
v 0.018337 0.018167 0.058461
v 0.007835 0.030545 0.058380
v 0.003406 0.032388 0.058705
v -0.002980 0.033258 0.058768
v -0.006883 0.032966 0.058678
v -0.014625 0.030128 0.058919
v -0.013389 0.030803 0.058669
v -0.019036 0.026625 0.058826
v -0.024817 0.016823 0.058794
v -0.023458 0.020282 0.059031
v 0.009902 -0.007827 0.057934
v 0.010055 -0.007830 0.058087
v 0.012799 -0.005502 0.058116
v 0.017123 0.000410 0.058299
v 0.016841 -0.000123 0.057992
v 0.019267 0.006783 0.058151
v 0.018517 0.003782 0.058305
v -0.025560 0.010050 0.058879
v -0.023958 0.002329 0.058954
v -0.020621 -0.003356 0.059341
v -0.015902 -0.007827 0.059341
v 0.016994 0.000059 0.058145
v 0.014806 -0.003213 0.057984
v 0.018397 0.003388 0.058091
v 0.019585 0.012192 0.058132
v 0.002463 0.032687 0.058464
v 0.010424 0.028898 0.058391
v 0.018586 0.017436 0.058240
v 0.017232 0.020861 0.058374
v 0.015373 0.023882 0.058318
v -0.023173 0.000471 0.059173
v -0.024131 0.018908 0.058807
v -0.016424 0.028898 0.058696
v -0.010024 0.032195 0.058619
v -0.021542 0.023622 0.058866
v -0.020075 -0.004128 0.059036
v -0.016055 -0.007830 0.059188
v -0.025208 0.006669 0.058917
v -0.021037 -0.002982 0.059168
v -0.000866 0.033227 0.058463
v 0.015016 -0.002962 0.058200
v 0.019571 0.009979 0.058385
v 0.019432 0.013649 0.058368
v 0.014518 0.025060 0.058417
v 0.011360 0.028195 0.058612
v 0.007367 0.030797 0.058617
v 0.000523 0.033037 0.058695
v -0.010024 0.032195 0.058806
v -0.024586 0.017436 0.059035
v -0.025381 0.013928 0.059073
v -0.025585 0.012192 0.059143
v -0.025194 0.006645 0.059204
v -0.024397 0.003388 0.059184
v -0.018674 -0.005596 0.059298
v 0.019472 0.012946 0.059628
v 0.012991 0.026610 0.059819
v 0.017098 0.021028 0.059718
v 0.016494 0.022206 0.060039
v 0.008515 0.030200 0.059871
v -0.002980 0.033258 0.060268
v -0.006883 0.032966 0.060178
v -0.014625 0.030128 0.060419
v -0.013389 0.030803 0.060169
v -0.019036 0.026625 0.060326
v -0.024817 0.016823 0.060294
v -0.023454 0.020288 0.060533
v 0.009902 -0.007827 0.059434
v 0.010055 -0.007830 0.059587
v 0.016841 -0.000123 0.059492
v 0.014075 -0.004128 0.059739
v 0.019148 0.006507 0.059553
v 0.018234 0.002948 0.059834
v -0.025560 0.010050 0.060379
v -0.023958 0.002322 0.060456
v -0.020621 -0.003356 0.060841
v -0.015902 -0.007827 0.060841
v 0.016954 0.000065 0.059551
v 0.014806 -0.003213 0.059484
v 0.012674 -0.005596 0.059477
v 0.018397 0.003388 0.059591
v 0.019618 0.010096 0.059801
v 0.019315 0.006884 0.059723
v 0.004024 0.032195 0.059969
v 0.018586 0.017436 0.059740
v 0.017958 0.019415 0.059890
v 0.000889 0.032921 0.059963
v 0.015373 0.023882 0.059818
v -0.023173 0.000471 0.060673
v -0.024131 0.018908 0.060307
v -0.016424 0.028898 0.060196
v -0.010024 0.032195 0.060119
v -0.021542 0.023622 0.060366
v -0.020075 -0.004128 0.060536
v -0.016055 -0.007830 0.060688
v -0.025208 0.006669 0.060417
v -0.021037 -0.002982 0.060668
v -0.003020 0.033258 0.060007
v 0.015016 -0.002962 0.059700
v 0.016954 0.000065 0.059739
v 0.018397 0.003388 0.059778
v 0.019432 0.013649 0.059868
v 0.011360 0.028195 0.060112
v 0.007367 0.030797 0.060117
v 0.002730 0.032609 0.060213
v -0.010024 0.032195 0.060306
v -0.024586 0.017436 0.060535
v -0.025381 0.013928 0.060573
v -0.025585 0.012192 0.060643
v -0.025194 0.006645 0.060704
v -0.024397 0.003388 0.060684
v -0.018674 -0.005596 0.060798
v 0.010189 -0.007615 0.127529
v 0.010258 -0.007591 0.125492
v 0.010750 -0.007108 0.126503
v 0.010729 -0.007680 0.126510
v -0.016748 -0.007114 0.126286
v -0.016340 -0.007495 0.127430
v -0.016730 -0.007637 0.126349
v -0.022000 -0.025166 0.134343
v -0.021993 -0.025144 0.134372
v -0.022000 -0.024298 0.134053
v -0.021992 -0.024298 0.134092
v -0.021979 -0.025509 0.134853
v -0.021971 -0.025124 0.134399
v -0.021898 -0.025085 0.134411
v -0.021944 -0.024298 0.134146
v -0.021994 -0.025700 0.135493
v -0.022000 -0.025166 0.136657
v -0.022000 -0.024298 0.136947
v -0.021993 -0.025144 0.136628
v -0.021900 -0.025543 0.134985
v -0.021979 -0.025509 0.136147
v -0.021450 -0.024686 0.134168
v -0.021900 -0.025543 0.136015
v -0.021919 -0.024372 0.136839
v -0.021941 -0.025157 0.136552
v -0.021900 -0.024814 0.136744
v -0.019000 -0.025536 0.134263
v -0.021624 -0.026003 0.134794
v -0.019000 -0.026032 0.135155
v -0.019059 -0.024742 0.133956
v -0.019000 -0.022682 0.134830
v -0.020952 -0.023276 0.133970
v -0.019000 -0.023061 0.134263
v -0.019000 -0.024298 0.133750
v -0.021667 -0.022801 0.134482
v -0.021774 -0.022469 0.135218
v -0.021871 -0.023800 0.133670
v -0.021912 -0.024298 0.133547
v -0.021999 -0.023935 0.133246
v -0.022000 -0.022707 0.133909
v -0.021962 -0.022843 0.134044
v -0.021963 -0.022621 0.134322
v -0.021999 -0.022044 0.135864
v -0.021955 -0.022247 0.135845
v -0.021636 -0.023062 0.136828
v -0.021655 -0.024020 0.137272
v -0.021796 -0.023986 0.137348
v -0.021900 -0.022665 0.136605
v -0.022000 -0.022707 0.137091
v -0.021960 -0.023883 0.137561
v -0.021999 -0.023935 0.137754
v -0.021000 -0.022913 0.136074
v -0.019044 -0.023269 0.136849
v -0.021440 -0.023015 0.136164
v -0.019000 -0.022815 0.135148
v -0.019128 -0.024298 0.133782
v -0.019037 -0.023228 0.134168
v -0.021325 -0.023870 0.134145
v -0.021456 -0.022915 0.135236
v -0.021937 -0.023436 0.136549
v -0.021843 -0.023780 0.136713
v -0.021900 -0.023054 0.136015
v -0.021828 -0.023335 0.134600
v -0.021925 -0.023603 0.134332
v -0.021900 -0.023054 0.134985
v -0.021845 -0.025623 0.135328
v -0.021999 -0.024135 0.136947
v -0.021997 -0.023393 0.136601
v -0.021992 -0.023066 0.136165
v -0.021992 -0.022900 0.135506
v -0.022000 -0.023766 0.134155
v -0.021993 -0.023429 0.134392
v -0.021930 -0.022949 0.135832
v -0.021978 -0.023089 0.134851
v -0.021999 -0.025635 0.137351
v -0.021999 -0.026552 0.135864
v -0.021984 -0.026237 0.134673
v -0.021326 -0.025425 0.136358
v -0.021166 -0.024620 0.136951
v -0.021000 -0.025684 0.136074
v -0.021000 -0.025359 0.134439
v -0.019037 -0.025743 0.134650
v -0.019042 -0.025931 0.135605
v -0.019000 -0.024650 0.137098
v -0.019000 -0.024968 0.137117
v -0.019000 -0.025788 0.136495
v -0.019000 -0.023629 0.137117
v -0.019000 -0.023061 0.136737
v -0.019047 -0.022695 0.135819
v -0.021684 -0.025606 0.134158
v -0.021860 -0.025351 0.137095
v -0.021619 -0.025377 0.136922
v -0.021652 -0.025933 0.136180
v -0.021929 -0.026225 0.136048
v -0.021933 -0.025058 0.137333
v -0.021778 -0.026120 0.135507
v -0.021916 -0.025388 0.133836
v -0.021986 -0.025678 0.133867
v -0.018503 0.002610 0.050200
v -0.017715 0.001335 0.050200
v -0.019611 0.005208 0.050200
v -0.019932 0.015108 0.050200
v -0.018497 0.018783 0.050200
v -0.020420 0.008932 0.050200
v -0.017823 0.020048 0.049878
v -0.018621 0.018752 0.049247
v -0.019877 0.015475 0.049182
v -0.020474 0.009472 0.049170
v -0.019802 0.005795 0.049178
v -0.018507 0.002567 0.049178
v -0.015939 -0.001081 0.049200
v -0.015610 0.023929 0.139705
v -0.015557 0.024053 0.135200
v -0.016877 0.023222 0.139741
v -0.018025 0.024197 0.135200
v -0.017838 0.023789 0.139701
v -0.017455 0.023409 0.135200
v -0.016496 0.023254 0.135200
v -0.015865 0.024108 0.139850
v -0.016081 0.023783 0.139850
v -0.015894 0.025081 0.139866
v -0.017649 0.023948 0.139855
v -0.015937 0.023822 0.142217
v -0.017844 0.024395 0.140000
v -0.017472 0.023666 0.140226
v -0.016965 0.023506 0.142200
v -0.016134 0.024953 0.142573
v -0.016064 0.025179 0.140200
v -0.017422 0.025313 0.140201
v -0.016575 0.025467 0.140200
v -0.017639 0.025061 0.139845
v -0.016319 0.025323 0.140200
v -0.017826 0.025224 0.139707
v -0.016970 0.025630 0.139770
v -0.015831 0.025376 0.139715
v -0.017759 0.025365 0.135200
v -0.016789 0.025740 0.135200
v -0.015634 0.024969 0.135200
v -0.016122 0.025571 0.135200
v -0.015739 -0.003788 0.135200
v -0.017886 -0.003843 0.139725
v -0.016975 -0.004431 0.135200
v -0.015968 -0.003689 0.139848
v -0.016406 -0.004011 0.139850
v -0.016522 -0.004252 0.139746
v -0.017171 -0.004011 0.139850
v -0.017463 -0.003856 0.139969
v -0.015865 -0.003554 0.142212
v -0.016064 -0.003776 0.140200
v -0.017751 -0.003115 0.140007
v -0.017616 -0.003648 0.140200
v -0.017208 -0.002443 0.142645
v -0.016142 -0.002277 0.142204
v -0.017524 -0.002413 0.140017
v -0.017039 -0.001991 0.139785
v -0.015783 -0.002914 0.139854
v -0.016503 -0.002025 0.139822
v -0.017852 -0.002376 0.139701
v -0.015480 -0.003428 0.139713
v -0.016078 -0.002023 0.139701
v -0.018133 -0.002901 0.135200
v -0.017038 -0.001832 0.135200
v -0.016310 -0.001932 0.135200
v -0.015557 -0.002650 0.135200
v 0.011672 -0.003971 0.135200
v 0.011963 -0.003605 0.139731
v 0.012030 -0.003323 0.135200
v 0.011156 -0.004176 0.139762
v 0.010496 -0.004323 0.139701
v 0.010602 -0.004431 0.135200
v 0.009739 -0.003788 0.139701
v 0.009469 -0.003046 0.135200
v 0.011564 -0.003674 0.140029
v 0.009619 -0.002836 0.139748
v 0.010847 -0.004107 0.139971
v 0.009965 -0.003684 0.139856
v 0.010064 -0.003776 0.140200
v 0.009865 -0.003554 0.142212
v 0.010432 -0.002503 0.142498
v 0.011375 -0.002244 0.142215
v 0.011746 -0.002594 0.140142
v 0.009937 -0.002520 0.139842
v 0.011036 -0.002031 0.139871
v 0.011712 -0.002704 0.139850
v 0.010600 -0.001828 0.139762
v 0.011589 -0.002127 0.139700
v 0.011921 -0.002557 0.139700
v 0.011295 -0.001766 0.135200
v 0.012137 0.024241 0.135200
v 0.011815 0.023582 0.139715
v 0.010719 0.023186 0.135200
v 0.010563 0.023261 0.139700
v 0.009681 0.025292 0.139702
v 0.009707 0.025157 0.135200
v 0.010310 0.025645 0.135200
v 0.009539 0.024490 0.135200
v 0.010789 0.025740 0.139700
v 0.011522 0.025527 0.139707
v 0.011226 0.025722 0.135200
v 0.011943 0.024969 0.139700
v 0.011765 0.024393 0.139976
v 0.011638 0.024013 0.140032
v 0.011492 0.023730 0.140371
v 0.009668 0.024103 0.139777
v 0.009851 0.023944 0.139861
v 0.010789 0.023490 0.139850
v 0.010023 0.024532 0.142495
v 0.010652 0.023463 0.142205
v 0.009996 0.025152 0.142199
v 0.010064 0.025179 0.140200
v 0.011422 0.025313 0.140201
v 0.009865 0.024873 0.139850
v 0.010081 0.025197 0.139850
v 0.011639 0.025061 0.139845
v 0.010759 0.025536 0.139863
v 0.009572 0.024204 0.135200
v -0.004331 0.024219 0.181700
v -0.001746 0.024488 0.182475
v 0.007604 0.019653 0.181700
v 0.005881 0.021349 0.183364
v 0.008225 0.018202 0.181700
v 0.010627 0.010702 0.181700
v 0.009703 0.005440 0.181700
v 0.002166 -0.001771 0.181700
v 0.003449 -0.001659 0.182139
v 0.000428 -0.002347 0.182565
v 0.006546 0.001156 0.181700
v 0.010000 0.010702 0.183900
v 0.005839 0.019540 0.184400
v 0.007393 0.003757 0.184400
v 0.005839 0.001863 0.184400
v 0.009790 0.007161 0.183696
v 0.009260 0.008263 0.184400
v 0.001784 -0.000847 0.184400
v 0.009527 0.011326 0.185560
v 0.007489 0.017778 0.185567
v 0.008661 0.015062 0.185149
v 0.004595 0.020578 0.185293
v 0.000237 0.022733 0.185293
v 0.002522 0.021870 0.185293
v -0.005953 0.022780 0.185402
v -0.010052 0.020939 0.185299
v -0.008162 0.022030 0.185149
v -0.014329 0.016094 0.185449
v -0.014947 0.014556 0.184402
v -0.012166 0.019104 0.185402
v -0.015681 0.011106 0.185584
v 0.010853 0.007729 0.183810
v 0.011166 0.011054 0.181700
v 0.007862 0.001767 0.183910
v 0.007284 0.001351 0.182153
v 0.003532 -0.001751 0.183975
v 0.008641 0.002924 0.181700
v 0.000534 -0.003045 0.181757
v -0.017026 0.011423 0.181743
v -0.016731 0.007970 0.181700
v -0.006845 -0.002823 0.181700
v -0.009024 -0.001846 0.185051
v -0.015572 0.003982 0.184304
v -0.015934 0.005344 0.181700
v -0.011728 -0.000322 0.181700
v -0.004151 -0.003575 0.181948
v 0.010598 0.009317 0.185111
v -0.000994 -0.002090 0.185681
v 0.003349 -0.001337 0.185148
v 0.008812 0.005824 0.185787
v 0.007393 0.003757 0.185836
v 0.007053 0.002353 0.185629
v 0.002585 -0.000492 0.185528
v -0.003000 -0.002880 0.185125
v -0.012122 0.001650 0.185720
v -0.013630 0.003448 0.185221
v -0.009535 -0.001269 0.185134
v -0.015790 0.007685 0.185579
v -0.005302 -0.001740 0.185847
v -0.015260 0.008263 0.185836
v -0.016301 0.014793 0.184799
v -0.015547 0.015899 0.185125
v -0.014328 0.018599 0.184855
v -0.011505 0.021371 0.185111
v -0.006843 0.023787 0.185134
v -0.002405 0.023380 0.185560
v -0.000350 0.024022 0.185125
v 0.007965 0.019504 0.183842
v 0.004776 0.022027 0.185145
v 0.010064 0.015117 0.184992
v 0.010731 0.013433 0.183900
v -0.016731 0.013433 0.181700
v -0.015934 0.016059 0.181700
v -0.010778 0.022342 0.181700
v -0.004657 0.024928 0.181948
v -0.011285 0.022538 0.182035
v -0.001867 0.024716 0.181700
v 0.002593 0.023274 0.181700
v 0.002491 0.024082 0.182085
v 0.010418 0.014461 0.182140
v -0.015075 0.007269 0.184402
v -0.005655 -0.001667 0.184445
v -0.007104 -0.002543 0.182166
v -0.015010 0.005140 0.183769
v -0.016334 0.007259 0.181984
v -0.016176 0.014838 0.183426
v -0.009614 0.022762 0.183471
v -0.014411 0.002770 0.181700
v -0.011860 -0.000032 0.182374
v -0.003455 -0.003002 0.181913
v -0.014225 0.018202 0.181700
v -0.009600 0.022545 0.181700
v -0.014137 0.019016 0.181700
v -0.016500 0.010702 0.181700
v 0.002150 0.030023 0.027045
v 0.002150 0.029618 0.027316
v -0.009250 0.030023 0.027045
v 0.002150 0.030502 0.026950
v -0.009250 0.030502 0.026950
v -0.009250 0.029618 0.027316
v 0.002150 0.029347 0.027722
v -0.009250 0.029347 0.027722
v 0.002150 0.030502 0.029450
v -0.009250 0.030502 0.029450
v -0.009250 0.030023 0.029355
v 0.002150 0.029252 0.028200
v 0.002150 0.029347 0.028678
v -0.009250 0.029252 0.028200
v 0.002150 0.029618 0.029084
v 0.002150 0.030023 0.029355
v -0.009250 0.029618 0.029084
v -0.009250 0.029347 0.028678
v 0.002150 0.031385 0.027316
v 0.002150 0.030980 0.027045
v 0.002150 0.031385 0.029084
v 0.002150 0.031656 0.027722
v 0.002150 0.031752 0.028200
v 0.002150 0.030980 0.029355
v 0.002150 0.031656 0.028678
v -0.009250 0.030980 0.029355
v -0.009250 0.031656 0.028678
v -0.009250 0.031385 0.029084
v -0.009250 0.031752 0.028200
v -0.009250 0.031656 0.027722
v -0.009250 0.030980 0.027045
v -0.009250 0.031385 0.027316
v -0.003850 0.030646 0.020055
v -0.004100 0.030682 0.023980
v -0.004350 0.031288 0.023072
v -0.004100 0.028702 0.024750
v -0.004350 0.029773 0.024587
v -0.003850 0.029773 0.024587
v -0.003850 0.031242 0.023052
v -0.004100 0.027611 0.024633
v -0.004100 0.028702 0.024850
v -0.004100 0.028702 0.019200
v -0.004100 0.026115 0.020928
v -0.004183 0.027621 0.019390
v -0.003850 0.026686 0.019985
v -0.004100 0.025852 0.022000
v -0.004100 0.026161 0.023052
v -0.004200 0.025918 0.022733
v -0.004350 0.026722 0.020020
v -0.004350 0.030682 0.020020
v -0.004100 0.029773 0.019413
v -0.004100 0.031288 0.020928
v -0.003850 0.030717 0.019985
v -0.004100 0.031502 0.022000
v -0.003850 0.031335 0.023091
v -0.004100 0.026722 0.023980
v -0.004100 0.027649 0.024541
v -0.003850 0.027649 0.019459
v -0.003850 0.026757 0.020055
v -0.003850 0.025952 0.022000
v -0.021094 0.020389 0.019000
v -0.020793 0.020925 0.023000
v -0.022995 0.011167 0.019000
v -0.021324 0.001592 0.019000
v -0.020434 0.000902 0.023000
v -0.022964 0.007512 0.023000
v -0.017990 0.011247 0.019000
v -0.017830 0.008450 0.019000
v -0.017045 0.016424 0.019000
v -0.017152 0.005731 0.019000
v -0.015981 0.003185 0.019000
v -0.014356 0.000902 0.019000
v -0.013613 0.021302 0.019000
v -0.017897 0.012902 0.023000
v -0.016192 0.002402 0.023000
v -0.013855 0.021217 0.023000
v -0.016753 0.016689 0.023000
v 0.016998 0.012482 0.019000
v 0.016732 0.013967 0.023000
v 0.017000 0.010702 0.023000
v 0.015934 0.017145 0.019000
v 0.013056 0.022829 0.019000
v 0.012848 0.022902 0.023000
v 0.015513 0.018429 0.023000
v 0.008626 0.000957 0.023000
v 0.008554 0.000972 0.019000
v 0.011997 0.009528 0.023000
v 0.011060 0.005474 0.023000
v 0.011455 0.006500 0.019000
v 0.011579 0.014230 0.023000
v 0.011991 0.012662 0.019000
v 0.009689 0.018876 0.023000
v 0.010340 0.017561 0.019000
v 0.005727 0.022902 0.023000
v 0.006154 0.022808 0.019000
v 0.014592 0.000928 0.019000
v 0.015543 0.003208 0.023000
v 0.014434 0.000902 0.023000
v 0.016836 0.008148 0.023000
v 0.016656 0.006880 0.019000
v 0.016348 0.005636 0.023000
v 0.021000 -0.029503 0.052250
v 0.013000 -0.029503 0.052250
v 0.013000 -0.029503 0.067750
v 0.021000 -0.029503 0.067750
v -0.003850 -0.031754 0.052250
v -0.003850 -0.031754 0.067750
v -0.003850 -0.031665 0.067750
v -0.003850 -0.031665 0.052250
v -0.018052 -0.030920 0.052250
v -0.018052 -0.030920 0.067750
v -0.018580 -0.030737 0.052250
v -0.018580 -0.030737 0.067750
v -0.018926 -0.030298 0.052250
v -0.018926 -0.030298 0.067750
v 0.013000 -0.030298 0.052250
v 0.013000 -0.030298 0.067750
v 0.020052 -0.030501 0.052250
v 0.020052 -0.030501 0.067750
v 0.020419 -0.030411 0.052250
v 0.020419 -0.030411 0.067750
v 0.020929 -0.029873 0.067750
v 0.020725 -0.030191 0.052250
v 0.020929 -0.029873 0.052250
v 0.020725 -0.030191 0.067750
v 0.013000 -0.029503 0.069250
v 0.013000 -0.029503 0.084750
v 0.021000 -0.029503 0.084750
v 0.021000 -0.029503 0.069250
v -0.003850 -0.031754 0.069250
v -0.003850 -0.031754 0.084750
v -0.003850 -0.031665 0.084750
v -0.003850 -0.031665 0.069250
v -0.018052 -0.030920 0.069250
v -0.018052 -0.030920 0.084750
v -0.018926 -0.030298 0.069250
v -0.018580 -0.030737 0.069250
v -0.018926 -0.030298 0.084750
v -0.018580 -0.030737 0.084750
v 0.013000 -0.030298 0.069250
v 0.013000 -0.030298 0.084750
v 0.020052 -0.030501 0.069250
v 0.020052 -0.030501 0.084750
v 0.020419 -0.030411 0.069250
v 0.020419 -0.030411 0.084750
v 0.020929 -0.029873 0.084750
v 0.020725 -0.030191 0.069250
v 0.020929 -0.029873 0.069250
v 0.020725 -0.030191 0.084750
v 0.021000 -0.029503 0.035250
v 0.013000 -0.029503 0.035250
v 0.013000 -0.029503 0.050750
v 0.021000 -0.029503 0.050750
v -0.003850 -0.031754 0.035250
v -0.003850 -0.031754 0.050750
v -0.003850 -0.031665 0.050750
v -0.003850 -0.031665 0.035250
v -0.018052 -0.030920 0.035250
v -0.018052 -0.030920 0.050750
v -0.018580 -0.030737 0.035250
v -0.018580 -0.030737 0.050750
v -0.018926 -0.030298 0.035250
v -0.018926 -0.030298 0.050750
v 0.013000 -0.030298 0.035250
v 0.013000 -0.030298 0.050750
v 0.020052 -0.030501 0.035250
v 0.020052 -0.030501 0.050750
v 0.020419 -0.030411 0.035250
v 0.020419 -0.030411 0.050750
v 0.020929 -0.029873 0.050750
v 0.020725 -0.030191 0.035250
v 0.020929 -0.029873 0.035250
v 0.020725 -0.030191 0.050750
v -0.017000 -0.028637 0.007854
v -0.004600 -0.028889 0.007591
v -0.017000 -0.026934 0.008258
v -0.004600 -0.027663 0.008258
v -0.017000 -0.029377 0.006861
v -0.017000 -0.027298 0.003750
v -0.004600 -0.027826 0.003775
v -0.017000 -0.029523 0.005473
v -0.004600 -0.029377 0.005139
v -0.017000 -0.028561 0.004110
v -0.004600 -0.028889 0.004409
v -0.004600 -0.029523 0.006527
v -0.015600 -0.026533 0.007848
v -0.004600 -0.026899 0.008008
v -0.015600 -0.025451 0.006765
v -0.004600 -0.025568 0.007067
v -0.015600 -0.025884 0.007414
v -0.015600 -0.027298 0.008000
v -0.015664 -0.025300 0.005637
v -0.004600 -0.025298 0.006000
v -0.015600 -0.025884 0.004586
v -0.004600 -0.025651 0.004810
v -0.015600 -0.027298 0.004000
v -0.004600 -0.026975 0.003993
v -0.016278 -0.026985 0.004214
v -0.016028 -0.026307 0.004379
v -0.016300 -0.025649 0.005317
v -0.016357 -0.025775 0.006982
v -0.016236 -0.026942 0.007791
v -0.016800 -0.026615 0.007649
v -0.016858 -0.025641 0.006682
v -0.016800 -0.026036 0.007262
v -0.016774 -0.027716 0.007763
v -0.016800 -0.025513 0.006000
v -0.016800 -0.027298 0.004215
v -0.016770 -0.026287 0.004493
v -0.016462 -0.025552 0.005640
v -0.016993 -0.027298 0.004074
v -0.017000 -0.028058 0.004166
v -0.016993 -0.027298 0.007926
v -0.017000 -0.028058 0.007834
v -0.016980 -0.028429 0.004434
v -0.017000 -0.028702 0.004596
v -0.016985 -0.029062 0.005270
v -0.017000 -0.029133 0.005240
v -0.016919 -0.028858 0.004995
v -0.016941 -0.028004 0.004297
v -0.016831 -0.029063 0.005617
v -0.016858 -0.028569 0.004736
v -0.016881 -0.027610 0.004199
v -0.016907 -0.027298 0.007812
v -0.016800 -0.027982 0.004351
v -0.016472 -0.028923 0.005333
v -0.016919 -0.027995 0.007682
v -0.016994 -0.029227 0.005991
v -0.016941 -0.029142 0.006000
v -0.016985 -0.029062 0.006730
v -0.016913 -0.028973 0.006703
v -0.017000 -0.029133 0.006760
v -0.016992 -0.028665 0.007356
v -0.016985 -0.028029 0.007763
v -0.016941 -0.028602 0.007304
v -0.016800 -0.029084 0.006000
v -0.016472 -0.028923 0.006667
v -0.016858 -0.028562 0.007270
v -0.017000 -0.026539 0.007834
v -0.016980 -0.026168 0.007566
v -0.016941 -0.026593 0.007703
v -0.016919 -0.025739 0.007005
v -0.017000 -0.025464 0.006760
v -0.016994 -0.025370 0.006009
v -0.017000 -0.025895 0.007404
v -0.016985 -0.025535 0.006730
v -0.016941 -0.025455 0.006000
v -0.016852 -0.026273 0.007507
v -0.016877 -0.025498 0.006000
v -0.016994 -0.025513 0.005270
v -0.016913 -0.025623 0.005297
v -0.017004 -0.025221 0.005141
v -0.016977 -0.026228 0.004413
v -0.017020 -0.026427 0.003935
v -0.016919 -0.026967 0.004175
v -0.016911 -0.026018 0.004715
v -0.016877 -0.026609 0.004337
v -0.017000 -0.025707 0.004409
v -0.017000 -0.025048 0.006000
v -0.017000 -0.025445 0.007339
v -0.016357 -0.028330 0.004510
v -0.016300 -0.029084 0.006000
v -0.016398 -0.028298 0.007496
v -0.015600 -0.028064 0.007848
v -0.015600 -0.028713 0.007414
v -0.015600 -0.029146 0.006765
v -0.015664 -0.029283 0.005571
v -0.015600 -0.028064 0.004152
v -0.015600 -0.028713 0.004586
v -0.004600 -0.028488 0.004352
v -0.004600 -0.029146 0.005235
v -0.004600 -0.029276 0.006469
v -0.004600 -0.028421 0.007680
v -0.004600 -0.026437 0.003921
v -0.004600 -0.025445 0.004661
v -0.004600 -0.025041 0.006364
v -0.004600 -0.025707 0.007591
v -0.004600 -0.026437 0.008079
v 0.008000 -0.028340 0.007442
v 0.021000 -0.028536 0.007237
v 0.008000 -0.027298 0.007750
v 0.021000 -0.027582 0.007756
v 0.008000 -0.028915 0.006670
v 0.008000 -0.026949 0.004243
v 0.021000 -0.027709 0.004269
v 0.008000 -0.029029 0.005590
v 0.021000 -0.028915 0.005330
v 0.008000 -0.028536 0.004763
v 0.008000 -0.027968 0.004383
v 0.021000 -0.028536 0.004763
v 0.021000 -0.029029 0.006410
v 0.021000 -0.026629 0.007617
v 0.021000 -0.025785 0.006934
v 0.021000 -0.025568 0.005590
v 0.021000 -0.026629 0.004383
v 0.021000 -0.026061 0.004763
v 0.008000 -0.026061 0.004763
v 0.008000 -0.025682 0.005330
v 0.008000 -0.025548 0.006000
v 0.008000 -0.025682 0.006670
v 0.008000 -0.026365 0.007514
f 1 2 3
f 4 5 6
f 2 4 7
f 8 9 10
f 11 12 13
f 9 11 14
f 5 8 15
f 42 1 3
f 7 4 6
f 2 7 3
f 8 10 15
f 15 6 5
f 10 9 14
f 14 11 13
f 16 13 12
f 17 16 12
f 18 19 20
f 21 22 23
f 19 21 24
f 25 26 27
f 28 29 30
f 26 28 31
f 22 25 32
f 16 17 33
f 24 20 19
f 33 18 20
f 32 23 22
f 31 27 26
f 30 31 28
f 32 25 27
f 24 21 23
f 33 17 18
f 34 35 32
f 30 34 31
f 27 34 32
f 34 27 31
f 16 33 43
f 43 33 20
f 23 35 24
f 24 35 20
f 23 32 35
f 20 35 43
f 36 37 6
f 13 16 36
f 14 13 36
f 10 14 36
f 36 6 15
f 10 36 15
f 6 37 7
f 7 37 3
f 37 42 3
f 36 16 43
f 42 37 38
f 37 36 41
f 39 37 41
f 37 39 38
f 36 407 41
f 407 36 40
f 43 40 36
f 43 35 44
f 35 34 45
f 45 44 35
f 47 43 44
f 70 46 34
f 45 34 46
f 50 48 51
f 68 48 49
f 54 51 48
f 48 68 54
f 71 51 54
f 50 53 57
f 63 60 59
f 58 59 57
f 61 58 57
f 51 57 53
f 62 57 51
f 63 59 64
f 63 66 67
f 50 51 53
f 72 51 52
f 49 69 68
f 52 51 71
f 72 62 51
f 42 73 74
f 69 70 68
f 68 71 54
f 72 52 71
f 59 58 64
f 72 75 61
f 57 62 61
f 63 64 65
f 65 64 78
f 64 58 77
f 77 75 72
f 58 75 77
f 64 76 78
f 77 78 76
f 76 64 77
f 78 66 65
f 62 72 61
f 75 58 61
f 60 63 67
f 83 82 67
f 82 79 67
f 79 82 80
f 81 67 66
f 81 83 67
f 80 97 86
f 80 96 97
f 84 80 82
f 86 85 80
f 63 65 66
f 90 89 88
f 91 87 86
f 97 91 86
f 90 88 92
f 86 99 88
f 89 90 93
f 89 93 55
f 93 90 94
f 95 81 78
f 81 66 78
f 95 82 83
f 95 83 81
f 86 87 99
f 96 80 84
f 95 84 82
f 96 84 95
f 97 98 91
f 99 91 98
f 99 87 91
f 429 95 78
f 94 90 92
f 93 94 55
f 55 94 74
f 92 98 100
f 99 98 92
f 94 100 101
f 101 100 74
f 100 42 74
f 74 94 101
f 100 94 92
f 73 55 74
f 92 88 99
f 89 55 56
f 102 106 104
f 108 110 112
f 106 108 107
f 103 102 105
f 113 102 104
f 102 113 105
f 104 106 107
f 109 107 108
f 109 108 112
f 112 110 111
f 110 114 115
f 115 111 110
f 116 117 120
f 121 124 126
f 117 121 118
f 389 115 116
f 127 120 117
f 119 127 117
f 389 116 120
f 122 118 121
f 123 122 121
f 125 391 124
f 56 125 124
f 126 124 391
f 123 121 126
f 119 117 118
f 116 115 114
f 129 128 124
f 124 130 129
f 124 133 130
f 131 133 121
f 138 131 121
f 132 138 121
f 121 117 132
f 121 133 124
f 129 134 128
f 130 134 129
f 134 136 128
f 137 134 133
f 133 131 137
f 134 137 139
f 148 137 131
f 138 148 131
f 134 130 133
f 136 134 135
f 141 117 142
f 141 142 143
f 117 116 142
f 138 132 141
f 116 114 145
f 142 116 145
f 142 145 146
f 114 110 145
f 141 143 154
f 150 154 143
f 147 141 154
f 148 138 147
f 144 151 143
f 138 141 147
f 144 142 146
f 144 146 152
f 149 152 146
f 151 144 152
f 151 150 143
f 143 142 144
f 177 153 145
f 141 132 117
f 134 139 135
f 135 158 156
f 135 139 158
f 140 137 160
f 140 139 137
f 159 160 148
f 147 167 148
f 158 139 140
f 160 137 148
f 156 158 163
f 250 157 260
f 162 161 157
f 157 161 260
f 162 157 163
f 158 164 163
f 164 140 160
f 157 156 163
f 164 262 165
f 163 164 165
f 164 158 140
f 160 159 167
f 147 166 167
f 147 168 166
f 167 166 169
f 150 168 154
f 164 160 167
f 151 152 155
f 150 151 170
f 170 168 150
f 155 170 151
f 168 147 154
f 167 169 164
f 164 169 171
f 172 164 171
f 172 171 169
f 164 172 262
f 174 169 173
f 170 174 168
f 168 174 173
f 169 174 263
f 169 166 173
f 168 173 166
f 175 174 176
f 159 148 167
f 149 155 152
f 146 145 153
f 177 110 178
f 149 146 153
f 178 110 108
f 178 108 182
f 178 179 177
f 177 185 153
f 185 177 179
f 183 155 153
f 153 185 183
f 155 183 184
f 149 153 155
f 182 188 178
f 178 188 180
f 186 185 180
f 185 186 187
f 182 181 189
f 185 179 180
f 179 178 180
f 183 185 202
f 108 181 182
f 177 145 110
f 193 181 106
f 192 190 106
f 191 192 106
f 193 106 190
f 106 181 108
f 191 102 194
f 102 191 106
f 276 194 278
f 181 193 189
f 193 190 196
f 196 189 193
f 189 188 182
f 198 192 195
f 195 192 191
f 199 191 276
f 276 191 194
f 195 191 198
f 199 198 191
f 200 196 192
f 192 196 190
f 180 188 186
f 155 184 170
f 201 170 184
f 184 202 201
f 170 201 176
f 183 202 184
f 187 186 203
f 202 187 203
f 202 203 210
f 185 187 202
f 201 202 208
f 207 176 479
f 176 208 206
f 206 479 176
f 176 201 208
f 176 207 175
f 210 209 202
f 204 209 210
f 210 203 204
f 240 204 205
f 208 202 209
f 186 211 203
f 176 174 170
f 211 186 188
f 197 189 196
f 200 189 197
f 211 189 200
f 203 211 213
f 212 200 192
f 220 215 198
f 214 198 199
f 192 198 215
f 198 214 220
f 212 215 218
f 212 192 215
f 212 211 200
f 197 196 200
f 205 203 213
f 216 211 212
f 211 216 213
f 212 217 216
f 213 240 205
f 212 218 217
f 219 218 215
f 219 215 220
f 217 218 221
f 218 219 221
f 205 204 203
f 211 188 189
f 222 223 224
f 224 223 225
f 223 226 225
f 226 223 228
f 228 229 232
f 232 226 228
f 226 232 231
f 231 227 226
f 235 234 233
f 232 230 235
f 235 236 310
f 310 234 235
f 221 219 238
f 233 232 235
f 237 235 230
f 242 479 243
f 209 239 243
f 239 242 243
f 209 243 208
f 243 479 208
f 206 208 479
f 244 241 245
f 245 241 217
f 245 217 221
f 204 240 209
f 217 240 216
f 216 240 213
f 217 241 240
f 239 209 240
f 248 247 246
f 256 248 246
f 249 246 367
f 251 246 249
f 256 246 251
f 256 251 252
f 468 253 254
f 222 255 223
f 468 223 255
f 253 248 254
f 251 257 252
f 259 256 258
f 256 259 254
f 254 248 256
f 162 260 161
f 260 162 163
f 172 260 262
f 260 261 264
f 260 163 262
f 172 261 260
f 262 163 165
f 264 261 172
f 169 263 172
f 265 264 172
f 267 266 263
f 266 172 263
f 263 174 268
f 172 266 265
f 267 269 266
f 175 207 479
f 175 268 174
f 175 479 268
f 267 263 268
f 274 102 270
f 194 274 278
f 102 274 194
f 128 271 124
f 279 270 272
f 275 280 272
f 273 275 272
f 279 272 280
f 274 270 279
f 272 285 273
f 199 276 306
f 274 277 278
f 277 274 281
f 278 281 282
f 278 277 281
f 279 280 281
f 279 281 274
f 276 278 282
f 283 285 287
f 285 288 287
f 287 288 295
f 286 289 288
f 275 273 283
f 290 292 293
f 292 290 291
f 289 290 293
f 289 286 290
f 288 289 294
f 283 287 295
f 280 283 296
f 299 297 295
f 294 300 295
f 275 283 280
f 294 289 293
f 294 293 301
f 298 301 293
f 300 294 301
f 300 299 295
f 295 288 294
f 291 303 292
f 283 273 285
f 281 280 304
f 135 305 136
f 214 199 306
f 306 311 220
f 214 306 220
f 307 135 156
f 276 282 306
f 304 282 281
f 304 312 282
f 306 312 308
f 304 280 309
f 283 318 296
f 312 306 282
f 296 309 280
f 220 311 219
f 311 236 238
f 238 219 311
f 310 311 308
f 310 236 311
f 306 308 311
f 250 365 157
f 313 312 304
f 304 309 314
f 310 312 234
f 312 233 234
f 233 312 313
f 304 314 313
f 308 312 310
f 156 157 350
f 283 316 315
f 283 315 318
f 297 316 295
f 283 295 316
f 318 315 227
f 299 317 297
f 314 309 318
f 299 302 317
f 302 299 300
f 300 301 319
f 302 300 321
f 317 315 316
f 321 317 302
f 319 321 300
f 320 317 321
f 317 316 297
f 318 227 231
f 314 318 231
f 233 314 232
f 231 232 314
f 314 233 313
f 225 227 315
f 321 225 320
f 227 225 226
f 322 224 225
f 315 317 225
f 320 225 317
f 309 296 318
f 128 136 323
f 293 292 303
f 291 324 303
f 324 79 325
f 298 293 303
f 325 326 324
f 330 327 328
f 330 325 327
f 327 325 79
f 324 333 303
f 333 324 326
f 331 301 303
f 303 333 331
f 301 331 332
f 298 303 301
f 336 330 328
f 330 336 334
f 334 333 330
f 333 334 335
f 336 346 337
f 333 326 330
f 326 325 330
f 331 333 338
f 329 346 328
f 346 336 328
f 341 339 340
f 339 346 329
f 344 341 340
f 344 340 345
f 271 343 124
f 345 340 343
f 284 343 271
f 341 348 339
f 346 339 348
f 347 337 346
f 348 347 346
f 336 337 359
f 284 345 343
f 345 284 323
f 344 345 349
f 305 349 345
f 323 305 345
f 350 344 349
f 323 284 128
f 344 348 341
f 271 128 284
f 334 336 351
f 319 332 321
f 319 301 332
f 352 321 332
f 332 353 352
f 332 338 353
f 321 352 354
f 331 338 332
f 335 334 351
f 353 335 351
f 336 359 351
f 353 338 335
f 333 335 338
f 352 353 354
f 321 354 322
f 322 354 222
f 354 468 255
f 255 222 354
f 354 253 468
f 322 222 224
f 355 357 253
f 355 353 357
f 353 358 356
f 356 357 353
f 358 351 359
f 356 358 248
f 354 353 355
f 357 356 248
f 248 253 357
f 355 253 354
f 351 358 353
f 322 225 321
f 363 347 348
f 347 359 360
f 359 347 361
f 350 362 348
f 359 337 360
f 307 349 305
f 307 350 349
f 305 135 307
f 363 348 362
f 348 344 350
f 347 363 366
f 361 366 247
f 361 347 366
f 359 361 358
f 358 361 247
f 248 358 247
f 247 364 246
f 247 366 364
f 363 364 366
f 365 367 362
f 362 350 365
f 367 365 249
f 364 367 246
f 249 365 250
f 157 365 350
f 364 363 367
f 362 367 363
f 350 307 156
f 337 347 360
f 136 305 323
f 343 342 56
f 124 343 56
f 342 343 370
f 343 340 369
f 340 339 85
f 329 328 85
f 339 329 85
f 327 79 372
f 328 327 373
f 369 340 368
f 343 369 370
f 368 340 85
f 328 373 85
f 371 327 372
f 327 371 373
f 324 374 79
f 102 103 270
f 291 290 376
f 290 286 377
f 286 288 377
f 285 272 380
f 272 270 381
f 288 285 378
f 374 324 383
f 376 375 291
f 383 291 375
f 60 290 377
f 376 290 60
f 378 285 380
f 384 381 270
f 382 384 270
f 379 272 381
f 380 272 379
f 377 288 378
f 270 103 382
f 383 324 291
f 50 380 379
f 380 57 378
f 384 382 48
f 381 384 48
f 381 48 50
f 379 381 50
f 49 48 382
f 59 377 378
f 376 60 375
f 383 375 67
f 57 380 50
f 59 378 57
f 375 60 67
f 60 377 59
f 67 374 383
f 103 105 49
f 49 105 113
f 49 382 103
f 104 107 386
f 104 385 113
f 386 107 417
f 109 387 417
f 107 109 417
f 109 112 387
f 112 111 387
f 388 387 111
f 385 104 386
f 80 373 371
f 372 80 371
f 372 79 80
f 373 80 85
f 86 88 368
f 88 89 369
f 86 368 85
f 370 369 89
f 369 368 88
f 370 89 342
f 342 89 56
f 115 389 388
f 127 390 389
f 120 127 389
f 111 115 388
f 391 390 126
f 123 126 390
f 125 56 391
f 390 119 118
f 119 390 127
f 122 390 118
f 390 122 123
f 374 67 79
f 392 391 56
f 392 393 391
f 55 392 56
f 394 390 393
f 391 393 390
f 404 390 394
f 73 405 55
f 405 392 55
f 38 393 392
f 395 404 394
f 39 394 393
f 390 396 397
f 389 390 400
f 390 397 399
f 400 390 399
f 389 400 402
f 389 402 388
f 402 400 403
f 390 404 396
f 392 405 38
f 39 393 38
f 41 395 39
f 395 394 39
f 404 406 396
f 42 405 73
f 38 405 42
f 41 406 404
f 395 41 404
f 396 406 398
f 397 407 399
f 400 401 403
f 401 400 399
f 402 403 408
f 397 398 407
f 40 401 407
f 406 407 398
f 43 408 40
f 401 40 408
f 408 403 401
f 401 399 407
f 41 407 406
f 398 397 396
f 402 409 388
f 410 387 409
f 388 409 387
f 411 417 387
f 412 387 410
f 413 414 409
f 414 410 409
f 413 410 414
f 412 411 387
f 415 423 411
f 44 411 412
f 416 417 411
f 419 417 416
f 421 113 385
f 49 113 418
f 418 113 421
f 422 385 386
f 49 418 425
f 411 423 416
f 43 413 409
f 47 410 413
f 44 415 411
f 386 417 420
f 410 47 412
f 44 412 47
f 47 413 43
f 423 45 419
f 423 419 416
f 415 45 423
f 415 44 45
f 419 420 417
f 408 43 409
f 386 420 422
f 45 424 420
f 49 425 69
f 425 418 421
f 426 421 422
f 421 385 422
f 46 426 420
f 422 420 426
f 46 424 45
f 420 424 46
f 46 70 425
f 70 69 425
f 426 46 425
f 425 421 426
f 419 45 420
f 402 408 409
f 34 427 68
f 427 428 72
f 68 427 71
f 34 68 70
f 72 71 427
f 72 428 77
f 77 428 78
f 429 78 428
f 430 431 97
f 431 42 100
f 96 95 430
f 98 97 431
f 100 98 431
f 96 430 97
f 95 429 430
f 42 431 433
f 431 430 434
f 34 30 437
f 436 42 433
f 432 431 438
f 438 431 434
f 431 432 433
f 430 435 434
f 430 439 435
f 430 429 440
f 429 428 442
f 428 427 443
f 446 439 430
f 446 430 440
f 429 442 440
f 442 428 441
f 445 428 443
f 443 427 444
f 428 445 441
f 427 437 444
f 427 34 437
f 447 448 444
f 29 447 437
f 449 450 445
f 451 452 442
f 450 451 441
f 448 449 443
f 437 447 444
f 29 437 30
f 449 445 443
f 443 444 448
f 445 450 441
f 441 451 442
f 440 442 452
f 453 440 452
f 1 42 436
f 454 455 439
f 456 457 434
f 455 456 435
f 458 459 432
f 460 461 436
f 459 460 433
f 457 458 438
f 440 453 446
f 435 439 455
f 446 454 439
f 438 434 457
f 433 432 459
f 436 433 460
f 438 458 432
f 435 456 434
f 461 1 436
f 446 453 454
f 448 450 449
f 447 29 448
f 450 448 22
f 453 450 18
f 450 453 452
f 450 452 451
f 455 453 12
f 26 29 28
f 26 25 22
f 26 448 29
f 19 22 21
f 22 19 18
f 22 448 26
f 450 22 18
f 455 454 453
f 458 456 455
f 456 458 457
f 1 458 455
f 458 461 460
f 461 458 1
f 460 459 458
f 12 1 455
f 11 9 8
f 12 11 8
f 12 18 17
f 1 12 8
f 4 8 5
f 8 4 1
f 1 4 2
f 12 453 18
f 260 264 462
f 260 462 463
f 463 250 260
f 250 463 249
f 251 249 463
f 251 463 464
f 464 465 257
f 251 464 257
f 465 252 257
f 252 465 256
f 466 467 259
f 465 258 256
f 466 259 258
f 258 465 466
f 467 468 254
f 254 259 467
f 228 223 469
f 468 469 223
f 469 470 228
f 229 228 470
f 229 471 232
f 229 470 471
f 471 230 232
f 472 237 230
f 230 471 472
f 473 236 235
f 235 237 472
f 235 472 473
f 238 236 473
f 238 473 221
f 473 244 245
f 245 221 473
f 473 474 244
f 474 241 244
f 241 474 475
f 478 476 239
f 477 478 239
f 240 241 477
f 477 239 240
f 476 242 239
f 477 241 475
f 479 242 476
f 267 268 269
f 268 480 269
f 480 265 266
f 266 269 480
f 265 480 481
f 481 482 264
f 482 462 264
f 481 264 265
f 469 466 470
f 470 465 471
f 465 477 471
f 472 471 477
f 475 474 472
f 473 472 474
f 480 478 477
f 476 478 480
f 475 472 477
f 467 469 468
f 470 466 465
f 469 467 466
f 465 464 482
f 481 477 465
f 268 476 480
f 268 479 476
f 463 462 464
f 482 481 465
f 462 482 464
f 477 481 480
f 487 485 488
f 488 483 487
f 486 485 487
f 496 494 493
f 492 491 493
f 495 494 496
f 1212 490 495
f 492 489 491
f 502 500 503
f 500 502 498
f 500 501 499
f 500 499 504
f 501 500 498
f 502 503 497
f 504 506 500
f 513 511 508
f 513 508 507
f 509 512 511
f 511 513 509
f 510 511 512
f 505 511 510
f 505 514 511
f 504 508 506
f 515 519 518
f 520 522 517
f 524 525 523
f 526 527 525
f 525 524 526
f 527 521 528
f 528 525 527
f 520 523 522
f 531 530 532
f 530 531 533
f 531 532 529
f 533 534 530
f 535 536 534
f 535 534 533
f 536 535 537
f 1192 536 537
f 1192 538 536
f 542 540 541
f 540 539 543
f 539 540 542
f 543 546 540
f 552 550 547
f 547 546 543
f 548 551 550
f 550 552 548
f 549 550 551
f 544 550 549
f 544 545 550
f 557 556 558
f 557 554 556
f 555 556 554
f 559 556 555
f 559 566 556
f 565 563 562
f 562 561 565
f 561 562 566
f 564 563 565
f 568 569 571
f 568 572 569
f 570 569 572
f 573 569 570
f 569 573 576
f 580 578 577
f 577 576 573
f 579 578 580
f 574 575 579
f 585 583 586
f 584 583 585
f 585 586 581
f 588 589 584
f 593 592 590
f 590 589 588
f 591 594 592
f 592 593 591
f 1079 587 594
f 599 597 595
f 595 600 599
f 597 599 596
f 597 598 602
f 598 597 596
f 602 603 597
f 1198 606 603
f 604 603 602
f 604 1198 603
f 606 1198 607
f 605 606 607
f 601 606 605
f 601 608 606
f 609 611 613
f 609 612 611
f 612 614 615
f 621 619 618
f 620 619 621
f 616 901 620
f 617 615 614
f 625 623 626
f 623 625 624
f 625 626 622
f 627 629 624
f 634 632 631
f 631 629 627
f 634 631 630
f 632 634 633
f 635 628 633
f 638 640 641
f 640 639 643
f 639 640 638
f 638 641 636
f 643 644 640
f 646 647 644
f 645 644 643
f 645 646 644
f 646 648 647
f 649 647 648
f 649 642 647
f 651 653 655
f 654 653 651
f 652 653 654
f 653 652 656
f 653 656 658
f 662 661 660
f 663 660 659
f 659 658 656
f 660 663 662
f 661 662 1136
f 1136 657 661
f 669 667 670
f 667 669 666
f 667 668 671
f 668 667 666
f 669 670 664
f 671 674 667
f 678 677 675
f 676 677 678
f 672 673 679
f 671 675 674
f 683 681 684
f 684 680 683
f 682 681 683
f 685 690 682
f 688 689 687
f 691 687 690
f 687 691 688
f 689 688 686
f 686 949 689
f 693 695 696
f 695 694 697
f 695 697 698
f 694 695 693
f 693 696 692
f 698 701 695
f 705 703 702
f 702 701 698
f 703 705 704
f 699 700 704
f 710 708 707
f 708 710 709
f 709 711 712
f 710 707 706
f 712 714 709
f 716 718 714
f 715 714 713
f 715 716 714
f 716 717 718
f 719 718 717
f 1150 960 719
f 712 713 714
f 725 723 721
f 725 721 720
f 722 720 721
f 725 724 723
f 724 726 730
f 724 730 727
f 735 734 732
f 732 730 731
f 732 731 735
f 733 734 728
f 728 729 733
f 732 727 730
f 737 738 740
f 737 739 738
f 740 736 737
f 1174 738 739
f 741 738 1174
f 741 742 738
f 747 746 745
f 745 744 741
f 746 747 743
f 743 999 746
f 742 741 744
f 752 750 753
f 750 752 751
f 752 753 748
f 754 757 751
f 759 760 757
f 758 757 755
f 759 757 756
f 758 756 757
f 761 760 759
f 762 760 761
f 754 755 757
f 764 765 763
f 763 767 764
f 765 766 768
f 766 765 764
f 768 771 765
f 773 774 772
f 772 771 768
f 773 775 774
f 770 775 769
f 780 778 781
f 778 780 779
f 780 781 776
f 782 784 779
f 786 787 785
f 785 784 782
f 788 787 786
f 1238 783 788
f 792 791 793
f 792 789 791
f 790 791 789
f 794 791 790
f 794 802 791
f 800 801 799
f 798 797 799
f 797 798 802
f 801 800 795
f 795 796 801
f 873 803 804
f 808 807 804
f 805 806 807
f 805 809 806
f 807 808 805
f 810 806 809
f 813 811 814
f 812 811 813
f 872 815 1051
f 819 821 824
f 816 819 825
f 817 815 816
f 817 816 818
f 820 825 819
f 822 824 821
f 826 823 822
f 820 819 824
f 818 816 825
f 822 827 826
f 827 830 829
f 835 836 838
f 826 827 829
f 831 830 833
f 832 830 839
f 830 832 833
f 830 831 829
f 834 839 835
f 837 836 828
f 836 837 838
f 828 836 840
f 840 841 828
f 841 844 842
f 846 848 850
f 844 846 851
f 828 841 843
f 852 841 842
f 841 852 843
f 842 844 853
f 844 845 853
f 846 847 851
f 845 844 851
f 847 846 850
f 850 848 849
f 865 849 848
f 848 854 865
f 856 857 858
f 860 862 863
f 859 861 864
f 813 814 862
f 855 857 856
f 863 861 860
f 814 863 862
f 858 859 864
f 865 854 855
f 866 867 868
f 869 868 867
f 870 810 809
f 809 805 870
f 816 815 569
f 576 816 569
f 582 816 576
f 873 815 872
f 571 815 873
f 804 874 873
f 873 874 567
f 873 567 571
f 815 571 569
f 878 874 500
f 586 583 816
f 816 582 586
f 576 577 871
f 576 871 582
f 589 819 584
f 819 583 584
f 577 875 871
f 578 875 577
f 876 578 579
f 579 575 611
f 613 575 877
f 611 575 613
f 875 578 876
f 819 816 583
f 613 877 610
f 806 810 870
f 806 870 503
f 870 1061 882
f 503 807 806
f 874 804 500
f 804 807 500
f 508 878 506
f 879 878 508
f 807 503 500
f 880 882 1061
f 870 882 503
f 506 878 500
f 508 881 879
f 511 883 884
f 511 884 881
f 508 511 881
f 610 877 885
f 886 883 624
f 885 886 624
f 877 886 885
f 624 883 511
f 629 896 624
f 623 511 514
f 623 514 505
f 626 505 887
f 511 623 624
f 887 914 626
f 505 626 623
f 590 819 589
f 590 592 707
f 819 590 708
f 821 819 708
f 888 707 592
f 590 707 708
f 889 890 617
f 890 891 617
f 891 1075 612
f 1075 876 612
f 592 594 892
f 519 587 889
f 892 594 587
f 892 888 592
f 611 876 579
f 709 821 708
f 893 892 587
f 714 822 821
f 821 709 714
f 587 519 893
f 889 618 518
f 519 889 518
f 519 894 893
f 517 894 519
f 895 517 522
f 895 894 517
f 876 611 612
f 891 615 617
f 617 618 889
f 891 612 615
f 631 896 629
f 897 896 631
f 898 897 631
f 898 631 632
f 899 898 632
f 633 899 632
f 793 633 628
f 899 633 793
f 885 624 896
f 619 518 618
f 902 620 901
f 620 516 619
f 620 900 516
f 620 902 900
f 903 904 791
f 791 904 899
f 903 902 901
f 802 905 791
f 793 791 899
f 791 902 903
f 902 791 905
f 619 516 518
f 944 793 628
f 540 906 907
f 908 540 907
f 541 540 908
f 540 909 906
f 909 540 546
f 880 869 882
f 869 908 882
f 908 869 867
f 908 910 541
f 911 1097 541
f 1097 911 912
f 910 911 541
f 908 907 882
f 547 913 1095
f 1095 546 547
f 547 914 913
f 909 546 1095
f 550 914 547
f 915 916 550
f 917 918 550
f 918 915 550
f 916 914 550
f 913 914 887
f 920 917 684
f 917 550 545
f 684 917 545
f 684 919 921
f 545 919 684
f 684 681 920
f 812 922 911
f 912 911 922
f 813 862 812
f 862 1108 812
f 812 1108 922
f 923 1108 655
f 860 925 862
f 655 1108 862
f 862 924 650
f 862 925 924
f 862 650 655
f 655 653 923
f 653 926 923
f 919 927 653
f 658 919 653
f 921 658 659
f 928 659 660
f 860 861 929
f 925 860 929
f 929 861 930
f 931 932 558
f 861 933 932
f 861 859 933
f 930 861 932
f 926 653 927
f 921 919 658
f 690 936 682
f 682 936 934
f 935 682 934
f 681 682 935
f 944 943 687
f 687 943 937
f 687 936 690
f 937 936 687
f 928 660 939
f 940 939 556
f 942 940 562
f 660 661 939
f 681 935 920
f 949 530 689
f 944 687 938
f 689 945 938
f 530 945 689
f 687 689 938
f 530 946 945
f 947 948 532
f 941 532 948
f 530 949 947
f 530 947 532
f 941 942 950
f 941 948 942
f 562 950 942
f 657 951 556
f 558 556 931
f 952 556 951
f 556 661 657
f 556 566 940
f 939 661 556
f 566 562 940
f 558 932 553
f 953 933 859
f 933 553 932
f 859 858 954
f 954 858 1140
f 1140 858 955
f 953 859 954
f 556 952 931
f 950 562 563
f 956 563 564
f 950 563 956
f 564 488 485
f 564 560 488
f 956 564 485
f 957 857 1015
f 858 857 957
f 955 858 957
f 958 959 957
f 484 488 959
f 560 959 488
f 958 484 959
f 958 957 1015
f 946 530 534
f 928 921 659
f 944 628 943
f 714 718 822
f 724 718 723
f 718 719 723
f 718 827 822
f 827 718 724
f 719 721 723
f 721 719 960
f 522 523 1153
f 961 1153 523
f 721 962 961
f 961 722 721
f 963 722 523
f 722 961 523
f 525 963 523
f 962 721 960
f 522 1153 895
f 727 732 827
f 827 724 727
f 827 732 734
f 734 733 830
f 964 963 525
f 965 1155 695
f 1155 964 525
f 733 729 667
f 966 967 667
f 969 670 970
f 968 670 969
f 667 967 970
f 971 968 702
f 667 729 966
f 968 965 701
f 696 972 973
f 528 521 695
f 521 974 695
f 695 974 696
f 974 972 696
f 695 525 528
f 696 973 976
f 798 975 905
f 975 798 799
f 976 975 799
f 976 973 975
f 978 799 801
f 799 977 976
f 695 701 965
f 980 702 703
f 968 701 702
f 1155 525 695
f 641 981 979
f 979 801 641
f 982 981 640
f 981 641 640
f 979 978 801
f 640 983 984
f 644 983 640
f 984 982 640
f 977 799 978
f 796 641 801
f 827 734 830
f 905 802 798
f 968 665 670
f 667 970 670
f 733 674 830
f 830 674 675
f 674 733 667
f 980 703 704
f 980 971 702
f 704 986 985
f 986 740 987
f 700 986 704
f 988 987 738
f 704 985 980
f 839 677 676
f 676 679 839
f 677 830 675
f 679 835 839
f 835 673 989
f 673 835 679
f 745 835 989
f 830 677 839
f 742 989 738
f 988 738 989
f 742 744 989
f 745 989 744
f 745 746 836
f 835 745 836
f 740 700 990
f 990 991 644
f 991 983 644
f 986 700 740
f 992 644 1177
f 992 990 644
f 990 992 740
f 987 740 738
f 993 1177 647
f 647 1177 644
f 647 994 1179
f 647 1179 993
f 647 642 750
f 647 750 994
f 750 751 994
f 995 996 757
f 996 997 757
f 760 998 995
f 999 836 746
f 836 999 998
f 840 836 998
f 757 1000 1182
f 751 1182 994
f 1182 751 757
f 1000 757 997
f 757 760 995
f 840 998 760
f 971 665 968
f 1184 534 1001
f 1184 946 534
f 597 1001 595
f 796 1002 597
f 1003 1004 597
f 534 595 1001
f 1002 1003 597
f 1001 597 1004
f 536 595 534
f 595 536 1189
f 1005 536 538
f 1005 1189 536
f 538 1006 765
f 1007 796 597
f 1188 796 1007
f 597 603 1007
f 1009 603 606
f 603 1009 1008
f 1007 603 1008
f 1011 1012 765
f 771 1010 1201
f 1201 1011 765
f 1012 538 765
f 538 1012 1005
f 1188 637 796
f 796 637 641
f 489 1014 486
f 1014 1013 486
f 956 486 1013
f 485 486 956
f 1014 489 492
f 493 1014 492
f 494 763 493
f 857 855 1206
f 1016 1206 855
f 1206 1015 857
f 854 1021 855
f 1016 855 1017
f 1021 1017 855
f 1006 1014 493
f 495 763 494
f 1018 763 495
f 763 765 1006
f 1006 493 763
f 490 1018 495
f 848 490 1021
f 1020 490 848
f 1020 1019 490
f 854 848 1021
f 1020 848 1022
f 490 1019 1018
f 848 1023 1022
f 765 771 1201
f 1024 1025 779
f 753 642 1026
f 750 642 753
f 753 1024 749
f 1024 753 1026
f 779 749 1024
f 606 608 778
f 608 601 778
f 779 784 749
f 606 779 1025
f 778 779 606
f 606 1025 1027
f 781 778 601
f 841 1029 1034
f 762 840 760
f 841 1030 1031
f 841 762 1030
f 1029 841 1031
f 840 762 841
f 1032 1028 785
f 1028 784 785
f 785 787 1032
f 1033 1224 787
f 1033 844 1034
f 841 1034 844
f 1032 787 1224
f 749 784 1028
f 771 772 1010
f 772 1035 1010
f 1035 772 1036
f 781 601 1035
f 777 1035 1036
f 781 1035 777
f 1042 1036 772
f 774 1042 772
f 1037 848 1038
f 848 1039 1023
f 1037 1039 848
f 774 775 1042
f 1041 1038 846
f 1048 775 770
f 1043 1041 846
f 1044 1045 844
f 1042 775 1040
f 844 788 783
f 787 788 844
f 844 1046 1047
f 844 783 1046
f 1044 844 1047
f 1048 1040 775
f 846 770 1043
f 1038 848 846
f 846 1049 1048
f 1049 846 1045
f 846 844 1045
f 1048 770 846
f 787 844 1033
f 1027 1009 606
f 573 570 815
f 1051 815 568
f 572 815 570
f 568 815 572
f 815 817 573
f 577 573 1050
f 817 818 586
f 573 817 586
f 804 803 1053
f 1052 571 803
f 1052 1051 571
f 571 1051 568
f 571 1053 803
f 581 586 818
f 818 585 581
f 586 1050 573
f 1050 1054 577
f 584 820 588
f 584 585 825
f 820 584 825
f 1054 1055 577
f 577 1055 580
f 580 1057 579
f 574 579 1058
f 1056 579 1057
f 1059 574 609
f 609 613 1059
f 1059 613 1060
f 1056 1058 579
f 1057 580 1055
f 585 818 825
f 503 1061 805
f 805 808 497
f 804 501 808
f 1062 504 1053
f 499 804 1053
f 1062 1063 508
f 508 1063 1064
f 508 504 1062
f 497 503 805
f 502 497 808
f 1061 1065 880
f 503 1065 1061
f 499 1053 504
f 498 808 501
f 508 1064 507
f 499 501 804
f 502 808 498
f 509 513 1064
f 512 509 1064
f 1064 1066 512
f 1064 513 507
f 613 1068 1060
f 1067 1068 613
f 627 1066 1067
f 1067 1066 1068
f 512 1066 624
f 505 510 624
f 1070 1071 626
f 1101 1070 626
f 505 622 1071
f 624 510 512
f 625 622 505
f 626 1071 622
f 624 625 505
f 1066 627 624
f 1072 1101 626
f 588 820 590
f 706 593 590
f 710 590 820
f 709 820 824
f 594 591 706
f 593 706 591
f 594 706 1073
f 710 706 590
f 612 1058 1075
f 1075 1074 614
f 1076 1079 594
f 1078 1077 1079
f 618 1074 1077
f 594 1073 1076
f 574 1058 612
f 710 820 709
f 1078 1079 1080
f 713 822 715
f 822 713 712
f 712 711 822
f 716 715 822
f 822 823 716
f 711 709 824
f 711 824 822
f 1078 519 1077
f 515 618 1077
f 515 1077 519
f 1082 1081 517
f 519 1078 517
f 520 517 1081
f 520 1081 523
f 517 1078 1082
f 1080 1079 1076
f 515 518 618
f 609 574 612
f 1083 627 1069
f 614 1074 617
f 1074 618 617
f 612 1075 614
f 627 1083 631
f 631 1083 630
f 634 630 1084
f 633 1084 1085
f 1084 633 634
f 633 1085 899
f 899 635 633
f 792 635 899
f 1069 627 1067
f 618 518 621
f 620 621 518
f 616 620 1086
f 1087 1086 620
f 518 1087 620
f 1089 1086 1088
f 635 792 793
f 1089 789 899
f 616 1086 1089
f 794 790 1089
f 789 1089 790
f 899 789 792
f 1089 1088 794
f 1090 794 1088
f 1065 1092 542
f 1065 542 1091
f 1093 542 541
f 543 1094 1095
f 539 1094 543
f 542 1092 539
f 539 1092 1094
f 1065 868 880
f 1065 1091 868
f 866 868 1091
f 542 1093 1091
f 1098 1096 541
f 1096 1093 541
f 1098 541 1097
f 1095 1100 547
f 543 1095 547
f 547 1100 1101
f 547 1101 1072
f 552 1072 1102
f 680 1102 1103
f 547 1072 552
f 552 1102 548
f 551 1102 549
f 1102 551 548
f 544 549 1102
f 544 1102 680
f 1104 684 1105
f 684 1104 544
f 544 680 684
f 683 680 1103
f 1106 1105 684
f 1098 811 1099
f 1098 1107 811
f 1108 811 1107
f 811 1108 814
f 655 1108 1109
f 651 1109 1110
f 1108 863 814
f 863 1113 861
f 863 1108 655
f 1109 651 655
f 655 1111 863
f 1111 1113 863
f 1112 861 1113
f 1114 656 652
f 651 1110 654
f 654 1110 652
f 1110 1114 652
f 1105 659 656
f 656 1114 1105
f 1116 663 659
f 1115 659 1106
f 1106 659 1105
f 929 864 861
f 929 861 1118
f 1121 864 929
f 861 1112 1118
f 558 1119 1120
f 558 1121 1119
f 1121 1122 864
f 682 1123 685
f 1123 682 683
f 1123 1124 685
f 691 1125 1126
f 685 1124 690
f 690 1125 691
f 690 1124 1125
f 1127 663 1117
f 1117 663 1116
f 559 1127 1128
f 1127 662 663
f 1103 1123 683
f 1130 1125 793
f 688 533 686
f 1130 1126 1125
f 1131 691 1126
f 688 1132 533
f 1131 1132 688
f 1131 688 691
f 532 1134 1133
f 532 1129 1128
f 1129 1135 1128
f 531 1133 686
f 529 532 1133
f 529 1133 531
f 686 533 531
f 1128 1134 532
f 1128 1135 561
f 662 1127 1136
f 557 558 1120
f 561 566 1128
f 554 557 1136
f 559 555 1136
f 554 1136 555
f 559 1136 1127
f 1128 566 559
f 864 1122 1138
f 864 1138 858
f 1121 558 1122
f 1137 858 1138
f 858 1139 1140
f 1139 858 1137
f 1140 856 858
f 1120 1136 557
f 560 564 487
f 565 1142 564
f 1143 564 1142
f 487 483 560
f 487 564 1143
f 560 483 488
f 1142 565 1141
f 561 1135 565
f 1145 856 1146
f 1146 856 1140
f 1146 1147 1149
f 488 1148 560
f 1148 488 1147
f 855 856 1145
f 1147 488 1149
f 1144 1146 1149
f 565 1135 1141
f 659 1115 1116
f 1125 635 793
f 724 719 717
f 725 1150 719
f 823 826 716
f 724 725 719
f 724 716 826
f 1150 725 720
f 716 724 717
f 523 1152 524
f 523 1153 1152
f 722 1150 720
f 722 1151 1152
f 524 1152 1151
f 1154 524 1151
f 1150 722 1152
f 1081 1153 523
f 829 730 826
f 724 826 726
f 730 726 826
f 829 731 730
f 735 731 829
f 734 735 829
f 734 671 728
f 527 1156 1155
f 527 1154 1156
f 1158 670 1157
f 1159 670 1158
f 702 1157 1160
f 668 1159 728
f 698 1155 1157
f 524 1154 526
f 1163 696 1161
f 527 693 1163
f 1163 692 696
f 1154 527 526
f 802 1090 797
f 797 1090 1161
f 1161 799 797
f 800 799 1164
f 799 1161 1162
f 795 800 636
f 1161 696 1162
f 693 692 1163
f 1155 698 697
f 697 694 527
f 702 698 1157
f 697 527 1155
f 693 527 694
f 636 800 1165
f 641 795 636
f 638 636 1165
f 800 1164 1165
f 1165 1167 639
f 638 1165 639
f 639 1167 643
f 1164 799 1162
f 702 1160 705
f 802 794 1090
f 669 1159 666
f 666 1159 668
f 670 1159 664
f 664 1159 669
f 831 671 734
f 671 831 675
f 832 678 675
f 833 675 831
f 671 668 728
f 831 734 829
f 1166 705 1160
f 1169 699 704
f 704 705 1166
f 1168 1169 704
f 1166 1168 704
f 1170 739 1169
f 1160 1157 670
f 832 675 833
f 679 676 839
f 834 672 679
f 678 832 676
f 839 834 679
f 834 835 672
f 1171 672 835
f 1171 835 745
f 839 676 832
f 741 1172 1173
f 741 1174 1172
f 1173 745 741
f 1171 745 1173
f 745 835 747
f 838 747 835
f 1174 739 1170
f 1175 699 740
f 1175 740 1176
f 736 699 1169
f 736 1169 737
f 646 1176 1177
f 740 1177 1176
f 736 740 699
f 1169 739 737
f 643 1176 645
f 1176 646 645
f 1179 648 646
f 648 1179 649
f 751 649 1180
f 1179 1180 649
f 1179 646 1178
f 1177 1178 646
f 1176 643 1167
f 1183 1181 759
f 743 747 838
f 837 1181 743
f 743 838 837
f 1181 837 828
f 754 1182 1183
f 754 751 1182
f 751 1180 1182
f 828 759 1181
f 1183 756 758
f 1183 755 754
f 755 1183 758
f 1183 759 756
f 752 649 751
f 1185 1184 533
f 535 533 1184
f 533 1132 1185
f 599 1184 1186
f 1184 599 535
f 1186 1187 1188
f 535 599 600
f 535 600 537
f 1190 1192 537
f 1190 537 1189
f 1195 1192 764
f 1189 537 600
f 1193 1192 1190
f 602 1186 1196
f 1196 1186 1188
f 598 1186 602
f 1186 598 596
f 602 1197 604
f 1197 1198 604
f 1197 602 1196
f 599 1186 596
f 1192 1199 764
f 1194 1191 1192
f 1193 1194 1192
f 1199 1201 768
f 768 1201 1200
f 1199 1192 1191
f 1187 641 1188
f 1187 795 641
f 1203 489 486
f 489 1203 1202
f 1202 1204 489
f 1203 486 487
f 491 489 1204
f 491 1205 493
f 493 767 496
f 491 1204 1205
f 855 1206 1207
f 855 1145 1206
f 1145 1146 1144
f 1208 865 855
f 1208 855 1207
f 1208 1214 865
f 493 1205 1195
f 1143 1203 487
f 767 495 496
f 767 1209 495
f 495 1209 1210
f 1212 495 1210
f 764 1199 766
f 493 764 767
f 764 493 1195
f 1212 1210 1211
f 1212 1211 1214
f 850 1214 1213
f 1214 849 865
f 849 1214 850
f 1214 1211 1213
f 1199 768 766
f 1217 1215 753
f 748 649 752
f 649 748 753
f 1218 1217 1216
f 1216 1217 753
f 1218 1219 1217
f 649 753 1215
f 1217 1219 782
f 607 1198 1220
f 607 1217 605
f 779 601 605
f 782 779 1217
f 780 601 779
f 1217 779 605
f 1220 1217 607
f 601 780 776
f 828 761 759
f 761 828 843
f 761 843 1222
f 1222 843 852
f 785 1221 1223
f 785 782 1221
f 1224 786 785
f 1224 785 1223
f 1225 1222 842
f 1225 786 1226
f 1226 786 1224
f 852 842 1222
f 1221 782 1219
f 781 1229 1227
f 1200 772 768
f 1200 1229 772
f 1228 772 1229
f 1227 1230 781
f 1228 1229 781
f 772 1228 1231
f 1231 1232 772
f 772 1232 773
f 781 1230 776
f 601 776 1230
f 1213 1233 850
f 1234 769 775
f 847 1233 1235
f 775 773 1236
f 1234 775 1236
f 788 842 1238
f 788 786 1225
f 1238 842 853
f 1237 1238 845
f 1225 842 788
f 845 1238 853
f 847 850 1233
f 847 1235 851
f 769 851 1235
f 769 1234 851
f 1237 845 851
f 1237 851 1239
f 851 1234 1239
f 1236 773 1232
f 870 805 1061
f 868 869 880
f 1093 910 908
f 1091 908 867
f 1091 1093 908
f 867 866 1091
f 1099 811 812
f 911 1093 1096
f 911 1098 1099
f 1098 911 1096
f 1099 812 911
f 910 1093 911
f 1052 872 1051
f 873 1052 803
f 873 872 1052
f 1186 1002 796
f 1186 1004 1003
f 1184 1001 1004
f 1186 1003 1002
f 796 795 1187
f 1186 796 1187
f 1184 1004 1186
f 1132 946 1184
f 1132 945 946
f 1126 944 938
f 1131 938 945
f 1132 1131 945
f 938 1131 1126
f 1130 944 1126
f 793 944 1130
f 1185 1132 1184
f 1238 1046 783
f 1238 1044 1047
f 1238 1047 1046
f 1237 1045 1044
f 1237 1049 1045
f 1237 1044 1238
f 1239 1049 1237
f 1239 1234 1048
f 1239 1048 1049
f 1234 1040 1048
f 1234 1042 1040
f 781 777 1036
f 1228 1036 1042
f 1042 1234 1236
f 1042 1231 1228
f 1036 1228 781
f 1231 1042 1232
f 1232 1042 1236
f 769 1043 770
f 1235 1041 1043
f 1233 1039 1037
f 1233 1037 1038
f 1235 1038 1041
f 1235 1043 769
f 1038 1235 1233
f 1213 1039 1233
f 1213 1023 1039
f 1213 1020 1022
f 1213 1019 1020
f 1210 763 1018
f 1211 1018 1019
f 1019 1213 1211
f 1018 1211 1210
f 763 1210 1209
f 763 1209 767
f 1023 1213 1022
f 1222 1030 762
f 1222 1029 1031
f 1222 1031 1030
f 1225 1033 1034
f 1222 1034 1029
f 1222 762 761
f 1222 1225 1034
f 1226 1033 1225
f 1226 1224 1033
f 1223 1028 1032
f 1221 749 1028
f 1028 1223 1221
f 1223 1032 1224
f 749 1221 1219
f 749 1218 1216
f 749 1216 753
f 1218 749 1219
f 1181 998 999
f 1183 996 995
f 1183 1000 997
f 1183 997 996
f 1183 995 998
f 999 743 1181
f 1000 1183 1182
f 1183 998 1181
f 1180 994 1182
f 1180 1179 994
f 1178 1177 993
f 993 1179 1178
f 740 992 1177
f 1159 966 729
f 1159 970 967
f 1159 967 966
f 1158 968 969
f 1159 969 970
f 729 728 1159
f 969 1159 1158
f 968 1157 1155
f 1157 968 1158
f 1155 965 968
f 1154 964 1155
f 1151 722 963
f 1154 963 964
f 1156 1154 1155
f 963 1154 1151
f 1152 961 962
f 1152 962 960
f 1081 895 1153
f 1152 960 1150
f 961 1152 1153
f 895 1081 1082
f 1078 894 895
f 1078 893 894
f 1073 888 892
f 1078 892 893
f 1080 1076 892
f 892 1078 1080
f 1073 892 1076
f 706 888 1073
f 706 707 888
f 1082 1078 895
f 1175 990 700
f 1176 991 990
f 1167 984 983
f 1176 983 991
f 1175 700 699
f 1175 1176 990
f 1176 1167 983
f 1165 984 1167
f 1165 982 984
f 1165 979 981
f 1165 978 979
f 1162 976 977
f 1162 977 978
f 978 1165 1164
f 978 1164 1162
f 976 1162 696
f 981 982 1165
f 1133 948 947
f 1133 947 949
f 1128 942 948
f 1128 940 942
f 949 686 1133
f 948 1134 1128
f 940 1128 1127
f 1134 948 1133
f 1127 939 940
f 1115 921 928
f 1116 928 939
f 1116 939 1117
f 1127 1117 939
f 1116 1115 928
f 1106 921 1115
f 684 921 1106
f 672 989 673
f 1172 988 989
f 1171 989 672
f 1171 1173 989
f 1172 1174 988
f 989 1173 1172
f 1170 988 1174
f 1169 988 1170
f 1169 987 988
f 1169 985 986
f 1169 980 985
f 670 665 971
f 1160 971 980
f 980 1169 1168
f 971 1160 670
f 1160 980 1166
f 1166 980 1168
f 987 1169 986
f 1136 951 657
f 1136 931 952
f 1136 952 951
f 1120 932 931
f 1120 931 1136
f 1120 1119 932
f 1121 932 1119
f 1121 930 932
f 1118 925 929
f 655 650 924
f 1111 924 925
f 925 1112 1113
f 925 1113 1111
f 924 1111 655
f 1112 925 1118
f 929 930 1121
f 649 1026 642
f 649 1024 1026
f 1217 1027 1025
f 1217 1025 1024
f 1217 1024 1215
f 649 1215 1024
f 1220 1027 1217
f 1198 1008 1009
f 641 637 1188
f 1197 1007 1008
f 1008 1198 1197
f 1198 1009 1220
f 1007 1197 1196
f 1007 1196 1188
f 1027 1220 1009
f 1125 943 628
f 1125 937 943
f 1123 935 934
f 1123 934 936
f 1125 936 937
f 1125 628 635
f 1124 1123 936
f 936 1125 1124
f 1123 1103 920
f 1123 920 935
f 1103 917 920
f 1102 915 918
f 1102 918 917
f 1102 914 916
f 1102 916 915
f 1102 917 1103
f 914 1072 626
f 1072 914 1102
f 1089 903 901
f 1089 904 903
f 1089 901 616
f 904 1089 899
f 899 1085 1084
f 1084 898 899
f 1083 896 897
f 630 897 898
f 1067 885 896
f 630 898 1084
f 630 1083 897
f 1069 1067 896
f 896 1083 1069
f 613 885 1067
f 613 610 885
f 1230 1035 601
f 1200 1010 1035
f 1200 1201 1010
f 1229 1035 1227
f 1230 1227 1035
f 1229 1200 1035
f 1199 1012 1011
f 1199 1005 1012
f 600 595 1189
f 1005 1199 1191
f 1005 1194 1193
f 1005 1190 1189
f 1190 1005 1193
f 1194 1005 1191
f 1011 1201 1199
f 1077 889 587
f 1074 890 889
f 1074 891 890
f 1079 1077 587
f 889 1077 1074
f 1075 891 1074
f 1055 875 876
f 586 582 871
f 1055 871 875
f 876 1056 1057
f 1056 876 1058
f 871 1054 1050
f 871 1050 586
f 1054 871 1055
f 1055 876 1057
f 876 1075 1058
f 574 877 575
f 1066 886 877
f 1066 883 886
f 1059 877 574
f 1068 877 1060
f 1059 1060 877
f 1068 1066 877
f 1064 883 1066
f 1064 884 883
f 1064 879 881
f 1063 878 879
f 1053 874 878
f 1053 567 874
f 879 1064 1063
f 878 1062 1053
f 567 1053 571
f 1062 878 1063
f 881 884 1064
f 1148 959 560
f 1140 955 957
f 1146 957 959
f 1147 959 1148
f 957 1146 1140
f 1146 959 1147
f 1137 954 1140
f 1122 933 953
f 1138 953 954
f 1137 1140 1139
f 1137 1138 954
f 1138 1122 953
f 558 933 1122
f 558 553 933
f 1104 919 545
f 1110 927 919
f 1110 923 926
f 1110 926 927
f 1104 545 544
f 1114 919 1105
f 1104 1105 919
f 1114 1110 919
f 1110 1109 923
f 1107 922 1108
f 1098 912 922
f 1108 923 1109
f 922 1107 1098
f 912 1098 1097
f 1192 1006 538
f 1195 1014 1006
f 1195 1006 1192
f 1014 1195 1205
f 1204 1014 1205
f 1202 1014 1204
f 1014 1202 1203
f 1014 1203 1013
f 1142 950 956
f 1129 941 950
f 956 1143 1142
f 1143 956 1203
f 950 1142 1141
f 950 1135 1129
f 941 1129 532
f 1135 950 1141
f 956 1013 1203
f 527 974 521
f 1163 972 974
f 1161 975 973
f 1163 973 972
f 1163 974 527
f 973 1163 1161
f 1090 975 1161
f 1090 905 975
f 1090 902 905
f 1086 900 902
f 1086 516 900
f 902 1088 1086
f 1088 902 1090
f 516 1086 1087
f 516 1087 518
f 1070 887 505
f 1101 913 887
f 1101 887 1070
f 1071 1070 505
f 1101 1100 913
f 1095 913 1100
f 1095 1094 909
f 1092 907 906
f 1065 882 907
f 1092 906 1094
f 882 1065 503
f 1065 907 1092
f 909 1094 906
f 1208 1017 1021
f 1214 1021 490
f 1214 490 1212
f 1208 1021 1214
f 1208 1016 1017
f 1145 1015 1206
f 1149 958 1015
f 1206 1016 1207
f 1144 1149 1015
f 1015 1145 1144
f 488 958 1149
f 488 484 958
f 1208 1207 1016
f 1245 1242 1241
f 1250 1248 1247
f 1251 1246 1244
f 1241 1240 1252
f 1251 1244 1243
f 1250 1249 1248
f 1253 1254 1249
f 1258 1256 1255
f 1265 1263 1260
f 1266 1259 1257
f 1255 1254 1253
f 1257 1256 1258
f 1260 1259 1266
f 1263 1261 1264
f 1263 1264 1262
f 1261 1263 1265
f 1268 1269 1267
f 1272 1274 1273
f 1269 1272 1277
f 1341 1268 1267
f 1267 1269 1270
f 1269 1271 1270
f 1273 1277 1272
f 1271 1269 1277
f 1275 1274 1276
f 1274 1275 1273
f 1274 1278 1276
f 1281 1285 1283
f 1290 1291 1292
f 1287 1290 1289
f 1285 1287 1293
f 1284 1282 1281
f 1276 1281 1282
f 1286 1283 1285
f 1284 1281 1283
f 1293 1286 1285
f 1289 1288 1287
f 1293 1287 1288
f 1280 1292 1291
f 1289 1290 1292
f 1291 1279 1280
f 1276 1278 1281
f 1279 1297 1295
f 1300 1302 1301
f 1297 1300 1299
f 1280 1279 1294
f 1296 1279 1295
f 1279 1296 1294
f 1295 1297 1298
f 1298 1297 1299
f 1300 1301 1299
f 1303 1302 1304
f 1302 1303 1301
f 1319 1304 1302
f 1302 1305 1319
f 1306 1310 1308
f 1313 1316 1317
f 1310 1313 1318
f 1309 1307 1306
f 1319 1306 1307
f 1312 1311 1310
f 1308 1310 1311
f 1309 1306 1308
f 1318 1312 1310
f 1315 1314 1313
f 1318 1313 1314
f 1317 1315 1313
f 1319 1305 1306
f 1321 1269 1320
f 1272 1321 1322
f 1322 1344 1272
f 1269 1321 1272
f 1324 1269 1268
f 1269 1324 1325
f 1325 1320 1269
f 1324 1268 1323
f 1272 1326 1274
f 1327 1278 1274
f 1274 1328 1327
f 1274 1326 1345
f 1272 1344 1326
f 1281 1327 1329
f 1274 1345 1328
f 1281 1278 1327
f 1316 1313 1263
f 1260 1263 1313
f 1313 1259 1260
f 1310 1257 1259
f 1313 1310 1259
f 1256 1257 1310
f 1255 1256 1306
f 1256 1310 1306
f 1306 1254 1255
f 1305 1254 1306
f 1329 1330 1281
f 1330 1331 1281
f 1331 1332 1281
f 1332 1285 1281
f 1333 1285 1350
f 1332 1350 1285
f 1285 1333 1334
f 1334 1287 1285
f 1287 1335 1336
f 1334 1335 1287
f 1336 1337 1287
f 1290 1287 1337
f 1338 1290 1337
f 1279 1291 1240
f 1291 1338 1240
f 1290 1338 1291
f 1247 1248 1302
f 1247 1302 1300
f 1246 1247 1300
f 1302 1249 1254
f 1254 1305 1302
f 1249 1302 1248
f 1279 1240 1241
f 1241 1242 1297
f 1279 1241 1297
f 1297 1244 1300
f 1244 1246 1300
f 1242 1244 1297
f 1271 1339 1270
f 1271 1340 1339
f 1277 1344 1340
f 1277 1340 1271
f 1339 1267 1270
f 1342 1341 1267
f 1339 1342 1267
f 1345 1273 1275
f 1276 1346 1275
f 1276 1347 1346
f 1345 1343 1273
f 1343 1344 1273
f 1348 1347 1276
f 1345 1275 1346
f 1273 1344 1277
f 1317 1262 1264
f 1264 1261 1317
f 1317 1261 1265
f 1265 1315 1317
f 1265 1260 1315
f 1318 1314 1260
f 1260 1266 1318
f 1260 1314 1315
f 1257 1312 1266
f 1266 1312 1318
f 1308 1257 1258
f 1309 1258 1255
f 1311 1257 1308
f 1311 1312 1257
f 1255 1253 1319
f 1307 1309 1255
f 1307 1255 1319
f 1309 1308 1258
f 1348 1282 1284
f 1283 1348 1284
f 1348 1283 1349
f 1283 1350 1349
f 1286 1293 1351
f 1286 1351 1350
f 1350 1283 1286
f 1293 1352 1351
f 1288 1352 1293
f 1289 1353 1352
f 1289 1352 1288
f 1353 1292 1252
f 1280 1252 1292
f 1289 1292 1353
f 1250 1303 1249
f 1250 1247 1301
f 1247 1299 1301
f 1299 1247 1246
f 1246 1251 1299
f 1304 1319 1253
f 1303 1250 1301
f 1303 1304 1249
f 1249 1304 1253
f 1241 1295 1245
f 1294 1296 1241
f 1295 1241 1296
f 1252 1294 1241
f 1252 1280 1294
f 1243 1244 1299
f 1299 1251 1243
f 1245 1298 1242
f 1298 1245 1295
f 1298 1299 1244
f 1298 1244 1242
f 1348 1276 1282
f 1341 1324 1323
f 1339 1320 1325
f 1339 1321 1320
f 1339 1325 1324
f 1346 1327 1328
f 1346 1328 1345
f 1340 1322 1321
f 1342 1324 1341
f 1340 1321 1339
f 1342 1339 1324
f 1344 1322 1340
f 1344 1343 1326
f 1345 1326 1343
f 1327 1346 1347
f 1348 1330 1329
f 1348 1332 1331
f 1348 1331 1330
f 1352 1335 1334
f 1352 1336 1335
f 1252 1338 1337
f 1353 1337 1336
f 1351 1334 1333
f 1348 1327 1347
f 1332 1348 1349
f 1350 1332 1349
f 1352 1334 1351
f 1336 1352 1353
f 1337 1353 1252
f 1351 1333 1350
f 1252 1240 1338
f 1329 1327 1348
f 1317 1316 1263
f 1263 1262 1317
f 1341 1323 1268
f 1355 1354 8139
f 1357 1358 1355
f 8139 1354 1356
f 1357 1360 1359
f 1357 1355 1360
f 1362 1359 1361
f 1363 1364 1362
f 1357 1359 8632
f 1366 1370 1369
f 1368 1367 1366
f 1366 1369 1365
f 1373 1370 1367
f 1367 1374 1373
f 1370 1373 1369
f 1370 1366 1367
f 1377 1368 1378
f 1374 1367 1368
f 1376 1379 2244
f 1380 1377 1378
f 1376 1378 1379
f 2244 1422 1376
f 1368 1377 1374
f 1374 1375 1373
f 1376 1380 1378
f 1380 1374 1377
f 1371 1380 1376
f 1372 1371 1376
f 1384 1388 1418
f 1391 1385 1384
f 1384 1390 1391
f 1388 1386 1418
f 1387 1397 1381
f 1395 1389 1388
f 1385 1395 1388
f 1388 1384 1385
f 1387 1381 1382
f 1391 1395 1385
f 1392 1390 4401
f 1391 1390 1393
f 1393 1390 1392
f 1381 1392 1394
f 1395 1391 1396
f 1381 1393 1392
f 1393 1381 1396
f 1381 1397 1396
f 1398 1394 1392
f 1396 1391 1393
f 1398 1381 1394
f 1400 1399 1401
f 1403 1400 1406
f 1400 1401 1406
f 1399 1402 1401
f 3842 1405 1408
f 1405 1407 1408
f 1405 1406 1407
f 1405 3842 1404
f 1406 1405 4579
f 1381 1398 1382
f 1410 1382 1398
f 1398 2254 1409
f 2254 1416 1409
f 1398 1409 1410
f 1412 1387 1382
f 1382 1410 1412
f 1409 1412 1410
f 1409 1411 1415
f 1412 1413 1387
f 1409 1416 1411
f 1417 1384 1418
f 1384 1417 1383
f 1411 1416 1419
f 1415 1411 1414
f 1411 1419 1414
f 1418 1420 1416
f 1415 1414 1412
f 1386 1420 1418
f 1419 1416 1420
f 1416 1417 1418
f 1415 1412 1409
f 1372 1376 1422
f 1423 1422 1421
f 1426 1422 1423
f 1421 1424 1423
f 1372 1425 1371
f 1426 1372 1422
f 1372 1426 1425
f 1426 1424 1427
f 1426 1423 1424
f 1431 1424 1428
f 1428 1424 1429
f 1430 1428 1369
f 1428 1429 1369
f 1369 1429 1365
f 1424 1431 1427
f 1430 1369 1432
f 1432 1431 1430
f 1373 1432 1369
f 1431 1428 1430
f 8139 1356 1433
f 1438 1437 1363
f 1436 1435 1437
f 1436 1434 1435
f 1439 1441 1440
f 1439 8619 1441
f 1442 1444 1443
f 1445 1441 1446
f 1445 1440 1441
f 1447 1448 8619
f 1439 1440 1449
f 1450 1439 1449
f 1447 1439 1451
f 1439 1450 1451
f 8619 1439 1447
f 1445 1449 1440
f 1452 1442 1443
f 1443 1453 1452
f 1442 1452 1454
f 1453 1443 1455
f 1444 1442 1456
f 1456 1442 1457
f 1454 1457 1442
f 1459 1460 1458
f 1459 1458 1461
f 1460 1459 1462
f 1461 1464 1459
f 1464 1465 1463
f 1461 1465 1464
f 1467 1468 1466
f 1467 1466 1469
f 1468 1467 1470
f 1469 1474 1467
f 1471 1472 8605
f 1475 1474 1473
f 1471 8605 1476
f 1474 1475 1476
f 1474 1476 8605
f 1469 1473 1474
f 1478 1479 1477
f 1478 1477 1480
f 1479 1478 1481
f 1480 1485 1478
f 1482 1483 8603
f 1486 1485 1484
f 1482 8603 1487
f 1485 1486 1487
f 1485 1487 8603
f 1480 1484 1485
f 1488 1489 1492
f 1492 1493 1488
f 1490 1491 8599
f 1494 1493 1492
f 1490 8599 1495
f 1493 1494 1495
f 1493 1495 8599
f 1504 1498 1497
f 1507 1508 1505
f 1505 1510 1509
f 1514 1510 1511
f 1513 1514 1511
f 1513 1511 7342
f 1514 1512 1510
f 1506 1505 1508
f 7342 1515 7335
f 7335 7336 7342
f 7333 7335 1515
f 7342 7336 1513
f 1506 1503 1505
f 1507 1505 1509
f 1517 1520 1516
f 1520 1517 1519
f 1517 1516 1518
f 1521 1522 1520
f 1521 1523 1522
f 1521 1510 1523
f 1512 1523 1510
f 1519 1521 1520
f 6477 1524 1525
f 1524 1526 1525
f 1526 1527 1525
f 1530 1531 1528
f 1531 1530 1526
f 1528 1529 1530
f 1530 1527 1526
f 1533 1534 1532
f 1536 1532 1534
f 1537 1535 1536
f 1537 1536 1534
f 1537 6472 1535
f 1540 1538 1539
f 1538 1544 1539
f 1544 1541 1539
f 1543 1544 6454
f 6454 1542 1543
f 1543 1541 1544
f 1550 1546 1547
f 1546 1545 1547
f 1551 1549 1550
f 1551 1550 1547
f 1551 1548 1549
f 1555 8562 1556
f 1554 1553 1557
f 1554 8562 1553
f 1560 1561 1558
f 1563 1565 1562
f 1560 1563 1559
f 1555 1558 1561
f 1566 1569 1567
f 1564 1566 1552
f 1569 1568 1567
f 1570 1571 1572
f 1570 1573 1574
f 1575 1574 1576
f 1577 1575 1578
f 1579 1577 1580
f 1581 1572 1571
f 1578 1575 1576
f 1572 1573 1570
f 1573 1576 1574
f 1578 1580 1577
f 1584 1585 1583
f 1586 8446 1585
f 1586 1585 1584
f 1587 1588 8572
f 1583 1582 1584
f 1591 1592 1557
f 1593 8446 1586
f 1594 8446 1593
f 1589 1592 1590
f 4953 4951 1598
f 1601 1598 1599
f 1601 1602 1598
f 1602 1603 1604
f 1605 1606 1603
f 1609 1606 1605
f 1607 1606 1609
f 1606 1607 1600
f 1600 1623 1606
f 1614 1610 1611
f 1611 4924 1614
f 1612 1615 1614
f 4923 1616 1615
f 1615 1613 4923
f 1615 1612 1613
f 1617 1615 1616
f 5015 1620 1619
f 1619 1620 4920
f 1595 1621 1622
f 1617 1616 1618
f 1623 1600 1624
f 1625 1623 1624
f 8213 1628 1627
f 1629 1628 8213
f 1625 1627 1626
f 1630 1631 1632
f 1637 1638 1639
f 1636 1637 1639
f 1632 1631 1634
f 1640 1639 1638
f 1634 1633 1635
f 1640 1641 1644
f 1641 1642 1644
f 1642 1643 1644
f 1645 1643 1879
f 1645 1646 1647
f 1649 1650 1651
f 1652 1653 7996
f 1651 1650 1654
f 1649 1652 1655
f 1656 1652 7996
f 1652 1656 1657
f 1649 1655 1650
f 1657 1655 1652
f 1656 7996 8349
f 1650 1658 1654
f 1659 1660 5129
f 1659 5129 1661
f 5129 1662 1663
f 1664 1665 1666
f 5129 1665 1661
f 1666 1665 5129
f 1667 1664 1668
f 1668 1664 1666
f 5129 1663 1666
f 1667 1669 1670
f 1664 1667 1671
f 1671 1667 1672
f 1670 1672 1667
f 1673 1800 1675
f 8147 1680 1676
f 1680 1794 1676
f 1677 1676 1678
f 1682 1679 1681
f 1784 1685 1683
f 1682 1790 1683
f 1687 1781 1686
f 1684 1682 1683
f 1674 1673 1688
f 1673 1689 1688
f 1675 1689 1673
f 1689 1675 1800
f 1676 1690 1691
f 1676 1692 1690
f 1682 1694 1693
f 1679 1693 1692
f 1676 1691 8147
f 1677 1692 1676
f 1678 1679 1692
f 1692 1677 1678
f 1682 1693 1679
f 1683 1695 1694
f 1685 1696 1695
f 1674 1688 1696
f 1684 1694 1682
f 1695 1683 1685
f 1683 1694 1684
f 1696 1685 1686
f 1696 1781 1674
f 1781 1696 1686
f 1700 1697 1699
f 1698 1699 7830
f 1699 1698 1700
f 1701 7814 1743
f 1702 1743 7814
f 1703 1704 1705
f 1706 1699 1705
f 1705 7825 1706
f 7825 1705 1704
f 1702 1707 1743
f 1708 7825 1704
f 1706 7830 1699
f 7718 1709 1812
f 1893 1812 1709
f 1710 1711 1829
f 1713 1709 7718
f 1714 1713 1712
f 7718 1712 1713
f 1829 1715 1716
f 1713 1714 8113
f 1717 1715 1714
f 1712 1717 1714
f 1717 1716 1715
f 1718 1719 1720
f 1725 1726 5215
f 1727 1725 5215
f 1898 1726 1806
f 1893 1728 1810
f 1728 1898 1806
f 1726 1808 1806
f 1808 1726 1725
f 1728 1806 1810
f 1893 1810 1812
f 1736 1733 1737
f 1730 1731 1732
f 1731 1733 1738
f 1735 1733 1731
f 1734 1733 1735
f 1734 1737 1733
f 1738 1732 1731
f 1739 1821 1737
f 1736 1737 1821
f 8145 1743 8004
f 1745 8002 1744
f 1744 1743 1745
f 1748 1750 1749
f 1749 1747 1748
f 1750 1746 1749
f 1750 1699 1697
f 1748 1703 1705
f 1750 1748 1699
f 1705 1699 1748
f 1701 1743 8145
f 1704 8002 1745
f 1707 1704 1745
f 1745 1743 1707
f 1751 1753 1752
f 1754 1752 1753
f 1755 1754 1753
f 1756 1755 1757
f 1758 1755 1756
f 1753 1757 1755
f 1756 1759 1758
f 1762 6728 1767
f 1760 1762 1767
f 1763 1760 1761
f 1767 1761 1760
f 6728 1764 1767
f 1765 1766 4173
f 8108 4173 1766
f 1767 1765 4173
f 1767 1764 1765
f 1769 1768 1770
f 1770 1771 1769
f 1772 1776 1769
f 1775 1776 1772
f 1780 1778 1779
f 1781 1687 1782
f 1687 1685 1784
f 1686 1685 1687
f 1785 1683 1790
f 1781 1782 1783
f 1687 1786 1782
f 7953 1687 1784
f 1784 1785 7956
f 1785 1784 1683
f 7956 1785 1787
f 1788 1787 1785
f 1785 1790 1788
f 1784 7956 7953
f 1681 1679 1791
f 1682 1681 1790
f 1791 1790 1681
f 1679 1678 1791
f 1790 1789 1788
f 1791 1678 1793
f 1789 6764 1788
f 1676 1794 7056
f 1794 1680 1795
f 7056 1794 1795
f 2260 1795 1680
f 1680 1792 2260
f 1676 7056 1678
f 1797 1798 1800
f 1781 1783 1796
f 1796 1800 1673
f 1797 1800 1801
f 1673 1674 1781
f 1800 1796 1801
f 1673 1781 1796
f 1901 1802 1724
f 1802 1725 1724
f 1722 1803 1721
f 1724 1803 1901
f 1804 1723 1719
f 1722 1723 1804
f 1721 1803 1724
f 1802 1805 1725
f 1807 1806 1808
f 1809 1808 1725
f 1810 1811 1812
f 1725 1805 1809
f 1817 1718 1816
f 1739 1820 1822
f 1710 1818 1741
f 1819 1820 1742
f 1818 1819 1741
f 1820 1739 1740
f 1740 1742 1820
f 1739 1822 1821
f 1821 1823 1736
f 1733 1824 1825
f 1826 1517 1730
f 7713 1730 1517
f 1732 1825 1826
f 1736 1823 1733
f 1732 1738 1825
f 1730 1732 1826
f 1733 1825 1738
f 1733 1823 1824
f 1717 1827 1828
f 1717 1828 1716
f 1829 1716 1828
f 1829 1818 1710
f 1833 1831 1830
f 1836 1834 1835
f 1835 1837 1836
f 7385 1837 1838
f 7385 1839 1837
f 1835 1838 1837
f 1843 1842 1840
f 1830 1842 1843
f 1841 1843 1840
f 7330 1846 1844
f 7408 7330 1844
f 1848 7702 1847
f 1853 1852 1851
f 1853 7662 1854
f 1856 7661 1857
f 1860 1859 1861
f 1864 1633 1861
f 1858 1859 1860
f 1862 1861 1633
f 1861 1862 1860
f 1864 1865 1863
f 1863 1633 1864
f 1865 1864 1866
f 1866 1864 1867
f 1868 1869 1867
f 1864 1868 1867
f 1870 1873 1874
f 1876 1877 1878
f 1880 1873 1876
f 1871 1869 1870
f 1872 1874 1873
f 1871 1870 1874
f 1879 1875 1873
f 1878 1880 1876
f 1881 1878 1877
f 1879 1873 1880
f 1872 1873 1875
f 1870 1869 1868
f 1886 1885 1887
f 1884 1887 7658
f 5941 2776 1888
f 2776 1889 1888
f 1890 1891 1892
f 1896 1897 1898
f 1894 1899 1895
f 1898 1894 1896
f 1898 1897 1900
f 1897 1805 1906
f 1901 1902 1906
f 1902 1904 1903
f 1906 1902 1903
f 1906 1805 1901
f 7719 1907 5213
f 1895 1893 1908
f 1909 7719 1910
f 1909 1910 1908
f 1910 1895 1908
f 1913 1911 1912
f 1911 7273 1912
f 1915 1913 1912
f 1912 1917 1915
f 1914 1916 1918
f 1916 1914 1917
f 1918 5962 1914
f 7539 1924 1925
f 1920 1926 1921
f 1920 1919 7396
f 1924 7539 1922
f 1922 1923 1924
f 1926 1924 1923
f 1927 7385 7540
f 1931 7540 1929
f 7534 1928 1932
f 1929 1928 7534
f 1934 1935 1936
f 1933 1930 1937
f 1935 1949 1940
f 1944 1946 1947
f 1939 1943 1938
f 7381 1942 1939
f 7388 1948 1941
f 1940 1936 1935
f 1951 1954 1952
f 1953 1935 1934
f 1956 1952 1955
f 1953 1955 1935
f 7396 1919 1935
f 1948 7391 1950
f 1961 1959 1960
f 1959 1967 1945
f 1960 1954 1951
f 1919 1949 1935
f 1955 1953 1963
f 1956 1955 1962
f 1955 1963 1962
f 1952 1956 1964
f 1951 1952 1957
f 1952 1964 1957
f 1965 1966 1960
f 1960 1951 1965
f 1960 1966 1961
f 1959 1961 1969
f 1967 1959 1968
f 1959 1969 1968
f 1945 1967 1970
f 1945 1970 1971
f 1944 1945 1958
f 1971 1972 1945
f 1945 1972 1958
f 1947 1945 1944
f 1982 1981 1980
f 1980 1979 1978
f 1982 7519 1983
f 1989 1990 1988
f 1993 1995 1994
f 1996 1992 1995
f 1993 1998 1997
f 2001 2000 7432
f 2003 2005 2004
f 7448 7536 2006
f 2006 2004 2005
f 7448 7436 7526
f 2008 2007 7467
f 2009 2008 2010
f 2015 2014 2013
f 2015 2016 2017
f 2027 2026 2025
f 2025 7531 2024
f 2027 2028 2029
f 2032 2031 7465
f 2035 2033 2034
f 2040 7597 2039
f 2039 2038 2037
f 2040 7555 2041
f 2046 2045 2044
f 2048 2047 2049
f 2051 2053 2052
f 2055 7642 2054
f 2054 2052 2053
f 2062 2061 2063
f 2065 2067 2066
f 2069 7614 2068
f 2068 2066 2067
f 2069 2070 2071
f 2073 7510 2072
f 2079 2078 2077
f 2081 2082 2083
f 2094 7428 7543
f 2093 7429 2094
f 2101 7442 2102
f 2107 2106 2108
f 2112 7451 2113
f 2115 7456 2109
f 2114 2115 2116
f 7530 2117 2118
f 2120 7462 2121
f 2123 7464 7556
f 2122 2123 2124
f 2132 2131 2133
f 2137 7483 2138
f 2145 7486 2146
f 2150 2148 7496
f 2152 7497 2153
f 2155 7501 2149
f 2157 2156 2158
f 2167 7511 2160
f 2165 2166 2167
f 2174 2175 2173
f 2175 2176 2177
f 2182 2181 2183
f 7412 2186 2187
f 2199 2188 2189
f 2190 2188 2199
f 2192 2194 2193
f 2194 2192 2195
f 2196 2190 2199
f 2199 2189 2200
f 2199 2200 2194
f 2194 2200 2198
f 2196 2197 2190
f 2201 2199 2194
f 2193 2194 2198
f 2196 2199 2201
f 2190 2197 2191
f 2201 2194 2195
f 2191 2197 2196
f 2204 2207 2203
f 2208 2207 2209
f 2204 2209 2207
f 2211 2202 2205
f 2210 2204 2203
f 2210 2203 2212
f 2212 2211 2210
f 2204 2210 2209
f 2209 2210 2213
f 2213 2210 2206
f 2206 2211 2205
f 2211 2206 2210
f 2218 2215 2214
f 2219 2214 2217
f 2218 2214 2219
f 2217 4457 2219
f 2216 6942 2220
f 2221 6942 2216
f 2216 2218 2221
f 2222 2221 2218
f 2218 2224 2223
f 2216 2215 2218
f 2218 2219 2224
f 2224 4457 2225
f 2224 2219 4457
f 2227 2225 2226
f 2227 2228 2225
f 2223 2222 2218
f 2228 2230 2223
f 2229 2230 2228
f 2223 2224 2228
f 2224 2225 2228
f 2231 2233 2235
f 2235 2234 2231
f 2231 2234 2281
f 2236 2232 2237
f 2234 2237 2232
f 2238 2237 2234
f 2234 2235 2239
f 2232 2281 2234
f 2240 2235 2233
f 2240 2233 7183
f 7183 2233 2241
f 2235 2240 2239
f 2239 2238 2234
f 2243 2240 7183
f 2242 2239 2243
f 2239 2240 2243
f 1421 2244 2245
f 2245 2246 1421
f 2247 1421 2246
f 1421 1422 2244
f 2247 2248 1421
f 1424 2250 1429
f 1424 1421 2250
f 1429 2250 1365
f 2250 1421 2248
f 2251 2252 1398
f 2252 2253 1398
f 2254 1398 2253
f 1416 2256 2257
f 2255 1416 2254
f 2255 2256 1416
f 1416 2257 1417
f 2262 2259 2260
f 2263 2264 2258
f 2263 2258 2262
f 2262 2265 2263
f 8023 2261 2262
f 2258 2259 2262
f 2262 2261 2265
f 8023 2262 2260
f 2273 2272 2270
f 2272 2273 2268
f 2270 2271 2267
f 2268 2269 2272
f 2276 4470 2274
f 2275 4464 2276
f 2277 2276 4464
f 2274 2275 2276
f 2278 2280 2279
f 2280 2283 2279
f 2283 2281 2279
f 2231 2283 2282
f 2282 2233 2231
f 2231 2281 2283
f 7198 2285 2284
f 2284 2289 7198
f 2288 2217 2214
f 2214 2287 2288
f 2217 2288 2286
f 2287 2214 2289
f 2293 2290 2292
f 2292 2290 2291
f 7126 2295 2296
f 7126 2296 2293
f 7126 2294 2295
f 2298 2297 6726
f 6984 2302 2303
f 6984 2300 2302
f 2301 2299 6986
f 2304 2305 7095
f 2305 2307 7095
f 2309 7100 2307
f 2308 2307 2306
f 2307 2308 2309
f 2310 7100 2309
f 2305 2306 2307
f 2309 2311 2310
f 2321 2322 2312
f 2322 2313 2312
f 2313 2315 2312
f 2314 2316 2315
f 2316 2314 2319
f 2314 2315 2313
f 2319 6974 2316
f 2319 2317 2318
f 2323 2318 2320
f 2318 2317 2320
f 2322 2324 2323
f 2324 2322 2321
f 2322 2323 2320
f 2321 6690 2324
f 2325 2326 2327
f 2333 2325 2332
f 2325 2327 2334
f 2334 2332 2325
f 2330 2329 2328
f 2329 2330 2331
f 2329 2334 2327
f 2331 2330 2336
f 2336 2337 2338
f 2336 2338 2340
f 2331 2336 2340
f 2339 2341 2338
f 2338 2341 2344
f 2335 2331 2340
f 2340 2338 2344
f 2346 2342 2343
f 2342 2346 2345
f 2345 2341 2339
f 2339 2342 2345
f 2333 2332 2347
f 2348 2332 2356
f 2348 2347 2332
f 2349 2333 2347
f 2354 2332 2334
f 2351 2329 2331
f 2352 2331 2353
f 2335 2358 2353
f 2331 2335 2353
f 2355 2331 2352
f 2474 2356 2357
f 2357 2356 2354
f 2332 2354 2356
f 2355 2359 2350
f 2351 2331 2350
f 2360 2329 2351
f 2359 2362 2350
f 2334 2329 2354
f 2331 2355 2350
f 2364 2340 2370
f 2361 2335 2364
f 2364 2335 2340
f 2365 2341 2345
f 2345 2346 2366
f 6656 2366 2346
f 2368 2345 2366
f 2344 2341 2365
f 2362 2359 2363
f 2367 2345 2368
f 2363 2369 2362
f 2370 2362 2369
f 2370 2369 2364
f 2344 2370 2340
f 2368 2372 2367
f 2373 2344 2365
f 2374 2345 2367
f 2371 2367 2372
f 2345 2374 2365
f 2375 2358 2335
f 2376 2375 2335
f 2361 2376 2335
f 2377 2333 2349
f 2379 2380 2393
f 2382 2379 2378
f 2384 2387 2388
f 2389 2383 2384
f 2386 2385 2384
f 2389 2384 2385
f 2388 2386 2384
f 2390 2388 2387
f 2384 2383 2401
f 2382 2378 2391
f 2379 2392 2378
f 2378 2392 2391
f 2393 2392 2379
f 2382 2391 6604
f 6604 2391 2394
f 2391 2395 2396
f 2394 2391 2396
f 2397 2392 2393
f 2396 2395 2398
f 2392 2395 2391
f 2394 2396 2399
f 2393 2380 2400
f 2401 2383 2402
f 2380 2381 2403
f 2392 2397 2395
f 2404 2400 2380
f 2405 2393 2400
f 2406 2404 2403
f 2401 2403 2381
f 2407 2403 2401
f 2404 2380 2403
f 2408 2400 2404
f 2389 2409 2383
f 2401 2402 2410
f 2399 2411 2412
f 2399 2396 2411
f 2395 2413 2398
f 2398 2411 2396
f 2414 2413 2415
f 2398 2413 2416
f 2413 2395 2397
f 2411 2398 2416
f 2412 2411 2417
f 2413 2418 2416
f 2417 2411 2416
f 2414 2418 2413
f 2397 2405 2415
f 2415 2413 2397
f 2405 2408 2419
f 2405 2419 2415
f 2406 2408 2404
f 2407 2406 2403
f 2420 2408 2406
f 2405 2400 2408
f 2421 2406 2407
f 2422 2419 2423
f 2420 2419 2408
f 2423 2419 2420
f 2419 2422 2415
f 2423 2421 2424
f 2421 2423 2420
f 2425 2424 2421
f 2420 2406 2421
f 2407 2410 2426
f 2415 2422 2414
f 2397 2393 2405
f 2407 2401 2410
f 2427 2402 2409
f 2389 2385 2428
f 2428 2385 2429
f 2429 2385 2386
f 2428 2409 2389
f 2409 2428 2430
f 2410 2427 2431
f 2402 2427 2410
f 2428 2432 2430
f 2430 2427 2409
f 2433 2429 2434
f 2430 2432 2435
f 2432 2428 2429
f 2427 2430 2436
f 2429 2386 2434
f 2402 2383 2409
f 2386 2388 2437
f 2388 2390 2438
f 2437 2440 2434
f 2437 2434 2386
f 2433 2434 2440
f 2433 2432 2429
f 2441 2439 2438
f 2438 2439 2388
f 2442 2438 2390
f 2437 2439 2443
f 2437 2388 2439
f 2441 2438 2442
f 2432 2433 2444
f 2426 2431 2445
f 2426 2410 2431
f 2430 2435 2436
f 2436 2431 2427
f 2432 2444 2435
f 2436 2435 2446
f 2440 2447 2433
f 2431 2436 2445
f 2425 2426 2445
f 2445 2436 2446
f 2435 2448 2449
f 2449 2446 2435
f 2450 2448 2444
f 2435 2444 2448
f 2433 2447 2444
f 2426 2425 2421
f 2447 2440 2451
f 2451 2440 2443
f 2441 2452 2453
f 2452 2441 2442
f 2454 2443 2441
f 2443 2439 2441
f 2454 2441 2453
f 2450 2451 2455
f 2451 2450 2447
f 2455 2451 2456
f 2454 2457 2456
f 2457 2454 2453
f 2454 2456 2451
f 2451 2443 2454
f 2447 2450 2444
f 2440 2437 2443
f 2426 2421 2407
f 2458 2461 2464
f 2465 2458 2459
f 2459 2458 2460
f 2461 2462 2464
f 2464 2460 2458
f 2462 2461 2463
f 2473 2463 2461
f 2466 2473 2461
f 2467 2470 2469
f 2473 2467 2468
f 2472 2471 2470
f 2469 2470 2471
f 2468 2467 2469
f 2473 2466 2467
f 2474 2477 2475
f 2477 2479 2475
f 2478 2479 2477
f 2478 6661 2479
f 2377 2476 6661
f 2476 2479 6661
f 2352 2480 2355
f 2353 2480 2352
f 2353 2358 2480
f 2358 2481 2480
f 2483 2481 2361
f 2483 2361 2364
f 2482 2484 2364
f 2483 2364 2484
f 2358 2361 2481
f 2371 2372 2487
f 2485 2486 6656
f 2485 2488 2486
f 2489 2488 2490
f 2371 2487 2490
f 2486 2488 2489
f 2491 6662 2492
f 6662 2493 2492
f 6662 2496 2493
f 2496 2495 2493
f 2494 2495 2496
f 2494 6558 2495
f 2387 2384 2373
f 2367 2387 2374
f 2387 2365 2374
f 2367 2371 2387
f 2384 2344 2373
f 2344 2384 2370
f 2384 2362 2370
f 2373 2365 2387
f 2384 2401 2362
f 2401 2381 2350
f 2381 2380 2351
f 2380 2379 2354
f 2379 2382 2354
f 2360 2351 2380
f 2380 2329 2360
f 2351 2350 2381
f 2354 2382 2357
f 2354 2329 2380
f 2401 2350 2362
f 2497 6507 6091
f 2498 2499 2500
f 2501 2498 2502
f 2504 2505 2506
f 2499 2503 2507
f 2502 2498 2500
f 2508 2501 2502
f 2499 2507 2500
f 2503 2504 2507
f 2515 2512 2514
f 2523 2522 2520
f 2525 2526 2531
f 2527 2525 2528
f 2542 2528 2532
f 2532 2533 2541
f 2528 2545 2527
f 2531 2526 2530
f 2535 2536 2530
f 2537 2538 2536
f 2534 2543 2532
f 2532 2541 2534
f 2542 2532 2543
f 2544 2545 2528
f 2528 2542 2546
f 2528 2546 2547
f 2528 2547 2544
f 2536 2548 2549
f 2525 2527 2550
f 2526 2525 2551
f 2525 2550 2552
f 2535 2530 2553
f 2551 2525 2554
f 2552 2554 2525
f 2530 2526 2555
f 2530 2555 2529
f 2529 2553 2530
f 2536 2535 2556
f 2557 2537 2536
f 2536 2556 2558
f 2558 2559 2536
f 2536 2559 2548
f 2536 2549 2557
f 2538 2537 2560
f 2562 2538 2563
f 2561 2538 2562
f 2538 2560 2563
f 2539 2538 2540
f 2561 2540 2538
f 2533 2565 2567
f 2533 2568 2564
f 2568 2533 2567
f 2564 2541 2533
f 6277 6247 2565
f 2565 2566 2569
f 2569 6277 2565
f 2570 2566 2565
f 2567 2565 6247
f 2565 2571 2570
f 2519 2516 6273
f 2573 2571 2574
f 2571 2572 2570
f 2576 2573 2574
f 2574 6272 2576
f 6272 2574 2575
f 6273 2577 2578
f 2574 2577 2575
f 2578 2519 6273
f 2579 2580 2582
f 6669 2579 6671
f 2579 2582 6671
f 2580 2583 2581
f 2581 2582 2580
f 2583 2580 6675
f 6675 2580 2585
f 2580 2584 2585
f 2586 2589 2590
f 2591 2585 2586
f 2326 2587 2586
f 2591 2586 2587
f 2590 2588 2586
f 2330 2328 2589
f 2590 2589 2328
f 2326 2586 2588
f 2586 2585 2584
f 2592 2594 2595
f 2596 2598 2599
f 2594 2596 2597
f 2592 2595 2593
f 2597 2595 2594
f 2597 2596 2599
f 2606 2599 2598
f 2600 2606 2598
f 2601 2602 2606
f 2603 2604 2751
f 2602 2603 2605
f 6521 2751 2604
f 2605 2603 2751
f 2606 2602 2605
f 2606 2600 2601
f 2608 2610 2609
f 2610 2611 2609
f 2611 2610 2612
f 2623 2612 2610
f 2613 2623 2610
f 2614 2618 2622
f 2617 2615 2614
f 2623 2614 2615
f 2622 2616 2614
f 2621 2619 2618
f 2620 2621 2618
f 2622 2618 2619
f 2617 2614 2616
f 2623 2613 2614
f 2625 2626 2627
f 2629 2628 6166
f 2631 6168 2632
f 6178 2634 2635
f 2641 6174 6234
f 2647 6195 2646
f 2647 6231 6316
f 2655 6346 2656
f 6196 2658 2657
f 2658 2656 6346
f 2665 6205 2664
f 6363 2667 2666
f 2667 2669 2668
f 2671 6374 2670
f 2670 2668 2669
f 2624 2625 2686
f 2679 2680 2678
f 2682 2681 2680
f 2680 2681 2678
f 2683 2686 2685
f 2688 2687 2689
f 2637 2638 6309
f 6266 6170 2690
f 6182 2691 2690
f 2692 2691 2693
f 2696 2637 6309
f 2694 2695 2696
f 2700 2699 6187
f 2705 6353 2704
f 2705 2649 2650
f 2717 2661 2709
f 2716 6202 2717
f 2723 6389 2722
f 2727 6240 6378
f 6427 2728 2519
f 2728 2729 2519
f 2731 2520 2522
f 2730 2731 2522
f 2729 2737 2518
f 2517 2729 2518
f 2729 2517 2519
f 2737 2730 2518
f 2740 2531 2524
f 2733 2740 2524
f 2531 2734 2525
f 2521 2520 2732
f 2521 2732 2733
f 2532 2528 2734
f 2533 2532 2734
f 2525 2734 2528
f 6427 2736 2729
f 2737 2738 2730
f 6427 2729 2728
f 2737 2729 2736
f 2730 2738 2731
f 2731 2738 2520
f 2738 2732 2520
f 2741 2742 2734
f 2531 2741 2734
f 2740 2733 2739
f 2732 2739 2733
f 2743 2593 2579
f 2593 2744 2579
f 2745 2580 2597
f 2746 2597 2580
f 2744 2746 2580
f 2580 2579 2744
f 2580 2745 2584
f 2747 2748 2586
f 2748 2749 2586
f 2589 2750 6410
f 2750 2589 2751
f 2749 2752 2589
f 2589 2752 2751
f 2584 2745 2586
f 2589 2586 2749
f 2586 2745 2747
f 2756 2755 2753
f 2756 2753 2757
f 2756 2754 2755
f 2758 2755 2754
f 2758 2759 2755
f 2764 2763 2761
f 2765 2761 2758
f 2763 2762 2760
f 2762 2763 2764
f 2764 2761 2765
f 2760 5980 2763
f 2761 2759 2758
f 2767 2768 2766
f 2770 2769 803
f 2769 2770 5939
f 2771 2772 2775
f 5959 2771 2775
f 2773 2774 2775
f 2774 2776 2777
f 2772 2773 2775
f 2778 5959 2775
f 2779 2777 2776
f 2775 2774 2777
f 2776 2780 2779
f 2780 2782 2783
f 2784 5943 2786
f 2782 2784 2785
f 2782 2785 2783
f 2786 2785 2784
f 2781 2786 5945
f 2786 5943 5945
f 2780 2783 2779
f 2794 2793 2792
f 2793 2794 2791
f 2792 2790 2789
f 2795 2796 2810
f 2799 2800 2801
f 2802 2799 2801
f 2796 2802 2801
f 2804 2805 2798
f 2813 2804 2806
f 2804 2798 2797
f 2800 2807 2808
f 2803 2810 2809
f 2809 2810 2811
f 2803 2809 2804
f 2804 2809 2811
f 2812 2805 2814
f 2805 2804 2814
f 2804 2813 2814
f 2800 2808 2812
f 2800 2812 2814
f 2814 2813 2800
f 2811 2813 2806
f 2810 2801 2811
f 2806 2804 2811
f 2813 2811 2815
f 2801 2815 2811
f 2800 2815 2801
f 2800 2813 2815
f 2810 2796 2801
f 2800 2816 2807
f 2817 2818 2819
f 2820 2821 2822
f 2818 2820 2823
f 2797 2817 2819
f 2820 2822 2823
f 2823 2819 2818
f 2821 2824 2822
f 2821 2833 2824
f 2825 2826 2827
f 2828 2829 2830
f 2826 2828 2831
f 2827 2824 2825
f 2830 2831 2828
f 2795 2830 2829
f 2827 2826 2831
f 2825 2824 2833
f 2832 2833 5886
f 2835 2836 2834
f 2836 2833 2834
f 2838 2839 2840
f 2841 2842 2858
f 2843 2841 2858
f 2856 2846 2847
f 2839 2846 2856
f 2842 2848 2849
f 2851 2850 2844
f 2845 2851 2853
f 2850 2852 2844
f 2846 2845 2853
f 2854 2855 2839
f 2840 2839 2855
f 2854 2839 2856
f 2842 2849 2857
f 2842 2857 2854
f 2854 2856 2842
f 2857 2855 2854
f 2853 2856 2847
f 2851 2844 2853
f 2847 2846 2853
f 2856 2853 2858
f 2858 2844 2843
f 2858 2853 2844
f 2842 2856 2858
f 2852 2837 2844
f 2842 2859 2848
f 2860 2861 2838
f 2862 2863 2864
f 2861 2862 2865
f 2838 2861 2865
f 2863 2866 2864
f 2864 2865 2862
f 2866 2867 2868
f 2866 2863 2867
f 2869 2870 2871
f 2872 2873 2874
f 2870 2872 2875
f 2871 2868 2869
f 2874 2875 2872
f 2837 2874 2873
f 2871 2870 2875
f 2869 2868 2867
f 2877 5866 2876
f 2876 2878 2877
f 2878 5863 2879
f 5863 2878 2880
f 2878 2879 2877
f 2881 2882 2883
f 2886 2887 2901
f 2888 2886 2901
f 2882 2888 2883
f 2890 2891 2884
f 2889 2890 2884
f 2884 2891 2898
f 2884 2892 2885
f 2887 2893 2894
f 2896 2883 2897
f 2895 2896 2897
f 2891 2895 2897
f 2892 2898 2899
f 2898 2892 2884
f 2887 2894 2899
f 2887 2899 2900
f 2900 2899 2898
f 2897 2900 2898
f 2898 2891 2897
f 2900 2897 2901
f 2901 2883 2888
f 2901 2897 2883
f 2887 2900 2901
f 2887 2902 2893
f 2903 2904 2905
f 2906 2907 2908
f 2904 2906 2909
f 2905 2884 2903
f 2908 2909 2906
f 2910 2908 2907
f 2905 2904 2909
f 2907 2911 2910
f 2911 2912 2913
f 2914 2915 2916
f 2912 2914 2917
f 2913 2912 2917
f 2915 2881 2916
f 2916 2917 2914
f 2881 2915 2918
f 2911 2913 2910
f 2919 2921 2920
f 5844 2923 2922
f 2923 2921 2922
f 2924 2925 2929
f 2927 2928 2929
f 2930 2927 2929
f 2925 2930 2929
f 2926 2932 2931
f 5834 2933 2931
f 2932 5834 2931
f 2931 2933 2940
f 2928 2935 2936
f 2929 2937 2938
f 2933 2937 2939
f 2934 2940 2941
f 2940 2934 2931
f 2928 2936 2941
f 2928 2941 2942
f 2942 2941 2940
f 2939 2942 2940
f 2937 2929 2939
f 2940 2933 2939
f 2942 2939 2943
f 2929 2943 2939
f 2928 2943 2929
f 2928 2942 2943
f 2938 2924 2929
f 2928 2944 2935
f 2945 2946 2947
f 2948 2949 2950
f 2946 2948 2951
f 2926 2945 2947
f 2948 2950 2951
f 2951 2947 2946
f 2950 2952 2953
f 2950 2949 2952
f 2954 2955 2956
f 2957 2958 2959
f 2955 2957 2960
f 2956 2953 2954
f 2959 2960 2957
f 2924 2959 2958
f 2956 2955 2960
f 2954 2953 2952
f 2961 2949 2962
f 2963 2949 2961
f 2965 2963 2964
f 2966 2967 2972
f 2968 2974 2969
f 2970 2971 2972
f 2973 2970 2972
f 2967 2973 2972
f 2975 2981 2974
f 2974 2981 2976
f 2976 2969 2974
f 2971 2977 2978
f 2981 2979 2980
f 2980 2979 2982
f 2981 2980 2982
f 2983 2976 2984
f 2983 2969 2976
f 2971 2978 2984
f 2971 2984 2985
f 2985 2984 2976
f 2982 2985 2976
f 2979 2972 2982
f 2976 2981 2982
f 2985 2982 2986
f 2972 2986 2982
f 2971 2986 2972
f 2971 2985 2986
f 2979 2966 2972
f 2971 2987 2977
f 2988 3004 2989
f 2990 2991 2992
f 3004 2990 2989
f 2968 2988 2989
f 2991 2993 2992
f 2992 2989 2990
f 2993 2994 2995
f 2993 2991 2994
f 2996 2997 2998
f 2999 3000 3001
f 2997 2999 3002
f 2998 2995 2996
f 3001 3002 2999
f 2966 3001 3000
f 2998 2997 3002
f 2996 2995 2994
f 3004 5800 3003
f 3006 3005 3003
f 3004 3003 3005
f 3003 3007 3006
f 3006 3007 3008
f 3007 5797 3008
f 5797 3007 3009
f 3010 3011 3016
f 3014 3015 3016
f 3017 3014 3016
f 3011 3017 3016
f 3021 3013 3012
f 3015 3022 3023
f 3026 3024 3027
f 3025 3026 3027
f 3020 3025 3027
f 3013 3021 3028
f 3012 3020 3021
f 3021 3020 3019
f 3015 3023 3029
f 3015 3029 3021
f 3021 3029 3028
f 3015 3021 3027
f 3024 3016 3027
f 3019 3020 3027
f 3027 3016 3030
f 3015 3027 3030
f 3027 3021 3019
f 3015 3030 3016
f 3015 3031 3022
f 3032 3033 3034
f 3035 3036 3037
f 3033 3035 3038
f 3034 3012 3032
f 3037 3038 3035
f 3039 3037 3036
f 3034 3033 3038
f 3036 3040 3039
f 3040 3041 3042
f 3043 3044 3045
f 3041 3043 3046
f 3042 3041 3046
f 3044 3010 3045
f 3045 3046 3043
f 3010 3044 3047
f 3040 3042 3039
f 3049 3050 3048
f 3048 3051 3049
f 3053 3049 3051
f 3052 3053 3051
f 3054 3055 3056
f 3059 3060 3061
f 3062 3059 3061
f 3055 3062 3061
f 3066 3057 3063
f 3066 3064 3067
f 3057 3066 3067
f 3057 3068 3058
f 3060 3069 3070
f 3056 3071 3072
f 3071 3056 3065
f 3065 3056 3064
f 3064 3056 3073
f 3068 3067 3074
f 3067 3068 3057
f 3060 3070 3074
f 3060 3074 3075
f 3075 3074 3067
f 3073 3075 3067
f 3056 3061 3073
f 3067 3064 3073
f 3075 3073 3076
f 3061 3076 3073
f 3060 3076 3061
f 3060 3075 3076
f 3056 3055 3061
f 3072 3054 3056
f 3060 3077 3069
f 3078 3079 3080
f 3081 3082 3083
f 3079 3081 3084
f 3080 3057 3078
f 3083 3084 3081
f 3085 3083 3082
f 3080 3079 3084
f 3082 3086 3085
f 3086 3087 3088
f 3089 3090 3091
f 3087 3089 3091
f 3088 3087 3091
f 3092 3093 3054
f 3092 3091 3090
f 3093 3092 3090
f 3086 3088 3085
f 3095 5758 3094
f 3094 3096 3095
f 3096 3097 3095
f 3100 3101 3102
f 3103 3104 3116
f 3105 3103 3116
f 3099 3105 3116
f 3106 3107 3101
f 3101 3107 3113
f 3101 3108 3102
f 3104 3109 3110
f 5749 3111 3107
f 5749 3099 3111
f 3108 3113 3114
f 3113 3108 3101
f 3104 3110 3114
f 3104 3114 3115
f 3115 3114 3113
f 3112 3115 3113
f 3111 3112 3107
f 3113 3107 3112
f 3112 3111 3116
f 3115 3112 3116
f 3104 3115 3116
f 3111 3099 3116
f 3104 3117 3109
f 3118 3119 3100
f 3120 3121 3122
f 3119 3120 3123
f 3100 3119 3123
f 3121 3124 3122
f 3122 3123 3120
f 3124 3125 3126
f 3124 3121 3125
f 3127 3128 3129
f 3130 3131 3098
f 3128 3130 3132
f 3129 3126 3127
f 3132 5743 3128
f 3098 3132 3130
f 3129 3128 5743
f 3127 3126 3125
f 3134 5733 3133
f 3135 3134 3133
f 3133 3136 3135
f 3136 5730 3137
f 5730 3136 3138
f 3136 3137 3135
f 3139 3140 3146
f 3143 3144 3157
f 3145 3143 3157
f 3140 3145 3146
f 3141 3147 3154
f 3141 3148 3142
f 3144 3149 3150
f 3151 3146 3153
f 3147 3151 3153
f 3148 3154 3155
f 3154 3148 3141
f 3144 3150 3155
f 3144 3155 3156
f 3156 3155 3154
f 3153 3156 3154
f 3154 3147 3153
f 3156 3153 3157
f 3157 3146 3145
f 3157 3153 3146
f 3144 3156 3157
f 3152 3139 3146
f 3144 3158 3149
f 3159 3160 3161
f 3162 3163 3164
f 3160 3162 3165
f 3161 3141 3159
f 3164 3165 3162
f 3166 3164 3163
f 3161 3160 3165
f 3163 3167 3166
f 3167 3168 3169
f 3170 3171 3172
f 3168 3170 3173
f 3169 3168 3173
f 3172 3174 3139
f 3172 3173 3170
f 3174 3172 3171
f 3167 3169 3166
f 3175 3177 3176
f 3179 3177 3178
f 3171 3179 3178
f 3180 3171 3178
f 3181 3182 3183
f 3182 3188 3187
f 3195 3184 3189
f 3190 3195 3189
f 3184 3195 3191
f 3191 3185 3184
f 3186 3192 3193
f 3183 3187 3194
f 3194 3187 3196
f 3195 3194 3196
f 3197 3191 3198
f 3197 3185 3191
f 3186 3193 3198
f 3186 3198 3199
f 3199 3198 3191
f 3196 3199 3191
f 3191 3195 3196
f 3199 3196 3200
f 3196 3187 3200
f 3186 3199 3200
f 3183 3182 3187
f 3186 3200 3187
f 3186 3201 3192
f 3202 3203 3204
f 3205 3206 3207
f 3203 3205 3208
f 3184 3202 3204
f 3205 3207 3208
f 3208 3204 3203
f 3207 3209 3210
f 3207 3206 3209
f 3211 3212 3213
f 3214 3215 3216
f 3212 3214 3217
f 3213 3210 3211
f 3216 3217 3214
f 3181 3216 3215
f 3213 3212 3217
f 3211 3210 3209
f 3218 3206 3219
f 3218 3220 3206
f 3218 3221 3220
f 3223 3220 3222
f 3222 3220 3221
f 3224 3225 3237
f 3227 3228 3243
f 3229 3227 3243
f 3225 3229 3237
f 3230 3232 3240
f 3230 3231 3232
f 3232 3231 3240
f 3228 3234 3235
f 3236 3237 3239
f 3238 3236 3239
f 3231 3238 3239
f 3233 3240 3241
f 3240 3233 3230
f 3228 3235 3241
f 3228 3241 3242
f 3242 3241 3240
f 3239 3242 3240
f 3240 3231 3239
f 3242 3239 3243
f 3243 3237 3229
f 3243 3239 3237
f 3228 3242 3243
f 3228 3244 3234
f 3245 3246 3226
f 3247 3248 3249
f 3246 3247 3250
f 3226 3246 3250
f 3248 3251 3249
f 3249 3250 3247
f 3251 3252 3253
f 3251 3248 3252
f 3254 3255 3256
f 3257 3258 3259
f 3255 3257 3260
f 3256 3253 3254
f 3259 3260 3257
f 3224 3259 3258
f 3256 3255 3260
f 3254 3253 3252
f 3261 3262 3263
f 3265 3266 3264
f 3266 3262 3264
f 3268 3273 3269
f 3270 3271 3287
f 3272 3270 3287
f 3274 3275 3273
f 3273 3275 3277
f 3285 3269 3273
f 3271 3278 3279
f 3276 3280 3275
f 3275 3280 3282
f 3276 3281 3280
f 3283 3284 3285
f 3269 3285 3284
f 3285 3273 3277
f 3271 3279 3283
f 3271 3283 3286
f 3286 3283 3285
f 3286 3285 3271
f 3282 3285 3277
f 3277 3275 3282
f 3285 3282 3287
f 3287 3280 3272
f 3287 3282 3280
f 3271 3285 3287
f 3281 3267 3280
f 3271 3288 3278
f 3289 3290 3268
f 3291 3292 3293
f 3290 3291 3294
f 3268 3290 3294
f 3292 3295 3293
f 3293 3294 3291
f 3295 3296 3297
f 3295 3292 3296
f 3298 3299 3300
f 3301 3302 3303
f 3299 3301 3304
f 3300 3297 3298
f 3303 3304 3301
f 3267 3303 3302
f 3300 3299 3304
f 3298 3297 3296
f 5645 3305 3306
f 3305 3307 3306
f 3309 3310 3308
f 3310 3307 3308
f 3311 3312 3317
f 3315 3316 3317
f 3318 3315 3317
f 3312 3318 3317
f 3313 3320 3314
f 5632 3319 3313
f 3313 3319 3327
f 3316 3321 3322
f 3325 3323 3326
f 3324 3325 3326
f 3319 3324 3326
f 3320 3327 3328
f 3327 3320 3313
f 3316 3322 3328
f 3316 3328 3329
f 3329 3328 3327
f 3326 3329 3327
f 3323 3317 3326
f 3327 3319 3326
f 3329 3326 3330
f 3317 3330 3326
f 3316 3330 3317
f 3316 3329 3330
f 3323 3311 3317
f 3316 3331 3321
f 3332 3333 3334
f 3348 3335 3336
f 3333 3348 3336
f 3313 3332 3334
f 3335 3337 3336
f 3336 3334 3333
f 3335 3338 3337
f 3335 3339 3338
f 3340 3341 3342
f 3343 3344 3311
f 3341 3343 3345
f 3338 3339 3346
f 3345 3342 3341
f 3311 3345 3343
f 3346 3340 3342
f 3346 3339 3340
f 3347 3349 3348
f 3348 5622 3347
f 5620 3351 3350
f 3351 3349 3350
f 3352 3353 3357
f 3353 3358 3357
f 3359 3360 3355
f 3356 3361 3362
f 3365 3363 3364
f 3364 3363 3366
f 3359 3364 3366
f 3360 3367 3368
f 3367 3360 3359
f 3356 3362 3368
f 3356 3368 3369
f 3369 3368 3367
f 3366 3369 3367
f 3363 3357 3366
f 3367 3359 3366
f 3369 3366 3370
f 3366 3357 3370
f 3356 3369 3370
f 3356 3370 3357
f 3363 3352 3357
f 3356 3371 3361
f 3372 3373 3354
f 3374 3375 3376
f 3373 3374 3377
f 3354 3373 3378
f 3374 3376 3377
f 3377 3378 3373
f 3379 3375 3380
f 3379 3376 3375
f 3381 3382 3383
f 3384 3385 3352
f 3382 3384 3386
f 3383 3379 3381
f 3386 5608 3382
f 3352 3386 3384
f 3383 3382 5608
f 3381 3379 3380
f 3387 3393 3388
f 3387 3389 3393
f 3392 3391 3390
f 3393 3390 3391
f 3393 3389 3390
f 3394 3395 3396
f 3399 3400 3401
f 3402 3399 3401
f 3395 3402 3401
f 3398 3403 3411
f 3400 3406 3407
f 3396 3408 3409
f 3408 3396 3404
f 3404 3396 3403
f 3403 3396 3410
f 3405 3411 3412
f 3411 3405 3398
f 3400 3407 3412
f 3400 3412 3413
f 3413 3412 3411
f 3410 3413 3411
f 3396 3401 3410
f 3411 3403 3410
f 3413 3410 3414
f 3401 3414 3410
f 3400 3414 3401
f 3400 3413 3414
f 3396 3395 3401
f 3409 3394 3396
f 3400 3415 3406
f 3416 3417 3418
f 3419 3420 3421
f 3417 3419 3421
f 3397 3416 3418
f 3420 3422 3421
f 3421 3418 3417
f 3422 3423 3424
f 3422 3420 3423
f 3425 3426 3427
f 3428 3429 3430
f 3426 3428 3431
f 3427 3424 3425
f 3430 3431 3428
f 3394 3430 3429
f 3427 3426 3431
f 3425 3424 3423
f 3432 3433 3434
f 3436 3437 3435
f 3437 3433 3435
f 3440 3441 3442
f 3443 3444 3445
f 3446 3443 3445
f 3438 3446 3445
f 3454 3447 3442
f 3454 3441 3448
f 3454 3442 3441
f 3444 3449 3450
f 3451 3452 3453
f 3441 3451 3453
f 3447 3454 3455
f 3454 3448 3456
f 3444 3450 3455
f 3444 3455 3456
f 3456 3455 3454
f 3453 3456 3448
f 3452 3445 3453
f 3448 3441 3453
f 3456 3453 3457
f 3445 3457 3453
f 3444 3457 3445
f 3444 3456 3457
f 3439 3438 3445
f 3452 3439 3445
f 3444 3458 3449
f 3459 3460 3440
f 3461 3462 3463
f 3460 3461 3464
f 3440 3460 3464
f 3462 3465 3463
f 3463 3464 3461
f 3465 3466 3467
f 3465 3462 3466
f 3468 3469 3470
f 3471 3472 3473
f 3469 3471 3474
f 3470 3467 3468
f 3473 3474 3471
f 3439 3473 3472
f 3470 3469 3474
f 3468 3467 3466
f 3475 3477 3476
f 3479 3477 3478
f 3480 3481 3486
f 3484 3485 3486
f 3487 3484 3486
f 3481 3487 3486
f 3488 3483 3482
f 3482 5545 3488
f 3488 5545 3489
f 3490 5545 3491
f 3490 3491 3493
f 3491 3492 3486
f 5545 3490 3493
f 3488 3489 3495
f 3485 3494 3495
f 3495 3494 3488
f 3493 3495 3489
f 3491 3486 3493
f 3489 5545 3493
f 3495 3493 3496
f 3486 3496 3493
f 3485 3496 3486
f 3485 3495 3496
f 3492 3480 3486
f 3497 3498 3499
f 3500 3501 3502
f 3498 3500 3503
f 3482 3497 3499
f 3500 3502 3503
f 3503 3499 3498
f 3504 3501 3505
f 3504 3502 3501
f 3506 3507 3508
f 3509 3510 3511
f 3507 3509 3508
f 5541 3504 3506
f 3511 3508 3509
f 3480 3511 3510
f 5541 3506 3508
f 3506 3504 3505
f 3513 5533 3512
f 3516 3514 3515
f 3515 3514 3513
f 3519 3520 3521
f 3522 3523 3524
f 3525 3522 3524
f 3517 3525 3524
f 3526 3527 3520
f 3520 3527 3535
f 3520 3528 3521
f 3523 3529 3530
f 3531 3532 3534
f 3532 3533 3518
f 3527 3531 3534
f 3528 3535 3536
f 3535 3528 3520
f 3523 3530 3536
f 3523 3536 3537
f 3537 3536 3535
f 3534 3537 3535
f 3532 3524 3534
f 3535 3527 3534
f 3537 3534 3538
f 3524 3538 3534
f 3523 3538 3524
f 3523 3537 3538
f 3518 3517 3524
f 3532 3518 3524
f 3523 3539 3529
f 3540 3541 3542
f 3543 3544 3545
f 3541 3543 3542
f 3519 3540 3542
f 3544 3546 3545
f 3545 3542 3543
f 3546 3547 3548
f 3546 3544 3547
f 3549 3550 3551
f 3552 3553 3554
f 3550 3552 3555
f 3551 3548 3549
f 3554 3555 3552
f 3518 3554 3553
f 3551 3550 3555
f 3549 3548 3547
f 3558 3557 3556
f 3556 3559 3558
f 3558 3559 3560
f 3560 3559 3561
f 3562 3563 3569
f 3564 3565 3566
f 3567 3568 3569
f 3570 3567 3569
f 3563 3570 3569
f 3565 3572 3580
f 3565 3573 3566
f 3568 3574 3575
f 3577 3576 3571
f 3571 3576 3579
f 3576 3578 3569
f 3572 3571 3579
f 3573 3580 3581
f 3580 3573 3565
f 3568 3575 3581
f 3568 3581 3582
f 3581 3580 3582
f 3579 3582 3580
f 3576 3569 3579
f 3580 3572 3579
f 3582 3579 3583
f 3569 3583 3579
f 3568 3583 3569
f 3568 3582 3583
f 3578 3562 3569
f 3568 3584 3574
f 3585 3586 3564
f 3587 3588 3589
f 3586 3587 3590
f 3564 3586 3590
f 3588 3591 3589
f 3589 3590 3587
f 3591 3592 3593
f 3591 3588 3592
f 3594 3595 3596
f 3597 3598 3599
f 3595 3597 3600
f 3596 3593 3594
f 3599 3600 3597
f 3562 3599 3598
f 3596 3595 3600
f 3594 3593 3592
f 3602 5490 3601
f 5487 3604 3603
f 3604 3602 3603
f 3605 3606 3611
f 3607 3613 3608
f 3609 3610 3611
f 3612 3609 3611
f 3606 3612 3611
f 3616 3608 3613
f 3610 3617 3618
f 3619 3620 3621
f 3615 3619 3621
f 3608 3616 3622
f 3613 3615 3616
f 3616 3615 3614
f 3610 3618 3623
f 3610 3623 3616
f 3616 3623 3622
f 3610 3616 3621
f 3620 3611 3621
f 3614 3615 3621
f 3621 3611 3624
f 3610 3621 3624
f 3621 3616 3614
f 3610 3624 3611
f 3610 3625 3617
f 3626 3627 3628
f 3629 3630 3631
f 3627 3629 3632
f 3628 3607 3626
f 3631 3632 3629
f 3633 3631 3630
f 3628 3627 3632
f 3630 3634 3633
f 3634 3635 3636
f 3637 3638 3639
f 3635 3637 3639
f 3636 3635 3639
f 3640 3641 3605
f 3640 3639 3638
f 3641 3640 3638
f 3634 3636 3633
f 5467 3642 3643
f 3642 3644 3643
f 3646 3644 3645
f 3647 3646 3645
f 3648 3649 3655
f 3650 3651 3652
f 3653 3654 3655
f 3656 3653 3655
f 3649 3656 3655
f 3657 3658 3651
f 3651 3658 3665
f 3651 3659 3652
f 3654 3660 3661
f 3663 3662 3664
f 3658 3663 3664
f 3659 3665 3666
f 3665 3659 3651
f 3654 3661 3666
f 3654 3666 3667
f 3667 3666 3665
f 3664 3667 3665
f 3662 3655 3664
f 3665 3658 3664
f 3667 3664 3668
f 3655 3668 3664
f 3654 3668 3655
f 3654 3667 3668
f 3662 3648 3655
f 3654 3669 3660
f 3670 3671 3650
f 3672 3673 3674
f 3671 3672 3675
f 3675 3650 3671
f 3676 3674 3673
f 3677 3676 3673
f 3675 3672 3674
f 3673 3678 3677
f 3678 3679 5453
f 3680 3681 3682
f 3679 3680 5453
f 5453 3680 3682
f 3683 3684 3648
f 3683 3682 3681
f 3684 3683 3681
f 3678 5453 3677
f 3686 5442 3685
f 3685 3687 3686
f 3679 3687 3688
f 3690 3688 3687
f 3689 3690 3687
f 3687 3679 3686
f 3693 3694 3695
f 3696 3697 3710
f 3698 3696 3710
f 3691 3698 3704
f 3707 3699 3695
f 3707 3694 3700
f 3707 3695 3694
f 3697 3701 3702
f 5435 3704 3703
f 3703 3704 3705
f 3704 3706 3692
f 5435 3703 3694
f 3694 3703 3705
f 3699 3707 3708
f 3707 3700 3709
f 3697 3702 3708
f 3697 3708 3709
f 3709 3708 3707
f 3705 3709 3700
f 3700 3694 3705
f 3709 3705 3710
f 3710 3704 3698
f 3710 3705 3704
f 3697 3709 3710
f 3692 3691 3704
f 3697 3711 3701
f 3712 3713 3693
f 3714 3715 3716
f 3713 3714 3717
f 3693 3713 3717
f 3715 3718 3716
f 3716 3717 3714
f 3718 3719 3720
f 3718 3715 3719
f 3721 3722 3723
f 3724 3725 3726
f 3722 3724 3727
f 3723 3720 3721
f 3726 3727 3724
f 3692 3726 3725
f 3723 3722 3727
f 3721 3720 3719
f 3728 3730 3729
f 3732 3730 3731
f 3756 3733 5982
f 3733 3739 3734
f 3734 5982 3733
f 3739 3733 3735
f 3736 3737 3738
f 2759 3738 3737
f 3739 3736 3738
f 3736 3739 3735
f 3758 3743 3740
f 3758 3741 3745
f 3742 3743 3758
f 3745 3744 3758
f 3742 3758 3744
f 3748 3751 3750
f 3755 3754 3752
f 3755 3752 3753
f 3733 3756 3757
f 3758 3733 3757
f 3758 3735 3733
f 3736 3758 3740
f 3736 3740 3737
f 3736 3735 3758
f 3762 3760 3761
f 3763 3761 3760
f 3766 3760 3764
f 3764 3765 3766
f 3766 3763 3760
f 3767 3768 5137
f 3770 5137 3768
f 3816 3770 3768
f 3771 3767 5137
f 3772 3818 3820
f 3815 3770 3772
f 3815 3772 3820
f 3818 3822 3820
f 3772 3770 3816
f 5137 3780 3777
f 5137 3777 3771
f 3779 3777 3780
f 3778 3781 3779
f 3775 3776 3782
f 3776 3781 3783
f 3776 3775 3784
f 3818 3824 3822
f 3824 3826 3785
f 3783 3782 3776
f 3826 3786 3827
f 3785 3826 3827
f 3786 3825 3827
f 3828 3787 3825
f 3787 3788 3830
f 3778 3783 3781
f 3794 3830 3788
f 3825 3787 3830
f 3828 3825 3786
f 3784 5144 3774
f 3774 3769 5146
f 3784 3774 3773
f 3773 3774 5146
f 3789 5146 3769
f 3784 3775 5144
f 3791 3790 3792
f 3789 3790 3791
f 3792 3793 3791
f 3785 3822 3824
f 3780 3778 3779
f 3769 3790 3789
f 3788 3795 3796
f 3794 3788 3796
f 3809 3795 3808
f 3798 3808 3797
f 3809 3796 3795
f 3809 3808 3798
f 5171 3799 3800
f 5196 3799 5171
f 3767 3771 3801
f 5171 5164 5196
f 5163 5164 5171
f 5163 5171 5174
f 3802 5163 5174
f 3801 3802 5174
f 5174 3767 3801
f 3805 3803 3788
f 3804 3795 3803
f 3795 3804 3806
f 3808 3806 3807
f 3809 3808 3807
f 3810 3767 3811
f 3814 3813 3767
f 3815 3772 3816
f 3817 3818 3819
f 3820 3819 3772
f 3770 3816 3813
f 3810 3811 3821
f 3812 3813 3814
f 3810 3814 3767
f 3770 3815 3816
f 3813 3812 3770
f 3820 3772 3815
f 3817 3819 3820
f 3818 3817 3822
f 3825 3786 3826
f 3827 3826 3824
f 3805 3788 3787
f 3830 3787 3828
f 3831 3829 3786
f 3824 3823 3827
f 3786 3825 3831
f 3787 3830 3805
f 3828 3829 3831
f 3825 3826 3827
f 3824 3822 3823
f 3835 1379 3834
f 2244 3835 3834
f 3836 3834 1379
f 3834 3837 2244
f 2245 3837 2246
f 2247 3838 2248
f 2247 2246 3837
f 3838 2247 3837
f 3837 2245 2244
f 1402 3839 3840
f 1401 1402 3840
f 4557 3845 3846
f 3846 3845 3847
f 3847 3848 3850
f 3848 3849 3850
f 3853 3851 3854
f 3851 3852 3854
f 3856 3858 3860
f 3856 3860 3857
f 3857 3855 3856
f 3874 3861 4507
f 3862 4523 3861
f 3864 3863 3861
f 3874 3864 3861
f 3866 3864 3867
f 3868 3864 3866
f 3869 3863 3864
f 3870 3868 3867
f 3863 3862 3861
f 3867 3864 3878
f 3879 3864 3868
f 3871 3873 3874
f 3865 3874 3872
f 3875 3874 4507
f 3872 3874 3873
f 3872 3873 3876
f 3869 3862 3863
f 3878 3865 3872
f 3872 3876 3878
f 3865 3878 3864
f 3864 3879 3869
f 3874 3865 3864
f 3880 3868 3870
f 3868 3880 3883
f 3879 3868 3883
f 3881 3884 3880
f 3881 3870 3885
f 3880 3884 3883
f 3886 3884 3881
f 3880 3870 3881
f 3867 3878 3870
f 3877 3878 3876
f 3876 3885 3877
f 3882 3878 3877
f 3878 3882 3870
f 3885 3888 3889
f 3885 3887 3888
f 3889 3888 3881
f 3885 3889 3881
f 3885 3882 3877
f 3882 3885 3870
f 3866 3867 3868
f 3892 3891 3896
f 3891 3892 3893
f 3890 3891 3893
f 3893 3894 3895
f 3893 3895 3890
f 3892 3896 3897
f 3897 3896 3908
f 3893 3892 3897
f 3900 3899 3904
f 3899 3900 3901
f 3898 3899 3901
f 3901 3902 3903
f 3901 3903 3898
f 3900 3904 3905
f 3901 3900 3905
f 3906 3910 4464
f 3909 3908 4462
f 4462 3910 3909
f 3908 3907 4462
f 3909 3910 3906
f 4454 3911 4443
f 3911 3912 4443
f 3912 3913 4444
f 3912 4444 4443
f 3914 3915 1417
f 2255 3914 2256
f 3914 1417 2257
f 2257 2256 3914
f 1383 1417 3915
f 1383 3915 3920
f 3918 3917 3916
f 3919 3918 3916
f 3920 3916 3917
f 3920 3915 3916
f 3922 3921 3923
f 3922 3923 4295
f 3923 3925 3924
f 3925 3926 3927
f 3928 3927 3926
f 3928 3926 3929
f 3925 3927 3924
f 3931 3932 3923
f 3923 3930 3931
f 3923 3921 3930
f 3923 3933 3925
f 3923 3932 3933
f 3926 3934 3935
f 3929 3926 3935
f 3925 3934 3926
f 3939 3940 3938
f 3941 3940 4299
f 3940 3939 4299
f 3942 3939 3943
f 4301 3944 3943
f 3943 3939 3938
f 3940 3945 3946
f 3946 3938 3940
f 3943 3948 3949
f 4301 3949 4383
f 3938 3947 3943
f 4301 3943 3949
f 3943 3947 3948
f 4014 3953 3970
f 3954 3970 3953
f 3953 4307 3954
f 3955 3957 3956
f 4307 3956 3960
f 3961 3965 3959
f 3957 3962 3956
f 3961 4360 3963
f 3959 3962 3957
f 3964 3962 3959
f 3960 3964 3965
f 3956 3962 3964
f 3961 3967 3966
f 3965 3964 3959
f 3960 3956 3964
f 3967 3961 3963
f 3966 3968 3971
f 3966 3967 3968
f 3968 3969 3954
f 4307 3966 3971
f 3954 3971 3968
f 3972 3970 3969
f 3966 3960 3965
f 3972 3969 3968
f 3973 3970 3972
f 3970 3954 3969
f 4307 3960 3966
f 3966 3965 3961
f 4307 3971 3954
f 4350 4355 4349
f 3976 3978 3995
f 3977 3976 3995
f 3978 3993 3979
f 3979 3995 3978
f 3978 4314 3993
f 3980 3982 3983
f 3983 3981 3980
f 4314 3980 3981
f 3987 3981 3983
f 3988 3981 3987
f 3988 3987 3984
f 3989 3985 3990
f 3985 3986 3990
f 3985 3988 3984
f 3988 4314 3981
f 3986 3991 3993
f 3994 3992 3991
f 3990 3986 3993
f 3993 3991 3992
f 3993 3992 3979
f 4314 3988 3989
f 3993 3989 3990
f 3989 3988 3985
f 3994 3996 3995
f 3995 3996 4336
f 3995 4336 3977
f 3995 3979 3992
f 3995 3992 3994
f 4314 3989 3993
f 4319 4325 3999
f 4001 4000 4002
f 4001 4002 4312
f 4005 4003 4006
f 3976 4005 4006
f 4003 4002 4004
f 4006 4003 4004
f 4312 4002 4003
f 4303 4007 4009
f 4303 4009 4304
f 4009 4010 4304
f 4012 4011 4013
f 4014 4012 4013
f 4010 4013 4011
f 4013 4008 4014
f 4304 4010 4011
f 4017 4018 4015
f 4016 4017 4015
f 4017 4020 4018
f 4301 4021 4022
f 4019 4301 4022
f 4020 4022 4021
f 4018 4020 4021
f 4023 4024 4290
f 4025 4026 3924
f 4029 4027 4028
f 4027 4023 4028
f 4029 4028 4025
f 4025 3924 4029
f 4024 4023 4027
f 2296 4030 4032
f 4031 4032 4030
f 6989 4030 4033
f 6989 4031 4030
f 4035 6990 4034
f 6989 4034 6990
f 4034 6989 4033
f 4038 4036 4034
f 4037 4039 4034
f 4040 4039 4037
f 4039 4040 4038
f 4038 4034 4039
f 4037 4034 4033
f 4030 4037 4033
f 4037 4030 4042
f 4042 4041 4037
f 4037 4048 4040
f 4043 4044 4046
f 4045 4211 4046
f 4046 4044 4045
f 4037 4047 4048
f 4041 4047 4037
f 4049 4047 4041
f 4041 4042 4211
f 4050 4051 4052
f 4053 4050 4054
f 4050 4055 4051
f 4056 4057 4055
f 4051 4055 4057
f 4055 4053 4058
f 4050 4053 4055
f 4059 4060 4061
f 4062 4063 4064
f 4064 4065 4066
f 4066 4067 4068
f 4067 4066 4065
f 4063 4060 4064
f 4066 4062 4064
f 4070 4069 4062
f 4062 4069 4071
f 4072 4070 4073
f 4069 4070 4074
f 4074 4070 4072
f 4073 4054 4072
f 4062 4071 4063
f 5225 4075 4050
f 4054 4050 4075
f 4079 4054 4076
f 4077 4078 4073
f 4079 4053 4054
f 4054 4073 4076
f 4078 4076 4073
f 4077 4080 4078
f 4077 4073 4070
f 4070 4080 4077
f 4082 4058 4081
f 4055 4082 4083
f 4058 4082 4055
f 4084 4085 4086
f 4085 4084 4087
f 4088 4089 4090
f 4091 4090 4089
f 4092 4093 4087
f 4095 4121 4118
f 4092 4087 4084
f 4097 4094 4096
f 4099 4100 4101
f 4093 4100 4099
f 4102 4099 4101
f 4098 4100 4093
f 4103 4121 4104
f 4101 4105 4102
f 4106 4102 4105
f 4107 4105 4101
f 4103 4108 4121
f 4102 4106 4109
f 4103 4105 4107
f 4110 4111 4094
f 4111 4112 4113
f 4112 4111 4110
f 4097 4114 4110
f 4097 4110 4094
f 4115 4113 4112
f 4117 4110 4116
f 4122 4119 4120
f 3832 4117 4116
f 4107 4123 4108
f 4103 4107 4108
f 4122 3832 4124
f 4093 4092 4098
f 4122 4117 3832
f 4110 4114 4116
f 4119 4118 4120
f 4118 4121 4120
f 4122 4120 4117
f 4125 4126 4057
f 4057 4056 4125
f 4127 4128 4129
f 4127 4129 4130
f 4067 4065 4131
f 4130 4131 4065
f 4065 4127 4130
f 4067 4131 4132
f 4135 4133 4134
f 4136 4137 4067
f 4138 4134 4137
f 4134 4138 4135
f 4137 4134 4067
f 4132 4136 4067
f 4090 4139 4140
f 4141 4139 4090
f 4142 4143 4090
f 4090 4143 4141
f 4139 4144 4140
f 4145 4146 4090
f 4146 4147 4090
f 4088 4147 4148
f 4088 4090 4147
f 4145 4090 4140
f 4149 4150 4126
f 4126 4150 4151
f 4149 4126 4152
f 4153 4152 4126
f 4154 4153 4125
f 4153 4126 4125
f 4155 4156 4126
f 4126 4151 4155
f 4126 4156 4157
f 4151 4150 4158
f 4160 4161 4159
f 4162 4160 4159
f 4162 4159 4165
f 4163 4164 4165
f 4164 4162 4165
f 4166 4167 4130
f 4168 4169 4132
f 4167 4168 4131
f 4170 4171 4137
f 4172 4173 4135
f 4173 4174 4082
f 4171 4172 4138
f 4169 4170 4136
f 4130 4167 4131
f 4132 4169 4136
f 4136 4170 4137
f 4168 4132 4131
f 4172 4135 4138
f 4138 4137 4171
f 4135 4173 4133
f 4173 4082 4133
f 4174 4175 4082
f 4175 4176 4082
f 4082 4176 4177
f 4082 4177 4178
f 4179 4180 4181
f 4182 4181 1758
f 4083 4178 4180
f 4083 4082 4178
f 4083 4183 4184
f 4083 4180 4183
f 4179 4183 4180
f 4179 4181 4185
f 4185 4181 4182
f 4182 1758 1759
f 4134 4186 4068
f 4068 4067 4134
f 4038 4189 4187
f 4188 4187 4189
f 4191 4188 4190
f 4189 4190 4188
f 4038 4193 4189
f 4192 4193 4040
f 4040 4193 4038
f 4034 4036 4198
f 4030 4194 4042
f 4211 4042 4046
f 4046 4042 4194
f 4194 4195 4046
f 4194 4196 4195
f 4038 4197 4036
f 4043 4195 4196
f 4197 4199 4196
f 4196 4199 4043
f 4195 4043 4046
f 4043 4199 4188
f 4038 4187 4197
f 4197 4187 4188
f 4197 4188 4199
f 4036 4197 4198
f 4034 4198 4035
f 6991 4035 4198
f 4198 4197 4200
f 4030 2296 4194
f 4196 4194 4201
f 4200 4197 4201
f 2295 4201 4194
f 4202 2295 4194
f 4194 2296 4202
f 4201 4197 4196
f 4193 4203 4189
f 4189 4204 4190
f 4205 4206 4188
f 4191 4190 4205
f 4191 4205 4188
f 4206 4207 4188
f 4043 4188 4207
f 4043 4207 4208
f 4044 4043 4208
f 4044 4208 4209
f 4044 4209 4045
f 4045 4209 4210
f 4045 4210 4211
f 4211 4212 4041
f 4041 4212 4049
f 4047 4049 4212
f 4048 4047 4213
f 4214 4040 4048
f 4048 4213 4214
f 4192 4040 4214
f 4214 4193 4192
f 4193 4214 4215
f 4215 4203 4193
f 4211 4210 4212
f 4208 4207 4206
f 4205 4047 4209
f 4209 4208 4205
f 4210 4209 4047
f 4213 4047 4214
f 4212 4210 4047
f 4205 4190 4215
f 4190 4204 4189
f 4205 4215 4047
f 4189 4203 4190
f 4203 4215 4190
f 4047 4215 4214
f 4208 4206 4205
f 4216 4097 4096
f 4118 4631 4095
f 4217 4106 4105
f 4218 4220 4223
f 4219 4105 4220
f 4217 4221 4106
f 4222 4219 4220
f 4218 4222 4220
f 4217 4105 4219
f 4224 4223 4220
f 4225 4224 4103
f 4225 4103 4104
f 4223 4224 4225
f 4226 4093 4099
f 4229 4228 4227
f 4229 4099 4228
f 4226 4099 4229
f 4230 4227 4228
f 4231 4232 4102
f 4228 4232 4230
f 4233 4102 4109
f 4234 4230 4232
f 4233 4231 4102
f 4235 4233 4109
f 4234 4232 4231
f 4236 4237 4238
f 4239 4238 4229
f 4237 4226 4238
f 4226 4229 4238
f 4233 4235 4221
f 4234 4231 4219
f 4230 4234 4218
f 4233 4219 4231
f 4221 4217 4233
f 4222 4218 4234
f 4219 4222 4234
f 4217 4219 4233
f 4225 4240 4223
f 4241 4242 4243
f 4244 4241 4243
f 4245 4249 4244
f 4241 4244 4249
f 4244 4246 4245
f 4247 4249 4245
f 4250 4251 4252
f 4253 4252 4251
f 4249 4247 4248
f 4254 4249 4248
f 4254 4250 4252
f 4252 4249 4254
f 8656 4255 4256
f 4258 4255 8656
f 4257 4258 4259
f 4259 4258 8656
f 4257 4260 4258
f 4273 4261 4260
f 4262 4261 4263
f 4263 4261 4273
f 4257 4264 4260
f 4264 4265 4273
f 4264 4273 4260
f 4259 4248 4257
f 4248 4259 4254
f 4265 4266 4267
f 4246 4266 4265
f 4264 4245 4246
f 4265 4264 4246
f 4247 4257 4248
f 8656 4256 4251
f 4253 4251 4256
f 4268 4269 4270
f 4270 4271 4268
f 4267 4272 4273
f 4272 4267 4266
f 4274 4022 4020
f 4275 4276 4022
f 4275 4022 4274
f 4020 4017 4028
f 4278 4279 4002
f 4004 4279 4277
f 4016 4279 4026
f 4017 4016 4025
f 4006 4277 4276
f 4006 4276 4275
f 4006 4275 4280
f 4281 4280 4275
f 4279 4004 4002
f 4288 4283 4281
f 4282 4002 4283
f 4004 4277 4006
f 4284 4281 4275
f 4274 4020 4028
f 4028 4017 4025
f 4002 4013 4278
f 4013 4286 4278
f 4278 4026 4279
f 4285 4028 4023
f 4284 4023 4287
f 4009 4287 4286
f 4023 4284 4285
f 4028 4285 4274
f 4286 4013 4010
f 4002 4282 4013
f 4283 4288 4282
f 4286 4010 4009
f 4009 4289 4284
f 4288 4284 4289
f 4288 4281 4284
f 4009 4284 4287
f 4025 4016 4026
f 4253 4256 4255
f 4261 4241 4249
f 4249 4260 4261
f 4260 4252 4258
f 4252 4260 4249
f 4273 4265 4267
f 4246 4244 4272
f 4272 4266 4246
f 4272 4275 4273
f 4275 4272 4284
f 4275 4274 4263
f 4263 4273 4275
f 4262 4263 4271
f 4271 4270 4262
f 4272 4244 4284
f 4271 4263 4274
f 4243 4284 4244
f 4284 4243 4285
f 4274 4285 4268
f 4268 4271 4274
f 4243 4268 4285
f 4242 4268 4243
f 4268 4242 4269
f 4255 4258 4252
f 4252 4253 4255
f 4290 4024 4291
f 4293 3922 4294
f 4027 4029 3928
f 3927 4029 3924
f 3927 3928 4029
f 3922 4295 4294
f 4296 3923 3924
f 3928 4024 4027
f 4278 4296 3924
f 4278 3924 4026
f 4295 3923 4286
f 4296 4278 4286
f 4296 4286 3923
f 4286 4294 4295
f 4286 4293 4294
f 4287 4292 4293
f 4290 4292 4287
f 4023 4290 4287
f 4286 4287 4293
f 4018 4021 4300
f 4015 4297 4298
f 3941 4298 4297
f 4300 4021 4301
f 4019 3944 4301
f 3943 3944 4019
f 3939 3942 4302
f 4299 3939 4302
f 4022 3943 4019
f 3943 4022 4276
f 4302 3942 4276
f 3943 4276 3942
f 4276 4277 4302
f 4277 3941 4299
f 4277 4298 3941
f 4015 4298 4279
f 4277 4279 4298
f 4016 4015 4279
f 4302 4277 4299
f 4007 4303 3955
f 3956 4306 4305
f 4306 3956 4307
f 3956 4305 3955
f 4304 4011 4308
f 4307 3953 4309
f 3953 4014 4310
f 4014 4008 4310
f 4013 4310 4008
f 4282 4310 4013
f 4288 3953 4282
f 4309 3953 4288
f 4310 4282 3953
f 4288 4307 4309
f 4289 4305 4306
f 4289 3955 4305
f 4007 3955 4009
f 4306 4288 4289
f 4289 4009 3955
f 4306 4307 4288
f 4311 4001 4312
f 4001 4311 4000
f 4000 4311 3982
f 3980 4313 3982
f 4312 4003 4315
f 4315 4003 4005
f 4314 3978 4316
f 3978 3976 4317
f 4006 4317 3976
f 4281 4316 4280
f 4280 4317 4006
f 4316 3978 4280
f 4317 4280 3978
f 4281 4314 4316
f 4283 4313 3980
f 4283 3982 4313
f 4000 3982 4002
f 4281 4283 4314
f 4283 4002 3982
f 3980 4314 4283
f 3999 4318 4319
f 4321 3999 4320
f 4322 3999 4321
f 3999 4322 4323
f 4323 3997 3999
f 4318 3999 3997
f 4318 3997 3998
f 4319 4318 3998
f 4319 4324 4325
f 3999 4325 4327
f 4332 4327 4325
f 3999 4327 4320
f 4325 4326 4332
f 4320 4328 4321
f 4321 4329 4322
f 4323 3998 3997
f 3998 4323 4322
f 4319 3998 4330
f 4319 4330 4324
f 4326 4325 4331
f 4324 4331 4325
f 4332 4320 4327
f 4322 4333 3998
f 3994 3998 4333
f 4329 4321 4333
f 4334 4333 4321
f 4329 4333 4322
f 3994 3991 4330
f 3986 4324 3991
f 4330 3991 4324
f 3998 3994 4330
f 4321 4328 4345
f 4320 4342 4328
f 4342 4320 4332
f 3986 4331 4324
f 3985 4331 3986
f 4326 3984 4332
f 4342 4332 3984
f 4326 3985 3984
f 4331 3985 4326
f 4321 4345 4334
f 3996 3994 4333
f 4338 4333 4337
f 3996 4333 4338
f 3983 4339 3987
f 3984 3987 4339
f 4338 4340 4336
f 4338 4341 4340
f 4336 4340 4335
f 4338 4336 3996
f 4338 4337 4341
f 4334 4341 4337
f 4333 4334 4337
f 4343 4346 4344
f 4345 4328 4342
f 4346 4341 4334
f 4341 4346 4343
f 4334 4345 4346
f 4342 4339 4345
f 4345 4339 4347
f 4347 4346 4345
f 4347 4339 4344
f 4339 4342 3984
f 4346 4347 4344
f 4335 4341 4343
f 4340 4341 4335
f 3983 4344 4339
f 3982 4311 4344
f 3983 3982 4344
f 4311 4312 4344
f 3976 3977 4336
f 4315 4005 4343
f 4312 4315 4343
f 4335 4005 4336
f 4335 4343 4005
f 4336 4005 3976
f 4312 4343 4344
f 4350 4348 4355
f 4354 4355 4348
f 4362 4350 4351
f 4350 4362 4352
f 4352 3974 4350
f 4348 4350 3974
f 4348 3974 3975
f 4357 4358 4355
f 4349 4355 4358
f 4361 4357 4355
f 4355 4356 4361
f 4349 4358 4364
f 4351 4350 4364
f 4349 4364 4350
f 4351 4359 4362
f 4352 3975 3974
f 3975 4352 4362
f 4348 3975 4353
f 4348 4353 4354
f 4354 4353 4360
f 4356 4355 4360
f 4354 4360 4355
f 4357 4361 4358
f 4351 4363 4359
f 4351 4374 4363
f 3968 3975 3972
f 3973 3972 3975
f 3975 3968 4353
f 4353 3968 3967
f 4351 4364 4374
f 4358 4361 3958
f 3959 3958 4361
f 4364 4358 3958
f 4353 3963 4360
f 3967 3963 4353
f 3961 3959 4356
f 4361 4356 3959
f 4356 4360 3961
f 4362 4368 3975
f 4363 4368 4362
f 3975 4368 3973
f 4367 3959 3957
f 4369 4368 4363
f 4368 4365 3973
f 4365 4368 4366
f 3973 4365 3970
f 4368 4369 4370
f 4366 4370 4365
f 4359 4363 4362
f 4374 4364 3958
f 4375 4371 4376
f 4363 4374 4376
f 4369 4363 4371
f 4371 4363 4376
f 4371 4370 4369
f 4375 4370 4371
f 4370 4366 4368
f 3958 4367 4374
f 4374 4367 4372
f 4372 4376 4374
f 4367 3958 3959
f 4367 3957 4373
f 4373 4372 4367
f 3955 4303 3957
f 4303 4304 4372
f 4014 3970 4012
f 4303 4373 3957
f 4303 4372 4373
f 4304 4376 4372
f 4304 4308 4375
f 4011 4012 4370
f 4308 4011 4370
f 4376 4304 4375
f 4370 4375 4308
f 4012 4365 4370
f 4012 3970 4365
f 4382 3951 4381
f 4377 4381 3951
f 3950 3951 4382
f 4378 3951 3950
f 4379 3952 3951
f 3951 3952 4380
f 4380 4377 3951
f 4378 3950 3945
f 4382 3945 3950
f 4378 3945 3951
f 4379 3951 3945
f 4385 3952 4379
f 3952 4385 4383
f 4383 4380 3952
f 4380 4383 4377
f 4381 4377 4383
f 4381 3945 4382
f 4379 4388 4385
f 4384 4388 3945
f 4379 3945 4388
f 3938 3945 4381
f 3945 3938 3946
f 4381 3948 3947
f 3948 4381 4383
f 4381 3947 3938
f 4383 3949 3948
f 4385 4387 4383
f 4387 4386 4383
f 4301 4383 4386
f 4388 4389 4385
f 3945 3940 4384
f 4385 4389 4387
f 4301 4386 4387
f 4387 4300 4301
f 3940 3941 4384
f 4388 4384 4297
f 4389 4388 4297
f 4300 4389 4018
f 4389 4297 4015
f 4015 4018 4389
f 4384 3941 4297
f 4389 4300 4387
f 4394 3936 4390
f 4393 4390 3936
f 4391 3936 4394
f 4392 3937 3936
f 3936 3937 4393
f 4390 4392 4391
f 4394 4390 4391
f 4391 4392 3936
f 4395 3937 4392
f 3937 4395 3925
f 3925 4393 3937
f 4390 4393 3925
f 4396 4392 3921
f 3930 4390 3931
f 4390 3930 3921
f 4390 3921 4392
f 3932 4390 3933
f 4390 3932 3931
f 4395 4392 4396
f 4390 3925 3933
f 3925 3935 3934
f 3925 4395 3935
f 3935 4395 3929
f 4398 4395 4396
f 4397 4398 4396
f 4396 3921 4397
f 3929 4291 4024
f 4024 3928 3929
f 3929 4395 4291
f 3921 3922 4293
f 4292 4398 4397
f 4395 4290 4291
f 4395 4398 4290
f 4292 4290 4398
f 4397 4293 4292
f 4397 3921 4293
f 3916 4399 3919
f 3914 2255 2254
f 3919 4399 4400
f 4399 4401 4400
f 2251 4401 4402
f 2253 2252 4402
f 2254 2253 4402
f 2251 4402 2252
f 4402 3914 2254
f 4402 4401 4399
f 3916 4402 4399
f 3914 3916 3915
f 4402 3916 3914
f 3912 4413 4412
f 3912 3911 4413
f 4411 4410 4414
f 3911 4416 4413
f 4416 4414 4415
f 4407 4408 4429
f 4409 4410 4417
f 4408 4409 4429
f 4418 4407 4429
f 4429 4409 4417
f 4411 4414 4420
f 4414 4416 4419
f 4419 4416 4421
f 4419 4420 4414
f 4411 4420 4410
f 4405 4407 4418
f 3913 4406 4449
f 4404 4403 4406
f 4403 4405 4422
f 4403 4422 4406
f 4422 4405 4418
f 4454 4421 4416
f 4416 3911 4454
f 4428 4421 4425
f 4425 4427 4424
f 4426 4423 4421
f 4425 4424 4428
f 4421 4428 4426
f 4421 4423 4419
f 4410 4431 4417
f 4430 4432 4417
f 4431 4433 4417
f 4430 4417 4433
f 4432 4429 4417
f 4434 4410 4420
f 4435 4434 4420
f 4420 4419 4435
f 4431 4434 4435
f 4435 4426 4428
f 4426 4435 4419
f 4424 4435 4428
f 4434 4431 4410
f 4429 4432 4437
f 4432 4436 4437
f 4429 4437 4418
f 4438 4418 4437
f 4437 4436 4438
f 4441 4418 4438
f 4441 4438 4436
f 4436 4453 4440
f 4436 4442 4441
f 4441 4439 4418
f 4436 4440 4442
f 4418 4439 4422
f 4447 4444 4446
f 4445 4449 4448
f 4448 4446 4444
f 4445 4448 4444
f 4444 4449 4445
f 4447 4443 4444
f 4450 4406 4452
f 4451 4406 4422
f 4406 4450 4449
f 4449 4450 4452
f 4441 4451 4422
f 4440 4452 4441
f 4441 4452 4451
f 4452 4406 4451
f 4449 4444 3913
f 4447 4446 4454
f 4454 4446 4453
f 4447 4454 4443
f 4454 4453 4421
f 4425 4421 4453
f 4436 4425 4453
f 4436 4427 4425
f 4427 4436 4432
f 4433 4431 4435
f 4435 4430 4433
f 4432 4435 4427
f 4430 4435 4432
f 4427 4435 4424
f 4448 4453 4446
f 4452 4440 4453
f 4452 4448 4449
f 4448 4452 4453
f 4455 4456 2284
f 4457 2286 4456
f 4455 2284 2285
f 4456 2287 2284
f 2289 2284 2287
f 2288 4456 2286
f 4456 2288 2287
f 4458 4459 2283
f 4459 4458 4460
f 2283 2280 2278
f 4459 2282 2283
f 4458 2283 2278
f 4464 3910 4461
f 4463 3910 4462
f 4466 3907 4465
f 4466 4465 4476
f 4468 4467 4469
f 4469 4476 4468
f 4472 4469 4467
f 3907 4466 4462
f 4472 4488 4474
f 4467 4473 4472
f 4472 4473 4488
f 4474 4471 4472
f 4474 4470 4471
f 2275 3899 3898
f 3904 3899 2274
f 4475 4464 3898
f 3904 4470 4474
f 4470 3904 2274
f 2274 3899 2275
f 3898 4464 2275
f 3906 4464 4475
f 3896 3907 3908
f 3907 3896 4465
f 3896 4476 4465
f 4476 3891 3890
f 4476 3890 4477
f 4476 3896 3891
f 4468 4478 4467
f 4478 4473 4467
f 3904 4474 4479
f 4479 4474 4481
f 3904 4479 3905
f 4482 4480 3905
f 3905 4479 4481
f 4483 4481 4474
f 4488 4483 4474
f 4481 4483 4482
f 4482 4483 4487
f 4483 4488 4487
f 4482 3905 4481
f 4475 3903 4484
f 3902 4485 4484
f 3903 4475 4486
f 3898 4486 4475
f 3902 4484 3903
f 4473 4476 4477
f 4497 4485 4487
f 4475 4484 4490
f 4490 3906 4475
f 4489 4490 4484
f 4489 4491 4490
f 4490 4495 3906
f 4494 4493 3909
f 4494 4492 3897
f 3897 3908 4493
f 4493 3908 3909
f 3906 4495 3909
f 3909 4495 4494
f 4490 4491 4494
f 4494 4495 4490
f 4494 3897 4493
f 4497 4496 3895
f 3894 4498 4497
f 4477 3890 4496
f 3895 4496 4499
f 3890 4499 4496
f 3894 4497 3895
f 4473 4478 4476
f 4468 4476 4478
f 4487 4485 4482
f 3901 4485 3902
f 3901 4480 4482
f 4480 3901 3905
f 3901 4482 4485
f 4491 4489 4498
f 4497 4498 4489
f 4489 4484 4497
f 4484 4485 4497
f 4477 4496 4488
f 4477 4488 4473
f 4488 4496 4487
f 4496 4497 4487
f 3897 4492 3893
f 4492 4494 3893
f 4498 3894 3893
f 4498 4494 4491
f 4498 3893 4494
f 4501 4500 4502
f 4503 4123 4504
f 3881 4508 4510
f 3886 3881 4510
f 4523 4509 3861
f 3861 4509 4507
f 4508 4511 4510
f 4510 4511 4513
f 3886 4513 4512
f 4513 4511 4514
f 4520 4514 4511
f 4510 4513 3886
f 3875 4529 3874
f 4527 3871 3874
f 4518 4508 3888
f 4518 4517 4508
f 4508 4516 4511
f 3888 3887 4518
f 3881 3888 4508
f 4516 4515 4511
f 4515 4521 4522
f 4520 4515 4522
f 4520 4511 4515
f 4522 4521 4519
f 4521 4507 4509
f 4509 4519 4521
f 4523 4522 4519
f 4519 4509 4523
f 4525 4521 4515
f 4525 4516 4517
f 4528 4525 4526
f 4517 4526 4525
f 4516 4525 4515
f 4508 4517 4516
f 4524 4528 4526
f 4527 4528 4524
f 4529 4528 4527
f 4528 4529 4507
f 4529 4527 3874
f 4525 4528 4521
f 4520 4513 4514
f 4528 4507 4521
f 3875 4507 4529
f 4513 4530 4531
f 4512 4513 4537
f 4531 4537 4513
f 4520 4536 4530
f 4530 4513 4520
f 4520 4533 4536
f 4537 3886 4512
f 3883 3884 4539
f 3886 4539 3884
f 4537 4539 3886
f 4539 4532 3883
f 4543 3879 4532
f 3883 4532 3879
f 4533 4522 4523
f 4523 4541 4534
f 4533 4523 4534
f 4535 3869 3879
f 4543 4535 3879
f 4523 3862 4541
f 4541 3862 4535
f 3869 4535 3862
f 4533 4520 4522
f 4538 4533 4534
f 4538 4548 4533
f 4548 4536 4533
f 4540 3854 4537
f 4537 3854 4539
f 3853 3854 4540
f 4541 4535 3857
f 3859 4535 4542
f 3859 3857 4535
f 4543 4542 4535
f 4544 4532 4539
f 4544 4543 4532
f 3860 4546 4541
f 4541 4546 4538
f 3858 4546 3860
f 4534 4541 4538
f 4548 4531 4530
f 4540 4537 4547
f 4531 4547 4537
f 4530 4536 4548
f 4546 4550 4538
f 4549 4548 4538
f 4549 4538 4550
f 3858 3856 4550
f 4550 4546 3858
f 4551 4548 4549
f 3851 3853 4540
f 4540 4552 3851
f 4548 4551 4531
f 4547 4552 4540
f 4551 4547 4531
f 3855 3857 3859
f 3860 4541 3857
f 4542 4543 3859
f 3852 4545 4543
f 4544 4539 3854
f 4543 4544 3852
f 3859 4545 3852
f 4544 3854 3852
f 4545 3859 4543
f 4550 3845 4553
f 4553 4549 4550
f 3856 3845 4550
f 4554 4549 4553
f 4551 4549 4554
f 3845 3855 3859
f 3847 3845 3859
f 3856 3855 3845
f 4551 4558 4555
f 4555 4547 4551
f 4555 4552 4547
f 4552 4555 3848
f 3848 3851 4552
f 3851 3848 3852
f 3859 3852 3847
f 3848 3847 3852
f 4551 4554 4558
f 3848 4555 4556
f 3849 3848 4556
f 4556 4555 4558
f 4559 4558 4554
f 4554 4553 4559
f 4553 3845 4557
f 3850 4553 4557
f 3847 4557 3846
f 3850 4557 3847
f 4558 4559 4553
f 4556 4558 3850
f 3850 3849 4556
f 4558 4553 3850
f 4560 3871 4561
f 3873 3871 4560
f 3876 3873 4560
f 4527 4561 3871
f 4524 4526 4561
f 4527 4524 4561
f 4561 4526 4562
f 3885 4563 3887
f 4563 3885 3876
f 3876 4560 4563
f 4518 3887 4562
f 4562 3887 4563
f 4518 4562 4517
f 4517 4562 4526
f 3842 1408 3843
f 1406 1401 4568
f 4568 4567 1406
f 1407 1406 4567
f 4570 1404 4569
f 1402 1399 4572
f 4570 4569 4571
f 4569 3843 3841
f 1404 3842 4569
f 3841 4571 4569
f 3844 4571 3841
f 3842 3843 4569
f 4571 3844 3839
f 4571 4572 4573
f 4572 4571 3839
f 1402 4572 3839
f 4574 4570 4595
f 4570 4574 1404
f 4574 4595 4575
f 4595 4570 4576
f 4570 4571 4576
f 4574 4577 1404
f 1404 4577 1405
f 4577 4578 1405
f 4579 1405 4578
f 4580 4571 4573
f 4573 4582 4580
f 4582 4573 4572
f 4582 4581 4580
f 4579 1403 1406
f 4591 1399 1400
f 4584 4591 1400
f 1400 1403 4583
f 1400 4583 4584
f 1399 4591 4572
f 4576 4571 4580
f 4577 4574 4585
f 4585 4586 4577
f 4588 4587 4578
f 4578 4577 4588
f 4588 4577 4586
f 4578 4587 4579
f 4589 4583 1403
f 1403 4579 4589
f 4584 4583 4590
f 4583 4589 4590
f 4584 4590 4591
f 4591 4592 4572
f 4593 4582 4572
f 4572 4592 4593
f 4593 4594 4580
f 4580 4581 4593
f 4582 4593 4581
f 4574 4575 4585
f 4575 4595 4596
f 4591 4590 4593
f 4575 4593 4590
f 4587 4590 4589
f 4593 4592 4591
f 4580 4594 4595
f 4594 4593 4595
f 4590 4587 4588
f 4588 4586 4585
f 4588 4575 4590
f 4595 4593 4596
f 4595 4576 4580
f 4585 4575 4588
f 4593 4575 4596
f 4589 4579 4587
f 4598 4597 4115
f 4113 4115 4597
f 4598 4599 4597
f 4597 4599 4600
f 4598 4601 4599
f 4602 4603 4601
f 4600 4599 4604
f 4605 4606 4604
f 4604 4599 4603
f 4605 4603 4602
f 4605 4607 4606
f 4605 4604 4603
f 4091 4142 4090
f 4142 4091 4608
f 4126 4051 4057
f 4051 4126 4157
f 4611 4610 3808
f 3797 3808 3809
f 4612 4613 3797
f 3800 3799 4614
f 3797 3809 3798
f 4615 3808 3797
f 4613 4612 4616
f 4613 4616 4617
f 4615 4613 4617
f 3797 4613 4615
f 4612 3800 4616
f 4618 4615 4617
f 4617 4616 3800
f 4617 3800 4614
f 4614 4098 4617
f 4617 4619 4618
f 4100 4098 4614
f 4615 4611 3808
f 4599 4601 4603
f 2250 3838 4620
f 2250 2248 3838
f 2250 4620 1365
f 3834 3836 4621
f 1365 4622 2249
f 4622 4623 2249
f 4622 1366 4623
f 4621 1366 4622
f 4622 3834 4621
f 4622 1365 4620
f 3834 4620 3838
f 3837 3834 3838
f 3834 4622 4620
f 4624 4625 4094
f 4094 4111 4624
f 4626 4097 4216
f 4114 4097 4626
f 4627 4114 4626
f 4627 4116 4114
f 4116 4627 4628
f 4628 4124 3833
f 4124 4628 4122
f 4122 4628 4629
f 4629 4119 4122
f 4629 4630 4119
f 4118 4119 4630
f 4630 4631 4118
f 3832 3833 4124
f 3832 4116 4628
f 4628 3833 3832
f 4632 4143 4608
f 4142 4608 4143
f 4633 4141 4143
f 4632 4633 4143
f 4634 4637 4635
f 4636 4598 4115
f 4636 4637 4634
f 4115 4637 4636
f 4637 4638 4635
f 4637 4115 4638
f 4115 4112 4639
f 4115 4639 4638
f 4640 4638 4639
f 4641 4642 4113
f 4643 4641 4597
f 4113 4597 4641
f 4639 4624 4111
f 4111 4113 4639
f 4642 4640 4113
f 4639 4626 4624
f 4640 4639 4113
f 4091 4162 4164
f 4160 4162 4091
f 4625 4644 4160
f 4645 4646 4091
f 4646 4633 4608
f 4608 4633 4632
f 4160 4094 4625
f 4094 4160 4091
f 4091 4646 4608
f 4645 4091 4164
f 4647 4613 4616
f 4613 4647 4648
f 4648 4616 4613
f 4653 4652 4797
f 5251 4684 4798
f 4676 4657 4658
f 4677 4801 4675
f 4679 5251 4678
f 4654 4674 4681
f 4680 5254 4654
f 4752 4795 4794
f 4688 4662 4659
f 4820 4756 4664
f 4696 4671 4755
f 4660 4786 5245
f 4690 4834 4661
f 4689 4819 4664
f 4697 4755 4663
f 4672 4751 4687
f 4655 4685 4656
f 4867 4708 5268
f 4702 4723 4758
f 4867 4732 4724
f 4727 4702 4726
f 4721 4960 4731
f 4708 4700 5268
f 4725 4701 5281
f 4863 4715 4733
f 4698 4878 4699
f 4735 4895 4720
f 4746 4712 5289
f 4718 4846 4716
f 4739 4738 4737
f 2463 4716 4717
f 4740 4737 4738
f 4739 4762 4741
f 4745 4746 4711
f 4745 4711 4710
f 4892 4718 4736
f 4739 4737 4762
f 4960 4761 4731
f 4720 4719 4748
f 4743 6577 4742
f 5268 4700 4734
f 4775 4769 4805
f 4776 4781 5254
f 4688 4695 4662
f 4669 4790 4692
f 4797 4652 4752
f 4678 4683 4779
f 4663 4694 4754
f 4695 4688 4826
f 4670 4664 4819
f 4689 5245 4786
f 4782 4824 5257
f 4666 4753 4667
f 4975 4790 4661
f 4691 4901 4693
f 4722 5281 4856
f 4723 4702 4727
f 4713 4765 4714
f 4733 4750 4760
f 4718 4892 4846
f 4720 4748 4735
f 4878 4730 4699
f 4844 4717 4852
f 4728 4698 4699
f 4707 4729 4730
f 4864 4706 4705
f 4848 4746 4745
f 4766 4740 4844
f 4737 4740 4766
f 6583 4743 4768
f 4649 5122 4650
f 4752 4774 4797
f 4684 4778 4798
f 4783 4694 4686
f 4690 4756 4784
f 4785 4755 4697
f 4787 4696 4755
f 4788 4695 4826
f 4791 4691 4693
f 4695 4981 4662
f 4809 4674 4682
f 4793 4795 4781
f 4681 4772 4654
f 5254 4796 4776
f 4800 4770 4657
f 4799 4779 4683
f 4803 4775 4805
f 4804 4805 4651
f 4673 4792 4806
f 4808 4794 4795
f 4682 4673 4809
f 5251 4679 4810
f 4802 5254 4680
f 4812 4684 5251
f 4676 4813 4657
f 4801 4815 4751
f 4751 4816 4687
f 4667 4753 4821
f 4692 4790 4973
f 4822 4834 4690
f 4665 4821 4753
f 4693 4668 4823
f 4826 4671 4837
f 4672 4827 4986
f 4670 4819 4830
f 4660 4831 4786
f 4662 4836 4659
f 4665 4669 4821
f 4669 4692 4973
f 4671 4696 4837
f 4655 4656 4807
f 4656 4685 4565
f 4840 4730 4764
f 4864 4705 5063
f 4726 4757 4843
f 4841 4723 4727
f 4842 4867 4724
f 4763 4715 4863
f 4750 4963 4760
f 4705 4866 5063
f 4767 4741 4845
f 4761 4882 4759
f 4709 4855 4757
f 4700 4860 4734
f 4704 4861 4750
f 4900 4763 4862
f 4733 4760 4963
f 4868 4725 4758
f 4730 4872 4707
f 4873 4706 4864
f 4707 4866 4705
f 4877 4698 4728
f 4733 4879 4863
f 4713 4880 4765
f 4759 5023 4711
f 4712 4746 4885
f 4721 4731 4884
f 4719 4744 4894
f 4747 4893 4744
f 4886 4762 4737
f 4846 4889 4716
f 4735 4748 4891
f 4893 4747 4712
f 4719 4894 4748
f 4737 4766 4896
f 4898 4742 4767
f 4743 4742 4887
f 4899 4717 4716
f 4899 4749 4717
f 4871 4709 4901
f 4773 5122 4649
f 4772 4681 4674
f 5254 4802 4796
f 4651 4650 5122
f 4675 4770 4989
f 4814 4816 4751
f 4800 4657 4813
f 4777 4752 4794
f 4653 4799 4683
f 4774 4752 4777
f 4812 4994 4684
f 4771 4687 4816
f 4773 4649 4655
f 4777 4797 4774
f 4814 4751 4815
f 4780 4672 4687
f 4989 4677 4675
f 4779 4679 4678
f 4771 4780 4687
f 4828 4686 4986
f 4787 4755 4785
f 4697 4818 4785
f 4659 4782 5257
f 4788 4981 4695
f 4786 4977 4689
f 4819 4689 4977
f 4817 4832 4690
f 4693 4823 4972
f 4834 4974 4661
f 4974 4975 4661
f 4820 4784 4756
f 4690 4832 4822
f 4670 4820 4664
f 4669 4973 4821
f 4686 4828 4783
f 4836 4980 4659
f 4831 4979 4786
f 4662 4981 4829
f 4825 4818 4697
f 4791 4693 4972
f 4791 4901 4691
f 4789 4835 4666
f 4666 4667 4789
f 4871 4855 4709
f 4797 4811 4653
f 5251 4810 4812
f 4676 4658 4813
f 4680 4654 4802
f 4697 4663 4754
f 4836 4662 4829
f 4660 4833 4831
f 4817 4690 4784
f 4666 4835 4668
f 4857 4758 4723
f 4722 4856 4839
f 4854 4841 4727
f 4838 4842 4724
f 4966 4728 4734
f 4750 5061 4963
f 4874 4865 4733
f 4900 4880 4713
f 4879 4733 4865
f 4876 4730 4840
f 4765 4880 4849
f 4843 4859 4726
f 4750 4861 5061
f 5281 4701 4856
f 4966 4734 4860
f 4732 4870 4724
f 4857 4868 4758
f 4722 4858 4703
f 4859 4969 4726
f 4862 4763 4863
f 4764 4730 4878
f 4965 4877 4728
f 4730 4876 4872
f 4727 4869 4854
f 4895 4735 4890
f 4891 4851 4735
f 4892 4946 4846
f 4883 4759 4847
f 4848 4885 4746
f 4744 4893 4850
f 4894 4744 4957
f 4741 4762 4845
f 4768 4888 6583
f 4761 4960 4882
f 4881 4731 4765
f 4957 4744 4850
f 4883 5023 4759
f 4847 4759 4882
f 4853 4762 4886
f 4737 4896 5049
f 4887 4768 4743
f 4767 4845 4898
f 4749 4852 4717
f 4731 4881 4884
f 4757 4855 4843
f 4877 4878 4698
f 4860 4700 4708
f 4963 4874 4733
f 4707 4872 4866
f 4873 4875 4706
f 4706 4875 4704
f 4732 4703 4870
f 4969 4727 4726
f 4892 4736 4947
f 4736 4895 4947
f 4897 4742 4898
f 4887 4742 4897
f 4565 4685 4564
f 4904 4611 4615
f 4905 4615 4906
f 4615 4905 4904
f 4098 4092 4907
f 4907 4908 4617
f 4617 4098 4907
f 4909 4916 4618
f 4909 4618 4910
f 4618 4911 4910
f 8388 4912 4618
f 4619 4915 4911
f 4915 4619 4913
f 4911 4618 4619
f 4913 4619 4914
f 4618 4916 8388
f 4917 4916 4909
f 5131 4918 5048
f 1621 4919 1622
f 5313 1595 1622
f 5015 4921 1620
f 1610 4925 1611
f 4922 5041 1616
f 6575 6576 4934
f 4934 4933 6679
f 4933 4931 4935
f 4902 4939 4903
f 4888 4940 4941
f 4943 4897 4845
f 4766 5036 5049
f 4716 4749 4899
f 5021 4749 4716
f 4944 4853 4737
f 4941 4939 4888
f 4949 4890 4735
f 5278 4947 4895
f 4957 5060 4894
f 4885 4950 4712
f 1598 4951 4955
f 4955 8242 1599
f 4946 5021 4846
f 4954 1597 4918
f 4947 4948 4892
f 4951 4953 4952
f 4946 4892 4948
f 4716 4889 5021
f 8236 1602 4956
f 5023 4959 4710
f 4960 5052 4882
f 4900 5028 4961
f 4865 4962 4863
f 4962 5028 4863
f 4704 5029 4861
f 5063 4866 4964
f 4878 5272 4764
f 5272 4878 4965
f 4865 4863 4879
f 4966 5285 4728
f 4708 5068 5067
f 4967 5068 4708
f 4722 4968 5069
f 5069 4870 4703
f 4856 4968 4839
f 4868 5078 4725
f 4968 4856 5071
f 5072 4838 4724
f 4969 4869 4727
f 5078 4868 5074
f 4821 5082 5286
f 4821 4973 5081
f 5081 5082 4821
f 5104 4784 4820
f 4976 5083 4670
f 5106 4833 4660
f 5107 5106 4659
f 4696 4984 4983
f 4697 4985 4825
f 4982 4981 4788
f 5286 4789 4667
f 4672 4986 4827
f 4986 4672 5115
f 4989 4801 4677
f 4658 4991 4992
f 4798 4991 4658
f 4817 4784 4978
f 4972 4668 5080
f 4988 4771 4815
f 4974 4834 4978
f 4819 4977 4830
f 4820 4670 5083
f 4783 4828 4987
f 4857 5074 4868
f 4725 5078 4856
f 4672 4780 5115
f 4994 4778 4684
f 4679 5231 4810
f 5114 4679 4779
f 4798 4993 4991
f 4983 4982 4826
f 5104 4820 5083
f 4795 5117 4808
f 4809 4996 4674
f 4996 4772 4674
f 5235 5099 4654
f 4796 5117 4776
f 4775 4803 5127
f 5127 4997 4792
f 4997 4809 4673
f 5099 4796 4802
f 5100 4803 4805
f 4995 4777 4794
f 4655 4999 4998
f 5122 5100 4651
f 4895 4890 5278
f 4888 4768 4940
f 4902 4888 4939
f 5049 4944 4737
f 4845 4897 4898
f 4886 4737 4853
f 4887 4897 4942
f 4894 4891 4748
f 4850 4893 4957
f 4712 4950 4893
f 4766 4844 5036
f 5021 4889 4846
f 4896 4766 5049
f 4735 4851 4949
f 4938 4936 4903
f 4852 5036 4844
f 4848 4745 4959
f 4745 4710 4959
f 4961 4880 4900
f 4900 4862 5028
f 5029 4704 4875
f 5028 4862 4863
f 4847 5052 4883
f 5063 4873 4864
f 4876 4840 4872
f 4965 4878 4877
f 4965 4728 5285
f 4847 4882 5052
f 4881 4765 4849
f 4883 5052 5023
f 5025 4960 4721
f 4710 4711 5023
f 4849 4880 4881
f 1602 5000 1603
f 5000 1602 5001
f 1602 8236 1608
f 1601 4956 1602
f 1603 5000 5002
f 4956 1601 1599
f 4955 1599 1598
f 4918 1597 5048
f 4953 1597 4954
f 5131 5048 1596
f 1618 4921 5015
f 4922 1616 4923
f 1602 1608 5001
f 4921 1618 1616
f 1619 4920 4919
f 1614 4924 1612
f 1621 1619 4919
f 4749 5036 4852
f 4768 4887 4940
f 5046 4928 4927
f 4929 5046 4930
f 4958 4929 4945
f 4935 6679 4933
f 6679 6575 4934
f 6681 4931 4932
f 4931 6681 4935
f 4926 4925 1610
f 4967 4708 4867
f 4970 4871 4901
f 4841 4854 5074
f 5069 4703 4858
f 4856 4701 4725
f 4668 4835 5080
f 4723 5074 4857
f 4867 4842 4967
f 5106 4824 4782
f 5106 4660 4824
f 4976 4670 4830
f 4817 4978 4832
f 4980 4836 4829
f 4822 4832 4978
f 4841 5074 4723
f 4839 4968 4722
f 4668 4972 4823
f 4791 4970 4901
f 4972 4971 4791
f 4855 4871 4843
f 4838 4967 4842
f 4978 4834 4822
f 4973 4790 4975
f 5286 4667 4821
f 4696 4983 4837
f 4984 4696 4787
f 4779 4799 5114
f 4986 4987 4828
f 4694 4985 4754
f 4815 4801 4988
f 4811 4797 4777
f 4653 4811 4799
f 4813 4658 4992
f 4769 5127 4792
f 4792 4997 4806
f 4781 5117 4793
f 4654 5099 4802
f 4804 4651 5100
f 4673 4806 4997
f 4772 5235 4654
f 4795 4793 5117
f 4771 4816 4814
f 4985 4697 4754
f 4783 4985 4694
f 4815 4771 4814
f 4990 4989 4770
f 4778 4993 4798
f 4994 4812 4810
f 4800 4813 4992
f 4808 4995 4794
f 5117 4781 4776
f 4722 5069 4858
f 4724 4870 5072
f 5067 4966 4860
f 4786 4979 4977
f 5106 4782 4659
f 5107 4659 4980
f 4831 4833 4979
f 5067 4860 4708
f 4787 4785 4818
f 4770 4800 4990
f 4775 5127 4769
f 4773 4998 5122
f 4998 4773 4655
f 4807 4999 4655
f 4805 4804 5100
f 4826 4837 4983
f 4826 4982 4788
f 5044 5004 4921
f 1611 4925 5005
f 5006 5007 4928
f 1628 4923 1613
f 5008 4958 4945
f 6576 5010 5011
f 5009 5012 4931
f 5013 5014 4939
f 4887 5040 5015
f 5016 5010 4937
f 4749 5018 5019
f 5021 5018 4749
f 4880 5028 5056
f 4865 4874 5026
f 5026 5027 4865
f 5271 4964 4866
f 5025 5030 4960
f 4923 5003 4922
f 5031 4927 5007
f 4920 5043 4919
f 1626 4924 5005
f 5014 5034 4903
f 6576 5011 5035
f 5037 4762 5017
f 5012 5039 4931
f 1626 1628 1612
f 5042 4925 4926
f 4945 5047 5008
f 5015 4941 4940
f 5035 5048 4934
f 4937 4936 5034
f 4943 5037 5040
f 5048 5038 4934
f 5039 5047 4931
f 4948 5020 5057
f 5292 4957 5022
f 4947 5278 5020
f 5272 4965 5284
f 4890 4949 5278
f 5051 5059 4848
f 5292 5060 4957
f 4894 5060 4851
f 5058 5024 5052
f 4721 5062 5025
f 5063 5064 4873
f 5065 4963 5061
f 5066 4840 5053
f 4881 5056 5062
f 4873 5064 5029
f 5067 5285 4966
f 5075 5076 4871
f 5077 4843 5076
f 5073 4969 4859
f 5084 5085 4979
f 5084 4979 5087
f 5239 4978 5088
f 5089 5257 4980
f 5091 4787 5263
f 5094 4801 5125
f 5097 4994 5124
f 5114 4799 5098
f 5100 5249 4803
f 5104 5105 4784
f 5108 4968 5071
f 5101 4843 5077
f 4975 4974 5239
f 5072 5102 4838
f 5070 4856 5078
f 4972 5080 4971
f 4978 4784 5088
f 4835 4789 5267
f 4979 5086 5087
f 4985 5111 4825
f 4829 5110 4980
f 4984 5091 5092
f 5103 4970 4791
f 5258 4780 4771
f 5113 4777 5252
f 5231 4679 5114
f 5115 5093 4986
f 5111 4783 5116
f 4999 4807 5248
f 4772 5119 5120
f 4656 5121 5248
f 5100 5122 5123
f 4992 5095 5096
f 4778 5097 4993
f 5258 4771 5094
f 5113 5098 4811
f 5126 4772 5120
f 4995 5112 5252
f 4996 4809 5119
f 4997 5127 5233
f 5117 4796 5099
f 5118 5128 4998
f 5125 4989 4990
f 4987 5093 5116
f 5313 5129 1595
f 1596 5130 5131
f 5033 1622 4919
f 4927 5031 5042
f 1611 5005 4924
f 5007 4927 4928
f 4934 5038 4933
f 5009 4931 4933
f 5014 4903 4939
f 4937 5010 6576
f 4940 4887 5015
f 4887 4942 5040
f 1595 5129 1596
f 5037 4845 4762
f 1612 4924 1626
f 5004 1620 4921
f 5034 4938 4903
f 1616 5044 4921
f 5040 4942 4897
f 5051 4848 4959
f 4851 4891 4894
f 4749 5019 5036
f 4893 5022 4957
f 4853 4944 5017
f 4861 5029 5055
f 4964 5054 5063
f 5053 4840 4764
f 4961 5028 4880
f 4865 5027 4962
f 4873 5029 4875
f 5023 5052 5024
f 4893 4950 5022
f 4948 4947 5020
f 5271 4866 4872
f 4884 5062 4721
f 4881 4880 5056
f 5052 4960 5030
f 4762 4853 5017
f 1612 1628 1613
f 1622 5033 5313
f 5043 4920 1620
f 5032 5046 4929
f 1616 5041 5044
f 5045 4928 5046
f 4897 4943 5040
f 5047 4945 4931
f 5035 4934 6576
f 5034 4936 4938
f 4845 5037 4943
f 5036 5050 5049
f 5057 5021 4946
f 4948 5057 4946
f 5055 5061 4861
f 4950 4885 5059
f 4963 5065 4874
f 5059 4885 4848
f 5062 4884 4881
f 4870 5069 5072
f 5078 5074 5079
f 4969 5073 4869
f 5075 4871 4970
f 4854 4869 5073
f 4843 4871 5076
f 5073 5074 4854
f 4856 5070 5071
f 4976 4830 5085
f 5086 4979 4833
f 4973 5109 5081
f 5239 4974 4978
f 4833 5106 5086
f 4835 5267 5080
f 5107 4980 5257
f 5085 4977 4979
f 5085 5083 4976
f 4825 5263 4818
f 4801 5094 4988
f 5093 4987 4986
f 5095 4992 4991
f 4771 4988 5094
f 4818 5263 4787
f 4783 5111 4985
f 4994 4810 5124
f 4811 5098 4799
f 4808 5112 4995
f 4808 5117 5112
f 4997 5233 4809
f 5122 4998 5128
f 4984 5092 4983
f 4999 5118 4998
f 4777 5113 4811
f 5125 4801 4989
f 4778 4994 5097
f 4982 4983 5090
f 5102 4967 4838
f 4830 4977 5085
f 4859 4843 5101
f 5108 5069 4968
f 4791 4971 5103
f 4973 4975 5109
f 4829 4981 5110
f 4984 4787 5091
f 4783 4987 5116
f 5124 4810 5231
f 4772 5126 5235
f 4800 4992 5096
f 4777 4995 5252
f 4772 4996 5119
f 5127 4803 5249
f 5121 4656 4565
f 4965 5285 5284
f 5248 4807 4656
f 5130 1596 5129
f 5132 5137 3777
f 5137 5138 3777
f 5151 5152 5153
f 3791 5149 5155
f 5202 5203 5208
f 5153 5155 5151
f 5147 5159 5154
f 5160 5162 3801
f 5161 5162 5175
f 5175 5163 5161
f 5134 5136 5135
f 5163 5175 5164
f 5138 5139 3777
f 5153 3791 5155
f 5158 5148 5157
f 5144 5143 5145
f 5152 5154 5153
f 5150 5157 5156
f 5150 5156 5202
f 5160 5175 5162
f 4504 4107 5165
f 4107 4504 4123
f 5165 5166 4504
f 5167 5168 4500
f 5169 4502 4500
f 5169 4500 5168
f 5170 5171 4614
f 5171 5170 5172
f 5170 4614 3799
f 5160 3821 3811
f 5174 5172 5173
f 5174 5173 5175
f 5174 5176 5160
f 5176 5174 5175
f 5160 3811 5174
f 4614 5177 5181
f 5178 4614 5179
f 4101 4100 4614
f 5178 5180 4614
f 4101 4614 5180
f 5181 5179 4614
f 5181 5177 5182
f 5183 5184 5182
f 5185 5182 5184
f 5181 5182 5186
f 5185 5186 5182
f 5187 5185 5184
f 5188 2189 5189
f 5189 2189 2188
f 5190 5188 5189
f 5189 2188 5191
f 2188 5192 5191
f 2188 5301 5192
f 5193 5192 5301
f 5195 5194 5301
f 5195 5301 4610
f 5175 5173 5172
f 5175 5160 5176
f 5160 5139 3821
f 5170 3799 5196
f 5172 5196 5164
f 5196 5172 5170
f 5175 5172 5164
f 5139 3810 3821
f 3810 5139 5138
f 5138 3814 3810
f 5137 3814 5138
f 3814 5137 3812
f 5137 3770 3812
f 3817 3820 3822
f 3809 3807 3796
f 3806 3796 3807
f 3804 3796 3806
f 3796 3803 3794
f 3803 3796 3804
f 3805 3794 3803
f 3823 3785 3827
f 3823 3822 3785
f 3831 3825 3828
f 3828 3825 3830
f 3794 3805 3830
f 5301 3808 4610
f 4912 5358 4618
f 4615 4618 5358
f 5197 5358 4912
f 5358 5198 4906
f 4615 5358 4906
f 5199 5198 6972
f 5200 4914 5201
f 5201 4619 4617
f 4619 5201 4914
f 4617 4908 5201
f 5162 5161 3802
f 5160 3801 3771
f 5160 3771 5139
f 5133 5132 3779
f 5140 5141 3781
f 5133 3779 5141
f 5134 5142 3781
f 5134 3776 5136
f 5140 3781 5142
f 5145 5143 3784
f 5145 3773 5146
f 5154 5159 3789
f 5154 3789 5153
f 5147 5146 5159
f 5148 5149 3791
f 5148 3793 5157
f 4506 5203 5204
f 5202 5205 5203
f 5157 5206 5156
f 5136 3776 5143
f 5132 3777 3779
f 5134 3781 3776
f 3781 5141 3779
f 5139 3771 3777
f 3801 5162 3802
f 3802 5161 5163
f 3791 5153 3789
f 5146 3789 5159
f 3784 3773 5145
f 5206 5157 3793
f 5204 4505 4506
f 3793 5148 3791
f 5143 3776 3784
f 5141 3778 3780
f 3778 5140 3783
f 5132 3780 5137
f 3775 3782 5136
f 5135 3782 3783
f 5144 3775 5143
f 5208 5209 5202
f 5147 3769 3774
f 3790 3769 5152
f 5158 5207 3792
f 4505 5210 4506
f 5203 5210 5208
f 3790 5149 3792
f 5132 5133 3780
f 5133 5141 3780
f 5141 5140 3778
f 5142 5134 3783
f 5140 5142 3783
f 5135 5136 3782
f 5136 5143 3775
f 5144 5145 3774
f 5146 5147 3774
f 5145 5146 3774
f 5134 5135 3783
f 5154 5152 3769
f 5152 5151 3790
f 5155 5149 3790
f 5148 5158 3792
f 5149 5148 3792
f 5151 5155 3790
f 5158 5157 5207
f 5157 5150 5207
f 5203 4506 5210
f 5150 5202 5209
f 5147 5154 3769
f 5171 1907 1713
f 1713 7719 1909
f 1909 1709 1713
f 1709 1909 1908
f 5211 3800 5212
f 3800 3797 5212
f 7719 1713 1907
f 5211 5213 3800
f 1907 3800 5213
f 1907 5171 3800
f 1893 1709 1908
f 1728 1893 1899
f 1728 1894 1898
f 1894 1728 1899
f 1893 1895 1899
f 1727 5214 1906
f 1906 5214 5215
f 1726 1898 1900
f 1726 1900 1897
f 1906 5215 1897
f 1897 5215 1726
f 3797 5217 5216
f 5216 5212 3797
f 5216 5217 5218
f 5217 2208 5219
f 5217 3808 2208
f 5217 3797 3808
f 2208 2209 5219
f 5219 2209 2213
f 5220 2206 2205
f 2206 5220 2213
f 5220 5219 2213
f 5222 1903 7207
f 1903 5222 1906
f 5221 1906 5222
f 5223 1727 1906
f 7210 1906 5221
f 1906 7210 5223
f 2205 5224 1905
f 1905 5220 2205
f 1905 5224 7205
f 7207 1903 7206
f 7206 1904 7205
f 1904 7206 1903
f 7205 1904 1905
f 3793 3792 5207
f 5206 5207 5150
f 5150 5156 5206
f 5206 3793 5207
f 5156 5209 5202
f 5156 5150 5209
f 5208 5210 5203
f 5204 5210 4505
f 5202 5208 5205
f 5203 5205 5208
f 5204 5203 5210
f 5208 5202 5209
f 5225 5226 5227
f 5226 4050 4052
f 4050 5226 5225
f 5226 4051 4157
f 4051 5226 4052
f 4155 5225 5227
f 5226 4156 5227
f 4155 5227 4156
f 4157 4156 5226
f 4084 5228 5229
f 4086 5228 4084
f 5229 4092 4084
f 4652 4653 5230
f 4658 5232 5095
f 5233 5234 4673
f 5119 4654 5235
f 5236 4781 5237
f 5238 4801 5094
f 4665 5082 5109
f 5239 5240 4661
f 4659 5241 5242
f 5243 5244 4689
f 5087 4660 5245
f 5265 5243 4664
f 4824 5087 5246
f 5247 5253 4651
f 5234 5249 4792
f 4683 5231 5250
f 5097 4798 5095
f 5253 5118 4649
f 5118 5248 4655
f 5248 4566 4565
f 4682 4674 5119
f 5252 5237 4752
f 5250 5230 4683
f 5247 4769 5249
f 5232 4657 5095
f 4751 5256 5094
f 5092 5263 4671
f 4672 5255 5258
f 5259 5255 4986
f 5258 5256 4751
f 5260 4663 5261
f 5260 5262 4663
f 5262 5093 4694
f 5261 4755 5263
f 5239 4661 5264
f 5257 5241 4659
f 4826 5242 5092
f 5265 4690 5240
f 4790 5266 5264
f 5093 5259 4686
f 5238 5095 4770
f 5109 5266 4669
f 5267 4668 4971
f 5270 4707 5271
f 4730 5270 5272
f 4705 5054 5271
f 4733 5027 5277
f 5274 4718 5275
f 4900 4713 5288
f 5273 4750 5277
f 5278 4718 5274
f 5077 5103 4901
f 4702 4758 5079
f 5079 4725 5070
f 5280 5279 4726
f 5070 4725 5281
f 5279 5077 4757
f 4722 5282 5108
f 4971 4693 5103
f 4732 5102 5283
f 5284 5285 4728
f 4734 5285 5269
f 5064 5054 4706
f 5272 5284 4699
f 5102 4867 5268
f 4703 5283 5282
f 4666 5267 5286
f 4706 5273 5064
f 5276 5062 4731
f 5062 5288 4765
f 4746 5289 4959
f 5287 4711 4959
f 4761 5287 5276
f 5289 4712 5290
f 4763 5291 4715
f 5292 5290 4744
f 5293 5294 4895
f 5295 5275 4718
f 5296 5295 4716
f 5294 5297 4720
f 4736 5278 5293
f 4719 5297 5292
f 4753 5286 5298
f 4753 5298 5082
f 5248 4565 4685
f 5235 4654 5254
f 5233 4673 4682
f 4769 4792 5249
f 4650 5253 4649
f 4795 4752 5237
f 5238 4770 4675
f 5095 4657 4770
f 4683 5230 4653
f 4683 4678 5231
f 5252 4752 4652
f 4805 5247 4651
f 4658 5095 4798
f 5253 4650 4651
f 4792 4673 5234
f 4805 4769 5247
f 4649 5118 4655
f 5254 4781 5236
f 5251 5231 4678
f 4675 4801 5238
f 4795 5237 4781
f 5094 4801 4751
f 5097 5251 4798
f 4685 4655 5248
f 5119 4674 4654
f 5242 4826 4688
f 5092 4671 4826
f 4686 4694 5093
f 5258 4751 4672
f 5264 4661 4790
f 4660 5087 4824
f 5245 4689 5244
f 5246 5257 4824
f 4986 5255 4672
f 5243 4689 4664
f 5242 4688 4659
f 4686 5259 4986
f 5286 4753 4666
f 4753 5082 4665
f 5266 4790 4669
f 4664 4756 5265
f 4661 5240 4690
f 4669 4665 5109
f 4755 5261 4663
f 4694 4663 5262
f 5267 4666 4668
f 4756 4690 5265
f 4755 4671 5263
f 4658 4657 5232
f 4726 4702 5280
f 5077 4901 4709
f 4757 4726 5279
f 4722 5108 5281
f 5272 4699 4730
f 4728 4699 5284
f 4706 5054 4705
f 5102 4732 4867
f 4732 5283 4703
f 4734 4728 5285
f 4703 5282 4722
f 4729 5270 4730
f 4750 4733 5277
f 5273 4704 4750
f 5271 4707 4705
f 5270 4729 4707
f 4706 4704 5273
f 4734 5269 5268
f 4725 5079 4758
f 4733 4715 5027
f 4765 5288 4714
f 4719 5292 4744
f 4719 4720 5297
f 4718 5278 4736
f 5294 4720 4895
f 4717 4844 5299
f 5300 4844 4740
f 4844 5300 5299
f 2463 4717 5299
f 4900 5291 4763
f 4746 4959 4711
f 4759 4711 5287
f 5287 4761 4759
f 2463 5296 4716
f 4718 4716 5295
f 4895 4736 5293
f 5276 4731 4761
f 5290 4747 4744
f 4712 4747 5290
f 4765 4731 5062
f 5077 4709 4757
f 5103 4693 4901
f 4713 4714 5288
f 4668 4693 4971
f 4685 4565 4564
f 4610 4611 4904
f 4904 5301 4610
f 4928 1603 1606
f 1604 1603 5045
f 1623 4925 1606
f 4933 1597 4953
f 5048 1597 5038
f 1602 4958 1598
f 4923 1629 5003
f 4922 5302 5041
f 1602 1604 5032
f 1598 5009 4953
f 1626 1627 1628
f 1623 1625 5005
f 1596 5048 5011
f 5016 1595 1596
f 5015 1619 4941
f 5304 5305 4930
f 1610 1614 5019
f 1617 5037 1615
f 5049 1614 1615
f 5057 5303 5306
f 5040 1617 1618
f 5307 5306 5311
f 5305 5304 5309
f 5305 5310 4930
f 1621 5014 1619
f 1595 4937 1621
f 5057 5274 5275
f 5033 5312 5313
f 5315 5314 5043
f 5044 5316 5004
f 5033 4919 5314
f 4919 5043 5314
f 5043 1620 5315
f 1620 5004 5315
f 5041 5316 5044
f 5003 5302 4922
f 1628 1629 4923
f 5275 5303 5057
f 5294 5293 4949
f 1623 5005 4925
f 1606 5042 5031
f 1606 4925 5042
f 5051 4959 5289
f 5290 4950 5289
f 5294 4851 5297
f 5292 5297 5060
f 5278 5274 5020
f 5030 5276 5287
f 1626 5005 1625
f 5028 5291 4900
f 4971 5080 5267
f 4874 5277 5027
f 5251 5097 5231
f 5113 4652 5230
f 4702 5074 5073
f 5269 5285 5067
f 5277 5055 5273
f 5271 5054 4964
f 5085 5245 5244
f 4784 5265 5240
f 4975 5264 5266
f 5082 5298 5286
f 5075 5103 5077
f 5281 5108 5071
f 5072 5283 5102
f 5068 5268 5269
f 5283 5069 5282
f 5066 5272 5270
f 5279 5280 4859
f 5280 4702 5073
f 5244 5243 5085
f 5265 5085 5243
f 5246 5087 5106
f 5067 5068 5269
f 4962 4715 5291
f 5111 5093 5262
f 5246 5107 5257
f 5095 5238 4800
f 5097 5095 4993
f 5258 5255 4780
f 4682 4809 5233
f 5113 5252 4652
f 5254 5099 5235
f 5250 5114 5230
f 5260 4825 5262
f 5092 5242 5090
f 5255 5259 5093
f 5237 5117 5236
f 5242 5241 4980
f 5263 5260 5261
f 5236 5117 5254
f 5247 5122 5253
f 5234 5127 5249
f 5121 4565 5248
f 5248 5118 4999
f 5248 4565 4566
f 5094 5125 5238
f 5028 4900 5288
f 5007 1606 5031
f 5303 5311 5306
f 5007 5006 1606
f 5006 4928 1606
f 5045 5046 1604
f 5032 4929 1602
f 5046 5032 1604
f 4928 5045 1603
f 4958 5008 1598
f 5008 5047 1598
f 5039 5012 1598
f 5009 4933 4953
f 5012 5009 1598
f 5047 5039 1598
f 4929 4958 1602
f 5011 5010 1596
f 5016 4937 1595
f 5010 5016 1596
f 5035 5011 5048
f 5034 5014 1621
f 5013 4939 1619
f 4939 4941 1619
f 5014 5013 1619
f 4937 5034 1621
f 4933 5038 1597
f 5015 5040 1618
f 5040 5037 1617
f 5037 5017 1615
f 5017 4944 1615
f 4944 5049 1615
f 5050 5036 1614
f 5019 5018 1610
f 5036 5019 1614
f 5049 5050 1614
f 5021 5057 1610
f 5020 5274 5057
f 5278 4949 5293
f 4949 4851 5294
f 4851 5060 5297
f 5018 5021 1610
f 5022 4950 5290
f 5059 5051 5289
f 4950 5059 5289
f 5023 5024 5287
f 5024 5058 5287
f 5052 5030 5287
f 5030 5025 5276
f 5058 5052 5287
f 4959 5023 5287
f 5062 5056 5288
f 5056 5028 5288
f 5028 4962 5291
f 4962 5027 4715
f 4874 5065 5277
f 5061 5055 5277
f 5065 5061 5277
f 5026 4874 5027
f 5025 5062 5276
f 5055 5029 5273
f 5063 5054 5064
f 5029 5064 5273
f 5271 4872 5270
f 4872 4840 5270
f 5066 5053 5272
f 5053 4764 5272
f 4840 5066 5270
f 4967 5102 5268
f 5068 4967 5268
f 5072 5069 5283
f 5071 5070 5281
f 5069 5108 5282
f 5292 5022 5290
f 5078 5079 5070
f 5073 4859 5280
f 5079 5074 4702
f 5101 5077 5279
f 5076 5075 5077
f 5075 4970 5103
f 4859 5101 5279
f 5267 4789 5286
f 4975 5239 5264
f 5239 5088 5240
f 5109 4975 5266
f 5081 5109 5082
f 4784 5105 5265
f 5105 5104 5265
f 5083 5085 5265
f 5104 5083 5265
f 5085 5084 5245
f 5084 5087 5245
f 5106 5107 5246
f 5086 5106 5087
f 5257 5089 5241
f 5089 4980 5241
f 5110 4981 5242
f 4982 5090 5242
f 4981 4982 5242
f 4980 5110 5242
f 5092 5091 5263
f 5263 4825 5260
f 5090 4983 5092
f 5088 4784 5240
f 5111 5116 5093
f 5093 5115 5255
f 5115 4780 5255
f 5258 5094 5256
f 4990 4800 5238
f 5125 4990 5238
f 4991 4993 5095
f 5114 5098 5230
f 5231 5114 5250
f 5097 5124 5231
f 4800 5096 5095
f 5252 5112 5237
f 5112 5117 5237
f 5117 5099 5254
f 5235 5126 5119
f 5126 5120 5119
f 5249 5100 5247
f 5233 5127 5234
f 5123 5122 5247
f 5128 5118 5253
f 5317 4930 5310
f 5122 5128 5253
f 5304 5308 5309
f 5304 5307 5308
f 5311 5308 5307
f 5100 5123 5247
f 5119 4809 4682
f 5098 5113 5230
f 4825 5111 5262
f 4501 5167 4500
f 5167 4501 5318
f 5167 5193 5301
f 5193 5167 5318
f 5319 5166 5320
f 5321 5179 5181
f 5166 4503 4504
f 4503 5166 5319
f 5320 5322 5323
f 5321 5323 5179
f 5322 5320 5166
f 5324 5318 4501
f 5319 5325 4503
f 5326 5327 5328
f 5329 5330 5331
f 5332 5333 5334
f 5335 5336 5337
f 5338 5339 5340
f 5343 5341 5342
f 5345 5344 5346
f 5345 5347 5348
f 5201 5351 5200
f 5201 5352 5351
f 5353 5351 5352
f 5201 5356 5352
f 5357 5354 5352
f 5359 5355 5354
f 5354 5357 5358
f 5352 5360 5353
f 5357 5352 5356
f 5358 5359 5354
f 3764 5362 3765
f 5363 5362 3764
f 5361 5362 5363
f 5362 5361 5366
f 5364 3761 5365
f 5365 5366 5364
f 3762 3761 5364
f 5365 5362 5366
f 5367 5368 5369
f 5367 5370 5368
f 5371 5368 5370
f 5372 5371 5370
f 3757 5411 5374
f 5372 5373 5411
f 5374 5411 5373
f 5371 5372 5411
f 5375 5376 5377
f 5375 5378 5376
f 5379 5376 5378
f 5380 5379 5378
f 5409 5381 5382
f 5403 5409 5383
f 5380 5382 5381
f 5383 5409 5382
f 5379 5380 5381
f 5384 5385 5386
f 5384 5387 5385
f 5388 5385 5387
f 5389 5388 5387
f 5410 5390 5391
f 5392 5410 5391
f 5389 5391 5390
f 5388 5389 5390
f 5393 3744 3745
f 5393 5394 3744
f 3742 3744 5394
f 3759 3742 5394
f 3740 3743 5396
f 3759 5395 3743
f 5396 3743 5395
f 3742 3759 3743
f 5402 3756 5398
f 3737 3759 5397
f 3759 5392 5397
f 5392 5399 5401
f 5398 5403 5402
f 5401 5400 5403
f 5401 5399 5400
f 3754 3751 3748
f 3750 3747 3748
f 5404 3752 3748
f 3752 3754 3748
f 3752 5405 3753
f 5404 3748 3747
f 5404 5405 3752
f 3747 3746 5404
f 3753 5405 3745
f 3745 3741 3753
f 5405 5404 5406
f 3746 3749 5408
f 5408 5404 3746
f 5404 5407 5406
f 5407 5404 5408
f 5367 3765 3753
f 3765 5367 3766
f 5362 3753 3765
f 5362 3755 3753
f 3763 3766 5369
f 3761 3763 5369
f 3761 5369 3751
f 3766 5367 5369
f 5365 3754 3755
f 3751 3754 5365
f 3751 5365 3761
f 5365 3755 5362
f 5406 5393 5405
f 3745 5405 5393
f 5384 3762 5408
f 3760 3762 5384
f 5364 5408 3762
f 5366 5408 5364
f 3764 3760 5386
f 3764 5386 5407
f 3760 5384 5386
f 5361 5407 5408
f 5407 5363 3764
f 5407 5361 5363
f 5361 5408 5366
f 5377 3746 3747
f 3747 3750 5377
f 5377 3750 5375
f 5409 5403 5400
f 5379 5381 5400
f 5377 5376 5400
f 3749 3746 5377
f 5379 5400 5376
f 5377 5400 3749
f 5399 5391 5400
f 5392 5391 5399
f 3749 5384 5408
f 5384 3749 5400
f 5389 5387 5400
f 5384 5400 5387
f 5391 5389 5400
f 5400 5381 5409
f 5410 5392 3759
f 5385 5388 3759
f 5407 5386 5393
f 5385 3759 5386
f 5390 3759 5388
f 5395 3759 3737
f 3740 5396 3737
f 5406 5407 5393
f 5393 3759 5394
f 5393 5386 3759
f 3759 5390 5410
f 5395 3737 5396
f 3758 5370 5367
f 5370 3758 5372
f 3741 5367 3753
f 5367 3741 3758
f 3758 3757 5374
f 5373 5372 3758
f 5373 3758 5374
f 5411 3757 3756
f 5411 3756 5402
f 5368 5371 5402
f 5369 5375 3750
f 5368 5402 5369
f 5411 5402 5371
f 5403 5383 5402
f 3751 5369 3750
f 5380 5378 5402
f 5382 5380 5402
f 5375 5402 5378
f 5375 5369 5402
f 5382 5402 5383
f 5397 5392 5412
f 3737 5397 5412
f 5412 2759 3737
f 5412 5392 5414
f 3756 5982 5413
f 5401 5403 5414
f 5403 5398 5413
f 5413 5414 5403
f 5398 3756 5413
f 5401 5414 5392
f 3731 5415 5416
f 3732 3731 5416
f 5415 5417 5416
f 3728 3729 5418
f 5418 5419 3728
f 5419 5418 5417
f 5417 5418 5416
f 5421 5418 5420
f 3712 5422 5418
f 5420 5418 5422
f 5418 5421 5423
f 5423 5416 5418
f 5418 3729 3712
f 3713 3712 3729
f 3714 3729 3715
f 3719 3715 3729
f 3713 3729 3714
f 5424 5416 5425
f 5423 5425 5416
f 5424 5426 5416
f 5426 3725 5416
f 5416 3725 3732
f 3730 3721 3719
f 3729 3730 3719
f 3722 3732 3724
f 3725 3724 3732
f 3721 3730 3722
f 3732 3722 3730
f 5426 5424 3698
f 3725 5426 3691
f 3698 3691 5426
f 3696 3698 5424
f 3692 3725 3691
f 5424 5425 3696
f 3712 3693 3695
f 5425 5423 3697
f 5421 5420 3699
f 5423 5421 3708
f 3697 5423 3708
f 5420 3695 3699
f 3699 3708 5421
f 3695 5422 3712
f 3695 5420 5422
f 5425 3697 3696
f 3720 3723 5433
f 3723 3727 5433
f 3720 5428 3718
f 3726 3692 5427
f 3718 5428 3716
f 3727 3726 5427
f 5430 5428 3720
f 5429 5428 5430
f 5431 5428 5429
f 5428 5431 3694
f 5428 3717 3716
f 5433 5432 3720
f 5432 5433 5427
f 5429 5432 5434
f 5435 5432 5427
f 5433 3727 5427
f 5429 5430 5432
f 5430 3720 5432
f 5431 5429 3694
f 3694 3693 3717
f 5435 5429 5434
f 3717 5428 3694
f 3718 5437 3720
f 5429 5435 3694
f 3704 5435 5436
f 5436 5435 5427
f 5436 5427 3704
f 3706 5427 3692
f 3706 3704 5427
f 5438 3720 5437
f 5434 5432 5435
f 5439 3720 5438
f 3689 5440 3690
f 5442 5443 5441
f 5441 3685 5442
f 5443 5440 5441
f 5444 5442 5445
f 3670 5445 5442
f 5446 5447 5443
f 5443 5444 5446
f 5442 5444 5443
f 3686 3671 3670
f 3686 3672 3671
f 5442 3686 3670
f 3686 3673 3672
f 3678 3673 3686
f 5448 5440 5443
f 5448 5449 5440
f 5449 5450 3690
f 3684 3690 5450
f 5440 5449 3690
f 3679 3678 3686
f 3679 3688 3680
f 3690 3684 3681
f 3681 3688 3690
f 3680 3688 3681
f 5443 5447 5448
f 5450 5449 3649
f 3684 5450 3648
f 5449 3656 3649
f 3649 3648 5450
f 3656 5448 3653
f 3656 5449 5448
f 3670 3650 3652
f 5447 5446 3654
f 5444 5445 3659
f 5446 5444 3666
f 3654 3653 5447
f 3659 3666 5444
f 3652 3659 5445
f 3654 5446 3666
f 5445 3670 3652
f 5447 3653 5448
f 3677 5452 3676
f 3683 3648 5451
f 3676 5452 3674
f 3682 3683 5453
f 5455 5452 3677
f 5454 5452 5455
f 5456 5452 5454
f 5452 5456 3657
f 5452 3675 3674
f 3677 5453 5457
f 5454 5457 5458
f 5459 5457 5460
f 5451 5460 5457
f 5453 5451 5457
f 5454 5455 5457
f 5455 3677 5457
f 5456 5454 3658
f 3650 3675 3651
f 5452 3657 3651
f 5452 3651 3675
f 3658 5454 5458
f 3657 5456 3658
f 3676 5461 3677
f 3663 5459 5460
f 5460 5451 3662
f 3662 5451 3648
f 3662 3663 5460
f 3658 5459 3663
f 5462 3677 5461
f 5459 3658 5458
f 5458 5457 5459
f 5453 3683 5451
f 5463 3677 5462
f 3645 5464 3647
f 5467 5465 5466
f 5466 3642 5467
f 5465 5464 5466
f 5468 5467 5469
f 5469 5467 3626
f 5465 5468 5470
f 5467 5468 5465
f 3643 3627 3626
f 3629 3627 3643
f 5467 3643 3626
f 3644 3630 3629
f 3634 3630 3644
f 3643 3644 3629
f 5471 5465 5470
f 5472 5465 5471
f 5472 5473 5464
f 5464 5465 5472
f 5473 5474 3647
f 5474 3641 3647
f 5464 5473 3647
f 3644 3646 3634
f 3635 3634 3646
f 3646 3637 3635
f 3641 3638 3647
f 3638 3646 3647
f 3637 3646 3638
f 5474 5473 3606
f 3641 5474 3605
f 5473 3612 3606
f 3606 3605 5474
f 3612 5472 3609
f 3612 5473 5472
f 3626 3607 5469
f 5471 5470 3610
f 5468 5469 3608
f 5470 5468 3622
f 3610 3609 5471
f 3622 3623 5470
f 3608 3622 5468
f 3610 5470 3623
f 5469 3607 3608
f 5471 3609 5472
f 3633 3636 5479
f 3636 3639 5479
f 3633 5475 3631
f 3640 3605 5476
f 3631 5477 3632
f 3639 3640 5476
f 5477 3628 3632
f 5482 5475 3633
f 3628 5477 3613
f 5475 5478 5477
f 5477 5478 3613
f 5477 3631 5475
f 5476 5481 5479
f 5480 5479 5481
f 5479 3639 5476
f 5480 5482 5479
f 5482 3633 5479
f 5478 3615 3613
f 3615 5475 3619
f 3607 3628 3613
f 3631 5483 3633
f 3619 5475 5482
f 5475 3615 5478
f 3620 5480 5481
f 3611 5476 3605
f 5476 3611 5481
f 3620 5481 3611
f 3620 3619 5480
f 5484 3633 5483
f 5480 3619 5482
f 5485 3633 5484
f 3603 5486 5487
f 5487 5486 5488
f 5490 5488 5489
f 5489 3601 5490
f 3585 5491 5490
f 5491 5492 5490
f 5488 5492 5493
f 5490 5492 5488
f 3586 5490 3602
f 3602 3587 3586
f 3585 5490 3586
f 3602 3588 3587
f 3588 3602 3592
f 5494 5488 5493
f 5495 5488 5494
f 5495 5496 5487
f 5487 5488 5495
f 3598 5487 5497
f 5496 5497 5487
f 3594 3602 3604
f 3604 3595 3594
f 3594 3592 3602
f 5487 3598 3597
f 3597 3604 5487
f 3595 3604 3597
f 5497 5496 3563
f 3598 5497 3562
f 5496 3570 3563
f 3563 3562 5497
f 3570 5495 3567
f 3570 5496 5495
f 3585 3564 3566
f 5494 5493 3581
f 5492 5491 3573
f 5493 5492 3573
f 3568 3567 5494
f 3573 3581 5493
f 3566 3573 5491
f 3568 5494 3581
f 5491 3585 3566
f 5494 3567 5495
f 3593 3596 5504
f 3596 3600 5504
f 3593 5500 3591
f 3599 3562 3578
f 3591 5499 3589
f 3600 3599 5498
f 5499 5500 5501
f 5499 5502 3565
f 5499 3590 3589
f 5504 5503 3593
f 5503 5504 5498
f 5499 5501 3577
f 5501 5503 3577
f 5505 5503 5498
f 5504 3600 5498
f 5501 5500 5503
f 5500 3593 5503
f 5502 5499 3572
f 3564 3590 3565
f 5499 3565 3590
f 3577 3572 5499
f 3565 5502 3572
f 3591 5507 3593
f 3572 3577 3571
f 3576 5505 5506
f 5506 5505 5498
f 5506 3578 3576
f 5506 5498 3578
f 5505 3576 3577
f 5508 3593 5507
f 3577 5503 5505
f 5498 3599 3578
f 5499 3591 5500
f 5509 3593 5508
f 3561 5510 3560
f 3556 3557 5512
f 5511 3556 5512
f 5512 5510 5511
f 5513 5514 5512
f 5515 5512 5514
f 3540 5513 5512
f 5512 5515 5516
f 5516 5510 5512
f 5512 3557 3540
f 3541 3540 3557
f 3543 3557 3544
f 3547 3544 3557
f 3541 3557 3543
f 5517 5510 5518
f 5516 5518 5510
f 5517 5519 5510
f 5519 3553 3560
f 5510 5519 3560
f 3558 3549 3547
f 3558 3560 3549
f 3557 3558 3547
f 3553 3552 3560
f 3549 3560 3550
f 3552 3550 3560
f 5519 5517 3525
f 3553 5519 3517
f 3525 3517 5519
f 3522 3525 5517
f 3518 3553 3517
f 5517 5518 3522
f 3540 3519 5513
f 5518 5516 3523
f 5515 5514 3528
f 5516 5515 3536
f 3523 5516 3536
f 5514 3521 3528
f 3528 3536 5515
f 3521 5513 3519
f 3521 5514 5513
f 5518 3523 3522
f 3548 3551 5524
f 3551 3555 5524
f 3548 5520 3546
f 3554 3518 3533
f 3546 5520 3545
f 3555 3554 3533
f 5522 5520 3548
f 5521 5520 5522
f 3526 5520 5521
f 5520 3542 3545
f 5524 5523 3548
f 5521 5523 5525
f 3532 5523 5524
f 5524 3555 3533
f 5521 5522 5523
f 5522 3548 5523
f 3526 5521 3527
f 3519 3542 3520
f 5520 3526 3520
f 5520 3520 3542
f 3531 5521 5525
f 3546 5527 3548
f 5521 3531 3527
f 5526 3532 5524
f 5526 3533 3532
f 5526 5524 3533
f 3531 5525 3532
f 5528 3548 5527
f 5525 5523 3532
f 5529 3548 5528
f 3515 5530 3516
f 5533 5531 5532
f 5532 3512 5533
f 5534 5535 5533
f 3497 5534 5533
f 5536 5537 5531
f 5531 5535 5536
f 5533 5535 5531
f 3498 3497 5533
f 3498 5533 3513
f 3513 3500 3498
f 3514 3505 3513
f 3501 3513 3505
f 3500 3513 3501
f 5537 5538 5531
f 5538 5539 5530
f 5530 5531 5538
f 5539 5540 3516
f 3510 3516 5540
f 5530 5539 3516
f 3514 3507 3506
f 3506 3505 3514
f 3514 3510 3509
f 3514 3516 3510
f 3507 3514 3509
f 5540 5539 3481
f 3510 5540 3480
f 5539 3487 3481
f 3481 3480 5540
f 3487 5538 3484
f 3487 5539 5538
f 3497 3482 3483
f 5537 5536 3485
f 5535 5534 3483
f 5536 5535 3494
f 3485 3484 5537
f 3488 3494 5535
f 3483 3488 5535
f 3485 5536 3494
f 5534 3497 3483
f 5537 3484 5538
f 3504 5543 3502
f 3511 3480 3492
f 3502 5542 3503
f 3508 3511 5541
f 5542 5543 5544
f 5542 5545 3482
f 5542 3499 3503
f 3504 5541 5546
f 5542 5544 5547
f 5544 5546 5547
f 5548 5546 5549
f 3492 5549 5546
f 5541 3492 5546
f 5544 5543 5546
f 5543 3504 5546
f 5545 5542 5547
f 3499 5542 3482
f 3502 5550 3504
f 3491 5548 5549
f 5549 3492 3491
f 5545 5547 3491
f 5551 3504 5550
f 3491 5547 5548
f 5547 5546 5548
f 5541 3511 3492
f 5542 3502 5543
f 5552 3504 5551
f 3478 5553 3479
f 3475 3476 5556
f 5556 5554 5555
f 5555 3475 5556
f 5555 5554 5553
f 5558 5556 5557
f 3459 5559 5556
f 5557 5556 5559
f 5554 5558 5560
f 5560 5561 5554
f 5556 5558 5554
f 5556 3476 3459
f 3459 3476 3460
f 3477 3462 3476
f 3461 3476 3462
f 3460 3476 3461
f 5562 5554 5561
f 5562 5563 3479
f 5553 5554 5562
f 3471 3479 3472
f 3479 5563 3472
f 5553 5562 3479
f 3477 3468 3466
f 3477 3469 3468
f 3462 3477 3466
f 3469 3479 3471
f 3479 3469 3477
f 5563 5562 3446
f 3472 5563 3438
f 5563 3446 3438
f 3438 3439 3472
f 5562 3443 3446
f 5562 5561 3443
f 3459 3440 3442
f 5560 5558 3455
f 5557 5559 3442
f 5558 5557 3447
f 3443 5561 3444
f 3447 3455 5558
f 3442 3447 5557
f 3444 5560 3455
f 5559 3459 3442
f 3444 5561 5560
f 3467 3470 5567
f 3470 3474 5567
f 3463 3465 5564
f 3467 5564 3465
f 3474 3473 5571
f 5565 3464 3463
f 5570 5564 3467
f 3464 5565 3440
f 5564 5566 5565
f 5565 5566 3441
f 5565 3463 5564
f 5571 5569 5567
f 5568 5567 5569
f 5567 3474 5571
f 5568 5570 5567
f 5570 3467 5567
f 3441 3440 5565
f 3441 5566 5564
f 3451 3441 5564
f 3465 5572 3467
f 3451 5564 5570
f 3452 5568 5569
f 5569 5571 3452
f 3439 5571 3473
f 3439 3452 5571
f 3451 5568 3452
f 5573 3467 5572
f 5568 3451 5570
f 3435 5574 5575
f 5575 3436 3435
f 3432 3434 5578
f 5578 5577 5576
f 5576 3432 5578
f 5577 5574 5576
f 3417 3416 3434
f 5578 3434 3416
f 5579 5580 5577
f 5581 5577 5580
f 5579 5577 5578
f 3433 3419 3434
f 3417 3434 3419
f 3433 3423 3420
f 3433 3437 3423
f 3419 3433 3420
f 5581 5574 5577
f 5574 5581 5582
f 5582 5575 5574
f 5582 5583 5575
f 3436 5575 5584
f 5583 5584 5575
f 3423 3437 3425
f 3426 3425 3437
f 3437 3428 3426
f 5584 3429 3436
f 3436 3428 3437
f 3429 3428 3436
f 5584 5583 3395
f 3429 5584 3394
f 5583 3402 3395
f 3395 3394 5584
f 3402 5582 3399
f 3402 5583 5582
f 3416 3397 3398
f 5581 5580 3412
f 5579 5578 3398
f 5580 5579 3405
f 3400 3399 5581
f 3405 3412 5580
f 3398 3405 5579
f 3400 5581 3412
f 5578 3416 3398
f 5581 3399 5582
f 3424 3427 5591
f 3427 3431 5591
f 3424 5587 3422
f 3430 3394 3409
f 3422 5586 3421
f 3431 3430 5585
f 5586 5587 5588
f 5586 5589 3398
f 5586 3418 3421
f 5591 5590 3424
f 5590 5591 5585
f 5586 5588 5592
f 5588 5590 5592
f 3404 5590 5585
f 5591 3431 5585
f 5588 5587 5590
f 5587 3424 5590
f 5589 5586 3403
f 5589 3403 3398
f 3397 5586 3398
f 3404 5586 5592
f 3418 5586 3397
f 3422 5593 3424
f 5586 3404 3403
f 3409 3408 5585
f 3404 5585 3408
f 5594 3424 5593
f 5592 5590 3404
f 5585 3430 3409
f 5586 3422 5587
f 5595 3424 5594
f 3390 5596 3392
f 3387 3388 5600
f 5599 5597 5598
f 5600 5599 5598
f 5598 3387 5600
f 5598 5597 5596
f 5600 5601 5599
f 5602 5599 5601
f 5597 5602 5603
f 5599 5602 5597
f 5600 3388 3372
f 3373 3372 3388
f 3393 3375 3388
f 3374 3388 3375
f 3373 3388 3374
f 5596 5604 5605
f 5603 5604 5597
f 5605 5606 3392
f 5597 5604 5596
f 3391 3392 3385
f 3392 5606 3385
f 5596 5605 3392
f 3393 3381 3380
f 3393 3391 3381
f 3375 3393 3380
f 3382 3391 3384
f 3385 3384 3391
f 3381 3391 3382
f 5606 5605 3353
f 3385 5606 3352
f 5605 3358 3353
f 3353 3352 5606
f 3358 5604 3357
f 3358 5605 5604
f 3372 3354 3355
f 5603 5602 3368
f 5601 5600 3355
f 5602 5601 3360
f 3357 5604 3356
f 3360 3368 5602
f 3355 3360 5601
f 3356 5603 3368
f 5600 3372 3355
f 3356 5604 5603
f 3379 3383 5608
f 3379 5610 3376
f 3386 3352 5607
f 3376 5609 3377
f 5609 5610 5611
f 5609 5612 3355
f 5609 3378 3377
f 3379 5608 5613
f 5609 5611 3365
f 5611 5613 3365
f 5614 5613 5615
f 5607 5615 5613
f 5608 5607 5613
f 5611 5610 5613
f 5610 3379 5613
f 5612 5609 3359
f 3355 3354 3378
f 5612 3359 3355
f 3364 5609 3365
f 3378 5609 3355
f 3376 5616 3379
f 5609 3364 3359
f 3363 5614 5615
f 3363 5607 3352
f 5607 3363 5615
f 5614 3363 3365
f 5617 3379 5616
f 3365 5613 5614
f 5608 3386 5607
f 5609 3376 5610
f 5618 3379 5617
f 3350 5619 5620
f 5619 5623 5620
f 5622 5623 5621
f 5621 3347 5622
f 5623 5619 5621
f 3332 5624 5622
f 5624 5625 5622
f 5626 5623 5627
f 5627 5622 5625
f 5623 5622 5627
f 3333 5622 3348
f 3332 5622 3333
f 3349 3335 3348
f 3339 3335 3349
f 5623 5628 5629
f 5629 5620 5623
f 5620 5630 3344
f 5629 5630 5620
f 3349 3351 3339
f 3340 3339 3351
f 3351 3341 3340
f 3344 3343 5620
f 5620 3341 3351
f 3343 3341 5620
f 5623 5626 5628
f 5630 5629 3312
f 3344 5630 3311
f 5629 3318 3312
f 3312 3311 5630
f 3318 5628 3315
f 3318 5629 5628
f 3332 3313 3314
f 5626 5627 3328
f 5625 5624 3314
f 5627 5625 3320
f 3316 3315 5626
f 3320 3328 5627
f 3314 3320 5625
f 3316 5626 3328
f 5624 3332 3314
f 5626 3315 5628
f 3338 3346 5634
f 3346 3342 5634
f 3338 5631 3337
f 3345 3311 3323
f 3337 5632 3336
f 3342 3345 5638
f 5632 3334 3336
f 5637 5631 3338
f 5631 5633 5632
f 5632 5633 3319
f 5632 3337 5631
f 5638 5636 5634
f 5635 5634 5636
f 5634 3342 5638
f 5635 5637 5634
f 5637 3338 5634
f 3319 5631 3324
f 3334 5632 3313
f 3337 5639 3338
f 3324 5631 5637
f 5631 3319 5633
f 3325 5635 5636
f 5636 5638 3323
f 3323 5638 3345
f 3325 3324 5635
f 5636 3323 3325
f 5640 3338 5639
f 5635 3324 5637
f 5641 3338 5640
f 3308 5642 3309
f 5643 5644 5645
f 5644 3305 5645
f 3306 3289 5645
f 5645 3289 5646
f 5647 5648 5645
f 5649 5645 5648
f 5647 5645 5646
f 3289 3306 3290
f 3292 3291 3306
f 3290 3306 3291
f 3307 3296 3292
f 3307 3310 3296
f 3306 3307 3292
f 5649 5642 5643
f 5642 5649 5650
f 5645 5649 5643
f 3309 5642 5651
f 5650 5651 5642
f 5651 5652 3309
f 3296 3310 3298
f 3299 3298 3310
f 3310 3301 3299
f 5652 3302 3309
f 3309 3301 3310
f 3302 3301 3309
f 5652 5651 3272
f 3302 5652 3267
f 5652 3272 3280
f 3280 3267 5652
f 3270 5651 5650
f 3270 3272 5651
f 3289 3268 5646
f 5649 5648 3283
f 5647 5646 3269
f 5648 5647 3284
f 3270 5650 3271
f 3284 3283 5648
f 3269 3284 5647
f 3271 5649 3283
f 5646 3268 3269
f 3271 5650 5649
f 3297 3300 5657
f 3300 3304 5657
f 3297 5654 3295
f 3303 3267 5653
f 3295 5654 3293
f 3304 3303 5653
f 5659 5654 3297
f 3294 5654 3273
f 3293 5654 3294
f 5656 5655 5654
f 5654 5655 3274
f 5654 5659 5656
f 5653 3281 5657
f 5658 5657 3281
f 5657 3304 5653
f 5658 5659 5657
f 5659 3297 5657
f 3273 5654 3274
f 5655 3275 3274
f 3268 3294 3273
f 3276 3275 5656
f 3295 5660 3297
f 3276 5656 5659
f 5656 3275 5655
f 5658 3276 5659
f 3276 5658 3281
f 5661 3297 5660
f 5653 3267 3281
f 5662 3297 5661
f 3264 5663 3265
f 3261 3263 5667
f 5667 5666 5665
f 5663 5665 5666
f 5665 3261 5667
f 5663 5664 5665
f 3246 3245 3263
f 5667 3263 3245
f 5668 5669 5666
f 5663 5666 5669
f 5668 5666 5667
f 3248 3247 3263
f 3246 3263 3247
f 3262 3252 3248
f 3262 3254 3252
f 3263 3262 3248
f 5663 5670 5671
f 5671 5672 5663
f 5669 5670 5663
f 5673 3265 5672
f 5663 5672 3265
f 3258 3265 5673
f 3255 3254 3266
f 3262 3266 3254
f 3266 3257 3255
f 3265 3257 3266
f 3265 3258 3257
f 5673 5672 3225
f 3258 5673 3224
f 5672 3229 3225
f 3225 3224 5673
f 3229 5671 3227
f 3229 5672 5671
f 3245 3226 3230
f 5670 5669 3241
f 5668 5667 3230
f 5669 5668 3233
f 3228 3227 5670
f 3233 3241 5669
f 3230 3233 5668
f 3228 5670 3241
f 5667 3245 3230
f 5670 3227 5671
f 3253 3256 5678
f 3256 3260 5678
f 3253 5674 3251
f 3259 3224 5675
f 3251 5676 3249
f 3260 3259 5675
f 5681 5674 3253
f 3250 5676 3230
f 3249 5676 3250
f 5674 5677 5676
f 5676 5677 3231
f 5676 3251 5674
f 5675 5680 5678
f 5679 5678 5680
f 5678 3260 5675
f 5679 5681 5678
f 5681 3253 5678
f 3230 5676 3231
f 3226 3250 3230
f 3238 3231 5674
f 3251 5682 3253
f 3238 5674 5681
f 5674 3231 5677
f 3236 5679 5680
f 3236 5675 3237
f 5675 3236 5680
f 5681 3236 3238
f 5683 3253 5682
f 5675 3224 3237
f 3236 5681 5679
f 5684 3223 3222
f 5684 5685 5687
f 3218 3219 5688
f 5688 5687 5686
f 5686 3218 5688
f 5687 5685 5686
f 3203 3202 3219
f 5688 3219 3202
f 5689 5690 5687
f 5689 5687 5688
f 3205 3203 3219
f 3206 3205 3219
f 3220 3209 3206
f 3220 3211 3209
f 5687 5691 5692
f 5692 5684 5687
f 5690 5691 5687
f 5692 5693 5684
f 3223 5684 5694
f 5693 5694 5684
f 3212 3211 3220
f 3220 3214 3212
f 5694 3215 3223
f 3223 3214 3220
f 3215 3214 3223
f 5694 5693 3182
f 3215 5694 3181
f 5693 3188 3182
f 3182 3181 5694
f 3188 5692 3187
f 3188 5693 5692
f 3202 3184 3185
f 5691 5690 3198
f 5689 5688 3185
f 5690 5689 3197
f 3187 5692 3186
f 3197 3198 5690
f 3185 3197 5689
f 3186 5691 3198
f 5688 3202 3185
f 3186 5692 5691
f 3210 3213 5701
f 3213 3217 5701
f 3210 5695 3207
f 3216 3181 3183
f 3207 5696 3208
f 3217 3216 3183
f 5697 5695 3210
f 5698 5695 5697
f 5699 5696 5695
f 5696 5699 3189
f 5696 3204 3208
f 5701 5700 3210
f 5695 5698 3190
f 5698 5700 3190
f 5702 5700 5701
f 5701 3217 3183
f 5698 5697 5700
f 5697 3210 5700
f 5699 5695 3189
f 3204 3189 3184
f 3204 5696 3189
f 5695 3190 3189
f 3207 5704 3210
f 3194 5702 5703
f 5703 5702 5701
f 5703 3183 3194
f 5703 5701 3183
f 3195 3190 3194
f 5705 3210 5704
f 3194 3190 5702
f 3190 5700 5702
f 5696 3207 5695
f 5706 3210 5705
f 5707 3180 3178
f 3175 3176 5709
f 5711 5708 5709
f 5709 3176 5710
f 3176 3159 5710
f 5712 5709 5710
f 5713 5711 5714
f 5709 5714 5711
f 5709 5712 5714
f 3176 3160 3159
f 3176 3162 3160
f 3177 3163 3162
f 3167 3163 3177
f 3176 3177 3162
f 5711 5715 5716
f 5716 5707 5711
f 3174 3180 5717
f 5707 5717 3180
f 5716 5717 5707
f 3177 3179 3167
f 3168 3167 3179
f 3179 3170 3168
f 3171 3180 3174
f 3171 3170 3179
f 5711 5713 5715
f 5717 5716 3140
f 3174 5717 3139
f 5716 3145 3140
f 3140 3139 5717
f 3145 5715 3143
f 3145 5716 5715
f 3159 3141 3142
f 5713 5714 3144
f 5712 5710 3142
f 5714 5712 3148
f 3144 3143 5713
f 3148 3155 5714
f 3142 3148 5712
f 3144 5714 3155
f 5710 3159 3142
f 5713 3143 5715
f 3166 3169 5724
f 3169 3173 5724
f 3166 5720 3164
f 3172 3139 5718
f 3164 5719 3165
f 3173 3172 5718
f 5719 5720 5721
f 5719 5722 3141
f 5719 3161 3165
f 5724 5723 3166
f 5723 5724 5718
f 5719 5721 5725
f 5721 5723 5725
f 5726 5723 5718
f 5724 3173 5718
f 5721 5720 5723
f 5720 3166 5723
f 5722 5719 3147
f 5719 3141 3161
f 3151 5719 5725
f 3141 5722 3147
f 3164 5728 3166
f 5719 3151 3147
f 3146 3151 5725
f 3146 5726 5727
f 3146 5727 3152
f 5726 5718 5727
f 3152 5727 5718
f 5729 3166 5728
f 5718 3139 3152
f 3146 5725 5726
f 5725 5723 5726
f 5719 3164 5720
f 5733 5731 5732
f 5732 3133 5733
f 5732 5731 5730
f 3119 3118 5733
f 5733 3118 5734
f 5735 5736 5731
f 5735 5733 5734
f 5731 5733 5735
f 3120 3119 3134
f 5733 3134 3119
f 3121 3120 3134
f 3135 3125 3121
f 3135 3127 3125
f 3134 3135 3121
f 5731 5737 5738
f 5738 5730 5731
f 5736 5737 5731
f 5738 5739 5730
f 5739 5740 5730
f 3135 3137 3127
f 3128 3127 3137
f 3137 3130 3128
f 3137 5730 3131
f 5740 3131 5730
f 3131 3130 3137
f 5740 5739 3105
f 3131 5740 3098
f 5740 3105 3099
f 3099 3098 5740
f 3103 5739 5738
f 3103 3105 5739
f 3118 3100 3102
f 5737 5736 3104
f 5735 5734 3108
f 5736 5735 3114
f 3103 5738 3104
f 3108 3114 5735
f 3102 3108 5734
f 3104 5736 3114
f 5734 3118 3102
f 3104 5738 5737
f 3126 3129 5743
f 3126 5742 3124
f 3132 3098 5741
f 3124 5742 3122
f 5745 5742 3126
f 5744 5742 5745
f 5746 5742 5744
f 5742 5746 3106
f 5742 3123 3122
f 3126 5743 5747
f 5744 5747 5748
f 5749 5747 5750
f 5741 5750 5747
f 5743 5741 5747
f 5744 5745 5747
f 5745 3126 5747
f 5746 5744 3107
f 3101 3100 3123
f 5746 3107 3106
f 3101 5742 3106
f 5749 5744 5748
f 3123 5742 3101
f 3124 5751 3126
f 5744 5749 3107
f 5749 5750 5741
f 5741 3099 5749
f 5752 3126 5751
f 5741 3098 3099
f 5748 5747 5749
f 5743 3132 5741
f 5753 3126 5752
f 5754 5756 5755
f 3094 5758 5757
f 5755 5757 5758
f 5755 5756 5757
f 5759 5758 5760
f 5760 5758 3078
f 5761 5755 5758
f 5758 5759 5761
f 3095 3079 3078
f 3095 3081 3079
f 5758 3095 3078
f 3095 3082 3081
f 3086 3082 3095
f 5762 5755 5761
f 5763 5755 5762
f 5763 5764 5755
f 5764 5765 5754
f 3093 5754 5765
f 5755 5764 5754
f 3095 3097 3086
f 3087 3086 3097
f 3097 3089 3087
f 3090 5754 3093
f 3090 3097 5754
f 3090 3089 3097
f 5765 5764 3055
f 3093 5765 3054
f 5764 3062 3055
f 3055 3054 5765
f 3062 5763 3059
f 3062 5764 5763
f 3078 3057 3058
f 5762 5761 3060
f 5759 5760 3068
f 5761 5759 3074
f 3060 3059 5762
f 3068 3074 5759
f 3058 3068 5760
f 3060 5761 3074
f 5760 3078 3058
f 5762 3059 5763
f 3085 3088 5769
f 3088 3091 5769
f 3085 5766 3083
f 3092 3054 3072
f 3083 5766 3084
f 3091 3092 5767
f 5766 3080 3084
f 5770 5766 3085
f 3080 5766 3057
f 3064 5768 5766
f 5766 5768 3066
f 5766 5770 3064
f 3072 3071 5769
f 5767 3072 5769
f 3065 5769 3071
f 5769 3091 5767
f 3065 5770 5769
f 5770 3085 5769
f 5768 3064 3066
f 3066 3063 5766
f 3057 5766 3063
f 3083 5771 3085
f 3065 3064 5770
f 5772 3085 5771
f 5767 3092 3072
f 5773 3085 5772
f 5774 3053 3052
f 5774 3052 5775
f 3048 3050 5778
f 5777 5774 5776
f 5778 5777 5776
f 5776 3048 5778
f 5776 5774 5775
f 3033 3032 3050
f 5778 3050 3032
f 5779 5780 5777
f 5779 5777 5778
f 3035 3033 3050
f 3036 3035 3050
f 3049 3040 3036
f 3049 3041 3040
f 3050 3049 3036
f 5781 5774 5777
f 5774 5781 5782
f 5780 5781 5777
f 5782 5783 5774
f 3053 5774 5784
f 5783 5784 5774
f 3043 3041 3049
f 3049 3044 3043
f 5784 3047 3053
f 3053 3044 3049
f 3047 3044 3053
f 5784 5783 3017
f 3047 5784 3011
f 5784 3017 3011
f 3011 3010 3047
f 3014 5783 5782
f 3014 3017 5783
f 3032 3012 3013
f 5781 5780 3029
f 5779 5778 3013
f 5780 5779 3028
f 3014 5782 3015
f 3028 3029 5780
f 3013 3028 5779
f 3015 5781 3029
f 5778 3032 3013
f 3015 5782 5781
f 3039 3042 5791
f 3042 3046 5791
f 3039 5787 3037
f 3045 3010 5785
f 3037 5786 3038
f 3046 3045 5785
f 5786 5787 5788
f 5786 5789 3012
f 5786 3034 3038
f 5791 5790 3039
f 5790 5791 5785
f 5786 5788 5792
f 5788 5790 5792
f 3026 5790 5785
f 5791 3046 5785
f 5788 5787 5790
f 5787 3039 5790
f 5789 5786 3020
f 3034 3018 3012
f 3018 3034 5786
f 3012 3018 5786
f 3025 5786 5792
f 3012 5789 3020
f 3037 5794 3039
f 5786 3025 3020
f 5793 3026 5785
f 5793 5785 3024
f 3016 5785 3010
f 3016 3024 5785
f 5793 3024 3026
f 5795 3039 5794
f 3026 3025 5792
f 5792 5790 3026
f 5786 3037 5787
f 5796 3039 5795
f 3009 5798 5797
f 5800 5798 5799
f 5799 3003 5800
f 5800 2988 5801
f 5801 5802 5800
f 5798 5802 5803
f 5800 5802 5798
f 2988 5800 3004
f 3004 3005 2990
f 3006 2994 3005
f 2991 3005 2994
f 2990 3005 2991
f 5804 5798 5803
f 5805 5798 5804
f 5805 5806 5797
f 5797 5798 5805
f 5806 5807 5797
f 3000 5797 5807
f 3006 2997 2996
f 3006 3008 2997
f 2996 2994 3006
f 3008 3000 2999
f 3008 5797 3000
f 2997 3008 2999
f 5807 5806 2967
f 3000 5807 2966
f 5806 2973 2967
f 2967 2966 5807
f 2973 5805 2970
f 2973 5806 5805
f 2988 2968 5801
f 5804 5803 2984
f 5802 5801 2969
f 5803 5802 2983
f 2971 2970 5804
f 2983 2984 5803
f 2969 2983 5802
f 2971 5804 2984
f 5801 2968 2969
f 5804 2970 5805
f 2995 2998 5813
f 2998 3002 5813
f 2995 5810 2993
f 3001 2966 5808
f 2993 5811 2992
f 3002 3001 5808
f 5810 5809 5811
f 5811 2989 2992
f 5813 5812 2995
f 5812 5813 5808
f 5809 5812 5814
f 5815 5812 5808
f 5813 3002 5808
f 5809 5810 5812
f 5810 2995 5812
f 5811 5809 2975
f 2989 2974 2968
f 2989 5811 2974
f 2974 5811 2975
f 5814 2975 5809
f 2993 5817 2995
f 2975 5814 2981
f 2979 2981 5814
f 2979 5815 5816
f 5815 5808 5816
f 2979 5816 5808
f 5818 2995 5817
f 5808 2966 2979
f 2979 5814 5815
f 5814 5812 5815
f 5811 2993 5810
f 5819 2995 5818
f 2961 2962 5823
f 5823 5822 5821
f 5821 2961 5823
f 5822 5820 5821
f 2946 2945 2962
f 5823 2962 2945
f 5824 5825 5822
f 5824 5822 5823
f 2949 2948 2962
f 2946 2962 2948
f 2952 2949 2963
f 2963 2954 2952
f 5826 5820 5822
f 5820 5826 5827
f 5825 5826 5822
f 5827 5828 5820
f 2965 5820 5829
f 5828 5829 5820
f 2955 2954 2963
f 2963 2957 2955
f 5829 2958 2965
f 2965 2957 2963
f 2965 2958 2957
f 5829 5828 2925
f 2958 5829 2924
f 5828 2930 2925
f 2925 2924 5829
f 2930 5827 2927
f 2930 5828 5827
f 2945 2926 2931
f 5826 5825 2941
f 5824 5823 2931
f 5825 5824 2934
f 2928 2927 5826
f 2934 2941 5825
f 2931 2934 5824
f 2928 5826 2941
f 5823 2945 2931
f 5826 2927 5827
f 2953 2956 5836
f 2956 2960 5836
f 2953 5832 2950
f 2959 2924 2938
f 2950 5831 2951
f 2960 2959 5830
f 5831 5832 5833
f 5831 5834 2932
f 5831 2947 2951
f 5836 5835 2953
f 5835 5836 5830
f 5831 5833 5837
f 5833 5835 5837
f 5838 5835 5830
f 5836 2960 5830
f 5833 5832 5835
f 5832 2953 5835
f 2926 2947 5831
f 2926 5831 2932
f 2933 5831 5837
f 2950 5840 2953
f 5831 2933 5834
f 2933 5837 5838
f 2937 5838 5839
f 2938 5839 5830
f 5838 5830 5839
f 2937 5839 2938
f 2933 5838 2937
f 5841 2953 5840
f 5837 5835 5838
f 5830 2959 2938
f 5831 2950 5832
f 5842 2953 5841
f 2922 5843 5844
f 5843 5845 5844
f 2919 2920 5846
f 5846 5845 5847
f 5847 2919 5846
f 5847 5845 5843
f 2920 2903 5846
f 5848 5845 5846
f 5849 5845 5850
f 5850 5845 5848
f 2920 2904 2903
f 2920 2906 2904
f 2921 2907 2906
f 2911 2907 2921
f 2920 2921 2906
f 5849 5851 5845
f 5845 5851 5852
f 5852 5844 5845
f 5844 5853 2918
f 5852 5853 5844
f 2921 2923 2911
f 2912 2911 2923
f 2923 2914 2912
f 2918 2915 5844
f 5844 2914 2923
f 2915 2914 5844
f 5853 5852 2882
f 2918 5853 2881
f 5852 2888 2882
f 2882 2881 5853
f 2888 5851 2886
f 2888 5852 5851
f 2903 2884 2885
f 5849 5850 2887
f 5848 5846 2885
f 5850 5848 2892
f 2887 2886 5849
f 2892 2899 5850
f 2885 2892 5848
f 2887 5850 2899
f 5846 2903 2885
f 5849 2886 5851
f 2910 2913 5856
f 2913 2917 5856
f 2908 2910 5854
f 2908 5854 2909
f 2916 2881 2883
f 2917 2916 5859
f 5855 2905 2909
f 5858 5854 2910
f 2905 5855 2884
f 5854 2889 5855
f 5855 2909 5854
f 5859 2896 5856
f 5857 5856 2896
f 5856 2917 5859
f 5857 5858 5856
f 5858 2910 5856
f 5855 2889 2884
f 2890 2889 5854
f 2891 2890 5854
f 2908 5860 2910
f 2891 5854 5858
f 2895 5857 2896
f 2895 2891 5858
f 5859 2883 2896
f 5861 2910 5860
f 5859 2916 2883
f 2895 5858 5857
f 5862 2910 5861
f 5872 5863 2880
f 5864 5872 2880
f 2880 5865 5864
f 5865 5866 5868
f 5868 5864 5865
f 5867 5868 5866
f 2860 5867 5866
f 5864 5868 5869
f 2877 2861 2860
f 2862 2861 2877
f 5866 2877 2860
f 2863 2877 2867
f 2862 2877 2863
f 5870 5864 5869
f 5871 5864 5870
f 5872 5864 5871
f 5872 5873 5863
f 2873 5863 5873
f 2879 2870 2869
f 2867 2877 2869
f 2879 2869 2877
f 2879 2873 2872
f 2879 5863 2873
f 2870 2879 2872
f 5873 5872 2843
f 2873 5873 2837
f 5873 2843 2844
f 2844 2837 5873
f 2843 5871 2841
f 2843 5872 5871
f 2860 2838 2840
f 5870 5869 2857
f 5868 5867 2855
f 5869 5868 2855
f 2842 2841 5870
f 2855 2857 5869
f 2840 2855 5867
f 2842 5870 2857
f 5867 2860 2840
f 5870 2841 5871
f 2868 2871 5878
f 2871 2875 5878
f 2868 5874 2866
f 2874 2837 2852
f 2866 5875 2864
f 2875 2874 5876
f 5880 5874 2868
f 2865 5875 2838
f 2864 5875 2865
f 5874 5877 5875
f 5875 5877 2846
f 5875 2866 5874
f 2852 5879 5878
f 5876 2852 5878
f 2850 5878 5879
f 5878 2875 5876
f 2850 5880 5878
f 5880 2868 5878
f 2846 2839 5875
f 5880 2846 5874
f 5875 2839 2838
f 2866 5881 2868
f 2846 5880 2845
f 5874 2846 5877
f 5879 2852 2850
f 2845 5880 2851
f 5882 2868 5881
f 2851 5880 2850
f 5876 2874 2852
f 5883 2868 5882
f 2834 5884 2835
f 5888 5885 5887
f 5886 5888 5887
f 5887 2832 5886
f 5887 5885 5884
f 5886 2817 5889
f 5889 5888 5886
f 5890 5891 5888
f 5890 5888 5889
f 2820 2818 5886
f 2817 5886 2818
f 2833 2820 5886
f 2820 2833 2821
f 5892 5885 5888
f 5888 5893 5892
f 5892 5894 5885
f 5891 5893 5888
f 5895 5884 5894
f 5885 5894 5884
f 5884 5895 2835
f 2826 2825 2836
f 2833 2836 2825
f 2835 2828 2826
f 5895 2829 2835
f 2835 2826 2836
f 2835 2829 2828
f 5895 5894 2796
f 2829 5895 2795
f 5894 2802 2796
f 2796 2795 5895
f 2802 5892 2799
f 2802 5894 5892
f 2817 2797 2798
f 5893 5891 2800
f 5890 5889 2805
f 5891 5890 2812
f 2800 2799 5893
f 2805 2812 5890
f 2798 2805 5889
f 2800 5891 2812
f 5889 2817 2798
f 5893 2799 5892
f 2824 2827 5902
f 2827 2831 5902
f 2824 5896 2822
f 2830 2795 2810
f 2822 5896 2823
f 2831 2830 5897
f 5899 5896 2824
f 5898 5896 5899
f 5900 5896 5898
f 5896 5900 2804
f 5896 2819 2823
f 5902 5901 2824
f 5901 5902 5897
f 5898 5901 5903
f 2803 5901 5897
f 5902 2831 5897
f 5898 5899 5901
f 5899 2824 5901
f 5900 5898 2804
f 5896 2797 2819
f 5896 2804 2797
f 2803 5898 5903
f 5898 2803 2804
f 5904 2803 5897
f 5904 5897 2810
f 2803 5904 2810
f 5903 5901 2803
f 5897 2830 2810
f 2792 2793 2790
f 2790 5910 2787
f 2790 2793 5910
f 5908 5905 2793
f 2793 5905 5910
f 2787 5910 2788
f 5906 5908 2793
f 5907 5905 5908
f 5906 2793 2791
f 5905 5907 5909
f 5911 2788 5910
f 5912 5905 5909
f 5910 5905 5912
f 5417 2775 3009
f 5417 3009 3007
f 2778 2775 5913
f 5913 2775 5417
f 5415 5913 5417
f 3009 2775 5798
f 5798 2775 5799
f 3138 5799 2775
f 3007 3003 2965
f 2964 5419 3007
f 3731 2768 2767
f 5913 5415 2766
f 2767 2766 3731
f 5415 3731 2766
f 2768 3731 5596
f 3731 3730 5596
f 2768 5596 5934
f 5914 5934 3390
f 3728 5419 2964
f 3007 5419 5417
f 3728 5598 3730
f 3730 5598 5596
f 5598 3728 3689
f 3689 2964 5440
f 3728 2964 3689
f 3138 2775 5730
f 2777 5732 5730
f 5799 3136 3003
f 5799 3138 3136
f 5821 3003 3136
f 3003 5821 5820
f 2775 2777 5730
f 3052 5732 5775
f 3052 3133 5732
f 5775 5732 2777
f 5821 3136 5619
f 3133 3052 5619
f 3136 3133 5619
f 5821 5619 3350
f 2964 3007 2965
f 2965 3003 5820
f 5441 5440 2964
f 2963 5441 2964
f 5441 2961 3435
f 2961 5441 2963
f 5821 3350 2961
f 5574 3435 2961
f 3350 5574 2961
f 5574 3350 3349
f 5915 5914 3390
f 5915 3390 5917
f 2787 803 3389
f 5916 3390 803
f 3387 2790 3389
f 5916 5917 3390
f 3390 3389 803
f 3390 5934 5596
f 5598 3687 3387
f 2789 3387 2792
f 2794 5754 2791
f 5756 2794 2792
f 2792 3387 3687
f 5756 5754 2794
f 2789 2790 3387
f 5756 2792 3687
f 3689 3687 5598
f 2770 803 2788
f 2787 2788 803
f 3389 2790 2787
f 5911 2770 2788
f 5909 5911 5912
f 2922 5911 5909
f 2922 5918 5911
f 5912 5911 5910
f 5843 5907 5908
f 5843 5906 5754
f 5908 5906 5843
f 5906 2791 5754
f 5843 2922 5907
f 2921 5918 2922
f 5909 5907 2922
f 5757 3685 3094
f 5756 3687 5757
f 5843 5754 3097
f 3097 3096 5847
f 3097 5847 5843
f 5757 3687 3685
f 3435 3433 3094
f 3435 3094 3685
f 5685 3094 3433
f 3096 3094 3222
f 5684 3222 3094
f 3094 5685 5684
f 5685 3433 3432
f 2919 5847 5884
f 2919 5919 5918
f 2834 5919 2919
f 2919 5884 2834
f 2919 5918 2921
f 5847 3222 5884
f 5887 3222 3221
f 3222 5887 5884
f 2833 2832 5919
f 2834 2833 5919
f 5919 2832 5928
f 3221 3218 5887
f 3222 5847 3096
f 5441 3435 3685
f 2777 5776 5775
f 5776 2777 2779
f 5776 2779 2783
f 3051 5621 5619
f 5619 3052 3051
f 2783 5466 3048
f 3048 5466 5464
f 3051 3048 5464
f 5530 5464 3645
f 3051 5464 5621
f 3048 5776 2783
f 3515 3347 5530
f 3347 5621 5530
f 3347 5574 3349
f 3347 5576 5574
f 3347 3515 5576
f 5530 3645 5531
f 5621 5464 5530
f 3478 3513 5553
f 3478 3515 3513
f 3512 5553 3513
f 3478 5576 3515
f 3645 5532 5531
f 3642 5466 2785
f 2783 2785 5466
f 3561 5532 3645
f 3561 3645 3644
f 5510 3644 3642
f 3642 5511 5510
f 3642 2785 5511
f 5510 3561 3644
f 2786 5511 2785
f 5511 2786 3556
f 5532 3561 3559
f 5532 3559 3512
f 3512 3559 5555
f 5486 3603 3559
f 5553 3512 5555
f 3603 5555 3559
f 5486 3556 5488
f 3556 5489 5488
f 2781 3601 5489
f 2786 2781 5489
f 3559 3556 5486
f 2786 5489 3556
f 3178 3432 5707
f 3478 3432 5576
f 5686 3432 3178
f 3218 5686 3178
f 5708 5711 3478
f 5711 5707 3432
f 3477 5708 3478
f 3177 5664 3178
f 3175 3308 5665
f 3218 3178 5664
f 3432 3478 5711
f 5665 3177 3175
f 5663 5887 3218
f 5663 3264 5887
f 3264 2832 5887
f 3264 5928 2832
f 5663 3218 5664
f 5664 3177 5665
f 3261 5665 3308
f 3264 3262 5928
f 5928 3262 3261
f 5927 3261 5920
f 3261 5927 5928
f 3475 5708 3477
f 5685 3432 5686
f 3475 3603 2880
f 2880 3603 5865
f 3175 5709 2878
f 2880 5709 3475
f 3175 2878 5643
f 2880 2878 5709
f 3475 5709 5708
f 3602 3601 5865
f 5921 3601 2781
f 5866 5921 2876
f 5921 5866 5865
f 2876 5921 5922
f 5921 5865 3601
f 3602 5865 3603
f 5642 3175 5643
f 5642 3308 3175
f 5644 5643 2878
f 5920 3261 3307
f 5920 3307 3305
f 5920 3305 5925
f 3261 3308 3307
f 5644 2878 2876
f 5922 3305 5644
f 5925 3305 5922
f 5644 2876 5922
f 3603 3475 5555
f 5945 5964 5921
f 5926 5927 5920
f 5964 5966 5922
f 2781 5945 5921
f 5964 5922 5921
f 5966 5925 5922
f 5925 5926 5920
f 5929 5930 5919
f 5930 5931 5919
f 5932 5933 5911
f 5973 5939 2770
f 5933 5973 5911
f 5931 5932 5918
f 5928 5929 5919
f 2770 5911 5973
f 5918 5932 5911
f 5919 5931 5918
f 2769 5916 803
f 5915 5924 5923
f 5923 5914 5915
f 5914 5923 5934
f 2766 2778 5913
f 5937 2782 5936
f 5937 5936 5938
f 5935 2782 2780
f 5941 5940 2780
f 2780 2776 5941
f 5940 5935 2780
f 2784 5942 5943
f 5943 5944 5945
f 5932 5946 5947
f 2782 5948 2784
f 5949 2784 5948
f 5937 5948 2782
f 5946 5931 5950
f 5939 5951 5917
f 5952 1889 5953
f 5952 5953 5954
f 5953 1889 2776
f 2774 5953 2776
f 5955 5956 2772
f 5955 2772 2771
f 2772 5956 2773
f 2766 2768 5957
f 5958 5959 5957
f 2766 5957 2778
f 5960 7328 5934
f 5934 7328 2768
f 7328 5957 2768
f 2778 5957 5959
f 5962 5963 5945
f 5964 5945 5963
f 5927 5969 5967
f 5965 5966 5964
f 5930 5961 5968
f 5925 5969 5926
f 5967 5970 5971
f 5926 5969 5927
f 5927 5971 5972
f 5971 5927 5967
f 5927 5972 5928
f 7318 5961 5928
f 5928 7319 7318
f 7319 5928 5972
f 5929 5928 5961
f 5933 5974 5973
f 5951 5915 5917
f 5939 5916 2769
f 5951 5975 5915
f 5939 5917 5916
f 5976 2773 5956
f 5931 5930 5977
f 5977 5930 5968
f 5931 5977 5950
f 5961 5930 5929
f 5933 5932 5947
f 5932 5931 5946
f 5933 5947 5974
f 5978 5979 5950
f 5978 5950 5977
f 5953 2774 5976
f 2774 2773 5976
f 2763 3739 3738
f 5980 3739 2763
f 2761 3738 2759
f 2763 3738 2761
f 3734 3739 5980
f 5981 5982 3734
f 2755 2759 5412
f 5414 2755 5412
f 2753 2755 5414
f 5982 5984 5413
f 5983 5984 5982
f 5413 5984 5985
f 5414 5413 5985
f 5414 5985 2753
f 5986 1525 1530
f 5986 1530 1529
f 1525 5986 5987
f 1525 5987 5988
f 1527 1530 1525
f 1535 5989 5990
f 1536 1535 5990
f 5990 1532 1536
f 5990 5989 5991
f 1542 5992 1543
f 5992 1542 5993
f 5992 1539 1543
f 1539 1541 1543
f 1549 5994 5995
f 1550 1549 5995
f 5995 1546 1550
f 5995 5994 5996
f 5999 5998 5997
f 8591 6005 6000
f 6002 6000 6005
f 6001 6000 6002
f 6004 6005 8591
f 6003 5999 6006
f 6007 6005 6004
f 6009 6007 6004
f 6008 6009 6004
f 6009 6008 6010
f 2760 3734 5980
f 6013 5982 5981
f 6014 5981 3734
f 2760 6014 3734
f 6014 6011 5981
f 6013 5981 6011
f 6012 5982 6013
f 6012 5983 5982
f 6015 2753 5985
f 6016 5985 5984
f 5984 6012 6017
f 5984 6017 6016
f 5985 6016 6015
f 2753 6015 2757
f 5983 6012 5984
f 6019 6020 6018
f 6022 6020 6019
f 6021 6022 6019
f 6024 6025 6023
f 6027 6025 6024
f 6026 6027 6024
f 6029 6030 6028
f 6032 6030 6029
f 6031 6032 6029
f 6034 6035 6033
f 6037 6035 6034
f 6036 6037 6034
f 6039 6040 6038
f 6042 6040 6039
f 6041 6042 6039
f 6044 6045 6043
f 6047 6045 6044
f 6046 6047 6044
f 6049 6050 6048
f 6051 6050 6049
f 2600 6051 6049
f 6053 6054 6052
f 6056 6054 6053
f 6055 6056 6053
f 6058 6059 6057
f 6061 6059 6058
f 6060 6061 6058
f 6063 6064 6062
f 6066 6064 6063
f 6065 6066 6063
f 6068 6069 6067
f 6071 6069 6068
f 6070 6071 6068
f 6073 6074 6072
f 6076 6074 6073
f 6075 6076 6073
f 6078 6079 6077
f 6081 6079 6078
f 6080 6081 6078
f 6083 6084 6082
f 6086 6084 6083
f 6085 6086 6083
f 6088 6089 6087
f 6090 6089 6088
f 6090 6088 6091
f 6092 6091 6088
f 2497 6093 6507
f 6094 6507 6093
f 6094 6093 6095
f 6096 6095 6093
f 6098 6097 6096
f 6099 6097 6098
f 6102 6101 6100
f 6103 6101 6102
f 6106 6105 6104
f 6107 6105 6106
f 6110 6109 6108
f 6111 6109 6110
f 6114 6113 6112
f 6115 6113 6114
f 6119 6117 6116
f 6118 6119 6116
f 6121 6122 6120
f 6124 6122 6121
f 6123 6124 6121
f 6128 6126 6125
f 6127 6128 6125
f 6518 6130 6129
f 6131 6130 6518
f 6132 6131 6518
f 6133 6134 6132
f 6136 6134 6133
f 6135 6136 6133
f 6140 6138 6137
f 6139 6140 6137
f 6144 6142 6141
f 6143 6144 6141
f 6147 6146 6145
f 6148 6147 6145
f 6149 6150 6148
f 6151 6150 6149
f 6152 6151 6149
f 6153 6154 6152
f 6155 6154 6153
f 2735 6155 6153
f 6157 6158 6156
f 6158 6157 6159
f 6160 2677 2676
f 6162 2684 2682
f 2683 2684 6162
f 2682 2680 6161
f 2624 2686 6163
f 6164 2626 2625
f 2625 2624 6165
f 6285 2629 6166
f 6167 2631 2630
f 2630 2629 6280
f 2627 2626 6286
f 2686 2683 6245
f 6281 2636 2634
f 6178 2633 6283
f 6182 2690 6276
f 2690 6170 6254
f 2687 2636 6228
f 6171 2693 2691
f 6172 2696 2695
f 2693 6314 2694
f 6297 2640 2639
f 6175 2564 2676
f 6176 6177 2561
f 2561 6177 2540
f 6175 2540 6177
f 2645 2644 6181
f 2645 6183 2646
f 6176 2561 2537
f 2627 6179 2628
f 6168 6252 2632
f 2689 2687 6228
f 2642 6234 6173
f 2639 2638 6180
f 6181 2644 2643
f 2691 6182 6171
f 6314 6257 2694
f 6281 2634 6169
f 2679 6160 6278
f 2537 2535 6184
f 2647 2646 6185
f 6231 2647 6185
f 6313 2698 2697
f 2697 6186 6313
f 2699 2698 6305
f 2701 2700 6232
f 2692 2703 2702
f 2702 2701 6232
f 2700 6289 6232
f 6303 2704 6188
f 2705 2704 6269
f 6289 2700 6187
f 6290 6189 2650
f 2651 6189 6190
f 6192 2650 2649
f 2699 6305 6187
f 6186 2648 6231
f 2652 6293 6191
f 6194 2655 2654
f 2653 6357 2654
f 6195 2658 6346
f 6198 2660 2659
f 2659 6196 6198
f 6346 2655 6199
f 6201 2711 2708
f 2710 6200 2712
f 2708 2707 6201
f 6370 2661 2717
f 2717 6202 6203
f 2713 2712 6204
f 2706 2660 6236
f 6239 2662 2661
f 2663 2662 6349
f 6206 2666 2665
f 6368 2670 2669
f 2669 2667 6368
f 2665 2664 6362
f 2673 2672 6207
f 6326 2718 2673
f 6328 2723 2722
f 2724 2723 6211
f 2719 6348 6389
f 2727 6379 6240
f 6212 2721 6240
f 2711 6201 2710
f 6201 2707 6343
f 2663 6349 6205
f 2667 6363 6325
f 6197 6236 2660
f 6384 2727 6209
f 2725 2724 6211
f 6207 6347 2673
f 2719 6208 6348
f 2718 6218 2719
f 6214 6215 6216
f 2654 6357 6193
f 2509 6221 6387
f 2513 2509 6241
f 6223 2514 2513
f 6383 6220 6219
f 6388 2510 2511
f 2509 6387 6224
f 2505 2510 6396
f 2500 2507 6225
f 6225 2507 2504
f 2500 2508 2502
f 6225 2504 2506
f 2673 6347 6326
f 2683 6162 6245
f 2624 6248 6165
f 6278 2680 2679
f 2564 2567 2676
f 2625 6165 6164
f 2636 6281 6228
f 2564 6175 6177
f 2682 6161 6229
f 6179 6166 2628
f 6160 2676 2567
f 6246 2686 6245
f 6229 6162 2682
f 6184 6176 2537
f 6275 2631 6167
f 6285 6280 2629
f 2633 2632 6252
f 6168 2631 6275
f 6254 6276 2690
f 2686 6246 6163
f 6230 6184 2535
f 2696 6299 2637
f 2694 6258 2695
f 2704 6268 6269
f 2692 2702 6232
f 6233 6188 2703
f 2649 2705 6192
f 2704 6303 6268
f 6313 6186 6264
f 2628 6174 2640
f 6261 2643 2642
f 6257 6258 2694
f 2650 6192 6290
f 6235 6189 6290
f 6286 6179 2627
f 2689 6228 6170
f 6172 6299 2696
f 6180 6297 2639
f 6186 6231 6301
f 6230 2535 2526
f 6197 2660 6198
f 2655 6194 6199
f 2654 6193 6194
f 2670 6368 6359
f 2715 2714 6237
f 6202 2716 2715
f 2713 6318 2714
f 2670 6359 6367
f 6204 6318 2713
f 6237 2714 6358
f 2706 6236 2707
f 2671 6238 2672
f 2666 6206 6363
f 2670 6238 2671
f 6203 6370 2717
f 6326 6218 2718
f 6334 6219 6215
f 2723 6328 6211
f 2722 6389 6348
f 2513 6241 6223
f 6396 2510 6388
f 2515 2511 2512
f 6242 2506 2505
f 6388 2511 6243
f 6391 2506 6242
f 6244 2726 2725
f 6220 6385 6222
f 2726 6210 6209
f 6244 2725 6211
f 6241 2509 6224
f 2508 2500 6225
f 6200 2710 6201
f 2658 6195 2657
f 2667 6325 6368
f 6206 2665 6362
f 6383 6380 6220
f 2652 6191 2653
f 6230 2526 2527
f 6230 2527 6184
f 6278 6160 6247
f 6250 6167 2630
f 6166 6179 6251
f 2530 6283 2633
f 2633 6252 6253
f 6228 6281 6255
f 6256 6171 6182
f 6180 2638 6259
f 6260 6234 6174
f 6262 6181 2643
f 6263 2646 6183
f 6185 2646 6265
f 6266 6187 6305
f 2643 6261 6271
f 6176 2541 6177
f 6162 6229 2573
f 6163 6273 2624
f 6279 6161 2680
f 6176 2542 2541
f 6184 2542 6176
f 6166 2523 6285
f 6283 2634 6178
f 6169 2634 6283
f 6287 6170 6228
f 6256 2693 6171
f 6184 2527 2542
f 6314 2693 6288
f 6189 6291 6190
f 6235 6292 6189
f 6234 6294 6173
f 6296 2645 6181
f 6183 2645 6298
f 6231 6185 6265
f 2628 2640 6300
f 2703 2692 6302
f 6306 6289 6187
f 6307 6233 2703
f 6308 6301 6231
f 2705 6269 6309
f 2698 6313 2689
f 6293 6315 6191
f 6198 6196 6316
f 6317 6358 2714
f 6203 6202 6322
f 6323 2662 6239
f 6362 2664 6327
f 2722 6348 6329
f 6330 2726 6244
f 6210 2726 6331
f 6332 6212 6240
f 6333 6336 6213
f 6334 6215 6335
f 6240 6379 6337
f 6385 6220 2668
f 6221 6227 6339
f 6223 6241 2718
f 6341 6243 2511
f 2511 2515 6342
f 6193 6357 6344
f 6343 2707 6345
f 6201 6350 6200
f 6346 6352 6195
f 6202 2715 6353
f 6198 6354 6197
f 6356 6204 2712
f 6200 6350 2712
f 6360 6208 2719
f 6367 6361 2670
f 6349 2662 6364
f 2661 6365 6239
f 6366 6207 2672
f 6369 2719 6218
f 6206 6362 6363
f 2697 2707 6236
f 2672 6238 6372
f 6374 6227 6222
f 6217 6375 6214
f 6225 6378 2508
f 2506 6390 6225
f 6383 6219 6381
f 6332 2721 6212
f 6220 6380 6382
f 6215 6214 6386
f 2716 2727 6384
f 6389 6392 2515
f 2506 6391 6390
f 6242 2505 6391
f 6226 2720 6401
f 2515 2514 6397
f 2712 6211 6328
f 2653 6191 6315
f 2564 6177 2541
f 2567 2564 2568
f 6286 6251 6179
f 6272 6245 6162
f 6161 2571 6229
f 6279 2571 6161
f 6160 2567 6247
f 6228 2676 6287
f 6170 6287 6254
f 6276 2681 6182
f 6280 6250 2630
f 6251 6249 6166
f 6256 6182 2681
f 2680 6278 6279
f 6162 2573 2576
f 6272 6162 2576
f 6166 6249 2523
f 6255 6282 6228
f 6253 2530 2633
f 6254 6284 6276
f 6247 6277 6278
f 6260 6174 2628
f 2689 6305 2698
f 6262 2643 6271
f 6186 6301 2636
f 6186 2636 6264
f 6293 6190 6291
f 6267 6187 6266
f 6311 6192 2705
f 6351 6196 2657
f 6263 6183 2633
f 2637 2625 2638
f 6288 2693 6256
f 6234 6260 6294
f 2625 2637 6299
f 6187 6267 6306
f 6232 6270 2692
f 6199 6194 6346
f 2646 6263 6265
f 6351 2657 6195
f 6273 6163 6246
f 6248 2624 2516
f 2516 2624 6273
f 6286 2626 6164
f 6274 6168 6275
f 6252 6168 6274
f 2676 6228 2675
f 2675 6228 6282
f 6300 2640 6297
f 6281 6169 6283
f 2633 6183 6298
f 6298 2645 6296
f 2689 6313 6312
f 6270 6232 6295
f 6295 6232 6289
f 6308 6231 6265
f 6307 2703 6302
f 6303 6188 6233
f 6309 6269 6304
f 6311 2705 6309
f 6291 6189 6310
f 6357 2653 6315
f 2643 6193 6344
f 6310 6189 6292
f 2642 6173 6294
f 6353 2715 6355
f 6202 6321 6322
f 6202 6353 6321
f 6236 6197 6320
f 6323 6239 6365
f 6319 6350 6201
f 6201 2699 6319
f 6324 6327 2664
f 2727 2716 6379
f 2726 6330 6331
f 6238 2670 6361
f 6345 2707 2697
f 2714 6318 6317
f 6236 6320 2697
f 6354 2648 6197
f 6323 6364 2662
f 6329 6328 2722
f 2672 6372 6366
f 6360 2719 6369
f 6374 6339 6227
f 6220 6382 6338
f 6391 2505 6396
f 6342 2515 6392
f 6341 2511 6342
f 2668 6220 6338
f 2508 6378 6376
f 6332 6240 6337
f 6334 6381 6219
f 6340 6241 6224
f 6387 6221 6339
f 6217 6336 6375
f 2718 6241 6340
f 6393 6394 6400
f 6394 6393 6401
f 2514 6223 2718
f 6243 6341 6388
f 6376 6226 2508
f 6198 6316 6354
f 2699 6201 6343
f 6355 2715 6237
f 6356 2712 6350
f 6365 2661 6370
f 6324 2664 6205
f 6348 6208 6360
f 6384 6209 6210
f 2712 6328 6371
f 2709 2721 6332
f 6213 2721 2709
f 6373 6214 6375
f 6335 6215 6386
f 6386 6214 6373
f 6374 6222 6385
f 6389 2515 6397
f 6378 6225 6377
f 6377 6225 6390
f 2720 6226 6395
f 6256 2682 6288
f 2524 6275 6167
f 2571 6279 2572
f 2628 2629 6260
f 6306 6267 2690
f 6192 2639 6290
f 6292 2640 6310
f 6312 6313 2689
f 6260 2629 6294
f 2733 6250 6280
f 2517 6164 6165
f 6248 2517 6165
f 6251 6286 2730
f 2675 6282 6255
f 6314 6288 2684
f 6172 2695 2685
f 2677 6287 2676
f 6273 6246 2577
f 6277 2569 6278
f 6246 6245 2577
f 2522 6249 6251
f 2684 6257 6314
f 6278 2566 6279
f 2520 6280 6285
f 2679 6284 6254
f 6284 2678 6276
f 2524 6252 6274
f 6250 2733 6167
f 6274 6275 2524
f 2695 6258 2685
f 2632 6296 6181
f 6296 2632 6298
f 2634 6308 6265
f 6313 6264 2688
f 2642 6294 2630
f 2627 6180 6259
f 6306 2691 6289
f 6315 2642 6357
f 6269 2696 6304
f 6194 2645 6346
f 6311 2638 6192
f 6302 2692 2693
f 6194 6193 2645
f 6307 6302 2693
f 6304 2696 6309
f 2627 6297 6180
f 6181 6262 2631
f 2638 2625 6259
f 6308 2636 6301
f 2636 2687 6264
f 6297 2627 6300
f 6291 6310 2640
f 2639 6292 6235
f 6235 6290 2639
f 6196 6351 2647
f 6289 2691 6295
f 2643 6344 6357
f 2689 6170 6305
f 6254 6287 2677
f 2648 6186 6197
f 2660 6366 6372
f 6196 6361 6367
f 2650 6203 6322
f 2717 6332 6337
f 2716 2717 6379
f 2725 6391 6396
f 2670 6385 2668
f 6403 6402 6398
f 2715 6210 6331
f 2700 6350 6319
f 6358 6317 2703
f 2704 6353 6355
f 6237 6358 6188
f 6364 6323 6190
f 2698 6345 2697
f 2653 6362 6327
f 6367 6359 2658
f 6368 6325 2656
f 2710 6371 6328
f 6328 6329 2710
f 2707 6360 6369
f 6218 2706 6369
f 6244 6211 2713
f 6318 2703 6317
f 2650 6365 6370
f 2704 6355 6237
f 6320 6197 6186
f 6365 6189 6323
f 2705 6322 6321
f 6231 6354 6316
f 6370 6203 2650
f 6238 2659 6372
f 2653 6327 6324
f 6359 6368 2658
f 6207 6366 2660
f 6196 6238 6361
f 6330 6244 2713
f 6348 6360 2708
f 6326 2706 6218
f 6364 6190 6349
f 6331 6330 2714
f 2667 6382 6380
f 6381 6334 2665
f 6383 2667 6380
f 6374 2671 6339
f 2666 6383 6381
f 6335 2665 6334
f 6375 6336 2663
f 6376 6240 6226
f 6341 2723 6388
f 6391 2726 6390
f 6226 2721 6395
f 2725 6396 6388
f 6342 2723 6341
f 6394 6404 6400
f 6387 6339 2673
f 6210 2715 6384
f 6374 6385 2670
f 6338 6382 2667
f 6336 6333 2662
f 2717 6337 6379
f 6401 6404 6394
f 6392 2723 6342
f 6400 6406 6399
f 6325 6363 2655
f 6278 2569 2566
f 6279 2566 2570
f 2570 2572 6279
f 2573 6229 2571
f 2518 6164 2517
f 6245 6272 2575
f 2577 6245 2575
f 6248 2516 2519
f 2518 2730 6286
f 6251 2730 2522
f 6285 2523 2520
f 6280 2520 2521
f 6249 2522 2523
f 2518 6286 6164
f 2519 2517 6248
f 2521 2733 6280
f 6281 6283 2539
f 2686 6172 2685
f 6257 2685 6258
f 6271 6261 2631
f 2633 6298 2632
f 2681 6276 2678
f 6271 2631 6262
f 6233 2694 6303
f 6178 6265 6263
f 6293 2641 6315
f 2643 2644 6193
f 2646 6346 2645
f 6315 6234 2642
f 6303 2694 6268
f 6307 2693 2694
f 2536 2538 6283
f 6281 2674 6255
f 2531 6252 2524
f 6252 2531 6253
f 2531 2530 6253
f 2538 2539 6283
f 2530 2536 6283
f 2674 6281 2539
f 6255 2674 2675
f 6254 6160 2679
f 6254 2677 6160
f 2733 2524 6167
f 2678 6284 2679
f 2682 6256 2681
f 2683 6257 2684
f 2683 2685 6257
f 2684 6288 2682
f 2686 6299 6172
f 2686 2625 6299
f 2627 6259 2625
f 2628 6300 2627
f 2630 6294 2629
f 2630 6261 2642
f 2632 6181 2631
f 2630 2631 6261
f 2633 6178 6263
f 2635 6265 6178
f 2636 6308 2634
f 2688 6264 2687
f 2634 6265 2635
f 6266 6305 6170
f 2690 6267 6266
f 2691 2692 6270
f 2691 6270 6295
f 2691 6306 2690
f 2694 6233 6307
f 2638 6311 6309
f 2694 2696 6268
f 2640 6292 2639
f 6174 6291 2640
f 6174 2641 6293
f 2643 6357 2642
f 6234 6315 2641
f 6174 6293 6291
f 2645 6193 2644
f 2646 6195 6352
f 6316 6196 2647
f 2647 6351 6195
f 2646 6352 6346
f 2639 6192 2638
f 2689 6313 2688
f 6354 6231 2648
f 6186 2697 6320
f 2698 6343 6345
f 6343 2698 2699
f 2702 6318 6204
f 6204 6356 2702
f 6324 6205 2652
f 2701 6350 2700
f 2700 6319 2699
f 2701 2702 6350
f 6188 6358 2703
f 2704 6237 6188
f 2703 6318 2702
f 2650 6322 2705
f 6189 6365 2650
f 6190 6323 2651
f 6293 6205 6349
f 6293 6349 6190
f 2651 6323 6189
f 2705 6321 6353
f 6205 6293 2652
f 2706 6326 6347
f 6196 6367 2658
f 6348 2711 6329
f 2710 2712 6371
f 2709 2661 6213
f 2713 6211 2712
f 2662 6333 6213
f 6205 6386 6373
f 6335 6386 6205
f 6377 2727 6378
f 6224 2718 6340
f 2718 2719 2514
f 2721 6226 6240
f 2706 2707 6369
f 6362 2655 6363
f 6400 6404 6406
f 6362 2654 2655
f 2656 6325 2655
f 2658 6368 2656
f 6399 6406 6405
f 6399 6405 6398
f 2653 2654 6362
f 2652 2653 6324
f 2702 6356 6350
f 2659 6238 6196
f 2660 2706 6347
f 2660 6347 6207
f 2660 6372 2659
f 2708 6360 2707
f 2710 6329 2711
f 2708 2711 6348
f 2714 6330 2713
f 2715 6331 2714
f 2709 6332 2717
f 2716 6384 2715
f 2661 2662 6213
f 2663 6336 2662
f 2663 6205 6373
f 6205 2665 6335
f 2663 6373 6375
f 2667 6383 2666
f 2672 6339 2671
f 2668 6338 2667
f 2673 6224 6387
f 2719 6389 6397
f 2719 6397 2514
f 2673 2718 6224
f 2673 6339 2672
f 2724 6388 2723
f 2726 6391 2725
f 6209 6377 6390
f 6209 6390 2726
f 2725 6388 2724
f 6240 6376 6378
f 6404 6401 6408
f 2720 6408 6401
f 2720 6395 2721
f 6209 2727 6377
f 2723 6392 6389
f 2666 6381 2665
f 2696 6269 6268
f 6411 6410 6409
f 6413 6410 6411
f 6413 6411 6412
f 2743 2579 6419
f 6416 6417 6415
f 6416 6418 6419
f 6418 2743 6419
f 6415 6414 6412
f 6423 6420 6422
f 2734 2742 6424
f 6420 6421 6422
f 6431 6427 6433
f 6434 6420 6429
f 6434 6429 6428
f 6429 6420 6426
f 6156 6158 6155
f 6436 6437 6427
f 6439 6431 6430
f 2756 1544 6440
f 6441 6431 6435
f 6443 6442 6014
f 6444 1544 1538
f 1540 6444 1538
f 6014 6442 6448
f 6428 6447 6432
f 6447 6428 1533
f 6428 6429 1533
f 1534 1533 6429
f 2758 1533 6449
f 6447 1533 2754
f 2758 6449 6450
f 2757 6454 1544
f 2756 2757 1544
f 2758 2754 1533
f 2754 2756 6447
f 6447 6430 6432
f 6451 1540 6452
f 6454 6016 6455
f 6451 6452 6456
f 6456 6455 6016
f 6458 2736 6427
f 8449 6456 6016
f 8449 6017 6462
f 6017 8449 6016
f 6017 1545 6462
f 2737 6463 6464
f 1545 6467 6462
f 6464 2738 2737
f 6468 1570 2732
f 1545 6466 6467
f 1547 1545 6017
f 6454 6015 6016
f 6454 2757 6015
f 1534 6429 1537
f 1537 6429 6426
f 6426 6420 1537
f 6472 1537 6420
f 2764 6472 6420
f 6450 6474 2758
f 2758 6474 2765
f 2765 6474 6472
f 6425 2762 2764
f 6472 2764 2765
f 6425 2764 6423
f 2762 1524 2760
f 1524 2762 1526
f 2760 1524 6477
f 6423 2764 6420
f 6475 6014 6448
f 1531 6425 2742
f 1531 1526 6425
f 6473 2741 2531
f 6425 1526 2762
f 2531 1577 6476
f 2742 6478 1528
f 2741 6478 2742
f 1531 2742 1528
f 1547 6012 1551
f 1547 6017 6012
f 6013 1551 6012
f 6013 6485 1551
f 6480 2732 1570
f 6461 6481 6482
f 2739 2732 1574
f 6461 1548 6479
f 2732 6484 1574
f 6013 6011 6485
f 2760 6477 6014
f 6486 6014 6477
f 2741 1579 6486
f 6486 6478 2741
f 6014 6486 1579
f 6487 2740 1575
f 2740 2739 6488
f 1574 6485 2739
f 6487 2531 2740
f 1579 2741 6473
f 6487 6489 2531
f 6473 2531 6476
f 6487 6011 6014
f 6014 1579 6443
f 6489 6014 6475
f 6487 6014 6489
f 1577 2531 6489
f 6011 6488 6485
f 6011 6487 6488
f 1575 2740 6488
f 2739 6485 6488
f 6479 1548 1551
f 1551 6485 6479
f 6461 6479 6460
f 6481 6461 6471
f 6461 6470 6471
f 6484 2732 6471
f 6461 6460 6470
f 2732 6480 6471
f 6469 6466 6483
f 6482 6483 6466
f 6483 6482 6490
f 6481 6490 6482
f 6466 6469 6467
f 6455 6456 6452
f 6491 6458 6427
f 6492 6453 6427
f 6444 1540 6451
f 1544 6444 6446
f 1544 6445 6440
f 6446 6445 1544
f 2756 6440 6447
f 6430 6447 6493
f 6430 6493 6438
f 6439 6430 6494
f 6494 6430 6438
f 6431 6495 6496
f 6439 6495 6431
f 6497 6431 6441
f 6496 6435 6431
f 6427 6431 6436
f 6497 6436 6431
f 6437 6492 6427
f 6498 6491 6427
f 6427 6453 6498
f 6458 6457 2736
f 6459 2737 6499
f 2736 6499 2737
f 6457 6499 2736
f 6459 6463 2737
f 2738 6464 6465
f 2738 6465 6500
f 2738 6500 6468
f 2738 6468 2732
f 6424 2742 2533
f 2734 6424 2533
f 6425 6423 2565
f 6422 6421 2565
f 6423 6422 2565
f 2742 6425 2533
f 6425 2565 2533
f 6421 6420 2565
f 6427 2519 2578
f 6434 6428 2571
f 6428 6432 2574
f 6432 6430 2574
f 6431 6433 2577
f 6430 6431 2574
f 2565 6420 2571
f 2574 2571 6428
f 2577 2574 6431
f 2578 2577 6433
f 6433 6427 2578
f 2571 6420 6434
f 2720 2721 6213
f 6408 6213 6336
f 2720 6213 6408
f 6404 6336 6406
f 6404 6408 6336
f 6217 6214 6406
f 6214 6216 6501
f 6501 6406 6214
f 6501 6216 6215
f 6217 6406 6336
f 2618 6502 6505
f 6502 6503 6505
f 2618 6505 2620
f 6505 6503 6504
f 6515 6504 6503
f 6506 6515 6503
f 6509 6511 6514
f 6509 6508 6515
f 6514 6510 6509
f 6513 6512 6511
f 6507 6513 6511
f 6514 6511 6512
f 6511 2607 6507
f 6103 6512 6101
f 6105 6512 6103
f 6514 6512 6105
f 6105 6107 6514
f 6513 6101 6512
f 2607 6091 6507
f 6099 6513 6097
f 6513 6099 6101
f 6094 6097 6507
f 6097 6094 6095
f 6507 6097 6513
f 6117 6509 6115
f 6508 6117 6119
f 6119 6122 6508
f 6122 6124 6515
f 6508 6122 6515
f 6109 6514 6107
f 6510 6514 6109
f 6109 6111 6510
f 6113 6510 6111
f 6509 6510 6113
f 6509 6113 6115
f 6508 6509 6117
f 6090 2608 6089
f 2608 6086 6089
f 6086 2608 6084
f 6084 2608 6081
f 2608 6090 2607
f 6091 2607 6090
f 6081 2609 6079
f 6074 6076 2609
f 6076 6079 2609
f 2608 2609 6081
f 6069 6071 2611
f 6071 2609 2611
f 6071 6074 2609
f 2611 6064 6066
f 2612 6061 2611
f 6066 6069 2611
f 6059 6061 2612
f 6064 2611 6061
f 6059 2612 6056
f 6054 6056 2623
f 2623 6056 2612
f 6515 6126 6128
f 6126 6515 6124
f 6130 6131 6515
f 6128 6130 6515
f 6504 6131 6134
f 6136 6504 6134
f 6515 6131 6504
f 6136 6138 6504
f 6140 6505 6504
f 6505 6140 6142
f 6504 6138 6140
f 6505 6142 6144
f 6505 6144 6146
f 6146 6147 6505
f 6147 6150 6505
f 6151 6505 6150
f 6505 6151 6154
f 6154 6155 6505
f 6505 6155 2620
f 2615 2617 6040
f 2615 6045 2623
f 2615 6040 6042
f 2617 6037 6040
f 6035 6037 2617
f 6035 2616 6032
f 2617 2616 6035
f 6051 2623 6050
f 2623 6047 6050
f 2623 6045 6047
f 2615 6042 6045
f 6051 6054 2623
f 6020 2621 6158
f 2619 6020 6022
f 6020 2619 2621
f 2619 6022 6025
f 2621 2620 6158
f 6158 2620 6155
f 6159 6020 6158
f 6030 6032 2616
f 6030 2622 6027
f 2616 2622 6030
f 6025 2622 2619
f 6025 6027 2622
f 6155 2735 6156
f 6148 6145 6517
f 6516 6517 6145
f 6143 6141 6516
f 6143 6516 6145
f 2604 2735 6153
f 6149 6148 6517
f 6152 6517 6153
f 6152 6149 6517
f 6517 2604 6153
f 6518 6133 6132
f 6121 6518 6125
f 6125 6518 6127
f 6127 6518 6129
f 6139 6137 6516
f 6133 6516 6137
f 6139 6516 6141
f 6135 6133 6137
f 6156 2735 6157
f 6018 6157 2604
f 2604 6019 6018
f 6021 6019 2603
f 6019 2604 2603
f 2735 2604 6157
f 2603 6024 6023
f 6026 6024 2603
f 2603 6023 6021
f 2603 6029 6028
f 6031 6029 2602
f 6029 2603 2602
f 2603 6028 6026
f 2602 6034 6033
f 6036 6034 2602
f 2602 6033 6031
f 2602 2601 6039
f 6039 6038 2602
f 2601 6041 6039
f 2602 6038 6036
f 2601 6043 6041
f 2601 6044 6043
f 6046 6044 2601
f 2601 6049 6048
f 2601 6048 6046
f 6049 2601 2600
f 6123 6121 6125
f 6116 6121 6118
f 6121 6120 6118
f 6114 6528 6116
f 6116 6528 6121
f 6114 6112 6528
f 6528 6110 6519
f 6519 6110 6108
f 6110 6528 6112
f 6519 6106 6104
f 6519 6108 6106
f 6102 6100 6520
f 6102 6519 6104
f 6519 6102 6520
f 6098 6520 6100
f 6520 6098 6096
f 6096 6093 6520
f 2592 6520 6093
f 6063 2598 2596
f 6062 2598 6063
f 6063 2596 6065
f 6068 2596 6070
f 2596 6068 6067
f 2596 6067 6065
f 2600 2598 6053
f 6053 6052 2600
f 2598 6055 6053
f 2598 6060 6058
f 6055 2598 6057
f 2598 6058 6057
f 6062 6060 2598
f 6083 2592 6085
f 2592 6083 2594
f 6083 6082 2594
f 6092 6088 2592
f 6087 6085 2592
f 6087 2592 6088
f 2592 6093 6092
f 6073 2594 6075
f 2596 6072 6070
f 2596 6073 6072
f 2594 6073 2596
f 2594 6080 6078
f 6080 2594 6082
f 2594 6077 6075
f 2594 6078 6077
f 2604 6517 6521
f 6516 6133 6524
f 6522 6516 6524
f 6524 6133 6523
f 6530 6523 6133
f 6518 6530 6133
f 2592 2593 6525
f 6528 6526 6121
f 6530 6121 6526
f 6519 6527 6528
f 6520 6529 6519
f 6520 2592 6525
f 6530 6518 6121
f 6529 6418 6519
f 6418 6529 6520
f 2593 2743 6418
f 6418 6520 6525
f 2593 6418 6525
f 6526 6416 6415
f 6527 6519 6416
f 6526 6528 6416
f 6527 6416 6528
f 6416 6519 6418
f 2593 2595 2744
f 2597 2744 2595
f 2744 2597 2746
f 2597 2599 2745
f 2606 2745 2599
f 6526 6415 6530
f 6412 6530 6415
f 6524 6412 6411
f 6523 6530 6412
f 6411 6522 6524
f 6523 6412 6524
f 6522 6411 6516
f 6516 6411 6517
f 6517 6411 6409
f 6521 6517 6409
f 6410 6521 6409
f 2606 2605 2749
f 2745 2606 2747
f 2748 2747 2606
f 2749 2748 2606
f 6410 2750 2751
f 2751 6521 6410
f 2749 2605 2752
f 2752 2605 2751
f 2589 6410 2330
f 6412 6414 6533
f 6413 6412 6532
f 6410 6413 6531
f 2337 6410 6531
f 6410 2337 2330
f 6531 6413 6532
f 6532 6412 6533
f 6414 6415 6534
f 6415 6417 6666
f 6416 6419 6535
f 6417 6416 6536
f 6533 6414 6534
f 6666 6534 6415
f 6535 6536 6416
f 6669 6535 6419
f 6666 6417 6536
f 6419 2579 6669
f 2540 6175 2674
f 2674 2539 2540
f 6175 2676 2675
f 2675 2674 6175
f 6227 6537 6538
f 6222 6539 6540
f 6220 6540 6541
f 6221 6537 6227
f 6222 6227 6538
f 6542 6539 6222
f 6540 6220 6222
f 6222 6538 6542
f 6541 6407 6220
f 6220 6407 6402
f 6403 6219 6402
f 6219 6403 6398
f 6405 6406 6215
f 6219 6398 6405
f 6215 6219 6405
f 6220 6402 6219
f 6501 6215 6406
f 2514 6503 6502
f 6503 2514 2512
f 2513 6502 2618
f 6502 2513 2514
f 2511 6506 6503
f 6506 2511 2510
f 2510 6515 6506
f 6515 2510 2505
f 6503 2512 2511
f 6221 2509 2618
f 2509 2513 2618
f 6221 2618 6537
f 6537 2618 6538
f 6538 2618 6542
f 6542 2614 6539
f 2614 6542 2618
f 6539 2614 6540
f 6540 2614 6541
f 6541 2614 6407
f 2614 2613 6407
f 6515 2505 6509
f 6509 2505 2504
f 2503 6511 6509
f 6511 2503 2499
f 2504 2503 6509
f 6511 2499 2498
f 2498 2501 6511
f 2508 6226 6511
f 6511 2501 2508
f 2607 6511 6226
f 2610 6398 6402
f 2610 6399 6398
f 2613 6402 6407
f 6402 2613 2610
f 2607 6393 2608
f 6393 2607 6401
f 6401 2607 6226
f 2610 6400 6399
f 6400 2610 2608
f 2608 6393 6400
f 6093 2497 6092
f 6151 6152 6154
f 6147 6148 6150
f 6145 6146 6143
f 6144 6143 6146
f 6141 6142 6139
f 6140 6139 6142
f 6137 6138 6135
f 6136 6135 6138
f 6132 6134 6131
f 6129 6130 6128
f 6128 6127 6129
f 6125 6126 6124
f 6124 6123 6125
f 6120 6122 6119
f 6119 6118 6120
f 6116 6117 6115
f 6115 6114 6116
f 6112 6113 6111
f 6111 6110 6112
f 6108 6109 6107
f 6107 6106 6108
f 6104 6105 6103
f 6103 6102 6104
f 6101 6099 6098
f 6098 6100 6101
f 6095 6096 6097
f 6091 6092 2497
f 6087 6089 6085
f 6086 6085 6089
f 6082 6084 6080
f 6081 6080 6084
f 6077 6079 6075
f 6076 6075 6079
f 6072 6074 6070
f 6071 6070 6074
f 6067 6069 6065
f 6066 6065 6069
f 6062 6064 6060
f 6061 6060 6064
f 6057 6059 6055
f 6056 6055 6059
f 6052 6054 6051
f 6051 2600 6052
f 6048 6050 6047
f 6047 6046 6048
f 6043 6045 6042
f 6042 6041 6043
f 6038 6040 6037
f 6037 6036 6038
f 6033 6035 6032
f 6032 6031 6033
f 6028 6030 6027
f 6027 6026 6028
f 6023 6025 6022
f 6022 6021 6023
f 6018 6020 6159
f 6159 6157 6018
f 2382 6543 6545
f 2357 2382 6545
f 6543 6544 6545
f 6547 6546 6543
f 6547 6549 6548
f 6546 6544 6543
f 6547 6631 6549
f 2371 6550 2387
f 6552 6554 6556
f 6556 6553 6552
f 6555 6556 6554
f 6550 6555 6554
f 2387 6550 6554
f 6557 6631 6551
f 6559 2493 6558
f 2492 2493 6559
f 2495 6558 2493
f 6561 6558 2494
f 6560 6562 6558
f 6558 6561 6560
f 6559 6562 6658
f 6559 6558 6562
f 2492 6559 6563
f 6563 6559 6564
f 6563 2491 2492
f 6658 6564 6559
f 2486 2489 6565
f 2490 2487 2489
f 2487 6565 2489
f 6566 6567 2486
f 2486 6565 6566
f 2368 6565 2487
f 2487 2372 2368
f 6656 6567 6566
f 6567 6656 2486
f 2368 6566 6565
f 2366 6566 2368
f 6656 6566 2366
f 6568 2480 6570
f 6569 6570 2481
f 2480 2481 6570
f 2483 6569 2481
f 2484 2482 2483
f 2482 6569 2483
f 2369 6570 6569
f 2369 6569 2482
f 2369 2482 2364
f 6570 2369 2363
f 2355 2480 6568
f 2355 6568 6570
f 2363 2359 6570
f 6570 2359 2355
f 6571 6572 2479
f 6573 2475 6572
f 2475 2479 6572
f 2479 2476 6571
f 2377 6571 2476
f 2349 6571 2377
f 2347 6571 2349
f 2347 2348 6571
f 2348 2356 6571
f 2356 6573 6572
f 6573 2356 2475
f 2474 2475 2356
f 6571 2356 6572
f 2470 6589 2472
f 6589 6574 6681
f 2472 6589 6681
f 6574 6575 6681
f 6575 6574 6576
f 6586 6576 6574
f 6591 6586 6574
f 2458 2465 6577
f 6578 6582 6585
f 6581 6579 6578
f 6586 6578 6579
f 6585 6580 6578
f 6584 6583 6582
f 6577 6584 6582
f 6585 6582 6583
f 6581 6578 6580
f 6582 2458 6577
f 6586 6591 6578
f 6587 6574 6589
f 6574 6587 6588
f 6589 6590 6587
f 6592 6578 6591
f 6578 6592 6593
f 6594 6574 6588
f 6591 6574 6594
f 2456 2457 2470
f 2457 6589 2470
f 2455 2470 2450
f 2470 2455 2456
f 2450 2470 2467
f 2448 2467 2449
f 2467 2448 2450
f 2449 2467 2446
f 2446 2467 2445
f 2445 2467 2425
f 6595 6578 6593
f 6578 6596 6582
f 6596 6578 6595
f 6582 6597 6598
f 6597 6582 6596
f 6582 6598 6599
f 6582 6599 6600
f 2458 6582 6600
f 6600 2412 2458
f 2458 2412 2417
f 2423 2461 2422
f 2422 2461 2414
f 2466 2425 2467
f 2425 2466 2461
f 2461 2424 2425
f 2424 2461 2423
f 2458 2416 2418
f 2458 2417 2416
f 2414 2461 2458
f 2458 2418 2414
f 6602 6601 6603
f 6601 6602 2390
f 2442 2390 6602
f 6602 6605 2442
f 6602 6606 6605
f 6606 6602 6603
f 2452 2442 6605
f 6601 6607 6608
f 6609 6610 6611
f 6611 6610 6612
f 6607 6609 6613
f 6603 6614 6606
f 6603 6608 6614
f 6608 6615 6616
f 6606 6614 6617
f 6608 6616 6614
f 6613 6615 6607
f 6611 6613 6609
f 6618 6615 6613
f 6608 6607 6615
f 6619 6613 6611
f 6612 6620 6611
f 6608 6603 6601
f 6605 6606 6621
f 6605 2453 2452
f 6605 6622 2453
f 6622 6621 6590
f 6621 6622 6605
f 2457 2453 6622
f 6589 2457 6622
f 6617 6587 6590
f 6590 6589 6622
f 6590 6621 6617
f 2399 2412 6623
f 6614 6624 6617
f 6617 6621 6606
f 6624 6616 6625
f 6625 6616 6618
f 6619 6618 6613
f 6626 6618 6619
f 6616 6615 6618
f 6617 6624 6588
f 6624 6594 6588
f 6594 6624 6625
f 6594 6625 6626
f 6626 6627 6591
f 6626 6591 6594
f 6625 6618 6626
f 6627 6619 6620
f 6617 6588 6587
f 6624 6614 6616
f 6628 6612 6610
f 6629 2394 2399
f 6628 6630 6612
f 6630 6628 6631
f 6630 6631 6632
f 6632 6631 6633
f 6634 6633 6635
f 6612 6630 6636
f 6620 6636 6637
f 6620 6612 6636
f 6634 6638 6632
f 6634 6632 6633
f 6632 6638 6639
f 6639 6636 6630
f 6632 6639 6630
f 6636 6639 6640
f 6641 6642 6635
f 6620 6619 6611
f 6641 6644 6645
f 6638 6634 6647
f 6634 6642 6647
f 6643 6642 6641
f 6643 6648 6642
f 6649 6643 6646
f 6645 6646 6641
f 6604 6645 6644
f 6650 6646 6645
f 6643 6641 6646
f 6629 6645 6604
f 2382 6604 6644
f 6634 6635 6642
f 6639 6638 6651
f 6627 6637 6592
f 6627 6620 6637
f 6640 6639 6651
f 6640 6637 6636
f 6648 6647 6642
f 6647 6648 6652
f 6638 6647 6653
f 6637 6640 6592
f 6640 6593 6592
f 6593 6640 6651
f 6593 6651 6595
f 6651 6596 6595
f 6596 6651 6653
f 6597 6596 6653
f 6638 6653 6651
f 6647 6652 6653
f 6627 6592 6591
f 6648 6654 6652
f 6654 6648 6649
f 6654 6649 6655
f 6655 6649 6650
f 6629 6650 6645
f 6623 6650 6629
f 6649 6646 6650
f 6652 6654 6597
f 6654 6598 6597
f 6598 6654 6655
f 6598 6655 6599
f 6655 6600 6599
f 6600 6655 6623
f 6600 6623 2412
f 6655 6650 6623
f 2399 6623 6629
f 6652 6597 6653
f 6648 6643 6649
f 6629 6604 2394
f 6627 6626 6619
f 2387 6554 6601
f 6554 6552 6609
f 2387 6601 2390
f 6554 6607 6601
f 6607 6554 6609
f 6609 6552 6610
f 6551 6628 6610
f 6552 6551 6610
f 6631 6547 6633
f 6547 6543 6641
f 6628 6551 6631
f 6635 6633 6547
f 6644 6641 6543
f 6635 6547 6641
f 6543 2382 6644
f 2485 2346 2488
f 2488 2346 2490
f 6658 6557 6564
f 6552 6553 6657
f 6659 6556 2346
f 6657 6673 2491
f 2491 6551 6657
f 2371 2490 6550
f 2490 2346 6550
f 6555 6550 2346
f 2346 6556 6555
f 6552 6657 6551
f 6659 6553 6556
f 6563 6564 6551
f 2491 6563 6551
f 6673 6662 2491
f 2494 2496 6673
f 2494 6673 6631
f 2333 6661 2478
f 2478 6660 2333
f 6673 6548 6549
f 2477 6660 2478
f 6560 6561 6631
f 6562 6560 6631
f 6658 6562 6557
f 6557 6562 6631
f 2494 6631 6561
f 6549 6631 6673
f 6564 6557 6551
f 2477 2474 6545
f 6660 6544 6546
f 6545 6544 6660
f 2485 6656 2346
f 2474 2357 6545
f 6546 6547 6548
f 6660 2477 6545
f 2333 2377 6661
f 6663 6662 6673
f 2496 6663 6673
f 6665 6664 2346
f 6665 2343 6664
f 6664 6666 2346
f 2343 6665 2346
f 6668 6667 6657
f 6657 6553 6668
f 6668 6553 6659
f 6659 2346 6666
f 6666 6668 6659
f 2333 6676 2325
f 6670 6671 6672
f 6667 6673 6657
f 6673 6667 6670
f 6670 6667 6669
f 6670 6672 6548
f 6548 6672 6674
f 6548 6674 6546
f 6673 6670 6548
f 6676 6677 6675
f 6677 6676 6660
f 6546 6674 6660
f 2333 6660 6676
f 6660 6674 6677
f 6677 2583 6675
f 2583 6677 6674
f 2325 6676 2585
f 6676 6675 2585
f 2325 2585 2591
f 2582 6672 6671
f 6674 2581 2583
f 6674 2582 2581
f 2582 6674 6672
f 2325 2591 2587
f 2325 2587 2326
f 2327 2588 2590
f 2588 2327 2326
f 2329 2590 2328
f 2590 2329 2327
f 2336 2330 2337
f 6670 6669 6671
f 6667 6535 6669
f 6536 6667 6668
f 6667 6536 6535
f 6536 6668 6666
f 6534 6664 2343
f 6664 6534 6666
f 6531 2339 2338
f 2339 6531 6532
f 6531 2338 2337
f 6533 6534 2342
f 2343 2342 6534
f 2339 6532 6533
f 6533 2342 2339
f 5296 6678 5295
f 5295 5303 5275
f 5303 5295 6678
f 4888 6585 6583
f 6584 4743 6583
f 4743 6584 6577
f 6585 4888 6580
f 4936 6579 4903
f 4936 6586 6579
f 6586 4936 4937
f 6580 4902 6581
f 4902 6580 4888
f 6581 4903 6579
f 4903 6581 4902
f 4742 2465 4767
f 4767 2459 4741
f 2459 4767 2465
f 4741 2459 4739
f 4739 2460 4738
f 2460 4739 2459
f 4742 6577 2465
f 4738 2464 4740
f 4738 2460 2464
f 4740 2462 5300
f 2462 4740 2464
f 5300 2462 5299
f 2463 5299 2462
f 6586 4937 6576
f 6575 6679 6680
f 2472 4932 6682
f 6681 6575 6680
f 5303 2468 5311
f 2468 5303 2473
f 5311 2468 5308
f 2473 5296 2463
f 2473 6678 5296
f 6678 2473 5303
f 5308 2469 5305
f 5308 2468 2469
f 5305 2469 5317
f 5317 2469 2471
f 2472 6682 2471
f 2314 2317 2319
f 2317 2314 2320
f 2314 2313 2320
f 2313 2322 2320
f 6687 6686 6685
f 6687 6689 6690
f 6688 6690 2321
f 6690 6688 6687
f 2319 2318 6691
f 6685 6689 6687
f 6691 6684 6683
f 6691 6683 2319
f 6684 6691 6685
f 6691 6689 6685
f 6690 2323 2324
f 6691 2323 6690
f 2323 6691 2318
f 6691 6690 6689
f 6960 6693 6692
f 6694 6692 6693
f 6692 6695 6960
f 6695 6952 6696
f 6952 6695 6953
f 6695 6696 6960
f 6968 6967 6697
f 6964 6697 6967
f 6698 6699 6700
f 6700 6701 6702
f 6698 6700 6702
f 6703 2189 6704
f 6703 6705 2189
f 2200 2189 6705
f 5301 6706 4610
f 5301 2188 6707
f 2188 6708 6709
f 6707 2188 6709
f 4061 6710 6712
f 4061 6713 2301
f 6710 4061 6714
f 6715 6753 6716
f 6713 2297 2299
f 4061 6712 6716
f 6717 6712 6711
f 6718 6750 6710
f 2299 2301 6713
f 6719 4061 2301
f 6714 4061 6719
f 6710 6714 6718
f 6717 6720 6712
f 6721 6722 6723
f 6723 6724 6715
f 6725 6721 6723
f 4909 6721 6725
f 6726 4060 6727
f 6740 6726 2297
f 6729 6728 6727
f 6735 6719 2301
f 6732 6733 6734
f 4151 6734 6733
f 6736 6735 2301
f 6737 6738 6739
f 6740 2297 6713
f 6726 6743 4060
f 6745 2303 2302
f 6744 6981 6745
f 6729 6730 6981
f 4909 4910 6721
f 6745 6736 2303
f 6736 2301 2303
f 6717 6731 6720
f 6745 6746 2300
f 6733 6748 6749
f 6732 6748 6733
f 6750 6749 6748
f 6749 6750 6718
f 4158 6734 4151
f 6710 6711 6712
f 6751 6737 6720
f 6737 6751 6738
f 6731 6751 6720
f 6722 6724 6723
f 6752 6715 6724
f 6752 6753 6715
f 6754 4061 6716
f 6754 6716 6753
f 2300 6747 6745
f 6744 6745 6747
f 2302 6746 6745
f 4646 4645 4144
f 4144 4139 4646
f 8388 4916 6755
f 6757 6758 6759
f 6758 6757 6762
f 6763 6764 6765
f 6763 6765 6766
f 6767 6768 6759
f 6759 6768 6757
f 6756 6763 6766
f 6770 6769 6756
f 6756 6766 6770
f 6756 6767 6759
f 4646 4139 4141
f 4141 4633 4646
f 4151 6749 6771
f 4151 6771 6772
f 4151 6772 5225
f 6773 6774 6772
f 6774 5225 6772
f 4155 4151 5225
f 6775 6845 6843
f 6777 6780 6776
f 6778 6779 6780
f 6780 6777 6778
f 4641 6949 7066
f 6949 4641 4643
f 6781 6949 4643
f 6782 6775 6843
f 6783 6784 6787
f 6787 6785 6788
f 6787 6789 6786
f 6791 6808 6794
f 6793 6792 7160
f 6788 6785 6790
f 6786 6796 6798
f 6789 6795 6786
f 6783 6787 6798
f 6804 6798 6797
f 6798 6787 6786
f 7160 6802 6793
f 6805 6804 6805
f 6805 6804 6806
f 6792 6808 7166
f 7166 6808 7164
f 6808 6809 7164
f 6804 6803 6800
f 6804 6805 6803
f 6810 6809 6812
f 6825 6809 6811
f 6813 6814 6815
f 6814 6811 6809
f 6813 6815 6816
f 6815 6814 6809
f 6809 6810 7164
f 6817 6800 6807
f 6818 6800 6799
f 6800 6801 6819
f 6804 6805 6805
f 6800 6820 6807
f 6800 6819 6799
f 6812 6800 6818
f 6804 6797 6806
f 6817 6801 6800
f 6810 6812 6818
f 6800 6803 6820
f 6822 6813 6823
f 6811 6824 6825
f 6798 6796 6797
f 6892 6826 6823
f 6824 6821 6825
f 6823 6826 6822
f 6813 6816 6823
f 6825 6812 6809
f 7166 7160 6792
f 6826 6892 6821
f 6825 6821 6892
f 6827 6828 6829
f 6827 6831 6830
f 6832 6828 6833
f 6829 6834 6835
f 6834 6829 6832
f 6829 6831 6827
f 6832 6829 6828
f 6838 6836 6839
f 6837 6836 6838
f 6836 6837 6830
f 4916 4917 6840
f 6755 4916 6840
f 6840 4917 6841
f 6843 6844 6842
f 6844 6843 6845
f 6845 6846 6716
f 6847 6840 6841
f 6716 6848 6849
f 6782 6846 6845
f 6848 6850 6849
f 6848 6716 6846
f 6849 6850 6851
f 6852 6847 6841
f 6841 6850 6852
f 6841 6851 6850
f 6782 6843 6846
f 6835 6834 6842
f 6854 6853 6855
f 6853 6854 7977
f 6856 6857 6855
f 6855 6858 6856
f 6857 6854 6855
f 6853 6783 6855
f 6859 6766 6860
f 6863 6783 6853
f 6783 6863 6864
f 6766 6859 6861
f 6864 6784 6783
f 6859 6862 6861
f 6784 6864 6861
f 6709 6865 6866
f 6865 6709 6708
f 6867 6865 6708
f 6848 6868 6850
f 6868 6848 6869
f 6869 6870 6871
f 6869 6848 6870
f 6872 6870 6873
f 6870 6872 6871
f 6860 6874 6859
f 6874 6860 6875
f 6875 6860 6877
f 6878 6875 6877
f 6876 6878 6877
f 6876 6877 6880
f 6880 6877 6879
f 6879 6881 6880
f 6883 6879 2258
f 6885 2258 2264
f 6883 6881 6879
f 6882 6884 2258
f 6882 2258 6885
f 6883 2258 6884
f 6855 6886 6858
f 6886 6887 7242
f 6888 7242 6887
f 6889 6888 6887
f 6890 6891 2195
f 6891 6892 2196
f 6889 6890 2195
f 2195 6891 2201
f 6892 2191 2196
f 2196 2201 6891
f 2191 6892 2190
f 2190 6892 6893
f 6783 6798 6855
f 6804 6800 6887
f 6798 6804 6887
f 6798 6887 6886
f 6855 6798 6886
f 6887 6800 6889
f 6825 6891 6812
f 6812 6890 6800
f 6891 6825 6892
f 6890 6889 6800
f 6891 6890 6812
f 6893 6892 6823
f 6874 6875 6787
f 6859 6874 6784
f 6876 6880 6791
f 6874 6787 6784
f 6875 6878 6787
f 6878 6785 6787
f 6876 6791 6785
f 6785 6878 6876
f 6880 6808 6791
f 6883 6809 6881
f 6809 6883 6884
f 6882 6809 6884
f 6809 6808 6881
f 6809 6885 6815
f 6885 6816 6815
f 6809 6882 6885
f 6881 6808 6880
f 6894 6834 6832
f 6834 6894 6895
f 6837 6896 6830
f 6897 6830 6896
f 6898 6776 6780
f 6776 6898 6899
f 8394 6899 6900
f 6897 6896 8394
f 8394 6896 6899
f 6898 6900 6899
f 6901 6897 8394
f 1408 1407 6902
f 3843 1408 6902
f 6902 1407 4567
f 6903 4568 1401
f 4568 6904 4567
f 4567 6904 6902
f 6867 3844 3841
f 6867 3841 3843
f 2267 1401 3840
f 2270 3840 3839
f 2273 3839 3844
f 6867 3843 6902
f 2267 6906 6905
f 6905 1401 2267
f 3840 2270 2267
f 4568 6903 6904
f 6907 6908 6904
f 1401 6905 6903
f 2266 6909 2267
f 6909 6906 2267
f 6907 6910 1375
f 6910 1373 1375
f 6908 1375 1374
f 1375 6908 6907
f 3839 2273 2270
f 6904 6908 6902
f 2268 2273 3844
f 2268 3844 6911
f 3844 6867 6911
f 6913 7010 6914
f 7010 6913 6912
f 6914 6867 7077
f 6911 6867 6914
f 6914 6915 6913
f 6867 6916 7077
f 6914 7077 7078
f 6914 7078 6915
f 2242 6916 6917
f 2266 6912 6909
f 6918 6919 1431
f 6920 1425 1426
f 1371 1425 6920
f 1427 6919 7076
f 7188 6922 6923
f 6922 1427 7076
f 2242 6923 6916
f 6922 7188 1427
f 1426 1427 6921
f 1427 1431 6919
f 6922 6916 6923
f 6918 1373 6910
f 1374 6920 6908
f 2266 7010 6912
f 6924 6908 6925
f 1420 1386 6926
f 6927 1395 6925
f 1395 6927 1389
f 1386 6927 6926
f 1395 1396 6925
f 6921 1427 7191
f 6928 6921 7191
f 7191 1427 7188
f 6929 1414 6926
f 6930 6931 6929
f 6932 6930 6921
f 6931 6933 6929
f 1414 1419 6926
f 6934 6925 6935
f 1396 6936 6935
f 6925 1396 6935
f 6927 1388 1389
f 2264 6939 6937
f 1413 6937 6938
f 6934 7120 6925
f 1397 6938 6936
f 6929 1412 1414
f 6938 1387 1413
f 1387 6938 1397
f 1397 6936 1396
f 6937 1413 1412
f 6929 6816 1412
f 6924 6925 7120
f 6924 6902 6908
f 6937 1412 6816
f 6921 6940 2229
f 2236 6921 6928
f 6921 2229 6932
f 2236 6940 6921
f 2242 6917 2239
f 2239 6917 2238
f 2230 2229 6940
f 6940 2223 2230
f 2237 6940 2236
f 2223 6941 2222
f 6941 6708 2221
f 6893 6708 6943
f 2190 6893 6943
f 6942 2221 6708
f 6942 6929 6933
f 6708 6929 6942
f 2190 6943 6944
f 6816 6893 6823
f 6885 2264 6816
f 6937 6816 2264
f 6918 1432 1373
f 6816 6708 6893
f 6708 6816 6929
f 1431 1432 6918
f 6927 1386 1388
f 1419 1420 6926
f 6931 6930 6932
f 1426 6921 6920
f 6920 1380 1371
f 1374 1380 6920
f 6917 6916 6867
f 6917 2237 2238
f 2237 6917 6940
f 6940 6941 2223
f 2222 6941 2221
f 2190 6944 2188
f 6707 5192 5193
f 5193 5301 6707
f 6945 6840 6946
f 6847 6946 6840
f 6868 6947 6946
f 6946 6947 6948
f 6949 6950 7066
f 6781 6951 6949
f 6953 6954 6952
f 6955 6956 6957
f 6694 6957 6692
f 6956 6955 6958
f 6957 6694 6955
f 6959 6955 6694
f 6959 6694 7163
f 6960 7163 6693
f 7163 6694 6693
f 6960 6696 6961
f 6952 6961 6696
f 6692 6957 7179
f 6962 6692 7179
f 6962 6963 6692
f 6695 6692 6963
f 7174 6695 6963
f 6695 7174 7172
f 6695 7172 6953
f 7143 6697 6964
f 6964 6965 7143
f 6966 7143 6965
f 7143 7144 6697
f 6697 7144 6968
f 6967 6969 6964
f 6970 6969 6967
f 6971 4905 4906
f 4906 5199 6971
f 6972 6971 5199
f 2208 6971 2207
f 3808 4905 6971
f 6971 2208 3808
f 5301 4904 3808
f 4904 4905 3808
f 6873 6973 7248
f 6946 6948 6945
f 6871 6945 6948
f 6684 6975 6974
f 6683 6974 2319
f 6684 6685 6975
f 6974 6683 6684
f 6686 6975 6685
f 2321 2312 6977
f 6688 6977 6976
f 6976 6687 6688
f 6977 6688 2321
f 6687 6976 6686
f 6976 6975 6686
f 2304 6978 2312
f 2312 2305 2304
f 2315 2305 2312
f 6976 6978 6979
f 6976 6979 6980
f 6978 6976 6977
f 6977 2312 6978
f 6975 6976 6980
f 2306 2305 2315
f 2306 2315 2308
f 2315 2316 2309
f 2309 2308 2315
f 2316 6974 2309
f 2311 6974 6975
f 6975 7103 7104
f 2311 6975 7104
f 2311 2309 6974
f 6980 7103 6975
f 6772 6719 6773
f 6771 6718 6714
f 6772 6771 6714
f 6749 6718 6771
f 6719 6772 6714
f 6782 6845 6775
f 6773 6719 6774
f 6719 6735 6774
f 4075 6735 6736
f 4075 6736 6745
f 5225 6774 6735
f 6735 4075 5225
f 6745 4054 4075
f 6981 6730 4072
f 6730 6729 4069
f 6727 4060 4071
f 6729 6727 4069
f 4072 4054 6981
f 4069 4074 6730
f 4072 6730 4074
f 4063 4071 4060
f 4069 6727 4071
f 6981 4054 6745
f 1766 6744 2300
f 1765 6729 6981
f 1766 2300 6984
f 6744 1766 6981
f 1765 6982 6729
f 6983 6727 6728
f 2298 6726 6727
f 6728 6729 6982
f 6727 6983 1760
f 6727 1760 2298
f 6985 6984 2303
f 6985 2303 6986
f 6986 2303 2301
f 6981 1766 1765
f 1765 1764 6982
f 2297 6987 2299
f 6987 2297 2298
f 1764 6728 6982
f 1762 6983 6728
f 1760 6983 1762
f 6989 2290 4031
f 2290 2293 4031
f 2293 2296 4032
f 4032 4031 2293
f 6989 6988 2290
f 4202 2296 2295
f 2294 4201 2295
f 4035 6991 6990
f 4200 4201 2294
f 2294 4198 4200
f 7121 4198 2294
f 7121 6990 6991
f 7121 6991 4198
f 7121 2294 6992
f 6993 6988 6989
f 6988 6993 2290
f 6993 6990 7121
f 2290 6993 2291
f 6989 6990 6993
f 2286 4457 2217
f 4456 2225 4457
f 4456 2226 2225
f 4456 4455 2226
f 4460 2241 2233
f 4459 2233 2282
f 4459 4460 2233
f 4460 4458 2241
f 4458 7184 6994
f 2278 2279 7184
f 4458 2278 7184
f 6994 2241 4458
f 6995 7070 4469
f 4471 4470 2276
f 6995 4469 4472
f 6995 4472 4471
f 4471 2276 6995
f 7070 6996 4469
f 3910 4463 6997
f 4461 3910 6997
f 6997 4463 4462
f 4469 6996 7090
f 4476 7090 6998
f 4466 4476 6998
f 4469 7090 4476
f 6998 4462 4466
f 2277 4464 4461
f 6999 4560 4561
f 4561 7000 6999
f 7977 6761 6853
f 6761 7977 6760
f 6853 6761 6757
f 6757 6863 6853
f 6863 6757 6768
f 6768 6864 6863
f 6864 6768 6766
f 6766 6765 6860
f 7001 4642 4641
f 7002 7001 7066
f 7001 4641 7066
f 7002 7066 7003
f 7003 7005 7002
f 4606 4607 7006
f 7005 7006 4607
f 7003 7004 7005
f 7005 7004 7006
f 6836 6830 6742
f 6842 6712 6720
f 6842 6720 6835
f 6842 6844 6712
f 6716 6849 6715
f 6845 6716 6712
f 6844 6845 6712
f 4917 4909 6725
f 6725 6841 4917
f 6830 6741 6742
f 6831 6739 6741
f 6830 6831 6741
f 6829 6737 6739
f 6739 6831 6829
f 6835 6720 6737
f 6737 6829 6835
f 6723 6715 6849
f 6849 6851 6723
f 6841 6725 6723
f 6723 6851 6841
f 6780 6779 8395
f 8100 8395 6779
f 6914 7007 6911
f 6911 2269 2268
f 6914 7008 7007
f 7009 6914 7010
f 7009 7008 6914
f 7011 7036 2266
f 2266 7037 7011
f 2266 7036 7010
f 7037 2266 7013
f 7013 2267 7012
f 7013 2266 2267
f 7010 7036 7033
f 7010 7033 7016
f 7016 7009 7010
f 2270 7012 2271
f 2267 2271 7012
f 7008 7009 7017
f 7008 7017 7007
f 7017 7009 7016
f 7018 7012 2272
f 7022 7015 7014
f 7018 2272 7019
f 7020 7019 2272
f 7020 2269 7014
f 7012 2270 2272
f 2272 2269 7020
f 7017 7030 6911
f 7021 6911 7030
f 6911 7022 2269
f 6911 7023 7022
f 6911 7021 7023
f 7022 7014 2269
f 7017 6911 7007
f 7024 7025 7020
f 7020 7014 7024
f 7025 7019 7020
f 7025 7026 7019
f 7027 7028 7018
f 7012 7018 7028
f 7019 7027 7018
f 7019 7026 7027
f 7046 7024 7014
f 7014 7015 7046
f 7022 7029 7046
f 7046 7015 7022
f 7017 7031 7030
f 7031 7021 7030
f 7032 7029 7022
f 7023 7021 7022
f 7022 7021 7032
f 7017 7045 7031
f 7033 7034 7016
f 7035 7045 7017
f 7016 7034 7017
f 7017 7034 7035
f 7038 7036 7011
f 7011 7037 7038
f 7012 7028 7037
f 7037 7013 7012
f 7035 7044 7045
f 7028 7027 7026
f 7025 7024 7026
f 7028 7026 7024
f 7024 7041 7028
f 7021 7031 7032
f 7045 7029 7031
f 7045 7046 7029
f 7029 7032 7031
f 7046 7041 7024
f 7039 7037 7041
f 7028 7041 7037
f 7039 7040 7033
f 7036 7037 7039
f 7036 7039 7033
f 7036 7038 7037
f 7043 7033 7040
f 7033 7043 7042
f 7044 7034 7042
f 7033 7042 7034
f 7035 7034 7044
f 7040 7042 7043
f 7042 7040 7044
f 7044 7040 7041
f 7041 7045 7044
f 7045 7041 7046
f 7040 7039 7041
f 7047 6929 6925
f 6925 7048 7047
f 7049 6921 6929
f 6929 7047 7049
f 7049 7050 6908
f 6908 6921 7049
f 7048 6908 7050
f 6908 7048 6925
f 7047 7048 7049
f 7050 7049 7048
f 6901 6866 6897
f 7051 6897 6866
f 6866 6865 7051
f 6865 6867 7052
f 6902 7052 6867
f 6865 7052 7051
f 2259 7054 7055
f 2259 7055 2260
f 2258 6879 2259
f 7053 7054 6879
f 6879 6877 7053
f 6879 7054 2259
f 7055 1795 2260
f 7056 7055 7054
f 7057 1678 7056
f 7054 7057 7056
f 7055 7056 1795
f 7059 7058 6877
f 7054 7053 7058
f 7058 7057 7054
f 6877 6860 7059
f 7060 7059 6860
f 7058 7059 1791
f 7057 7058 1791
f 7057 1791 1793
f 7057 1793 1678
f 6860 6765 7060
f 7060 6765 1790
f 1790 6764 1789
f 6764 1790 6765
f 1790 1791 7059
f 1790 7059 7060
f 7058 7053 6877
f 8023 6873 6870
f 2261 6870 7061
f 2265 7061 7062
f 2261 8023 6870
f 2263 2265 7062
f 2261 7061 2265
f 7062 7063 2263
f 7065 2264 2263
f 6939 2264 7065
f 7065 2263 7063
f 7064 7063 7062
f 4604 7006 7003
f 7006 4604 4606
f 7066 4604 7003
f 4600 7068 7067
f 7066 6950 7068
f 7068 4604 7066
f 4600 4604 7068
f 6781 4597 7067
f 4597 4600 7067
f 6781 4643 4597
f 7068 6951 6781
f 7068 6950 6951
f 6949 6951 6950
f 7067 7068 6781
f 6897 7051 6827
f 6827 6830 6897
f 7051 6828 6827
f 7069 6894 6833
f 7069 6833 6828
f 6833 6894 6832
f 7069 6828 7051
f 7070 7072 7071
f 7072 7070 6995
f 6995 2276 7074
f 7074 7073 6995
f 6995 7073 7072
f 7075 7072 7076
f 7072 7075 7071
f 7076 6919 7075
f 7072 7073 7076
f 6922 7076 7073
f 6916 6922 7073
f 7073 7074 7077
f 7074 7078 7077
f 7074 2276 7079
f 7079 2276 2277
f 7079 6915 7078
f 7077 6916 7073
f 7079 7080 6915
f 6913 6915 7080
f 7078 7074 7079
f 7070 7071 7087
f 7075 6919 6910
f 7087 7071 7081
f 6910 7081 7075
f 7081 7071 7075
f 2277 7082 7079
f 7082 7080 7079
f 7083 6909 6913
f 6913 7080 7083
f 7070 7087 7084
f 6996 7070 7084
f 2277 4461 6997
f 7085 2277 6903
f 7086 2277 6997
f 2277 7086 6903
f 2277 7085 7082
f 7080 7082 7085
f 6909 7083 6906
f 7085 7083 7080
f 7087 7081 6910
f 7085 6905 6906
f 6905 7085 6903
f 7085 6906 7083
f 6997 4462 7086
f 7086 7090 7088
f 6903 7086 7089
f 4462 6998 7086
f 6998 7090 7086
f 7087 7090 7084
f 7086 7088 7089
f 6903 7089 6904
f 6904 7088 6907
f 7088 6904 7089
f 7087 7091 7090
f 6907 7091 7087
f 6907 7087 6910
f 7091 6907 7088
f 7088 7090 7091
f 6996 7084 7090
f 6850 6868 6852
f 6847 6852 6946
f 6852 6868 6946
f 6947 6868 6869
f 6871 6948 6869
f 6947 6869 6948
f 7093 6980 6979
f 6979 7092 7093
f 7094 6980 7093
f 6978 2304 7096
f 7096 7092 6978
f 7095 2307 7097
f 6978 7092 6979
f 7093 7092 7098
f 7098 6789 7094
f 6795 7098 7096
f 6795 6789 7098
f 7096 7098 7092
f 6795 7096 6802
f 7098 7094 7093
f 7096 7095 6793
f 7095 7096 2304
f 7097 7099 6792
f 7099 7097 2307
f 7095 7097 6792
f 6802 7096 6793
f 6792 6793 7095
f 7101 2307 7100
f 7101 7100 6808
f 7101 6792 7099
f 7104 2310 2311
f 7104 7102 2310
f 7102 7104 7103
f 2310 7102 6791
f 6791 7100 2310
f 6791 7102 7105
f 6792 7101 6808
f 6794 6808 7100
f 6794 7100 6791
f 7106 7102 7103
f 7103 7107 7106
f 7108 6790 7107
f 7105 6785 6791
f 6785 7105 7106
f 7107 6790 7106
f 6790 7108 6788
f 7106 6790 6785
f 7105 7102 7106
f 7101 7099 2307
f 6788 7108 6789
f 6789 6787 6788
f 7108 7094 6789
f 7107 7103 6980
f 6980 7094 7107
f 7107 7094 7108
f 7113 2292 2291
f 7110 7109 7113
f 7109 2292 7113
f 7109 7110 7111
f 7113 2291 7112
f 7112 2291 6993
f 7114 7112 6993
f 7114 6993 7115
f 7117 7112 7114
f 7115 6993 7121
f 7119 7110 7113
f 7111 7110 6939
f 6938 6937 7119
f 6937 6939 7110
f 7119 6937 7110
f 7117 6938 7119
f 7117 7114 7116
f 7116 7114 7115
f 7118 7116 7115
f 7117 6936 6938
f 6936 7117 7116
f 6936 7116 6935
f 6934 6935 7116
f 6934 7116 7118
f 7119 7113 7117
f 7113 7112 7117
f 7118 7121 7122
f 7123 7121 7124
f 7118 7122 7120
f 7121 6992 7124
f 2294 7126 7127
f 7124 2294 7127
f 7123 7122 7121
f 2294 7124 6992
f 7128 7123 7129
f 7122 7125 7120
f 7128 7122 7123
f 7122 7128 7125
f 7125 7128 6924
f 7125 6924 7120
f 6934 7118 7120
f 7130 7127 7131
f 7132 7127 7126
f 7127 7133 7131
f 7123 7124 7127
f 7134 7127 7132
f 7133 7134 7064
f 7134 7133 7127
f 7115 7121 7118
f 7127 7130 7123
f 7123 7130 7129
f 7137 7136 7135
f 7126 2293 7136
f 7126 7136 7132
f 7132 7136 7134
f 7136 7064 7134
f 7136 7109 7135
f 7136 2292 7109
f 7135 7109 7111
f 7136 7137 7063
f 7063 7137 7065
f 7136 7063 7064
f 7137 6939 7065
f 6939 7137 7111
f 7135 7111 7137
f 2293 2292 7136
f 1383 3920 3917
f 1384 3917 3918
f 2251 1398 1392
f 3917 1384 1383
f 3918 1390 1384
f 3919 4400 1390
f 1390 4400 4401
f 3919 1390 3918
f 2251 1392 4401
f 1365 2249 4623
f 1365 4623 1366
f 4621 1368 1366
f 1378 3836 1379
f 2244 1379 3835
f 1368 3836 1378
f 3836 1368 4621
f 7138 6811 6814
f 6814 6813 7139
f 7138 6814 7140
f 6966 7141 7142
f 7142 7141 7140
f 7140 7139 7142
f 7143 6966 7142
f 7141 7138 7140
f 7139 7140 6814
f 7142 7144 7143
f 7142 7139 7145
f 7145 7144 7142
f 6811 7138 7146
f 7146 6824 6811
f 7138 7141 7146
f 7141 6966 7147
f 6965 7147 6966
f 7141 7147 7146
f 6968 6970 6967
f 6970 6968 7144
f 6970 7144 7145
f 7145 7152 6970
f 7139 6813 7148
f 7152 7145 7148
f 6822 7148 6813
f 7148 7145 7139
f 7149 6965 6969
f 6824 7150 6826
f 6964 6969 6965
f 7146 7147 7151
f 7149 7151 7147
f 7147 6965 7149
f 7146 7151 7150
f 7148 7153 7151
f 7151 7152 7148
f 6970 7152 6969
f 7150 7153 6826
f 7146 7150 6824
f 6969 7152 7149
f 7149 7152 7151
f 6826 7153 6822
f 7151 7153 7150
f 6786 7154 6796
f 7155 6796 7154
f 7154 7156 7155
f 7156 6954 7157
f 6953 7157 6954
f 7156 7157 7155
f 6786 6795 7158
f 7158 7154 6786
f 7154 7158 7156
f 6795 6802 7158
f 7160 7159 6802
f 7161 7159 7160
f 6802 7159 7158
f 7156 7158 6954
f 7158 6952 6954
f 6952 7158 6961
f 7159 7161 6961
f 6961 7161 6960
f 7163 7161 7162
f 7161 7163 6960
f 7159 6961 7158
f 7161 7160 7162
f 7160 7165 7162
f 7160 7166 7165
f 7166 7164 7168
f 7167 7164 6810
f 7168 7164 7167
f 7165 7166 7168
f 7163 7162 7165
f 7165 7168 7163
f 7168 6959 7163
f 7169 7168 7167
f 7168 7169 6958
f 6959 6958 6955
f 6958 6959 7168
f 6797 6796 7170
f 7172 7171 6953
f 6953 7171 7157
f 6803 6805 7175
f 6797 7170 6805
f 7171 7172 7175
f 7155 7171 7170
f 7171 7155 7157
f 7170 7171 7175
f 7155 7170 6796
f 7173 7174 6963
f 7176 7172 7173
f 7170 7175 6805
f 7174 7173 7172
f 7177 7173 6962
f 6819 6817 7178
f 6818 6819 7178
f 7179 6957 6956
f 6820 7177 6817
f 7173 7177 7176
f 7176 7177 6820
f 7176 7175 7172
f 7180 7179 6956
f 7179 7180 7181
f 7178 7177 7179
f 7178 7179 7181
f 7178 7181 6818
f 7177 6962 7179
f 7177 7178 6817
f 7173 6963 6962
f 6803 7176 6820
f 7175 7176 6803
f 6958 7169 6956
f 7180 6956 7169
f 7169 7167 7180
f 7167 6810 7181
f 6818 7181 6810
f 7167 7181 7180
f 2232 7182 2281
f 2241 6994 7183
f 6994 7184 7183
f 7184 7186 7187
f 2242 2243 6923
f 7184 7185 7183
f 7188 6923 7185
f 7188 7184 7187
f 7185 6923 2243
f 7183 7185 2243
f 7184 2279 7186
f 2279 2281 7182
f 7190 7186 2279
f 7182 7190 2279
f 7189 7186 7190
f 2232 7190 7182
f 7186 7189 7191
f 7186 7191 7187
f 7188 7187 7191
f 2232 7189 7190
f 7192 7191 7189
f 6928 7192 7189
f 6928 7189 2236
f 2236 7189 2232
f 7192 6928 7191
f 7188 7185 7184
f 7193 2216 2220
f 2226 7195 2227
f 7194 2226 4455
f 4455 2285 7194
f 2228 2227 7195
f 7195 2229 2228
f 2229 7195 6932
f 7196 6932 7195
f 7194 7196 7195
f 7195 2226 7194
f 6942 7193 2220
f 7197 2285 7198
f 7197 7196 7194
f 7200 7198 2289
f 7199 7198 7200
f 7197 7198 7201
f 7196 7197 7201
f 7196 7201 6931
f 7196 6931 6932
f 7193 7199 7200
f 7199 7193 7201
f 6933 7193 6942
f 7193 6933 7201
f 2214 2215 7200
f 2214 7200 2289
f 7201 6933 6931
f 7201 7198 7199
f 7197 7194 2285
f 7200 2215 2216
f 7200 2216 7193
f 2202 2211 1718
f 1718 1720 2202
f 1720 1719 7202
f 1719 1723 7203
f 7203 7202 1719
f 7202 2202 1720
f 2202 7202 7205
f 7202 7206 7205
f 7205 2205 2202
f 7207 7203 7204
f 7205 5224 2205
f 7206 7202 7203
f 7204 7203 1723
f 1722 7204 1723
f 1722 1721 7204
f 1724 1725 7209
f 1721 1724 7208
f 7209 7208 1724
f 7208 7207 7204
f 1721 7208 7204
f 7207 5221 5222
f 5221 7207 7208
f 7209 7210 7208
f 7210 5221 7208
f 7207 7206 7203
f 6778 7211 7000
f 6777 6776 7212
f 6777 7212 7211
f 7212 6776 6899
f 6777 7211 6778
f 7000 7211 6999
f 7213 6999 7211
f 7211 7212 7213
f 7212 6899 7214
f 6896 7214 6899
f 7212 7214 7213
f 6999 7213 6839
f 6838 6839 7213
f 7213 7214 6838
f 7214 6896 6837
f 7214 6837 6838
f 6889 2195 7215
f 2198 7216 2193
f 7216 6701 7217
f 7219 7220 7221
f 7222 6700 8324
f 7223 8324 7224
f 7220 7219 7224
f 6889 7225 6888
f 6701 6700 7222
f 2193 7217 7226
f 7217 2193 7216
f 7217 7222 7227
f 2193 7226 2192
f 2192 7215 2195
f 7215 2192 7226
f 7227 7228 7226
f 7222 7223 7229
f 7223 7222 8324
f 7219 7223 7224
f 7219 7230 7223
f 7228 7215 7226
f 7227 7229 7225
f 7225 7228 7227
f 7218 7229 7230
f 7227 7222 7229
f 6889 7215 7228
f 7223 7230 7229
f 7227 7226 7217
f 7217 6701 7222
f 7225 6889 7228
f 7221 7232 7233
f 7233 7232 7234
f 7235 7219 7233
f 7233 7234 7236
f 7233 7219 7221
f 6858 6886 7237
f 7238 7239 7240
f 7241 7239 7238
f 7236 7234 7241
f 6854 7240 7977
f 7235 7230 7219
f 7233 7236 7243
f 7233 7243 7235
f 7230 7235 7231
f 7230 7231 7218
f 7235 7243 7242
f 7235 7242 7231
f 6888 7225 7218
f 7238 7244 7236
f 7218 7225 7229
f 7238 6854 7244
f 6854 7238 7240
f 7244 6854 6857
f 7237 7243 7244
f 7243 7237 7242
f 6856 7237 7244
f 6857 6856 7244
f 7237 6856 6858
f 7243 7236 7244
f 7236 7241 7238
f 7242 7218 7231
f 6888 7218 7242
f 6886 7242 7237
f 6848 6846 6870
f 7061 6870 6846
f 6846 7062 7061
f 6846 6843 7062
f 6834 6895 7245
f 6842 7247 6843
f 7064 6843 7246
f 7246 6843 7247
f 6842 7245 7247
f 6842 6834 7245
f 6843 7064 7062
f 5318 5324 5193
f 6706 5301 5193
f 5193 5324 6706
f 4502 6706 5324
f 6706 4609 4610
f 4609 6706 4502
f 4502 5324 4501
f 6866 6901 6709
f 6709 6901 6707
f 5192 6707 6901
f 5192 6901 8394
f 7248 6872 6873
f 6871 6872 7248
f 7249 6871 7248
f 6871 7249 6945
f 6902 6924 7128
f 6895 6894 7069
f 7245 6895 7069
f 7069 7051 7245
f 7246 7051 7052
f 7128 7130 7052
f 7052 6902 7128
f 7246 7052 7130
f 7247 7051 7246
f 7064 7131 7133
f 7064 7246 7130
f 7131 7064 7130
f 7051 7247 7245
f 7250 4913 4914
f 7250 4914 5200
f 7256 7257 7254
f 7258 7254 7257
f 1522 1514 1520
f 1520 1514 7253
f 1522 1514 1514
f 1514 1514 1523
f 1523 1514 1522
f 1523 1512 1514
f 7255 7254 7252
f 7259 2180 7419
f 7262 7261 7263
f 1915 7264 7263
f 7265 1983 7518
f 7267 7521 7268
f 1946 7516 1984
f 1984 1947 1946
f 7515 1986 1985
f 1985 1984 7515
f 7515 1984 7516
f 7695 1914 5962
f 7269 7270 7695
f 7695 5962 7269
f 1882 7271 7270
f 7695 7270 7271
f 2181 7273 1911
f 7273 2181 7272
f 7272 7274 7270
f 1882 7270 7274
f 7289 7275 7276
f 8521 7280 7279
f 7278 7279 7280
f 7277 7276 7275
f 5220 1905 7281
f 5220 7281 7282
f 5219 5220 7282
f 7282 7258 5219
f 7258 7257 5219
f 5219 7257 5217
f 1833 1832 7283
f 7293 7286 7285
f 7293 7287 7286
f 7288 7286 7287
f 7291 7290 7292
f 7290 7287 7293
f 1837 1839 7294
f 7284 7272 7270
f 7284 7275 7289
f 7270 7275 7284
f 7277 7293 7285
f 7276 7277 7285
f 7277 7278 7293
f 7280 7292 7290
f 7290 7278 7280
f 7290 7293 7278
f 7296 7297 7295
f 1840 7296 7318
f 1840 7297 7296
f 7299 7300 7298
f 7301 7411 7290
f 7290 7291 7301
f 8518 7294 7302
f 1839 7385 7302
f 7294 1839 7302
f 7313 7398 8519
f 7313 7303 7398
f 7401 7398 7303
f 7307 7304 7306
f 7307 7305 7304
f 7308 7306 7304
f 7309 7310 7308
f 7311 7283 7295
f 7295 7297 7311
f 7311 1840 1842
f 1840 7311 7297
f 8519 7312 7313
f 7313 7314 7303
f 7315 7308 7310
f 7315 7325 7308
f 7324 7308 7325
f 7306 7324 7316
f 7306 7308 7324
f 8518 7326 7294
f 7326 1837 7294
f 1840 7315 7317
f 7319 7315 1840
f 5972 7315 7319
f 7321 7318 7296
f 7296 7322 7321
f 7323 7322 7295
f 7322 7296 7295
f 1918 1916 7316
f 1918 7316 7324
f 1836 1837 7295
f 1837 7326 7295
f 7327 7326 8518
f 7325 7315 7320
f 7313 7328 7314
f 7329 7313 7312
f 7325 7320 5969
f 1918 7324 5963
f 7325 5964 7324
f 7320 5967 5969
f 7325 5925 5966
f 5925 7325 5969
f 7325 5965 5964
f 1918 5963 5962
f 5963 7324 5964
f 5965 7325 5966
f 5962 5945 7269
f 7270 7269 5944
f 7270 5944 7275
f 7277 7275 2784
f 7269 5945 5944
f 7275 5943 5942
f 5943 7275 5944
f 7277 2784 5949
f 7277 5948 5937
f 5948 7277 5949
f 2784 7275 5942
f 5977 5968 7321
f 5968 5961 7321
f 5973 7326 7327
f 5951 5973 7327
f 7326 5973 5974
f 5950 7323 7295
f 5947 7326 5974
f 7295 5947 5950
f 7295 7326 5947
f 2771 5958 7329
f 7313 7329 5958
f 5958 7328 7313
f 7330 5953 5956
f 1888 7331 5941
f 7334 7332 7333
f 7332 7334 7337
f 6972 7338 7337
f 1511 7341 7342
f 1515 7342 7343
f 5351 7250 5200
f 7344 7345 7346
f 7347 7346 7345
f 7345 7348 7347
f 7349 7347 7348
f 1881 7350 7351
f 7344 7351 7350
f 7350 7352 7344
f 7345 7344 7352
f 7353 7354 7355
f 7356 7355 7354
f 7354 7357 7356
f 7358 7356 7357
f 7348 7359 7349
f 7360 7349 7359
f 7359 7353 7360
f 7355 7360 7353
f 1647 1881 1648
f 7351 1648 1881
f 1646 1878 1647
f 1881 1647 1878
f 1645 1880 1646
f 1878 1646 1880
f 1880 1645 1879
f 1643 1875 1879
f 1642 1872 1643
f 1875 1643 1872
f 1641 1874 1642
f 1872 1642 1874
f 1869 1871 1641
f 1874 1641 1871
f 7361 7358 7362
f 7357 7362 7358
f 7363 7361 7364
f 7362 7364 7361
f 7365 7363 7366
f 7364 7366 7363
f 7367 7365 7368
f 7366 7368 7365
f 7369 7370 7367
f 7365 7367 7370
f 8155 8154 7369
f 7370 7369 8154
f 1630 8155 7371
f 7369 7371 8155
f 1631 1630 1858
f 7371 1858 1630
f 1638 1637 1866
f 1865 1866 1637
f 1637 1636 1865
f 1863 1865 1636
f 1641 1640 1869
f 1638 1869 1640
f 1869 1638 1867
f 1866 1867 1638
f 1633 1634 1862
f 1631 1862 1634
f 1862 1631 1860
f 1858 1860 1631
f 1636 1635 1863
f 1633 1863 1635
f 1857 7372 1877
f 7372 7373 7352
f 7374 7353 7373
f 7350 1881 1877
f 7350 1877 7372
f 7352 7350 7372
f 7352 7373 7345
f 7348 7373 7359
f 7359 7373 7353
f 7373 7348 7345
f 7374 7354 7353
f 7374 1914 7354
f 1859 1858 7375
f 7377 7366 7376
f 7371 7377 7375
f 1914 7695 7362
f 7362 7357 1914
f 7362 7695 7376
f 7364 7362 7376
f 7357 7354 1914
f 7364 7376 7366
f 7368 7377 7367
f 7367 7377 7369
f 7377 7368 7366
f 7377 7371 7369
f 7375 1858 7371
f 7409 1938 1937
f 7409 7378 1938
f 1939 1938 7378
f 1841 1937 1930
f 1843 1841 1930
f 1830 1843 1930
f 1941 1942 7381
f 1941 7381 7379
f 7379 7388 1941
f 7378 7380 1939
f 7381 1939 7380
f 1924 7382 1925
f 1832 1833 1928
f 1930 1928 1833
f 1830 1930 1833
f 1835 1834 1928
f 1832 1928 1834
f 1928 1929 1835
f 1835 1929 1838
f 1927 7384 7383
f 1929 7540 7385
f 1838 1929 7385
f 1927 7383 7385
f 7386 7385 7383
f 1927 1925 7384
f 1925 7382 7384
f 7389 1948 7390
f 7391 1948 7389
f 7388 7390 1948
f 7392 1950 7393
f 1954 1950 7392
f 7393 1950 7391
f 1954 7394 1952
f 1954 7392 7394
f 7395 1955 7301
f 1935 1955 7395
f 1935 7395 7396
f 7397 7398 1924
f 1926 7399 7387
f 1924 1926 7387
f 7387 7397 1924
f 1924 7400 7382
f 7400 1924 7401
f 1924 7398 7401
f 7403 7396 7402
f 7399 1920 7404
f 1920 7405 7404
f 7403 7405 1920
f 7396 7403 1920
f 1926 1920 7399
f 1831 7311 1830
f 7311 1842 1830
f 1846 1890 1844
f 1846 7406 1891
f 1845 7300 1846
f 7406 1846 7300
f 7300 1845 7298
f 1891 1890 1846
f 7407 7408 1844
f 1845 7330 5956
f 7330 1845 1846
f 1888 1889 7330
f 1888 7408 7331
f 7330 7408 1888
f 5935 8521 7279
f 7279 2782 5935
f 1890 1892 7396
f 1844 1890 7396
f 5350 5349 1840
f 1840 7318 5350
f 7383 7384 5348
f 5345 5348 7384
f 7400 5344 5345
f 7384 7400 5345
f 5343 7387 7399
f 5338 7407 5339
f 7395 5339 7407
f 7407 5338 7408
f 7396 7395 7407
f 7407 1844 7396
f 7311 1833 7283
f 7311 1831 1833
f 7305 7409 7308
f 7308 7304 7305
f 7409 7309 7308
f 7290 7411 7410
f 7290 7288 7287
f 7288 7290 7410
f 7299 7406 7300
f 1892 1891 7406
f 7406 7299 1892
f 7317 1841 1840
f 7310 7317 7315
f 1937 7310 7409
f 7310 7309 7409
f 7317 7310 1937
f 1937 1841 7317
f 7276 7392 7393
f 7394 7285 7286
f 7394 7392 7285
f 7276 7285 7392
f 7389 7284 7289
f 7391 7289 7393
f 7289 7391 7389
f 7284 7389 7390
f 7276 7393 7289
f 7272 7284 7390
f 7273 7272 7390
f 7388 7273 7390
f 7273 7379 1912
f 7273 7388 7379
f 7381 7316 1912
f 1916 1917 7316
f 1917 1912 7316
f 7307 7306 7381
f 7316 7381 7306
f 7379 7381 1912
f 7295 1834 1836
f 7295 7283 1832
f 1832 1834 7295
f 7385 7386 7302
f 7381 7305 7307
f 7380 7305 7381
f 7305 7378 7409
f 7380 7378 7305
f 1952 7410 1955
f 7410 7411 1955
f 7286 7288 1952
f 7286 1952 7394
f 7410 1952 7288
f 1955 7411 7301
f 7404 7405 7299
f 7403 7299 7405
f 7299 7403 1892
f 1892 7403 7402
f 1892 7402 7396
f 7413 2185 2186
f 7589 2169 2168
f 2168 2185 7413
f 2183 7636 2184
f 7621 2171 2170
f 7638 2172 2171
f 2175 2174 7594
f 7415 2178 2177
f 7416 2178 7415
f 2177 2176 7417
f 7622 7419 2180
f 7420 7261 7260
f 7421 7263 7261
f 7260 7418 7420
f 2180 2179 7416
f 2183 2181 7422
f 7636 2183 7637
f 2183 7422 7637
f 7636 7412 2184
f 7589 2170 2169
f 2186 7412 7413
f 2181 1911 7422
f 7638 2171 7621
f 7621 2170 7414
f 7622 2180 7416
f 2175 7594 2176
f 7421 7261 7420
f 7259 7419 7418
f 7417 7415 2177
f 7421 1915 7263
f 7638 2173 2172
f 1987 1986 7423
f 1989 1988 7423
f 1987 7423 1988
f 1990 1989 7539
f 1990 7539 1991
f 1995 1992 7424
f 1993 1994 7522
f 1998 1993 7522
f 2085 1998 7425
f 1991 7424 1992
f 2088 7426 2089
f 2087 7532 2088
f 2091 2090 7430
f 2091 7430 2092
f 7428 2094 1947
f 7429 1947 2094
f 2092 7429 2093
f 2089 7430 2090
f 1999 7431 2000
f 2001 7548 2002
f 2005 7433 2006
f 7436 7448 7437
f 7435 7436 7434
f 2006 7437 7448
f 2002 2005 2003
f 2096 7438 2098
f 2100 2099 7439
f 7442 2101 7440
f 2100 7439 2101
f 2098 7441 2099
f 2105 2103 2104
f 2102 2104 2103
f 2097 2104 7547
f 7467 2007 7443
f 2097 7547 7443
f 7428 7444 7431
f 2011 7446 7447
f 2010 7446 2011
f 2013 7448 2015
f 2018 2016 7449
f 2108 2106 7450
f 2018 7449 2106
f 2012 7447 2013
f 2110 7452 2111
f 2111 7452 2112
f 2115 2114 7453
f 7456 2115 7453
f 7571 7456 7455
f 2020 2019 7454
f 7571 7455 2019
f 2108 7450 2110
f 2022 7458 2023
f 2024 7457 2025
f 2023 7458 2024
f 7529 2118 7550
f 2117 7559 2118
f 2030 7528 2117
f 2025 7549 2027
f 2119 7558 2120
f 2121 2123 2122
f 7464 2123 7463
f 2031 7464 7466
f 2035 2034 7648
f 2031 7466 7465
f 2020 2022 2021
f 2036 7469 2037
f 2039 7470 2040
f 2037 7469 2039
f 2042 2041 7471
f 2126 2125 2042
f 2130 2129 7473
f 2127 2129 7604
f 2126 2042 2127
f 2131 7474 2133
f 2136 2134 7476
f 2128 2135 7476
f 2136 7476 2135
f 7475 7476 2134
f 2044 2043 7477
f 2046 2044 7478
f 2050 2049 7479
f 2046 7478 2047
f 2128 7476 2043
f 2053 2051 7480
f 2053 7480 2054
f 2056 2055 7596
f 2056 7596 2057
f 2054 7596 2055
f 7483 2137 7578
f 2141 2140 7485
f 2142 2141 7484
f 2143 2142 7580
f 2138 7485 2140
f 2057 7481 2137
f 2144 7486 2145
f 2139 2146 7487
f 2139 7487 2058
f 7486 7606 2146
f 2060 2059 7490
f 2063 2061 2060
f 2064 2063 7613
f 2065 2064 7489
f 2067 2065 7489
f 2058 7490 2059
f 2143 7580 2144
f 2050 7480 2051
f 2068 7491 2069
f 2147 2070 7492
f 7499 2147 7493
f 2148 7610 7496
f 2152 2151 7600
f 2152 7498 7497
f 2150 7600 2151
f 7619 2154 7505
f 7501 2155 7609
f 7619 7505 2155
f 2072 7501 7585
f 2073 2072 7500
f 2074 7502 2075
f 2077 2076 7504
f 2079 2077 7614
f 2080 2079 7503
f 2075 7504 2076
f 2153 7505 2154
f 2159 2158 7506
f 2084 7640 2156
f 2163 2162 7633
f 2161 7633 2162
f 2164 7507 2165
f 2159 7506 2161
f 7511 2167 7509
f 7513 7511 7510
f 1974 1973 7513
f 1978 1977 7514
f 1980 1978 7620
f 1982 1980 7650
f 1975 7512 1976
f 2166 7587 2167
f 2080 7503 2081
f 2067 7489 2068
f 2035 7468 2036
f 7517 7516 1944
f 1944 7516 1946
f 1967 1961 7517
f 7425 1998 7522
f 7439 7440 2101
f 7427 7429 2092
f 7432 2000 7533
f 1989 7423 7539
f 2102 7442 2104
f 7430 7427 2092
f 7426 2088 7532
f 1995 7424 1931
f 7515 1921 1986
f 2085 7425 2086
f 1995 1931 1994
f 2096 2095 7435
f 7439 2099 7441
f 7517 1944 1967
f 1961 1951 7517
f 2114 2113 7576
f 7446 2010 7445
f 7452 7451 2112
f 7452 2110 7561
f 7542 2010 2008
f 2027 7549 2028
f 2032 2034 2033
f 2120 7558 7462
f 7454 2022 2020
f 7448 2016 2015
f 2106 7449 7450
f 2110 7450 7561
f 7559 7459 2118
f 7468 2035 7648
f 7460 2119 7529
f 7550 2118 7459
f 7559 2117 7528
f 7469 2036 7468
f 7430 2089 7426
f 1921 7423 1986
f 2001 7432 7548
f 7533 2000 7431
f 2008 7467 7542
f 2113 7451 7576
f 7461 2123 2121
f 7558 2119 7460
f 7461 2121 7462
f 7455 7454 2019
f 2002 7548 2005
f 7471 2041 7555
f 7472 2129 2127
f 7490 2058 7488
f 2150 7496 7600
f 7494 7492 2070
f 2068 7489 7491
f 7491 2070 2069
f 7498 2152 7600
f 7474 7475 2133
f 7482 2138 7483
f 2042 7472 2127
f 7486 2144 7580
f 7487 2146 7606
f 7495 2148 7499
f 7497 7505 2153
f 2063 2060 7613
f 2049 2047 7478
f 7266 7265 7518
f 7633 2161 7617
f 2075 7502 7504
f 2163 7633 2164
f 7506 7617 2161
f 7518 1983 7519
f 7632 2159 7267
f 7521 7267 7520
f 7267 2159 7520
f 1913 7521 1911
f 7521 1913 7268
f 7585 7500 2072
f 7614 7503 2079
f 2082 2081 7503
f 2156 7506 2158
f 7650 7519 1982
f 1976 7512 1977
f 7508 2165 7507
f 2167 7587 7509
f 7508 2166 2165
f 7640 7618 2156
f 2155 7505 7609
f 7518 7632 7266
f 2147 7492 7493
f 2040 7470 7555
f 2131 2130 7474
f 7477 2043 7476
f 7580 2142 7484
f 7578 2137 7481
f 2138 7482 7485
f 7487 7488 2058
f 7596 7481 2057
f 7502 2073 7500
f 7512 1974 7513
f 2148 7495 7610
f 1920 7515 7516
f 2086 7425 7643
f 7431 7444 7525
f 7448 7526 2016
f 7530 2042 7471
f 1994 7534 7522
f 2104 7442 7524
f 2006 7433 7535
f 2013 7447 7536
f 7547 7537 7443
f 1991 7540 7424
f 7522 7541 7425
f 7426 7532 1942
f 2098 7438 7645
f 2104 7543 7547
f 7434 7436 7544
f 7545 7436 7437
f 2006 7535 7437
f 7443 7546 7467
f 7538 7447 7446
f 2022 7454 2009
f 7557 2024 7458
f 7456 7453 7567
f 7551 2123 7461
f 7552 7464 7463
f 7553 2032 7465
f 2124 7476 7475
f 7471 7555 7530
f 7577 2130 7473
f 7554 7474 2130
f 7553 2034 2032
f 7565 2025 7457
f 7563 7455 7456
f 7564 2030 2028
f 7565 7457 2024
f 7566 7449 2016
f 7451 7452 7568
f 7550 7459 7559
f 7570 7470 2039
f 7463 2123 2116
f 7464 7571 7466
f 2129 7472 7572
f 7558 7574 7462
f 2014 7549 2025
f 2129 7577 7473
f 7445 2003 7446
f 1956 7517 1951
f 7581 7606 7486
f 2070 7491 7583
f 7610 2142 7496
f 2077 7504 7616
f 7586 2164 7633
f 7510 7634 7513
f 7518 7519 7588
f 2168 7413 7653
f 7592 2174 2173
f 7415 7593 7416
f 2049 7478 7595
f 7596 2054 7597
f 2050 7598 7480
f 7481 7596 7599
f 2060 7490 7605
f 7489 2064 7582
f 7501 7601 7585
f 2062 7502 7500
f 7607 2044 7477
f 7597 2054 7480
f 7479 7603 2050
f 2130 2141 7485
f 7604 7485 7482
f 7607 7478 2044
f 7608 7613 2060
f 7499 7493 7492
f 7502 2062 7504
f 7491 7489 7642
f 7609 7505 7612
f 2077 7616 7614
f 7634 7512 7513
f 7508 7619 2166
f 7418 7419 7622
f 7622 7416 7623
f 7624 7412 7636
f 7631 1978 7514
f 7632 7628 2159
f 2164 7629 7507
f 7512 7630 1977
f 7620 1978 7631
f 7631 7514 1977
f 2156 7618 7635
f 7420 7267 7421
f 7638 7592 2173
f 7590 7413 7412
f 7511 7509 7639
f 7494 2070 7641
f 2086 7643 2087
f 1949 1919 7516
f 1949 7517 1953
f 1953 7517 1956
f 1920 7516 1919
f 7515 1920 1921
f 7540 1991 7539
f 7430 1950 7523
f 7643 7425 1933
f 7644 7435 7434
f 7430 7523 7427
f 7425 7541 1933
f 1994 1931 7534
f 1921 1926 7423
f 1949 7516 7517
f 2005 7548 7433
f 1947 7444 7428
f 2087 7643 7532
f 7431 7525 1986
f 7423 1923 7539
f 7423 1926 1923
f 2096 7644 7645
f 7546 7443 7537
f 2098 7645 7441
f 2104 7524 7543
f 2096 7435 7644
f 7545 7544 7436
f 7542 7467 7546
f 7453 2114 7576
f 7528 2030 2018
f 7647 7557 7458
f 7565 2014 2025
f 2004 7447 7538
f 7542 7445 2010
f 2129 7572 7575
f 7554 2130 7577
f 7531 7570 7469
f 7555 7573 7530
f 7468 7531 7469
f 7571 7464 7552
f 7469 7570 2039
f 7450 7449 7646
f 2013 7536 7448
f 2016 7526 7566
f 7566 7527 7449
f 7562 7455 7563
f 7447 2004 7536
f 2022 2009 7647
f 7466 7553 7465
f 7470 7570 7555
f 7463 2116 7552
f 7462 7574 7461
f 7569 2042 7530
f 7553 7648 2034
f 2024 7557 7565
f 7575 7577 2129
f 2096 7645 7438
f 7426 1950 7430
f 7427 1947 7429
f 7431 1986 7533
f 7446 2003 7538
f 7452 7560 7568
f 7456 7567 7563
f 7454 7455 7562
f 2018 2030 7564
f 7564 2028 7549
f 2116 2123 7551
f 7472 2042 7569
f 7579 7485 7604
f 7598 2050 7603
f 7483 7578 7482
f 7481 7599 7578
f 7598 7597 7480
f 7595 7479 2049
f 7609 7601 7501
f 7613 7582 2064
f 7489 2052 7642
f 2048 2060 7605
f 7486 7649 7581
f 7580 7649 7486
f 2130 7485 7579
f 7556 7476 2124
f 7606 7488 7487
f 7599 7596 7615
f 7505 7584 7612
f 7496 2142 7600
f 7492 7495 7499
f 7489 7582 2052
f 7583 7641 2070
f 7491 7642 7583
f 2048 7608 2060
f 7634 7630 7512
f 7639 7509 7587
f 7508 7507 7619
f 2071 7652 2082
f 7627 1977 7630
f 2164 7586 7629
f 7519 7651 7588
f 1911 7637 7422
f 7420 7625 7267
f 7267 7626 7421
f 7654 7637 1911
f 7418 7622 7420
f 7518 7588 7632
f 7652 2084 2082
f 7652 7640 2084
f 7620 7650 1980
f 7639 7510 7511
f 2156 7635 7506
f 2166 7619 7587
f 7521 7655 1911
f 7593 7415 7417
f 7414 2170 7589
f 1911 7655 7654
f 7589 2168 7653
f 7655 7521 7520
f 2071 2082 7503
f 2124 7475 7474
f 7476 7602 7477
f 7476 7556 7602
f 2141 2130 7484
f 2124 7474 7554
f 7490 7488 7605
f 7505 7497 7498
f 7616 7504 7611
f 7631 1977 7627
f 7651 7519 7650
f 7653 7413 7590
f 7412 7624 7590
f 2176 7594 7417
f 7421 7626 1915
f 7416 7593 7623
f 7638 7591 7592
f 2022 7647 7458
f 2003 7445 2002
f 7428 7537 7547
f 7450 7646 2096
f 7553 7466 2019
f 7460 2111 7558
f 2101 7568 7560
f 2011 7557 7647
f 2104 7567 7453
f 7454 7562 2008
f 7557 2012 7565
f 7443 7563 7567
f 7461 2114 7551
f 2110 7550 7559
f 7456 7552 2116
f 7529 2111 7460
f 7529 7550 2110
f 7648 2023 7468
f 2112 7574 7558
f 2105 7453 7576
f 2098 7561 7450
f 1922 7539 1923
f 1927 7539 1925
f 7541 7522 1928
f 7643 1939 7532
f 1948 1950 7426
f 7540 7539 1927
f 1942 7532 1939
f 1942 1941 7426
f 1931 7424 7540
f 1928 7522 1932
f 1933 7541 1930
f 1928 1930 7541
f 1937 7643 1933
f 1943 7643 1938
f 1939 7643 1943
f 1948 7426 1941
f 1937 1938 7643
f 7534 1932 7522
f 1998 7434 7544
f 7432 1990 7548
f 7439 7441 2090
f 2087 7645 7644
f 7536 2004 2006
f 1985 1986 7525
f 7535 7433 1995
f 2017 7549 2014
f 7559 7528 2107
f 2016 7564 7549
f 2008 7562 7563
f 2009 2010 7647
f 2113 7461 7574
f 7531 7468 2024
f 7553 2023 7648
f 2106 7528 2018
f 2100 7560 7452
f 7545 7437 1997
f 7545 1998 7544
f 7548 1991 7433
f 7441 7645 2088
f 7427 1960 1947
f 7525 7444 1984
f 7535 1993 7437
f 2091 7440 7439
f 7644 7434 2086
f 7432 7533 1988
f 7543 7524 2094
f 2092 7524 7442
f 7566 7435 7527
f 7537 7431 7546
f 7568 2101 7451
f 2000 7542 7546
f 2099 7452 7561
f 7451 2102 7576
f 7646 7449 2095
f 2095 7449 7527
f 2001 7445 7542
f 2092 7442 7440
f 7523 1950 7427
f 7534 1931 1929
f 2120 7554 7577
f 2118 7572 7472
f 7464 7477 7602
f 2131 7484 2130
f 2057 7494 7641
f 7584 7505 2145
f 7555 7570 2029
f 7611 7504 2065
f 1980 7417 7594
f 7653 7590 2160
f 7632 2158 7628
f 7627 7630 2075
f 7603 7479 2036
f 7478 2035 7595
f 7649 2136 7581
f 7578 2127 7482
f 2125 7578 7599
f 7597 7598 2039
f 7530 7573 2030
f 7605 7488 2046
f 7495 2140 7610
f 7582 7613 2051
f 7601 7609 2058
f 2052 2054 7642
f 7641 7583 2057
f 7498 2144 7505
f 7584 2146 7612
f 2061 2062 7500
f 7498 7600 2142
f 2064 7504 2062
f 7569 2118 7472
f 7500 7585 2060
f 7607 2033 7478
f 2119 7577 7575
f 7615 2041 7599
f 7615 7596 2041
f 7554 2121 2124
f 2123 7556 2124
f 7607 7477 2031
f 7596 7597 2040
f 7606 7581 2135
f 7604 7482 2127
f 7529 7575 7572
f 7603 2036 7598
f 7573 7555 2028
f 7608 2050 7613
f 7583 7642 2055
f 7606 2043 7488
f 7495 7492 2138
f 2141 2142 7610
f 2137 7492 7494
f 2059 7585 7601
f 2139 7609 7612
f 7580 7484 2132
f 7608 2048 2049
f 7649 7580 2133
f 7503 7614 2069
f 7618 7640 2147
f 2071 2070 7652
f 2076 7631 7627
f 7520 2159 2161
f 7619 7507 2154
f 7617 2150 7633
f 7588 7651 2156
f 7589 7653 7513
f 1978 2174 7592
f 7414 7512 7621
f 2167 7590 7624
f 1976 7591 7638
f 7623 7593 1983
f 7622 7266 7420
f 7637 2164 7636
f 7655 2163 7654
f 7507 7629 2153
f 2072 7510 7639
f 7640 7652 2147
f 7617 7506 2150
f 7586 2153 7629
f 7501 7639 7587
f 7586 7633 2151
f 7506 7635 2148
f 7616 7611 2065
f 7634 2075 7630
f 7636 2165 7624
f 7591 1976 7592
f 1974 7414 7589
f 7651 7650 2082
f 7620 7631 2080
f 2163 7637 7654
f 7520 2162 7655
f 7265 7622 7623
f 7632 7588 2157
f 7625 7420 7632
f 7594 2174 1979
f 7638 7621 1975
f 7650 7620 2081
f 7593 7417 1982
f 7268 7626 7267
f 7616 2068 7614
f 1913 1915 7626
f 2148 7635 7618
f 7595 2035 7479
f 1950 1954 7427
f 1947 1960 1959
f 1947 1959 1945
f 1984 7444 1947
f 1985 7525 1984
f 7533 1986 1987
f 1988 7533 1987
f 1990 7432 1988
f 1991 7548 1990
f 1996 7433 1992
f 1995 7433 1996
f 1992 7433 1991
f 1995 1993 7535
f 1997 7437 1993
f 1998 7545 1997
f 2086 7434 2085
f 2088 7645 2087
f 2087 7644 2086
f 2085 7434 1998
f 2091 7439 2090
f 2090 7441 2089
f 2094 7524 2093
f 2093 7524 2092
f 2092 7440 2091
f 2089 7441 2088
f 7428 7547 7543
f 1999 7546 7431
f 7431 7537 7428
f 2002 7445 2001
f 2001 7542 2000
f 2000 7546 1999
f 2004 7538 2003
f 7436 7566 7526
f 7435 7566 7436
f 2098 7450 2096
f 2096 7646 2095
f 2101 7560 2100
f 2100 7452 2099
f 2099 7561 2098
f 2105 7576 2103
f 2103 7576 2102
f 2097 7567 2104
f 2007 7563 7443
f 7443 7567 2097
f 2104 7453 2105
f 2102 7451 2101
f 2095 7527 7435
f 2007 2008 7563
f 2009 7454 2008
f 2012 7557 7447
f 7447 7557 2011
f 2011 7647 2010
f 2014 7565 2013
f 2017 2014 2015
f 2018 7564 2016
f 2107 7528 2106
f 2108 7559 2107
f 2016 7549 2017
f 2013 7565 2012
f 2111 7529 2110
f 2114 7461 2113
f 2113 7574 2112
f 2112 7558 2111
f 7456 2116 2109
f 2109 2116 2115
f 2020 7553 2019
f 2021 7553 2020
f 2019 7466 7571
f 7571 7552 7456
f 2116 7551 2114
f 2110 7559 2108
f 2023 7553 2022
f 2024 7468 2023
f 2025 7570 7531
f 2027 7570 2026
f 2029 7570 2027
f 2026 7570 2025
f 2030 7573 2028
f 2117 7530 2030
f 2119 7575 7529
f 7529 7572 2118
f 2118 7569 7530
f 2028 7555 2029
f 2121 7554 2120
f 7464 7602 7556
f 2122 2124 2121
f 2033 7607 2032
f 2032 7607 2031
f 2037 7598 2036
f 2036 7479 2035
f 2035 7478 2033
f 2031 7477 7464
f 2120 7577 2119
f 2022 7553 2021
f 2037 2038 7598
f 2039 7598 2038
f 2125 7599 2042
f 2042 7599 2041
f 2041 7596 2040
f 2127 7578 2126
f 2130 7579 2129
f 2132 7484 2131
f 2133 7580 2132
f 2129 7579 7604
f 2126 7578 2125
f 2134 7649 7475
f 2135 7581 2136
f 2136 7649 2134
f 2043 7606 2128
f 2045 7488 2044
f 2046 7488 2045
f 2044 7488 2043
f 2128 7606 2135
f 2048 7605 2047
f 2050 7608 2049
f 2052 7582 2051
f 2051 7613 2050
f 2047 7605 2046
f 7475 7649 2133
f 2056 7583 2055
f 2057 7583 2056
f 2140 7495 2138
f 2138 7492 2137
f 2137 7494 2057
f 2143 7498 2142
f 2146 7584 2145
f 2145 7505 2144
f 2144 7498 2143
f 2141 7610 2140
f 2058 7609 2139
f 2059 7601 2058
f 2061 7500 2060
f 2064 2062 2063
f 2060 7585 2059
f 2068 7616 2066
f 2066 7616 2065
f 2147 7652 2070
f 2071 7503 2069
f 2065 7504 2064
f 2139 7612 2146
f 7499 7618 2147
f 2148 7618 7499
f 2152 7586 2151
f 2151 7633 2150
f 2150 7506 2148
f 2154 7507 2153
f 2149 7587 2155
f 2072 7639 7501
f 7501 7587 2149
f 2155 7587 7619
f 2153 7586 2152
f 7502 7634 2073
f 2075 7634 2074
f 2074 7634 7502
f 2076 7627 2075
f 2078 7631 2077
f 2079 7631 2078
f 2077 7631 2076
f 2081 7620 2080
f 2082 7650 2083
f 2083 7650 2081
f 2156 7651 2084
f 2158 7632 2157
f 2159 7628 2158
f 2157 7588 2156
f 2084 7651 2082
f 2080 7631 2079
f 2073 7634 7510
f 2163 7655 2162
f 2162 7520 2161
f 2164 7637 2163
f 2167 7624 2165
f 2165 7636 2164
f 2160 7590 2167
f 7513 7653 7511
f 7511 7653 2160
f 1974 7589 1973
f 1975 7621 7512
f 1976 7638 1975
f 7512 7414 1974
f 1973 7589 7513
f 1977 7592 1976
f 1979 2174 1978
f 1978 7592 1977
f 1981 7417 1980
f 1983 7593 1982
f 1982 7417 1981
f 1980 7594 1979
f 7632 7420 7266
f 7266 7622 7265
f 1913 7626 7268
f 7267 7625 7632
f 7265 7623 1983
f 1960 7427 1954
f 1885 7657 1887
f 1883 7671 1885
f 7658 7659 1847
f 1850 1849 7675
f 1848 7675 1849
f 1887 7666 7658
f 1855 1854 7660
f 1855 7660 1856
f 7372 1857 7663
f 7373 7372 7663
f 7374 7373 7680
f 1887 7657 7666
f 7656 7671 1883
f 1883 1882 7274
f 1848 1847 7672
f 1848 7672 7675
f 1850 7667 1851
f 7665 7373 7663
f 1856 7660 7661
f 7373 7665 7664
f 7680 7373 7664
f 7680 1914 7374
f 7660 1854 7662
f 7663 1857 7661
f 7667 1853 1851
f 7668 1850 7675
f 7669 1847 7659
f 7670 7658 7666
f 1847 7673 7672
f 7658 7674 7659
f 1885 2187 7657
f 7676 7662 1853
f 7679 7663 7661
f 7680 1917 1914
f 7681 7665 7663
f 7682 1853 7667
f 1883 7274 7656
f 7272 7656 7274
f 7669 7673 1847
f 1885 7671 2187
f 7670 7674 7658
f 7667 1850 7668
f 7677 7661 7660
f 7678 7679 7661
f 7681 7663 7679
f 7682 7676 1853
f 7660 7662 7676
f 7664 7665 7680
f 7669 2171 7673
f 7675 7672 2172
f 7672 7673 2172
f 2173 7668 7675
f 2186 7657 2187
f 2169 7674 7670
f 7670 7666 2168
f 7657 2185 7666
f 7669 7659 2170
f 7412 7671 7656
f 7272 2182 7656
f 7667 7668 2173
f 7261 7665 7681
f 7679 7678 2180
f 7416 7677 7660
f 2177 7660 7676
f 7661 7677 2179
f 2175 7682 7667
f 1917 7680 7263
f 7262 7680 7665
f 7679 7418 7681
f 7661 2180 7678
f 2175 7676 7682
f 7659 7674 2169
f 2181 2182 7272
f 2183 2184 7656
f 2182 2183 7656
f 7412 2187 7671
f 2186 2185 7657
f 2184 7412 7656
f 2168 2169 7670
f 2169 2170 7659
f 2171 2172 7673
f 2172 2173 7675
f 2170 2171 7669
f 2185 2168 7666
f 2175 2177 7676
f 2178 7416 7660
f 2179 2180 7661
f 7416 2179 7677
f 2177 2178 7660
f 2180 7259 7679
f 7418 7260 7681
f 7259 7418 7679
f 7261 7262 7665
f 7263 7264 1917
f 7264 1915 1917
f 7262 7263 7680
f 7260 7261 7681
f 2173 2175 7667
f 7699 7683 1885
f 7696 1882 7683
f 7684 1887 7685
f 1848 7688 7701
f 7701 7686 1848
f 7271 1882 7696
f 1850 7690 7688
f 1854 7692 7704
f 1857 7689 7708
f 7692 1856 7708
f 1886 1887 7684
f 1883 7683 1882
f 1885 7683 1883
f 1847 7687 7693
f 7693 7698 7658
f 1885 1886 7699
f 1884 7685 1887
f 7658 1847 7693
f 1848 7686 7702
f 7702 7687 1847
f 7658 7698 1884
f 1850 7688 1849
f 1851 7690 1850
f 7690 1851 1852
f 7694 1852 1853
f 7688 1848 1849
f 1854 7691 1853
f 1855 7692 1854
f 1857 7708 1856
f 1877 7689 1857
f 1856 7692 1855
f 1853 7691 7694
f 7698 7684 7685
f 7702 7693 7687
f 7683 7699 7696
f 1854 7704 7691
f 7692 7709 7705
f 7705 7706 7692
f 7711 7707 1852
f 1852 1868 7711
f 7707 7703 7688
f 7695 7271 7696
f 1886 7684 7697
f 7693 1859 7698
f 7699 1886 7700
f 1884 7698 7685
f 7702 7686 7701
f 7703 7701 7688
f 1868 7694 7691
f 7692 7708 7709
f 7690 7707 7688
f 1852 7707 7690
f 1852 7694 1868
f 7689 7710 7708
f 1877 7710 7689
f 7692 7706 7704
f 7696 7377 7376
f 7377 7696 7699
f 1859 7375 7698
f 7377 7684 7375
f 7693 1861 1859
f 7701 1864 1861
f 7707 1868 1864
f 7706 7705 1873
f 7704 1873 1870
f 7710 1876 7708
f 7710 1877 1876
f 7708 1876 1873
f 7705 7709 1873
f 7699 7700 7377
f 7376 7695 7696
f 7377 7697 7684
f 7702 1861 7693
f 7702 7701 1861
f 7377 7700 1886
f 7698 7375 7684
f 7703 7707 1864
f 1873 7709 7708
f 1873 7704 7706
f 7691 7704 1870
f 1868 7691 1870
f 7707 7711 1868
f 7701 7703 1864
f 1886 7697 7377
f 7712 1730 7713
f 7713 7715 7714
f 7715 7713 7716
f 7713 7714 7712
f 1813 7717 1812
f 1812 7717 7718
f 1712 7718 7719
f 7715 1814 1815
f 7716 1814 7715
f 7721 7254 7258
f 7258 7716 7721
f 1814 7716 7258
f 7717 1813 1895
f 7718 7717 1910
f 1910 7717 1895
f 1813 1812 1895
f 1894 1895 1812
f 7718 1910 7719
f 1812 1811 1894
f 1810 1894 1811
f 1806 1896 1810
f 1894 1810 1896
f 1897 1896 1807
f 1806 1807 1896
f 1808 1897 1807
f 1897 1808 1809
f 1809 1805 1897
f 7282 1814 7258
f 1815 1814 7282
f 7282 1816 1815
f 7281 1816 7282
f 1817 7281 1905
f 1816 7281 1817
f 1718 1817 1905
f 1904 1718 1905
f 1902 1901 1803
f 1901 1805 1802
f 1718 1904 1719
f 1804 1719 1904
f 1803 1722 1902
f 1902 1722 1804
f 1902 1804 1904
f 7720 7713 1518
f 1518 7713 1517
f 7713 7721 7716
f 7713 7720 7721
f 1519 1517 1825
f 1826 1825 1517
f 1521 1519 1825
f 1825 1824 1521
f 1510 1521 1824
f 1824 1509 1510
f 1823 1507 1824
f 1509 1824 1507
f 1503 1506 1823
f 1507 1823 1506
f 7722 1827 7723
f 1828 1827 7722
f 1828 7722 8114
f 1829 8114 1496
f 1828 8114 1829
f 1818 1829 1496
f 1496 1497 1818
f 1819 1497 1498
f 1818 1497 1819
f 1822 1500 1821
f 1821 1500 1502
f 1823 1821 1503
f 1502 1503 1821
f 1499 1820 1504
f 1820 1819 1504
f 1820 1501 1822
f 1501 1820 1499
f 1504 1819 1498
f 7724 7725 7726
f 7728 7724 7726
f 7727 7728 7726
f 7726 7729 7727
f 7733 7732 7731
f 7782 7731 7732
f 7729 7731 7798
f 7798 7731 7730
f 7782 7734 7730
f 7782 7730 7731
f 7731 7729 7726
f 7737 7735 7736
f 7735 7737 7738
f 7738 7737 7739
f 7739 7737 7740
f 7743 7740 7741
f 7739 7740 7742
f 7740 7743 7742
f 7744 7748 7725
f 7745 7748 7744
f 7745 7747 7748
f 7746 7750 7751
f 7746 7747 7745
f 7750 7749 7752
f 7750 7752 7751
f 7746 7744 7750
f 7746 7745 7744
f 7753 7749 7754
f 7754 7749 7750
f 7753 7752 7749
f 7752 7753 7775
f 7755 7756 7757
f 7761 7756 7762
f 7756 7761 7765
f 7757 7756 7765
f 7757 7765 7759
f 7757 7759 7764
f 7763 7761 7762
f 7761 7763 7765
f 7760 7759 7765
f 7765 7763 7766
f 7765 7766 7760
f 7758 7759 7760
f 7758 7764 7759
f 8142 7768 7766
f 7770 7767 7762
f 7769 8142 7772
f 7747 7769 7748
f 7770 7771 7748
f 7763 7767 7766
f 7770 7748 7772
f 7772 7767 7770
f 7766 7772 8142
f 7772 7766 7767
f 7763 7762 7767
f 7760 7766 7768
f 7769 7772 7748
f 7753 7754 7773
f 7753 7773 7774
f 7775 7753 7774
f 7774 7777 7776
f 7777 7774 7773
f 7778 7779 7777
f 7776 7777 7780
f 7777 7779 7780
f 7781 7782 7783
f 7781 7783 7785
f 7786 7781 7785
f 7785 7788 7787
f 7788 7785 7783
f 7788 7784 7731
f 7755 7788 7731
f 7788 7755 7757
f 7764 7787 7788
f 7788 7757 7764
f 7783 7784 7788
f 7794 7790 7795
f 7792 7795 7790
f 7791 7797 7790
f 7797 7791 7798
f 7791 7794 7798
f 7798 7794 7799
f 7799 7795 7796
f 7791 7790 7794
f 7795 7792 7796
f 7796 7792 7793
f 7793 7800 7801
f 7796 7793 7801
f 7793 7803 7800
f 7803 7780 7800
f 7804 7800 7780
f 7780 7779 7804
f 7796 7802 7799
f 7796 7801 7802
f 7802 7801 7778
f 7804 7779 7778
f 7804 7778 7801
f 7801 7800 7804
f 7799 7794 7795
f 7805 7781 7806
f 7806 7781 7786
f 7805 7782 7781
f 7782 7805 7810
f 7797 7807 7809
f 7789 7790 7809
f 7790 7797 7809
f 7807 7810 7811
f 7807 7811 7808
f 7811 7810 7805
f 7811 7805 7806
f 7811 7809 7808
f 7809 7807 7808
f 7813 7815 7812
f 7812 7816 7813
f 7813 7816 1702
f 7813 1702 7814
f 7815 7813 7814
f 7816 7817 7818
f 1707 1702 7818
f 1702 7816 7818
f 7817 7819 7821
f 7817 7821 7818
f 7821 7819 7820
f 1707 7818 1704
f 1704 7818 7821
f 7821 7820 1708
f 7821 1708 1704
f 7822 7820 7823
f 7823 7820 7819
f 7822 1708 7820
f 1708 7822 7825
f 7822 7823 7824
f 7822 7824 7825
f 7825 7826 7827
f 7825 7827 1706
f 7825 7824 7826
f 7829 7826 7828
f 7826 7829 7830
f 1706 7827 7830
f 7830 7827 7826
f 7831 7832 7833
f 7830 7833 1700
f 7830 7831 7833
f 7831 7830 7829
f 7830 1700 1698
f 7833 7832 7834
f 7832 7743 7834
f 7836 7835 7834
f 7835 1700 7833
f 7835 7836 7837
f 7743 7832 7742
f 7835 7833 7834
f 7838 7837 7839
f 7839 7836 7840
f 7836 7839 7837
f 7815 7841 7839
f 7839 7841 7838
f 7741 7842 7843
f 7839 7840 7812
f 7812 7840 7842
f 7741 7740 7842
f 7840 7843 7842
f 7815 7814 7841
f 8145 7841 1701
f 1701 7841 7814
f 7812 7815 7839
f 7845 7847 7844
f 7847 7845 7846
f 7846 1799 7847
f 7848 7858 7855
f 7849 7850 7851
f 7850 7858 7851
f 7858 7850 7855
f 7853 7850 7852
f 7855 7850 7853
f 7854 7856 7853
f 7853 7856 7855
f 7853 7852 8032
f 7857 7862 7858
f 7848 7859 7858
f 7857 7860 7862
f 7860 7861 7862
f 7862 7849 7851
f 7851 7858 7862
f 7857 7858 7859
f 7852 7850 7863
f 7863 8032 7852
f 8032 7863 7864
f 7865 7866 7853
f 7853 8032 7865
f 7854 7853 7866
f 7866 7875 7854
f 7875 7867 7856
f 7856 7854 7875
f 7861 7860 7868
f 7860 7869 7868
f 7869 7860 7857
f 7869 7857 7870
f 7859 7848 7871
f 7859 7871 7870
f 7871 7848 7886
f 7859 7870 7857
f 7849 7872 7873
f 7872 7849 7862
f 7862 7861 7874
f 7862 7874 7872
f 7876 7878 7875
f 7876 7879 7878
f 7865 7876 7875
f 7865 7880 7876
f 7876 7880 7879
f 7865 7875 7866
f 7879 7877 7881
f 7875 7878 7882
f 7883 7881 7877
f 7878 7879 7881
f 7875 7882 7867
f 7884 7868 7869
f 7884 7869 7870
f 7885 7884 7887
f 7887 7870 7871
f 7887 7871 7886
f 7887 7886 7885
f 7870 7887 7884
f 7888 7889 7893
f 7890 7893 7891
f 7894 7892 7895
f 7892 7893 7895
f 7891 7893 7896
f 7884 7893 7868
f 7893 7884 7896
f 7896 7884 7885
f 7891 7896 7885
f 7891 7897 7890
f 7891 7885 7897
f 7890 7895 7893
f 7898 4123 5325
f 7898 4108 4123
f 4123 4503 5325
f 5325 5319 7899
f 5323 7899 5319
f 5325 7899 7898
f 7900 7901 7902
f 7902 7901 7903
f 7904 7905 7900
f 7904 7900 7902
f 7899 5323 7906
f 7907 7906 5323
f 5323 5321 7907
f 4240 7906 7907
f 7907 7908 4240
f 7907 7909 7908
f 4227 4239 4229
f 4218 4227 4230
f 7910 4227 7908
f 4239 4227 7910
f 7911 7910 7909
f 4223 7908 4227
f 7909 7910 7908
f 4240 7908 4223
f 4218 4223 4227
f 7912 7911 7913
f 7913 7914 7912
f 7912 7915 7911
f 4238 4239 7910
f 7910 7915 4238
f 7911 7915 7910
f 7915 7916 4236
f 4236 4238 7915
f 7915 7912 7916
f 7914 4907 7917
f 7917 7912 7914
f 7916 7912 7917
f 4236 7918 4237
f 7918 4236 7916
f 7916 7919 7918
f 7917 4092 7919
f 4092 7917 4907
f 7916 7917 7919
f 4237 7920 7921
f 7922 7920 7918
f 4237 7918 7920
f 7919 4092 5229
f 7919 7922 7918
f 5229 7922 7919
f 7923 7922 5229
f 5229 5228 7923
f 7923 7924 7922
f 7925 7921 7920
f 7926 7922 7924
f 7920 7926 7925
f 7920 7922 7926
f 7927 7928 7881
f 7929 7927 7883
f 7883 7927 7881
f 7928 7878 7881
f 7930 7931 7867
f 7878 7928 7882
f 7867 7882 7930
f 7882 7928 7930
f 4624 4644 4625
f 4624 4626 4644
f 4140 4164 4163
f 4163 4145 4140
f 4159 4161 4148
f 4165 4146 4145
f 4159 4147 4165
f 4146 4165 4147
f 4148 4147 4159
f 4163 4165 4145
f 4150 4149 4185
f 4153 4154 4184
f 4152 4183 4179
f 4179 4149 4152
f 4183 4152 4153
f 4153 4184 4183
f 4185 4149 4179
f 7840 7741 7843
f 7817 7735 7819
f 7817 7736 7735
f 7816 7737 7817
f 7737 7736 7817
f 7738 7824 7823
f 7826 7824 7738
f 7739 7829 7738
f 7828 7738 7829
f 7826 7738 7828
f 7834 7743 7836
f 7728 7773 7754
f 7728 7777 7773
f 7777 7728 7727
f 7727 7778 7777
f 7750 7744 7724
f 7725 7748 7726
f 7744 7725 7724
f 7732 7783 7782
f 7783 7732 7733
f 7784 7783 7733
f 7784 7733 7731
f 7807 7782 7810
f 7807 7734 7782
f 7797 7730 7734
f 7797 7734 7807
f 4598 7932 4601
f 7933 7932 4636
f 4598 4636 7932
f 4636 4634 7933
f 7934 7933 4634
f 7934 4634 4635
f 4602 4601 7932
f 7934 7935 7936
f 4605 4602 7933
f 7934 7936 7933
f 7932 7933 4602
f 7936 4605 7933
f 7002 7936 7935
f 7935 7001 7002
f 7002 7005 7936
f 7005 4607 4605
f 7936 7005 4605
f 4166 4130 4129
f 4129 7937 4166
f 4127 4065 4064
f 4128 7938 7937
f 4128 4127 7938
f 7939 7938 4127
f 4064 7939 4127
f 4129 4128 7937
f 7886 7940 7941
f 7885 7941 7897
f 7885 7886 7941
f 7895 7942 7943
f 7890 7897 7942
f 7894 7895 7943
f 7890 7942 7895
f 7942 7897 7941
f 7954 7944 7946
f 7946 7944 7945
f 7944 7948 7945
f 7945 7948 7949
f 7947 7945 7951
f 7951 7945 7949
f 7953 7949 7952
f 7945 7947 1787
f 7955 7946 1788
f 7945 1787 7946
f 7954 7955 6764
f 6764 7955 1788
f 1787 1788 7946
f 7953 7951 7949
f 7953 7956 7951
f 7957 1687 7953
f 1787 7947 7956
f 7956 7947 7951
f 7953 7952 7958
f 7958 7950 7959
f 7959 1747 7960
f 7957 7953 7958
f 1749 7960 1747
f 7961 1749 1746
f 7959 7960 7962
f 7963 7961 1746
f 7960 7961 7962
f 7960 1749 7961
f 7958 7959 1783
f 1786 7957 7958
f 7958 1783 1786
f 1783 1782 1786
f 7962 1796 1783
f 7959 7962 1783
f 7957 1786 1687
f 7963 7962 7961
f 1801 7962 1797
f 7963 1798 1797
f 7962 7963 1797
f 7962 1801 1796
f 7958 7952 7950
f 7954 7946 7955
f 7888 7964 7889
f 7888 7893 7965
f 7892 7966 7965
f 7966 7894 7967
f 7894 7966 7892
f 7892 7965 7893
f 7877 7879 7904
f 7904 7902 7877
f 7879 7968 7904
f 7879 7880 7968
f 7880 7969 7968
f 7969 7880 7865
f 7974 7971 7975
f 7976 7977 7978
f 7975 7976 7974
f 7974 7976 7978
f 7972 7987 7971
f 7987 7972 7980
f 7982 7983 7984
f 7981 7987 7980
f 7981 7983 7982
f 7982 7984 7986
f 7988 7977 7976
f 7976 7975 7973
f 7975 7971 7970
f 7988 7976 7973
f 7975 7970 7973
f 7971 7987 7970
f 7981 7982 7989
f 7989 7970 7987
f 7989 7982 7991
f 7982 7979 7991
f 7979 7982 7990
f 7992 7990 7986
f 7989 7991 7979
f 7982 7986 7990
f 7987 7981 7989
f 7999 7986 7985
f 7985 7994 7999
f 7999 7994 7995
f 7996 7997 7995
f 7994 7996 7995
f 7995 7997 7998
f 1743 1744 8003
f 8004 1743 8000
f 7997 7996 8001
f 8000 1653 5183
f 8001 1653 8003
f 7996 1653 8001
f 8005 5183 5182
f 7986 7999 7992
f 7995 7998 8002
f 7998 7997 8002
f 7999 7995 7992
f 8002 7992 7995
f 8001 1744 7997
f 7992 7979 7990
f 8005 8000 5183
f 8003 1653 8000
f 8001 8003 1744
f 8004 8000 8005
f 8003 8000 1743
f 1744 8002 7997
f 7979 7992 7993
f 8149 8006 8007
f 8007 4563 8149
f 8006 8008 8007
f 8008 8010 8009
f 8010 8008 8006
f 4563 8007 4562
f 8011 4562 8007
f 8007 8008 8011
f 8008 8009 8012
f 8157 8012 8009
f 8008 8012 8011
f 4562 8011 8013
f 8011 8012 8015
f 8014 8015 8012
f 8012 8157 8014
f 8011 8015 8013
f 8016 8018 8017
f 8019 8018 8016
f 8019 8020 8021
f 8022 8023 2260
f 8023 8022 6973
f 8023 6973 6873
f 8047 8027 8024
f 8028 8029 8026
f 8025 8030 8028
f 8025 8031 8030
f 8028 8026 8025
f 8032 8033 8028
f 8034 8035 8043
f 8037 8036 8030
f 8029 8028 8033
f 8034 8027 8047
f 8031 8038 8030
f 8031 8039 8038
f 8030 8038 8037
f 8027 8039 8040
f 8040 8039 8031
f 8036 8038 8042
f 8038 8036 8037
f 8042 8038 8043
f 8041 8043 8038
f 8027 8041 8039
f 8041 8027 8043
f 8027 8034 8043
f 8038 8039 8041
f 8025 8026 8060
f 8026 8029 8044
f 8026 8044 8060
f 8033 8032 8045
f 8044 8029 8046
f 8045 8046 8033
f 8046 8029 8033
f 8048 8055 8035
f 8035 8034 8048
f 8034 8047 8048
f 8050 8047 8024
f 8024 8049 8050
f 8049 8051 8050
f 8048 8050 8054
f 8050 8048 8047
f 8055 8048 8054
f 8052 8050 8051
f 8050 8052 8054
f 8054 8056 8055
f 8056 8054 8052
f 8053 8056 8052
f 8052 8051 8053
f 8051 8049 8057
f 8051 8057 8058
f 8053 8051 8058
f 8049 8059 8057
f 8061 8057 8060
f 8059 8060 8057
f 8061 8060 8044
f 8053 8058 8062
f 8063 8053 8062
f 8053 8063 8056
f 8046 8061 8044
f 8061 8046 8045
f 8062 8058 8061
f 8058 8057 8061
f 8065 8064 8066
f 8066 8064 8081
f 8069 8068 8067
f 8071 8069 8070
f 8069 8064 8068
f 8069 8081 8064
f 8070 8072 8071
f 1778 8073 1779
f 8069 8073 1778
f 8067 8073 8069
f 1779 8073 8074
f 8074 8073 8076
f 8075 8076 8073
f 1778 1780 8070
f 8070 8069 1778
f 8077 8080 8071
f 8077 8071 8079
f 8078 8079 8072
f 8072 8070 8078
f 8079 8071 8072
f 8069 8071 8080
f 8081 8069 8080
f 8064 8082 8083
f 8064 8065 8082
f 8082 8066 8084
f 8066 8081 8084
f 8082 8065 8066
f 8083 8085 8068
f 8068 8064 8083
f 8067 8068 8085
f 8075 8073 8067
f 8078 8070 1768
f 1769 8078 1768
f 1770 1768 1780
f 1780 1768 8070
f 1769 1776 8078
f 8079 8078 1776
f 8079 1776 8077
f 1779 8086 1770
f 1779 1770 1780
f 8074 8086 1779
f 8086 8076 8075
f 8076 8086 8074
f 8077 1776 1775
f 8086 8075 8090
f 8084 1775 1777
f 8077 8084 8081
f 8084 8077 1775
f 1777 8082 8084
f 8082 1777 1773
f 8082 1773 8083
f 1773 1774 8083
f 8077 8081 8080
f 8088 8075 8087
f 8088 8090 8075
f 1774 8087 8067
f 8067 8085 1774
f 8067 8087 8075
f 1774 8085 8083
f 8088 8087 1774
f 1771 1770 8086
f 8086 8089 1771
f 8089 8086 8090
f 8097 6721 4910
f 4910 4911 8097
f 6721 8097 6722
f 6752 6722 8097
f 8097 8091 6752
f 8092 4059 8091
f 6753 8091 4059
f 6752 8091 6753
f 4061 6753 4059
f 6711 6710 8092
f 6711 8092 6717
f 6717 8092 8093
f 6731 6717 8093
f 6738 6731 8093
f 8093 8094 6738
f 8094 6739 6738
f 8095 6742 6741
f 6739 8094 6741
f 6741 8094 8095
f 8095 8096 6742
f 7942 7941 8091
f 7941 7940 8093
f 8091 7941 8092
f 8092 7941 8093
f 7940 7931 8093
f 8017 8091 8097
f 8091 8017 7943
f 8152 8097 4911
f 7943 7942 8091
f 8094 7929 8095
f 7931 7930 7928
f 7929 8094 7927
f 8094 7928 7927
f 8094 7931 7928
f 8095 7929 8010
f 8098 8152 4915
f 8152 4911 4915
f 8096 8006 8149
f 8096 8010 8006
f 8095 8010 8096
f 8094 8093 7931
f 8099 8013 8100
f 8014 8013 8015
f 8013 8014 8100
f 6780 8100 8014
f 8099 8100 6779
f 6764 6763 8101
f 8101 7954 6764
f 8101 6763 6759
f 6759 8102 8101
f 8102 6759 6758
f 6758 8103 8102
f 8103 6758 6761
f 6761 6760 8103
f 7977 8104 8105
f 8104 7977 7988
f 8105 8103 7977
f 8101 8107 8106
f 7954 8101 8106
f 7944 7954 8106
f 8102 8103 8105
f 8105 8107 8102
f 4405 4403 8025
f 8025 8060 4405
f 4403 4404 8025
f 4404 4406 8025
f 4406 8031 8025
f 3912 8040 8031
f 3913 8031 4406
f 8040 3912 4412
f 8040 4412 4413
f 3912 8031 3913
f 4413 8027 8040
f 8024 8027 4413
f 4415 8049 8024
f 4416 8024 4413
f 4415 4414 8049
f 8024 4416 4415
f 4414 4410 8049
f 4408 8059 8049
f 4405 8060 8059
f 4409 8049 4410
f 8059 4408 4407
f 8059 4407 4405
f 4408 8049 4409
f 4103 4220 4105
f 4224 4220 4103
f 4232 4099 4102
f 4228 4099 4232
f 6984 6985 8108
f 1766 6984 8108
f 6985 6986 8108
f 1760 1763 8109
f 6986 2299 8110
f 6987 2298 8109
f 2299 6987 8109
f 8108 6986 8110
f 8109 8110 2299
f 2298 1760 8109
f 7844 8020 8111
f 7844 7847 8020
f 1798 1799 7846
f 1798 1689 1800
f 7846 1689 1798
f 4614 4907 8112
f 4907 4614 5171
f 5171 8113 4908
f 8113 5171 1713
f 4907 5171 4908
f 7914 8112 4907
f 7770 7762 7726
f 7771 7726 7748
f 7771 7770 7726
f 7756 7755 7731
f 7731 7726 7762
f 7731 7762 7756
f 7802 7729 7799
f 7729 7802 7778
f 7778 7727 7729
f 7730 7797 7798
f 7799 7729 7798
f 7724 7728 7754
f 7754 7750 7724
f 7842 7740 7737
f 7737 7816 7812
f 7842 7737 7812
f 7739 7742 7832
f 7831 7829 7739
f 7831 7739 7832
f 7840 7743 7741
f 7743 7840 7836
f 7819 7735 7738
f 7738 7823 7819
f 8114 1711 1496
f 1710 1496 1711
f 1741 1496 1710
f 1497 1496 1741
f 1829 1711 8114
f 8595 1715 8598
f 8115 8598 1715
f 1829 8114 8115
f 8115 1715 1829
f 1819 1497 1741
f 1504 1819 1742
f 1497 1819 1504
f 1499 1504 1742
f 1501 1742 1740
f 1740 1822 1501
f 1501 1499 1742
f 1739 1822 1740
f 1822 1739 1500
f 1502 1500 1739
f 1737 1503 1739
f 1502 1739 1503
f 1503 1737 1505
f 8117 8116 8118
f 8117 8118 1729
f 8119 1730 1729
f 1731 1730 8119
f 1734 1510 1505
f 1737 1734 1505
f 1734 1735 1510
f 1511 1731 8119
f 1731 1511 1735
f 1510 1735 1511
f 7935 7934 4635
f 5183 1653 8120
f 8121 5183 8122
f 8120 8122 5183
f 1704 8123 8002
f 8002 8123 8124
f 8126 8105 8104
f 8126 8128 8127
f 8130 1748 8129
f 1703 1748 8130
f 8132 8130 8129
f 8132 8129 8131
f 8133 8106 8134
f 8132 8133 7803
f 8134 8135 8133
f 8107 8134 8106
f 8133 8135 7803
f 8133 8132 8131
f 4644 4216 4160
f 4626 4639 4627
f 4216 4644 4626
f 7906 4630 4629
f 7906 4240 4630
f 4630 4240 4631
f 4627 4112 4628
f 4627 4639 4112
f 7899 7906 4629
f 4629 4628 4108
f 7899 4108 7898
f 4108 7899 4629
f 4628 4112 4108
f 8042 8032 8036
f 8030 8036 8032
f 8032 8028 8030
f 1772 8043 1775
f 1777 8035 1773
f 8043 8035 1777
f 1777 1775 8043
f 8042 8043 1438
f 8136 8032 8042
f 7864 8062 8061
f 7864 8061 8045
f 8062 7864 8063
f 7864 8056 8063
f 8056 7864 7969
f 8032 7864 8045
f 8055 8088 1774
f 8055 1774 1773
f 8088 8055 8056
f 8055 1773 8035
f 8056 8090 8088
f 8043 1772 1438
f 1772 1437 1438
f 8136 8137 7865
f 8138 7865 8137
f 8139 7865 8138
f 8139 1433 7969
f 7969 7865 8139
f 8136 7865 8032
f 1769 1437 1772
f 7969 8089 8090
f 1437 1769 1436
f 7969 1433 1434
f 1434 1771 8089
f 7969 1434 8089
f 1771 1434 1769
f 1436 1769 1434
f 8056 7969 8090
f 8136 8042 1438
f 7863 7849 7873
f 7849 7863 7850
f 1747 7959 1748
f 7959 7950 1748
f 8129 1748 7950
f 8129 7952 8131
f 8129 7950 7952
f 7949 7948 8133
f 7948 7944 8133
f 8133 8131 7949
f 8106 8133 7944
f 7949 8131 7952
f 8002 8124 7992
f 8124 8125 7979
f 7979 7993 8124
f 7992 8124 7993
f 8125 8127 7979
f 8128 8126 7970
f 8127 8128 7970
f 7989 8127 7970
f 7973 8104 7988
f 7973 7970 8126
f 8104 7973 8126
f 8127 7989 7979
f 8140 7901 7900
f 8140 7905 7863
f 7905 8140 7900
f 7873 8140 7863
f 7872 8141 7873
f 8140 7873 8141
f 5181 5177 7913
f 5321 5181 7907
f 7913 7911 7909
f 7909 7907 7913
f 7913 7907 5181
f 7969 7864 7968
f 7904 7968 7905
f 7863 7905 7864
f 7968 7864 7905
f 7209 1725 1727
f 7210 7209 1727
f 1727 5223 7210
f 1816 1718 2211
f 1815 2203 2207
f 1815 2207 6971
f 7712 1729 1730
f 8116 7715 6971
f 1815 6971 7715
f 8116 7714 7715
f 1816 2212 1815
f 2203 1815 2212
f 2211 2212 1816
f 7712 7714 8117
f 8117 1729 7712
f 8117 7714 8116
f 7811 1703 8130
f 7809 8130 7789
f 7811 7806 1703
f 7809 7811 8130
f 1703 7806 1704
f 7790 7789 8132
f 8132 7789 8130
f 7792 7790 8132
f 7793 7792 8132
f 7785 7787 8123
f 7786 7785 8123
f 7786 8123 1704
f 8123 7787 7764
f 7786 1704 7806
f 7764 7758 8124
f 7760 7768 8124
f 7758 7760 8124
f 8124 7768 8125
f 7764 8124 8123
f 8132 7803 7793
f 8135 7780 7803
f 8135 8134 7774
f 7775 8134 8126
f 7776 7780 8135
f 7775 7774 8134
f 7776 8135 7774
f 8134 8107 8105
f 8142 8127 8125
f 8126 8127 7769
f 8126 7769 7747
f 7751 7752 8126
f 7746 7751 8126
f 7746 8126 7747
f 7775 8126 7752
f 8134 8105 8126
f 8143 8127 8142
f 7769 8127 8143
f 8125 7768 8142
f 7967 1798 7963
f 7967 1746 1697
f 1746 1750 1697
f 7967 7963 1746
f 7838 8145 8004
f 7835 1697 1700
f 7835 7837 1697
f 7967 1697 7837
f 7838 4261 7837
f 7967 7837 4261
f 7965 7966 4261
f 7965 7964 7888
f 8005 8146 8004
f 7967 4261 7966
f 8144 8005 5182
f 7965 4261 7964
f 8004 8146 7838
f 7838 7841 8145
f 5186 8141 4261
f 8146 5186 7838
f 7872 4241 4261
f 4241 7872 7874
f 8141 7872 4261
f 5186 4261 7838
f 8005 8144 8146
f 8148 7248 6973
f 8147 8148 6973
f 8147 1691 8148
f 8022 8147 6973
f 2260 1792 8147
f 1680 8147 1792
f 8022 2260 8147
f 4561 6779 7000
f 4562 8099 4561
f 6779 4561 8099
f 7000 6779 6778
f 8013 8099 4562
f 6839 6742 6999
f 6742 6839 6836
f 8096 4560 6742
f 4560 8096 4563
f 8149 4563 8096
f 4560 6999 6742
f 7939 4059 1763
f 1763 4059 8109
f 7937 7938 1763
f 4059 8092 8109
f 7939 1763 7938
f 8109 8092 8110
f 8110 8092 1752
f 7937 1763 1761
f 4166 1761 4167
f 1761 4166 7937
f 7939 4064 4059
f 1767 4169 4168
f 4169 1767 4170
f 1767 4171 4170
f 1767 4168 4167
f 1767 4167 1761
f 1754 8110 1752
f 1751 1752 8092
f 1758 8110 1755
f 1754 1755 8110
f 8108 1758 4181
f 8108 8110 1758
f 4180 8108 4181
f 8108 4180 4178
f 1767 4173 4172
f 1767 4172 4171
f 8108 4177 4176
f 8108 4176 4175
f 4173 4175 4174
f 4175 4173 8108
f 8108 4178 4177
f 8150 7248 7346
f 8151 7346 7248
f 8148 8151 7248
f 7248 8150 7249
f 8150 6840 6945
f 7249 8150 6945
f 1647 8148 1691
f 8148 1647 8151
f 1645 1690 1692
f 1647 1690 1645
f 1647 1691 1690
f 1645 1692 1643
f 1644 1643 1692
f 1693 1644 1692
f 1693 1694 1644
f 1640 1644 1694
f 7844 8152 7363
f 7844 7363 8153
f 8153 7845 7844
f 1689 8153 8154
f 1689 7846 8153
f 8155 1689 8154
f 8153 7846 7845
f 1636 1639 1695
f 1636 1696 1635
f 1696 1636 1695
f 1694 1639 1640
f 1694 1695 1639
f 8155 1632 1688
f 1688 1689 8155
f 1696 1688 1632
f 1696 1632 1634
f 1635 1696 1634
f 7844 8111 8152
f 8111 8097 8152
f 8016 8111 8019
f 8111 8020 8019
f 8016 8097 8111
f 8097 8016 8017
f 5177 5186 8146
f 5186 5177 5181
f 7883 7877 8156
f 7883 8156 8157
f 7902 7903 7877
f 8156 7877 7903
f 8010 7929 8009
f 7883 8009 7929
f 8014 8157 8391
f 8391 6780 8014
f 7883 8157 8009
f 8017 8018 7943
f 8019 7943 8018
f 8021 7943 8019
f 8021 8020 7847
f 7847 7894 8021
f 7894 7943 8021
f 7847 7967 7894
f 1799 7967 7847
f 1799 1798 7967
f 7855 7886 7848
f 7855 7940 7886
f 7931 7940 7856
f 7855 7856 7940
f 7856 7867 7931
f 4638 4640 4635
f 4635 4642 7001
f 4642 4635 4640
f 7001 7935 4635
f 4150 4185 4182
f 4150 4182 4158
f 1759 4158 4182
f 1753 1751 4158
f 1751 8092 6710
f 1753 1759 1757
f 1753 4158 1759
f 4158 1751 6710
f 1759 1756 1757
f 4164 4140 4144
f 4645 4164 4144
f 3767 5174 3811
f 5172 5174 5171
f 3767 3813 3768
f 3768 3813 3816
f 3772 3819 3818
f 3795 3806 3808
f 3795 3788 3803
f 3822 3824 3818
f 3786 3829 3828
f 7985 8158 7994
f 7985 8159 8160
f 8158 7985 8160
f 8146 5182 5177
f 5177 7914 7913
f 5177 4614 8112
f 8112 7914 5177
f 8161 8162 8163
f 8164 8165 8166
f 8167 8163 8164
f 8168 8169 8164
f 8166 8165 8170
f 8166 8168 8164
f 8171 8165 8172
f 8165 8171 8174
f 8169 8175 8164
f 8176 8177 8178
f 8177 8172 8165
f 8179 8176 8178
f 8180 8178 8181
f 8183 8184 8181
f 8185 8178 8180
f 8184 8180 8181
f 8181 8186 8183
f 8177 8165 8178
f 8161 8163 8187
f 8164 8175 8167
f 8170 8165 8188
f 8163 8167 8187
f 8165 8189 8188
f 8175 8190 8167
f 8173 8189 8165
f 8191 8179 8178
f 8192 8186 8193
f 8178 8182 8191
f 8194 8178 8185
f 8182 8178 8195
f 8195 8178 8194
f 8186 8181 8193
f 8173 8165 8174
f 8181 8196 8193
f 8197 8198 8196
f 8197 8199 8200
f 8202 8203 8197
f 8197 8200 8204
f 8205 8200 8199
f 8202 8197 8204
f 8206 8199 8207
f 8199 8208 8207
f 8198 8197 8203
f 8209 8210 8211
f 8212 8213 8214
f 8215 8213 8216
f 8217 8211 8213
f 8208 8211 8210
f 8212 8219 8213
f 8220 8211 8217
f 8213 8219 8217
f 8216 8221 8222
f 8211 8208 8199
f 8223 8205 8199
f 8199 8201 8224
f 8206 8225 8199
f 8226 8198 8203
f 8224 8223 8199
f 8201 8199 8225
f 8209 8211 8227
f 8211 8218 8227
f 8228 8214 8215
f 8229 8216 8222
f 8216 8229 8215
f 8211 8230 8218
f 8214 8213 8215
f 8231 8230 8211
f 8220 8231 8211
f 8196 8198 8193
f 8232 8233 8234
f 8232 8234 8240
f 8240 8234 8235
f 8248 8244 8245
f 8246 8244 8247
f 8244 8246 8249
f 8243 8244 8249
f 8244 8243 8245
f 1662 5129 8250
f 8251 8252 8250
f 8253 8252 8254
f 1662 8250 8252
f 8255 8256 8250
f 8257 8255 8250
f 8254 8258 8253
f 8254 8252 8251
f 8256 8251 8250
f 8258 8254 8259
f 8260 8258 8259
f 8261 8262 8263
f 8264 8265 8266
f 8266 8265 8263
f 8264 8269 8267
f 8266 8269 8264
f 8263 8270 8266
f 8271 8263 8272
f 8273 8272 8274
f 8275 8272 8273
f 8276 8274 8272
f 8277 8276 8272
f 8275 8278 8279
f 8275 8271 8272
f 8280 8281 8282
f 8278 8282 8279
f 8273 8278 8275
f 8263 8271 8270
f 8282 8278 8280
f 8283 8282 8281
f 8267 8284 8268
f 8264 8267 8268
f 8285 8286 7986
f 8285 8287 8286
f 8286 7985 7986
f 7986 7984 8288
f 8289 8288 8290
f 8288 8289 7986
f 7986 8289 8285
f 8291 8292 7981
f 8291 8293 8292
f 8292 7983 7981
f 7981 7980 8294
f 8295 8294 8296
f 8294 8295 7981
f 7981 8295 8291
f 8297 8298 7971
f 8297 8299 8298
f 8298 7972 7971
f 7971 7974 8300
f 8301 8300 8302
f 8300 8301 7971
f 7971 8301 8297
f 7978 7977 8303
f 8303 8304 8305
f 8304 8303 7977
f 7977 7240 8306
f 8307 8306 8308
f 8306 8307 7977
f 7977 8307 8304
f 8309 8310 7241
f 8309 8311 8310
f 8310 7239 7241
f 7241 7234 8312
f 8313 8312 8314
f 8312 8313 7241
f 7241 8313 8309
f 8315 8316 7221
f 8315 8317 8316
f 8316 7232 7221
f 7221 7220 8318
f 8319 8318 8320
f 8318 8319 7221
f 7221 8319 8315
f 8321 8322 8324
f 8321 8323 8322
f 8322 7224 8324
f 8325 8324 8326
f 8324 8325 8321
f 8327 8328 8329
f 7216 8328 6701
f 7216 8332 8328
f 8327 8329 8331
f 8328 8333 8329
f 8332 8333 8328
f 7216 8334 8332
f 7216 8335 8334
f 7216 2198 8335
f 8335 2198 8336
f 8331 8337 8330
f 2198 8338 8339
f 2200 8338 2198
f 8340 8341 8338
f 8338 8342 8339
f 8339 8336 2198
f 8340 8343 8341
f 8341 8342 8338
f 8343 8340 8344
f 8345 8343 8344
f 8327 8331 8330
f 8346 8347 7996
f 8348 8347 8346
f 8349 7996 8347
f 8346 8350 8351
f 7994 8346 7996
f 8350 8352 8351
f 8346 8351 8348
f 8352 8350 8353
f 8354 8352 8353
f 8122 8355 8356
f 8356 8121 8122
f 6704 8357 8358
f 8358 6703 6704
f 6698 8359 8360
f 8360 6699 6698
f 8160 8159 8361
f 8361 8362 8160
f 4101 5180 4107
f 5165 4107 5180
f 5178 5166 5165
f 5166 5178 5179
f 5180 5178 5165
f 5301 5194 5167
f 5168 5167 5194
f 5195 5169 5168
f 5169 5195 4610
f 5194 5195 5168
f 8120 8276 8277
f 8277 8355 8122
f 8277 8122 8120
f 6703 8358 1660
f 1660 1659 6705
f 1660 6705 6703
f 6702 8255 8257
f 8257 8359 6698
f 8257 6698 6702
f 8160 8362 8262
f 8262 8261 8158
f 8262 8158 8160
f 4247 8271 8275
f 4257 4247 1656
f 4257 1656 8349
f 1656 4247 8275
f 8278 1658 8283
f 1658 8278 1649
f 1653 8274 8276
f 8276 8120 1653
f 1653 8273 8274
f 1652 8278 8273
f 8278 1652 1649
f 1653 1652 8273
f 8356 8233 8121
f 5183 8121 8233
f 8232 5184 5183
f 8233 8232 5183
f 5184 8232 5187
f 5187 8240 5185
f 8240 5187 8232
f 8246 5188 5190
f 8249 5190 5189
f 5190 8249 8246
f 2189 5188 8246
f 8247 2189 8246
f 8357 6704 8247
f 2189 8247 6704
f 8338 1665 1664
f 1664 8340 8338
f 8338 2200 1665
f 2200 1659 1661
f 1659 2200 6705
f 1665 2200 1661
f 8345 8340 1664
f 1664 1669 8345
f 1669 1667 8343
f 8343 8345 1669
f 1667 8341 8343
f 1668 1666 8342
f 8342 8341 1668
f 8339 8342 1666
f 1668 8341 1667
f 8339 1666 8336
f 1663 8336 1666
f 8334 1662 8252
f 8252 8332 8334
f 8252 8253 8333
f 8333 8332 8252
f 8253 8329 8333
f 8258 8260 8331
f 8331 8329 8258
f 8337 8331 8260
f 8258 8329 8253
f 8254 8337 8260
f 8337 8254 8327
f 6701 8256 8255
f 8255 6702 6701
f 6701 8251 8256
f 8328 8254 8251
f 8254 8328 8327
f 6701 8328 8251
f 8360 8162 6699
f 6700 6699 8162
f 8161 8324 6700
f 8162 8161 6700
f 8324 8161 8326
f 8326 8187 8325
f 8187 8326 8161
f 8187 8167 8321
f 8321 8325 8187
f 8167 8190 8321
f 8321 8190 8323
f 8323 8175 8322
f 8175 8323 8190
f 8318 8166 8170
f 8166 8318 7220
f 7220 8168 8166
f 7224 8169 8168
f 7224 8322 8169
f 8175 8169 8322
f 7220 7224 8168
f 8318 8170 8320
f 8320 8170 8188
f 8188 8189 8319
f 8188 8319 8320
f 8189 8173 8315
f 8315 8319 8189
f 8173 8174 8315
f 8315 8174 8317
f 8317 8171 8316
f 8171 8317 8174
f 8312 8176 8179
f 8176 8312 7234
f 7234 8177 8176
f 7232 8172 8177
f 7232 8316 8172
f 8171 8172 8316
f 7234 7232 8177
f 8179 8314 8312
f 8314 8179 8191
f 8191 8182 8313
f 8191 8313 8314
f 8313 8182 8195
f 8195 8309 8313
f 8195 8194 8309
f 8309 8194 8311
f 8311 8185 8310
f 8185 8311 8194
f 8306 8183 8186
f 8183 8306 7240
f 7240 8184 8183
f 7239 8180 8184
f 7239 8310 8180
f 8185 8180 8310
f 7240 7239 8184
f 8186 8308 8306
f 8308 8186 8192
f 8192 8193 8307
f 8192 8307 8308
f 8193 8198 8304
f 8304 8307 8193
f 8198 8226 8304
f 8304 8226 8305
f 8305 8203 8303
f 8203 8305 8226
f 8300 8200 8205
f 8200 8300 7974
f 7974 8204 8200
f 7978 8202 8204
f 7978 8303 8202
f 8203 8202 8303
f 7974 7978 8204
f 8205 8302 8300
f 8302 8205 8223
f 8223 8224 8301
f 8223 8301 8302
f 8224 8201 8297
f 8297 8301 8224
f 8201 8225 8297
f 8297 8225 8299
f 8299 8206 8298
f 8206 8299 8225
f 8294 8210 8209
f 8210 8294 7980
f 7980 8208 8210
f 7972 8207 8208
f 7972 8298 8207
f 8206 8207 8298
f 7980 7972 8208
f 8294 8209 8296
f 8296 8209 8227
f 8227 8218 8295
f 8227 8295 8296
f 8218 8230 8291
f 8291 8295 8218
f 8230 8231 8291
f 8291 8231 8293
f 8293 8220 8292
f 8220 8293 8231
f 8288 8212 8214
f 8212 8288 7984
f 7984 8219 8212
f 7983 8217 8219
f 7983 8292 8217
f 8220 8217 8292
f 7984 7983 8219
f 8214 8290 8288
f 8290 8214 8228
f 8228 8215 8289
f 8228 8289 8290
f 8215 8229 8285
f 8285 8289 8215
f 8285 8229 8287
f 8287 8222 8286
f 8222 8287 8229
f 8222 7985 8286
f 8221 7985 8222
f 8361 8159 8221
f 7985 8221 8159
f 8346 8265 8264
f 8264 8350 8346
f 8346 7994 8265
f 7994 8261 8263
f 8261 7994 8158
f 8265 7994 8263
f 8354 8350 8264
f 8264 8284 8354
f 8284 8267 8352
f 8352 8354 8284
f 8267 8351 8352
f 8269 8266 8348
f 8348 8351 8269
f 8347 8348 8266
f 8269 8351 8267
f 8347 8266 4245
f 4245 8266 8270
f 8347 4264 8349
f 4264 8347 4245
f 1465 1663 1662
f 1473 1465 1461
f 1465 1473 1663
f 1463 1465 1662
f 1458 1475 1461
f 1458 1460 1476
f 1484 1473 1469
f 1476 1475 1458
f 1460 1462 1472
f 1476 1460 1471
f 1487 1466 1468
f 1471 1460 1472
f 1466 1486 1469
f 1473 1461 1475
f 1473 8336 1663
f 8363 1463 1662
f 8364 8363 1662
f 8365 8366 8367
f 8368 8367 8364
f 8368 8364 1662
f 8366 8365 8369
f 8369 8370 1472
f 8371 1470 8372
f 8367 8373 8365
f 8374 8375 8376
f 8377 8376 8368
f 8367 8368 8373
f 8375 8374 8372
f 8369 8365 8370
f 8369 1472 1462
f 8334 8368 1662
f 1470 1482 1468
f 1466 1487 1486
f 1494 1484 1480
f 1484 1469 1486
f 1470 1483 1482
f 1490 1477 1479
f 1477 1495 1480
f 1468 1482 1487
f 1494 1480 1495
f 1494 1492 1484
f 1479 1491 1490
f 1479 1481 1491
f 1492 1489 8335
f 1477 1490 1495
f 8336 1492 8335
f 8336 1484 1492
f 8336 1473 1484
f 8378 8379 1491
f 8378 1491 1481
f 8380 8379 8378
f 8376 8377 8374
f 8380 8381 8382
f 8381 8383 8384
f 8368 8383 8377
f 8379 8380 8382
f 8372 8374 8371
f 8383 8385 8384
f 8385 8335 1489
f 8334 8335 8385
f 8383 8334 8385
f 8381 8384 8382
f 8368 8334 8383
f 1470 8371 1483
f 8356 1609 8233
f 8234 8233 1609
f 8355 1609 8356
f 1603 8234 1605
f 1609 1605 8234
f 8272 8263 1600
f 8277 8272 1607
f 8272 1600 1607
f 1609 8355 1607
f 8355 8277 1607
f 8236 8239 1608
f 8236 4956 8237
f 8238 8237 4956
f 1603 5002 8234
f 8235 8234 5002
f 5000 8235 5002
f 8235 5001 8239
f 1608 8239 5001
f 8235 5000 5001
f 1625 8263 8262
f 1600 8263 1624
f 8362 1625 8262
f 1624 8263 1625
f 8221 1625 8361
f 8362 8361 1625
f 8216 1625 8221
f 1625 8216 1627
f 1627 8216 8213
f 8213 8211 1629
f 8211 5003 1629
f 8199 5003 8211
f 5003 8199 5302
f 5041 5302 8199
f 8197 5316 5041
f 8196 5316 8197
f 8199 8197 5041
f 1599 8242 8238
f 4955 8241 8242
f 4951 8241 4955
f 4952 8241 4951
f 8248 8241 4952
f 4952 4953 8248
f 8248 4953 4954
f 4918 8244 4954
f 8248 4954 8244
f 5131 8247 8244
f 8357 8247 5131
f 4918 5131 8244
f 5130 1660 8358
f 5131 5130 8358
f 1660 5130 5129
f 8357 5131 8358
f 8165 5315 8178
f 5004 8178 5315
f 5315 8165 5314
f 8181 5316 8196
f 5004 5316 8181
f 8181 8178 5004
f 8359 8257 5312
f 5313 5312 8257
f 8360 8359 5312
f 5129 5313 8250
f 8257 8250 5313
f 8163 5314 8164
f 8165 8164 5314
f 5312 5033 8162
f 5314 8163 5033
f 8162 5033 8163
f 8360 5312 8162
f 8238 4956 1599
f 6760 7977 8103
f 4915 4913 8098
f 8386 5358 5197
f 4912 8386 5197
f 8386 4912 8387
f 4912 8388 8387
f 7351 7344 8151
f 1648 7351 8151
f 7346 7347 8150
f 7349 7360 8150
f 7360 7355 6840
f 7347 7349 8150
f 1647 1648 8151
f 6840 8150 7360
f 8151 7344 7346
f 1630 1632 8155
f 7356 7358 8152
f 7361 8152 7358
f 7356 8152 6840
f 8153 7365 7370
f 8153 7370 8154
f 7363 8152 7361
f 6840 8098 6755
f 6840 8152 8098
f 8153 7363 7365
f 7356 6840 7355
f 4609 4502 5169
f 5169 4610 4609
f 8141 8240 8235
f 7903 8235 8239
f 7903 7901 8235
f 8239 8389 8390
f 8157 8239 8236
f 8157 8236 8237
f 8140 8235 7901
f 5185 8141 5186
f 8141 5185 8240
f 7903 8239 8390
f 8141 8235 8140
f 8157 8156 8239
f 8391 8237 8238
f 8157 8237 8391
f 8238 6780 8391
f 8242 8392 8393
f 6900 8242 8241
f 8248 8245 8394
f 8243 5191 8245
f 8245 5192 8394
f 5189 8243 8249
f 8241 8248 8394
f 8393 6780 8238
f 8394 6900 8241
f 5192 8245 5191
f 8243 5189 5191
f 6898 8242 6900
f 8239 8156 8389
f 8242 6898 8392
f 8242 8393 8238
f 8100 6780 8396
f 8100 8396 8395
f 6681 6680 4935
f 6682 4932 4945
f 6680 6679 4935
f 4932 2472 6681
f 4945 4932 4931
f 5317 2471 4929
f 4930 5046 5304
f 5307 5304 4927
f 4927 5306 5307
f 5317 4929 4930
f 4929 2471 4945
f 5304 5046 4927
f 5306 4927 5042
f 5042 4926 5306
f 4926 1610 5057
f 4926 5057 5306
f 6682 4945 2471
f 1565 6497 8397
f 8398 1562 8397
f 8399 1563 8398
f 6437 6497 1565
f 1567 6459 6457
f 6458 1566 6457
f 1559 8399 8400
f 6437 1552 6453
f 6458 6453 1566
f 1581 6464 6459
f 1560 8400 8401
f 1555 8402 8403
f 8562 8403 8406
f 8406 8404 1553
f 6500 6464 1581
f 1571 6500 1581
f 6459 1567 1581
f 1564 6437 1565
f 1567 6457 1566
f 1562 1565 8397
f 6453 1552 1566
f 1552 6437 1564
f 1555 1561 8402
f 8403 8562 1555
f 8562 8406 1553
f 8400 1560 1559
f 1559 1563 8399
f 1561 1560 8401
f 8398 1563 1562
f 8404 1557 1553
f 1570 6500 1571
f 6439 6447 8398
f 6497 6439 8397
f 8399 6447 8400
f 8403 8402 8405
f 6439 8398 8397
f 6447 8399 8398
f 8402 1561 8401
f 8403 8405 8406
f 8575 8408 8411
f 8409 8408 8575
f 8437 8413 8412
f 8412 8414 8437
f 8415 8411 8416
f 8408 8416 8411
f 8415 8414 8412
f 8416 8414 8415
f 8419 8417 8418
f 8420 8407 8421
f 8420 8572 8407
f 8417 8420 8421
f 8422 8574 8423
f 8409 8422 8410
f 8423 8410 8422
f 8417 8419 8424
f 8423 8546 8424
f 8574 8546 8423
f 8425 8509 6001
f 8426 8427 5997
f 6002 6005 8425
f 8513 8438 8439
f 1567 8448 8449
f 8455 8444 1583
f 6467 8449 6462
f 1581 6467 6469
f 1573 6469 6480
f 8463 8465 8460
f 8423 8466 8443
f 8425 6001 6002
f 8509 8426 6001
f 8439 8436 8513
f 8479 8437 8499
f 8441 8440 8438
f 8440 8439 8438
f 8441 8515 8429
f 8458 8446 8450
f 8452 8445 1590
f 1573 6479 6488
f 8463 8462 8448
f 6488 6487 8467
f 8449 6467 1581
f 6469 1573 1581
f 6488 8467 1573
f 6475 8467 6487
f 8455 1583 8447
f 6480 6479 1573
f 8473 8434 8556
f 8429 8468 8441
f 8439 8469 8436
f 8471 8440 8441
f 8443 8547 8442
f 8472 8466 8451
f 8453 8480 8541
f 5999 8427 8433
f 5999 5997 8427
f 6006 5999 8433
f 8436 8474 8434
f 8475 8431 8479
f 8499 8549 8479
f 8553 8428 8477
f 8442 8478 8432
f 8429 8428 8497
f 8453 8542 8451
f 8460 8482 8459
f 1567 1568 8448
f 8463 8448 8484
f 8454 8457 8485
f 8445 8486 8450
f 8464 8487 8456
f 8464 8461 8488
f 8461 8459 8489
f 8445 8452 8490
f 8491 8452 8454
f 8458 8450 8538
f 8449 1581 1567
f 8457 8456 8492
f 8502 8447 8446
f 8465 8493 8460
f 1576 1573 8467
f 1578 8467 1580
f 1578 1576 8467
f 6475 1580 8467
f 6475 1579 1580
f 1572 1581 1573
f 8446 8458 8538
f 8587 8433 8435
f 8435 8494 8588
f 8494 8435 8473
f 8556 8434 8495
f 8436 8496 8474
f 8495 8434 8474
f 8496 8436 8469
f 8468 8429 8497
f 8441 8468 8470
f 8470 8471 8441
f 8477 8430 8552
f 8431 8552 8430
f 8475 8479 8498
f 8499 8432 8478
f 8442 8547 8476
f 8466 8500 8443
f 8472 8451 8544
f 8476 8478 8442
f 8428 8553 8497
f 8543 8544 8451
f 8480 8444 8501
f 8446 8538 8502
f 8455 8447 8502
f 8455 8501 8444
f 8538 8450 8486
f 8445 8481 8486
f 8503 8445 8490
f 8485 8457 8492
f 8491 8454 8504
f 8491 8490 8452
f 8504 8454 8485
f 8503 8481 8445
f 8487 8492 8456
f 8560 8459 8482
f 8488 8561 8464
f 8487 8464 8561
f 8482 8460 8563
f 8489 8488 8461
f 8560 8489 8459
f 8465 8463 8573
f 1568 8484 8448
f 8573 8463 8484
f 8493 8465 8483
f 8505 8460 8493
f 8460 8505 8563
f 8451 8542 8543
f 8587 8435 8588
f 1548 5994 1549
f 6461 5996 5994
f 5994 1548 6461
f 5996 6461 6482
f 6466 5995 5996
f 6466 1545 5995
f 1546 5995 1545
f 6482 6466 5996
f 6455 5993 1542
f 6454 6455 1542
f 6452 5992 5993
f 1540 1539 5992
f 6452 5993 6455
f 5992 6452 1540
f 6472 5989 1535
f 6474 5991 5989
f 5991 6474 6450
f 6474 5989 6472
f 6449 5990 5991
f 6449 5991 6450
f 5990 6449 1533
f 1532 5990 1533
f 6486 5986 1529
f 6478 1529 1528
f 6478 6486 1529
f 5987 5986 6486
f 6486 5988 5987
f 6477 1525 5988
f 6477 5988 6486
f 8507 6009 8506
f 6005 8507 8508
f 8425 8508 8509
f 8426 8509 8557
f 8510 8427 8557
f 8435 8510 8585
f 8585 8511 8473
f 6010 8506 6009
f 8511 8512 8434
f 8513 8514 8438
f 8583 8441 8514
f 8581 8428 8516
f 8515 8516 8429
f 8479 8413 8437
f 8517 8579 8477
f 8579 8431 8430
f 6007 6009 8507
f 8406 8456 8404
f 8406 8405 8464
f 8457 1557 8404
f 8405 8402 8464
f 8402 8401 8459
f 6447 8460 8400
f 8463 6447 6440
f 8463 6440 6446
f 8459 8401 8400
f 6446 6444 8463
f 8462 6444 6451
f 6451 6456 8462
f 8448 6456 8449
f 8408 8499 8416
f 8451 8417 8421
f 8466 8419 8418
f 8407 8451 8421
f 8418 8417 8451
f 8410 8423 8443
f 8452 1592 1591
f 1593 8566 8450
f 8444 1587 1582
f 1583 1585 8447
f 1593 8450 1594
f 1592 8452 1590
f 1588 1587 8480
f 8427 8426 8557
f 8512 8513 8436
f 8473 8511 8434
f 8433 8510 8435
f 8434 8512 8436
f 8408 8432 8499
f 8442 8409 8410
f 8408 8409 8442
f 8414 8416 8499
f 8437 8414 8499
f 8408 8442 8432
f 8442 8410 8443
f 8431 8413 8479
f 8516 8428 8429
f 8425 6005 8508
f 8510 8433 8427
f 8473 8435 8585
f 8441 8583 8515
f 8428 8517 8477
f 8579 8430 8477
f 8438 8514 8441
f 6005 6007 8507
f 8453 8572 1588
f 8466 8424 8419
f 8446 8447 1585
f 1583 8444 1582
f 1587 8444 8480
f 8453 8407 8572
f 8466 8418 8451
f 8424 8466 8423
f 8450 8446 1594
f 1591 8454 8452
f 8445 8450 8566
f 8402 8461 8464
f 8461 8402 8459
f 6444 8462 8463
f 8404 8456 8457
f 8406 8464 8456
f 8445 8566 1589
f 8463 8460 6447
f 1588 8480 8453
f 8445 1589 1590
f 8407 8453 8451
f 8448 8462 6456
f 1591 8457 8454
f 8459 8400 8460
f 8457 1591 1557
f 5336 5970 7315
f 7320 7315 5970
f 5335 5970 5336
f 7320 5970 5967
f 5972 5971 7315
f 5336 7315 5971
f 5336 5971 5337
f 5349 7319 1840
f 5961 7318 7321
f 5349 5350 7318
f 5978 7321 7322
f 5977 7321 5978
f 5334 5333 5978
f 7322 5334 5978
f 5950 5979 7323
f 7322 7323 5979
f 5332 5334 5979
f 7322 5979 5334
f 7383 8518 7386
f 8518 5975 5951
f 5348 5347 8518
f 5975 8518 5347
f 8518 7302 7386
f 7383 5348 8518
f 7401 7303 7314
f 7314 7400 7401
f 5344 7314 5346
f 7314 5960 5346
f 7400 7314 5344
f 5960 7314 7328
f 7312 7397 7387
f 5343 7312 7387
f 5342 7312 5343
f 7397 7312 8519
f 7312 5955 2771
f 8519 7398 7397
f 7312 5342 5955
f 5955 8520 5956
f 7298 7404 7299
f 7404 7298 1845
f 1845 7399 7404
f 1845 8520 5955
f 5343 1845 5341
f 1845 5955 5341
f 7399 1845 5343
f 5953 7330 5954
f 5331 5330 5954
f 7330 5331 5954
f 5952 5329 5331
f 7330 1889 5952
f 5331 7330 5952
f 5338 5940 7408
f 7331 7408 5940
f 5340 5940 5338
f 7331 5940 5941
f 7280 5340 5339
f 5935 5340 7280
f 7395 7292 7280
f 5935 7280 8521
f 7301 7292 7395
f 5339 7395 7280
f 7301 7291 7292
f 5328 5936 5326
f 7278 5326 5936
f 2782 7279 5936
f 7278 5936 7279
f 5937 5938 7277
f 7278 7277 5938
f 5327 5326 5938
f 7278 5938 5326
f 4913 7250 8523
f 4913 8525 8098
f 8524 8098 8525
f 7250 5360 8526
f 5351 5360 7250
f 8525 4913 8523
f 8522 7250 8526
f 8523 7250 8522
f 8524 8388 6755
f 8098 8524 6755
f 8387 8388 8530
f 8527 8388 8524
f 8528 8388 8529
f 8527 8529 8388
f 8388 8528 8530
f 5355 8386 8530
f 5355 5358 8386
f 8387 8530 8386
f 8532 8533 8504
f 8534 8535 8490
f 8491 8533 8534
f 8536 8537 8486
f 8540 8501 8455
f 8502 8539 8540
f 8481 8535 8536
f 8453 8541 8569
f 8492 8487 8531
f 8544 8500 8466
f 8545 8546 8443
f 8476 8548 8499
f 8549 8498 8479
f 8477 8552 8517
f 8431 8550 8551
f 8468 8554 8555
f 8470 8555 8471
f 8497 8553 8554
f 8557 5998 5999
f 8559 8590 6001
f 8426 8558 8559
f 8533 8491 8504
f 8535 8503 8490
f 8491 8534 8490
f 8536 8486 8481
f 8537 8538 8486
f 8503 8535 8481
f 8539 8502 8538
f 8502 8540 8455
f 8567 8541 8480
f 8567 8480 8501
f 8453 8569 8542
f 8544 8466 8472
f 8545 8443 8500
f 8547 8443 8546
f 8499 8478 8476
f 8475 8498 8550
f 8549 8499 8548
f 8552 8431 8551
f 8477 8517 8553
f 8554 8468 8497
f 8558 8426 5997
f 8559 6001 8426
f 6000 6001 8590
f 8558 5997 5998
f 8470 8468 8555
f 8431 8475 8550
f 8439 8440 8496
f 8439 8496 8469
f 8474 8496 8584
f 8495 8474 8556
f 8556 8494 8473
f 8557 5999 6003
f 8433 6003 6006
f 8587 6003 8433
f 8504 8485 8532
f 1564 1565 8465
f 1558 1555 8488
f 1560 1558 8488
f 1566 1564 8484
f 1556 8488 1555
f 8564 1554 1557
f 8420 8569 8572
f 8570 1592 1589
f 1586 1584 8539
f 1586 8565 1593
f 1593 8536 8566
f 1582 1587 8567
f 8568 1584 1582
f 1557 1592 8571
f 1568 1569 1566
f 8409 8574 8422
f 8576 8409 8575
f 8577 8428 8581
f 8578 8413 8431
f 8579 8551 8431
f 8516 8515 8554
f 8515 8583 8555
f 8582 8514 8513
f 8584 8513 8512
f 8509 8589 8557
f 1568 1566 8484
f 8573 1564 8465
f 8484 1564 8573
f 1565 1563 8563
f 1563 1560 8560
f 8560 1560 8488
f 8488 1556 8561
f 8562 1554 8564
f 8564 1557 8571
f 8561 1556 8562
f 8536 1593 8565
f 8570 1589 8566
f 8571 1592 8570
f 8565 1586 8539
f 8539 1584 8568
f 8567 1587 8572
f 8420 8417 8580
f 8568 1582 8567
f 8574 8409 8576
f 8412 8413 8578
f 8578 8431 8551
f 8575 8411 8415
f 8580 8417 8424
f 8428 8577 8517
f 8554 8515 8555
f 8581 8516 8554
f 8508 8590 8509
f 8506 6004 8507
f 8506 6010 6008
f 6004 8506 6008
f 8508 8507 8591
f 8496 8513 8584
f 8582 8513 8496
f 8585 8510 8588
f 8588 8510 8587
f 8586 8511 8585
f 8507 6004 8591
f 8509 8590 8589
f 8587 8510 8557
f 8483 8465 1565
f 8482 1563 8560
f 8485 8564 8571
f 8580 8543 8420
f 8424 8544 8580
f 1565 8493 8483
f 8505 1565 8563
f 8488 8489 8560
f 8487 8561 8562
f 8535 8570 8566
f 8536 8565 8537
f 8531 8562 8564
f 8532 8571 8570
f 8569 8541 8572
f 8500 8424 8546
f 8415 8412 8548
f 8514 8471 8583
f 8555 8583 8471
f 8511 8586 8494
f 8582 8440 8514
f 8552 8579 8517
f 8581 8554 8577
f 8512 8474 8584
f 8578 8551 8550
f 8578 8498 8412
f 8576 8575 8547
f 8556 8512 8511
f 8508 8591 6000
f 6003 8587 8557
f 8590 8559 8589
f 8494 8586 8585
f 8547 8574 8576
f 8575 8415 8476
f 8493 1565 8505
f 1563 8482 8563
f 8570 8534 8533
f 8492 8531 8564
f 8569 8420 8542
f 8547 8575 8476
f 8541 8567 8572
f 8568 8540 8539
f 8546 8545 8500
f 8542 8420 8543
f 8544 8543 8580
f 8538 8537 8565
f 8534 8570 8535
f 8492 8564 8485
f 8485 8571 8532
f 8538 8565 8539
f 8535 8566 8536
f 8533 8532 8570
f 8574 8547 8546
f 8424 8500 8544
f 8567 8501 8568
f 8540 8568 8501
f 8531 8487 8562
f 8551 8579 8552
f 8440 8471 8514
f 8498 8549 8412
f 8550 8498 8578
f 8582 8496 8440
f 8549 8548 8412
f 8494 8585 8588
f 8589 8559 8558
f 8558 5998 8589
f 5998 8557 8589
f 8494 8556 8511
f 8548 8476 8415
f 8517 8577 8553
f 8553 8577 8554
f 8474 8512 8556
f 8590 8508 6000
f 7318 7319 5349
f 8116 6971 6972
f 8593 7719 5213
f 8592 8593 5213
f 1513 7336 7253
f 7336 7335 1520
f 1514 1513 7253
f 7336 1520 7253
f 7335 1516 1520
f 7335 7333 1516
f 7332 7337 7251
f 7338 6972 7254
f 7337 7338 7252
f 1516 7333 7251
f 7252 7251 7337
f 7254 7252 7338
f 7251 7333 7332
f 8119 1729 7343
f 7341 1511 8119
f 7341 8119 7342
f 8119 7343 7342
f 1729 1515 7343
f 8118 8116 7340
f 7339 7340 8116
f 1515 8118 7340
f 8118 1515 1729
f 7719 8593 7723
f 1827 7719 7723
f 1827 1712 7719
f 1712 1827 1717
f 7721 7252 7254
f 7720 1518 1516
f 7720 1516 7251
f 7251 7721 7720
f 7251 7252 7721
f 1715 8595 8113
f 8113 1714 1715
f 4908 8113 8592
f 5217 7257 7256
f 5971 5970 5335
f 5335 5337 5971
f 5354 8530 8528
f 8529 5354 8528
f 5354 8527 8524
f 8529 8527 5354
f 5354 8524 5352
f 5354 5355 8530
f 8525 5352 8524
f 5352 8523 8522
f 8525 8523 5352
f 5352 8522 8526
f 5352 8526 5360
f 5938 5936 5328
f 5328 5327 5938
f 5935 5940 5340
f 5952 5954 5330
f 5330 5329 5952
f 5342 5341 5955
f 5960 5934 5923
f 5346 5923 5345
f 5923 5346 5960
f 5915 5975 5924
f 5924 5347 5345
f 5347 5924 5975
f 5924 5345 5923
f 5979 5978 5333
f 5333 5332 5979
f 7333 1515 7340
f 7337 7340 7339
f 5357 5198 5358
f 7254 6972 8594
f 6972 7339 8116
f 4647 5357 5356
f 4647 5216 5357
f 7334 7340 7337
f 7334 7333 7340
f 7337 7339 6972
f 5218 7256 5198
f 5218 5217 7256
f 5357 5216 5218
f 4647 5212 5216
f 8596 8594 6972
f 4648 5356 5201
f 8597 8598 7722
f 5201 4908 8592
f 8115 7722 8598
f 8113 8595 8593
f 8114 7722 8115
f 4648 5201 4616
f 5212 4647 4616
f 4616 5211 5212
f 5201 5211 4616
f 5201 8592 5211
f 8595 8598 8597
f 5211 8592 5213
f 8593 8592 8113
f 4647 5356 4648
f 6972 5198 7256
f 5218 5198 5357
f 7256 8596 6972
f 8600 8599 8384
f 8599 1491 8379
f 8599 8382 8384
f 8600 8384 8385
f 8382 8599 8379
f 8601 8600 8385
f 8602 8601 1489
f 1489 8601 8385
f 8602 1489 1488
f 8604 8603 8377
f 8603 1483 8371
f 8603 8374 8377
f 8604 8377 8383
f 8374 8603 8371
f 8381 8604 8383
f 1478 8604 8380
f 8380 8604 8381
f 1481 1478 8378
f 1478 8380 8378
f 8606 8605 8373
f 8605 1472 8370
f 8605 8365 8373
f 8606 8373 8368
f 8365 8605 8370
f 8376 8606 8368
f 1467 8606 8375
f 8375 8606 8376
f 1470 1467 8372
f 1467 8375 8372
f 8608 8607 8364
f 8607 1463 8363
f 8607 8363 8364
f 8367 8609 8364
f 1459 8609 8366
f 8366 8609 8367
f 1462 1459 8369
f 1459 8366 8369
f 8608 8364 8609
f 8610 8612 1444
f 1444 1456 8610
f 8612 8610 8611
f 8613 8614 8611
f 8615 8614 8613
f 1455 1443 8616
f 8614 8615 8616
f 8614 8616 1443
f 8612 8611 8614
f 8619 1448 8617
f 8619 8618 8620
f 8619 8620 8621
f 8618 8619 8617
f 8621 8622 8619
f 1446 8623 8621
f 8623 1446 1441
f 8622 8621 8623
f 8599 8600 8601
f 8601 8602 1488
f 1488 8599 8601
f 1488 1493 8599
f 1478 8603 8604
f 1478 1485 8603
f 1467 8605 8606
f 1467 1474 8605
f 1459 8607 8609
f 8608 8609 8607
f 1459 1464 8607
f 8607 1464 1463
f 8614 1443 1444
f 8612 8614 1444
f 8623 1441 8619
f 8623 8619 8622
f 8624 8625 8626
f 8624 8626 8627
f 8624 8627 8628
f 8624 8630 1364
f 8630 1362 1364
f 1362 8630 1359
f 8630 8631 1359
f 8632 1359 8631
f 8635 8634 8633
f 8635 1354 8636
f 8635 8633 8643
f 8632 1358 1357
f 8639 8638 8637
f 8639 1354 1355
f 1355 1358 8638
f 1355 8638 8639
f 1354 8639 8636
f 8625 8629 8643
f 8651 8630 8640
f 8624 8640 8630
f 8640 8624 8641
f 8624 8628 8641
f 8627 8642 8628
f 8642 8627 8626
f 8628 8642 8641
f 8642 8626 8625
f 8625 8643 8642
f 8633 8644 8643
f 8633 8634 8644
f 8634 8645 8644
f 8635 8645 8634
f 8645 8635 8636
f 8636 8646 8645
f 8624 1364 8647
f 8625 8624 8647
f 8647 1364 1363
f 8648 8629 8625
f 8635 8649 1354
f 8643 8629 8648
f 8643 8650 8635
f 8625 8647 8648
f 1437 8647 1363
f 8647 1437 1435
f 1434 8648 1435
f 8647 1435 8648
f 8648 1434 1433
f 8650 8649 8635
f 8649 8650 1433
f 1356 8649 1433
f 8650 8648 1433
f 8649 1356 1354
f 8648 8650 8643
f 8636 8652 8646
f 8642 8644 8653
f 8652 8653 8645
f 8645 8646 8652
f 8642 8643 8644
f 8645 8653 8644
f 8653 8654 8655
f 8632 8654 8653
f 8655 8651 8640
f 8655 8642 8653
f 8641 8642 8655
f 8640 8641 8655
f 8636 8639 8652
f 1362 1361 1438
f 1363 1362 1438
f 1361 8136 1438
f 8136 1361 1359
f 1360 1355 8137
f 8137 8136 1360
f 8138 8137 1355
f 8139 8138 1355
f 1360 8136 1359
f 8655 8654 8631
f 8631 8630 8655
f 8655 8630 8651
f 8631 8654 8632
f 8653 1358 8632
f 8653 8638 1358
f 8639 8637 8652
f 8653 8652 8637
f 8637 8638 8653
f 8275 8279 4254
f 8275 4254 1656
f 1656 4254 1657
f 4259 1655 1657
f 4254 4259 1657
f 4254 8279 4250
f 4250 8282 4251
f 8282 4250 8279
f 4251 8283 1658
f 8283 4251 8282
f 8656 1650 1655
f 8656 1658 1650
f 1658 8656 4251
f 4259 8656 1655
f 4262 7868 7893
f 4270 7868 4262
f 7889 4262 7893
f 7964 4261 7889
f 4262 7889 4261
f 4269 7861 4270
f 7868 4270 7861
f 4242 7861 4269
f 7874 4242 4241
f 7861 4242 7874
f 4264 4257 8349
f 4245 1456 4247
f 4247 1456 1457
f 1450 1454 1452
f 1447 1452 1453
f 1449 1457 1454
f 1449 4247 1457
f 8611 8610 4245
f 1456 4245 8610
f 8617 1455 8616
f 8620 8615 8613
f 8621 8611 4245
f 8615 8617 8616
f 8613 8611 8620
f 1455 1447 1453
f 1452 1451 1450
f 1455 1448 1447
f 1452 1447 1451
f 1445 8271 1449
f 4247 1449 8271
f 8271 1445 8270
f 1449 1454 1450
f 8615 8618 8617
f 8611 8621 8620
f 8615 8620 8618
f 1445 1446 8270
f 1446 8621 8270
f 4245 8270 8621
f 1455 8617 1448
f 4226 4237 4093
f 4087 4093 4237
f 4087 7925 4085
f 4237 7921 4087
f 7925 4087 7921
f 4104 4121 4240
f 4240 4225 4104
f 4121 4095 4631
f 4631 4240 4121
f 4235 4109 4106
f 4106 4221 4235
f 4096 4160 4216
f 4160 4096 4089
f 4160 4088 4148
f 4161 4160 4148
f 4089 4088 4160
f 4133 4082 4081
f 4186 4134 4081
f 4133 4081 4134
f 4056 4083 4184
f 4055 4083 4056
f 4154 4125 4056
f 4184 4154 4056
f 4081 4066 4068
f 4068 4186 4081
f 4062 4066 4079
f 4066 4081 4079
f 4080 8657 4078
f 4070 8658 8657
f 8659 4078 8657
f 4058 4053 4079
f 4070 4076 8658
f 4081 4058 4079
f 4070 4062 4076
f 4079 4076 4062
f 8658 8659 8657
f 4086 7924 5228
f 7926 4086 4085
f 7924 4086 7926
f 7923 5228 7924
f 7926 4085 7925
f 8662 8661 8660
f 8660 8666 8662
f 8666 8660 8663
f 8660 8664 8663
f 8660 8665 8664
f 8666 8663 8664
f 8660 8661 8667
f 8667 8666 8665
f 8665 8660 8667
f 8665 8666 8664
f 8666 8667 8662
f 8667 8661 8662
f 8687 8669 8668
f 8669 8670 8668
f 8672 8673 8674
f 8670 8672 8685
f 8685 8672 8674
f 8677 8674 8673
f 8673 8671 8677
f 8672 8670 8669
f 8677 8676 8686
f 8675 8678 8676
f 8676 8677 8675
f 8691 8676 8678
f 8683 8682 8679
f 8679 8678 8683
f 8679 8682 8681
f 8679 8691 8678
f 8670 8685 8680
f 8670 8680 8668
f 8678 8684 8683
f 8686 8674 8677
f 8678 8675 8684
f 8668 8687 8688
f 8688 8679 8681
f 8688 8681 8668
f 8680 8669 8668
f 8669 8687 8668
f 8673 8686 8676
f 8689 8669 8680
f 8685 8689 8680
f 8686 8673 8674
f 8689 8685 8674
f 8689 8674 8673
f 8673 8676 8671
f 8672 8689 8673
f 8671 8676 8690
f 8690 8676 8691
f 8689 8672 8669
f 8688 8687 8679
f 8693 8692 8679
f 8692 8691 8679
f 8694 8679 8687
f 8693 8679 8694
f 8677 8671 8690
f 8677 8690 8675
f 8684 8675 8690
f 8684 8691 8692
f 8691 8684 8690
f 8693 8694 8681
f 8681 8694 8687
f 8684 8692 8683
f 8693 8681 8682
f 8682 8683 8693
f 8668 8681 8687
f 8683 8692 8693
f 8695 8696 8697
f 8697 8698 8695
f 8698 8700 8712
f 8701 8712 8700
f 8701 8699 8703
f 8701 8700 8699
f 8698 8712 8695
f 8703 8716 8699
f 8703 8699 8701
f 8716 8703 8702
f 8717 8716 8702
f 8710 8705 8704
f 8704 8702 8706
f 8705 8710 8709
f 8710 8704 8706
f 8717 8702 8704
f 8707 8696 8695
f 8696 8707 8709
f 8708 8707 8695
f 8695 8712 8708
f 8702 8711 8706
f 8706 8711 8710
f 8713 8711 8702
f 8700 8698 8715
f 8715 8714 8700
f 8715 8698 8718
f 8718 8698 8719
f 8719 8697 8720
f 8697 8719 8698
f 8720 8697 8705
f 8704 8705 8721
f 8721 8717 8704
f 8722 8705 8697
f 8707 8720 8705
f 8705 8709 8707
f 8719 8720 8707
f 8712 8715 8718
f 8712 8700 8714
f 8712 8714 8715
f 8718 8707 8708
f 8700 8712 8701
f 8712 8718 8708
f 8701 8699 8700
f 8719 8707 8718
f 8703 8699 8716
f 8702 8716 8717
f 8703 8716 8702
f 8717 8711 8713
f 8713 8702 8717
f 8711 8717 8721
f 8710 8721 8705
f 8705 8722 8710
f 8697 8709 8722
f 8711 8721 8710
f 8722 8709 8710
f 8709 8697 8696
f 8726 8723 8732
f 8728 8726 8730
f 8723 8726 8727
f 8730 8729 8728
f 8731 8725 8733
f 8733 8732 8731
f 8726 8732 8730
f 8733 8734 8732
f 8734 8735 8732
f 8732 8725 8731
f 8732 8723 8725
f 8736 8729 8737
f 8741 8729 8730
f 8736 8728 8729
f 8740 8736 8739
f 8740 8738 8736
f 8741 8737 8729
f 8735 8741 8730
f 8742 8741 8735
f 8732 8735 8730
f 8740 8739 8737
f 8741 8742 8737
f 8742 8743 8737
f 8739 8736 8737
f 8744 8768 8745
f 8744 8746 8768
f 8785 8787 8747
f 8748 8746 8747
f 8749 8747 8787
f 8748 8747 8749
f 8747 8746 8744
f 8740 8752 8750
f 8750 8751 8740
f 8753 8755 8756
f 8756 8754 8753
f 8767 8756 8755
f 8755 8724 8767
f 8774 8759 8757
f 8758 8759 8774
f 8758 8760 8759
f 8761 8763 8760
f 8761 8758 8764
f 8762 8752 8763
f 8763 8761 8762
f 8763 8752 8765
f 8760 8758 8761
f 8765 8766 8767
f 8766 8765 8752
f 8767 8768 8765
f 8757 8768 8769
f 8757 8769 8770
f 8767 8769 8768
f 8770 8774 8757
f 8771 8764 8772
f 8758 8772 8764
f 8770 8773 8775
f 8776 8773 8770
f 8775 8777 8774
f 8774 8770 8775
f 8724 8723 8767
f 8727 8726 8777
f 8728 8774 8726
f 8723 8727 8775
f 8776 8767 8773
f 8773 8767 8723
f 8773 8723 8775
f 8727 8777 8775
f 8774 8777 8726
f 8758 8736 8738
f 8738 8740 8751
f 8751 8772 8738
f 8772 8758 8738
f 8771 8772 8751
f 8774 8736 8758
f 8774 8728 8736
f 8733 8744 8779
f 8744 8733 8778
f 8744 8780 8781
f 8744 8778 8780
f 8779 8734 8733
f 8779 8782 8735
f 8779 8735 8734
f 8781 8783 8747
f 8781 8747 8744
f 8747 8783 8785
f 8743 8785 8783
f 8742 8784 8743
f 8784 8735 8782
f 8735 8784 8742
f 8785 8743 8784
f 8785 8784 8786
f 8786 8787 8785
f 8790 8784 8782
f 8779 8744 8745
f 8779 8789 8788
f 8788 8790 8779
f 8789 8779 8745
f 8790 8782 8779
f 8746 8748 8765
f 8765 8768 8746
f 8763 8765 8749
f 8748 8749 8765
f 8760 8763 8787
f 8749 8787 8763
f 8789 8745 8768
f 8788 8789 8757
f 8768 8757 8789
f 8790 8788 8757
f 8787 8759 8760
f 8759 8787 8786
f 8784 8790 8757
f 8786 8784 8759
f 8757 8759 8784
f 8791 8754 8752
f 8791 8740 8792
f 8752 8740 8791
f 8792 8737 8743
f 8778 8733 8725
f 8792 8783 8781
f 8743 8783 8792
f 8737 8792 8740
f 8754 8791 8793
f 8754 8793 8753
f 8791 8794 8793
f 8781 8794 8791
f 8793 8797 8753
f 8794 8797 8793
f 8753 8797 8755
f 8755 8797 8795
f 8723 8755 8796
f 8781 8797 8794
f 8797 8781 8780
f 8795 8797 8780
f 8755 8795 8796
f 8778 8725 8795
f 8725 8796 8795
f 8780 8778 8795
f 8725 8723 8796
f 8791 8792 8781
f 8755 8723 8724
f 8750 8752 8762
f 8751 8750 8762
f 8751 8762 8761
f 8752 8754 8766
f 8766 8754 8767
f 8756 8767 8754
f 8761 8764 8771
f 8771 8751 8761
f 8767 8776 8769
f 8770 8769 8776
f 8801 8798 8802
f 8803 8804 8801
f 8798 8801 8800
f 8805 8803 8801
f 8808 8806 8807
f 8806 8808 8802
f 8801 8802 8805
f 8808 8810 8802
f 8802 8798 8806
f 8805 8809 8803
f 8804 8803 8809
f 8809 8805 8814
f 8810 8814 8805
f 8814 8810 8813
f 8812 8811 8814
f 8814 8813 8815
f 8811 8809 8814
f 8805 8802 8810
f 8820 8816 8817
f 8816 8818 8817
f 8816 8821 8818
f 8819 8823 8822
f 8824 8822 8823
f 8822 8824 8821
f 8822 8821 8816
f 8811 8825 8826
f 8825 8839 8826
f 8826 8827 8811
f 8825 8828 8839
f 8841 8830 8831
f 8829 8831 8830
f 8830 8799 8829
f 8834 8833 8832
f 8834 8832 8847
f 8835 8836 8834
f 8833 8834 8836
f 8837 8838 8836
f 8837 8836 8835
f 8824 8838 8837
f 8840 8824 8841
f 8824 8837 8839
f 8839 8841 8824
f 8842 8832 8840
f 8842 8840 8841
f 8842 8843 8832
f 8847 8832 8843
f 8835 8848 8845
f 8848 8835 8834
f 8834 8849 8848
f 8844 8835 8845
f 8846 8850 8847
f 8834 8847 8850
f 8799 8798 8829
f 8800 8801 8850
f 8798 8800 8850
f 8846 8829 8850
f 8850 8829 8798
f 8834 8850 8801
f 8849 8804 8809
f 8809 8811 8845
f 8827 8845 8811
f 8849 8834 8804
f 8845 8848 8809
f 8844 8845 8827
f 8849 8809 8848
f 8804 8834 8801
f 8851 8852 8816
f 8851 8816 8807
f 8853 8822 8816
f 8822 8853 8855
f 8853 8816 8852
f 8807 8816 8854
f 8854 8808 8807
f 8808 8854 8810
f 8855 8856 8819
f 8856 8815 8819
f 8855 8819 8822
f 8810 8854 8813
f 8857 8813 8854
f 8813 8857 8815
f 8819 8815 8857
f 8819 8857 8858
f 8858 8857 8859
f 8859 8857 8860
f 8857 8854 8860
f 8860 8854 8862
f 8854 8820 8861
f 8861 8862 8854
f 8820 8854 8816
f 8818 8821 8840
f 8824 8840 8821
f 8824 8823 8838
f 8836 8838 8819
f 8823 8819 8838
f 8836 8858 8859
f 8819 8858 8836
f 8840 8817 8818
f 8817 8840 8832
f 8832 8820 8817
f 8861 8820 8832
f 8862 8861 8832
f 8859 8860 8836
f 8833 8836 8860
f 8860 8862 8832
f 8832 8833 8860
f 8812 8825 8811
f 8825 8812 8863
f 8825 8864 8867
f 8856 8814 8815
f 8856 8863 8814
f 8806 8851 8807
f 8825 8863 8864
f 8855 8865 8863
f 8856 8855 8863
f 8814 8863 8812
f 8828 8825 8867
f 8828 8867 8841
f 8868 8830 8841
f 8864 8868 8867
f 8830 8868 8798
f 8799 8830 8798
f 8841 8867 8868
f 8798 8868 8866
f 8865 8855 8864
f 8855 8868 8864
f 8868 8855 8853
f 8852 8868 8853
f 8868 8869 8851
f 8868 8851 8866
f 8869 8852 8851
f 8866 8851 8806
f 8866 8806 8798
f 8868 8852 8869
f 8864 8863 8865
f 8827 8826 8837
f 8837 8826 8839
f 8841 8831 8842
f 8829 8842 8831
f 8842 8829 8843
f 8841 8839 8828
f 8837 8835 8844
f 8844 8827 8837
f 8829 8846 8843
f 8847 8843 8846
f 8870 8871 8872
f 8873 8872 8871
f 8871 8870 8874
f 8875 8882 8873
f 8874 8875 8871
f 8874 8876 8875
f 8873 8871 8875
f 8879 8878 8880
f 8881 8886 8927
f 8880 8927 8879
f 8927 8886 8879
f 8878 8879 8884
f 8883 8874 8877
f 8882 8875 8876
f 8874 8883 8876
f 8883 8877 8884
f 8884 8885 8883
f 8884 8879 8886
f 8886 8881 8887
f 8885 8884 8886
f 8888 8894 8944
f 8891 8892 8893
f 8890 8893 8892
f 8894 8891 8893
f 8892 8889 8890
f 8895 8889 8899
f 8896 8895 8902
f 8908 8898 8897
f 8889 8900 8899
f 8901 8899 8900
f 8899 8901 8902
f 8902 8895 8899
f 8908 8897 8896
f 8904 8898 8905
f 8904 8897 8898
f 8907 8906 8904
f 8951 8906 8907
f 8908 8905 8898
f 8908 8903 8909
f 8902 8903 8908
f 8951 8907 8905
f 8908 8909 8905
f 8909 8910 8905
f 8907 8904 8905
f 8896 8902 8908
f 8911 8946 8912
f 8946 8911 8913
f 8946 8913 8947
f 8947 8920 8921
f 8921 8916 8914
f 8914 8916 8915
f 8914 8947 8921
f 8911 8930 8913
f 8913 8918 8947
f 8920 8947 8918
f 8930 8911 8887
f 8919 8918 8913
f 8913 8930 8919
f 8920 8918 8919
f 8916 8921 8923
f 8923 8922 8916
f 8922 8917 8916
f 8924 8917 8882
f 8882 8876 8924
f 8925 8887 8911
f 8925 8926 8887
f 8926 8876 8883
f 8926 8885 8886
f 8926 8886 8887
f 8885 8926 8883
f 8930 8927 8928
f 8930 8928 8929
f 8930 8881 8927
f 8872 8873 8932
f 8932 8873 8933
f 8919 8930 8929
f 8919 8929 8934
f 8929 8931 8934
f 8931 8935 8934
f 8919 8934 8920
f 8881 8930 8887
f 8921 8920 8934
f 8933 8882 8923
f 8873 8882 8933
f 8933 8923 8935
f 8882 8917 8922
f 8923 8882 8922
f 8921 8935 8923
f 8935 8921 8934
f 8929 8909 8903
f 8928 8909 8929
f 8931 8929 8903
f 8910 8928 8927
f 8909 8928 8910
f 8935 8903 8902
f 8902 8901 8933
f 8931 8903 8935
f 8933 8901 8932
f 8872 8932 8901
f 8935 8902 8933
f 8880 8910 8927
f 8878 8936 8880
f 8910 8880 8936
f 8878 8884 8937
f 8877 8938 8884
f 8937 8884 8938
f 8936 8878 8937
f 8900 8870 8872
f 8900 8959 8870
f 8901 8900 8872
f 8874 8938 8877
f 8870 8959 8874
f 8938 8874 8959
f 8926 8925 8939
f 8911 8939 8925
f 8940 8916 8917
f 8876 8926 8941
f 8941 8924 8876
f 8940 8917 8924
f 8924 8942 8890
f 8942 8924 8941
f 8915 8916 8940
f 8890 8915 8940
f 8940 8924 8890
f 8939 8911 8912
f 8943 8939 8944
f 8943 8926 8939
f 8926 8943 8941
f 8939 8912 8944
f 8943 8942 8941
f 8912 8888 8944
f 8894 8943 8944
f 8888 8912 8945
f 8945 8912 8946
f 8943 8893 8942
f 8893 8943 8894
f 8890 8942 8893
f 8947 8914 8948
f 8949 8915 8890
f 8948 8915 8949
f 8915 8948 8914
f 8951 8894 8888
f 8951 8953 8956
f 8888 8906 8951
f 8936 8905 8910
f 8951 8952 8953
f 8905 8936 8952
f 8937 8954 8936
f 8936 8954 8952
f 8905 8952 8951
f 8894 8951 8956
f 8889 8955 8900
f 8894 8956 8891
f 8956 8958 8891
f 8953 8958 8956
f 8891 8958 8892
f 8892 8958 8957
f 8950 8892 8955
f 8954 8938 8953
f 8938 8958 8953
f 8958 8938 8959
f 8959 8957 8958
f 8937 8938 8954
f 8892 8957 8955
f 8900 8957 8959
f 8955 8957 8900
f 8889 8950 8955
f 8953 8952 8954
f 8892 8950 8889
f 8889 8895 8949
f 8895 8896 8948
f 8890 8889 8949
f 8948 8949 8895
f 8896 8947 8948
f 8896 8897 8947
f 8904 8906 8945
f 8947 8897 8946
f 8888 8945 8906
f 8946 8904 8945
f 8946 8897 8904
f 8963 8965 8964
f 8966 8962 8960
f 8967 8969 8964
f 8969 8970 8968
f 8971 8973 8974
f 8970 8971 8968
f 8971 8970 8972
f 8973 8971 8972
f 8980 8977 8979
f 8981 8980 8979
f 8978 8960 8981
f 8972 8983 8982
f 8970 9194 9193
f 8970 9195 9194
f 8970 9193 8983
f 8970 8983 8972
f 8973 8972 8982
f 8969 9195 8970
f 8969 8967 8984
f 8969 8984 9195
f 8964 8985 8986
f 8965 9200 8985
f 8962 8987 9197
f 8963 9197 9200
f 8985 8964 8965
f 8964 8986 8967
f 9197 8963 8961
f 8987 8962 8966
f 8987 8966 8960
f 8962 9197 8961
f 8963 9200 8965
f 8984 8967 8986
f 8988 8989 8990
f 8990 8991 8988
f 8992 8989 8988
f 8993 8973 8982
f 8995 8988 8994
f 8995 8996 8993
f 8996 8995 8994
f 8993 8982 8995
f 8992 8988 8995
f 9000 8998 8997
f 9000 8997 8999
f 9000 9002 9165
f 9002 9000 8999
f 9174 9006 9005
f 9005 9007 9154
f 9154 9174 9005
f 9008 9007 9011
f 9007 9009 9011
f 9012 9013 9014
f 9010 9012 9011
f 9150 9012 9014
f 9015 9014 9013
f 9147 9015 8998
f 9010 9011 9009
f 9018 9017 9019
f 9020 9021 9022
f 9024 9152 9025
f 9027 9030 9028
f 9029 9031 9030
f 9031 9032 9033
f 9040 9042 8992
f 9040 9039 9038
f 9044 9045 9046
f 9048 9050 9049
f 9054 9055 9056
f 9056 9053 9051
f 9041 9022 8991
f 9059 8991 9001
f 9003 9001 8991
f 9003 8991 9022
f 9041 8991 8990
f 9075 9060 9061
f 9062 9061 9060
f 9067 9068 9182
f 9078 9074 9070
f 9066 9080 9063
f 9079 9066 9086
f 9081 9092 9067
f 9073 9074 9078
f 9069 9098 9072
f 9075 9077 9111
f 9083 9082 9182
f 9084 9066 9085
f 9185 9088 9212
f 9063 9091 9085
f 9067 9092 9087
f 9094 9095 9076
f 9062 9077 9061
f 9097 9074 9073
f 9099 9069 9070
f 9069 9099 9098
f 9093 9092 9081
f 9087 9068 9067
f 9182 9068 9083
f 9088 9182 9082
f 9065 9089 9064
f 9093 9081 9102
f 9185 9212 9065
f 9064 9090 9063
f 9063 9085 9066
f 9066 9084 9086
f 9079 9086 9097
f 9070 9074 9100
f 9072 9098 9071
f 9073 9079 9097
f 9075 9061 9077
f 9071 8987 9101
f 9077 9062 9096
f 9103 9105 9104
f 9106 9108 9105
f 9110 9108 9109
f 9109 9111 9112
f 9112 9110 9109
f 9107 9111 9109
f 9109 9043 9107
f 9109 9108 9106
f 9113 9114 9118
f 9121 9120 9030
f 9115 9117 9033
f 9119 9115 9122
f 9132 9133 9048
f 9137 9048 9126
f 9122 9115 9033
f 9114 9123 9118
f 9117 9116 9121
f 9138 9030 9120
f 9133 9132 9138
f 9131 9127 9128
f 9132 9048 9137
f 9124 9125 9131
f 9130 9129 9143
f 9135 9136 9134
f 9113 9036 9054
f 9038 9037 9118
f 9040 9123 9042
f 9056 9119 9054
f 9118 9037 9036
f 9115 9056 9051
f 9052 9121 9051
f 9042 9057 9041
f 9125 9046 9045
f 9109 9130 9043
f 9103 9136 9105
f 9045 9044 9131
f 9126 9047 9046
f 9043 9127 9044
f 9048 9047 9126
f 9050 9048 9133
f 9109 9106 9136
f 9105 9136 9106
f 9040 9038 9123
f 9042 9139 9057
f 9038 9118 9123
f 9042 9123 9139
f 9054 9122 9113
f 9036 9113 9118
f 9056 9115 9119
f 9051 9117 9115
f 9051 9121 9116
f 9052 9120 9121
f 9051 9116 9117
f 9054 9119 9122
f 9050 9133 9138
f 9046 9124 9126
f 9045 9131 9125
f 9046 9125 9124
f 9043 9128 9127
f 9109 9129 9130
f 9043 9130 9128
f 9109 9136 9129
f 9103 9134 9136
f 9044 9127 9131
f 9050 9138 9120
f 9140 9141 9103
f 9142 9144 9141
f 9145 9143 9146
f 9145 9023 9143
f 9146 9144 9142
f 9168 9016 9034
f 9020 9166 9021
f 9031 9148 9032
f 9035 9149 9034
f 9167 9018 9016
f 9149 9035 9033
f 9029 9150 9031
f 9021 9003 9022
f 9140 9156 9141
f 9152 9024 9023
f 9152 9153 9025
f 9026 9154 9027
f 9146 9142 9176
f 9157 9145 9146
f 9141 9176 9142
f 9030 9027 9158
f 9020 9019 9166
f 9019 9017 9166
f 9018 9167 9017
f 9016 9168 9147
f 9016 9147 9167
f 9033 9032 9149
f 9031 9150 9148
f 9034 9149 9168
f 9030 9158 9172
f 9025 9174 9026
f 9025 9153 9174
f 9023 9151 9152
f 9023 9145 9151
f 9146 9155 9157
f 9141 9156 9176
f 9146 9176 9155
f 9030 9172 9029
f 8975 9159 9177
f 9177 9159 9160
f 9164 9163 9162
f 9162 9161 9160
f 9000 9165 9166
f 9165 9002 9058
f 9147 8998 9167
f 9015 9168 9169
f 9011 9012 9150
f 9150 9014 9170
f 9011 9172 9008
f 9154 9007 9173
f 9145 9004 9151
f 9160 9162 9157
f 9172 9011 9171
f 9003 9058 9001
f 9002 9001 9058
f 9000 9167 8998
f 9015 9169 9014
f 9168 9015 9147
f 9006 9151 9004
f 9157 9162 9163
f 9160 9176 9177
f 9161 9162 9160
f 9173 9007 9008
f 9175 9006 9174
f 9164 9004 9145
f 9149 9032 9014
f 9148 9170 9032
f 9058 9003 9021
f 9150 9029 9011
f 9029 9172 9171
f 9166 9165 9021
f 9008 9158 9027
f 9174 9154 9026
f 9155 9176 9160
f 9152 9175 9153
f 9173 9027 9154
f 9169 9149 9014
f 9167 9000 9017
f 9032 9170 9014
f 9170 9148 9150
f 9171 9011 9029
f 9058 9021 9165
f 9000 9166 9017
f 9169 9168 9149
f 9175 9174 9153
f 9158 9008 9172
f 9157 9155 9160
f 9157 9163 9164
f 9006 9152 9151
f 9008 9027 9173
f 9175 9152 9006
f 9145 9157 9164
f 9176 9156 9177
f 9022 9057 9139
f 9123 9022 9139
f 9018 9123 9114
f 9016 9113 9122
f 9113 9016 9114
f 9033 9035 9122
f 9030 9031 9121
f 9121 9033 9117
f 9030 9138 9132
f 9027 9132 9137
f 9025 9126 9124
f 9131 9025 9124
f 9126 9026 9137
f 9023 9131 9128
f 9130 9023 9128
f 9146 9129 9136
f 9141 9135 9134
f 9141 9134 9103
f 9135 9144 9136
f 9041 9057 9022
f 9019 9123 9018
f 9035 9034 9122
f 9018 9114 9016
f 9019 9020 9123
f 9122 9034 9016
f 9031 9033 9121
f 9022 9123 9020
f 9024 9131 9023
f 9129 9146 9143
f 9025 9026 9126
f 9136 9144 9146
f 9144 9135 9141
f 9137 9026 9027
f 9131 9024 9025
f 9143 9023 9130
f 9027 9028 9132
f 9132 9028 9030
f 9180 9054 9036
f 9184 9038 9039
f 9185 9065 9178
f 9038 9184 9186
f 9088 9183 9182
f 9054 9180 9188
f 9204 9081 9067
f 9065 9064 9056
f 9063 9080 9053
f 9080 9066 9051
f 9053 9064 9063
f 9216 9081 9179
f 9066 9079 9120
f 9079 9073 9050
f 9073 9078 9048
f 9070 9069 9046
f 9069 9072 9046
f 9047 9078 9070
f 9072 9071 9044
f 9101 9075 9043
f 9075 9111 9107
f 9043 9071 9101
f 9077 9096 9112
f 9094 9076 9105
f 9110 9096 9094
f 9183 9088 9185
f 9182 9187 9067
f 9181 9036 9037
f 9054 9188 9178
f 9036 9181 9180
f 9037 9186 9181
f 9187 9204 9067
f 9038 9186 9037
f 9054 9178 9055
f 9051 9053 9080
f 9056 9064 9053
f 9056 9055 9178
f 9066 9052 9051
f 9047 9048 9078
f 9077 9112 9111
f 9071 9043 9044
f 9046 9047 9070
f 9105 9108 9094
f 9108 9110 9094
f 9112 9096 9110
f 9105 9076 9104
f 9079 9050 9120
f 9120 9052 9066
f 9046 9072 9044
f 9073 9049 9050
f 9075 9107 9043
f 9048 9049 9073
f 9178 9065 9056
f 9042 8989 8992
f 8995 9040 8992
f 8989 9041 8990
f 9041 8989 9042
f 9186 8995 9181
f 8995 8982 9188
f 9188 9181 8995
f 9040 8995 9039
f 9039 8995 9186
f 9190 9095 9094
f 9191 9190 9094
f 9096 9191 9094
f 9062 9191 9096
f 9191 9062 9060
f 8982 9178 9188
f 8983 9192 8982
f 9178 8982 9192
f 9206 9195 9207
f 9195 8984 9207
f 9197 9198 9200
f 8987 9196 9197
f 9199 8986 9208
f 9207 8984 9199
f 8986 9199 8984
f 8985 9208 8986
f 9201 8983 9210
f 9178 9201 9183
f 9182 9203 9202
f 9221 9193 9194
f 9201 9192 8983
f 9183 9185 9178
f 9201 9178 9192
f 9203 9182 9183
f 9081 9204 9179
f 9187 9182 9202
f 9210 8983 9193
f 9205 8985 9211
f 9206 9091 9195
f 9210 9089 9201
f 9212 9082 9183
f 9183 9082 9213
f 9204 9187 9214
f 9215 9212 9183
f 9089 9215 9201
f 9219 9200 9198
f 9200 9211 8985
f 9219 9211 9200
f 9220 9199 9208
f 9205 9208 8985
f 9220 9207 9199
f 9194 9091 9221
f 9091 9194 9195
f 9209 9193 9221
f 9203 9183 9213
f 9202 9203 9213
f 9193 9209 9210
f 9214 9187 9202
f 9179 9218 9216
f 9204 9218 9179
f 9215 9183 9201
f 9099 9070 9211
f 9099 9219 9098
f 9060 9075 9101
f 9060 9101 8987
f 9098 9196 9071
f 9097 9220 9074
f 9100 9211 9070
f 9074 9205 9100
f 9086 9207 9097
f 9084 9206 9086
f 9196 8987 9071
f 9091 9063 9221
f 9209 9063 9090
f 9093 9102 9216
f 9090 9064 9209
f 9064 9089 9210
f 9085 9206 9084
f 9065 9212 9215
f 9202 9083 9068
f 9083 9213 9082
f 9068 9087 9204
f 9092 9218 9087
f 9092 9093 9218
f 9074 9208 9205
f 9205 9211 9100
f 9198 9197 9098
f 9208 9074 9220
f 9086 9206 9207
f 9220 9097 9207
f 9219 9099 9211
f 9098 9219 9198
f 9085 9091 9206
f 9082 9212 9088
f 9210 9209 9064
f 9204 9087 9218
f 9216 9102 9217
f 9221 9063 9209
f 9215 9089 9065
f 9202 9068 9214
f 9214 9068 9204
f 9083 9202 9213
f 9216 9218 9093
f 9196 9098 9197
f 8960 9060 8987
f 8978 9191 9060
f 8978 9060 8960
f 8978 8981 9191
f 8981 8979 9191
f 8977 9190 9191
f 8976 9189 9095
f 8975 9095 9190
f 9191 8979 8977
f 9190 8977 8975
f 9095 8975 8976
f 8993 8974 8973
f 8996 8994 8993
f 8988 9222 8994
f 8988 9223 9222
f 8988 8991 9223
f 9059 9223 8991
f 9162 8980 8981
f 8980 9162 9160
f 9164 9162 8981
f 9164 8981 8960
f 9159 8975 8977
f 9160 8977 8980
f 8977 9160 9159
f 9004 9164 8960
f 9004 8960 8962
f 9006 8962 8961
f 8962 9006 9004
f 9005 8961 8963
f 8961 9005 9006
f 9005 8963 8964
f 8964 9007 9005
f 9007 8964 8969
f 9007 8969 9009
f 9059 9001 9223
f 9223 9002 9222
f 9002 9223 9001
f 9222 9002 8994
f 8994 8999 8993
f 8999 8994 9002
f 8997 8993 8999
f 8997 8998 8993
f 8993 8998 8974
f 8969 8968 9012
f 8969 9012 9010
f 8969 9010 9009
f 8971 8974 8998
f 8998 9015 8971
f 8968 9013 9012
f 8971 9013 8968
f 9013 8971 9015
f 9095 9189 9104
f 9095 9104 9076
f 9104 9189 9224
f 9104 9224 9103
f 9103 9224 9140
f 8976 9140 9224
f 9140 8976 9177
f 9156 9140 9177
f 8975 9177 8976
f 9217 9102 9216
f 9216 9102 9081
f 9225 9226 9249
f 9225 9227 9226
f 9228 9227 9247
f 9247 9229 9230
f 9227 9228 9226
f 9249 9246 9231
f 9225 9249 9231
f 9231 9232 9225
f 9232 9227 9225
f 9227 9232 9233
f 9232 9235 9233
f 9233 9236 9237
f 9240 9238 9239
f 9238 9240 9243
f 9238 9243 9241
f 9242 9234 9231
f 9244 9245 9238
f 9238 9241 9244
f 9241 9242 9246
f 9263 9244 9241
f 9246 9263 9241
f 9242 9231 9246
f 9227 9248 9247
f 9227 9226 9248
f 9249 9226 9231
f 9232 9226 9227
f 9231 9250 9249
f 9251 9250 9234
f 9263 9251 9241
f 9236 9233 9237
f 9227 9233 9235
f 9235 9232 9227
f 9226 9232 9231
f 9231 9234 9250
f 9242 9251 9234
f 9251 9242 9241
f 9259 9253 9260
f 9254 9260 9245
f 9263 9245 9260
f 9259 9255 9253
f 9255 9267 9253
f 9240 9239 9238
f 9243 9240 9238
f 9245 9241 9243
f 9259 9257 9255
f 9258 9267 9256
f 9256 9267 9255
f 9238 9245 9243
f 9263 9241 9245
f 9254 9252 9260
f 9252 9244 9260
f 9262 9263 9246
f 9245 9244 9252
f 9261 9257 9259
f 9257 9261 9265
f 9255 9257 9264
f 9264 9257 9265
f 9258 9266 9267
f 9268 9266 9258
f 9256 9269 9268
f 9256 9268 9258
f 9256 9255 9264
f 9253 9267 9265
f 9265 9261 9253
f 9259 9253 9261
f 9260 9253 9259
f 9247 9230 9229
f 9247 9248 9228
f 9244 9263 9260
f 9263 9262 9250
f 9250 9262 9246
f 9263 9250 9251
f 9228 9248 9226
f 9250 9246 9249
f 9265 9256 9264
f 9256 9268 9269
f 9265 9266 9268
f 9266 9265 9267
f 9265 9268 9256
f 9295 9313 9270
f 9315 9272 9314
f 9270 9271 9314
f 9271 9270 9313
f 9273 9272 9315
f 9273 9274 9310
f 9272 9273 9310
f 9310 9274 9275
f 9277 9276 9278
f 9276 9277 9275
f 9303 9280 9279
f 9279 9280 9321
f 9287 9279 9321
f 9282 9292 9281
f 9283 9292 9284
f 9312 9313 9295
f 9284 9292 9282
f 9286 9285 9283
f 9283 9284 9286
f 9285 9286 9312
f 9312 9295 9285
f 9308 9287 9322
f 9288 9308 9322
f 9322 9287 9321
f 9322 9301 9288
f 9289 9307 9306
f 9289 9306 9301
f 9307 9289 9290
f 9288 9301 9306
f 9292 9293 9281
f 9283 9285 9294
f 9296 9272 9310
f 9297 9314 9272
f 9298 9295 9270
f 9300 9270 9314
f 9302 9277 9278
f 9303 9279 9304
f 9275 9277 9305
f 9306 9301 9288
f 9281 9293 9282
f 9283 9291 9292
f 9283 9294 9291
f 9270 9299 9298
f 9270 9300 9299
f 9295 9298 9313
f 9306 9309 9301
f 9276 9318 9277
f 9321 9319 9320
f 9289 9309 9324
f 9290 9324 9307
f 9309 9289 9301
f 9311 9286 9284
f 9271 9299 9314
f 9273 9315 9316
f 9274 9273 9317
f 9286 9285 9312
f 9280 9319 9321
f 9318 9276 9275
f 9289 9324 9290
f 9322 9323 9301
f 9311 9293 9292
f 9315 9314 9297
f 9314 9299 9300
f 9313 9312 9295
f 9271 9313 9298
f 9273 9272 9296
f 9296 9310 9317
f 9272 9316 9297
f 9286 9291 9294
f 9302 9276 9277
f 9304 9279 9320
f 9276 9302 9278
f 9318 9275 9305
f 9320 9279 9287
f 9308 9321 9287
f 9306 9324 9309
f 9324 9306 9307
f 9304 9280 9303
f 9274 9310 9275
f 9308 9288 9323
f 9311 9292 9291
f 9294 9285 9286
f 9284 9293 9311
f 9284 9282 9293
f 9273 9296 9317
f 9297 9316 9315
f 9274 9317 9310
f 9286 9311 9291
f 9271 9298 9299
f 9273 9316 9272
f 9287 9321 9320
f 9308 9323 9322
f 9319 9304 9320
f 9318 9305 9277
f 9280 9304 9319
f 9321 9308 9322
f 9323 9288 9301
f 9295 9312 9285
f 9350 9368 9325
f 9370 9327 9369
f 9325 9326 9369
f 9326 9325 9368
f 9328 9327 9370
f 9328 9329 9365
f 9327 9328 9365
f 9365 9329 9330
f 9332 9331 9333
f 9331 9332 9330
f 9360 9335 9334
f 9334 9335 9376
f 9343 9334 9376
f 9348 9336 9337
f 9338 9339 9340
f 9337 9338 9348
f 9340 9348 9338
f 9367 9368 9350
f 9341 9340 9339
f 9367 9341 9342
f 9341 9339 9342
f 9350 9341 9367
f 9363 9343 9377
f 9344 9363 9377
f 9377 9343 9376
f 9377 9356 9344
f 9345 9362 9361
f 9345 9361 9356
f 9362 9345 9346
f 9344 9356 9361
f 9348 9338 9336
f 9340 9341 9349
f 9351 9369 9327
f 9352 9327 9365
f 9353 9350 9325
f 9355 9325 9369
f 9357 9360 9334
f 9333 9358 9332
f 9332 9359 9330
f 9361 9356 9344
f 9336 9338 9337
f 9340 9347 9348
f 9340 9349 9347
f 9325 9354 9353
f 9325 9355 9354
f 9350 9353 9368
f 9361 9364 9356
f 9339 9366 9347
f 9342 9339 9347
f 9331 9373 9332
f 9376 9374 9375
f 9345 9364 9379
f 9346 9379 9362
f 9364 9345 9356
f 9366 9339 9338
f 9329 9328 9372
f 9371 9328 9370
f 9369 9326 9354
f 9342 9341 9367
f 9335 9374 9376
f 9373 9331 9330
f 9345 9379 9346
f 9377 9378 9356
f 9366 9338 9348
f 9370 9369 9351
f 9369 9354 9355
f 9368 9367 9350
f 9326 9368 9353
f 9328 9327 9352
f 9352 9365 9372
f 9327 9371 9351
f 9342 9347 9349
f 9376 9343 9363
f 9357 9334 9375
f 9358 9331 9332
f 9333 9331 9358
f 9329 9365 9330
f 9379 9364 9361
f 9375 9334 9343
f 9330 9359 9373
f 9379 9361 9362
f 9357 9335 9360
f 9363 9344 9378
f 9349 9341 9342
f 9366 9348 9347
f 9328 9352 9372
f 9351 9371 9370
f 9329 9372 9365
f 9326 9353 9354
f 9328 9371 9327
f 9343 9376 9375
f 9363 9378 9377
f 9374 9357 9375
f 9373 9359 9332
f 9335 9357 9374
f 9376 9363 9377
f 9378 9344 9356
f 9350 9367 9341
f 9405 9423 9380
f 9425 9382 9424
f 9380 9381 9424
f 9381 9380 9423
f 9425 9383 9382
f 9385 9384 9383
f 9382 9383 9384
f 9386 9420 9385
f 9387 9420 9429
f 9387 9429 9388
f 9429 9420 9386
f 9414 9390 9389
f 9389 9390 9432
f 9397 9389 9432
f 9392 9402 9391
f 9393 9402 9394
f 9422 9423 9405
f 9394 9402 9392
f 9396 9395 9393
f 9393 9394 9396
f 9395 9396 9422
f 9422 9405 9395
f 9417 9397 9433
f 9398 9417 9433
f 9433 9397 9432
f 9433 9411 9398
f 9399 9416 9415
f 9399 9415 9411
f 9416 9399 9400
f 9398 9411 9415
f 9402 9403 9391
f 9393 9395 9404
f 9406 9382 9384
f 9407 9424 9382
f 9408 9405 9380
f 9410 9380 9424
f 9412 9414 9389
f 9415 9411 9398
f 9420 9387 9419
f 9391 9403 9392
f 9393 9401 9402
f 9393 9404 9401
f 9380 9409 9408
f 9380 9410 9409
f 9405 9408 9423
f 9420 9419 9413
f 9415 9418 9411
f 9432 9430 9431
f 9399 9418 9435
f 9400 9435 9416
f 9418 9399 9411
f 9421 9396 9394
f 9381 9409 9424
f 9383 9425 9426
f 9385 9383 9427
f 9396 9395 9422
f 9387 9388 9429
f 9390 9430 9432
f 9428 9429 9386
f 9399 9435 9400
f 9433 9434 9411
f 9421 9403 9402
f 9425 9424 9407
f 9424 9409 9410
f 9423 9422 9405
f 9381 9423 9408
f 9406 9384 9427
f 9383 9382 9406
f 9384 9385 9427
f 9382 9426 9407
f 9396 9401 9404
f 9389 9431 9412
f 9428 9420 9413
f 9397 9431 9389
f 9435 9418 9415
f 9435 9415 9416
f 9417 9432 9397
f 9417 9398 9434
f 9412 9390 9414
f 9429 9413 9419
f 9421 9402 9401
f 9395 9396 9404
f 9403 9421 9394
f 9426 9425 9407
f 9427 9383 9406
f 9421 9401 9396
f 9409 9381 9408
f 9383 9426 9382
f 9394 9392 9403
f 9419 9387 9429
f 9428 9386 9420
f 9420 9386 9385
f 9397 9432 9431
f 9417 9434 9433
f 9430 9412 9431
f 9428 9413 9429
f 9390 9412 9430
f 9432 9417 9433
f 9434 9398 9411
f 9405 9422 9395
f 9461 9479 9436
f 9481 9438 9480
f 9436 9437 9480
f 9437 9436 9479
f 9438 9481 9439
f 9439 9440 9476
f 9438 9439 9476
f 9476 9440 9441
f 9443 9442 9444
f 9442 9443 9441
f 9471 9446 9445
f 9445 9446 9487
f 9454 9445 9487
f 9459 9447 9448
f 9449 9450 9451
f 9448 9449 9459
f 9451 9459 9449
f 9478 9479 9461
f 9452 9451 9450
f 9478 9452 9453
f 9452 9450 9453
f 9461 9452 9478
f 9474 9454 9488
f 9455 9474 9488
f 9488 9454 9487
f 9488 9467 9455
f 9456 9473 9472
f 9456 9472 9467
f 9473 9456 9457
f 9455 9467 9472
f 9459 9449 9447
f 9451 9452 9460
f 9462 9438 9476
f 9463 9480 9438
f 9464 9461 9436
f 9466 9436 9480
f 9468 9471 9445
f 9444 9469 9443
f 9443 9470 9441
f 9472 9467 9455
f 9447 9449 9448
f 9451 9458 9459
f 9451 9460 9458
f 9436 9465 9464
f 9436 9466 9465
f 9461 9464 9479
f 9472 9475 9467
f 9450 9477 9458
f 9453 9450 9458
f 9442 9484 9443
f 9487 9485 9486
f 9456 9475 9490
f 9457 9490 9473
f 9475 9456 9467
f 9477 9450 9449
f 9437 9465 9480
f 9439 9481 9482
f 9440 9439 9483
f 9453 9452 9478
f 9446 9485 9487
f 9484 9442 9441
f 9456 9490 9457
f 9488 9489 9467
f 9478 9461 9479
f 9465 9466 9480
f 9463 9481 9480
f 9458 9460 9453
f 9437 9479 9464
f 9438 9462 9439
f 9462 9476 9483
f 9438 9482 9463
f 9459 9477 9449
f 9468 9445 9486
f 9443 9469 9442
f 9484 9441 9470
f 9444 9442 9469
f 9440 9476 9441
f 9486 9445 9454
f 9474 9487 9454
f 9472 9490 9475
f 9490 9472 9473
f 9468 9446 9471
f 9474 9455 9489
f 9460 9452 9453
f 9477 9459 9458
f 9439 9462 9483
f 9463 9482 9481
f 9440 9483 9476
f 9465 9437 9464
f 9439 9482 9438
f 9454 9487 9486
f 9474 9489 9488
f 9485 9468 9486
f 9484 9470 9443
f 9446 9468 9485
f 9487 9474 9488
f 9489 9455 9467
f 9461 9478 9452
f 9491 9537 9493
f 9494 9492 9493
f 9538 9495 9492
f 9492 9494 9538
f 9494 9493 9537
f 9540 9533 9522
f 9540 9495 9538
f 9540 9496 9533
f 9495 9540 9522
f 9533 9496 9497
f 9499 9498 9500
f 9498 9499 9497
f 9528 9502 9501
f 9501 9502 9544
f 9509 9501 9544
f 9504 9514 9503
f 9505 9514 9506
f 9517 9537 9491
f 9506 9514 9504
f 9508 9507 9505
f 9505 9506 9508
f 9507 9508 9517
f 9517 9491 9507
f 9531 9509 9545
f 9510 9531 9545
f 9545 9509 9544
f 9545 9524 9510
f 9511 9530 9529
f 9511 9529 9524
f 9530 9511 9512
f 9510 9524 9529
f 9514 9515 9503
f 9505 9507 9516
f 9491 9517 9507
f 9519 9495 9522
f 9520 9491 9493
f 9523 9493 9492
f 9525 9528 9501
f 9500 9526 9499
f 9499 9527 9497
f 9529 9524 9510
f 9503 9515 9504
f 9505 9513 9514
f 9507 9518 9516
f 9491 9537 9517
f 9507 9517 9518
f 9505 9516 9513
f 9493 9521 9520
f 9493 9523 9521
f 9491 9520 9537
f 9529 9532 9524
f 9506 9534 9535
f 9508 9536 9518
f 9536 9508 9535
f 9498 9541 9499
f 9544 9542 9543
f 9511 9532 9547
f 9512 9547 9530
f 9532 9511 9524
f 9535 9508 9506
f 9540 9538 9539
f 9508 9518 9517
f 9502 9542 9544
f 9541 9498 9497
f 9511 9547 9512
f 9545 9546 9524
f 9494 9537 9521
f 9521 9523 9494
f 9495 9538 9492
f 9513 9516 9535
f 9521 9537 9520
f 9540 9519 9522
f 9495 9519 9539
f 9523 9492 9494
f 9522 9533 9540
f 9514 9534 9515
f 9499 9526 9498
f 9525 9501 9543
f 9529 9530 9547
f 9547 9532 9529
f 9541 9527 9499
f 9500 9498 9526
f 9496 9533 9497
f 9509 9531 9544
f 9497 9527 9541
f 9501 9509 9543
f 9546 9510 9524
f 9525 9502 9528
f 9531 9510 9546
f 9535 9514 9513
f 9516 9518 9536
f 9534 9514 9535
f 9515 9534 9506
f 9492 9538 9494
f 9495 9539 9538
f 9496 9540 9533
f 9536 9535 9516
f 9540 9539 9519
f 9506 9504 9515
f 9509 9544 9543
f 9531 9546 9545
f 9542 9525 9543
f 9502 9525 9542
f 9544 9531 9545
f 9549 9551 9550
f 9548 9551 9549
f 9549 9550 9551
f 9551 9548 9549
f 9552 9553 9554
f 9553 9552 9554
f 9555 9556 9557
f 9558 9557 9556
f 9556 9555 9559
f 9560 9562 9558
f 9559 9560 9556
f 9559 9561 9560
f 9558 9556 9560
f 9564 9565 9566
f 9572 9566 9614
f 9565 9614 9566
f 9564 9566 9568
f 9559 9563 9613
f 9567 9559 9613
f 9563 9568 9613
f 9567 9561 9559
f 9562 9561 9569
f 9614 9571 9572
f 9568 9566 9572
f 9572 9571 9573
f 9570 9568 9572
f 9568 9570 9613
f 9562 9560 9561
f 9575 9574 9576
f 9575 9577 9574
f 9580 9604 9579
f 9578 9580 9579
f 9581 9579 9604
f 9579 9636 9578
f 9581 9577 9579
f 9584 9582 9579
f 9583 9636 9579
f 9582 9584 9589
f 9579 9582 9583
f 9585 9586 9584
f 9587 9584 9586
f 9584 9588 9589
f 9582 9589 9583
f 9588 9587 9589
f 9584 9587 9588
f 9595 9592 9583
f 9591 9595 9583
f 9636 9583 9592
f 9594 9593 9592
f 9591 9590 9596
f 9595 9591 9596
f 9595 9597 9594
f 9589 9590 9591
f 9595 9596 9597
f 9596 9598 9597
f 9594 9592 9595
f 9583 9589 9591
f 9600 9631 9626
f 9601 9599 9600
f 9599 9606 9600
f 9606 9602 9600
f 9604 9605 9603
f 9604 9602 9606
f 9604 9606 9610
f 9604 9610 9605
f 9600 9608 9601
f 9599 9601 9606
f 9608 9600 9626
f 9571 9608 9626
f 9607 9609 9601
f 9601 9608 9607
f 9601 9609 9606
f 9611 9605 9610
f 9605 9611 9569
f 9610 9606 9612
f 9561 9567 9613
f 9570 9625 9613
f 9572 9573 9625
f 9625 9570 9572
f 9571 9625 9573
f 9607 9614 9615
f 9607 9615 9616
f 9607 9571 9614
f 9557 9558 9618
f 9562 9619 9558
f 9618 9558 9619
f 9616 9620 9607
f 9617 9620 9616
f 9607 9608 9571
f 9609 9607 9620
f 9606 9609 9620
f 9621 9620 9617
f 9562 9611 9619
f 9621 9619 9611
f 9611 9610 9621
f 9612 9621 9610
f 9569 9611 9562
f 9612 9620 9621
f 9620 9612 9606
f 9615 9590 9616
f 9596 9590 9615
f 9565 9598 9614
f 9598 9615 9614
f 9596 9615 9598
f 9621 9590 9589
f 9616 9590 9617
f 9589 9587 9619
f 9617 9590 9621
f 9587 9586 9619
f 9619 9586 9618
f 9621 9589 9619
f 9565 9564 9622
f 9568 9623 9622
f 9623 9568 9563
f 9564 9568 9622
f 9645 9555 9557
f 9557 9586 9645
f 9618 9586 9557
f 9559 9624 9563
f 9559 9645 9624
f 9555 9645 9559
f 9563 9624 9623
f 9622 9598 9565
f 9571 9626 9625
f 9569 9603 9605
f 9561 9613 9628
f 9613 9627 9630
f 9613 9629 9628
f 9561 9628 9569
f 9629 9613 9630
f 9625 9627 9613
f 9569 9629 9603
f 9569 9628 9629
f 9625 9631 9630
f 9630 9627 9625
f 9631 9625 9626
f 9632 9633 9631
f 9630 9633 9576
f 9631 9633 9630
f 9631 9600 9634
f 9635 9634 9600
f 9602 9636 9600
f 9600 9636 9635
f 9629 9576 9574
f 9581 9629 9577
f 9577 9629 9574
f 9581 9603 9629
f 9602 9604 9578
f 9578 9636 9602
f 9604 9580 9578
f 9603 9581 9604
f 9629 9630 9576
f 9584 9637 9585
f 9594 9638 9593
f 9579 9637 9584
f 9594 9642 9638
f 9640 9639 9641
f 9639 9593 9638
f 9598 9622 9642
f 9642 9597 9598
f 9586 9644 9645
f 9639 9638 9641
f 9622 9638 9642
f 9638 9622 9641
f 9597 9642 9594
f 9643 9575 9640
f 9575 9643 9637
f 9643 9640 9641
f 9577 9575 9637
f 9577 9637 9579
f 9624 9637 9643
f 9624 9643 9641
f 9623 9624 9641
f 9622 9623 9641
f 9637 9624 9645
f 9585 9637 9644
f 9644 9637 9645
f 9644 9586 9585
f 9636 9592 9635
f 9592 9634 9635
f 9592 9631 9634
f 9592 9593 9631
f 9640 9575 9633
f 9639 9640 9633
f 9631 9593 9632
f 9576 9633 9575
f 9632 9639 9633
f 9632 9593 9639
f 9650 9653 9652
f 9653 9649 9654
f 9653 9650 9649
f 9654 9649 9651
f 9651 9655 9654
f 9648 9656 9651
f 9657 9656 9648
f 9646 9657 9648
f 9657 9646 9647
f 9657 9647 9658
f 9655 9651 9656
f 9653 9654 9650
f 9652 9653 9650
f 9649 9650 9654
f 9649 9655 9651
f 9649 9654 9655
f 9655 9656 9651
f 9657 9658 9647
f 9656 9657 9648
f 9646 9648 9657
f 9647 9646 9657
f 9651 9656 9648
f 9659 9665 9660
f 9659 9661 9665
f 9661 9663 9664
f 9662 9664 9663
f 9665 9661 9664
f 9663 9671 9662
f 9666 9667 9659
f 9659 9667 9661
f 9659 9668 9666
f 9661 9672 9669
f 9663 9661 9669
f 9669 9671 9663
f 9667 9666 9670
f 9668 9670 9666
f 9670 9661 9667
f 9672 9671 9669
f 9661 9670 9672
f 9672 9670 9673
f 9670 9674 9673
f 9673 9674 9672
f 9671 9672 9675
f 9676 9675 9677
f 9671 9675 9676
f 9674 9675 9672
f 9678 9671 9676
f 9678 9676 9681
f 9676 9677 9681
f 9668 9674 9670
f 9674 9668 9675
f 9677 9679 9668
f 9677 9668 9681
f 9668 9679 9675
f 9671 9678 9680
f 9680 9678 9681
f 9659 9682 9668
f 9682 9681 9668
f 9671 9680 9683
f 9680 9681 9683
f 9662 9671 9683
f 9681 9684 9683
f 9682 9659 9660
f 9684 9681 9686
f 9685 9686 9682
f 9660 9685 9682
f 9686 9681 9682
f 9660 9665 9686
f 9683 9665 9664
f 9660 9686 9685
f 9664 9662 9683
f 9686 9683 9684
f 9686 9665 9683
f 9689 9687 9706
f 9711 9706 9687
f 9706 9692 9689
f 9692 9688 9689
f 9688 9708 9689
f 9706 9703 9690
f 9706 9690 9691
f 9691 9692 9706
f 9688 9692 9693
f 9688 9693 9694
f 9694 9697 9688
f 9690 9703 9695
f 9696 9690 9695
f 9692 9696 9694
f 9692 9691 9696
f 9692 9694 9693
f 9698 9697 9694
f 9690 9696 9691
f 9695 9700 9699
f 9698 9694 9696
f 9698 9696 9697
f 9696 9701 9697
f 9696 9695 9699
f 9699 9701 9696
f 9701 9699 9702
f 9699 9700 9704
f 9700 9695 9703
f 9703 9704 9700
f 9699 9704 9702
f 9705 9697 9701
f 9702 9705 9701
f 9688 9697 9705
f 9707 9704 9703
f 9703 9706 9707
f 9688 9705 9708
f 9705 9702 9709
f 9705 9709 9708
f 9709 9702 9704
f 9707 9706 9711
f 9710 9709 9707
f 9710 9707 9711
f 9707 9709 9704
f 9687 9689 9711
f 9710 9711 9709
f 9689 9708 9709
f 9709 9711 9689
f 9713 9712 9714
f 9713 9717 9712
f 9713 9715 9717
f 9716 9718 9717
f 9719 9717 9718
f 9718 9721 9719
f 9717 9715 9716
f 9713 9720 9715
f 9720 9713 9728
f 9716 9722 9723
f 9716 9715 9722
f 9718 9716 9723
f 9723 9721 9718
f 9722 9715 9720
f 9723 9722 9724
f 9723 9724 9725
f 9725 9721 9723
f 9720 9724 9722
f 9720 9728 9724
f 9728 9727 9726
f 9726 9725 9724
f 9726 9724 9728
f 9729 9721 9725
f 9729 9725 9726
f 9729 9726 9730
f 9726 9727 9730
f 9728 9730 9727
f 9730 9728 9731
f 9728 9713 9731
f 9730 9732 9729
f 9729 9732 9721
f 9734 9730 9731
f 9733 9732 9730
f 9730 9734 9733
f 9731 9713 9734
f 9732 9719 9721
f 9719 9732 9735
f 9735 9732 9733
f 9734 9713 9735
f 9714 9735 9713
f 9734 9735 9733
f 9717 9714 9712
f 9719 9735 9714
f 9717 9719 9714
f 9738 9737 9739
f 9737 9738 9736
f 9743 9740 9741
f 9740 9742 9741
f 9740 9746 9742
f 9740 9744 9746
f 9747 9737 9736
f 9745 9747 9736
f 9736 9746 9745
f 9746 9744 9745
f 9737 9748 9749
f 9749 9750 9737
f 9752 9740 9751
f 9737 9753 9739
f 9753 9737 9750
f 9739 9753 9752
f 9752 9751 9739
f 9752 9755 9754
f 9753 9750 9755
f 9753 9755 9752
f 9755 9750 9754
f 9748 9757 9749
f 9750 9749 9757
f 9748 9758 9757
f 9757 9756 9754
f 9754 9750 9757
f 9752 9754 9756
f 9759 9756 9757
f 9759 9752 9756
f 9759 9757 9760
f 9757 9758 9762
f 9758 9748 9761
f 9762 9758 9761
f 9760 9757 9762
f 9752 9759 9740
f 9759 9760 9740
f 9740 9760 9762
f 9740 9762 9744
f 9745 9762 9761
f 9747 9761 9748
f 9744 9762 9745
f 9747 9745 9761
f 9737 9747 9748
f 9751 9738 9739
f 9738 9751 9763
f 9740 9743 9763
f 9763 9751 9740
f 9741 9746 9736
f 9763 9743 9736
f 9741 9736 9743
f 9742 9746 9741
f 9736 9738 9763
f 9765 9841 9767
f 9766 9768 9767
f 9767 9841 9766
f 9843 9767 9768
f 9769 9775 9843
f 9779 9770 9798
f 9770 9779 9769
f 9798 9774 9772
f 9772 9771 9773
f 9775 9769 9779
f 9765 9786 9829
f 9765 9787 9786
f 9767 9784 9783
f 9843 9775 9782
f 9843 9782 9784
f 9767 9783 9776
f 9767 9785 9787
f 9767 9787 9765
f 9776 9785 9767
f 9843 9784 9767
f 9777 9798 9778
f 9816 9772 9781
f 9781 9772 9773
f 9798 9816 9778
f 9779 9780 9775
f 9798 9777 9779
f 9798 9772 9816
f 9853 9845 9773
f 9776 9783 9785
f 9794 9792 9791
f 9797 9799 9772
f 9795 9797 9800
f 9796 9795 9770
f 9797 9798 9800
f 9800 9770 9795
f 9798 9797 9772
f 9772 9799 9801
f 9809 9805 9804
f 9805 9806 9808
f 9807 9851 9806
f 9803 9807 9806
f 9808 9806 9851
f 9804 9805 9808
f 9806 9802 9803
f 9799 9797 9815
f 9801 9799 9811
f 9795 9813 9797
f 9813 9795 9810
f 9814 9815 9813
f 9782 9813 9810
f 9797 9813 9815
f 9799 9815 9812
f 9815 9816 9812
f 9812 9816 9811
f 9805 9820 9806
f 9799 9812 9811
f 9805 9817 9822
f 9809 9811 9817
f 9820 9805 9822
f 9817 9811 9822
f 9818 9820 9822
f 9806 9820 9818
f 9806 9819 9821
f 9806 9818 9819
f 9794 9821 9823
f 9809 9817 9805
f 9801 9811 9809
f 9821 9794 9806
f 9794 9802 9806
f 9824 9802 9794
f 9839 9828 9838
f 9824 9794 9825
f 9825 9794 9791
f 9826 9824 9825
f 9826 9825 9791
f 9793 9789 9827
f 9828 9790 9788
f 9790 9828 9789
f 9839 9826 9827
f 9839 9827 9828
f 9827 9789 9828
f 9828 9788 9829
f 9793 9827 9826
f 9791 9793 9826
f 9786 9787 9832
f 9787 9785 9832
f 9833 9831 9783
f 9783 9784 9833
f 9795 9834 9810
f 9842 9832 9831
f 9829 9786 9830
f 9842 9829 9830
f 9830 9786 9832
f 9842 9830 9832
f 9833 9784 9782
f 9810 9833 9782
f 9832 9783 9831
f 9832 9785 9783
f 9838 9828 9829
f 9838 9829 9842
f 9810 9834 9833
f 9802 9824 9835
f 9824 9826 9856
f 9826 9839 9856
f 9836 9824 9856
f 9824 9836 9835
f 9839 9837 9856
f 9842 9831 9766
f 9831 9833 9843
f 9834 9795 9796
f 9833 9834 9796
f 9840 9842 9841
f 9796 9843 9833
f 9766 9831 9843
f 9840 9838 9842
f 9818 9845 9819
f 9821 9847 9844
f 9821 9844 9823
f 9794 9823 9844
f 9847 9821 9819
f 9822 9845 9818
f 9780 9782 9775
f 9822 9773 9845
f 9811 9781 9773
f 9815 9777 9778
f 9813 9780 9779
f 9813 9779 9777
f 9781 9811 9816
f 9811 9773 9822
f 9778 9816 9815
f 9777 9814 9813
f 9814 9777 9815
f 9813 9782 9780
f 9852 9819 9845
f 9846 9845 9853
f 9845 9846 9852
f 9847 9819 9852
f 9847 9848 9844
f 9788 9765 9829
f 9849 9794 9844
f 9849 9792 9794
f 9850 9793 9791
f 9850 9790 9789
f 9850 9789 9793
f 9849 9791 9792
f 9791 9849 9850
f 9850 9765 9788
f 9850 9788 9790
f 9848 9849 9844
f 9846 9851 9852
f 9848 9847 9852
f 9856 9850 9849
f 9802 9849 9857
f 9849 9854 9856
f 9850 9855 9764
f 9855 9850 9856
f 9854 9849 9802
f 9764 9765 9850
f 9849 9848 9857
f 9770 9800 9798
f 9769 9796 9770
f 9809 9773 9801
f 9771 9801 9773
f 9772 9774 9798
f 9801 9771 9772
f 9796 9769 9843
f 9843 9768 9766
f 9842 9766 9841
f 9841 9765 9840
f 9764 9840 9765
f 9853 9773 9809
f 9853 9809 9804
f 9846 9853 9804
f 9846 9808 9851
f 9846 9804 9808
f 9851 9807 9852
f 9852 9807 9848
f 9803 9802 9848
f 9848 9807 9803
f 9857 9848 9802
f 9855 9856 9837
f 9855 9837 9839
f 9839 9838 9764
f 9855 9839 9764
f 9764 9838 9840
f 9802 9835 9836
f 9836 9856 9854
f 9854 9802 9836
f 9858 9859 9860
f 9861 9858 9862
f 9859 9863 9860
f 9860 9862 9858
f 9863 9864 9865
f 9863 9859 9864
f 9866 9867 9868
f 9869 9870 9871
f 9872 9873 9874
f 9870 9872 9875
f 9871 9865 9869
f 9874 9875 9872
f 9868 9874 9873
f 9871 9870 9875
f 9873 9866 9868
f 9869 9865 9864
f 9859 9858 9861
f 9859 9869 9864
f 9859 9861 9872
f 9876 9861 9877
f 9861 9876 9878
f 9879 9880 9876
f 9859 9872 9869
f 9861 9878 9872
f 9873 9872 9881
f 9866 9873 9881
f 9878 9880 9882
f 9878 9876 9880
f 9878 9881 9872
f 9870 9869 9872
f 9866 9881 9883
f 9878 9882 9884
f 9881 9878 9885
f 9867 9866 9883
f 9878 9884 9885
f 9885 9883 9881
f 9886 9882 9880
f 9886 9884 9882
f 9879 9876 9887
f 9877 9861 9888
f 9876 9877 9889
f 9887 9886 9879
f 9888 9889 9877
f 9862 9888 9861
f 9887 9876 9889
f 9879 9886 9880
f 9875 9874 9868
f 9865 9875 9868
f 9862 9868 9883
f 9883 9868 9867
f 9883 9885 9884
f 9884 9886 9883
f 9875 9865 9871
f 9860 9863 9865
f 9865 9862 9860
f 9883 9886 9862
f 9889 9886 9887
f 9886 9889 9888
f 9888 9862 9886
f 9865 9868 9862
f 9890 9907 9908
f 9890 9909 9907
f 9895 9894 9891
f 9894 9895 9893
f 9891 9892 9896
f 9892 9911 9896
f 9900 9906 9902
f 9901 9902 9906
f 9898 9914 9897
f 9913 9897 9914
f 9900 9903 9905
f 9913 9904 9905
f 9894 9893 9898
f 9914 9898 9893
f 9908 9907 9910
f 9907 9909 9910
f 9891 9894 9895
f 9898 9895 9894
f 9912 9892 9891
f 9912 9911 9892
f 9915 9901 9906
f 9916 9906 9900
f 9906 9916 9915
f 9900 9905 9917
f 9915 9899 9901
f 9905 9904 9917
f 9901 9916 9902
f 9900 9902 9916
f 9899 9915 9901
f 9916 9901 9915
f 9900 9917 9903
f 9905 9903 9917
f 9909 9890 9910
f 9908 9910 9890
f 9913 9905 9904
f 9917 9904 9905
f 9898 9897 9914
f 9913 9914 9897
f 9895 9898 9893
f 9914 9893 9898
f 9911 9912 9896
f 9891 9896 9912
f 9918 9923 9919
f 9918 9920 9923
f 9922 9923 9921
f 9923 9920 9921
f 9920 9924 9921
f 9924 9920 9918
f 9921 9925 9927
f 9921 9928 9929
f 9928 9921 9927
f 9918 9926 9924
f 9918 9930 9926
f 9921 9924 9925
f 9919 9923 9931
f 9932 9923 9922
f 9934 9933 9919
f 9931 9934 9919
f 9932 9931 9923
f 9930 9918 9919
f 9919 9933 9930
f 9932 9922 9929
f 9921 9929 9922
f 9926 9930 9933
f 9934 9926 9933
f 9934 9931 9926
f 9931 9924 9926
f 9927 9925 9932
f 9932 9928 9927
f 9928 9932 9929
f 9932 9924 9931
f 9925 9924 9932
f 9935 9936 9937
f 9935 9938 9941
f 9935 9941 9936
f 9940 9941 9939
f 9941 9938 9939
f 9946 9942 9945
f 9946 9945 9944
f 9944 9948 9946
f 9943 9942 9946
f 9944 9947 9948
f 9949 9950 9948
f 9947 9949 9948
f 9952 9949 9951
f 9952 9950 9949
f 9953 9954 9955
f 9935 9937 9956
f 9954 9953 9958
f 9956 9958 9957
f 9957 9935 9956
f 9958 9953 9957
f 9946 9953 9943
f 9939 9948 9950
f 9939 9950 9952
f 9948 9957 9946
f 9953 9946 9957
f 9935 9957 9948
f 9948 9938 9935
f 9938 9948 9939
f 9944 9945 9955
f 9942 9955 9945
f 9951 9949 9940
f 9947 9944 9941
f 9949 9947 9941
f 9958 9944 9954
f 9944 9958 9956
f 9944 9956 9937
f 9949 9941 9940
f 9936 9941 9944
f 9944 9937 9936
f 9944 9955 9954
f 9952 9951 9940
f 9940 9939 9952
f 9955 9942 9953
f 9943 9953 9942
f 9959 9960 9961
f 9961 9962 9959
f 9963 9964 9965
f 9965 9966 9963
f 9967 9966 9965
f 9965 9968 9967
f 9969 9970 9971
f 9971 9970 9972
f 9969 9968 9970
f 9968 9969 9967
f 9973 9971 9974
f 9972 9974 9971
f 9964 9963 9975
f 9975 9976 9964
f 9976 9975 9977
f 9976 9977 9978
f 9959 9962 9979
f 9980 9981 9979
f 9982 9978 9980
f 9979 9982 9980
f 9981 9959 9979
f 9980 9978 9977
f 9975 9966 9973
f 9973 9966 9967
f 9973 9969 9971
f 9967 9969 9973
f 9975 9963 9966
f 9973 9980 9977
f 9973 9981 9980
f 9959 9981 9960
f 9981 9973 9960
f 9975 9973 9977
f 9974 9976 9978
f 9965 9976 9974
f 9982 9974 9978
f 9974 9982 9979
f 9961 9979 9962
f 9961 9974 9979
f 9974 9970 9968
f 9968 9965 9974
f 9972 9970 9974
f 9964 9976 9965
f 9973 9974 9961
f 9961 9960 9973
f 9983 9984 9985
f 9985 9986 9983
f 9987 9988 9989
f 9989 9990 9987
f 9991 9990 9989
f 9989 9992 9991
f 9993 9994 9995
f 9995 9994 9996
f 9994 9992 9996
f 9992 9994 9991
f 9997 9993 9998
f 9995 9998 9993
f 9988 9987 9999
f 9999 10000 9988
f 10000 9999 10001
f 10000 10001 10002
f 9986 9985 10003
f 10004 10005 10003
f 10006 10002 10004
f 10003 10006 10004
f 10005 9986 10003
f 10004 10002 10001
f 9999 9990 9997
f 9997 9990 9991
f 9997 9994 9993
f 9991 9994 9997
f 9999 9987 9990
f 9997 10004 10001
f 9997 10005 10004
f 9986 10005 9983
f 10005 9997 9983
f 9999 9997 10001
f 9998 10000 10002
f 9989 10000 9998
f 10006 9998 10002
f 9998 10006 10003
f 9984 10003 9985
f 9984 9998 10003
f 9998 9996 9992
f 9992 9989 9998
f 9995 9996 9998
f 9988 10000 9989
f 9997 9998 9984
f 9984 9983 9997
f 10007 10008 10009
f 10009 10010 10007
f 10011 10012 10013
f 10013 10014 10011
f 10015 10014 10013
f 10013 10016 10015
f 10017 10018 10019
f 10019 10018 10020
f 10017 10016 10018
f 10016 10017 10015
f 10021 10019 10022
f 10020 10022 10019
f 10012 10011 10023
f 10023 10024 10012
f 10024 10023 10025
f 10024 10025 10026
f 10007 10010 10027
f 10028 10029 10027
f 10030 10026 10028
f 10027 10030 10028
f 10029 10007 10027
f 10028 10026 10025
f 10023 10014 10021
f 10021 10014 10015
f 10021 10017 10019
f 10015 10017 10021
f 10023 10011 10014
f 10021 10028 10025
f 10021 10029 10028
f 10007 10029 10008
f 10029 10021 10008
f 10023 10021 10025
f 10022 10024 10026
f 10013 10024 10022
f 10030 10022 10026
f 10022 10030 10027
f 10009 10027 10010
f 10009 10022 10027
f 10022 10018 10016
f 10016 10013 10022
f 10020 10018 10022
f 10012 10024 10013
f 10021 10022 10009
f 10009 10008 10021
f 10033 10031 10034
f 10031 10032 10034
f 10031 10042 10032
f 10031 10035 10042
f 10038 10040 10041
f 10041 10039 10038
f 10037 10041 10040
f 10042 10038 10039
f 10040 10036 10037
f 10042 10035 10038
f 10047 10046 10044
f 10043 10044 10048
f 10047 10045 10046
f 10044 10043 10047
f 10045 10049 10046
f 10049 10050 10046
f 10056 10054 10052
f 10052 10051 10056
f 10054 10056 10053
f 10051 10052 10049
f 10052 10050 10049
f 10056 10049 10057
f 10056 10055 10053
f 10051 10049 10056
f 10067 10057 10049
f 10059 10058 10043
f 10058 10049 10045
f 10058 10045 10047
f 10059 10043 10048
f 10047 10043 10058
f 10067 10049 10058
f 10062 10058 10059
f 10060 10059 10063
f 10062 10061 10058
f 10059 10060 10062
f 10061 10064 10058
f 10064 10067 10058
f 10066 10056 10057
f 10066 10055 10056
f 10055 10066 10065
f 10066 10057 10067
f 10068 10069 10072
f 10072 10069 10073
f 10074 10072 10075
f 10072 10076 10077
f 10072 10074 10076
f 10077 10076 10079
f 10072 10073 10075
f 10072 10077 10068
f 10112 10068 10077
f 10080 10079 10082
f 10080 10112 10077
f 10082 10065 10080
f 10083 10079 10078
f 10077 10079 10080
f 10084 10070 10081
f 10074 10086 10076
f 10074 10085 10086
f 10085 10087 10088
f 10076 10086 10078
f 10085 10074 10075
f 10085 10088 10086
f 10090 10087 10089
f 10091 10090 10071
f 10092 10087 10090
f 10071 10070 10091
f 10089 10087 10085
f 10084 10090 10091
f 10086 10088 10078
f 10093 10088 10094
f 10088 10093 10078
f 10095 10094 10088
f 10088 10092 10095
f 10078 10093 10083
f 10084 10092 10090
f 10092 10084 10095
f 10063 10095 10084
f 10081 10063 10084
f 10088 10087 10092
f 10091 10070 10084
f 10078 10079 10076
f 10070 10097 10098
f 10097 10070 10096
f 10070 10098 10081
f 10102 10100 10097
f 10097 10099 10098
f 10103 10097 10100
f 10101 10103 10100
f 10099 10097 10103
f 10102 10097 10096
f 10103 10101 10104
f 10081 10098 10105
f 10081 10060 10063
f 10060 10081 10105
f 10099 10061 10105
f 10105 10061 10062
f 10099 10104 10106
f 10105 10062 10060
f 10099 10105 10098
f 10099 10103 10104
f 10101 10108 10104
f 10101 10107 10108
f 10113 10107 10110
f 10110 10107 10109
f 10111 10110 10109
f 10113 10110 10112
f 10068 10110 10111
f 10112 10110 10068
f 10113 10108 10107
f 10106 10108 10064
f 10106 10104 10108
f 10108 10113 10067
f 10067 10064 10108
f 10066 10067 10113
f 10106 10064 10061
f 10114 10112 10080
f 10114 10066 10113
f 10066 10080 10065
f 10080 10066 10114
f 10114 10113 10112
f 10106 10061 10099
f 10069 10068 10040
f 10069 10040 10073
f 10040 10068 10036
f 10075 10073 10038
f 10038 10073 10040
f 10036 10068 10111
f 10109 10115 10111
f 10116 10109 10107
f 10107 10101 10116
f 10085 10075 10038
f 10085 10035 10089
f 10035 10085 10038
f 10031 10090 10089
f 10089 10035 10031
f 10070 10071 10031
f 10031 10033 10070
f 10071 10090 10031
f 10101 10117 10116
f 10117 10101 10100
f 10100 10102 10117
f 10117 10102 10033
f 10033 10102 10096
f 10070 10033 10096
f 10082 10118 10055
f 10082 10079 10118
f 10055 10065 10082
f 10079 10083 10118
f 10095 10120 10094
f 10120 10095 10063
f 10094 10119 10093
f 10063 10059 10120
f 10119 10083 10093
f 10048 10120 10059
f 10121 10122 10120
f 10123 10120 10122
f 10121 10120 10048
f 10123 10094 10120
f 10118 10053 10055
f 10124 10118 10083
f 10094 10124 10119
f 10124 10083 10119
f 10124 10126 10118
f 10126 10125 10118
f 10125 10053 10118
f 10123 10124 10094
f 10125 10127 10054
f 10125 10126 10127
f 10054 10053 10125
f 10126 10124 10127
f 10124 10128 10127
f 10121 10048 10044
f 10122 10130 10129
f 10129 10123 10122
f 10130 10122 10121
f 10123 10129 10124
f 10121 10044 10130
f 10129 10128 10124
f 10127 10041 10037
f 10037 10054 10127
f 10128 10042 10039
f 10039 10127 10128
f 10041 10127 10039
f 10131 10054 10037
f 10131 10132 10052
f 10052 10054 10131
f 10052 10132 10133
f 10133 10050 10052
f 10042 10128 10129
f 10129 10130 10032
f 10032 10042 10129
f 10130 10034 10032
f 10034 10130 10044
f 10134 10046 10133
f 10046 10050 10133
f 10135 10034 10044
f 10135 10046 10134
f 10044 10046 10135
f 10036 10111 10131
f 10115 10109 10132
f 10111 10115 10132
f 10037 10036 10131
f 10132 10131 10111
f 10109 10133 10132
f 10109 10116 10133
f 10117 10033 10135
f 10135 10134 10117
f 10034 10135 10033
f 10133 10117 10134
f 10133 10116 10117
f 10138 10136 10139
f 10136 10137 10139
f 10136 10148 10137
f 10136 10140 10148
f 10145 10146 10142
f 10143 10145 10147
f 10147 10144 10143
f 10142 10147 10145
f 10148 10143 10144
f 10146 10141 10142
f 10148 10140 10143
f 10139 10137 10148
f 10149 10139 10150
f 10150 10139 10151
f 10139 10148 10142
f 10144 10147 10142
f 10142 10151 10139
f 10152 10153 10151
f 10151 10142 10152
f 10142 10148 10144
f 10154 10155 10151
f 10141 10154 10153
f 10142 10141 10152
f 10154 10151 10153
f 10153 10152 10141
f 10155 10156 10151
f 10157 10158 10150
f 10158 10138 10139
f 10151 10156 10150
f 10149 10150 10158
f 10139 10149 10158
f 10150 10156 10157
f 10146 10145 10143
f 10146 10143 10141
f 10155 10154 10141
f 10155 10141 10156
f 10141 10143 10138
f 10136 10138 10140
f 10138 10156 10141
f 10157 10156 10158
f 10156 10138 10158
f 10138 10143 10140
